# Wavafront OBJ file of BodyParts3D
# BodyParts3D, Copyright(C) 2010-2011 The Database Center for Life Science licensed under CC Attribution-Share Alike 2.1 Japan.
vn -0.970065 0.154315 0.187511
v -85.4109 4.4 1206.4
vn -0.970065 0.154315 0.187511
v -85.4 4.6 1206.29
vn -0.98055 -0.19525 0.0199998
v -84.6609 3.2 1208.6
vn -0.997855 -0.012165 0.0643157
v -84.8 3.59219 1207.6
vn -0.174205 -0.946183 -0.272746
v -84.2 2.94219 1209.2
vn -0.924174 0.0214471 0.381368
v -84.1734 3 1209.6
vn -0.28908 -0.939887 -0.181786
v -84 2.8 1209.62
vn -0.796175 -0.596729 0.100096
v -83.9016 2.8 1210.4
vn -0.0857277 -0.956463 -0.278978
v -85.2 4.4 1206.34
vn 0.439048 0.137253 -0.887918
v -85.0964 4.6 1206.4
vn -0.970065 0.154315 0.187511
v -85.2 4.99697 1207
vn 0.616506 -0.0911279 -0.782059
v -84.8 3.8 1207.58
vn -0.212882 -0.975908 0.0478089
v -84.8 4.26406 1207
vn 0.546096 -0.474102 -0.690657
v -84.6886 4.4 1206.6
vn -0.172865 -0.982991 -0.0620236
v -84.6 4.21064 1206.8
vn 0.190251 0.815714 -0.546274
v -84 4.8 1207.14
vn 0.616995 -0.083008 -0.782577
v -84.7775 3.8 1207.6
vn -0.971929 -0.199193 -0.125207
v -84.8 3.8 1207.64
vn 0.614941 -0.115461 -0.780074
v -84.74 4 1207.6
vn 0.638537 0.635973 -0.43337
v -83.6891 5 1208.2
vn 0.197988 0.753957 -0.626378
v -84.4 5.45156 1207.8
vn 0.421612 0.481933 -0.768104
v -84 5.64844 1208.2
vn 0.474359 -0.367329 -0.800033
v -82.4 3.13281 1209.6
vn -0.603436 -0.752976 0.262475
v -83.6 2.6 1211.76
vn -0.362318 -0.931037 0.0435522
v -83.4 2.44844 1211.6
vn -0.300532 -0.938476 0.170126
v -82.8 2.32031 1212.2
vn -0.0204989 -0.988465 -0.150054
v -82.6 2.27969 1211.8
vn -0.632373 -0.476511 0.610772
v -83 2.8 1212.73
vn -0.696788 -0.362417 0.618983
v -82.1141 3.4 1213.8
vn 0.597465 0.652188 -0.466569
v -83.0106 4.6 1208.6
vn 0.554803 -0.332208 -0.762779
v -83.0854 5 1208.8
vn 0.61785 -0.0667563 -0.783457
v -83 3.82097 1209
vn 0.244972 -0.886124 -0.393412
v -83 4.03906 1208.6
vn 0.619779 -0.188721 -0.761747
v -82.8 4.2 1208.27
vn 0.630083 0.634453 -0.447733
v -82.8 4.4 1208.41
vn -0.831939 0.303919 0.464232
v -82.1672 4.8 1211.6
vn -0.832708 0.416058 0.365368
v -82.1328 3.6 1213.6
vn 0.465727 0.39184 -0.793448
v -83.4 5.4 1208.37
vn 0.509757 0.282217 -0.812712
v -82.8 5.8 1208.87
vn 0.559513 0.227646 -0.796946
v -82.4 5.27106 1209
vn 0.096599 0.949075 -0.299874
v -83.6 6.09844 1209.2
vn -0.814755 0.0462827 0.577956
v -83.2828 5.4 1209.6
vn -0.798222 0.0642313 0.598929
v -83.4 6 1209.57
vn -0.628597 0.601414 0.493119
v -83.2 6.18853 1209.6
vn 0.413767 0.666956 -0.619651
v -83 6.2 1209.74
vn -0.649919 0.72128 -0.239499
v -83 6.50156 1210
vn -0.837832 0.26255 0.478648
v -82.6891 6.4 1210.6
vn -0.812771 -0.274447 -0.513889
v -82.7562 6.6 1210.6
vn -0.812771 -0.274447 -0.513889
v -82.6 6.51167 1210.4
vn 0.511657 0.53481 -0.672447
v -82.4295 6.6 1210.6
vn -0.07893 -0.99492 0.0624802
v -82.6 6.6 1210.8
vn -0.288935 0.486328 0.824622
v -82.4 6.57174 1210.6
vn 0.294973 0.918094 -0.264754
v -82.2 5.8 1209.31
vn 0.484246 0.631492 -0.605577
v -82.2 5.87031 1210
vn -0.791679 -0.137489 0.595265
v -82.4547 6.2 1210.8
vn -0.726829 -0.400998 0.557602
v -82.6 6.60313 1210.8
vn -0.974931 0.198031 0.101458
v -82.4 6.4 1210.94
vn -0.802194 -0.0530275 -0.594704
v -83.2 7.6 1210.72
vn -0.830547 -0.129635 -0.541651
v -83 7.6 1210.45
vn -0.812716 -0.275845 -0.513228
v -82.8 6.8 1210.56
vn -0.863069 -0.275455 -0.423363
v -82.8 7.2 1210.3
vn -0.340326 0.170725 -0.924679
v -82.8 7.6 1210.38
vn -0.558662 0.0757897 -0.825925
v -82.4795 7.4 1210.4
vn -0.791561 0.170507 -0.586821
v -83.2172 7.8 1210.8
vn -0.833067 -0.350512 0.427951
v -83.2 7.8 1211.08
vn -0.696858 0.509957 -0.504314
v -83.1413 8 1211.2
vn -0.200134 0.796091 -0.571127
v -83 7.99531 1211
vn -0.392024 0.763428 0.513318
v -82.8 8.20781 1211.4
vn -0.658205 -0.373434 0.653692
v -82.5972 8 1211.8
vn -0.181108 0.815914 0.549076
v -82.4 8.11094 1211.8
vn -0.00421549 0.861203 0.508244
v -82.0167 8 1212
vn 0.440891 0.523368 -0.729179
v -82.2 8.2 1211.56
vn 0.102094 -0.929779 -0.353676
v -81 3 1210.74
vn 0.480335 -0.362253 -0.798781
v -80.8 3.2 1210.79
vn 0.0342429 -0.978237 -0.204644
v -80.5632 2.6 1212.2
vn 0.210005 -0.760519 -0.614417
v -80.6 3 1210.88
vn 0.017349 -0.993851 -0.109357
v -80.6 2.10156 1213.8
vn -0.532865 -0.694901 0.482874
v -81 2.28281 1214.4
vn 0.662387 0.44236 -0.604617
v -81.814 4.2 1209.4
vn 0.605548 0.464623 -0.646093
v -82 4.6 1209.63
vn 0.490547 -0.402017 -0.77314
v -82 5 1209.46
vn 0.662679 -0.291733 -0.689745
v -81.6 3.92931 1209.6
vn 0.48419 -0.58108 -0.654145
v -81.2 3.8 1210.09
vn 0.62941 -0.316528 -0.709685
v -80.6966 4 1210.4
vn 0.612327 -0.0389352 -0.789645
v -80.5625 4.4 1210.6
vn -0.851166 0.43078 0.299909
v -81.9453 3.6 1214.2
vn -0.944226 0.0776769 0.320006
v -80.6804 4.2 1216.4
vn -0.85579 0.454924 0.246309
v -80.7317 4.4 1216.2
vn -0.980337 -0.0655083 0.186142
v -80.6 4.4 1216.89
vn -0.838867 -0.107507 0.533615
v -81.6203 6.2 1212
vn 0.403742 -0.175358 -0.89791
v -81.5313 6.6 1211
vn -0.712779 -0.232825 0.661618
v -81.8 7.6 1212.35
vn 0.377722 0.713666 -0.58992
v -81.6 7.8 1211.63
vn 0.377079 0.741814 -0.554548
v -81.06 7.8 1212
vn -0.563598 0.0220652 0.825755
v -81.726 7.8 1212.4
vn -0.437912 0.827067 -0.352409
v -81.6 7.96667 1212.6
vn -0.797124 -0.236502 0.555573
v -81.6 8.01094 1212.8
vn -0.209126 0.938769 -0.273822
v -81.4 8.05156 1212.6
vn -0.0373744 0.988057 -0.149484
v -81.2 8.09531 1212.8
vn -0.141078 0.989079 -0.0426518
v -81 8.15833 1213.6
vn -0.794152 -0.294611 0.531533
v -80.9422 8 1213.8
vn 0.166366 0.947659 -0.272515
v -80.6 8.17656 1213.4
vn -0.124771 0.867449 -0.481627
v -80.8 8.41406 1213.8
vn -0.969001 -0.225061 0.101905
v -81.0141 8.4 1214
vn -0.14215 0.966035 -0.215802
v -80.8 8.48281 1214
vn -0.812644 -0.256525 0.523264
v -80.7196 8.4 1214.4
vn 0.383003 -0.688168 -0.616225
v -80.3893 2.8 1211.2
vn -0.0183698 -0.980303 -0.196645
v -80 2.50781 1212
vn 0.616973 0.281458 -0.734933
v -80 3.04167 1211.4
vn 0.403587 0.860826 0.309994
v -79.3311 5 1211.8
vn 0.703273 0.0254744 -0.710463
v -78.9919 4.6 1212
vn -0.724342 0.662621 0.190425
v -79.8 5 1218.1
vn -0.790655 0.568497 0.227322
v -79.6 5 1218.68
vn 0.563388 0.245562 -0.788856
v -80.4 5.4 1210.47
vn 0.566602 0.428842 -0.703603
v -80.0306 5.4 1211.6
vn 0.498467 0.0240056 -0.866576
v -80 6 1211.79
vn 0.301483 0.951952 -0.0538005
v -79.8 5.43594 1211.2
vn 0.656902 -0.0807366 -0.749641
v -78.8825 6 1212.6
vn 0.595798 0.0816602 -0.798972
v -79 6.6 1212.56
vn -0.804598 0.517813 0.290674
v -79.6453 5.6 1216.4
vn -0.716549 0.684875 0.132302
v -79 5.64099 1218.6
vn 0.494557 0.646541 -0.58086
v -80 6.97031 1212.2
vn 0.320777 0.784385 -0.530888
v -80.4 8.2 1213.62
vn 0.443349 0.839237 -0.314838
v -79.4 6.91406 1212.8
vn -0.857148 -0.187651 0.479672
v -79.7734 7.6 1215.4
vn 0.277542 0.850359 -0.447056
v -80.4 8.4 1213.84
vn 0.0410219 0.963532 -0.26443
v -80.4 8.6 1214.57
vn -0.747894 0.17005 0.641668
v -79.7643 9 1216
vn -0.796232 0.0451682 0.603303
v -79.6 8.6 1216.3
vn -0.658626 -0.560399 -0.50216
v -79.6 9.32162 1217
vn -0.632608 -0.703756 -0.32332
v -79.585 9.4 1216.8
vn -0.997198 0 -0.0748051
v -79.6 9.44531 1217
vn -0.898934 -0.168366 0.404439
v -79.2609 8.4 1216.8
vn -0.618638 0.389151 0.682531
v -79.4 8.7381 1216.4
vn -0.649598 -0.387222 -0.65428
v -79.2891 8.8 1217
vn -0.658626 -0.560399 -0.50216
v -79.4 9.2 1216.87
vn 0.106431 0.972658 -0.206422
v -79.4 9.43281 1217
vn -0.892056 0.435705 0.119991
v -79.2 9 1216.94
vn 0.376853 0.182633 -0.90809
v -79.1919 9.4 1217
vn -0.838251 -0.194814 0.509297
v -79.0596 9.4 1217.8
vn 0.329022 -0.854511 -0.40194
v -77.4 2.47344 1213.8
vn -0.575494 -0.614762 0.539328
v -78 2.73281 1217.8
vn -0.530632 -0.624083 0.573542
v -77.798 2.4 1217.6
vn 0.458028 0.63008 -0.627065
v -77.4 5.10781 1213.4
vn 0.577122 0.480612 -0.660259
v -78.351 5.6 1213.2
vn 0.51316 -0.175583 -0.840141
v -77.4 5.8 1213.74
vn 0.573438 0.458559 -0.678891
v -77.4 6.6 1214.25
vn -0.90013 0.148375 0.409574
v -78.6891 6.6 1217.8
vn -0.780073 0.616021 0.10956
v -78.7274 5.8 1220.2
vn -0.524957 -0.676695 0.516241
v -78.7352 5.6 1220.4
vn -0.960292 0.215005 0.177796
v -78.2 6.17111 1222.6
vn -0.412056 -0.836187 0.361941
v -77.8 5.87031 1222.6
vn -0.529573 -0.667493 0.523455
v -77.6 6.4 1223.81
vn 0.3909 0.899143 -0.196825
v -78.4 7.43906 1214.6
vn 0.579622 0.60949 -0.540888
v -78 7.8 1216
vn -0.635423 0.770684 0.0477929
v -77.3941 6.8 1224
vn 0.427657 0.821932 -0.376215
v -78.3196 8.6 1216.4
vn -0.0171436 0.829284 0.558564
v -78.4 8.6 1216.64
vn -0.833333 -0.0840292 0.546348
v -78.8 9.4 1218.29
vn -0.823554 0.175022 0.539561
v -78.8 9.66719 1218.2
vn -0.849742 -0.21704 0.48045
v -78.5141 8.6 1218.2
vn 0.316667 0.900412 -0.298295
v -78.6 9.37969 1217.4
vn 0.144377 0.960386 -0.238358
v -78.6 9.47344 1217.8
vn -0.784257 -0.3064 0.539499
v -78.5514 9.4 1218.6
vn 0.292185 0.157597 -0.943287
v -78.4 9.20781 1217.2
vn -0.367344 0.83666 0.406274
v -78.4 9.48281 1218.6
vn 0.264039 0.186017 -0.946404
v -77.9718 8.6 1217.2
vn 0.461236 0.762178 -0.454253
v -77.6 9.13281 1218
vn 0.358769 0.876783 -0.320213
v -77.6 9.35781 1218.4
vn -0.357799 0.896176 0.262391
v -78.3141 9.4 1219
vn -0.902637 0.324731 -0.282481
v -78.3047 9.6 1219.2
vn -0.10022 -0.419466 -0.902222
v -78.4 9.8 1219.12
vn -0.902637 0.324731 -0.282481
v -78.2 9.8 1219.1
vn -0.249252 0.93631 0.24738
v -78 9.48361 1219
vn -0.786511 -0.388673 0.479931
v -77.6578 9.8 1220.4
vn -0.303364 0.550053 0.778082
v -77.4 9.94219 1220.4
vn -0.413438 0.795675 -0.442687
v -78.4734 10 1219.4
vn -0.413438 0.795675 -0.442687
v -78.2 10 1219.14
vn 0.209961 0.97752 -0.0192668
v -78.2 10.1383 1219.6
vn -0.734802 0.294624 0.610952
v -77.8083 10 1220.2
vn 0.585209 -0.428079 -0.688679
v -76.4 2.69219 1214.4
vn 0.660136 -0.234317 -0.713664
v -76.9661 3.8 1213.6
vn 0.650041 0.42594 -0.629303
v -77.1031 6 1214.2
vn 0.665329 0.437091 -0.605219
v -76.6886 6.2 1214.8
vn 0.41114 0.457481 -0.788464
v -76.8 6.6 1214.56
vn 0.511238 -0.149965 -0.846255
v -76.1508 5.2 1214.6
vn -0.463982 -0.719557 0.51668
v -76.8 6.6873 1224.8
vn -0.0666636 -0.969761 -0.234777
v -76.8 6.76094 1225.4
vn 0.348112 0.893733 -0.282946
v -76.2 8.07031 1218
vn -0.865968 0.454466 0.208712
v -76.3984 7.8 1222.8
vn -0.914992 0.159588 0.370569
v -76.2 8.39286 1222.8
vn -0.897404 0.310428 0.313529
v -77 7 1224.93
vn -0.714535 0.692641 0.0984254
v -76.4 7.63387 1223.8
vn -0.772141 -0.63311 0.0544914
v -76.9482 7 1225.2
vn -0.162213 -0.985329 0.0530396
v -76.6636 6.8 1225.2
vn -0.206755 -0.921036 0.330067
v -76.8 6.83061 1225.2
vn -0.663274 0.731891 0.156215
v -76.5155 7.2 1226.2
vn -0.638268 0.756811 0.140893
v -76 7.66719 1226.2
vn -0.954304 0.16775 0.247313
v -76.2564 7.2 1227.2
vn -0.623079 0.763054 0.171818
v -75.8569 7.4 1228
vn -0.477509 -0.81975 0.31622
v -75.6972 7.2 1228
vn -0.552772 -0.747594 0.368166
v -75.665 7.4 1228.6
vn 0.292376 0.94905 -0.117561
v -76.8429 9.2 1219
vn -0.893549 0.166098 0.41711
v -77.0641 9.8 1221.4
vn -0.875328 -0.14735 0.460532
v -75.9141 9.6 1223.4
vn -0.476993 0.864873 0.156437
v -77 10 1221.3
vn -0.88378 0.357578 0.301778
v -76.8465 10 1221.8
vn 0.110788 0.972268 -0.205962
v -76.6 10.0453 1222
vn -0.874288 -0.207089 0.439015
v -76.6 10.0636 1222.4
vn 0.0717212 0.843552 -0.532237
v -76.4 10.1703 1222.4
vn 0.264283 0.813347 -0.518286
v -76.2 10.9078 1223.4
vn -0.684948 -0.614133 0.39203
v -76.5734 10.8 1223.6
vn -0.233851 0.77657 -0.585024
v -76.6 11.0141 1223.6
vn -0.583851 0.413726 0.698534
v -76.3706 11 1223.8
vn -0.79069 -0.453628 0.411135
v -75.9362 10.6 1224.4
vn -0.511258 0.809801 0.287815
v -75.8 10.7891 1224.2
vn 0.214724 -0.948303 -0.233699
v -75.2 2.32031 1216.8
vn 0.568379 0.528639 -0.630465
v -74.6 3.2 1215.79
vn 0.563412 0.604396 -0.563269
v -74.6 3.4 1215.99
vn 0.376768 -0.843057 -0.383797
v -74.4 2.6 1216.44
vn 0.652732 0.441773 -0.615449
v -75.4093 3.6 1215.4
vn 0.61262 -0.387857 -0.688668
v -75.4516 3.8 1215.6
vn 0.459293 0.818367 -0.345434
v -75.4853 6.6 1217
vn 0.485308 0.759533 -0.433111
v -74.8 6.48281 1216.6
vn 0.605525 -0.182773 -0.774554
v -74.6 6 1216.38
vn 0.309027 0.950489 0.032748
v -74.6 6.37656 1217
vn -0.309025 -0.904857 0.292808
v -75.6 6.71719 1226
vn 0.489759 0.584224 -0.647162
v -75 7.83594 1218.2
vn 0.535003 0.451545 -0.714058
v -74.8 7.4 1217.96
vn -0.608342 0.772455 0.182299
v -75.2 7.85156 1228.2
vn -0.887 0.0744833 0.455722
v -74.8362 7.8 1229.6
vn -0.493245 -0.671429 0.553076
v -74.8 7.6 1229.7
vn -0.413599 -0.820292 0.39504
v -74.2 7.23906 1229.8
vn -0.95229 -0.0151618 0.304819
v -74.7082 7.8 1230
vn -0.963576 -0.212338 -0.162584
v -74.5152 7.6 1230.8
vn -0.582333 -0.793391 0.177255
v -74.5255 7.8 1230.6
vn -0.908406 0.410956 0.076904
v -74.4078 7.8 1231
vn -0.567775 -0.739142 0.362355
v -74.4 7.6 1230.12
vn -0.715606 0.665188 0.213148
v -74.4 7.85469 1230.8
vn -0.738204 0.627718 0.247034
v -74.2 8.8 1227.72
vn 0.250728 0.953814 -0.165453
v -74.4 10.5859 1224.4
vn -0.828896 -0.404811 0.386083
v -75.3113 10.6 1225.6
vn -0.444716 0.895013 0.0343416
v -75 10.7547 1225.6
vn -0.631724 0.738862 0.234538
v -74.8 11.0359 1226.4
vn -0.60963 0.731477 0.305437
v -74.7047 10.8 1227.4
vn -0.14635 -0.978291 0.146728
v -73.4 1.67031 1220.6
vn 0.301095 -0.882377 -0.361599
v -73.4 2 1219.02
vn -0.358342 -0.837982 0.411555
v -73.8371 2 1221
vn 0.634446 0.0594434 -0.770678
v -73.8 5.4 1217.23
vn 0.539763 0.683812 -0.490975
v -73.6426 6 1217.2
vn 0.63514 -0.00231895 -0.772394
v -72.9561 5.6 1217.8
vn 0.448634 0.700762 -0.554671
v -73 6.17031 1218.6
vn 0.318644 0.947103 -0.038241
v -72.8 5.8275 1218.4
vn -0.519937 -0.667008 0.533634
v -73.0058 6.4 1228.2
vn 0.116996 -0.978104 -0.172118
v -72.8 6.52656 1229.2
vn -0.390402 -0.839536 0.377844
v -73.2 6.92344 1230
vn -0.698008 -0.236004 0.676082
v -73.8 7.8 1231.65
vn -0.570479 0.811383 0.127325
v -73.131 8.2 1233
vn -0.190488 -0.972636 0.133021
v -72.6 7.44844 1232.2
vn -0.391083 -0.856592 0.336608
v -73.1516 8 1233.2
vn -0.860332 0.402004 0.313403
v -72.7667 8.2 1234
vn -0.0999535 -0.988915 -0.109801
v -72.6 8.12656 1234.6
vn -0.959783 0.277938 -0.0395773
v -72.8 8.2 1234.81
vn -0.873349 -0.274185 0.402596
v -73.9891 9.8 1227.6
vn -0.632052 0.753142 0.18245
v -72.6 8.60469 1232.8
vn 0.240498 0.937711 -0.250718
v -74 10.6828 1225.6
vn -0.723029 -0.681113 0.11539
v -74 11.07 1229.4
vn -0.649572 -0.741413 0.168413
v -73.8702 11 1229.8
vn -0.148625 0.953749 -0.261293
v -73.8442 11.2 1229.6
vn -0.857187 -0.29681 0.420873
v -73.8 10.4 1228.77
vn -0.903665 -0.0503652 0.425269
v -73.8 10.6453 1228.8
vn -0.764866 -0.521201 0.378589
v -73.6047 10.6 1229.4
vn -0.670402 -0.705524 0.229778
v -73.7457 10.8 1229.4
vn -0.425537 -0.400868 -0.811309
v -73.8 11 1229.33
vn -0.795211 0.527643 0.298718
v -73.6 10.7203 1229.2
vn -0.5862 0.509743 -0.629707
v -73.6 10.9675 1229.4
vn -0.400721 0.790456 0.463252
v -73.6 11.0516 1228.4
vn 0.143845 0.827425 -0.542841
v -73.6 11.2 1229.53
vn -0.303294 0.821672 0.482564
v -73 10.8397 1229
vn 0.192548 0.969888 -0.149141
v -72.6 10.9766 1229
vn -0.982465 0.179237 0.0513429
v -73.8 11.2703 1230.2
vn -0.58074 -0.783956 0.21944
v -73.6 11 1230.5
vn -0.0320581 0.996333 -0.079332
v -73.6 11.3016 1230
vn -0.0143911 0.997948 0.0623861
v -73.6 11.2891 1230.2
vn -0.0615889 0.99798 0.015549
v -72.6 11.1484 1231.8
vn 0.674068 0.388305 -0.628372
v -72.0795 3.2 1218.4
vn 0.690377 -0.328431 -0.644603
v -71 2.8 1219.59
vn 0.385284 -0.80306 -0.454588
v -71 2.4 1220.8
vn -0.455129 -0.717669 0.527075
v -71.1722 3.2 1224
vn 0.661709 -0.00752082 -0.749723
v -72 4 1218.26
vn 0.521497 -0.609628 -0.596988
v -71.8 3.6 1218.96
vn 0.652222 0.15704 -0.741583
v -70.9 4.4 1219.2
vn 0.20252 0.971871 -0.120215
v -72.2 6.08281 1219
vn 0.61371 0.432256 -0.660693
v -71.9508 5.4 1218.8
vn 0.525132 0.386982 -0.757945
v -71.886 6 1219
vn 0.615667 0.329554 -0.715785
v -71.4 6.2 1220.33
vn 0.579743 0.304471 -0.755774
v -71.4 6.6 1220.14
vn 0.605752 0.307205 -0.733955
v -71.2 5.2 1219.27
vn 0.255729 -0.918934 -0.300273
v -71.2 6.57969 1230.4
vn 0.531711 0.578559 -0.618509
v -72.2 7.2 1219.76
vn -0.50136 -0.711024 0.493035
v -71 7.20156 1233
vn -0.324084 -0.896624 0.30172
v -72.4 7.81406 1233.6
vn 0.1396 -0.967964 -0.208704
v -72.4 8.11406 1234.8
vn -0.329354 -0.944061 0.0165921
v -72.2 8 1235.34
vn -0.0767286 -0.994488 0.0714604
v -71 8.08594 1235.8
vn -0.443278 -0.837934 0.31839
v -72 8.32969 1236.8
vn -0.905404 0.170179 0.38895
v -71.8359 9.8 1232.6
vn -0.807036 0.506293 0.303907
v -71.3891 9.4 1234
vn -0.929107 0.123958 0.348418
v -71.0891 9.8 1234.4
vn -0.646016 -0.389004 0.656764
v -72.1754 8.4 1235.6
vn -0.760426 0.422439 0.493252
v -72.194 8.6 1235.4
vn -0.560837 0.817944 0.128177
v -71.6 9.04844 1235.4
vn -0.988028 0.0530008 0.144887
v -72.018 8.6 1236.6
vn -0.961628 0.107471 0.25243
v -71.8648 8.6 1237.2
vn -0.232062 -0.953352 0.193048
v -71.8 8.52344 1236.6
vn -0.467995 -0.783224 0.409317
v -71.6491 8.6 1238
vn -0.546837 0.825172 0.141633
v -71.3658 8.8 1238
vn -0.469817 -0.791466 0.390964
v -71.039 8.6 1238.6
vn -0.511784 0.848313 0.1358
v -71.2 8.83906 1238.4
vn -0.304464 0.868721 0.390674
v -72 10.9203 1229.6
vn 0.329082 0.530175 -0.781422
v -72.2 10.9828 1230
vn 0.189177 0.962869 -0.1926
v -72.2 11.1734 1230.6
vn -0.823832 -0.426352 0.373531
v -72.2609 10.4 1232
vn 0.0820928 0.996083 -0.0328435
v -71.2 11.1859 1232
vn -0.827801 -0.407661 0.385432
v -71.9816 11 1234.2
vn -0.818062 -0.455563 0.351051
v -72 11.2266 1234.4
vn -0.797996 -0.536747 0.274053
v -71.8 10.8 1233.9
vn -0.452197 -0.761595 -0.46421
v -71.8 10.8922 1234.2
vn -0.452197 -0.761595 -0.46421
v -71.8 11.0141 1234
vn -0.905842 -0.204046 0.371234
v -71.3422 10 1233.8
vn 0.0382233 0.995824 -0.0829039
v -71.4 11.0797 1233.8
vn -0.818062 -0.455563 0.351051
v -71.7022 11 1234.8
vn 0.140126 -0.947259 -0.288209
v -71.8 11.1641 1235.4
vn 0.140126 -0.947259 -0.288209
v -71.6 11.1328 1235.6
vn 0.140126 -0.947259 -0.288209
v -71.6 11.2 1235.38
vn -0.0468185 0.943492 -0.32807
v -71.6 11.2768 1235.6
vn 0.186536 -0.972753 0.137681
v -71.3973 11.2 1235.8
vn -0.719106 -0.614206 0.32502
v -71.2 11 1235.92
vn -0.487609 0.0207901 0.872814
v -71.0394 11.2 1236
vn -0.821884 -0.380107 0.424294
v -70.8519 11 1236.6
vn 0.35101 -0.849739 -0.393364
v -70 1.92344 1222.2
vn 0.446272 -0.766574 -0.461743
v -70.2 2.53281 1221
vn 0.674837 -0.0461364 -0.736523
v -69.6298 4.2 1220.4
vn 0.569626 -0.539503 -0.62005
v -69.6 3.91719 1220.6
vn 0.3276 0.931094 -0.160447
v -70.6 5.83594 1220.2
vn 0.335119 0.923491 -0.186709
v -70 5.8 1221.29
vn -0.368257 -0.851371 0.373568
v -69.8 5.78281 1229.4
vn -0.30326 -0.907259 0.2914
v -70.6 6.40781 1230.6
vn -0.393061 -0.838305 0.37782
v -70.275 6.4 1231.8
vn 0.044849 -0.995122 -0.0878691
v -70.2 6.43281 1231.6
vn 0.380229 0.843614 -0.379133
v -70 8.2 1223.74
vn -0.592892 -0.513478 0.620339
v -70.4 7.43906 1234.6
vn -0.314592 -0.900757 0.299447
v -69.4 7.82656 1236.6
vn -0.518265 -0.737165 0.433577
v -69.4 8.07656 1237
vn -0.484637 -0.776927 0.401885
v -70.4 8.16719 1238.6
vn 0.156604 -0.977816 -0.139107
v -69.6 8.39219 1239
vn -0.82276 0.517179 0.23578
v -70.4172 9.8 1236.4
vn -0.220021 -0.941508 0.255251
v -70 8.4 1237.93
vn -0.878695 -0.253443 0.404552
v -70.4 8.8 1240.11
vn -0.528686 0.824288 0.202586
v -69.8 9.22969 1240.8
vn -0.295753 -0.952561 0.0718173
v -69.2822 8.6 1245.2
vn 0.237453 0.955705 -0.173907
v -70.2 10.4694 1228.8
vn 0.230085 0.971934 -0.0490448
v -69.4714 10.4 1229.8
vn 0.241455 0.956435 -0.164107
v -70.4 10.6859 1230.4
vn -0.167918 0.955532 0.242408
v -70.6 11.3016 1236
vn -0.948738 -0.150477 -0.277943
v -70.8 11.1794 1237.6
vn -0.948738 -0.150477 -0.277943
v -70.5641 10.8 1237
vn -0.948738 -0.150477 -0.277943
v -70.6 11.0266 1237
vn -0.885084 -0.340398 0.31742
v -70.1734 10.2 1237
vn -0.556303 -0.823006 0.114837
v -69.4 10.9359 1241.6
vn -0.83013 0.474858 0.292222
v -69.8 11.1203 1242.8
vn -0.838868 0.410699 0.357249
v -69.6 11.3549 1243
vn -0.484493 -0.8739 0.0395607
v -69.2886 11 1243.4
vn -0.586088 -0.808035 0.0598312
v -69.2886 11 1243.6
vn -0.811422 0.236084 0.534658
v -69.3815 11.2 1243.4
vn 0.0268603 0.966364 -0.25577
v -70.2 11.6641 1238.8
vn -0.346367 -0.842581 0.412416
v -68 2.14531 1225.8
vn 0.601489 -0.46623 -0.648722
v -69.0589 3.6 1221.4
vn 0.634658 0.287275 -0.717414
v -68.8 5.10317 1221.4
vn 0.596158 -0.398115 -0.697208
v -69 6 1222.23
vn 0.591426 -0.41511 -0.691303
v -68.7576 6.4 1222.2
vn -0.484998 -0.734552 0.474563
v -68.4047 5.4 1230.4
vn -0.142807 -0.963131 0.228002
v -69.1125 7.4 1235.4
vn -0.287807 -0.914371 0.284768
v -68 7.11094 1235.2
vn -0.277865 -0.899578 0.336971
v -68 7.22969 1235.6
vn -0.422689 -0.846047 0.324869
v -69 7.85781 1237.2
vn -0.353484 -0.898632 0.259827
v -68.8 8.10781 1238
vn -0.609032 -0.406956 0.680783
v -68.2412 8.2 1239
vn 0.120378 -0.963789 -0.237951
v -68.4 8.37344 1247
vn -0.146582 -0.989173 -0.00710393
v -68.5321 8 1248.8
vn -0.894349 0.0565769 -0.443778
v -68.6 8.20794 1248
vn -0.469951 0.86078 0.195456
v -68.4463 8.2 1248.6
vn 0.208695 -0.935789 -0.284157
v -68.3229 8 1248.8
vn 0 0 -1
v -68.4 8.11936 1248.8
vn -0.574556 -0.784509 0.233304
v -68.4 8.23171 1247.6
vn -0.110096 -0.977006 -0.182588
v -68.2 8.10156 1248
vn -0.401691 -0.911894 0.0842285
v -67.8 8 1250.42
vn -0.724924 -0.422867 0.543754
v -67.6646 8 1250.6
vn -0.0424886 -0.968953 -0.243566
v -67.6268 7.8 1250.8
vn -0.610769 0.764927 0.204569
v -68.8484 9.8 1241.4
vn -0.135288 -0.987789 0.0772602
v -68.6 8.46719 1241.6
vn -0.397619 0.89979 0.179656
v -69 8.69683 1245.4
vn -0.151633 -0.988413 -0.00681714
v -68.8 8.46719 1244.4
vn -0.455563 -0.880578 0.130553
v -69.0359 8.4 1246.6
vn -0.173176 -0.981089 -0.0864532
v -69 8.41129 1246.4
vn -0.0767384 -0.818548 -0.56929
v -68.6 8.53125 1246.8
vn -0.402878 -0.897346 0.180166
v -68.5667 8.6 1246.8
vn -0.182205 -0.983124 0.0163593
v -68.4 8.40469 1246.2
vn -0.377205 0.915623 0.139112
v -68.4 8.59762 1247.2
vn -0.652308 -0.697152 0.297444
v -68.4886 8.4 1247.8
vn -0.435944 0.865325 0.247319
v -68 8.48906 1248.4
vn 0.349378 0.900877 -0.257594
v -69.2 10.6391 1232.8
vn 0.120648 0.991247 0.0535973
v -68.6 10.7484 1232.6
vn -0.0157549 0.982732 -0.184364
v -69.2 11.1266 1237.6
vn -0.0396625 0.997691 0.0551281
v -68 11.5953 1237.2
vn -0.815783 -0.542296 0.201032
v -68.8234 10.4 1241.8
vn -0.960959 -0.149917 0.232555
v -68.4234 10 1242.8
vn -0.532592 -0.846198 -0.0171673
v -68.8404 10.8 1245.6
vn -0.67318 -0.738563 0.0367975
v -69 11 1245.09
vn -0.263556 0.964435 -0.0200939
v -68.6 11.0047 1245.6
vn -0.700467 -0.709614 0.0761164
v -68.3797 10.4 1244.4
vn -0.269037 -0.962373 -0.0381793
v -68.6055 10.6 1248.2
vn -0.445933 0.880339 0.1617
v -68.7129 10.8 1248.2
vn -0.285341 -0.958104 -0.0248468
v -68.6 10.5828 1248.8
vn -0.551185 -0.832568 0.055017
v -68.0036 10.4 1249
vn -0.325525 0.856058 0.401496
v -68.2 10.7304 1249
vn -0.211826 -0.946252 0.244413
v -67.2 1.82031 1225.4
vn 0.546004 -0.483578 -0.684129
v -66.8 3.575 1223.2
vn 0.412735 -0.775672 -0.477475
v -66.2 3.05156 1224.4
vn -0.481655 -0.686943 0.544167
v -66.6 2.8 1227.86
vn 0.441932 0.824626 -0.353113
v -67.0143 5 1223.2
vn 0.622301 -0.283119 -0.729785
v -66.0595 4.2 1223.6
vn 0.592913 0.402875 -0.697242
v -67.2593 6.2 1223.8
vn 0.448265 0.7944 -0.409863
v -67.3403 6.4 1223.6
vn 0.463117 0.796767 -0.388183
v -67.0439 5.2 1223.6
vn 0.925978 0.232961 -0.297144
v -67.2 6.35246 1224
vn 0.00310789 -0.999678 0.0251899
v -66.4 6.55781 1235.4
vn 0.529176 0.648914 -0.546703
v -67.258 7 1224.8
vn -0.418522 -0.82402 0.381878
v -67.4 7.13281 1236
vn -0.0909513 -0.983605 0.155721
v -67.6 7.52969 1237
vn -0.281893 -0.911113 0.300682
v -67.4 7.40469 1236.4
vn -0.201483 -0.950233 0.237618
v -67.2 7.61406 1237.8
vn -0.35511 -0.876556 0.324879
v -66.2 7.54219 1238.6
vn -0.35791 -0.852249 0.381539
v -66.8 8.12656 1240
vn -0.0767384 -0.818548 -0.56929
v -67.6 8.29844 1247
vn -0.337413 -0.940499 0.0401769
v -67.6 7.97031 1248.6
vn -0.0872588 -0.994222 -0.0625115
v -67.6 7.85469 1249.8
vn -0.509457 -0.859692 0.0371828
v -67.6 7.88929 1250.6
vn 0.232701 -0.94669 -0.222773
v -67 7.91094 1250.2
vn -0.264575 -0.963381 -0.0435561
v -67.4081 7.6 1252.2
vn -0.130869 -0.985633 -0.106779
v -67.2 7.56094 1251.8
vn -0.112643 -0.992834 -0.0399123
v -66.4 7.39531 1253.4
vn -0.424102 0.837542 0.344473
v -66.3324 7.6 1253.6
vn -0.494792 0.804457 0.32868
v -66.4 8 1252.47
vn 0.00736182 -0.988557 -0.150666
v -66.2 7.2 1254.74
vn 0.347813 0.885054 -0.309364
v -67.2 9.31406 1228.6
vn 0.239081 0.965853 -0.0998396
v -67.6 9.96406 1231.4
vn -0.480794 -0.652264 0.585994
v -67.3977 8.4 1239.8
vn -0.962545 0.0858865 0.257157
v -67.4766 9.6 1247
vn -0.712821 0.649227 0.265311
v -67.2 8.8 1248.58
vn -0.752685 -0.622569 0.214177
v -66.8347 9.8 1253.4
vn -0.904059 0.218003 0.367629
v -66.0359 8.4 1252.4
vn -0.833128 -0.496979 0.242715
v -66.0109 8.8 1252.8
vn 0.368721 0.837038 -0.404243
v -67.4 10.0328 1232
vn 0.401312 0.713485 -0.574358
v -67.4 10.8 1234.09
vn 0.137826 0.99023 0.0211894
v -66.2 10.2484 1234.2
vn 0.23184 0.928124 -0.291266
v -66.2 10.8234 1235
vn -0.0303397 0.997773 0.0593949
v -67 11.3328 1238.2
vn -0.170429 0.959455 0.224498
v -67.2 11.2453 1245.4
vn -0.242725 0.949199 0.200265
v -67.6 11.1047 1248.6
vn -0.715557 -0.691037 0.102206
v -67.6 10.1703 1250
vn -0.59582 -0.802608 0.0286304
v -67.6 10.1734 1250.6
vn -0.857494 0 0.514495
v -67.6 10.4047 1250
vn -0.68067 -0.729464 0.0676086
v -67.4 10 1249.9
vn -0.680038 -0.729348 0.0748366
v -67.3117 10 1250.8
vn -0.806391 -0.582319 0.103141
v -67.2 10.0579 1252
vn -0.660994 -0.311166 0.682834
v -67.2 10.2016 1251
vn -0.370737 0.924864 0.0847373
v -67 10.3266 1251.6
vn -0.273433 0.916999 0.290427
v -66.6 10.2953 1252.2
vn -0.24288 0.953697 0.1774
v -66.4 10.3984 1250.8
vn -0.514581 0.714608 0.473858
v -66.4 10.0828 1253.6
vn -0.107196 0.993679 0.0333307
v -66.2 10.1359 1253.2
vn 0.0867799 0.989109 -0.118879
v -66.4 11.8922 1242.2
vn -0.134714 0.976858 0.166132
v -67.6 11.7516 1242.8
vn -0.377657 -0.812383 0.444307
v -64.6 2 1228.79
vn 0.431273 0.838089 -0.334081
v -65.8 4.6 1223.76
vn -0.509293 0.799522 0.318411
v -65.0959 6.6 1257.8
vn -0.504731 -0.850022 0.150698
v -64.4605 6.4 1258.8
vn -0.804906 -0.544076 0.236871
v -64.6 6.4 1258.92
vn -0.527199 0.751771 0.396108
v -64.4293 6.6 1258.8
vn 0.527685 0.618457 -0.582289
v -65.4 7.59616 1227.4
vn 0.431375 0.786537 -0.441899
v -65.2 8.27969 1228.2
vn -0.430552 -0.796545 0.424431
v -65.4 6.80781 1237.4
vn -0.322283 -0.887091 0.330458
v -65.6 7.76719 1239.6
vn 0.150283 -0.949961 -0.273843
v -65.6 7.77656 1252
vn -0.66202 0.617646 0.42455
v -65.8 8.19516 1253
vn 0.0647117 -0.981837 -0.178348
v -66 7.19219 1254.8
vn 0.013196 0.991435 -0.129932
v -66 7.20807 1254.8
vn 0.0838349 -0.978935 -0.186164
v -65.8 7.13273 1255.2
vn -0.731704 0 0.681622
v -65.8 7.25781 1255.2
vn 0.0353834 -0.978294 -0.204177
v -65.6 7.15781 1255.2
vn -0.707228 0 0.706985
v -65.6 7.11633 1255.4
vn -0.912853 -0.0878083 0.398735
v -65.6 7.25192 1255.2
vn -0.588211 0.72645 0.355357
v -65.2 7.66719 1254.8
vn -0.130954 -0.961257 -0.24256
v -65.5353 7 1255.6
vn -0.927918 0.045703 0.369972
v -64.5641 8 1255.6
vn -0.833238 0.544419 -0.0965534
v -64.4712 8 1263.2
vn 0.260457 0.949899 -0.172785
v -65.2 9.52456 1231.8
vn -0.907941 -0.150422 0.391174
v -65.6172 8.4 1253.4
vn -0.846554 -0.432472 0.310345
v -66 9.40385 1254.4
vn -0.800163 -0.572204 0.179782
v -65.9096 9.4 1254.8
vn -0.893539 -0.244613 0.376501
v -66 9.6 1254.53
vn -0.743863 0.396795 0.537793
v -65.4 9.54219 1255.4
vn -0.391751 -0.906632 -0.156682
v -65.7 9.2 1256.8
vn -0.637775 0.764847 0.0908447
v -65.7516 9.4 1256
vn -0.940665 0.33465 -0.0561963
v -65.6288 9.4 1256.8
vn -0.216351 0.975833 -0.0306977
v -65.5687 9.6 1255.6
vn -0.542998 -0.839302 -0.0269433
v -64.8 8.77656 1257
vn -0.399997 -0.911941 -0.0914714
v -65.8111 9.2 1257.2
vn -0.343687 0.911004 0.227925
v -65.4 9.43594 1257.2
vn -0.48367 -0.871714 -0.078599
v -65.2 8.81452 1258.6
vn -0.444151 -0.889402 -0.108138
v -65 8.75469 1258.4
vn -0.828508 0 0.559976
v -65 8.89355 1258.4
vn -0.563331 -0.810726 -0.159314
v -65.0119 8.6 1259.6
vn -0.872509 -0.163754 0.46034
v -64.8432 8.6 1259.2
vn -0.344413 0.915925 0.206059
v -65 8.87344 1259
vn -1 0 0
v -64.6 8.4 1259.82
vn -1 0 0
v -64.6 8.4 1260.27
vn -1 0 0
v -64.6 8.6 1259.88
vn 0.212899 0.955155 -0.2058
v -65 11.2 1237.77
vn -0.413834 0.824405 0.386132
v -66 10.5578 1250.6
vn -0.350318 0.808119 0.473521
v -65.6 11.1359 1250.2
vn -0.451182 0.797325 0.400884
v -65.4 10.9578 1250.6
vn -0.295815 0.901921 0.314694
v -65 11.2391 1250.4
vn -0.114248 0.993033 -0.0288659
v -66 10.2922 1252.2
vn -0.278152 0.922096 0.269016
v -65.6 10.5922 1251.2
vn -0.211811 0.973132 0.0902767
v -65.4 10.4453 1252.2
vn -0.456118 0.620268 0.63814
v -65.0415 10.8 1251.4
vn -0.406586 0.818899 0.405083
v -65 11 1251.23
vn -0.0308536 0.936153 -0.350237
v -65.8 10.4484 1252.6
vn -0.330848 0.868833 0.368334
v -65.2778 10.2 1254
vn -0.202553 0.942713 0.265075
v -64.6 11.6578 1245.6
vn 0.38095 -0.788938 -0.482136
v -63.4 2.91719 1226.4
vn -0.397028 -0.779024 0.485274
v -63 2.13906 1230.2
vn 0.444265 0.838102 -0.316566
v -64.3147 4.4 1225.4
vn 0.605242 0.284847 -0.743333
v -63.8 5 1225.95
vn -0.167155 -0.934016 -0.31571
v -63.6 4.92969 1264.6
vn -0.562766 -0.815831 -0.133091
v -63.2714 4.8 1266.4
vn -0.107943 -0.983772 -0.143324
v -63.2644 4.2 1268
vn -0.192173 -0.967774 -0.162738
v -63.4 4.4 1266.97
vn -0.42183 -0.873507 -0.242992
v -63.2 4.52408 1267
vn 0.331501 -0.827428 -0.453288
v -63.0846 4.4 1267.2
vn -0.752804 0.639898 0.154323
v -63.2 4.58 1267.2
vn -0.680522 0.689953 0.246688
v -63.2 4.53175 1267.4
vn -0.73823 -0.582423 0.340294
v -63.1865 4.6 1267.2
vn -0.729363 -0.556001 0.398613
v -63.0771 4.6 1267.4
vn -0.145089 -0.980563 -0.132085
v -63 4.21476 1267.6
vn 0.332047 -0.827047 -0.453584
v -63 4.4 1267.26
vn -0.253889 -0.773754 -0.580384
v -63.1476 4 1269
vn -0.253889 -0.773754 -0.580384
v -63 3.95156 1269
vn -0.253889 -0.773754 -0.580384
v -63 4 1268.94
vn 0.261328 -0.886302 -0.382329
v -62.8852 4 1269
vn 0.417178 0.793389 -0.443278
v -63.2 5.62656 1227
vn 0.525578 0.54152 -0.656143
v -63 5.54878 1227
vn -0.408954 -0.810703 0.418948
v -64.4 5.89531 1235.2
vn -0.230913 -0.942255 0.242559
v -63.8 6.07344 1236.4
vn -0.220274 -0.951301 0.215651
v -63 6.69219 1239.6
vn -0.504731 -0.850022 0.150698
v -64.4 6.36406 1258.8
vn -0.517714 -0.52332 -0.676837
v -64.1694 6 1261
vn -0.192915 -0.963251 -0.186899
v -64 5.6 1261.96
vn -0.517714 -0.52332 -0.676837
v -64 5.8 1261.03
vn -0.885818 -0.0638558 -0.459619
v -63.8148 6 1261.6
vn -0.804906 -0.544076 0.236871
v -63.9109 6.2 1260.8
vn -0.752971 -0.605799 0.256986
v -63.8 5.79531 1261.6
vn -0.804906 -0.544076 0.236871
v -63.8 6 1260.72
vn -0.657422 0.708639 0.256177
v -63.4 6.6 1260.76
vn -0.262149 -0.956483 -0.128134
v -64.2278 5.6 1262.2
vn -0.885818 -0.0638558 -0.459619
v -64 5.69048 1262
vn 0.0772215 -0.941498 -0.328052
v -63.6 5.66719 1262.2
vn -0.520941 0.820463 0.235503
v -63.6 5.80469 1262.6
vn 0.0465497 -0.938937 -0.340926
v -63 5.44844 1262.8
vn -0.152661 -0.779769 -0.60717
v -63.8 5.27656 1264
vn -0.329209 -0.941783 -0.0683058
v -63.6 5.25 1264
vn 0.125482 0.944788 -0.302704
v -63.6 5.31406 1264.2
vn -0.454033 0.85322 0.25665
v -63.5195 5.4 1264
vn 0.470247 0.757723 -0.452465
v -64.2153 7.2 1228.2
vn 0.473617 0.675052 -0.565678
v -63.7534 7.6 1228.6
vn -0.217209 -0.967196 0.131729
v -64.2 8.36094 1243.2
vn -0.017572 -0.993791 -0.109863
v -64 7.91406 1250.2
vn 0.192571 -0.925523 -0.326072
v -64.2 7.2 1254.03
vn -0.0598725 -0.978403 -0.197845
v -63.1129 7.4 1254.4
vn -0.816068 -0.548266 0.18286
v -64.3078 8.2 1256.6
vn -0.957957 -0.227496 0.174825
v -63.6797 7.6 1258.6
vn -0.579773 0.741656 0.337357
v -63.9939 6.8 1259
vn -0.611349 -0.790216 -0.0425549
v -64 8.07656 1259.4
vn -0.854255 0.425303 0.29894
v -63.6078 7.2 1259
vn -0.586578 -0.8093 -0.0309903
v -64.3325 8.2 1260.4
vn -0.740017 -0.668106 -0.0775183
v -64.2 8.13125 1261.6
vn -0.660405 -0.750611 -0.0211874
v -63.8 7.75781 1261
vn -0.973106 0.0810537 0.215627
v -63.3203 7 1260.4
vn -0.878801 -0.472081 0.0696324
v -63.2 7.01351 1261.2
vn -0.833238 0.544419 -0.0965534
v -64.4 8.07344 1263
vn -0.263361 0.948312 0.177044
v -64.2 8.13281 1263.2
vn -0.184869 0.982732 0.00786506
v -64 8.17656 1263
vn -0.314141 -0.947946 0.0520849
v -63.6946 7.4 1265.8
vn -0.381708 -0.920438 -0.0842166
v -63.6 7.47679 1265.2
vn -0.43767 0.853268 0.283513
v -63.6 7.45645 1265.8
vn -0.921171 -0.124966 0.368549
v -63.5367 7.6 1265.4
vn -0.415975 -0.856742 0.30489
v -63.2548 7.4 1266.4
vn -0.380669 -0.922537 -0.0633764
v -63.2 7.30469 1265.4
vn -0.381822 -0.923659 0.0326328
v -63.2 7.27903 1266
vn -0.428999 -0.900814 0.0670362
v -63.2 7.30217 1266.2
vn -0.976226 -0.188419 0.107148
v -63.2 7.2 1266.55
vn -0.385006 0.922423 -0.0301054
v -63.6879 7.2 1267.2
vn -0.166735 -0.971056 -0.171024
v -63.4 7 1267.88
vn -0.20926 0.973024 -0.0971297
v -63 7.42031 1267.2
vn -0.21122 0.953684 0.21418
v -63 7.47656 1267.8
vn -0.922506 0.0466388 0.383155
v -63.0071 7.2 1268.8
vn -0.36277 0.886505 0.287241
v -63.8 9.27969 1259.2
vn -0.190684 0.95782 0.214991
v -63.2 9.25593 1260
vn -0.620298 -0.363354 0.695129
v -64.2256 8.4 1260.6
vn 0.119751 0.99013 -0.0728154
v -64 11.1141 1239.4
vn 0.153345 0.987077 -0.0465252
v -63.6 11.0953 1238.8
vn -0.172731 0.951704 0.25382
v -64.4 11.1891 1247.4
vn -0.0301764 0.999516 -0.00759695
v -64 11.5734 1248.6
vn 0.124404 0.957299 -0.260964
v -63 11.5391 1248.8
vn -0.133624 0.977709 0.161958
v -63.6 11.4453 1250.8
vn -0.0602683 0.996537 -0.0572826
v -64.4 10.6172 1252.4
vn -0.0746692 0.996702 -0.0317699
v -63.6 10.8172 1253.2
vn -0.293187 0.876073 0.382803
v -63.8 10.0547 1255.8
vn -0.0766046 0.988791 0.128161
v -63.8 11.8609 1245.6
vn 0.334441 -0.87426 -0.35188
v -62.4 1.85781 1230
vn 0.582249 -0.39467 -0.71079
v -62.6 3.4 1226.59
vn 0.400073 -0.812494 -0.424023
v -61.2525 3.2 1228
vn 0.353773 -0.851312 -0.387443
v -62.4 2.47656 1228.6
vn -0.400407 -0.775238 0.488549
v -62.4 2.8 1231.44
vn -0.14952 -0.844148 -0.514837
v -62.2911 3.4 1272.4
vn -0.187498 -0.917782 -0.350029
v -62.0156 3.2 1272.8
vn -0.842802 -0.359193 0.400829
v -62.0058 3.4 1273
vn -0.161779 -0.882709 -0.441195
v -62 3.34844 1272.4
vn -0.308515 -0.706918 -0.636463
v -62 3.52857 1272.2
vn -0.476247 -0.653479 -0.588349
v -61.8 3.38281 1272.2
vn -0.773772 -0.633364 -0.0112755
v -62.2 3 1273.42
vn -0.716354 -0.697363 -0.0228462
v -62 2.74531 1274
vn -0.0960288 -0.94604 -0.309494
v -61.6 2.8 1273.61
vn -0.716354 -0.697363 -0.0228462
v -61.8 2.45469 1276.6
vn 0.640521 0.357238 -0.67979
v -61.6726 3.8 1227.6
vn -0.408828 -0.803933 0.431916
v -62.4 4.27656 1234
vn 0.0372221 -0.930798 -0.363635
v -62.6 4.88594 1264.2
vn -0.297043 -0.942135 -0.155393
v -62.8 4.44219 1266.6
vn -0.571673 0.772708 0.275886
v -62.6 4.95781 1267.2
vn 0.536047 -0.27794 -0.797122
v -62.8 4.16429 1269
vn -0.640802 0.695148 0.325796
v -62.6795 4.2 1269.2
vn 0.536047 -0.27794 -0.797122
v -62.6 3.97656 1269.2
vn -0.839493 -0.28819 0.460649
v -62.4635 3.6 1271.4
vn -0.311705 -0.949956 0.0205738
v -62.4721 3.8 1270
vn -0.918089 -0.175005 0.355649
v -62.4328 4 1270.2
vn -0.0926416 -0.992951 -0.0739331
v -62.2 3.67037 1271.4
vn -0.988194 0.0632792 0.139532
v -62.2 3.8 1271.27
vn -0.254582 0.953116 -0.16358
v -62.2 3.70469 1271.6
vn -0.839493 -0.28819 0.460649
v -61.6 3.64219 1273
vn -0.615825 -0.762942 -0.196669
v -61.2907 5 1276.2
vn -0.828839 0.171716 -0.532484
v -61.8047 5 1277
vn -0.828839 0.171716 -0.532484
v -61.4 5.09286 1276.4
vn -0.385586 0.922625 0.00934865
v -61.4 5.17115 1276.8
vn -0.849345 0.299163 0.434872
v -61.4016 4.4 1278.2
vn -0.999861 0.0127957 0.0106957
v -61.4 4.36094 1278.4
vn -0.849345 0.299163 0.434872
v -61.4 4.69531 1278
vn 0.312886 0.917461 -0.245698
v -61.8 5.65469 1229
vn -0.532085 -0.65331 0.538583
v -61.6 5.43906 1237.4
vn -0.203199 -0.961051 0.187327
v -62 6.12656 1238.4
vn -0.179321 -0.966533 0.183461
v -61.8 6.13281 1238.2
vn -0.436844 -0.801136 0.409083
v -61.4 5.98281 1238.2
vn -0.225132 -0.953749 0.199193
v -61.6 6.64219 1240.2
vn -0.0206531 -0.986724 -0.161088
v -61.3083 6.2 1259
vn -0.0400754 -0.969381 -0.242269
v -62.8 5.50469 1262.6
vn -0.87941 0.40539 0.249595
v -62.5016 6 1264.4
vn -0.937505 -0.30698 0.163855
v -62.5109 6.4 1264.2
vn -0.968103 0.156471 0.195687
v -62.1328 6.2 1265.8
vn -0.91064 0.352445 0.215679
v -61.9266 5.6 1267.6
vn -0.869318 -0.490896 0.0575112
v -61.8672 6 1267.8
vn -0.426416 -0.900174 -0.0886288
v -62.1342 6.4 1270.8
vn -0.923064 0.0894457 0.374103
v -62.2 6.6 1270.94
vn -0.307216 -0.338971 -0.889223
v -62.6293 6.2 1272.2
vn -0.307216 -0.338971 -0.889223
v -62.6 6.17344 1272.2
vn -0.53692 -0.838809 0.0900918
v -62.6 6.2 1272.45
vn -0.55658 -0.600697 -0.573918
v -62.4 6.2 1272.12
vn -0.55658 -0.600697 -0.573918
v -62.2852 6.4 1271.8
vn -0.389531 -0.915747 0.0983553
v -62.0407 6 1272.8
vn -0.563678 -0.626317 0.53851
v -62.2 6.14333 1272.8
vn -0.176139 0.842053 -0.509826
v -62.2 6.41094 1272.4
vn -0.731004 -0.682022 -0.0219164
v -61.6472 6 1271.6
vn -0.710466 -0.655243 -0.256699
v -62.2 5.8 1273.75
vn -0.868722 0.358346 0.34192
v -62.0983 6 1273.8
vn -0.736899 -0.481863 0.474118
v -61.8 5.62969 1274.2
vn -0.806445 0.283596 0.518863
v -61.8 5.8 1274.37
vn -0.503287 0.775939 0.380291
v -61.4 6.45156 1273.6
vn -0.442838 -0.858831 -0.257495
v -62.3121 5.4 1275.4
vn -0.14638 -0.943597 -0.296981
v -62.2 5.34219 1275.4
vn -0.213744 -0.935737 -0.280553
v -62.2 5.40217 1275.2
vn -0.690253 -0.723396 0.0157777
v -61.719 5.4 1275.8
vn -1 0 0
v -61.8 5.67344 1274.8
vn -0.0957394 -0.941452 -0.323269
v -61.6 5.26491 1275.6
vn -0.297039 -0.921549 -0.25003
v -61.6 5.53959 1274.8
vn 0.414945 0.830518 -0.371564
v -61.6 8.33175 1231.8
vn -0.257776 -0.938953 0.227857
v -61.6 6.98281 1242
vn -0.34804 -0.898791 0.266539
v -61.6 7.57344 1243.6
vn 0.0247964 -0.963188 -0.267681
v -61.6 7.43594 1253.6
vn -0.217262 -0.97605 -0.011111
v -62.2 7.08594 1255
vn -0.0778104 -0.964275 -0.253217
v -61.6 7.07656 1254.6
vn -0.674349 -0.738358 0.00893077
v -62.4 6.82381 1266.4
vn 0.332147 0.880959 -0.33703
v -62.7125 9.6 1235
vn 0.286397 0.895659 -0.340251
v -62.6 9.82344 1236.2
vn 0.271381 0.931987 -0.240316
v -62.4 9.32031 1234.8
vn 0.0121862 0.997174 -0.0741287
v -61.6 9.70469 1257.8
vn -0.0586851 0.715498 0.696145
v -62.3982 9.2 1259.4
vn -0.649057 0.741771 0.168824
v -62.2 9.37344 1259.4
vn 0.0141046 0.993908 -0.109308
v -62.2 9.26406 1259.8
vn -0.123978 0.961759 0.244232
v -61.8 9.83281 1258.8
vn 0.228744 0.930542 -0.285949
v -62.74 11.4 1243.4
vn 0.0799719 0.994 -0.0746229
v -62.8 10.7172 1253.4
vn -0.222705 0.910235 0.349106
v -62.6 10.7297 1253.2
vn 0.213097 0.956345 -0.199986
v -62.6393 11.6 1243
vn -0.367867 -0.921891 0.121621
v -60.4103 -1.4 1303.6
vn -0.205242 -0.932442 0.297368
v -60.4 -1.21094 1304.2
vn -0.764465 0.0676431 -0.641107
v -60.5279 0 1287.2
vn 0.00430829 -0.868125 -0.496327
v -60.2 -0.117187 1287.2
vn -0.764465 0.0676431 -0.641107
v -60 0.279688 1286.6
vn -0.787692 0.614819 0.0392313
v -60.1891 0.2 1288.8
vn -0.843575 -0.529917 -0.0870033
v -60.7182 -0.4 1290.4
vn -0.56069 -0.766737 -0.312635
v -60.6 -0.514544 1290.2
vn -0.58798 -0.807984 0.037969
v -60.6 -0.541305 1290.4
vn -0.63082 -0.655249 0.41559
v -60.6 -0.469812 1290.6
vn -0.757423 0.330525 0.563084
v -60.4823 -0.2 1290.6
vn -0.439981 -0.85461 0.275788
v -60.4 -0.635937 1290.6
vn -0.206676 -0.967427 -0.146188
v -60.2 -0.689062 1290.4
vn -0.0940234 -0.918614 -0.383807
v -60 -0.520312 1289.8
vn -0.0915596 -0.981075 -0.17061
v -59.8263 -0.2 1289.2
vn -0.852332 0.519113 0.0636583
v -60.4524 -0.2 1291
vn -0.48699 -0.870059 0.0764002
v -60.0163 -0.4 1292.2
vn -0.461221 -0.810542 0.360966
v -60 -0.454687 1291.2
vn -0.960933 -0.248836 -0.121196
v -60.2446 -0.2 1293.6
vn -0.873535 0.48563 0.0331805
v -60.1703 0 1292.6
vn -0.220697 -0.970309 0.0989622
v -59.6905 -0.4 1293.6
vn -0.0865232 -0.982939 0.162309
v -59.8 -0.373437 1293.8
vn -0.939363 -0.342865 -0.00642955
v -60.2984 -0.2 1294.6
vn -0.849829 -0.508993 0.136809
v -60.2672 -0.2 1295.4
vn -0.624117 -0.781253 -0.011054
v -60.2 -0.473437 1294.8
vn 0.0253156 -0.946184 -0.322637
v -59.8 -0.507812 1294.4
vn -0.418397 -0.895133 0.153888
v -59.8 -0.339062 1294
vn -0.965164 -0.255392 -0.0568662
v -60.2 -0.676562 1296.4
vn -0.892317 0.450803 0.0233885
v -60.3203 -0.4 1297.2
vn -0.429557 -0.902002 -0.043286
v -60.8 -1.19524 1303.2
vn -0.294556 -0.937882 -0.183343
v -60.4907 -1.2 1302.8
vn -0.841544 0.490048 0.22728
v -60.1359 -0.4 1303.4
vn -0.896679 0.438481 0.0608449
v -60.1172 -0.2 1302.4
vn -0.398335 -0.89213 0.213149
v -60.6 -1.2 1304.08
vn -0.505937 0 0.86257
v -60.4 -0.905172 1304.2
vn -1 0 0
v -60.4 -0.970312 1304.6
vn -0.417735 0.907256 -0.0488199
v -60.2183 -0.8 1304.6
vn -0.384368 -0.855616 0.346673
v -60.134 -1.2 1304.4
vn -0.416129 -0.162644 0.894642
v -60.2 -1.04091 1304.4
vn -0.305326 0.203574 0.930233
v -60.1727 -1 1304.4
vn -0.402616 -0.458605 0.792201
v -60.2 -1 1304.42
vn -0.428865 0.900943 -0.0661562
v -60.1482 -0.8 1304
vn 0.176931 0.91556 0.361171
v -59.8 -0.8 1303.75
vn -0.881428 0.305248 0.360428
v -59.6828 0.2 1304
vn -0.653544 -0.756113 -0.0342449
v -61 1.64546 1279.2
vn -0.989807 -0.0450356 0.135109
v -61 1.8 1279.25
vn -1 0 0
v -61 1.36719 1279.8
vn -0.722694 0.600844 0.341615
v -60.6951 1.4 1280.6
vn -0.815865 -0.357179 0.454738
v -60.2 1.06406 1281.2
vn -0.623551 0.709929 0.327392
v -60.175 1.4 1281.4
vn -0.704326 -0.709877 0
v -60 1 1282.58
vn -0.862634 -0.282924 0.419304
v -59.9982 1.2 1281.6
vn -0.846578 -0.428257 0.316072
v -60 1.4 1281.76
vn -0.749982 -0.656242 -0.0829037
v -59.8953 1.4 1282.2
vn -0.98064 0.116873 0.157119
v -59.8516 1.4 1282.4
vn -0.836891 0.49758 0.228098
v -59.9203 1.6 1281.6
vn -0.708915 -0.620309 -0.335644
v -59.8 1.18281 1282.4
vn -0.290319 -0.927209 0.236639
v -59.8 1.29107 1282.2
vn -0.664904 -0.746919 -0.00375903
v -60.1119 0.8 1283.4
vn -0.32927 -0.926895 -0.180131
v -60 0.726563 1283.4
vn -0.714121 -0.691516 0.108797
v -59.8268 0.6 1284
vn -0.354846 -0.902239 -0.245049
v -60 0.8 1283.13
vn -0.704326 -0.709877 0
v -60 1 1283.03
vn -0.704326 -0.709877 0
v -59.8 0.801563 1283
vn -0.952832 0.287862 0.0961595
v -59.6797 1.8 1282.8
vn -0.9997 -0.024493 0.000823676
v -59.8984 0.8 1285
vn -0.999506 -0.0245774 0.0195916
v -59.8525 0.8 1285.6
vn -0.958661 0.284537 -0.00277871
v -59.8047 1.2 1285.4
vn -0.952863 -0.301663 0.0324405
v -59.8 0.489063 1285
vn -0.965354 0.260279 0.0186079
v -59.6391 1.8 1285.6
vn -0.633803 -0.772786 -0.0330979
v -60.1258 0.4 1286.2
vn -0.764465 0.0676431 -0.641107
v -60.1571 0.4 1286.8
vn -0.809796 -0.582036 -0.073926
v -59.8891 0.8 1286
vn -0.809796 -0.582036 -0.073926
v -59.8 0.676087 1286
vn -0.959705 -0.279016 -0.0334088
v -59.7141 1.8 1287.4
vn -0.959691 -0.281057 -0.000299909
v -59.9145 1.8 1290.4
vn -0.9385 0.345096 0.0112309
v -59.6797 1.2 1290.6
vn -0.968835 -0.246205 0.0272439
v -59.7641 1.6 1291
vn -0.924274 0.348371 0.156061
v -59.6887 1.8 1291
vn -0.56386 0.759663 -0.323996
v -60.0463 1.8 1293.8
vn -0.992357 -0.123083 -0.00887148
v -59.8234 1.6 1293.2
vn -0.896794 -0.430887 -0.100483
v -59.8234 1.6 1293.6
vn -0.521913 0.738818 -0.426328
v -59.8047 1.8 1293.4
vn -0.999565 -0.0290994 -0.00476355
v -59.7266 1.2 1293
vn -0.417144 0.85502 -0.308108
v -59.8 1.98281 1293.8
vn -0.683829 -0.726409 0.0686107
v -60.1548 1.8 1294.8
vn -0.908345 0.417905 0.0162583
v -59.8203 0.6 1294.6
vn -0.74637 -0.664649 -0.0342553
v -59.895 1.6 1294.8
vn -0.89027 -0.446877 0.0878608
v -59.9016 1.6 1295
vn -0.741436 -0.538833 0.399914
v -59.9391 1.8 1295.2
vn -0.956514 -0.290899 -0.0214064
v -59.8391 1.4 1296.2
vn -0.988908 -0.14788 0.0138822
v -59.862 1.6 1296.2
vn -0.0811895 0.996695 0.00266699
v -59.8 1.96719 1301.2
vn -0.644896 -0.76408 -0.0170751
v -60.4016 1.4 1302
vn -0.989862 -0.141422 -0.0131328
v -60.4328 1.6 1302.2
vn -0.661827 -0.735663 -0.144173
v -60.239 1.2 1303
vn -0.973018 -0.220346 0.0684408
v -60.3453 1.4 1302.8
vn -0.491285 0.870781 0.0195007
v -60.2 1.84219 1302
vn -0.999797 -0.00384848 0.0197937
v -59.8016 0.6 1302.6
vn -0.965528 -0.260091 0.0104288
v -59.9435 1 1302.6
vn -0.548192 0.834208 0.0598557
v -59.8 1.93594 1303
vn -0.641364 -0.766665 -0.029597
v -60.4525 1.2 1304
vn -0.490046 -0.779903 0.389365
v -60.3047 1.2 1304.4
vn -0.882784 0.427524 0.19472
v -60.3391 1.6 1304
vn -0.485332 -0.856396 0.176176
v -60.1477 1 1304
vn -0.677364 0.586419 0.444174
v -60.2 1.6625 1304.2
vn -0.634954 0.772395 0.0154499
v -60.2 1.82344 1303.8
vn -0.631993 -0.769562 -0.0914327
v -60 0.898438 1304
vn -0.546894 -0.670711 0.501053
v -59.9622 1 1304.2
vn -0.392648 -0.832273 0.391343
v -60 1.14219 1304.6
vn -0.451772 0.837761 0.30669
v -60 1.94531 1304
vn -0.909894 0.367365 0.192707
v -59.6953 0.4 1303.8
vn -0.98571 -0.165923 0.0290662
v -59.7172 0.6 1304.2
vn -0.608343 0.732734 0.304992
v -61 3.10469 1276
vn -0.753099 0.585049 0.300931
v -60.2 2.4 1279
vn -0.902466 -0.43076 -0.000936495
v -59.9891 2.8 1279.4
vn -0.946242 0.263958 0.186956
v -59.8828 2.4 1280
vn -0.827803 -0.558418 -0.0539594
v -60 2.6 1282.34
vn -0.962646 -0.270748 -0.00268179
v -59.7422 2.2 1281.8
vn -0.987352 -0.135856 0.0817232
v -60.0864 2.8 1283.2
vn -0.938324 -0.343782 0.0369014
v -59.8984 2.2 1285.6
vn -0.669425 0.736584 0.0965066
v -59.7766 2.8 1285.2
vn -0.982268 -0.184444 -0.0336141
v -59.7797 2 1286.4
vn -0.991886 -0.12706 0.00419224
v -59.74 2 1287.4
vn -0.835665 -0.541878 0.0896243
v -59.8 2.2 1286.52
vn -0.614127 0.776605 -0.140475
v -60 2 1294.21
vn -0.62818 0.771249 0.102788
v -59.8 2.15715 1295
vn 0.570548 0.523298 -0.632957
v -60.7925 4.2 1228.8
vn 0.684096 0.119788 -0.719488
v -60.8 4.4 1228.88
vn -0.542826 -0.548713 0.63581
v -60.7953 4.8 1236.2
vn -0.128322 -0.982609 0.134211
v -61 5.16094 1236.4
vn 0.103194 -0.93507 -0.339109
v -61 4.99531 1264.6
vn 0.176966 -0.916258 -0.359379
v -60.4 4.63281 1265.6
vn -0.0692074 -0.987302 -0.142986
v -60.8 3.91719 1269.2
vn -0.307431 0.875987 0.371663
v -61.2 5.11406 1277.4
vn -0.980667 0.103132 0.166303
v -60.4672 3.6 1276.4
vn -0.430757 0.689636 0.582109
v -60.2 5.16719 1277.2
vn -0.960053 -0.152361 -0.234703
v -61.0373 4 1279
vn -0.797309 0.231493 0.557413
v -61.0273 4.2 1279
vn -0.553393 -0.809526 -0.19602
v -60.8 3.81094 1279.2
vn -0.458464 0.818259 0.34679
v -60.8 4.32656 1279.2
vn -0.783596 -0.617868 0.06493
v -61.1567 3.8 1279.8
vn -0.945598 0.105842 0.30764
v -61.0266 3.8 1280.2
vn -0.960053 -0.152361 -0.234703
v -61.1839 4 1279.6
vn -0.29181 -0.930775 0.22024
v -59.8 6.46094 1242
vn -0.258319 -0.950027 0.175274
v -59.8 6.62031 1243
vn -0.956899 -0.277038 0.0871481
v -61.0984 5.2 1272.2
vn -0.786661 -0.611852 -0.0824735
v -61.0984 5.2 1274.4
vn -0.382596 0.781697 0.492514
v -61.2 6.45469 1273.8
vn 0.138829 0.913263 -0.382985
v -60.8 6.4 1273.75
vn 0.0880514 0.975859 -0.199868
v -60.4 6.22656 1273.6
vn -0.151376 0.912424 0.380221
v -60.2 5.47031 1275.4
vn -0.327229 0.629182 0.705018
v -60 5.8 1275.09
vn 0.628285 0.177278 -0.757516
v -60.2 7 1231.38
vn 0.54127 0.614384 -0.574072
v -60.9357 7.8 1231.8
vn 0.622712 0.225216 -0.749338
v -60 7.14167 1231.6
vn -0.296209 -0.925699 0.235248
v -61 6.92031 1242.4
vn -0.536132 -0.676887 0.504367
v -60.4578 7.2 1244.2
vn -0.427958 -0.82637 0.366012
v -60.0659 7 1244.4
vn -0.0590972 -0.989814 -0.129518
v -60.8 7.66094 1251.4
vn -0.0842288 -0.991528 -0.0988872
v -60.8 7.53594 1253.4
vn -0.189069 -0.981954 -0.00427946
v -61.2 7.01406 1256.6
vn -0.216507 0.955109 0.202216
v -61.2 7.65781 1268
vn 0.0160419 0.99888 0.0445103
v -60.6 7.11094 1269.6
vn -0.122812 0.943121 0.308934
v -60.2 7.14219 1269.6
vn 0.326633 0.875791 -0.355388
v -59.8 9.62969 1238
vn -0.099564 0.931688 0.349349
v -59.61 9.6 1260
vn -0.097534 0.992782 0.0697983
v -60 9.51406 1260.8
vn 0.275639 0.943643 -0.183197
v -60.8 10.6484 1240.4
vn 0.227989 0.96667 -0.116486
v -60.6 11.3266 1245
vn 0.272575 0.928396 -0.252554
v -60.4 11.1453 1244.6
vn 0.23224 0.929431 -0.286745
v -60.3609 11.2 1244.8
vn 0.0378996 0.997754 0.0552269
v -61.2 11.4891 1250
vn -0.000232866 0.994659 0.103215
v -60.5148 11.4 1249.4
vn 0.0818188 0.992155 -0.094522
v -59.8 11.3484 1250.2
vn -0.145761 0.879081 0.453839
v -60.4 10.7422 1254.4
vn -0.055412 0.975293 0.213855
v -60.4 10.6859 1254.6
vn -0.118685 0.907421 0.403114
v -60 11.1797 1254
vn 0.227546 0.956595 -0.182067
v -61.154 11.6 1245
vn -0.144676 -0.97639 -0.160409
v -58.2 -1.22344 1298
vn -0.263372 -0.961752 -0.0752845
v -58.6 -2.05781 1303.8
vn 0.117423 -0.837055 -0.53437
v -59.6 0.360938 1286.4
vn -0.194613 -0.964092 0.180702
v -59.2143 -0.6 1292
vn -0.290713 -0.907045 0.304557
v -58.8 -0.732812 1291.8
vn 0.043591 -0.961709 -0.270584
v -58.6 -0.667392 1290.8
vn -0.442344 -0.802216 0.400975
v -58.2 -0.910937 1292
vn -0.487735 -0.826282 0.281732
v -58.2 -0.815255 1292.2
vn -0.164083 -0.958788 0.231952
v -59.6 -0.364062 1293.8
vn -0.37198 -0.910863 0.178776
v -59.4 -0.445312 1293.8
vn -0.143962 -0.985384 -0.0910656
v -58.6 -0.8 1292.74
vn -0.437402 -0.886494 0.151023
v -58.4 -0.610937 1292.4
vn -0.0931818 -0.963547 -0.250787
v -58.2467 -0.8 1292.8
vn -0.390575 -0.918867 -0.0559955
v -58.2 -0.767187 1292.6
vn -0.0554279 -0.99838 0.0128472
v -59.6 -0.285937 1294
vn 0.0252356 -0.951828 -0.305593
v -59.4 -0.435937 1294.4
vn -0.30462 -0.951769 0.0366434
v -59.2 -0.439062 1294.2
vn -0.210329 -0.97696 -0.0362096
v -58.3 -0.6 1295.2
vn 0.103107 -0.843493 -0.527151
v -59.6 -0.873437 1296.6
vn -0.182214 -0.951582 -0.247567
v -59.6 -0.623437 1296.2
vn -0.315186 0.036691 0.94832
v -59.6 -1.05469 1304.6
vn -0.235149 0.840691 0.487795
v -59 -1.02969 1304.6
vn -0.653014 0.00492425 0.75733
v -59 -0.8 1304.35
vn -0.346585 -0.867795 0.356104
v -58.2 0.892188 1282.6
vn 0.265157 -0.935551 -0.233317
v -59.4 0.589063 1285.2
vn 0.213686 -0.911702 -0.350911
v -59.2 0.476563 1285.6
vn -0.20696 -0.926499 0.314272
v -59.2 0.642188 1285
vn -0.20623 -0.962944 0.173804
v -59 0.529688 1284.8
vn -0.299116 -0.874179 0.382546
v -59 0.704688 1285.2
vn -0.0051373 -0.989796 -0.142398
v -58.6 0.535938 1284.4
vn -0.295922 -0.946582 0.128113
v -59 0.457813 1286
vn -0.020343 -0.964959 -0.261612
v -58.8 0.454688 1286.6
vn -0.343171 0.826805 -0.445677
v -59.4 1.82031 1293
vn -0.0725601 0.997177 -0.0193359
v -59 1.91094 1297.6
vn -0.0655184 0.990801 0.118413
v -59 1.87969 1299.8
vn -0.133043 0.98106 0.140785
v -58.4 1.98906 1300
vn 0.0655986 0.993548 -0.0925108
v -58.4 1.82969 1300.6
vn -0.625887 -0.222644 0.747459
v -59 0.6 1304.78
vn -0.617616 0.465701 0.633777
v -58.8 1.37692 1305.8
vn -0.517649 0.706791 0.482167
v -59 3.5 1283.8
vn -0.498612 0.765601 0.406498
v -58.8 3.2 1284.24
vn -0.429657 0.902865 -0.0151188
v -59.4 3.00469 1284.4
vn -0.496136 0.821661 0.280576
v -59.2 3.2 1285.62
vn 0.0492294 0.83472 -0.548469
v -58.9944 3.4 1285
vn -0.262165 0.964329 0.0365816
v -58.4 2.63594 1288.2
vn -0.50017 0.852451 0.152176
v -59.6 2.05781 1290.2
vn -0.349198 0.9298 0.116327
v -58.2 2.73906 1290.2
vn -0.108954 0.970382 -0.215611
v -59 2.17031 1293.6
vn -0.148834 0.977766 -0.14772
v -58.6 2.08594 1293.4
vn -0.189762 0.975694 -0.1096
v -59.6 2.15781 1294.2
vn 0.15253 0.987755 -0.0327716
v -59 2.18906 1294.4
vn 0.0353955 0.995591 0.0868699
v -58.8 2.2 1294.02
vn 0.090406 0.982023 -0.165705
v -58.8 2.2 1294.92
vn 0.00491007 0.999685 -0.0246089
v -58.6 2.06094 1294.4
vn -0.114569 0.988266 0.101013
v -58.6 2.2 1294.03
vn -0.0949454 0.978276 -0.184288
v -58.4 2.22969 1295
vn -0.359238 0.900752 0.244117
v -59.15 2 1296.4
vn -0.27774 0.875854 0.39464
v -59.0125 2.2 1295.8
vn -0.138955 0.98576 0.0947061
v -59 2.31719 1295.6
vn -0.504675 0.859881 0.076862
v -58.7179 2.2 1297
vn -0.176534 0.906362 0.383853
v -58.3 2 1296.6
vn -0.108269 0.993758 -0.0268681
v -59.4 2.07031 1303
vn 0.447661 0.698706 -0.558042
v -58.4 4.13594 1230.6
vn 0.559205 0.432947 -0.706999
v -58.3271 4.4 1231
vn -0.570337 -0.625413 0.532516
v -58.7953 4.8 1238.2
vn 0.0169095 -0.976746 -0.213732
v -59 5.04531 1264
vn 0.124756 -0.943729 -0.306286
v -59.4 4.56406 1266.4
vn -0.0208557 0.999713 -0.01182
v -59.4 4.57656 1279
vn -0.428083 0.702733 0.568252
v -59.6 4.39706 1280.8
vn -0.273815 0.9461 0.172973
v -59.2 4.67969 1280.6
vn 0.058678 0.970942 -0.232012
v -58.8 4.63906 1279.6
vn -0.134631 0.990054 -0.0408274
v -58.2 4.8 1280.22
vn -0.689347 0.721829 -0.0613509
v -58.8 3.92656 1282
vn -0.399238 0.898828 0.180879
v -58.6 4.15156 1282.4
vn -0.267275 0.856646 0.441273
v -58.4 4.65781 1281.2
vn -0.31661 0.936356 0.151643
v -58.8 3.82969 1283.2
vn 0.56015 0.418411 -0.714957
v -59.5804 6.6 1231.8
vn 0.461789 0.702751 -0.541195
v -58.8 6.32656 1232
vn -0.214527 -0.961078 0.174093
v -58.6 6.15781 1242.2
vn -0.365698 -0.882184 0.296677
v -58.4 6 1241.74
vn 0.0181173 -0.977926 -0.208162
v -59 6.70156 1256.4
vn 0.230368 -0.899118 -0.37218
v -58.4 6.4 1260.15
vn -0.346291 0.586139 0.732477
v -58.4 6.46949 1275.4
vn -0.279437 0.79723 0.535107
v -58.2 5.85781 1276
vn 0.455406 0.802124 -0.386268
v -59.4 7.06094 1232.4
vn 0.522237 0.618428 -0.58721
v -59.1222 6.8 1232.2
vn -0.592637 -0.599026 0.538469
v -58.6 7 1246
vn -0.00232057 -0.992792 -0.119827
v -58.8 7.22969 1246.6
vn -0.565672 -0.66077 0.493355
v -58.4423 7.2 1246.4
vn -0.483233 -0.775731 0.405867
v -58.2196 6.8 1246.2
vn -0.129043 -0.986132 -0.104362
v -58.8 7.54531 1250.4
vn -0.26769 -0.962998 -0.0312416
v -59.5667 7.2 1252.2
vn -0.145472 -0.987879 -0.0541588
v -59.6 7.24844 1253.2
vn 0.0348773 -0.967731 -0.249561
v -59 7.07656 1255.4
vn -0.120958 -0.988346 -0.092419
v -58.8 7.08594 1255.2
vn -0.00842082 0.998007 0.0625445
v -59.1063 9.8 1259.6
vn -0.131363 0.919653 0.370111
v -58.8 9.30469 1261
vn -0.0258212 0.983207 0.180656
v -58.8 9.51719 1261.4
vn -0.0770166 0.992164 -0.0983799
v -58.4 9.45469 1261.2
vn -0.168724 0.968832 0.181373
v -58.8 8.74844 1264.6
vn -0.0908133 0.968982 0.229842
v -58.4 8.50156 1265.6
vn 0.0155425 0.975301 0.220332
v -59 11.1297 1245.8
vn 0.33867 0.875162 -0.345534
v -59 11.2 1246.39
vn -0.0172546 0.971633 0.235864
v -58.6 11.0234 1246.2
vn 0.138442 0.990256 0.0150854
v -58.4 11.0703 1246
vn -0.011382 0.976355 0.215873
v -58.4 11.0359 1246.2
vn -0.0537022 0.913865 0.40245
v -59.6 10.6828 1254.6
vn -0.00413886 0.999258 -0.0383039
v -59 10.6266 1255
vn -0.213335 -0.969509 -0.120586
v -57.2 -2.03281 1302
vn -0.368452 0.751225 0.547636
v -56.985 -1.4 1306.2
vn -0.122146 -0.987684 -0.0977744
v -56.9479 0.2 1286.8
vn -0.0983227 -0.987651 -0.121979
v -57 0.035938 1287.8
vn 0.133656 -0.934444 -0.330076
v -56.6 0.070313 1287.8
vn -0.174182 -0.980129 -0.0949124
v -57.9321 -1.2 1297.8
vn -0.150108 0.944404 0.29252
v -57.8 1.87969 1302.8
vn 0.0966057 0.991968 -0.081646
v -57.8 1.83281 1303.2
vn 0.189674 0.9471 -0.258894
v -56.8 1.92344 1304.2
vn -0.0051438 0.995861 0.0907398
v -57 1.94844 1306
vn -0.105327 0.960165 0.258824
v -56.6 1.96406 1306
vn -0.463851 -0.72758 0.50544
v -56.8529 1.2 1307.8
vn -0.443283 0.699291 0.560796
v -56.8 1.54912 1307.6
vn -0.0523796 -0.988793 -0.139804
v -57.8 3.11094 1273.4
vn -0.442044 0.783215 0.437231
v -58 3.48793 1284.6
vn -0.197482 0.961124 -0.192981
v -57.8 3.46094 1285.2
vn -0.353622 0.916959 0.184765
v -56.8 3.18906 1288.2
vn 0.0497882 0.967356 -0.248483
v -57 2.96406 1290.2
vn -0.0592761 0.985405 -0.159572
v -58 2.26094 1294
vn -0.0274995 0.953814 -0.299138
v -58 2.26719 1295
vn -0.0777257 0.988905 -0.126594
v -57.7038 2.4 1295.4
vn -0.127018 0.980722 0.148496
v -57.0675 2.4 1294.8
vn -0.0893434 0.995093 -0.0425196
v -57.6 2.43594 1296.2
vn 0.0612183 0.970825 -0.231842
v -57 2.45273 1295.6
vn 0.222681 0.850065 -0.477287
v -57.9026 2.2 1297.2
vn -0.527936 0.758054 0.382934
v -57.8 2.11094 1298.2
vn 0.0465873 0.968699 -0.243826
v -57.6 2.09531 1298.6
vn 0.212422 0.867045 -0.450678
v -57.6 2.36719 1297.6
vn -0.246833 0.939779 0.236409
v -57.4 2.26094 1298.4
vn -0.266251 0.849689 0.455125
v -56.8 2.08594 1303
vn 0.637948 -0.264064 -0.723389
v -58 4 1230.76
vn 0.413709 0.691386 -0.59231
v -57.8 4.24219 1231.2
vn 0.656889 -0.0355809 -0.753147
v -57.8 4.76087 1231.4
vn 0.511697 0.508827 -0.692287
v -56.5942 4.4 1232.2
vn 0.0696625 -0.977293 -0.200113
v -57.2 4.90781 1265.6
vn 0.187098 0.92831 -0.321302
v -57.95 4.6 1280
vn 0.319122 0.770741 -0.551471
v -57.6 4.72344 1280.4
vn -0.0487597 0.978224 -0.201742
v -57.4 4.28281 1282.8
vn -0.277714 0.913302 0.297915
v -56.6 3.71094 1287.2
vn 0.26253 0.935358 -0.237031
v -58 5.25781 1231.6
vn -0.0685398 -0.996401 0.0498797
v -57.6 5.23594 1240.2
vn -0.21428 -0.960574 0.17715
v -57.2 5.2 1240.19
vn 0.0586224 -0.97058 -0.233532
v -56.8 6.54531 1258
vn -0.0590673 -0.991127 -0.119069
v -58 6.24531 1258.8
vn 0.253469 -0.88633 -0.387521
v -58 6 1260.99
vn 0.0647013 -0.973889 -0.217609
v -57.6 5.53906 1262.8
vn -0.478608 -0.791335 0.380425
v -56.8453 6.8 1247.8
vn -0.281104 -0.958657 0.0442469
v -57.8 6.87969 1254.8
vn -0.133719 0.946525 0.293615
v -57.6 7.22344 1271.6
vn 0.351646 0.860415 -0.368823
v -58 9.75156 1239.8
vn -0.0836409 0.980086 0.1801
v -57 9.74844 1260.4
vn -0.0061799 0.999974 0.00380783
v -56.6 8.82344 1265.4
vn -0.0969175 0.899773 0.425458
v -58 10.8703 1245.6
vn 0.227741 0.970015 -0.0848835
v -57.8 10.8797 1246.8
vn 0.120527 0.988431 0.0920712
v -57.4 11.2203 1248.2
vn 0.218378 0.961244 -0.168287
v -57 10.9734 1253.6
vn -0.0492437 0.98039 0.190813
v -57.2 10.7422 1255.8
vn -0.186255 -0.980542 -0.0620169
v -56.2 -1.32969 1295.4
vn -0.206342 -0.973125 -0.10223
v -56.4 -1.49844 1299.2
vn -0.201296 -0.973631 -0.107343
v -56 -1.73594 1298.8
vn -0.0980294 -0.976608 -0.191381
v -55.4 -2.2 1301.21
vn -0.172073 -0.978802 -0.111075
v -55 -2.12656 1300.4
vn -0.215114 0.866473 0.450501
v -56.2158 -2.2 1308
vn -0.345113 -0.923415 0.167934
v -56 -2.42031 1308.2
vn -0.140294 -0.985708 -0.0932567
v -55.2 -0.207812 1287.4
vn -0.241839 -0.967698 0.0712371
v -55 -0.302777 1288.4
vn -0.00993694 -0.979747 -0.199993
v -56 -0.957812 1291.6
vn 0.15903 0.965799 -0.204798
v -56.4 1.98281 1302.2
vn -0.0896178 0.990867 0.100755
v -55.6 1.82344 1302.2
vn 0.20901 0.972382 -0.10387
v -55 1.95156 1303.4
vn 0.10628 0.98573 0.13054
v -55.2 1.91094 1306.4
vn -0.554024 -0.623906 0.55118
v -56.2113 0.6 1307.2
vn -0.0841302 0.976527 0.198285
v -56.4 1.91406 1307.2
vn -0.58993 -0.61498 0.523243
v -55.2 0.804688 1308.8
vn -0.665561 -0.359346 0.65414
v -55 1.2 1309.22
vn 0.0595183 0.966164 -0.250969
v -56 2.90469 1290.6
vn 0.149892 0.921803 -0.357509
v -55 3.19531 1291.6
vn -0.162631 0.978365 0.127878
v -55 3.29219 1291.8
vn -0.122376 0.964646 0.233415
v -55.2391 3 1293.2
vn -0.106876 0.988713 0.104993
v -55.4 2.66719 1295
vn 0.261437 0.923179 -0.281766
v -56.4 2.28281 1295.6
vn 0.0974038 0.986909 -0.128541
v -55.4 2.57969 1296.6
vn -0.150519 0.963816 0.220007
v -56.2 2.48906 1297.2
vn 0.234599 0.90372 -0.358125
v -56 2.11094 1298.2
vn -0.139987 0.955092 0.261159
v -55.8 2.06406 1298
vn 0.172898 0.979006 -0.107953
v -55.4 2.26094 1299
vn 0.271643 0.918817 -0.286331
v -55 2.11719 1299
vn 0.200343 0.943256 -0.264822
v -56.2 2.18906 1305.6
vn 0.165069 0.985959 -0.0252576
v -55 2 1305.96
vn 0.556329 0.529027 -0.640802
v -56 5 1232.9
vn 0.606957 -0.374371 -0.701035
v -55.2 3.8 1233.31
vn -0.402419 -0.810147 0.426286
v -56.4 3.81406 1239.2
vn -0.0556658 -0.989574 0.132832
v -56 3.65781 1238.8
vn -0.233776 -0.966355 0.107266
v -55 5.15156 1242.8
vn 0.094881 -0.963658 -0.249722
v -56 4.50156 1268.4
vn -0.155287 0.951832 0.264389
v -56.4 4.97656 1281.4
vn -0.168009 0.958782 0.229151
v -56.4 4.12656 1284
vn -0.225868 0.927552 0.297708
v -55.8 4.42344 1283
vn -0.301881 0.921488 0.244392
v -56 4.15781 1285.2
vn 0.0825677 0.973267 -0.214321
v -55.8 4.13594 1284.8
vn 0.242808 0.872743 -0.423513
v -54.9577 4.2 1285.4
vn 0.0749125 0.974333 -0.212281
v -55 4.30156 1285.6
vn -0.173957 0.959296 0.222466
v -56.4 3.93594 1286.8
vn -0.0667244 0.991257 -0.113831
v -56.3812 4 1286.2
vn -0.279306 0.95207 0.124704
v -55.9783 4 1286
vn -0.118233 0.972012 0.203012
v -55.6 3.92656 1286.8
vn -0.355743 0.880668 0.312843
v -55.4 4.07344 1286.6
vn -0.206567 0.946332 0.248567
v -55.2 3.86094 1287.2
vn -0.121852 0.990674 0.0609605
v -55 3.90156 1287.6
vn -0.225129 0.951533 0.209526
v -55 3.90781 1288.4
vn 0.581447 0.469342 -0.664558
v -55.6 5.6 1234.19
vn 0.610061 0.227196 -0.759084
v -55.4 5.2 1234.23
vn 0.513821 0.651392 -0.558281
v -55.1377 6.6 1236
vn -0.309487 -0.928444 0.205452
v -55.2 5.94219 1245.8
vn -0.218452 -0.973609 0.0660648
v -55.2 6.76719 1250
vn -0.10777 -0.988375 -0.107243
v -56 6.33906 1256
vn -0.210239 -0.977373 -0.0232905
v -55.8 6.46406 1257.8
vn 0.167305 -0.933204 -0.318025
v -56 5.69531 1263.4
vn 0.0198298 -0.980546 -0.195287
v -55.4 5.87656 1263
vn 0.0419344 -0.979963 -0.194716
v -56.0562 5.2 1265
vn -0.0394568 0.991704 0.122335
v -55.8 5.49219 1277.8
vn -0.119612 0.955299 0.270363
v -55.4 5.6 1277.39
vn -0.254453 -0.965227 0.0599148
v -55.3485 6.8 1254.2
vn 0.255817 0.951236 -0.172361
v -56.2 8.60781 1239
vn 0.375868 0.850353 -0.368272
v -55.8 8.6 1239.86
vn 0.265578 0.946539 -0.183117
v -55.4 9.32344 1241.4
vn -0.0401036 0.924214 0.379763
v -55.8 10.9422 1249
vn 0.281609 0.914327 -0.291038
v -55.4 10.9672 1249
vn 0.331459 0.866888 -0.372344
v -55.1552 10.8 1248.8
vn 0.02802 0.943199 0.331045
v -55.5 10.8 1249.4
vn 0.0184945 0.921001 0.389121
v -55.4 10.8766 1249.2
vn 0.335632 0.897925 -0.284748
v -55 10.8922 1249.2
vn -0.00664144 0.914859 0.403718
v -55 10.8047 1249.4
vn 0.163043 0.982048 -0.0948669
v -56.4 11.1047 1252.4
vn 0.154441 0.987916 0.0130323
v -56 10.9422 1255
vn 0.160468 0.945503 -0.283325
v -56 10.6328 1255.6
vn 0.180584 0.91372 -0.364014
v -56 10.7141 1255.8
vn 0.104124 0.990785 -0.0866213
v -56 10.7922 1256
vn 0.00563977 0.999969 0.00549661
v -54.875 10.6 1255.6
vn 0.0385486 0.987641 0.151916
v -55.6 10.4203 1257.2
vn -0.0945166 -0.974457 -0.203715
v -53.4 -1.69531 1295.8
vn -0.0415925 -0.990867 -0.128271
v -53.6 -2.69531 1303.4
vn -0.0958664 -0.989547 -0.107728
v -54.19 -2.8 1304.4
vn -0.514529 0.488502 0.704717
v -54.8 -2.2 1309.06
vn -0.206661 -0.960479 0.186473
v -54.6 -2.62969 1309.2
vn -0.588637 0.185509 0.786825
v -54.2281 -2.4 1309.6
vn -0.609959 0.113782 0.784221
v -54.0082 -2.6 1309.8
vn -0.676443 -0.106177 0.728801
v -54.8 -0.4 1308.25
vn -0.665239 -0.540863 0.514708
v -53.2315 0 1310
vn 0.147184 0.988901 -0.0202704
v -54 1.94844 1299.6
vn -0.0109616 0.999874 0.0114913
v -54.8 1.92031 1301
vn 0.167929 0.982265 -0.0833948
v -54 1.67656 1303.8
vn 0.0529607 0.986074 0.15765
v -53.4 1.71094 1303.6
vn 0.147711 0.98859 -0.0295204
v -53.6 1.6 1305.35
vn -0.17996 0.916013 0.358517
v -54.8 1.59219 1308.6
vn -0.41008 0.704031 0.579806
v -54.4156 1.2 1309.8
vn 0.135215 0.988269 0.0709992
v -53.8176 1.6 1308.6
vn -0.608734 -0.730488 0.309565
v -53.9823 0.8 1310.4
vn -0.51044 -0.82538 0.241245
v -53.4 0.432813 1310.8
vn -0.415546 -0.799244 0.434201
v -54.4 2.19531 1238
vn 0.0578697 -0.96886 -0.240751
v -53.4 2.8 1275.32
vn -0.190117 0.978202 0.0835241
v -54.6 3.09844 1291.2
vn 0.103466 0.993361 0.0502879
v -53.8 3.24219 1292.4
vn 0.0726542 0.99456 -0.0746383
v -54.2 2.31719 1296.8
vn 0.0820286 0.991205 0.103851
v -54.4 2.47031 1297.8
vn -0.105944 0.943871 0.312863
v -53.4 2 1299.44
vn -0.0759493 0.994888 0.0665566
v -54.2 2.12344 1302
vn 0.644059 0.134152 -0.753121
v -54.5019 4.2 1233.8
vn 0.367151 0.851421 -0.374545
v -53.8 4.98281 1235
vn -0.13839 -0.969885 0.20043
v -54 3.87656 1240.4
vn -0.508874 -0.703272 0.496443
v -53.3952 3.6 1240.4
vn -0.600628 -0.63227 0.489367
v -54.7266 5 1242.8
vn -0.548268 -0.621525 0.559561
v -54.4 5.02969 1244
vn 0.014538 0.999201 0.037221
v -54.2179 4.6 1282.4
vn -0.00940123 0.997745 0.0664539
v -53.8 4.6 1282.24
vn 0.120974 0.986731 -0.108289
v -53.4 4.71406 1283.2
vn -0.400704 0.848277 0.346213
v -54.7509 4 1287.4
vn -0.133778 0.983458 0.122123
v -54.4 4.25469 1287.2
vn 0.246518 0.872334 -0.42221
v -53.9593 4.2 1286
vn 0.148734 0.988768 -0.0147035
v -54 4.31406 1286.2
vn 0.217778 0.970992 -0.0987258
v -53.425 4 1287.2
vn -0.221821 0.914839 0.337438
v -54 3.87969 1288.4
vn -0.225816 0.904377 0.362091
v -54 4.26719 1287.8
vn 0.301998 0.868866 -0.392261
v -53.8 4.31094 1287.6
vn 0.0662828 0.941242 0.331166
v -53.6 4.13594 1288
vn 0.00138804 0.987705 0.15632
v -53.4 3.80781 1289.4
vn 0.486606 0.728085 -0.482812
v -54 6.64844 1237
vn -0.100083 -0.9926 -0.0687639
v -54.6 6.46406 1252
vn -0.225661 -0.974074 0.0160303
v -54.6 6.63594 1254
vn -0.118451 -0.988917 -0.0895173
v -54 6.06719 1260.6
vn 0.125451 0.952917 -0.276065
v -54.4292 6.4 1275.4
vn -0.116531 0.94824 0.295402
v -54.4 6.39531 1275
vn 0.0786825 0.975795 -0.20404
v -54.2 6.66406 1276
vn -0.221725 0.808726 0.544794
v -53.55 6.6 1275
vn 0.275397 0.949474 -0.150518
v -54.8 7.12031 1237.2
vn 0.302816 0.935428 -0.182421
v -53.4 7 1238.91
vn 0.0827306 0.985837 -0.145879
v -53.8692 7 1273
vn -0.114014 0.988373 0.100592
v -53.4 6.97031 1273
vn -0.169225 0.896168 0.410178
v -54 6.8 1274.54
vn 0.422839 0.786162 -0.45073
v -54.6 8.72031 1241.2
vn 0.233169 0.969067 -0.0808848
v -53.4 9.02344 1244
vn 0.0283706 0.990895 0.131611
v -54.8 8.78906 1265.4
vn 0.226666 0.94732 -0.22629
v -54.7367 8.8 1266
vn -0.194593 0.893034 0.405738
v -54.6 8.94531 1266.4
vn 0.170653 0.97465 -0.144687
v -54.4 8.66094 1266
vn 0.292128 0.828288 -0.478122
v -53.5206 8.8 1266.8
vn 0.154752 0.987351 0.0345071
v -54.5133 10.4 1251
vn 0.206765 0.973725 -0.0954303
v -53.6 10.3172 1251.8
vn 0.27573 0.954742 -0.111537
v -54.8 10.6984 1255
vn -0.00708582 0.967009 0.254643
v -54.2 10.4203 1254.6
vn 0.275275 0.903555 -0.328347
v -54.5353 10.4 1256.2
vn -0.0187277 0.982046 0.187712
v -53.4 10 1260.22
vn -0.0988932 -0.990066 -0.0999449
v -52.2 -1.36406 1293.8
vn -0.268048 -0.963358 -0.00960394
v -52.2 -2.2 1297.74
vn -0.0559474 -0.983841 -0.17008
v -52.4 -2.2 1299.83
vn -0.242756 -0.96993 -0.0174514
v -52.2 -2.22031 1299.4
vn -0.352594 -0.811661 0.465707
v -53.2 -2.73281 1310
vn -0.506924 0.365355 0.780733
v -53 -2.4 1310.31
vn -0.636017 0.204196 0.744169
v -53 -1.8 1310.14
vn -0.47815 -0.756329 0.446475
v -51.8917 -2.8 1311
vn -0.182931 -0.98224 -0.0417197
v -52.9611 -0.6 1289.2
vn -0.20735 -0.977958 -0.0245616
v -52.8 -0.495312 1291
vn -0.367688 -0.927024 0.0736984
v -52.2 -0.751562 1291.2
vn -0.214701 -0.976475 -0.019989
v -52 -0.810937 1291
vn 0.120195 -0.934735 -0.334402
v -52 -0.923437 1292.4
vn -0.39906 -0.881739 0.25157
v -53 0.317188 1311
vn -0.321531 -0.90815 0.268107
v -53 0.364063 1311.2
vn -0.582315 -0.713788 0.389121
v -52.5041 0.2 1311.6
vn -0.322696 -0.918689 0.227767
v -53.2 0.4 1311.21
vn -0.427952 -0.800644 0.419317
v -53 0.4 1311.3
vn -0.558835 0.328922 0.761258
v -53 0.6 1311.28
vn -0.0271616 0.961295 0.274177
v -52.4 1.27656 1310.4
vn -0.649368 -0.538776 0.536695
v -52.6 0.4 1311.7
vn 0.453781 -0.721153 -0.52347
v -53 3.29649 1235.6
vn -0.0517188 0.965928 0.253589
v -53.2 3.57344 1290.6
vn -0.0419891 0.954404 0.295549
v -52.8 2.74844 1294.6
vn 0.068554 0.992294 0.103213
v -53 2.07344 1302.2
vn 0.489538 0.673214 -0.554198
v -52.8 5.09531 1236.2
vn 0.657331 -0.143009 -0.739908
v -52.2224 4 1235.8
vn -0.345221 -0.888205 0.303174
v -52.6 4.11094 1244
vn -0.0664489 -0.993168 0.0959313
v -51.7229 4 1244.2
vn -0.0361782 -0.999108 0.0217837
v -53 5.05156 1245.6
vn 0.013902 -0.980491 -0.196072
v -52 5.16719 1264.4
vn 0.0691549 -0.955005 -0.288415
v -53.2 4.95469 1266.4
vn -0.278143 0.804004 0.525561
v -52.2 4.8 1282.93
vn -0.079661 0.977039 0.197607
v -53.2 4.67656 1284.8
vn 0.123535 0.988354 -0.0888606
v -52.8 4.06719 1286.4
vn 0.112266 0.988849 0.0978441
v -52.6 3.90469 1287.4
vn 0.199835 0.97905 0.0390765
v -52.9105 4 1287.8
vn 0.489134 0.720195 -0.492003
v -51.81 6 1238.2
vn -0.303159 -0.938197 0.166976
v -52.4 6.04844 1251.2
vn -0.262856 -0.963538 0.0500066
v -52.8192 6 1255
vn -0.00607295 -0.978743 -0.204999
v -52.8 6.17656 1258.2
vn -0.158667 0.887053 0.433545
v -52.2 6.24844 1276.2
vn 0.173064 0.967797 -0.182805
v -53 6.53281 1276.4
vn -0.384903 0.756338 0.528964
v -52.5787 5.8 1278.6
vn -0.0430838 0.952462 0.301597
v -52 6.2 1278.61
vn -0.0421527 0.984501 0.170237
v -52 5.24844 1280.4
vn -0.0498064 0.96358 0.26274
v -52 5.25781 1282
vn 0.500932 0.706211 -0.500332
v -52 7 1240.19
vn -0.152988 0.93756 0.312372
v -52.6767 7.2 1273
vn -0.0302942 0.999087 0.0301127
v -53 7.04844 1273.6
vn 0.489322 0.651581 -0.57966
v -52 8.4 1243.08
vn 0.314726 0.927193 -0.203126
v -52.4 9.6242 1247.4
vn 0.322575 0.926186 -0.195258
v -52.2 9.73281 1248.8
vn 0.186991 0.979292 0.077603
v -52 10.1141 1251
vn 0.20755 0.97632 -0.0610119
v -53.1667 10.2 1255.6
vn -0.346765 -0.92946 0.125932
v -51 -3.2 1304.7
vn -0.0245168 -0.990237 -0.13722
v -51.4 -2.89844 1305.4
vn -0.191036 -0.980883 0.0370734
v -51.4 -3.44219 1308.2
vn -0.0616273 -0.983204 -0.171788
v -50.4 -3.25469 1307.4
vn -0.230725 -0.963371 0.136687
v -50.8 -3.05469 1311.2
vn -0.000281705 -0.955959 -0.293501
v -50.2 -1.31094 1294.2
vn -0.17238 -0.981617 -0.081935
v -50.4172 -1.6 1295.8
vn -0.0675938 -0.973999 -0.216234
v -50.6 -2.65469 1298.4
vn -0.643276 -0.234391 0.728874
v -51.6 -2.6 1311.44
vn -0.705215 -0.0550997 0.70685
v -50.4 -2.2 1312.54
vn -0.232306 -0.972616 -0.00719203
v -51.4 -0.926562 1291.4
vn -0.265314 -0.964032 -0.0158217
v -50.4 -1.10781 1293.2
vn -0.70059 -0.272323 0.659556
v -51.4 0 1312.87
vn 0.0537287 -0.994459 -0.0903607
v -50.2 1.97031 1241
vn 0.271944 0.96156 -0.0380634
v -50.2 0.857813 1305.6
vn 0.343205 0.92214 -0.178517
v -50.2 0.691935 1310.8
vn 0.18543 0.980927 0.0582975
v -50.6 0.889063 1311.6
vn -0.432819 -0.80555 0.404668
v -51.2 2.65156 1241.6
vn -0.598769 -0.554165 0.578253
v -50.9635 3.2 1242.6
vn 0.0451951 0.953874 0.296785
v -51.6 2.75156 1292.8
vn -0.120592 0.880093 0.459232
v -51.1632 2.8 1292.8
vn 0.134478 0.983469 0.121266
v -51.4 2.45156 1295
vn 0.0630982 0.978712 0.195297
v -51.6 2.46094 1295.6
vn 0.631099 -0.0878747 -0.770709
v -50.8 4 1237.1
vn 0.594591 -0.472269 -0.65071
v -50.4083 3.6 1237.6
vn 0.595185 0.450407 -0.665499
v -50.6 4.4 1237.3
vn 0.66433 -0.000263034 -0.747439
v -50.4 4.2 1237.38
vn 0.0263272 -0.999653 -0.000420275
v -51.2 4.05781 1244
vn -0.335121 -0.906757 0.255903
v -50.6 4.00781 1244.2
vn -0.234594 -0.959837 0.15388
v -51.6 5 1248.04
vn -0.294496 -0.942245 0.159518
v -51 4.98281 1248
vn -0.0803354 -0.987003 -0.13918
v -51.6 4.27969 1269.8
vn -0.0761953 -0.978268 -0.192835
v -50.2 3.73594 1272.6
vn 0.222388 0.924748 -0.308843
v -50.2 5.03906 1281.6
vn -0.11874 0.905258 0.407932
v -50.2 4.4 1284.39
vn -0.0701719 0.959427 0.273087
v -50.6 4.34531 1284.4
vn 0.116236 0.990545 -0.0728658
v -50.4 6.44531 1241.2
vn -0.239436 -0.970544 0.0267288
v -50.8 5.22787 1262
vn 0.204427 -0.926281 -0.316564
v -50.8 5.29531 1264.8
vn 0.0274819 0.999429 0.0196475
v -50.6 5.2 1282.04
vn 0.293433 0.921148 -0.255703
v -51 7.82656 1243.2
vn 0.306839 0.916401 -0.25702
v -50.4 7.77344 1243.4
vn 0.480436 0.690489 -0.540746
v -50.2 7.95156 1244.2
vn -0.120218 0.918534 0.376621
v -50.9731 7.8 1270.2
vn 0.519454 0.660289 -0.542389
v -50.4163 8.4 1244.2
vn 0.279388 0.950983 -0.132567
v -50.7 8.6 1244.4
vn 0.221258 0.967133 -0.125294
v -51.2 9.90781 1253.2
vn -0.00137373 0.977264 0.212022
v -50.4 9.83281 1257
vn -0.0773342 0.94051 0.330848
v -50.6 9.74844 1257.2
vn 0.187226 0.975974 0.111451
v -50.6 9.67344 1257.4
vn 0.00101292 0.970174 0.242409
v -51 9.83594 1259.4
vn 0.393103 0.829446 -0.39685
v -51.6 8.82656 1268
vn 0.260363 0.919385 -0.294861
v -51.4 8.62344 1267.8
vn 0.350945 0.925094 -0.145045
v -51.2094 8.6 1268
vn 0.000612245 0.987355 0.158521
v -51.2 8.6 1267.72
vn -0.0409032 0.984708 0.16934
v -50.8 8.68594 1267.6
vn -0.177422 0.911567 0.370899
v -50.2 8.51719 1268.4
vn 0.327647 0.886515 -0.326709
v -50.8 10.0234 1258.2
vn -0.218719 -0.974951 0.0404082
v -49.2052 -3 1300
vn 0.0303657 -0.96398 -0.264236
v -48.85 -3.2 1301.4
vn -0.177749 -0.982116 -0.0620686
v -48.6 -3.67031 1305.8
vn -0.293911 -0.954333 0.0535306
v -49.8 -3.18594 1306.8
vn -0.352257 -0.920489 0.169161
v -50 -3.2 1311.57
vn -0.425771 -0.878956 0.214838
v -48.8 -3.87031 1311.6
vn -0.305426 -0.950467 0.0576902
v -49.8 -1.37344 1292.8
vn -0.0931157 -0.983874 -0.152716
v -49.6 -1.44531 1292.4
vn -0.31137 -0.947964 0.0664282
v -49.6 -1.41094 1293.4
vn -0.148616 -0.977326 -0.150822
v -50 -1.84531 1295.6
vn -0.0150902 -0.951156 -0.308342
v -49.4 -2.43906 1298.2
vn -0.0841389 -0.974808 -0.206568
v -50 -2.8 1300.23
vn 0.00749871 -0.961023 -0.276366
v -48.6 -0.485937 1290.2
vn -0.152608 0.855137 0.49543
v -50 0.2 1313.59
vn -0.0304983 0.933163 0.358157
v -49.2 0.339063 1313.4
vn 0.0467994 0.930259 0.363907
v -48.6 -0.351562 1314.8
vn -0.192031 -0.971178 0.141199
v -49.6 1.95469 1242
vn 0.165235 -0.94822 -0.27125
v -48.8 1.98594 1241.8
vn -0.0234348 -0.977807 -0.208194
v -49.4 0.939063 1284.4
vn 0.123054 0.979036 0.162313
v -49.6 1.31719 1301.8
vn 0.042136 0.957913 0.283949
v -50 0.8 1305.45
vn -0.447815 -0.835334 0.318872
v -49.8 3.46719 1244.4
vn -0.373801 -0.926972 0.0315579
v -48.8607 3.4 1273.4
vn 0.0677871 -0.950896 -0.301996
v -49 2.4463 1277.4
vn -0.0945842 -0.974298 -0.204442
v -49 2.2 1278.29
vn -0.137063 -0.976174 -0.168218
v -48.6 2.02344 1278.6
vn -0.031346 0.921189 0.38785
v -50 2.4 1293.79
vn -0.0275572 0.93729 0.347459
v -49.8 3.02344 1292.8
vn 0.254636 0.967037 -0.00065458
v -48.7533 2 1295
vn 0.108627 0.985635 0.129323
v -50 2.12031 1297
vn 0.154344 0.976935 0.147565
v -48.6 2.05781 1296.2
vn -0.103513 -0.993118 0.0547825
v -49.8 4 1245.91
vn -0.354349 -0.903823 0.239876
v -49.6 3.96094 1245.8
vn -0.379331 -0.893206 0.241436
v -49.2 4.10156 1249
vn -0.262325 -0.957468 0.120166
v -49.4 4.82969 1251
vn 0.0927565 -0.959586 -0.265688
v -49 5.03036 1262.6
vn -0.12042 -0.973851 -0.19265
v -49.6 3.83594 1271
vn 0.287822 0.953886 -0.0852014
v -49.2 5.01719 1282.4
vn 0.288967 0.924024 -0.250355
v -49 4.85156 1282.2
vn 0.0688927 0.968351 0.239897
v -49.375 5 1282.8
vn 0.121734 0.990724 0.0603864
v -49.4 4.24844 1285.4
vn 0.0792555 0.972065 0.220927
v -50 4.22969 1286.2
vn 0.26003 0.940703 -0.217858
v -50 6.44219 1241.2
vn 0.446085 0.763836 -0.466436
v -49.6 6.6 1242.13
vn -0.100628 -0.989299 -0.105646
v -48.6459 5.2 1261.6
vn 0.103758 0.991174 0.0825176
v -49.8 6.22031 1278.8
vn 0.213153 0.970258 -0.114736
v -49.8 5.23594 1282.2
vn 0.547251 0.66954 -0.502227
v -49.3508 8 1245
vn -0.015023 0.958784 0.28374
v -49 7.90781 1270.2
vn 0.0633715 0.997933 -0.0106892
v -49.6 7.67969 1271.6
vn 0.0525386 0.997223 0.0527789
v -48.8 7.68281 1272.6
vn -0.0617678 0.967403 0.245593
v -49.6 6.88906 1276
vn 0.209919 0.976746 -0.0436013
v -49.6 9.68594 1253.8
vn 0.223848 0.971649 -0.0760981
v -49.2 9.67344 1254.8
vn -0.132013 0.888619 0.439237
v -49.2 9.4 1258.45
vn -0.0726149 0.920205 0.384642
v -49 9.6 1258.24
vn 0.485864 0.759635 -0.432309
v -49.4 9.5629 1258.8
vn 0.476126 0.703653 -0.527424
v -48.8643 9.8 1259.6
vn 0.455922 0.830551 -0.319875
v -48.8 9.24844 1259
vn -0.0652616 0.97891 0.193588
v -49.2 8.71094 1269
vn -0.52494 0.576785 0.625904
v -49.2 8.6 1269.41
vn -0.052125 -0.995116 -0.0838246
v -48.4 -3.03594 1301.2
vn -0.149932 -0.988527 -0.0182919
v -47.4 -3.08594 1301.8
vn -0.127521 -0.988007 -0.087062
v -47 -3.22344 1301
vn 0.112185 -0.95849 -0.262128
v -47.6 -3.08906 1302
vn -0.336366 -0.938969 0.0720742
v -47.2 -3.71094 1303.6
vn -0.33965 -0.932544 0.122469
v -48.4 -3.67344 1307.6
vn -0.681018 -0.364247 0.635247
v -48.4 -3.2 1314.43
vn -0.430325 -0.872262 0.232334
v -47.8075 -3.6 1314.6
vn -0.223497 -0.96385 -0.145061
v -47.2 -1.26094 1292.4
vn -0.711263 -0.419695 0.56388
v -46.9271 -2 1316.8
vn -0.0370072 -0.957328 -0.286624
v -47.8 -1.12969 1292.2
vn -0.222494 0.803703 0.551868
v -47.2 0.329688 1311.4
vn 0.32023 0.947092 0.0216822
v -47.5207 0 1311.8
vn 0.175368 0.982016 0.0699305
v -47.6 0.220313 1312.8
vn 0.448443 0.873007 -0.191721
v -47 -0.2 1312.85
vn -0.50571 0.467708 0.724918
v -48 -0.689584 1315.6
vn -0.459835 0.522365 0.718113
v -47.6429 -1.2 1316.2
vn -0.0952046 0.880509 0.46437
v -47.8 -0.460937 1315
vn -0.131601 -0.9782 -0.160639
v -48.4 1.97031 1279.2
vn 0.223188 -0.889286 -0.399196
v -47.4 1.92031 1279.4
vn 0.00665398 -0.968431 -0.249195
v -47.6 1.52656 1281
vn 0.311132 0.946061 -0.0903594
v -48 1.91754 1296
vn 0.238941 0.967107 0.087237
v -47.2 1.03281 1300.2
vn 0.326281 0.938146 -0.115853
v -47.8 0.744446 1305.4
vn -0.0380654 0.927186 0.372662
v -47 0.4 1307.24
vn 0.392432 -0.782128 -0.484018
v -47.2 2.27969 1242.4
vn -0.401028 -0.85356 0.332583
v -47.6 3.26094 1247
vn -0.513228 -0.73354 0.445551
v -47.2 3 1246.34
vn -0.284758 -0.937022 0.202245
v -47 3.12031 1247.2
vn -0.0888753 -0.99051 -0.10484
v -48 2.92969 1273.8
vn -0.394428 -0.90143 0.178466
v -47.6 2.92344 1274.4
vn -0.00299042 -0.977738 -0.209807
v -47.4 2.85469 1274
vn 0.207224 0.972097 0.109934
v -47.8 3.09219 1291.4
vn 0.19484 0.963637 0.182871
v -47.2 2.63281 1293.6
vn 0.678792 0.337534 -0.65216
v -47.2467 4.2 1240.6
vn -0.38463 -0.901873 0.196685
v -48.2 4.6 1252.28
vn -0.0487601 -0.986934 -0.153571
v -48 5.17656 1261.6
vn -0.215723 -0.976446 -0.00409943
v -47.6 5.15156 1261.6
vn 0.132525 -0.949129 -0.285643
v -47.0125 4.8 1264.8
vn -0.181403 -0.979778 -0.0844321
v -47 4.48594 1266.4
vn -0.0632496 -0.976957 -0.203847
v -47.4 4.32344 1270
vn 0.178588 0.983177 -0.038338
v -47.8 4.67656 1282.6
vn 0.231361 0.968746 -0.0894648
v -47.6 4.65156 1283
vn 0.124341 0.976661 0.175137
v -47 4.52031 1284.4
vn 0.220119 0.96879 -0.113991
v -47.8 5.73594 1278.8
vn 0.108618 0.990623 0.0828784
v -47.4786 7.4 1272.6
vn 0.116793 0.987384 0.106921
v -47.8 7.38906 1274.2
vn -0.0522043 0.957399 0.284009
v -47.2 6.84531 1275.6
vn 0.3023 0.946579 -0.112261
v -47.2 8.57031 1252.6
vn 0.0829286 0.989437 0.118898
v -47.2 9.29531 1256.6
vn 0.129596 0.987745 0.0869758
v -47.4 9.45781 1258.2
vn -0.0187931 0.933938 0.35694
v -48.4 9.30952 1258.8
vn -0.0879073 0.940208 0.329062
v -47.6 8.47969 1270.2
vn 0.335659 0.85338 -0.398842
v -47.4 8.47031 1270
vn -0.265085 -0.963618 0.0342064
v -45.9364 -4.6 1313.8
vn -0.184022 -0.972713 -0.141297
v -46.4 -3.11719 1299.2
vn -0.21393 -0.975733 -0.0466751
v -46.8 -4.09844 1309.2
vn -0.24848 -0.968612 -0.00700953
v -46 -4.25469 1309.6
vn -0.73473 -0.405328 0.543949
v -46.7047 -3.4 1316.2
vn -0.598923 -0.716511 0.357635
v -45.6 -4.28281 1316.6
vn -0.752475 -0.30531 0.583581
v -45.4578 -3.2 1317.8
vn -0.157645 -0.970667 -0.181532
v -46.6 -2.32656 1296
vn -0.0162187 0.930473 0.366002
v -45.8 -1.26406 1317.2
vn 0.565989 0.668175 -0.482906
v -46.4 0.271738 1306.4
vn -0.040468 0.921631 0.385951
v -46.2 -0.101562 1308.2
vn 0.557325 0.743264 -0.370063
v -45.5842 0 1307
vn 0.30458 0.95216 -0.0249482
v -46.2926 -0.2 1308.6
vn 0.251239 0.967817 -0.0144529
v -46.8 0.360938 1310.2
vn 0.547361 0.808683 -0.215471
v -46 -0.592855 1313.8
vn 0.502029 0.845988 -0.179644
v -45.6 -0.860937 1313.8
vn 0.472508 0.872201 -0.126496
v -46 -0.292187 1315.2
vn -0.0931457 -0.995364 -0.0239648
v -45.4 1.49531 1245.4
vn -0.0958102 -0.972616 -0.211751
v -45.7108 1.8 1278
vn 0.242321 0.957303 0.157646
v -45.4 1.93594 1294.4
vn 0.179285 0.975439 0.127971
v -46.2 0.835938 1300
vn 0.197182 0.976581 0.0860775
v -46.6 0.489063 1306.6
vn 0.568883 0.705263 -0.423056
v -46.4 0.426563 1306.6
vn -0.479372 -0.741405 0.469597
v -45.3297 2 1246.6
vn -0.402382 -0.851012 0.337443
v -45.9589 3.2 1248.6
vn 0.0673935 -0.947228 -0.313396
v -46.2 2.47031 1275.8
vn -0.214673 -0.973599 -0.0775872
v -46.8 2.18281 1279
vn -0.0549306 -0.994582 -0.0882565
v -46.2 2.06094 1280
vn 0.189461 0.973923 0.124817
v -46.6 2.73906 1290.6
vn 0.0771035 0.953236 0.292228
v -46.2 2.94531 1289.6
vn 0.682047 -0.221228 -0.697044
v -46.4 3.8 1241.48
vn -0.255188 -0.964195 0.0721587
v -46.2 4.21719 1254.6
vn -0.399587 -0.892979 0.207167
v -45.8 4.66094 1256.6
vn -0.0273126 -0.98037 -0.195265
v -46.2 4.18906 1266.6
vn -0.0580396 -0.980964 -0.185314
v -46.8 4.01719 1267.8
vn 0.0942506 -0.940794 -0.325613
v -46.2 4 1268.01
vn 0.106477 0.969684 0.219946
v -46.2 4.35781 1283.6
vn -0.115573 0.876184 0.467914
v -45.6 4.83333 1283
vn 0.30754 0.950005 -0.053942
v -46.4 4.34219 1284.6
vn 0.135042 0.973554 0.184274
v -46.2 4.10781 1285.6
vn 0.0331524 0.952922 0.301399
v -45.5857 3.8 1286.8
vn 0.448124 0.812601 -0.372644
v -46 6.65686 1246
vn -0.21719 0.78452 0.580824
v -46.1088 5.8 1279.2
vn 0.0235552 0.97 0.241962
v -46 6.47031 1278
vn -0.232893 0.759346 0.60758
v -45.4 5.92344 1279.4
vn 0.262146 0.962994 -0.0626311
v -46.4 7.91719 1250
vn 0.364018 0.905877 -0.21651
v -45.8 7.69844 1250
vn 0.44099 0.842206 -0.310187
v -46 7.8 1251.26
vn 0.0704473 0.991634 0.10816
v -46.2 8.28594 1268.4
vn 0.142624 0.984317 0.103821
v -46.4091 7 1274.4
vn 0.311474 0.931861 -0.186064
v -46.6 7.07344 1274.6
vn -0.138827 0.897297 0.41903
v -45.8 6.92031 1276
vn 0.194948 0.979209 -0.0560711
v -46 8.99219 1258.2
vn 0.123059 0.990004 0.0689125
v -46 8.77656 1260.8
vn 0.507663 0.688787 -0.517542
v -45.4403 8.8 1261.6
vn 0.563348 0.529074 -0.634602
v -45.361 9 1261.8
vn 0.0728857 0.989416 0.125477
v -46.8 9.15781 1262.2
vn 0.00615028 0.974944 0.222366
v -46.7125 9.2 1262
vn 0.0103985 0.979121 0.203014
v -46.2 9.08906 1262.4
vn 0.0632528 0.985758 0.155823
v -46.1545 9.2 1262
vn 0.0957132 0.989429 0.108951
v -45.8 8.95156 1265.8
vn 0.139016 0.98925 0.045387
v -45.4429 8.4 1270.4
vn -0.307207 -0.951643 -0.00076663
v -44.4 -4.97344 1314.8
vn -0.465711 -0.87951 0.0978554
v -44 -4.94531 1316.8
vn -0.333947 -0.942298 -0.0235167
v -44 -4.84531 1317.8
vn -0.750039 -0.384766 0.537956
v -44.6 -4.6 1318.44
vn -0.558753 -0.810746 0.174599
v -44.2 -4.95781 1318.6
vn -0.224474 -0.958418 -0.176198
v -44 -4.99844 1318.4
vn -0.132299 -0.969796 -0.204921
v -45 -3.06719 1298
vn 0.136248 -0.943367 -0.302483
v -44.8167 -4.2 1306.4
vn -0.134893 -0.981491 -0.135937
v -44.6 -4.03906 1305.8
vn -0.345755 -0.937698 0.0342839
v -43.7984 -4.4 1308.8
vn -0.123322 -0.968319 -0.21714
v -43.8 -0.073437 1287.2
vn -0.129299 -0.960966 -0.244593
v -44.2333 -0.6 1289.8
vn 0.392249 0.88053 -0.266097
v -45 -0.326562 1307.2
vn 0.488089 0.812865 -0.317835
v -45 -0.085937 1307.6
vn 0.285083 0.929535 -0.233866
v -44.8 -0.292187 1307.4
vn 0.118987 0.989791 0.0784644
v -44.6 -0.326562 1307.2
vn 0.347847 0.93534 -0.0643618
v -44.414 -0.4 1307.8
vn 0.357226 0.933149 0.0402785
v -44 -0.8 1311.46
vn 0.380992 0.924489 -0.0128435
v -44.4 -0.392187 1312.8
vn 0.485396 0.842696 -0.232924
v -44.4 -1.13269 1315.4
vn 0.377271 0.926019 -0.012457
v -43.8 -1.2 1316.35
vn 0.383109 -0.763406 -0.520037
v -44.2 1.52969 1245.8
vn -0.479314 -0.759745 0.43937
v -43.8 1.51094 1247.6
vn -0.391199 -0.919906 0.0271416
v -44 1.11719 1282
vn 0.11211 0.943328 0.312353
v -43.8 1.8 1292.32
vn 0.364921 0.92991 -0.0458329
v -44 1.79844 1293
vn 0.148088 0.963469 0.223153
v -44.4 0.779688 1298
vn 0.348111 0.936981 -0.0297451
v -44.2 0.754688 1298.6
vn 0.122162 0.947029 0.297006
v -43.8 1.10781 1297.4
vn 0.372172 -0.752334 -0.543582
v -44.4 2.73906 1244.2
vn 0.519083 -0.586774 -0.621489
v -44.2 3 1243.99
vn 0.407028 -0.762349 -0.503142
v -44.4 2.46066 1244.6
vn 0.368512 -0.764065 -0.529531
v -44 2.58906 1244.6
vn -0.333653 -0.911556 0.240294
v -44.8 2.95781 1249.2
vn -0.204837 -0.977851 -0.0430061
v -44.2 3.32031 1271.4
vn 0.167763 -0.920352 -0.35328
v -45 2.30469 1277
vn 0.093697 0.937841 0.334179
v -44.4 3.08906 1288.4
vn 0.0837576 0.95183 0.294965
v -44.2417 2.4 1290.4
vn -0.298745 -0.938752 0.171743
v -44.1929 3.6 1252.8
vn -0.329234 -0.938365 0.105241
v -43.8 4.27969 1259.4
vn -0.0785018 -0.988934 -0.125883
v -44.6 4.65469 1262.6
vn -0.199343 -0.979873 -0.0105398
v -43.9947 4.6 1262.6
vn 0.112047 -0.954005 -0.278064
v -44.6 3.8 1268.39
vn -0.0555011 -0.979161 -0.195354
v -45.2 3.67656 1269.2
vn 0.0870189 0.966116 0.242995
v -44.8 5.16415 1281.8
vn -0.0923176 0.826698 0.555021
v -44.4538 4.8 1282.4
vn 0.418975 0.874817 -0.243218
v -44.4 7.13906 1250.2
vn 0.105571 0.9875 0.117043
v -45 8.31094 1268.2
vn 0.609827 0.426397 -0.668055
v -44.4 8.6 1262.42
vn -0.168692 -0.978017 -0.122582
v -43.4 -4.6 1308.41
vn 0.170573 -0.898753 -0.403917
v -43 -4.69219 1311.2
vn -0.119887 -0.978351 -0.168693
v -43 -5.17969 1312.2
vn -0.209345 -0.972202 -0.104867
v -42.4 -5.46406 1316.4
vn -0.699178 -0.577657 0.421263
v -42.8328 -5.4 1320.2
vn -0.760817 -0.279512 0.585688
v -42.8 -5 1320.43
vn -0.385833 -0.922406 -0.0173398
v -42.2 -5.77656 1320.4
vn -0.346902 -0.9379 -0.00158403
v -42.2 -3.12656 1297.2
vn -0.0985323 -0.967986 -0.230858
v -42.8 -3.95156 1300.8
vn -0.182058 -0.97672 -0.11346
v -43.2 -4.29219 1305.2
vn -0.148399 -0.954095 -0.260155
v -43.2 -2.6 1295.02
vn 0.286969 0.955481 0.0685926
v -42.6 -1.31094 1312
vn 0.577602 0.799281 -0.165911
v -42.4 -1.6 1313.92
vn 0.00939043 0.934978 0.354581
v -42.2 -1.62656 1316.6
vn -0.0528776 0.895782 0.441337
v -43.6 -1.4 1318.34
vn 0.34096 0.935735 0.0902526
v -42.2 -2.13594 1318.6
vn -0.215709 0.807995 0.548282
v -42.2875 -2.4 1320.2
vn 0.270898 -0.83695 -0.47553
v -42.8 0.251563 1285.2
vn -0.115006 -0.963427 -0.242037
v -42.2 0.339063 1285.2
vn -0.14179 -0.960157 -0.24082
v -42.4 -1.12656 1290
vn 0.37213 0.928177 -0.0025578
v -42.6 0.054688 1299.8
vn 0.230268 0.963208 0.138588
v -42.4 -0.017187 1300.6
vn 0.260714 0.962269 0.0778873
v -43.4 -0.639062 1308
vn 0.276439 0.956057 0.0976524
v -42.6 -0.954687 1310.4
vn -0.509058 -0.715073 0.479094
v -43.0944 1.8 1248.6
vn -0.270195 -0.95052 0.153317
v -43.4 2.07344 1249
vn -0.646235 -0.516529 0.561764
v -43.2 2.10156 1250
vn -0.571638 -0.694657 0.43667
v -42.7984 2.6 1251
vn 0.0130105 -0.974102 -0.225736
v -42.4 3.47656 1270.6
vn -0.138904 0.851058 0.506366
v -42.2 3.25781 1286.2
vn 0.00459835 0.925618 0.378431
v -43.2 2.79531 1289
vn 0.60431 0.56041 -0.566348
v -42.8597 4.6 1245.6
vn -0.147591 -0.982743 -0.111507
v -42.6 4.24219 1264.4
vn -0.104006 -0.983753 -0.146333
v -42.2 4 1265.51
vn -0.150565 -0.98442 -0.0908132
v -43.2 4.06406 1267
vn -0.271982 0.686924 0.673915
v -43.4 5 1280.98
vn 0.185327 0.980353 0.0675437
v -43.2 4.88906 1281.6
vn 0.149697 0.976725 0.153621
v -43.2 4.88594 1281.8
vn 0.000692652 0.921689 0.38793
v -42.8 4.51094 1283
vn 0.250448 0.967482 0.0354222
v -42.3234 4.4 1284
vn -0.0520589 0.938477 0.341395
v -43.6 6.52656 1277.6
vn 0.253537 0.967044 -0.0233317
v -43.4 6.57344 1277
vn 0.00385482 0.956455 0.291855
v -42.6 6.45781 1276.4
vn -0.118061 0.914506 0.386962
v -42.2 5.90469 1279.2
vn -0.335135 0.567483 0.752096
v -43.2 5.2 1280.9
vn 0.343998 0.92588 -0.156242
v -43.2 7.03594 1252
vn 0.334163 0.924949 -0.18112
v -42.6 6.92969 1254.2
vn 0.0742752 0.972805 0.219395
v -42.2 7.76406 1271
vn -0.0265258 0.949935 0.311318
v -43.4 7.8 1272.02
vn 0.280987 0.954122 -0.103431
v -43.2 7.81406 1271.8
vn 0.219776 0.974862 0.0366316
v -42.2 7.43281 1271.8
vn 0.00288252 0.958619 0.284678
v -42.1 7.4 1273.6
vn 0.295732 0.948 -0.117641
v -42.4 8.40469 1260
vn 0.0168628 0.975333 0.220093
v -43.3 8.6 1261.8
vn 0.176148 0.981447 0.0757214
v -43.2 8.53281 1266.2
vn 0.163217 0.985788 0.0397871
v -42.6 8.52031 1265.6
vn -0.546553 -0.826051 0.13755
v -40.8 -6.44219 1320
vn -0.219806 -0.973299 -0.066136
v -40.8 -4.65156 1304.4
vn -0.385374 -0.922395 -0.0259795
v -41.6 -5.66094 1316
vn -0.278454 -0.957371 -0.0768448
v -41.8 -3.23594 1298.2
vn -0.149862 -0.966345 -0.209088
v -41.2 -4.28594 1301.4
vn -0.0133575 -0.957998 -0.286464
v -40.6 -4.35469 1301.2
vn -0.185969 -0.972666 -0.139058
v -42 -4.39038 1302.6
vn -0.765969 -0.273199 0.58194
v -41.4 -4.4 1322.46
vn -0.551499 0.471862 0.687892
v -41.2 -4 1322.52
vn 0.121848 0.964405 0.234682
v -40.6 -1.38906 1304.6
vn 0.442524 0.888932 -0.118205
v -41.8 -1.53281 1313.2
vn 0.520893 0.830912 -0.195593
v -40.8 -2 1313.88
vn 0.570639 0.80424 -0.16604
v -41.4 -1.75156 1315.8
vn 0.495665 0.834641 -0.240187
v -40.7154 -2.4 1318.6
vn 0.206262 0.959447 0.19214
v -41.4 -0.373437 1300.6
vn 0.062586 -0.966966 -0.247102
v -40.8 0.982813 1249
vn -0.227425 -0.966124 -0.121995
v -41 1.71406 1278.8
vn 0.193068 0.972121 0.13306
v -40.8 0.557813 1294.8
vn 0.164434 0.955457 0.245079
v -41 0.573438 1297.2
vn 0.442265 -0.678584 -0.586451
v -41.8255 2.2 1247.2
vn 0.339928 -0.825774 -0.450051
v -41.6 2.27344 1247.2
vn 0.614407 -0.384247 -0.6891
v -41.1776 2.8 1246.8
vn -0.30141 -0.942645 0.143432
v -42 3.38906 1255.6
vn -0.204853 -0.975849 0.0758578
v -42 3.45156 1256.4
vn 0.258115 0.965238 0.041128
v -42 3.03594 1286.8
vn 0.378156 0.920884 -0.0947122
v -41.8 3.11406 1287.4
vn 0.389145 0.91861 -0.0687187
v -41.2023 2.8 1287.6
vn 0.168933 0.959779 0.224244
v -41 2.72031 1288.8
vn 0.111867 0.974692 0.193552
v -42 2.34531 1290.2
vn 0.044757 0.933167 0.356647
v -41.6 2.57031 1289.8
vn 0.277657 0.957613 0.0767092
v -41.5729 2.6 1289.6
vn 0.167933 0.964492 0.203849
v -41.2 2.42969 1289.4
vn -0.00871653 0.940003 0.341054
v -42 2.24844 1291
vn 0.117197 0.960894 0.250895
v -41 2.01719 1291
vn 0.485918 0.773493 -0.406929
v -40.7047 5 1248.8
vn 0.0683412 0.958593 0.276459
v -41.6 4.50156 1282.6
vn -0.212257 0.748187 0.628621
v -41.6 4.97632 1281.8
vn -0.0637491 0.865508 0.496822
v -41 4.46719 1282.6
vn 0.37862 0.888051 -0.260791
v -41 5.67031 1249.8
vn 0.175846 0.980453 0.0882612
v -41.6 6.01719 1277.6
vn -0.0146332 0.952333 0.30471
v -40.6 6.26508 1276.8
vn 0.0641457 0.953165 0.295571
v -41.6 5.90469 1279.4
vn 0.0922032 0.967809 0.234189
v -41.8 5.63906 1280.2
vn 0.0899116 0.958618 0.270125
v -40.6 5.6 1279.81
vn -0.038014 0.90989 0.413105
v -40.8 5.26719 1281.6
vn 0.393841 0.883991 -0.251892
v -41 7.11719 1256.8
vn 0.332669 0.925631 -0.180383
v -41.2548 7.4 1258.2
vn 0.331977 0.937152 -0.107414
v -41.4 7.94844 1260.2
vn -0.0953195 0.934187 0.343816
v -41 8.00781 1267.8
vn 0.349613 0.930943 -0.105431
v -41.8 8.22969 1268.6
vn 0.245527 0.967882 0.0540421
v -40.6 7.68594 1268.6
vn 0.287816 0.957593 0.013313
v -40.6 7.24844 1270.4
vn -0.381252 0.657541 0.649836
v -40.6 7.6 1270.03
vn 0.137385 0.982444 0.126211
v -41.9133 7.6 1272.8
vn 0.309098 0.939161 -0.149783
v -41.6 7.27969 1272.2
vn 0.0961409 0.978482 0.182563
v -41.3 7.2 1272.2
vn 0.0586598 -0.935973 -0.34715
v -39 -6.42656 1314.4
vn 0.0643524 -0.933153 -0.353671
v -40.2 -6.15156 1315.4
vn -0.253395 -0.953087 -0.165576
v -39.4 -6.41719 1316.2
vn -0.35112 -0.930586 -0.103563
v -39.2 -6.55156 1315.2
vn -0.290398 -0.949783 -0.116535
v -40 -6.39844 1316.4
vn -0.0941039 -0.961219 -0.259235
v -39.3727 -6.6 1316.8
vn -0.390573 -0.917578 -0.0741918
v -40.2 -6.4 1318.51
vn -0.297857 -0.93922 -0.170726
v -40 -6.57656 1319.8
vn -0.543557 -0.835679 0.0786519
v -39.4 -6.96885 1322.4
vn -0.437586 -0.895386 -0.082481
v -39.2 -7.29531 1321.6
vn -0.798941 -0.345732 0.4921
v -40.4 -6.2 1323.13
vn -0.496793 -0.867762 0.0136709
v -39.8 -6.95179 1323.2
vn -0.582179 -0.812542 0.0290261
v -39.6 -7.05323 1324
vn -0.277729 -0.941242 -0.192171
v -39.2 -7.13594 1323.4
vn -0.36722 -0.920982 -0.130161
v -39 -7.36719 1324
vn -0.834559 -0.240881 0.495467
v -39 -7.2 1324.87
vn -0.304561 -0.950359 -0.0637188
v -39 -5.37344 1308.2
vn -0.232656 -0.962789 -0.137507
v -40.4 -5.72344 1312
vn -0.302333 0.762266 0.572315
v -39.8 -4.46094 1324
vn -0.818409 -0.235821 0.524019
v -39.4172 -5.4 1325
vn -0.308355 -0.949955 -0.0500276
v -40.2 -3.86719 1299.8
vn -0.0937764 -0.96689 -0.237338
v -40.2 -3.90469 1300.2
vn -0.151898 -0.973129 -0.17305
v -39.2 -4.23594 1300
vn 0.218217 0.951023 0.218943
v -39.6 -3.2 1320.56
vn 0.0394553 -0.938806 -0.342179
v -39 -1.62344 1290.6
vn -0.237503 -0.957408 -0.1642
v -39.2 -1.84844 1291.4
vn -0.0143114 -0.945477 -0.325373
v -39.2 -2 1292.36
vn 0.200051 0.967543 0.154404
v -39 -1.30156 1303
vn 0.164377 0.973419 0.159486
v -39 -2.17031 1308.8
vn 0.354882 0.929015 0.10483
v -39.4 -2.71406 1318.8
vn 0.420331 0.907366 0.00290486
v -40.4 -2.8 1320.88
vn -0.0815282 -0.968322 -0.236021
v -40.4 -0.173437 1284.6
vn -0.0562944 -0.94789 -0.313586
v -39 -1.09531 1289
vn 0.226345 0.972672 0.0517334
v -39.8 0.267188 1295.8
vn 0.131324 0.959102 0.250753
v -39.2 -0.535937 1299.8
vn 0.531273 -0.481481 -0.697083
v -39.0313 1.6 1249.6
vn -0.281135 -0.948444 0.146347
v -40.4 1.49844 1251.6
vn -0.0775805 -0.974906 -0.20866
v -40.2 1.13594 1281.8
vn 0.188204 0.958083 0.215999
v -39.2 1.63281 1291.6
vn 0.225645 0.967802 0.111551
v -39.6 1.51094 1292.6
vn 0.486379 -0.610253 -0.625321
v -39.4 2.07969 1249
vn 0.677299 0.138826 -0.722491
v -39 3.2 1248.67
vn -0.524924 -0.757422 0.388287
v -39.2 2.02031 1255.2
vn -0.297586 -0.948464 0.108897
v -39.4 2.84531 1258
vn 0.047924 0.950623 0.306627
v -39.4 3.33594 1287.2
vn -0.00849297 0.870459 0.492167
v -39.4 5.12344 1281
vn 0.211194 0.924032 0.318687
v -39 5.17344 1280.8
vn -0.0810286 0.894976 0.438694
v -39.6 4.10156 1283.6
vn 0.179485 0.971006 0.157901
v -40.4 5.65469 1279.6
vn -0.134326 0.902928 0.408261
v -40 5.38281 1280.4
vn -0.0593017 0.912101 0.405654
v -40 5.2 1280.75
vn 0.0718337 0.983982 0.163153
v -40 5.53906 1280
vn -0.20552 0.861677 0.463977
v -39.8 5.37344 1280.6
vn 0.301019 0.95237 -0.0487669
v -39.525 5.4 1279.8
vn 0.173904 0.937914 0.300123
v -39.4 5.40781 1280.6
vn 0.310651 0.947781 -0.0721606
v -39.2 5.34844 1280.2
vn 0.310464 0.925134 -0.218492
v -39 6.82031 1258.4
vn 0.214366 0.976744 0.00435728
v -39.8 7.88906 1264.6
vn -0.145321 0.852868 0.501496
v -40.2 8 1268.25
vn 0.341158 0.93859 -0.0515761
v -40 7.48906 1269.4
vn 0.121465 0.945958 0.300682
v -39.8 7.91406 1268.4
vn 0.191639 0.974054 0.120385
v -39.4 7.4 1269.17
vn -0.0739668 0.81869 0.569452
v -39.2 7.56557 1269
vn 0.349467 0.932596 -0.0902066
v -40.4 7.30781 1271.4
vn -0.474509 0.550498 0.686872
v -39 7.2 1271.46
vn 0.302137 0.952219 -0.0446368
v -40.4 7.33594 1272
vn 0.153879 0.970413 0.186065
v -40.2 7 1274.3
vn 0.236905 0.968101 -0.081586
v -39.8528 7 1273.6
vn 0.19374 0.9778 0.0798262
v -39.2 6.95469 1273.4
vn -0.429986 -0.89439 -0.123199
v -37.4 -8.23906 1323.2
vn -0.653819 -0.740841 0.153869
v -38.4 -7.73809 1325.4
vn -0.538111 -0.842867 -0.00337248
v -37.4 -8.48594 1324.6
vn -0.135003 -0.966983 -0.216144
v -37.8 -6.6 1313.08
vn -0.306388 -0.945617 -0.109243
v -38.8 -6.48594 1313.6
vn -0.251242 -0.921874 -0.295
v -38.5233 -6.8 1315.4
vn -0.29116 -0.923132 -0.251104
v -38.4 -6.9127 1315.6
vn -0.1605 -0.969672 -0.184324
v -38.3136 -7 1316
vn 0.346098 -0.771853 -0.533347
v -38.4 -6.8 1315.47
vn 0.27347 -0.879087 -0.390411
v -38.2 -6.90781 1315.8
vn 0.168022 -0.900916 -0.400149
v -38 -6.8 1315.77
vn -0.239559 -0.964076 -0.114752
v -37.8 -7.24531 1316.8
vn -0.258022 -0.946946 -0.19162
v -38.2 -7.10469 1318
vn -0.334735 -0.937587 -0.0942519
v -37.58 -7.4 1318.2
vn -0.311744 -0.939896 -0.139322
v -38.2 -7.54844 1320.6
vn 0.0374933 -0.956521 -0.289243
v -38.8 -4.69219 1302.8
vn 0.14762 -0.928028 -0.342012
v -38.4 -5.02031 1303.8
vn -0.174314 -0.970104 -0.168859
v -38.8 -5.4 1307.16
vn 0.0806109 -0.922991 -0.376284
v -37.8 -5.91094 1308.6
vn -0.00239136 -0.95143 -0.307857
v -37.4 -3.08594 1295.2
vn -0.12326 -0.969245 -0.213007
v -37.4 -3.97969 1299.8
vn 0.339558 0.931917 0.127404
v -38.4 -2.81406 1314.6
vn 0.397149 0.917666 0.0127212
v -38.8 -2.89531 1315.4
vn 0.351118 0.92797 0.124849
v -37.6 -3.40469 1316
vn 0.382043 0.922286 0.0585746
v -37.4 -3.36406 1315
vn 0.607068 0.763703 -0.219604
v -37.8 -3.8 1320.02
vn -0.0577605 -0.949189 -0.309362
v -37.8 -1.83906 1291
vn -0.312192 -0.946751 -0.0787279
v -38.5738 -2.2 1292.8
vn -0.201859 -0.967971 -0.149281
v -37.6 -2.67969 1293.2
vn 0.142168 -0.902351 -0.40688
v -38.2 0.2 1284.85
vn 0.18807 0.973935 0.126806
v -38.8 0.364063 1295
vn -0.0960157 0.895251 0.435094
v -38 0.2 1295.21
vn 0.203237 0.976344 0.0737999
v -38.2 0.235938 1295.8
vn 0.309044 0.951047 -0.000942613
v -37.8 0.095313 1296
vn 0.250149 0.963734 0.0929665
v -37.6 -0.351562 1298.6
vn -0.387516 -0.891526 0.234547
v -37.8 0.454688 1252
vn -0.398699 -0.871394 0.285851
v -37.8355 1 1253.2
vn -0.3706 -0.895486 0.246497
v -38.2 1.66406 1255.4
vn 0.0184762 -0.960708 -0.276947
v -38.8 1.24219 1280.2
vn -0.104169 -0.975937 -0.191561
v -37.8 0.501563 1282.4
vn 0.167506 0.977184 0.130586
v -38.4 1.92969 1290
vn 0.0607353 0.96363 0.260245
v -38 1.86094 1290
vn 0.14759 0.963386 0.22384
v -38.2 1.11719 1292.8
vn -0.0492779 0.927366 0.370895
v -37.8 1.24219 1292.4
vn -0.261929 -0.955868 0.133079
v -38.4 2.39844 1257.2
vn -0.153919 -0.98369 -0.0930721
v -38.6 2.71094 1271.4
vn 0.550288 0.810958 -0.198823
v -38.8 3.16032 1287.6
vn 0.326256 0.944306 0.0429298
v -37.6 2.54219 1288.4
vn 0.412405 0.866753 -0.280465
v -38 4.11094 1250.8
vn 0.188372 0.968324 0.163902
v -38.6 5.12344 1280.4
vn -0.0646725 0.896822 0.437639
v -37.4 4.23281 1284
vn 0.051148 0.985218 0.163494
v -37.4 6.6 1259.95
vn -0.456371 0.550618 0.69896
v -38 6.49219 1272.6
vn 0.294919 0.953825 0.056926
v -37.6 6.29219 1274.6
vn 0.523462 0.765774 -0.373601
v -38.4 6.95741 1260
vn 0.315092 0.938841 -0.138904
v -38.4 7.04219 1260.2
vn 0.348221 0.92992 -0.118284
v -37.6023 6.8 1261.8
vn 0.140123 0.981743 0.128632
v -38 7.13906 1263
vn 0.222041 0.974989 0.00965336
v -37.4 6.83906 1264.4
vn 0.234979 0.969785 0.0655828
v -38 7.32344 1268.2
vn 0.148763 0.981801 0.118053
v -38.8 7.14219 1270.2
vn 0.413428 0.900334 -0.135925
v -38 6.88906 1271.4
vn -0.00727574 0.955644 0.294434
v -37.8654 7 1270.8
vn 0.141469 0.970528 0.195094
v -37.8 6.96719 1270
vn 0.126836 0.989612 0.0676842
v -37.8 7.04531 1270.6
vn 0.462935 0.865902 -0.189485
v -38.2 7.08594 1271.6
vn -0.141663 -0.96222 -0.232517
v -37.2 -7.85781 1321.4
vn -0.245583 -0.94602 -0.211505
v -36.8 -8.63594 1323.6
vn -0.477609 -0.877529 -0.0428097
v -36.6 -8.73594 1327
vn -0.195329 -0.961763 -0.191986
v -37.2 -6.25469 1309.6
vn -0.606088 -0.756857 0.24459
v -36.5844 -6.2 1309.4
vn 0.0210995 -0.960546 -0.277318
v -35.8 -6.69531 1309.8
vn 0.105457 -0.929281 -0.353999
v -36.2 -6.45781 1310.4
vn -0.241644 -0.96001 -0.14138
v -36.8 -6.45156 1312.6
vn -0.0114994 -0.955653 -0.294269
v -36.2 -7 1314.84
vn -0.0483204 -0.958801 -0.279939
v -37 -7.47656 1317.4
vn -0.148275 -0.97779 -0.148126
v -35.8 -4.69531 1301.2
vn 0.190391 0.93398 0.302378
v -36.6 -4.91719 1325.6
vn 0.229089 0.919412 0.319685
v -36.2 -5 1324.56
vn 0.131176 -0.920313 -0.368532
v -36.6 -3.07969 1295.6
vn -0.231734 -0.968128 -0.095013
v -35.8 -3.81719 1298.4
vn -0.399617 -0.916605 -0.0118514
v -36.8 -4.22969 1300.2
vn -0.113668 -0.97813 -0.174189
v -35.8 -3.87969 1299
vn 0.206104 0.974224 0.0917033
v -36 -3.06094 1309.6
vn 0.121988 0.948041 0.293831
v -37 -4.14844 1319
vn 0.606875 0.75371 -0.252239
v -37.0016 -4 1321
vn 0.467828 0.883232 -0.032215
v -36.8 -4.4 1320.17
vn -0.0430799 0.899911 0.43394
v -37.2 -4.095 1322.8
vn 0.345785 0.909424 0.231044
v -36 -4.29219 1323.2
vn -0.203513 -0.975677 -0.0814609
v -37.2 -2.76406 1294
vn 0.131122 -0.90592 -0.402636
v -36.8 -0.8 1287.23
vn 0.0923324 0.979058 0.181439
v -37.2 -0.079687 1296.2
vn -0.330167 0.728877 0.599774
v -37.2 0.2 1295.71
vn 0.626678 -0.319386 -0.710822
v -37.0527 1.8 1251.2
vn 0.518425 -0.549146 -0.655496
v -36.7571 0.8 1251.8
vn -0.471231 -0.812149 0.344027
v -37 0.698334 1253.8
vn -0.364528 -0.905903 0.215542
v -36.8 1.45781 1257
vn -0.345505 -0.913981 0.212755
v -36.6 1.28548 1256.4
vn -0.350907 -0.909327 0.22358
v -36.4 1.07031 1256
vn -0.238814 -0.963247 0.122977
v -35.8 1.27656 1257.6
vn 0.538273 -0.551156 -0.637565
v -36.8814 2 1251.2
vn 0.653992 -0.249131 -0.714303
v -36.6 2.6 1250.92
vn -0.429901 -0.86308 0.265099
v -37.2 2.2 1258.33
vn -0.296207 -0.947672 0.119077
v -35.62 2.2 1261.8
vn -0.235829 -0.970941 0.0407251
v -37 2.91406 1264.6
vn -0.282755 -0.958071 0.0463695
v -36.8 2.6 1267.93
vn -0.153784 0.872591 0.463612
v -36.6 2.33281 1288.8
vn 0.0150668 0.954235 0.298678
v -36.2 2.46719 1288.8
vn -0.0367727 0.9208 0.388297
v -36.8 2.2 1290
vn -0.0102547 0.947493 0.319612
v -36.4 2.14531 1289.2
vn 0.321042 0.925631 -0.20035
v -36 5.61719 1258.4
vn 0.0640086 0.991365 0.114448
v -37.2 6.47031 1260.4
vn 0.328404 0.934758 -0.135568
v -36 6.30469 1260.4
vn 0.0122088 0.978563 0.205584
v -36.8 6.62031 1262.4
vn 0.199403 0.97983 0.0130766
v -35.8 6.62656 1265.4
vn 0.271708 0.961412 -0.0431529
v -36.8 6.89531 1263.4
vn 0.359476 0.922739 -0.139031
v -36.3609 6.8 1266.2
vn 0.0206902 -0.946277 -0.322694
v -34.4 -9.83281 1327.4
vn -0.312548 -0.941539 -0.125772
v -34.4 -10.1172 1328.2
vn -0.688796 -0.699675 0.189777
v -35 -9.8 1331.1
vn -0.519126 -0.85357 0.0439031
v -34.2 -10.3453 1331.8
vn -0.296573 -0.947657 -0.118281
v -35.6 -7.90469 1318.2
vn -0.792581 0.150488 0.590904
v -34.3203 -8.2 1332
vn -0.569672 -0.807457 0.153252
v -34.4 -7.05156 1312.8
vn -0.0591785 0.913749 0.401946
v -35.2 -6.29844 1328.6
vn 0.252776 0.960174 0.119038
v -34.4 -6.2 1328.43
vn -0.0210627 0.906181 0.422366
v -35 -7 1329.92
vn -0.218276 0.827102 0.517936
v -34.8 -6.91455 1329.8
vn -0.689996 0.362167 0.62669
v -34.8167 -7.4 1331
vn -0.128031 0.891543 0.434465
v -34.1971 -7.4 1330.8
vn -0.202838 -0.973509 -0.105532
v -35.2 -4.87031 1302.4
vn -0.166024 -0.974737 -0.149413
v -35.6 -5.52344 1304.4
vn 0.0655957 -0.951397 -0.300899
v -34.4 -5.70781 1305.2
vn -0.239164 -0.967288 -0.0845857
v -35 -6 1308.15
vn 0.182158 0.962704 0.200048
v -34.6 -4.6 1317.27
vn 0.204163 0.848526 0.488181
v -35.6 -4.70702 1323.6
vn 0.556801 0.828533 -0.0592164
v -35.6 -4.55781 1323.2
vn 0.359942 0.883621 0.299426
v -35.5634 -4.6 1323.4
vn 0.282077 0.928537 0.241353
v -35.2 -5.33281 1324.6
vn 0.241627 0.949623 0.199582
v -35 -5.92031 1327
vn 0.0640479 -0.961541 -0.267088
v -34.6 -3.2 1295.75
vn 0.119071 -0.937794 -0.326137
v -34.6 -4.08594 1298.6
vn -0.0430678 -0.96658 -0.25272
v -34.4 -3.68281 1298.2
vn 0.0657482 0.982055 0.176762
v -35 -3.24219 1310.2
vn -0.0512274 0.912635 0.405553
v -35 -3.45469 1312.8
vn 0.23484 0.95914 0.157798
v -35.2 -3.80469 1314
vn -0.0241447 -0.96659 -0.25519
v -35 -2.42031 1292.2
vn -0.0444329 -0.977496 -0.20622
v -35.2 -2.55469 1293.6
vn -0.282879 0.802201 0.525788
v -34.8 0.257813 1295.4
vn 0.0101077 0.952567 0.304162
v -35.2 0.092188 1296.8
vn 0.0149067 0.964471 0.263769
v -34.8 0.142188 1295.6
vn -0.138952 0.915057 0.378634
v -34.8 -0.32857 1297.8
vn 0.0703712 0.975611 0.207919
v -35.4 -0.942187 1299.8
vn 0.670896 -0.366778 -0.644494
v -34.8 1 1253.41
vn 0.74653 -0.147148 -0.648876
v -34.2119 1.4 1254
vn -0.311158 0.821736 0.477421
v -34.4 0.729688 1295
vn 0.593812 -0.398293 -0.699106
v -34.4241 2 1253.2
vn 0.299323 0.948462 -0.10404
v -34.6 3.56094 1253.6
vn 0.259571 0.965364 -0.0263792
v -34.1 3.4 1254.2
vn -0.224607 -0.97424 0.02021
v -34.8 2.03906 1263.2
vn -0.0700281 -0.992837 -0.0968028
v -35.2 2.51094 1267.8
vn -0.0744255 0.926107 0.369846
v -34.2 2.91094 1287.6
vn 0.352442 0.917214 -0.185749
v -35.6 3.69844 1253.2
vn 0.0224322 0.963096 0.268223
v -34.6 4.13594 1283.6
vn 0.0726575 0.964074 0.255502
v -34.8 3.64531 1285.4
vn 0.411857 0.8786 -0.241734
v -34.6 5.8 1261.61
vn 0.106925 0.993676 0.0342738
v -34.2 5.69844 1261.4
vn 0.335477 0.927018 -0.167612
v -34.8 6.07969 1262.2
vn 0.512339 0.791178 -0.333985
v -34.555 6 1263.6
vn 0.272053 0.962282 -0.000469177
v -35.2625 6 1274
vn 0.142751 0.982684 0.118131
v -34.8 5.44531 1276
vn 0.249919 0.967567 0.0368057
v -35.2 5.44219 1276.4
vn 0.216625 0.975298 0.0432208
v -35 5.47656 1277.6
vn -0.834441 0.0243082 0.550561
v -33.2297 -10.2 1333.8
vn 0.101584 -0.935324 -0.338894
v -33 -8.22031 1316
vn -0.0290106 -0.953878 -0.298789
v -34 -8.4 1318.84
vn 0.217581 -0.893575 -0.39266
v -33.5178 -6.8 1310.8
vn -0.577264 -0.799502 0.166019
v -34 -7.37174 1312.6
vn 0.388376 0.92043 0.044412
v -32.6 -6.39531 1325.6
vn 0.27249 0.949124 0.157837
v -33.0246 -6.4 1326.8
vn 0.319162 0.934028 0.160396
v -34 -6.335 1327.8
vn 0.659675 0.72591 -0.194639
v -32.7953 -7 1330
vn 0.610159 0.773308 -0.172341
v -32.6 -7.30469 1330
vn -0.153587 0.903335 0.400495
v -33 -7.2 1331.35
vn -0.215431 -0.974163 -0.0677979
v -33.6 -4.53594 1301.4
vn -0.0125178 -0.978664 -0.205087
v -33 -4.66406 1301.4
vn 0.0945694 -0.956774 -0.275026
v -33.8 -5.2 1304.11
vn 0.0990554 0.953844 0.283495
v -33.3857 -4.6 1315.4
vn 0.00519795 0.936821 0.349771
v -32.6 -4.53594 1315.4
vn 0.150405 0.966246 0.209159
v -33 -5.04844 1318.6
vn 0.280401 0.947486 0.153769
v -32.8 -4.94531 1318
vn 0.302636 0.94427 0.129485
v -33.2 -5.41719 1321.6
vn 0.294135 0.936758 0.189656
v -33.8 -6 1326.56
vn 0.0471502 -0.957989 -0.282902
v -33.2 -3.92344 1298.4
vn 0.335306 -0.836414 -0.433568
v -33.8 -4.16032 1299.4
vn -0.0373432 -0.952736 -0.301497
v -33.4 -4.04219 1298.8
vn -0.335648 -0.940558 0.0518788
v -32.6 -4.2 1300.12
vn 0.113362 0.980022 0.163417
v -33.2 -3.68906 1313.6
vn -0.0307188 0.963454 0.266107
v -33 -2.8 1306.65
vn 0.0375025 0.977974 0.205328
v -34 -2.71719 1307
vn 0.118365 0.984894 0.126383
v -33.8 -2.67031 1306.8
vn -0.348936 -0.903437 0.24909
v -33.4 -0.332812 1256.2
vn 0.43254 -0.780602 -0.451187
v -33.1603 -0.2 1256.2
vn -0.280126 -0.942331 0.183146
v -32.8 -0.2 1257.27
vn 0.0363524 -0.959476 -0.279435
v -34 -0.676562 1287.8
vn -0.326851 0.815557 0.47753
v -34 0.035938 1296.2
vn -0.336472 -0.929927 0.148396
v -33.6 1.43281 1262.6
vn -0.303274 -0.9495 0.0804625
v -33 1.64219 1267
vn -0.098842 -0.989791 -0.102685
v -32.8 1.70781 1275.6
vn -0.0619205 -0.988201 -0.140085
v -33.6 1.08281 1280.6
vn 0.124391 0.986081 0.110323
v -33.8 1.82031 1291
vn -0.137952 0.926797 0.34931
v -33.2 1.47031 1292.2
vn 0.144908 0.987049 0.0688201
v -32.8 1.51406 1291.2
vn -0.108906 0.945675 0.306329
v -32.6 1.63906 1290.8
vn -0.0174972 0.972057 0.234093
v -33.4 1.10156 1293.6
vn -0.0275018 0.97129 0.236305
v -33.8 0.832813 1295
vn 0.263569 0.96376 -0.0412007
v -32.6 0.454688 1295.4
vn 0.686457 0.246502 -0.684115
v -33.2 2.6 1254.32
vn 0.475322 0.860409 -0.183752
v -33 3.04426 1254.8
vn 0.476687 0.812728 -0.335026
v -32.95 3.2 1255.4
vn 0.557649 0.787041 -0.263806
v -32.7774 3 1255.2
vn 0.703223 -0.0457127 -0.709498
v -32.5644 2.2 1254.8
vn 0.632853 0.612051 -0.474226
v -32.4803 2.8 1255.2
vn 0.320376 0.923973 -0.208886
v -32.6 5.46719 1262
vn -0.00423777 0.992802 0.11969
v -33.6 5.95156 1264
vn 0.246844 0.960189 -0.130788
v -32.8 5.88906 1264.4
vn -0.165728 0.898207 0.407135
v -33.6 5.37031 1276.8
vn -0.243297 -0.960575 -0.134546
v -31.1396 -11 1329
vn -0.244781 -0.960721 -0.13076
v -32 -11.3141 1331.8
vn -0.674578 -0.677649 0.292809
v -31.2641 -11.4 1336.8
vn -0.1881 -0.962247 -0.196721
v -32.2 -10.0703 1325
vn -0.54523 -0.83803 0.0207246
v -31.8 -10.2 1325.36
vn 0.00725682 -0.966753 -0.25561
v -31.8 -7.93281 1314.2
vn -0.573037 -0.806578 0.145118
v -32.4 -8.00469 1315.4
vn 0.322518 0.946252 -0.0242599
v -31.4 -7.67031 1331.6
vn -0.551601 0.635838 0.539858
v -32.3049 -8.8 1334.8
vn -0.270331 0.89205 0.362171
v -32 -8.68906 1334.8
vn -0.237193 0.93341 0.269229
v -31.2 -8.44531 1335
vn 0.305798 0.943297 0.129141
v -31.642 -6.2 1322.4
vn 0.0186274 0.861322 0.507718
v -32 -6.78906 1327
vn 0.299536 0.945819 0.125315
v -31.6 -6.77969 1326.2
vn 0.254291 0.96067 0.111576
v -31.2 -7 1327.44
vn 0.276463 0.947662 0.159701
v -32.4 -7.36719 1329.8
vn 0.592183 0.7841 -0.185761
v -31.8 -7.43594 1331.4
vn -0.108749 -0.985838 -0.127663
v -31.2 -4.60781 1302
vn 0.084012 -0.956698 -0.278696
v -30.8406 -4.8 1302.8
vn 0.0968977 0.955598 0.278285
v -31.2 -5.20156 1317.2
vn 0.319552 0.943107 0.0918482
v -31.6 -5.52031 1318.8
vn 0.236871 0.970528 0.0443594
v -31.2 -5.63594 1320.2
vn 0.470837 0.861982 -0.187882
v -30.9216 -5.8 1320
vn -0.298969 -0.953809 0.0294285
v -32.2 -4.34844 1300.2
vn 0.0168157 -0.970619 -0.240033
v -32 -4.4 1301.17
vn 0.106071 0.984338 0.140813
v -31.4 -3.31719 1310
vn 0.149652 0.974957 0.164508
v -31.6 -3.85469 1313
vn -0.104619 0.953652 0.282139
v -32.4 -2.24531 1304.4
vn 0.455059 -0.821242 -0.344215
v -32.2 -0.254687 1257.6
vn 0.0820494 -0.992223 -0.0936039
v -31 -0.454687 1259.4
vn 0.0709133 -0.965896 -0.249031
v -31.4 -0.335937 1287
vn 0.224205 -0.894459 -0.386878
v -31.4 -1.05156 1288.6
vn -0.140084 0.940503 0.309564
v -32.2 -0.573437 1298.8
vn -0.300892 -0.935822 0.183579
v -31.6 0.764063 1261.6
vn -0.49542 -0.794777 0.350555
v -30.8289 0.6 1262.2
vn -0.0833029 -0.996096 0.029198
v -31 0.720313 1262.6
vn -0.277308 -0.958506 0.0660856
v -31 1.25469 1265.6
vn -0.27489 -0.960676 0.0392092
v -31.2 1.32656 1268.2
vn -0.279726 -0.959438 0.0350904
v -31.6 1.68594 1270.8
vn -0.374773 -0.91824 0.127986
v -31.4 1.61094 1270.6
vn -0.365266 0.783209 0.503154
v -32 0.717307 1295.4
vn 0.52045 0.739418 -0.427075
v -31.6 2.85781 1256.6
vn 0.47084 0.785821 -0.400992
v -31.8 3.83906 1257.6
vn 0.352132 0.894133 -0.27664
v -32 4.54219 1259.2
vn 0.329103 0.921426 -0.206554
v -32.4 4.74531 1260.6
vn 0.487395 0.790462 -0.370965
v -31 5.12097 1265.4
vn 0.0967813 0.981978 0.162332
v -32.2 5.09844 1276.6
vn -0.147113 0.928279 0.341548
v -31.8 4.71094 1279
vn 0.156774 0.98763 0.00302246
v -31.7187 5.8 1265.8
vn 0.448981 0.829471 -0.332256
v -31.6 5.73281 1265.6
vn -0.0990936 0.946297 0.307737
v -31.6 5.30156 1268.2
vn -0.168403 0.918618 0.357465
v -31.6 5.45469 1267.8
vn 0.431838 0.874645 -0.220255
v -31.2 5.45156 1268
vn 0.406971 0.892568 -0.194157
v -31.4288 5.4 1268.8
vn -0.161389 0.916418 0.366241
v -31 5.32656 1268.4
vn 0.176306 0.982975 0.0517283
v -31.2 5.67031 1273
vn 0.107659 0.984692 0.137081
v -32 5.55156 1275
vn -0.158881 -0.98115 -0.110008
v -29.8 -12.1422 1335.4
vn -0.486331 -0.858259 0.163933
v -30.005 -12 1338.2
vn -0.149415 -0.974062 -0.169934
v -30.4 -9.96406 1322
vn -0.2188 -0.965074 -0.144077
v -30.4 -10.1516 1323.6
vn -0.0869615 -0.975511 -0.202028
v -29.6 -10.2922 1323.8
vn -0.107298 -0.974111 -0.198986
v -30.8 -10.7734 1326.8
vn -0.0781903 -0.971453 -0.223974
v -30 -10.7609 1326.4
vn -0.691895 0.444813 0.568703
v -30.6109 -9.8 1337.4
vn 0.0378698 -0.964265 -0.262221
v -29.6 -8.16406 1316
vn 0.225461 -0.900436 -0.371998
v -29.8 -8.71094 1317.4
vn 0.0902731 0.98502 0.146921
v -29.5 -8.2 1332.2
vn 0.0868049 0.977747 0.190987
v -30.6 -7.97969 1333.4
vn 0.0476988 0.987169 0.152388
v -30 -8.07031 1333.8
vn -0.0629451 0.984198 0.165508
v -30.6 -8.29844 1334.6
vn -0.313697 0.906339 0.283097
v -30.6 -8.32656 1335.4
vn 0.0919506 0.983678 0.154672
v -30.4 -8.31406 1335.4
vn -0.0577504 0.970826 0.232727
v -30 -8.54844 1336.4
vn 0.184622 0.977505 0.101976
v -29.8 -8.59219 1336.4
vn 0.0987592 0.974184 0.20301
v -29.6 -8.54531 1335.8
vn 0.223351 -0.903233 -0.36645
v -30.2 -6.50469 1309
vn 0.189591 -0.922448 -0.33637
v -29.8 -6.2 1308.92
vn 0.0747524 -0.968015 -0.239498
v -29.4 -7.27656 1312.4
vn 0.0462362 0.964204 0.2611
v -29.8 -7 1324.6
vn -0.00771219 -0.981414 -0.191748
v -29.6 -5.77656 1306.6
vn -0.15124 0.901082 0.406421
v -29.6 -5.71404 1318.4
vn 0.348741 0.935999 -0.0478166
v -30.6114 -6 1320
vn 0.431742 0.861526 -0.267154
v -30.8 -5.72656 1320.4
vn 0.09299 0.967376 0.235662
v -30.4 -5.98281 1319.6
vn 0.0490161 -0.975426 -0.214804
v -29.8 -3.67969 1298.6
vn -0.0124301 -0.986548 -0.163001
v -30.4 -3.67969 1298.8
vn 0.149628 -0.9393 -0.30875
v -29.6 -4.29844 1301.4
vn -0.22055 0.909218 0.3531
v -30 -3.60469 1309.6
vn 0.188102 0.981386 0.0387126
v -29.3364 -4 1311.4
vn 0.127028 0.940928 0.313875
v -30.8 -4.02969 1312.8
vn -0.071246 0.894423 0.44151
v -30.4 -4.02656 1312.8
vn 0.043641 0.953095 0.299509
v -30.4 -4.17656 1313
vn -0.167863 0.898026 0.406658
v -30.2 -4 1312.81
vn 0.130378 0.982133 0.135709
v -30.2 -4.22656 1314.2
vn -0.0917141 0.966249 0.240733
v -30 -1.54219 1303.4
vn -0.263186 0.909079 0.322969
v -29.8 -1.43281 1303.2
vn -0.111725 0.971821 0.20756
v -30.8 -2.77031 1307.8
vn 0.451915 -0.750171 -0.482718
v -30.6 -0.035937 1258
vn -0.101326 -0.993627 0.049378
v -30.8 -0.439062 1260.2
vn 0.290584 -0.93707 -0.193546
v -30.6 -0.376562 1259.8
vn 0.244466 -0.944164 -0.220884
v -30.6 -0.2 1259.3
vn -0.460062 0.672363 0.579888
v -29.6151 0 1298
vn -0.377148 0.816161 0.437768
v -30.4 -0.348437 1300
vn -0.0945122 0.971712 0.216434
v -30.4 -0.020312 1299.4
vn 0.710292 -0.261683 -0.653458
v -30.4 0.8 1257.55
vn -0.173959 -0.980808 0.0880515
v -30.2 0.642188 1264.8
vn -0.281237 -0.950136 0.13471
v -29.4 0.723728 1266.2
vn -0.216635 -0.976239 -0.00517416
v -30.6 1.06406 1267.8
vn -0.110115 -0.992366 -0.0555416
v -30.6 1.22344 1275.8
vn -0.166711 -0.985913 -0.0135478
v -30.4 1.36719 1277.4
vn -0.140986 -0.988012 -0.0628925
v -29.8 1.27031 1278.6
vn -0.1061 0.954229 0.279625
v -30 1.62969 1291.6
vn 0.0694561 0.992273 0.102812
v -30.8 1.25469 1293.8
vn 0.723951 0.23851 -0.647309
v -30 2.21579 1257.8
vn 0.476287 0.78683 -0.392491
v -29.2478 2.6 1258.8
vn -0.206317 0.905763 0.370172
v -30 2.02419 1290.8
vn 0.438604 0.861254 -0.256648
v -29.6 4.62031 1264.2
vn 0.218122 0.973485 -0.0689138
v -30.8 4.96406 1265.2
vn 0.414529 0.854051 -0.314264
v -30 4.93594 1266.2
vn -0.0104681 0.993547 0.112939
v -29.6 4.87656 1266
vn 0.125954 0.991889 0.0170835
v -29.6 5.06094 1276.8
vn 0.213896 0.976671 -0.0190241
v -30.8 4.83594 1278.4
vn 0.110184 0.9885 0.10357
v -30.4 4.78906 1279.6
vn 0.15775 0.987413 0.0113751
v -29.4818 4.6 1280.6
vn 0.0996562 0.991188 0.0872606
v -30.2 4.24219 1281.6
vn 0.104762 0.988849 0.105844
v -29.6 4.18281 1283
vn 0.364891 0.919196 -0.148097
v -29.8 5.30156 1267
vn 0.00489814 0.985299 0.170771
v -29.8 5.23906 1268.6
vn -0.0172319 -0.999498 -0.0265984
v -28 -12.5391 1338.8
vn -0.248726 -0.957613 0.145303
v -28.2 -12.4391 1340.4
vn 0.0998306 -0.955145 -0.278803
v -28.6 -10.9141 1325.8
vn 0.0318393 -0.9702 -0.240206
v -29 -10.8953 1327
vn 0.236009 -0.922659 -0.30496
v -28 -10.8859 1326.4
vn -0.302582 -0.951763 0.0509059
v -27.8 -10.8578 1326
vn 0.106946 -0.967968 -0.227158
v -27.8 -11.255 1327.6
vn -0.139414 -0.98573 -0.094345
v -28.2 -11.6516 1330.8
vn 0.112173 -0.955672 -0.272229
v -28.0156 -11.8 1331.6
vn -0.207377 -0.97613 -0.0645307
v -28.8 -11.9141 1333.2
vn -0.310316 -0.950454 -0.018498
v -27.8 -12.3016 1333
vn -0.747268 0.272674 0.606003
v -28 -11.8 1341.79
vn -0.693935 0.326774 0.641618
v -27.6895 -11.6 1342
vn 0.033506 -0.963307 -0.266302
v -28.8 -9.25781 1319.4
vn -0.15193 -0.975328 -0.160164
v -28.2 -9.69531 1321.4
vn 0.0974197 -0.96627 -0.238395
v -28.6 -10.6609 1325.2
vn -0.848365 0.128727 0.513524
v -28.9547 -10 1339.8
vn -0.602357 0.672397 0.430173
v -28.8 -9.66406 1339.8
vn -0.81781 0.0174174 0.575225
v -28.4 -10.6 1340.71
vn -0.841388 -0.285232 0.459031
v -28.4 -10.4 1340.82
vn 0.16168 0.974341 0.156587
v -29.2 -7.63281 1327
vn 0.136411 0.98773 0.0760408
v -28.8 -8.09219 1331.8
vn -0.103477 0.978559 0.178088
v -28 -8.25469 1333.2
vn 0.0025899 0.975062 0.221917
v -29 -8.29531 1335.2
vn -0.175832 0.886067 0.428916
v -29.2 -8.50469 1335.6
vn -0.455575 0.800042 0.390364
v -27.8 -9.19219 1340
vn 0.280005 -0.885107 -0.371731
v -29.2 -6.57031 1310
vn 0.195729 -0.942351 -0.271412
v -27.8 -5.45469 1306
vn 0.0345354 0.982469 0.1832
v -28.8 -4.52969 1315.2
vn 0.00745725 0.955064 0.296307
v -29.2 -5.16406 1317.6
vn 0.130502 0.984336 0.118543
v -28 -5.57656 1319
vn -0.345137 0.807951 0.477594
v -28 -5.6 1319.38
vn -0.0457322 0.962575 0.267129
v -27.8 -5.55469 1318.8
vn 0.177092 -0.954184 -0.241186
v -28.4 -4.26406 1301.8
vn -0.353108 0.857961 0.373118
v -28.6 -1.59531 1304.6
vn -0.13604 0.969709 0.202871
v -28 -1.92656 1306
vn -0.218934 0.933059 0.285427
v -29.2 -2.45156 1306.8
vn 0.114868 -0.981786 -0.151336
v -28.8 -0.273437 1260.8
vn 0.142856 -0.982237 -0.121667
v -29 -0.535937 1262.2
vn -0.0488716 -0.998801 -0.00279868
v -27.8 -0.476562 1263.2
vn -0.652302 -0.603949 0.457983
v -28.6453 0.2 1264.8
vn -0.187108 -0.975038 0.119545
v -28 -0.573437 1264.2
vn 0.102235 -0.992316 -0.0696927
v -27.8 -0.473437 1264
vn -0.305618 0.861931 0.404564
v -29 0.325 1298.2
vn 0.239858 0.967161 -0.0840745
v -28.8 -0.295312 1299.8
vn -0.575961 0.548643 0.606019
v -28.4569 0 1299
vn -0.261886 0.897389 0.355118
v -28.4 -0.364062 1299.4
vn -0.48211 0.696861 0.530995
v -28.2 0.270313 1299
vn -0.393069 -0.886779 0.243147
v -29 0.717188 1264.8
vn -0.0225301 -0.999466 -0.0236531
v -28.4692 0.6 1266.2
vn -0.179152 -0.983359 -0.0301661
v -29.2 1.13281 1276.6
vn -0.192295 -0.981212 0.0156904
v -28.8 1 1279.36
vn 0.0613563 -0.986585 -0.151278
v -28.4 0.767188 1281.2
vn -0.0604618 0.980525 0.186854
v -28.8 0.473438 1296.8
vn 0.0235588 0.997009 0.0736043
v -29.2 0.489063 1297.2
vn 0.718603 0.233347 -0.655102
v -29.2 2.4 1258.61
vn -0.0455858 0.970478 0.236841
v -28.8 3.11406 1286.8
vn 0.404728 0.878988 -0.252143
v -29 4.28281 1262.6
vn -0.335531 0.877686 0.342179
v -28.8 4.69219 1264.8
vn 0.243514 0.962523 -0.119373
v -28.6 4.31406 1263.8
vn 0.537981 0.758213 -0.368361
v -29.2 4.88594 1265.6
vn 0.0777009 0.995284 0.0580741
v -29.2 4.91094 1266
vn 0.402844 0.873193 -0.274319
v -27.8 4.33137 1265.4
vn 0.178422 0.983232 -0.0376963
v -27.8 4.72969 1269.2
vn 0.0103738 0.99335 0.114665
v -28.2 4.76719 1277
vn 0.2365 0.957246 -0.166577
v -28 4.77031 1277.4
vn -0.204911 0.922125 0.328172
v -27.8 4.99844 1276.6
vn 0.192253 0.971887 -0.135922
v -27.8 4.85156 1277.8
vn -0.0349315 0.983121 0.179593
v -27.7174 4.8 1278.4
vn -0.0398179 0.980999 0.189884
v -28.4 4.47031 1280
vn 0.0219362 0.993536 0.111377
v -28 4.32656 1280.8
vn -0.159623 0.936947 0.310887
v -29 4.4 1281.42
vn 0.0345004 -0.976702 -0.211807
v -27.6 -12.6141 1337.2
vn -0.605547 -0.715781 0.347809
v -26.8 -12.7609 1338.6
vn 0.00779896 -0.997823 -0.0654866
v -26.4 -12.6 1337.33
vn -0.425729 -0.829607 0.361257
v -26.3859 -12.6 1339.4
vn 0.186858 -0.974503 -0.124212
v -26.6 -12.6266 1340.4
vn 0.0511552 -0.998229 0.0303639
v -26.4 -12.6 1340.94
vn -0.0749145 -0.989661 -0.122304
v -27.4 -10.9422 1326.8
vn -0.306837 -0.951515 0.0216727
v -26.8 -11.1266 1327.2
vn 0.0952644 -0.958845 -0.267472
v -27.6 -11.2 1328.49
vn 0.11961 -0.972169 -0.201446
v -27.4 -11.2953 1327.8
vn 0.345004 -0.882742 -0.318965
v -27 -11.1297 1328
vn -0.113295 -0.98839 -0.101243
v -26.4 -11.6 1329.79
vn -0.108412 -0.987984 -0.110159
v -26.6 -12.0703 1331.8
vn -0.399459 -0.885922 0.235744
v -27.6 -12.4 1337.95
vn 0.0511263 -0.997641 -0.0458036
v -27.4 -12.4 1338.9
vn -0.765736 0.223803 0.602959
v -26.6 -11.2 1343.04
vn 0.0375829 -0.970316 -0.238901
v -27.4 -9.87656 1321.8
vn 0.0211877 -0.972243 -0.233014
v -27 -10.5078 1325.4
vn 0.260834 -0.917329 -0.300786
v -26.0102 -10.8 1327.2
vn 0.0779871 0.995945 0.0448409
v -26.4 -9.35156 1339.2
vn -0.751575 -0.480452 0.451997
v -27.4518 -10.6 1342.2
vn -0.845733 0.207947 0.49142
v -27.5203 -10.4 1342.4
vn -0.256992 0.948415 0.185645
v -26.2 -9.4 1342.48
vn 0.0356562 0.982208 0.184379
v -27.2 -8.01094 1328.8
vn -0.124271 0.81434 0.566928
v -26.4 -8 1328.81
vn -0.222441 0.896351 0.383503
v -26.4 -7.75781 1328.4
vn -0.126896 0.926177 0.355096
v -26.2 -8.1254 1329
vn -0.309681 0.744571 0.591364
v -26.2 -7.93281 1328.8
vn 0.0542903 0.998339 0.0192576
v -26.2 -8.14531 1329.2
vn -0.161744 0.960846 0.224975
v -26.2 -8.06406 1330
vn 0.195084 0.979744 0.0452167
v -27.2 -8.75968 1336.2
vn 0.0244703 0.977124 0.211258
v -27.2 -8.95156 1337.4
vn 0.0960088 0.993254 0.0650277
v -27.4 -9.13906 1339
vn 0.205156 -0.936855 -0.28322
v -26.4 -6.04844 1309
vn 0.0482225 -0.974797 -0.217818
v -26.2 -6.55156 1311.8
vn -0.0467788 0.978654 0.20012
v -27.2 -6.72344 1322.6
vn -0.309052 0.837375 0.450877
v -26.1872 -6.2 1321.6
vn 0.298741 0.944867 -0.134086
v -27.6 -6.72969 1322.8
vn -0.164766 0.958538 0.232501
v -26.2 -7.4 1326.57
vn -0.0843986 0.977853 0.191523
v -26.6 -4.44844 1315
vn 0.0231535 0.995312 0.0939078
v -26.4 -4.48906 1315
vn -0.160985 0.951436 0.262398
v -26.5885 -4.8 1316.8
vn -0.290534 0.888434 0.355351
v -26.6 -3.06719 1311.2
vn 0.245613 -0.936897 -0.248794
v -26.2 -1.84219 1295.2
vn -0.246869 0.939592 0.237115
v -27 -1.52969 1306
vn -0.318419 0.898645 0.301738
v -26.4 -1.41094 1305.6
vn -0.340077 0.881137 0.328549
v -26.2 -1.92656 1307.6
vn -0.403218 0.841964 0.358486
v -27.5606 -2.6 1308.8
vn -0.348677 0.887007 0.302724
v -26.6 -2.03281 1308.8
vn 0.221461 -0.950834 -0.216492
v -27.4 -0.4 1262.75
vn 0.617099 -0.622892 -0.480827
v -26.8297 0 1262.6
vn 0.169827 -0.970261 -0.17249
v -27 -0.595312 1264.2
vn -0.181201 -0.979041 0.0929825
v -27 -0.510937 1264.6
vn -0.185195 -0.982138 0.0332991
v -26.6 0.320313 1276.4
vn -0.557886 0.6262 0.544644
v -27 -0.369842 1300.8
vn 0.0429348 0.998561 -0.0321393
v -26.2 -0.567187 1302.2
vn -0.131108 0.962378 0.23799
v -27.4 0.776563 1296.8
vn -0.254753 0.923632 0.286365
v -26.4 1.05156 1297
vn -0.0289074 0.997363 0.0665734
v -26.2 1.31406 1295.6
vn -0.302833 0.893418 0.331808
v -26.3186 0.8 1297.6
vn 0.784937 0.104425 -0.610712
v -26.6 2.4 1261.76
vn 0.353299 0.900012 -0.255262
v -26.8 2.62031 1262.2
vn -0.0874525 0.980334 0.176908
v -27.2 2.34219 1291
vn 0.597847 0.691856 -0.404863
v -27.6 4.40698 1267.2
vn 0.032405 0.991934 0.12254
v -26.4 4.30156 1273
vn 0.252572 0.963671 -0.0868695
v -26.6 4.72031 1276
vn 0.118731 0.990142 -0.0743052
v -26.8 4.70156 1278.4
vn -0.230283 -0.964586 0.128624
v -25.6 -12.7766 1337
vn -0.100646 -0.983216 0.152176
v -25 -12.4984 1338.6
vn 0.257506 -0.941678 -0.216641
v -24.5828 -12.8 1337.8
vn -0.0211358 -0.985439 0.168708
v -25.4 -12.5859 1340.2
vn 0.0804383 -0.996649 -0.0148172
v -25.8 -12.4766 1343.8
vn 0.0354584 -0.999354 -0.00587136
v -24.8 -12.4672 1345.6
vn 0.384624 -0.858302 -0.339679
v -25.8 -11.4578 1328.8
vn -0.555647 -0.814247 0.168101
v -25 -11.0422 1328
vn -0.241964 -0.970235 0.00992977
v -25 -10.9641 1328.4
vn -0.304279 -0.952179 0.0277514
v -24.8 -11.1828 1328
vn 0.335279 -0.879101 -0.338777
v -25.2 -11.8 1331.32
vn 0.00560859 -0.991047 -0.133395
v -26 -12.1391 1333.6
vn -0.308757 -0.94725 0.0859494
v -25.8 -12.2 1333.32
vn -0.00816813 -0.999933 -0.00814776
v -24.6 -12.3359 1336
vn 0.0553597 -0.997376 0.0466611
v -25.8 -12.3391 1340.8
vn 0.23751 -0.971227 -0.0174999
v -24.8 -12.2859 1342.8
vn -0.508504 -0.783092 0.358037
v -26 -12.3641 1344.2
vn -0.730816 -0.531324 0.428488
v -24.6703 -11.2 1346.2
vn 0.161553 -0.936222 -0.312072
v -25.8 -9.30781 1320.8
vn -0.326723 -0.945064 0.010316
v -26 -10.7516 1326.2
vn -0.0751716 0.990357 0.116371
v -24.8 -9.34531 1340
vn -0.742804 -0.474222 0.472605
v -26 -10.4 1344.62
vn -0.135773 0.988715 0.0633112
v -26 -9.48281 1344.2
vn -0.720029 0.522663 0.456489
v -25.7109 -10 1345.4
vn -0.0694736 0.997054 0.0324988
v -25 -9.45156 1345.4
vn -0.764062 -0.475407 0.436117
v -24.8 -10.2 1346.9
vn -0.630533 -0.700109 0.335074
v -24.6 -10.3648 1347
vn 0.138259 -0.954729 -0.263394
v -25.2 -8.21719 1316.8
vn 0.444047 -0.821462 -0.357803
v -24.8 -8 1316.65
vn 0.18275 -0.925656 -0.331307
v -25.6 -8.46094 1318.8
vn -0.0856743 -0.986894 -0.136746
v -25.6 -8.34844 1318.4
vn -0.245563 -0.969373 -0.00393409
v -25 -8.50469 1318.8
vn -0.0400386 -0.993849 -0.103254
v -24.62 -8.6 1319
vn -0.00975793 -0.990847 -0.134637
v -24.8 -8.54219 1319.4
vn 0.34113 -0.868783 -0.358953
v -25 -8.93906 1320.2
vn -0.349747 0.783376 0.513808
v -26 -7.82344 1328.8
vn -0.175446 0.954715 0.240285
v -25.8 -8.47031 1331.4
vn 0.0278102 0.998843 0.0392432
v -25.4 -8.58281 1332.2
vn 0.00947473 0.99973 0.0212245
v -24.8 -8.15469 1331
vn -0.0450409 0.998833 0.0174286
v -24.6 -8.71406 1335.2
vn -0.0630618 0.98396 0.16687
v -25.6 -9.14531 1337.8
vn -0.483848 0.793757 0.368565
v -24.4809 -9.2 1344.2
vn 0.163056 -0.954382 -0.250136
v -25.2 -7.11719 1314.2
vn -0.107186 0.976045 0.189334
v -25.6 -6.06719 1321.8
vn -0.124817 0.974774 0.185031
v -25.2 -6.09844 1321.8
vn -0.155367 0.984433 0.0821783
v -25 -6.07969 1322.2
vn -0.257416 0.912897 0.316789
v -25 -6.08594 1322.4
vn -0.301322 0.875088 0.378717
v -24.6 -6.04531 1322.6
vn 0.0327072 0.960274 0.277136
v -25.2 -6.66719 1323.2
vn -0.0661144 0.888988 0.453133
v -25.2 -6.6 1322.98
vn 0.254922 0.955584 0.147898
v -25 -6.78281 1323.4
vn 0.128684 0.990731 0.0435091
v -25 -6.77656 1323.6
vn -0.400548 0.724448 0.561013
v -24.8 -6.4 1322.96
vn 0.10344 0.990648 0.08897
v -24.6 -6.82656 1323.4
vn 0.132309 0.991204 0.00299626
v -25.6 -6.93906 1325
vn 0.109078 0.993282 -0.0386435
v -24.8 -7.06719 1325.6
vn -0.290848 0.904858 0.310868
v -25.4 -5.6 1320.69
vn 0.302436 -0.929981 -0.20897
v -24.6 -3.37031 1303
vn 0.558364 -0.727932 -0.397925
v -25.4 -0.351562 1265
vn -0.448818 -0.8339 0.321205
v -24.4283 -0.4 1270.2
vn 0.0180333 -0.998787 -0.0458273
v -25.6 0.354688 1275.6
vn 0.265767 -0.935727 -0.231913
v -25.4357 -0.2 1289.4
vn -0.523445 0.701778 0.483232
v -25.8 -0.1 1301.8
vn -0.181723 0.958921 0.217825
v -25.4 0.267188 1301.4
vn -0.429643 0.822296 0.373144
v -26 -0.476562 1302
vn -0.375572 0.885686 0.272958
v -24.8 0.239063 1302.2
vn -0.279917 0.915656 0.288479
v -25.4 -0.6 1304.87
vn 0.108249 0.988624 -0.104428
v -25.2 -0.467187 1303.6
vn 0.776597 -0.196646 -0.598521
v -25 1.8 1263.72
vn -0.375214 0.848743 0.372624
v -26 1.28594 1295.4
vn -0.401186 0.840532 0.364081
v -25.2 1.83334 1295.2
vn 0.490763 0.799137 -0.347177
v -26 2.8 1263.96
vn -0.0944441 0.976517 0.193635
v -26 3.51094 1286.6
vn -0.192102 0.962612 0.190985
v -25.4 2.30156 1292.4
vn -0.298068 0.913146 0.278066
v -25.6 2.06094 1294
vn 0.446847 0.855681 -0.26103
v -25 3.70469 1267.6
vn 0.702369 0.56543 -0.432397
v -25.6 4.41406 1269.8
vn -0.0494171 0.987819 0.147552
v -24.6 4.04844 1269.8
vn 0.145419 0.989325 -0.00940832
v -25.4 4.4 1270.42
vn 0.371897 0.910013 -0.183218
v -25 3.94844 1270.2
vn 0.612122 0.720127 -0.326685
v -25 4.03542 1270.4
vn -0.208993 0.927738 0.309231
v -25.8 4.53594 1273
vn -0.318237 0.866078 0.385531
v -26 4.34219 1273.2
vn -0.088355 0.985396 0.145562
v -24.6 4.01406 1284.4
vn -0.184251 -0.973074 0.138486
v -24.4 -12.5047 1335.4
vn 0.0141347 -0.99817 -0.0587997
v -23.4 -12.5047 1335
vn 0.264716 -0.953206 -0.146026
v -23.2 -12.5109 1338.4
vn 0.0812235 -0.989778 0.117227
v -24.2 -12.4828 1340
vn 0.391817 -0.910534 -0.131938
v -23.4 -12.6609 1339
vn 0.224836 -0.974348 0.00974284
v -23 -12.4703 1339
vn 0.137555 -0.990359 0.0163636
v -24.2 -12.4391 1344.8
vn 0.216125 -0.9217 -0.322118
v -24 -11.2703 1330.6
vn -0.513873 -0.835231 0.195765
v -24.2 -11.6922 1332
vn 0.362163 -0.865722 -0.34549
v -24 -11.8672 1332.8
vn -0.207058 -0.974151 -0.0903188
v -23.8 -11.8984 1332.4
vn -0.0552891 -0.997861 -0.0348867
v -23.8 -11.8859 1332.8
vn 0.368474 -0.888522 -0.273414
v -23.4 -11.9922 1333.8
vn -0.137986 -0.966424 0.216757
v -23.6 -12.2672 1336.6
vn -0.0889798 -0.982016 0.166517
v -23.4 -12.3891 1336.4
vn 0.237284 -0.970865 0.0334293
v -24.2972 -12.2 1342.4
vn 0.203715 -0.976729 0.0670862
v -24.4 -12.2 1342.59
vn 0.200715 -0.9681 0.149989
v -23.8 -12.0828 1342
vn 0.388236 -0.921127 0.0282644
v -23.2 -11.8 1342.17
vn 0.37054 -0.921083 -0.119608
v -23.2 -11.9672 1343.8
vn 0.15426 -0.98766 0.027054
v -24.4 -12.3141 1345.4
vn 0.362143 -0.90146 -0.237113
v -24 -12.2484 1346
vn 0.257749 -0.965812 0.0277874
v -23.2 -12.1328 1345.8
vn -0.766852 0.253792 0.589515
v -23.6 -11.6216 1347.8
vn -0.778169 -0.34396 0.525494
v -23.2 -11.4 1348.07
vn -0.492907 -0.757553 0.427968
v -23.2578 -12 1348.4
vn -0.76104 0.353324 0.544041
v -23.1766 -11.8 1348.4
vn -0.41994 0.889218 0.181497
v -23.7984 -9.4 1345.6
vn -0.754382 -0.51763 0.403691
v -24.4 -10.3792 1347.4
vn -0.664499 -0.635468 0.393219
v -24.2 -10.6 1347.14
vn -0.824557 -0.2516 0.506757
v -24.0859 -10.2 1348
vn -0.693998 0.606867 0.387402
v -23.8 -9.43269 1347.6
vn -0.194828 0.980364 0.030473
v -23.4 -9.37656 1347
vn 0.439201 -0.853164 -0.281449
v -24.2 -7.8 1317.59
vn -0.0115092 0.997661 0.067387
v -24.4 -8.21719 1330.6
vn -0.311616 0.913841 0.260365
v -24.2 -8.6 1333.39
vn -0.420643 0.857508 0.296209
v -23.2 -8.07656 1333.4
vn -0.0908574 0.994975 0.0420757
v -23.4652 -8.6 1334.4
vn -0.297871 0.9387 0.173537
v -23 -8.50469 1334.8
vn -0.169568 0.979892 0.10516
v -23.6 -8.6 1336.26
vn -0.172473 0.982524 0.0700019
v -23.4 -8.51719 1336.2
vn 0.104163 0.992867 -0.0580133
v -23.4 -8.57344 1337.4
vn -0.188125 0.966156 0.1765
v -23.2 -8.55156 1338.6
vn -0.0303831 0.99661 -0.0764583
v -24 -9.14531 1343.6
vn 0.551478 -0.743772 -0.377724
v -24.4 -7.56406 1316.6
vn -0.387549 0.816927 0.427124
v -24 -6.05156 1323
vn -0.117285 0.983224 0.139695
v -24 -7.07031 1326.2
vn 0.0994483 0.992904 -0.0652
v -23.6 -7 1327.45
vn -0.265556 0.913853 0.307168
v -24.4 -7.56406 1329.2
vn 0.171179 0.978095 -0.118441
v -24 -4.73281 1317.8
vn -0.210786 0.955364 0.207001
v -23.6 -4.76406 1317.8
vn 0.0271244 0.999573 -0.0108549
v -23.35 -4.6 1319.2
vn -0.397642 0.855403 0.331914
v -24.2 -5.8 1322.36
vn 0.391323 -0.873249 -0.290348
v -23.6516 -3 1303.2
vn 0.280846 -0.931453 -0.231345
v -23.8 -3.42586 1305
vn -0.431935 0.806907 0.402905
v -24 -3.26034 1313.8
vn 0.312788 -0.925492 -0.213609
v -24 -2.6 1300.94
vn -0.355692 0.870806 0.339383
v -24.4 -1.59219 1309
vn -0.109162 0.991737 0.0673874
v -23.6 -1.98281 1311.2
vn -0.244932 0.953221 0.177139
v -23.4 -1.98281 1311
vn -0.00580924 -0.999812 -0.0184887
v -23.8 -0.6 1269.85
vn -0.155896 -0.981453 0.111564
v -23.9533 -0.6 1270
vn -0.37213 -0.896068 0.242036
v -23.8 -0.114062 1271.8
vn -0.173621 -0.982655 0.0651589
v -23.6 0.014063 1273
vn -0.161044 -0.977102 0.13906
v -24.2 0.296225 1280
vn -0.0206597 -0.999439 0.0263456
v -23.5537 0.2 1279.8
vn 0.355257 -0.901092 -0.248648
v -23.6 0.111292 1291.2
vn -0.0152184 -0.999882 0.00206335
v -23.2 0.2 1290.92
vn -0.108413 0.99069 0.0823463
v -24.4 0.192188 1302.2
vn -0.177429 0.981589 0.0707292
v -23.2 -0.360937 1305.8
vn -0.421541 0.831352 0.362156
v -24.2 -1 1307.41
vn -0.336108 0.899059 0.280579
v -23.2 -1.15781 1308.8
vn -0.188358 -0.966451 0.174623
v -23.8 0.529688 1281.8
vn 0.0367831 -0.999218 -0.0144963
v -23 0.467188 1284.4
vn -0.30509 0.928572 0.211365
v -23.2 1.38594 1299.4
vn -0.463515 0.828487 0.314267
v -23.4 0.485483 1302.4
vn 0.478877 0.819831 -0.313933
v -24 2.42344 1265.8
vn -0.149381 0.979831 0.132728
v -23.4 3.53594 1288.8
vn -0.205443 0.966857 0.151592
v -23.4 3.11719 1290
vn -0.154237 0.975923 0.154223
v -24.2 2.8 1291.71
vn -0.186519 0.970538 0.152531
v -23.6 2.83906 1291.6
vn -0.113448 0.990286 0.0803904
v -23.4409 2.2 1295.6
vn -0.271771 0.938633 0.212388
v -23.0415 2.2 1296.4
vn 0.427047 0.872876 -0.236046
v -23.4 4.09531 1273.4
vn -0.0976925 0.988855 0.112348
v -23.4 4.11406 1276.2
vn -0.333826 0.836738 0.434085
v -24.4 4.33281 1281.6
vn -0.108264 0.975513 0.19145
v -24.4 4.55156 1281.2
vn 0.0698406 0.997531 0.0074139
v -23 4.62344 1281.2
vn -0.0768385 0.984314 0.158812
v -23.2 3.69844 1287.8
vn 0.220425 -0.975162 0.02173
v -22.6 -12.4672 1339
vn 0.321234 -0.916933 -0.236733
v -21.8 -10.9641 1329.2
vn 0.169601 -0.971353 -0.166462
v -22.4 -11.5203 1330.8
vn 0.449036 -0.862062 -0.23498
v -21.4 -11.3361 1331.8
vn 0.276509 -0.932543 -0.232176
v -22.8 -12.0391 1333.8
vn -0.287142 -0.944684 0.158496
v -21.4 -11.6 1333.87
vn 0.543311 -0.772181 -0.32947
v -22.8 -12.2 1335.29
vn 0.026189 -0.998646 -0.0449512
v -22.2 -12.0953 1335.2
vn -0.282106 -0.945521 0.162502
v -21.6 -11.5172 1334
vn 0.319264 -0.933024 -0.165938
v -21.8 -12.1453 1336.8
vn 0.274358 -0.953662 -0.123513
v -22.7462 -12.2 1337.8
vn 0.30351 -0.944816 -0.123309
v -22.4 -12.4 1338.95
vn 0.468872 -0.876175 -0.111695
v -21.8 -12.1109 1339.8
vn -0.109929 -0.990567 0.0818091
v -21.2177 -12.4 1339.2
vn -0.272263 -0.849556 0.451804
v -22.2 -12.0859 1341.6
vn 0.394115 -0.914192 -0.0944828
v -21.8 -12.1516 1340.4
vn 0.255801 -0.926263 0.27677
v -21.345 -12.2 1342.2
vn -0.558149 -0.44526 0.700153
v -21.4 -11.6875 1342.6
vn 0.373019 -0.910701 -0.177428
v -22.8 -12.0359 1347
vn 0.101764 -0.990452 0.0930001
v -22.6 -12.3047 1348
vn 0.374139 -0.916416 -0.142131
v -22.1561 -12.2 1348
vn 0.444125 -0.87564 -0.189756
v -21.8 -11.6891 1347.6
vn -0.589406 -0.739672 0.324785
v -22.7118 -12 1349
vn -0.77187 0.233281 0.591437
v -22.6984 -11.8 1349
vn -0.553681 -0.747158 0.367685
v -22.6 -12.0891 1349
vn -0.616594 -0.773791 0.145123
v -22.6 -12.0516 1349.2
vn -0.750585 0.0973372 0.653565
v -21.6953 -11.6 1350.2
vn -0.85923 -0.10269 0.501177
v -22.4 -10.2 1351.15
vn -0.834412 0.0905381 0.543654
v -21.8797 -10 1352
vn -0.803044 0.353482 0.479762
v -21.9516 -9.8 1351.8
vn -0.710493 0.545 0.445168
v -21.6 -9.74444 1352.2
vn 0.113595 -0.977897 -0.175538
v -22.8 -7.89844 1318.6
vn -0.251054 -0.967299 0.0361286
v -22.8 -7.87969 1319
vn 0.297694 -0.898999 -0.321215
v -22.8 -8.72344 1320.6
vn 0.798825 -0.259132 -0.54289
v -22.6672 -8.4 1320.4
vn 0.466018 -0.731735 -0.497384
v -22.4 -8.60469 1320.8
vn 0.0978415 -0.986698 -0.129821
v -21.8 -8.05156 1320.8
vn 0.376309 -0.890028 -0.257375
v -21.8 -7.8 1319.65
vn 0.135336 -0.968168 -0.210561
v -22.4 -8.84844 1321.4
vn 0.819303 -0.35343 -0.451475
v -22.2 -8.4 1321.24
vn 0.0094648 -0.993279 -0.115354
v -21.6 -8.10156 1321.6
vn -0.437993 0.810571 0.388764
v -22.6 -7.72344 1331.6
vn 0.0786403 0.991782 -0.100913
v -22.8 -8.32031 1332.4
vn 0.0388848 0.998157 -0.0465962
v -22.4 -8.32656 1332.6
vn -0.573104 0.690674 0.441045
v -21.4 -8 1333.27
vn -0.139533 0.9899 0.0250603
v -21.4 -8.50156 1338
vn -0.0832776 0.996322 -0.0201625
v -22.2 -8.51406 1339.6
vn -0.0742221 0.988879 -0.128875
v -22 -8.68594 1339.2
vn -0.266769 0.960798 0.0755101
v -21.7605 -8.6 1339
vn -0.114521 0.983314 -0.141342
v -21.8 -8.52031 1339.6
vn -0.269728 0.959999 -0.0751641
v -21.6 -8.53281 1339.2
vn -0.264776 0.954385 0.137997
v -22.4 -9.08281 1341.2
vn 0.0273589 0.979477 -0.199689
v -22.6 -8.71094 1346
vn -0.0444537 0.983102 -0.177581
v -22 -8.85156 1345.8
vn -0.574238 0.799088 0.178073
v -21.8 -8.42656 1347.8
vn -0.223555 0.968778 -0.107203
v -21.6 -8.34219 1347.8
vn -0.69928 0.648142 0.301528
v -21.2609 -8.6 1349.2
vn -0.666724 0.634503 0.391005
v -21.4 -8.88594 1351.2
vn 0.389469 -0.867642 -0.309048
v -21.4 -7.23651 1319
vn -0.225965 0.957718 0.17809
v -22.2 -6.86094 1326.6
vn -0.274863 0.938369 0.209559
v -22 -7.10156 1330.2
vn -0.0931595 0.995575 0.0122812
v -21.6 -7.02969 1329.6
vn -0.327932 0.914483 0.237028
v -21.4 -7.38281 1331.6
vn -0.276887 0.941019 0.194463
v -21.6 -5.07656 1322.2
vn -0.235497 0.967125 0.0959754
v -22.4 -5.29844 1322.8
vn -0.516795 0.746068 0.419888
v -21.7603 -5.6 1324.8
vn 0.378941 -0.878408 -0.291209
v -21.4 -3.22656 1306.6
vn 0.40025 -0.876189 -0.2685
v -22.2 -1.76032 1299.8
vn -0.233603 0.965201 0.117548
v -22.8 -1.90156 1311.8
vn -0.0865611 0.990759 0.104424
v -22.4 -2.11406 1313.8
vn -0.441595 0.837504 0.32184
v -22 -2.2 1314.67
vn -0.198319 0.972402 0.122894
v -21.8 -2.12344 1314.2
vn 0.0401208 -0.999002 -0.0196333
v -22 -0.714062 1271.4
vn -0.340462 -0.897313 0.280919
v -22.8 -0.104687 1273
vn -0.131497 -0.985526 0.106989
v -22 -0.692187 1271.8
vn -0.0851991 -0.99563 0.038246
v -22.2 -0.151562 1274.4
vn -0.163441 -0.982075 0.0938954
v -21.6 -0.148437 1274.4
vn -0.196097 -0.969423 0.147531
v -21.4 0.129688 1277.6
vn 0.386982 -0.883562 -0.263749
v -22.8 -0.332812 1293.4
vn 0.337947 -0.912672 -0.229829
v -22.6 -0.429687 1294.2
vn -0.30822 0.922062 0.2341
v -22.8 -0.245312 1307
vn 0.824951 0.114601 -0.553464
v -22.1359 1.6 1267.6
vn -0.0329337 -0.999187 0.0232738
v -22.6 0.457813 1284.6
vn 0.189543 -0.976911 -0.0985789
v -21.6 0.448438 1285.6
vn -0.100736 -0.991058 0.0874943
v -21.4 0.720313 1284.8
vn -0.435014 0.855089 0.282108
v -22.6 0.845313 1302.8
vn -0.541426 0.734214 0.409619
v -22.2 0.729999 1303.6
vn 0.80376 0.182486 -0.566277
v -22.3547 2 1267.4
vn 0.229922 0.964383 -0.13077
v -22 3.67656 1274.4
vn 0.183179 0.981659 -0.0528275
v -21.8 4.10781 1276.2
vn -0.196552 0.967061 0.161739
v -21.4 4.07969 1280.4
vn 0.145201 0.985683 -0.0857051
v -21.4 4.05156 1280.8
vn 0.256151 0.960939 -0.104794
v -22 3.8 1284.74
vn 0.156588 0.985203 -0.0696828
v -21.8 4.01094 1286
vn 0.487654 -0.800014 -0.349529
v -19.8 -11.7597 1337.4
vn 0.342399 -0.926485 -0.156168
v -21 -12.3422 1339.2
vn 0.398313 -0.915765 -0.0521728
v -20.6 -11.6703 1340.8
vn -0.669629 -0.458711 0.584107
v -19.6578 -11.8 1341.6
vn 0.443005 -0.89634 -0.0179503
v -21.2 -12.1547 1342.2
vn -0.542111 -0.51776 0.661846
v -21.2 -11.9267 1342.6
vn 0.482506 -0.867453 -0.1213
v -21 -12 1342.14
vn 0.161346 -0.894539 0.416855
v -20.95 -12 1342.4
vn -0.126249 -0.950614 0.283537
v -21.2 -11.7391 1350.6
vn -0.466578 -0.803448 0.369833
v -20.8391 -11.4 1351.6
vn -0.535359 -0.763016 0.362211
v -20.4 -11 1353.66
vn 0.25218 -0.950008 -0.184094
v -19.8 -9.57969 1327
vn 0.529427 -0.785309 -0.32093
v -20.2 -10.4 1329.79
vn 0.564478 -0.74112 -0.363464
v -19.8 -9.69531 1329.2
vn 0.717452 -0.515281 -0.468772
v -21.2 -8.24844 1322.6
vn 0.0489987 -0.987764 -0.148057
v -21 -8.21406 1322.4
vn 0.131499 -0.978574 -0.158431
v -20.7853 -8.2 1322.4
vn 0.6584 -0.614845 -0.434139
v -20.9667 -9 1323.8
vn 0.146607 -0.97863 -0.144186
v -20.8 -8.25469 1322.8
vn -0.258226 0.961427 0.0947454
v -20.43 -8.4 1338.6
vn -0.238611 0.97079 -0.0251091
v -20 -8.51094 1344.4
vn -0.493264 0.855424 0.157924
v -20.6333 -8.6 1350.8
vn 0.279843 -0.935928 -0.213838
v -21 -7 1318.24
vn 0.422495 -0.863789 -0.274529
v -20.1391 -6.6 1318
vn -0.44207 0.859191 0.257615
v -20.8 -6.56719 1327.8
vn -0.435491 0.867256 0.241278
v -20.781 -7.2 1332
vn -0.433793 0.865792 0.249453
v -20.4 -7.27656 1333.4
vn -0.285531 0.944663 0.161504
v -20.4 -4.52969 1322
vn -0.498676 0.808671 0.312047
v -20.8 -3.37656 1318
vn -0.571597 0.715699 0.401312
v -20.4 -3.2 1318.16
vn 0.661265 -0.61639 -0.427542
v -20.6 0 1271.85
vn -0.365492 -0.868861 0.333912
v -21.2 -0.476562 1274.2
vn -0.302211 -0.912991 0.274074
v -20.6 -0.379687 1275
vn -0.163614 -0.975565 0.14664
v -20 -0.264062 1276
vn 0.151369 -0.983818 -0.0958582
v -21 0.351563 1280
vn 0.115109 -0.990637 -0.0734025
v -20.2 0.073438 1293.4
vn 0.243207 -0.938348 -0.245668
v -21.2 0.317188 1294
vn 0.316019 -0.91364 -0.255721
v -21.1033 0.2 1294.4
vn -0.075128 -0.996925 0.0222953
v -19.8 0.101563 1295
vn 0.334706 -0.919087 -0.207972
v -21 -0.6 1297.41
vn -0.0383881 -0.999143 0.0155089
v -20.2 -0.473437 1297.8
vn 0.241819 -0.956049 -0.165811
v -19.8 -0.482812 1297.8
vn -0.386641 0.891418 0.236397
v -20.2 0.114063 1308.8
vn -0.248344 0.934675 0.254376
v -21.2 -0.954687 1310.8
vn -0.162773 0.974661 0.15343
v -21 -1.00156 1311.2
vn -0.26832 0.936206 0.226986
v -20.8 -0.995312 1311.2
vn -0.288519 0.939741 0.18342
v -20.8 -1.03281 1311.8
vn 0.362035 -0.88867 -0.281417
v -21.2 0.523438 1279.2
vn -0.368252 -0.873493 0.318435
v -20.2 0.4 1279.73
vn 0.402799 0.89137 -0.207878
v -21 2.25469 1270
vn 0.26576 0.956876 -0.117303
v -21 2.25469 1270.4
vn 0.0764644 0.996101 -0.0439901
v -20.6 2.23281 1270.6
vn 0.84694 0.124059 -0.517012
v -19.8 2 1271.3
vn 0.485692 0.807989 -0.333553
v -20 3.42031 1274.4
vn -0.210416 0.973732 0.0870087
v -21 3.57656 1292.8
vn -0.24571 0.957342 0.152062
v -20.6 2.86719 1296.4
vn 0.305356 0.935141 -0.179635
v -20.2 3.68281 1277.2
vn -0.0932312 0.992163 0.083193
v -21 4.19219 1280.4
vn -0.15609 0.971029 0.18094
v -20.4 4.14844 1281.2
vn 0.215747 0.966837 -0.136672
v -21 4.40469 1283
vn -0.040202 0.995676 0.0837388
v -20.4 4.4 1284.38
vn -0.0491775 0.990773 0.126299
v -21 3.62344 1285.6
vn -0.40069 0.821409 0.405876
v -20.6 4.16094 1285.2
vn 0.32317 0.916795 -0.234623
v -21 3.72344 1286
vn -0.343511 -0.880002 0.328018
v -19.2 -11.4 1337.11
vn 0.367514 -0.906933 -0.205929
v -18.9766 -11.6 1337
vn 0.300022 -0.942242 -0.148889
v -18.452 -11 1336.4
vn 0.454808 -0.830944 -0.32044
v -19.6 -11.5517 1337.4
vn 0.37187 -0.877027 -0.304198
v -19.2 -11.7453 1338.2
vn -0.00268089 -0.982109 0.188296
v -18.6 -11.4 1337.64
vn 0.119199 -0.992344 -0.0323184
v -19 -11.7984 1338.8
vn 0.234666 -0.951796 -0.197523
v -18.6 -11.7415 1338.8
vn 0.372756 -0.927605 -0.0245491
v -19.6 -12.1159 1341.4
vn 0.168379 -0.980327 0.102991
v -18.4 -11.4766 1340.8
vn -0.724544 -0.310024 0.615566
v -19 -11.6 1342.47
vn 0.281078 -0.946775 0.156883
v -18.8 -11.6641 1342.2
vn -0.546929 -0.425162 0.721183
v -19.6 -11 1344.37
vn 0.549995 -0.832171 -0.0706869
v -19.4 -11.2797 1344
vn 0.0258218 -0.984903 0.171168
v -18.6 -11.1234 1353
vn 0.123559 -0.992334 -0.00267741
v -19.4 -11.0371 1354.2
vn 0.409608 -0.878186 -0.247004
v -18.6 -10.6891 1334.2
vn 0.00223312 -0.807308 0.590125
v -18.8 -10.8 1344.79
vn 0.504086 -0.863011 -0.0333091
v -18.4 -10.5891 1344.2
vn -0.558893 -0.402985 0.724735
v -18.8 -10.4 1345.32
vn 0.47861 -0.843503 -0.243794
v -18.4 -10.7922 1352.6
vn -0.805818 0.405891 0.431173
v -19.4109 -9.6 1355.8
vn -0.658754 -0.648637 0.3812
v -18.2 -10.8 1357.03
vn 0.737422 -0.501632 -0.452298
v -18.8 -8.49844 1326.6
vn 0.389415 -0.896287 -0.21219
v -18.4902 -9.2 1327.8
vn 0.796851 -0.390826 -0.460743
v -18.5328 -9 1327.6
vn 0.181202 0.952672 -0.244094
v -19.6 -8.05781 1335.8
vn -0.21413 0.967023 -0.137896
v -18.8 -7.68281 1337
vn 0.259725 0.912888 -0.314926
v -19 -7.67656 1337.4
vn -0.560283 0.775324 0.291472
v -19.2 -8.39531 1354.6
vn -0.536121 0.810617 0.23553
v -19 -8.27031 1354.2
vn -0.751544 0.516039 0.410957
v -18.9915 -9 1356
vn 0.368649 -0.890734 -0.265878
v -18.8 -7 1321.78
vn -0.423039 0.888924 0.175646
v -19.6 -6.38594 1329.6
vn -0.421317 0.891942 0.164107
v -18.6 -6.26719 1331.6
vn -0.508294 0.792364 0.337337
v -19.4 -6.65469 1332.8
vn -0.307831 0.94814 0.0791856
v -19.2 -6.70469 1332.4
vn -0.541858 0.781969 0.30808
v -19.2 -7.11406 1335.2
vn -0.498071 0.85137 0.164604
v -18.8 -7.29219 1352.6
vn 0.472374 -0.826338 -0.306642
v -18.4 -4.566 1315.8
vn -0.388399 0.91415 0.116085
v -19.2 -4.45156 1324.2
vn -0.397897 0.899681 0.17959
v -19 -4.6 1325.38
vn -0.514485 0.774875 0.367251
v -19.4 -4.60156 1326
vn -0.458342 0.84866 0.264005
v -19 -4.54844 1326.6
vn -0.0372969 0.993448 -0.108024
v -18.8 -4.6 1326.43
vn 0.441533 -0.856311 -0.267919
v -19.4324 -0.4 1274.2
vn -0.37229 -0.888817 0.267217
v -19.6 -0.345312 1276
vn -0.344166 -0.906156 0.24583
v -19.425 -0.4 1276.2
vn 0.0338869 -0.999152 0.0233842
v -19.4 -0.482812 1276
vn -0.189296 -0.97124 0.144432
v -19.4 -0.279687 1277
vn -0.2429 -0.935845 0.255329
v -18.3906 -0.2 1277.8
vn 0.0402651 -0.996869 -0.0680462
v -18.4 -0.2 1278.75
vn -0.284557 -0.932649 0.221796
v -18.2 -0.076562 1278.4
vn 0.0719383 -0.952936 -0.294512
v -18.2 -0.139062 1278.6
vn 0.293018 -0.940482 -0.172143
v -18.4 -0.482812 1301.2
vn -0.11677 0.993142 -0.0057171
v -19.4 0.129688 1311
vn -0.578129 0.694221 0.428746
v -18.9712 0 1311.8
vn 0.670678 -0.595995 -0.441567
v -18.7109 1.2 1273
vn -0.0352349 -0.997746 0.0571118
v -19.2 0.6 1285.97
vn -0.0730051 -0.99568 0.0573692
v -19.4 0.579688 1290
vn -0.0200578 -0.998948 0.0412319
v -18.4 0.507813 1290.6
vn 0.159082 -0.981167 -0.109564
v -18.2 0.698438 1293.6
vn -0.424765 0.864228 0.269602
v -18.2 1 1308.27
vn 0.0810307 0.996653 -0.0107619
v -19 4.08281 1282.4
vn 0.222386 0.967746 -0.118371
v -19.0194 4 1283.8
vn 0.0185908 0.99864 0.0487154
v -18.6 3.92031 1283.8
vn 0.0637351 0.995921 -0.063875
v -19.6 3.97344 1288.6
vn 0.380701 -0.895197 -0.231709
v -17.6 -10.8672 1336.2
vn 0.514622 -0.822264 -0.242992
v -17.6 -11.1516 1338.6
vn -0.010696 -0.996816 0.0790166
v -17.6 -10.9422 1337.2
vn 0.592793 -0.74248 -0.311962
v -17.2 -10.8359 1338.6
vn 0.0869037 -0.992556 0.0853236
v -17.8 -11.6891 1340.2
vn 0.290427 -0.952005 -0.096635
v -17.8 -11.2056 1339.4
vn 0.452621 -0.878247 -0.154329
v -16.8 -10.9582 1339.6
vn -0.0270603 -0.970221 0.240704
v -17.8321 -11.6 1340.8
vn 0.17055 -0.967804 0.185115
v -17 -11.3386 1341.4
vn 0.762481 -0.554904 -0.332722
v -16.9828 -11.2 1341.2
vn 0.262621 -0.955205 0.136434
v -16.8 -10.9391 1341.2
vn 0.300614 -0.945655 0.123971
v -17.6 -11.1734 1343.8
vn 0.275042 -0.932979 -0.232169
v -17.8 -10.8891 1356.2
vn -0.215725 -0.969413 0.117055
v -17.6 -11.0203 1356.8
vn 0.573067 -0.740136 -0.351841
v -17.4 -10.5984 1336
vn -0.710168 -0.284423 0.644023
v -17.8 -10.5516 1344.2
vn 0.425537 -0.904931 0.00430423
v -17.4 -10.1141 1345.2
vn 0.57319 -0.772664 -0.272845
v -16.6 -10.0744 1352
vn 0.222263 -0.956536 -0.188783
v -18 -10.8 1355.36
vn -0.81331 0.000688609 0.58183
v -17.6 -9.8 1359.57
vn -0.678501 0.594882 0.430989
v -17.6 -9.41428 1359.2
vn 0.383548 -0.88813 -0.253213
v -18 -8.30781 1327
vn 0.77831 -0.441516 -0.446428
v -17.5841 -8.6 1329
vn 0.177141 -0.971763 -0.155875
v -17.2 -8.43906 1328.8
vn 0.509568 -0.81456 -0.277187
v -16.9741 -7.8 1327.6
vn 0.690488 -0.617976 -0.375942
v -16.6 -7.95227 1328.6
vn 0.680422 -0.62901 -0.375997
v -17.2234 -9 1330
vn 0.446984 -0.849441 -0.280455
v -16.8 -8.60469 1330.2
vn -0.498941 0.802415 0.327396
v -16.8809 -7.8 1356.6
vn -0.355051 0.887459 0.293864
v -16.6 -8.19531 1358.2
vn 0.251839 -0.967578 -0.0192176
v -17 -7 1324.68
vn -0.400478 0.903171 0.154597
v -17 -6.10781 1335.4
vn -0.38526 0.911185 0.145999
v -17.8 -6.69531 1336.2
vn -0.20011 0.968734 -0.146668
v -17.3422 -7.2 1338.2
vn -0.514106 0.82686 0.228029
v -17 -6.57344 1337.8
vn -0.615671 0.688389 0.383497
v -17.8 -7.6 1354.79
vn -0.399651 0.848254 0.347483
v -16.7775 -7.2 1355.8
vn -0.492092 0.844522 0.211253
v -17.2 -5.65156 1331.8
vn 0.414951 -0.88366 -0.216703
v -17 -3.47031 1314.6
vn -0.486124 0.8506 0.200407
v -17.4 -3.91719 1325.6
vn -0.480282 0.844112 0.238338
v -17.6 -3.98281 1326.8
vn -0.339704 0.934432 0.106952
v -17.2 -3.87031 1326.8
vn -0.492526 0.827531 0.269461
v -17.2 -4.24531 1328.6
vn -0.588195 0.712203 0.383136
v -17.0484 -4 1327.6
vn -0.164236 0.984721 -0.0578879
v -16.9554 -4.2 1328
vn -0.0221687 0.977524 -0.209656
v -16.8 -4.08906 1328.6
vn -0.545925 0.806719 0.226207
v -16.445 -3.8 1328.2
vn -0.584073 0.73344 0.347742
v -17.4 -2.70469 1322
vn -0.642522 0.645416 0.413042
v -17.3203 -2.4 1321.6
vn -0.483133 0.834437 0.265135
v -16.8 -1.8 1321.45
vn -0.320463 -0.902251 0.288526
v -17.8 -0.4 1277.85
vn -0.0763844 -0.997002 -0.0123169
v -18 -0.123437 1278.6
vn -0.334953 -0.911333 0.239331
v -17.8 -0.2 1278.57
vn -0.233633 -0.952386 0.195898
v -17.4 0.089063 1282.6
vn 0.237583 -0.96167 -0.136913
v -18 0.351563 1295.8
vn 0.207829 -0.972932 -0.101047
v -16.8 0.348438 1299.8
vn 0.32435 -0.928488 -0.180848
v -16.6 0 1302.05
vn 0.382744 -0.896617 -0.222676
v -16.8 -1.12969 1306.6
vn -0.549937 0.750452 0.366595
v -17.6 -0.273437 1314
vn -0.627309 0.62027 0.470902
v -16.8766 0.2 1314.4
vn -0.346788 -0.899019 0.267401
v -17.4 0.623438 1283.6
vn -0.152481 -0.978072 0.141861
v -17.8 0.6 1291.9
vn 0.0272947 -0.999624 -0.00256074
v -17.6 0.689063 1293.8
vn -0.464255 0.82594 0.319828
v -18 1.32344 1307.6
vn -0.414157 0.866439 0.278851
v -17.8 1 1309.71
vn -0.182738 0.982491 0.0362994
v -17.4 1.10469 1309.8
vn -0.425506 0.856538 0.292039
v -17.2447 0.4 1313.6
vn -0.15866 0.98659 0.0382959
v -17.2 0.417188 1313.4
vn -0.248624 0.960033 0.128539
v -16.6 0.507813 1313.4
vn 0.639006 0.64209 -0.423547
v -17.0953 2.4 1276.4
vn 0.36915 0.899271 -0.234605
v -16.9536 3 1277.8
vn -0.305972 0.93622 0.172841
v -17.6 2.46406 1303.6
vn -0.350638 0.909699 0.222486
v -16.8 2.24844 1307.2
vn -0.147302 0.984257 0.0976772
v -18 4.17656 1288.2
vn 0.0263306 0.999374 -0.0236167
v -16.8 4.27344 1288.6
vn 0.218513 0.951003 -0.218737
v -17.4 3.68594 1290.2
vn -0.00125295 0.99943 -0.0337458
v -17 3.67969 1290
vn -0.16366 0.984683 0.060129
v -16.6 3.91406 1293.4
vn -0.0855408 0.996261 -0.0120907
v -16.6 3.90781 1293.6
vn -0.0891618 0.996008 -0.00415799
v -16.8 3.87969 1296.4
vn -0.339341 0.918278 0.203993
v -17.2 3.65469 1298
vn -0.572401 -0.754292 0.32156
v -15.0829 -11.2 1361.8
vn 0.460617 -0.854226 -0.241101
v -15.8 -9.37969 1333.6
vn 0.465596 -0.85191 -0.239728
v -16.4 -9.92031 1335.8
vn 0.468575 -0.85401 -0.22606
v -16 -10.2922 1337.6
vn 0.20885 -0.975544 0.0685271
v -16.0321 -10.6 1340.2
vn -0.23115 -0.925429 0.300252
v -16 -10.6891 1339.8
vn -0.218255 -0.880682 0.420432
v -15.8 -10.6 1340.15
vn 0.360731 -0.921369 -0.144746
v -15.4 -10.7891 1340.2
vn 0.568728 -0.77726 -0.269102
v -15.2 -10.5641 1339.6
vn 0.209438 -0.96176 0.176505
v -16.4 -10.8 1341.28
vn 0.242383 -0.968989 0.0480727
v -16 -10.7141 1341
vn 0.108052 -0.973533 0.201391
v -15.7 -10.6 1341.8
vn -0.0515614 -0.936043 0.348088
v -15.2 -10.3078 1341
vn -0.0215305 -0.940026 0.340423
v -16 -10.8 1343.13
vn 0.707775 -0.680161 -0.190881
v -15.8547 -10.6 1343
vn -0.0114613 -0.932308 0.361485
v -15.8 -10.5141 1342
vn 0.431546 -0.893135 0.1268
v -16.4 -10.5293 1344.4
vn -0.47916 -0.549728 0.684255
v -15.4 -9.8 1346.68
vn 0.295494 -0.942038 -0.158894
v -15.6 -9.23281 1350.8
vn 0.36388 -0.926427 -0.0965598
v -15.4 -9.26825 1351.4
vn 0.124708 -0.990615 0.0559408
v -15.2 -9.20781 1351.2
vn 0.436075 -0.887337 -0.149907
v -16.2 -10.0953 1353
vn 0.38495 -0.876466 -0.289172
v -15.8 -10.125 1354.2
vn 0.362196 -0.909574 -0.203691
v -15.2 -9.50156 1353.4
vn 0.182959 -0.971356 -0.151638
v -15 -10.6 1356.81
vn -0.661932 -0.616891 0.425783
v -16.0734 -10.8 1360.8
vn 0.402872 -0.884602 -0.23489
v -16.4 -8.50469 1329.8
vn 0.543727 -0.789561 -0.284526
v -15.4 -7.68871 1330.6
vn 0.585457 -0.751678 -0.303678
v -15 -8.15682 1332
vn 0.597022 -0.735914 -0.319366
v -15.2 -8.53409 1332.8
vn 0.47615 -0.851993 -0.217691
v -15 -8.40781 1332.8
vn 0.218505 -0.958814 0.181469
v -15.4 -9.09844 1348.2
vn -0.0498573 -0.896914 0.439385
v -15.2 -9.2 1347.15
vn 0.129976 -0.949868 0.284354
v -16 -8.92969 1349
vn 0.397417 -0.882181 -0.252617
v -15 -9.18281 1351.2
vn -0.417685 0.823328 0.384279
v -15.6 -7.72969 1358
vn 0.359589 -0.917384 -0.170593
v -16.4 -7.33594 1325.8
vn 0.201479 -0.976887 -0.0713961
v -16 -6.8 1325.04
vn -0.259842 -0.903761 0.340143
v -15.6 -6.77924 1325.4
vn 0.84313 -0.350923 -0.407411
v -15.4797 -6.2 1325.2
vn 0.0138311 -0.981692 0.189972
v -15.4 -6.61094 1326
vn 0.906252 -0.251433 -0.339836
v -15.0297 -6.4 1326.2
vn 0.564641 -0.8004 -0.201348
v -15 -6.47969 1326.6
vn 0.841194 -0.364099 -0.399782
v -14.9234 -6.2 1326.4
vn 0.356623 -0.921409 -0.154355
v -15.2 -7.42344 1328.8
vn -0.22632 0.967984 -0.108566
v -15.2 -6.34762 1341.4
vn -0.0254823 0.994486 -0.101729
v -16 -7.16406 1342
vn 0.605265 -0.74007 -0.293175
v -16 -5.26719 1322
vn 0.899862 -0.268348 -0.343858
v -15.2672 -6 1325.6
vn -0.446699 0.878016 0.171894
v -15.6 -6 1337.79
vn 0.485077 -0.837693 -0.250939
v -16.4 -3.4 1316.11
vn 0.530882 -0.782924 -0.324337
v -16.4 -3.994 1317.2
vn 0.386292 -0.889323 -0.24471
v -15.2 -1.37656 1309.8
vn 0.370456 -0.900436 -0.227986
v -15.2 -1.74844 1312
vn 0.427621 -0.860359 -0.277351
v -15.6 -1.16613 1308.8
vn -0.469751 0.823151 0.318994
v -15.8 0.338596 1315.6
vn -0.413813 0.880647 0.230694
v -15.8 -0.585482 1317.6
vn 0.704955 -0.534985 -0.465649
v -16.2 1.2 1276.98
vn 0.149355 -0.987536 -0.0496546
v -15.4 0.929688 1297.6
vn -0.122429 0.992477 0.00104922
v -15.4 1.29219 1311
vn 0.317007 0.911295 -0.262772
v -15.4053 3.2 1280.4
vn -0.232317 0.965109 0.120803
v -16.2 2.97344 1303.2
vn -0.337979 0.925721 0.169736
v -15 3.11094 1304.2
vn 0.193685 0.970413 -0.144166
v -15.6 3.8 1287.02
vn 0.33532 0.904005 -0.265209
v -15 4.09683 1288.8
vn -0.700698 0.466389 0.539911
v -16.2359 4.2 1290.6
vn 0.0900831 0.988588 -0.120739
v -16.2 4.41719 1290.4
vn 0.186443 0.969846 -0.156964
v -15.6 4.22344 1289.8
vn 0.0256446 0.99962 -0.010086
v -15.2 4.17969 1289.2
vn 0.0421738 0.991126 -0.126054
v -15.4 4.19531 1293.2
vn 0.213942 -0.940136 -0.265278
v -14.4 -11.2266 1360.2
vn 0.239421 -0.911864 -0.333439
v -14.3824 -11.4 1360.6
vn -0.541071 -0.771556 0.334579
v -14 -11.4203 1360.4
vn -0.458522 -0.860536 0.221889
v -14.4 -11.7297 1361.6
vn 0.230937 -0.972901 0.0115013
v -14.4 -9.90469 1339.4
vn 0.493932 -0.855295 -0.156532
v -14 -9.8 1339.76
vn -0.380134 -0.739584 0.55544
v -14.6 -10.2983 1341.4
vn 0.493766 -0.866556 -0.0726293
v -14.0297 -10.2 1341.4
vn 0.416358 -0.908115 -0.0444189
v -13.6 -9.68281 1340.6
vn 0.606978 -0.769651 -0.19803
v -13.6 -9.71875 1341.2
vn 0.435813 -0.89673 -0.0770839
v -14.8 -10.369 1342.4
vn 0.132478 -0.961374 0.241268
v -14.6 -10.2828 1342.8
vn 0.60746 -0.781301 -0.143389
v -14.4 -10.1828 1343
vn -0.419197 -0.694614 0.584624
v -13.8 -10.1078 1342.2
vn 0.459912 -0.887203 -0.0367669
v -13.8 -9.69219 1343.2
vn -0.392153 -0.71809 0.574946
v -13.6 -9.72344 1342.8
vn -0.0876313 -0.88695 0.453477
v -14.4 -9.88594 1343.8
vn 0.170117 -0.942403 0.287988
v -14.4 -9.58906 1344.2
vn 0.380598 -0.912853 0.147799
v -13.4206 -9.6 1344.4
vn -0.225691 -0.800625 0.555034
v -14.8 -9.6 1347.21
vn 0.595191 -0.693544 0.405887
v -14.6977 -9.4 1347.4
vn 0.58471 -0.688626 0.428845
v -14.6 -9.4 1347.26
vn 0.199289 -0.968452 -0.149612
v -14.8 -9.32656 1352.8
vn 0.146021 -0.981563 -0.123334
v -14 -9.49531 1354.6
vn 0.306365 -0.911065 -0.275864
v -13.4 -9.51094 1355.6
vn 0.367758 -0.884679 -0.286527
v -13.3526 -9.4 1354.8
vn 0.516138 -0.705926 -0.485045
v -13.8984 -10.4 1356.8
vn 0.0346521 -0.981386 -0.188891
v -13.8 -10.6703 1357.4
vn -0.725218 0.285693 0.626449
v -13.4 -9.6 1363.78
vn 0.512342 -0.827921 -0.228151
v -13.6 -8.73281 1336
vn 0.136777 -0.962331 0.23497
v -14.7417 -8.8 1348
vn 0.0988638 -0.954046 0.282883
v -14.2 -9.10156 1347.2
vn 0.31886 -0.945467 0.0664913
v -13.4 -8.97969 1347.4
vn 0.0736539 -0.943477 0.323151
v -14.8 -8.67031 1349.2
vn -0.00718165 -0.97885 0.204455
v -14.0237 -8.2 1350.4
vn 0.436122 -0.835018 -0.335473
v -14 -8.48594 1350.8
vn 0.0428059 -0.965676 0.256197
v -13.6 -8.28281 1350.2
vn 0.0731185 -0.99362 0.0858703
v -13.6 -8.23906 1350.4
vn 0.324557 -0.912571 -0.24875
v -13.6 -8.25781 1350.8
vn 0.493741 -0.86802 -0.0525506
v -13.4161 -8.4 1351.4
vn -0.194216 -0.884747 0.423678
v -14.8 -9.04844 1351.8
vn 0.561834 -0.738936 -0.37191
v -14.5484 -9 1352.8
vn -0.185257 -0.916815 0.353739
v -14.1483 -9 1352.2
vn -0.350267 -0.807276 0.474993
v -14.2 -8.74219 1352.6
vn 0.634468 -0.632057 -0.444921
v -14 -8.83559 1352
vn 0.59933 -0.711615 -0.366617
v -14 -8.61087 1351.8
vn 0.321671 -0.944945 -0.0600556
v -13.8 -8.52969 1351.6
vn 0.46824 -0.881779 0.0567271
v -13.6 -8.43594 1352.2
vn 0.257108 -0.927163 -0.272513
v -13.8 -8.83906 1353.2
vn -0.449747 -0.776099 0.442037
v -13.4 -8.86406 1353.2
vn 0.979041 0.00694371 -0.203545
v -13.2422 -9.2 1356
vn -0.125371 0.974239 0.187457
v -13.8 -8.4 1361.5
vn 0.455931 -0.853436 -0.252536
v -13.2424 -7 1331.8
vn -0.349829 0.935648 -0.0467203
v -14.6 -6.00469 1348.2
vn -0.464779 0.871868 0.154358
v -14.6 -4.70781 1334.6
vn -0.544384 0.803198 0.241907
v -14.2 -4.48298 1334.6
vn -0.238416 0.95946 0.150312
v -13.6 -5.75781 1353.6
vn -0.497695 0.842675 0.205423
v -13.4 -3.09531 1332.6
vn -0.503571 0.836681 0.215365
v -13.9045 -4.2 1334.2
vn -0.576161 0.772058 0.268262
v -13.6 -4.01719 1334.2
vn 0.304181 -0.940007 -0.154469
v -13.6 -1.75781 1314.6
vn 0.463068 -0.841895 -0.277093
v -14 -2.06406 1314.8
vn -0.531023 0.822044 0.205567
v -13.8578 -2.2 1328.2
vn -0.571976 0.766637 0.291738
v -14 -2.55714 1329.4
vn -0.0184986 -0.998199 0.0570658
v -14.8 0.057813 1283.6
vn -0.102424 -0.988856 0.108039
v -14 0.067188 1284.4
vn 0.29276 -0.932619 -0.21098
v -13.4 -0.039062 1308.2
vn 0.252363 -0.947372 -0.196973
v -13.58 -0.4 1309.2
vn -0.382009 0.912012 0.149344
v -13.6 -0.257812 1321.2
vn 0.0908118 -0.995865 0.00235188
v -14.6 0.851563 1295.4
vn -0.141976 0.989615 -0.0224686
v -14.4 1.52969 1313
vn -0.229515 0.965354 0.124158
v -14.8 0.542188 1316
vn -0.380773 0.902768 0.200052
v -13.8 0.701563 1316.8
vn 0.159074 0.977345 -0.139618
v -13.4 3.36719 1284.6
vn -0.225934 0.971339 0.073855
v -14.6 3.16719 1305
vn -0.405091 0.887234 0.220719
v -13.8 3.32969 1305.6
vn -0.0312349 0.999512 0.000767414
v -13.4 3.65469 1290.2
vn -0.656678 0.44354 0.609957
v -14.8 4.4 1292.25
vn 0.169879 0.970581 -0.170628
v -14.6 4.47031 1292.2
vn 0.116327 0.97719 -0.177672
v -14.8 3.82656 1292.6
vn 0.286171 0.895423 -0.341063
v -14.4 4 1293.59
vn -0.141706 0.989514 0.0279585
v -14.6 4.2 1296.87
vn -0.318437 0.936781 0.145045
v -14.8 3.8 1302.17
vn 0.223606 -0.945852 -0.235297
v -13 -10.8141 1360.2
vn 0.365705 -0.797706 -0.479505
v -12.4 -11.2961 1361.6
vn 0.244048 -0.919707 -0.307537
v -12.2 -11.4703 1362
vn -0.388766 -0.884196 0.258956
v -12.6 -12 1363.76
vn 0.114405 -0.94408 -0.309233
v -12.4 -12.1424 1363.6
vn 0.163487 -0.97431 -0.154891
v -12.2 -11.7297 1363.4
vn 0.250744 -0.948353 -0.194305
v -11.8 -11.5672 1362.8
vn -0.566566 -0.76484 0.306633
v -12.4 -11.5547 1365.4
vn -0.470322 -0.859055 0.202045
v -11.742 -12 1365.6
vn 0.455625 -0.885828 0.0878306
v -12.8 -9.45781 1343
vn 0.404898 -0.911462 0.0727682
v -13 -9.30781 1344.2
vn 0.979041 0.00694371 -0.203545
v -13.2 -9.28704 1356.2
vn -0.143074 0.929822 0.339058
v -13 -9.23269 1356
vn 0.36031 -0.83879 -0.408177
v -12.6886 -9.4 1356
vn -0.276521 0.909102 0.311559
v -12.8 -9.24038 1356.2
vn 0.429128 -0.701863 -0.56854
v -12.6 -9.50781 1356.2
vn 0.351467 -0.900948 -0.254489
v -12.6 -9.27656 1355.6
vn -0.082995 0.755766 -0.649561
v -12.6 -9.21842 1356.2
vn -0.683851 -0.525012 -0.506665
v -12.4 -9.28596 1356
vn 0.0954355 -0.745231 -0.659941
v -12.4 -9.4 1356.12
vn 0.0192247 -0.988428 -0.150468
v -12.8 -9.58281 1356.4
vn -0.0190648 -0.92117 -0.388692
v -12.4 -9.63906 1356.4
vn 0.218067 -0.682766 -0.697336
v -12.2 -9.63594 1356.4
vn -0.0823255 -0.99515 0.0538487
v -12.2 -9.67344 1356.8
vn -0.041216 -0.997548 0.0565601
v -12 -9.61406 1357.2
vn 0.0217694 -0.999524 0.0218437
v -11.8 -9.65469 1357
vn -0.23754 -0.922926 0.302957
v -13 -10.4797 1358.4
vn 0.35595 -0.828779 -0.431769
v -12.4 -10.59 1358.4
vn 0.401622 -0.839014 -0.36709
v -12.2 -9.89219 1358
vn 0.136199 -0.985226 -0.103828
v -12 -10.7266 1360.4
vn 0.550521 -0.787057 -0.278333
v -13.2 -7.93281 1335.2
vn 0.376961 -0.907985 -0.182933
v -12.4 -7.64219 1335.6
vn 0.446845 -0.89125 -0.0774792
v -13.2 -9.12031 1339.6
vn 0.627551 -0.765455 -0.14233
v -13 -9.2 1340.93
vn 0.154809 -0.94172 0.298661
v -13 -9.09844 1345.4
vn 0.337252 -0.932971 0.125802
v -12.2 -8.79219 1345.4
vn 0.30062 -0.949306 0.0919032
v -11.7237 -8.6 1347.2
vn 0.41024 -0.866502 -0.284388
v -13.2 -8.24844 1351.4
vn 0.413261 -0.857843 -0.305485
v -13.2 -8.2 1351.25
vn 0.230161 -0.964507 -0.129433
v -13 -8.03906 1351
vn 0.131805 -0.95582 -0.262748
v -13 -8.2 1351.42
vn 0.199678 -0.975488 -0.0924711
v -11.8 -7.89844 1351
vn 0.479386 -0.840883 0.251207
v -13.2 -8.17656 1351.6
vn 0.398667 -0.829573 -0.39099
v -13 -8.29844 1352.8
vn 0.0447778 -0.977814 -0.204635
v -12.8 -8.26406 1351.8
vn 0.223497 -0.927235 -0.300473
v -12.6 -8.2 1351.62
vn 0.585046 -0.649783 -0.485287
v -12.5441 -8.6 1353.8
vn 0.979041 0.00694371 -0.203545
v -13.2 -8.6 1356.22
vn -0.028174 -0.0106548 -0.999546
v -13 -9 1356.19
vn -0.422813 0.784808 0.453107
v -12.8 -9.2 1356.13
vn 0.892556 -0.446966 0.0597092
v -12.6 -9.2 1356.17
vn 0.186265 -0.970355 -0.154003
v -12 -8.85156 1354.8
vn -0.443559 0.787662 0.427603
v -12.2 -8.8 1364.65
vn -0.0303494 0.985334 0.167913
v -12.8 -6.09531 1355.6
vn -0.206831 0.913957 0.349146
v -12.6 -6.06406 1355.4
vn -0.170455 0.943712 0.283465
v -12 -6.4 1357.6
vn -0.470579 0.862906 0.184254
v -13.1941 -4.8 1338.8
vn -0.379685 0.922586 0.0683684
v -12.2 -4.72969 1342
vn -0.501699 0.862128 0.0709462
v -12.6 -5.07031 1346
vn -0.345706 0.937416 0.041708
v -12.6 -5.21094 1348.6
vn 0.492743 -0.828881 -0.264879
v -13 -3.77031 1323.2
vn 0.475735 -0.830346 -0.290175
v -12.6484 -4.2 1325.6
vn 0.391913 -0.893244 -0.220271
v -12.5735 -1.6 1315.2
vn -0.599559 0.720298 0.348856
v -13.2 -1.68906 1327.4
vn -0.0855015 0.994033 -0.0677336
v -12.6 -1.6 1328.88
vn -0.366752 0.925047 0.0989018
v -12.4 -1.52344 1329.4
vn -0.456862 0.870619 0.18248
v -12.6 -2.74844 1332.2
vn 0.31338 -0.929756 -0.193251
v -12.2 0.042188 1286
vn 0.230025 -0.962487 -0.143901
v -13.2 0.151563 1307.2
vn 0.444365 -0.861593 -0.245352
v -13.0797 -0.8 1311.8
vn 0.225283 -0.974276 0.0058422
v -12.4 -0.6 1312.14
vn 0.812293 0.03528 -0.582181
v -12.6328 1.4 1282.2
vn 0.647715 -0.641278 -0.411372
v -12 0.8 1283.52
vn -0.374107 -0.880444 0.29131
v -12.7766 0.6 1290.4
vn 0.0089491 -0.999477 0.0310808
v -12.6 0.879688 1291.8
vn 0.0236294 -0.999605 0.0152007
v -12.2 0.876563 1295.6
vn 0.0817289 -0.995837 -0.0403631
v -12.8 1.08281 1297.8
vn 0.0134664 -0.999766 0.0169424
v -12.6 1.00469 1300.2
vn 0.248229 -0.953712 -0.169751
v -11.9953 0.6 1305
vn 0.211723 -0.965948 -0.148724
v -11.8 0.979688 1304
vn 0.706867 0.489481 -0.510635
v -12.6 2.42766 1282.8
vn 0.00104111 0.998974 -0.0452667
v -13 3.35156 1284.6
vn -0.404239 0.882019 0.242144
v -12.6 3 1309.03
vn -0.430848 0.867601 0.24827
v -12 3.32344 1309
vn -0.545795 0.76551 0.340737
v -13.0153 2.2 1312.8
vn -0.357468 0.915703 0.183591
v -12.8 2.33281 1312.8
vn -0.292483 0.951513 0.0952755
v -11.8 2.48594 1314.2
vn -0.153716 0.983283 0.0976027
v -13 3.66719 1290.2
vn 0.219475 0.95093 -0.218087
v -12.2 4.14107 1292.2
vn -0.578996 0.576188 0.576863
v -13.2 4.2 1293.85
vn 0.0680627 0.995564 -0.0649593
v -12.2 4.23281 1292.6
vn -0.144173 0.983811 0.106445
v -12 4.2 1293.04
vn 0.16939 0.947954 -0.269613
v -12.6 4.00469 1295
vn -0.402151 0.843564 0.355914
v -12 4.2 1295.19
vn -0.0853387 0.960329 0.265493
v -12 4.44219 1294.8
vn -0.0826399 0.982526 0.166771
v -11.8 4.26406 1295.2
vn -0.36637 0.907137 0.207064
v -12.2 4.43906 1299.4
vn -0.0830834 0.99654 0.0024831
v -11.8 4.65469 1299.2
vn -0.115624 0.993289 0.00276536
v -12.8 4.39219 1301.4
vn -0.507607 -0.854495 0.110335
v -10.6 -12.5234 1366.8
vn -0.394744 -0.830969 0.392006
v -11.6 -12.3266 1364.2
vn 0.396908 -0.636066 -0.661728
v -11.6 -12.2 1364.04
vn 0.267295 -0.928634 -0.257279
v -11.4 -11.6 1363.86
vn 0.491631 -0.552308 -0.673242
v -11.2 -12 1364.14
vn -0.368649 -0.926779 0.0719577
v -11.4 -12.1516 1365.4
vn 0.57807 -0.614318 -0.537073
v -11.2 -12.2359 1364.4
vn 0.275857 -0.913929 -0.297718
v -11.1138 -12 1365.2
vn 0.560853 -0.680585 -0.471432
v -10.354 -12 1365.2
vn -0.572893 -0.752599 0.324634
v -10.7656 -11.4 1368.6
vn 0.675356 -0.330683 -0.659199
v -11.4524 -10.2 1359.2
vn -0.0386517 -0.996647 0.0721139
v -10.7731 -9.6 1358.4
vn 0.166421 -0.964126 -0.206797
v -10.4 -9.70317 1359.2
vn 0.244706 -0.922704 -0.297887
v -10.8614 -10.6 1361
vn -0.387418 -0.896194 0.216205
v -10.4 -10.4172 1361
vn 0.688196 0.0554594 -0.723402
v -10.2 -10 1360.44
vn 0.537372 -0.812919 -0.224487
v -11.6 -8.52656 1339.4
vn 0.448242 -0.86269 -0.234189
v -10.4 -7.85156 1340.2
vn 0.522095 -0.846066 -0.107649
v -11.2 -8.39531 1343.8
vn 0.320651 -0.943252 0.0863657
v -11.2 -8.58906 1345.4
vn 0.221184 -0.975139 0.0134947
v -11.4 -8.56719 1347.8
vn 0.208386 -0.933742 0.291035
v -11.2 -8.36094 1347.2
vn -0.0405215 -0.928108 0.370099
v -11 -8.10781 1347.6
vn 0.554846 -0.76131 -0.335488
v -11 -8.18594 1347.8
vn -0.145936 -0.912126 0.383053
v -10.8 -8.36094 1347.2
vn -0.278228 -0.872185 0.402347
v -10.8 -8.16719 1347.6
vn 0.409857 -0.912077 0.0115151
v -10.6 -8.2322 1346.8
vn 0.0583981 -0.991351 0.117526
v -10.2 -8.09531 1348.2
vn 0.379086 -0.909304 -0.171641
v -10.4 -8.26406 1348.8
vn 0.117731 -0.984143 0.132669
v -10.2 -8.16406 1350.2
vn 0.104477 -0.994457 -0.0118553
v -11.4 -8.21719 1352.8
vn 0.312213 -0.885048 -0.345273
v -10.6 -7.92344 1353
vn 0.368502 -0.80299 -0.468415
v -10.4 -8.11406 1353.4
vn -0.363264 0.872006 0.328092
v -11.2 -8.54219 1364
vn -0.0848342 0.982179 0.167714
v -10.2167 -8 1363.6
vn -0.40158 0.89278 0.204152
v -10.2 -8.11094 1364.2
vn -0.0190852 0.990098 0.139076
v -11.2 -8.72969 1364.6
vn -0.058099 0.987156 0.14882
v -11 -8.77656 1365.6
vn 0.645234 -0.664045 -0.377779
v -11.2484 -6.2 1333
vn 0.432747 -0.881455 -0.189122
v -11.2 -7.43281 1336.4
vn 0.478572 -0.846185 -0.234391
v -10.4 -6.92969 1336.6
vn 0.438766 -0.871997 -0.217038
v -10.8 -7.51754 1338.6
vn 0.0681002 0.984515 0.161533
v -11.2 -6.49219 1358.2
vn -0.0707408 0.962036 0.263594
v -10.4 -6.91094 1359.8
vn 0.363834 -0.915343 -0.172545
v -11 -5.62969 1331.8
vn 0.286919 -0.945333 -0.154995
v -11.2 -5.85435 1332.8
vn 0.470586 -0.828189 -0.304388
v -10.2 -5.89844 1334.2
vn -0.158711 0.958102 0.238434
v -11 -5.63281 1355.8
vn 0.436271 -0.859271 -0.267061
v -10.6 -3.26875 1325.8
vn -0.564753 0.786759 0.249128
v -11 -3.14531 1338.4
vn -0.469105 0.862681 0.189001
v -11.4544 -4 1340.2
vn -0.510416 0.821474 0.254277
v -10.8 -3.66406 1339.8
vn -0.237333 0.967765 0.084282
v -10.8 -3.72969 1340.2
vn -0.267259 0.960217 0.0809731
v -10.4 -4.35469 1348.2
vn 0.36842 -0.916943 -0.15324
v -10.8484 -1.4 1319
vn 0.160526 -0.987031 -0.00123696
v -10.2 -1.31094 1318.4
vn 0.0909355 -0.995629 0.0213074
v -10.4 -2.17969 1323.4
vn -0.381571 0.906485 0.1808
v -10.4 -1.42656 1333
vn 0.449383 -0.834134 -0.319806
v -10.8 0.254688 1287
vn 0.382004 -0.868037 -0.31715
v -11 -0.2 1311.1
vn 0.420031 -0.852655 -0.310732
v -11 -0.357812 1312.8
vn 0.158698 -0.983392 -0.0880653
v -10.8 -0.392187 1312.2
vn 0.0891188 -0.995383 0.035636
v -10.2 -1.00469 1317.2
vn 0.525858 -0.760634 -0.380668
v -10.2 -0.998147 1317.8
vn 0.0162578 0.997655 -0.0664832
v -11.4 3.45781 1286.6
vn 0.430735 0.827351 -0.360497
v -10.4 3.20781 1286.4
vn -0.374277 0.895187 0.241985
v -11 3.15156 1311.2
vn -0.448314 0.831348 0.328443
v -10.6 3.47344 1311.2
vn -0.249144 0.958882 0.135917
v -11.4 2.91406 1312
vn -0.262701 0.956942 0.123488
v -11.2 2.8 1313.04
vn -0.487341 0.824613 0.28725
v -10.8 2.53281 1316
vn -0.361665 0.923932 0.12469
v -11.4 2 1317.09
vn -0.409079 0.893601 0.184749
v -10.9914 2.2 1316.4
vn -0.326453 0.945211 -0.00199595
v -11 2.2 1317.1
vn -0.447624 0.874899 0.184893
v -11 2.2 1317.33
vn 0.216679 0.94951 -0.226896
v -11.4 4.21094 1293.2
vn 0.272362 0.957278 -0.0971457
v -11.6 4.30781 1294.8
vn 0.160428 0.986788 0.0226262
v -11.4 4.22969 1295.2
vn 0.0238141 0.999354 -0.026929
v -10.6 4.12031 1295.4
vn -0.215654 0.970649 0.106463
v -10.4 4.32656 1294.8
vn 0.154735 0.963107 -0.220187
v -10.2 4.32344 1296.4
vn -0.0695909 0.997562 -0.00513352
v -11.6 4.4 1300.83
vn 0.230574 0.947511 -0.221492
v -10.6 4.68906 1300.8
vn -0.479952 0.839234 0.255603
v -10.4 4.79844 1301.6
vn 0.0382893 0.997101 -0.0657601
v -11.4333 4.6 1302.4
vn 0.190317 0.971783 -0.139343
v -10.8 4.43906 1302.2
vn -0.313503 0.927652 0.202924
v -10.2 4.33594 1309
vn -0.680503 -0.680506 0.271713
v -8.6 -12.4172 1370
vn 0.301812 -0.936361 -0.17927
v -10 -12.1172 1365.8
vn 0.429794 -0.728379 -0.533611
v -9.05781 -11.8 1366.4
vn 0.212833 -0.910787 -0.353792
v -8.8 -11.5328 1366.2
vn 0.287671 -0.858983 -0.42355
v -8.6 -11.9891 1367.4
vn -0.570082 -0.452584 0.685692
v -9.8 -12.0161 1367.8
vn 0.299733 -0.898551 -0.320572
v -8.6 -12.3828 1368
vn -0.548593 -0.798445 0.248056
v -9.49828 -11.8 1370
vn 0.4894 -0.660849 -0.569004
v -9.8 -9.61406 1358.2
vn 0.451884 -0.708869 -0.541576
v -9.6 -9.79219 1358.6
vn 0.15052 -0.987627 -0.0440004
v -9.6 -9.6 1358.96
vn 0.57123 -0.64275 -0.510459
v -9.394 -9.6 1358.6
vn 0.357946 -0.918579 0.167593
v -9.4 -9.59219 1358.8
vn 0.304681 -0.92783 -0.215176
v -9 -9.51406 1359
vn 0.442027 -0.753343 -0.486915
v -9 -9.2579 1358.6
vn -0.223865 -0.965533 0.132782
v -9.8 -10.6766 1361
vn 0.187705 -0.926548 -0.325999
v -9.8 -9.89531 1360.4
vn 0.123933 -0.956879 -0.262724
v -9 -9.67344 1360.4
vn 0.319121 -0.80543 -0.499443
v -9.6 -10.7203 1362
vn 0.670287 -0.201584 -0.714198
v -9.37118 -10.4 1361.2
vn -0.646779 0.459063 0.609047
v -8.6 -10.4 1370.32
vn 0.401562 -0.911089 -0.0930842
v -9.86607 -7.8 1341.4
vn 0.298444 -0.944924 -0.134347
v -9.4 -7.71406 1341.2
vn 0.213738 -0.976856 -0.0083271
v -9.4 -7.87656 1346
vn 0.188222 -0.978691 -0.082079
v -9.065 -8 1349.8
vn 0.0839407 -0.986891 0.137843
v -10 -7.62656 1351.8
vn 0.318794 -0.791168 -0.521942
v -10 -8.07656 1353.6
vn -0.0204512 -0.98973 0.141481
v -10 -8.03281 1353.8
vn 0.279956 -0.838854 -0.46685
v -9 -7.8 1353.85
vn 0.364685 -0.727418 -0.581264
v -8.8 -8 1354.18
vn 0.502383 -0.406936 -0.762898
v -8.6 -7.82121 1354.2
vn 0.0609917 -0.960012 -0.273234
v -8.6 -7.70156 1353.6
vn 0.254406 -0.913321 -0.317996
v -8.985 -8 1355.8
vn -0.0329362 -0.97716 0.209938
v -8.6 -7.92656 1355.8
vn 0.207063 -0.972334 -0.108123
v -9.4 -8.8 1357.38
vn -0.395466 -0.895869 0.202546
v -9 -8.72656 1357.8
vn -0.326475 -0.881652 0.340739
v -8.8 -8.89844 1357.6
vn -0.393121 -0.91679 0.0703707
v -8.8 -8.82344 1357.8
vn 0.357044 -0.868043 -0.344994
v -8.6 -8.81406 1357.4
vn 0.164564 -0.940694 -0.296671
v -8.6 -8.89844 1357.8
vn 0.373729 -0.705932 -0.601653
v -9.2 -9 1358.06
vn 0.272129 -0.837552 -0.473763
v -8.6 -9 1358.23
vn -0.0869937 0.982067 0.167259
v -9.8 -8.03281 1364.6
vn 0.220537 0.973477 0.0608762
v -8.8 -8.33281 1365
vn 0.494156 -0.849161 -0.186372
v -10 -7.03064 1338.2
vn 0.342656 -0.926378 -0.156238
v -9.6 -6.92031 1338.6
vn 0.499528 -0.8149 -0.293956
v -9.6 -7.26094 1340.2
vn 0.542755 -0.751036 -0.375981
v -9.44833 -7.6 1340.8
vn 0.433015 -0.84592 -0.311315
v -8.585 -7.6 1342
vn 0.16785 -0.935936 -0.309597
v -8.82812 -7.4 1352.8
vn -0.289639 0.81966 0.494233
v -9.4 -6.51905 1358.6
vn -0.234795 0.878748 0.415539
v -9 -6.94531 1359.4
vn 0.07028 0.985699 0.15316
v -9.2 -7.02344 1359.6
vn -0.450762 0.877309 0.16475
v -8.91406 -3.8 1344.6
vn -0.277632 0.953035 0.121019
v -8.8 -3.95781 1346
vn -0.267454 0.933437 0.239088
v -8.8 -4.07969 1349.6
vn -0.193944 0.962764 0.188336
v -9 -4.30156 1350.2
vn 0.491145 -0.80631 -0.329608
v -10 -2.2 1324.29
vn 0.509941 -0.811466 -0.285453
v -9.79361 -2.2 1323
vn -0.224341 -0.944122 0.241466
v -8.8 -2.2 1324.81
vn -0.0577859 0.996083 -0.0669263
v -9.8 -1.26719 1332.4
vn -0.467196 0.839549 0.277283
v -9.2 -1.21719 1333
vn -0.36739 0.905907 0.210611
v -9 -1.48281 1335.6
vn 0.269824 -0.950802 -0.15222
v -9.8 -0.2 1315.3
vn 0.0371153 -0.997491 0.0602899
v -9.8 -1 1317.03
vn 0.512558 -0.729326 -0.453176
v -8.6 -0.619299 1319
vn -0.49941 0.818852 0.282967
v -9.6 -0.6 1330.22
vn -0.132528 0.991113 0.0114175
v -9.4 -1.13906 1333.4
vn 0.096763 0.986475 -0.132305
v -9.2 -1.14844 1333.4
vn -0.429759 0.87439 0.225276
v -8.8 -0.782812 1332.4
vn -0.453883 0.847783 0.274325
v -8.44355 -0.8 1333.2
vn -0.250065 -0.942246 0.222799
v -9.2 1.08594 1295.8
vn 0.211795 -0.957903 -0.193816
v -9.8 1.14531 1301
vn 0.0638063 -0.996963 0.0446545
v -9 1.2 1301.48
vn 0.0214997 -0.999559 -0.0204767
v -9.6 1.03594 1302
vn 0.23673 -0.953557 -0.186244
v -9 1.05469 1302.2
vn -0.449305 0.864892 0.2238
v -9.6 1.44219 1322.6
vn -0.394777 0.899595 0.186761
v -9.8 1.16406 1324.4
vn -0.306653 0.931792 0.194234
v -9.2 0.892188 1326.6
vn -0.357776 0.919892 0.160608
v -8.8 0.879688 1327.4
vn -0.12396 0.991973 -0.0249795
v -8.6 0.907813 1327.4
vn -0.5472 0.78273 0.29649
v -8.81719 0.8 1327.6
vn -0.258073 0.965336 0.0390538
v -8.6 0.932813 1327.6
vn -0.409136 0.898702 0.15793
v -8.6 0.906781 1327.8
vn 0.480686 0.768143 -0.422963
v -9.8 3.105 1287
vn 0.667647 0.488066 -0.562173
v -9.13281 2.6 1287.2
vn 0.403169 0.825399 -0.395186
v -8.6 3.4 1288.71
vn -0.0970429 0.992533 -0.0738918
v -9.6 2.87344 1316
vn -0.330832 0.929221 0.164615
v -9.21321 3 1317
vn -0.222309 0.973804 -0.0477949
v -8.8 2.97969 1316.6
vn -0.232681 0.971569 -0.0437462
v -8.8 3.07031 1317
vn -0.204312 0.975797 0.0779578
v -8.6 2.69219 1318.6
vn -0.248823 0.965888 0.0717427
v -9 2.22344 1321
vn -0.436799 0.874132 0.212369
v -8.8 2.31406 1320.6
vn -0.342708 0.926682 0.154308
v -8.995 2.2 1321.4
vn 0.26207 0.925665 -0.272882
v -9.6 3.64219 1288.8
vn -0.0219252 0.998075 -0.058021
v -8.98636 3.6 1290.4
vn 0.436616 0.834422 -0.336314
v -8.8 3.93654 1291.6
vn 0.445218 0.818181 -0.363814
v -8.5 4.4 1293
vn -0.12841 0.991493 -0.0212539
v -10 4.42656 1297.6
vn 0.0767521 0.984712 -0.156371
v -9.8 4.6 1298.57
vn 0.11638 0.981998 -0.14878
v -8.8 4.6 1298.38
vn 0.171644 0.974181 -0.146658
v -10 4.8 1301.78
vn 0.104289 0.991443 -0.078513
v -9 4.61094 1302.4
vn 0.0164221 0.998977 -0.0421243
v -9 4.51719 1305.2
vn -0.342445 -0.936586 -0.0744197
v -7.6 -12.4547 1369
vn -0.157833 -0.984841 0.0719551
v -7 -12.5655 1368.8
vn -0.359313 -0.929558 -0.0825616
v -8.4 -12.4234 1369.2
vn -0.182699 -0.825663 -0.533763
v -7.8 -12.8 1369.97
vn -0.0874771 -0.783167 -0.615627
v -7.6 -12.4734 1369.4
vn -0.181154 -0.701411 -0.689351
v -7 -13.4391 1370.2
vn 0.133529 -0.948132 -0.288472
v -8.2 -10.8922 1363.6
vn 0.3809 -0.839028 -0.38852
v -8.4 -12.0391 1367.2
vn 0.0136493 -0.949282 -0.314128
v -7.8 -12 1367.36
vn -0.029279 -0.932824 -0.359142
v -7 -11.6891 1366.2
vn -0.253244 -0.965543 -0.0599438
v -8.4 -12.3703 1368.4
vn 0.180653 -0.944752 -0.27351
v -8 -12.2891 1369
vn 0.147818 -0.874397 -0.462147
v -8 -12.2 1368.14
vn -0.147195 -0.98895 -0.0176631
v -7.4 -12.0797 1368
vn -0.70577 -0.665102 0.243984
v -8.25156 -12.2 1371.6
vn 0.0339716 -0.994367 -0.100401
v -8.4 -9.62969 1360.2
vn 0.239185 -0.904792 -0.352337
v -7.8 -9.6 1360.08
vn 0.0124249 -0.994299 -0.105904
v -7.2 -9.72344 1360.8
vn 0.278027 -0.773128 -0.570065
v -7.4 -10.0709 1361.6
vn -0.0649803 -0.997651 0.021661
v -7 -9.72344 1361.4
vn -0.109651 0.966227 0.233199
v -7.8 -9.4 1369.06
vn 0.0286112 0.977936 0.206935
v -8 -9.44219 1369.2
vn -0.397277 0.754663 0.522163
v -7.6 -9.50781 1370.2
vn -0.37003 0.75668 0.538993
v -7.2 -9.47656 1369.6
vn 0.148538 0.961802 0.22994
v -7 -9.75156 1370.2
vn -0.0426394 -0.999068 -0.00671994
v -7.6 -7.8 1346.71
vn -0.103281 -0.980499 -0.167199
v -7 -7.77609 1346.2
vn -0.0193061 -0.984379 0.175004
v -7.8 -7.65469 1347.2
vn 0.170855 -0.862891 -0.475634
v -7.2 -7.61228 1347.8
vn -0.131787 -0.987628 0.0849836
v -7.2 -7.8 1347.97
vn 0.155282 -0.814176 -0.559469
v -7 -7.8 1348.05
vn 0.144634 -0.985919 -0.0839336
v -8.2 -7.8 1349.24
vn 0.203012 -0.974785 -0.0926291
v -7.6 -7.69365 1349.8
vn -0.103842 -0.994539 0.0104157
v -7.4 -7.63281 1349.6
vn 0.0688549 -0.995245 -0.0688908
v -8.2 -7.91094 1350.4
vn -0.0952806 -0.994047 -0.0528432
v -7.6 -7.95781 1350.2
vn -0.157514 -0.969993 0.185209
v -7.2 -7.81094 1351.4
vn -0.112516 -0.959521 0.258186
v -7.6 -7.72344 1352.6
vn 0.0587065 -0.995448 -0.0750757
v -8.4 -8.06719 1354.6
vn 0.162531 -0.938577 -0.304395
v -8.38649 -8 1354.4
vn -0.0379319 -0.999204 -0.0123767
v -8.4 -7.79531 1354
vn -0.0919283 -0.995762 0.00261097
v -7.6 -7.83594 1354.4
vn -0.225612 -0.95024 0.214811
v -7.6 -7.78281 1354.6
vn -0.207226 -0.824358 0.526775
v -8.4 -8.10469 1355.6
vn 0.011227 -0.996676 -0.0806945
v -8.2 -7.97656 1355.2
vn -0.0127915 -0.974236 0.225169
v -7.6 -8 1355.97
vn 0.490998 -0.176224 -0.853151
v -7.6 -7.74531 1354.8
vn 0.0933688 -0.992133 -0.0833873
v -7.4 -8 1354.92
vn -0.233233 -0.961443 0.145705
v -7.2 -7.86719 1354.8
vn 0.387155 -0.828617 -0.404358
v -8.14318 -8.6 1357.6
vn -0.0250947 -0.994521 0.101481
v -7.8 -7.87143 1356.4
vn 0.283851 -0.656573 -0.698813
v -7.3 -8.2 1356.8
vn -0.089614 -0.991776 0.0913767
v -7.4 -7.93281 1356.4
vn 0.165499 -0.930077 -0.327973
v -8 -9 1358.45
vn 0.358045 0.929765 -0.0856759
v -8.37619 -8.4 1365.8
vn -0.0115724 0.956665 0.29096
v -7.6 -8.4 1365.03
vn -0.451693 0.734054 0.507088
v -8 -8.8 1368.25
vn 0.328295 -0.90467 -0.271654
v -8 -6.71017 1340.2
vn 0.250238 -0.96771 -0.0303077
v -8.2 -7.22969 1343.6
vn 0.256445 -0.958613 -0.123679
v -8.2 -7.26719 1344
vn -0.714182 -0.425552 0.555742
v -7.02727 -7.6 1347.6
vn -0.13996 0.913895 0.38106
v -8 -6.37969 1358.8
vn 0.059148 0.980933 0.185125
v -8.4 -7.34531 1362.6
vn -0.0951538 0.97419 0.204693
v -8.2 -4.55781 1352.6
vn -0.0311779 0.987094 0.15708
v -7.2 -4.41094 1352.2
vn 0.505197 -0.789907 -0.347596
v -8.20156 -3.2 1329.4
vn 0.358031 -0.891123 -0.278773
v -8.2 -3.50156 1330.2
vn 0.308278 -0.934694 -0.176949
v -8 -3.08281 1329.2
vn 0.363711 -0.89232 -0.267357
v -7.2 -3.06094 1330
vn 0.494416 -0.77971 -0.384194
v -7.2 -3.43594 1331
vn 0.72732 -0.384546 -0.568445
v -6.83594 -3.2 1331.2
vn 0.494191 -0.792693 -0.356951
v -7 -4.39844 1335
vn -0.533486 0.770156 0.349646
v -8.4 -3.38627 1343.2
vn -0.506565 0.788381 0.349066
v -7.8 -2.90469 1343.4
vn -0.131439 0.988611 0.0732995
v -7.8 -3.52344 1344.6
vn -0.266371 0.921088 0.283978
v -8.2 -3.71406 1345.8
vn -0.229996 0.953827 0.193175
v -8 -3.41719 1345.2
vn -0.134486 0.959835 0.246233
v -7.8 -3.54219 1345.6
vn 0.0191968 0.99627 0.0841319
v -7.6 -3.49844 1345.4
vn -0.0257142 0.986176 0.163692
v -7 -4.04219 1349.8
vn 0.0835119 0.993664 0.075212
v -7 -3.92344 1349.2
vn -0.162349 0.950026 0.266635
v -8.4 -4.25781 1350.4
vn -0.0345593 0.994224 0.101609
v -8 -3.94844 1350
vn -0.227313 0.915005 0.333309
v -7.4 -4.02969 1350.8
vn 0.369758 -0.894084 -0.25277
v -7.8 -1.30652 1324.4
vn 0.47199 -0.811008 -0.345676
v -8.2 -2.4 1326.97
vn 0.341478 -0.913081 -0.22288
v -8.2 -2.12031 1326.4
vn -0.330111 0.928281 0.171236
v -8.2 -1.30156 1336.2
vn -0.410138 0.892688 0.186805
v -7.8 -1.6 1338.64
vn -0.0158021 -0.999483 0.0279831
v -7.2 0.207813 1292.6
vn 0.177366 -0.975496 -0.130188
v -8 0 1316.78
vn 0.246019 -0.958144 -0.146405
v -8 -0.835937 1322
vn -0.172516 0.97213 0.158748
v -7.6 0.132813 1331.8
vn -0.458296 0.833517 0.308567
v -7.8 -0.751562 1334
vn -0.47711 0.829805 0.289466
v -7.23594 -0.4 1334
vn -0.0992806 0.993729 -0.0514405
v -7.2 -1.13594 1337
vn 0.754783 -0.355751 -0.55113
v -7.42344 0.8 1291
vn -0.0549576 -0.996454 0.0637083
v -7.4 0.579688 1294.8
vn 0.140476 -0.980566 -0.136955
v -7.4 0.473334 1295.6
vn 0.0575263 -0.992755 -0.105488
v -8.4 1.19219 1298.4
vn 0.0780608 -0.994087 -0.0754782
v -8.4 0.964063 1299.2
vn -0.390418 -0.899749 0.195003
v -6.9 0.8 1299.4
vn -0.275544 -0.938364 0.208682
v -7 1.00469 1299.6
vn -0.252702 -0.933723 0.253581
v -8 0.964063 1301.4
vn 0.223229 -0.960798 -0.164428
v -8.2 1.36094 1302.4
vn 0.143707 -0.985423 -0.0910455
v -7.6 1.44844 1302.4
vn 0.0666322 -0.995588 -0.0660604
v -8.2 0.8 1308.32
vn -0.150889 0.987848 0.0372709
v -8.4 0.929688 1327.4
vn -0.374876 0.900575 0.220075
v -8.2 1 1327.44
vn -0.120807 0.992587 0.0133166
v -8.4 0.948438 1327.8
vn -0.679492 0.627661 0.37991
v -8.07333 1 1328.6
vn -0.272218 0.95527 0.115566
v -7.8 1 1328.51
vn -0.32241 0.925083 0.200679
v -8.4 0.479688 1329.4
vn -0.379501 0.891458 0.247551
v -8.4 0.4 1329.88
vn -0.534051 0.760045 0.370299
v -7.61111 1 1329.4
vn -0.303553 0.929603 0.209031
v -7.2 0.417188 1331
vn 0.489846 0.723668 -0.486165
v -8.2 3 1288.51
vn 0.802649 -0.195013 -0.56367
v -7.00469 2.6 1290
vn -0.136601 0.988536 0.0643156
v -7.6 3.38281 1315.6
vn 0.136423 0.986768 -0.0876218
v -7.6 3.43281 1316
vn 0.189295 0.978161 -0.0858341
v -7.4 3.37656 1315.8
vn -0.310446 0.906839 0.285071
v -7 3.53594 1315.6
vn -0.271848 0.960109 0.0654999
v -8 3.31406 1316.8
vn -0.535312 0.791254 0.295565
v -8.4 2.6 1320.71
vn -0.187591 0.980503 0.0585125
v -8 2.84844 1320.8
vn 0.0298425 0.998941 -0.0350272
v -7.2 2.74844 1320.6
vn -0.277041 0.949022 0.150348
v -8.4 2.27031 1321.8
vn -0.366367 0.91554 0.166015
v -7.2 2.84219 1322.6
vn -0.587877 0.633108 0.503561
v -7 2.25469 1323.6
vn -0.631162 0.594755 0.497896
v -6.96719 2.6 1323.2
vn -0.193294 0.975266 0.107209
v -7.4 2.2 1324.5
vn -0.30882 0.941031 0.138168
v -7.8 3.86094 1291.6
vn 0.095841 0.977229 -0.18931
v -7.8 3.8 1291.97
vn -0.190232 0.967543 0.166352
v -7.4 3.94219 1291.8
vn 0.352364 0.899284 -0.259092
v -8 3.97344 1292.8
vn 0.645961 0.607607 -0.462113
v -7.64219 4.2 1293.8
vn -0.066611 0.996243 -0.0553439
v -7.4 3.93281 1292.8
vn -0.0432559 0.997057 0.0632963
v -7.2 3.83906 1294
vn 0.689137 0.468805 -0.55255
v -7.2 4.4 1294.56
vn -0.325911 0.916952 0.230177
v -7 3.87969 1294
vn 0.0796171 0.982108 -0.170658
v -7 4.36719 1298
vn -0.384517 0.892986 0.23393
v -7.4 4.41406 1299.4
vn -0.0110683 0.999828 -0.0148745
v -8 4.64219 1301.2
vn 0.0438104 0.998894 0.0170655
v -7.1625 4.6 1305
vn 0.183326 0.98205 -0.0443837
v -6.85254 4.6 1306.2
vn -0.0731409 0.993832 0.0833562
v -8.4 4.6 1307.55
vn -0.0652968 0.995135 0.0737687
v -7.4 4.73594 1306.8
vn 0.109967 0.993694 -0.0219043
v -7.8 4.26094 1311.2
vn 0.153112 0.988192 0.00585002
v -7 4.09219 1311
vn -0.542754 0.722135 0.428881
v -7.6 4.2 1312.85
vn -0.562426 0.653897 0.506058
v -7.48113 4 1313.2
vn -0.247256 0.93891 0.239398
v -7.2 3.80469 1314
vn -0.715753 0.424934 0.554192
v -7 4.28871 1313.6
vn -0.550637 -0.833524 -0.045132
v -5.8 -14.2266 1371.2
vn -0.685029 -0.663078 0.301765
v -5.6619 -14.2 1372
vn -0.26952 -0.87291 -0.406679
v -5.6 -14.1952 1371
vn -0.589496 -0.783889 0.194969
v -6 -14.4734 1374.6
vn -0.0532443 -0.942097 -0.331088
v -5.59687 -14.6 1374.8
vn -0.0605046 -0.784354 -0.617356
v -6.8 -12.7359 1369
vn 0.0771444 -0.761822 -0.643176
v -6.6 -12.6 1368.89
vn -0.0135929 -0.698429 -0.71555
v -6.2 -12.8 1369.11
vn 0.0440853 -0.746102 -0.664371
v -6.2 -12.4734 1368.8
vn -0.269562 -0.92595 -0.264485
v -5.8 -12.5484 1367.8
vn -0.13015 -0.654277 -0.744971
v -6.6 -13.6823 1370.4
vn 0.050067 -0.64552 -0.7621
v -6.4 -13.7484 1370.4
vn -0.0113775 -0.658382 -0.752598
v -6.4 -13.4 1370.12
vn 0.0357804 -0.66939 -0.742049
v -6.4 -13.0484 1369.8
vn -0.234946 -0.856256 -0.460029
v -6.2 -13.0891 1369.4
vn -0.0352958 -0.768035 -0.639434
v -5.6 -13.7609 1370.6
vn -0.408877 -0.91127 -0.0490581
v -6.8 -13.3703 1371.6
vn -0.587536 -0.794381 0.154146
v -6.6 -13.5468 1371.4
vn -0.85751 -0.139562 0.495176
v -6.27031 -14 1374.6
vn -0.631021 0.525695 0.570489
v -5.66406 -12.6 1374.8
vn 0.113268 -0.901799 -0.417048
v -6.8 -11 1364.27
vn -0.0665491 -0.908317 -0.412954
v -5.4 -11.0953 1364.8
vn -0.0239007 -0.789945 -0.612712
v -5.4 -12.3141 1367.4
vn -0.441516 0.626891 0.641927
v -6.8 -10.8967 1372.4
vn -0.373951 0.643725 0.667667
v -6.2 -11.3422 1373.2
vn -0.560397 0.494139 0.664667
v -5.8 -11 1373.14
vn -0.350752 0.64448 0.679425
v -5.51129 -11.6 1373.8
vn -0.523639 0.574184 0.629376
v -5.6 -10.8443 1373.2
vn 0.104286 -0.975952 -0.191423
v -6.8 -9.72656 1361
vn 0.352115 -0.723767 -0.593444
v -6.6 -9.26136 1360.8
vn 0.294343 -0.642867 -0.707167
v -6.4 -9.44545 1361
vn 0.0337842 -0.852153 -0.522201
v -6.4 -9.23387 1360.8
vn -0.0677723 -0.956793 -0.282761
v -5.4 -9.36094 1360.6
vn 0.133164 -0.973767 -0.184516
v -6.2 -9.72031 1361.4
vn 0.469249 -0.600685 -0.647289
v -5.83091 -10 1362.6
vn 0.385908 -0.720681 -0.575929
v -6 -9.47031 1361.2
vn 0.102982 -0.927621 -0.359045
v -5.8 -10.4 1362.73
vn 0.0283077 -0.995511 -0.0903136
v -5.8 -9.81719 1362.2
vn 0.102503 -0.939886 -0.325741
v -6.8 -10.6 1363.59
vn 0.654889 -0.105576 -0.748314
v -5.68871 -10.2 1362.8
vn 0.624319 0.0140695 -0.781043
v -5.4 -10.4 1363.03
vn 0.570975 -0.321014 -0.755604
v -5.4 -10.2 1363.05
vn 0.150583 -0.89823 -0.412926
v -5.4 -9.97031 1362.8
vn 0.0482608 0.939376 0.339476
v -6.2 -9.21406 1368.6
vn 0.508597 0.854399 -0.106449
v -6 -9.28594 1367.6
vn -0.112712 0.84989 0.514765
v -5.925 -9.4 1369
vn -0.235393 0.808388 0.539535
v -5.6 -9.25781 1369
vn 0.730039 0.563926 -0.386045
v -5.34219 -9.6 1369
vn -0.229174 0.76493 0.601964
v -6 -9.63594 1370.6
vn 0.470337 0.871932 0.136083
v -6 -9.56406 1369.4
vn 0.706618 0.700389 -0.100726
v -5.4873 -9.8 1370.6
vn 0.302603 0.933006 0.194758
v -6.8 -10.0141 1371.2
vn 0.198316 0.932257 0.302603
v -6.6 -10.0266 1371
vn -0.242972 0.789838 0.563135
v -5.8 -9.92031 1371
vn -0.101563 0.815411 0.569904
v -5.6 -9.71094 1370.8
vn -0.69654 -0.470163 0.542014
v -6.8 -7.8 1347.74
vn -0.577705 -0.794006 0.189238
v -6.8 -7.76094 1348
vn -0.564458 -0.77426 0.286196
v -5.82656 -8.2 1348.6
vn -0.450129 -0.889202 0.0818733
v -5.98965 -8 1348.8
vn -0.101435 -0.981054 -0.165058
v -5.8 -8.27031 1348.4
vn -0.550324 -0.834581 0.0248597
v -5.42419 -8.4 1349.8
vn -0.0459475 -0.993396 -0.105131
v -6.6 -8.04844 1351
vn -0.428711 -0.876023 0.220885
v -6.4 -7.67031 1350.8
vn 0.116143 -0.851433 -0.511441
v -6 -8 1351.45
vn -0.21093 -0.923426 -0.320613
v -5.4 -8.12031 1351.4
vn -0.380336 -0.844093 0.377956
v -6.63771 -8 1351.6
vn -0.00990423 -0.98011 -0.198206
v -6 -8.2 1351.72
vn -0.29419 -0.932277 0.210504
v -6 -7.93594 1352.6
vn -0.231821 -0.918635 0.319952
v -6 -7.88413 1352.8
vn -0.387177 -0.853317 0.349204
v -5.6375 -8 1352.8
vn -0.28625 -0.880753 0.377274
v -5.4 -7.64844 1353.4
vn 0.319629 -0.661423 -0.678496
v -6.4 -8.11406 1357.2
vn -0.0316271 -0.986315 -0.161809
v -6.2 -8.48281 1357.6
vn -0.144741 -0.98928 -0.0193849
v -5.4 -8.34844 1357
vn 0.0499213 -0.942692 -0.329908
v -6.2 -8.67969 1358.8
vn 0.0629065 -0.955502 -0.288198
v -6.6 -9.14844 1360.6
vn 0.452155 0.874098 -0.177505
v -6.6 -7.75781 1364.4
vn -0.282333 0.841656 0.46033
v -6.4 -7.86719 1365.2
vn -0.153439 0.870568 0.467513
v -6.2 -8.03906 1365.6
vn -0.0437445 0.934261 0.353897
v -6.2 -8.2 1365.99
vn 0.164556 0.969136 0.183566
v -6.2 -7.94219 1364.4
vn 0.501829 0.858403 -0.106358
v -6.2 -7.76406 1365.2
vn -0.168864 0.886808 0.430183
v -5.93 -8 1365.6
vn 0.00837055 0.939477 0.342509
v -5.6 -7.88906 1364.4
vn 0.435687 0.89832 -0.0565497
v -5.4 -8.27969 1365.4
vn 0.129352 0.933862 0.333422
v -5.4 -8.17969 1365
vn -0.598105 0.585675 0.547043
v -6.44098 -8.2 1366.2
vn -0.219593 0.878649 0.423975
v -6 -8.18906 1366
vn -0.117002 0.877862 0.464402
v -5.6 -8.40469 1366.6
vn -0.0482783 0.876613 0.478768
v -5.4 -8.65469 1367.2
vn 0.513873 0.856418 -0.0498325
v -5.4 -8.02344 1366.2
vn 0.432301 0.901084 0.0341129
v -6.8 -8.96406 1368.8
vn 0.652934 0.709302 -0.265645
v -6.31719 -9 1368
vn -0.421237 0.661877 0.620062
v -6.8 -9.2 1369.69
vn -0.0166745 0.934757 0.354895
v -6.8 -8.98906 1369.4
vn -0.473917 -0.779477 0.409656
v -6.8 -7.45968 1344.6
vn 0.12402 -0.974941 -0.184686
v -5.8 -7.41429 1344.4
vn 0.231212 -0.944364 -0.233917
v -5.8 -7.4 1345.1
vn 0.405853 -0.830023 -0.382552
v -6.8 -7.35469 1346
vn 0.0416003 -0.994999 -0.0908093
v -5.8 -7.22344 1346.2
vn -0.158889 -0.986186 0.0468178
v -5.6 -7.57969 1345.6
vn 0.366397 -0.824869 -0.430516
v -5.4 -7.46406 1345.6
vn -0.170206 -0.985379 0.00757727
v -5.23818 -7.6 1346.4
vn 0.181532 -0.973726 -0.137492
v -5.4 -7.33906 1345.2
vn 0.193851 -0.841968 -0.5035
v -5.4 -7.6 1347.65
vn -0.0318294 -0.968418 -0.247293
v -5.4 -7.28906 1347
vn -0.123563 -0.936807 0.3273
v -6 -7.48594 1353.8
vn 0.149319 -0.915099 -0.374564
v -6 -7.42969 1354
vn 0.260552 -0.925773 -0.273966
v -5.6 -4.94219 1337.4
vn 0.239314 -0.93522 -0.260947
v -5.6 -5.05469 1338.8
vn -0.0235235 0.981531 0.189852
v -5.4 -4.64844 1353.4
vn 0.350836 -0.895451 -0.274011
v -6.4 -2.88594 1330.6
vn 0.699121 -0.390248 -0.599113
v -6.51406 -3.2 1331.6
vn -0.380578 -0.864239 0.329015
v -6.5125 -3 1331
vn 0.141425 -0.981057 -0.132383
v -6.6 -2.86094 1331.4
vn -0.49452 -0.810273 0.314495
v -6.4 -2.85781 1331.4
vn 0.692867 -0.289022 -0.660606
v -6.4 -2.92656 1331.6
vn -0.447403 -0.842171 0.300963
v -6.2 -2.93906 1331.6
vn 0.242198 -0.953342 -0.18022
v -6 -3.04531 1331.6
vn 0.323058 -0.913649 -0.246736
v -5.6 -3.54219 1334
vn -0.534659 0.718303 0.445174
v -6.8 -3.46094 1345.6
vn -0.0929256 0.983795 0.153339
v -6.8 -3.87031 1348.8
vn 0.0265031 0.990021 0.138409
v -6 -4.18281 1351.8
vn 0.246491 -0.942194 -0.226966
v -5.77273 -1.8 1328.4
vn -0.151398 0.986653 0.059957
v -6.8 -1.46406 1339.2
vn -0.289742 0.941285 0.173299
v -5.6 -1.33281 1340.2
vn -0.241322 0.9541 0.177361
v -6.8 -1.48281 1340.6
vn -0.0394481 0.997825 0.0528038
v -6.4 -1.45156 1340.4
vn -0.189247 0.978118 0.0864395
v -5.6 -1.35469 1340.8
vn -0.103948 -0.990765 0.0870579
v -6.4375 0.2 1293.4
vn 0.048607 -0.994968 0.0876074
v -6 -0.429687 1321.4
vn 0.494995 -0.754978 -0.430101
v -5.8 -0.4 1321.81
vn 0.0192251 -0.979287 -0.201565
v -6 -0.745312 1323.6
vn -0.14614 0.980662 0.130173
v -6.6 0.104688 1333.8
vn -0.380472 0.88374 0.272478
v -6.4 0.045313 1333.2
vn 0.0227069 0.998132 0.0567144
v -6 -0.001562 1334.4
vn -0.319368 0.904041 0.284102
v -5.25156 0.2 1334.6
vn 0.0536615 0.992727 -0.107767
v -6.2 -1.03594 1337.6
vn -0.00436647 0.993311 -0.115389
v -6.2 -0.926562 1338
vn -0.429594 0.830057 0.355604
v -5.4 -0.8 1337.81
vn -0.206907 0.955772 0.209019
v -5.4 -0.935937 1339.6
vn 0.697546 -0.506677 -0.506664
v -6.6 1.94531 1291.2
vn 0.714735 -0.397274 -0.57561
v -5.55156 1.2 1293.4
vn 0.0755766 -0.969164 -0.234542
v -6.8 0.876563 1298.8
vn 0.0609102 -0.969512 -0.237353
v -6.8 0.960938 1300.2
vn 0.142232 -0.868402 -0.475024
v -6.8 1.07031 1300
vn -0.249012 -0.958675 -0.137606
v -6.6 0.750794 1299.2
vn -0.399266 -0.87408 0.276715
v -6.6 1 1299.97
vn -0.0458284 -0.97578 -0.213899
v -6.6 1 1300.13
vn -0.308412 -0.948266 0.0753275
v -6 0.539063 1299.8
vn -0.592523 -0.663473 0.456859
v -5.67656 0.6 1299.4
vn 0.45693 -0.651672 -0.605424
v -5.8 0.737735 1299.8
vn 0.260473 -0.874545 -0.409054
v -5.8 0.876563 1299.6
vn 0.410755 -0.837394 -0.360626
v -5.6 1.08594 1306
vn 0.163061 -0.961137 -0.222769
v -6.4 0.873438 1309.4
vn 0.292976 -0.901172 -0.31946
v -5.6 1 1309.61
vn -0.416993 -0.815877 0.400577
v -5.4 0.870313 1310.4
vn 0.105092 -0.990923 -0.0838331
v -6 0.889063 1312.6
vn 0.289991 -0.92662 -0.239332
v -5.8 0.8 1313.24
vn 0.624508 -0.613726 -0.483043
v -6.2 0.670313 1316.2
vn 0.309161 0.95094 0.0114917
v -5.6 1.92857 1326.8
vn -0.357449 0.901337 0.244587
v -6.8 1.31094 1329
vn -0.346351 0.914371 0.209681
v -6.4 1.76719 1328
vn -0.0743587 0.986999 0.142489
v -5.6 1.51094 1330
vn -0.470809 0.790271 0.392188
v -6.2 0.6 1331.9
vn -0.313882 0.920973 0.230838
v -6.2 1.17969 1330.8
vn -0.21136 0.955765 0.204549
v -5.24167 1.4 1331
vn -0.181655 0.978138 0.101234
v -6 0.645313 1332.4
vn -0.344301 0.897821 0.274544
v -5.6 0.689063 1332.4
vn -0.54806 0.746699 0.376923
v -5.4 0.4 1334.22
vn 0.791265 0.178465 -0.58485
v -5.4 3.40527 1292.6
vn 0.259047 0.961253 -0.0942747
v -6.6 3.22656 1317
vn 0.12441 0.992129 0.0141894
v -6.4 3.2 1316.88
vn -0.367241 0.874063 0.318037
v -5.73519 2.8 1321.8
vn 0.163317 0.982581 -0.0886744
v -5.8 2.86406 1322.6
vn -0.248161 0.928042 0.277765
v -5.4 2.71094 1322.4
vn -0.245103 0.935339 0.255079
v -6.6 2.89531 1323.2
vn 0.0751966 0.994505 0.0728374
v -5.6 2.86719 1323.8
vn 0.223089 0.972349 -0.0690612
v -6.4 2.06094 1324.8
vn 0.413523 0.881609 -0.227516
v -6.4 2.32031 1325.8
vn -0.218479 0.937056 0.272384
v -6.18889 2.2 1326.8
vn 0.479123 0.865507 -0.146076
v -6 2.12679 1326
vn -0.36431 0.889706 0.27514
v -6 2 1327.48
vn 0.257359 0.958647 0.121498
v -5.8 2.09219 1327
vn -0.0650197 0.981999 0.177345
v -5.8 2.07344 1327.4
vn 0 0.953207 0.302318
v -5.78571 2.2 1326.8
vn 0.0826649 0.989494 -0.118613
v -6.8 3.84219 1292.8
vn -0.0163904 0.998439 0.0533974
v -6.6 3.82344 1292.8
vn 0.13583 0.89929 -0.415726
v -6.4 4.15156 1293.6
vn 0.0133223 0.996619 0.0810793
v -6 3.78594 1293.4
vn -0.341737 0.902304 0.262798
v -6.2 4.08906 1294.6
vn -0.218244 0.951408 0.21724
v -5.42778 3.8 1296
vn 0.723717 0.398254 -0.563584
v -5.6 3.85173 1296.2
vn -0.00512063 0.998727 0.0501776
v -5.8 4.4 1297.8
vn 0.0705224 0.994127 -0.0820803
v -6.6 4.71719 1299.4
vn -0.273617 0.94517 0.17829
v -6.2 4.71406 1300.4
vn 0.0782773 0.996914 0.00587438
v -5.8 4.74531 1304.6
vn 0.158149 0.985482 -0.0617583
v -5.6 4.69531 1303.6
vn 0.11593 0.993206 -0.0101414
v -6.8 4.27656 1313.6
vn 0.247381 0.964082 -0.0966909
v -6 4.02031 1313.6
vn 0.198692 0.978972 -0.0462132
v -5.6 4.10156 1314.6
vn -0.137792 0.968734 0.206321
v -6 3.72031 1315.2
vn -0.68787 0.414098 0.596119
v -6 3.99697 1315
vn -0.351865 0.881787 0.314073
v -5.8 3.77344 1316.2
vn -0.132991 0.96488 0.226539
v -5.8 4.05469 1315
vn -0.408971 0.854197 0.321078
v -5.4 3.71406 1316.8
vn -0.484617 -0.855177 -0.183898
v -4.8 -14.9127 1371.8
vn -0.742043 -0.669006 -0.0424568
v -4.4 -15.1971 1372
vn 0.140036 -0.663374 -0.735068
v -4.4 -15 1371.89
vn -0.081575 -0.842119 -0.533086
v -4.2 -14.5016 1371.2
vn 0.319579 -0.516273 -0.794564
v -4 -15.2778 1372.2
vn 0.299269 -0.57414 -0.762103
v -4 -15 1372.03
vn -0.713526 -0.681412 0.16297
v -4.42031 -15.2 1372.4
vn -0.690941 -0.655569 0.304681
v -4.57656 -14.6 1373.2
vn -0.297808 -0.92238 -0.246018
v -4.31094 -15.4 1372.4
vn -0.717194 -0.677442 0.163414
v -3.8 -15.4391 1373.4
vn -0.736707 -0.650293 0.185423
v -3.8 -15.325 1373.8
vn -0.773669 -0.529208 0.34839
v -4.67258 -14.4 1376.8
vn -0.557328 -0.727695 0.399807
v -4.27031 -14.8 1376.8
vn 0.256553 -0.723728 -0.640624
v -4 -15.1484 1376.4
vn -0.711643 -0.701559 0.0371383
v -4.53281 -14.4 1377.4
vn -0.615429 -0.763778 0.194657
v -4.4 -14.5453 1377.2
vn -0.20656 -0.969205 -0.134072
v -4.4 -14.6 1377.67
vn -0.893011 0.0427248 0.448002
v -4.35781 -14.4 1377.8
vn 0.155273 -0.971607 -0.178525
v -4.2 -14.6328 1377.6
vn -0.736963 -0.564235 0.372189
v -4.13281 -14.6 1378.2
vn -0.757528 0.196579 0.622501
v -4.12969 -14.4 1378.2
vn -0.736963 -0.564235 0.372189
v -4 -14.7735 1378.2
vn -0.325023 -0.834888 0.44421
v -4 -14.6 1377.33
vn 0.667962 -0.713798 -0.21052
v -3.88666 -14.6 1378
vn 0.610528 -0.787957 -0.0798751
v -3.8 -14.4672 1377.8
vn 0.251499 -0.941576 0.224017
v -3.72656 -14.4 1378
vn 0.814828 -0.579619 0.0098755
v -3.71406 -14.4 1378.2
vn -0.507584 0.0728221 0.858519
v -3.8 -14.4 1378.42
vn 0.514136 -0.208868 0.831889
v -3.64531 -14.2 1378
vn 0.342405 0.514553 0.786126
v -3.8 -14.0096 1378
vn -0.699324 -0.669572 0.250237
v -4.24531 -13.6 1368.8
vn -0.049859 -0.729491 -0.68217
v -4.2 -13.627 1368.6
vn -0.426718 -0.788022 -0.443772
v -3.8 -13.2547 1368.4
vn -0.386608 -0.858522 -0.336859
v -5.1459 -13.8 1370.2
vn -0.237977 -0.801116 -0.549164
v -5.2 -13.6 1369.83
vn -0.252939 -0.801223 -0.542277
v -5 -13.2391 1369.4
vn -0.881662 -0.0122625 0.471722
v -4.78906 -14 1376.8
vn -0.789432 0.32339 0.521744
v -4.74844 -13.4 1376.6
vn -0.585611 0.540578 0.604016
v -4 -14 1378.01
vn -0.513983 0.365196 0.776179
v -3.8 -13.4 1377.66
vn 0.0980171 0.875804 0.472609
v -4.8 -11.4 1373.42
vn 0.0298104 0.830462 0.556278
v -4.6 -11.2672 1373.2
vn 0.285406 0.894223 0.34483
v -4 -11.4297 1373.2
vn -0.711641 0.464207 0.527332
v -5.2 -11.2 1374.04
vn 0.476801 0.864683 0.158062
v -5 -11.2547 1374
vn 0.517864 0.832654 0.196224
v -4.4 -11.9578 1375.4
vn -0.606297 0.669626 0.428958
v -4.4 -12.0961 1375.8
vn -0.154957 -0.563869 -0.811197
v -4.4 -9.25082 1350
vn 0.0491998 -0.48906 -0.870862
v -4 -9.6 1350.13
vn 0.0353361 -0.532877 -0.845454
v -4 -9.37111 1350
vn -0.436218 -0.585234 -0.683531
v -3.8 -9.8 1350.23
vn -0.512602 -0.301522 -0.803943
v -3.60937 -9.6 1350
vn -0.292891 -0.327052 -0.898472
v -3.8 -9.6 1350.1
vn 0.227637 -0.519329 -0.823698
v -3.8 -9.4 1350.07
vn -0.93041 -0.366486 0.00510229
v -4.22969 -9.4 1351.6
vn -0.865774 -0.394099 0.308417
v -3.8 -10.2 1352.93
vn -0.270119 -0.941181 -0.203012
v -4.2 -10.1359 1362.6
vn -0.315632 -0.890954 -0.326463
v -4 -10 1361.88
vn -0.25883 -0.0364968 -0.965233
v -5.2 -10.4206 1363
vn -0.383535 -0.161003 -0.909384
v -5 -10.2 1362.88
vn -0.0242291 -0.841965 -0.538988
v -4.8 -10.6 1363.15
vn 0.138454 -0.719762 -0.680275
v -4.6 -10.4 1363
vn 0.350294 -0.790868 -0.501819
v -4 -10.2641 1363.2
vn -0.0362793 -0.836241 -0.547161
v -3.8 -10.8 1363.81
vn -0.709036 0.251111 0.658947
v -5 -9.4 1368.21
vn 0.467941 0.882923 0.0384525
v -4.8 -10 1369.03
vn 0.648764 0.728939 -0.218525
v -5 -9.90156 1369.2
vn 0.73836 0.576646 -0.349719
v -4.98281 -9.8 1369.4
vn 0.674218 0.726385 -0.133401
v -4.54531 -10 1370
vn 0.571586 0.817823 -0.0667436
v -4.2 -10.3359 1369.6
vn -0.0914454 0.824886 0.557854
v -4 -10 1369.33
vn 0.680013 0.729353 -0.0750111
v -5.2 -10.1426 1370.8
vn 0.478107 0.847426 0.230831
v -5 -10.2578 1371.6
vn 0.0367861 0.856316 0.515141
v -4.2 -10.3078 1370.8
vn -0.316193 -0.948692 0.00220842
v -4.8 -7.68594 1346.4
vn -0.394795 -0.916183 -0.068892
v -4.6 -7.8 1346.12
vn 0.173288 -0.871343 -0.459057
v -4.4 -7.82031 1346
vn 0.176114 -0.791288 -0.585532
v -3.8 -7.95781 1346.4
vn -0.488044 -0.870355 -0.0655316
v -4.2 -7.905 1347.8
vn -0.137309 -0.867277 -0.478514
v -4.2 -7.86406 1348
vn -0.416461 -0.89286 -0.171351
v -5 -8.58906 1349.4
vn -0.323014 -0.749381 -0.578005
v -4.45294 -9 1349.8
vn -0.12488 -0.839389 -0.528991
v -4.4 -8.4 1348.93
vn -0.157275 -0.709625 -0.686802
v -4 -9.2 1349.88
vn -0.58247 -0.748118 -0.317881
v -4.6 -9.02885 1350
vn -0.107701 -0.882778 -0.457279
v -5 -8.40781 1352
vn -0.737184 -0.675522 0.0151701
v -4.8 -8.5339 1353
vn -0.637838 -0.58553 0.500317
v -4.45469 -8.2 1353.6
vn -0.519748 -0.852658 0.0532513
v -4.46889 -8 1354
vn -0.746597 -0.411535 0.522716
v -4 -9.04583 1353.6
vn -0.811666 -0.416387 0.409658
v -3.76719 -8.6 1354.4
vn 0.0697216 -0.96585 -0.249546
v -5.2 -8.03594 1355.8
vn -0.184417 -0.969421 -0.161906
v -5.04286 -8.4 1357.4
vn -0.419257 -0.892548 -0.166079
v -4.8 -8.66719 1357
vn 0.247839 -0.647417 -0.720713
v -5.2 -8.54531 1358
vn -0.260865 -0.921639 -0.287283
v -4.2 -9.12656 1359
vn -0.056106 -0.89027 -0.451963
v -3.96512 -9 1358.8
vn 0.0126675 0.927166 0.374436
v -3.8 -8 1364.29
vn 0.397302 0.893761 0.208187
v -4.6 -8.66094 1365.8
vn -0.018639 0.845407 0.533797
v -3.8 -8.72344 1365.6
vn 0.618234 0.78203 -0.0788485
v -5 -8.31094 1366.2
vn 0.681858 0.731401 -0.0110932
v -4.6 -8.70156 1366.2
vn 0.303696 0.877629 0.370859
v -4.4 -9.06719 1367.8
vn 0.0525562 -0.947884 -0.314252
v -4.57179 -6.2 1342.4
vn -0.0904201 -0.981303 -0.169907
v -5.2 -7.6 1345.15
vn 0.188067 -0.911064 -0.366869
v -4.8 -6.88409 1344
vn 0.0248531 -0.954288 -0.297853
v -3.8 -7.04531 1344.6
vn -0.221471 -0.917841 -0.329421
v -3.8 -6.90781 1344.2
vn -0.358958 -0.924751 -0.126427
v -5.2 -7.50952 1345.4
vn -0.399089 -0.902025 -0.164555
v -5 -7.44531 1347.2
vn -0.718579 -0.510487 0.472279
v -4.98594 -7.4 1347
vn -0.722386 -0.655873 0.219065
v -4.8 -7.6 1347.17
vn 0.0244529 0.939059 0.342884
v -4.8 -6.2 1359.69
vn 0.0401001 -0.951124 -0.306195
v -4.6 -5.29531 1340
vn 0.203884 -0.886874 -0.414591
v -4 -5.2 1339.81
vn 0.348646 -0.83154 -0.43242
v -4 -4.92031 1339
vn -0.0666764 -0.925748 -0.372217
v -3.8 -5.4 1340.12
vn 0.169083 -0.913064 -0.371113
v -4.4 -5.88594 1341.4
vn -0.142752 0.935718 0.322574
v -4.4 -4.67031 1353.8
vn -0.0894361 0.951445 0.29454
v -4.2 -4.47031 1353.2
vn 0.0223294 0.976001 0.216617
v -3.8 -5.33281 1356.8
vn 0.476394 -0.814067 -0.332181
v -5.2 -3.10364 1333.2
vn 0.370475 -0.874338 -0.3135
v -4.5186 -3.2 1334.8
vn 0.21078 -0.965487 -0.152992
v -4.4 -3.13906 1334.6
vn -0.290741 0.827661 0.480048
v -4.6 -2.92969 1346.4
vn -0.278919 0.881272 0.381528
v -5.2 -3.4 1347.22
vn -0.170709 0.932429 0.318488
v -4.4 -3.33281 1347.2
vn -0.0305493 0.977894 0.206858
v -4 -3.43281 1348.2
vn -0.365024 0.815125 0.44981
v -3.8 -3.30156 1347.6
vn -0.452797 0.742025 0.494342
v -3.8 -3 1347.21
vn -0.30945 0.902103 0.30075
v -4.4 -3.74219 1348.6
vn -0.0453215 0.966733 0.251741
v -3.8 -4.2 1351.26
vn -0.120987 0.966244 0.227451
v -4.4 -4.07969 1352.2
vn 0.00242141 0.977099 0.21277
v -4.2 -4.27344 1351.6
vn 0.28639 0.94836 -0.13636
v -3.8 -4.12344 1352.4
vn -0.159136 0.925055 0.34489
v -3.76667 -4.4 1353.2
vn -0.226641 -0.967789 -0.109627
v -4.6 -1.22656 1324.8
vn -0.619433 -0.561756 0.548391
v -4 -1.44833 1325.2
vn -0.460349 -0.831071 -0.312089
v -3.8 -1.86406 1325
vn -0.521652 -0.756035 -0.395336
v -3.77429 -2 1325.6
vn 0.0464542 -0.970162 -0.237965
v -5 -1.41094 1326
vn 0.294927 -0.885723 -0.358488
v -3.98889 -1.8 1330
vn 0.319971 -0.894403 -0.312509
v -3.8 -2 1330.55
vn -0.0616729 -0.986765 0.149972
v -4 -2.74219 1333.8
vn -0.549692 0.721657 0.420773
v -5 -1.36032 1341.8
vn 0.0667785 0.995763 0.0632214
v -4.6 -1.28906 1341.8
vn 0.178743 0.966083 0.186375
v -4 -1.32656 1341.4
vn 0.00740075 0.98207 0.188372
v -5.2 -1.78594 1343
vn -0.507347 0.707257 0.492327
v -4.8 -1.71207 1342.4
vn -0.665177 0.514934 0.540724
v -4.6 -1.43846 1342.4
vn -0.593886 0.687569 0.41779
v -4.6 -1.25781 1342.2
vn 0.31909 0.944989 0.0719521
v -4.4 -1.36406 1342
vn 0.0480918 0.909449 0.413025
v -4.34138 -1.4 1342.4
vn -0.0391768 0.897514 0.439242
v -4.2 -1.87656 1343.2
vn 0.334745 0.938128 0.0886617
v -4.2 -1.45469 1342.2
vn 0.108592 0.969147 0.221274
v -4.2 -2.08594 1343.8
vn 0.174824 0.922191 0.344963
v -3.8 -2.08906 1343.6
vn -0.243862 0.898482 0.365049
v -4.8 -2.6 1345.64
vn -0.130943 -0.98331 0.126311
v -4.8 0.335938 1298.4
vn -0.26949 -0.962878 0.0154922
v -3.63906 0.2 1297.6
vn -0.252282 -0.928725 -0.271704
v -3.8 0.251563 1298.4
vn 0.0906605 -0.957077 -0.275288
v -5.2 -0.339062 1322
vn 0.305749 -0.948772 -0.079682
v -5.2 -0.239062 1322.2
vn 0.332088 -0.9073 -0.257923
v -5 -0.120312 1321.2
vn 0.19723 -0.940469 -0.2768
v -5 -0.2 1321.58
vn 0.136603 -0.924616 -0.355563
v -4.8 -0.445312 1322.2
vn 0.240009 -0.970741 0.00762162
v -4.8 -0.026562 1321.2
vn 0.0940906 -0.96393 0.248968
v -4.8 0.1 1321.6
vn -0.00483409 -0.984985 0.172574
v -4.6 0 1321.23
vn 0.272033 -0.746975 -0.606652
v -3.8 -0.4 1322.76
vn -0.217115 -0.965527 0.143595
v -3.8 -0.005883 1322.4
vn -0.257838 -0.901428 -0.347773
v -4.6 -0.970312 1323.8
vn 0.535038 -0.575285 -0.618694
v -4.4 -0.870312 1323.2
vn -0.149885 -0.87354 -0.463101
v -4.2 -1.03594 1323.8
vn -0.447048 -0.867002 0.220125
v -4.2 -0.551562 1323
vn 0.509859 -0.652258 -0.560894
v -4 -0.729687 1323.4
vn -0.377888 -0.725785 -0.574836
v -4.8 -1.14912 1325.2
vn -0.339765 0.837956 0.42707
v -4.8 -0.126562 1335.6
vn -0.0708822 0.996254 0.0495302
v -4.4 -0.164062 1336.6
vn -0.328847 0.859934 0.39035
v -4.6 -0.332812 1337.8
vn -0.0630702 0.987952 0.141323
v -4.4 -0.179687 1337.2
vn 0.11682 0.992417 0.0382312
v -4.2 -0.935937 1339.8
vn -0.331289 0.78664 0.521003
v -4 -0.907812 1339
vn -0.108027 0.975249 0.192922
v -4.6 -1.2 1341.23
vn 0.074992 0.957274 0.27929
v -3.8 -1.15469 1340.8
vn 0.686996 -0.46373 -0.559456
v -3.8 0.6 1295.75
vn 0.00985031 -0.976387 -0.215805
v -4.6 0.554688 1298
vn -0.1807 -0.844401 -0.504315
v -3.8 0.490476 1298
vn 0.271199 -0.867169 -0.417696
v -5.2 0.617188 1300.4
vn -0.213116 -0.974935 0.063904
v -5 0.620313 1300.4
vn -0.492482 -0.771838 0.402154
v -4.15 0.4 1302
vn -0.235931 -0.968089 0.0844971
v -4.2 0.6 1302.25
vn -0.577529 -0.629828 0.519401
v -3.67667 0.8 1305.8
vn 0.329064 -0.845681 -0.420168
v -5.2 0.760938 1310.4
vn 0.0566011 -0.997795 -0.0346643
v -5.2 0.957813 1310.8
vn -0.425352 -0.811511 0.400657
v -4.94333 0.8 1310.8
vn -0.41068 -0.780865 0.470736
v -4.8 0.835938 1311
vn -0.257191 -0.92532 0.27863
v -4.8 0.954688 1311.2
vn 0.543326 -0.662867 -0.515174
v -4.6 0.735938 1311
vn -0.268008 -0.907399 0.323725
v -4.4 0.904688 1311.4
vn -0.00797815 -0.997239 -0.0738311
v -4.22157 1 1311.2
vn -0.0405273 -0.999168 0.00452442
v -3.8 0.942188 1312.4
vn 0.142703 -0.983245 -0.113428
v -4.8 0.460938 1315.6
vn 0.0918171 -0.988537 -0.119851
v -4 0.8 1314.9
vn -0.0018493 -0.998376 -0.0569295
v -3.8 0.820313 1314.8
vn 0.273527 -0.937736 -0.214088
v -4.2 0.4025 1318.8
vn 0.0040553 -0.998587 -0.0529899
v -3.6647 0.4 1319.6
vn 0.118108 0.992517 0.0310059
v -4.8 1.83281 1326.2
vn -0.263036 0.89276 0.365776
v -4 1.55156 1327.4
vn 0.317374 0.947084 -0.0480088
v -4.2 1.84844 1328.2
vn -0.0868655 0.974278 0.207935
v -5 1.84219 1329.4
vn 0.0988186 0.992048 0.0779501
v -4 1.23594 1332
vn -0.125246 0.967197 0.221006
v -4 0.485938 1335.4
vn 0.198165 0.978123 -0.063291
v -4 3.54531 1295.8
vn -0.11039 0.986214 0.123269
v -4.4 3.51406 1317.4
vn -0.123262 0.98649 0.107907
v -4.2 3.56094 1317.2
vn -0.057581 0.995572 0.0743028
v -4.4 3.04531 1319.2
vn 0.228362 0.962102 -0.149031
v -4.40909 3 1319.8
vn 0.0997315 0.989241 0.107033
v -4.2 3.2 1320.55
vn -0.0186041 0.997339 0.0704854
v -5.2 3.2 1321.93
vn 0.0889257 0.99563 0.0285167
v -4.4 3.09844 1321.4
vn 0.122078 0.992498 0.0066663
v -4.2 3.12586 1321.8
vn -0.469763 0.717126 0.514833
v -4.32969 2.2 1326.2
vn 0.520746 0.77411 -0.359969
v -5 3.73281 1293.8
vn 0.552346 0.750868 -0.362092
v -4.6 3.77031 1295.4
vn 0.245123 0.96114 -0.126985
v -4.8 3.70781 1297
vn -0.353951 0.880007 0.316711
v -4.57796 3.8 1297
vn 0.205231 0.971514 -0.118497
v -4.6 3.72344 1297.4
vn 0.784363 0.202028 -0.586481
v -4.52031 4 1297.6
vn -0.217741 0.955373 0.199627
v -4.4 3.70156 1297.4
vn 0.415248 0.895667 -0.159213
v -5.2 4.2 1299.42
vn 0.178065 0.982565 -0.0534785
v -4.4 4.54844 1299
vn 0.345134 0.938477 -0.0119762
v -4.2 3.84219 1300.2
vn -0.314673 0.875177 0.367486
v -3.73409 4.2 1300.4
vn -0.32977 0.91017 0.250683
v -5.2 4.62031 1302
vn 0.103284 0.994141 0.0318861
v -4.6 4.71406 1302.2
vn -0.0123161 0.998791 0.0475846
v -4.4 4.39531 1304
vn 0.262247 0.964524 -0.0303429
v -3.64531 4.4 1303.8
vn 0.137446 0.990504 0.00310577
v -4.2 4.4 1305.36
vn -0.095189 0.991097 0.0930854
v -5 4.54038 1307.6
vn 0.285513 0.958356 -0.00601936
v -4.2 4.42969 1307
vn 0.350807 0.934892 -0.0539531
v -4 3.92656 1309.8
vn 0.462164 0.841259 -0.280513
v -5.2 4.2 1311.43
vn -0.0264337 0.972519 0.231319
v -4.8 4.03594 1311.4
vn 0.311569 0.949763 0.0295705
v -4 4.15283 1311
vn 0.538395 0.841657 -0.0417675
v -3.8 4 1311.13
vn 0.147627 0.975189 -0.16496
v -3.8 3.94531 1312.6
vn -0.286149 0.90614 0.311494
v -4 4.2 1314.62
vn 0.477907 0.788746 -0.386633
v -5.2 3.70469 1316.8
vn -0.555743 0.733814 0.390726
v -4 3.60303 1319
vn -0.0138287 -0.957364 -0.288554
v -2.2 -16.8 1371.92
vn -0.566904 -0.678858 -0.46666
v -2.2 -16.6 1371.69
vn -0.429137 -0.845303 -0.318282
v -3.4025 -15.8 1372.8
vn -0.682112 -0.721235 0.120599
v -3.48906 -15.8 1373.2
vn -0.48187 -0.790025 -0.379028
v -2.84844 -16.2 1373
vn -0.926286 -0.357765 0.118315
v -2.76406 -16.6 1373
vn -0.485696 -0.643003 -0.592154
v -2.6 -17 1372.41
vn -0.888037 -0.456773 0.0524301
v -2.6 -16.919 1373
vn 0.0779552 -0.981831 -0.173008
v -2.4 -16.9703 1372.4
vn -0.107948 -0.993635 0.0321859
v -2.4 -16.9859 1373
vn -0.787232 -0.51461 0.339766
v -3.39844 -15.8 1374.2
vn -0.725005 -0.548295 0.416822
v -3 -15.737 1374.8
vn -0.640594 -0.760989 0.102637
v -2.6 -16.827 1374
vn -0.463788 -0.852211 0.242151
v -2.4 -16.9672 1374
vn -0.504277 -0.780968 0.368501
v -2.4 -16.8016 1374.4
vn -0.784935 -0.442998 -0.433162
v -2.6 -16.2 1377.12
vn 0.00172679 0.0921556 -0.995743
v -2.6 -15.8 1377.1
vn -0.788016 -0.59012 -0.175467
v -2.21406 -16.6 1376
vn -0.00443846 -0.502995 -0.864278
v -2.4 -16.2 1377.11
vn 0.00142031 -0.485741 -0.874102
v -2.29048 -16 1377
vn -0.8003 -0.562833 -0.206736
v -2.53269 -16.4 1377.4
vn -0.167182 -0.685621 -0.708501
v -2.4 -16.3462 1377.2
vn -0.317747 -0.732142 -0.602499
v -2.2 -16.5689 1377.4
vn -0.282844 -0.6502 -0.705151
v -2.2 -16.3457 1377.2
vn -0.605014 -0.581237 0.54417
v -2.2 -16.4 1377.82
vn -0.0355383 -0.697385 -0.715815
v -3.6 -14.0022 1369
vn -0.756231 -0.54321 -0.364744
v -2.09219 -15 1368.8
vn -0.31895 -0.857458 -0.403777
v -3.6 -14.2 1369.29
vn -0.353912 -0.763207 -0.540612
v -3.6 -14.0759 1369.8
vn -0.442185 -0.894265 -0.0690081
v -3.2 -14.4375 1369.8
vn -0.287312 -0.820505 -0.494189
v -3.2 -14.4 1369.31
vn -0.73842 -0.627932 -0.245839
v -3 -14.6818 1370.2
vn -0.787553 -0.59148 -0.17295
v -2.8 -15.0792 1370.2
vn -0.69803 -0.604485 -0.383865
v -2.2 -15.6 1369.95
vn -0.500051 -0.724396 -0.474552
v -3.6 -15.15 1371.4
vn -0.416027 -0.72927 -0.54322
v -3.2 -15.1641 1371
vn -0.709996 -0.701232 0.0646517
v -2.99219 -15.6 1375.2
vn -0.575692 -0.800392 0.167189
v -3.6 -14.9109 1375.8
vn 0.163206 -0.862224 -0.479513
v -3.6 -14.8953 1376.2
vn 0.370616 -0.58247 -0.723445
v -3.4 -15.1246 1376.6
vn 0.225716 -0.864743 -0.448632
v -3.4 -15 1376.43
vn -0.750694 -0.620623 0.226465
v -3.14219 -15.4 1375.8
vn -0.224431 -0.973747 0.0380463
v -3.2 -14.9797 1376.4
vn 0.430751 -0.481642 -0.7632
v -3.2 -15 1376.64
vn -0.757653 -0.629705 0.171562
v -2.94844 -15.2 1376.4
vn -0.717871 -0.293986 -0.631058
v -2.8 -15.6 1377.06
vn 0.367518 0.212221 -0.905479
v -2.6 -15.6 1377.15
vn -0.410903 -0.680943 0.606197
v -3.6 -14.6 1377.65
vn 0.251499 -0.941576 0.224017
v -3.6 -14.4 1377.86
vn -0.59733 -0.408215 0.690331
v -3.4 -14.6 1377.82
vn 0.577801 -0.407262 0.707307
v -3.4 -14.2 1377.85
vn -0.784935 -0.442998 -0.433162
v -3.09531 -15.6 1377.4
vn -0.687359 -0.0902263 0.720692
v -3 -14.6 1378.18
vn 0.267348 0.480006 0.835535
v -2.6 -14.6 1378.71
vn -0.785094 -0.470965 -0.402268
v -2.8 -13 1351.4
vn -0.899491 -0.43371 -0.053026
v -2.90781 -13.4 1352.4
vn -0.890745 -0.415932 -0.183231
v -3 -13.1125 1352
vn -0.787083 -0.607955 -0.104356
v -2.8 -13.6 1352.5
vn -0.903538 -0.428257 0.0146611
v -2.88906 -13.4 1353.2
vn 0.615908 -0.73966 -0.271222
v -2.4 -13.6141 1353.6
vn -0.679163 -0.724035 0.120464
v -2.4 -13.7256 1354
vn -0.73442 -0.642109 -0.219825
v -2.4 -12.5794 1365.2
vn -0.782858 -0.37612 0.495648
v -3.6 -13.9927 1369.4
vn -0.780401 -0.535524 0.322784
v -3.48281 -14 1369.6
vn 0.590578 0.806873 -0.0131705
v -2.60156 -12.6 1375.4
vn -0.0282035 0.95992 0.27885
v -3 -12.5141 1375.8
vn 0.305601 0.927096 0.217028
v -3 -12.6 1376.12
vn 0.103125 0.917436 0.384286
v -2.8 -12.7672 1376.6
vn 0.116605 0.984564 0.130525
v -2.8 -12.4703 1375.8
vn -0.137223 0.952938 0.270332
v -2.8 -12.4984 1376
vn 0.359857 0.916893 0.172659
v -2.6 -12.5047 1376
vn 0.519784 0.839204 0.159879
v -2.16406 -13 1376.8
vn 0.341538 0.405739 0.847778
v -3.6 -13.6 1377.72
vn -0.424047 0.507495 0.750089
v -3.4 -12.8078 1377.6
vn 0.309771 0.909934 0.275794
v -3.4 -12.7453 1377.4
vn -0.313899 0.298219 0.901406
v -3.2 -13.2 1377.84
vn -0.702972 0.124415 0.700251
v -2.8 -13.5655 1378.2
vn 0.366348 0.749212 0.551789
v -2.78571 -13.2 1377.8
vn 0.416518 0.552543 0.721948
v -2.6 -13.7203 1378.2
vn 0.543311 0.627904 0.557269
v -2.4 -13.5177 1377.8
vn 0.196312 0.860269 0.470531
v -2.4 -13.2359 1377.4
vn 0.0328214 0.895191 0.444472
v -2.2 -13.1078 1377.2
vn -0.835356 -0.458629 -0.303052
v -3.6 -11 1351.5
vn -0.857268 -0.335106 -0.390891
v -3.17031 -12.2 1351.4
vn -0.106418 -0.774149 -0.623994
v -2.6 -12 1350.33
vn 0.369147 -0.802667 -0.468462
v -2.4 -12.0859 1350.4
vn -0.940997 -0.194425 0.276989
v -3.14068 -11.8 1353.2
vn -0.941473 -0.22673 0.249442
v -3.05156 -11.8 1353.6
vn -0.889184 -0.191961 0.415334
v -3 -11.6 1353.82
vn -0.854377 -0.208001 0.47621
v -2.8 -12.4 1354.14
vn -0.852862 -0.487674 0.186549
v -2.35469 -11.4 1355.8
vn -0.824557 -0.190195 0.532853
v -2.2 -11.6277 1355.2
vn -0.868959 -0.390582 0.303899
v -2.03281 -11 1362
vn -0.613549 -0.692462 -0.379545
v -2.8 -11.4797 1364.2
vn -0.564624 -0.76906 -0.299578
v -2.6 -11.6234 1363.8
vn -0.838998 -0.458559 -0.292927
v -2.6 -11.8 1364.13
vn -0.416951 -0.856076 -0.305427
v -2.50156 -11.6 1363.6
vn -0.518039 -0.685128 -0.512089
v -2.4836 -11.4 1363
vn -0.925966 -0.334507 0.175195
v -2.29219 -12 1363.8
vn -0.464135 -0.610542 -0.64173
v -2.4 -12 1364.3
vn -0.941885 -0.274351 0.193867
v -2.03906 -12.4 1364.2
vn -0.320468 -0.753421 -0.574158
v -2.2 -11.9726 1364.2
vn -0.385496 -0.782503 -0.488959
v -3.6 -11.3172 1364.6
vn -0.544464 -0.734065 -0.405843
v -2.8 -12.3349 1365.8
vn -0.603368 -0.634742 -0.482752
v -2.7339 -12.2 1365
vn -0.674205 -0.601582 -0.428423
v -2.39821 -12.4 1364.6
vn -0.764337 -0.51892 -0.382768
v -2.2 -12.3105 1364.4
vn -0.284109 0.745507 0.602911
v -2.6 -11.2047 1371.4
vn 0.795505 0.595574 -0.111644
v -2.11406 -11.4 1370.8
vn 0.102921 0.893052 0.438025
v -2.2 -11.2 1371.47
vn 0.25032 0.906001 0.341323
v -3.4 -11.3047 1372.4
vn 0.704582 0.70805 -0.047212
v -2.96031 -11.4 1372.4
vn -0.17815 0.870955 0.457929
v -2.6 -11.9516 1373.6
vn 0.202665 0.934924 0.291281
v -2.4 -11.8953 1373.6
vn 0.181269 0.925362 0.332936
v -2.8 -12.3629 1374.4
vn -0.131713 0.927647 0.349462
v -2.2 -12.2 1374.43
vn -0.760195 -0.558934 -0.331204
v -2.2 -9.45 1347.8
vn -0.691392 -0.486935 -0.533734
v -3.16094 -10 1349.8
vn -0.699547 -0.644478 -0.308677
v -2.90317 -9.6 1348.4
vn -0.0272747 -0.648538 -0.760693
v -2.4 -9.91714 1348.6
vn -0.630766 -0.4587 -0.625882
v -2.2 -10.2 1348.81
vn -0.815991 -0.347906 0.461651
v -2.65666 -10.8 1355.8
vn -0.682544 -0.726618 0.07848
v -3.31094 -9.4 1357.2
vn -0.711659 -0.693921 -0.109615
v -3.2 -9.6 1356.8
vn -0.573009 -0.819394 0.0159315
v -3.16094 -9.4 1357.6
vn -0.721414 -0.669044 0.178721
v -2.6 -10.3297 1357.2
vn -0.503415 -0.793006 -0.343097
v -2.39508 -10.2 1356.8
vn -0.826495 -0.394968 0.401132
v -2.15781 -10.6 1356.8
vn -0.6644 -0.73833 -0.115934
v -3.22969 -9.6 1359.4
vn -0.585477 -0.809809 -0.0377551
v -2.8 -9.89245 1358.8
vn -0.741292 -0.667747 0.067827
v -2.12969 -10.4 1358.4
vn -0.345318 -0.910487 -0.227529
v -3.6 -9.55469 1360.6
vn -0.53982 -0.841446 -0.0237497
v -3.2 -9.8 1360.39
vn -0.512322 -0.824181 -0.241355
v -2.8 -10.1081 1359.6
vn -0.452615 -0.846442 -0.280491
v -2.6 -10.0734 1360.4
vn -0.537365 -0.831148 -0.142942
v -2.6 -10.2 1360.82
vn -0.774361 -0.43842 0.456238
v -2.38594 -10.2 1360.2
vn -0.519606 -0.807542 -0.279079
v -3.4 -10.5391 1362.6
vn -0.823316 -0.470053 0.31812
v -2.30156 -10.8 1361.6
vn -0.592623 -0.725395 -0.350143
v -2.4 -10.4172 1361.2
vn 0.699965 0.713225 -0.0368606
v -3.4 -9.74531 1367.4
vn -0.0112927 0.788161 0.615365
v -2.8 -9.66719 1367
vn -0.0787947 0.737045 0.671234
v -2.2 -9.8 1367.37
vn 0.626118 0.773192 0.10075
v -3.47969 -9.6 1367.8
vn 0.218413 0.831995 0.50998
v -2.6 -10.4 1367.98
vn 0.435406 0.832378 0.342883
v -2.4 -10.7889 1368.6
vn 0.227515 0.913594 0.337022
v -3 -10.4547 1370.2
vn -0.0862063 0.82431 0.559537
v -2.8 -10.8 1370.9
vn 0.116965 -0.757597 -0.642157
v -3.4 -8.48594 1347.2
vn -0.017027 -0.773309 -0.6338
v -3 -8.40588 1347.2
vn 0.0602253 -0.681621 -0.729222
v -2.8 -9.2 1347.95
vn -0.467223 -0.755912 -0.458585
v -2.67031 -8.4 1347
vn 0.127679 -0.619758 -0.774337
v -2.4 -9.13594 1348
vn -0.789476 -0.586887 0.179698
v -3.6 -8.46719 1348.6
vn -0.749863 -0.658022 -0.0686426
v -3.57031 -9.2 1355.2
vn 0.448284 0.888339 0.0994726
v -2.7371 -8.4 1364.8
vn -0.190831 0.795425 0.575224
v -2.6 -8.6 1365.87
vn -0.201909 0.773279 0.601059
v -3 -8.93281 1366.2
vn -0.0352683 0.764434 0.643737
v -2.2 -9 1366.43
vn -0.344011 -0.893782 -0.287766
v -3.6 -7.17031 1344.6
vn -0.117407 -0.920426 -0.37287
v -3.6 -6.91406 1344
vn -0.0447543 -0.902794 -0.427738
v -3.2 -7.29844 1344.8
vn -0.522272 -0.839706 -0.148746
v -3.32702 -7.4 1345.2
vn 0.0717675 -0.863425 -0.499346
v -3.4 -7.32344 1345.6
vn 0.0484621 0.943654 0.327367
v -3.2 -6.11094 1359
vn -0.0472521 0.85102 0.523003
v -2.2 -6.39508 1359.6
vn 0.604249 0.796679 0.0136464
v -2.8 -7.08906 1362.4
vn 0.570888 0.81965 0.0475407
v -2.6 -7.2 1361.53
vn 0.0455895 0.886485 0.460506
v -2.4 -7.15156 1361.4
vn 0.0304067 0.873844 0.485255
v -2.4 -7.47903 1363.4
vn 0.194027 -0.930432 -0.310884
v -3.6 -5.09531 1339.8
vn 0.362152 -0.787527 -0.498645
v -3.6 -5.2 1340.08
vn 0.318488 -0.825294 -0.46632
v -3 -5.34 1340.8
vn 0.125324 -0.923684 -0.362081
v -2.6 -5.28906 1340.8
vn 0.00256 0.952107 0.305754
v -3.19545 -4.8 1354.4
vn 0.341474 0.929154 -0.141666
v -2.2 -4.52344 1353.8
vn 0.0682485 0.962218 0.263588
v -2.2 -4.56719 1354.6
vn -0.0405724 0.965857 0.25588
v -3.6 -5.27031 1356.2
vn 0.115382 0.973359 0.198139
v -3.2 -4.89531 1355
vn 0.356973 0.926107 0.122051
v -2.63261 -5.2 1355.6
vn 0.402429 0.903827 0.145424
v -2.2 -5.44219 1356.2
vn 0.227204 0.941073 0.25052
v -2.6 -5.31719 1356.8
vn 0.454482 0.883395 0.114273
v -2.33051 -5.4 1356.4
vn 0.0293167 0.940978 0.337195
v -2.2 -5.77969 1357.8
vn -0.590398 -0.757635 -0.278243
v -3 -2.8675 1326.2
vn -0.636102 -0.768033 0.0741604
v -2.4 -3.55079 1327
vn -0.349183 -0.812102 -0.467506
v -2.4 -3.34444 1326.4
vn -0.499746 -0.847296 0.179841
v -2.2 -3.62632 1327.2
vn -0.676332 -0.682045 0.27819
v -2.2 -3.41406 1328.2
vn 0.544774 -0.824627 0.152352
v -2.04844 -3.4 1327.8
vn 0.276629 -0.84998 -0.448342
v -2.4 -3.21094 1336.8
vn 0.176199 -0.933248 -0.313053
v -3.2 -3.80682 1337.8
vn -0.09645 -0.982449 -0.159663
v -3 -3.8 1337.52
vn 0.285449 -0.870658 -0.400593
v -2.8 -3.78594 1337.4
vn -0.162255 0.804336 0.571591
v -2.6 -2.97969 1345.2
vn 0.527155 0.836106 0.151772
v -2.17969 -3.4 1346.6
vn 0.749577 0.653768 -0.103549
v -2.17659 -3.2 1347
vn 0.520572 0.841034 0.147195
v -2.2 -3.2 1348.14
vn -0.0788997 0.981212 0.176062
v -3.6 -3.67969 1349.2
vn 0.0967831 0.966224 0.238841
v -3 -3.8 1349.15
vn -0.441719 0.670148 0.596478
v -2.8 -3.4 1348.7
vn -0.256658 0.830046 0.495126
v -2.6 -3.30172 1348.8
vn -0.392768 0.688995 0.609114
v -2.4 -3.88594 1349.4
vn -0.0938625 0.697473 0.710437
v -2.2 -3.45156 1349
vn -0.0805015 0.960036 0.268049
v -3.4 -4.13906 1351.2
vn -0.26357 0.915775 0.303128
v -3 -3.81719 1350.4
vn 0.153762 0.987833 0.0232936
v -3 -3.66406 1350
vn 0.558911 0.821039 -0.116246
v -2.6 -3.8 1350.45
vn -0.00171789 0.927231 0.374486
v -2.6 -3.8 1350.61
vn 0.524762 0.849751 -0.050485
v -2.17096 -4.2 1350.4
vn 0.0324782 0.966881 0.253152
v -3.6 -4.18594 1352.8
vn 0.363945 0.913753 -0.180553
v -3 -4.37656 1353
vn 0.195911 0.955867 0.218945
v -2.6 -4.36406 1352
vn 0.0425477 0.989664 0.136947
v -3.2 -4.33594 1353.2
vn 0.0637839 0.996625 0.0516819
v -3 -4.33594 1353.4
vn -0.0108746 -0.723519 -0.690219
v -2.40789 -1.6 1324
vn 0.678507 -0.682272 -0.272274
v -2.18281 -1.6 1324.2
vn 0.026505 -0.927434 -0.373046
v -2.07436 -1.4 1323.4
vn -0.645542 -0.560215 0.519072
v -3.6 -1.90926 1325.2
vn -0.283068 -0.800715 -0.527946
v -2.8 -2.25156 1325
vn 0.765386 -0.532133 -0.361965
v -2.24844 -1.8 1324.4
vn -0.61152 -0.789542 0.0516407
v -3.37586 -2.6 1327.2
vn -0.669327 -0.68645 0.284232
v -3.52586 -2.4 1327.6
vn -0.657428 -0.705757 0.263998
v -2.93387 -2.8 1327.6
vn 0.56397 -0.690853 0.452393
v -3.4 -1.75833 1330.6
vn -0.144267 -0.876354 0.459555
v -3.2 -1.726 1330.4
vn 0.642356 -0.525939 0.557465
v -3.2 -1.51406 1330.6
vn -0.153302 -0.977224 0.146737
v -2.78834 -2.2 1329.2
vn 0.753522 -0.616626 -0.227986
v -3.2 -1.6 1330.83
vn -0.144387 -0.919692 0.365128
v -2.55263 -1.6 1331
vn 0.322953 -0.916838 -0.234755
v -3.2 -2.6 1333.8
vn 0.469914 -0.85599 -0.215549
v -3 -2.4 1333.65
vn 0.151723 -0.9849 -0.083374
v -2.86923 -2.6 1334.4
vn 0.304397 -0.951889 -0.0353568
v -2.6 -2.33906 1335
vn -0.114509 0.855212 0.505471
v -3.2 -1.455 1341.6
vn 0.0539468 0.950631 0.305598
v -2.6 -1.39219 1341.4
vn -0.0269166 0.859447 0.510516
v -2.2 -1.67344 1341.2
vn 0.675137 0.729976 -0.106421
v -2.03594 -1.8 1341.6
vn 0.344053 0.883691 0.317361
v -2.2 -1.25438 1340.4
vn -0.00733284 0.87379 0.486249
v -2.2 -1.4 1340.74
vn 0.415917 0.901219 0.121724
v -3.2 -1.78906 1342
vn 0.445127 0.895406 0.010494
v -3 -1.89844 1342.4
vn 0.431166 0.898727 0.0799051
v -3 -1.90781 1343.2
vn -0.0522347 0.917618 0.394016
v -2.92424 -1.8 1342.2
vn 0.662885 0.731793 0.158309
v -2.55763 -2.2 1343.2
vn 0.295429 0.853486 0.429282
v -2.4 -2.18594 1342.8
vn -0.159621 0.814171 0.558254
v -3.6 -2.08594 1343.6
vn 0.814577 0.516279 -0.264424
v -3.2 -2.6 1345.02
vn -0.310851 0.743581 0.591997
v -2.41363 -2.8 1345
vn 0.728499 0.682608 -0.0577555
v -2.6 -2.18281 1343.6
vn 0.83098 0.523108 -0.189288
v -2.26719 -2.6 1343.8
vn 0.741625 0.653184 0.152786
v -2.2 -2.75882 1343.6
vn -0.253232 0.817781 0.516824
v -2.2 -2.66406 1345
vn 0.359598 0.917013 0.172559
v -2.2 -2.44531 1344.6
vn 0.126162 -0.963963 -0.234219
v -3.4 0.123438 1297
vn -0.680713 -0.710089 0.180009
v -3.4 0.229688 1298.2
vn -0.19279 -0.942808 -0.271928
v -3 -0.132812 1298.4
vn 0.289827 -0.779683 -0.555063
v -2.2 -0.032812 1298
vn -0.689818 -0.723698 0.0203135
v -2.4 -0.606668 1299.4
vn -0.137954 -0.857051 -0.49642
v -2.4 -0.523437 1298.8
vn -0.707175 -0.570905 0.417099
v -2.82656 -0.4 1301.6
vn -0.183549 -0.977015 -0.108406
v -3.4 0.2 1302.28
vn -0.559983 -0.743244 0.36607
v -2.8 -0.023809 1303.4
vn -0.159777 -0.954303 -0.252543
v -2.6 -0.2 1303.29
vn -0.707175 -0.570905 0.417099
v -2.44167 0 1302.8
vn -0.0987875 -0.914091 -0.393293
v -2.57368 0 1303
vn -0.429155 -0.882742 -0.19129
v -2.2 -0.314062 1303.4
vn 0.177802 -0.976846 -0.118988
v -2.8 0.2 1320.9
vn -0.290373 -0.956565 0.0258266
v -2.6 0.139063 1320.8
vn -0.122725 -0.979631 -0.158939
v -2.4 0.076563 1320.8
vn -0.051087 -0.846906 -0.529284
v -3.2 -0.660937 1322.4
vn -0.711427 -0.664427 0.228929
v -3.2 -0.569091 1322.6
vn -0.0405452 -0.853314 -0.519818
v -3.2 -0.160937 1321.6
vn -0.0488431 -0.884095 -0.464749
v -2.2 -0.082812 1321.4
vn -0.629759 -0.770741 -0.0967601
v -2.98281 -0.8 1322.8
vn -0.237539 -0.887211 -0.395516
v -2.4 -1.17344 1323
vn 0.668125 0.742831 -0.0425597
v -2.06 -0.2 1334.8
vn -0.774021 0.398639 0.491913
v -3.6 -0.048437 1337.4
vn 0.0190431 0.948966 0.314804
v -3.2 -0.364062 1338.6
vn -0.26079 0.865138 0.428399
v -2.6 -0.322952 1338.6
vn 0.0230214 0.985966 0.165354
v -2.4 -0.2 1338.12
vn -0.0660648 0.976657 0.204392
v -2.31094 -0.2 1338.4
vn -0.454178 0.629282 0.630655
v -2.42391 -0.4 1338.8
vn -0.0492096 0.718215 0.694079
v -2.4 -0.889062 1339.2
vn -0.273181 0.817753 0.506608
v -2.2 -0.306558 1338.8
vn 0.574185 -0.59332 -0.564165
v -3.4 0.6 1296.2
vn -0.489212 -0.673631 0.553979
v -2.24237 0.4 1307
vn -0.0537344 -0.998321 -0.0216159
v -2.8 0.901563 1313.2
vn 0.00461649 -0.999008 -0.0442889
v -3.4 0.8 1314.84
vn 0.082998 -0.988083 -0.129625
v -3.2 0.595313 1316.6
vn -0.167847 -0.96893 0.181663
v -3.4 0.460938 1318.6
vn -0.167847 -0.96893 0.181663
v -3.4 0.535938 1319
vn 0.355143 0.934359 -0.029086
v -3.6 1.63906 1328.8
vn -0.105604 0.989394 0.0997317
v -3.4 1.67969 1329
vn 0.433393 0.844731 -0.314007
v -2.81406 1.4 1329
vn 0.437583 0.855645 -0.276392
v -2.6 1.32031 1329
vn 0.280713 0.959776 -0.00543345
v -3.6 1.58281 1329.2
vn 0.41468 0.856393 -0.307623
v -2.66216 1.6 1329.6
vn -0.381688 0.781596 0.493379
v -2.2 1.34445 1329.2
vn -0.227028 0.909432 0.348412
v -2.2 1.49844 1330.2
vn 0.106426 0.986036 0.128084
v -3.4 1.64844 1330.8
vn -0.612391 0.571399 0.546334
v -2.8 1.11719 1332.2
vn -0.397718 0.833566 0.38339
v -2.8 1.24844 1332
vn 0.0773515 0.9901 0.11713
v -2.8 1.60156 1330.8
vn 0.0795258 0.946133 0.313861
v -2.20469 1.2 1331.2
vn 0.0538073 0.964833 0.257296
v -3 0.954688 1333.8
vn -0.772326 0.211849 0.59886
v -2.2 1.2 1332.91
vn -0.74317 0.479307 0.466865
v -2.2 1.46719 1332.8
vn 0.185381 0.954149 0.235017
v -2.6 0.414063 1335.2
vn -0.125469 0.947509 0.294084
v -3.2 0.470313 1335.6
vn 0.732074 -0.312639 -0.605247
v -3.4 2.2 1294.98
vn 0.0452942 0.997376 0.0564803
v -3.6 3.50469 1296.2
vn 0.356514 0.925237 -0.12975
v -2.8 3.4 1297.87
vn 0.0223719 0.996918 0.0751927
v -2.4 3.37031 1297.6
vn 0.832644 0.417733 -0.363597
v -2.2 3.40857 1299.4
vn 0.634983 0.738683 -0.22615
v -2.2 3.54844 1315.8
vn -0.244095 0.944781 0.218649
v -3 3.57969 1317.4
vn 0.323703 0.945596 0.0326345
v -2.2 3.53281 1320.4
vn 0.291229 0.9007 -0.322375
v -2.8 3.05238 1321.4
vn 0.283242 0.956904 -0.0640974
v -3.4 2.33906 1325.4
vn -0.429853 0.7755 0.462413
v -3 2.4 1325.55
vn 0.275175 0.960265 0.0465922
v -2.8 2.85781 1325
vn 0.353829 0.935177 -0.0157561
v -2.14531 2.6 1324.4
vn 0.575687 0.782469 -0.237334
v -3.2 2.31587 1326
vn 0.699369 0.630661 -0.336379
v -3 2.4 1326.56
vn -0.139498 0.91266 0.384177
v -2.79032 2 1326.4
vn -0.399269 0.757194 0.516955
v -2.23965 2 1326.6
vn 0.0215217 0.997154 0.0722487
v -2.8 3.8 1298.71
vn 0.504795 0.808127 -0.303501
v -3.40179 4 1299.2
vn -0.0094165 0.998436 0.0550997
v -2.80469 3.6 1300
vn -0.306854 0.912536 0.270406
v -2.8 3.63906 1299.6
vn -0.330634 0.874294 0.355375
v -2.6 3.65469 1299.8
vn -0.428682 0.810122 0.399916
v -2.6 3.8 1299.5
vn 0.0547346 0.986044 0.15723
v -2.365 3.6 1300.2
vn 0.0280931 0.978193 0.205788
v -2.2 3.67656 1300
vn -0.0549631 0.982139 0.179951
v -3.2 3.75156 1301
vn -0.516104 0.723203 0.458927
v -2.67593 3.8 1301.6
vn 0.602299 0.778314 -0.177378
v -2.6 4 1300.79
vn 0.493889 0.860955 -0.121783
v -2.6 4.08594 1301.4
vn -0.457826 0.753011 0.47262
v -2.4 3.84219 1301.8
vn 0.704752 0.677761 -0.209677
v -2.2 3.85556 1301.8
vn 0.394706 0.890716 -0.225461
v -2.2 3.65192 1302.6
vn 0.434315 0.887286 -0.155221
v -3.29245 4.4 1304.8
vn 0.0986928 0.995091 0.00737527
v -3.4 4.49531 1305
vn 0.239765 0.969273 0.0549809
v -2.8 4.14219 1304.8
vn -0.115463 0.976704 0.180882
v -3 4.35469 1306
vn 0.458805 0.879282 -0.127913
v -2.8 4.3717 1306
vn 0.0287143 0.992329 0.120247
v -3.4 4.27969 1307.6
vn -0.0850031 0.969393 0.230331
v -2.2 4.09219 1307.4
vn -0.110621 0.989111 0.0970648
v -3.6 4.52031 1309.4
vn -0.0663082 0.943618 0.324329
v -3 4.03281 1308.4
vn -0.13467 0.977393 0.162994
v -2.775 4.2 1308.4
vn -0.225691 0.938301 0.26202
v -2.946 4 1310.8
vn -0.198188 0.917663 0.344408
v -2.2 3.93594 1311.4
vn -0.0041184 0.962038 0.272884
v -3.4 3.70156 1312.6
vn 0.431237 0.902181 -0.0101912
v -3.4 3.81406 1311.6
vn 0.620219 0.716228 -0.319915
v -3.6 4.31406 1314.2
vn -0.30574 0.93628 0.172923
v -3.4 3.92031 1313.4
vn 0.659808 0.690775 -0.295776
v -3.4 4.11463 1314.2
vn -0.0963534 0.992402 0.0765177
v -3 3.87656 1314.4
vn -0.39201 0.895594 0.210331
v -3 4.04844 1313.6
vn 0.276046 0.945228 -0.174192
v -2.73148 4 1313.6
vn -0.281409 0.911285 0.300615
v -3 3.86094 1316.2
vn 0.690617 0.598881 -0.405449
v -2.8 4 1315.34
vn -0.0861772 0.975251 0.203614
v -2.8 4.10156 1315.6
vn 0.783457 0.442984 -0.435844
v -2.6 3.8 1315.52
vn 0.772397 0.463258 -0.434506
v -2.44844 3.8 1315.8
vn 0.815667 0.107477 -0.568451
v -2.57344 4 1315.6
vn 0.37948 0.925076 -0.0151406
v -2.6 4.03281 1316
vn -0.624389 0.563615 0.54081
v -3.4 3.86719 1317.8
vn -0.281 0.919161 0.276012
v -2.8 3.85156 1316.4
vn -0.29851 0.943063 0.14671
v -2.4 3.8 1317.36
vn 0.301751 0.932427 -0.198813
v -3.58437 3.8 1319
vn -0.558237 0.745763 0.363605
v -2.6 3.68594 1319.4
vn -0.421551 0.889519 0.17621
v -2.6 3.87031 1321
vn -0.67482 -0.724844 0.138635
v -1.32712 -17.6 1369.8
vn -0.841955 -0.427255 -0.329491
v -1.4 -17.2052 1369.2
vn -0.724984 -0.612535 -0.314959
v -1.2 -17.6 1369.51
vn -0.0993806 -0.993644 0.0528697
v -0.901561 -17.6 1370.6
vn -0.509636 -0.857596 0.0692862
v -0.799999 -17.2109 1374.4
vn -0.526933 -0.847767 -0.0602713
v -0.599999 -17.2984 1375.4
vn -0.830589 -0.410601 -0.376203
v -0.876561 -17.6 1378.2
vn -0.839255 -0.375924 -0.392852
v -0.989061 -17.6 1378.4
vn -0.676558 -0.654126 -0.338215
v -0.602324 -18 1378.4
vn -0.763528 -0.641226 -0.0765144
v -0.799999 -17.4968 1377.8
vn 0 -1 0
v -0.512499 -18 1378.6
vn -0.688151 -0.670648 -0.276911
v -0.599999 -17.6922 1377.8
vn -0.808138 -0.439342 -0.39229
v -1.4 -16 1368.29
vn 0.0207689 -0.670901 -0.741256
v -1.2 -16.7571 1368.8
vn -0.644538 -0.599152 -0.474961
v -1.2 -16.1422 1368.2
vn 0.88316 -0.370123 -0.288161
v -0.999999 -16.0346 1368.4
vn -0.928764 -0.342384 -0.142026
v -1.66094 -16.8 1370.4
vn -0.744602 -0.642875 -0.179665
v -1.96557 -16.8 1371.4
vn -0.349706 -0.701689 -0.620756
v -2 -16.8 1371.81
vn -0.232061 -0.971407 -0.0501611
v -1.8 -16.9203 1372.2
vn -0.783267 -0.618078 -0.066873
v -1.6 -17.1547 1370.8
vn -0.0906626 -0.987327 0.130254
v -2 -16.9078 1374.4
vn -0.666317 -0.639125 0.384111
v -1.6 -16.8359 1375.4
vn 0.870012 -0.460305 -0.176634
v -0.517186 -17 1374.4
vn -0.475547 -0.511023 -0.716038
v -2 -16.9932 1376
vn -0.54999 -0.538295 -0.638552
v -1.90652 -16.8 1375.8
vn -0.813386 -0.547809 0.195723
v -2 -16.3939 1377
vn -0.114861 -0.973567 -0.19742
v -1.6 -16.9266 1375.8
vn -0.499674 -0.757141 0.420788
v -1.6 -16.9266 1376.4
vn -0.581874 -0.800488 -0.143675
v -1.6 -16.6078 1377
vn -0.588992 -0.807479 -0.0326526
v -1.2 -17.0508 1377
vn -0.285596 -0.958167 -0.0187012
v -1.2 -16.9172 1375.6
vn -0.213036 -0.973443 -0.0838118
v -1.2 -16.9609 1376
vn -0.669995 -0.551669 0.496757
v -1.59844 -16.6 1378.2
vn -0.506359 -0.851269 -0.13763
v -1.4 -16.9295 1377.4
vn -0.604626 -0.781449 0.154158
v -1.4 -16.8953 1378
vn -0.663235 -0.73912 0.117565
v -1.11206 -17.2 1377.8
vn -0.567918 -0.80788 0.157479
v -1.2 -17.0828 1378
vn -0.531712 -0.843471 0.0764208
v -1.2 -17.0547 1378.2
vn -0.738623 -0.658396 0.144741
v -1.2 -17.0463 1378.4
vn -0.963998 -0.207622 0.166133
v -1.10469 -17.2 1378.6
vn -0.526186 -0.845294 0.0927698
v -0.999999 -17.1391 1378.2
vn -0.934653 -0.250852 0.251986
v -1.16087 -16 1380
vn -0.761632 -0.205079 0.614703
v -1.13281 -15.8 1379.4
vn -0.830066 -0.439741 0.342955
v -0.999999 -17 1379.4
vn -0.869127 -0.477096 -0.130374
v -1.53594 -14.2 1364.8
vn -0.807453 -0.578427 -0.115938
v -1.4 -14.5071 1365.2
vn -0.847724 -0.486154 -0.212176
v -1.39844 -14.6 1365.8
vn -0.676096 -0.657763 -0.332028
v -1.4 -14.2922 1364.6
vn -0.59967 -0.736588 -0.312784
v -1.2 -14.8 1365.77
vn -0.862041 -0.441973 -0.248082
v -1.8 -14.4 1366.61
vn -0.641162 -0.703722 -0.306082
v -1.47031 -15.2 1366.6
vn -0.177048 -0.86145 -0.47598
v -1.2 -15.2556 1366.6
vn 0.729645 -0.618788 -0.291066
v -0.995311 -14.8 1366.2
vn -0.881763 -0.426112 -0.202295
v -1.66094 -14.8 1367.8
vn 0.606305 0.722651 0.331917
v -0.999999 -14.0953 1378.4
vn -0.609484 -0.361868 0.705394
v -1.95 -15.4 1378.8
vn 0.396547 0.541637 0.741202
v -2 -15 1378.81
vn 0.481475 0.693662 0.535738
v -1.01042 -14.6 1379.2
vn -0.368347 -0.110508 0.923097
v -0.913634 -15.4 1379.6
vn -0.405101 0.130461 0.904916
v -0.999999 -15 1379.64
vn -0.228983 0.600922 0.765806
v -0.599999 -15.2805 1379.6
vn -0.498134 0.610322 0.61593
v -0.599999 -14.2333 1378.8
vn 0.0669987 -0.944091 -0.322807
v -0.999999 -12.8328 1352.6
vn 0.779822 -0.491821 -0.387286
v -0.799999 -13.046 1353
vn 0.94169 -0.218578 -0.255821
v -0.799999 -12.8056 1352.8
vn -0.742702 -0.333314 0.580772
v -2 -13.5023 1354.6
vn 0.0680668 -0.944757 -0.320627
v -1.8 -13.5547 1354.6
vn -0.212081 -0.921197 -0.326216
v -0.799999 -13.2 1353.49
vn 0.860587 -0.350427 -0.369582
v -0.639061 -13 1353.4
vn -0.203269 -0.962643 -0.178885
v -1.2 -13.8 1355.42
vn -0.169799 -0.984497 0.0439708
v -0.999999 -13.8266 1355.6
vn -0.827923 -0.560842 -0.000645602
v -0.999999 -13.4 1355.97
vn -0.892247 -0.404239 -0.201211
v -1.83281 -13.4 1364.2
vn -0.955028 -0.230991 0.185916
v -1.98906 -12.6 1364.2
vn 0.487864 -0.789658 -0.372061
v -0.799999 -13.6797 1363.6
vn -0.759874 -0.585862 -0.281703
v -2 -13 1364.73
vn -0.962179 -0.272377 -0.00474802
v -2 -12.5683 1364.6
vn -0.949938 -0.311547 0.0235783
v -1.61406 -14 1364.8
vn -0.888137 -0.44903 -0.0979046
v -1.70469 -13.8 1365.6
vn -0.854308 -0.458652 -0.244534
v -1.8 -13.5771 1365.8
vn -0.949756 -0.31293 -0.00626711
v -1.8 -13.2 1364.64
vn 0.94518 0.307625 0.10955
v -0.799999 -12.7857 1370.4
vn 0.74261 0.507701 0.436772
v -0.599999 -13.3122 1370.6
vn 0.666961 0.741044 0.077568
v -0.872411 -12.6 1371.4
vn 0.857743 0.467208 0.214463
v -0.585936 -13.6 1371.2
vn 0.953587 0.224797 -0.200348
v -0.442186 -13.2 1371.8
vn 0.216364 0.946205 0.24059
v -1.4 -12.6328 1374.4
vn -0.493769 0.786069 0.371872
v -0.799999 -12.4391 1374.8
vn -0.543315 0.678307 0.49468
v -1.75079 -13 1376
vn -0.565621 0.706878 0.424731
v -1.58478 -12.6 1375.8
vn -0.665953 0.544942 0.509455
v -1.2 -13.2333 1377
vn -0.34471 0.874983 0.339969
v -1.2 -12.5113 1376
vn -0.36161 0.64793 0.670391
v -1.8 -13.7906 1378.4
vn 0.661614 0.749747 0.0120993
v -1.6 -13.5667 1377.4
vn 0.680533 0.716582 0.152925
v -1.6 -13.5016 1378.2
vn 0.70405 0.708407 0.0497289
v -1.4 -13.6965 1378
vn 0.557634 0.744402 0.367301
v -1.4 -13.8 1378.42
vn 0.605213 0.789449 0.102408
v -1.2 -13.8859 1378
vn -0.716812 0.436297 0.543898
v -0.799999 -12.8 1377.29
vn -0.528711 0.607101 0.593206
v -0.599999 -13.4 1377.93
vn -0.261235 0.921483 0.287446
v -0.599999 -12.8 1377.47
vn -0.139713 -0.899844 -0.413232
v -1.6 -11.418 1349.2
vn -0.358823 -0.863981 -0.353246
v -0.999999 -11.8891 1349.8
vn 0.331733 -0.653983 -0.679897
v -0.799999 -11.8 1349.75
vn -0.319677 -0.883397 -0.342661
v -1.4 -11.8047 1350
vn 0.00013057 -0.956397 -0.29207
v -0.999999 -12.2266 1350.8
vn -0.372695 -0.869372 -0.324486
v -0.799999 -12.0619 1350
vn 0.410934 -0.88632 -0.213472
v -0.799999 -12.2 1350.94
vn 0.945991 -0.321928 -0.0382586
v -0.664061 -12 1350.4
vn -0.790822 -0.40892 0.455395
v -2 -11 1356.53
vn -0.356364 -0.819701 -0.448436
v -1.56153 -11 1357.6
vn -0.867574 -0.388574 0.310362
v -1.34219 -11.6 1357.6
vn -0.808994 -0.569383 -0.146053
v -1.4 -11.3483 1358.2
vn -0.74275 -0.649848 0.161307
v -1.07969 -11.6 1358.8
vn -0.884083 -0.466123 0.033566
v -0.999999 -11.9855 1358.4
vn -0.653978 -0.725701 0.213707
v -0.799999 -11.8859 1358.8
vn -0.671379 -0.712845 -0.202738
v -1.67969 -11 1360.8
vn -0.715614 -0.597926 -0.361085
v -0.799999 -12.0547 1361
vn -0.0148384 -0.949888 -0.312238
v -0.599999 -12.0578 1361
vn -0.882499 -0.326762 0.338265
v -1.97656 -11.4 1361.8
vn -0.473172 -0.771527 -0.425269
v -1.97656 -11 1362.2
vn -0.687237 -0.623155 -0.373341
v -1.68281 -11.8 1362.2
vn -0.892898 -0.425631 -0.146869
v -1.70156 -11.6 1362.4
vn -0.877425 -0.376575 -0.29718
v -1.52656 -12.4 1362.6
vn -0.590526 -0.567257 -0.574019
v -2 -11.8 1362.98
vn 0.0134119 0.773874 0.633197
v -1.4 -11.0855 1368.8
vn 0.0711835 0.769212 0.635016
v -0.999999 -11.1047 1368.8
vn 0.809584 0.522507 0.267507
v -0.795311 -11.2 1368
vn 0.912009 0.406041 0.0580455
v -0.599999 -11.8 1369.07
vn 0.403297 0.788052 0.465108
v -1.2 -11.6 1369.4
vn 0.662017 0.566293 0.490964
v -0.904686 -12.2 1370
vn 0.786577 0.588571 0.186763
v -0.967186 -12.2 1370.2
vn 0.627589 0.762111 0.159122
v -1.48281 -12.2 1371.2
vn 0.232832 0.932432 0.276333
v -2 -12.2922 1373.6
vn -0.242913 0.860878 0.447081
v -1.6 -12.3328 1373.4
vn -0.25999 0.864604 0.42996
v -1.41429 -12 1373.2
vn 0.69879 0.707069 -0.108381
v -1.16406 -12 1373.2
vn 0.332031 0.940693 0.069654
v -1.8 -12.3078 1374.8
vn 0.692728 0.655686 -0.300339
v -0.599999 -12.3078 1374.6
vn -0.520206 -0.637527 -0.568282
v -2 -9.6 1347.75
vn 0.325021 -0.616329 -0.717286
v -1.8 -9.33667 1347.6
vn 0.307868 -0.560826 -0.768565
v -1.6 -9.8 1348.06
vn -0.00165642 -0.646392 -0.763004
v -1.4 -9.33889 1347.8
vn -0.293735 -0.509096 -0.809037
v -0.999999 -10.1306 1348.2
vn -0.407333 -0.578082 -0.707037
v -0.799999 -9.93906 1348
vn -0.631191 -0.552313 -0.544562
v -1.84531 -10.6 1348.8
vn -0.521305 -0.54992 -0.652556
v -1.6 -10.8 1348.78
vn -0.600726 -0.789298 -0.12703
v -1.98235 -10.6 1360
vn 0.81476 0.562434 -0.140834
v -1.17381 -9.8 1365.8
vn 0.108899 0.706759 0.699023
v -1.2 -9.25278 1365.2
vn 0.968118 0.181436 -0.172707
v -0.820311 -9.8 1365
vn 0.156367 0.699462 0.697354
v -0.999999 -9.45294 1365.4
vn 0.536552 0.649731 0.538481
v -0.717186 -10 1364.8
vn 0.126795 0.765115 0.631287
v -1.35156 -9.8 1367.2
vn 0.793549 0.577019 -0.193209
v -1.31094 -9.6 1366
vn 0.778388 0.627724 -0.00859725
v -1.24219 -9.6 1366.2
vn 0.906937 0.391588 -0.155322
v -1.01094 -10 1366.4
vn 0.650374 0.728226 0.216105
v -1.2 -9.86719 1366.8
vn 0.849379 0.50046 0.167616
v -0.873436 -10.2 1366.8
vn 0.898896 0.432254 0.0717174
v -0.770311 -10.6 1366.8
vn 0.696731 0.59263 0.404172
v -1.4 -10.2 1367.71
vn -0.112741 -0.80251 -0.58589
v -2 -8.2 1346.57
vn -0.112136 -0.815908 -0.567203
v -1.8 -7.68913 1345.8
vn -0.0340164 -0.780051 -0.62479
v -0.599999 -7.90161 1346
vn 0.998346 -0.0551742 -0.0161512
v -0.429686 -8.2 1350.6
vn 0.412251 0.763215 0.497546
v -0.799999 -7.61406 1361
vn 0.722795 0.655073 0.220105
v -0.523436 -7.8 1360.8
vn 0.56672 0.738164 0.365982
v -0.599999 -7.72857 1361
vn 0.283665 0.719931 0.633431
v -0.799999 -8.00469 1361.4
vn 0.300545 0.706246 0.641006
v -0.467998 -8.8 1362.2
vn 0.714771 0.699358 0.00105715
v -2 -7.87045 1363.2
vn 0.764328 0.615746 -0.191465
v -1.74531 -8 1363.8
vn -0.0242399 0.803773 0.594442
v -1.4 -8.30469 1363
vn 0.768414 0.604427 0.210259
v -1.2 -8.8 1363.64
vn 0.63189 0.773333 0.0516793
v -1.92969 -9 1365.8
vn 0.32786 0.780134 0.532821
v -1.6 -8.4 1364.47
vn 0.910809 0.379918 -0.161524
v -1.2 -8.64687 1364.4
vn 0.11215 0.683522 0.721263
v -0.999999 -9.04423 1365
vn 0.049883 -0.907547 -0.416977
v -0.999999 -6.38281 1343.6
vn 0.979398 0.183978 -0.0832535
v -0.532811 -6.4 1349.4
vn 0.661377 0.684309 0.307086
v -0.457811 -6.2 1351.2
vn 0.892623 0.432654 0.126625
v -0.451561 -6.4 1353.8
vn 0.799526 0.556554 0.225846
v -0.442186 -6.2 1353.4
vn 0.794378 0.60338 0.0699684
v -0.599999 -6.18167 1353.8
vn 0.896942 0.315849 -0.30941
v -0.520311 -6.2 1354.2
vn 0.886272 0.463152 0.00345919
v -0.832811 -6.2 1356
vn 0.967424 0.252628 -0.0164206
v -0.414061 -7.2 1356.8
vn 0.925307 0.376668 -0.0439174
v -0.599999 -6.45385 1356.6
vn 0.256068 0.915963 0.308934
v -2 -6.15156 1359.2
vn 0.060349 0.789834 0.610344
v -0.799999 -6.2 1358.63
vn 0.856887 -0.11332 -0.502894
v -0.467186 -6.6 1358.2
vn 0.10384 0.770787 0.628574
v -0.599999 -6.2 1358.61
vn 0.273584 0.912492 0.304156
v -2 -7.05156 1361
vn 0.229729 0.874529 0.42711
v -1.8 -7.00781 1360.6
vn 0.650882 0.735718 0.187273
v -0.799999 -7.22656 1359.8
vn 0.0417698 0.786795 0.615799
v -0.599999 -7.10156 1359.6
vn 0.283843 0.868003 0.407435
v -1.8 -7.34844 1361.8
vn 0.55111 0.735392 0.394306
v -1.28095 -7.6 1361.4
vn 0.156649 -0.891219 -0.425665
v -1.8 -4.73594 1340.2
vn 0.210022 -0.88682 -0.411632
v -1.2 -5.32344 1341.4
vn 0.927265 -0.282395 -0.245829
v -0.539061 -5.8 1343.8
vn 0.920487 0.383997 -0.0724617
v -1.2 -4.535 1346
vn 0.473778 0.705319 0.527313
v -0.999999 -4.6 1345.7
vn 0.906551 0.343476 -0.245334
v -1.4 -4.415 1347.8
vn 0.347369 0.792482 0.501306
v -0.999999 -4.62063 1347.8
vn -0.104042 0.720828 0.685261
v -1.17619 -4.8 1349.6
vn 0.0117569 0.759173 0.650783
v -0.799999 -4.6 1349.51
vn 0.921284 -0.026529 -0.387984
v -0.470311 -5 1349.6
vn 0.32744 0.666578 0.669669
v -0.416667 -5 1349.8
vn 0.27249 0.937573 0.216118
v -1.6 -4.49219 1351
vn -0.0819307 0.795667 0.600168
v -0.999999 -4.44754 1351
vn -0.00706469 0.597992 0.801471
v -0.799999 -5.4 1350.18
vn 0.0641136 0.805385 0.589274
v -0.742308 -4.6 1351.2
vn 0.669697 0.676304 0.306788
v -0.495311 -5.8 1350.4
vn 0.0830907 0.618099 0.781697
v -0.599999 -5.2 1350.04
vn 0.628651 0.774187 0.073698
v -1.90156 -4.8 1352.4
vn 0.385911 0.860455 0.3327
v -1.4 -4.76094 1351.6
vn 0.549679 0.768372 0.327809
v -0.95714 -5.4 1352.8
vn 0.480727 0.840201 0.250924
v -0.999999 -5.03454 1352
vn 0.399561 0.821445 0.406914
v -0.999999 -4.96719 1351.6
vn 0.641998 0.62681 0.441529
v -0.573436 -5.6 1352.4
vn -0.0194019 0.736642 0.676004
v -0.599999 -5.35469 1352
vn 0.0656667 0.962476 0.2633
v -2 -4.81094 1353.4
vn 0.219366 0.946394 -0.237101
v -2 -4.61094 1353.8
vn 0.347219 0.924189 0.159104
v -1.8 -4.66094 1354.2
vn 0.710238 0.640442 -0.292227
v -1.6 -4.86905 1353.2
vn 0.0633974 0.963753 -0.259155
v -1.6 -4.67031 1353.6
vn 0.27256 0.960088 0.0627832
v -1.4 -4.70469 1353.6
vn 0.829803 0.484378 -0.277136
v -1.14531 -5.6 1353.4
vn 0.312098 0.820391 0.479117
v -1.2 -5.00469 1354.2
vn 0.630212 0.737644 0.242309
v -0.799999 -5.92656 1353.4
vn 0.834685 0.249115 -0.491165
v -0.651561 -5.4 1354.2
vn 0.217409 0.788708 0.575042
v -0.799999 -5.2 1354.43
vn 0.894084 0.147485 -0.422921
v -0.454686 -6 1354.4
vn 0.501507 0.852895 0.145124
v -1.57969 -5 1355
vn 0.805027 0.593227 0.00358722
v -1.4 -5.32344 1354.8
vn 0.822939 0.568098 0.00606495
v -1.35156 -5.4 1355.4
vn 0.332684 0.716503 0.613144
v -0.999999 -5.67031 1355
vn 0.581872 0.805035 0.11551
v -2 -5.68906 1356.8
vn 0.450804 0.872834 0.186915
v -2 -5.74918 1357.6
vn -0.63821 0.589103 0.495626
v -1.6 -5.62045 1357
vn -0.798496 0.331351 0.502603
v -1.32344 -5.8 1357.6
vn -0.571615 0.691596 0.441532
v -1.4 -5.28906 1356.8
vn 0.946348 0.271111 -0.175856
v -1.00469 -5.6 1357.2
vn -0.775904 0.437083 0.454896
v -1.2 -5.50339 1357.6
vn 0.453705 0.879176 0.145608
v -1.2 -5.35 1356.8
vn 0.910169 0.413916 0.0162943
v -0.999999 -5.87576 1356.8
vn -0.493645 -0.773585 0.397341
v -2 -3.2 1328.78
vn 0.31443 -0.832637 -0.455906
v -1.62059 -3.4 1337.2
vn 0.18294 -0.940231 -0.287227
v -1.6375 -3.4 1337.6
vn 0.560339 -0.765137 -0.317151
v -0.999999 -3.30862 1337.8
vn 0.89265 0.427326 0.143416
v -0.999999 -3.1 1340.8
vn 0.954252 -0.261491 -0.145003
v -0.689061 -3.8 1340.8
vn 0.177862 0.794753 0.580286
v -1.6 -3 1343.8
vn 0.827753 -0.160316 -0.537703
v -1.6 -3 1344.95
vn 0.91173 0.409364 0.0341905
v -0.65294 -4.2 1345
vn -0.305559 0.711789 0.632448
v -1.8 -3 1345.66
vn -0.251884 0.739745 0.623964
v -1.6 -3.77656 1346.6
vn 0.930502 0.142743 -0.337328
v -1.56094 -3.6 1345.4
vn -0.132427 0.771894 0.621806
v -1.6 -2.91406 1345.6
vn 0.849647 -0.171194 -0.498792
v -1.17031 -3.6 1345.8
vn 0.505896 0.753122 0.420567
v -1.09219 -3.6 1346
vn 0.966841 0.0719675 -0.245027
v -0.999999 -4.4 1346.56
vn 0.752473 0.657239 -0.0426621
v -1.6 -3.92969 1348.2
vn 0.852378 0.390548 -0.34774
v -1.4 -4.2 1348.05
vn 0.731682 0.660241 0.16948
v -1.97031 -3.6 1348.8
vn 0.749969 0.646094 0.141803
v -1.6 -3.98594 1348.6
vn 0.370514 0.915615 -0.156105
v -1.6 -3.47031 1349.6
vn -0.487902 0.64437 0.588846
v -1.6 -3.48305 1349.8
vn -0.44665 0.563645 0.694844
v -1.6 -3.6 1349.91
vn 0.664305 0.625658 -0.408963
v -1.35469 -3.6 1349.8
vn -0.0347602 0.871992 0.488284
v -1.2 -4.03906 1348.6
vn 0.152196 0.819113 0.553073
v -0.799999 -4.2 1348.92
vn 0.30914 0.88901 0.337777
v -2 -4.4 1351.59
vn -0.0643085 0.914662 0.399071
v -1.8 -4.30156 1350.4
vn 0.546365 0.828546 0.122464
v -1.8 -4.35469 1351.2
vn -0.462795 0.59337 0.658584
v -1.6 -4.02344 1350.2
vn -0.413178 0.559969 0.718136
v -1.4 -3.85094 1350.2
vn 0.8225 0.562915 0.0813637
v -1.23968 -3.8 1350
vn 0.630168 0.76894 0.107798
v -1.38889 -3.6 1350
vn 0.392216 -0.919239 -0.0341489
v -0.599999 -2.06719 1328.6
vn 0.446713 -0.893431 0.0472013
v -0.465624 -2 1328.6
vn 0.956469 -0.094669 0.276051
v -0.423436 -1.8 1328.6
vn -0.111166 -0.836218 0.537011
v -1.6 -2.06719 1330.2
vn 0.549489 -0.798235 -0.246743
v -1.4 -2.59531 1329.6
vn -0.137609 -0.714054 0.686434
v -1.4 -2.49016 1329.8
vn 0.206416 -0.810173 0.548646
v -0.999999 -1.68281 1330.6
vn 0.417451 -0.894091 -0.162285
v -0.573436 -2.2 1329.4
vn 0.427776 -0.859228 0.280598
v -1.4 -1.62344 1331
vn 0.129382 -0.989043 -0.071097
v -1.4 -2.47969 1335.4
vn 0.082963 -0.992845 -0.0858779
v -1.2 -2.45781 1335
vn 0.225159 -0.921098 -0.317621
v -1.56061 -2.8 1336.2
vn 0.471631 -0.84075 -0.265903
v -0.745311 -2.4 1336.2
vn 0.97636 0.212899 0.0373493
v -0.779686 -1.6 1336.8
vn 0.827154 0.560758 -0.0369614
v -1.8 -2 1341.59
vn 0.0615736 0.87332 0.483239
v -2 -1.678 1342
vn 0.815014 0.577653 -0.0454751
v -1.79531 -2 1342
vn 0.0850137 0.941861 0.325069
v -2 -2.63594 1345
vn 0.561244 0.802538 -0.202332
v -1.6 -2.76406 1345
vn -0.111226 0.887424 0.447333
v -2 -2.68906 1345.2
vn -0.782653 -0.620093 0.0542043
v -2 -1.07656 1299.8
vn -0.395263 -0.914648 -0.0847683
v -2 -0.923437 1300.2
vn 0.379054 -0.91633 0.129064
v -1.8 -1.02931 1299.8
vn 0.0129497 -0.858716 -0.512289
v -1.8 -1 1299.53
vn 0.592936 -0.804003 0.0447947
v -1.4 -0.761819 1299.4
vn 0.780899 -0.373431 -0.500745
v -1.26719 0 1298.8
vn 0.496901 -0.865434 0.0641364
v -1.2 -0.510937 1300.2
vn 0.929844 -0.293334 -0.222138
v -1.05469 -0.4 1299.8
vn 0.93871 -0.113319 -0.32555
v -1.06094 0.2 1299.2
vn -0.374811 -0.918272 0.127647
v -1.98281 -0.8 1301.2
vn 0.273154 -0.955288 0.113186
v -1.2 -0.423437 1300.8
vn 0.270198 -0.962363 0.0291634
v -0.951665 -0.4 1300.6
vn 0.162486 -0.986464 -0.0220682
v -0.999999 -0.4 1301.22
vn 0.685929 -0.725261 -0.0591483
v -0.773436 -0.2 1301.4
vn -0.37125 -0.918596 0.135482
v -2 -0.498077 1303.2
vn 0.0141104 -0.999876 0.0069428
v -0.599999 -0.4 1302.96
vn -0.489217 -0.796063 0.3563
v -2 -0.4 1303.66
vn 0.262635 -0.953055 0.150698
v -1.8 -0.385937 1303.6
vn 0.697695 -0.64141 0.319085
v -0.799999 -0.026983 1304.8
vn 0.77212 -0.590318 0.235278
v -0.599999 -0.343637 1303.8
vn 0.993759 0.0144923 0.110605
v -0.476561 -0.2 1303.8
vn 0.999361 -0.0224462 0.027807
v -0.470311 0.2 1303.6
vn -0.0301819 -0.99445 -0.100788
v -1.2 0.214063 1306.2
vn -0.11469 -0.978779 0.169815
v -1.2 0.117188 1306.8
vn 0.119308 -0.832245 -0.541418
v -1.2 -0.923437 1322.4
vn 0.217636 -0.800353 -0.558633
v -0.799999 -0.42973 1322
vn 0.435542 -0.687794 -0.580726
v -0.584746 -0.8 1322.6
vn -0.0126884 -0.881346 -0.472301
v -1.8 -1.09844 1322.8
vn 0.117355 -0.938842 -0.323735
v -1.6 -1.07344 1322.8
vn 0.566365 -0.823919 -0.019701
v -1.6 -0.867187 1323.8
vn 0.0965559 -0.991037 -0.0923188
v -0.999999 -0.667187 1323.8
vn 0.876592 0.374907 0.301714
v -0.504686 0.2 1326.2
vn 0.771887 -0.436285 0.462435
v -0.614061 -1 1330.6
vn 0.934644 -0.123232 0.333549
v -0.626561 -0.8 1332.2
vn 0.993315 0.0506854 -0.10371
v -0.651561 -0.2 1331
vn 0.907306 0.411789 -0.0849999
v -0.692186 0 1331.2
vn 0.84778 0.476072 0.233719
v -0.799999 0 1332.32
vn 0.465088 -0.838475 0.283994
v -0.520311 -1 1331.4
vn 0.845408 -0.480854 0.232516
v -0.457811 -0.6 1332
vn 0.774868 0.576883 -0.258427
v -0.476561 -0.2 1331.4
vn 0.808776 0.559539 -0.181103
v -0.557811 0 1331.8
vn 0.697433 -0.708609 -0.107051
v -0.664061 -1 1332.4
vn 0.947454 0.113417 0.299111
v -0.742186 -0.4 1332.4
vn 0.668125 0.742831 -0.0425597
v -1.8 -0.445312 1334.6
vn 0.668125 0.742831 -0.0425597
v -1.8 -0.410937 1335.2
vn 0.765652 0.401779 0.502346
v -1.8 -0.195312 1334.4
vn 0.826388 -0.0454728 -0.561262
v -1.8 -0.2 1335.18
vn 0.671481 -0.603962 0.429353
v -1.8 0.089063 1334.8
vn -0.723382 0.675242 -0.144103
v -1.52344 -0.2 1334.8
vn -0.784422 0.571468 -0.241055
v -1.6 -0.2 1335.05
vn 0.990439 0.0961168 0.098954
v -1.03594 -0.8 1335.4
vn 0.997582 -0.0354085 0.0597974
v -0.839061 -0.2 1335.2
vn -0.00512842 0.947539 0.319599
v -2 0.173438 1335.8
vn 0.399189 0.883439 0.245323
v -1.6 0 1336.36
vn 0.989642 0.1435 0.00398713
v -1.0365 -1 1335.6
vn 0.992993 0.0619174 -0.10065
v -1.09531 -0.6 1335.8
vn 0.880404 0.469841 0.0643283
v -0.845311 -1.2 1335.6
vn 0.896719 0.442101 0.0210055
v -0.904686 -1.2 1336.6
vn 0.996727 0.0326887 0.0739368
v -0.889061 -1.2 1337
vn 0.976802 -0.11773 -0.17888
v -0.882811 -1 1336.6
vn 0.998119 -0.0546985 0.0277015
v -0.835936 -1 1337
vn 0.614816 -0.627856 -0.477282
v -0.891069 -0.4 1335.8
vn 0.5425 0.806128 0.23633
v -0.919048 -0.2 1335.8
vn -0.0577243 0.886037 0.460006
v -1.8 -0.892187 1338.4
vn 0.324905 0.772326 0.545846
v -1.8 -0.4 1337.85
vn 0.282796 0.924699 0.254869
v -1.8 -0.079687 1337.2
vn 0.480794 0.778027 0.404366
v -0.999999 -0.8 1337.73
vn -0.47807 0.609386 0.632533
v -2 -1 1339.7
vn 0.889458 0.455854 0.03259
v -1.89531 -0.8 1339
vn 0.905787 0.42343 -0.0160475
v -1.74355 -1.2 1339
vn 0.844841 -0.202687 -0.495139
v -1.6 1 1297.93
vn 0.906989 -0.180387 -0.380568
v -1.27656 1 1298.6
vn 0.857606 0.507574 0.0829472
v -0.718962 1.6 1301.6
vn 0.625158 0.667366 0.404721
v -0.617186 1.8 1301
vn 0.720563 0.674501 0.160744
v -0.799999 1.8 1301.32
vn 0.992674 -0.0122557 -0.120201
v -0.479686 1 1301.6
vn 0.993026 0.0879518 -0.0785136
v -0.410936 1.6 1303.4
vn 0.982251 -0.064353 0.176188
v -0.514061 0.4 1303.8
vn 0.979513 -0.192634 0.0587157
v -0.729686 0.6 1306.4
vn -0.0626977 -0.926078 0.372086
v -1.81667 0.4 1307.4
vn 0.0135682 -0.993639 -0.111788
v -2 0.939063 1308
vn -0.578324 -0.33055 0.745841
v -1.8 0.6 1307.5
vn -0.267427 -0.870523 0.413125
v -1.6 0.539063 1307.6
vn -0.0946575 -0.993969 -0.0553676
v -0.999999 0.8 1308.79
vn 0.851458 -0.524389 0.00592182
v -0.632811 1 1309
vn -0.0473916 -0.98982 -0.134202
v -0.799999 0.579688 1312.4
vn 0.136006 -0.990565 -0.0168375
v -1.2 0.676563 1315.6
vn 0.105367 -0.994425 0.00414784
v -0.999999 0.682813 1315.4
vn 0.754594 -0.655679 0.0259225
v -0.452379 1 1316
vn -0.109624 -0.976951 0.183167
v -1.2 0.476563 1320
vn 0.814928 0.562227 0.140685
v -0.904686 1.8 1323.6
vn 0.84277 0.4579 0.282959
v -0.561107 1.2 1324
vn 0.514778 0.744193 0.425653
v -0.599999 1.69844 1323.4
vn 0.194216 0.888898 0.414899
v -1.4 1.90984 1325
vn 0.887538 0.453127 0.0833789
v -1.2 1.55625 1325.8
vn 0.646947 0.6544 0.391434
v -0.913561 1.6 1325.2
vn 0.647597 0.750674 0.130789
v -1.16406 1.6 1327.4
vn -0.135501 0.917815 0.373168
v -1.4 1.47344 1328.2
vn 0.686569 0.72706 -0.00262879
v -0.948436 1.4 1328.4
vn 0.31279 0.659898 -0.683152
v -2 1.11094 1329.8
vn 0.372392 0.502031 -0.780569
v -2 1.4 1329.99
vn -0.0145427 0.629074 -0.77721
v -1.8 1.4 1330.03
vn -0.146274 0.862983 0.483595
v -1.6 1.35 1329.6
vn -0.129467 0.855617 0.501157
v -1.6 1.23281 1329.8
vn 0.581568 0.810973 -0.0640426
v -1.12373 1 1330.2
vn 0.283081 0.848081 0.44791
v -0.999999 1.2 1329.86
vn 0.958906 0.27011 0.086832
v -0.676561 0.6 1330.4
vn 0.763763 0.549325 -0.33898
v -0.799999 1.21746 1329.6
vn -0.158506 0.881883 0.444026
v -1.8 1.2 1331.1
vn -0.181929 0.797366 0.575422
v -1.6 1.36607 1331
vn 0.00682799 0.821098 0.570746
v -1.2 0.754688 1331.8
vn 0.735029 0.655882 0.171905
v -1.09375 1 1331.4
vn 0.827374 0.502569 0.250752
v -0.932811 0.6 1331.6
vn 0.165912 0.982568 0.0838619
v -1.8 1.34844 1333.4
vn 0.779255 0.611343 -0.137921
v -1.8 1.4 1332.8
vn -0.674447 0.404166 0.617876
v -1.6 0.779245 1333.8
vn 0.822143 0.567141 -0.0493126
v -1.6 1.01187 1332.6
vn 0.829579 0.558092 0.018234
v -1.50781 1 1333.6
vn -0.168395 0.913795 0.369623
v -1.4 0.564063 1334.2
vn 0.201349 0.969288 0.141209
v -1.59206 0.4 1335.6
vn 0.80323 -0.247735 -0.54171
v -1.68281 2 1297.2
vn 0.794083 0.536085 -0.286435
v -1.48281 2.4 1297.4
vn 0.944937 -0.0340819 -0.325472
v -1.2 2 1297.93
vn 0.916401 0.110306 -0.384762
v -1.85781 3.2 1300.2
vn 0.913278 0.339327 -0.225345
v -1.89844 3.4 1300.2
vn 0.546469 0.811056 0.208711
v -1.8 3.13906 1299.4
vn 0.131008 0.985589 0.107013
v -1.8 3.23906 1299
vn 0.700066 0.710118 0.0750931
v -1.4 2.65781 1300.2
vn 0.786021 0.559165 -0.263638
v -1.4 3.22656 1299.4
vn 0.639012 0.730411 0.241171
v -1.10781 2.8 1299.8
vn -0.0852269 0.775743 0.625268
v -1.2 2.8 1300.04
vn 0.525277 0.850763 -0.0169154
v -1.6 3.34219 1301.6
vn 0.903861 0.295847 -0.309048
v -1.22969 2.8 1301.4
vn 0.642411 0.735143 0.216503
v -1.186 2.2 1301
vn 0.841759 0.534373 -0.0767292
v -1.06406 2.2 1301.8
vn 0.364868 0.80263 0.471864
v -0.999999 2.37344 1300.6
vn 0.605681 0.762165 0.228592
v -0.830907 2.4 1300.4
vn 0.645795 0.751792 -0.133259
v -1.8 3.4375 1302
vn 0.516604 0.855689 0.0302848
v -1.8 3.44844 1302.8
vn 0.51774 0.855273 -0.0212916
v -1.69531 3.4 1303.4
vn 0.845381 0.508298 -0.164209
v -0.599999 2.59211 1303.4
vn 0.653946 0.747845 -0.114383
v -1.4 3.48906 1305.4
vn 0.99179 -0.127871 -0.00138525
v -0.414061 2.4 1306
vn 0.586375 0.808958 -0.0418462
v -0.429686 2.6 1305.6
vn 0.81524 0.579104 -0.00467732
v -0.599999 2.8 1305.78
vn 0.106171 0.981189 0.16123
v -0.799999 3.43281 1307.8
vn 0.629823 0.757542 -0.17162
v -1.2 3.47344 1313
vn 0.69232 0.709213 -0.133079
v -0.799999 3.4 1312.11
vn 0.638727 0.769425 0.00350869
v -0.799999 3.55781 1312.4
vn 0.550409 0.82952 0.0945843
v -0.599999 3.27969 1311.8
vn 0.55759 0.829697 -0.0264025
v -1.2 3.56406 1313.4
vn 0.409308 0.912344 -0.00977442
v -1.2 3.59531 1314.6
vn 0.645961 0.763347 -0.00602836
v -0.935936 3.4 1314.4
vn -0.240361 0.856222 0.457285
v -1.6 3.51957 1316.2
vn 0.564007 0.825308 0.0276149
v -1.17344 3.4 1316.2
vn 0.652698 0.753537 0.0785296
v -0.599999 3 1314.87
vn 0.868472 0.127823 -0.478976
v -1.21094 3.2 1317.4
vn -0.149915 0.871693 0.466558
v -0.999999 3.30156 1316.8
vn 0.580471 0.813973 0.0223888
v -0.599999 2.91094 1316.4
vn 0.485067 0.866705 -0.11633
v -1.8 3.53906 1319.2
vn 0.791299 0.605534 0.084698
v -1.2 3.37969 1319
vn 0.920835 0.33856 -0.193495
v -1.04844 3.2 1319.4
vn 0.430276 0.901285 0.05047
v -1.11719 3.4 1319.4
vn 0.498339 0.857583 0.127316
v -0.801561 2.6 1318.6
vn 0.920993 0.373993 0.10909
v -0.820311 3 1318.8
vn 0.97594 0.144901 -0.162928
v -0.862499 3.4 1318.2
vn 0.695776 0.651189 0.303065
v -0.960936 3.4 1318.6
vn -0.278607 0.794658 0.539349
v -0.599999 2.64844 1318
vn 0.248844 0.955192 0.160265
v -1.8 3.4 1320.7
vn 0.709969 0.691664 -0.132454
v -1.6 3.4 1319.79
vn -0.122915 0.92133 0.368839
v -1.4 3.46719 1319.6
vn 0.483608 0.857534 0.175382
v -1.2 3.06981 1320.8
vn -0.0700618 0.936376 0.343936
v -1.2 3.2 1320.22
vn -0.214259 0.885253 0.41282
v -0.999999 3.37344 1320
vn 0.926021 0.377393 -0.00771701
v -0.664061 2.6 1319.6
vn 0.84267 0.537835 0.0253195
v -0.744444 2.8 1319.6
vn 0.936022 -0.0290897 -0.350737
v -0.710936 2.8 1320.4
vn 0.307538 0.840879 0.445358
v -0.799999 2.8 1321.07
vn 0.0185573 0.877392 0.479415
v -0.799999 3.15469 1320.6
vn 0.625722 0.741918 -0.240892
v -0.799999 3.20476 1320
vn 0.87802 -0.214502 -0.427866
v -0.599999 3.2541 1320.4
vn -0.565258 0.662964 0.490879
v -2 3.14219 1322.2
vn 0.764089 0.644539 -0.0271574
v -1.8 3.18594 1321.6
vn -0.132513 0.854182 0.502805
v -1.8 3.17321 1322.2
vn 0.35177 0.865875 0.355694
v -1.2 3.08906 1321.2
vn 0.977287 0.169986 -0.126548
v -0.404686 2.4 1321.2
vn 0.304336 0.815191 0.492792
v -0.485936 2.6 1321.2
vn 0.115189 0.967426 0.22543
v -2 2.30469 1324.2
vn 0.86238 0.501626 -0.0683521
v -1.36719 2.6 1322.8
vn 0.891266 0.404334 -0.205326
v -1.52031 2.2 1325.2
vn 0.892847 0.449881 0.0207747
v -0.999999 2.19688 1324.4
vn -0.585374 0.593614 0.552232
v -2 2.31406 1326.6
vn 0.323189 0.893137 0.312817
v -1.6 2.01094 1327.2
vn 0.414403 0.893455 0.17323
v -1.31406 2.2 1326
vn -0.485011 0.665928 0.566838
v -1.8 2.10156 1328.8
vn 0.909295 0.320694 -0.265214
v -2 3.61094 1300
vn 0.0701502 0.979709 0.18775
v -2 3.6 1300.28
vn 0.290404 0.952554 0.0911443
v -2 3.95469 1304.6
vn 0.442626 0.893987 0.0697792
v -2 3.88594 1304.8
vn 0.876445 0.152483 -0.456721
v -1.60156 3.6 1303.6
vn 0.882684 0.281042 -0.376677
v -0.999999 3.6 1305.01
vn 0.424856 0.904606 -0.0344164
v -1.8 3.87344 1305.8
vn 0.643521 0.754606 -0.12826
v -1.4569 3.6 1305.8
vn 0.297103 0.954793 -0.0100088
v -2 4.27344 1308.6
vn -0.467055 0.651865 0.597438
v -2 4.2 1309.23
vn -0.353891 0.791468 0.498337
v -1.6 3.8 1309.98
vn 0.395173 0.915141 -0.0797274
v -1.4 3.6 1311.34
vn 0.730387 0.671214 -0.126518
v -1.11094 3.6 1310
vn 0.358792 0.927089 0.10851
v -1.2 3.77656 1310.2
vn 0.124462 0.972783 0.195454
v -1.8 3.77031 1315.6
vn 0.181992 0.979266 0.0889822
v -1.8 3.83281 1317.4
vn 0.48244 0.861057 -0.160726
v -1.4 3.64219 1317.2
vn -0.151247 0.985882 0.07184
v -1.8 3.90469 1318
vn -0.309543 0.912162 0.268596
v -1.8 3.8 1318.61
vn -0.145016 0.93754 0.316212
v -1.6 3.8 1318.68
vn 0.331527 0.939102 -0.0904295
v -2 3.70469 1319.6
vn -0.186466 0.896486 0.401924
v -1.6 3.6 1320.47
vn -0.347515 -0.932186 -0.101306
v -0.399999 -17.4 1375.33
vn -0.407155 -0.909304 -0.0859733
v -0.399999 -17.513 1376
vn -0.367762 -0.923178 -0.111773
v -0.157811 -17.6 1376.4
vn 0 -0.972044 -0.2348
v -0.389061 -18 1378.4
vn 0.671573 -0.536295 -0.511251
v -0.399999 -17.6324 1378
vn -0.298435 -0.687778 0.661739
v -0.399999 -17.8422 1378.8
vn 0.947641 -0.249681 -0.199087
v -0.145311 -17.2 1375.8
vn 0.969969 -0.231192 0.0755724
v 0.129689 -16.6 1377.4
vn 0.966487 -0.141527 0.214179
v 0.020314 -16 1378.4
vn -0.333987 -0.683379 0.649188
v -0.399999 -17.1078 1379.6
vn -0.325695 0.866664 0.37791
v -0.399999 -15.7141 1380
vn 0.957512 -0.282421 0.0583919
v -0.199999 -17.0487 1379.6
vn 0.981058 -0.192141 0.0246412
v -0.173436 -17 1379.4
vn -0.303752 -0.741871 0.597798
v -0.199999 -17 1379.81
vn 0.979055 0.0599803 0.194559
v -0.198436 -16.2 1380.2
vn 0.979091 0.142739 0.144938
v -0.151561 -15.8 1379.6
vn -0.691112 -0.448514 0.566745
v -0.399999 -16.4143 1380.6
vn 0.905952 -0.137214 0.40053
v -0.251561 -16.4 1380.4
vn 0.849145 0.101237 0.518366
v -0.251561 -16.2 1380.4
vn 0.806028 0.496746 0.321811
v -0.291936 -16 1380.4
vn -0.542829 0.188345 0.818452
v -0.399999 -16 1380.5
vn 0.983195 0.000682386 0.182555
v -0.207811 -14.8 1371.8
vn 0.90976 0.258662 0.3247
v -0.232811 -14.6 1371.8
vn 0.822254 0.42843 0.374627
v -0.235936 -14.4 1371.6
vn 0.885876 0.409302 0.218395
v -0.304686 -14.4 1371.8
vn 0.983696 0.178854 -0.0187925
v -0.335936 -14.4 1372
vn 0.810402 0.507699 0.292387
v -0.370311 -14.2 1371.6
vn 0.970635 0.0818376 0.226209
v -0.142186 -14.6 1371.6
vn 0.921164 0.268187 0.282016
v -0.117186 -14.2 1371.2
vn 0.996279 -0.0175183 -0.0843862
v -0.220311 -15 1372.4
vn 0.988629 -0.0754058 -0.130102
v 0.035939 -14.6 1373.6
vn 0.987193 0.00830089 -0.159314
v 0.226564 -14.2 1375.4
vn 0.997863 -0.0652594 0.00312206
v 0.320314 -15.2 1377.2
vn 0.978526 0.0711007 0.193473
v 0.270314 -15 1377.8
vn -0.400277 0.607318 0.686253
v -0.399999 -14.2 1378.98
vn 0.939289 0.20429 0.275684
v -0.104686 -14.2 1378.8
vn 0.756969 0.514682 0.402616
v -0.199999 -14.1762 1379
vn -0.26606 -0.786514 0.557322
v -0.399999 -13.3609 1356.2
vn -0.284653 -0.946039 -0.154861
v -0.199999 -14 1354.81
vn 0.794077 0.469865 0.385576
v -0.164061 -12.8 1369
vn 0.948926 -0.232527 -0.213239
v 0.079689 -12.6 1367.8
vn 0.978481 0.0823648 0.189187
v 0.079689 -12.6 1368.4
vn -0.101134 0.63229 0.768102
v -0.399999 -12.8 1370.23
vn 0.990304 -0.114067 0.0792856
v -0.092186 -13.6 1369.6
vn 0.992079 -0.0965477 -0.0803583
v -0.057811 -13.6 1370.4
vn 0.977184 0.202759 0.0632434
v -0.148436 -13.2 1369.6
vn 0.998239 -0.0233441 -0.0545363
v -0.026561 -13.2 1370.4
vn 0.976793 0.166374 -0.134886
v -0.060936 -13 1370.2
vn 0.0765691 0.604004 0.793295
v -0.032756 -13 1370.4
vn 0.97784 0.0575173 0.201297
v 0.017189 -13.4 1369.2
vn 0.0283296 0.600539 0.799094
v -0.399999 -13.8 1371.03
vn 0.902727 0.422769 -0.079684
v -0.051561 -13.4 1373
vn 0.982338 0.0291745 -0.184824
v 1e-006 -13.8 1373.05
vn 0.82867 0.476419 -0.293821
v -0.323436 -12.6 1374.6
vn 0.807914 0.58519 -0.069478
v -0.170311 -13.4 1374.2
vn 0.912373 0.226292 -0.341125
v -0.079686 -12.8 1375
vn 0.809448 0.402477 -0.427559
v -0.199999 -12.4351 1375
vn 0.964681 0.231122 -0.126385
v 0.045314 -13.8 1374.6
vn 0.917549 0.338798 -0.208136
v 0.048439 -12.6 1375.4
vn -0.453515 0.792427 0.407901
v -0.399999 -12.8797 1376
vn -0.0505939 0.980065 0.192127
v -0.199999 -13.0547 1376.8
vn -0.407884 0.773697 0.484792
v -0.199999 -12.5609 1375.8
vn 0.981934 0.187412 -0.0261122
v 0.185939 -13 1376
vn -0.329407 0.82695 0.455681
v 1e-006 -12.8953 1376.4
vn -0.233541 0.855646 0.461875
v 1e-006 -12.5063 1375.8
vn 0.866562 0.423549 0.263963
v 0.260939 -13.4 1376.8
vn 0.185796 0.687488 0.702026
v -0.399999 -13.3173 1377.8
vn 0.669351 0.739128 0.0752311
v -0.399999 -13.0255 1377.2
vn 0.72536 0.566813 0.390609
v -0.145311 -14 1378.6
vn 0.957057 -0.241512 0.160357
v 0.107814 -12.2 1357
vn 0.864737 -0.499122 0.0557327
v -0.126561 -11.4 1359
vn 0.777424 -0.608059 -0.160859
v -0.142186 -11.6 1360.8
vn 0.96274 -0.264088 -0.0582245
v 0.154689 -11.2 1362
vn 0.873193 -0.194682 -0.446802
v -0.292186 -11.8 1366.6
vn 0.507905 0.767763 0.390605
v -0.399999 -11 1366.79
vn 0.995308 0.0698576 0.0669546
v -0.110936 -12.4 1366.6
vn 0.830059 0.432272 0.35234
v -0.199999 -11.8 1366.19
vn 0.960803 -0.0567579 -0.27136
v 0.117189 -11.8 1367.4
vn 0.443677 0.73135 0.517956
v -0.199999 -11.5391 1367.8
vn 0.765041 0.415166 0.492291
v 1e-006 -12.3341 1368.4
vn 0.987184 0.0740865 0.141344
v 0.135939 -12.2 1368
vn 0.470221 0.712202 0.521211
v 0.114064 -11.6 1367.6
vn 0.418326 0.694812 0.585012
v -0.399999 -12.2914 1369.8
vn -0.471389 0.798103 0.375266
v -0.399999 -12.3516 1375.2
vn 0.992579 -0.121592 0.00159457
v -0.273436 -9.8 1349
vn 0.99302 -0.113915 -0.0305799
v 0.270314 -9.6 1354.4
vn 0.993198 -0.102289 -0.0556302
v -0.054686 -10.6 1355.2
vn 0.956894 0.0135084 -0.290124
v -0.026561 -9.6 1355.8
vn 0.951406 -0.105937 0.289144
v 0.029689 -10 1355.2
vn 0.970922 0.0287449 0.237665
v 0.254689 -9.6 1354.8
vn 0.997694 0.0478966 -0.048087
v 0.276564 -9.8 1356.8
vn 0.992831 0.118607 0.0148145
v 0.101564 -9.6 1358.2
vn 0.967354 0.134844 0.214579
v 0.104689 -10.4 1362.4
vn 0.80558 0.432799 0.404629
v 0.064064 -9.6 1362
vn 0.49249 0.555308 0.670139
v 0.001564 -9.4 1362.6
vn 0.945065 0.197446 0.260513
v 0.364064 -9.4 1361.4
vn 0.623537 0.64065 0.448074
v -0.399999 -9.4 1362.89
vn 0.792584 0.43849 0.423718
v -0.133959 -9.8 1363
vn 0.980422 0.150927 0.126469
v 0.129689 -10.6 1363
vn 0.795951 0.504833 0.334075
v -0.232811 -10.4 1364.8
vn 0.297967 0.7666 0.568805
v -0.260936 -10.8 1366.4
vn 0.871193 -0.343035 -0.351212
v -0.160936 -7.8 1346.6
vn 0.979738 -0.0303236 -0.197976
v -0.260936 -7.8 1351.8
vn 0.949525 -0.0865326 -0.301519
v 0.189064 -7.8 1352.8
vn 0.945675 0.287547 0.151708
v -0.042186 -7.8 1354.4
vn 0.963423 0.197143 0.181523
v 0.200001 -8.0931 1354
vn 0.957447 0.0679892 0.280486
v 0.095314 -9.2 1355.2
vn 0.813313 0.423471 0.398991
v -0.226561 -7.8 1356.6
vn 0.931726 0.280358 0.230836
v -0.098436 -8.6 1357.2
vn 0.868387 0.297113 0.397024
v 0.145314 -8.4 1356.6
vn 0.964443 0.199411 -0.173449
v -0.392186 -7.8 1358.6
vn 0.942901 0.325828 0.0690918
v -0.089061 -8.2 1358.2
vn 0.993231 0.112904 -0.0272897
v 0.079689 -9 1359.4
vn 0.492452 0.703292 0.51271
v -0.267564 -8 1360.6
vn 0.414444 0.679214 0.605726
v 1e-006 -7.80303 1360.2
vn 0.982363 0.0231017 -0.18555
v 0.329689 -9 1360.4
vn 0.0103365 0.707924 0.706213
v -0.399999 -8.33281 1361.8
vn 0.985822 0.167597 -0.00817398
v -0.032811 -9.2 1362
vn 0.741281 0.598882 0.303055
v -0.157811 -8.6 1361.8
vn 0.919455 -0.240926 -0.310737
v -0.310936 -6.6 1345.4
vn 0.993609 0.110451 -0.0232581
v -0.092186 -7.4 1347
vn 0.998805 0.0308245 -0.0379289
v -0.298436 -7 1350.6
vn 0.549734 0.56524 0.615058
v 1e-006 -6.8 1352.99
vn 0.683777 0.577932 0.445469
v 0.200001 -6.8 1352.81
vn 0.976059 0.202259 -0.080006
v -0.276561 -6.8 1354.6
vn 0.907099 0.407089 0.107
v -0.399999 -7 1355.99
vn 0.844534 0.506391 0.174155
v -0.276561 -6.2 1354.8
vn 0.958967 -0.00488562 -0.283474
v -0.048436 -7.4 1355.4
vn 0.530072 0.580764 0.617848
v 0.075807 -7.2 1355.8
vn 0.716517 0.659234 0.228068
v -0.229686 -6.6 1358.6
vn 0.990226 0.0942151 -0.102836
v -0.357811 -5 1344.4
vn 0.928211 -0.0656308 -0.366219
v -0.399999 -5.90741 1350
vn 0.887331 -0.0208224 -0.460663
v -0.399999 -5.2 1351.2
vn -0.433129 -0.87434 -0.218925
v -0.399999 -2.0661 1328.2
vn 0.413973 -0.882198 0.224394
v -0.348436 -2 1328.4
vn 0.975695 -0.212757 -0.0524666
v -0.367186 -1.8 1327.6
vn -0.230899 -0.965321 -0.121822
v -0.399999 -0.835937 1324
vn 0.983584 -0.178047 -0.0293506
v -0.207811 -0.6 1324
vn 0.923459 0.334517 0.187942
v -0.310936 0.2 1325.8
vn 0.989659 -0.134388 0.050154
v -0.267186 -1.2 1326.2
vn 0.989035 0.133853 0.062389
v -0.376561 -1 1328.4
vn 0.975948 -0.217958 -0.00437492
v -0.239061 1.4 1312.6
vn 0.940888 0.32307 0.101762
v -0.182811 1.8 1319.4
vn 0.288511 -0.939697 -0.183662
v -0.399999 0.759678 1319.6
vn 0.981399 -0.190708 -0.0220518
v -0.154686 1.2 1319.8
vn 0.999137 0.0256856 -0.0326487
v -0.217186 0.8 1321.2
vn 0.669447 0.678549 0.302344
v -0.399999 2.97031 1312.2
vn 0.801717 0.592786 0.0765194
v -0.335936 2.8 1312.6
vn 0.824606 0.562816 0.0571221
v -0.399999 3.31356 1311.8
vn 0.963601 0.243253 0.110913
v -0.199999 2.61786 1312.4
vn 0.955817 0.293931 -0.00417798
v -0.129686 2.8 1311.8
vn 0.823732 0.494125 0.278041
v -0.199999 2.8 1312.16
vn 0.668102 0.72437 0.170083
v -0.399999 2.84844 1313.2
vn 0.741677 0.670172 -0.0280188
v -0.399999 2.85469 1314.6
vn 0.774381 0.631745 0.0351075
v -0.167186 2.4 1314
vn 0.786265 0.613079 0.0769448
v -0.176561 2.6 1313.2
vn 0.908785 0.0583855 -0.413159
v -0.267186 3 1315.6
vn -0.383954 0.721597 0.576088
v -0.399999 3.17708 1316.2
vn 0.75014 0.661185 -0.0111592
v -0.154686 2.6 1316
vn 0.484323 0.870927 0.0831672
v -0.346428 2.8 1316.6
vn 0.851514 0.523561 0.0284305
v -0.199999 2.67941 1316.6
vn 0.738954 0.664944 0.108611
v -0.199999 2.62308 1317.6
vn 0.433051 0.891467 0.133244
v -0.399999 2.35781 1318.8
vn 0.941735 0.330234 -0.063883
v -0.399999 2.14151 1321
vn 0.904218 0.384878 0.185089
v -0.310936 2.2 1322.2
vn -0.163988 -0.977802 -0.130429
v -85.4109 4.4 1206.4
vn -0.262696 -0.447413 -0.854876
v -85.4109 4.4 1206.4
vn -0.690365 -0.376776 0.617605
v -85.4109 4.4 1206.4
vn -0.262696 -0.447413 -0.854876
v -85.4 4.6 1206.29
vn 0.3324 0.130593 -0.934053
v -85.4 4.6 1206.29
vn 0.185647 0.843455 -0.504102
v -85.4 4.6 1206.29
vn -0.174205 -0.946183 -0.272746
v -84.6609 3.2 1208.6
vn -0.878028 0.143221 0.456679
v -84.6609 3.2 1208.6
vn -0.743806 -0.624717 0.237658
v -84.6609 3.2 1208.6
vn -0.0555831 -0.932128 -0.357838
v -84.8 3.59219 1207.6
vn 0.617776 -0.0667483 -0.783516
v -84.8 3.59219 1207.6
vn 0.465994 -0.744948 -0.477392
v -84.8 3.59219 1207.6
vn 0.362269 -0.647283 -0.670661
v -84.2 2.94219 1209.2
vn 0.190388 -0.913136 -0.360465
v -84.2 2.94219 1209.2
vn -0.751918 -0.637807 0.166795
v -84.1734 3 1209.6
vn -0.444688 -0.89332 -0.0650602
v -84 2.8 1209.62
vn -0.949407 -0.100812 0.297427
v -83.9016 2.8 1210.4
vn -0.786419 0.488623 0.377878
v -83.9016 2.8 1210.4
vn -0.262696 -0.447413 -0.854876
v -85.2 4.4 1206.34
vn 0.372606 -0.585919 -0.719627
v -85.2 4.4 1206.34
vn 0.397051 0.0903978 -0.913334
v -85.2 4.4 1206.34
vn 0.173146 0.856325 -0.486546
v -85.0964 4.6 1206.4
vn -0.887725 -0.409258 -0.210838
v -85.2 4.99697 1207
vn -0.924174 0.0214471 0.381368
v -85.2 4.99697 1207
vn -0.690365 -0.376776 0.617605
v -85.2 4.99697 1207
vn 0.198427 0.793676 -0.57507
v -85.2 4.99697 1207
vn -0.229558 0.926843 -0.297095
v -85.2 4.99697 1207
vn -0.812317 0.191245 0.550968
v -85.2 4.99697 1207
vn -0.989399 0.145225 0
v -84.8 3.8 1207.58
vn -0.690365 -0.376776 0.617605
v -84.8 4.26406 1207
vn -0.77608 -0.510346 -0.370467
v -84.8 4.26406 1207
vn 0.376641 -0.773155 -0.510268
v -84.8 4.26406 1207
vn 0.490392 0.139898 -0.8602
v -84.6886 4.4 1206.6
vn 0.576985 -0.381522 -0.72217
v -84.6 4.21064 1206.8
vn 0.240448 -0.922589 -0.301685
v -84.6 4.21064 1206.8
vn 0.661645 -0.266746 -0.700765
v -84 4.8 1207.14
vn 0.516731 0.228781 -0.825014
v -84 4.8 1207.14
vn 0.594411 0.747215 -0.297229
v -84 4.8 1207.14
vn 0.725178 0.401508 -0.559383
v -84 4.8 1207.14
vn -0.716933 -0.564169 -0.409537
v -84.7775 3.8 1207.6
vn 0.857001 -0.16091 0.489548
v -84.7775 3.8 1207.6
vn 0.447408 -0.699235 -0.557581
v -84.7775 3.8 1207.6
vn 0.857001 -0.16091 0.489548
v -84.8 3.8 1207.64
vn 0.857001 -0.16091 0.489548
v -84.74 4 1207.6
vn -0.957819 0.287371 0
v -84.74 4 1207.6
vn 0.603072 -0.0922115 -0.792339
v -83.6891 5 1208.2
vn 0.62947 0.70852 -0.319009
v -84.4 5.45156 1207.8
vn 0.434928 0.555648 -0.708585
v -84.4 5.45156 1207.8
vn -0.147839 0.927262 -0.343989
v -84.4 5.45156 1207.8
vn 0.497966 0.0161408 -0.867046
v -84.4 5.45156 1207.8
vn 0.0377084 0.905542 -0.422577
v -84 5.64844 1208.2
vn 0.168962 -0.933838 -0.315275
v -82.4 3.13281 1209.6
vn -0.79404 0.489486 0.360422
v -83.6 2.6 1211.76
vn -0.805753 0.405042 0.432092
v -83 2.8 1212.73
vn -0.878012 0.294851 0.377038
v -82.1141 3.4 1213.8
vn 0.638211 0.43651 -0.634149
v -83.0854 5 1208.8
vn 0.409225 -0.651028 -0.639295
v -83 3.82097 1209
vn -0.187935 -0.979413 0.0736987
v -83 4.03906 1208.6
vn 0.304961 -0.855999 -0.417451
v -82.8 4.2 1208.27
vn 0.727389 0.316451 -0.608904
v -82.8 4.2 1208.27
vn 0.521343 -0.334703 -0.784968
v -83.4 5.4 1208.37
vn 0.181047 0.908042 -0.377731
v -82.8 5.8 1208.87
vn 0.455471 -0.536406 -0.710504
v -82.4 5.27106 1209
vn -0.751737 0.417464 0.510505
v -83.6 6.09844 1209.2
vn 0.373574 0.742701 -0.555732
v -83.6 6.09844 1209.2
vn -0.649919 0.72128 -0.239499
v -83.4 6 1209.57
vn -0.837832 0.26255 0.478648
v -83.4 6 1209.57
vn -0.649919 0.72128 -0.239499
v -83.2 6.18853 1209.6
vn 0.362715 0.72796 -0.581818
v -83.2 6.18853 1209.6
vn -0.837832 0.26255 0.478648
v -83 6.50156 1210
vn 0.474735 0.612403 -0.63213
v -83 6.50156 1210
vn -0.353333 0.874902 0.331215
v -83 6.50156 1210
vn -0.744656 -0.256027 0.61639
v -82.6891 6.4 1210.6
vn -0.288935 0.486328 0.824622
v -82.6891 6.4 1210.6
vn -0.812825 -0.273047 -0.514549
v -82.6891 6.4 1210.6
vn -0.353333 0.874902 0.331215
v -82.6891 6.4 1210.6
vn 0 0 1
v -82.6891 6.4 1210.6
vn -0.07893 -0.99492 0.0624802
v -82.7562 6.6 1210.6
vn 0 0 1
v -82.7562 6.6 1210.6
vn -0.803071 -0.3496 0.482552
v -82.7562 6.6 1210.6
vn -0.353333 0.874902 0.331215
v -82.6 6.51167 1210.4
vn -0.558662 0.0757897 -0.825925
v -82.6 6.51167 1210.4
vn 0.48878 0.619672 -0.614086
v -82.6 6.51167 1210.4
vn 0.990455 -0.134368 0.0307211
v -82.6 6.51167 1210.4
vn -0.236799 0.947119 -0.216544
v -82.6 6.51167 1210.4
vn 0.59357 0.62043 0.512583
v -82.4295 6.6 1210.6
vn 0.659944 -0.489579 0.569901
v -82.4295 6.6 1210.6
vn -0.236799 0.947119 -0.216544
v -82.4295 6.6 1210.6
vn -0.691873 -0.470489 0.547679
v -82.6 6.6 1210.8
vn 0.59357 0.62043 0.512583
v -82.6 6.6 1210.8
vn 0.659944 -0.489579 0.569901
v -82.6 6.6 1210.8
vn -0.07893 -0.99492 0.0624802
v -82.4 6.57174 1210.6
vn 0 0 1
v -82.4 6.57174 1210.6
vn -0.974931 0.198031 0.101458
v -82.4 6.57174 1210.6
vn 0.501601 0.317363 -0.804784
v -82.4 6.57174 1210.6
vn -0.511857 -0.764567 -0.391713
v -82.4 6.57174 1210.6
vn 0.59357 0.62043 0.512583
v -82.4 6.57174 1210.6
vn -0.706133 -0.229475 -0.669863
v -82.4 6.57174 1210.6
vn 0.569605 0.241365 -0.78568
v -82.2 5.8 1209.31
vn 0.199271 0.978948 -0.044184
v -82.2 5.87031 1210
vn -0.288935 0.486328 0.824622
v -82.4547 6.2 1210.8
vn -0.974931 0.198031 0.101458
v -82.4547 6.2 1210.8
vn -0.511857 -0.764567 -0.391713
v -82.6 6.60313 1210.8
vn -0.706133 -0.229475 -0.669863
v -82.6 6.60313 1210.8
vn 0.990455 -0.134368 0.0307211
v -82.6 6.60313 1210.8
vn 0.659944 -0.489579 0.569901
v -82.6 6.60313 1210.8
vn -0.236799 0.947119 -0.216544
v -82.6 6.60313 1210.8
vn -0.511857 -0.764567 -0.391713
v -82.4 6.4 1210.94
vn -0.79567 -0.299897 0.52628
v -82.4 6.4 1210.94
vn -0.939894 -0.298515 0.165793
v -83.2 7.6 1210.72
vn -0.200134 0.796091 -0.571127
v -83 7.6 1210.45
vn -0.340326 0.170725 -0.924679
v -83 7.6 1210.45
vn -0.558662 0.0757897 -0.825925
v -82.8 6.8 1210.56
vn -0.820973 -0.275733 -0.499975
v -82.8 6.8 1210.56
vn 0.513182 -0.468074 -0.71941
v -82.8 6.8 1210.56
vn -0.72122 -0.523222 0.453961
v -82.8 6.8 1210.56
vn -0.942575 -0.149114 0.298861
v -82.8 6.8 1210.56
vn -0.340326 0.170725 -0.924679
v -82.8 7.2 1210.3
vn 0.185661 0.178406 -0.966282
v -82.8 7.2 1210.3
vn 0.513182 -0.468074 -0.71941
v -82.8 7.2 1210.3
vn -0.209769 0.794452 -0.569951
v -82.8 7.6 1210.38
vn 0.185661 0.178406 -0.966282
v -82.8 7.6 1210.38
vn 0.447677 0.79292 -0.413357
v -82.8 7.6 1210.38
vn 0.292215 0.861211 -0.415845
v -82.8 7.6 1210.38
vn 0.587863 0.35295 -0.727903
v -82.8 7.6 1210.38
vn -0.706133 -0.229475 -0.669863
v -82.4795 7.4 1210.4
vn 0.990455 -0.134368 0.0307211
v -82.4795 7.4 1210.4
vn 0.395909 -0.202472 -0.89569
v -82.4795 7.4 1210.4
vn 0.185661 0.178406 -0.966282
v -82.4795 7.4 1210.4
vn 0.513182 -0.468074 -0.71941
v -82.4795 7.4 1210.4
vn 0.556212 0.530706 -0.639515
v -82.4795 7.4 1210.4
vn -0.190481 0.797653 -0.572247
v -83.2172 7.8 1210.8
vn -0.992035 -0.110121 0.0611606
v -83.2172 7.8 1210.8
vn -0.689418 0.723116 0.0425038
v -83.2172 7.8 1210.8
vn -0.689418 0.723116 0.0425038
v -83.2 7.8 1211.08
vn -0.696858 0.509957 -0.504314
v -83.2 7.8 1211.08
vn -0.727949 -0.185849 0.659963
v -83.1413 8 1211.2
vn -0.643642 0.495194 0.58353
v -83.1413 8 1211.2
vn -0.371989 0.88387 -0.283547
v -83.1413 8 1211.2
vn -0.689418 0.723116 0.0425038
v -83 7.99531 1211
vn -0.696858 0.509957 -0.504314
v -83 7.99531 1211
vn -0.371989 0.88387 -0.283547
v -83 7.99531 1211
vn 0.377591 0.683877 -0.624289
v -83 7.99531 1211
vn 0.147219 0.841122 -0.520423
v -83 7.99531 1211
vn -0.371989 0.88387 -0.283547
v -82.8 8.20781 1211.4
vn 0.147219 0.841122 -0.520423
v -82.8 8.20781 1211.4
vn -0.390605 0.651713 0.650152
v -82.5972 8 1211.8
vn -0.753888 -0.254968 0.605512
v -82.5972 8 1211.8
vn 0.147219 0.841122 -0.520423
v -82.2 8.2 1211.56
vn 0.0639964 0.937292 0.34262
v -82.2 8.2 1211.56
vn 0.450658 -0.25651 -0.85505
v -81 3 1210.74
vn 0.616973 0.281458 -0.734933
v -80.8 3.2 1210.79
vn 0.321536 -0.107938 -0.940725
v -80.6 3 1210.88
vn 0.616973 0.281458 -0.734933
v -80.6 3 1210.88
vn 0.608749 -0.427036 -0.668629
v -80.6 3 1210.88
vn 0.491642 -0.338188 -0.802444
v -82 4.6 1209.63
vn 0.6189 0.326255 -0.714507
v -80.6966 4 1210.4
vn -0.670532 -0.481748 0.564186
v -81.9453 3.6 1214.2
vn -0.598062 -0.663186 0.450007
v -80.6804 4.2 1216.4
vn -0.587343 -0.665985 0.459882
v -80.6 4.4 1216.89
vn -0.723297 0.673204 0.153746
v -80.6 4.4 1216.89
vn -0.939211 0.31867 0.127794
v -81.8 7.6 1212.35
vn 0.193206 0.924175 0.329503
v -81.06 7.8 1212
vn 0.151731 0.870245 -0.46867
v -81.06 7.8 1212
vn 0.00308601 0.895329 0.445394
v -81.726 7.8 1212.4
vn -0.939211 0.31867 0.127794
v -81.726 7.8 1212.4
vn -0.688234 0.708354 -0.156742
v -81.726 7.8 1212.4
vn -0.296785 0.817171 -0.494116
v -81.726 7.8 1212.4
vn -0.939211 0.31867 0.127794
v -81.6 8.01094 1212.8
vn -0.382153 0.91864 -0.100298
v -81.6 8.01094 1212.8
vn -0.775473 0.366493 0.514125
v -81.6 8.01094 1212.8
vn -0.775473 0.366493 0.514125
v -81 8.15833 1213.6
vn -0.969001 -0.225061 0.101905
v -81 8.15833 1213.6
vn -0.409957 0.738942 -0.534697
v -81 8.15833 1213.6
vn -0.775473 0.366493 0.514125
v -80.9422 8 1213.8
vn -0.969001 -0.225061 0.101905
v -80.9422 8 1213.8
vn -0.332542 0.728573 -0.598829
v -80.6 8.17656 1213.4
vn -0.407858 0.879962 -0.243556
v -81.0141 8.4 1214
vn -0.736858 -0.40354 0.542398
v -81.0141 8.4 1214
vn -0.630997 0.621375 0.464474
v -81.0141 8.4 1214
vn -0.630997 0.621375 0.464474
v -80.7196 8.4 1214.4
vn -0.529841 0.848095 -0.00168001
v -80.7196 8.4 1214.4
vn 0.556178 -0.41614 -0.71937
v -80 3.04167 1211.4
vn 0.70198 0.504942 -0.502252
v -79.3311 5 1211.8
vn 0.681148 0.497969 -0.536717
v -78.9919 4.6 1212
vn 0.665356 -0.0292442 -0.745953
v -78.9919 4.6 1212
vn 0.527373 -0.573137 -0.62721
v -78.9919 4.6 1212
vn 0.622103 0.624857 -0.471744
v -78.9919 4.6 1212
vn -0.587399 -0.617367 0.523279
v -79.6 5 1218.68
vn 0.651918 -0.172908 -0.738313
v -80.4 5.4 1210.47
vn 0.435599 0.80786 -0.397009
v -80.4 5.4 1210.47
vn 0.257996 0.937638 0.232964
v -80.0306 5.4 1211.6
vn 0.563165 0.0838959 -0.822075
v -80 6 1211.79
vn 0.763157 0.132354 -0.632514
v -79.8 5.43594 1211.2
vn 0.79477 0.570737 -0.206396
v -79.8 5.43594 1211.2
vn 0.463364 0.829861 -0.310844
v -79 6.6 1212.56
vn 0.665474 0.425528 -0.613245
v -79 6.6 1212.56
vn 0.51606 0.778993 -0.356163
v -80.4 8.2 1213.62
vn 0.591844 0.286108 -0.753567
v -79.4 6.91406 1212.8
vn -0.630997 0.621375 0.464474
v -80.4 8.6 1214.57
vn -0.360122 0.930863 0.0617025
v -80.4 8.6 1214.57
vn -0.529841 0.848095 -0.00168001
v -80.4 8.6 1214.57
vn -0.529841 0.848095 -0.00168001
v -79.7643 9 1216
vn 0.196399 0.963882 -0.179885
v -79.7643 9 1216
vn -0.0171436 0.829284 0.558564
v -79.7643 9 1216
vn -0.997198 0 -0.0748051
v -79.6 9.32162 1217
vn -0.797737 -0.222167 0.560586
v -79.6 9.32162 1217
vn -0.997198 0 -0.0748051
v -79.585 9.4 1216.8
vn 0.105104 0.961217 -0.25498
v -79.585 9.4 1216.8
vn 0.451445 0.0920119 -0.887542
v -79.585 9.4 1216.8
vn -0.0111482 0.998306 -0.0570997
v -79.6 9.44531 1217
vn -0.828681 0 0.559721
v -79.6 9.44531 1217
vn -0.636647 0.465536 0.614782
v -79.2609 8.4 1216.8
vn -0.966514 -0.16584 0.195825
v -79.4 8.7381 1216.4
vn -0.892056 0.435705 0.119991
v -79.4 8.7381 1216.4
vn -0.0171436 0.829284 0.558564
v -79.4 8.7381 1216.4
vn 0.272077 0.904029 -0.329706
v -79.4 8.7381 1216.4
vn -0.84845 -0.309982 0.429004
v -79.2891 8.8 1217
vn -0.892056 0.435705 0.119991
v -79.2891 8.8 1217
vn -0.00523052 -0.303033 -0.952966
v -79.2891 8.8 1217
vn 0.273311 0.0189107 -0.96174
v -79.4 9.2 1216.87
vn 0.195698 -0.0356832 -0.980015
v -79.2 9 1216.94
vn 0.363534 0.776248 -0.515055
v -79.2 9 1216.94
vn 0.201039 0.936744 -0.286521
v -79.1919 9.4 1217
vn -0.155736 0.97469 0.160394
v -79.0596 9.4 1217.8
vn -0.137819 0.862556 -0.486829
v -79.0596 9.4 1217.8
vn -0.139023 -0.964213 0.225758
v -78 2.73281 1217.8
vn 0.674792 0.0636752 -0.735256
v -77.4 5.10781 1213.4
vn 0.536708 -0.400684 -0.742561
v -78.351 5.6 1213.2
vn 0.615782 -0.0824653 -0.783589
v -78.351 5.6 1213.2
vn 0.654379 0.442249 -0.613355
v -77.4 5.8 1213.74
vn 0.430245 -0.36619 -0.825102
v -77.4 6.6 1214.25
vn -0.925216 0.285644 0.249766
v -78.7352 5.6 1220.4
vn -0.381096 -0.884041 0.270625
v -78.7352 5.6 1220.4
vn -0.557801 -0.741746 0.372386
v -78.2 6.17111 1222.6
vn -0.637523 0.770145 0.0210214
v -78.2 6.17111 1222.6
vn -0.882227 0.266609 0.388065
v -78.2 6.17111 1222.6
vn -0.890674 0.288797 0.351135
v -77.6 6.4 1223.81
vn -0.890674 0.288797 0.351135
v -77.3941 6.8 1224
vn 0.25403 0.964662 -0.0699703
v -78.4 8.6 1216.64
vn 0.130347 0.98199 -0.136769
v -78.8 9.66719 1218.2
vn -0.359457 0.657292 0.662388
v -78.8 9.66719 1218.2
vn -0.767986 0.197617 0.609217
v -78.5514 9.4 1218.6
vn -0.420917 0.769677 0.480028
v -78.5514 9.4 1218.6
vn 0.360446 0.854591 -0.373836
v -78.4 9.20781 1217.2
vn 0.649776 0.457771 -0.606826
v -78.4 9.20781 1217.2
vn 0.218394 0.975495 -0.0267011
v -78.4 9.48281 1218.6
vn 0.42965 0.778276 -0.457916
v -77.9718 8.6 1217.2
vn -0.811372 -0.330554 0.482088
v -78.3141 9.4 1219
vn -0.902637 0.324731 -0.282481
v -78.3141 9.4 1219
vn -0.0663382 0.249199 -0.966178
v -78.3141 9.4 1219
vn -0.10022 -0.419466 -0.902222
v -78.3047 9.6 1219.2
vn -0.8103 -0.474828 0.343443
v -78.3047 9.6 1219.2
vn -0.537778 0.615811 -0.575823
v -78.4 9.8 1219.12
vn -0.107229 0.23803 -0.965321
v -78.4 9.8 1219.12
vn -0.909927 -0.411163 0.0545693
v -78.4 9.8 1219.12
vn -0.10022 -0.419466 -0.902222
v -78.2 9.8 1219.1
vn -0.0857984 0.24197 -0.966483
v -78.2 9.8 1219.1
vn -0.075067 0.243896 -0.966892
v -78 9.48361 1219
vn 0.345539 0.871792 -0.347249
v -78 9.48361 1219
vn 0.512607 0.409876 -0.754477
v -78 9.48361 1219
vn -0.767512 0.0607515 0.638149
v -77.6578 9.8 1220.4
vn -0.303364 0.550053 0.778082
v -77.6578 9.8 1220.4
vn -0.476993 0.864873 0.156437
v -77.6578 9.8 1220.4
vn -0.759545 0.468731 0.45098
v -77.6578 9.8 1220.4
vn -0.476993 0.864873 0.156437
v -77.4 9.94219 1220.4
vn 0.146593 0.989064 -0.0161922
v -77.4 9.94219 1220.4
vn -0.831609 -0.485609 0.269462
v -78.4734 10 1219.4
vn -0.734802 0.294624 0.610952
v -78.4734 10 1219.4
vn -0.0955152 0.238316 -0.966479
v -78.2 10 1219.14
vn 0.512607 0.409876 -0.754477
v -78.2 10 1219.14
vn 0.349373 0.896522 -0.272374
v -78.2 10 1219.14
vn -0.262002 0.923392 -0.280538
v -78.2 10.1383 1219.6
vn -0.660571 0.511849 0.549233
v -78.2 10.1383 1219.6
vn -0.303364 0.550053 0.778082
v -77.8083 10 1220.2
vn 0.0411905 0.97916 0.198869
v -77.8083 10 1220.2
vn 0.60862 -0.491585 -0.622837
v -76.4 2.69219 1214.4
vn 0.647955 0.15049 -0.746664
v -76.9661 3.8 1213.6
vn 0.61693 0.636517 -0.462863
v -76.9661 3.8 1213.6
vn 0.491409 0.829808 -0.264454
v -77.1031 6 1214.2
vn 0.510366 -0.343371 -0.78843
v -76.6886 6.2 1214.8
vn 0.474913 0.798064 -0.37088
v -76.8 6.6 1214.56
vn 0.558903 -0.197988 -0.805251
v -76.8 6.6 1214.56
vn 0.472899 0.691989 -0.545452
v -76.1508 5.2 1214.6
vn 0.666744 0.372015 -0.6458
v -76.1508 5.2 1214.6
vn -0.7687 -0.610067 0.192144
v -76.8 6.6873 1224.8
vn -0.733547 -0.641833 -0.223516
v -76.8 6.76094 1225.4
vn -0.939613 -0.0141799 0.341946
v -76.8 6.76094 1225.4
vn -0.357039 -0.876927 0.32175
v -76.8 6.76094 1225.4
vn -0.534965 -0.592543 0.602251
v -77 7 1224.93
vn -0.802108 -0.577005 0.15391
v -77 7 1224.93
vn -0.639116 0.761643 0.106917
v -77 7 1224.93
vn -0.660574 0.738807 0.133441
v -76.9482 7 1225.2
vn -0.885204 -0.195511 0.422124
v -76.9482 7 1225.2
vn -0.752584 -0.658489 0.00316016
v -76.8 6.83061 1225.2
vn -0.207385 -0.923842 -0.321726
v -76.8 6.83061 1225.2
vn -0.939613 -0.0141799 0.341946
v -76.5155 7.2 1226.2
vn -0.670586 0.723046 0.165885
v -76.2564 7.2 1227.2
vn -0.33116 -0.904824 0.267632
v -76.2564 7.2 1227.2
vn -0.685858 -0.547573 0.479336
v -76.2564 7.2 1227.2
vn -0.727917 -0.581152 0.363865
v -75.8569 7.4 1228
vn -0.596687 0.780323 0.187245
v -75.665 7.4 1228.6
vn -0.790603 0.161516 0.590643
v -75.665 7.4 1228.6
vn -0.820266 0.44338 0.361355
v -77 10 1221.3
vn -0.121612 0.992564 0.00524299
v -77 10 1221.3
vn -0.237042 0.968772 0.0727481
v -76.8465 10 1221.8
vn 0.109156 0.931942 -0.345788
v -76.8465 10 1221.8
vn -0.468302 0.877968 0.0993228
v -76.8465 10 1221.8
vn -0.468302 0.877968 0.0993228
v -76.6 10.0636 1222.4
vn -0.385762 0.723223 -0.572832
v -76.6 10.0636 1222.4
vn -0.987706 -0.122541 0.0970591
v -76.6 10.0636 1222.4
vn -0.468302 0.877968 0.0993228
v -76.4 10.1703 1222.4
vn 0.234286 0.971385 -0.0389961
v -76.2 10.9078 1223.4
vn -0.987706 -0.122541 0.0970591
v -76.5734 10.8 1223.6
vn -0.790238 -0.0980417 0.604907
v -76.5734 10.8 1223.6
vn -0.987706 -0.122541 0.0970591
v -76.6 11.0141 1223.6
vn -0.790238 -0.0980417 0.604907
v -76.6 11.0141 1223.6
vn -0.583851 0.413726 0.698534
v -76.6 11.0141 1223.6
vn 0.185801 0.971869 -0.144737
v -76.6 11.0141 1223.6
vn 0.283615 0.953828 -0.0988654
v -76.3706 11 1223.8
vn -0.152129 0.767977 0.622147
v -76.3706 11 1223.8
vn -0.790238 -0.0980417 0.604907
v -75.9362 10.6 1224.4
vn -0.583851 0.413726 0.698534
v -75.9362 10.6 1224.4
vn -0.588441 0.748219 0.30644
v -75.9362 10.6 1224.4
vn -0.152129 0.767977 0.622147
v -75.9362 10.6 1224.4
vn -0.152129 0.767977 0.622147
v -75.8 10.7891 1224.2
vn 0.187478 0.9818 -0.0303303
v -75.8 10.7891 1224.2
vn 0.677318 -0.297082 -0.67304
v -74.6 3.2 1215.79
vn 0.58279 0.595809 -0.552601
v -75.4516 3.8 1215.6
vn 0.444689 0.750248 -0.489264
v -75.4853 6.6 1217
vn 0.270031 0.958076 0.0957779
v -74.8 6.48281 1216.6
vn 0.351213 0.893853 -0.278703
v -75 7.83594 1218.2
vn 0.42834 -0.393873 -0.813258
v -74.8 7.4 1217.96
vn -0.613623 0.76623 0.190679
v -74.8362 7.8 1229.6
vn -0.887 0.0744833 0.455722
v -74.8 7.6 1229.7
vn -0.565937 -0.722802 0.396577
v -74.7082 7.8 1230
vn -0.586379 0.788464 0.185699
v -74.7082 7.8 1230
vn -0.881952 0.398989 0.250936
v -74.5152 7.6 1230.8
vn -0.146769 -0.984676 0.0941897
v -74.5152 7.6 1230.8
vn -0.652409 -0.399962 0.643733
v -74.5152 7.6 1230.8
vn -0.963576 -0.212338 -0.162584
v -74.5255 7.8 1230.6
vn -0.752704 0.578583 0.31413
v -74.5255 7.8 1230.6
vn -0.556904 0.806434 0.198802
v -74.4078 7.8 1231
vn -0.727255 -0.0862978 0.680921
v -74.4078 7.8 1231
vn -0.963576 -0.212338 -0.162584
v -74.4 7.6 1230.12
vn -0.136774 -0.989524 0.0461978
v -74.4 7.6 1230.12
vn -0.500081 0.856403 0.128422
v -75.3113 10.6 1225.6
vn -0.802593 0.558949 0.208376
v -75.3113 10.6 1225.6
vn 0.0704701 0.980445 -0.183742
v -75 10.7547 1225.6
vn -0.436034 0.877541 -0.199491
v -74.8 11.0359 1226.4
vn 0.157695 0.962201 -0.222039
v -74.8 11.0359 1226.4
vn -0.830273 -0.361888 0.42389
v -74.7047 10.8 1227.4
vn -0.638655 -0.299661 0.708748
v -73.8371 2 1221
vn 0.372111 0.92753 -0.0349454
v -73.6426 6 1217.2
vn 0.650296 0.0327187 -0.758976
v -73.6426 6 1217.2
vn 0.698224 0.590011 -0.405425
v -73.6426 6 1217.2
vn 0.630851 0.656734 -0.413192
v -72.9561 5.6 1217.8
vn 0.170617 0.977054 -0.127497
v -73 6.17031 1218.6
vn 0.547656 0.547366 -0.632822
v -72.8 5.8275 1218.4
vn -0.330688 -0.902867 0.274731
v -72.8 6.52656 1229.2
vn -0.592044 0.804016 0.0551527
v -73.8 7.8 1231.65
vn -0.321685 -0.916586 0.237465
v -73.8 7.8 1231.65
vn -0.863332 0.398507 0.309596
v -73.8 7.8 1231.65
vn -0.861836 0.400257 0.311501
v -73.131 8.2 1233
vn -0.861836 0.400257 0.311501
v -73.1516 8 1233.2
vn -0.222456 -0.967269 0.122078
v -72.7667 8.2 1234
vn -0.959783 0.277938 -0.0395773
v -72.7667 8.2 1234
vn -0.545646 0.814101 0.198768
v -72.7667 8.2 1234
vn -0.343842 -0.939027 0.000911665
v -72.8 8.2 1234.81
vn -0.681536 -0.370169 0.631255
v -72.8 8.2 1234.81
vn -0.760426 0.422439 0.493252
v -72.8 8.2 1234.81
vn -0.612555 0.784445 0.0970675
v -72.8 8.2 1234.81
vn -0.725516 0.110401 0.679293
v -72.6 8.60469 1232.8
vn -0.570479 0.811383 0.127325
v -72.6 8.60469 1232.8
vn -0.959783 0.277938 -0.0395773
v -72.6 8.60469 1232.8
vn -0.425537 -0.400868 -0.811309
v -74 11.07 1229.4
vn -0.0674514 0.80208 -0.593395
v -74 11.07 1229.4
vn -0.821722 0.45294 0.345859
v -74 11.07 1229.4
vn -0.924009 0.323767 0.203426
v -73.8702 11 1229.8
vn -0.895864 -0.278955 0.34585
v -73.8702 11 1229.8
vn -0.924009 0.323767 0.203426
v -73.8442 11.2 1229.6
vn -0.402631 0.778738 0.481099
v -73.8 10.6453 1228.8
vn -0.795211 0.527643 0.298718
v -73.8 10.6453 1228.8
vn -0.0888492 0.983414 -0.158125
v -73.8 10.6453 1228.8
vn -0.951061 -0.0363416 0.306858
v -73.6047 10.6 1229.4
vn -0.795211 0.527643 0.298718
v -73.6047 10.6 1229.4
vn -0.767666 -0.541054 -0.343437
v -73.6047 10.6 1229.4
vn -0.425537 -0.400868 -0.811309
v -73.7457 10.8 1229.4
vn -0.767666 -0.541054 -0.343437
v -73.7457 10.8 1229.4
vn -0.5862 0.509743 -0.629707
v -73.7457 10.8 1229.4
vn 0.285183 -0.247987 -0.925836
v -73.7457 10.8 1229.4
vn 0.184756 0.597627 -0.780197
v -73.8 11 1229.33
vn 0.285183 -0.247987 -0.925836
v -73.8 11 1229.33
vn -0.767666 -0.541054 -0.343437
v -73.6 10.7203 1229.2
vn -0.5862 0.509743 -0.629707
v -73.6 10.7203 1229.2
vn 0.31013 0.598161 -0.738934
v -73.6 10.7203 1229.2
vn -0.110743 0.985378 -0.129485
v -73.6 10.7203 1229.2
vn 0.285183 -0.247987 -0.925836
v -73.6 10.9675 1229.4
vn 0.339766 0.505795 -0.792925
v -73.6 10.9675 1229.4
vn 0.184369 0.970669 -0.154302
v -73.6 11.0516 1228.4
vn -0.286236 0.836287 0.467646
v -72.6 10.9766 1229
vn -0.170456 0.985227 -0.0165222
v -73.8 11.2703 1230.2
vn -0.895864 -0.278955 0.34585
v -73.8 11.2703 1230.2
vn -0.0673616 0.718533 0.692223
v -73.8 11.2703 1230.2
vn -0.895864 -0.278955 0.34585
v -73.6 11 1230.5
vn -0.102467 0.716378 0.690147
v -73.6 11 1230.5
vn -0.121525 0.99239 -0.0198326
v -73.6 11 1230.5
vn -0.768706 -0.18464 0.612372
v -73.6 11 1230.5
vn -0.102467 0.716378 0.690147
v -73.6 11.2891 1230.2
vn -0.849117 -0.262161 0.458554
v -72.6 11.1484 1231.8
vn -0.489511 0.810539 0.321568
v -72.6 11.1484 1231.8
vn 0.688623 0.283277 -0.667497
v -71.8 3.6 1218.96
vn 0.24914 0.944647 -0.213475
v -71.886 6 1219
vn 0.496014 -0.378485 -0.781485
v -71.4 6.2 1220.33
vn 0.524733 0.649967 -0.549726
v -71.4 6.2 1220.33
vn 0.513494 -0.383346 -0.767704
v -71.4 6.6 1220.14
vn -0.34117 -0.907976 0.243275
v -71.2 6.57969 1230.4
vn -0.183381 -0.97055 0.156216
v -71 7.20156 1233
vn 0.160423 -0.967427 -0.19583
v -72.2 8 1235.34
vn -0.646016 -0.389004 0.656764
v -72.2 8 1235.34
vn 0.421224 -0.794762 -0.436948
v -72 8.32969 1236.8
vn -0.207488 -0.590883 -0.779619
v -72 8.32969 1236.8
vn -0.961628 0.107471 0.25243
v -72 8.32969 1236.8
vn -0.272684 -0.937072 0.218037
v -72.1754 8.4 1235.6
vn -0.760426 0.422439 0.493252
v -72.1754 8.4 1235.6
vn -0.988028 0.0530008 0.144887
v -72.1754 8.4 1235.6
vn -0.604199 0.791341 0.0933944
v -72.194 8.6 1235.4
vn -0.988028 0.0530008 0.144887
v -72.194 8.6 1235.4
vn -0.56164 0.819935 0.110757
v -72.018 8.6 1236.6
vn -0.322105 -0.917291 0.234148
v -72.018 8.6 1236.6
vn -0.207488 -0.590883 -0.779619
v -72.018 8.6 1236.6
vn -0.962172 0.117672 0.245719
v -72.018 8.6 1236.6
vn -0.54371 0.827787 0.138376
v -71.8648 8.6 1237.2
vn 0.39338 -0.825015 -0.405713
v -71.8 8.52344 1236.6
vn -0.207488 -0.590883 -0.779619
v -71.8 8.52344 1236.6
vn -0.960941 0.0972543 0.259103
v -71.6491 8.6 1238
vn -0.569713 0.807005 0.155466
v -71.6491 8.6 1238
vn -0.695823 0.123169 0.707573
v -71.6491 8.6 1238
vn -0.814938 -0.067427 0.575613
v -71.039 8.6 1238.6
vn -0.814938 -0.067427 0.575613
v -71.2 8.83906 1238.4
vn -0.784522 0.491899 0.377571
v -71.2 8.83906 1238.4
vn 0.12673 0.985003 -0.117081
v -72 10.9203 1229.6
vn 0.0934697 0.975893 -0.197222
v -72.2 10.9828 1230
vn -0.137445 0.713334 0.687215
v -72.2 11.1734 1230.6
vn 0.0684989 0.993458 -0.0913748
v -72.2 11.1734 1230.6
vn -0.0658294 0.945338 0.319377
v -72.2 11.1734 1230.6
vn 0.391432 0.713548 -0.58106
v -71.2 11.1859 1232
vn -0.452197 -0.761595 -0.46421
v -71.9816 11 1234.2
vn -0.674097 0.457385 -0.579994
v -71.9816 11 1234.2
vn -0.496698 -0.836544 0.231267
v -71.9816 11 1234.2
vn -0.549062 0.592638 -0.589331
v -72 11.2266 1234.4
vn -0.0546255 0.997085 -0.0532774
v -72 11.2266 1234.4
vn -0.489511 0.810539 0.321568
v -71.8 10.8 1233.9
vn -0.462292 0.387139 -0.797753
v -71.8 10.8 1233.9
vn -1 0 0
v -71.8 10.8 1233.9
vn -0.6199 -0.744274 0.248557
v -71.8 10.8922 1234.2
vn -1 0 0
v -71.8 10.8922 1234.2
vn -0.525307 0.52889 -0.66658
v -71.8 11.0141 1234
vn -1 0 0
v -71.8 11.0141 1234
vn -0.489511 0.810539 0.321568
v -71.4 11.0797 1233.8
vn -0.442425 0.558292 -0.701834
v -71.4 11.0797 1233.8
vn -0.601092 -0.751001 0.273288
v -71.7022 11 1234.8
vn -0.961987 0.261271 0.0794933
v -71.7022 11 1234.8
vn 0.186536 -0.972753 0.137681
v -71.7022 11 1234.8
vn -0.199876 0.925469 -0.321803
v -71.8 11.1641 1235.4
vn -0.704936 0.00443564 0.709257
v -71.8 11.1641 1235.4
vn -0.961987 0.261271 0.0794933
v -71.6 11.1328 1235.6
vn 0.186536 -0.972753 0.137681
v -71.6 11.1328 1235.6
vn -0.705451 0.018422 0.708519
v -71.6 11.1328 1235.6
vn -0.100332 0.986988 -0.125648
v -71.6 11.2 1235.38
vn -0.805401 -0.501838 0.315416
v -71.6 11.2 1235.38
vn -0.961987 0.261271 0.0794933
v -71.6 11.2 1235.38
vn -0.704283 -0.00955163 0.709855
v -71.6 11.2768 1235.6
vn -0.239837 0.799983 0.550004
v -71.6 11.2768 1235.6
vn -0.704936 0.00443564 0.709257
v -71.3973 11.2 1235.8
vn -0.759802 -0.552809 0.342203
v -71.3973 11.2 1235.8
vn -0.487609 0.0207901 0.872814
v -71.3973 11.2 1235.8
vn -0.225563 0.856404 0.464429
v -71.3973 11.2 1235.8
vn -0.487609 0.0207901 0.872814
v -71.2 11 1235.92
vn -0.789829 0.46375 0.401381
v -71.2 11 1235.92
vn -0.209161 0.904897 0.370692
v -71.0394 11.2 1236
vn -0.789829 0.46375 0.401381
v -71.0394 11.2 1236
vn -0.789829 0.46375 0.401381
v -70.8519 11 1236.6
vn -0.187218 0.94952 0.251716
v -70.8519 11 1236.6
vn 0.639837 0.377854 -0.669204
v -70.6 5.83594 1220.2
vn 0.60105 0.424083 -0.677416
v -70 5.8 1221.29
vn 0.090176 -0.992618 -0.0811089
v -70.275 6.4 1231.8
vn 0.512607 0.409876 -0.754477
v -70 8.2 1223.74
vn -0.235429 -0.936996 0.258092
v -70.4 7.43906 1234.6
vn -0.0530831 -0.996601 0.0629936
v -69.4 8.07656 1237
vn 0.389598 -0.875157 -0.286904
v -70.4 8.16719 1238.6
vn -0.27362 -0.956993 0.0964202
v -70.4 8.8 1240.11
vn -0.750858 0.597052 0.282386
v -70.4 8.8 1240.11
vn -0.530005 0.827038 0.187357
v -69.2822 8.6 1245.2
vn 0.48008 0.56846 -0.668114
v -70.4 10.6859 1230.4
vn -0.497791 -0.858678 0.121971
v -70.8 11.1794 1237.6
vn -0.168375 0.940351 -0.295617
v -70.8 11.1794 1237.6
vn -0.793234 0.587732 0.159217
v -70.8 11.1794 1237.6
vn -0.788323 -0.533016 0.307312
v -70.5641 10.8 1237
vn -0.834743 -0.132396 0.534486
v -70.6 11.0266 1237
vn -0.0488329 0.972391 -0.228193
v -70.6 11.0266 1237
vn -0.292496 -0.954999 0.0492293
v -69.8 11.1203 1242.8
vn -0.746958 -0.347003 0.567136
v -69.8 11.1203 1242.8
vn -0.16224 0.950895 0.263585
v -69.6 11.3549 1243
vn -0.746958 -0.347003 0.567136
v -69.2886 11 1243.4
vn -0.906916 -0.421312 0
v -69.2886 11 1243.4
vn -0.935111 -0.342118 0.0923146
v -69.2886 11 1243.6
vn -0.746958 -0.347003 0.567136
v -69.3815 11.2 1243.4
vn -0.189688 0.935823 0.297076
v -69.3815 11.2 1243.4
vn -0.935111 -0.342118 0.0923146
v -69.3815 11.2 1243.4
vn -0.803591 0.573731 0.15835
v -70.2 11.6641 1238.8
vn -0.0182123 0.997968 -0.061053
v -70.2 11.6641 1238.8
vn -0.211297 0.894485 0.394018
v -70.2 11.6641 1238.8
vn 0.662857 0.0755435 -0.744926
v -69.0589 3.6 1221.4
vn 0.467584 0.805994 -0.362959
v -68.8 5.10317 1221.4
vn 0.599712 0.362239 -0.713532
v -69 6 1222.23
vn 0.573731 0.504786 -0.645
v -68.7576 6.4 1222.2
vn -0.168338 -0.971075 0.169341
v -68.4047 5.4 1230.4
vn -0.546368 -0.510455 0.664016
v -68.4047 5.4 1230.4
vn -0.218411 -0.952741 0.211141
v -68.2412 8.2 1239
vn -0.378166 -0.798449 0.468476
v -68.2412 8.2 1239
vn -0.0767384 -0.818548 -0.56929
v -68.4 8.37344 1247
vn 0.707099 0.00018578 -0.707114
v -68.4 8.37344 1247
vn 0 0 -1
v -68.5321 8 1248.8
vn -0.641481 0.710205 0.29002
v -68.5321 8 1248.8
vn -0.544781 0.798579 0.255902
v -68.6 8.20794 1248
vn -0.260524 -0.965159 -0.0243952
v -68.6 8.20794 1248
vn -0.914111 -0.334086 0.229757
v -68.6 8.20794 1248
vn 0.29361 -0.895514 -0.334436
v -68.6 8.20794 1248
vn -0.889653 -0.444587 0.104213
v -68.4463 8.2 1248.6
vn -0.863961 0.364912 0.347002
v -68.4463 8.2 1248.6
vn 0 0 -1
v -68.3229 8 1248.8
vn -0.889653 -0.444587 0.104213
v -68.3229 8 1248.8
vn -0.769443 0.549501 0.325587
v -68.4 8.11936 1248.8
vn -0.839777 -0.542387 -0.0243087
v -68.4 8.11936 1248.8
vn -0.894349 0.0565769 -0.443778
v -68.4 8.23171 1247.6
vn -0.0312861 -0.954969 -0.29505
v -68.4 8.23171 1247.6
vn -0.769443 0.549501 0.325587
v -67.8 8 1250.42
vn -0.391276 0.884804 0.253033
v -67.8 8 1250.42
vn -0.724924 -0.422867 0.543754
v -67.8 8 1250.42
vn -0.81763 -0.476945 -0.322497
v -67.6646 8 1250.6
vn -0.377338 0.887667 0.263939
v -67.6646 8 1250.6
vn -0.988119 -0.0373793 0.149075
v -67.6646 8 1250.6
vn -0.81763 -0.476945 -0.322497
v -67.6268 7.8 1250.8
vn -0.988119 -0.0373793 0.149075
v -67.6268 7.8 1250.8
vn -0.951273 0.129684 0.279754
v -68.8484 9.8 1241.4
vn -0.38666 0.915863 0.108113
v -69.0359 8.4 1246.6
vn 0.326657 -0.864844 -0.381235
v -69 8.41129 1246.4
vn -0.278085 0.960437 -0.0151335
v -69 8.41129 1246.4
vn 0.707099 0.00018578 -0.707114
v -69 8.41129 1246.4
vn 0.707099 0.00018578 -0.707114
v -68.6 8.53125 1246.8
vn -0.258673 0.965472 -0.0308669
v -68.6 8.53125 1246.8
vn -0.837778 0.406193 -0.364877
v -68.6 8.53125 1246.8
vn -0.8418 0.408143 0.35326
v -68.6 8.53125 1246.8
vn -0.247833 -0.961323 0.120151
v -68.6 8.53125 1246.8
vn -0.393579 0.901433 0.180314
v -68.5667 8.6 1246.8
vn -0.837778 0.406193 -0.364877
v -68.5667 8.6 1246.8
vn -0.8418 0.408143 0.35326
v -68.5667 8.6 1246.8
vn -0.837778 0.406193 -0.364877
v -68.4 8.40469 1246.2
vn -0.8418 0.408143 0.35326
v -68.4 8.59762 1247.2
vn -0.894349 0.0565769 -0.443778
v -68.4886 8.4 1247.8
vn -0.498731 0.823507 0.270378
v -68.4886 8.4 1247.8
vn -0.0571455 0.938147 0.341488
v -69.2 10.6391 1232.8
vn 0.426135 0.60536 -0.672271
v -69.2 10.6391 1232.8
vn 0.188741 0.972982 -0.132975
v -69.2 10.6391 1232.8
vn -0.628085 0.737744 0.247474
v -68.8404 10.8 1245.6
vn -0.880091 -0.47284 0.0431647
v -68.8404 10.8 1245.6
vn -0.94873 -0.257591 0.18319
v -69 11 1245.09
vn -0.186992 0.968537 0.164226
v -69 11 1245.09
vn -0.578439 0.67943 0.451424
v -69 11 1245.09
vn -0.144232 0.97579 0.164411
v -68.6 11.0047 1245.6
vn -0.880756 -0.473197 0.0188143
v -68.6055 10.6 1248.2
vn -0.880756 -0.473197 0.0188143
v -68.7129 10.8 1248.2
vn -0.880898 -0.473273 -0.00554725
v -68.6 10.5828 1248.8
vn -0.397575 0.871678 0.286552
v -68.6 10.5828 1248.8
vn -0.37003 -0.220016 0.902591
v -68.6 10.5828 1248.8
vn -0.37003 -0.220016 0.902591
v -68.0036 10.4 1249
vn -0.37003 -0.220016 0.902591
v -68.2 10.7304 1249
vn -0.837758 -0.498123 0.223683
v -68.2 10.7304 1249
vn -0.857494 0 0.514495
v -68.2 10.7304 1249
vn 0.188003 -0.962511 -0.195517
v -67.2 1.82031 1225.4
vn 0.638295 -0.399649 -0.657922
v -67.2593 6.2 1223.8
vn 0.944169 0.057951 -0.324325
v -67.2593 6.2 1223.8
vn 0.635532 -0.417818 -0.649251
v -67.3403 6.4 1223.6
vn 0.925978 0.232961 -0.297144
v -67.3403 6.4 1223.6
vn 0.594702 0.261045 -0.760385
v -67.0439 5.2 1223.6
vn 0.535485 0.631039 -0.561289
v -67.2 6.35246 1224
vn 0.878434 0.400587 -0.260544
v -67.258 7 1224.8
vn 0.489308 0.759703 -0.428285
v -67.258 7 1224.8
vn -0.0826626 -0.995721 -0.0413076
v -67.6 8.29844 1247
vn -0.0165007 -0.991785 -0.12685
v -67.6 7.97031 1248.6
vn 0.19203 -0.900946 -0.389128
v -67.6 7.97031 1248.6
vn -0.724924 -0.422867 0.543754
v -67.6 7.88929 1250.6
vn -0.250142 -0.871236 -0.422346
v -67.6 7.88929 1250.6
vn 0.0647257 -0.996971 0.0431203
v -67.6 7.88929 1250.6
vn -0.81763 -0.476945 -0.322497
v -67.6 7.88929 1250.6
vn -0.132353 -0.980096 -0.147971
v -67 7.91094 1250.2
vn -0.988119 -0.0373793 0.149075
v -67.4081 7.6 1252.2
vn -0.419344 0.855646 0.303349
v -67.4081 7.6 1252.2
vn -0.75232 -0.316029 0.578048
v -67.4081 7.6 1252.2
vn -0.844277 -0.204754 0.495249
v -66.4 7.39531 1253.4
vn -0.844277 -0.204754 0.495249
v -66.3324 7.6 1253.6
vn -0.755271 0 0.655412
v -66.2 7.2 1254.74
vn -0.00276768 0.992516 -0.122083
v -66.2 7.2 1254.74
vn 0.29189 0 -0.956452
v -66.2 7.2 1254.74
vn 0.00945706 -0.999823 -0.0162695
v -67.3977 8.4 1239.8
vn -0.81335 -0.569529 0.118737
v -67.4766 9.6 1247
vn -0.622965 0.652916 0.43083
v -66.8347 9.8 1253.4
vn -0.857494 0 0.514495
v -67.6 10.1703 1250
vn -1 0 0
v -67.6 10.1703 1250
vn -0.660994 -0.311166 0.682834
v -67.6 10.1734 1250.6
vn -1 0 0
v -67.6 10.1734 1250.6
vn -0.391352 0.858668 0.330958
v -67.6 10.1734 1250.6
vn -1 0 0
v -67.6 10.4047 1250
vn -0.28818 0.890977 0.350873
v -67.6 10.4047 1250
vn -0.660994 -0.311166 0.682834
v -67.3117 10 1250.8
vn -0.898026 0.435471 0.0625629
v -67.3117 10 1250.8
vn -0.654245 0.721494 0.226737
v -67.2 10.0579 1252
vn -0.612701 0.733219 0.294935
v -67.2 10.0579 1252
vn -0.0969787 0.995156 0.0160962
v -67.2 10.0579 1252
vn -0.281469 0.945462 0.163941
v -67.2 10.2016 1251
vn -0.819991 0.56656 0.0813961
v -67.2 10.2016 1251
vn 0.00484734 0.93063 -0.365929
v -66.6 10.2953 1252.2
vn -0.137 0.988579 0.0627888
v -66.4 10.0828 1253.6
vn 0.650989 0.00657938 -0.759058
v -65.8 4.6 1223.76
vn 0.671177 0.498803 -0.548377
v -65.8 4.6 1223.76
vn -0.504731 -0.850022 0.150698
v -65.0959 6.6 1257.8
vn -0.825141 0.128803 0.550048
v -65.0959 6.6 1257.8
vn 0.028591 0.970873 0.237884
v -65.0959 6.6 1257.8
vn -0.707551 -0.706545 0.0128466
v -65.0959 6.6 1257.8
vn -0.0685345 -0.981507 -0.178736
v -65.0959 6.6 1257.8
vn -0.825141 0.128803 0.550048
v -64.4605 6.4 1258.8
vn -0.43681 -0.735637 -0.517721
v -64.4605 6.4 1258.8
vn -0.641614 0.100155 -0.760461
v -64.4605 6.4 1258.8
vn -0.43681 -0.735637 -0.517721
v -64.6 6.4 1258.92
vn -0.641614 0.100155 -0.760461
v -64.6 6.4 1258.92
vn -0.557317 0.757928 0.339034
v -64.6 6.4 1258.92
vn -0.133611 -0.984321 -0.11515
v -64.6 6.4 1258.92
vn -0.825141 0.128803 0.550048
v -64.4293 6.6 1258.8
vn -0.641614 0.100155 -0.760461
v -64.4293 6.6 1258.8
vn 0.583954 0.127564 -0.801701
v -65.4 7.59616 1227.4
vn -0.913219 0.0202861 0.406963
v -65.8 8.19516 1253
vn 0.514769 0 -0.857329
v -66 7.19219 1254.8
vn 0.584062 0 -0.811709
v -66 7.20807 1254.8
vn -0.731704 0 0.681622
v -65.8 7.13273 1255.2
vn 0.0186115 0.999799 -0.00742659
v -65.8 7.25781 1255.2
vn -0.162265 -0.87483 -0.456446
v -65.8 7.25781 1255.2
vn -0.707551 -0.706545 0.0128466
v -65.8 7.25781 1255.2
vn 0.707019 0 -0.707194
v -65.6 7.15781 1255.2
vn -0.640171 0 -0.768233
v -65.6 7.15781 1255.2
vn -0.130295 -0.938569 -0.319548
v -65.6 7.11633 1255.4
vn -0.0752125 -0.996109 -0.045925
v -65.6 7.25192 1255.2
vn 0.707019 0 -0.707194
v -65.6 7.25192 1255.2
vn 0.0293978 0.998267 0.0509818
v -65.6 7.25192 1255.2
vn -0.640171 0 -0.768233
v -65.6 7.25192 1255.2
vn -0.489878 0.801696 0.342495
v -65.6 7.25192 1255.2
vn -0.707551 -0.706545 0.0128466
v -65.5353 7 1255.6
vn -0.646527 -0.754295 -0.114202
v -64.4712 8 1263.2
vn -0.40859 0.869458 0.277662
v -64.4712 8 1263.2
vn -0.921171 -0.124966 0.368549
v -64.4712 8 1263.2
vn -0.743863 0.396795 0.537793
v -65.9096 9.4 1254.8
vn -0.644917 0.75952 0.084916
v -65.9096 9.4 1254.8
vn 0.0297678 0.966649 -0.254369
v -65.9096 9.4 1254.8
vn -0.455117 0.705539 0.543216
v -66 9.6 1254.53
vn -0.743863 0.396795 0.537793
v -66 9.6 1254.53
vn -0.145894 0.975452 0.164952
v -66 9.6 1254.53
vn -0.00929225 0.994842 -0.101011
v -65.4 9.54219 1255.4
vn -0.940665 0.33465 -0.0561963
v -65.7 9.2 1256.8
vn -0.50058 -0.86347 -0.0619608
v -65.7516 9.4 1256
vn -0.932459 0.331731 0.143091
v -65.7516 9.4 1256
vn -0.502644 0.85215 0.145569
v -65.6288 9.4 1256.8
vn -0.911441 0.324253 -0.253248
v -65.8111 9.2 1257.2
vn -0.507838 0.765936 0.394263
v -65.8111 9.2 1257.2
vn -0.828508 0 0.559976
v -65.8111 9.2 1257.2
vn -0.707026 0 -0.707188
v -65.2 8.81452 1258.6
vn -0.327511 0.944302 0.03209
v -65.2 8.81452 1258.6
vn -0.872509 -0.163754 0.46034
v -65.2 8.81452 1258.6
vn -0.828508 0 0.559976
v -65 8.75469 1258.4
vn -0.707026 0 -0.707188
v -65 8.75469 1258.4
vn -0.707026 0 -0.707188
v -65 8.89355 1258.4
vn -0.33102 0.94271 0.0415122
v -65 8.89355 1258.4
vn -0.561587 0.627155 0.539719
v -65 8.89355 1258.4
vn -0.551061 -0.23371 0.801069
v -65.0119 8.6 1259.6
vn -0.334257 0.843466 0.420521
v -65.0119 8.6 1259.6
vn -0.586489 -0.792441 -0.167537
v -64.8432 8.6 1259.2
vn -0.872509 -0.163754 0.46034
v -65 8.87344 1259
vn -0.715117 -0.630618 -0.301543
v -65 8.87344 1259
vn -0.521636 -0.853128 -0.00828135
v -64.6 8.4 1259.82
vn -0.551061 -0.23371 0.801069
v -64.6 8.4 1259.82
vn -0.59881 -0.800891 0
v -64.6 8.4 1260.27
vn -0.620298 -0.363354 0.695129
v -64.6 8.4 1260.27
vn -0.382056 0.818977 0.428147
v -64.6 8.4 1260.27
vn -0.551061 -0.23371 0.801069
v -64.6 8.6 1259.88
vn -0.35043 0.82943 0.435023
v -64.6 8.6 1259.88
vn -0.248708 0.932913 0.260417
v -65.8 10.4484 1252.6
vn -0.0874056 0.995951 0.0210029
v -65.2778 10.2 1254
vn 0.65862 0.304258 -0.688221
v -64.3147 4.4 1225.4
vn -0.618702 -0.783593 0.0564795
v -63.6 4.92969 1264.6
vn -0.637706 0.555426 0.533697
v -63.6 4.92969 1264.6
vn -0.961755 0.19751 0.189783
v -63.6 4.92969 1264.6
vn -0.569162 0.753499 0.329081
v -63.2714 4.8 1266.4
vn -0.961755 0.19751 0.189783
v -63.2714 4.8 1266.4
vn -0.752113 0.584324 0.304783
v -63.2644 4.2 1268
vn -0.803621 -0.476768 0.356209
v -63.2644 4.2 1268
vn -0.784551 0.592214 0.183745
v -63.4 4.4 1266.97
vn 0.329457 -0.828267 -0.453245
v -63.4 4.4 1266.97
vn 0.550184 0.352693 -0.756905
v -63.4 4.4 1266.97
vn -0.62141 0.681111 0.387217
v -63.2 4.52408 1267
vn -0.50035 0.820118 -0.277588
v -63.2 4.52408 1267
vn -0.744013 -0.606411 0.280552
v -63.2 4.52408 1267
vn 0.552096 0.353919 -0.754938
v -63.0846 4.4 1267.2
vn 0.552096 0.353919 -0.754938
v -63.2 4.58 1267.2
vn 0.62561 0.758393 0.1829
v -63.2 4.58 1267.2
vn -0.264425 0.475989 -0.838757
v -63.2 4.53175 1267.4
vn 0.62561 0.758393 0.1829
v -63.2 4.53175 1267.4
vn -0.50035 0.820118 -0.277588
v -63.1865 4.6 1267.2
vn -0.500922 0.821055 0.273765
v -63.1865 4.6 1267.2
vn -0.264425 0.475989 -0.838757
v -63.0771 4.6 1267.4
vn -0.486325 0.82614 0.28457
v -63.0771 4.6 1267.4
vn 0.331184 -0.827454 -0.453471
v -63 4.21476 1267.6
vn -0.73823 -0.582423 0.340294
v -63 4.4 1267.26
vn -0.264425 0.475989 -0.838757
v -63 4.4 1267.26
vn 0.554004 0.355142 -0.752963
v -63 4.4 1267.26
vn 0.62561 0.758393 0.1829
v -63 4.4 1267.26
vn -0.206466 -0.970948 -0.120963
v -63 4.4 1267.26
vn -0.311705 -0.949956 0.0205738
v -63.1476 4 1269
vn -0.812699 -0.324208 0.484158
v -63.1476 4 1269
vn -0.190265 0.880128 -0.434942
v -63.1476 4 1269
vn -0.476776 0.83187 0.284035
v -63.1476 4 1269
vn -0.311705 -0.949956 0.0205738
v -63 3.95156 1269
vn 0.346822 -0.82213 -0.45146
v -63 3.95156 1269
vn -0.190265 0.880128 -0.434942
v -63 4 1268.94
vn 0.319755 -0.757968 -0.568543
v -63 4 1268.94
vn 0.460134 0.344839 -0.818146
v -63 4 1268.94
vn 0.460134 0.344839 -0.818146
v -62.8852 4 1269
vn 0.536047 -0.27794 -0.797122
v -62.8852 4 1269
vn -0.80878 0.419352 0.412333
v -62.8852 4 1269
vn -0.43681 -0.735637 -0.517721
v -64.4 6.36406 1258.8
vn -0.125928 -0.984876 -0.119
v -64.4 6.36406 1258.8
vn -0.752971 -0.605799 0.256986
v -64.1694 6 1261
vn -0.859171 -0.0619349 0.507926
v -64.1694 6 1261
vn -0.607526 -0.00859127 -0.794253
v -64.1694 6 1261
vn -0.5784 0.801547 0.151577
v -64.1694 6 1261
vn -0.693322 0.261003 -0.671701
v -64 5.6 1261.96
vn 0.437856 0.325623 -0.838005
v -64 5.6 1261.96
vn 0.423347 -0.751906 -0.505386
v -64 5.6 1261.96
vn -0.752971 -0.605799 0.256986
v -64 5.8 1261.03
vn -0.180892 -0.981969 0.0549172
v -64 5.8 1261.03
vn 0.148049 -0.870368 -0.469618
v -64 5.8 1261.03
vn -0.573022 0.767628 0.28704
v -63.8148 6 1261.6
vn -0.859171 -0.0619349 0.507926
v -63.8148 6 1261.6
vn -0.603833 0.784286 0.142411
v -63.9109 6.2 1260.8
vn -0.607526 -0.00859127 -0.794253
v -63.9109 6.2 1260.8
vn -0.885818 -0.0638558 -0.459619
v -63.8 5.79531 1261.6
vn -0.859171 -0.0619349 0.507926
v -63.8 5.79531 1261.6
vn -0.0653989 -0.986157 -0.152373
v -63.8 5.79531 1261.6
vn -0.517714 -0.52332 -0.676837
v -63.8 6 1260.72
vn -0.607526 -0.00859127 -0.794253
v -63.8 6 1260.72
vn 0.0417351 -0.941362 -0.334807
v -63.8 6 1260.72
vn -0.693322 0.261003 -0.671701
v -64.2278 5.6 1262.2
vn -0.396387 0.904134 0.159434
v -64.2278 5.6 1262.2
vn -0.818355 0.439106 0.370785
v -64.2278 5.6 1262.2
vn -0.490682 0.85572 0.16424
v -64 5.69048 1262
vn 0.0566231 -0.972359 -0.226522
v -64 5.69048 1262
vn -0.693322 0.261003 -0.671701
v -64 5.69048 1262
vn 0.437856 0.325623 -0.838005
v -64 5.69048 1262
vn 0.437856 0.325623 -0.838005
v -63.6 5.66719 1262.2
vn 0.125482 0.944788 -0.302704
v -63.8 5.27656 1264
vn -0.637706 0.555426 0.533697
v -63.8 5.27656 1264
vn -0.818355 0.439106 0.370785
v -63.6 5.25 1264
vn -0.0865441 -0.651612 -0.753599
v -63.6 5.25 1264
vn 0.125482 0.944788 -0.302704
v -63.6 5.25 1264
vn -0.871226 0.467475 -0.149776
v -63.6 5.25 1264
vn -0.637706 0.555426 0.533697
v -63.6 5.31406 1264.2
vn -0.871226 0.467475 -0.149776
v -63.6 5.31406 1264.2
vn -0.961755 0.19751 0.189783
v -63.6 5.31406 1264.2
vn -0.445938 0.859243 0.250681
v -63.6 5.31406 1264.2
vn -0.818355 0.439106 0.370785
v -63.5195 5.4 1264
vn -0.871226 0.467475 -0.149776
v -63.5195 5.4 1264
vn 0.608535 0.112684 -0.785486
v -64.2153 7.2 1228.2
vn 0.611467 0.153662 -0.776206
v -63.7534 7.6 1228.6
vn -0.640171 0 -0.768233
v -64.2 7.2 1254.03
vn -0.109369 -0.960352 -0.256444
v -64.2 7.2 1254.03
vn -0.456309 -0.854912 0.246793
v -63.1129 7.4 1254.4
vn -0.620298 -0.363354 0.695129
v -64.3325 8.2 1260.4
vn -0.921055 0.369537 0.122882
v -64.3325 8.2 1260.4
vn -0.833238 0.544419 -0.0965534
v -64.2 8.13125 1261.6
vn -0.921055 0.369537 0.122882
v -64.2 8.13125 1261.6
vn -0.203235 0.975666 0.0822882
v -64.2 8.13125 1261.6
vn -0.313544 0.948451 0.0461573
v -64.4 8.07344 1263
vn -0.841495 0.536461 -0.0640072
v -63.6946 7.4 1265.8
vn -0.49086 0.822553 0.287165
v -63.6946 7.4 1265.8
vn -0.921171 -0.124966 0.368549
v -63.6 7.47679 1265.2
vn -0.841495 0.536461 -0.0640072
v -63.6 7.47679 1265.2
vn -0.841495 0.536461 -0.0640072
v -63.5367 7.6 1265.4
vn -0.383165 0.882668 0.27218
v -63.5367 7.6 1265.4
vn -0.323534 0.917014 0.23326
v -63.2548 7.4 1266.4
vn -0.976226 -0.188419 0.107148
v -63.2548 7.4 1266.4
vn -0.939365 -0.329032 -0.096598
v -63.2 7.30217 1266.2
vn -0.308453 -0.936702 -0.165665
v -63.2 7.2 1266.55
vn -0.297368 0.92847 -0.222522
v -63.2 7.2 1266.55
vn -0.23982 -0.954086 -0.179458
v -63.6879 7.2 1267.2
vn -0.920181 0.00374267 0.391475
v -63.6879 7.2 1267.2
vn -0.922506 0.0466388 0.383155
v -63.4 7 1267.88
vn -0.844845 -0.461095 0.271346
v -63.4 7 1267.88
vn -0.951934 -0.0360035 0.304181
v -63 7.42031 1267.2
vn -0.167426 0.981077 0.0972427
v -63.0071 7.2 1268.8
vn -0.173137 0.929176 0.326581
v -63.0071 7.2 1268.8
vn -0.419785 0.808132 0.413162
v -63.8 9.27969 1259.2
vn -0.0586851 0.715498 0.696145
v -63.8 9.27969 1259.2
vn 0.0412418 0.995609 -0.0840371
v -63.8 9.27969 1259.2
vn -0.369642 0.843644 0.389397
v -64.2256 8.4 1260.6
vn -0.921055 0.369537 0.122882
v -64.2256 8.4 1260.6
vn 0.180064 0.896751 -0.404246
v -64.4 11.1891 1247.4
vn -0.252816 -0.917638 0.306634
v -62.4 1.85781 1230
vn 0.696608 0.280861 -0.660192
v -62.6 3.4 1226.59
vn 0.68533 -0.0726052 -0.724605
v -61.2525 3.2 1228
vn -0.842802 -0.359193 0.400829
v -62.2911 3.4 1272.4
vn -0.438096 0.886886 0.146642
v -62.2911 3.4 1272.4
vn -0.842802 -0.359193 0.400829
v -62.0156 3.2 1272.8
vn -0.947318 0.248599 -0.201959
v -62.0156 3.2 1272.8
vn -0.602225 0.764048 0.231423
v -62.0058 3.4 1273
vn -0.947318 0.248599 -0.201959
v -62.0058 3.4 1273
vn -0.839493 -0.28819 0.460649
v -62 3.52857 1272.2
vn -0.371916 0.926674 0.0543477
v -62 3.52857 1272.2
vn -0.568743 -0.780397 0.259831
v -62 3.52857 1272.2
vn -0.568743 -0.780397 0.259831
v -61.8 3.38281 1272.2
vn 0.00242201 -0.973513 -0.228621
v -61.8 3.38281 1272.2
vn -0.947318 0.248599 -0.201959
v -62.2 3 1273.42
vn -0.78312 0.589025 0.199433
v -62.2 3 1273.42
vn -0.197716 -0.917989 -0.343809
v -62.2 3 1273.42
vn -0.0235479 -0.978213 -0.206265
v -62 2.74531 1274
vn -0.559817 0.780035 0.279554
v -61.8 2.45469 1276.6
vn -0.959434 -0.0891531 0.267465
v -61.8 2.45469 1276.6
vn -0.262149 -0.956483 -0.128134
v -62.6 4.88594 1264.2
vn -0.50035 0.820118 -0.277588
v -62.6 4.95781 1267.2
vn -0.794256 0.460624 0.396211
v -62.8 4.16429 1269
vn -0.803621 -0.476768 0.356209
v -62.8 4.16429 1269
vn -0.190265 0.880128 -0.434942
v -62.6795 4.2 1269.2
vn 0.460134 0.344839 -0.818146
v -62.6795 4.2 1269.2
vn 0.020202 -0.97886 -0.203531
v -62.6 3.97656 1269.2
vn -0.803621 -0.476768 0.356209
v -62.6 3.97656 1269.2
vn -0.568743 -0.780397 0.259831
v -62.4635 3.6 1271.4
vn 0.110553 -0.874803 -0.471697
v -62.4635 3.6 1271.4
vn -0.254582 0.953116 -0.16358
v -62.4635 3.6 1271.4
vn -0.520119 0.813802 0.259235
v -62.4635 3.6 1271.4
vn -0.949406 -0.0470936 0.3105
v -62.4721 3.8 1270
vn 0.0940244 -0.971985 -0.215417
v -62.4721 3.8 1270
vn -0.619625 0.729489 0.289673
v -62.4328 4 1270.2
vn 0.197794 -0.740509 -0.64228
v -62.2 3.67037 1271.4
vn -0.989206 0.103617 0.103609
v -62.2 3.67037 1271.4
vn -0.254582 0.953116 -0.16358
v -62.2 3.67037 1271.4
vn -0.527291 0.809944 0.256817
v -62.2 3.8 1271.27
vn -1 0 0
v -62.2 3.70469 1271.6
vn -0.500558 0.828365 0.251502
v -62.2 3.70469 1271.6
vn -0.596626 0.763288 0.24785
v -61.6 3.64219 1273
vn -0.828839 0.171716 -0.532484
v -61.2907 5 1276.2
vn -0.690253 -0.723396 0.0157777
v -61.2907 5 1276.2
vn -0.849345 0.299163 0.434872
v -61.8047 5 1277
vn -0.436811 -0.854661 -0.280627
v -61.8047 5 1277
vn -0.408121 0.900477 0.150258
v -61.8047 5 1277
vn -0.670987 -0.741125 -0.0225923
v -61.4 5.09286 1276.4
vn -0.454299 0.874259 -0.171124
v -61.4 5.09286 1276.4
vn -0.430757 0.689636 0.582109
v -61.4 5.09286 1276.4
vn 0.0671072 0.979165 -0.191658
v -61.4 5.09286 1276.4
vn 0.0425216 0.993117 -0.109132
v -61.4 5.17115 1276.8
vn 0.290979 0.956711 -0.00595732
v -61.4 5.17115 1276.8
vn -0.258655 0.859912 0.440056
v -61.4 5.17115 1276.8
vn -0.45828 -0.855362 -0.241527
v -61.4016 4.4 1278.2
vn -0.999861 0.0127957 0.0106957
v -61.4016 4.4 1278.2
vn -0.75479 0.361238 0.547539
v -61.4 4.36094 1278.4
vn -0.522369 -0.833264 -0.18111
v -61.4 4.36094 1278.4
vn -0.485011 0.745497 0.457164
v -61.4 4.69531 1278
vn -0.999861 0.0127957 0.0106957
v -61.4 4.69531 1278
vn 0.626631 0.224285 -0.746344
v -61.8 5.65469 1229
vn -0.0994318 -0.992576 0.0700412
v -61.6 5.43906 1237.4
vn -0.872912 -0.476149 0.106334
v -62.1328 6.2 1265.8
vn -0.984867 0.0660462 0.160235
v -61.8672 6 1267.8
vn -0.934096 -0.351079 0.0648783
v -62.1342 6.4 1270.8
vn -0.934096 -0.351079 0.0648783
v -62.2 6.6 1270.94
vn -0.717091 0.691247 0.0892093
v -62.2 6.6 1270.94
vn -0.131524 0.943464 0.304264
v -62.2 6.6 1270.94
vn -0.669431 -0.738626 0.0793318
v -62.6293 6.2 1272.2
vn -0.176139 0.842053 -0.509826
v -62.6293 6.2 1272.2
vn -0.460711 0.885869 0.0545972
v -62.6293 6.2 1272.2
vn -0.53692 -0.838809 0.0900918
v -62.6 6.17344 1272.2
vn 0.012816 -0.957354 -0.288635
v -62.6 6.17344 1272.2
vn -0.417753 0.858677 0.296913
v -62.6 6.2 1272.45
vn -0.563678 -0.626317 0.53851
v -62.6 6.2 1272.45
vn -0.307216 -0.338971 -0.889223
v -62.4 6.2 1272.12
vn -0.176139 0.842053 -0.509826
v -62.4 6.2 1272.12
vn -0.158083 -0.966747 -0.201021
v -62.4 6.2 1272.12
vn -0.784926 0.611418 0.100295
v -62.4 6.2 1272.12
vn -0.547856 -0.832474 -0.0827122
v -62.2852 6.4 1271.8
vn -0.96478 -0.21905 -0.145657
v -62.2852 6.4 1271.8
vn -0.752053 0.652238 0.0948841
v -62.2852 6.4 1271.8
vn -0.158083 -0.966747 -0.201021
v -62.0407 6 1272.8
vn -0.563678 -0.626317 0.53851
v -62.0407 6 1272.8
vn -0.710466 -0.655243 -0.256699
v -62.0407 6 1272.8
vn -0.51459 0.76892 0.37942
v -62.2 6.14333 1272.8
vn -0.646115 -0.717915 -0.259102
v -62.2 6.14333 1272.8
vn -0.895578 0.418485 0.151035
v -62.2 6.14333 1272.8
vn -0.507161 0.7906 0.343131
v -62.2 6.41094 1272.4
vn -0.752053 0.652238 0.0948841
v -62.2 6.41094 1272.4
vn 0.118152 0.992688 -0.0247075
v -62.2 6.41094 1272.4
vn -0.55658 -0.600697 -0.573918
v -61.6472 6 1271.6
vn -0.130245 -0.980478 -0.147305
v -61.6472 6 1271.6
vn -0.323138 -0.940399 -0.105975
v -61.6472 6 1271.6
vn -0.769081 -0.58728 -0.252224
v -61.6472 6 1271.6
vn -0.868722 0.358346 0.34192
v -62.2 5.8 1273.75
vn -0.736899 -0.481863 0.474118
v -62.2 5.8 1273.75
vn -0.239397 -0.959158 -0.150684
v -62.2 5.8 1273.75
vn -0.444937 0.833372 0.327905
v -62.0983 6 1273.8
vn -0.130245 -0.980478 -0.147305
v -61.8 5.62969 1274.2
vn -1 0 0
v -61.8 5.62969 1274.2
vn -0.555175 -0.829532 0.0604773
v -61.8 5.62969 1274.2
vn -0.736899 -0.481863 0.474118
v -61.8 5.8 1274.37
vn -0.297326 0.775249 0.557303
v -61.8 5.8 1274.37
vn -1 0 0
v -61.8 5.8 1274.37
vn 0.178149 0.947371 -0.265992
v -61.4 6.45156 1273.6
vn -0.379069 -0.735157 0.562006
v -62.3121 5.4 1275.4
vn -0.758025 0.499523 -0.419374
v -62.3121 5.4 1275.4
vn -0.184195 0.94419 0.273088
v -62.3121 5.4 1275.4
vn -0.319185 -0.804997 0.500101
v -62.2 5.34219 1275.4
vn -0.370423 -0.553479 -0.745954
v -62.2 5.40217 1275.2
vn -0.758025 0.499523 -0.419374
v -62.2 5.40217 1275.2
vn -0.430757 0.689636 0.582109
v -61.719 5.4 1275.8
vn -0.319185 -0.804997 0.500101
v -61.719 5.4 1275.8
vn -0.143293 0.951623 0.271809
v -61.719 5.4 1275.8
vn -0.0524115 0.96689 0.249753
v -61.8 5.67344 1274.8
vn -0.370423 -0.553479 -0.745954
v -61.8 5.67344 1274.8
vn -0.758025 0.499523 -0.419374
v -61.8 5.67344 1274.8
vn -0.555175 -0.829532 0.0604773
v -61.8 5.67344 1274.8
vn -0.70803 -0.704106 0.0541137
v -61.6 5.26491 1275.6
vn -0.255377 -0.864938 0.432047
v -61.6 5.26491 1275.6
vn -0.0194811 -0.98966 -0.142102
v -61.6 5.53959 1274.8
vn -0.370423 -0.553479 -0.745954
v -61.6 5.53959 1274.8
vn -0.555175 -0.829532 0.0604773
v -61.6 5.53959 1274.8
vn 0.0355587 -0.988577 -0.146463
v -61.6 7.57344 1243.6
vn -0.380599 0.744216 0.548897
v -61.6 9.70469 1257.8
vn 0.0837656 0.976635 -0.197909
v -62.3982 9.2 1259.4
vn -0.649057 0.741771 0.168824
v -62.3982 9.2 1259.4
vn -0.162373 0.9089 0.384103
v -62.2 9.37344 1259.4
vn -0.644995 0.73713 0.201547
v -62.2 9.26406 1259.8
vn -0.104039 0.959359 0.262309
v -62.2 9.26406 1259.8
vn 0.234472 0.687161 -0.687628
v -62.2 9.26406 1259.8
vn -0.0586851 0.715498 0.696145
v -61.8 9.83281 1258.8
vn -0.652398 0.74559 0.135914
v -61.8 9.83281 1258.8
vn -0.154379 0.898715 0.410462
v -62.74 11.4 1243.4
vn -0.154379 0.898715 0.410462
v -62.6393 11.6 1243
vn -0.505937 0 0.86257
v -60.4 -1.21094 1304.2
vn -1 0 0
v -60.4 -1.21094 1304.2
vn -0.494806 -0.352588 0.794259
v -60.4 -1.21094 1304.2
vn 0.310892 -0.814451 0.489914
v -60.4 -1.21094 1304.2
vn -0.271155 -0.758735 -0.592281
v -60.5279 0 1287.2
vn -0.336437 -0.941403 0.023881
v -60.5279 0 1287.2
vn -0.701566 0.71009 0.0598128
v -60.5279 0 1287.2
vn -0.826089 -0.510469 0.238743
v -60.5279 0 1287.2
vn -0.264658 -0.964295 0.00952163
v -60.2 -0.117187 1287.2
vn -0.119618 -0.857801 -0.499869
v -60 0.279688 1286.6
vn -0.633803 -0.772786 -0.0330979
v -60 0.279688 1286.6
vn -0.826089 -0.510469 0.238743
v -60.1891 0.2 1288.8
vn -0.889704 -0.24413 -0.385781
v -60.1891 0.2 1288.8
vn -0.327729 -0.7949 -0.510615
v -60.1891 0.2 1288.8
vn -0.757423 0.330525 0.563084
v -60.7182 -0.4 1290.4
vn -0.672196 0.738358 0.0545895
v -60.7182 -0.4 1290.4
vn -0.757423 0.330525 0.563084
v -60.6 -0.469812 1290.6
vn -0.914394 0.399023 0.0682935
v -60.6 -0.469812 1290.6
vn -0.778069 0.625674 0.0560436
v -60.4823 -0.2 1290.6
vn -0.826089 -0.510469 0.238743
v -59.8263 -0.2 1289.2
vn -0.311135 -0.798064 -0.516032
v -59.8263 -0.2 1289.2
vn -0.577908 -0.561653 0.592089
v -60.4524 -0.2 1291
vn -0.684188 -0.717802 0.129019
v -60.4524 -0.2 1291
vn -0.36701 -0.928435 0.0575494
v -60.2446 -0.2 1293.6
vn -0.927529 -0.370407 -0.0498927
v -60.2446 -0.2 1293.6
vn -0.11327 -0.946774 -0.301311
v -60.2446 -0.2 1293.6
vn -0.877225 0.479937 -0.0117152
v -60.2446 -0.2 1293.6
vn -0.915871 -0.398814 0.0461242
v -60.1703 0 1292.6
vn -0.858363 0.513004 -0.00631222
v -60.2984 -0.2 1294.6
vn -0.858388 0.511971 0.0324814
v -60.2672 -0.2 1295.4
vn -0.965164 -0.255392 -0.0568662
v -60.2672 -0.2 1295.4
vn -0.0621245 -0.902601 -0.425972
v -60.2672 -0.2 1295.4
vn 0.25325 -0.953414 0.163908
v -59.8 -0.339062 1294
vn 0.150161 -0.910926 -0.384273
v -59.8 -0.339062 1294
vn -0.081777 -0.874803 -0.477527
v -60.2 -0.676562 1296.4
vn -0.386695 -0.90568 0.173813
v -60.2 -0.676562 1296.4
vn -0.965164 -0.255392 -0.0568662
v -60.3203 -0.4 1297.2
vn -0.377191 -0.924906 0.0476985
v -60.3203 -0.4 1297.2
vn -0.789714 0.0503892 -0.611402
v -60.8 -1.19524 1303.2
vn -0.774603 0.588646 0.23127
v -60.8 -1.19524 1303.2
vn -0.845972 0.496543 0.194359
v -60.8 -1.19524 1303.2
vn -0.439796 0.894211 -0.0834619
v -60.8 -1.19524 1303.2
vn -0.933535 0.357766 0.0227057
v -60.4907 -1.2 1302.8
vn -0.789714 0.0503892 -0.611402
v -60.4907 -1.2 1302.8
vn 0.379261 0.766278 0.518632
v -60.1359 -0.4 1303.4
vn -0.649274 -0.0650691 0.757766
v -60.1359 -0.4 1303.4
vn -0.789714 0.0503892 -0.611402
v -60.1172 -0.2 1302.4
vn -0.505937 0 0.86257
v -60.6 -1.2 1304.08
vn -0.845972 0.496543 0.194359
v -60.6 -1.2 1304.08
vn -0.845972 0.496543 0.194359
v -60.4 -0.905172 1304.2
vn -1 0 0
v -60.4 -0.905172 1304.2
vn -0.428865 0.900943 -0.0661562
v -60.4 -0.905172 1304.2
vn 0.2769 0.948407 0.154439
v -60.4 -0.905172 1304.2
vn -0.745892 -0.477569 0.464299
v -60.4 -0.905172 1304.2
vn 0.2769 0.948407 0.154439
v -60.4 -0.970312 1304.6
vn 0.310892 -0.814451 0.489914
v -60.4 -0.970312 1304.6
vn -0.745892 -0.477569 0.464299
v -60.2183 -0.8 1304.6
vn 0.560839 -0.517899 0.645941
v -60.2183 -0.8 1304.6
vn 0.987238 0.109765 0.115377
v -60.2183 -0.8 1304.6
vn -0.452673 -0.187907 0.871653
v -60.134 -1.2 1304.4
vn -0.414913 0.653469 0.633107
v -60.134 -1.2 1304.4
vn -0.675513 0.0075218 0.73731
v -60.134 -1.2 1304.4
vn 0.600728 -0.400531 0.691882
v -60.2 -1.04091 1304.4
vn 0.582057 -0.460221 0.670378
v -60.1727 -1 1304.4
vn -0.069202 0.893984 0.442724
v -60.1727 -1 1304.4
vn 0.987238 0.109765 0.115377
v -60.1727 -1 1304.4
vn 0.2769 0.948407 0.154439
v -60.2 -1 1304.42
vn 0.310892 -0.814451 0.489914
v -60.2 -1 1304.42
vn -0.745892 -0.477569 0.464299
v -60.2 -1 1304.42
vn 0.582057 -0.460221 0.670378
v -60.2 -1 1304.42
vn -0.760596 0.547257 0.34929
v -60.1482 -0.8 1304
vn 0.167022 0.895519 0.412491
v -60.1482 -0.8 1304
vn 0.987238 0.109765 0.115377
v -60.1482 -0.8 1304
vn -0.596584 0.175138 0.783207
v -59.8 -0.8 1303.75
vn -0.461841 0.647368 0.606314
v -59.8 -0.8 1303.75
vn -0.996841 -0.0778782 -0.0155756
v -59.6828 0.2 1304
vn -0.645331 -0.309199 0.69853
v -59.6828 0.2 1304
vn -0.989807 -0.0450356 0.135109
v -61 1.64546 1279.2
vn -0.140366 -0.938773 -0.314646
v -61 1.64546 1279.2
vn -0.669685 0.65625 0.347646
v -61 1.8 1279.25
vn -0.141851 -0.934799 -0.325621
v -61 1.36719 1279.8
vn -0.863183 0.396379 0.312728
v -61 1.36719 1279.8
vn -0.763507 -0.564245 0.314142
v -61 1.36719 1279.8
vn -0.801823 -0.416518 0.428477
v -60.6951 1.4 1280.6
vn 0.0643236 -0.969928 -0.234739
v -60.2 1.06406 1281.2
vn -0.395584 -0.790186 0.468103
v -60.2 1.06406 1281.2
vn -0.831984 -0.275284 0.481686
v -60.175 1.4 1281.4
vn -0.588105 -0.139624 -0.796642
v -60 1 1282.58
vn -0.929966 0.367164 0.0188281
v -60 1 1282.58
vn -0.0421867 -0.813386 -0.580192
v -60 1 1282.58
vn -0.346585 -0.867795 0.356104
v -59.9982 1.2 1281.6
vn -0.882499 0.40669 0.236219
v -60 1.4 1281.76
vn -0.974366 0.0517198 0.218941
v -59.8953 1.4 1282.2
vn -0.588105 -0.139624 -0.796642
v -59.8516 1.4 1282.4
vn -0.951655 -0.225936 0.208102
v -59.8 1.18281 1282.4
vn -0.588105 -0.139624 -0.796642
v -59.8 1.18281 1282.4
vn -0.0671201 -0.789368 -0.61024
v -59.8 1.18281 1282.4
vn -0.83399 -0.548122 0.0634319
v -59.8 1.29107 1282.2
vn -0.0997812 -0.875114 -0.473517
v -59.8 1.29107 1282.2
vn -0.908712 -0.181111 -0.376087
v -60.1119 0.8 1283.4
vn -0.851339 0.523973 0.0259782
v -60.1119 0.8 1283.4
vn -0.0891329 -0.994408 -0.0566381
v -59.8268 0.6 1284
vn -0.953335 -0.301812 -0.00790536
v -59.8268 0.6 1284
vn -0.925198 0.353881 -0.137029
v -59.8268 0.6 1284
vn 0.240054 -0.966179 -0.0941952
v -59.8268 0.6 1284
vn -0.502113 -0.375219 -0.779162
v -60 0.8 1283.13
vn -0.908712 -0.181111 -0.376087
v -60 0.8 1283.13
vn -0.502113 -0.375219 -0.779162
v -60 1 1283.03
vn -0.908712 -0.181111 -0.376087
v -60 1 1283.03
vn -0.903775 0.42737 0.0233536
v -60 1 1283.03
vn -0.0440279 -0.966685 -0.252153
v -59.8 0.801563 1283
vn -0.502113 -0.375219 -0.779162
v -59.8 0.801563 1283
vn -0.916853 -0.396041 -0.0503251
v -59.6797 1.8 1282.8
vn -0.809796 -0.582036 -0.073926
v -59.8525 0.8 1285.6
vn -0.460536 -0.850541 0.253941
v -59.8525 0.8 1285.6
vn -0.0368889 -0.95593 -0.291267
v -59.8525 0.8 1285.6
vn -0.833731 -0.50263 0.228594
v -59.8047 1.2 1285.4
vn -0.489655 -0.790913 0.367008
v -59.8 0.489063 1285
vn 0.361451 -0.889989 -0.277978
v -59.8 0.489063 1285
vn 0.0518613 -0.996011 -0.0726144
v -59.8 0.489063 1285
vn -0.873498 -0.486375 0.020974
v -59.6391 1.8 1285.6
vn -0.963964 -0.251962 -0.0853784
v -59.6391 1.8 1285.6
vn 0.125152 -0.858909 -0.4966
v -60.1258 0.4 1286.2
vn -0.869464 0.491904 -0.0454044
v -60.1258 0.4 1286.2
vn -0.345224 -0.248128 -0.905126
v -60.1258 0.4 1286.2
vn -0.789857 0.612911 0.0215756
v -60.1571 0.4 1286.8
vn -0.633803 -0.772786 -0.0330979
v -60.1571 0.4 1286.8
vn -0.922814 0.385038 -0.0126188
v -59.8891 0.8 1286
vn -0.345224 -0.248128 -0.905126
v -59.8891 0.8 1286
vn -0.345224 -0.248128 -0.905126
v -59.8 0.676087 1286
vn 0.225035 -0.707517 -0.66991
v -59.8 0.676087 1286
vn -0.0368889 -0.95593 -0.291267
v -59.8 0.676087 1286
vn -0.503971 0.838121 0.208725
v -59.9145 1.8 1290.4
vn -0.882592 0.33266 0.332218
v -59.9145 1.8 1290.4
vn -0.956301 -0.292379 0.00149658
v -59.6797 1.2 1290.6
vn -0.924274 0.348371 0.156061
v -59.7641 1.6 1291
vn -0.487539 0.866203 0.109531
v -59.6887 1.8 1291
vn -0.769042 -0.572451 -0.284385
v -60.0463 1.8 1293.8
vn -0.906376 0.410874 -0.0983086
v -60.0463 1.8 1293.8
vn -0.935441 0.35258 -0.0252472
v -59.8234 1.6 1293.2
vn -0.574903 0.604987 -0.550887
v -59.8234 1.6 1293.2
vn -0.465301 0.88127 0.0828115
v -59.8234 1.6 1293.2
vn -0.995635 0.0933374 0
v -59.8047 1.8 1293.4
vn -0.784468 -0.40015 -0.473804
v -59.8047 1.8 1293.4
vn -0.820193 0.55905 0.121431
v -60.1548 1.8 1294.8
vn -0.976045 -0.215174 0.0321801
v -59.9391 1.8 1295.2
vn -0.829306 0.481583 0.283424
v -59.9391 1.8 1295.2
vn -0.888177 0.432584 0.15496
v -59.862 1.6 1296.2
vn -0.522792 0.826854 0.207366
v -59.862 1.6 1296.2
vn -0.356219 0.926976 -0.117572
v -59.862 1.6 1296.2
vn -0.591855 -0.801789 -0.0827088
v -59.862 1.6 1296.2
vn -0.993673 -0.060637 -0.0945335
v -59.862 1.6 1296.2
vn -0.576415 0.704314 0.414353
v -59.862 1.6 1296.2
vn -0.989862 -0.141422 -0.0131328
v -60.4016 1.4 1302
vn -0.710957 0.68861 0.142676
v -60.4328 1.6 1302.2
vn -0.74882 -0.651978 -0.119135
v -60.3453 1.4 1302.8
vn -0.721736 0.618224 0.31128
v -60.3453 1.4 1302.8
vn -0.852178 0.510553 -0.114583
v -60.3453 1.4 1302.8
vn -0.675752 -0.732043 -0.0864389
v -59.9435 1 1302.6
vn -0.951147 0.269839 0.150021
v -60.4525 1.2 1304
vn -0.800255 0.357809 0.481212
v -60.3047 1.2 1304.4
vn -0.655109 -0.616421 0.436872
v -60 0.898438 1304
vn -0.712022 0.066198 0.69903
v -60 1.14219 1304.6
vn -0.974393 -0.223014 0.0286988
v -59.6953 0.4 1303.8
vn -0.696285 -0.713313 -0.0798225
v -59.7172 0.6 1304.2
vn -0.68183 -0.304505 0.66512
v -59.7172 0.6 1304.2
vn -0.950386 0.034117 0.309198
v -60.0864 2.8 1283.2
vn -0.378307 0.919636 0.105608
v -60.0864 2.8 1283.2
vn -0.664576 0.70759 0.240112
v -60.0864 2.8 1283.2
vn -0.367775 0.8415 0.395751
v -60.0864 2.8 1283.2
vn -0.50853 0.858969 0.0597517
v -59.74 2 1287.4
vn -0.643192 0.719404 0.262224
v -59.8 2.2 1286.52
vn -0.995824 -0.0612803 -0.0676778
v -59.8 2.2 1286.52
vn -0.437291 0.834124 0.336177
v -59.8 2.15715 1295
vn -0.52647 -0.64512 0.55376
v -61 5.16094 1236.4
vn 0.290979 0.956711 -0.00595732
v -61.2 5.11406 1277.4
vn -0.0612573 0.988455 0.138576
v -60.2 5.16719 1277.2
vn -0.843577 0.0421074 0.535355
v -61.0373 4 1279
vn -0.471194 -0.847982 -0.2427
v -61.0373 4 1279
vn -0.970254 0.0484306 -0.237196
v -61.0273 4.2 1279
vn -0.56423 0.816141 0.124733
v -61.0273 4.2 1279
vn -0.945598 0.105842 0.30764
v -61.1567 3.8 1279.8
vn -0.911039 -0.346993 -0.22272
v -61.1567 3.8 1279.8
vn -0.414562 -0.871406 -0.262277
v -61.1567 3.8 1279.8
vn -0.467221 0.821595 0.326629
v -61.0266 3.8 1280.2
vn -0.301021 0.902197 0.308912
v -61.0266 3.8 1280.2
vn -0.477087 0.315443 0.820295
v -61.0266 3.8 1280.2
vn -0.492631 0.828431 0.266489
v -61.1839 4 1279.6
vn -0.935921 0.177021 0.304492
v -61.1839 4 1279.6
vn 0.0481178 0.989925 -0.133166
v -61.2 6.45469 1273.8
vn 0.437674 0.843331 -0.311824
v -60 7.14167 1231.6
vn -0.455425 -0.866903 0.202648
v -60.8 7.66094 1251.4
vn 0.232788 0.781873 -0.578347
v -60 9.51406 1260.8
vn 0.180807 -0.901718 -0.392701
v -59.2143 -0.6 1292
vn -0.0279398 -0.98975 -0.14005
v -58.2 -0.910937 1292
vn 0.127488 -0.897738 -0.421678
v -58.4 -0.610937 1292.4
vn -0.342605 -0.933097 0.109328
v -59.6 -0.873437 1296.6
vn 0.00744424 0.941863 0.335916
v -59.6 -1.05469 1304.6
vn -0.414913 0.653469 0.633107
v -59.6 -1.05469 1304.6
vn -0.42051 0.662203 0.620208
v -59 -0.8 1304.35
vn -0.0160798 -0.953429 -0.301188
v -58.2 0.892188 1282.6
vn -0.122294 -0.992386 0.0146285
v -59.2 0.476563 1285.6
vn 0.232047 -0.97235 -0.0262436
v -59.2 0.642188 1285
vn 0.271192 -0.938173 -0.215141
v -59 0.704688 1285.2
vn -0.194574 -0.979095 -0.0592805
v -59 0.704688 1285.2
vn -0.0368889 -0.95593 -0.291267
v -58.8 0.454688 1286.6
vn -0.39408 0.909884 0.129662
v -59.4 1.82031 1293
vn -0.524479 -0.566826 0.635319
v -58.8 1.37692 1305.8
vn 0.0545748 0.816449 -0.574833
v -59.4 3.00469 1284.4
vn -0.46142 0.884854 0.0642233
v -58.9944 3.4 1285
vn 0.103541 0.909579 -0.402425
v -59.15 2 1296.4
vn -0.485658 0.774716 0.404909
v -58.7179 2.2 1297
vn 0.0448671 0.937582 -0.344858
v -58.7179 2.2 1297
vn 0.148084 0.929595 -0.337527
v -58.3 2 1296.6
vn 0.290979 0.956711 -0.00595732
v -59.4 4.57656 1279
vn -0.323231 0.771565 0.547914
v -59.4 4.57656 1279
vn 0.256999 0.833367 -0.489337
v -58.2 4.8 1280.22
vn -0.301021 0.902197 0.308912
v -58.8 3.92656 1282
vn 0.0207132 0.89936 -0.436718
v -58.8 3.92656 1282
vn 0.0798031 0.851231 -0.518688
v -58.6 4.15156 1282.4
vn -0.0694655 0.983448 0.167348
v -58.4 6.46949 1275.4
vn -0.0977614 -0.994839 -0.0271784
v -58.4423 7.2 1246.4
vn 0.0215566 0.886688 -0.461865
v -58.8 9.30469 1261
vn 0.0658757 0.88121 -0.468113
v -58.8 9.51719 1261.4
vn -0.688941 0.0235712 0.724434
v -56.985 -1.4 1306.2
vn -0.473723 -0.806804 0.353063
v -56.9479 0.2 1286.8
vn -0.225344 -0.974278 0.00157365
v -56.6 0.070313 1287.8
vn -0.634013 0.342729 0.693227
v -56.8529 1.2 1307.8
vn 0.010812 -0.964785 -0.262816
v -57.8 3.11094 1273.4
vn 0.330549 -0.827508 -0.453837
v -57.8 3.11094 1273.4
vn -0.406281 0.874939 0.263471
v -57.6 2.09531 1298.6
vn -0.143471 0.975727 0.165447
v -57.6 2.36719 1297.6
vn 0.0543445 0.998398 -0.0157261
v -56.8 2.08594 1303
vn 0.462163 0.65651 -0.596154
v -58 4 1230.76
vn -0.634516 -0.4796 0.606114
v -57.2 5.2 1240.19
vn 0.154757 0.944526 -0.289693
v -57.6 7.22344 1271.6
vn 0.0921959 0.97941 -0.179598
v -57 9.74844 1260.4
vn -0.106387 0.931221 0.348582
v -57 9.74844 1260.4
vn 0.25079 0.953878 -0.164989
v -58 10.8703 1245.6
vn 0.36169 -0.799785 -0.479087
v -55.4 -2.2 1301.21
vn -0.550731 -0.770967 0.319852
v -55 -2.12656 1300.4
vn -0.414913 0.653469 0.633107
v -56.2158 -2.2 1308
vn -0.636611 0.073209 0.767702
v -56.2158 -2.2 1308
vn -0.625424 0.156123 0.764506
v -56 -2.42031 1308.2
vn -0.578873 -0.347497 0.737666
v -56 -2.42031 1308.2
vn -0.174237 0.823872 0.539329
v -55.2 1.91094 1306.4
vn -0.533797 0.479929 0.696224
v -55 1.2 1309.22
vn -0.321785 0.843813 0.429457
v -55 1.2 1309.22
vn -0.673787 0.289817 0.679718
v -55 1.2 1309.22
vn 0.222327 0.877518 -0.424892
v -55 3.29219 1291.8
vn -0.165958 0.946392 0.277129
v -56.4 2.28281 1295.6
vn 0.171072 0.963108 -0.207744
v -55.8 2.06406 1298
vn -0.0866995 0.946061 0.312171
v -56.2 2.18906 1305.6
vn 0.344985 0.757266 -0.554557
v -56.4 4.97656 1281.4
vn -0.229546 0.948747 0.217228
v -55.8 4.42344 1283
vn 0.253879 0.93401 -0.25134
v -55.4 5.2 1234.23
vn -0.347955 0.546871 0.761485
v -55.4 5.6 1277.39
vn -0.00560009 0.913577 0.406627
v -55.4 10.9672 1249
vn -0.0209168 0.921009 0.38898
v -55 10.8922 1249.2
vn -0.0911673 0.921388 0.3778
v -56.4 11.1047 1252.4
vn -0.117697 0.751414 0.64925
v -56 10.9422 1255
vn 0.0266337 0.913139 0.406778
v -56 10.6328 1255.6
vn -0.124861 0.735151 0.666305
v -54.875 10.6 1255.6
vn 0.120725 0.958666 0.257654
v -54.875 10.6 1255.6
vn 0.36169 -0.799785 -0.479087
v -53.6 -2.69531 1303.4
vn -0.650949 -0.214363 0.728227
v -54.6 -2.62969 1309.2
vn -0.219434 -0.939544 0.26288
v -54.0082 -2.6 1309.8
vn -0.284505 -0.562 0.776668
v -54.0082 -2.6 1309.8
vn -0.271934 0.800084 0.534713
v -53.6 1.6 1305.35
vn -0.773911 -0.234461 0.588293
v -53.9823 0.8 1310.4
vn -0.600926 0.36966 0.708689
v -53.9823 0.8 1310.4
vn -0.298134 -0.937695 0.178451
v -54.7266 5 1242.8
vn 0.052263 -0.993818 -0.0979506
v -54.4 5.02969 1244
vn -0.17351 -0.982027 0.0742776
v -54.4 5.02969 1244
vn 0.355023 0.771364 -0.528164
v -54.2179 4.6 1282.4
vn -0.365024 0.669808 0.646618
v -53.8 4.6 1282.24
vn 0.224679 0.86012 -0.457945
v -54.4 4.25469 1287.2
vn 0.0871196 0.968316 0.234038
v -53.8 4.31094 1287.6
vn 0.56891 0.550509 -0.610967
v -53.4 7 1238.91
vn 0.220897 0.892953 -0.392223
v -54.6 8.94531 1266.4
vn -0.464282 -0.444152 0.766271
v -53 -2.4 1310.31
vn -0.505082 0.218137 0.83505
v -53.2 0.4 1311.21
vn -0.563854 0.0837464 0.821618
v -53 0.4 1311.3
vn -0.665499 0.183872 0.723396
v -52.6 0.4 1311.7
vn 0.184822 0.954595 -0.233642
v -52.2 6.24844 1276.2
vn -0.211903 0.848531 0.484863
v -52 6.2 1278.61
vn 0.36169 -0.799785 -0.479087
v -51.4 -2.89844 1305.4
vn -0.475899 0.536869 0.696629
v -51.4 0 1312.87
vn 0.209905 0.954635 -0.211215
v -50.6 4.34531 1284.4
vn 0.550476 0.60675 -0.573437
v -50.4 6.44531 1241.2
vn -0.371285 -0.923658 0.0948878
v -50.8 5.29531 1264.8
vn 0.317232 0.909947 -0.267133
v -50.6 9.67344 1257.4
vn -0.0670487 0.934265 0.35022
v -50.6 9.67344 1257.4
vn -0.131287 0.88349 0.449676
v -51.6 8.82656 1268
vn -0.627828 0.518774 0.580263
v -50.8 8.68594 1267.6
vn -0.237675 0.937307 0.254886
v -50.8 8.68594 1267.6
vn 0.335659 0.85338 -0.398842
v -50.8 8.68594 1267.6
vn -0.632735 0.506004 0.58618
v -50.2 8.51719 1268.4
vn -0.234179 0.862714 0.448202
v -49 7.90781 1270.2
vn 0.39484 0.912198 -0.10953
v -49 7.90781 1270.2
vn -0.417142 0.657984 0.626937
v -49 7.90781 1270.2
vn 0.421252 0.890181 -0.173563
v -49.2 9.4 1258.45
vn 0.104527 0.989166 0.103072
v -48.8643 9.8 1259.6
vn -0.011153 0.962322 0.271685
v -48.8 9.24844 1259
vn 0.335659 0.85338 -0.398842
v -49.2 8.71094 1269
vn -0.148072 0.954321 0.259513
v -49.2 8.6 1269.41
vn 0.24573 -0.894701 -0.372998
v -47.2 -3.71094 1303.6
vn 0.16109 0.977537 0.135912
v -47.2 0.329688 1311.4
vn -0.179391 0.824906 0.536049
v -47.5207 0 1311.8
vn 0.54532 0.772655 -0.325009
v -47.6 0.220313 1312.8
vn -0.0575771 0.899044 0.434056
v -48 -0.689584 1315.6
vn -0.70804 -0.11028 0.697508
v -47.6429 -1.2 1316.2
vn -0.535915 -0.823874 0.184466
v -48 2.92969 1273.8
vn 0.201212 -0.930687 -0.305509
v -47.4 4.32344 1270
vn -0.153547 0.844166 0.513621
v -47.8 4.67656 1282.6
vn -0.152279 0.847677 0.508187
v -47.8 5.73594 1278.8
vn 0.0548603 0.997924 0.0337266
v -47.4 8.47031 1270
vn -0.228441 -0.957239 -0.177505
v -45.6 -4.28281 1316.6
vn -0.232738 0.813615 0.532788
v -45.6 -0.860937 1313.8
vn 0.284975 0.955977 0.0699764
v -46 -0.292187 1315.2
vn 0.315296 0.948818 -0.0182334
v -46.4 0.426563 1306.6
vn -0.408141 -0.905644 0.115017
v -46.2 2.47031 1275.8
vn 0.272338 -0.842588 -0.464625
v -46.2 2.06094 1280
vn -0.480404 -0.869022 0.118375
v -46.2 2.06094 1280
vn 0.0600715 0.964523 0.257073
v -45.5857 3.8 1286.8
vn 0.20218 0.979294 -0.0103598
v -46 7.8 1251.26
vn 0.334284 0.935235 -0.116574
v -45.361 9 1261.8
vn -0.298295 0.739772 0.603124
v -45.8 8.95156 1265.8
vn 0.169307 0.985342 0.0209022
v -44.4538 4.8 1282.4
vn 0.332627 0.923633 -0.190427
v -44.4 8.6 1262.42
vn -0.384314 -0.923158 0.00905873
v -43 -4.69219 1311.2
vn -0.29355 -0.935575 0.196282
v -43.2 2.10156 1250
vn 0.161833 0.982233 0.0950158
v -43.4 5 1280.98
vn 0.314643 0.948154 -0.0447613
v -42.8 4.51094 1283
vn 0.164803 0.979878 0.112598
v -43.4 7.8 1272.02
vn -0.183973 -0.964216 -0.190896
v -40.8 -6.44219 1320
vn -0.64407 -0.690518 0.329178
v -40.8 -4.65156 1304.4
vn -0.628743 -0.712682 0.311073
v -42 -4.39038 1302.6
vn -0.60931 0.342749 0.715027
v -41.4 -4.4 1322.46
vn -0.00475833 0.9101 0.414362
v -41.8 -1.53281 1313.2
vn 0.0798196 0.944913 0.317439
v -40.7154 -2.4 1318.6
vn 0.0858687 0.99244 0.0876905
v -41 7.11719 1256.8
vn -0.31699 0.740733 0.592311
v -41.8 8.22969 1268.6
vn 0.0905644 0.96188 0.25804
v -41.8 8.22969 1268.6
vn -0.143041 0.857199 0.494722
v -40.6 7.68594 1268.6
vn -0.348265 0.679869 0.64536
v -40.6 7.24844 1270.4
vn -0.803877 -0.322634 0.499689
v -39.6 -7.05323 1324
vn -0.647264 0.390342 0.654739
v -39.4172 -5.4 1325
vn 0.660101 0.67803 -0.323329
v -39.4 -2.71406 1318.8
vn -0.0989575 0.961256 0.257282
v -39 6.82031 1258.4
vn 0.209089 0.977893 0.00264243
v -40.2 8 1268.25
vn -0.0988116 0.79442 0.599277
v -39.4 7.4 1269.17
vn 0.0616932 0.920672 0.385432
v -39 7.2 1271.46
vn -0.0539303 0.921785 0.383932
v -40.4 7.33594 1272
vn -0.156861 0.842098 0.51601
v -40.2 7 1274.3
vn 0.294122 -0.795543 -0.52972
v -38.5233 -6.8 1315.4
vn 0.368757 -0.804541 -0.465545
v -38.4 -6.9127 1315.6
vn 0.115875 0.9617 0.248407
v -38.8 3.16032 1287.6
vn -0.194822 0.826001 0.52893
v -38 6.49219 1272.6
vn 0.149376 0.97582 0.159566
v -38 6.49219 1272.6
vn -0.0624521 0.894492 0.4427
v -38.2 7.08594 1271.6
vn -0.149098 -0.975318 -0.162862
v -36.5844 -6.2 1309.4
vn -0.60334 -0.759745 0.242422
v -35.8 -6.69531 1309.8
vn -0.835322 0.0177875 0.549473
v -35 -9.8 1331.1
vn 0.114971 -0.928247 -0.353749
v -34.4 -7.05156 1312.8
vn -0.00551314 0.931648 0.36332
v -34.8167 -7.4 1331
vn 0.170407 -0.917686 -0.358906
v -35 -6 1308.15
vn -0.312305 -0.94926 0.0370416
v -34.4 -3.68281 1298.2
vn 0.436633 -0.665367 -0.605507
v -34.2119 1.4 1254
vn 0.0411076 0.993664 0.104604
v -34.555 6 1263.6
vn -0.280253 0.821053 0.497323
v -34.8 5.44531 1276
vn -0.148863 -0.979089 -0.138653
v -34 -7.37174 1312.6
vn 0.806843 0.517208 -0.285484
v -34 -6.335 1327.8
vn -0.386295 -0.913913 0.124653
v -33.4 -4.04219 1298.8
vn 0.415713 -0.77472 -0.476436
v -33.4 -0.332812 1256.2
vn 0.804339 -0.199927 -0.559525
v -33.1603 -0.2 1256.2
vn -0.261452 0.850652 0.456106
v -32.6 0.454688 1295.4
vn 0.645691 0.462172 -0.607849
v -33 3.04426 1254.8
vn -0.836796 -0.00191286 0.547511
v -31.2641 -11.4 1336.8
vn -0.16993 -0.961736 -0.214914
v -31.8 -10.2 1325.36
vn -0.0670995 -0.971554 -0.227112
v -32.4 -8.00469 1315.4
vn 0.327256 0.93874 0.10803
v -32 -6.78906 1327
vn 0.131144 -0.946065 -0.296246
v -32.2 -4.34844 1300.2
vn 0.787191 -0.249839 -0.563835
v -32.2 -0.254687 1257.6
vn -0.135086 -0.987451 0.0818009
v -32.2 -0.254687 1257.6
vn 0.284365 -0.894274 -0.345557
v -32.2 -0.254687 1257.6
vn -0.160029 -0.984878 -0.0663846
v -31.4 -1.05156 1288.6
vn -0.260508 0.936402 0.235133
v -32.4 4.74531 1260.6
vn 0.527322 0.725156 -0.44281
v -32.4 4.74531 1260.6
vn 0.455019 0.848866 -0.269045
v -31.6 5.30156 1268.2
vn -0.0298512 0.974374 0.222946
v -31.2 5.45156 1268
vn -0.103249 -0.99456 0.0137807
v -29.8 -12.1422 1335.4
vn 0.501665 0.862502 -0.0665061
v -30.6 -7.97969 1333.4
vn -0.251739 0.924103 0.287507
v -29.6 4.62031 1264.2
vn -0.257056 0.892877 0.369721
v -29.4818 4.6 1280.6
vn 0.143781 -0.926186 -0.348579
v -27.8 -10.8578 1326
vn -0.506268 -0.857395 0.0925532
v -27.8 -11.255 1327.6
vn 0.219355 -0.925698 -0.308166
v -27.8 -12.3016 1333
vn -0.679284 -0.608542 0.410183
v -28 -11.8 1341.79
vn -0.00967154 -0.971896 -0.235213
v -28.6 -10.6609 1325.2
vn 0.0209138 0.975864 0.217374
v -29.2 -8.50469 1335.6
vn 0.0400216 0.996816 0.0689649
v -27.8 -9.19219 1340
vn 0.154348 0.984858 0.0789424
v -28 -5.6 1319.38
vn 0.512865 0.761109 -0.397092
v -28.8 4.69219 1264.8
vn 0.0485028 0.994995 0.0873632
v -28.8 4.69219 1264.8
vn 0.182055 0.982963 -0.025294
v -29.2 4.88594 1265.6
vn 0.660203 0.606956 -0.442421
v -27.8 4.72969 1269.2
vn 0.195662 0.978688 -0.0623396
v -27.8 4.99844 1276.6
vn -0.474129 -0.846645 0.241647
v -27.6 -12.6141 1337.2
vn 0.109813 -0.989788 -0.0908845
v -26.8 -12.7609 1338.6
vn -0.236619 -0.921545 0.30784
v -26.8 -12.7609 1338.6
vn 0.289782 -0.887306 -0.358767
v -26.8 -11.1266 1327.2
vn -0.611085 -0.769671 0.184884
v -27.6 -11.2 1328.49
vn -0.285111 -0.956826 0.0565255
v -27.6 -11.2 1328.49
vn 0.473294 -0.798055 -0.372963
v -27.4 -12.4 1338.9
vn -0.768596 -0.424798 0.478338
v -26.6 -11.2 1343.04
vn -0.686221 -0.61834 0.383088
v -27.5203 -10.4 1342.4
vn -0.757733 -0.39534 0.519179
v -27.5203 -10.4 1342.4
vn -0.748267 0.251044 0.614063
v -27.5203 -10.4 1342.4
vn -0.382674 0.852273 0.35664
v -27.2 -8.01094 1328.8
vn 0.307399 0.939364 -0.151991
v -26.6 -4.44844 1315
vn -0.339785 -0.920255 0.194105
v -27 -0.595312 1264.2
vn 0.469125 0.816698 -0.336045
v -26.6 2.4 1261.76
vn 0.143527 -0.969501 -0.198666
v -25.6 -12.7766 1337
vn -0.189338 -0.947311 0.258367
v -24.5828 -12.8 1337.8
vn -0.155815 -0.965594 0.208207
v -24.8 -12.4672 1345.6
vn -0.402295 -0.911379 0.0868708
v -25.8 -11.4578 1328.8
vn 0.0507113 -0.998656 -0.0106752
v -25.8 -12.3391 1340.8
vn -0.792071 0.164508 0.587844
v -26 -12.3641 1344.2
vn -0.710182 0.372855 0.597177
v -24.6703 -11.2 1346.2
vn -0.842261 0.0382461 0.537711
v -24.6703 -11.2 1346.2
vn -0.625484 0.650414 0.430966
v -26 -9.48281 1344.2
vn -0.786673 -0.380665 0.486045
v -25.7109 -10 1345.4
vn -0.566119 0.733857 0.375452
v -25 -9.45156 1345.4
vn -0.811098 0.254719 0.526535
v -24.8 -10.2 1346.9
vn 0.784272 -0.384106 -0.487216
v -24.8 -8 1316.65
vn -0.0981889 0.995155 0.00507554
v -24.4809 -9.2 1344.2
vn -0.46241 0.626932 0.627003
v -24.6 -6.82656 1323.4
vn 0.115292 0.983828 -0.13708
v -24.8 0.239063 1302.2
vn 0.0898058 0.994699 -0.0500853
v -26 1.28594 1295.4
vn 0.165356 0.985747 -0.0309833
v -25.6 4.41406 1269.8
vn 0.646756 0.706687 -0.286879
v -25.4 4.4 1270.42
vn -0.0916231 0.983758 0.154355
v -25 3.94844 1270.2
vn 0.622182 0.707118 -0.335966
v -25 3.94844 1270.2
vn -0.359751 -0.931947 0.0453231
v -23.4 -12.5047 1335
vn 0.42529 -0.849855 -0.311247
v -23.4 -12.5047 1335
vn -0.157086 -0.959985 0.231845
v -23.4 -12.6609 1339
vn 0.263482 -0.924219 -0.276399
v -24 -11.2703 1330.6
vn -0.075453 -0.971095 -0.226455
v -24.2 -11.6922 1332
vn 0.104088 -0.972235 -0.209582
v -24.2 -11.6922 1332
vn -0.186044 -0.981277 -0.0498246
v -24 -11.8672 1332.8
vn 0.357849 -0.868563 -0.342844
v -23.8 -11.8984 1332.4
vn -0.619529 -0.594028 0.513142
v -23.4 -12.3891 1336.4
vn -0.0280664 -0.923086 0.383567
v -23.2 -11.8 1342.17
vn -0.727348 0.37994 0.571498
v -23.2 -11.4 1348.07
vn -0.771017 0.241346 0.589308
v -23.2578 -12 1348.4
vn -0.773946 0.424838 0.469596
v -24.0859 -10.2 1348
vn -0.132657 0.991153 0.00428357
v -23.8 -9.43269 1347.6
vn 0.830417 -0.248829 -0.498489
v -24.2 -7.8 1317.59
vn -0.411641 0.778456 0.473876
v -24.4 -8.21719 1330.6
vn 0.150262 0.972675 -0.176986
v -23.2 -8.07656 1333.4
vn -0.0891359 -0.992177 -0.0874087
v -24.4 -7.56406 1316.6
vn 0.164809 -0.981336 -0.0990842
v -23.8 0.529688 1281.8
vn 0.337579 -0.905961 -0.255489
v -21.6 -11.5172 1334
vn 0.744944 -0.581765 -0.326509
v -22.4 -12.4 1338.95
vn 0.311188 -0.93976 -0.141472
v -21.2177 -12.4 1339.2
vn -0.705946 -0.42649 0.565461
v -21.2177 -12.4 1339.2
vn 0.00762872 -0.976415 0.215766
v -21.8 -12.1516 1340.4
vn -0.443977 -0.750135 0.490084
v -21.345 -12.2 1342.2
vn -0.0486969 -0.899238 0.43474
v -21.4 -11.6875 1342.6
vn -0.806526 0.0537568 0.58875
v -22.7118 -12 1349
vn 0.0798371 -0.976269 0.201308
v -22.6 -12.0891 1349
vn -0.781905 -0.00959027 0.623324
v -22.6 -12.0516 1349.2
vn 0.119607 -0.978957 0.165342
v -22.6 -12.0516 1349.2
vn -0.689203 -0.527387 0.496853
v -21.6953 -11.6 1350.2
vn 0.858206 0.183033 -0.479563
v -22.4 -8.60469 1320.8
vn 0.870507 -0.455963 -0.185243
v -22.4 -8.60469 1320.8
vn 0.633177 -0.580021 -0.512507
v -21.8 -7.8 1319.65
vn 0.705216 -0.625137 -0.334475
v -22.4 -8.84844 1321.4
vn -0.516004 0.715816 0.470475
v -22.4 -8.32656 1332.6
vn -0.495526 0.851884 0.16955
v -22.6 -8.71094 1346
vn -0.332723 0.941002 0.0617245
v -21.4 -8.88594 1351.2
vn -0.0458662 -0.998777 0.018439
v -22.6 -0.429687 1294.2
vn 0.703126 -0.491768 -0.513593
v -22.1359 1.6 1267.6
vn 0.392295 -0.896346 -0.206563
v -21.4 0.720313 1284.8
vn 0.52123 0.784004 -0.33713
v -22.3547 2 1267.4
vn -0.553662 -0.624492 0.55088
v -20.6 -11.6703 1340.8
vn -0.21979 -0.858419 0.463474
v -20.6 -11.6703 1340.8
vn 0.0227677 -0.872533 0.488024
v -21.2 -11.9267 1342.6
vn 0.542953 -0.833374 -0.103389
v -20.95 -12 1342.4
vn -0.649695 -0.271126 0.710202
v -21.2 -11.7391 1350.6
vn 0.0895447 -0.991839 -0.0907634
v -19.8 -9.69531 1329.2
vn 0.0856168 -0.985986 -0.143183
v -21.2 -8.24844 1322.6
vn 0.798611 -0.3379 -0.49804
v -20.1391 -6.6 1318
vn -0.0480323 0.990916 -0.125615
v -20.8 -3.37656 1318
vn -0.310955 -0.920435 0.236868
v -21.2 0.317188 1294
vn -0.173922 -0.964439 0.199021
v -21.2 0.523438 1279.2
vn 0.515154 0.793679 -0.323558
v -20.6 2.23281 1270.6
vn 0.527531 0.780175 -0.336213
v -19.8 2 1271.3
vn 0.0860506 0.995044 0.0498219
v -20 3.42031 1274.4
vn 0.269707 -0.954614 -0.126374
v -19.2 -11.4 1337.11
vn -0.355528 -0.835677 0.418621
v -18.9766 -11.6 1337
vn 0.707907 -0.425967 -0.5634
v -19.6 -11.5517 1337.4
vn 0.706941 -0.526294 -0.472492
v -18.6 -11.7415 1338.8
vn -0.657872 -0.485088 0.576102
v -19.6 -12.1159 1341.4
vn 0.113012 -0.946383 0.302633
v -19 -11.6 1342.47
vn -0.459623 -0.580206 0.67239
v -19 -11.6 1342.47
vn -0.112067 -0.81262 0.571918
v -19.6 -11 1344.37
vn -0.0635531 -0.86136 0.504003
v -19.4 -11.2797 1344
vn 0.571186 -0.749366 -0.334957
v -18.6 -11.1234 1353
vn 0.501594 -0.864544 0.0310993
v -18.8 -10.8 1344.79
vn 0.0755799 -0.909929 0.407821
v -18.8 -10.4 1345.32
vn -0.815675 -0.348696 0.461612
v -19.4109 -9.6 1355.8
vn 0.229291 -0.957832 -0.173159
v -18.8 -8.49844 1326.6
vn 0.818343 -0.309766 -0.484108
v -18.4902 -9.2 1327.8
vn -0.621933 0.649915 0.436818
v -19.6 -8.05781 1335.8
vn -0.201709 0.965082 -0.167122
v -19.6 -8.05781 1335.8
vn -0.228065 0.965049 -0.129104
v -19 -7.67656 1337.4
vn -0.158746 0.987298 -0.00646766
v -19 -7.67656 1337.4
vn -0.570646 0.76963 0.286415
v -19 -7.67656 1337.4
vn -0.0753826 0.993025 -0.0906589
v -19.4 -6.65469 1332.8
vn -0.0777817 0.99575 -0.0493086
v -19.4 -4.60156 1326
vn 0.0724076 0.9751 -0.209611
v -19 -4.54844 1326.6
vn -0.462009 -0.808999 0.363412
v -19.4 -0.482812 1276
vn 0.325637 -0.934538 -0.143524
v -19.4 -0.279687 1277
vn 0.157187 -0.955737 -0.248713
v -18.2 -0.076562 1278.4
vn -0.589648 0.685458 0.427156
v -19.4 0.129688 1311
vn 0.833718 0.181331 -0.521568
v -18.7109 1.2 1273
vn 0.434014 -0.880483 -0.190741
v -19.4 0.579688 1290
vn -0.104572 -0.930595 0.350796
v -17.6 -11.1516 1338.6
vn 0.07747 -0.995562 0.0534201
v -17.2 -10.8359 1338.6
vn 0.73248 -0.584657 -0.348781
v -17.8 -11.6891 1340.2
vn 0.133297 -0.989715 0.0519193
v -17.8 -11.2056 1339.4
vn 0.735817 -0.539847 -0.408825
v -17.8 -11.2056 1339.4
vn 0.759444 -0.581541 -0.291641
v -17 -11.3386 1341.4
vn 0.753364 -0.586347 -0.297724
v -16.8 -10.9391 1341.2
vn -0.397864 -0.661922 0.635266
v -17.6 -11.1734 1343.8
vn 0.337682 -0.881593 -0.329794
v -17.6 -11.0203 1356.8
vn -0.0905541 -0.898586 0.429353
v -17.8 -10.5516 1344.2
vn -0.527831 -0.50586 0.682276
v -17.8 -10.5516 1344.2
vn 0.291131 -0.916071 0.275783
v -17.4 -10.1141 1345.2
vn -0.0597996 -0.90184 0.427912
v -17.4 -10.1141 1345.2
vn -0.541071 -0.771556 0.334579
v -18 -10.8 1355.36
vn 0.300942 -0.932913 -0.197757
v -17.5841 -8.6 1329
vn 0.740241 -0.433545 -0.51389
v -17 -7 1324.68
vn -0.691318 0.60307 0.397977
v -17.3422 -7.2 1338.2
vn -0.353798 -0.850121 0.390027
v -17 -3.47031 1314.6
vn -0.670215 0.672471 0.313998
v -16.9554 -4.2 1328
vn -0.454919 0.881838 0.124141
v -16.8 -4.08906 1328.6
vn -0.188877 0.98166 -0.0258497
v -17.4 -2.70469 1322
vn 0.163594 -0.983804 -0.0732527
v -17.8 -0.4 1277.85
vn 0.0981376 0.991286 -0.0878739
v -17.0953 2.4 1276.4
vn 0.525627 0.77978 -0.340088
v -17.0953 2.4 1276.4
vn -0.660454 0.554197 0.506623
v -18 4.17656 1288.2
vn -0.642863 0.557632 0.525142
v -17 3.67969 1290
vn -0.400337 -0.802353 0.442673
v -15.4 -10.7891 1340.2
vn 0.163116 -0.946525 0.278359
v -15.4 -10.7891 1340.2
vn 0.221891 -0.943598 0.245736
v -16 -10.8 1343.13
vn 0.731936 -0.653131 -0.194138
v -16 -10.8 1343.13
vn 0.324275 -0.900061 -0.291095
v -15 -10.6 1356.81
vn -0.225703 -0.907757 0.353603
v -15 -10.6 1356.81
vn -0.763912 0.343551 0.54627
v -16.0734 -10.8 1360.8
vn -0.554783 -0.398646 0.730272
v -15.2 -9.2 1347.15
vn 0.410882 -0.890691 -0.194539
v -16 -8.92969 1349
vn 0.586702 -0.641971 -0.493614
v -16 -8.92969 1349
vn 0.722887 -0.452399 -0.522273
v -16.4 -7.33594 1325.8
vn 0.161573 -0.979188 -0.122824
v -15.6 -6.77924 1325.4
vn 0.81777 -0.332194 -0.469999
v -15.6 -6.77924 1325.4
vn 0.452092 -0.886571 0.0980001
v -15.6 -6.77924 1325.4
vn 0.515484 -0.855295 -0.0523973
v -15.4 -6.61094 1326
vn 0.515484 -0.855295 -0.0523973
v -15.0297 -6.4 1326.2
vn 0.309451 -0.949037 -0.0597364
v -15 -6.47969 1326.6
vn 0.822602 -0.462082 -0.33137
v -15 -6.47969 1326.6
vn -0.557647 0.810251 0.180341
v -15.2 -6.34762 1341.4
vn -0.475093 0.874943 0.0935995
v -16 -7.16406 1342
vn 0.547221 -0.759425 -0.351884
v -15.2672 -6 1325.6
vn 0.755399 -0.376725 -0.536144
v -16.4 -3.4 1316.11
vn 0.320111 -0.945868 -0.0534948
v -15.2 -1.37656 1309.8
vn 0.0418755 -0.998883 0.0219033
v -15.2 -1.37656 1309.8
vn 0.820625 0.174493 -0.544176
v -16.2 1.2 1276.98
vn -0.566596 0.729793 0.382585
v -15.4 1.29219 1311
vn -0.189739 0.962251 0.195123
v -15.6 3.8 1287.02
vn -0.661778 0.564108 0.493793
v -16.2 4.41719 1290.4
vn -0.277123 0.935607 0.218727
v -16.2 4.41719 1290.4
vn -0.541071 -0.771556 0.334579
v -14.4 -11.2266 1360.2
vn -0.244423 -0.893539 -0.376625
v -14.4 -11.2266 1360.2
vn -0.0303218 -0.98316 -0.180213
v -14.3824 -11.4 1360.6
vn 0.61747 -0.564557 -0.547728
v -14.3824 -11.4 1360.6
vn -0.0118695 -0.972388 -0.23307
v -14 -11.4203 1360.4
vn 0.180143 -0.935121 -0.30512
v -14.4 -11.7297 1361.6
vn 0.167281 -0.970696 0.172529
v -14.6 -10.2983 1341.4
vn 0.0903268 -0.933702 0.34647
v -14.4 -10.1828 1343
vn 0.388154 -0.92158 -0.00526593
v -13.8 -10.1078 1342.2
vn 0.160289 -0.854584 0.493957
v -13.8 -10.1078 1342.2
vn 0.214308 -0.942727 0.255614
v -13.6 -9.72344 1342.8
vn -0.300987 -0.765698 0.56843
v -14.4 -9.58906 1344.2
vn 0.456894 -0.889345 -0.0176676
v -14.4 -9.58906 1344.2
vn 0.551939 -0.832981 -0.0388162
v -14.8 -9.6 1347.21
vn -0.531019 -0.417369 0.737443
v -14.8 -9.6 1347.21
vn 0.58471 -0.688626 0.428845
v -14.8 -9.6 1347.21
vn -0.536352 -0.417719 0.733374
v -14.6977 -9.4 1347.4
vn 0.221903 -0.963255 0.151325
v -14.6977 -9.4 1347.4
vn 0.221903 -0.963255 0.151325
v -14.6 -9.4 1347.26
vn 0.555243 -0.792304 -0.252901
v -14.6 -9.4 1347.26
vn 0.71553 -0.5512 -0.429179
v -14.8 -9.32656 1352.8
vn 0.413784 -0.802691 -0.429499
v -13.8 -10.6703 1357.4
vn -0.19878 -0.92115 0.334618
v -13.8 -10.6703 1357.4
vn 0.634368 -0.765431 -0.108134
v -14.2 -9.10156 1347.2
vn 0.573843 -0.683253 0.451519
v -14.2 -9.10156 1347.2
vn 0.555243 -0.792304 -0.252901
v -14.2 -9.10156 1347.2
vn 0.503502 -0.688511 -0.521955
v -14.0237 -8.2 1350.4
vn 0.268674 -0.955467 0.12205
v -14.8 -9.04844 1351.8
vn 0.515264 -0.808944 -0.28304
v -14.1483 -9 1352.2
vn 0.392194 -0.911905 -0.120883
v -14.2 -8.74219 1352.6
vn -0.0619387 -0.990995 -0.118714
v -14.2 -8.74219 1352.6
vn 0.0836406 -0.994347 -0.0654139
v -14 -8.83559 1352
vn 0.672409 -0.546028 -0.49972
v -13.6 -8.43594 1352.2
vn 0.0637583 -0.989886 -0.126728
v -13.6 -8.43594 1352.2
vn -0.0135904 -0.999073 -0.0408393
v -13.4 -8.86406 1353.2
vn 0.519459 -0.807697 -0.278904
v -13.4 -8.86406 1353.2
vn 0.12407 0.919128 0.373911
v -13.2422 -9.2 1356
vn -0.0466583 -0.345653 0.937202
v -13.2422 -9.2 1356
vn 0.539303 0.714507 -0.445681
v -13.4 3.65469 1290.2
vn -0.269356 0.931315 0.245153
v -14.8 4.4 1292.25
vn -0.269356 0.931315 0.245153
v -14.6 4.47031 1292.2
vn -0.618971 0.568858 0.541549
v -14.8 3.82656 1292.6
vn -0.34982 0.884506 0.308668
v -14.6 4.2 1296.87
vn 0.281076 -0.914583 -0.290748
v -12.6 -12 1363.76
vn -0.413248 -0.873847 0.256158
v -12.4 -12.1424 1363.6
vn 0.450026 -0.545194 -0.707277
v -12.4 -12.1424 1363.6
vn 0.551944 -0.564702 -0.613571
v -12.2 -11.7297 1363.4
vn -0.678068 -0.274599 0.681777
v -12.4 -11.5547 1365.4
vn -0.0181583 -0.98532 -0.169748
v -12.4 -11.5547 1365.4
vn 0.00485313 0.963742 0.266792
v -13.2 -9.28704 1356.2
vn -0.0440852 0.000552078 -0.999028
v -13.2 -9.28704 1356.2
vn -0.0466583 -0.345653 0.937202
v -13 -9.23269 1356
vn -0.577946 -0.518229 0.63041
v -13 -9.23269 1356
vn -0.082995 0.755766 -0.649561
v -12.6886 -9.4 1356
vn 0.914308 0 -0.40502
v -12.6886 -9.4 1356
vn 0.905801 0.366938 0.211851
v -12.6886 -9.4 1356
vn 0.892556 -0.446966 0.0597092
v -12.6886 -9.4 1356
vn -0.168272 -0.601424 0.781008
v -12.6886 -9.4 1356
vn 0.00372854 -0.0329329 -0.999451
v -12.8 -9.24038 1356.2
vn -0.082995 0.755766 -0.649561
v -12.8 -9.24038 1356.2
vn 0.905801 0.366938 0.211851
v -12.8 -9.24038 1356.2
vn 0.06121 -0.89301 -0.445854
v -12.6 -9.50781 1356.2
vn 0.914308 0 -0.40502
v -12.6 -9.50781 1356.2
vn -0.37851 0 -0.925597
v -12.6 -9.50781 1356.2
vn 0.892556 -0.446966 0.0597092
v -12.6 -9.27656 1355.6
vn -1 0 0
v -12.6 -9.27656 1355.6
vn -0.233114 -0.967915 0.0937975
v -12.6 -9.27656 1355.6
vn 0.914308 0 -0.40502
v -12.6 -9.21842 1356.2
vn 0.00362592 -0.0330182 -0.999448
v -12.6 -9.21842 1356.2
vn -0.37851 0 -0.925597
v -12.6 -9.21842 1356.2
vn -0.683851 -0.525012 -0.506665
v -12.6 -9.21842 1356.2
vn -1 0 0
v -12.6 -9.21842 1356.2
vn -0.233114 -0.967915 0.0937975
v -12.6 -9.21842 1356.2
vn -0.40124 -0.755363 -0.518105
v -12.6 -9.21842 1356.2
vn -0.233114 -0.967915 0.0937975
v -12.4 -9.28596 1356
vn 0.347186 -0.680153 -0.645642
v -12.4 -9.28596 1356
vn 0.262433 -0.954524 -0.14147
v -12.4 -9.28596 1356
vn -0.37851 0 -0.925597
v -12.4 -9.4 1356.12
vn -0.683851 -0.525012 -0.506665
v -12.4 -9.4 1356.12
vn 0.148171 -0.977998 -0.146848
v -12.2 -9.63594 1356.4
vn 0.381013 -0.693404 -0.611572
v -11.8 -9.65469 1357
vn 0.191728 -0.966878 -0.168487
v -13 -10.4797 1358.4
vn 0.662505 -0.315462 -0.67939
v -12.4 -10.59 1358.4
vn -0.175902 -0.956747 0.231719
v -12.4 -10.59 1358.4
vn 0.647888 -0.701227 -0.297526
v -11.7237 -8.6 1347.2
vn 0.376912 -0.871646 0.313323
v -13.2 -8.24844 1351.4
vn 0.188345 -0.924207 0.332216
v -13 -8.2 1351.42
vn 0.0667152 -0.953954 0.29244
v -11.8 -7.89844 1351
vn -0.091946 -0.966672 -0.238937
v -13.2 -8.17656 1351.6
vn 0.102564 -0.994613 -0.0150215
v -13 -8.29844 1352.8
vn -0.259606 -0.835486 0.484321
v -13 -8.29844 1352.8
vn -0.0918511 0.0339499 -0.995194
v -13.2 -8.6 1356.22
vn -0.0466583 -0.345653 0.937202
v -13.2 -8.6 1356.22
vn -0.753487 -0.417506 0.507884
v -13.2 -8.6 1356.22
vn -0.456464 -0.508935 0.729812
v -13 -9 1356.19
vn -0.40124 -0.755363 -0.518105
v -13 -9 1356.19
vn 0.905801 0.366938 0.211851
v -12.8 -9.2 1356.13
vn -0.244024 -0.553229 0.796486
v -12.8 -9.2 1356.13
vn -0.178617 -0.52992 0.829024
v -12.6 -9.2 1356.17
vn -1 0 0
v -12.6 -9.2 1356.17
vn -0.40124 -0.755363 -0.518105
v -12.6 -9.2 1356.17
vn 0.707974 -0.490121 -0.508482
v -12 -8.85156 1354.8
vn 0.243865 -0.920392 -0.305627
v -12 -8.85156 1354.8
vn -0.255754 -0.92627 0.276791
v -12 -8.85156 1354.8
vn -0.137846 0.990379 -0.0121353
v -13.2 -1.68906 1327.4
vn -0.492243 0.856552 0.154971
v -12.6 -1.6 1328.88
vn -0.203801 -0.961866 0.182427
v -12.2 0.042188 1286
vn 0.220906 -0.942346 -0.251364
v -12.7766 0.6 1290.4
vn -0.155415 -0.980211 0.122605
v -12.7766 0.6 1290.4
vn 0.591673 0.626503 -0.507364
v -12.2 4.14107 1292.2
vn -0.371121 0.894543 0.249122
v -12.6 4.00469 1295
vn -0.261379 0.926298 0.271389
v -12 4.44219 1294.8
vn -0.570082 -0.452584 0.685692
v -10.6 -12.5234 1366.8
vn 0.193337 -0.958412 -0.209923
v -10.6 -12.5234 1366.8
vn 0.402656 -0.707879 -0.580324
v -11.6 -12.3266 1364.2
vn 0.301812 -0.936361 -0.17927
v -11.6 -12.3266 1364.2
vn 0.453306 -0.466006 -0.759837
v -11.4 -11.6 1363.86
vn 0.781275 -0.0379266 -0.623034
v -11.4 -11.6 1363.86
vn 0.781275 -0.0379266 -0.623034
v -11.2 -12 1364.14
vn 0.316381 -0.870275 -0.377524
v -11.4 -12.1516 1365.4
vn 0.301812 -0.936361 -0.17927
v -11.2 -12.2359 1364.4
vn -0.34657 -0.847159 0.402754
v -11.1138 -12 1365.2
vn 0.781275 -0.0379266 -0.623034
v -10.354 -12 1365.2
vn 0.448195 -0.786816 -0.424315
v -10.354 -12 1365.2
vn -0.706664 0.375589 0.599633
v -10.7656 -11.4 1368.6
vn 0.24723 -0.934855 -0.254799
v -10.8614 -10.6 1361
vn 0.289616 -0.894188 -0.341394
v -10.4 -10.4172 1361
vn 0.621366 -0.573203 -0.534175
v -10.2 -10 1360.44
vn 0.210795 -0.928457 -0.305831
v -10.2 -10 1360.44
vn 0.640608 -0.672112 -0.371333
v -11.4 -8.56719 1347.8
vn 0.535874 -0.786466 -0.307101
v -11 -8.10781 1347.6
vn 0.499427 -0.865872 -0.0289628
v -10.8 -8.36094 1347.2
vn -0.0303016 -0.973197 0.227969
v -10.4 -8.11406 1353.4
vn 0.729397 -0.50002 -0.466862
v -10.8 -7.51754 1338.6
vn -0.511022 0.724785 0.462107
v -10.4 -6.91094 1359.8
vn 0.754053 -0.404855 -0.517201
v -11.2 -5.85435 1332.8
vn 0.534697 -0.749326 -0.390652
v -10.2 -1.31094 1318.4
vn 0.0459584 -0.994967 0.0890435
v -11 -0.357812 1312.8
vn -0.471152 -0.678184 0.563989
v -10.2 -1.00469 1317.2
vn 0.140983 -0.989953 0.0107886
v -10.2 -0.998147 1317.8
vn 0.0914481 0.990062 -0.106842
v -10.4 4.79844 1301.6
vn -0.257115 -0.954336 -0.152103
v -8.6 -12.4172 1370
vn 0.51421 -0.73238 -0.446327
v -10 -12.1172 1365.8
vn -0.225606 -0.926993 0.299642
v -10 -12.1172 1365.8
vn -0.160525 -0.968309 0.191337
v -8.6 -11.9891 1367.4
vn -0.120994 -0.986109 -0.113798
v -9.8 -12.0161 1367.8
vn -0.691487 0.294352 0.659699
v -9.49828 -11.8 1370
vn -0.206018 -0.924833 0.31975
v -9.6 -9.79219 1358.6
vn 0.54961 -0.797748 0.248047
v -9.6 -9.79219 1358.6
vn -0.219078 -0.862391 0.456385
v -9.6 -9.6 1358.96
vn 0.681351 -0.730318 0.0489492
v -9.394 -9.6 1358.6
vn 0.170495 -0.984396 0.0435515
v -9.394 -9.6 1358.6
vn 0.601811 -0.462269 -0.651253
v -9.8 -10.6766 1361
vn -0.0412216 -0.994606 -0.0951832
v -9.6 -10.7203 1362
vn -0.401879 -0.837618 0.369986
v -9.4 -7.71406 1341.2
vn 0.482503 -0.7107 -0.511953
v -9.4 -7.87656 1346
vn -0.535782 -0.410883 0.73764
v -10 -7.62656 1351.8
vn 0.221903 -0.963255 0.151325
v -10 -7.62656 1351.8
vn 0.555243 -0.792304 -0.252901
v -10 -7.62656 1351.8
vn -0.0879005 -0.948556 0.304163
v -10 -7.62656 1351.8
vn -0.0710885 -0.974445 0.213081
v -10 -8.07656 1353.6
vn 0.0495723 -0.988656 -0.141781
v -8.6 -7.82121 1354.2
vn 0.398245 -0.497623 -0.770566
v -8.985 -8 1355.8
vn -0.27945 -0.892156 0.354915
v -9.4 -8.8 1357.38
vn 0.143995 -0.988947 0.0353511
v -9 -8.72656 1357.8
vn 0.292586 -0.76053 -0.579645
v -9 -8.72656 1357.8
vn 0.191679 -0.958154 -0.212601
v -8.8 -8.89844 1357.6
vn -0.331314 -0.883483 0.331192
v -8.6 -8.89844 1357.8
vn 0.33047 -0.910439 -0.248776
v -9.2 -9 1358.06
vn -0.156617 -0.973332 -0.167621
v -8.6 -9 1358.23
vn -0.147303 -0.930031 0.336667
v -8.82812 -7.4 1352.8
vn 0.535763 -0.807645 -0.246309
v -8.8 -2.2 1324.81
vn 0.0800541 0.986223 -0.144757
v -9.2 -1.21719 1333
vn 0.535628 -0.761932 -0.364091
v -9.8 -1 1317.03
vn 0.222845 -0.974796 0.0106235
v -8.6 -0.619299 1319
vn -0.471152 -0.678184 0.563989
v -8.6 -0.619299 1319
vn 0.0121132 -0.997766 0.0657051
v -8.6 -0.619299 1319
vn -0.648714 -0.669824 0.361256
v -9.2 1.08594 1295.8
vn 0.105074 -0.98268 -0.152642
v -9.2 1.08594 1295.8
vn -0.283109 0.951535 0.120131
v -9.6 3.64219 1288.8
vn -0.123975 0.989323 0.0766161
v -8.5 4.4 1293
vn -0.0366737 -0.833121 -0.551873
v -7 -12.5655 1368.8
vn 0.14212 -0.927846 -0.344823
v -8.4 -12.4234 1369.2
vn -0.534162 -0.845077 0.0227138
v -7.8 -12.8 1369.97
vn -0.401276 -0.914953 -0.0428862
v -7.6 -12.4734 1369.4
vn -0.600421 -0.789162 0.129298
v -7 -13.4391 1370.2
vn 0.0159671 -0.996244 -0.0851057
v -8.4 -12.0391 1367.2
vn 0.661939 -0.366471 -0.653862
v -8.4 -12.0391 1367.2
vn -0.437381 -0.610947 0.659879
v -8.4 -12.3703 1368.4
vn 0.14385 -0.963962 -0.223796
v -8.4 -12.3703 1368.4
vn 0.289167 -0.955175 -0.0634347
v -8.4 -12.3703 1368.4
vn -0.262171 -0.940225 0.217353
v -8.4 -12.3703 1368.4
vn -0.377674 -0.912128 0.159326
v -8 -12.2891 1369
vn 0.0811365 -0.89859 -0.431222
v -7.4 -12.0797 1368
vn -0.725215 0.282703 0.627808
v -8.25156 -12.2 1371.6
vn 0.531508 -0.217969 -0.818529
v -7.4 -10.0709 1361.6
vn 0.294322 -0.794978 -0.530457
v -7 -9.72344 1361.4
vn -0.572242 0.584094 0.57565
v -7.8 -9.4 1369.06
vn 0.311929 0.950078 0.00722393
v -7.6 -9.50781 1370.2
vn -0.636468 -0.620962 0.457509
v -7.6 -7.8 1346.71
vn 0.584192 -0.632589 -0.508479
v -7 -7.77609 1346.2
vn 0.556418 -0.620451 -0.552665
v -7.8 -7.65469 1347.2
vn 0.415392 -0.688415 -0.594588
v -7.2 -7.8 1347.97
vn 0.552479 -0.695489 -0.459414
v -8.2 -7.8 1349.24
vn 0.476229 -0.698656 -0.533933
v -7.6 -7.69365 1349.8
vn -0.387778 -0.807243 0.444958
v -8.2 -7.91094 1350.4
vn 0.45093 -0.744745 -0.491951
v -7.6 -7.95781 1350.2
vn 0.476086 -0.247389 -0.843884
v -8.38649 -8 1354.4
vn 0.0468841 -0.97981 -0.194356
v -8.4 -8.10469 1355.6
vn -0.106302 -0.988161 0.110624
v -7.6 -7.74531 1354.8
vn -0.158628 -0.520624 -0.838921
v -7.6 -7.74531 1354.8
vn 0.465879 -0.0511998 -0.883366
v -7.4 -8 1354.92
vn 0.0460444 -0.982053 -0.1829
v -7.4 -8 1354.92
vn -0.158628 -0.520624 -0.838921
v -7.4 -8 1354.92
vn -0.158628 -0.520624 -0.838921
v -7.2 -7.86719 1354.8
vn 0.206713 -0.809194 -0.549977
v -7.2 -7.86719 1354.8
vn 0.455441 -0.318887 -0.831194
v -7.8 -7.87143 1356.4
vn -0.128786 -0.83921 -0.528338
v -7.8 -7.87143 1356.4
vn 0.10293 -0.815073 -0.570141
v -7.4 -7.93281 1356.4
vn -0.105531 0.929887 0.352381
v -8.37619 -8.4 1365.8
vn -0.674648 0.440035 0.592638
v -7.6 -8.4 1365.03
vn -0.403843 -0.835203 0.373291
v -8.2 -7.22969 1343.6
vn 0.67108 -0.552875 -0.493944
v -8.2 -7.26719 1344
vn -0.692819 -0.713175 0.106694
v -7.02727 -7.6 1347.6
vn -0.0754337 -0.997147 0.00263527
v -7.02727 -7.6 1347.6
vn -0.396928 0.820758 0.410858
v -8.4 -7.34531 1362.6
vn 0.40351 0.89311 -0.198834
v -8.4 -7.34531 1362.6
vn 0.135386 0.978029 0.158525
v -8.4 -7.34531 1362.6
vn -0.377649 0.807773 0.452641
v -8.4 -7.34531 1362.6
vn -0.286664 -0.91649 0.279053
v -8 -3.08281 1329.2
vn -0.105959 -0.98545 0.132897
v -7.2 -3.06094 1330
vn 0.285788 -0.840731 -0.459887
v -8.4 0.964063 1299.2
vn -0.415409 -0.766806 0.48933
v -7.6 1.44844 1302.4
vn -0.114456 0.993421 0.00374002
v -8.07333 1 1328.6
vn -0.603642 0.686603 0.405208
v -7.2 0.417188 1331
vn 0.789278 0.192533 -0.583071
v -8.2 3 1288.51
vn -0.219225 0.928082 0.301005
v -7.4 3.37656 1315.8
vn -0.767242 0.464884 0.44184
v -8.4 2.6 1320.71
vn -0.689469 0.538166 0.484778
v -7.2 2.84219 1322.6
vn -0.0701043 0.986561 0.147588
v -7 2.25469 1323.6
vn -0.282285 0.938556 0.198562
v -7.8 3.8 1291.97
vn 0.260035 0.928904 -0.263665
v -7.4 3.94219 1291.8
vn 0.678845 0.588074 -0.439703
v -7.2 3.83906 1294
vn 0.34727 0.904035 -0.249246
v -7.2 4.4 1294.56
vn 0.313288 0.905496 -0.286229
v -7.4 4.41406 1299.4
vn -0.505139 0.744101 0.437205
v -7.1625 4.6 1305
vn 0.420783 0.86989 -0.257358
v -8.4 4.6 1307.55
vn -0.254954 0.943421 0.212029
v -8.4 4.6 1307.55
vn -0.661298 0.528625 0.532204
v -7 4.09219 1311
vn -0.370595 0.88536 0.280708
v -7 4.09219 1311
vn -0.113089 0.992313 0.0502589
v -7.6 4.2 1312.85
vn 0.348079 0.913979 -0.208527
v -7.2 3.80469 1314
vn -0.0657634 0.989336 0.129961
v -7 4.28871 1313.6
vn 0.148774 -0.670011 -0.727291
v -5.6 -14.1952 1371
vn -0.388854 -0.917206 -0.0867512
v -6.2 -12.4734 1368.8
vn -0.610775 -0.781413 0.12786
v -5.8 -12.5484 1367.8
vn -0.438073 -0.890801 0.12069
v -6.6 -13.6823 1370.4
vn -0.486923 -0.86995 0.0780526
v -6.4 -13.7484 1370.4
vn -0.226953 -0.901464 -0.368586
v -6.4 -13.7484 1370.4
vn -0.421409 -0.891804 -0.164619
v -6.4 -13.0484 1369.8
vn -0.813355 0.361392 0.455905
v -5.51129 -11.6 1373.8
vn 0.336492 0.919589 0.202804
v -5.6 -10.8443 1373.2
vn 0.445277 -0.548334 -0.707855
v -6.8 -9.72656 1361
vn 0.430022 -0.708603 -0.559431
v -6.2 -9.72031 1361.4
vn -0.154786 -0.940974 -0.301014
v -6 -9.47031 1361.2
vn 0.623795 -0.13947 -0.769044
v -5.8 -10.4 1362.73
vn 0.558745 -0.742565 -0.369326
v -5.8 -9.81719 1362.2
vn 0.0419409 -0.948177 -0.314961
v -5.8 -9.81719 1362.2
vn 0.656245 -0.209866 -0.724774
v -6.8 -10.6 1363.59
vn -0.0422933 -0.90104 -0.431668
v -5.4 -10.4 1363.03
vn -0.125279 0.089257 -0.988098
v -5.4 -10.4 1363.03
vn -0.25883 -0.0364968 -0.965233
v -5.4 -10.2 1363.05
vn -0.277021 -0.701306 -0.656833
v -5.4 -10.2 1363.05
vn -0.244914 -0.662427 -0.70796
v -5.4 -9.97031 1362.8
vn -0.129584 0.88539 0.446423
v -6 -9.28594 1367.6
vn 0.734024 0.566161 -0.375059
v -5.6 -9.25781 1369
vn 0.494129 0.861328 0.118115
v -5.6 -9.25781 1369
vn -0.311303 0.765542 0.563059
v -6.8 -10.0141 1371.2
vn 0.57238 0.819942 0.00875392
v -5.6 -9.71094 1370.8
vn -0.588502 -0.799597 0.119623
v -6.8 -7.8 1347.74
vn -0.0464743 -0.909288 -0.413564
v -6.8 -7.76094 1348
vn 0.153699 -0.882953 -0.443589
v -5.98965 -8 1348.8
vn 0.229334 -0.852819 -0.469154
v -5.8 -8.27031 1348.4
vn -0.512714 -0.828985 0.223402
v -5.8 -8.27031 1348.4
vn 0.459813 -0.678607 -0.57277
v -6.6 -8.04844 1351
vn 0.51527 -0.597455 -0.614447
v -6.4 -7.67031 1350.8
vn 0.145525 -0.977638 -0.151813
v -6.4 -7.67031 1350.8
vn -0.211064 -0.917716 -0.336526
v -6.4 -7.67031 1350.8
vn -0.597933 -0.78799 0.146788
v -5.4 -8.12031 1351.4
vn -0.314576 -0.8981 0.30734
v -6 -8.2 1351.72
vn 0.232606 -0.782783 -0.577187
v -6 -8.2 1351.72
vn -0.200215 -0.97838 -0.0518281
v -6.4 -8.11406 1357.2
vn 0.317309 -0.629429 -0.709319
v -6.2 -8.48281 1357.6
vn -0.673409 -0.509638 0.535527
v -5.4 -8.34844 1357
vn -0.460772 -0.867337 -0.188188
v -5.4 -8.34844 1357
vn -0.307751 0.795011 0.52273
v -6.2 -7.76406 1365.2
vn 0.446394 0.892463 -0.0651288
v -5.93 -8 1365.6
vn 0.165877 0.96683 0.194227
v -6.44098 -8.2 1366.2
vn -0.310176 0.701356 0.641786
v -6.44098 -8.2 1366.2
vn -0.317812 0.802731 0.504597
v -5.4 -8.02344 1366.2
vn -0.139737 0.923656 0.356839
v -6.31719 -9 1368
vn 0.213228 -0.956727 -0.198006
v -6.8 -7.45968 1344.6
vn -0.125475 -0.991594 0.0315691
v -6.8 -7.45968 1344.6
vn -0.690674 -0.601201 0.401904
v -5.8 -7.41429 1344.4
vn -0.540717 -0.71531 0.442669
v -5.8 -7.22344 1346.2
vn 0.380425 -0.796406 -0.470122
v -5.6 -7.57969 1345.6
vn -0.371374 -0.913944 -0.163667
v -5.4 -7.46406 1345.6
vn -0.689808 -0.562125 0.456268
v -5.23818 -7.6 1346.4
vn -0.72505 -0.612127 0.315599
v -5.4 -7.33906 1345.2
vn -0.457954 -0.848514 -0.265145
v -5.4 -7.33906 1345.2
vn -0.230155 -0.968448 0.095586
v -6 -7.42969 1354
vn 0.25508 -0.946405 -0.198121
v -6.5125 -3 1331
vn 0.732019 -0.210713 -0.64788
v -6.6 -2.86094 1331.4
vn -0.00975299 -0.981687 -0.190251
v -6.4 -2.85781 1331.4
vn -0.03625 -0.984593 -0.171061
v -6.4 -2.92656 1331.6
vn 0.448873 -0.786743 -0.423731
v -6.4 -2.92656 1331.6
vn -0.0621259 -0.994012 -0.0898948
v -6.2 -2.93906 1331.6
vn -0.483133 -0.806813 0.340051
v -6 -3.04531 1331.6
vn -0.107388 0.985836 0.128823
v -6.8 -3.46094 1345.6
vn 0.218242 -0.937559 -0.270838
v -5.77273 -1.8 1328.4
vn -0.463462 0.752 0.46872
v -6.4 -1.45156 1340.4
vn -0.526339 -0.774581 0.350701
v -6.4375 0.2 1293.4
vn -0.471152 -0.678184 0.563989
v -6 -0.429687 1321.4
vn 0.161158 -0.986903 -0.00708633
v -6 -0.429687 1321.4
vn 0.349203 -0.902566 -0.251858
v -6 -0.429687 1321.4
vn -0.227979 -0.870831 0.435522
v -6 -0.429687 1321.4
vn 0.0128923 -0.989319 -0.145199
v -5.8 -0.4 1321.81
vn 0.161158 -0.986903 -0.00708633
v -5.8 -0.4 1321.81
vn 0.568746 -0.409364 -0.713407
v -5.8 -0.4 1321.81
vn -0.752205 0.424341 0.504106
v -5.25156 0.2 1334.6
vn -0.348595 0.872346 0.342774
v -6.2 -1.03594 1337.6
vn -0.212716 -0.964594 0.155919
v -6.8 1.07031 1300
vn 0.420824 -0.713191 -0.560594
v -6.6 0.750794 1299.2
vn -0.285108 -0.958495 0
v -6.6 1 1300.13
vn -0.530909 -0.706415 0.468095
v -6.6 1 1300.13
vn 0.477599 -0.662269 -0.57732
v -6 0.539063 1299.8
vn -0.154631 -0.980248 0.123302
v -5.67656 0.6 1299.4
vn -0.622629 -0.62158 0.475365
v -5.8 0.876563 1299.6
vn -0.00798754 -0.999175 -0.0398062
v -5.6 1.08594 1306
vn -0.405119 -0.820871 0.402554
v -6.4 0.873438 1309.4
vn -0.10049 -0.988775 0.110569
v -6.2 0.670313 1316.2
vn -0.225489 -0.957561 0.179532
v -6.2 0.670313 1316.2
vn 0.223369 -0.937071 -0.268335
v -6.2 0.670313 1316.2
vn 0.222242 -0.914149 -0.339029
v -6.2 0.670313 1316.2
vn 0.79623 0.544779 -0.263121
v -5.6 1.92857 1326.8
vn 0.775669 0.530711 0.34159
v -5.6 1.92857 1326.8
vn -0.132448 0.990507 -0.0367864
v -6.2 0.6 1331.9
vn 0.545093 0.735832 -0.401777
v -5.4 3.40527 1292.6
vn -0.3987 0.829239 0.391665
v -6.4 3.2 1316.88
vn 0.281826 0.945927 -0.160613
v -5.4 2.71094 1322.4
vn 0.0881324 0.992476 0.0849923
v -5.6 2.86719 1323.8
vn -0.178097 0.971805 0.154518
v -6.4 2.32031 1325.8
vn 0.775669 0.530711 0.34159
v -5.8 2.09219 1327
vn 0.667129 0.704151 -0.243126
v -5.78571 2.2 1326.8
vn 0.775669 0.530711 0.34159
v -5.78571 2.2 1326.8
vn 0.608616 0.617797 -0.497909
v -6.8 3.84219 1292.8
vn -0.147001 0.984945 0.0909594
v -6.4 4.15156 1293.6
vn 0.553448 0.731345 -0.398535
v -6.4 4.15156 1293.6
vn 0.260656 0.955865 -0.135572
v -5.6 3.85173 1296.2
vn -0.188662 0.921246 0.340166
v -5.8 4.4 1297.8
vn -0.782033 -0.110851 0.6133
v -5.8 4.4 1297.8
vn -0.661853 0.444867 0.603361
v -6 3.72031 1315.2
vn -0.261757 0.907017 0.329853
v -6 3.99697 1315
vn 0.417099 0.857481 -0.301256
v -5.8 3.77344 1316.2
vn 0.0467161 0.996627 0.0674696
v -5.8 3.77344 1316.2
vn 0.0468222 0.998891 -0.00499341
v -5.4 3.71406 1316.8
vn 0.0151994 -0.69083 -0.722858
v -4.8 -14.9127 1371.8
vn 0.243555 -0.503785 -0.828783
v -4.4 -15.1971 1372
vn -0.214042 -0.889604 -0.403473
v -4.4 -15.1971 1372
vn -0.745974 -0.603079 0.282523
v -4.2 -14.5016 1371.2
vn -0.668475 -0.697875 -0.257122
v -4.2 -14.5016 1371.2
vn -0.562023 -0.75691 -0.333493
v -4 -15 1372.03
vn -0.876363 -0.479261 -0.0479218
v -4.31094 -15.4 1372.4
vn -0.731752 -0.400177 0.551722
v -4.31094 -15.4 1372.4
vn -0.782208 -0.34453 0.519085
v -3.8 -15.325 1373.8
vn -0.494759 -0.853033 0.165975
v -4 -15.1484 1376.4
vn -0.239891 -0.947619 -0.210881
v -4 -15.1484 1376.4
vn -0.936969 -0.272843 0.218277
v -4.53281 -14.4 1377.4
vn -0.893698 0.0948072 0.438537
v -4.53281 -14.4 1377.4
vn -0.138441 -0.979687 -0.14508
v -4.4 -14.5453 1377.2
vn -0.891612 -0.062494 0.448467
v -4.4 -14.6 1377.67
vn -0.783428 -0.617334 -0.0716863
v -4.4 -14.6 1377.67
vn -0.736963 -0.564235 0.372189
v -4.4 -14.6 1377.67
vn -0.647377 -0.0980011 0.755843
v -4.13281 -14.6 1378.2
vn -0.213248 -0.964616 -0.155055
v -4 -14.7735 1378.2
vn -0.393747 -0.301462 0.86838
v -4 -14.7735 1378.2
vn 0.729767 -0.681957 -0.0487305
v -4 -14.7735 1378.2
vn 0.128235 -0.991414 -0.0255808
v -4 -14.6 1377.33
vn -0.139023 -0.818905 0.556837
v -3.8 -14.4672 1377.8
vn 0.251499 -0.941576 0.224017
v -3.8 -14.4672 1377.8
vn 0.845367 -0.531565 -0.0528486
v -3.72656 -14.4 1378
vn 0.577801 -0.407262 0.707307
v -3.72656 -14.4 1378
vn 0.930784 0.0429884 0.363034
v -3.71406 -14.4 1378.2
vn 0.758467 -0.580702 0.295825
v -3.8 -14.4 1378.42
vn 0.0699442 0.730897 0.678894
v -3.8 -14.4 1378.42
vn 0.930784 0.0429884 0.363034
v -3.8 -14.4 1378.42
vn 0.669692 0.544125 0.505411
v -3.8 -14.4 1378.42
vn 0.924917 -0.375747 -0.0578216
v -3.64531 -14.2 1378
vn 0.930784 0.0429884 0.363034
v -3.64531 -14.2 1378
vn 0.586506 0.476536 0.654923
v -3.64531 -14.2 1378
vn -0.608798 -0.79272 -0.030966
v -4.2 -13.627 1368.6
vn 0.0651645 -0.613941 -0.786657
v -3.8 -13.2547 1368.4
vn -0.745974 -0.603079 0.282523
v -5.1459 -13.8 1370.2
vn 0.0698385 0.61551 0.785028
v -4 -14 1378.01
vn 0.138533 0.481433 0.865466
v -3.8 -13.4 1377.66
vn 0.649989 0.759184 0.0339691
v -4.8 -11.4 1373.42
vn 0.303249 0.909697 0.283711
v -5.2 -11.2 1374.04
vn -0.566297 0.681192 0.463988
v -4.4 -11.9578 1375.4
vn 0.220751 0.939697 0.261226
v -4.4 -11.9578 1375.4
vn 0.115785 0.9435 0.310485
v -4.4 -12.0961 1375.8
vn -0.554397 -0.658491 -0.508953
v -4.4 -9.25082 1350
vn -0.270848 -0.489288 -0.828999
v -4 -9.6 1350.13
vn -0.473902 -0.399988 -0.784491
v -3.8 -9.4 1350.07
vn -0.852815 -0.508454 0.119084
v -4.22969 -9.4 1351.6
vn -0.191188 -0.677825 -0.709929
v -4.2 -10.1359 1362.6
vn 0.305748 -0.905186 -0.295223
v -4.2 -10.1359 1362.6
vn -0.0455227 -0.661025 -0.748982
v -5.2 -10.4206 1363
vn -0.164243 -0.645919 -0.745529
v -5 -10.2 1362.88
vn -0.459329 -0.838288 -0.29375
v -4 -10.2641 1363.2
vn -0.247272 0.763745 0.59628
v -5 -9.4 1368.21
vn -0.215949 0.761615 0.61099
v -4.8 -10 1369.03
vn -0.142746 0.811529 0.566607
v -4.2 -10.3359 1369.6
vn 0.578391 0.813302 0.0632686
v -4.2 -10.3078 1370.8
vn 0.426247 -0.737289 -0.524136
v -4.8 -7.68594 1346.4
vn -0.241422 -0.938376 -0.247316
v -4.4 -7.82031 1346
vn -0.528751 -0.796878 0.292246
v -4.4 -7.82031 1346
vn -0.70175 -0.676257 0.224105
v -4.2 -7.905 1347.8
vn -0.67785 -0.720259 0.147467
v -4.2 -7.86406 1348
vn -0.920247 -0.370111 0.127134
v -4.6 -9.02885 1350
vn -0.624367 -0.770857 0.126277
v -5 -8.40781 1352
vn -0.645045 -0.470998 0.601729
v -4.8 -8.5339 1353
vn -0.743173 -0.634394 -0.21269
v -3.76719 -8.6 1354.4
vn 0.14573 -0.904252 -0.401362
v -5.2 -8.03594 1355.8
vn -0.496338 -0.835716 -0.235006
v -5.2 -8.03594 1355.8
vn -0.659149 -0.669741 0.34201
v -5.04286 -8.4 1357.4
vn -0.0962822 -0.941936 -0.321693
v -5.2 -8.54531 1358
vn -0.607615 -0.793257 0.0393391
v -3.96512 -9 1358.8
vn -0.753491 -0.5154 0.408184
v -3.96512 -9 1358.8
vn -0.559421 -0.825352 -0.0764305
v -3.96512 -9 1358.8
vn -0.202517 0.75747 0.620665
v -4.4 -9.06719 1367.8
vn -0.664864 -0.679448 0.310331
v -5.2 -7.6 1345.15
vn -0.560444 -0.820768 -0.110645
v -3.8 -7.04531 1344.6
vn -0.647982 -0.715084 0.262249
v -5.2 -7.50952 1345.4
vn -0.385738 -0.912587 -0.135618
v -4.98594 -7.4 1347
vn 0.425888 0.904606 -0.0175408
v -4.8 -6.2 1359.69
vn -0.228799 0.865119 0.44634
v -4.8 -6.2 1359.69
vn 0.512847 -0.595717 -0.61815
v -3.8 -5.4 1340.12
vn 0.386368 -0.89178 -0.235476
v -5.2 -3.10364 1333.2
vn 0.5963 -0.426251 -0.680248
v -5.2 -3.10364 1333.2
vn 0.482645 0.789809 -0.378492
v -4.2 -4.27344 1351.6
vn -0.578864 -0.789903 -0.202413
v -4.6 -1.22656 1324.8
vn -0.592368 -0.56243 0.576865
v -4.6 -1.22656 1324.8
vn -0.236346 -0.631923 -0.738115
v -4 -1.44833 1325.2
vn -0.681483 -0.591405 -0.43107
v -4 -1.44833 1325.2
vn -0.350305 -0.936615 0.00617217
v -4 -1.44833 1325.2
vn -0.619433 -0.561756 0.548391
v -3.8 -1.86406 1325
vn -0.35729 -0.922038 0.148961
v -3.8 -1.86406 1325
vn -0.641586 -0.767 -0.00882867
v -5 -1.41094 1326
vn 0.460555 -0.825106 0.327244
v -3.8 -2 1330.55
vn -0.411399 -0.774399 0.480683
v -4 -2.74219 1333.8
vn 0.17454 -0.982849 -0.0595199
v -4 -2.74219 1333.8
vn 0.386368 -0.89178 -0.235476
v -4 -2.74219 1333.8
vn -0.122514 -0.888836 0.441544
v -4 -2.74219 1333.8
vn -0.117964 0.793205 0.59742
v -4.6 -1.43846 1342.4
vn 0.332938 0.942475 -0.0298921
v -4.6 -1.25781 1342.2
vn -0.109715 0.737737 0.666113
v -4.6 -1.25781 1342.2
vn -0.65302 0.477343 0.58797
v -4.2 -1.87656 1343.2
vn 0.15602 -0.915635 -0.3705
v -4.8 0.335938 1298.4
vn -0.625027 -0.712574 0.318716
v -3.63906 0.2 1297.6
vn -0.325038 -0.845819 0.423013
v -5.2 -0.339062 1322
vn -0.368169 -0.858319 0.357407
v -5.2 -0.239062 1322.2
vn 0.545481 -0.439361 -0.713731
v -5.2 -0.239062 1322.2
vn 0.0655496 -0.898973 -0.433072
v -5.2 -0.239062 1322.2
vn 0.408022 -0.870445 0.275396
v -5 -0.120312 1321.2
vn 0.829706 -0.546465 -0.113864
v -5 -0.120312 1321.2
vn 0.829706 -0.546465 -0.113864
v -5 -0.2 1321.58
vn 0.61901 -0.372148 -0.691616
v -5 -0.2 1321.58
vn -0.435009 -0.843652 0.314672
v -4.8 -0.445312 1322.2
vn 0.829706 -0.546465 -0.113864
v -4.8 0.1 1321.6
vn 0.544247 -0.492553 -0.679108
v -4.8 0.1 1321.6
vn 0.0298957 -0.870272 -0.491663
v -4.6 0 1321.23
vn -0.652537 -0.64401 0.399309
v -4.6 0 1321.23
vn 0.268424 -0.653595 -0.707646
v -3.8 -0.005883 1322.4
vn -0.68344 -0.563193 0.46446
v -3.8 -0.005883 1322.4
vn -0.639802 -0.747775 -0.177445
v -3.8 -0.005883 1322.4
vn -0.0905217 -0.96733 -0.236811
v -4.4 -0.870312 1323.2
vn 0.469246 -0.798637 -0.376812
v -4.2 -1.03594 1323.8
vn 0.0554821 -0.880214 -0.471323
v -4.2 -0.551562 1323
vn 0.0655496 -0.898973 -0.433072
v -4.2 -0.551562 1323
vn -0.415385 -0.889885 -0.188574
v -4.2 -0.551562 1323
vn 0.0655496 -0.898973 -0.433072
v -4 -0.729687 1323.4
vn -0.161393 -0.743013 -0.649526
v -4 -0.729687 1323.4
vn -0.415385 -0.889885 -0.188574
v -4 -0.729687 1323.4
vn -0.211297 -0.972891 -0.0939999
v -4.8 -1.14912 1325.2
vn -0.0904184 0.993194 0.0734121
v -4.8 -0.126562 1335.6
vn -0.756056 0.439552 0.484947
v -4.8 -0.126562 1335.6
vn 0.106869 0.992363 0.0616011
v -4 -0.907812 1339
vn -0.425653 0.694548 0.58002
v -3.8 -1.15469 1340.8
vn -0.573775 -0.755008 0.317404
v -3.8 0.490476 1298
vn -0.0795382 -0.990944 0.10818
v -3.8 0.490476 1298
vn -0.647443 -0.614694 0.450521
v -5 0.620313 1300.4
vn -0.098649 -0.985593 -0.137388
v -5 0.620313 1300.4
vn -0.564855 -0.711335 0.41826
v -5 0.620313 1300.4
vn -0.237869 -0.971297 0
v -4.15 0.4 1302
vn -0.0156607 -0.981473 -0.190959
v -4.15 0.4 1302
vn -0.570571 -0.723773 0.388075
v -4.15 0.4 1302
vn -0.599893 -0.673158 0.432419
v -4.2 0.6 1302.25
vn -0.426652 -0.819997 0.381541
v -5.2 0.760938 1310.4
vn -0.445313 -0.792706 0.41631
v -5.2 0.957813 1310.8
vn -0.378967 -0.824083 0.421037
v -4.6 0.735938 1311
vn 0.540384 -0.83731 0.0830448
v -4.6 0.735938 1311
vn 0.540384 -0.83731 0.0830448
v -4.4 0.904688 1311.4
vn 0.0307616 -0.91274 -0.407382
v -4.4 0.904688 1311.4
vn 0.65185 -0.50743 -0.563567
v -4.22157 1 1311.2
vn 0.540384 -0.83731 0.0830448
v -4.22157 1 1311.2
vn 0.691647 -0.434672 -0.576788
v -4.2 0.4025 1318.8
vn 0.300761 -0.892484 -0.336178
v -3.6647 0.4 1319.6
vn -0.450956 0.734742 0.506748
v -4.8 1.83281 1326.2
vn 0.543196 0.822343 -0.169384
v -4.8 1.83281 1326.2
vn 0.516762 0.836707 -0.181324
v -4 1.55156 1327.4
vn 0.265075 0.944796 -0.192604
v -4 1.55156 1327.4
vn 0.385673 0.865757 -0.318937
v -4.4 3.51406 1317.4
vn -0.60919 0.618301 0.49658
v -4.2 3.56094 1317.2
vn -0.608012 0.61575 0.501172
v -4.4 3.04531 1319.2
vn 0.412589 0.844563 -0.341297
v -4.2 3.2 1320.55
vn -0.557973 0.681179 0.473984
v -5.2 3.2 1321.93
vn 0.676412 0.611236 -0.410923
v -4.2 3.12586 1321.8
vn 0.0217691 0.997557 0.066379
v -5 3.73281 1293.8
vn -0.360621 0.868564 0.339925
v -4.8 3.70781 1297
vn 0.788754 0.194361 -0.583174
v -4.6 3.72344 1297.4
vn 0.509256 0.785563 -0.351495
v -4.52031 4 1297.6
vn -0.0549631 0.982139 0.179951
v -4.2 3.84219 1300.2
vn 0.582422 0.689412 -0.430692
v -4.2 3.84219 1300.2
vn -0.719913 0.0668713 0.690835
v -3.73409 4.2 1300.4
vn -0.542832 0.700996 0.462534
v -5 4.54038 1307.6
vn -0.392832 0.855505 0.337333
v -4 3.92656 1309.8
vn 0.360985 0.914007 -0.185152
v -4.8 4.03594 1311.4
vn 0.0468222 0.998891 -0.00499341
v -5.2 3.70469 1316.8
vn -0.377161 -0.693666 -0.613659
v -2.2 -16.8 1371.92
vn 0.324946 -0.529036 -0.783921
v -3.4025 -15.8 1372.8
vn -0.956286 -0.201716 0.211724
v -2.84844 -16.2 1373
vn -0.0152984 -0.997928 -0.062497
v -2.6 -17 1372.41
vn -0.889295 -0.453356 0.0601863
v -2.6 -17 1372.41
vn -0.315672 -0.942683 0.108167
v -2.6 -16.919 1373
vn -0.939247 -0.334205 0.0782365
v -2.6 -16.827 1374
vn 0.12859 -0.991524 0.0185903
v -2.4 -16.9672 1374
vn -0.103199 -0.0439713 -0.993688
v -2.6 -16.2 1377.12
vn -0.0222241 -0.497907 -0.866946
v -2.6 -16.2 1377.12
vn -0.384439 -0.795159 -0.468966
v -2.6 -16.2 1377.12
vn -0.246609 0.0929014 -0.964652
v -2.29048 -16 1377
vn -0.793341 -0.605554 0.0625731
v -2.29048 -16 1377
vn -0.671129 -0.494947 -0.551919
v -2.29048 -16 1377
vn -0.391338 -0.789905 -0.472128
v -2.53269 -16.4 1377.4
vn -0.62215 -0.64094 0.449584
v -2.53269 -16.4 1377.4
vn -0.430287 -0.898706 0.0847342
v -2.2 -16.5689 1377.4
vn -0.660328 -0.749411 -0.0484777
v -3.6 -14.2 1369.29
vn -0.78072 -0.302356 0.546861
v -3.6 -14.2 1369.29
vn -0.867209 -0.42893 0.25292
v -3.2 -14.4375 1369.8
vn -0.677594 -0.677904 -0.285153
v -3.2 -14.4 1369.31
vn -0.745974 -0.603079 0.282523
v -3.6 -15.15 1371.4
vn -0.642866 -0.729544 -0.233427
v -3.6 -15.15 1371.4
vn -0.925973 -0.32861 0.185984
v -3.6 -15.15 1371.4
vn -0.350181 -0.935968 0.0365702
v -3.6 -14.8953 1376.2
vn -0.652592 -0.745161 0.13733
v -3.2 -14.9797 1376.4
vn 0.0532808 -0.965129 -0.256296
v -3.2 -14.9797 1376.4
vn 0.0860944 -0.992709 -0.0843642
v -3.2 -15 1376.64
vn -0.662821 -0.745098 -0.0741457
v -3.2 -15 1376.64
vn 0.250967 0.0855985 -0.964204
v -2.8 -15.6 1377.06
vn -0.239891 -0.947619 -0.210881
v -2.8 -15.6 1377.06
vn 0.34442 -0.391027 -0.853506
v -2.8 -15.6 1377.06
vn -0.159954 0.225252 -0.961081
v -2.6 -15.6 1377.15
vn -0.730037 -0.682942 -0.0252321
v -2.6 -15.6 1377.15
vn 0.348498 -0.375927 -0.85862
v -2.6 -15.6 1377.15
vn 0.0365069 -0.712303 0.700922
v -3.6 -14.4 1377.86
vn 0.607415 -0.581655 0.54104
v -3.6 -14.4 1377.86
vn -0.495069 -0.619299 0.609405
v -3.6 -14.4 1377.86
vn 0.124378 -0.0772829 0.989221
v -3.6 -14.4 1377.86
vn 0.124378 -0.0772829 0.989221
v -3.4 -14.6 1377.82
vn 0.475597 0.360107 0.802577
v -3.4 -14.2 1377.85
vn 0.124378 -0.0772829 0.989221
v -3.4 -14.2 1377.85
vn -0.538781 0.0463615 0.841169
v -3.4 -14.2 1377.85
vn -0.239891 -0.947619 -0.210881
v -3.09531 -15.6 1377.4
vn -0.6493 -0.498625 0.574267
v -3.09531 -15.6 1377.4
vn -0.753941 -0.238898 0.611965
v -2.6 -14.6 1378.71
vn -0.217502 -0.0613751 0.974128
v -2.6 -14.6 1378.71
vn 0.630759 -0.68145 -0.371172
v -2.8 -13 1351.4
vn -0.0617862 -0.723716 -0.687326
v -2.8 -13 1351.4
vn 0.659432 -0.692159 -0.293368
v -2.8 -13.6 1352.5
vn -0.926909 -0.191156 0.322954
v -2.88906 -13.4 1353.2
vn 0.527617 -0.818248 -0.228232
v -2.4 -13.7256 1354
vn -0.808726 -0.298138 0.507027
v -2.4 -13.7256 1354
vn -0.224083 -0.855005 0.46771
v -2.4 -13.7256 1354
vn -0.394691 -0.825051 -0.404363
v -3.48281 -14 1369.6
vn -0.262038 0.909285 0.323322
v -3 -12.6 1376.12
vn -0.322771 0.0420043 0.945544
v -3.6 -13.6 1377.72
vn 0.302551 0.909727 0.284359
v -3.4 -12.8078 1377.6
vn 0.369999 0.633514 0.67953
v -2.8 -13.5655 1378.2
vn -0.200034 0.80099 0.564271
v -2.4 -13.5177 1377.8
vn -0.578952 0.348159 0.737292
v -2.4 -13.5177 1377.8
vn -0.686814 -0.40717 -0.602079
v -2.6 -12 1350.33
vn -0.856238 -0.515977 -0.024965
v -2.2 -11.6277 1355.2
vn -0.31016 -0.799965 -0.51367
v -2.6 -11.8 1364.13
vn -0.889131 -0.457371 0.0160594
v -2.50156 -11.6 1363.6
vn -0.897426 -0.428148 -0.106376
v -2.4836 -11.4 1363
vn -0.764337 -0.51892 -0.382768
v -2.03906 -12.4 1364.2
vn -0.907342 -0.349816 0.23315
v -2.2 -11.9726 1364.2
vn -0.804183 -0.302802 -0.511468
v -2.2 -11.9726 1364.2
vn -0.707735 -0.628726 -0.322203
v -2.8 -12.3349 1365.8
vn -0.433374 -0.791962 -0.430097
v -2.7339 -12.2 1365
vn -0.831572 -0.445186 -0.332111
v -2.7339 -12.2 1365
vn -0.123361 -0.291824 -0.948483
v -2.39821 -12.4 1364.6
vn -0.368296 -0.586238 -0.721584
v -2.2 -12.3105 1364.4
vn 0.781726 0.617892 -0.0843401
v -2.2 -11.2 1371.47
vn -0.00936185 0.864703 0.502196
v -3.4 -11.3047 1372.4
vn 0.196676 0.907295 0.371664
v -2.96031 -11.4 1372.4
vn 0.702515 0.708046 -0.0717232
v -2.4 -11.8953 1373.6
vn -0.188212 0.875547 0.444965
v -2.4 -11.8953 1373.6
vn -0.568245 0.685936 0.454521
v -2.2 -12.2 1374.43
vn -0.114023 -0.702124 -0.702866
v -2.90317 -9.6 1348.4
vn -0.688461 -0.653969 -0.313601
v -2.90317 -9.6 1348.4
vn -0.810528 -0.539022 0.229128
v -2.90317 -9.6 1348.4
vn -0.498719 -0.804826 -0.321768
v -2.2 -10.2 1348.81
vn -0.0625083 -0.624669 -0.778384
v -2.2 -10.2 1348.81
vn -0.440119 -0.763234 -0.473042
v -2.6 -10.3297 1357.2
vn -0.812036 -0.481676 0.329524
v -2.39508 -10.2 1356.8
vn -0.75743 -0.490305 0.431163
v -3.22969 -9.6 1359.4
vn -0.782299 -0.398393 0.478843
v -2.8 -10.1081 1359.6
vn -0.603439 -0.783128 -0.150236
v -2.38594 -10.2 1360.2
vn -0.623382 -0.635841 -0.455083
v -2.30156 -10.8 1361.6
vn -0.433803 -0.89869 -0.0645892
v -2.30156 -10.8 1361.6
vn 0.256155 0.847801 0.464347
v -3.4 -9.74531 1367.4
vn -0.524346 -0.832135 -0.180591
v -3.4 -8.48594 1347.2
vn -0.806194 -0.590672 -0.0340171
v -2.67031 -8.4 1347
vn -0.289088 -0.815944 -0.500664
v -2.67031 -8.4 1347
vn -0.813947 -0.499607 -0.296449
v -2.4 -9.13594 1348
vn -0.296602 -0.805676 -0.512752
v -2.4 -9.13594 1348
vn -0.500894 -0.713327 -0.490172
v -3.6 -8.46719 1348.6
vn -0.755941 -0.197585 0.62411
v -3.57031 -9.2 1355.2
vn -0.829117 -0.460201 0.317458
v -3.57031 -9.2 1355.2
vn 0.0789315 0.784487 0.615102
v -2.7371 -8.4 1364.8
vn 0.445085 0.882304 0.153098
v -2.6 -8.6 1365.87
vn 0.53105 0.815769 0.229143
v -2.2 -9 1366.43
vn -0.723239 -0.690598 0.000241241
v -3.4 -7.32344 1345.6
vn -0.163653 0.895187 0.414558
v -2.8 -7.08906 1362.4
vn 0.103463 0.877207 0.468831
v -2.6 -7.2 1361.53
vn 0.682237 0.728552 -0.0613576
v -2.4 -7.47903 1363.4
vn -0.416972 0.775167 0.474605
v -2.2 -5.44219 1356.2
vn -0.0319141 -0.945153 -0.325065
v -2.4 -3.55079 1327
vn -0.0319141 -0.945153 -0.325065
v -2.4 -3.34444 1326.4
vn 0.730065 -0.56653 -0.382162
v -2.4 -3.34444 1326.4
vn -0.0319141 -0.945153 -0.325065
v -2.2 -3.62632 1327.2
vn 0.870842 -0.40469 -0.279033
v -2.2 -3.62632 1327.2
vn 0.538209 -0.824445 0.174991
v -2.2 -3.62632 1327.2
vn 0.510164 -0.844362 0.163662
v -2.2 -3.41406 1328.2
vn 0.900717 -0.371953 -0.224409
v -2.04844 -3.4 1327.8
vn -0.230988 -0.972907 -0.00976614
v -2.4 -3.21094 1336.8
vn 0.517667 0.849754 0.0996991
v -2.6 -2.97969 1345.2
vn 0.849512 0.469221 -0.241167
v -2.17969 -3.4 1346.6
vn 0.447881 0.858219 0.250725
v -2.2 -3.45156 1349
vn -0.571506 0.68259 0.455469
v -2.2 -3.45156 1349
vn 0.150727 0.981257 -0.120067
v -2.2 -3.45156 1349
vn 0.557464 0.828674 -0.0503406
v -2.6 -3.8 1350.61
vn -0.20614 -0.835496 -0.509365
v -2.40789 -1.6 1324
vn -0.415385 -0.889885 -0.188574
v -2.40789 -1.6 1324
vn -0.117749 -0.919059 -0.376118
v -2.40789 -1.6 1324
vn 0.728606 -0.683371 0.0462175
v -2.07436 -1.4 1323.4
vn -0.569796 -0.712299 -0.409832
v -3.6 -1.90926 1325.2
vn -0.35729 -0.922038 0.148961
v -3.6 -1.90926 1325.2
vn -0.35729 -0.922038 0.148961
v -2.8 -2.25156 1325
vn -0.120823 -0.827854 -0.547777
v -2.24844 -1.8 1324.4
vn 0.683624 -0.691109 -0.234578
v -3.4 -1.75833 1330.6
vn 0.248934 -0.913445 -0.321946
v -3.2 -1.726 1330.4
vn 0.56397 -0.690853 0.452393
v -3.2 -1.726 1330.4
vn 0.753406 -0.616863 -0.227726
v -3.2 -1.51406 1330.6
vn -0.0552956 -0.68519 0.726263
v -3.2 -1.51406 1330.6
vn -0.266204 -0.93615 0.22969
v -3.2 -1.51406 1330.6
vn 0.0891102 -0.934384 -0.344945
v -3.2 -1.51406 1330.6
vn -0.636506 -0.600756 0.483687
v -2.78834 -2.2 1329.2
vn 0.0803686 -0.946971 -0.311106
v -3.2 -1.6 1330.83
vn 0.0471365 -0.9512 -0.304954
v -2.55263 -1.6 1331
vn 0.483573 -0.776088 -0.404777
v -3 -2.4 1333.65
vn 0.0461208 -0.976952 -0.208418
v -3 -2.4 1333.65
vn -0.190983 -0.865913 0.462299
v -2.86923 -2.6 1334.4
vn -0.190983 -0.865913 0.462299
v -2.6 -2.33906 1335
vn 0.5963 -0.426251 -0.680248
v -2.6 -2.33906 1335
vn 0.0141933 -0.929226 -0.369238
v -2.6 -2.33906 1335
vn 0.568144 0.805782 -0.167117
v -2.6 -1.39219 1341.4
vn 0.506221 0.861695 -0.0349595
v -2.2 -1.67344 1341.2
vn -0.121571 0.943734 0.307549
v -2.2 -1.25438 1340.4
vn 0.925043 0.371793 -0.0778779
v -2.2 -1.25438 1340.4
vn 0.553795 0.719647 0.418832
v -2.2 -1.25438 1340.4
vn -0.210174 0.865414 0.454846
v -3.2 -1.78906 1342
vn -0.0607039 0.904537 0.422052
v -3 -1.89844 1342.4
vn 0.359249 0.921079 0.150176
v -3.2 -2.6 1345.02
vn 0.834308 -0.139346 -0.533397
v -2.26719 -2.6 1343.8
vn -0.260935 -0.865776 -0.427019
v -3.4 0.229688 1298.2
vn -0.64834 -0.755759 0.0921098
v -3 -0.132812 1298.4
vn -0.60664 -0.787436 -0.109236
v -2.4 -0.523437 1298.8
vn -0.424176 -0.904418 0.0458539
v -2.82656 -0.4 1301.6
vn 0.270662 -0.80096 -0.534046
v -3.4 0.2 1302.28
vn -0.515629 -0.793446 0.323373
v -2.6 -0.2 1303.29
vn -0.0118266 -0.90011 -0.435501
v -2.6 -0.2 1303.29
vn -0.37691 -0.915587 -0.14014
v -2.44167 0 1302.8
vn -0.187837 -0.958057 -0.216434
v -2.8 0.2 1320.9
vn -0.668394 -0.717128 0.197424
v -3.2 -0.660937 1322.4
vn 0.765652 0.401779 0.502346
v -2.06 -0.2 1334.8
vn 0.671481 -0.603962 0.429353
v -2.06 -0.2 1334.8
vn 0.826388 -0.0454728 -0.561262
v -2.06 -0.2 1334.8
vn 0.663682 -0.596947 -0.450756
v -2.06 -0.2 1334.8
vn -0.153982 0.965158 0.211565
v -3.6 -0.048437 1337.4
vn -0.0492096 0.718215 0.694079
v -3.2 -0.364062 1338.6
vn -0.0492096 0.718215 0.694079
v -2.6 -0.322952 1338.6
vn 0.893747 0.388567 -0.224126
v -2.4 -0.2 1338.12
vn 0.891746 0.392476 -0.225281
v -2.31094 -0.2 1338.4
vn -0.584007 0.496542 0.64217
v -2.4 -0.889062 1339.2
vn 0.430792 0.880833 0.196346
v -2.4 -0.889062 1339.2
vn -0.121571 0.943734 0.307549
v -2.4 -0.889062 1339.2
vn 0.831258 0.548895 0.0878872
v -2.2 -0.306558 1338.8
vn -0.22397 -0.95675 0.185651
v -2.24237 0.4 1307
vn -0.653523 -0.298705 0.695473
v -2.24237 0.4 1307
vn 0.222242 -0.914149 -0.339029
v -3.4 0.460938 1318.6
vn 0.126779 -0.963365 -0.236335
v -3.4 0.535938 1319
vn -0.258925 0.96383 0.0631613
v -3.6 1.63906 1328.8
vn -0.24136 0.895138 0.374798
v -2.6 1.32031 1329
vn -0.169967 0.952883 0.251248
v -3.6 1.58281 1329.2
vn 0.672873 0.654862 -0.344089
v -3.6 1.58281 1329.2
vn 0.344268 0.93272 -0.107302
v -2.66216 1.6 1329.6
vn 0.222433 0.961482 -0.161484
v -2.2 1.49844 1330.2
vn -0.5876 0.776238 0.228433
v -2.8 1.60156 1330.8
vn 0.663699 0.685232 -0.299935
v -2.8 1.60156 1330.8
vn 0.165793 0.986022 0.0165103
v -2.8 1.60156 1330.8
vn 0.710078 0.641163 -0.29103
v -2.20469 1.2 1331.2
vn 0.438366 0.896151 -0.0689113
v -2.20469 1.2 1331.2
vn 0.165947 0.984855 0.0502147
v -2.2 1.46719 1332.8
vn 0.88523 0.43465 -0.165673
v -3.2 0.470313 1335.6
vn -0.0577243 0.886037 0.460006
v -3.2 0.470313 1335.6
vn 0.647175 0.681957 -0.340733
v -2.4 3.37031 1297.6
vn 0.553074 0.832301 0.0372003
v -2.2 3.40857 1299.4
vn -0.251661 0.862101 0.439827
v -2.2 3.54844 1315.8
vn 0.394083 0.889909 -0.229697
v -3 3.57969 1317.4
vn -0.105163 0.99175 0.0732936
v -2.8 3.05238 1321.4
vn 0.0580033 0.994246 0.0900548
v -2.8 3.05238 1321.4
vn -0.639966 0.596291 0.484645
v -2.8 3.05238 1321.4
vn -0.240391 0.881293 0.40686
v -3.4 2.33906 1325.4
vn 0.71892 0.661301 -0.214089
v -3.4 2.33906 1325.4
vn -0.453469 0.75999 0.465598
v -2.8 2.85781 1325
vn 0.732293 0.590336 -0.339487
v -2.14531 2.6 1324.4
vn 0.0881324 0.992476 0.0849923
v -3 2.4 1326.56
vn 0.752726 0.583053 -0.305702
v -2.79032 2 1326.4
vn 0.303655 0.951771 0.0438844
v -2.79032 2 1326.4
vn 0.652742 0.682498 -0.328822
v -2.8 3.8 1298.71
vn 0.831689 0.241515 -0.499965
v -3.40179 4 1299.2
vn 0.826923 0.216405 -0.519006
v -2.80469 3.6 1300
vn 0.220228 0.846747 -0.484273
v -2.80469 3.6 1300
vn 0.23041 0.972401 -0.0367139
v -2.6 3.8 1299.5
vn 0.220228 0.846747 -0.484273
v -2.365 3.6 1300.2
vn -0.687417 0.403756 0.603688
v -3.2 3.75156 1301
vn 0.819387 0.39802 -0.412536
v -2.6 4 1300.79
vn 0.220228 0.846747 -0.484273
v -2.6 4 1300.79
vn -0.616132 0.460556 0.638959
v -2.6 4.08594 1301.4
vn -0.189958 0.927747 0.32125
v -2.6 4.08594 1301.4
vn -0.0561349 0.839892 0.539843
v -2.6 4.08594 1301.4
vn -0.0588594 0.880655 0.470089
v -2.4 3.84219 1301.8
vn 0.404216 0.907434 0.114773
v -2.4 3.84219 1301.8
vn -0.0588594 0.880655 0.470089
v -2.2 3.85556 1301.8
vn 0.533231 0.836352 0.127201
v -2.2 3.85556 1301.8
vn 0.431339 0.900597 0.0535929
v -2.2 3.65192 1302.6
vn 0.0813328 0.996624 0.011232
v -2.2 3.65192 1302.6
vn -0.411508 0.852593 0.322097
v -2.2 3.65192 1302.6
vn 0.855707 0.10538 -0.506616
v -2.2 3.65192 1302.6
vn -0.0830253 0.97621 0.200304
v -2.8 4.3717 1306
vn -0.523505 0.704534 0.479138
v -3.4 4.27969 1307.6
vn 0.413439 0.900318 -0.135998
v -2.2 4.09219 1307.4
vn 0.420266 0.90235 -0.0956059
v -3.6 4.52031 1309.4
vn -0.482815 0.722939 0.494216
v -3.6 4.52031 1309.4
vn 0.205176 0.97819 0.0323503
v -3 4.03281 1308.4
vn -0.51236 0.689535 0.511887
v -3 4.03281 1308.4
vn -0.55887 0.625055 0.54495
v -2.775 4.2 1308.4
vn 0.29577 0.955179 0.0123628
v -2.2 3.93594 1311.4
vn 0.62687 0.759868 -0.172147
v -2.2 3.93594 1311.4
vn 0.469221 0.881581 0.0514486
v -3.4 3.70156 1312.6
vn 0.461812 0.783703 -0.415378
v -3.4 3.70156 1312.6
vn -0.144156 0.981453 0.126369
v -3.4 3.70156 1312.6
vn -0.194765 0.973983 0.115856
v -3.4 3.81406 1311.6
vn -0.105359 0.980533 0.165692
v -3.6 4.31406 1314.2
vn 0.584325 0.772292 -0.249258
v -3 3.87656 1314.4
vn -0.11128 0.950877 0.288877
v -3 3.87656 1314.4
vn 0.177505 0.984002 -0.0152536
v -3 4.04844 1313.6
vn 0.495148 0.839742 -0.222847
v -2.8 4.10156 1315.6
vn 0.874614 0.0661761 -0.480282
v -2.44844 3.8 1315.8
vn 0.743638 0.642608 -0.184547
v -2.44844 3.8 1315.8
vn 0.842599 0.538413 0.0117845
v -2.57344 4 1315.6
vn 0.40132 0.89525 -0.193573
v -2.57344 4 1315.6
vn 0.408592 0.911473 -0.0476351
v -2.6 4.03281 1316
vn -0.0507423 0.991026 0.123662
v -3.4 3.86719 1317.8
vn 0.0466822 0.995904 -0.0774301
v -3.58437 3.8 1319
vn -0.415714 0.877203 0.240202
v -3.58437 3.8 1319
vn -0.165878 0.98402 0.0647265
v -2.6 3.68594 1319.4
vn 0.197884 0.979285 -0.0429235
v -2.6 3.68594 1319.4
vn -0.180082 0.952944 0.243861
v -2.6 3.68594 1319.4
vn -0.713836 0.440721 0.544245
v -2.6 3.87031 1321
vn 0.573222 0.816334 -0.0708273
v -2.6 3.87031 1321
vn -0.126988 0.818567 0.560199
v -2.6 3.87031 1321
vn -0.888955 -0.420243 -0.182083
v -1.32712 -17.6 1369.8
vn -0.0993806 -0.993644 0.0528697
v -1.32712 -17.6 1369.8
vn 0.0207689 -0.670901 -0.741256
v -1.4 -17.2052 1369.2
vn 0 -1 0
v -1.2 -17.6 1369.51
vn 0.796739 -0.413543 -0.440669
v -1.2 -17.6 1369.51
vn -0.0910664 -0.6402 -0.762792
v -1.2 -17.6 1369.51
vn 0.967366 -0.227932 -0.11068
v -0.901561 -17.6 1370.6
vn 0.59657 -0.799847 0.065947
v -0.901561 -17.6 1370.6
vn -0.197498 -0.974657 0.105067
v -0.799999 -17.2109 1374.4
vn 0.589598 -0.790499 -0.165788
v -0.799999 -17.2109 1374.4
vn -0.77084 -0.561964 0.300004
v -0.989061 -17.6 1378.4
vn 0 -0.972044 -0.2348
v -0.602324 -18 1378.4
vn -0.68413 -0.661447 0.307335
v -0.602324 -18 1378.4
vn -0.684215 -0.646096 0.338246
v -0.512499 -18 1378.6
vn -0.263999 -0.679565 0.684467
v -0.512499 -18 1378.6
vn 0.525753 -0.786282 0.324569
v -0.512499 -18 1378.6
vn 0.671573 -0.536295 -0.511251
v -0.599999 -17.6922 1377.8
vn 0 -0.889738 -0.456472
v -0.599999 -17.6922 1377.8
vn 0.267257 -0.963397 0.0209742
v -0.599999 -17.6922 1377.8
vn 0.681177 -0.489811 -0.544135
v -1.2 -16.7571 1368.8
vn 0.132315 -0.692267 -0.709407
v -1.2 -16.1422 1368.2
vn 0.867062 -0.373606 -0.329578
v -1.2 -16.1422 1368.2
vn 0.697267 -0.626187 -0.348869
v -1.2 -16.1422 1368.2
vn -0.17693 -0.860878 -0.477059
v -1.2 -16.1422 1368.2
vn -0.441065 -0.890358 -0.112802
v -2 -16.8 1371.81
vn -0.641686 -0.654871 -0.399228
v -1.6 -16.8359 1375.4
vn -0.255178 -0.966703 -0.0192314
v -1.6 -16.8359 1375.4
vn -0.85213 -0.491063 0.180921
v -2 -16.9932 1376
vn -0.348022 -0.804135 0.481921
v -2 -16.9932 1376
vn 0.0401974 -0.997339 -0.0608194
v -2 -16.9932 1376
vn -0.373541 -0.904688 -0.204953
v -1.90652 -16.8 1375.8
vn -0.583529 -0.69783 -0.415365
v -2 -16.3939 1377
vn -0.388017 -0.802291 0.45362
v -2 -16.3939 1377
vn -0.260401 -0.630672 -0.731057
v -1.6 -16.9266 1375.8
vn -0.0670355 -0.997575 0.0186954
v -1.6 -16.9266 1376.4
vn -0.952452 -0.140055 -0.270593
v -1.10469 -17.2 1378.6
vn -0.616351 -0.738348 -0.273777
v -1.10469 -17.2 1378.6
vn -0.919705 -0.207663 -0.333196
v -0.999999 -17.1391 1378.2
vn -0.325695 0.866664 0.37791
v -1.16087 -16 1380
vn -0.542829 0.188345 0.818452
v -1.16087 -16 1380
vn -0.337353 0.897686 0.283464
v -1.13281 -15.8 1379.4
vn -0.301353 -0.7154 0.630388
v -0.999999 -17 1379.4
vn 0.0950442 -0.873281 -0.477857
v -1.4 -14.2922 1364.6
vn 0.517413 -0.777292 -0.357911
v -1.2 -14.8 1365.77
vn -0.177165 -0.862021 -0.474902
v -1.2 -14.8 1365.77
vn -0.882167 -0.390336 -0.263476
v -1.47031 -15.2 1366.6
vn -0.177048 -0.86145 -0.47598
v -1.47031 -15.2 1366.6
vn 0.70812 -0.618026 -0.341482
v -1.2 -15.2556 1366.6
vn -0.399623 0.666347 0.62951
v -0.999999 -14.0953 1378.4
vn -0.551999 0.0843666 0.829566
v -2 -15 1378.81
vn -0.228983 0.600922 0.765806
v -0.913634 -15.4 1379.6
vn 0.382023 0.701493 0.601636
v -0.999999 -15 1379.64
vn 0.0342242 -0.0898148 0.99537
v -0.599999 -15.2805 1379.6
vn 0.584379 0.643257 0.494694
v -0.599999 -15.2805 1379.6
vn -0.567025 0.500026 0.654566
v -0.599999 -15.2805 1379.6
vn 0.718911 0.620557 0.31317
v -0.599999 -15.2805 1379.6
vn 0.382578 0.330238 0.862889
v -0.599999 -15.2805 1379.6
vn -0.160013 0.51537 0.841896
v -0.599999 -15.2805 1379.6
vn 0.650438 -0.48562 -0.584041
v -0.999999 -12.8328 1352.6
vn -0.38475 -0.880492 -0.276951
v -0.799999 -13.046 1353
vn 0.401701 -0.87098 -0.282896
v -0.799999 -12.8056 1352.8
vn -0.224083 -0.855005 0.46771
v -2 -13.5023 1354.6
vn -0.252172 -0.962182 -0.103031
v -2 -13.5023 1354.6
vn -0.224083 -0.855005 0.46771
v -1.8 -13.5547 1354.6
vn 0.606596 -0.675601 -0.419052
v -0.799999 -13.2 1353.49
vn -0.667516 -0.461787 0.584102
v -1.2 -13.8 1355.42
vn -0.433222 -0.587991 0.68307
v -0.999999 -13.8266 1355.6
vn 0.241249 -0.868593 0.432833
v -0.999999 -13.8266 1355.6
vn -0.835223 -0.412319 0.363863
v -0.999999 -13.4 1355.97
vn -0.569566 -0.524258 0.633046
v -0.999999 -13.4 1355.97
vn 0.548048 -0.727969 -0.411952
v -0.799999 -13.6797 1363.6
vn -0.123361 -0.291824 -0.948483
v -2 -13 1364.73
vn -0.605467 -0.234041 -0.76068
v -2 -13 1364.73
vn -0.674917 -0.701381 -0.229243
v -2 -12.5683 1364.6
vn -0.123361 -0.291824 -0.948483
v -2 -12.5683 1364.6
vn -0.30432 -0.719899 -0.623807
v -2 -12.5683 1364.6
vn -0.605467 -0.234041 -0.76068
v -2 -12.5683 1364.6
vn -0.605467 -0.234041 -0.76068
v -1.8 -13.2 1364.64
vn -0.183072 0.624789 0.759028
v -0.599999 -13.3122 1370.6
vn 0.96749 0.0291957 -0.251217
v -0.585936 -13.6 1371.2
vn -0.080383 0.971146 0.224532
v -1.4 -12.6328 1374.4
vn 0.513947 0.854529 -0.0750946
v -1.2 -12.5113 1376
vn 0.170508 0.94743 0.270746
v -1.6 -13.5016 1378.2
vn -0.325432 0.68004 0.656993
v -1.6 -13.5016 1378.2
vn -0.388163 0.764374 0.514841
v -1.2 -13.8859 1378
vn -0.312839 0.90152 0.298988
v -0.799999 -12.8 1377.29
vn 0.278446 0.737089 0.615766
v -0.599999 -13.4 1377.93
vn 0.7786 0.625152 0.054471
v -0.599999 -12.8 1377.47
vn -0.583995 0.496011 0.642591
v -0.599999 -12.8 1377.47
vn 0.267293 0.588801 0.762803
v -0.599999 -12.8 1377.47
vn -0.520172 -0.477779 -0.707918
v -1.6 -11.418 1349.2
vn 0.155907 -0.690546 -0.706286
v -1.6 -11.418 1349.2
vn -0.199033 -0.521164 -0.829924
v -1.6 -11.418 1349.2
vn 0.132997 -0.695478 -0.706132
v -0.999999 -11.8891 1349.8
vn 0.558297 -0.727254 -0.399257
v -0.799999 -12.0619 1350
vn 0.991898 -0.0838162 0.0954675
v -0.799999 -12.2 1350.94
vn -0.828869 -0.530696 0.177026
v -1.56153 -11 1357.6
vn -0.501012 -0.73751 0.452842
v -0.999999 -11.9855 1358.4
vn 0.603677 -0.788671 -0.116497
v -0.799999 -11.8859 1358.8
vn -0.0155735 -0.99695 -0.0764726
v -0.799999 -11.8859 1358.8
vn 0.405641 -0.766832 0.497417
v -0.799999 -11.8859 1358.8
vn -0.799815 -0.329962 0.501418
v -1.67969 -11 1360.8
vn -0.0159054 -0.921205 -0.388753
v -0.799999 -12.0547 1361
vn 0.621908 -0.756155 -0.203618
v -0.599999 -12.0578 1361
vn -0.690702 -0.619415 -0.37317
v -1.97656 -11.4 1361.8
vn -0.848866 -0.471593 0.238802
v -1.97656 -11 1362.2
vn -0.940278 -0.280739 0.192519
v -1.68281 -11.8 1362.2
vn 0.886624 0.427744 0.175879
v -0.999999 -11.1047 1368.8
vn 0.615238 0.702927 0.356898
v -0.999999 -11.1047 1368.8
vn 0.533394 0.55531 0.638061
v -0.999999 -11.1047 1368.8
vn 0.512959 0.679154 0.524997
v -0.599999 -11.8 1369.07
vn 0.462485 0.702999 0.540279
v -1.2 -11.6 1369.4
vn 0.655934 0.749803 -0.086864
v -2 -12.2922 1373.6
vn 0 0.947763 0.318975
v -1.16406 -12 1373.2
vn -0.217705 0.941862 0.25593
v -0.599999 -12.3078 1374.6
vn 0.345055 0.937422 -0.0466652
v -0.599999 -12.3078 1374.6
vn 0.314751 -0.595234 -0.739343
v -2 -9.6 1347.75
vn 0.510511 -0.605453 -0.610578
v -0.799999 -9.93906 1348
vn -0.00504377 -0.700257 -0.713873
v -0.799999 -9.93906 1348
vn 0.209323 -0.56379 -0.798953
v -1.6 -10.8 1348.78
vn 0.360905 0.730633 0.579588
v -1.17381 -9.8 1365.8
vn 0.910458 0.393194 0.128319
v -0.717186 -10 1364.8
vn 0.685303 0.685631 0.245498
v -1.35156 -9.8 1367.2
vn 0.132543 0.780461 0.610993
v -1.4 -10.2 1367.71
vn 0.316922 -0.603994 -0.731267
v -2 -8.2 1346.57
vn 0.798769 -0.431591 -0.419162
v -0.599999 -7.90161 1346
vn 0.96587 0.174091 -0.191801
v -0.523436 -7.8 1360.8
vn 0.473252 0.797823 0.373511
v -1.74531 -8 1363.8
vn 0.618323 0.729565 0.292253
v -1.4 -8.30469 1363
vn 0.536547 0.772805 0.338954
v -1.2 -8.64687 1364.4
vn 0.536861 0.774694 0.334109
v -0.999999 -9.04423 1365
vn 0.944307 0.310421 -0.109194
v -0.999999 -9.04423 1365
vn 0.562443 -0.558451 -0.609746
v -0.999999 -6.38281 1343.6
vn 0.486218 -0.76404 -0.424069
v -0.999999 -6.38281 1343.6
vn 0.347408 0.675776 0.650103
v -0.532811 -6.4 1349.4
vn 0.939626 0.00960706 -0.342068
v -0.457811 -6.2 1351.2
vn -0.760517 0.371704 0.532401
v -0.799999 -6.2 1358.63
vn 0.694714 0.691768 0.197051
v -0.599999 -6.2 1358.61
vn 0.0434147 0.827209 0.560215
v -0.799999 -7.22656 1359.8
vn -0.79825 0.330293 0.50369
v -0.599999 -7.10156 1359.6
vn 0.434837 0.775396 0.457906
v -1.4 -4.415 1347.8
vn 0.975888 0.214907 0.0381675
v -0.999999 -4.62063 1347.8
vn 0.692287 0.669715 0.268738
v -1.17619 -4.8 1349.6
vn 0.96859 0.0347228 -0.246226
v -0.416667 -5 1349.8
vn 0.891079 0.212972 0.400776
v -0.416667 -5 1349.8
vn 0.621426 0.703644 0.34455
v -0.799999 -5.4 1350.18
vn 0.810427 0.548209 0.20658
v -0.742308 -4.6 1351.2
vn 0.247447 0.533875 0.808546
v -0.495311 -5.8 1350.4
vn 0.969604 0.175052 0.170954
v -0.495311 -5.8 1350.4
vn -0.0650304 0.741496 0.667798
v -0.95714 -5.4 1352.8
vn 0.930892 0.341848 0.128765
v -0.573436 -5.6 1352.4
vn 0.66438 0.6778 0.314939
v -0.599999 -5.35469 1352
vn 0.240467 0.876759 -0.416496
v -2 -4.81094 1353.4
vn 0.866538 0.498358 -0.0274166
v -1.8 -4.66094 1354.2
vn 0.0302704 0.895157 -0.444721
v -1.6 -4.86905 1353.2
vn 0.764581 0.364069 -0.531854
v -1.4 -4.70469 1353.6
vn 0.725728 0.677384 -0.120286
v -1.4 -4.70469 1353.6
vn -0.0650304 0.741496 0.667798
v -0.799999 -5.92656 1353.4
vn 0.803895 0.594769 0.00162297
v -0.651561 -5.4 1354.2
vn 0.816789 0.571771 0.0770342
v -0.799999 -5.2 1354.43
vn 0.883846 0.465156 -0.0494573
v -1.57969 -5 1355
vn 0.405062 0.74463 0.53052
v -1.4 -5.32344 1354.8
vn 0.762329 0.635271 0.123633
v -0.999999 -5.67031 1355
vn -0.285141 0.81356 0.506769
v -2 -5.68906 1356.8
vn 0.286034 0.938788 0.191992
v -1.4 -5.28906 1356.8
vn 0.834188 -0.0948813 -0.543257
v -1.00469 -5.6 1357.2
vn 0.679741 0.723859 0.118241
v -1.00469 -5.6 1357.2
vn 0.540578 0.826845 0.155247
v -1.2 -5.50339 1357.6
vn 0.0539915 0.836013 0.546047
v -1.2 -5.50339 1357.6
vn 0.911245 0.399313 -0.1009
v -1.2 -5.35 1356.8
vn -0.759942 -0.480227 0.43803
v -2 -3.2 1328.78
vn 0.457822 -0.853295 0.249572
v -2 -3.2 1328.78
vn -0.0462678 -0.998927 -0.00195619
v -1.62059 -3.4 1337.2
vn 0.253062 0.746942 0.614847
v -0.999999 -3.1 1340.8
vn 0.963623 0.247168 0.101677
v -0.689061 -3.8 1340.8
vn 0.434321 0.699618 0.567362
v -0.65294 -4.2 1345
vn 0.44749 0.811463 0.375874
v -1.6 -3.77656 1346.6
vn 0.675503 -0.42088 -0.605438
v -1.56094 -3.6 1345.4
vn 0.620228 0.683564 0.384782
v -1.6 -2.91406 1345.6
vn 0.290107 0.928419 0.232114
v -1.6 -2.91406 1345.6
vn 0.970295 0.0393012 -0.238711
v -1.09219 -3.6 1346
vn 0.130395 0.981803 0.138058
v -1.6 -3.92969 1348.2
vn 0.836857 0.000773813 -0.547421
v -1.97031 -3.6 1348.8
vn 0.507031 0.782423 -0.361571
v -1.97031 -3.6 1348.8
vn 0.121701 0.916338 0.381463
v -1.6 -3.98594 1348.6
vn 0.282573 0.956943 0.0664302
v -1.6 -3.48305 1349.8
vn 0.63023 0.769425 0.103897
v -1.35469 -3.6 1349.8
vn 0.850507 0.049887 -0.523593
v -1.35469 -3.6 1349.8
vn 0.604305 0.677177 -0.419818
v -1.2 -4.03906 1348.6
vn 0.785739 -0.189878 -0.588694
v -0.799999 -4.2 1348.92
vn 0.951191 0.173759 -0.255035
v -0.799999 -4.2 1348.92
vn 0.603704 0.677745 -0.419766
v -0.799999 -4.2 1348.92
vn -0.0650304 0.741496 0.667798
v -2 -4.4 1351.59
vn 0.153968 0.836743 0.525504
v -1.4 -3.85094 1350.2
vn 0.627417 0.468072 0.622299
v -1.4 -3.85094 1350.2
vn 0.287081 0.847669 0.446141
v -1.23968 -3.8 1350
vn 0.627417 0.468072 0.622299
v -1.23968 -3.8 1350
vn -0.300805 0.630467 0.715562
v -1.38889 -3.6 1350
vn 0.627417 0.468072 0.622299
v -1.38889 -3.6 1350
vn -0.433129 -0.87434 -0.218925
v -0.599999 -2.06719 1328.6
vn 0.934655 -0.197156 0.295886
v -0.465624 -2 1328.6
vn -0.128867 -0.827104 0.547076
v -1.6 -2.06719 1330.2
vn 0.454411 -0.824448 0.337335
v -1.4 -2.59531 1329.6
vn 0.40698 -0.793494 0.452476
v -1.4 -2.49016 1329.8
vn 0.643914 -0.592374 0.484219
v -0.999999 -1.68281 1330.6
vn 0.866068 -0.489518 -0.101486
v -0.999999 -1.68281 1330.6
vn 0.987675 -0.0978699 0.122146
v -0.573436 -2.2 1329.4
vn 0.590586 -0.661078 0.4628
v -0.573436 -2.2 1329.4
vn 0.0528956 -0.96655 -0.250966
v -1.4 -1.62344 1331
vn -0.258373 -0.838102 0.480445
v -1.4 -2.47969 1335.4
vn 0.449777 -0.773044 -0.44733
v -1.4 -2.47969 1335.4
vn 0.144507 -0.974001 -0.174471
v -1.4 -2.47969 1335.4
vn 0.75185 -0.628997 -0.1977
v -1.2 -2.45781 1335
vn 0.5963 -0.426251 -0.680248
v -1.56061 -2.8 1336.2
vn 0.701188 -0.673749 -0.233235
v -0.745311 -2.4 1336.2
vn 0.999384 0.0317535 0.0149159
v -0.745311 -2.4 1336.2
vn 0.340528 0.836547 0.42922
v -1.8 -2 1341.59
vn 0.779475 0.608282 -0.149706
v -2 -1.678 1342
vn 0.905204 0.107127 -0.411255
v -1.6 -2.76406 1345
vn 0.745752 0.64633 0.161589
v -1.6 -2.76406 1345
vn 0.292729 0.92146 0.255383
v -1.6 -2.76406 1345
vn -0.21003 -0.888701 -0.407551
v -2 -1.07656 1299.8
vn 0.22812 -0.965524 0.125399
v -2 -1.07656 1299.8
vn -0.755886 -0.642976 0.12336
v -2 -0.923437 1300.2
vn 0.325398 -0.903903 0.277624
v -2 -0.923437 1300.2
vn 0.36107 -0.927093 -0.100631
v -1.8 -1 1299.53
vn 0.580126 -0.618044 -0.530543
v -1.4 -0.761819 1299.4
vn 0.597263 -0.802027 -0.00546209
v -1.05469 -0.4 1299.8
vn 0.478537 -0.870193 0.117334
v -1.98281 -0.8 1301.2
vn 0.639244 -0.767413 0.0494356
v -0.951665 -0.4 1300.6
vn 0.929305 -0.349383 -0.119683
v -0.951665 -0.4 1300.6
vn 0.685929 -0.725261 -0.0591483
v -0.999999 -0.4 1301.22
vn 0.956564 -0.25937 -0.13309
v -0.773436 -0.2 1301.4
vn -0.821224 -0.407652 0.399263
v -2 -0.498077 1303.2
vn -0.649349 -0.758917 0.0488938
v -2 -0.498077 1303.2
vn 0.3248 -0.934591 0.145069
v -2 -0.498077 1303.2
vn 0.721812 -0.671688 -0.166801
v -0.599999 -0.4 1302.96
vn 0.988355 -0.11221 -0.102778
v -0.599999 -0.4 1302.96
vn 0.757702 -0.65115 0.0434784
v -0.599999 -0.4 1302.96
vn -0.41378 -0.910207 0.017581
v -2 -0.4 1303.66
vn 0.126748 -0.971226 0.201631
v -2 -0.4 1303.66
vn 0.964994 -0.160592 0.207359
v -0.799999 -0.026983 1304.8
vn -0.30709 -0.94773 0.0866276
v -0.599999 -0.343637 1303.8
vn 0.744241 -0.639582 0.19246
v -0.476561 -0.2 1303.8
vn -0.564876 -0.729956 0.384809
v -1.2 0.214063 1306.2
vn 0.284751 -0.946364 0.152681
v -1.2 0.214063 1306.2
vn -0.413493 -0.904228 0.106751
v -1.2 0.214063 1306.2
vn 0.694227 -0.699873 0.168008
v -1.2 0.214063 1306.2
vn 0.706601 -0.707243 -0.0228541
v -1.2 0.117188 1306.8
vn 0.330767 -0.902215 0.276769
v -1.2 0.117188 1306.8
vn 0.321474 -0.934055 0.155546
v -1.2 -0.923437 1322.4
vn 0.879614 -0.467429 -0.0882546
v -0.799999 -0.42973 1322
vn -0.0665111 -0.993986 0.0869909
v -0.584746 -0.8 1322.6
vn 0.847873 -0.506766 -0.155883
v -0.584746 -0.8 1322.6
vn 0.591778 -0.789484 0.162831
v -1.6 -1.07344 1322.8
vn -0.433129 -0.87434 -0.218925
v -0.999999 -0.667187 1323.8
vn 0.519928 -0.791032 -0.322403
v -0.999999 -0.667187 1323.8
vn 0.999127 0.0310654 0.0279182
v -0.614061 -1 1330.6
vn 0.866068 -0.489518 -0.101486
v -0.614061 -1 1330.6
vn 0.790171 0.506098 -0.345679
v -0.651561 -0.2 1331
vn 0.866068 -0.489518 -0.101486
v -0.520311 -1 1331.4
vn 0.943503 -0.269561 0.192717
v -0.520311 -1 1331.4
vn 0.98034 -0.000114825 -0.197317
v -0.520311 -1 1331.4
vn 0.939725 0.119089 0.320523
v -0.457811 -0.6 1332
vn 0.9915 0.0314058 -0.126256
v -0.476561 -0.2 1331.4
vn 0.886292 0.360798 0.290364
v -0.557811 0 1331.8
vn 0.954131 0.29278 0.0625529
v -0.664061 -1 1332.4
vn 0.988 -0.0149198 0.15373
v -0.664061 -1 1332.4
vn 0.765652 0.401779 0.502346
v -1.8 -0.445312 1334.6
vn -0.645058 0.762882 -0.0437086
v -1.8 -0.445312 1334.6
vn -0.745636 0.416206 0.520384
v -1.8 -0.445312 1334.6
vn 0.826388 -0.0454728 -0.561262
v -1.8 -0.410937 1335.2
vn -0.723382 0.675242 -0.144103
v -1.8 -0.410937 1335.2
vn -0.554404 -0.0672074 -0.82953
v -1.8 -0.410937 1335.2
vn 0.671481 -0.603962 0.429353
v -1.8 -0.195312 1334.4
vn -0.745636 0.416206 0.520384
v -1.8 -0.195312 1334.4
vn -0.648477 -0.620435 0.441064
v -1.8 -0.195312 1334.4
vn 0.663682 -0.596947 -0.450756
v -1.8 -0.2 1335.18
vn -0.554404 -0.0672074 -0.82953
v -1.8 -0.2 1335.18
vn -0.373581 -0.740261 -0.558973
v -1.8 -0.2 1335.18
vn 0.663682 -0.596947 -0.450756
v -1.8 0.089063 1334.8
vn -0.5558 -0.728974 -0.399603
v -1.8 0.089063 1334.8
vn -0.648477 -0.620435 0.441064
v -1.8 0.089063 1334.8
vn -0.745636 0.416206 0.520384
v -1.52344 -0.2 1334.8
vn -0.648477 -0.620435 0.441064
v -1.52344 -0.2 1334.8
vn -0.705377 -0.674875 -0.216764
v -1.52344 -0.2 1334.8
vn -0.554404 -0.0672074 -0.82953
v -1.6 -0.2 1335.05
vn -0.5558 -0.728974 -0.399603
v -1.6 -0.2 1335.05
vn 0.954054 -0.294327 0.0561462
v -1.03594 -0.8 1335.4
vn 0.884033 0.460722 0.0788685
v -1.03594 -0.8 1335.4
vn 0.594058 0.567899 0.569725
v -1.03594 -0.8 1335.4
vn 0.635365 -0.648841 0.418707
v -1.03594 -0.8 1335.4
vn 0.698443 0.707733 0.106261
v -0.839061 -0.2 1335.2
vn -0.257287 0.857202 0.446103
v -1.6 0 1336.36
vn 0.594058 0.567899 0.569725
v -1.0365 -1 1335.6
vn 0.722178 0.690377 0.0428793
v -1.0365 -1 1335.6
vn 0.614816 -0.627856 -0.477282
v -1.09531 -0.6 1335.8
vn 0.635365 -0.648841 0.418707
v -1.09531 -0.6 1335.8
vn 0.594058 0.567899 0.569725
v -0.845311 -1.2 1335.6
vn 0.987667 -0.0710218 -0.139534
v -0.904686 -1.2 1336.6
vn 0.614816 -0.627856 -0.477282
v -0.882811 -1 1336.6
vn 0.635365 -0.648841 0.418707
v -0.891069 -0.4 1335.8
vn 0.998893 -0.0468861 0.00389341
v -0.891069 -0.4 1335.8
vn 0.976902 0.191085 0.0956504
v -0.919048 -0.2 1335.8
vn -0.518889 0.637418 0.569607
v -1.8 -0.892187 1338.4
vn 0.848545 0.498944 0.17614
v -1.8 -0.892187 1338.4
vn 0.0587237 0.74437 0.665181
v -1.8 -0.892187 1338.4
vn -0.344573 0.783223 0.517525
v -1.8 -0.4 1337.85
vn 0.970209 0.106035 0.217832
v -0.999999 -0.8 1337.73
vn 0.946465 0.294984 0.131109
v -0.999999 -0.8 1337.73
vn -0.121571 0.943734 0.307549
v -2 -1 1339.7
vn 0.782641 0.556383 0.279124
v -2 -1 1339.7
vn -0.0577243 0.886037 0.460006
v -1.74355 -1.2 1339
vn 0.978543 0.101764 -0.179156
v -0.617186 1.8 1301
vn 0.657818 -0.748616 0.0827625
v -0.729686 0.6 1306.4
vn -0.578324 -0.33055 0.745841
v -1.81667 0.4 1307.4
vn -0.43064 -0.786257 0.443113
v -2 0.939063 1308
vn -0.313643 -0.838899 0.444834
v -1.8 0.6 1307.5
vn -0.497801 -0.359351 0.789342
v -1.6 0.539063 1307.6
vn -0.350577 -0.861765 0.366683
v -0.999999 0.8 1308.79
vn 0.43044 -0.897041 0.100198
v -0.999999 0.8 1308.79
vn 0.744425 -0.663553 0.0743488
v -0.632811 1 1309
vn -0.129473 -0.988568 0.077273
v -0.799999 0.579688 1312.4
vn 0.674072 -0.73849 -0.0161085
v -0.799999 0.579688 1312.4
vn 0.0859995 -0.976207 -0.199056
v -1.2 0.476563 1320
vn 0.222242 -0.914149 -0.339029
v -1.2 0.476563 1320
vn 0.856514 0.482112 -0.184261
v -1.4 1.90984 1325
vn 0.970256 0.230903 -0.0727118
v -1.16406 1.6 1327.4
vn -0.676612 0.516306 0.525
v -1.4 1.47344 1328.2
vn 0.069865 0.952468 0.296519
v -1.4 1.47344 1328.2
vn 0.0137821 0.948331 0.316984
v -0.948436 1.4 1328.4
vn 0.965367 0.230029 -0.123102
v -0.948436 1.4 1328.4
vn -0.271411 0.851674 0.448317
v -2 1.11094 1329.8
vn 0.215037 0.947894 -0.235065
v -2 1.4 1329.99
vn 0.351243 0.92377 -0.152568
v -1.8 1.4 1330.03
vn 0.122336 0.738403 0.663171
v -1.6 1.35 1329.6
vn -0.211534 0.694265 -0.687932
v -1.6 1.23281 1329.8
vn 0.530478 0.8351 -0.145607
v -1.6 1.23281 1329.8
vn 0.133034 0.833636 0.536052
v -1.12373 1 1330.2
vn 0.466534 0.718137 0.516357
v -0.676561 0.6 1330.4
vn 0.202787 0.974952 0.0913512
v -0.799999 1.21746 1329.6
vn 0.122336 0.738403 0.663171
v -0.799999 1.21746 1329.6
vn 0.160468 0.968566 0.190079
v -0.799999 1.21746 1329.6
vn 0.535011 0.706742 0.462902
v -0.799999 1.21746 1329.6
vn 0.976517 0.210727 -0.0448229
v -0.799999 1.21746 1329.6
vn 0.456546 0.888964 -0.0361688
v -1.6 1.36607 1331
vn 0.438366 0.896151 -0.0689113
v -1.2 0.754688 1331.8
vn 0.721199 0.58113 0.377041
v -1.2 0.754688 1331.8
vn 0.161958 0.821466 0.546775
v -1.09375 1 1331.4
vn -0.788647 0.188225 0.585327
v -1.8 1.34844 1333.4
vn 0.748869 0.660317 0.0563578
v -1.8 1.34844 1333.4
vn 0.20279 0.609746 0.766216
v -1.8 1.34844 1333.4
vn 0.165947 0.984855 0.0502147
v -1.8 1.4 1332.8
vn 0.20279 0.609746 0.766216
v -1.6 0.779245 1333.8
vn 0.438366 0.896151 -0.0689113
v -1.6 1.01187 1332.6
vn 0.20279 0.609746 0.766216
v -1.50781 1 1333.6
vn -0.412006 0.700343 0.582898
v -1.50781 1 1333.6
vn 0.279861 0.959994 -0.00946101
v -1.4 0.564063 1334.2
vn -0.53429 0.603458 0.591923
v -1.4 0.564063 1334.2
vn 0.785826 0.604609 0.130097
v -1.4 0.564063 1334.2
vn 0.626675 0.747275 0.221042
v -1.59206 0.4 1335.6
vn -0.253299 0.855273 0.452048
v -1.59206 0.4 1335.6
vn 0.800099 -0.054565 -0.597381
v -1.48281 2.4 1297.4
vn 0.804346 0.592619 -0.0427835
v -1.85781 3.2 1300.2
vn -0.177372 0.866332 0.466913
v -1.8 3.13906 1299.4
vn 0.0936884 0.839553 0.535138
v -1.4 2.65781 1300.2
vn -0.166835 0.930505 0.326079
v -1.4 3.22656 1299.4
vn 0.670886 0.696994 0.253202
v -1.4 3.22656 1299.4
vn 0.904205 0.375321 -0.203833
v -1.10781 2.8 1299.8
vn 0.639012 0.730411 0.241171
v -1.2 2.8 1300.04
vn 0.901486 -0.038561 -0.431087
v -1.06406 2.2 1301.8
vn 0.290465 0.785565 0.546368
v -0.830907 2.4 1300.4
vn 0.935509 0.297472 -0.190614
v -0.830907 2.4 1300.4
vn -0.0611992 0.915663 0.397262
v -1.8 3.44844 1302.8
vn 0.865781 0.0868705 -0.492825
v -1.69531 3.4 1303.4
vn 0.567346 0.822543 0.0392592
v -0.599999 2.59211 1303.4
vn 0.269638 0.857338 0.438483
v -1.4 3.48906 1305.4
vn 0.88723 0.454951 0.0764382
v -0.414061 2.4 1306
vn 0.991907 0.118558 -0.0454372
v -0.429686 2.6 1305.6
vn 0.885182 0.175903 -0.43071
v -0.429686 2.6 1305.6
vn 0.824091 0.53397 0.189078
v -0.429686 2.6 1305.6
vn 0.359573 0.733444 0.57686
v -0.599999 2.8 1305.78
vn 0.611319 0.785814 -0.093735
v -0.799999 3.43281 1307.8
vn 0.30799 0.892034 0.330782
v -1.2 3.47344 1313
vn -0.144105 0.850877 0.505215
v -0.599999 3.27969 1311.8
vn 0.528727 0.648922 -0.547126
v -1.2 3.59531 1314.6
vn 0.448316 0.891916 0.0591555
v -1.2 3.59531 1314.6
vn -0.51849 0.727463 0.449405
v -1.2 3.59531 1314.6
vn 0.876526 0.27001 -0.398493
v -0.935936 3.4 1314.4
vn 0.908785 0.0583855 -0.413159
v -0.599999 3 1314.87
vn 0.511285 0.825676 0.238426
v -1.21094 3.2 1317.4
vn 0.572576 0.818053 0.0542795
v -0.999999 3.30156 1316.8
vn -0.383954 0.721597 0.576088
v -0.599999 2.91094 1316.4
vn -0.490599 0.826163 0.277071
v -1.8 3.53906 1319.2
vn -0.149232 0.927442 0.3429
v -1.8 3.53906 1319.2
vn 0.873746 0.411684 -0.259008
v -1.11719 3.4 1319.4
vn 0.983136 0.0200751 -0.181771
v -0.801561 2.6 1318.6
vn 0.484167 0.874968 0.00367082
v -0.862499 3.4 1318.2
vn 0.763772 0.534432 -0.361987
v -0.599999 2.64844 1318
vn 0.411354 0.873086 0.261742
v -0.599999 2.64844 1318
vn -0.23341 0.825197 0.514364
v -1.8 3.4 1320.7
vn 0.0755454 0.955468 0.285261
v -1.6 3.4 1319.79
vn 0.309437 0.943224 0.120733
v -1.4 3.46719 1319.6
vn 0.508155 0.845195 -0.165601
v -0.999999 3.37344 1320
vn 0.541983 0.837079 -0.0745226
v -0.664061 2.6 1319.6
vn 0.917318 -0.0289642 -0.397101
v -0.799999 3.20476 1320
vn 0.595125 0.70564 -0.384576
v -0.599999 3.2541 1320.4
vn 0.0634689 0.866873 0.494473
v -0.599999 3.2541 1320.4
vn 0.912495 0.370703 0.173009
v -0.599999 3.2541 1320.4
vn -0.0535013 0.890066 0.45268
v -2 3.14219 1322.2
vn 0.339294 0.89058 0.302899
v -1.8 3.18594 1321.6
vn 0.756221 0.654299 -0.0048512
v -1.8 3.17321 1322.2
vn -0.0944857 0.79058 0.605026
v -1.2 3.08906 1321.2
vn 0.767292 0.640556 -0.0308342
v -1.2 3.08906 1321.2
vn 0.923417 0.37514 0.081063
v -0.485936 2.6 1321.2
vn -0.439844 0.828378 0.346883
v -2 2.30469 1324.2
vn 0.647027 0.713078 -0.269955
v -2 2.30469 1324.2
vn 0.0915935 0.918516 0.384629
v -2 2.30469 1324.2
vn 0.778812 0.541308 -0.316919
v -2 2.30469 1324.2
vn 0.424131 0.898976 -0.10934
v -1.52031 2.2 1325.2
vn 0.0320395 0.87735 0.47878
v -0.999999 2.19688 1324.4
vn 0.202575 0.932172 0.300033
v -2 2.31406 1326.6
vn 0.623939 0.757079 -0.193732
v -1.31406 2.2 1326
vn 0.967493 0.213519 -0.135528
v -1.31406 2.2 1326
vn 0.0881324 0.992476 0.0849923
v -1.8 2.10156 1328.8
vn 0.759865 0.558578 -0.332561
v -1.8 2.10156 1328.8
vn 0.122336 0.738403 0.663171
v -1.8 2.10156 1328.8
vn 0.331525 0.94315 -0.0236351
v -2 3.61094 1300
vn 0.848535 0.518014 -0.107936
v -2 3.6 1300.28
vn 0.380641 0.908833 -0.17069
v -1.60156 3.6 1303.6
vn 0.25847 0.826697 0.499766
v -0.999999 3.6 1305.01
vn 0.815884 0.556975 0.155279
v -0.999999 3.6 1305.01
vn 0.389407 0.905951 -0.166176
v -0.999999 3.6 1305.01
vn 0.121447 0.985868 0.11539
v -2 4.2 1309.23
vn 0.165333 0.978984 0.119399
v -1.6 3.8 1309.98
vn -0.202646 0.867706 0.453895
v -1.2 3.77656 1310.2
vn 0.765505 0.611798 -0.199262
v -1.2 3.77656 1310.2
vn -0.053227 0.998376 -0.0203214
v -1.8 3.83281 1317.4
vn 0.847694 0.129703 -0.514385
v -1.4 3.64219 1317.2
vn 0.482226 0.87438 -0.0540088
v -1.8 3.90469 1318
vn 0.382077 0.892261 0.2406
v -1.6 3.8 1318.68
vn 0.779008 0.597026 -0.191587
v -1.6 3.8 1318.68
vn 0.520385 0.838191 0.163207
v -1.6 3.8 1318.68
vn 0.772016 0.621254 -0.134289
v -1.6 3.6 1320.47
vn 0.774123 -0.543404 -0.324724
v -0.399999 -17.4 1375.33
vn 0.267257 -0.963397 0.0209742
v -0.157811 -17.6 1376.4
vn 0.93502 -0.344627 -0.0834893
v -0.157811 -17.6 1376.4
vn 0.671573 -0.536295 -0.511251
v -0.389061 -18 1378.4
vn 0.525753 -0.786282 0.324569
v -0.389061 -18 1378.4
vn 0.987272 -0.0205616 -0.157708
v -0.389061 -18 1378.4
vn 0.914593 -0.367002 0.169792
v -0.389061 -18 1378.4
vn 0.267257 -0.963397 0.0209742
v -0.399999 -17.6324 1378
vn 0.955346 -0.265466 0.129773
v -0.399999 -17.6324 1378
vn 0.525753 -0.786282 0.324569
v -0.399999 -17.8422 1378.8
vn 0.936509 -0.332099 0.112524
v -0.399999 -17.8422 1378.8
vn 0.212682 -0.719792 0.660807
v -0.399999 -17.8422 1378.8
vn 0.252672 -0.855133 0.452663
v -0.399999 -17.1078 1379.6
vn -0.629933 -0.0424817 0.775487
v -0.399999 -15.7141 1380
vn -0.228983 0.600922 0.765806
v -0.399999 -15.7141 1380
vn 0.622007 0.698883 0.353087
v -0.399999 -15.7141 1380
vn 0.252672 -0.855133 0.452663
v -0.199999 -17.0487 1379.6
vn 0.276683 -0.936396 0.215892
v -0.199999 -17 1379.81
vn 0.735262 -0.441463 0.514296
v -0.199999 -17 1379.81
vn 0.990448 -0.104321 0.0901657
v -0.199999 -17 1379.81
vn 0.382578 0.330238 0.862889
v -0.151561 -15.8 1379.6
vn -0.268971 -0.80464 0.529348
v -0.399999 -16.4143 1380.6
vn -0.542829 0.188345 0.818452
v -0.399999 -16.4143 1380.6
vn 0.775423 -0.0975636 0.623859
v -0.399999 -16.4143 1380.6
vn 0.688792 0.139051 0.711499
v -0.291936 -16 1380.4
vn -0.310774 0.826959 0.46857
v -0.399999 -16 1380.5
vn 0.696069 0.14927 0.702287
v -0.399999 -16 1380.5
vn 0.430711 0.785203 0.44491
v -0.399999 -16 1380.5
vn 0.264338 0.52199 0.810957
v -0.117186 -14.2 1371.2
vn 0.382578 0.330238 0.862889
v -0.199999 -14.1762 1379
vn -0.164336 0.650493 0.74152
v -0.199999 -14.1762 1379
vn 0.241249 -0.868593 0.432833
v -0.399999 -13.3609 1356.2
vn 0.650641 -0.644909 0.400947
v -0.399999 -13.3609 1356.2
vn 0.241249 -0.868593 0.432833
v -0.199999 -14 1354.81
vn 0.466151 -0.64569 -0.604804
v -0.199999 -14 1354.81
vn 0.731748 -0.573686 0.368006
v -0.199999 -14 1354.81
vn 0.980884 -0.0340342 -0.191594
v -0.199999 -14 1354.81
vn 0.952154 0.28763 -0.103309
v 0.079689 -12.6 1367.8
vn 0.988427 0.14618 -0.0405422
v -0.032756 -13 1370.4
vn 0.760603 0.56249 0.324174
v -0.399999 -13.8 1371.03
vn 0.464656 0.883945 -0.0522993
v -0.199999 -12.4351 1375
vn 0.597848 0.690841 0.406591
v -0.199999 -13.0547 1376.8
vn 0.566223 0.671557 0.477915
v 1e-006 -12.8953 1376.4
vn 0.746004 0.658806 0.0972229
v 1e-006 -12.5063 1375.8
vn 0.788744 0.552823 0.268829
v -0.399999 -13.3173 1377.8
vn 0.665704 0.669099 0.330371
v -0.145311 -14 1378.6
vn 0.935242 0.336028 0.11139
v -0.292186 -11.8 1366.6
vn 0.981495 0.177583 0.0716431
v 0.114064 -11.6 1367.6
vn -0.111691 0.638528 0.76145
v -0.399999 -12.2914 1369.8
vn 0.908265 0.417268 -0.0306939
v -0.399999 -12.2914 1369.8
vn 0.36051 0.932302 -0.0290666
v -0.399999 -12.3516 1375.2
vn 0.974255 0.00268495 0.225435
v -0.026561 -9.6 1355.8
vn 0.988144 0.153431 -0.00546908
v 0.001564 -9.4 1362.6
vn 0.656267 0.594864 0.464166
v 0.001564 -9.4 1362.6
vn 0.958039 0.156577 -0.240092
v -0.260936 -10.8 1366.4
vn 0.550188 0.565478 0.614433
v 0.200001 -8.0931 1354
vn 0.958249 0.276261 0.0737398
v 1e-006 -7.80303 1360.2
vn 0.684193 0.626699 0.372999
v 1e-006 -7.80303 1360.2
vn 0.683263 0.619334 0.386753
v -0.399999 -8.33281 1361.8
vn 0.978819 0.162363 -0.124704
v -0.157811 -8.6 1361.8
vn 0.717521 0.470499 0.513609
v -0.092186 -7.4 1347
vn 0.992978 0.0165042 -0.11714
v 0.200001 -6.8 1352.81
vn 0.502657 0.621078 0.601331
v -0.399999 -7 1355.99
vn 0.948 0.105014 -0.300446
v -0.276561 -6.2 1354.8
vn 0.826892 0.515685 0.224315
v 0.075807 -7.2 1355.8
vn 0.983721 0.0322808 -0.176781
v 0.075807 -7.2 1355.8
vn 0.854248 -0.11415 -0.507179
v -0.229686 -6.6 1358.6
vn 0.958712 0.27571 0.0696786
v -0.229686 -6.6 1358.6
vn 0.829313 0.530753 0.174763
v -0.357811 -5 1344.4
vn 0.844048 0.528413 0.0914487
v -0.399999 -5.2 1351.2
vn 0.394732 -0.897883 0.194916
v -0.399999 -2.0661 1328.2
vn 0.519928 -0.791032 -0.322403
v -0.399999 -2.0661 1328.2
vn 0.921191 -0.371868 -0.11455
v -0.399999 -2.0661 1328.2
vn 0.974605 -0.130225 0.182173
v -0.348436 -2 1328.4
vn -0.182975 -0.95007 -0.252758
v -0.367186 -1.8 1327.6
vn 0.519928 -0.791032 -0.322403
v -0.367186 -1.8 1327.6
vn 0.812115 -0.568332 -0.132165
v -0.399999 -0.835937 1324
vn 0.883567 -0.464223 -0.0616907
v -0.399999 0.759678 1319.6
vn 0.528449 -0.624562 -0.575034
v -0.217186 0.8 1321.2
vn 0.873347 -0.477265 -0.0973794
v -0.217186 0.8 1321.2
vn -0.127465 0.752623 0.645997
v -0.399999 2.97031 1312.2
vn -0.140999 0.881754 0.450144
v -0.399999 3.31356 1311.8
vn 0.992892 -0.118568 -0.0103128
v -0.167186 2.4 1314
vn 0.9989 -0.0390119 -0.0260293
v -0.176561 2.6 1313.2
vn 0.590115 0.804124 -0.0717616
v -0.267186 3 1315.6
vn 0.927671 0.360009 0.0990952
v -0.267186 3 1315.6
vn 0.925889 0.373174 0.0589103
v -0.399999 3.17708 1316.2
vn 0.607907 0.787938 -0.0979939
v -0.399999 3.17708 1316.2
vn 0.534817 0.64943 0.540566
v -0.399999 3.17708 1316.2
vn 0.970393 0.239309 0.0326975
v -0.154686 2.6 1316
vn 0.899203 -0.155927 -0.408803
v -0.154686 2.6 1316
vn -0.236293 0.691064 0.683079
v -0.346428 2.8 1316.6
vn 0.534817 0.64943 0.540566
v -0.346428 2.8 1316.6
vn 0.534817 0.64943 0.540566
v -0.199999 2.67941 1316.6
vn 0.774664 0.577868 0.256835
v -0.199999 2.62308 1317.6
vn 0.822262 0.533444 0.198302
v -0.399999 2.35781 1318.8
vn 0.531068 0.827884 0.180486
v -0.310936 2.2 1322.2
f 1//1 11//11 2//2
f 4828//4828 9//9 15//15
f 4846//4846 4829//4829 4831//4831
f 4//4 3//3 18//18
f 3//3 4850//4850 18//18
f 4834//4834 4837//4837 5//5
f 4834//4834 5//5 7//7
f 4835//4835 6//6 4851//4851
f 4842//4842 4836//4836 4843//4843
f 8//8 4842//4842 4843//4843
f 4851//4851 6//6 4844//4844
f 25//25 4843//4843 27//27
f 4843//4843 25//25 24//24
f 24//24 8//8 4843//4843
f 4861//4861 4847//4847 14//14
f 13//13 4828//4828 15//15
f 10//10 4848//4848 4832//4832
f 12//12 17//17 4838//4838
f 4830//4830 4857//4857 4852//4852
f 4860//4860 4848//4848 10//10
f 4853//4853 16//16 4833//4833
f 16//16 4849//4849 4833//4833
f 19//19 17//17 12//12
f 14//14 4863//4863 4861//4861
f 4864//4864 4860//4860 10//10
f 34//34 4861//4861 4863//4863
f 4//4 18//18 4856//4856
f 4858//4858 4867//4867 18//18
f 18//18 4850//4850 4858//4858
f 4868//4868 4871//4871 4870//4870
f 4872//4872 4856//4856 18//18
f 32//32 4838//4838 17//17
f 4839//4839 4884//4884 4840//4840
f 4859//4859 4884//4884 4869//4869
f 4859//4859 33//33 4884//4884
f 15//15 4885//4885 13//13
f 4865//4865 20//20 30//30
f 4853//4853 21//21 16//16
f 4865//4865 4874//4874 20//20
f 22//22 38//38 4875//4875
f 4876//4876 4854//4854 41//41
f 27//27 4843//4843 73//73
f 4841//4841 73//73 4843//4843
f 4884//4884 23//23 4840//4840
f 78//78 24//24 26//26
f 26//26 25//25 27//27
f 24//24 25//25 26//26
f 4845//4845 4880//4880 120//120
f 27//27 77//77 26//26
f 78//78 28//28 24//24
f 78//78 29//29 28//28
f 4880//4880 37//37 120//120
f 4881//4881 37//37 4880//4880
f 4881//4881 4882//4882 37//37
f 4882//4882 86//86 37//37
f 4873//4873 4888//4888 31//31
f 4884//4884 33//33 83//83
f 30//30 35//35 4865//4865
f 30//30 20//20 4883//4883
f 4862//4862 4886//4886 33//33
f 83//83 33//33 4886//4886
f 4887//4887 4866//4866 35//35
f 4886//4886 82//82 83//83
f 4887//4887 35//35 79//79
f 82//82 4887//4887 79//79
f 35//35 30//30 79//79
f 79//79 30//30 80//80
f 30//30 4883//4883 80//80
f 4888//4888 81//81 31//31
f 4855//4855 4845//4845 36//36
f 120//120 36//36 4845//4845
f 4888//4888 4873//4873 4877//4877
f 4878//4878 4876//4876 41//41
f 22//22 39//39 38//38
f 4878//4878 41//41 4889//4889
f 53//53 4889//4889 41//41
f 39//39 40//40 38//38
f 39//39 4926//4926 40//40
f 43//43 4855//4855 42//42
f 4855//4855 43//43 4891//4891
f 55//55 43//43 42//42
f 43//43 44//44 4891//4891
f 46//46 4895//4895 4893//4893
f 4897//4897 4894//4894 47//47
f 4855//4855 36//36 42//42
f 4896//4896 45//45 4892//4892
f 4898//4898 45//45 4896//4896
f 4900//4900 43//43 55//55
f 4892//4892 45//45 54//54
f 54//54 45//45 4898//4898
f 4928//4928 52//52 4901//4901
f 48//48 49//49 4902//4902
f 4899//4899 4903//4903 4908//4908
f 4919//4919 51//51 4905//4905
f 4904//4904 4920//4920 4906//4906
f 48//48 60//60 49//49
f 4909//4909 4940//4940 63//63
f 4907//4907 4916//4916 56//56
f 54//54 4898//4898 4910//4910
f 4921//4921 4929//4929 57//57
f 4910//4910 50//50 4922//4922
f 4930//4930 4923//4923 4935//4935
f 4913//4913 4917//4917 4924//4924
f 4925//4925 4931//4931 4953//4953
f 4954//4954 4932//4932 4911//4911
f 4918//4918 4914//4914 4933//4933
f 4912//4912 4934//4934 4915//4915
f 114//114 40//40 4926//4926
f 4955//4955 91//91 4922//4922
f 55//55 90//90 4936//4936
f 42//42 90//90 55//55
f 90//90 56//56 4936//4936
f 90//90 42//42 36//36
f 58//58 64//64 59//59
f 4938//4938 4959//4959 67//67
f 61//61 4941//4941 59//59
f 62//62 4945//4945 4939//4939
f 59//59 4941//4941 58//58
f 67//67 4948//4948 4938//4938
f 4949//4949 4956//4956 4946//4946
f 4947//4947 4957//4957 4942//4942
f 4958//4958 4950//4950 122//122
f 4937//4937 4943//4943 65//65
f 4937//4937 65//65 4960//4960
f 4943//4943 69//69 65//65
f 4962//4962 4967//4967 4961//4961
f 4963//4963 66//66 4968//4968
f 65//65 69//69 4964//4964
f 4965//4965 4974//4974 68//68
f 4944//4944 4907//4907 4975//4975
f 4969//4969 4966//4966 4972//4972
f 4970//4970 93//93 4951//4951
f 4974//4974 70//70 68//68
f 56//56 4975//4975 4907//4907
f 4974//4974 71//71 70//70
f 93//93 4970//4970 72//72
f 4976//4976 4971//4971 4973//4973
f 4977//4977 68//68 70//70
f 71//71 4977//4977 70//70
f 4841//4841 4879//4879 73//73
f 4978//4978 23//23 74//74
f 4884//4884 74//74 23//23
f 74//74 4884//4884 83//83
f 73//73 77//77 27//27
f 75//75 77//77 73//73
f 73//73 76//76 107//107
f 4978//4978 74//74 4980//4980
f 107//107 108//108 73//73
f 77//77 78//78 26//26
f 29//29 78//78 4985//4985
f 78//78 142//142 4985//4985
f 143//143 142//142 78//78
f 81//81 4888//4888 4890//4890
f 5017//5017 81//81 4890//4890
f 84//84 82//82 79//79
f 4984//4984 79//79 80//80
f 81//81 4983//4983 31//31
f 84//84 83//83 82//82
f 84//84 182//182 83//83
f 4983//4983 81//81 85//85
f 81//81 5017//5017 85//85
f 85//85 4984//4984 80//80
f 86//86 120//120 37//37
f 36//36 120//120 148//148
f 88//88 120//120 86//86
f 86//86 87//87 88//88
f 4985//4985 142//142 4986//4986
f 87//87 89//89 88//88
f 142//142 4987//4987 4986//4986
f 4988//4988 121//121 88//88
f 88//88 121//121 120//120
f 5018//5018 53//53 117//117
f 117//117 53//53 41//41
f 117//117 41//41 4927//4927
f 4910//4910 4922//4922 54//54
f 36//36 148//148 90//90
f 125//125 90//90 148//148
f 91//91 4955//4955 116//116
f 116//116 4922//4922 91//91
f 54//54 4922//4922 115//115
f 56//56 90//90 92//92
f 92//92 4975//4975 56//56
f 4975//4975 92//92 95//95
f 4992//4992 71//71 4974//4974
f 92//92 90//90 97//97
f 93//93 72//72 94//94
f 4977//4977 71//71 4990//4990
f 4992//4992 4990//4990 71//71
f 5020//5020 4958//4958 122//122
f 94//94 4951//4951 93//93
f 4989//4989 4996//4996 4993//4993
f 4994//4994 4997//4997 96//96
f 4991//4991 4995//4995 96//96
f 98//98 4991//4991 96//96
f 96//96 4997//4997 98//98
f 98//98 4997//4997 99//99
f 4991//4991 98//98 99//99
f 4997//4997 100//100 99//99
f 125//125 101//101 90//90
f 90//90 101//101 97//97
f 4991//4991 99//99 102//102
f 102//102 99//99 100//100
f 4998//4998 5002//5002 4999//4999
f 5003//5003 104//104 5000//5000
f 5001//5001 5005//5005 103//103
f 103//103 5004//5004 5001//5001
f 123//123 4991//4991 102//102
f 123//123 102//102 103//103
f 123//123 103//103 126//126
f 5006//5006 101//101 106//106
f 125//125 106//106 101//101
f 106//106 129//129 128//128
f 125//125 129//129 106//106
f 103//103 5005//5005 105//105
f 126//126 103//103 105//105
f 127//127 126//126 105//105
f 5008//5008 5027//5027 5007//5007
f 5005//5005 5028//5028 105//105
f 5029//5029 5009//5009 5030//5030
f 75//75 73//73 108//108
f 4981//4981 4979//4979 109//109
f 74//74 83//83 5010//5010
f 5010//5010 107//107 4982//4982
f 181//181 83//83 182//182
f 5010//5010 83//83 181//181
f 108//108 107//107 141//141
f 77//77 247//247 246//246
f 75//75 247//247 77//77
f 141//141 217//217 108//108
f 108//108 217//217 75//75
f 246//246 143//143 78//78
f 85//85 5017//5017 111//111
f 5105//5105 4984//4984 85//85
f 4988//4988 113//113 112//112
f 4988//4988 112//112 121//121
f 112//112 113//113 121//121
f 142//142 5016//5016 4987//4987
f 150//150 5016//5016 142//142
f 111//111 5017//5017 5021//5021
f 5019//5019 117//117 4927//4927
f 4922//4922 116//116 115//115
f 110//110 117//117 5019//5019
f 115//115 116//116 145//145
f 5022//5022 5011//5011 5012//5012
f 118//118 5056//5056 5020//5020
f 5020//5020 119//119 118//118
f 190//190 120//120 121//121
f 120//120 190//190 148//148
f 149//149 121//121 113//113
f 113//113 5060//5060 149//149
f 122//122 4950//4950 124//124
f 4991//4991 147//147 4952//4952
f 119//119 5020//5020 122//122
f 5026//5026 4952//4952 147//147
f 124//124 5023//5023 122//122
f 147//147 4991//4991 123//123
f 126//126 155//155 5025//5025
f 125//125 148//148 133//133
f 127//127 5031//5031 126//126
f 125//125 133//133 129//129
f 134//134 129//129 5040//5040
f 134//134 128//128 129//129
f 136//136 135//135 130//130
f 131//131 136//136 130//130
f 5035//5035 5033//5033 132//132
f 5036//5036 5038//5038 137//137
f 5038//5038 163//163 137//137
f 5041//5041 133//133 5045//5045
f 138//138 5042//5042 5046//5046
f 5047//5047 5048//5048 5049//5049
f 5045//5045 140//140 5034//5034
f 139//139 5048//5048 5037//5037
f 140//140 5039//5039 5034//5034
f 5051//5051 5036//5036 137//137
f 5043//5043 158//158 5032//5032
f 165//165 167//167 5049//5049
f 5050//5050 5075//5075 5044//5044
f 165//165 5049//5049 5048//5048
f 139//139 165//165 5048//5048
f 5051//5051 137//137 163//163
f 5038//5038 5052//5052 163//163
f 161//161 140//140 5045//5045
f 140//140 161//161 159//159
f 140//140 159//159 160//160
f 217//217 247//247 75//75
f 5010//5010 181//181 107//107
f 107//107 181//181 141//141
f 246//246 78//78 77//77
f 289//289 142//142 143//143
f 145//145 5011//5011 115//115
f 5012//5012 5011//5011 145//145
f 85//85 111//111 5105//5105
f 5012//5012 145//145 144//144
f 290//290 5013//5013 5055//5055
f 118//118 119//119 5057//5057
f 5057//5057 119//119 146//146
f 5057//5057 146//146 186//186
f 5024//5024 183//183 5058//5058
f 147//147 183//183 5026//5026
f 5107//5107 5023//5023 124//124
f 149//149 5060//5060 151//151
f 5062//5062 152//152 153//153
f 5061//5061 152//152 5062//5062
f 149//149 5063//5063 156//156
f 5064//5064 5065//5065 5066//5066
f 5065//5065 192//192 5066//5066
f 5117//5117 153//153 187//187
f 147//147 123//123 185//185
f 5109//5109 5025//5025 154//154
f 223//223 5025//5025 155//155
f 155//155 126//126 157//157
f 157//157 126//126 5031//5031
f 5067//5067 5075//5075 189//189
f 157//157 5067//5067 189//189
f 168//168 189//189 5075//5075
f 149//149 156//156 193//193
f 5075//5075 5067//5067 5044//5044
f 157//157 5031//5031 5067//5067
f 133//133 148//148 161//161
f 5045//5045 133//133 161//161
f 5072//5072 5051//5051 162//162
f 5051//5051 163//163 162//162
f 161//161 164//164 159//159
f 5070//5070 160//160 159//159
f 163//163 5053//5053 5068//5068
f 5072//5072 162//162 168//168
f 168//168 162//162 163//163
f 170//170 166//166 5071//5071
f 5076//5076 164//164 161//161
f 166//166 5069//5069 5071//5071
f 168//168 163//163 169//169
f 163//163 5068//5068 169//169
f 5068//5068 5074//5074 203//203
f 169//169 5068//5068 203//203
f 5074//5074 351//351 203//203
f 5073//5073 168//168 5075//5075
f 5077//5077 171//171 173//173
f 5079//5079 172//172 5084//5084
f 177//177 178//178 5081//5081
f 5082//5082 5097//5097 5085//5085
f 166//166 170//170 174//174
f 5086//5086 5078//5078 5085//5085
f 5076//5076 175//175 5080//5080
f 5080//5080 5095//5095 5083//5083
f 175//175 5095//5095 5080//5080
f 5074//5074 5087//5087 351//351
f 5086//5086 5085//5085 5097//5097
f 161//161 175//175 5076//5076
f 5096//5096 5089//5089 180//180
f 148//148 191//191 161//161
f 5102//5102 5090//5090 176//176
f 5088//5088 5098//5098 5315//5315
f 351//351 5099//5099 179//179
f 161//161 204//204 175//175
f 5091//5091 206//206 5093//5093
f 5131//5131 5092//5092 204//204
f 178//178 177//177 5100//5100
f 5096//5096 180//180 5101//5101
f 5103//5103 5094//5094 179//179
f 141//141 181//181 217//217
f 181//181 220//220 217//217
f 181//181 182//182 221//221
f 217//217 220//220 342//342
f 5104//5104 287//287 220//220
f 181//181 221//221 218//218
f 143//143 246//246 248//248
f 5111//5111 144//144 145//145
f 290//290 291//291 5014//5014
f 5106//5106 5015//5015 221//221
f 290//290 5055//5055 5112//5112
f 222//222 5014//5014 291//291
f 5112//5112 5058//5058 183//183
f 183//183 147//147 184//184
f 5108//5108 5059//5059 5110//5110
f 249//249 183//183 184//184
f 5112//5112 183//183 290//290
f 249//249 5108//5108 225//225
f 225//225 5108//5108 5110//5110
f 153//153 254//254 187//187
f 195//195 196//196 187//187
f 254//254 153//153 152//152
f 227//227 187//187 254//254
f 227//227 195//195 187//187
f 188//188 195//195 255//255
f 195//195 227//227 255//255
f 224//224 5109//5109 154//154
f 155//155 157//157 223//223
f 229//229 223//223 157//157
f 157//157 228//228 229//229
f 154//154 5025//5025 223//223
f 5159//5159 157//157 189//189
f 193//193 121//121 149//149
f 190//190 191//191 148//148
f 190//190 193//193 191//191
f 190//190 121//121 193//193
f 193//193 240//240 191//191
f 5122//5122 194//194 5113//5113
f 5113//5113 194//194 5118//5118
f 198//198 5119//5119 5120//5120
f 198//198 193//193 5119//5119
f 5119//5119 193//193 156//156
f 5122//5122 5114//5114 194//194
f 195//195 188//188 5123//5123
f 5120//5120 197//197 198//198
f 5115//5115 5124//5124 5121//5121
f 5115//5115 199//199 5124//5124
f 198//198 197//197 5125//5125
f 198//198 5125//5125 200//200
f 5187//5187 5126//5126 5116//5116
f 201//201 5126//5126 5187//5187
f 5127//5127 201//201 5128//5128
f 5128//5128 201//201 202//202
f 169//169 203//203 168//168
f 5094//5094 351//351 179//179
f 203//203 351//351 168//168
f 161//161 209//209 204//204
f 209//209 207//207 204//204
f 204//204 207//207 5131//5131
f 161//161 191//191 209//209
f 5094//5094 5132//5132 208//208
f 191//191 205//205 209//209
f 205//205 264//264 209//209
f 208//208 5132//5132 5133//5133
f 5134//5134 210//210 208//208
f 5136//5136 5139//5139 5135//5135
f 209//209 215//215 212//212
f 210//210 5137//5137 213//213
f 5143//5143 5138//5138 5141//5141
f 211//211 210//210 213//213
f 351//351 208//208 210//210
f 351//351 210//210 211//211
f 5149//5149 5144//5144 5142//5142
f 214//214 5145//5145 5150//5150
f 5146//5146 5147//5147 5140//5140
f 264//264 215//215 209//209
f 264//264 242//242 215//215
f 216//216 5151//5151 5174//5174
f 5153//5153 5148//5148 5152//5152
f 5154//5154 241//241 5140//5140
f 5140//5140 5147//5147 5154//5154
f 5155//5155 287//287 5104//5104
f 218//218 221//221 5156//5156
f 219//219 218//218 5156//5156
f 286//286 218//218 219//219
f 5156//5156 286//286 219//219
f 221//221 5015//5015 5156//5156
f 150//150 142//142 648//648
f 5158//5158 154//154 223//223
f 226//226 223//223 253//253
f 226//226 5158//5158 223//223
f 290//290 183//183 249//249
f 250//250 5109//5109 224//224
f 226//226 253//253 5181//5181
f 5181//5181 5158//5158 226//226
f 225//225 5110//5110 5182//5182
f 5061//5061 347//347 152//152
f 351//351 189//189 168//168
f 229//229 228//228 300//300
f 296//296 223//223 229//229
f 300//300 297//297 229//229
f 5241//5241 5160//5160 5243//5243
f 256//256 201//201 5187//5187
f 230//230 198//198 200//200
f 198//198 230//230 240//240
f 230//230 200//200 5129//5129
f 233//233 232//232 202//202
f 5162//5162 231//231 5130//5130
f 230//230 5129//5129 5161//5161
f 201//201 233//233 202//202
f 5162//5162 234//234 231//231
f 5163//5163 232//232 233//233
f 240//240 230//230 5161//5161
f 240//240 5161//5161 5164//5164
f 5163//5163 238//238 236//236
f 238//238 5163//5163 233//233
f 5168//5168 5172//5172 235//235
f 5169//5169 5165//5165 239//239
f 5165//5165 237//237 239//239
f 239//239 5170//5170 265//265
f 5173//5173 259//259 5166//5166
f 5167//5167 257//257 5171//5171
f 5171//5171 257//257 5200//5200
f 5169//5169 239//239 5164//5164
f 239//239 265//265 5164//5164
f 191//191 264//264 205//205
f 193//193 198//198 240//240
f 191//191 240//240 264//264
f 241//241 5154//5154 266//266
f 211//211 241//241 492//492
f 216//216 5174//5174 243//243
f 245//245 277//277 244//244
f 5154//5154 5176//5176 266//266
f 242//242 264//264 5179//5179
f 5175//5175 245//245 244//244
f 5174//5174 5177//5177 243//243
f 5178//5178 266//266 5176//5176
f 220//220 287//287 342//342
f 288//288 247//247 217//217
f 5054//5054 289//289 648//648
f 286//286 5156//5156 5239//5239
f 5186//5186 5157//5157 252//252
f 290//290 249//249 251//251
f 251//251 249//249 225//225
f 5242//5242 252//252 5157//5157
f 251//251 225//225 5182//5182
f 5183//5183 5186//5186 5184//5184
f 5184//5184 5186//5186 294//294
f 227//227 299//299 255//255
f 301//301 238//238 233//233
f 259//259 5173//5173 5245//5245
f 201//201 256//256 233//233
f 5201//5201 5188//5188 258//258
f 260//260 5189//5189 302//302
f 5190//5190 5192//5192 5191//5191
f 352//352 257//257 5167//5167
f 5316//5316 302//302 5189//5189
f 5245//5245 5316//5316 259//259
f 259//259 5316//5316 5166//5166
f 5191//5191 5192//5192 261//261
f 302//302 5193//5193 260//260
f 5202//5202 5194//5194 263//263
f 303//303 262//262 5193//5193
f 5193//5193 262//262 5196//5196
f 5201//5201 258//258 5195//5195
f 304//304 5196//5196 262//262
f 5094//5094 208//208 351//351
f 240//240 307//307 264//264
f 307//307 323//323 264//264
f 272//272 264//264 323//323
f 5164//5164 265//265 240//240
f 307//307 240//240 265//265
f 351//351 211//211 492//492
f 5179//5179 270//270 271//271
f 245//245 5209//5209 277//277
f 267//267 273//273 268//268
f 274//274 5215//5215 5203//5203
f 278//278 5219//5219 5204//5204
f 5204//5204 269//269 278//278
f 5205//5205 5206//5206 5208//5208
f 281//281 5208//5208 5206//5206
f 269//269 5229//5229 283//283
f 264//264 272//272 270//270
f 270//270 5179//5179 264//264
f 5212//5212 271//271 270//270
f 5210//5210 5213//5213 275//275
f 5221//5221 5214//5214 5216//5216
f 5217//5217 276//276 5222//5222
f 5218//5218 5220//5220 5225//5225
f 278//278 5226//5226 5219//5219
f 278//278 269//269 283//283
f 279//279 277//277 5209//5209
f 272//272 323//323 273//273
f 5226//5226 321//321 5223//5223
f 321//321 5226//5226 278//278
f 5270//5270 278//278 322//322
f 278//278 283//283 322//322
f 5211//5211 5224//5224 5270//5270
f 280//280 362//362 5227//5227
f 279//279 320//320 5228//5228
f 5209//5209 320//320 279//279
f 5211//5211 5270//5270 5269//5269
f 5228//5228 277//277 279//279
f 362//362 280//280 5269//5269
f 273//273 282//282 268//268
f 5207//5207 5232//5232 5230//5230
f 283//283 5229//5229 284//284
f 5233//5233 5236//5236 5231//5231
f 283//283 284//284 322//322
f 5233//5233 5271//5271 5236//5236
f 282//282 273//273 323//323
f 5272//5272 5234//5234 285//285
f 5237//5237 5235//5235 323//323
f 341//341 246//246 247//247
f 5155//5155 286//286 287//287
f 342//342 288//288 217//217
f 247//247 288//288 341//341
f 287//287 286//286 5239//5239
f 143//143 5180//5180 430//430
f 290//290 298//298 292//292
f 292//292 298//298 343//343
f 251//251 294//294 290//290
f 298//298 5186//5186 295//295
f 295//295 5186//5186 252//252
f 294//294 298//298 290//290
f 5240//5240 5185//5185 293//293
f 5186//5186 298//298 294//294
f 5240//5240 293//293 345//345
f 295//295 5312//5312 298//298
f 380//380 5241//5241 5243//5243
f 293//293 5185//5185 346//346
f 293//293 346//346 345//345
f 5242//5242 5313//5313 252//252
f 5313//5313 5242//5242 5343//5343
f 348//348 254//254 152//152
f 347//347 348//348 152//152
f 348//348 227//227 254//254
f 348//348 5244//5244 227//227
f 347//347 566//566 348//348
f 256//256 5187//5187 349//349
f 348//348 350//350 5244//5244
f 299//299 350//350 255//255
f 5159//5159 189//189 351//351
f 384//384 5245//5245 233//233
f 5316//5316 5245//5245 384//384
f 5316//5316 494//494 302//302
f 262//262 303//303 5246//5246
f 5197//5197 5247//5247 310//310
f 303//303 305//305 5246//5246
f 5193//5193 305//305 303//303
f 5193//5193 353//353 305//305
f 5247//5247 388//388 310//310
f 305//305 5347//5347 5246//5246
f 353//353 5193//5193 302//302
f 353//353 302//302 494//494
f 306//306 355//355 316//316
f 5348//5348 315//315 5251//5251
f 5261//5261 356//356 5248//5248
f 5248//5248 356//356 5318//5318
f 401//401 318//318 355//355
f 308//308 307//307 265//265
f 308//308 309//309 307//307
f 330//330 307//307 309//309
f 357//357 308//308 265//265
f 308//308 357//357 309//309
f 309//309 369//369 330//330
f 5198//5198 5252//5252 311//311
f 5199//5199 5254//5254 265//265
f 5253//5253 313//313 5255//5255
f 265//265 5254//5254 312//312
f 5254//5254 5256//5256 312//312
f 312//312 357//357 265//265
f 5251//5251 315//315 5257//5257
f 5258//5258 5262//5262 5249//5249
f 5250//5250 314//314 5259//5259
f 5250//5250 5263//5263 314//314
f 5260//5260 312//312 5256//5256
f 5260//5260 5264//5264 317//317
f 317//317 319//319 312//312
f 355//355 318//318 316//316
f 319//319 317//317 5264//5264
f 5266//5266 5267//5267 5265//5265
f 5267//5267 5266//5266 359//359
f 318//318 401//401 5319//5319
f 5320//5320 360//360 5268//5268
f 312//312 319//319 360//360
f 5178//5178 362//362 266//266
f 5270//5270 364//364 5269//5269
f 362//362 5178//5178 5227//5227
f 322//322 364//364 5270//5270
f 364//364 362//362 5269//5269
f 5272//5272 285//285 324//324
f 369//369 327//327 323//323
f 327//327 5237//5237 323//323
f 324//324 285//285 331//331
f 5238//5238 5280//5280 5287//5287
f 326//326 325//325 332//332
f 5275//5275 329//329 328//328
f 5276//5276 5278//5278 5285//5285
f 307//307 330//330 323//323
f 327//327 369//369 5283//5283
f 5285//5285 5288//5288 5281//5281
f 5284//5284 5286//5286 5282//5282
f 5289//5289 5277//5277 5283//5283
f 331//331 5279//5279 415//415
f 323//323 330//330 369//369
f 5285//5285 5278//5278 5288//5288
f 334//334 333//333 335//335
f 5292//5292 336//336 5297//5297
f 326//326 332//332 5298//5298
f 5290//5290 5294//5294 5299//5299
f 5295//5295 5291//5291 337//337
f 5293//5293 5296//5296 5302//5302
f 5279//5279 5297//5297 415//415
f 5302//5302 5300//5300 5293//5293
f 338//338 5289//5289 5283//5283
f 5283//5283 369//369 338//338
f 5289//5289 338//338 5303//5303
f 5306//5306 339//339 5304//5304
f 5305//5305 365//365 5301//5301
f 336//336 365//365 5297//5297
f 5305//5305 5308//5308 365//365
f 369//369 340//340 338//338
f 5309//5309 5307//5307 5310//5310
f 5308//5308 5311//5311 365//365
f 368//368 367//367 366//366
f 246//246 377//377 248//248
f 246//246 427//427 377//377
f 342//342 287//287 378//378
f 5341//5341 287//287 5239//5239
f 288//288 342//342 341//341
f 377//377 430//430 248//248
f 290//290 292//292 343//343
f 343//343 298//298 379//379
f 291//291 344//344 378//378
f 290//290 344//344 291//291
f 343//343 344//344 290//290
f 382//382 150//150 648//648
f 379//379 298//298 5312//5312
f 381//381 380//380 5243//5243
f 297//297 300//300 5344//5344
f 382//382 347//347 150//150
f 348//348 437//437 350//350
f 5314//5314 255//255 350//350
f 348//348 674//674 437//437
f 350//350 437//437 5314//5314
f 5314//5314 437//437 567//567
f 567//567 493//493 349//349
f 493//493 256//256 349//349
f 434//434 5344//5344 300//300
f 434//434 300//300 5159//5159
f 434//434 5159//5159 438//438
f 5159//5159 351//351 438//438
f 256//256 384//384 233//233
f 5316//5316 384//384 385//385
f 354//354 305//305 353//353
f 5348//5348 358//358 315//315
f 305//305 387//387 5347//5347
f 305//305 5317//5317 387//387
f 386//386 354//354 353//353
f 386//386 387//387 354//354
f 356//356 401//401 5318//5318
f 356//356 588//588 401//401
f 492//492 241//241 266//266
f 357//357 369//369 309//309
f 317//317 312//312 5260//5260
f 358//358 356//356 315//315
f 400//400 357//357 312//312
f 357//357 5373//5373 369//369
f 360//360 400//400 312//312
f 361//361 408//408 407//407
f 402//402 5321//5321 5383//5383
f 5321//5321 360//360 5320//5320
f 362//362 364//364 363//363
f 413//413 364//364 322//322
f 412//412 5272//5272 324//324
f 5390//5390 413//413 5273//5273
f 5297//5297 365//365 415//415
f 340//340 369//369 5326//5326
f 340//340 5326//5326 5327//5327
f 5323//5323 5326//5326 370//370
f 5328//5328 5324//5324 376//376
f 5311//5311 5328//5328 414//414
f 415//415 365//365 5311//5311
f 414//414 5328//5328 376//376
f 5311//5311 414//414 468//468
f 5325//5325 371//371 5338//5338
f 5323//5323 370//370 5329//5329
f 5326//5326 369//369 416//416
f 371//371 375//375 372//372
f 371//371 372//372 5338//5338
f 5339//5339 5331//5331 484//484
f 373//373 5329//5329 370//370
f 370//370 5326//5326 416//416
f 5330//5330 5332//5332 5335//5335
f 484//484 5331//5331 5336//5336
f 373//373 421//421 374//374
f 374//374 421//421 419//419
f 5333//5333 5334//5334 5337//5337
f 5395//5395 5337//5337 5334//5334
f 5408//5408 246//246 341//341
f 378//378 428//428 342//342
f 341//341 342//342 429//429
f 143//143 430//430 289//289
f 344//344 432//432 378//378
f 344//344 343//343 432//432
f 378//378 432//432 428//428
f 431//431 5342//5342 435//435
f 430//430 648//648 289//289
f 5342//5342 345//345 346//346
f 435//435 5342//5342 346//346
f 433//433 5313//5313 5343//5343
f 381//381 5411//5411 380//380
f 380//380 5411//5411 5409//5409
f 382//382 565//565 347//347
f 674//674 348//348 566//566
f 384//384 256//256 493//493
f 383//383 5316//5316 385//385
f 5316//5316 383//383 442//442
f 5316//5316 442//442 494//494
f 383//383 440//440 442//442
f 383//383 385//385 441//441
f 383//383 441//441 440//440
f 439//439 385//385 384//384
f 494//494 386//386 353//353
f 5347//5347 387//387 386//386
f 494//494 5347//5347 386//386
f 5348//5348 458//458 358//358
f 444//444 5347//5347 494//494
f 405//405 446//446 404//404
f 5375//5375 389//389 5418//5418
f 404//404 446//446 395//395
f 404//404 395//395 410//410
f 406//406 445//445 5349//5349
f 393//393 447//447 390//390
f 390//390 447//447 397//397
f 5359//5359 5351//5351 394//394
f 5352//5352 5365//5365 5361//5361
f 391//391 5388//5388 5363//5363
f 411//411 5389//5389 5353//5353
f 5353//5353 392//392 411//411
f 5364//5364 396//396 5354//5354
f 396//396 5418//5418 5354//5354
f 5357//5357 5355//5355 5360//5360
f 5357//5357 5360//5360 5362//5362
f 392//392 5366//5366 411//411
f 5358//5358 5361//5361 5365//5365
f 5419//5419 396//396 5364//5364
f 393//393 5356//5356 449//449
f 393//393 449//449 447//447
f 397//397 447//447 448//448
f 398//398 5367//5367 5420//5420
f 492//492 266//266 456//456
f 356//356 5433//5433 588//588
f 5433//5433 356//356 358//358
f 460//460 400//400 360//360
f 460//460 417//417 5373//5373
f 5319//5319 403//403 361//361
f 460//460 459//459 417//417
f 360//360 5321//5321 402//402
f 360//360 402//402 5383//5383
f 408//408 361//361 403//403
f 5376//5376 5374//5374 409//409
f 5350//5350 5377//5377 5378//5378
f 5379//5379 5376//5376 409//409
f 5384//5384 5386//5386 5380//5380
f 5374//5374 5389//5389 409//409
f 5385//5385 5381//5381 5387//5387
f 5417//5417 5382//5382 408//408
f 5383//5383 409//409 360//360
f 460//460 360//360 409//409
f 5389//5389 411//411 409//409
f 409//409 411//411 460//460
f 363//363 364//364 457//457
f 508//508 362//362 363//363
f 5390//5390 466//466 413//413
f 331//331 467//467 324//324
f 5391//5391 465//465 713//713
f 5391//5391 5274//5274 465//465
f 467//467 331//331 415//415
f 415//415 5311//5311 468//468
f 416//416 417//417 421//421
f 370//370 416//416 421//421
f 5373//5373 417//417 369//369
f 369//369 417//417 416//416
f 5336//5336 5396//5396 484//484
f 373//373 370//370 421//421
f 417//417 5434//5434 421//421
f 484//484 5396//5396 469//469
f 418//418 419//419 421//421
f 420//420 5397//5397 5393//5393
f 5393//5393 423//423 420//420
f 469//469 5396//5396 5398//5398
f 425//425 418//418 421//421
f 422//422 425//425 424//424
f 5394//5394 5399//5399 5400//5400
f 5399//5399 5401//5401 5400//5400
f 5402//5402 470//470 423//423
f 5402//5402 426//426 470//470
f 420//420 423//423 470//470
f 418//418 425//425 422//422
f 5403//5403 5404//5404 5405//5405
f 425//425 471//471 5406//5406
f 5436//5436 473//473 5407//5407
f 471//471 474//474 472//472
f 341//341 632//632 5408//5408
f 341//341 635//635 632//632
f 635//635 341//341 429//429
f 428//428 429//429 342//342
f 377//377 485//485 430//430
f 5342//5342 431//431 486//486
f 343//343 379//379 5452//5452
f 435//435 545//545 431//431
f 5313//5313 433//433 5413//5413
f 436//436 5410//5410 5412//5412
f 436//436 5412//5412 5415//5415
f 669//669 563//563 5416//5416
f 563//563 433//433 5414//5414
f 563//563 5414//5414 5416//5416
f 347//347 565//565 566//566
f 438//438 351//351 491//491
f 439//439 441//441 385//385
f 441//441 442//442 440//440
f 882//882 441//441 439//439
f 458//458 5348//5348 444//444
f 442//442 441//441 443//443
f 5418//5418 5424//5424 5354//5354
f 5417//5417 589//589 389//389
f 5417//5417 408//408 589//589
f 399//399 5421//5421 5424//5424
f 447//447 449//449 5422//5422
f 5423//5423 5371//5371 5368//5368
f 411//411 5366//5366 5369//5369
f 5418//5418 589//589 5424//5424
f 399//399 451//451 450//450
f 5425//5425 5370//5370 5372//5372
f 451//451 399//399 590//590
f 454//454 5369//5369 5426//5426
f 5369//5369 454//454 411//411
f 454//454 5426//5426 453//453
f 451//451 452//452 450//450
f 5429//5429 5427//5427 5428//5428
f 590//590 452//452 451//451
f 454//454 453//453 504//504
f 496//496 454//454 504//504
f 496//496 462//462 454//454
f 503//503 5429//5429 5428//5428
f 499//499 455//455 497//497
f 5472//5472 500//500 5430//5430
f 5431//5431 5473//5473 498//498
f 491//491 351//351 492//492
f 457//457 508//508 363//363
f 266//266 362//362 508//508
f 508//508 456//456 266//266
f 508//508 457//457 714//714
f 457//457 464//464 714//714
f 401//401 403//403 5319//5319
f 474//474 421//421 5434//5434
f 5434//5434 463//463 474//474
f 462//462 459//459 460//460
f 474//474 461//461 475//475
f 475//475 461//461 476//476
f 411//411 454//454 460//460
f 463//463 461//461 474//474
f 462//462 460//460 454//454
f 462//462 463//463 459//459
f 510//510 512//512 461//461
f 5435//5435 5491//5491 481//481
f 510//510 461//461 463//463
f 712//712 364//364 413//413
f 464//464 457//457 364//364
f 5322//5322 712//712 464//464
f 467//467 465//465 5274//5274
f 465//465 467//467 1060//1060
f 465//465 1060//1060 713//713
f 466//466 5392//5392 713//713
f 467//467 415//415 530//530
f 414//414 376//376 468//468
f 622//622 468//468 376//376
f 720//720 5339//5339 483//483
f 483//483 902//902 720//720
f 542//542 484//484 469//469
f 474//474 425//425 421//421
f 625//625 420//420 470//470
f 471//471 425//425 474//474
f 474//474 475//475 472//472
f 477//477 5438//5438 5443//5443
f 5437//5437 5439//5439 5441//5441
f 5440//5440 5448//5448 5442//5442
f 5442//5442 5448//5448 480//480
f 426//426 5442//5442 480//480
f 426//426 480//480 531//531
f 426//426 531//531 532//532
f 5445//5445 5449//5449 5444//5444
f 5445//5445 478//478 5449//5449
f 5448//5448 478//478 480//480
f 5445//5445 479//479 478//478
f 478//478 536//536 480//480
f 5445//5445 541//541 479//479
f 478//478 479//479 536//536
f 536//536 479//479 535//535
f 535//535 5450//5450 540//540
f 5446//5446 5435//5435 481//481
f 5447//5447 5451//5451 482//482
f 5447//5447 482//482 5523//5523
f 541//541 5522//5522 479//479
f 5451//5451 5523//5523 482//482
f 5339//5339 484//484 483//483
f 485//485 377//377 427//427
f 427//427 5642//5642 485//485
f 343//343 5452//5452 432//432
f 428//428 432//432 633//633
f 5452//5452 633//633 432//432
f 5643//5643 5453//5453 5524//5524
f 486//486 431//431 545//545
f 5524//5524 5413//5413 546//546
f 433//433 546//546 5413//5413
f 546//546 433//433 563//563
f 438//438 1121//1121 5702//5702
f 670//670 565//565 382//382
f 487//487 490//490 594//594
f 5454//5454 568//568 488//488
f 5455//5455 5459//5459 5466//5466
f 575//575 573//573 489//489
f 5462//5462 5460//5460 5565//5565
f 5463//5463 5467//5467 5461//5461
f 491//491 586//586 438//438
f 587//587 491//491 492//492
f 882//882 439//439 384//384
f 706//706 384//384 493//493
f 494//494 442//442 443//443
f 494//494 443//443 882//882
f 441//441 882//882 443//443
f 384//384 706//706 882//882
f 493//493 567//567 706//706
f 403//403 589//589 408//408
f 401//401 883//883 403//403
f 883//883 589//589 403//403
f 389//389 589//589 5418//5418
f 589//589 399//399 5424//5424
f 399//399 589//589 495//495
f 5469//5469 509//509 462//462
f 399//399 495//495 590//590
f 452//452 590//590 5479//5479
f 497//497 501//501 499//499
f 5432//5432 5471//5471 5470//5470
f 5476//5476 5470//5470 5471//5471
f 5471//5471 5480//5480 5476//5476
f 500//500 5472//5472 502//502
f 5478//5478 499//499 501//501
f 5481//5481 498//498 5473//5473
f 5482//5482 5609//5609 5477//5477
f 501//501 5610//5610 5478//5478
f 5478//5478 505//505 5474//5474
f 5478//5478 5610//5610 505//505
f 5481//5481 5473//5473 5456//5456
f 487//487 504//504 5483//5483
f 453//453 5483//5483 504//504
f 496//496 504//504 506//506
f 506//506 509//509 5469//5469
f 5457//5457 5475//5475 5484//5484
f 5610//5610 675//675 505//505
f 509//509 506//506 463//463
f 506//506 592//592 463//463
f 528//528 529//529 527//527
f 595//595 597//597 5515//5515
f 5515//5515 597//597 5517//5517
f 621//621 5518//5518 5612//5612
f 597//597 599//599 598//598
f 602//602 5614//5614 507//507
f 712//712 714//714 464//464
f 463//463 462//462 509//509
f 510//510 463//463 511//511
f 511//511 512//512 510//510
f 5492//5492 5488//5488 513//513
f 5489//5489 515//515 517//517
f 5494//5494 5490//5490 517//517
f 5496//5496 518//518 514//514
f 514//514 518//518 519//519
f 5497//5497 5495//5495 516//516
f 5495//5495 5499//5499 516//516
f 511//511 518//518 5496//5496
f 517//517 515//515 5498//5498
f 5498//5498 5500//5500 520//520
f 5498//5498 520//520 517//517
f 511//511 463//463 592//592
f 518//518 511//511 592//592
f 522//522 595//595 521//521
f 518//518 522//522 519//519
f 523//523 5501//5501 5505//5505
f 5506//5506 5502//5502 5507//5507
f 5508//5508 5503//5503 619//619
f 5503//5503 526//526 619//619
f 522//522 518//518 595//595
f 5500//5500 5509//5509 5636//5636
f 5500//5500 5636//5636 520//520
f 5504//5504 525//525 5513//5513
f 595//595 524//524 5512//5512
f 5510//5510 5516//5516 5520//5520
f 5512//5512 521//521 595//595
f 524//524 5514//5514 5512//5512
f 595//595 5515//5515 524//524
f 5511//5511 5521//5521 619//619
f 526//526 5511//5511 619//619
f 5519//5519 5639//5639 5521//5521
f 712//712 413//413 466//466
f 712//712 466//466 713//713
f 467//467 530//530 1060//1060
f 376//376 723//723 622//622
f 530//530 415//415 623//623
f 623//623 415//415 468//468
f 1060//1060 530//530 623//623
f 469//469 897//897 542//542
f 469//469 5398//5398 624//624
f 5641//5641 420//420 626//626
f 420//420 625//625 626//626
f 532//532 531//531 533//533
f 426//426 532//532 470//470
f 532//532 534//534 470//470
f 532//532 533//533 534//534
f 627//627 470//470 534//534
f 627//627 534//534 539//539
f 535//535 537//537 536//536
f 480//480 536//536 531//531
f 531//531 536//536 539//539
f 533//533 531//531 539//539
f 533//533 539//539 534//534
f 539//539 536//536 538//538
f 537//537 628//628 536//536
f 628//628 722//722 536//536
f 536//536 722//722 538//538
f 535//535 540//540 629//629
f 537//537 535//535 629//629
f 541//541 630//630 5522//5522
f 629//629 628//628 537//537
f 5491//5491 541//541 481//481
f 630//630 541//541 5491//5491
f 902//902 483//483 484//484
f 5340//5340 5776//5776 5777//5777
f 631//631 902//902 484//484
f 484//484 542//542 631//631
f 543//543 429//429 428//428
f 543//543 635//635 429//429
f 428//428 633//633 543//543
f 543//543 634//634 635//635
f 430//430 485//485 636//636
f 544//544 485//485 5642//5642
f 544//544 636//636 485//485
f 852//852 5524//5524 546//546
f 1051//1051 5703//5703 5345//5345
f 1102//1102 382//382 648//648
f 5345//5345 854//854 1051//1051
f 582//582 649//649 547//547
f 583//583 577//577 5662//5662
f 548//548 5525//5525 650//650
f 650//650 551//551 548//548
f 651//651 5528//5528 5535//5535
f 549//549 550//550 557//557
f 5532//5532 5530//5530 554//554
f 5533//5533 552//552 5547//5547
f 553//553 5532//5532 554//554
f 552//552 558//558 5547//5547
f 5534//5534 5539//5539 5538//5538
f 555//555 5548//5548 556//556
f 5545//5545 5549//5549 5541//5541
f 5538//5538 5539//5539 5550//5550
f 5542//5542 5551//5551 5540//5540
f 5546//5546 554//554 653//653
f 5530//5530 653//653 554//554
f 5536//5536 5543//5543 5663//5663
f 651//651 5544//5544 5546//5546
f 650//650 5552//5552 551//551
f 5537//5537 5548//5548 555//555
f 653//653 651//651 5546//5546
f 561//561 560//560 559//559
f 5557//5557 656//656 5553//5553
f 5674//5674 657//657 5554//5554
f 5559//5559 5555//5555 5666//5666
f 5556//5556 5676//5676 653//653
f 5558//5558 5560//5560 562//562
f 562//562 5675//5675 5558//5558
f 5667//5667 5562//5562 5561//5561
f 546//546 563//563 564//564
f 673//673 672//672 565//565
f 672//672 566//566 565//565
f 673//673 565//565 670//670
f 437//437 674//674 567//567
f 671//671 674//674 566//566
f 5458//5458 968//968 5566//5566
f 968//968 5458//5458 505//505
f 5464//5464 5579//5579 576//576
f 490//490 5464//5464 594//594
f 5464//5464 576//576 594//594
f 576//576 596//596 594//594
f 5584//5584 571//571 569//569
f 5574//5574 574//574 5567//5567
f 5581//5581 578//578 572//572
f 5590//5590 580//580 5577//5577
f 5582//5582 5578//5578 5568//5568
f 5569//5569 5580//5580 5585//5585
f 5579//5579 5570//5570 576//576
f 576//576 5570//5570 5577//5577
f 5575//5575 968//968 5583//5583
f 5583//5583 579//579 5591//5591
f 5586//5586 968//968 5576//5576
f 968//968 676//676 5583//5583
f 5583//5583 676//676 579//579
f 5465//5465 968//968 5586//5586
f 570//570 5662//5662 577//577
f 5592//5592 5571//5571 5587//5587
f 5590//5590 5588//5588 580//580
f 580//580 5588//5588 585//585
f 5593//5593 5594//5594 5572//5572
f 5573//5573 579//579 649//649
f 5605//5605 5589//5589 5597//5597
f 585//585 651//651 580//580
f 5577//5577 580//580 576//576
f 649//649 579//579 581//581
f 576//576 580//580 651//651
f 581//581 579//579 676//676
f 600//600 678//678 601//601
f 5598//5598 649//649 582//582
f 5599//5599 5595//5595 584//584
f 5596//5596 5526//5526 5601//5601
f 5602//5602 5606//5606 5600//5600
f 5603//5603 5527//5527 5529//5529
f 5604//5604 5528//5528 651//651
f 5604//5604 651//651 585//585
f 5468//5468 5608//5608 5607//5607
f 880//880 706//706 567//567
f 588//588 458//458 444//444
f 401//401 588//588 883//883
f 590//590 495//495 984//984
f 495//495 591//591 984//984
f 591//591 495//495 589//589
f 487//487 594//594 504//504
f 594//594 596//596 504//504
f 596//596 506//506 504//504
f 595//595 592//592 593//593
f 506//506 593//593 592//592
f 596//596 593//593 506//506
f 595//595 599//599 597//597
f 593//593 601//601 595//595
f 595//595 601//601 599//599
f 600//600 596//596 576//576
f 600//600 593//593 596//596
f 600//600 601//601 593//593
f 5615//5615 5640//5640 5613//5613
f 598//598 599//599 5485//5485
f 5616//5616 5617//5617 604//604
f 604//604 5617//5617 603//603
f 5617//5617 5486//5486 603//603
f 1002//1002 5616//5616 604//604
f 1002//1002 604//604 603//603
f 601//601 678//678 599//599
f 5639//5639 5616//5616 1002//1002
f 5485//5485 599//599 606//606
f 606//606 599//599 610//610
f 5620//5620 608//608 5487//5487
f 599//599 711//711 610//610
f 678//678 711//711 599//599
f 606//606 610//610 605//605
f 610//610 611//611 605//605
f 5621//5621 5618//5618 5622//5622
f 5619//5619 607//607 5623//5623
f 611//611 612//612 605//605
f 609//609 605//605 612//612
f 607//607 5619//5619 5624//5624
f 711//711 611//611 610//610
f 612//612 611//611 711//711
f 5625//5625 5626//5626 613//613
f 607//607 5624//5624 5623//5623
f 711//711 5627//5627 612//612
f 614//614 616//616 5628//5628
f 617//617 616//616 614//614
f 5627//5627 615//615 5629//5629
f 5633//5633 5625//5625 613//613
f 5630//5630 5631//5631 618//618
f 614//614 5634//5634 617//617
f 492//492 456//456 705//705
f 5494//5494 517//517 715//715
f 5494//5494 715//715 5493//5493
f 595//595 518//518 592//592
f 619//619 5521//5521 5639//5639
f 619//619 5639//5639 620//620
f 623//623 468//468 622//622
f 1060//1060 623//623 892//892
f 623//623 622//622 892//892
f 625//625 470//470 896//896
f 539//539 901//901 627//627
f 538//538 722//722 539//539
f 722//722 628//628 721//721
f 628//628 629//629 721//721
f 629//629 1061//1061 721//721
f 630//630 1061//1061 629//629
f 629//629 5522//5522 630//630
f 5491//5491 5767//5767 630//630
f 631//631 542//542 897//897
f 1291//1291 1170//1170 5642//5642
f 634//634 543//543 633//633
f 647//647 5644//5644 5643//5643
f 1170//1170 544//544 5642//5642
f 544//544 1170//1170 636//636
f 636//636 1103//1103 430//430
f 5675//5675 1024//1024 658//658
f 637//637 641//641 640//640
f 638//638 637//637 640//640
f 639//639 5645//5645 5647//5647
f 661//661 655//655 5651//5651
f 5652//5652 5646//5646 5683//5683
f 5683//5683 5646//5646 5649//5649
f 640//640 645//645 638//638
f 641//641 642//642 640//640
f 5653//5653 5670//5670 5654//5654
f 5671//5671 6006//6006 5655//5655
f 6006//6006 640//640 5655//5655
f 6006//6006 5671//5671 5677//5677
f 644//644 646//646 643//643
f 5648//5648 5656//5656 5650//5650
f 5649//5649 5657//5657 5660//5660
f 5658//5658 638//638 645//645
f 5649//5649 5660//5660 5683//5683
f 5659//5659 5658//5658 645//645
f 5660//5660 837//837 5683//5683
f 647//647 5643//5643 5524//5524
f 5524//5524 852//852 647//647
f 1043//1043 852//852 546//546
f 647//647 852//852 851//851
f 546//546 564//564 1043//1043
f 1102//1102 648//648 430//430
f 1102//1102 853//853 5346//5346
f 5346//5346 853//853 5952//5952
f 649//649 581//581 855//855
f 649//649 855//855 856//856
f 651//651 653//653 5683//5683
f 5563//5563 652//652 654//654
f 5675//5675 562//562 5668//5668
f 5564//5564 653//653 5664//5664
f 5530//5530 5664//5664 653//653
f 5665//5665 5531//5531 5669//5669
f 5668//5668 1024//1024 5675//5675
f 653//653 5676//5676 5683//5683
f 549//549 1024//1024 5668//5668
f 549//549 557//557 1024//1024
f 558//558 6007//6007 5547//5547
f 659//659 5674//5674 5678//5678
f 5674//5674 659//659 657//657
f 5672//5672 660//660 5679//5679
f 5680//5680 5683//5683 5676//5676
f 5678//5678 5681//5681 659//659
f 5673//5673 5683//5683 5682//5682
f 5682//5682 5683//5683 5680//5680
f 704//704 662//662 703//703
f 664//664 5684//5684 663//663
f 5689//5689 701//701 5685//5685
f 666//666 668//668 5686//5686
f 5687//5687 662//662 5696//5696
f 5688//5688 665//665 5690//5690
f 5688//5688 5700//5700 858//858
f 5754//5754 5691//5691 860//860
f 665//665 5688//5688 858//858
f 667//667 5701//5701 5697//5697
f 5698//5698 864//864 5700//5700
f 864//864 5698//5698 862//862
f 980//980 586//586 979//979
f 672//672 671//671 566//566
f 869//869 880//880 567//567
f 675//675 5610//5610 1055//1055
f 590//590 984//984 1055//1055
f 675//675 1056//1056 505//505
f 5566//5566 968//968 5465//5465
f 968//968 855//855 676//676
f 677//677 576//576 651//651
f 576//576 677//677 600//600
f 651//651 680//680 677//677
f 680//680 679//679 677//677
f 677//677 678//678 600//600
f 677//677 679//679 678//678
f 678//678 5704//5704 711//711
f 581//581 676//676 855//855
f 680//680 651//651 5683//5683
f 5704//5704 681//681 711//711
f 680//680 5705//5705 679//679
f 711//711 692//692 682//682
f 692//692 711//711 681//681
f 5631//5631 683//683 618//618
f 5632//5632 5706//5706 5707//5707
f 688//688 5733//5733 687//687
f 5721//5721 682//682 692//692
f 5722//5722 5707//5707 5706//5706
f 870//870 692//692 681//681
f 5717//5717 685//685 684//684
f 5710//5710 5713//5713 686//686
f 5718//5718 5711//5711 691//691
f 5730//5730 5712//5712 5715//5715
f 689//689 686//686 5713//5713
f 5719//5719 5724//5724 5714//5714
f 690//690 5716//5716 5725//5725
f 5731//5731 5723//5723 5720//5720
f 5730//5730 5715//5715 5727//5727
f 5730//5730 5727//5727 697//697
f 870//870 871//871 692//692
f 5728//5728 5726//5726 693//693
f 5729//5729 5737//5737 694//694
f 5737//5737 696//696 694//694
f 5744//5744 5738//5738 695//695
f 5740//5740 697//697 5727//5727
f 697//697 5740//5740 5745//5745
f 5734//5734 5763//5763 5741//5741
f 5719//5719 5735//5735 5724//5724
f 5726//5726 5736//5736 693//693
f 5741//5741 5739//5739 5734//5734
f 5742//5742 702//702 5746//5746
f 5757//5757 875//875 5745//5745
f 5745//5745 985//985 872//872
f 872//872 697//697 5745//5745
f 700//700 699//699 698//698
f 700//700 704//704 699//699
f 5755//5755 5748//5748 5751//5751
f 5764//5764 5752//5752 5758//5758
f 5753//5753 5749//5749 5759//5759
f 5750//5750 5756//5756 5757//5757
f 699//699 704//704 703//703
f 5761//5761 5685//5685 701//701
f 5743//5743 5765//5765 5760//5760
f 5762//5762 5755//5755 5751//5751
f 5757//5757 5756//5756 5954//5954
f 5607//5607 5608//5608 877//877
f 979//979 5607//5607 877//877
f 987//987 492//492 878//878
f 878//878 492//492 705//705
f 881//881 494//494 882//882
f 881//881 707//707 494//494
f 706//706 880//880 882//882
f 707//707 444//444 494//494
f 707//707 588//588 444//444
f 881//881 991//991 707//707
f 588//588 707//707 1133//1133
f 588//588 1133//1133 993//993
f 708//708 591//591 589//589
f 589//589 884//884 708//708
f 708//708 710//710 591//591
f 710//710 983//983 709//709
f 710//710 709//709 591//591
f 983//983 885//885 709//709
f 708//708 983//983 710//710
f 984//984 591//591 885//885
f 709//709 885//885 5611//5611
f 5486//5486 5623//5623 886//886
f 711//711 682//682 5627//5627
f 886//886 5623//5623 5624//5624
f 682//682 615//615 5627//5627
f 5624//5624 616//616 886//886
f 616//616 617//617 886//886
f 705//705 456//456 1205//1205
f 508//508 714//714 1134//1134
f 508//508 1134//1134 456//456
f 630//630 5767//5767 1061//1061
f 520//520 5636//5636 719//719
f 517//517 520//520 719//719
f 517//517 719//719 998//998
f 716//716 5774//5774 5637//5637
f 718//718 5768//5768 5638//5638
f 620//620 718//718 5638//5638
f 5775//5775 5769//5769 717//717
f 5769//5769 5771//5771 717//717
f 5770//5770 5772//5772 999//999
f 5770//5770 999//999 719//719
f 620//620 891//891 718//718
f 6000//6000 5773//5773 5970//5970
f 620//620 5639//5639 1002//1002
f 622//622 723//723 892//892
f 720//720 902//902 894//894
f 470//470 627//627 896//896
f 901//901 896//896 627//627
f 896//896 626//626 625//625
f 1061//1061 722//722 721//721
f 722//722 1061//1061 900//900
f 724//724 754//754 904//904
f 724//724 757//757 753//753
f 724//724 725//725 757//757
f 758//758 5825//5825 5778//5778
f 725//725 724//724 761//761
f 795//795 728//728 726//726
f 5787//5787 727//727 5782//5782
f 5786//5786 738//738 5783//5783
f 729//729 5903//5903 5784//5784
f 794//794 5788//5788 5904//5904
f 5900//5900 905//905 5787//5787
f 727//727 5787//5787 905//905
f 5797//5797 5789//5789 5785//5785
f 731//731 732//732 730//730
f 732//732 733//733 730//730
f 733//733 732//732 735//735
f 735//735 741//741 733//733
f 730//730 5790//5790 731//731
f 5794//5794 734//734 5792//5792
f 5795//5795 739//739 5796//5796
f 731//731 736//736 732//732
f 736//736 735//735 732//732
f 741//741 735//735 909//909
f 5791//5791 737//737 731//731
f 5796//5796 729//729 5793//5793
f 736//736 5972//5972 735//735
f 736//736 731//731 737//737
f 5798//5798 737//737 5791//5791
f 743//743 729//729 5796//5796
f 741//741 5799//5799 733//733
f 5796//5796 739//739 743//743
f 741//741 740//740 5800//5800
f 741//741 907//907 740//740
f 909//909 907//907 741//741
f 5805//5805 740//740 742//742
f 740//740 5805//5805 5800//5800
f 913//913 744//744 740//740
f 740//740 744//744 5801//5801
f 744//744 745//745 5801//5801
f 745//745 750//750 5801//5801
f 913//913 911//911 744//744
f 911//911 745//745 744//744
f 911//911 917//917 745//745
f 745//745 917//917 5810//5810
f 5802//5802 748//748 746//746
f 748//748 747//747 746//746
f 5803//5803 749//749 748//748
f 747//747 748//748 922//922
f 810//810 5804//5804 5806//5806
f 5807//5807 810//810 5806//5806
f 752//752 810//810 5807//5807
f 749//749 5803//5803 5811//5811
f 749//749 5811//5811 917//917
f 917//917 918//918 749//749
f 748//748 749//749 1070//1070
f 1070//1070 922//922 748//748
f 5808//5808 751//751 5814//5814
f 5812//5812 922//922 921//921
f 922//922 5812//5812 5809//5809
f 756//756 810//810 752//752
f 5813//5813 5974//5974 903//903
f 5813//5813 903//903 5815//5815
f 903//903 754//754 5815//5815
f 5820//5820 756//756 752//752
f 810//810 756//756 822//822
f 754//754 724//724 753//753
f 5821//5821 5816//5816 5824//5824
f 755//755 756//756 5817//5817
f 756//756 835//835 822//822
f 755//755 835//835 756//756
f 5826//5826 5827//5827 5818//5818
f 5779//5779 759//759 5828//5828
f 762//762 5780//5780 5837//5837
f 764//764 5780//5780 762//762
f 5829//5829 765//765 5819//5819
f 760//760 765//765 5829//5829
f 5832//5832 5844//5844 5830//5830
f 5833//5833 5781//5781 5845//5845
f 5831//5831 5846//5846 5834//5834
f 5817//5817 5848//5848 755//755
f 762//762 923//923 763//763
f 762//762 5837//5837 923//923
f 5841//5841 5847//5847 5840//5840
f 766//766 5849//5849 5975//5975
f 5975//5975 5849//5849 5842//5842
f 5847//5847 5841//5841 5835//5835
f 5836//5836 5843//5843 5850//5850
f 5849//5849 766//766 5822//5822
f 5823//5823 5851//5851 925//925
f 755//755 767//767 835//835
f 5853//5853 836//836 5941//5941
f 768//768 646//646 644//644
f 769//769 5855//5855 770//770
f 5855//5855 769//769 5661//5661
f 5660//5660 5857//5857 773//773
f 5856//5856 6006//6006 5858//5858
f 5659//5659 6006//6006 5856//5856
f 5857//5857 5859//5859 771//771
f 5857//5857 771//771 773//773
f 5861//5861 5860//5860 772//772
f 6006//6006 5862//5862 5858//5858
f 5861//5861 772//772 5864//5864
f 774//774 787//787 786//786
f 775//775 5864//5864 772//772
f 775//775 776//776 5864//5864
f 5868//5868 5863//5863 926//926
f 926//926 781//781 5868//5868
f 775//775 5875//5875 776//776
f 776//776 5875//5875 777//777
f 5875//5875 780//780 777//777
f 5870//5870 5872//5872 778//778
f 5873//5873 5865//5865 5871//5871
f 5866//5866 788//788 778//778
f 5869//5869 779//779 773//773
f 5869//5869 788//788 779//779
f 773//773 779//779 840//840
f 788//788 840//840 779//779
f 788//788 5869//5869 5870//5870
f 5870//5870 778//778 788//788
f 5867//5867 5978//5978 5888//5888
f 5862//5862 6006//6006 5978//5978
f 5874//5874 5978//5978 5867//5867
f 782//782 785//785 783//783
f 783//783 785//785 5888//5888
f 783//783 784//784 782//782
f 5883//5883 5885//5885 5889//5889
f 5884//5884 5877//5877 5886//5886
f 5878//5878 791//791 5887//5887
f 782//782 784//784 5894//5894
f 788//788 5866//5866 5887//5887
f 791//791 788//788 5887//5887
f 5888//5888 5879//5879 783//783
f 791//791 793//793 788//788
f 5890//5890 5898//5898 841//841
f 789//789 5880//5880 792//792
f 790//790 789//789 792//792
f 796//796 5891//5891 797//797
f 5881//5881 789//789 791//791
f 789//789 790//790 791//791
f 933//933 5892//5892 5895//5895
f 791//791 800//800 793//793
f 5912//5912 798//798 5899//5899
f 5901//5901 5903//5903 5905//5905
f 729//729 5905//5905 5903//5903
f 5906//5906 5907//5907 5902//5902
f 790//790 5905//5905 791//791
f 791//791 5905//5905 800//800
f 905//905 5900//5900 5908//5908
f 798//798 846//846 5899//5899
f 798//798 847//847 846//846
f 5905//5905 729//729 800//800
f 5912//5912 799//799 798//798
f 798//798 799//799 847//847
f 948//948 5948//5948 5910//5910
f 807//807 801//801 5912//5912
f 5912//5912 801//801 799//799
f 743//743 800//800 729//729
f 801//801 807//807 804//804
f 5913//5913 802//802 5911//5911
f 5917//5917 802//802 5913//5913
f 808//808 803//803 849//849
f 804//804 807//807 805//805
f 935//935 5918//5918 806//806
f 804//804 805//805 5920//5920
f 805//805 5915//5915 5921//5921
f 803//803 808//808 806//806
f 743//743 807//807 800//800
f 743//743 810//810 807//807
f 805//805 807//807 814//814
f 5914//5914 5919//5919 949//949
f 935//935 806//806 808//808
f 5915//5915 805//805 809//809
f 805//805 811//811 809//809
f 811//811 812//812 809//809
f 5916//5916 5922//5922 849//849
f 5804//5804 810//810 743//743
f 805//805 814//814 811//811
f 811//811 814//814 812//812
f 812//812 813//813 809//809
f 812//812 815//815 5923//5923
f 5925//5925 850//850 5924//5924
f 810//810 822//822 807//807
f 807//807 822//822 814//814
f 815//815 812//812 814//814
f 5951//5951 5926//5926 959//959
f 5927//5927 816//816 936//936
f 814//814 823//823 815//815
f 5936//5936 817//817 5928//5928
f 821//821 816//816 5927//5927
f 5931//5931 818//818 5929//5929
f 820//820 818//818 5931//5931
f 817//817 5936//5936 5933//5933
f 5936//5936 819//819 5933//5933
f 5934//5934 824//824 5932//5932
f 824//824 5935//5935 830//830
f 5927//5927 5932//5932 821//821
f 5932//5932 824//824 821//821
f 819//819 5936//5936 831//831
f 814//814 822//822 823//823
f 823//823 822//822 5941//5941
f 5933//5933 819//819 825//825
f 5937//5937 827//827 5935//5935
f 819//819 831//831 828//828
f 819//819 828//828 825//825
f 826//826 825//825 828//828
f 5937//5937 5938//5938 827//827
f 5938//5938 829//829 827//827
f 827//827 830//830 5935//5935
f 5939//5939 832//832 828//828
f 826//826 828//828 833//833
f 833//833 828//828 832//832
f 941//941 829//829 5938//5938
f 829//829 830//830 827//827
f 834//834 830//830 829//829
f 5936//5936 5942//5942 831//831
f 5939//5939 5943//5943 832//832
f 5985//5985 826//826 833//833
f 836//836 823//823 5941//5941
f 1041//1041 5644//5644 647//647
f 635//635 634//634 632//632
f 1102//1102 430//430 1103//1103
f 640//640 6006//6006 645//645
f 837//837 859//859 5683//5683
f 645//645 6006//6006 5659//5659
f 837//837 5660//5660 773//773
f 837//837 773//773 838//838
f 859//859 839//839 662//662
f 863//863 662//662 839//839
f 859//859 837//837 838//838
f 838//838 840//840 859//859
f 839//839 859//859 840//840
f 841//841 863//863 839//839
f 773//773 840//840 838//838
f 840//840 842//842 839//839
f 841//841 839//839 842//842
f 865//865 841//841 843//843
f 866//866 5959//5959 5944//5944
f 840//840 788//788 842//842
f 5890//5890 841//841 842//842
f 1026//1026 5945//5945 944//944
f 844//844 5898//5898 848//848
f 844//844 843//843 841//841
f 844//844 5949//5949 843//843
f 845//845 843//843 5949//5949
f 844//844 841//841 5898//5898
f 5945//5945 845//845 944//944
f 5899//5899 846//846 5950//5950
f 5950//5950 846//846 847//847
f 949//949 5948//5948 948//948
f 808//808 849//849 952//952
f 5924//5924 850//850 5922//5922
f 5922//5922 850//850 849//849
f 850//850 952//952 849//849
f 821//821 824//824 964//964
f 824//824 830//830 964//964
f 830//830 834//834 964//964
f 855//855 969//969 856//856
f 969//969 855//855 968//968
f 1171//1171 649//649 856//856
f 857//857 5552//5552 650//650
f 6006//6006 5552//5552 857//857
f 650//650 649//649 857//857
f 857//857 649//649 6006//6006
f 547//547 649//649 650//650
f 680//680 870//870 5705//5705
f 870//870 680//680 859//859
f 859//859 662//662 871//871
f 871//871 662//662 704//704
f 704//704 692//692 871//871
f 5683//5683 859//859 680//680
f 863//863 5696//5696 662//662
f 5700//5700 864//864 858//858
f 5693//5693 5954//5954 5692//5692
f 5960//5960 867//867 861//861
f 5698//5698 5955//5955 862//862
f 867//867 5957//5957 861//861
f 5699//5699 5696//5696 863//863
f 864//864 5958//5958 5965//5965
f 5961//5961 5956//5956 863//863
f 5699//5699 863//863 5956//5956
f 864//864 5965//5965 972//972
f 5965//5965 5962//5962 972//972
f 970//970 864//864 972//972
f 5953//5953 5992//5992 5694//5694
f 858//858 864//864 970//970
f 5959//5959 866//866 5966//5966
f 863//863 841//841 5961//5961
f 5962//5962 971//971 972//972
f 438//438 586//586 980//980
f 438//438 980//980 1121//1121
f 673//673 982//982 672//672
f 868//868 674//674 671//671
f 672//672 981//981 671//671
f 982//982 981//981 672//672
f 674//674 869//869 567//567
f 868//868 869//869 674//674
f 671//671 981//981 868//868
f 505//505 1056//1056 968//968
f 871//871 870//870 859//859
f 5732//5732 5747//5747 874//874
f 5723//5723 5731//5731 5708//5708
f 5732//5732 874//874 5709//5709
f 873//873 874//874 5747//5747
f 5747//5747 5967//5967 873//873
f 5967//5967 5998//5998 1203//1203
f 873//873 5967//5967 1203//1203
f 874//874 873//873 1203//1203
f 5745//5745 875//875 876//876
f 985//985 5745//5745 876//876
f 875//875 5757//5757 5954//5954
f 876//876 875//875 986//986
f 986//986 875//875 5954//5954
f 5608//5608 879//879 877//877
f 5968//5968 587//587 492//492
f 877//877 879//879 979//979
f 705//705 1205//1205 1197//1197
f 987//987 878//878 1123//1123
f 705//705 1197//1197 878//878
f 5968//5968 492//492 987//987
f 882//882 991//991 881//881
f 880//880 869//869 882//882
f 882//882 989//989 991//991
f 993//993 883//883 588//588
f 589//589 883//883 995//995
f 995//995 884//884 589//589
f 5969//5969 994//994 1058//1058
f 5486//5486 886//886 603//603
f 888//888 617//617 887//887
f 617//617 5634//5634 887//887
f 886//886 617//617 1271//1271
f 888//888 1271//1271 617//617
f 5635//5635 5709//5709 1059//1059
f 1059//1059 5709//5709 1209//1209
f 889//889 712//712 713//713
f 889//889 713//713 1060//1060
f 715//715 517//517 998//998
f 715//715 998//998 6014//6014
f 890//890 719//719 999//999
f 719//719 890//890 998//998
f 891//891 620//620 1000//1000
f 603//603 1003//1003 1002//1002
f 892//892 723//723 1274//1274
f 5777//5777 5776//5776 1063//1063
f 723//723 6016//6016 1274//1274
f 893//893 894//894 902//902
f 6016//6016 720//720 894//894
f 894//894 893//893 895//895
f 6016//6016 894//894 895//895
f 631//631 897//897 902//902
f 5641//5641 626//626 898//898
f 624//624 897//897 469//469
f 897//897 624//624 898//898
f 898//898 626//626 896//896
f 1066//1066 896//896 901//901
f 539//539 722//722 901//901
f 722//722 899//899 901//901
f 900//900 899//899 722//722
f 1009//1009 899//899 900//900
f 1009//1009 901//901 899//899
f 1009//1009 900//900 1010//1010
f 1010//1010 900//900 1061//1061
f 1009//1009 1010//1010 1149//1149
f 904//904 1074//1074 724//724
f 761//761 724//724 1074//1074
f 5975//5975 1073//1073 924//924
f 6019//6019 5976//5976 5838//5838
f 905//905 934//934 727//727
f 933//933 1014//1014 934//934
f 1077//1077 738//738 5786//5786
f 737//737 738//738 908//908
f 738//738 1077//1077 908//908
f 740//740 907//907 906//906
f 906//906 913//913 740//740
f 737//737 5972//5972 736//736
f 907//907 914//914 906//906
f 5971//5971 5973//5973 913//913
f 908//908 5972//5972 737//737
f 910//910 907//907 909//909
f 910//910 914//914 907//907
f 909//909 1226//1226 910//910
f 912//912 911//911 913//913
f 912//912 917//917 911//911
f 1068//1068 912//912 913//913
f 5973//5973 915//915 913//913
f 910//910 916//916 914//914
f 914//914 916//916 915//915
f 916//916 910//910 1226//1226
f 749//749 918//918 1070//1070
f 912//912 919//919 917//917
f 918//918 917//917 919//919
f 919//919 920//920 918//918
f 912//912 920//920 919//919
f 922//922 903//903 921//921
f 922//922 1070//1070 1016//1016
f 1016//1016 903//903 922//922
f 5975//5975 924//924 766//766
f 924//924 5977//5977 5852//5852
f 5823//5823 1158//1158 5854//5854
f 1158//1158 5943//5943 5854//5854
f 5876//5876 5978//5978 5874//5874
f 5888//5888 932//932 5879//5879
f 5888//5888 5978//5978 932//932
f 5896//5896 5882//5882 927//927
f 927//927 928//928 5896//5896
f 5897//5897 5979//5979 933//933
f 929//929 5879//5879 930//930
f 5980//5980 927//927 5882//5882
f 932//932 930//930 5879//5879
f 930//930 931//931 929//929
f 5980//5980 5981//5981 927//927
f 928//928 927//927 1015//1015
f 1015//1015 1014//1014 928//928
f 5979//5979 1014//1014 933//933
f 927//927 5981//5981 1015//1015
f 930//930 932//932 1013//1013
f 931//931 930//930 6003//6003
f 5909//5909 5893//5893 5983//5983
f 5908//5908 934//934 905//905
f 934//934 5892//5892 933//933
f 949//949 5910//5910 5914//5914
f 935//935 808//808 950//950
f 5919//5919 5984//5984 949//949
f 949//949 5984//5984 951//951
f 936//936 1037//1037 5927//5927
f 816//816 939//939 937//937
f 816//816 937//937 936//936
f 936//936 937//937 938//938
f 1017//1017 816//816 1018//1018
f 1078//1078 939//939 816//816
f 964//964 1018//1018 816//816
f 829//829 941//941 834//834
f 964//964 834//834 1083//1083
f 940//940 832//832 5943//5943
f 5943//5943 1158//1158 940//940
f 940//940 1082//1082 832//832
f 1082//1082 940//940 1158//1158
f 832//832 1082//1082 833//833
f 1022//1022 833//833 1082//1082
f 941//941 5940//5940 6005//6005
f 1041//1041 1244//1244 5644//5644
f 1026//1026 943//943 5945//5945
f 942//942 5946//5946 943//943
f 1025//1025 942//942 943//943
f 945//945 845//845 5949//5949
f 5986//5986 946//946 1026//1026
f 845//845 5987//5987 944//944
f 945//945 5987//5987 845//845
f 1026//1026 1115//1115 943//943
f 943//943 1115//1115 1025//1025
f 5948//5948 947//947 5949//5949
f 5949//5949 1049//1049 945//945
f 5948//5948 949//949 947//947
f 949//949 948//948 5910//5910
f 950//950 808//808 952//952
f 950//950 952//952 954//954
f 951//951 935//935 950//950
f 951//951 950//950 1029//1029
f 1029//1029 950//950 957//957
f 954//954 952//952 953//953
f 850//850 961//961 952//952
f 953//953 952//952 961//961
f 954//954 953//953 956//956
f 955//955 956//956 953//953
f 955//955 953//953 961//961
f 954//954 956//956 957//957
f 957//957 950//950 954//954
f 957//957 956//956 1032//1032
f 956//956 955//955 958//958
f 1030//1030 956//956 958//958
f 1030//1030 958//958 1031//1031
f 958//958 955//955 1033//1033
f 955//955 961//961 1033//1033
f 5951//5951 960//960 961//961
f 959//959 5926//5926 962//962
f 5930//5930 1036//1036 5989//5989
f 961//961 960//960 1093//1093
f 5951//5951 959//959 960//960
f 959//959 963//963 960//960
f 1035//1035 5991//5991 5988//5988
f 1038//1038 1035//1035 5988//5988
f 1038//1038 5988//5988 5990//5990
f 960//960 963//963 1095//1095
f 6029//6029 5991//5991 1094//1094
f 1094//1094 5991//5991 1035//1035
f 6009//6009 5989//5989 1039//1039
f 5989//5989 1036//1036 1039//1039
f 1017//1017 1040//1040 816//816
f 816//816 6010//6010 1078//1078
f 964//964 816//816 821//821
f 1043//1043 966//966 852//852
f 1100//1100 1043//1043 564//564
f 851//851 852//852 966//966
f 965//965 647//647 851//851
f 965//965 851//851 966//966
f 6011//6011 647//647 965//965
f 965//965 966//966 6011//6011
f 1102//1102 5952//5952 853//853
f 5952//5952 1102//1102 967//967
f 969//969 1171//1171 856//856
f 968//968 1171//1171 969//969
f 1171//1171 968//968 1105//1105
f 972//972 973//973 970//970
f 973//973 972//972 974//974
f 974//974 972//972 1106//1106
f 972//972 971//971 977//977
f 972//972 977//977 1106//1106
f 970//970 973//973 1046//1046
f 1046//1046 973//973 5994//5994
f 975//975 5946//5946 976//976
f 5947//5947 5995//5995 5963//5963
f 976//976 5946//5946 978//978
f 1048//1048 5996//5996 5997//5997
f 971//971 1108//1108 977//977
f 977//977 1108//1108 1106//1106
f 5946//5946 942//942 978//978
f 978//978 942//942 1109//1109
f 1025//1025 1109//1109 942//942
f 1100//1100 564//564 563//563
f 1100//1100 563//563 1050//1050
f 1050//1050 563//563 669//669
f 980//980 979//979 988//988
f 1121//1121 980//980 988//988
f 5702//5702 1121//1121 1122//1122
f 1050//1050 669//669 6033//6033
f 982//982 673//673 1307//1307
f 869//869 1261//1261 992//992
f 1057//1057 992//992 1261//1261
f 885//885 983//983 1054//1054
f 885//885 1054//1054 1129//1129
f 1055//1055 1056//1056 675//675
f 5709//5709 1202//1202 1209//1209
f 5709//5709 874//874 1202//1202
f 985//985 876//876 986//986
f 988//988 979//979 879//879
f 988//988 5968//5968 987//987
f 1123//1123 878//878 1197//1197
f 882//882 992//992 989//989
f 992//992 882//882 869//869
f 1198//1198 1133//1133 707//707
f 989//989 992//992 991//991
f 5766//5766 990//990 1198//1198
f 5999//5999 990//990 5766//5766
f 1057//1057 991//991 992//992
f 993//993 994//994 883//883
f 883//883 1058//1058 995//995
f 708//708 996//996 983//983
f 708//708 884//884 996//996
f 995//995 997//997 884//884
f 884//884 997//997 996//996
f 997//997 1053//1053 996//996
f 996//996 1053//1053 983//983
f 1003//1003 603//603 886//886
f 5634//5634 6013//6013 887//887
f 1270//1270 456//456 1134//1134
f 1060//1060 1135//1135 889//889
f 714//714 712//712 1135//1135
f 1135//1135 712//712 889//889
f 999//999 6015//6015 890//890
f 998//998 890//890 6015//6015
f 1000//1000 620//620 1062//1062
f 5970//5970 6001//6001 6000//6000
f 6001//6001 1001//1001 6000//6000
f 1061//1061 6000//6000 1001//1001
f 1001//1001 1000//1000 1212//1212
f 1061//1061 1001//1001 1212//1212
f 1062//1062 1212//1212 1000//1000
f 1003//1003 1214//1214 1002//1002
f 892//892 1274//1274 1498//1498
f 895//895 1007//1007 6016//6016
f 895//895 893//893 1007//1007
f 1007//1007 893//893 1004//1004
f 1005//1005 893//893 902//902
f 1007//1007 1004//1004 1006//1006
f 1004//1004 893//893 1006//1006
f 1006//1006 893//893 1064//1064
f 893//893 1005//1005 1064//1064
f 1007//1007 1006//1006 1008//1008
f 1064//1064 1008//1008 1006//1006
f 902//902 1065//1065 1005//1005
f 1007//1007 1008//1008 1064//1064
f 1007//1007 1064//1064 6016//6016
f 897//897 1065//1065 902//902
f 897//897 898//898 1144//1144
f 898//898 896//896 1144//1144
f 6037//6037 896//896 1220//1220
f 1066//1066 901//901 1145//1145
f 901//901 1009//1009 6040//6040
f 1068//1068 915//915 1226//1226
f 1068//1068 1070//1070 920//920
f 1069//1069 1016//1016 1070//1070
f 1069//1069 903//903 1016//1016
f 903//903 1011//1011 754//754
f 1011//1011 904//904 754//754
f 904//904 1280//1280 1074//1074
f 5977//5977 924//924 1012//1012
f 924//924 1073//1073 1012//1012
f 1012//1012 1073//1073 1154//1154
f 6021//6021 6020//6020 5839//5839
f 1013//1013 932//932 5978//5978
f 6004//6004 5982//5982 1013//1013
f 1075//1075 6004//6004 1013//1013
f 1075//1075 1013//1013 5978//5978
f 1077//1077 934//934 1014//1014
f 1077//1077 727//727 934//934
f 1014//1014 1015//1015 1077//1077
f 908//908 1077//1077 5972//5972
f 1226//1226 915//915 916//916
f 1068//1068 913//913 915//915
f 920//920 912//912 1068//1068
f 918//918 920//920 1070//1070
f 5823//5823 925//925 1158//1158
f 1158//1158 925//925 6002//6002
f 1079//1079 936//936 938//938
f 938//938 937//937 1079//1079
f 937//937 939//939 1079//1079
f 1079//1079 939//939 1078//1078
f 1164//1164 1017//1017 1018//1018
f 1098//1098 1019//1019 964//964
f 1019//1019 1018//1018 964//964
f 1164//1164 1018//1018 1019//1019
f 964//964 1083//1083 1020//1020
f 1021//1021 964//964 1020//1020
f 1020//1020 1083//1083 1081//1081
f 941//941 6005//6005 1023//1023
f 941//941 1023//1023 834//834
f 1022//1022 1082//1082 1084//1084
f 1023//1023 1083//1083 834//834
f 1244//1244 632//632 634//634
f 1244//1244 1041//1041 1101//1101
f 636//636 1180//1180 1103//1103
f 947//947 1172//1172 1027//1027
f 1027//1027 5949//5949 947//947
f 947//947 949//949 1028//1028
f 1088//1088 1028//1028 949//949
f 949//949 1089//1089 1088//1088
f 956//956 1034//1034 1032//1032
f 1030//1030 1034//1034 956//956
f 1034//1034 1030//1030 1031//1031
f 1031//1031 958//958 1033//1033
f 951//951 1029//1029 1090//1090
f 1090//1090 1029//1029 957//957
f 1032//1032 1034//1034 1091//1091
f 951//951 1090//1090 949//949
f 957//957 1032//1032 1090//1090
f 1032//1032 1174//1174 1090//1090
f 1032//1032 6028//6028 1174//1174
f 1033//1033 961//961 1093//1093
f 1033//1033 1093//1093 1031//1031
f 1034//1034 1031//1031 1093//1093
f 1034//1034 1093//1093 1092//1092
f 1036//1036 5930//5930 6008//6008
f 6008//6008 936//936 1079//1079
f 1036//1036 6008//6008 1039//1039
f 1094//1094 1035//1035 1038//1038
f 1039//1039 6008//6008 1079//1079
f 1017//1017 6046//6046 1040//1040
f 964//964 1021//1021 6030//6030
f 1042//1042 6011//6011 966//966
f 1044//1044 6011//6011 1042//1042
f 966//966 1044//1044 1042//1042
f 1043//1043 1100//1100 966//966
f 1044//1044 966//966 1100//1100
f 1044//1044 1178//1178 6011//6011
f 1044//1044 1100//1100 1178//1178
f 1250//1250 967//967 1102//1102
f 1045//1045 1105//1105 968//968
f 1130//1130 1045//1045 968//968
f 1310//1310 1105//1105 1045//1045
f 1130//1130 1310//1310 1045//1045
f 1047//1047 1046//1046 5994//5994
f 5994//5994 6031//6031 1047//1047
f 970//970 1046//1046 1185//1185
f 1046//1046 1184//1184 1185//1185
f 6052//6052 1046//1046 1047//1047
f 5995//5995 6032//6032 5963//5963
f 1108//1108 5996//5996 1048//1048
f 971//971 5964//5964 1108//1108
f 978//978 1107//1107 976//976
f 1048//1048 976//976 1256//1256
f 1107//1107 978//978 1110//1110
f 1048//1048 1256//1256 1108//1108
f 1025//1025 1115//1115 1109//1109
f 1026//1026 946//946 1114//1114
f 1114//1114 5987//5987 1113//1113
f 1115//1115 1026//1026 1114//1114
f 5987//5987 945//945 1113//1113
f 945//945 1049//1049 1113//1113
f 988//988 987//987 1260//1260
f 1123//1123 1260//1260 987//987
f 1052//1052 1051//1051 854//854
f 1183//1183 673//673 670//670
f 967//967 6012//6012 5952//5952
f 5703//5703 1051//1051 6050//6050
f 6051//6051 1307//1307 673//673
f 982//982 1124//1124 981//981
f 993//993 1126//1126 994//994
f 1058//1058 994//994 1126//1126
f 1058//1058 1127//1127 995//995
f 983//983 1053//1053 1054//1054
f 997//997 1200//1200 1053//1053
f 995//995 1200//1200 997//997
f 1129//1129 1055//1055 984//984
f 885//885 1129//1129 984//984
f 1055//1055 1129//1129 1056//1056
f 968//968 1056//1056 1130//1130
f 986//986 5954//5954 1132//1132
f 1132//1132 5954//5954 1131//1131
f 1317//1317 5954//5954 5693//5693
f 990//990 1125//1125 1198//1198
f 1057//1057 1125//1125 991//991
f 1125//1125 990//990 5999//5999
f 993//993 1133//1133 1263//1263
f 888//888 887//887 1207//1207
f 887//887 6013//6013 1207//1207
f 1209//1209 1272//1272 1059//1059
f 620//620 1002//1002 1062//1062
f 892//892 1211//1211 1060//1060
f 1064//1064 1274//1274 6016//6016
f 1274//1274 1064//1064 1275//1275
f 1005//1005 1065//1065 1138//1138
f 1277//1277 1066//1066 1219//1219
f 1010//1010 1061//1061 1067//1067
f 1149//1149 1010//1010 1146//1146
f 6038//6038 901//901 6040//6040
f 1146//1146 1010//1010 1147//1147
f 1219//1219 1066//1066 1145//1145
f 1061//1061 1150//1150 1067//1067
f 1010//1010 1067//1067 1148//1148
f 1010//1010 1148//1148 1147//1147
f 5972//5972 1077//1077 1226//1226
f 1070//1070 1068//1068 1072//1072
f 1072//1072 1069//1069 1070//1070
f 1071//1071 1011//1011 903//903
f 903//903 1069//1069 1071//1071
f 1011//1011 1153//1153 1280//1280
f 1071//1071 1153//1153 1011//1011
f 1280//1280 904//904 1011//1011
f 6021//6021 1154//1154 6020//6020
f 1280//1280 1155//1155 1074//1074
f 1154//1154 1229//1229 1012//1012
f 6043//6043 1156//1156 6022//6022
f 6021//6021 1156//1156 1154//1154
f 5978//5978 1231//1231 1075//1075
f 1235//1235 1077//1077 1015//1015
f 1075//1075 1076//1076 6004//6004
f 1076//1076 1232//1232 6004//6004
f 1158//1158 6002//6002 1229//1229
f 1079//1079 1161//1161 1039//1039
f 1079//1079 1078//1078 1162//1162
f 1080//1080 1162//1162 1078//1078
f 1080//1080 1078//1078 6010//6010
f 1164//1164 1019//1019 1099//1099
f 6010//6010 1164//1164 1080//1080
f 1021//1021 1020//1020 1081//1081
f 1021//1021 1081//1081 6030//6030
f 1081//1081 1083//1083 1167//1167
f 1085//1085 1022//1022 1084//1084
f 1023//1023 6005//6005 6024//6024
f 1023//1023 1165//1165 1083//1083
f 1167//1167 1083//1083 1165//1165
f 1023//1023 6025//6025 1165//1165
f 1084//1084 1159//1159 1168//1168
f 1244//1244 1291//1291 632//632
f 6006//6006 649//649 1171//1171
f 1172//1172 947//947 1086//1086
f 947//947 1028//1028 1086//1086
f 1172//1172 1120//1120 1027//1027
f 1028//1028 1087//1087 1086//1086
f 1087//1087 1028//1028 6027//6027
f 1086//1086 1087//1087 1172//1172
f 1089//1089 949//949 1090//1090
f 1091//1091 1034//1034 1174//1174
f 1034//1034 1092//1092 1174//1174
f 1175//1175 1174//1174 1092//1092
f 1096//1096 6009//6009 1039//1039
f 1094//1094 1038//1038 1096//1096
f 1092//1092 1093//1093 1175//1175
f 1097//1097 6029//6029 1094//1094
f 1097//1097 1094//1094 1096//1096
f 6029//6029 1097//1097 1160//1160
f 1095//1095 1176//1176 960//960
f 1176//1176 1093//1093 960//960
f 1096//1096 1039//1039 1161//1161
f 1160//1160 1097//1097 1096//1096
f 1177//1177 1161//1161 1079//1079
f 1099//1099 1019//1019 1098//1098
f 1099//1099 6030//6030 1081//1081
f 1041//1041 1178//1178 1101//1101
f 1050//1050 6033//6033 1179//1179
f 1179//1179 1100//1100 1050//1050
f 1100//1100 1179//1179 1303//1303
f 1178//1178 1100//1100 1303//1303
f 1251//1251 1250//1250 1102//1102
f 1052//1052 1104//1104 1051//1051
f 1250//1250 1182//1182 967//967
f 1182//1182 6012//6012 967//967
f 1052//1052 6049//6049 1104//1104
f 1104//1104 6050//6050 1051//1051
f 1056//1056 1309//1309 1130//1130
f 1309//1309 1310//1310 1130//1130
f 1254//1254 1309//1309 1056//1056
f 1255//1255 5695//5695 5993//5993
f 6052//6052 1047//1047 6031//6031
f 1106//1106 1108//1108 1186//1186
f 1108//1108 1256//1256 1186//1186
f 978//978 1109//1109 1112//1112
f 1107//1107 1110//1110 1257//1257
f 1110//1110 978//978 1112//1112
f 1256//1256 976//976 1107//1107
f 1111//1111 1110//1110 1112//1112
f 1111//1111 1257//1257 1110//1110
f 1257//1257 1111//1111 1112//1112
f 1116//1116 1115//1115 1114//1114
f 1113//1113 1116//1116 1114//1114
f 1115//1115 1116//1116 1117//1117
f 1049//1049 1118//1118 1113//1113
f 1116//1116 1113//1113 1118//1118
f 1118//1118 1049//1049 1119//1119
f 1117//1117 1116//1116 1118//1118
f 1109//1109 1115//1115 1188//1188
f 1112//1112 1109//1109 1188//1188
f 1188//1188 1115//1115 1117//1117
f 1117//1117 1118//1118 1187//1187
f 1187//1187 1118//1118 1119//1119
f 1049//1049 5949//5949 1120//1120
f 1049//1049 1120//1120 1119//1119
f 1120//1120 5949//5949 1027//1027
f 981//981 1124//1124 868//868
f 868//868 1124//1124 869//869
f 1307//1307 1124//1124 982//982
f 1127//1127 1058//1058 1126//1126
f 1053//1053 1200//1200 1054//1054
f 1127//1127 1200//1200 995//995
f 1129//1129 1128//1128 1056//1056
f 1254//1254 1056//1056 1128//1128
f 1129//1129 1254//1254 1128//1128
f 1202//1202 874//874 1201//1201
f 1201//1201 874//874 1203//1203
f 5998//5998 1267//1267 1203//1203
f 5954//5954 1317//1317 1131//1131
f 1206//1206 1205//1205 456//456
f 6056//6056 456//456 1270//1270
f 1261//1261 1125//1125 1057//1057
f 1198//1198 1199//1199 1133//1133
f 1003//1003 886//886 1271//1271
f 1207//1207 6013//6013 1272//1272
f 1134//1134 714//714 1135//1135
f 1270//1270 1134//1134 1319//1319
f 1210//1210 1135//1135 1060//1060
f 1210//1210 1060//1060 1273//1273
f 1322//1322 1060//1060 1136//1136
f 1273//1273 1060//1060 1322//1322
f 1136//1136 1060//1060 1211//1211
f 892//892 6103//6103 1211//1211
f 1212//1212 1062//1062 1213//1213
f 1062//1062 1002//1002 6057//6057
f 1213//1213 1062//1062 6057//6057
f 1065//1065 1137//1137 6035//6035
f 1137//1137 1065//1065 1140//1140
f 1064//1064 1005//1005 1139//1139
f 1138//1138 1139//1139 1005//1005
f 6035//6035 1137//1137 1140//1140
f 6035//6035 1140//1140 1141//1141
f 1139//1139 1138//1138 1142//1142
f 6035//6035 1141//1141 6036//6036
f 1064//1064 1139//1139 1275//1275
f 1275//1275 1139//1139 1142//1142
f 6036//6036 1141//1141 1140//1140
f 1140//1140 1143//1143 6036//6036
f 1275//1275 1142//1142 1276//1276
f 6036//6036 1143//1143 1276//1276
f 1065//1065 897//897 1217//1217
f 1447//1447 6037//6037 1220//1220
f 896//896 1277//1277 1220//1220
f 1066//1066 1277//1277 896//896
f 6039//6039 1327//1327 6041//6041
f 1219//1219 1145//1145 6041//6041
f 1222//1222 1150//1150 1061//1061
f 6069//6069 1146//1146 1221//1221
f 1146//1146 1147//1147 1221//1221
f 1147//1147 1148//1148 1221//1221
f 1153//1153 1279//1279 1280//1280
f 1151//1151 1226//1226 1077//1077
f 1226//1226 1151//1151 1224//1224
f 1226//1226 1225//1225 1068//1068
f 1071//1071 1152//1152 1153//1153
f 1072//1072 1071//1071 1069//1069
f 6017//6017 6064//6064 6042//6042
f 1157//1157 1156//1156 6043//6043
f 1228//1228 1156//1156 1157//1157
f 1156//1156 1228//1228 1154//1154
f 1155//1155 1227//1227 6044//6044
f 6045//6045 1227//1227 6058//6058
f 1229//1229 1154//1154 1228//1228
f 1234//1234 1076//1076 1075//1075
f 1234//1234 1232//1232 1076//1076
f 1231//1231 1234//1234 1075//1075
f 1077//1077 1235//1235 1223//1223
f 1084//1084 1082//1082 1159//1159
f 1159//1159 1082//1082 1158//1158
f 1159//1159 1236//1236 1169//1169
f 1239//1239 1236//1236 1237//1237
f 6006//6006 1348//1348 5978//5978
f 1160//1160 1176//1176 1095//1095
f 1161//1161 1160//1160 1096//1096
f 1161//1161 1247//1247 1160//1160
f 1079//1079 1162//1162 1163//1163
f 1079//1079 1163//1163 1177//1177
f 1164//1164 1162//1162 1080//1080
f 1163//1163 1162//1162 1164//1164
f 1084//1084 6047//6047 1085//1085
f 1166//1166 6026//6026 6048//6048
f 1165//1165 6025//6025 1166//1166
f 1165//1165 1242//1242 1167//1167
f 1166//1166 1242//1242 1165//1165
f 1169//1169 1239//1239 1168//1168
f 6048//6048 6059//6059 1241//1241
f 1159//1159 1169//1169 1168//1168
f 6048//6048 1241//1241 1166//1166
f 1239//1239 1169//1169 1236//1236
f 1181//1181 1180//1180 636//636
f 1170//1170 1181//1181 636//636
f 1291//1291 1352//1352 1170//1170
f 1172//1172 1087//1087 1173//1173
f 6027//6027 1173//1173 1087//1087
f 1120//1120 1172//1172 1245//1245
f 1172//1172 1173//1173 1245//1245
f 1088//1088 1089//1089 1173//1173
f 1093//1093 1176//1176 1175//1175
f 1161//1161 1177//1177 1247//1247
f 1177//1177 1163//1163 1247//1247
f 1178//1178 1249//1249 1101//1101
f 1249//1249 1178//1178 1303//1303
f 1179//1179 6033//6033 1248//1248
f 1103//1103 1251//1251 1102//1102
f 1104//1104 6049//6049 6051//6051
f 6049//6049 1252//1252 6051//6051
f 1254//1254 1372//1372 1309//1309
f 1310//1310 1477//1477 1105//1105
f 6052//6052 6031//6031 1186//1186
f 5993//5993 6053//6053 1255//1255
f 5695//5695 1255//1255 1269//1269
f 1107//1107 1257//1257 1256//1256
f 1189//1189 1257//1257 1112//1112
f 1480//1480 1256//1256 1257//1257
f 1117//1117 1187//1187 1193//1193
f 1117//1117 1193//1193 1188//1188
f 1191//1191 6054//6054 1194//1194
f 1190//1190 1188//1188 1191//1191
f 6055//6055 1188//1188 1193//1193
f 1189//1189 1112//1112 1190//1190
f 1112//1112 1188//1188 1190//1190
f 1257//1257 1189//1189 1190//1190
f 1259//1259 1191//1191 1194//1194
f 1190//1190 1191//1191 1258//1258
f 1187//1187 1119//1119 1192//1192
f 1187//1187 1192//1192 1193//1193
f 1192//1192 1119//1119 1196//1196
f 1196//1196 1119//1119 1120//1120
f 1195//1195 1196//1196 1259//1259
f 1195//1195 1192//1192 1196//1196
f 1195//1195 1193//1193 1192//1192
f 1195//1195 6055//6055 1193//1193
f 1196//1196 1120//1120 1245//1245
f 1121//1121 1248//1248 1122//1122
f 1197//1197 1260//1260 1123//1123
f 1121//1121 988//988 1260//1260
f 1248//1248 1121//1121 1260//1260
f 1554//1554 1125//1125 1261//1261
f 1199//1199 1198//1198 1262//1262
f 1126//1126 1315//1315 1127//1127
f 993//993 1263//1263 1126//1126
f 1200//1200 1129//1129 1054//1054
f 1253//1253 1129//1129 1200//1200
f 1129//1129 1253//1253 1437//1437
f 1202//1202 1204//1204 1209//1209
f 1203//1203 1265//1265 1201//1201
f 1203//1203 1267//1267 1265//1265
f 1204//1204 1202//1202 1264//1264
f 1202//1202 1201//1201 6062//6062
f 6062//6062 1201//1201 1265//1265
f 985//985 986//986 6034//6034
f 1381//1381 1265//1265 1267//1267
f 6063//6063 985//985 6034//6034
f 1132//1132 1131//1131 1268//1268
f 1268//1268 1266//1266 1132//1132
f 1269//1269 1317//1317 5693//5693
f 1317//1317 1268//1268 1131//1131
f 1318//1318 1134//1134 1135//1135
f 1492//1492 1270//1270 1319//1319
f 1318//1318 1319//1319 1134//1134
f 888//888 1207//1207 1208//1208
f 1272//1272 1208//1208 1207//1207
f 1210//1210 1273//1273 1135//1135
f 1135//1135 1273//1273 1318//1318
f 1222//1222 1212//1212 1333//1333
f 1222//1222 1061//1061 1212//1212
f 1212//1212 1213//1213 1215//1215
f 1215//1215 1213//1213 6057//6057
f 1333//1333 1212//1212 1215//1215
f 1216//1216 1330//1330 1215//1215
f 1216//1216 1215//1215 6057//6057
f 1333//1333 1215//1215 1332//1332
f 1215//1215 1330//1330 1332//1332
f 1216//1216 1329//1329 1330//1330
f 1216//1216 6057//6057 1329//1329
f 1140//1140 1276//1276 1143//1143
f 1217//1217 897//897 1218//1218
f 1065//1065 1217//1217 1140//1140
f 1218//1218 897//897 1144//1144
f 1219//1219 6041//6041 1327//1327
f 1327//1327 1277//1277 1219//1219
f 1067//1067 1150//1150 1328//1328
f 1148//1148 1067//1067 1328//1328
f 1280//1280 1282//1282 1227//1227
f 1227//1227 1282//1282 1230//1230
f 1235//1235 1345//1345 1223//1223
f 1151//1151 1077//1077 1284//1284
f 1068//1068 1225//1225 1072//1072
f 1072//1072 1279//1279 1071//1071
f 1279//1279 1153//1153 1152//1152
f 1280//1280 1227//1227 1155//1155
f 1286//1286 6058//6058 1227//1227
f 1286//1286 1229//1229 1228//1228
f 1230//1230 1286//1286 1227//1227
f 1348//1348 1343//1343 5978//5978
f 1231//1231 5978//5978 1343//1343
f 1231//1231 1288//1288 1234//1234
f 1232//1232 1235//1235 1015//1015
f 1234//1234 1233//1233 1232//1232
f 1235//1235 1232//1232 1283//1283
f 1234//1234 1344//1344 1233//1233
f 1344//1344 1232//1232 1233//1233
f 1288//1288 1344//1344 1234//1234
f 1289//1289 1283//1283 1232//1232
f 1289//1289 1232//1232 1344//1344
f 1239//1239 1237//1237 1240//1240
f 1159//1159 1238//1238 1236//1236
f 1238//1238 1237//1237 1236//1236
f 1240//1240 1237//1237 1238//1238
f 1229//1229 1287//1287 1158//1158
f 1287//1287 1159//1159 1158//1158
f 1238//1238 1159//1159 1406//1406
f 1240//1240 1238//1238 1243//1243
f 1238//1238 1406//1406 1243//1243
f 1243//1243 1406//1406 1290//1290
f 1171//1171 1348//1348 6006//6006
f 1160//1160 1355//1355 1176//1176
f 1241//1241 6059//6059 6060//6060
f 6060//6060 6061//6061 1241//1241
f 6061//6061 6065//6065 1241//1241
f 1241//1241 6065//6065 1166//1166
f 1101//1101 1302//1302 1244//1244
f 1363//1363 1259//1259 1245//1245
f 1245//1245 1173//1173 1297//1297
f 1089//1089 1246//1246 1173//1173
f 1246//1246 1089//1089 1300//1300
f 1173//1173 1246//1246 1300//1300
f 1089//1089 1090//1090 1300//1300
f 1365//1365 1090//1090 1174//1174
f 1300//1300 1090//1090 1365//1365
f 1176//1176 1355//1355 1175//1175
f 1365//1365 1174//1174 1175//1175
f 1249//1249 1302//1302 1101//1101
f 1248//1248 1303//1303 1179//1179
f 1303//1303 1248//1248 1260//1260
f 1103//1103 1305//1305 1251//1251
f 1251//1251 1367//1367 1250//1250
f 1103//1103 1180//1180 1305//1305
f 6051//6051 1252//1252 1307//1307
f 1254//1254 1129//1129 1437//1437
f 1105//1105 1477//1477 1359//1359
f 1185//1185 1313//1313 1312//1312
f 1312//1312 1255//1255 6053//6053
f 1255//1255 1312//1312 1269//1269
f 1313//1313 1185//1185 1184//1184
f 1186//1186 6066//6066 6052//6052
f 1376//1376 1186//1186 1256//1256
f 1377//1377 1256//1256 1480//1480
f 1256//1256 1377//1377 1376//1376
f 1259//1259 1258//1258 1191//1191
f 1190//1190 1258//1258 1479//1479
f 6055//6055 1195//1195 1259//1259
f 1479//1479 1258//1258 1259//1259
f 1196//1196 1245//1245 1259//1259
f 1197//1197 1652//1652 1260//1260
f 1124//1124 1307//1307 1483//1483
f 1261//1261 869//869 1124//1124
f 1483//1483 1261//1261 1124//1124
f 1198//1198 1553//1553 1262//1262
f 1133//1133 1199//1199 1380//1380
f 1434//1434 1199//1199 1262//1262
f 1126//1126 1371//1371 1315//1315
f 1263//1263 1371//1371 1126//1126
f 1253//1253 1200//1200 1316//1316
f 6062//6062 1265//1265 1441//1441
f 1204//1204 1495//1495 1209//1209
f 1265//1265 1381//1381 1441//1441
f 6063//6063 6034//6034 1266//1266
f 6056//6056 1270//1270 1379//1379
f 1270//1270 1492//1492 1379//1379
f 1214//1214 1003//1003 1321//1321
f 1214//1214 1321//1321 6071//6071
f 888//888 1208//1208 1271//1271
f 1271//1271 1208//1208 1272//1272
f 1150//1150 1222//1222 1511//1511
f 1140//1140 1217//1217 1276//1276
f 1447//1447 1218//1218 1144//1144
f 1277//1277 6070//6070 1326//1326
f 1220//1220 1277//1277 1326//1326
f 1335//1335 1221//1221 1148//1148
f 1278//1278 1339//1339 6018//6018
f 1072//1072 1339//1339 1279//1279
f 1339//1339 1281//1281 1279//1279
f 1279//1279 1281//1281 1280//1280
f 1282//1282 1404//1404 1230//1230
f 1340//1340 1282//1282 1280//1280
f 1340//1340 1280//1280 1341//1341
f 1223//1223 1284//1284 1077//1077
f 1345//1345 1284//1284 1223//1223
f 1151//1151 1285//1285 1224//1224
f 1151//1151 1346//1346 1285//1285
f 1336//1336 1224//1224 1285//1285
f 1226//1226 1224//1224 1347//1347
f 1224//1224 1397//1397 1347//1347
f 1397//1397 1224//1224 1336//1336
f 1226//1226 1522//1522 1225//1225
f 1403//1403 1286//1286 1230//1230
f 1229//1229 1286//1286 1403//1403
f 1287//1287 1229//1229 1403//1403
f 1287//1287 1455//1455 1159//1159
f 1235//1235 1283//1283 1345//1345
f 1349//1349 6065//6065 1412//1412
f 1291//1291 1353//1353 1352//1352
f 1355//1355 1419//1419 1175//1175
f 1160//1160 1247//1247 1420//1420
f 1420//1420 1355//1355 1160//1160
f 1163//1163 1164//1164 1292//1292
f 1247//1247 1163//1163 1356//1356
f 1420//1420 1247//1247 1421//1421
f 1292//1292 1164//1164 1464//1464
f 1356//1356 1163//1163 1292//1292
f 1081//1081 1464//1464 1099//1099
f 1164//1164 1099//1099 1464//1464
f 1167//1167 1242//1242 1294//1294
f 1350//1350 1294//1294 1242//1242
f 1293//1293 1167//1167 1294//1294
f 1293//1293 1081//1081 1167//1167
f 1411//1411 1081//1081 1293//1293
f 6065//6065 1349//1349 1166//1166
f 1166//1166 1349//1349 1242//1242
f 1349//1349 1350//1350 1242//1242
f 1302//1302 1544//1544 1244//1244
f 1474//1474 1170//1170 1352//1352
f 1474//1474 1295//1295 1170//1170
f 1295//1295 1296//1296 1170//1170
f 1296//1296 1181//1181 1170//1170
f 1296//1296 1424//1424 1181//1181
f 1105//1105 1360//1360 1171//1171
f 1429//1429 1259//1259 1363//1363
f 1298//1298 1245//1245 1297//1297
f 1298//1298 1297//1297 1362//1362
f 1245//1245 1298//1298 1363//1363
f 1297//1297 1173//1173 1364//1364
f 1298//1298 1362//1362 1363//1363
f 1297//1297 1364//1364 1362//1362
f 1299//1299 1173//1173 1300//1300
f 1173//1173 1299//1299 1366//1366
f 1300//1300 1365//1365 1299//1299
f 1302//1302 1249//1249 1301//1301
f 1249//1249 1303//1303 1301//1301
f 1302//1302 1301//1301 1304//1304
f 1303//1303 1304//1304 1301//1301
f 1306//1306 1180//1180 1181//1181
f 1306//1306 1305//1305 1180//1180
f 1367//1367 1369//1369 1250//1250
f 1251//1251 1305//1305 1367//1367
f 1367//1367 1305//1305 1306//1306
f 1306//1306 1368//1368 1367//1367
f 1368//1368 1306//1306 1357//1357
f 1250//1250 1369//1369 1182//1182
f 1182//1182 1369//1369 1308//1308
f 1252//1252 6049//6049 1308//1308
f 1252//1252 1308//1308 1307//1307
f 1370//1370 1307//1307 1308//1308
f 1253//1253 1316//1316 6091//6091
f 1200//1200 1127//1127 1547//1547
f 1437//1437 1372//1372 1254//1254
f 1317//1317 1269//1269 1375//1375
f 1268//1268 1317//1317 1311//1311
f 1382//1382 1317//1317 1375//1375
f 1311//1311 1317//1317 1382//1382
f 1375//1375 1269//1269 1440//1440
f 1440//1440 1269//1269 1312//1312
f 6066//6066 1186//1186 1376//1376
f 1190//1190 1479//1479 1257//1257
f 1260//1260 1652//1652 1593//1593
f 1205//1205 1206//1206 1314//1314
f 1378//1378 1197//1197 1205//1205
f 1205//1205 1314//1314 1378//1378
f 1125//1125 1554//1554 1198//1198
f 1553//1553 1434//1434 1262//1262
f 1315//1315 1436//1436 1127//1127
f 6068//6068 1200//1200 1547//1547
f 1209//1209 1495//1495 1387//1387
f 1204//1204 1493//1493 1495//1495
f 1264//1264 1493//1493 1204//1204
f 1493//1493 1264//1264 6093//6093
f 1266//1266 1268//1268 6063//6063
f 1318//1318 1273//1273 1320//1320
f 1322//1322 1320//1320 1273//1273
f 1319//1319 1318//1318 1320//1320
f 1320//1320 1322//1322 1383//1383
f 1319//1319 1320//1320 1492//1492
f 6071//6071 1321//1321 1384//1384
f 1334//1334 1332//1332 6076//6076
f 1321//1321 1003//1003 1442//1442
f 1272//1272 1209//1209 1387//1387
f 1323//1323 1322//1322 1136//1136
f 1136//1136 1211//1211 1323//1323
f 1211//1211 1559//1559 1323//1323
f 1383//1383 1322//1322 1559//1559
f 1559//1559 1322//1322 1323//1323
f 1497//1497 1211//1211 1496//1496
f 1497//1497 1559//1559 1211//1211
f 1275//1275 1498//1498 1274//1274
f 1275//1275 1276//1276 1664//1664
f 1218//1218 1324//1324 1217//1217
f 1388//1388 1217//1217 1324//1324
f 1218//1218 1389//1389 1324//1324
f 1217//1217 1388//1388 1276//1276
f 1388//1388 1324//1324 1389//1389
f 1388//1388 1664//1664 1276//1276
f 1447//1447 1220//1220 1325//1325
f 1325//1325 1220//1220 1326//1326
f 1221//1221 1335//1335 6069//6069
f 1331//1331 1332//1332 1330//1330
f 1329//1329 1331//1331 1330//1330
f 1332//1332 1331//1331 6077//6077
f 1331//1331 1329//1329 6077//6077
f 1332//1332 1334//1334 1333//1333
f 1285//1285 1346//1346 1399//1399
f 1285//1285 1399//1399 1336//1336
f 1226//1226 1347//1347 1337//1337
f 1347//1347 1397//1397 1337//1337
f 1399//1399 1397//1397 1336//1336
f 1337//1337 1397//1397 1400//1400
f 1278//1278 1072//1072 1338//1338
f 1072//1072 1225//1225 1338//1338
f 1402//1402 1339//1339 1278//1278
f 1402//1402 1278//1278 1338//1338
f 1281//1281 1339//1339 1453//1453
f 1339//1339 1402//1402 1453//1453
f 1281//1281 1451//1451 1280//1280
f 1451//1451 1341//1341 1280//1280
f 1404//1404 1282//1282 1340//1340
f 1231//1231 1342//1342 1288//1288
f 1344//1344 1458//1458 1289//1289
f 1342//1342 1231//1231 1343//1343
f 1288//1288 1342//1342 1344//1344
f 1342//1342 1343//1343 1344//1344
f 1345//1345 1283//1283 1458//1458
f 1283//1283 1289//1289 1458//1458
f 1151//1151 1284//1284 1346//1346
f 1284//1284 1452//1452 1346//1346
f 1287//1287 1403//1403 1455//1455
f 1407//1407 1343//1343 1348//1348
f 1356//1356 1463//1463 1461//1461
f 1294//1294 1410//1410 1293//1293
f 1351//1351 1349//1349 6088//6088
f 1351//1351 1414//1414 1349//1349
f 1414//1414 1350//1350 1349//1349
f 6065//6065 1413//1413 1412//1412
f 1406//1406 6089//6089 1290//1290
f 1171//1171 1417//1417 1523//1523
f 1417//1417 1360//1360 1415//1415
f 1171//1171 1354//1354 1348//1348
f 1299//1299 1365//1365 1366//1366
f 1292//1292 1463//1463 1356//1356
f 1421//1421 1247//1247 1356//1356
f 1294//1294 1350//1350 1410//1410
f 1244//1244 1353//1353 1291//1291
f 1424//1424 1357//1357 1181//1181
f 1181//1181 1357//1357 1306//1306
f 1296//1296 1295//1295 1588//1588
f 1587//1587 6109//6109 1295//1295
f 1424//1424 1296//1296 1588//1588
f 1424//1424 1425//1425 1357//1357
f 1372//1372 1358//1358 1310//1310
f 1359//1359 1360//1360 1105//1105
f 1417//1417 1171//1171 1360//1360
f 1359//1359 1361//1361 1360//1360
f 1360//1360 1361//1361 1415//1415
f 1480//1480 1257//1257 1479//1479
f 1363//1363 1362//1362 1539//1539
f 1304//1304 1303//1303 1431//1431
f 1303//1303 1260//1260 1431//1431
f 1304//1304 1431//1431 1481//1481
f 1481//1481 1302//1302 1304//1304
f 1357//1357 1423//1423 1368//1368
f 1367//1367 1368//1368 1641//1641
f 1368//1368 1551//1551 1641//1641
f 1369//1369 1432//1432 1308//1308
f 1432//1432 1370//1370 1308//1308
f 1483//1483 1307//1307 1370//1370
f 1370//1370 1432//1432 1483//1483
f 1127//1127 1436//1436 1486//1486
f 1127//1127 1485//1485 1547//1547
f 1310//1310 1309//1309 1372//1372
f 1428//1428 1372//1372 1437//1437
f 1374//1374 1268//1268 1311//1311
f 1374//1374 1311//1311 1382//1382
f 1374//1374 1382//1382 1373//1373
f 1373//1373 1382//1382 1375//1375
f 1374//1374 1373//1373 1439//1439
f 1375//1375 1440//1440 1373//1373
f 1440//1440 1312//1312 1490//1490
f 1373//1373 1440//1440 1439//1439
f 6066//6066 1376//1376 1491//1491
f 1377//1377 1480//1480 1376//1376
f 1652//1652 1197//1197 1378//1378
f 6056//6056 1379//1379 6067//6067
f 1379//1379 1378//1378 1314//1314
f 1652//1652 1378//1378 1379//1379
f 1199//1199 1433//1433 1380//1380
f 1133//1133 1380//1380 1263//1263
f 1371//1371 1263//1263 1380//1380
f 1380//1380 1435//1435 1371//1371
f 1444//1444 1387//1387 1494//1494
f 6063//6063 1268//1268 1488//1488
f 1492//1492 1652//1652 1379//1379
f 1383//1383 1492//1492 1320//1320
f 1385//1385 1003//1003 1271//1271
f 1384//1384 1321//1321 1442//1442
f 1385//1385 1442//1442 1003//1003
f 1396//1396 6075//6075 6078//6078
f 1385//1385 1271//1271 1386//1386
f 1271//1271 1443//1443 1386//1386
f 1442//1442 1385//1385 1386//1386
f 1502//1502 1443//1443 1271//1271
f 1271//1271 1272//1272 1444//1444
f 1444//1444 1272//1272 1387//1387
f 1271//1271 1444//1444 1502//1502
f 1211//1211 6103//6103 1496//1496
f 1388//1388 1389//1389 1664//1664
f 1326//1326 6070//6070 1390//1390
f 1447//1447 1325//1325 1391//1391
f 1325//1325 1326//1326 1391//1391
f 6069//6069 1335//1335 1392//1392
f 1326//1326 1390//1390 1391//1391
f 1394//1394 6079//6079 1392//1392
f 1392//1392 6079//6079 6069//6069
f 6081//6081 1448//1448 1390//1390
f 1448//1448 1391//1391 1390//1390
f 1393//1393 1392//1392 1335//1335
f 1335//1335 1148//1148 6080//6080
f 1392//1392 1393//1393 1506//1506
f 6080//6080 1148//1148 1328//1328
f 1448//1448 6081//6081 1504//1504
f 6080//6080 1328//1328 1510//1510
f 1394//1394 1392//1392 1505//1505
f 6075//6075 1396//1396 6072//6072
f 1395//1395 6073//6073 6083//6083
f 1450//1450 6074//6074 6082//6082
f 1449//1449 1395//1395 6083//6083
f 1452//1452 1399//1399 1346//1346
f 1398//1398 1400//1400 1397//1397
f 1399//1399 1398//1398 1397//1397
f 1337//1337 1401//1401 1226//1226
f 1400//1400 6084//6084 1337//1337
f 1401//1401 1522//1522 1226//1226
f 6084//6084 1400//1400 1520//1520
f 1338//1338 1453//1453 1402//1402
f 1451//1451 1281//1281 1453//1453
f 1341//1341 1404//1404 1340//1340
f 1404//1404 1403//1403 1230//1230
f 1403//1403 1404//1404 1456//1456
f 1403//1403 1456//1456 1455//1455
f 1344//1344 1343//1343 1458//1458
f 1458//1458 1452//1452 1345//1345
f 1345//1345 1452//1452 1284//1284
f 1407//1407 1348//1348 1405//1405
f 1411//1411 1409//1409 1081//1081
f 6023//6023 6086//6086 1408//1408
f 6087//6087 1411//1411 1293//1293
f 1411//1411 1466//1466 1409//1409
f 1465//1465 1411//1411 6087//6087
f 1467//1467 1465//1465 6087//6087
f 6088//6088 1414//1414 1351//1351
f 1414//1414 6088//6088 1459//1459
f 1459//1459 1578//1578 1414//1414
f 1350//1350 1414//1414 1576//1576
f 1352//1352 1353//1353 1468//1468
f 1535//1535 1352//1352 1468//1468
f 1416//1416 1415//1415 1361//1361
f 1348//1348 1354//1354 1524//1524
f 1354//1354 1171//1171 1524//1524
f 1362//1362 1364//1364 1539//1539
f 1173//1173 1366//1366 1418//1418
f 1418//1418 1364//1364 1173//1173
f 1540//1540 1418//1418 1366//1366
f 1540//1540 1364//1364 1418//1418
f 1419//1419 1471//1471 1175//1175
f 1365//1365 1175//1175 1471//1471
f 1292//1292 1464//1464 1463//1463
f 1081//1081 6085//6085 1464//1464
f 1544//1544 1302//1302 1542//1542
f 1244//1244 1544//1544 1422//1422
f 1244//1244 1422//1422 1353//1353
f 1357//1357 1425//1425 1423//1423
f 1423//1423 1475//1475 1368//1368
f 1368//1368 1475//1475 1551//1551
f 1372//1372 1428//1428 1426//1426
f 1310//1310 1358//1358 1476//1476
f 1372//1372 6090//6090 1358//1358
f 1426//1426 1428//1428 1427//1427
f 1358//1358 6090//6090 1427//1427
f 1427//1427 6099//6099 1358//1358
f 1428//1428 6099//6099 1427//1427
f 1469//1469 1310//1310 1476//1476
f 1359//1359 1477//1477 1478//1478
f 1359//1359 1416//1416 1361//1361
f 1416//1416 1359//1359 6100//6100
f 1259//1259 1429//1429 1479//1479
f 1430//1430 1429//1429 1363//1363
f 1363//1363 1541//1541 1430//1430
f 1367//1367 1641//1641 1369//1369
f 1641//1641 1432//1432 1369//1369
f 1483//1483 1552//1552 1261//1261
f 1261//1261 1552//1552 1554//1554
f 1433//1433 1434//1434 1596//1596
f 1553//1553 1788//1788 1434//1434
f 1788//1788 1596//1596 1434//1434
f 1433//1433 1596//1596 1380//1380
f 1315//1315 1484//1484 1436//1436
f 1315//1315 1371//1371 1484//1484
f 1127//1127 1486//1486 1485//1485
f 1374//1374 1438//1438 1268//1268
f 1438//1438 1374//1374 1439//1439
f 1268//1268 6092//6092 1488//1488
f 1488//1488 6092//6092 1487//1487
f 1487//1487 1438//1438 1439//1439
f 1487//1487 1439//1439 1440//1440
f 1313//1313 6102//6102 1312//1312
f 1490//1490 1312//1312 6102//6102
f 1554//1554 1553//1553 1198//1198
f 1433//1433 1199//1199 1434//1434
f 1495//1495 1494//1494 1387//1387
f 1381//1381 1557//1557 1441//1441
f 1381//1381 1267//1267 1557//1557
f 1601//1601 6063//6063 1488//1488
f 1492//1492 1383//1383 1559//1559
f 1449//1449 1396//1396 6078//6078
f 1512//1512 6094//6094 1449//1449
f 1442//1442 1386//1386 1443//1443
f 1442//1442 1443//1443 1500//1500
f 6078//6078 1658//1658 1449//1449
f 1501//1501 1500//1500 1443//1443
f 1663//1663 1498//1498 1275//1275
f 1663//1663 1275//1275 1445//1445
f 1664//1664 1445//1445 1275//1275
f 1663//1663 1445//1445 1664//1664
f 1218//1218 1446//1446 1389//1389
f 1446//1446 1218//1218 1503//1503
f 1503//1503 1614//1614 1446//1446
f 1615//1615 1447//1447 1504//1504
f 1447//1447 1503//1503 1218//1218
f 1505//1505 1392//1392 1506//1506
f 1447//1447 1391//1391 1448//1448
f 1447//1447 1448//1448 1504//1504
f 1394//1394 1505//1505 1504//1504
f 1507//1507 1150//1150 1511//1511
f 1150//1150 1510//1510 1328//1328
f 1508//1508 1510//1510 1150//1150
f 1508//1508 1150//1150 1507//1507
f 6104//6104 6080//6080 1510//1510
f 1499//1499 1222//1222 1333//1333
f 1560//1560 1222//1222 1499//1499
f 6094//6094 1395//1395 1449//1449
f 1333//1333 6094//6094 1512//1512
f 1338//1338 1564//1564 1454//1454
f 1404//1404 1341//1341 1451//1451
f 1404//1404 1451//1451 1515//1515
f 1513//1513 1515//1515 1451//1451
f 1452//1452 1571//1571 1399//1399
f 1398//1398 1399//1399 1521//1521
f 1521//1521 1400//1400 1398//1398
f 1400//1400 1521//1521 1520//1520
f 1454//1454 1453//1453 1338//1338
f 1454//1454 1565//1565 1453//1453
f 1564//1564 1565//1565 1454//1454
f 1515//1515 1456//1456 1404//1404
f 1159//1159 1455//1455 1457//1457
f 1524//1524 1572//1572 1348//1348
f 1407//1407 1405//1405 1621//1621
f 1458//1458 1343//1343 1407//1407
f 1407//1407 1519//1519 1458//1458
f 1458//1458 1519//1519 1452//1452
f 1159//1159 1457//1457 1406//1406
f 1457//1457 1625//1625 1406//1406
f 1625//1625 6089//6089 1406//1406
f 1413//1413 6116//6116 1412//1412
f 1460//1460 1420//1420 1473//1473
f 1460//1460 1525//1525 1420//1420
f 1460//1460 1473//1473 1525//1525
f 1462//1462 1525//1525 1473//1473
f 1420//1420 1525//1525 1355//1355
f 1461//1461 1421//1421 1356//1356
f 1421//1421 1461//1461 1585//1585
f 6098//6098 1585//1585 1526//1526
f 1462//1462 1473//1473 1526//1526
f 1525//1525 1462//1462 1526//1526
f 1464//1464 6085//6085 1531//1531
f 1464//1464 1531//1531 1463//1463
f 1411//1411 1465//1465 1466//1466
f 6096//6096 1408//1408 6086//6086
f 1465//1465 1467//1467 1466//1466
f 1575//1575 1408//1408 6096//6096
f 1414//1414 1578//1578 1576//1576
f 1350//1350 6097//6097 1410//1410
f 6097//6097 1350//1350 1576//1576
f 1474//1474 1352//1352 1535//1535
f 1468//1468 1353//1353 1534//1534
f 1422//1422 1534//1534 1353//1353
f 1469//1469 1477//1477 1310//1310
f 1416//1416 6100//6100 1579//1579
f 1580//1580 1579//1579 6100//6100
f 1536//1536 1580//1580 6101//6101
f 1417//1417 1415//1415 1523//1523
f 1415//1415 1699//1699 1523//1523
f 1366//1366 1365//1365 1583//1583
f 1471//1471 1583//1583 1365//1365
f 1419//1419 1583//1583 1471//1471
f 1540//1540 1366//1366 1583//1583
f 1420//1420 1421//1421 1472//1472
f 1472//1472 1421//1421 1585//1585
f 6098//6098 1420//1420 1472//1472
f 6098//6098 1472//1472 1585//1585
f 1302//1302 1543//1543 1542//1542
f 1302//1302 1481//1481 1543//1543
f 1586//1586 1295//1295 1474//1474
f 1587//1587 1295//1295 1586//1586
f 1425//1425 1546//1546 1423//1423
f 1475//1475 1423//1423 1546//1546
f 1424//1424 1546//1546 1425//1425
f 1546//1546 1551//1551 1475//1475
f 1546//1546 1846//1846 1551//1551
f 1476//1476 1428//1428 1548//1548
f 1548//1548 1428//1428 1437//1437
f 1476//1476 1548//1548 1469//1469
f 6101//6101 1477//1477 1536//1536
f 1550//1550 1480//1480 1479//1479
f 1470//1470 1636//1636 1429//1429
f 1470//1470 1429//1429 1430//1430
f 1470//1470 1430//1430 1541//1541
f 1431//1431 1260//1260 1593//1593
f 1432//1432 1482//1482 1483//1483
f 1380//1380 1596//1596 1435//1435
f 1484//1484 1371//1371 1435//1435
f 1486//1486 1556//1556 1485//1485
f 1436//1436 1556//1556 1486//1486
f 1484//1484 1556//1556 1436//1436
f 1484//1484 1555//1555 1556//1556
f 1435//1435 1590//1590 1555//1555
f 1484//1484 1435//1435 1555//1555
f 1485//1485 1556//1556 1547//1547
f 1547//1547 1437//1437 6068//6068
f 1558//1558 1557//1557 1267//1267
f 1487//1487 1440//1440 1489//1489
f 1649//1649 1440//1440 1490//1490
f 1440//1440 1645//1645 1643//1643
f 1491//1491 1376//1376 1480//1480
f 1656//1656 1652//1652 1492//1492
f 1495//1495 1493//1493 1597//1597
f 1601//1601 6106//6106 6063//6063
f 1493//1493 6093//6093 1597//1597
f 1333//1333 1512//1512 1499//1499
f 1658//1658 1512//1512 1449//1449
f 1384//1384 1442//1442 1658//1658
f 1500//1500 1501//1501 1657//1657
f 1443//1443 1502//1502 1602//1602
f 1389//1389 1446//1446 1614//1614
f 1664//1664 1389//1389 1614//1614
f 1505//1505 1506//1506 1561//1561
f 1508//1508 1507//1507 1510//1510
f 1510//1510 1507//1507 1509//1509
f 6104//6104 1510//1510 1617//1617
f 1617//1617 1510//1510 1509//1509
f 1507//1507 1511//1511 1616//1616
f 1522//1522 1401//1401 1562//1562
f 1225//1225 1564//1564 1338//1338
f 1563//1563 1564//1564 1225//1225
f 1453//1453 1513//1513 1451//1451
f 1513//1513 1453//1453 1565//1565
f 1513//1513 1514//1514 1515//1515
f 6095//6095 1515//1515 1518//1518
f 1515//1515 1514//1514 1682//1682
f 1455//1455 1456//1456 1517//1517
f 1517//1517 1516//1516 1455//1455
f 1517//1517 1518//1518 1568//1568
f 1517//1517 6095//6095 1518//1518
f 1515//1515 1568//1568 1518//1518
f 1407//1407 1570//1570 1519//1519
f 1622//1622 1570//1570 1407//1407
f 1571//1571 1521//1521 1399//1399
f 1521//1521 1562//1562 1520//1520
f 6084//6084 1520//1520 1562//1562
f 1457//1457 1455//1455 1516//1516
f 1684//1684 1625//1625 1457//1457
f 1457//1457 1516//1516 1567//1567
f 1567//1567 1684//1684 1457//1457
f 1572//1572 1405//1405 1348//1348
f 1466//1466 1532//1532 1631//1631
f 1631//1631 1532//1532 1533//1533
f 6088//6088 1578//1578 1459//1459
f 1171//1171 1523//1523 1524//1524
f 1527//1527 1525//1525 1526//1526
f 1526//1526 1585//1585 1529//1529
f 1529//1529 1527//1527 1526//1526
f 1355//1355 1525//1525 1528//1528
f 1525//1525 1527//1527 1528//1528
f 1529//1529 1528//1528 1527//1527
f 1584//1584 1355//1355 1528//1528
f 1461//1461 1463//1463 1573//1573
f 1461//1461 1573//1573 1585//1585
f 1530//1530 1463//1463 1531//1531
f 1574//1574 1530//1530 1531//1531
f 1575//1575 1531//1531 6085//6085
f 1531//1531 1703//1703 1630//1630
f 1532//1532 1466//1466 1467//1467
f 1532//1532 1467//1467 1533//1533
f 1535//1535 1838//1838 1586//1586
f 1469//1469 1705//1705 1477//1477
f 1705//1705 1580//1580 1536//1536
f 1477//1477 1705//1705 1536//1536
f 1416//1416 1698//1698 1415//1415
f 1699//1699 1415//1415 1698//1698
f 1416//1416 1579//1579 1698//1698
f 1550//1550 1479//1479 1537//1537
f 1479//1479 1538//1538 1635//1635
f 1479//1479 1635//1635 1537//1537
f 1429//1429 1636//1636 1777//1777
f 1470//1470 1541//1541 1636//1636
f 1539//1539 1364//1364 1540//1540
f 1363//1363 1539//1539 1541//1541
f 1481//1481 1639//1639 1543//1543
f 1545//1545 1542//1542 1543//1543
f 1422//1422 1544//1544 1534//1534
f 1545//1545 1544//1544 1542//1542
f 1586//1586 1474//1474 1535//1535
f 1549//1549 1592//1592 1491//1491
f 1480//1480 1549//1549 1491//1491
f 1549//1549 1480//1480 1550//1550
f 1549//1549 1550//1550 1592//1592
f 1647//1647 1491//1491 1592//1592
f 1490//1490 6102//6102 1648//1648
f 6102//6102 1647//1647 1648//1648
f 1538//1538 1479//1479 1429//1429
f 1431//1431 1639//1639 1481//1481
f 1639//1639 1431//1431 1593//1593
f 1641//1641 1482//1482 1432//1432
f 1435//1435 1596//1596 1590//1590
f 1555//1555 1547//1547 1556//1556
f 1547//1547 1555//1555 1590//1590
f 6110//6110 1441//1441 1557//1557
f 1558//1558 1600//1600 1557//1557
f 6111//6111 6106//6106 1601//1601
f 1488//1488 1487//1487 1591//1591
f 1643//1643 1489//1489 1440//1440
f 1642//1642 1489//1489 1643//1643
f 1487//1487 1489//1489 1642//1642
f 1440//1440 1649//1649 1645//1645
f 1443//1443 1603//1603 1501//1501
f 1603//1603 1657//1657 1501//1501
f 1500//1500 1604//1604 1658//1658
f 1502//1502 1444//1444 1602//1602
f 1494//1494 1660//1660 1444//1444
f 1607//1607 1559//1559 1497//1497
f 1497//1497 1496//1496 1607//1607
f 1607//1607 1496//1496 1608//1608
f 1663//1663 1664//1664 1798//1798
f 1498//1498 1663//1663 1608//1608
f 1511//1511 1222//1222 1560//1560
f 1511//1511 1560//1560 1669//1669
f 1737//1737 1669//1669 1560//1560
f 1499//1499 1512//1512 1612//1612
f 1612//1612 1512//1512 1611//1611
f 1512//1512 1658//1658 1610//1610
f 1611//1611 1512//1512 1610//1610
f 1613//1613 1610//1610 1658//1658
f 1442//1442 1500//1500 1658//1658
f 1503//1503 1447//1447 1614//1614
f 1615//1615 1731//1731 1447//1447
f 6107//6107 6104//6104 1617//1617
f 1504//1504 1731//1731 1615//1615
f 6107//6107 1504//1504 1505//1505
f 6107//6107 1731//1731 1504//1504
f 1617//1617 1731//1731 6107//6107
f 1617//1617 1507//1507 1616//1616
f 1562//1562 1521//1521 1571//1571
f 1522//1522 1562//1562 1677//1677
f 1522//1522 6108//6108 1225//1225
f 6108//6108 1522//1522 1677//1677
f 1564//1564 1620//1620 1565//1565
f 1682//1682 1514//1514 1513//1513
f 1618//1618 1682//1682 1513//1513
f 1565//1565 6113//6113 1513//1513
f 1516//1516 1566//1566 1567//1567
f 1516//1516 1517//1517 1566//1566
f 1517//1517 1568//1568 1566//1566
f 1621//1621 1405//1405 1569//1569
f 1405//1405 1572//1572 1696//1696
f 1569//1569 1405//1405 1696//1696
f 1621//1621 1695//1695 1407//1407
f 1452//1452 1519//1519 1571//1571
f 1624//1624 1571//1571 1519//1519
f 1581//1581 1572//1572 1524//1524
f 1764//1764 1585//1585 1573//1573
f 1630//1630 1574//1574 1531//1531
f 6096//6096 6118//6118 1575//1575
f 1533//1533 1577//1577 6118//6118
f 1531//1531 1575//1575 1703//1703
f 1576//1576 1578//1578 1820//1820
f 1577//1577 1533//1533 1467//1467
f 1704//1704 1577//1577 6097//6097
f 1704//1704 6097//6097 1576//1576
f 1704//1704 1697//1697 1577//1577
f 1820//1820 1704//1704 1576//1576
f 1626//1626 1412//1412 6116//6116
f 6088//6088 1626//1626 1578//1578
f 1581//1581 1524//1524 1523//1523
f 1583//1583 1582//1582 1540//1540
f 1582//1582 1583//1583 1632//1632
f 1584//1584 1419//1419 1355//1355
f 1584//1584 1528//1528 1529//1529
f 1529//1529 1585//1585 1584//1584
f 1530//1530 1628//1628 1463//1463
f 1573//1573 1463//1463 1628//1628
f 1544//1544 1637//1637 1534//1534
f 1548//1548 1437//1437 1711//1711
f 1705//1705 1469//1469 1548//1548
f 1538//1538 1777//1777 1635//1635
f 1777//1777 1538//1538 1429//1429
f 1541//1541 1539//1539 1632//1632
f 1582//1582 1632//1632 1539//1539
f 1540//1540 1582//1582 1539//1539
f 1545//1545 1638//1638 1544//1544
f 1589//1589 1546//1546 1424//1424
f 1424//1424 1588//1588 1589//1589
f 1846//1846 1546//1546 1787//1787
f 1546//1546 1845//1845 1787//1787
f 1589//1589 1845//1845 1546//1546
f 1640//1640 1641//1641 1551//1551
f 1591//1591 1487//1487 1642//1642
f 1649//1649 1490//1490 1648//1648
f 1592//1592 1550//1550 1646//1646
f 1592//1592 1651//1651 1647//1647
f 1651//1651 1592//1592 1646//1646
f 1646//1646 1550//1550 1650//1650
f 1639//1639 1593//1593 1715//1715
f 1848//1848 1594//1594 1554//1554
f 1594//1594 1553//1553 1554//1554
f 1594//1594 1595//1595 1553//1553
f 1553//1553 1595//1595 1788//1788
f 1597//1597 1606//1606 1495//1495
f 1597//1597 1654//1654 1606//1606
f 1654//1654 1495//1495 1606//1606
f 1599//1599 1557//1557 1600//1600
f 6110//6110 1557//1557 1598//1598
f 1598//1598 1557//1557 1599//1599
f 1654//1654 1597//1597 1653//1653
f 1598//1598 1653//1653 6110//6110
f 1599//1599 1600//1600 1850//1850
f 1850//1850 1653//1653 1599//1599
f 1599//1599 1653//1653 1598//1598
f 1602//1602 1659//1659 1603//1603
f 1603//1603 1443//1443 1602//1602
f 1657//1657 1604//1604 1500//1500
f 1602//1602 1444//1444 1605//1605
f 1444//1444 1660//1660 1605//1605
f 1659//1659 1602//1602 1605//1605
f 1605//1605 1660//1660 1659//1659
f 1494//1494 1495//1495 1662//1662
f 1662//1662 1660//1660 1494//1494
f 1559//1559 1607//1607 1492//1492
f 6103//6103 1608//1608 1496//1496
f 1733//1733 1667//1667 1808//1808
f 1499//1499 1609//1609 1560//1560
f 1737//1737 1560//1560 1609//1609
f 1612//1612 1609//1609 1499//1499
f 1609//1609 1612//1612 1673//1673
f 6112//6112 1613//1613 1740//1740
f 1612//1612 1611//1611 1672//1672
f 1610//1610 1671//1671 1611//1611
f 6132//6132 1671//1671 1610//1610
f 1614//1614 1447//1447 1731//1731
f 1614//1614 1731//1731 1665//1665
f 1509//1509 1507//1507 1617//1617
f 1667//1667 1733//1733 1616//1616
f 1667//1667 1616//1616 1511//1511
f 1564//1564 1679//1679 1678//1678
f 1563//1563 1675//1675 1564//1564
f 1679//1679 1564//1564 1675//1675
f 6113//6113 1565//1565 1680//1680
f 1515//1515 1682//1682 1687//1687
f 1568//1568 1685//1685 1566//1566
f 1685//1685 1568//1568 1515//1515
f 1624//1624 1570//1570 1622//1622
f 1619//1619 1760//1760 1571//1571
f 1571//1571 1691//1691 1562//1562
f 1691//1691 1571//1571 1746//1746
f 1677//1677 1562//1562 1691//1691
f 1678//1678 1620//1620 1564//1564
f 1680//1680 1565//1565 1620//1620
f 1566//1566 1684//1684 1567//1567
f 1684//1684 1693//1693 1625//1625
f 1569//1569 1696//1696 1621//1621
f 1696//1696 1694//1694 1621//1621
f 1694//1694 1696//1696 1874//1874
f 1622//1622 1407//1407 1623//1623
f 1623//1623 1407//1407 1695//1695
f 1519//1519 1570//1570 1624//1624
f 1571//1571 1624//1624 1619//1619
f 6116//6116 6125//6125 1626//1626
f 1626//1626 6125//6125 1692//1692
f 1578//1578 1626//1626 1692//1692
f 1581//1581 1696//1696 1572//1572
f 1584//1584 1585//1585 1767//1767
f 1829//1829 1530//1530 1574//1574
f 1628//1628 1629//1629 1573//1573
f 1765//1765 1573//1573 1629//1629
f 1765//1765 1629//1629 1628//1628
f 1574//1574 1630//1630 1829//1829
f 6118//6118 1703//1703 1575//1575
f 1829//1829 1630//1630 1703//1703
f 6118//6118 1577//1577 1697//1697
f 1579//1579 1580//1580 1698//1698
f 1523//1523 1700//1700 1581//1581
f 1636//1636 1541//1541 1708//1708
f 1583//1583 1419//1419 1627//1627
f 1826//1826 1419//1419 1702//1702
f 1534//1534 1633//1633 1468//1468
f 1534//1534 1637//1637 1709//1709
f 1534//1534 1709//1709 1633//1633
f 1838//1838 1535//1535 1468//1468
f 1468//1468 1633//1633 1838//1838
f 1710//1710 6109//6109 1587//1587
f 1437//1437 1634//1634 1711//1711
f 1705//1705 1548//1548 1772//1772
f 1635//1635 1777//1777 1707//1707
f 1638//1638 1637//1637 1544//1544
f 1543//1543 1639//1639 1545//1545
f 1545//1545 1639//1639 1638//1638
f 1588//1588 1716//1716 1589//1589
f 1717//1717 1640//1640 1551//1551
f 1641//1641 1640//1640 1717//1717
f 1846//1846 1717//1717 1551//1551
f 1547//1547 1781//1781 1437//1437
f 1591//1591 1642//1642 1784//1784
f 1784//1784 1642//1642 1644//1644
f 1642//1642 1643//1643 1644//1644
f 1784//1784 1644//1644 1645//1645
f 1645//1645 1644//1644 1643//1643
f 1651//1651 1712//1712 1647//1647
f 1649//1649 1648//1648 1712//1712
f 1712//1712 1648//1648 1647//1647
f 1646//1646 1650//1650 1651//1651
f 1651//1651 1650//1650 1713//1713
f 1483//1483 1848//1848 1552//1552
f 1554//1554 1552//1552 1848//1848
f 1594//1594 1848//1848 1595//1595
f 1654//1654 1653//1653 1655//1655
f 1495//1495 1654//1654 1662//1662
f 1653//1653 1721//1721 1655//1655
f 1655//1655 1721//1721 1654//1654
f 1654//1654 1721//1721 1662//1662
f 1721//1721 1653//1653 1850//1850
f 1790//1790 6111//6111 1601//1601
f 1790//1790 1601//1601 1789//1789
f 1849//1849 1850//1850 1600//1600
f 1600//1600 1790//1790 1849//1849
f 1607//1607 1656//1656 1492//1492
f 1727//1727 1657//1657 1603//1603
f 1657//1657 1658//1658 1604//1604
f 1658//1658 1657//1657 1792//1792
f 1659//1659 1722//1722 1603//1603
f 1727//1727 1603//1603 1722//1722
f 1660//1660 1661//1661 1659//1659
f 1722//1722 1659//1659 1661//1661
f 1907//1907 1660//1660 1662//1662
f 1725//1725 1661//1661 1660//1660
f 1725//1725 1722//1722 1661//1661
f 1855//1855 1608//1608 1730//1730
f 1608//1608 1663//1663 1730//1730
f 1798//1798 1664//1664 1665//1665
f 1614//1614 1665//1665 1664//1664
f 1666//1666 1617//1617 1616//1616
f 1733//1733 1668//1668 1616//1616
f 6122//6122 1666//1666 1616//1616
f 6123//6123 1670//1670 6105//6105
f 6105//6105 1670//1670 6120//6120
f 1668//1668 1733//1733 1735//1735
f 1609//1609 1739//1739 1737//1737
f 1670//1670 6123//6123 1795//1795
f 1741//1741 1672//1672 1611//1611
f 1673//1673 1612//1612 1672//1672
f 6131//6131 1609//1609 1673//1673
f 1741//1741 1673//1673 1672//1672
f 1741//1741 1611//1611 1671//1671
f 6131//6131 1673//1673 1742//1742
f 1673//1673 1741//1741 1742//1742
f 1658//1658 1740//1740 1613//1613
f 1691//1691 1746//1746 1747//1747
f 1747//1747 1746//1746 1864//1864
f 1674//1674 1748//1748 1677//1677
f 1674//1674 1677//1677 1691//1691
f 1748//1748 1749//1749 1677//1677
f 1676//1676 1679//1679 1675//1675
f 1563//1563 1676//1676 1675//1675
f 6108//6108 1677//1677 1676//1676
f 1757//1757 1620//1620 1678//1678
f 1679//1679 1755//1755 1678//1678
f 1755//1755 1757//1757 1678//1678
f 1755//1755 1679//1679 1676//1676
f 1680//1680 1681//1681 6113//6113
f 1620//1620 1757//1757 1680//1680
f 1681//1681 1680//1680 1743//1743
f 1743//1743 1683//1683 1681//1681
f 1681//1681 1683//1683 6113//6113
f 1687//1687 1685//1685 1515//1515
f 1618//1618 1683//1683 1682//1682
f 1683//1683 1745//1745 1682//1682
f 1566//1566 1685//1685 1684//1684
f 1684//1684 1685//1685 1686//1686
f 6124//6124 1689//1689 1684//1684
f 1687//1687 1688//1688 1685//1685
f 1685//1685 1688//1688 1686//1686
f 1744//1744 1686//1686 1688//1688
f 1744//1744 1689//1689 6124//6124
f 1811//1811 1687//1687 1682//1682
f 1811//1811 1688//1688 1687//1687
f 1682//1682 1745//1745 1811//1811
f 1622//1622 1623//1623 1624//1624
f 6115//6115 1813//1813 6114//6114
f 6139//6139 1760//1760 1619//1619
f 1760//1760 1690//1690 1571//1571
f 1684//1684 1689//1689 1693//1693
f 1871//1871 1692//1692 6125//6125
f 1763//1763 1696//1696 1581//1581
f 1694//1694 1695//1695 1621//1621
f 1695//1695 1694//1694 1874//1874
f 1695//1695 1758//1758 1623//1623
f 1829//1829 1703//1703 1768//1768
f 1697//1697 1830//1830 6118//6118
f 6118//6118 1830//1830 1831//1831
f 6126//6126 1831//1831 1828//1828
f 1820//1820 1697//1697 1704//1704
f 1830//1830 1697//1697 1821//1821
f 1578//1578 1692//1692 1820//1820
f 1706//1706 1769//1769 1580//1580
f 1769//1769 1698//1698 1580//1580
f 1523//1523 1699//1699 1770//1770
f 1523//1523 1770//1770 1700//1700
f 1700//1700 1762//1762 1581//1581
f 1419//1419 1826//1826 1627//1627
f 1419//1419 1888//1888 1702//1702
f 1764//1764 1573//1573 1765//1765
f 1530//1530 1827//1827 6117//6117
f 1530//1530 1829//1829 1827//1827
f 6118//6118 1831//1831 1703//1703
f 1705//1705 1889//1889 1580//1580
f 1580//1580 1889//1889 1706//1706
f 1777//1777 1895//1895 1707//1707
f 1635//1635 1707//1707 1895//1895
f 1708//1708 1541//1541 1632//1632
f 1701//1701 1632//1632 1583//1583
f 1637//1637 1714//1714 1709//1709
f 1587//1587 1779//1779 1710//1710
f 1710//1710 1779//1779 6109//6109
f 1779//1779 1586//1586 1838//1838
f 1779//1779 1587//1587 1586//1586
f 6109//6109 1780//1780 1716//1716
f 1779//1779 1780//1780 6109//6109
f 1780//1780 1845//1845 1716//1716
f 1782//1782 1437//1437 1781//1781
f 1782//1782 1634//1634 1437//1437
f 1711//1711 1634//1634 1782//1782
f 1772//1772 1548//1548 1711//1711
f 1651//1651 1713//1713 1712//1712
f 1786//1786 1712//1712 1785//1785
f 1550//1550 1774//1774 1650//1650
f 1550//1550 1537//1537 1774//1774
f 1773//1773 1774//1774 1537//1537
f 1773//1773 1537//1537 1635//1635
f 1637//1637 1638//1638 1714//1714
f 1638//1638 1639//1639 1714//1714
f 1589//1589 1716//1716 1845//1845
f 1848//1848 1483//1483 1482//1482
f 1595//1595 1951//1951 1788//1788
f 1596//1596 2000//2000 1590//1590
f 1601//1601 1488//1488 1718//1718
f 1488//1488 1851//1851 1718//1718
f 6135//6135 1601//1601 1718//1718
f 6135//6135 1718//1718 1851//1851
f 1488//1488 1591//1591 1851//1851
f 1712//1712 1786//1786 1649//1649
f 1649//1649 1786//1786 1645//1645
f 1786//1786 1783//1783 1645//1645
f 1645//1645 1783//1783 1784//1784
f 1652//1652 2013//2013 1905//1905
f 1907//1907 1724//1724 1660//1660
f 1719//1719 1724//1724 1907//1907
f 1721//1721 1793//1793 1662//1662
f 2014//2014 1656//1656 1607//1607
f 1792//1792 1657//1657 1727//1727
f 1740//1740 1658//1658 1792//1792
f 1725//1725 1660//1660 1723//1723
f 1727//1727 1722//1722 1725//1725
f 1724//1724 1723//1723 1660//1660
f 1723//1723 1726//1726 1725//1725
f 1726//1726 1723//1723 1724//1724
f 1719//1719 1726//1726 1724//1724
f 1728//1728 1725//1725 1726//1726
f 1719//1719 1728//1728 1726//1726
f 1720//1720 1728//1728 1719//1719
f 1729//1729 1727//1727 1725//1725
f 1728//1728 1729//1729 1725//1725
f 1727//1727 1729//1729 1792//1792
f 1729//1729 1728//1728 1792//1792
f 1792//1792 1728//1728 1720//1720
f 1797//1797 1663//1663 1798//1798
f 1665//1665 1731//1731 2025//2025
f 6129//6129 1732//1732 6122//6122
f 1617//1617 1666//1666 1732//1732
f 1732//1732 1666//1666 6122//6122
f 1802//1802 1617//1617 1734//1734
f 1617//1617 6128//6128 1734//1734
f 1732//1732 6129//6129 1734//1734
f 1802//1802 1731//1731 1617//1617
f 1735//1735 1733//1733 1803//1803
f 1736//1736 1734//1734 6129//6129
f 1806//1806 1736//1736 6129//6129
f 1736//1736 1806//1806 1734//1734
f 1734//1734 1806//1806 1802//1802
f 1795//1795 1738//1738 1670//1670
f 6120//6120 1670//1670 1738//1738
f 6138//6138 6121//6121 6130//6130
f 1803//1803 1733//1733 1804//1804
f 6138//6138 6130//6130 6136//6136
f 1804//1804 1733//1733 1808//1808
f 1737//1737 1739//1739 1742//1742
f 1671//1671 1740//1740 1741//1741
f 1742//1742 1741//1741 1740//1740
f 1743//1743 1680//1680 1810//1810
f 1810//1810 1757//1757 1809//1809
f 1810//1810 1809//1809 1860//1860
f 1683//1683 1743//1743 1745//1745
f 1690//1690 1816//1816 1571//1571
f 1864//1864 1691//1691 1747//1747
f 1691//1691 1753//1753 1674//1674
f 6133//6133 1751//1751 6134//6134
f 1749//1749 1750//1750 1677//1677
f 6133//6133 1674//1674 1751//1751
f 6134//6134 1751//1751 1753//1753
f 1753//1753 1752//1752 6134//6134
f 1750//1750 6134//6134 1752//1752
f 1751//1751 1674//1674 1753//1753
f 1752//1752 1818//1818 1750//1750
f 1864//1864 1753//1753 1691//1691
f 1818//1818 1752//1752 1753//1753
f 1756//1756 1676//1676 1677//1677
f 1676//1676 1756//1756 1755//1755
f 1677//1677 1750//1750 1756//1756
f 1818//1818 1754//1754 1750//1750
f 1750//1750 1754//1754 1756//1756
f 1754//1754 1818//1818 1756//1756
f 1755//1755 1756//1756 1757//1757
f 1680//1680 1757//1757 1810//1810
f 1809//1809 1757//1757 1756//1756
f 1865//1865 1693//1693 1689//1689
f 1758//1758 1759//1759 1623//1623
f 1695//1695 1874//1874 1758//1758
f 1874//1874 1876//1876 1758//1758
f 1623//1623 1814//1814 1624//1624
f 1759//1759 1814//1814 1623//1623
f 1758//1758 6144//6144 1759//1759
f 1760//1760 6139//6139 1815//1815
f 1812//1812 1690//1690 1760//1760
f 1760//1760 1815//1815 1761//1761
f 1760//1760 1761//1761 1812//1812
f 1867//1867 1820//1820 1692//1692
f 1692//1692 6143//6143 1869//1869
f 1700//1700 1822//1822 1762//1762
f 1419//1419 1584//1584 1888//1888
f 1764//1764 1765//1765 1766//1766
f 1766//1766 1765//1765 1934//1934
f 1628//1628 1934//1934 1765//1765
f 1764//1764 1766//1766 1767//1767
f 1767//1767 1766//1766 1934//1934
f 1827//1827 1934//1934 6117//6117
f 1768//1768 6126//6126 1828//1828
f 1768//1768 1828//1828 1829//1829
f 1889//1889 1769//1769 1706//1706
f 1771//1771 1770//1770 1699//1699
f 1771//1771 1832//1832 1770//1770
f 1698//1698 1771//1771 1699//1699
f 1700//1700 1770//1770 1822//1822
f 1632//1632 1701//1701 1708//1708
f 1886//1886 1701//1701 1583//1583
f 1886//1886 1583//1583 1627//1627
f 1767//1767 1585//1585 1764//1764
f 1633//1633 1944//1944 1778//1778
f 1705//1705 1772//1772 1833//1833
f 1833//1833 1889//1889 1705//1705
f 1835//1835 1650//1650 1774//1774
f 1773//1773 1635//1635 1775//1775
f 1775//1775 1635//1635 1895//1895
f 1773//1773 1775//1775 1776//1776
f 1775//1775 1895//1895 1776//1776
f 1774//1774 1773//1773 1834//1834
f 1773//1773 1776//1776 1834//1834
f 1776//1776 1895//1895 1834//1834
f 1777//1777 1636//1636 1708//1708
f 1633//1633 1709//1709 1837//1837
f 1838//1838 1633//1633 1778//1778
f 1709//1709 1836//1836 1837//1837
f 6152//6152 1633//1633 1837//1837
f 1547//1547 1590//1590 1781//1781
f 1784//1784 1783//1783 1959//1959
f 1713//1713 1785//1785 1712//1712
f 1893//1893 1786//1786 1785//1785
f 1835//1835 1892//1892 1650//1650
f 1893//1893 1785//1785 1713//1713
f 1713//1713 1650//1650 1892//1892
f 1639//1639 1843//1843 1714//1714
f 1960//1960 1715//1715 1593//1593
f 1843//1843 1639//1639 1844//1844
f 1715//1715 1844//1844 1639//1639
f 1844//1844 1715//1715 1960//1960
f 1787//1787 1845//1845 1846//1846
f 1847//1847 1482//1482 1641//1641
f 1847//1847 1903//1903 1482//1482
f 1641//1641 1717//1717 1847//1847
f 1790//1790 1789//1789 1851//1851
f 1851//1851 1591//1591 1784//1784
f 1791//1791 1593//1593 1652//1652
f 1791//1791 1652//1652 1905//1905
f 1652//1652 1656//1656 2013//2013
f 1907//1907 1792//1792 1720//1720
f 1907//1907 1720//1720 1719//1719
f 1906//1906 1792//1792 1907//1907
f 1662//1662 1793//1793 1907//1907
f 1607//1607 1853//1853 2014//2014
f 1607//1607 1608//1608 1853//1853
f 1608//1608 1855//1855 1853//1853
f 6127//6127 6119//6119 1854//1854
f 6127//6127 1854//1854 1794//1794
f 1663//1663 1797//1797 1911//1911
f 1730//1730 1794//1794 1855//1855
f 6147//6147 1854//1854 6119//6119
f 1799//1799 1856//1856 1798//1798
f 1804//1804 1912//1912 1803//1803
f 1742//1742 1796//1796 1737//1737
f 1796//1796 1669//1669 1737//1737
f 1669//1669 1796//1796 1914//1914
f 1914//1914 6137//6137 1669//1669
f 1911//1911 1797//1797 1798//1798
f 1799//1799 1665//1665 1858//1858
f 1665//1665 1799//1799 1798//1798
f 1665//1665 1801//1801 1800//1800
f 1800//1800 1858//1858 1665//1665
f 1665//1665 2025//2025 1859//1859
f 1801//1801 1665//1665 1859//1859
f 1735//1735 1803//1803 1806//1806
f 1802//1802 1806//1806 2025//2025
f 1912//1912 1804//1804 1808//1808
f 1807//1807 1806//1806 1803//1803
f 1803//1803 1805//1805 1807//1807
f 1811//1811 1863//1863 1688//1688
f 1688//1688 1863//1863 1744//1744
f 1744//1744 1863//1863 1862//1862
f 1744//1744 1862//1862 1689//1689
f 1746//1746 1974//1974 1864//1864
f 1756//1756 1971//1971 1809//1809
f 1809//1809 1971//1971 1860//1860
f 1743//1743 1810//1810 1745//1745
f 1745//1745 1810//1810 1861//1861
f 1861//1861 1810//1810 1860//1860
f 1916//1916 1865//1865 1689//1689
f 1811//1811 1745//1745 1861//1861
f 1812//1812 1761//1761 1815//1815
f 6140//6140 1813//1813 6115//6115
f 1813//1813 6140//6140 1920//1920
f 1690//1690 1812//1812 1816//1816
f 1917//1917 2029//2029 1812//1812
f 1815//1815 1917//1917 1812//1812
f 1866//1866 1813//1813 1920//1920
f 6139//6139 6142//6142 1815//1815
f 1816//1816 1812//1812 2029//2029
f 1571//1571 1816//1816 1746//1746
f 1817//1817 1746//1746 1816//1816
f 1816//1816 2030//2030 1817//1817
f 1817//1817 1918//1918 1746//1746
f 2030//2030 1918//1918 1817//1817
f 1818//1818 1753//1753 1864//1864
f 1865//1865 1871//1871 6125//6125
f 1696//1696 1763//1763 1875//1875
f 1763//1763 1873//1873 1875//1875
f 2035//2035 1876//1876 1874//1874
f 1759//1759 6144//6144 1814//1814
f 1827//1827 1829//1829 1934//1934
f 1983//1983 1934//1934 1829//1829
f 1820//1820 1882//1882 1821//1821
f 1820//1820 1821//1821 1697//1697
f 1821//1821 1831//1831 1830//1830
f 1878//1878 1831//1831 1821//1821
f 1828//1828 1879//1879 1829//1829
f 1831//1831 1879//1879 1828//1828
f 1831//1831 1880//1880 1879//1879
f 1880//1880 1831//1831 1878//1878
f 1882//1882 1820//1820 1867//1867
f 1883//1883 1832//1832 1771//1771
f 1832//1832 1885//1885 1822//1822
f 1762//1762 1823//1823 1581//1581
f 1825//1825 1581//1581 1823//1823
f 1763//1763 1581//1581 1824//1824
f 1825//1825 1819//1819 1581//1581
f 1824//1824 1581//1581 1819//1819
f 1824//1824 1873//1873 1763//1763
f 1873//1873 1824//1824 1819//1819
f 1940//1940 1826//1826 1702//1702
f 1702//1702 1888//1888 1887//1887
f 1584//1584 1767//1767 1888//1888
f 1889//1889 1698//1698 1769//1769
f 1698//1698 1883//1883 1771//1771
f 1890//1890 1698//1698 1889//1889
f 1832//1832 1822//1822 1770//1770
f 1701//1701 1942//1942 1708//1708
f 1711//1711 1947//1947 1772//1772
f 1774//1774 1894//1894 1835//1835
f 1774//1774 1834//1834 1894//1894
f 1835//1835 1894//1894 1892//1892
f 1834//1834 1895//1895 1894//1894
f 1777//1777 1708//1708 1895//1895
f 1714//1714 1843//1843 1836//1836
f 1714//1714 1836//1836 1709//1709
f 1837//1837 1836//1836 1896//1896
f 1779//1779 2003//2003 1841//1841
f 1779//1779 1838//1838 2003//2003
f 1839//1839 1845//1845 1780//1780
f 1779//1779 1840//1840 1780//1780
f 1839//1839 1780//1780 1840//1840
f 1840//1840 1779//1779 1841//1841
f 1839//1839 1840//1840 1842//1842
f 1949//1949 1845//1845 1839//1839
f 1596//1596 1788//1788 1952//1952
f 1596//1596 1952//1952 2000//2000
f 1590//1590 2000//2000 1781//1781
f 6154//6154 1851//1851 1784//1784
f 1949//1949 1846//1846 1845//1845
f 1482//1482 1903//1903 1848//1848
f 1951//1951 1595//1595 1848//1848
f 1721//1721 1904//1904 1793//1793
f 1849//1849 1790//1790 1852//1852
f 1849//1849 1852//1852 1954//1954
f 1852//1852 1957//1957 1954//1954
f 1849//1849 1954//1954 1850//1850
f 1790//1790 1957//1957 1852//1852
f 1593//1593 1791//1791 1900//1900
f 1905//1905 1900//1900 1791//1791
f 1907//1907 1793//1793 1904//1904
f 1794//1794 1854//1854 1855//1855
f 1911//1911 1798//1798 2022//2022
f 1855//1855 1854//1854 1910//1910
f 1798//1798 1856//1856 6168//6168
f 1801//1801 2236//2236 1857//1857
f 1801//1801 1859//1859 2236//2236
f 6136//6136 1969//1969 6138//6138
f 6137//6137 1914//1914 1913//1913
f 1969//1969 6136//6136 6148//6148
f 1914//1914 1796//1796 1915//1915
f 1796//1796 1742//1742 1740//1740
f 1858//1858 1800//1800 1801//1801
f 1801//1801 1857//1857 1858//1858
f 1806//1806 1807//1807 2025//2025
f 1731//1731 1802//1802 2025//2025
f 1863//1863 1811//1811 1861//1861
f 1689//1689 6141//6141 1916//1916
f 2029//2029 2030//2030 1816//1816
f 6157//6157 1746//1746 1918//1918
f 1818//1818 1864//1864 1756//1756
f 1918//1918 2030//2030 6157//6157
f 1916//1916 2110//2110 1865//1865
f 1814//1814 1919//1919 1975//1975
f 1919//1919 1814//1814 6144//6144
f 1815//1815 6142//6142 1917//1917
f 1975//1975 6149//6149 1814//1814
f 1976//1976 1866//1866 1920//1920
f 6158//6158 1917//1917 6142//6142
f 1917//1917 6158//6158 2188//2188
f 1821//1821 1882//1882 1935//1935
f 1923//1923 1935//1935 1882//1882
f 1867//1867 1692//1692 1869//1869
f 1923//1923 1882//1882 1868//1868
f 1867//1867 1868//1868 1882//1882
f 1872//1872 1870//1870 1869//1869
f 1869//1869 1870//1870 1867//1867
f 1869//1869 6143//6143 1872//1872
f 1825//1825 2050//2050 1819//1819
f 1873//1873 1929//1929 1875//1875
f 1873//1873 1819//1819 1929//1929
f 1874//1874 1696//1696 1875//1875
f 1875//1875 2035//2035 1874//1874
f 1875//1875 2046//2046 2035//2035
f 1767//1767 1877//1877 1888//1888
f 1877//1877 1767//1767 1981//1981
f 1878//1878 1982//1982 1880//1880
f 1821//1821 1881//1881 1878//1878
f 6159//6159 1879//1879 1880//1880
f 1881//1881 1982//1982 1878//1878
f 1936//1936 1885//1885 1832//1832
f 1832//1832 1883//1883 1936//1936
f 1823//1823 1762//1762 1884//1884
f 1823//1823 1928//1928 1825//1825
f 1762//1762 1822//1822 1884//1884
f 1928//1928 1823//1823 1884//1884
f 1822//1822 1937//1937 1884//1884
f 1937//1937 1928//1928 1884//1884
f 1826//1826 1886//1886 1627//1627
f 1886//1886 1826//1826 1940//1940
f 1886//1886 1940//1940 1996//1996
f 1888//1888 1930//1930 1887//1887
f 1930//1930 1931//1931 1887//1887
f 1833//1833 1772//1772 1947//1947
f 1833//1833 1947//1947 1889//1889
f 1947//1947 2214//2214 1889//1889
f 1895//1895 1708//1708 1941//1941
f 1895//1895 1941//1941 1997//1997
f 1943//1943 1941//1941 1708//1708
f 1942//1942 1701//1701 1886//1886
f 2001//2001 1782//1782 1781//1781
f 1711//1711 1782//1782 6164//6164
f 1711//1711 6164//6164 1947//1947
f 1893//1893 1891//1891 1786//1786
f 1892//1892 1893//1893 1713//1713
f 1893//1893 1892//1892 2002//2002
f 1891//1891 1893//1893 1948//1948
f 1894//1894 2002//2002 1892//1892
f 1837//1837 1896//1896 6152//6152
f 1836//1836 1897//1897 1896//1896
f 1843//1843 6146//6146 1836//1836
f 1843//1843 1899//1899 6146//6146
f 2003//2003 1842//1842 1840//1840
f 1841//1841 2003//2003 1840//1840
f 1902//1902 1846//1846 1949//1949
f 2007//2007 1902//1902 1949//1949
f 1950//1950 1717//1717 1902//1902
f 1951//1951 1952//1952 1788//1788
f 2000//2000 2001//2001 1781//1781
f 6154//6154 1957//1957 1851//1851
f 1898//1898 1958//1958 1786//1786
f 1786//1786 1891//1891 1898//1898
f 1783//1783 1786//1786 1958//1958
f 1891//1891 1948//1948 1898//1898
f 1844//1844 1899//1899 1843//1843
f 1960//1960 1899//1899 1844//1844
f 1961//1961 1900//1900 1901//1901
f 1900//1900 1905//1905 1901//1901
f 1901//1901 1905//1905 1962//1962
f 1962//1962 1961//1961 1901//1901
f 1846//1846 1902//1902 1717//1717
f 1721//1721 1956//1956 1904//1904
f 1850//1850 1956//1956 1721//1721
f 1954//1954 1953//1953 1850//1850
f 1850//1850 1953//1953 1955//1955
f 1956//1956 1850//1850 1955//1955
f 6155//6155 1593//1593 1900//1900
f 1656//1656 2014//2014 2013//2013
f 1740//1740 1792//1792 1796//1796
f 2155//2155 1792//1792 1906//1906
f 1855//1855 1910//1910 1908//1908
f 1855//1855 1908//1908 1853//1853
f 1966//1966 1853//1853 1909//1909
f 1853//1853 1908//1908 1909//1909
f 1908//1908 1910//1910 1968//1968
f 1910//1910 1854//1854 1968//1968
f 1968//1968 1854//1854 1967//1967
f 1854//1854 6147//6147 1967//1967
f 2025//2025 2236//2236 1859//1859
f 1805//1805 2026//2026 1807//1807
f 2026//2026 2025//2025 1807//1807
f 1808//1808 1969//1969 1912//1912
f 1803//1803 1912//1912 2016//2016
f 6148//6148 2017//2017 1969//1969
f 1913//1913 1914//1914 2095//2095
f 1913//1913 2095//2095 2017//2017
f 6157//6157 2030//2030 2033//2033
f 1864//1864 1973//1973 1756//1756
f 1860//1860 1971//1971 1861//1861
f 1971//1971 1863//1863 1861//1861
f 1975//1975 6158//6158 6149//6149
f 1926//1926 1872//1872 1979//1979
f 1865//1865 1978//1978 1871//1871
f 1865//1865 2110//2110 1978//1978
f 6143//6143 1979//1979 1872//1872
f 6143//6143 1978//1978 1979//1979
f 6144//6144 2035//2035 1919//1919
f 2035//2035 2036//2036 1919//1919
f 1975//1975 1919//1919 2036//2036
f 1921//1921 1879//1879 6159//6159
f 1829//1829 1921//1921 1983//1983
f 1821//1821 1935//1935 1881//1881
f 1923//1923 1985//1985 1935//1935
f 1985//1985 1922//1922 1935//1935
f 6159//6159 1922//1922 2120//2120
f 1923//1923 1925//1925 1985//1985
f 1925//1925 6150//6150 1924//1924
f 1923//1923 1868//1868 1924//1924
f 1870//1870 1872//1872 1926//1926
f 1870//1870 1926//1926 1867//1867
f 1867//1867 1926//1926 1868//1868
f 1925//1925 1924//1924 1986//1986
f 1986//1986 1977//1977 1925//1925
f 1977//1977 1985//1985 1925//1925
f 1986//1986 1924//1924 1868//1868
f 1928//1928 1927//1927 1825//1825
f 1927//1927 2050//2050 1825//1825
f 1937//1937 1994//1994 1928//1928
f 2046//2046 1875//1875 1929//1929
f 1819//1819 2050//2050 1929//1929
f 2050//2050 2047//2047 1929//1929
f 1931//1931 1930//1930 1990//1990
f 1932//1932 1933//1933 1888//1888
f 1990//1990 1930//1930 1888//1888
f 1877//1877 1981//1981 2049//2049
f 1877//1877 1932//1932 1888//1888
f 1877//1877 2049//2049 1932//1932
f 1932//1932 1990//1990 1933//1933
f 1990//1990 1932//1932 1991//1991
f 1888//1888 1933//1933 1990//1990
f 1934//1934 1981//1981 1767//1767
f 1934//1934 1983//1983 1981//1981
f 1921//1921 1829//1829 1879//1879
f 1922//1922 6159//6159 1881//1881
f 1935//1935 1922//1922 1881//1881
f 2055//2055 1890//1890 1889//1889
f 1698//1698 1890//1890 1883//1883
f 1936//1936 1938//1938 1885//1885
f 1822//1822 1885//1885 1994//1994
f 1937//1937 1822//1822 1994//1994
f 6145//6145 1939//1939 1994//1994
f 6151//6151 1939//1939 6145//6145
f 1886//1886 1995//1995 1943//1943
f 1941//1941 1943//1943 2059//2059
f 1886//1886 1996//1996 1995//1995
f 1887//1887 1940//1940 1702//1702
f 1996//1996 1940//1940 2128//2128
f 1708//1708 1942//1942 1943//1943
f 1942//1942 1886//1886 1943//1943
f 1838//1838 1778//1778 1944//1944
f 1896//1896 1945//1945 6152//6152
f 1945//1945 1998//1998 6152//6152
f 1946//1946 1838//1838 1944//1944
f 6153//6153 1896//1896 6161//6161
f 1944//1944 6162//6162 1946//1946
f 1999//1999 1838//1838 1946//1946
f 1999//1999 1946//1946 6162//6162
f 1893//1893 2002//2002 1948//1948
f 1897//1897 6161//6161 1896//1896
f 2068//2068 6146//6146 1899//1899
f 6146//6146 2068//2068 6163//6163
f 1842//1842 2076//2076 1839//1839
f 2007//2007 1949//1949 2006//2006
f 2009//2009 1717//1717 1950//1950
f 1717//1717 2009//2009 1847//1847
f 1848//1848 1903//1903 2079//2079
f 1951//1951 1848//1848 2080//2080
f 2080//2080 1952//1952 1951//1951
f 2083//2083 1955//1955 1953//1953
f 1957//1957 1790//1790 1851//1851
f 2143//2143 1783//1783 1958//1958
f 1783//1783 2143//2143 1959//1959
f 2074//2074 1958//1958 1898//1898
f 2074//2074 2143//2143 1958//1958
f 1960//1960 1593//1593 6155//6155
f 1962//1962 1963//1963 1961//1961
f 1960//1960 1964//1964 1899//1899
f 1960//1960 6155//6155 1965//1965
f 1965//1965 1961//1961 1963//1963
f 1965//1965 1963//1963 1962//1962
f 1962//1962 1905//1905 2013//2013
f 2012//2012 1962//1962 2013//2013
f 1915//1915 2095//2095 1914//1914
f 1796//1796 1792//1792 2155//2155
f 2014//2014 1853//1853 1966//1966
f 6147//6147 6168//6168 1967//1967
f 1908//1908 2088//2088 1909//1909
f 1968//1968 1967//1967 2018//2018
f 2023//2023 1858//1858 1857//1857
f 2023//2023 1799//1799 1858//1858
f 2236//2236 2023//2023 1857//1857
f 1805//1805 1803//1803 2016//2016
f 2016//2016 2026//2026 1805//1805
f 1971//1971 1756//1756 1970//1970
f 1863//1863 1972//1972 1862//1862
f 6156//6156 1916//1916 6141//6141
f 1971//1971 2028//2028 1863//1863
f 1916//1916 6156//6156 2110//2110
f 1972//1972 1863//1863 2028//2028
f 1917//1917 2188//2188 2029//2029
f 6157//6157 1973//1973 1864//1864
f 6157//6157 2033//2033 2032//2032
f 6157//6157 1970//1970 1973//1973
f 6157//6157 2032//2032 1970//1970
f 1973//1973 1970//1970 1756//1756
f 1926//1926 1980//1980 2040//2040
f 1926//1926 2040//2040 2123//2123
f 2038//2038 1926//1926 6178//6178
f 1978//1978 2041//2041 1979//1979
f 1926//1926 1979//1979 1980//1980
f 2041//2041 1980//1980 1979//1979
f 1978//1978 2110//2110 2034//2034
f 1978//1978 2034//2034 2041//2041
f 2035//2035 2046//2046 2048//2048
f 1983//1983 2119//2119 1981//1981
f 1984//1984 1921//1921 6159//6159
f 1921//1921 1984//1984 1983//1983
f 6159//6159 2120//2120 1984//1984
f 2037//2037 1922//1922 1985//1985
f 2120//2120 1922//1922 2037//2037
f 2037//2037 1985//1985 1977//1977
f 1868//1868 1926//1926 2038//2038
f 1986//1986 1868//1868 6170//6170
f 6170//6170 1977//1977 1986//1986
f 1993//1993 1987//1987 1994//1994
f 1994//1994 1988//1988 1928//1928
f 1994//1994 1987//1987 1988//1988
f 1993//1993 2126//2126 1987//1987
f 1928//1928 2050//2050 1927//1927
f 1929//1929 2047//2047 2046//2046
f 1931//1931 2051//2051 1887//1887
f 2051//2051 2128//2128 1887//1887
f 1931//1931 1990//1990 2054//2054
f 1931//1931 2054//2054 1989//1989
f 2051//2051 1931//1931 1989//1989
f 1932//1932 2049//2049 1991//1991
f 1991//1991 2049//2049 2292//2292
f 1990//1990 1991//1991 1992//1992
f 1992//1992 2053//2053 2052//2052
f 1992//1992 2052//2052 1990//1990
f 1991//1991 2053//2053 1992//1992
f 2053//2053 1991//1991 2292//2292
f 1890//1890 2055//2055 1883//1883
f 2214//2214 2055//2055 1889//1889
f 1936//1936 6160//6160 1938//1938
f 6151//6151 1993//1993 1939//1939
f 1939//1939 1993//1993 1994//1994
f 1941//1941 2213//2213 2067//2067
f 2059//2059 1943//1943 1995//1995
f 1995//1995 1996//1996 2060//2060
f 1887//1887 2128//2128 1940//1940
f 6164//6164 2214//2214 1947//1947
f 1997//1997 2134//2134 1895//1895
f 2065//2065 1895//1895 2134//2134
f 1997//1997 1941//1941 2134//2134
f 1941//1941 2067//2067 2135//2135
f 2069//2069 1838//1838 1999//1999
f 1999//1999 2070//2070 2069//2069
f 6163//6163 2071//2071 1999//1999
f 1999//1999 2071//2071 2070//2070
f 1838//1838 2004//2004 2003//2003
f 1898//1898 2073//2073 2074//2074
f 1898//1898 1948//1948 2073//2073
f 2065//2065 1894//1894 1895//1895
f 1894//1894 2065//2065 2002//2002
f 1964//1964 2068//2068 1899//1899
f 2068//2068 1964//1964 2075//2075
f 2003//2003 2076//2076 1842//1842
f 2003//2003 2005//2005 2076//2076
f 2004//2004 2005//2005 2003//2003
f 1839//1839 2006//2006 1949//1949
f 2077//2077 2006//2006 1839//1839
f 2009//2009 1950//1950 2224//2224
f 1902//1902 2224//2224 1950//1950
f 2007//2007 2224//2224 1902//1902
f 2009//2009 2008//2008 1847//1847
f 1847//1847 2149//2149 1903//1903
f 1903//1903 2149//2149 2079//2079
f 1952//1952 2080//2080 2081//2081
f 2081//2081 2151//2151 1952//1952
f 1952//1952 2151//2151 2000//2000
f 1954//1954 1957//1957 2152//2152
f 2083//2083 1953//1953 1954//1954
f 1957//1957 6154//6154 2010//2010
f 1964//1964 1960//1960 1965//1965
f 1964//1964 1965//1965 2084//2084
f 2011//2011 1965//1965 1962//1962
f 1965//1965 2011//2011 2084//2084
f 2309//2309 1962//1962 2012//2012
f 1907//1907 2155//2155 1906//1906
f 1904//1904 1956//1956 2082//2082
f 2086//2086 1904//1904 2082//2082
f 2156//2156 2012//2012 2013//2013
f 2014//2014 1966//1966 2159//2159
f 2013//2013 2014//2014 2158//2158
f 2014//2014 2159//2159 2087//2087
f 1909//1909 2088//2088 2090//2090
f 1908//1908 2015//2015 2088//2088
f 2092//2092 2016//2016 1912//1912
f 2026//2026 2016//2016 2168//2168
f 2016//2016 2092//2092 2168//2168
f 1969//1969 2017//2017 2170//2170
f 1912//1912 1969//1969 2170//2170
f 1912//1912 2170//2170 2093//2093
f 1915//1915 1796//1796 2155//2155
f 1908//1908 1968//1968 2019//2019
f 2018//2018 2019//2019 1968//1968
f 2015//2015 1908//1908 2019//2019
f 1966//1966 1909//1909 6183//6183
f 1967//1967 6168//6168 2018//2018
f 6168//6168 2097//2097 2018//2018
f 1856//1856 1799//1799 2020//2020
f 6167//6167 1799//1799 2023//2023
f 6168//6168 1856//1856 2021//2021
f 1856//1856 2020//2020 2021//2021
f 2020//2020 6168//6168 2021//2021
f 6168//6168 2020//2020 2024//2024
f 2235//2235 6167//6167 2023//2023
f 2025//2025 2026//2026 2163//2163
f 2183//2183 2106//2106 2032//2032
f 2032//2032 2033//2033 2183//2183
f 2032//2032 2109//2109 1970//1970
f 2109//2109 2108//2108 1970//1970
f 1970//1970 2108//2108 1971//1971
f 2027//2027 1971//1971 2108//2108
f 2108//2108 2173//2173 2027//2027
f 2027//2027 2028//2028 1971//1971
f 2028//2028 6176//6176 1972//1972
f 6176//6176 2028//2028 2100//2100
f 2029//2029 2031//2031 2030//2030
f 2030//2030 2031//2031 2101//2101
f 2101//2101 2031//2031 2114//2114
f 2029//2029 2188//2188 6177//6177
f 2029//2029 6177//6177 2031//2031
f 2034//2034 2110//2110 2117//2117
f 2117//2117 2115//2115 2034//2034
f 2035//2035 2048//2048 2256//2256
f 1975//1975 2036//2036 2112//2112
f 6158//6158 1975//1975 2188//2188
f 2112//2112 2113//2113 1975//1975
f 1975//1975 2113//2113 2188//2188
f 2039//2039 1977//1977 2038//2038
f 2039//2039 2038//2038 6178//6178
f 2040//2040 1980//1980 2041//2041
f 2040//2040 2041//2041 2042//2042
f 2042//2042 6178//6178 2040//2040
f 6178//6178 2122//2122 2039//2039
f 1977//1977 2039//2039 2201//2201
f 2122//2122 2201//2201 2039//2039
f 2041//2041 2116//2116 2043//2043
f 2042//2042 2041//2041 2043//2043
f 2042//2042 2043//2043 2044//2044
f 2044//2044 2045//2045 2042//2042
f 2042//2042 2045//2045 6178//6178
f 2116//2116 2041//2041 2034//2034
f 2046//2046 2047//2047 2125//2125
f 2052//2052 2206//2206 2054//2054
f 2049//2049 1981//1981 2119//2119
f 1984//1984 2119//2119 1983//1983
f 2120//2120 2119//2119 1984//1984
f 1987//1987 2126//2126 1988//1988
f 1936//1936 2126//2126 6160//6160
f 2131//2131 1996//1996 2128//2128
f 2054//2054 1990//1990 2052//2052
f 1989//1989 2054//2054 2051//2051
f 2054//2054 2206//2206 2286//2286
f 2286//2286 2051//2051 2054//2054
f 2055//2055 2214//2214 2132//2132
f 2056//2056 1883//1883 2055//2055
f 2056//2056 2055//2055 2132//2132
f 2056//2056 2132//2132 1883//1883
f 1936//1936 1883//1883 2057//2057
f 2067//2067 2213//2213 2135//2135
f 2059//2059 2058//2058 1941//1941
f 2213//2213 1941//1941 2058//2058
f 2060//2060 2061//2061 1995//1995
f 2061//2061 2060//2060 2062//2062
f 2060//2060 1996//1996 2062//2062
f 2061//2061 2063//2063 1995//1995
f 2063//2063 2061//2061 2062//2062
f 1996//1996 2064//2064 2062//2062
f 1996//1996 2131//2131 2064//2064
f 2062//2062 2064//2064 2127//2127
f 2064//2064 2131//2131 2127//2127
f 2062//2062 2212//2212 2063//2063
f 2063//2063 2212//2212 1995//1995
f 2002//2002 2065//2065 2066//2066
f 2066//2066 2065//2065 2134//2134
f 1941//1941 2135//2135 2134//2134
f 2218//2218 2135//2135 2213//2213
f 2137//2137 2069//2069 2070//2070
f 6163//6163 2068//2068 2071//2071
f 2070//2070 2071//2071 2137//2137
f 2068//2068 2136//2136 2071//2071
f 2001//2001 2000//2000 2214//2214
f 6154//6154 2072//2072 2010//2010
f 2072//2072 6154//6154 2145//2145
f 1948//1948 2002//2002 2073//2073
f 2073//2073 2002//2002 2066//2066
f 2073//2073 2304//2304 2074//2074
f 2073//2073 2066//2066 2216//2216
f 2004//2004 2147//2147 2005//2005
f 2076//2076 2077//2077 1839//1839
f 2148//2148 2076//2076 2005//2005
f 2076//2076 2148//2148 2077//2077
f 2006//2006 2078//2078 2007//2007
f 2006//2006 2077//2077 2078//2078
f 2224//2224 2007//2007 2078//2078
f 2224//2224 2008//2008 2009//2009
f 2149//2149 1847//1847 2008//2008
f 2008//2008 2224//2224 2149//2149
f 1848//1848 2079//2079 2150//2150
f 2150//2150 2080//2080 1848//1848
f 2149//2149 2150//2150 2079//2079
f 2150//2150 2081//2081 2080//2080
f 2150//2150 2151//2151 2081//2081
f 2010//2010 2072//2072 2142//2142
f 1957//1957 2153//2153 2152//2152
f 1957//1957 2010//2010 2142//2142
f 2153//2153 1957//1957 2142//2142
f 1964//1964 2084//2084 2075//2075
f 2154//2154 2075//2075 2084//2084
f 2011//2011 2154//2154 2084//2084
f 2154//2154 2011//2011 2085//2085
f 2309//2309 2012//2012 2156//2156
f 2011//2011 1962//1962 2309//2309
f 1907//1907 1904//1904 2155//2155
f 2156//2156 2013//2013 2158//2158
f 2161//2161 2158//2158 2014//2014
f 2234//2234 2087//2087 2159//2159
f 2015//2015 2089//2089 2088//2088
f 2019//2019 2089//2089 2015//2015
f 2019//2019 2097//2097 2089//2089
f 2090//2090 2088//2088 2089//2089
f 2090//2090 2089//2089 2162//2162
f 6183//6183 1909//1909 2160//2160
f 2160//2160 1909//1909 2090//2090
f 2160//2160 2090//2090 2162//2162
f 2097//2097 6184//6184 2089//2089
f 2163//2163 2026//2026 2164//2164
f 2091//2091 2164//2164 2026//2026
f 2026//2026 2168//2168 2091//2091
f 2166//2166 2164//2164 2091//2091
f 2092//2092 1912//1912 2093//2093
f 2017//2017 2095//2095 2170//2170
f 2092//2092 2093//2093 2094//2094
f 2093//2093 2170//2170 6172//6172
f 1915//1915 2155//2155 2096//2096
f 1915//1915 2096//2096 2095//2095
f 2019//2019 2018//2018 2097//2097
f 2097//2097 6168//6168 2098//2098
f 2173//2173 2171//2171 2027//2027
f 6169//6169 6186//6186 2184//2184
f 2099//2099 2100//2100 2028//2028
f 2033//2033 2102//2102 2183//2183
f 2033//2033 2030//2030 2102//2102
f 2030//2030 2179//2179 2102//2102
f 2183//2183 2102//2102 2179//2179
f 2114//2114 2103//2103 2101//2101
f 2101//2101 2103//2103 2105//2105
f 6190//6190 2030//2030 6174//6174
f 2178//2178 2177//2177 2104//2104
f 2104//2104 2177//2177 2114//2114
f 2114//2114 2177//2177 2103//2103
f 2032//2032 2107//2107 6175//6175
f 2032//2032 2106//2106 2107//2107
f 2106//2106 2249//2249 2107//2107
f 2107//2107 2249//2249 6175//6175
f 2109//2109 2238//2238 2108//2108
f 2108//2108 2238//2238 2173//2173
f 2027//2027 2099//2099 2028//2028
f 2099//2099 6169//6169 2185//2185
f 2184//2184 2185//2185 6169//6169
f 6176//6176 2100//2100 2254//2254
f 2110//2110 2111//2111 2117//2117
f 2112//2112 2187//2187 2113//2113
f 2187//2187 2112//2112 2036//2036
f 2113//2113 2187//2187 2188//2188
f 6177//6177 2188//2188 6173//6173
f 6173//6173 2188//2188 6189//6189
f 2030//2030 2101//2101 6174//6174
f 2034//2034 2115//2115 2116//2116
f 2117//2117 2118//2118 2115//2115
f 2118//2118 2192//2192 2115//2115
f 2115//2115 2192//2192 2116//2116
f 2191//2191 2118//2118 2117//2117
f 2118//2118 2191//2191 6194//6194
f 2119//2119 2120//2120 2194//2194
f 2119//2119 2194//2194 2209//2209
f 2194//2194 2196//2196 2209//2209
f 2037//2037 2121//2121 2120//2120
f 1977//1977 2201//2201 2037//2037
f 2201//2201 2122//2122 2202//2202
f 6178//6178 2202//2202 2122//2122
f 2121//2121 2037//2037 2278//2278
f 2045//2045 2044//2044 2203//2203
f 2203//2203 6178//6178 2045//2045
f 2203//2203 2202//2202 6178//6178
f 2116//2116 2124//2124 2043//2043
f 2203//2203 2044//2044 2043//2043
f 2203//2203 2043//2043 6179//6179
f 2046//2046 2125//2125 2265//2265
f 2046//2046 2265//2265 2048//2048
f 2286//2286 2207//2207 2051//2051
f 2206//2206 2052//2052 2208//2208
f 2209//2209 2292//2292 2049//2049
f 2208//2208 2052//2052 2053//2053
f 2049//2049 2119//2119 2209//2209
f 2050//2050 1928//1928 1988//1988
f 1988//1988 2126//2126 2050//2050
f 2126//2126 2047//2047 2050//2050
f 2047//2047 2126//2126 2204//2204
f 2062//2062 2127//2127 2212//2212
f 2127//2127 2131//2131 2212//2212
f 2051//2051 2130//2130 2128//2128
f 2129//2129 2128//2128 6180//6180
f 2131//2131 2128//2128 2129//2129
f 2282//2282 2131//2131 2129//2129
f 2282//2282 2129//2129 6180//6180
f 2207//2207 2130//2130 2051//2051
f 2057//2057 1883//1883 2132//2132
f 2210//2210 1995//1995 2212//2212
f 2059//2059 1995//1995 6198//6198
f 2211//2211 2059//2059 6198//6198
f 2211//2211 2058//2058 2059//2059
f 2066//2066 2134//2134 2133//2133
f 2216//2216 2066//2066 2215//2215
f 2134//2134 2135//2135 2219//2219
f 2134//2134 2217//2217 2133//2133
f 2135//2135 2218//2218 2219//2219
f 2220//2220 2137//2137 2071//2071
f 2068//2068 2220//2220 2136//2136
f 2136//2136 2220//2220 2071//2071
f 2068//2068 2221//2221 2220//2220
f 2220//2220 2138//2138 2137//2137
f 2220//2220 2222//2222 2138//2138
f 2004//2004 1838//1838 2139//2139
f 2140//2140 1838//1838 2069//2069
f 2137//2137 2140//2140 2069//2069
f 2140//2140 2139//2139 1838//1838
f 2137//2137 2141//2141 2140//2140
f 2137//2137 2138//2138 2141//2141
f 2151//2151 2299//2299 2000//2000
f 2142//2142 2072//2072 2146//2146
f 2152//2152 2390//2390 2227//2227
f 2072//2072 2145//2145 2144//2144
f 2143//2143 2145//2145 1959//1959
f 2146//2146 2072//2072 2144//2144
f 2145//2145 2225//2225 2144//2144
f 2300//2300 2146//2146 2144//2144
f 2143//2143 2074//2074 2305//2305
f 2073//2073 2216//2216 2304//2304
f 2075//2075 2306//2306 2068//2068
f 2139//2139 2147//2147 2004//2004
f 2147//2147 2148//2148 2005//2005
f 2148//2148 2385//2385 2077//2077
f 2147//2147 2385//2385 2148//2148
f 2224//2224 2150//2150 2149//2149
f 2086//2086 2082//2082 2307//2307
f 2307//2307 2312//2312 2086//2086
f 2082//2082 1956//1956 2229//2229
f 2082//2082 2229//2229 6217//6217
f 1955//1955 2083//2083 2227//2227
f 2227//2227 1956//1956 1955//1955
f 1956//1956 2228//2228 2229//2229
f 2083//2083 1954//1954 2227//2227
f 2152//2152 2227//2227 1954//1954
f 2075//2075 2154//2154 2306//2306
f 2155//2155 2401//2401 2402//2402
f 2310//2310 2155//2155 2402//2402
f 2155//2155 2311//2311 2401//2401
f 2233//2233 2155//2155 1904//1904
f 2155//2155 2233//2233 2311//2311
f 2233//2233 1904//1904 2086//2086
f 2233//2233 2086//2086 2312//2312
f 6165//6165 6171//6171 2157//2157
f 6166//6166 6181//6181 2161//2161
f 2156//2156 2158//2158 2313//2313
f 2161//2161 2313//2313 2158//2158
f 2558//2558 2161//2161 6181//6181
f 2020//2020 2235//2235 2024//2024
f 6168//6168 2024//2024 2235//2235
f 2235//2235 2023//2023 2236//2236
f 2237//2237 2163//2163 2164//2164
f 2166//2166 2237//2237 2164//2164
f 2025//2025 2163//2163 2165//2165
f 2167//2167 2166//2166 2091//2091
f 2169//2169 2168//2168 2092//2092
f 2092//2092 2094//2094 2410//2410
f 2170//2170 2410//2410 6172//6172
f 2095//2095 2096//2096 2310//2310
f 2170//2170 2095//2095 2410//2410
f 2096//2096 2155//2155 2310//2310
f 6175//6175 2249//2249 6201//6201
f 2172//2172 2184//2184 6186//6186
f 2171//2171 2173//2173 6187//6187
f 2173//2173 2241//2241 6187//6187
f 2173//2173 2325//2325 2241//2241
f 2099//2099 2185//2185 2100//2100
f 2100//2100 2175//2175 2176//2176
f 2100//2100 2185//2185 2175//2175
f 2174//2174 2184//2184 2172//2172
f 6192//6192 2252//2252 2175//2175
f 6188//6188 2241//2241 2174//2174
f 2176//2176 2242//2242 2100//2100
f 2176//2176 2253//2253 2242//2242
f 2175//2175 2253//2253 2176//2176
f 2100//2100 2243//2243 2254//2254
f 2103//2103 2177//2177 2105//2105
f 6189//6189 2189//2189 2244//2244
f 2105//2105 2177//2177 2180//2180
f 2105//2105 2180//2180 6191//6191
f 2180//2180 2177//2177 2181//2181
f 2182//2182 6191//6191 2180//2180
f 2178//2178 6204//6204 2177//2177
f 2179//2179 2323//2323 2183//2183
f 2248//2248 2182//2182 2180//2180
f 6191//6191 2182//2182 6222//6222
f 2248//2248 2180//2180 2181//2181
f 2182//2182 2248//2248 6223//6223
f 2183//2183 2249//2249 2106//2106
f 2183//2183 2250//2250 2249//2249
f 2183//2183 2322//2322 2250//2250
f 2185//2185 2184//2184 6205//6205
f 2175//2175 2252//2252 2253//2253
f 2110//2110 6206//6206 2111//2111
f 2186//2186 2111//2111 6206//6206
f 2186//2186 2117//2117 2111//2111
f 6193//6193 2191//2191 2117//2117
f 2255//2255 2191//2191 6193//6193
f 2191//2191 2255//2255 6194//6194
f 2036//2036 2256//2256 2187//2187
f 2036//2036 2035//2035 2256//2256
f 2187//2187 2257//2257 2188//2188
f 6189//6189 2188//2188 2189//2189
f 2190//2190 2258//2258 2202//2202
f 2190//2190 2203//2203 2365//2365
f 2258//2258 2190//2190 2365//2365
f 2116//2116 2279//2279 2124//2124
f 2203//2203 6179//6179 6214//6214
f 2279//2279 2116//2116 2193//2193
f 2116//2116 2260//2260 2193//2193
f 6195//6195 2346//2346 2259//2259
f 2192//2192 2261//2261 2116//2116
f 2116//2116 2261//2261 6209//6209
f 2048//2048 2265//2265 2268//2268
f 2196//2196 2194//2194 2195//2195
f 2195//2195 2197//2197 2198//2198
f 2194//2194 2197//2197 2195//2195
f 2197//2197 2194//2194 2199//2199
f 2196//2196 2195//2195 2198//2198
f 2209//2209 2196//2196 2370//2370
f 2198//2198 2273//2273 2196//2196
f 2198//2198 2197//2197 2273//2273
f 2273//2273 2370//2370 2196//2196
f 2194//2194 2120//2120 2274//2274
f 6197//6197 2274//2274 2200//2200
f 2199//2199 2194//2194 2276//2276
f 2199//2199 2276//2276 2197//2197
f 2276//2276 2194//2194 2200//2200
f 2274//2274 2120//2120 2275//2275
f 2201//2201 2278//2278 2037//2037
f 2190//2190 2202//2202 2203//2203
f 2202//2202 2258//2258 2201//2201
f 2203//2203 6214//6214 2365//2365
f 2047//2047 2204//2204 2125//2125
f 2205//2205 2280//2280 2125//2125
f 2204//2204 2205//2205 2125//2125
f 2265//2265 2125//2125 2266//2266
f 2208//2208 2293//2293 2206//2206
f 2368//2368 2206//2206 2293//2293
f 2208//2208 2053//2053 2292//2292
f 2293//2293 2208//2208 2292//2292
f 2132//2132 2126//2126 2057//2057
f 2212//2212 2131//2131 2294//2294
f 2131//2131 2282//2282 2294//2294
f 6180//6180 2281//2281 2282//2282
f 2295//2295 2376//2376 2132//2132
f 2058//2058 2372//2372 2377//2377
f 2058//2058 2211//2211 2372//2372
f 2377//2377 2213//2213 2058//2058
f 2215//2215 2066//2066 2133//2133
f 2218//2218 2213//2213 2219//2219
f 2221//2221 2068//2068 2306//2306
f 2220//2220 2296//2296 2222//2222
f 2221//2221 2296//2296 2220//2220
f 2138//2138 2223//2223 2141//2141
f 2138//2138 6199//6199 2223//2223
f 2000//2000 2299//2299 2214//2214
f 2300//2300 2144//2144 2225//2225
f 2146//2146 2300//2300 2301//2301
f 2146//2146 2301//2301 2142//2142
f 2153//2153 2142//2142 2301//2301
f 2390//2390 2152//2152 2153//2153
f 2225//2225 2145//2145 2302//2302
f 2302//2302 2145//2145 2226//2226
f 2225//2225 2302//2302 2300//2300
f 2145//2145 2143//2143 2226//2226
f 2143//2143 2305//2305 2226//2226
f 2391//2391 2226//2226 2305//2305
f 2488//2488 2078//2078 2077//2077
f 2488//2488 2298//2298 2078//2078
f 2078//2078 2298//2298 2224//2224
f 1956//1956 2227//2227 2230//2230
f 2229//2229 2228//2228 2396//2396
f 2227//2227 2390//2390 2230//2230
f 1956//1956 2230//2230 2228//2228
f 2154//2154 2231//2231 2306//2306
f 6200//6200 2154//2154 2085//2085
f 2085//2085 2011//2011 2232//2232
f 2232//2232 2011//2011 2309//2309
f 2232//2232 6200//6200 2085//2085
f 6200//6200 2232//2232 2309//2309
f 2313//2313 2309//2309 2156//2156
f 2498//2498 2306//2306 2231//2231
f 2311//2311 2233//2233 2403//2403
f 2233//2233 2312//2312 2404//2404
f 2087//2087 2234//2234 2317//2317
f 2234//2234 2159//2159 2314//2314
f 6171//6171 6220//6220 2315//2315
f 2314//2314 6221//6221 2234//2234
f 6171//6171 2315//2315 2157//2157
f 2315//2315 6277//6277 6182//6182
f 2313//2313 2161//2161 2558//2558
f 2160//2160 2162//2162 6183//6183
f 6183//6183 2162//2162 2316//2316
f 6183//6183 2316//2316 6218//6218
f 2162//2162 2097//2097 2098//2098
f 2500//2500 2162//2162 2098//2098
f 2319//2319 2500//2500 2098//2098
f 6168//6168 2235//2235 2098//2098
f 2098//2098 2235//2235 2320//2320
f 2098//2098 2320//2320 2319//2319
f 2166//2166 2408//2408 2237//2237
f 2025//2025 6185//6185 2236//2236
f 6185//6185 2409//2409 2236//2236
f 2165//2165 2163//2163 2409//2409
f 2409//2409 2163//2163 2237//2237
f 2169//2169 2092//2092 2410//2410
f 2168//2168 2169//2169 2321//2321
f 2410//2410 2095//2095 2310//2310
f 6201//6201 2249//2249 2240//2240
f 2173//2173 2239//2239 2325//2325
f 2238//2238 2239//2239 2173//2173
f 6202//6202 2239//2239 2238//2238
f 2249//2249 2251//2251 2240//2240
f 2174//2174 2252//2252 2184//2184
f 2339//2339 2252//2252 2241//2241
f 2174//2174 2241//2241 2252//2252
f 2241//2241 2325//2325 2339//2339
f 2339//2339 2337//2337 2252//2252
f 2242//2242 2243//2243 2100//2100
f 2244//2244 2189//2189 2329//2329
f 2246//2246 2257//2257 2245//2245
f 2257//2257 2247//2247 2245//2245
f 2245//2245 2247//2247 2246//2246
f 2247//2247 2257//2257 2187//2187
f 2246//2246 6225//6225 2189//2189
f 2330//2330 2177//2177 6204//6204
f 2244//2244 2329//2329 6226//6226
f 2248//2248 2331//2331 6223//6223
f 2248//2248 2181//2181 2331//2331
f 2331//2331 2181//2181 6227//6227
f 2181//2181 2177//2177 6227//6227
f 2183//2183 2323//2323 2322//2322
f 2323//2323 2336//2336 2322//2322
f 2249//2249 2250//2250 2251//2251
f 2251//2251 2250//2250 2322//2322
f 2252//2252 2337//2337 2253//2253
f 2337//2337 2338//2338 2253//2253
f 2338//2338 2341//2341 2253//2253
f 2242//2242 2253//2253 2341//2341
f 6207//6207 6232//6232 6196//6196
f 2186//2186 6206//6206 6208//6208
f 2242//2242 2342//2342 2243//2243
f 2342//2342 2343//2343 2243//2243
f 2256//2256 2272//2272 2412//2412
f 2187//2187 2256//2256 2412//2412
f 2412//2412 2272//2272 2517//2517
f 2246//2246 2188//2188 2257//2257
f 2246//2246 2189//2189 2188//2188
f 2260//2260 2262//2262 2193//2193
f 2261//2261 6211//6211 6209//6209
f 2193//2193 2262//2262 2349//2349
f 2279//2279 2193//2193 2349//2349
f 2259//2259 6210//6210 6195//6195
f 2259//2259 2263//2263 6210//6210
f 2346//2346 2351//2351 2259//2259
f 2264//2264 2259//2259 2351//2351
f 2264//2264 2263//2263 2259//2259
f 2350//2350 2264//2264 2351//2351
f 2350//2350 2263//2263 2264//2264
f 2265//2265 2270//2270 2268//2268
f 2265//2265 2266//2266 2270//2270
f 2266//2266 2366//2366 2355//2355
f 2256//2256 2048//2048 2267//2267
f 2048//2048 2268//2268 2267//2267
f 2269//2269 2268//2268 2270//2270
f 2269//2269 2271//2271 2268//2268
f 2268//2268 2271//2271 2267//2267
f 2267//2267 2271//2271 2272//2272
f 2269//2269 2270//2270 2271//2271
f 2267//2267 2272//2272 2256//2256
f 2197//2197 2276//2276 2453//2453
f 2197//2197 2453//2453 2356//2356
f 2197//2197 6237//6237 2273//2273
f 2273//2273 6237//6237 2370//2370
f 2274//2274 2276//2276 2200//2200
f 2274//2274 2275//2275 2357//2357
f 2274//2274 2357//2357 2358//2358
f 2274//2274 2358//2358 2276//2276
f 2276//2276 6238//6238 2453//2453
f 2275//2275 2120//2120 2359//2359
f 2359//2359 2120//2120 2277//2277
f 2363//2363 2277//2277 2120//2120
f 2120//2120 2121//2121 2363//2363
f 2278//2278 2201//2201 2258//2258
f 2121//2121 2278//2278 2364//2364
f 2364//2364 2278//2278 2258//2258
f 2266//2266 2125//2125 2366//2366
f 2130//2130 2207//2207 2281//2281
f 2286//2286 2287//2287 2207//2207
f 2207//2207 2284//2284 2281//2281
f 2282//2282 2281//2281 2283//2283
f 2283//2283 2281//2281 2284//2284
f 2282//2282 2283//2283 2374//2374
f 2207//2207 2290//2290 2284//2284
f 2374//2374 2283//2283 2285//2285
f 2283//2283 2284//2284 2285//2285
f 2284//2284 2290//2290 2285//2285
f 2285//2285 2290//2290 2367//2367
f 2286//2286 2206//2206 2289//2289
f 2287//2287 2286//2286 2288//2288
f 2286//2286 2289//2289 2288//2288
f 2289//2289 2206//2206 2470//2470
f 2207//2207 2287//2287 2290//2290
f 2288//2288 2289//2289 2291//2291
f 2291//2291 2287//2287 2288//2288
f 2289//2289 2470//2470 2291//2291
f 6215//6215 2290//2290 2287//2287
f 2368//2368 2293//2293 2472//2472
f 2209//2209 2471//2471 2292//2292
f 2292//2292 2471//2471 2369//2369
f 2293//2293 2292//2292 2369//2369
f 2057//2057 2126//2126 1936//1936
f 2372//2372 2211//2211 2371//2371
f 6198//6198 2371//2371 2211//2211
f 2294//2294 2282//2282 2374//2374
f 2214//2214 2295//2295 2132//2132
f 2376//2376 2126//2126 2132//2132
f 2214//2214 2375//2375 2295//2295
f 2377//2377 2219//2219 2213//2213
f 2378//2378 2375//2375 2214//2214
f 2217//2217 2379//2379 2133//2133
f 2215//2215 2133//2133 2379//2379
f 2217//2217 2134//2134 2381//2381
f 2379//2379 2217//2217 2381//2381
f 2134//2134 2219//2219 2480//2480
f 2296//2296 2483//2483 2222//2222
f 2223//2223 2382//2382 2141//2141
f 2140//2140 2141//2141 2382//2382
f 2139//2139 2140//2140 2297//2297
f 2139//2139 2297//2297 2147//2147
f 2077//2077 2385//2385 2488//2488
f 2299//2299 2151//2151 2388//2388
f 2299//2299 2489//2489 2490//2490
f 2390//2390 2153//2153 2301//2301
f 2226//2226 2391//2391 2302//2302
f 2300//2300 2303//2303 2301//2301
f 2302//2302 2700//2700 2300//2300
f 2390//2390 2301//2301 6216//6216
f 2300//2300 2700//2700 2303//2303
f 2074//2074 2304//2304 2305//2305
f 2304//2304 2216//2216 2491//2491
f 2216//2216 2392//2392 2491//2491
f 2216//2216 2393//2393 2392//2392
f 2221//2221 2306//2306 2296//2296
f 2498//2498 2492//2492 2306//2306
f 2224//2224 2395//2395 2150//2150
f 2312//2312 2307//2307 2308//2308
f 2308//2308 2307//2307 2404//2404
f 2308//2308 2404//2404 2312//2312
f 6217//6217 2229//2229 2396//2396
f 2396//2396 2230//2230 2390//2390
f 2230//2230 2396//2396 2228//2228
f 2396//2396 2390//2390 2397//2397
f 6200//6200 2309//2309 2398//2398
f 2402//2402 2400//2400 2310//2310
f 2403//2403 2233//2233 2404//2404
f 6219//6219 6221//6221 2314//2314
f 2162//2162 2405//2405 2316//2316
f 6221//6221 6219//6219 2318//2318
f 2318//2318 6219//6219 2405//2405
f 2320//2320 2406//2406 2319//2319
f 2320//2320 2235//2235 2406//2406
f 2500//2500 2319//2319 2406//2406
f 2235//2235 2236//2236 2502//2502
f 2167//2167 2408//2408 2166//2166
f 2167//2167 2407//2407 2408//2408
f 2237//2237 2408//2408 2409//2409
f 2091//2091 2168//2168 2504//2504
f 2168//2168 2321//2321 2504//2504
f 2503//2503 2167//2167 2091//2091
f 2503//2503 2091//2091 2504//2504
f 2169//2169 2410//2410 2321//2321
f 2421//2421 2324//2324 2240//2240
f 2326//2326 2240//2240 2324//2324
f 2422//2422 2324//2324 2421//2421
f 6224//6224 2239//2239 6202//6202
f 2239//2239 6224//6224 2325//2325
f 2325//2325 6224//6224 2425//2425
f 2326//2326 2324//2324 2327//2327
f 2328//2328 2242//2242 2341//2341
f 2187//2187 2413//2413 2247//2247
f 2246//2246 2247//2247 2416//2416
f 2247//2247 2413//2413 2416//2416
f 6228//6228 6226//6226 2332//2332
f 2329//2329 2332//2332 6226//6226
f 6225//6225 2415//2415 6229//6229
f 2416//2416 2419//2419 2246//2246
f 2246//2246 6241//6241 6225//6225
f 2332//2332 2333//2333 6228//6228
f 2332//2332 2415//2415 2333//2333
f 2331//2331 2334//2334 6223//6223
f 2333//2333 2334//2334 6228//6228
f 2335//2335 2251//2251 2322//2322
f 2334//2334 2417//2417 6223//6223
f 2418//2418 2333//2333 2415//2415
f 2322//2322 2336//2336 2335//2335
f 2336//2336 2421//2421 2335//2335
f 2335//2335 2421//2421 2251//2251
f 2421//2421 2240//2240 2251//2251
f 2325//2325 2340//2340 2339//2339
f 2341//2341 2338//2338 2337//2337
f 2340//2340 2337//2337 2339//2339
f 2242//2242 2328//2328 2342//2342
f 2344//2344 2328//2328 2341//2341
f 2344//2344 2342//2342 2328//2328
f 2343//2343 2431//2431 2243//2243
f 2343//2343 2429//2429 2431//2431
f 2344//2344 2429//2429 2342//2342
f 2342//2342 2429//2429 2343//2343
f 6206//6206 2345//2345 6208//6208
f 6232//6232 6207//6207 2345//2345
f 2435//2435 2347//2347 2254//2254
f 2435//2435 2254//2254 2243//2243
f 2345//2345 6206//6206 6233//6233
f 2431//2431 2430//2430 2243//2243
f 6203//6203 2430//2430 6249//6249
f 2345//2345 6233//6233 6232//6232
f 6232//6232 6233//6233 2348//2348
f 2435//2435 2433//2433 2347//2347
f 6233//6233 6248//6248 2434//2434
f 2348//2348 2434//2434 6232//6232
f 2348//2348 6233//6233 2434//2434
f 2272//2272 2518//2518 2517//2517
f 2349//2349 2262//2262 2354//2354
f 2350//2350 2352//2352 2263//2263
f 6234//6234 2261//2261 6212//6212
f 2261//2261 2353//2353 6211//6211
f 2261//2261 6234//6234 2353//2353
f 2262//2262 6235//6235 2354//2354
f 2350//2350 2351//2351 2514//2514
f 2350//2350 2440//2440 2352//2352
f 2444//2444 2271//2271 2270//2270
f 2270//2270 2266//2266 2444//2444
f 2444//2444 6213//6213 2445//2445
f 6213//6213 6236//6236 2445//2445
f 2355//2355 2366//2366 2451//2451
f 2280//2280 2442//2442 6239//6239
f 2442//2442 2443//2443 6239//6239
f 6239//6239 2443//2443 2451//2451
f 2272//2272 2271//2271 2518//2518
f 2449//2449 2271//2271 2444//2444
f 6237//6237 2452//2452 2370//2370
f 2356//2356 2453//2453 2454//2454
f 6237//6237 6257//6257 2452//2452
f 2357//2357 2275//2275 2359//2359
f 2357//2357 2359//2359 2360//2360
f 2359//2359 2362//2362 2360//2360
f 2357//2357 2360//2360 2358//2358
f 2363//2363 2361//2361 2277//2277
f 2277//2277 2362//2362 2359//2359
f 2362//2362 2277//2277 2361//2361
f 2363//2363 2121//2121 2364//2364
f 2458//2458 2361//2361 2363//2363
f 2364//2364 2258//2258 2462//2462
f 2365//2365 6214//6214 2463//2463
f 2279//2279 2349//2349 6258//6258
f 2205//2205 2204//2204 2280//2280
f 2280//2280 2204//2204 2527//2527
f 2280//2280 6239//6239 2125//2125
f 2285//2285 2367//2367 2374//2374
f 2470//2470 2476//2476 6215//6215
f 2290//2290 6215//6215 2476//2476
f 2476//2476 2374//2374 2367//2367
f 2367//2367 2290//2290 2476//2476
f 2206//2206 2368//2368 2470//2470
f 2472//2472 2293//2293 2369//2369
f 2370//2370 2473//2473 2209//2209
f 2126//2126 2608//2608 2204//2204
f 2377//2377 2372//2372 2533//2533
f 2212//2212 2373//2373 2210//2210
f 2371//2371 6198//6198 2373//2373
f 2532//2532 2371//2371 2373//2373
f 2372//2372 2371//2371 2532//2532
f 2212//2212 2532//2532 2373//2373
f 2532//2532 2212//2212 2474//2474
f 2212//2212 2294//2294 2474//2474
f 2294//2294 2374//2374 2475//2475
f 2474//2474 2294//2294 2475//2475
f 2477//2477 2376//2376 2295//2295
f 2478//2478 2378//2378 2214//2214
f 2216//2216 2215//2215 2393//2393
f 2134//2134 2380//2380 2381//2381
f 2379//2379 2393//2393 2215//2215
f 2381//2381 2380//2380 2479//2479
f 2219//2219 2481//2481 2480//2480
f 2383//2383 2297//2297 2140//2140
f 2483//2483 2223//2223 6199//6199
f 2382//2382 2485//2485 2383//2383
f 2483//2483 2382//2382 2223//2223
f 2140//2140 2382//2382 2383//2383
f 2485//2485 2297//2297 2383//2383
f 2382//2382 2483//2483 2485//2485
f 2384//2384 2147//2147 2297//2297
f 2384//2384 2385//2385 2147//2147
f 2484//2484 2384//2384 2297//2297
f 2484//2484 2385//2385 2384//2384
f 2298//2298 2387//2387 2224//2224
f 2224//2224 2387//2387 2386//2386
f 2386//2386 2627//2627 2394//2394
f 2386//2386 2387//2387 2627//2627
f 2387//2387 2298//2298 2539//2539
f 2540//2540 2389//2389 2151//2151
f 2299//2299 2388//2388 2489//2489
f 2389//2389 2388//2388 2151//2151
f 2389//2389 2541//2541 2388//2388
f 2490//2490 2214//2214 2299//2299
f 2303//2303 2700//2700 2701//2701
f 2390//2390 6216//6216 2701//2701
f 2397//2397 2390//2390 2631//2631
f 2302//2302 2391//2391 2700//2700
f 2305//2305 2304//2304 2491//2491
f 2391//2391 2305//2305 2491//2491
f 2392//2392 2393//2393 2491//2491
f 2306//2306 6261//6261 2296//2296
f 2626//2626 2296//2296 6261//6261
f 2394//2394 2224//2224 2386//2386
f 2224//2224 6240//6240 2395//2395
f 2150//2150 2540//2540 2151//2151
f 2396//2396 2404//2404 2307//2307
f 2397//2397 2496//2496 2396//2396
f 2398//2398 6263//6263 6200//6200
f 2313//2313 2398//2398 2309//2309
f 2398//2398 2313//2313 6263//6263
f 6263//6263 2313//2313 2554//2554
f 2310//2310 2400//2400 2399//2399
f 2402//2402 2401//2401 2560//2560
f 2400//2400 2402//2402 2559//2559
f 2318//2318 2405//2405 6221//6221
f 6221//6221 2405//2405 2499//2499
f 2315//2315 6220//6220 2499//2499
f 2405//2405 2162//2162 2500//2500
f 2406//2406 2235//2235 2502//2502
f 2236//2236 2409//2409 2502//2502
f 2321//2321 2635//2635 2504//2504
f 2408//2408 2407//2407 2567//2567
f 2321//2321 2410//2410 2635//2635
f 2336//2336 2323//2323 2424//2424
f 2422//2422 2411//2411 2324//2324
f 2324//2324 2411//2411 2327//2327
f 2423//2423 2411//2411 2422//2422
f 2423//2423 2426//2426 2411//2411
f 2327//2327 2426//2426 2326//2326
f 2412//2412 2413//2413 2187//2187
f 2412//2412 2414//2414 2413//2413
f 6225//6225 6241//6241 2415//2415
f 2417//2417 2334//2334 2420//2420
f 2420//2420 6223//6223 2417//2417
f 2334//2334 2333//2333 2420//2420
f 2418//2418 2420//2420 2333//2333
f 2420//2420 6243//6243 6223//6223
f 2336//2336 2507//2507 2421//2421
f 6245//6245 2327//2327 2411//2411
f 6242//6242 2421//2421 2423//2423
f 2507//2507 2423//2423 2421//2421
f 2326//2326 2426//2426 2511//2511
f 2427//2427 2326//2326 2509//2509
f 2423//2423 2511//2511 2426//2426
f 6246//6246 2425//2425 6224//6224
f 2509//2509 2326//2326 2511//2511
f 6246//6246 2510//2510 2425//2425
f 2425//2425 2510//2510 2428//2428
f 2425//2425 6231//6231 2325//2325
f 6247//6247 6231//6231 2425//2425
f 2337//2337 2340//2340 2341//2341
f 2341//2341 2429//2429 2344//2344
f 2430//2430 2431//2431 6249//6249
f 2429//2429 2432//2432 2431//2431
f 2341//2341 2432//2432 2429//2429
f 2433//2433 2435//2435 2436//2436
f 6250//6250 2434//2434 6248//6248
f 6249//6249 2431//2431 6251//6251
f 6250//6250 2437//2437 2434//2434
f 2434//2434 2437//2437 6232//6232
f 2431//2431 2513//2513 6251//6251
f 6250//6250 6268//6268 2437//2437
f 2346//2346 6252//6252 2514//2514
f 2351//2351 2346//2346 2514//2514
f 2513//2513 2514//2514 6252//6252
f 2438//2438 2440//2440 2350//2350
f 6234//6234 2440//2440 2353//2353
f 2514//2514 2515//2515 2350//2350
f 2438//2438 2439//2439 2440//2440
f 2350//2350 2515//2515 2438//2438
f 2440//2440 2441//2441 2468//2468
f 2439//2439 2441//2441 2440//2440
f 2439//2439 2600//2600 2441//2441
f 2598//2598 2468//2468 2441//2441
f 2443//2443 2442//2442 2451//2451
f 2442//2442 2447//2447 2451//2451
f 2447//2447 2442//2442 2448//2448
f 2444//2444 2445//2445 2446//2446
f 2444//2444 2446//2446 2449//2449
f 2450//2450 6253//6253 2445//2445
f 2447//2447 2448//2448 2521//2521
f 2445//2445 6236//6236 2450//2450
f 6254//6254 2450//2450 6256//6256
f 6236//6236 2519//2519 2450//2450
f 6256//6256 2450//2450 2522//2522
f 2447//2447 2521//2521 2451//2451
f 2355//2355 2451//2451 6270//6270
f 2450//2450 2592//2592 2522//2522
f 2519//2519 2592//2592 2450//2450
f 2449//2449 2516//2516 2271//2271
f 2516//2516 6269//6269 2271//2271
f 6256//6256 2522//2522 2516//2516
f 2370//2370 2452//2452 2473//2473
f 6257//6257 2455//2455 2452//2452
f 2360//2360 2362//2362 2456//2456
f 2360//2360 2456//2456 2524//2524
f 2360//2360 2524//2524 2358//2358
f 2462//2462 2457//2457 2364//2364
f 2458//2458 2363//2363 2457//2457
f 2363//2363 2364//2364 2457//2457
f 2459//2459 2361//2361 2458//2458
f 2458//2458 2457//2457 2460//2460
f 2361//2361 2459//2459 2362//2362
f 2461//2461 2459//2459 2458//2458
f 2460//2460 2461//2461 2458//2458
f 2524//2524 2461//2461 2460//2460
f 2459//2459 2456//2456 2362//2362
f 2456//2456 2459//2459 2461//2461
f 2456//2456 2461//2461 2524//2524
f 2462//2462 2365//2365 2525//2525
f 2462//2462 2525//2525 2457//2457
f 2258//2258 2365//2365 2462//2462
f 2365//2365 2463//2463 2464//2464
f 2525//2525 2365//2365 2464//2464
f 2465//2465 6258//6258 2349//2349
f 6258//6258 2465//2465 2466//2466
f 2463//2463 2466//2466 2464//2464
f 2467//2467 2465//2465 2349//2349
f 2464//2464 2466//2466 2525//2525
f 2467//2467 2607//2607 2465//2465
f 6235//6235 6259//6259 2354//2354
f 2353//2353 2440//2440 2468//2468
f 2349//2349 2354//2354 6259//6259
f 2528//2528 2527//2527 2204//2204
f 2280//2280 2469//2469 2442//2442
f 2469//2469 2448//2448 2442//2442
f 2527//2527 2469//2469 2280//2280
f 2470//2470 2368//2368 2472//2472
f 2476//2476 2470//2470 2529//2529
f 2470//2470 2472//2472 2529//2529
f 2369//2369 2471//2471 2472//2472
f 2472//2472 2605//2605 2529//2529
f 2529//2529 2605//2605 2602//2602
f 2471//2471 2209//2209 2473//2473
f 2473//2473 2530//2530 2471//2471
f 2473//2473 2452//2452 2531//2531
f 2452//2452 2455//2455 2531//2531
f 2372//2372 2532//2532 2533//2533
f 2374//2374 2476//2476 2611//2611
f 2475//2475 2374//2374 6299//6299
f 2474//2474 2475//2475 2610//2610
f 2376//2376 2477//2477 2126//2126
f 2477//2477 2295//2295 2375//2375
f 2477//2477 2375//2375 2848//2848
f 2379//2379 2381//2381 2393//2393
f 2773//2773 2381//2381 2479//2479
f 2380//2380 2134//2134 2482//2482
f 2134//2134 2480//2480 2482//2482
f 2380//2380 2482//2482 2479//2479
f 2482//2482 2480//2480 2481//2481
f 2481//2481 2219//2219 2377//2377
f 2482//2482 2481//2481 2855//2855
f 2614//2614 2483//2483 2296//2296
f 2485//2485 2536//2536 2297//2297
f 2536//2536 2484//2484 2297//2297
f 2485//2485 2617//2617 2536//2536
f 2617//2617 2485//2485 2483//2483
f 2484//2484 2487//2487 2385//2385
f 2487//2487 2486//2486 2385//2385
f 2385//2385 2486//2486 2488//2488
f 2487//2487 2488//2488 2486//2486
f 2298//2298 2552//2552 2539//2539
f 2150//2150 2395//2395 2540//2540
f 2388//2388 2542//2542 2489//2489
f 2490//2490 2489//2489 2542//2542
f 2388//2388 2541//2541 2542//2542
f 2214//2214 2490//2490 2544//2544
f 2390//2390 2701//2701 2631//2631
f 2391//2391 2491//2491 2624//2624
f 2393//2393 2548//2548 2491//2491
f 2498//2498 2557//2557 2492//2492
f 2492//2492 2557//2557 6305//6305
f 2488//2488 6274//6274 2298//2298
f 2394//2394 2627//2627 2495//2495
f 6240//6240 2493//2493 2395//2395
f 6240//6240 6262//6262 2494//2494
f 2494//2494 2493//2493 6240//6240
f 2494//2494 2628//2628 2493//2493
f 2494//2494 6262//6262 6306//6306
f 2493//2493 2698//2698 2395//2395
f 2397//2397 2497//2497 2496//2496
f 2497//2497 2397//2397 2631//2631
f 2497//2497 2631//2631 2496//2496
f 2631//2631 2699//2699 2496//2496
f 2705//2705 2555//2555 2313//2313
f 2555//2555 2554//2554 2313//2313
f 2705//2705 2313//2313 2558//2558
f 2310//2310 2399//2399 2410//2410
f 2868//2868 2400//2400 2559//2559
f 2399//2399 2400//2400 6404//6404
f 2311//2311 2403//2403 2560//2560
f 2311//2311 2560//2560 2401//2401
f 2402//2402 2560//2560 2716//2716
f 2405//2405 2561//2561 2499//2499
f 2500//2500 2406//2406 2632//2632
f 2406//2406 2502//2502 2501//2501
f 2406//2406 2501//2501 2562//2562
f 2407//2407 2167//2167 2566//2566
f 2167//2167 2503//2503 2566//2566
f 2407//2407 2566//2566 2567//2567
f 2408//2408 2567//2567 2565//2565
f 2409//2409 2408//2408 2565//2565
f 2503//2503 2568//2568 2566//2566
f 2568//2568 2503//2503 2504//2504
f 2410//2410 2399//2399 2635//2635
f 2414//2414 2571//2571 2637//2637
f 2412//2412 2517//2517 2720//2720
f 2414//2414 2412//2412 2571//2571
f 2413//2413 2414//2414 2570//2570
f 2414//2414 2637//2637 2570//2570
f 2569//2569 2419//2419 2416//2416
f 2413//2413 2570//2570 2416//2416
f 2415//2415 2575//2575 2418//2418
f 2415//2415 2505//2505 2575//2575
f 2569//2569 2416//2416 6279//6279
f 2420//2420 2506//2506 6243//6243
f 2420//2420 2418//2418 2575//2575
f 2575//2575 2578//2578 2420//2420
f 2575//2575 2505//2505 2573//2573
f 2415//2415 2572//2572 2505//2505
f 2506//2506 2577//2577 6243//6243
f 2506//2506 2420//2420 2577//2577
f 6230//6230 2508//2508 6264//6264
f 6244//6244 6282//6282 2508//2508
f 6244//6244 2508//2508 6230//6230
f 2420//2420 2578//2578 2577//2577
f 2423//2423 2507//2507 2511//2511
f 2507//2507 2587//2587 2511//2511
f 6282//6282 2579//2579 2508//2508
f 2509//2509 2512//2512 2427//2427
f 2509//2509 2511//2511 6267//6267
f 2427//2427 2512//2512 6266//6266
f 2587//2587 2582//2582 2511//2511
f 2582//2582 6267//6267 2511//2511
f 2512//2512 6286//6286 6266//6266
f 2581//2581 2428//2428 2510//2510
f 2588//2588 2428//2428 2581//2581
f 2432//2432 2341//2341 2738//2738
f 2431//2431 2432//2432 2589//2589
f 2738//2738 2589//2589 2432//2432
f 2583//2583 2513//2513 2431//2431
f 2583//2583 2514//2514 2513//2513
f 2514//2514 2584//2584 2515//2515
f 6269//6269 2516//2516 2718//2718
f 6289//6289 6231//6231 6247//6247
f 2441//2441 2600//2600 2598//2598
f 2515//2515 2439//2439 2438//2438
f 2439//2439 2590//2590 2600//2600
f 2451//2451 2520//2520 6270//6270
f 2520//2520 2451//2451 2521//2521
f 2520//2520 2521//2521 6270//6270
f 2521//2521 2523//2523 6270//6270
f 2448//2448 2660//2660 2657//2657
f 2523//2523 6291//6291 6270//6270
f 2521//2521 2657//2657 2523//2523
f 2523//2523 2657//2657 6291//6291
f 2448//2448 2657//2657 2521//2521
f 2522//2522 2592//2592 2594//2594
f 2454//2454 2453//2453 2595//2595
f 2455//2455 6257//6257 6293//6293
f 2597//2597 2595//2595 2453//2453
f 6238//6238 2763//2763 2453//2453
f 2358//2358 2524//2524 6352//6352
f 2524//2524 2460//2460 2525//2525
f 2460//2460 2457//2457 2525//2525
f 2607//2607 2466//2466 2465//2465
f 2467//2467 2349//2349 2526//2526
f 6259//6259 2526//2526 2349//2349
f 2467//2467 2599//2599 2607//2607
f 2467//2467 2526//2526 2599//2599
f 2466//2466 2607//2607 2525//2525
f 2526//2526 6259//6259 2599//2599
f 6259//6259 2598//2598 2599//2599
f 2608//2608 2528//2528 2204//2204
f 2469//2469 2601//2601 2448//2448
f 2469//2469 2527//2527 2601//2601
f 2529//2529 2602//2602 2673//2673
f 2530//2530 2604//2604 2471//2471
f 6298//6298 2472//2472 2471//2471
f 2473//2473 2531//2531 2530//2530
f 6293//6293 2606//2606 2455//2455
f 2455//2455 2606//2606 2531//2531
f 2532//2532 2609//2609 2675//2675
f 2532//2532 2474//2474 2610//2610
f 2475//2475 6299//6299 2610//2610
f 2532//2532 2610//2610 2609//2609
f 6299//6299 2613//2613 2610//2610
f 2477//2477 2674//2674 2126//2126
f 2126//2126 2674//2674 2608//2608
f 2533//2533 2534//2534 2377//2377
f 2377//2377 2534//2534 2481//2481
f 2683//2683 2534//2534 2533//2533
f 2481//2481 2534//2534 2684//2684
f 2533//2533 2532//2532 2675//2675
f 2378//2378 2848//2848 2375//2375
f 2381//2381 2551//2551 2393//2393
f 2479//2479 2482//2482 2773//2773
f 2551//2551 2381//2381 2773//2773
f 2773//2773 2482//2482 2855//2855
f 2481//2481 2685//2685 2855//2855
f 2614//2614 2296//2296 2535//2535
f 2614//2614 2617//2617 2483//2483
f 2296//2296 2626//2626 2535//2535
f 2487//2487 2484//2484 2537//2537
f 2537//2537 2484//2484 2536//2536
f 2488//2488 2487//2487 2537//2537
f 2488//2488 2537//2537 2538//2538
f 2536//2536 2615//2615 2537//2537
f 2615//2615 2538//2538 2537//2537
f 2538//2538 2618//2618 2488//2488
f 2538//2538 2615//2615 2618//2618
f 2488//2488 2618//2618 2620//2620
f 2553//2553 2488//2488 2689//2689
f 2620//2620 2689//2689 2488//2488
f 2543//2543 6273//6273 2389//2389
f 2389//2389 2540//2540 2543//2543
f 2541//2541 2543//2543 2542//2542
f 2545//2545 2623//2623 6260//6260
f 2490//2490 2623//2623 2544//2544
f 2544//2544 2623//2623 2214//2214
f 2546//2546 2490//2490 2542//2542
f 6260//6260 2546//2546 2545//2545
f 2542//2542 2691//2691 2546//2546
f 2545//2545 2546//2546 2623//2623
f 2623//2623 2478//2478 2214//2214
f 2547//2547 2700//2700 2391//2391
f 2547//2547 2704//2704 2700//2700
f 2391//2391 2624//2624 2704//2704
f 2391//2391 2704//2704 2547//2547
f 2548//2548 2393//2393 2549//2549
f 2549//2549 2393//2393 2551//2551
f 2548//2548 2549//2549 2550//2550
f 2548//2548 2550//2550 2491//2491
f 2550//2550 2549//2549 2551//2551
f 2491//2491 2550//2550 2625//2625
f 2491//2491 2625//2625 6304//6304
f 2550//2550 2551//2551 2694//2694
f 2694//2694 2625//2625 2550//2550
f 2553//2553 6274//6274 2488//2488
f 2696//2696 6274//6274 2553//2553
f 2552//2552 2944//2944 2539//2539
f 2696//2696 2553//2553 2689//2689
f 2493//2493 2628//2628 2698//2698
f 2628//2628 2495//2495 2627//2627
f 2698//2698 2630//2630 2395//2395
f 2630//2630 2540//2540 2395//2395
f 2690//2690 2540//2540 2630//2630
f 2496//2496 2699//2699 2708//2708
f 2556//2556 2555//2555 6329//6329
f 2554//2554 2555//2555 2556//2556
f 6263//6263 2554//2554 6276//6276
f 6276//6276 2554//2554 6275//6275
f 6277//6277 2315//2315 2706//2706
f 2706//2706 2705//2705 2558//2558
f 2560//2560 2403//2403 2404//2404
f 2396//2396 2707//2707 2404//2404
f 2405//2405 2500//2500 2561//2561
f 2500//2500 2632//2632 2561//2561
f 2502//2502 2409//2409 2564//2564
f 2562//2562 2501//2501 2563//2563
f 2563//2563 2501//2501 2634//2634
f 2501//2501 2502//2502 2634//2634
f 2564//2564 2634//2634 2502//2502
f 2406//2406 2562//2562 2632//2632
f 2562//2562 2563//2563 2632//2632
f 2565//2565 2564//2564 2409//2409
f 2711//2711 2568//2568 2504//2504
f 2566//2566 2568//2568 2711//2711
f 2504//2504 2635//2635 2711//2711
f 2714//2714 2713//2713 2399//2399
f 2715//2715 2868//2868 2559//2559
f 2585//2585 2636//2636 2571//2571
f 6241//6241 2572//2572 2415//2415
f 6241//6241 6278//6278 2572//2572
f 2505//2505 2572//2572 2573//2573
f 6278//6278 2641//2641 2572//2572
f 2573//2573 2576//2576 2575//2575
f 2574//2574 2569//2569 6279//6279
f 2574//2574 6310//6310 2569//2569
f 2572//2572 2576//2576 2573//2573
f 6279//6279 6307//6307 2574//2574
f 6280//6280 6311//6311 6281//6281
f 2576//2576 2640//2640 2575//2575
f 2577//2577 2580//2580 6283//6283
f 2577//2577 2578//2578 2580//2580
f 2580//2580 2647//2647 6283//6283
f 2647//2647 2580//2580 2578//2578
f 2508//2508 2651//2651 6264//6264
f 2508//2508 2579//2579 2651//2651
f 6266//6266 6286//6286 6285//6285
f 6285//6285 6286//6286 2586//2586
f 6289//6289 6285//6285 2586//2586
f 6287//6287 2431//2431 2589//2589
f 2584//2584 2514//2514 2583//2583
f 2584//2584 2649//2649 2515//2515
f 2741//2741 2654//2654 2583//2583
f 2583//2583 2654//2654 2584//2584
f 6315//6315 2584//2584 2648//2648
f 2584//2584 2654//2654 2648//2648
f 2522//2522 2593//2593 2516//2516
f 2593//2593 2662//2662 2516//2516
f 2517//2517 2518//2518 2719//2719
f 6269//6269 2718//2718 2719//2719
f 2516//2516 2662//2662 2718//2718
f 2719//2719 2720//2720 2517//2517
f 2571//2571 2412//2412 2585//2585
f 2587//2587 6288//6288 2582//2582
f 2652//2652 6288//6288 2587//2587
f 2507//2507 2652//2652 2587//2587
f 2586//2586 6318//6318 6289//6289
f 6289//6289 2750//2750 6231//6231
f 2589//2589 6337//6337 6287//6287
f 2515//2515 2591//2591 2439//2439
f 6290//6290 2439//2439 2591//2591
f 2591//2591 2655//2655 6290//6290
f 2600//2600 2590//2590 2656//2656
f 2448//2448 2761//2761 2660//2660
f 2522//2522 2594//2594 6292//6292
f 2594//2594 2662//2662 6292//6292
f 2662//2662 2594//2594 2658//2658
f 2658//2658 2594//2594 2592//2592
f 6294//6294 6295//6295 2596//2596
f 6294//6294 2596//2596 2669//2669
f 6296//6296 2453//2453 2763//2763
f 2524//2524 2525//2525 6352//6352
f 2598//2598 2664//2664 2599//2599
f 2656//2656 2598//2598 2600//2600
f 2605//2605 2603//2603 2602//2602
f 2602//2602 2603//2603 2673//2673
f 2603//2603 2605//2605 2673//2673
f 2605//2605 2472//2472 6298//6298
f 2530//2530 2531//2531 2606//2606
f 6323//6323 2606//2606 6293//6293
f 2606//2606 6323//6323 2670//2670
f 2606//2606 2670//2670 2668//2668
f 2669//2669 2596//2596 2762//2762
f 2596//2596 6295//6295 2762//2762
f 2599//2599 2671//2671 2607//2607
f 2611//2611 2476//2476 2612//2612
f 2613//2613 6299//6299 6300//6300
f 2476//2476 2678//2678 2612//2612
f 2680//2680 2613//2613 2681//2681
f 2613//2613 6300//6300 2681//2681
f 2680//2680 2610//2610 2613//2613
f 2476//2476 2529//2529 2678//2678
f 2529//2529 2673//2673 2678//2678
f 2674//2674 2477//2477 2848//2848
f 2610//2610 2676//2676 2609//2609
f 2378//2378 2478//2478 2769//2769
f 2534//2534 2683//2683 2684//2684
f 2774//2774 2614//2614 2535//2535
f 6301//6301 2615//2615 2536//2536
f 2616//2616 2615//2615 6301//6301
f 2616//2616 2618//2618 2615//2615
f 2686//2686 2616//2616 6301//6301
f 2942//2942 2614//2614 2774//2774
f 2616//2616 2619//2619 2618//2618
f 2619//2619 2621//2621 2618//2618
f 6302//6302 6303//6303 2620//2620
f 2686//2686 2619//2619 2616//2616
f 2620//2620 6303//6303 2622//2622
f 2686//2686 2688//2688 2619//2619
f 2619//2619 2688//2688 2621//2621
f 2688//2688 2687//2687 2621//2621
f 6303//6303 2687//2687 2622//2622
f 2539//2539 2945//2945 2627//2627
f 2542//2542 2543//2543 2691//2691
f 2540//2540 2691//2691 2543//2543
f 2546//2546 2691//2691 2623//2623
f 2703//2703 2704//2704 2624//2624
f 2694//2694 2702//2702 2625//2625
f 2625//2625 2702//2702 6304//6304
f 2624//2624 2702//2702 2703//2703
f 2627//2627 2387//2387 2539//2539
f 2628//2628 2627//2627 2629//2629
f 6330//6330 6276//6276 6275//6275
f 2706//2706 2315//2315 2499//2499
f 2402//2402 2716//2716 2559//2559
f 2560//2560 2404//2404 2778//2778
f 2707//2707 2778//2778 2404//2404
f 2396//2396 2496//2496 2707//2707
f 2708//2708 2707//2707 2496//2496
f 2632//2632 2563//2563 2634//2634
f 2564//2564 2633//2633 2634//2634
f 2564//2564 2565//2565 2785//2785
f 2633//2633 2780//2780 2634//2634
f 2780//2780 2633//2633 2564//2564
f 2567//2567 2709//2709 2565//2565
f 2565//2565 2709//2709 2710//2710
f 2565//2565 2710//2710 2785//2785
f 2785//2785 2710//2710 2784//2784
f 2566//2566 2711//2711 2712//2712
f 2567//2567 2566//2566 6332//6332
f 2635//2635 2399//2399 2713//2713
f 2636//2636 2638//2638 2571//2571
f 2571//2571 2639//2639 2637//2637
f 2724//2724 2638//2638 2636//2636
f 2640//2640 2643//2643 2575//2575
f 6281//6281 6311//6311 6309//6309
f 6310//6310 2574//2574 2727//2727
f 2727//2727 2574//2574 2642//2642
f 2637//2637 2642//2642 2574//2574
f 2639//2639 2642//2642 2637//2637
f 2639//2639 2721//2721 2642//2642
f 2578//2578 2575//2575 2643//2643
f 2578//2578 2643//2643 2730//2730
f 2644//2644 2643//2643 2640//2640
f 2643//2643 2644//2644 2730//2730
f 6309//6309 6311//6311 2645//2645
f 6312//6312 6309//6309 2645//2645
f 6310//6310 2727//2727 2646//2646
f 6311//6311 6313//6313 2645//2645
f 2727//2727 2726//2726 2646//2646
f 2578//2578 6335//6335 2647//2647
f 2649//2649 2591//2591 2515//2515
f 2790//2790 2591//2591 2649//2649
f 2662//2662 2746//2746 2718//2718
f 2650//2650 2636//2636 2585//2585
f 2412//2412 2720//2720 2585//2585
f 2650//2650 2720//2720 2636//2636
f 2585//2585 2720//2720 2650//2650
f 2571//2571 2638//2638 6308//6308
f 2638//2638 2721//2721 6308//6308
f 6333//6333 2722//2722 2638//2638
f 2722//2722 2721//2721 2638//2638
f 6316//6316 6319//6319 6265//6265
f 6317//6317 6284//6284 6314//6314
f 2818//2818 2733//2733 6335//6335
f 6335//6335 2733//2733 2647//2647
f 6341//6341 2341//2341 2340//2340
f 6341//6341 2735//2735 2341//2341
f 2341//2341 2735//2735 2740//2740
f 2341//2341 2740//2740 2653//2653
f 2341//2341 2653//2653 2738//2738
f 2589//2589 2739//2739 6337//6337
f 2655//2655 2656//2656 2590//2590
f 2655//2655 2922//2922 2656//2656
f 2742//2742 2591//2591 2790//2790
f 2922//2922 2655//2655 2815//2815
f 2742//2742 2655//2655 2591//2591
f 2815//2815 2655//2655 2742//2742
f 2657//2657 2660//2660 2661//2661
f 6291//6291 2657//2657 6321//6321
f 6321//6321 2657//2657 2659//2659
f 6321//6321 2659//2659 2663//2663
f 2659//2659 2657//2657 2743//2743
f 2743//2743 2657//2657 2661//2661
f 2658//2658 2663//2663 2662//2662
f 2659//2659 2743//2743 2663//2663
f 2743//2743 2747//2747 2663//2663
f 2671//2671 2599//2599 2664//2664
f 2665//2665 2598//2598 2656//2656
f 2664//2664 2598//2598 2665//2665
f 2664//2664 2665//2665 2752//2752
f 2756//2756 2528//2528 2764//2764
f 2754//2754 2601//2601 2527//2527
f 2601//2601 2754//2754 2448//2448
f 2666//2666 2448//2448 2754//2754
f 2448//2448 2753//2753 2761//2761
f 6255//6255 6322//6322 6343//6343
f 2660//2660 2761//2761 2744//2744
f 2605//2605 6298//6298 2667//2667
f 2530//2530 2606//2606 2668//2668
f 2604//2604 2530//2530 2667//2667
f 2605//2605 2667//2667 2926//2926
f 2926//2926 2667//2667 2766//2766
f 2766//2766 2667//2667 2530//2530
f 2668//2668 2766//2766 2530//2530
f 6323//6323 6351//6351 2670//2670
f 2668//2668 2670//2670 2766//2766
f 6351//6351 2766//2766 2670//2670
f 6351//6351 6297//6297 6352//6352
f 6352//6352 2525//2525 2840//2840
f 2525//2525 2607//2607 2840//2840
f 2671//2671 2672//2672 2607//2607
f 2671//2671 2664//2664 2672//2672
f 2672//2672 2664//2664 2752//2752
f 2528//2528 2608//2608 2930//2930
f 2528//2528 2930//2930 2764//2764
f 2608//2608 2767//2767 2768//2768
f 2674//2674 2767//2767 2608//2608
f 2679//2679 2676//2676 2610//2610
f 6325//6325 2679//2679 2610//2610
f 2676//2676 2679//2679 2677//2677
f 2609//2609 2676//2676 2677//2677
f 2675//2675 2609//2609 2677//2677
f 6326//6326 2612//2612 2678//2678
f 2679//2679 6325//6325 2682//2682
f 2679//2679 2682//2682 2677//2677
f 6326//6326 2682//2682 6325//6325
f 2481//2481 2684//2684 2685//2685
f 2684//2684 2683//2683 2933//2933
f 6328//6328 2617//2617 2614//2614
f 2622//2622 2687//2687 2620//2620
f 2614//2614 2937//2937 6328//6328
f 2686//2686 6468//6468 2688//2688
f 2688//2688 6468//6468 2687//2687
f 2620//2620 2687//2687 2851//2851
f 2691//2691 2692//2692 2623//2623
f 2478//2478 2623//2623 2693//2693
f 2694//2694 2695//2695 2702//2702
f 2694//2694 2772//2772 2695//2695
f 2695//2695 2772//2772 2702//2702
f 2773//2773 2694//2694 2551//2551
f 2535//2535 2626//2626 2774//2774
f 6357//6357 6305//6305 2950//2950
f 2697//2697 2628//2628 2629//2629
f 2697//2697 2947//2947 2628//2628
f 2947//2947 2697//2697 2629//2629
f 2690//2690 2630//2630 2698//2698
f 2690//2690 2698//2698 2775//2775
f 2698//2698 2628//2628 2947//2947
f 2699//2699 2631//2631 2701//2701
f 2700//2700 3040//3040 2701//2701
f 2703//2703 2702//2702 2704//2704
f 2557//2557 2705//2705 6305//6305
f 2705//2705 2706//2706 2950//2950
f 2705//2705 2950//2950 6305//6305
f 2499//2499 2561//2561 2860//2860
f 2716//2716 2560//2560 2779//2779
f 2632//2632 2634//2634 2780//2780
f 2567//2567 6332//6332 6331//6331
f 2709//2709 2783//2783 2710//2710
f 2781//2781 2564//2564 2785//2785
f 6332//6332 2782//2782 6331//6331
f 2713//2713 2786//2786 2635//2635
f 2559//2559 2968//2968 2715//2715
f 2716//2716 3306//3306 2559//2559
f 2723//2723 2722//2722 6333//6333
f 6312//6312 2645//2645 6313//6313
f 2731//2731 6336//6336 6312//6312
f 2648//2648 2787//2787 6315//6315
f 2654//2654 2787//2787 2648//2648
f 2790//2790 2717//2717 2742//2742
f 6315//6315 2788//2788 6367//6367
f 2787//2787 2788//2788 6315//6315
f 2720//2720 2719//2719 2792//2792
f 2791//2791 2720//2720 2792//2792
f 2718//2718 2816//2816 2719//2719
f 2720//2720 2725//2725 2636//2636
f 2723//2723 2721//2721 2722//2722
f 2729//2729 2721//2721 2723//2723
f 2724//2724 2636//2636 2725//2725
f 2726//2726 2732//2732 2646//2646
f 2642//2642 2797//2797 2727//2727
f 2726//2726 2727//2727 2728//2728
f 2728//2728 2732//2732 2726//2726
f 2727//2727 2797//2797 2728//2728
f 2729//2729 2801//2801 2721//2721
f 2721//2721 2801//2801 2642//2642
f 2725//2725 2794//2794 2724//2724
f 2723//2723 6333//6333 2793//2793
f 6368//6368 6334//6334 2794//2794
f 2793//2793 2729//2729 2723//2723
f 6312//6312 6313//6313 2731//2731
f 2804//2804 2646//2646 2732//2732
f 2728//2728 2798//2798 2732//2732
f 2728//2728 2797//2797 2798//2798
f 2803//2803 6373//6373 2732//2732
f 6335//6335 2819//2819 2818//2818
f 6313//6313 6374//6374 2731//2731
f 6336//6336 2731//2731 2819//2819
f 2819//2819 2731//2731 6374//6374
f 6314//6314 2734//2734 6317//6317
f 2806//2806 2734//2734 6314//6314
f 6375//6375 2647//2647 2733//2733
f 6316//6316 2749//2749 6319//6319
f 2749//2749 2817//2817 6319//6319
f 6317//6317 2734//2734 6340//6340
f 2734//2734 6376//6376 6340//6340
f 2740//2740 2735//2735 2736//2736
f 2737//2737 2736//2736 2735//2735
f 2737//2737 2735//2735 2751//2751
f 2740//2740 2738//2738 2653//2653
f 2738//2738 2739//2739 2589//2589
f 2738//2738 2740//2740 2739//2739
f 2739//2739 2814//2814 6337//6337
f 2811//2811 2813//2813 2739//2739
f 2739//2739 2813//2813 6383//6383
f 2654//2654 2741//2741 2899//2899
f 2745//2745 2747//2747 2743//2743
f 2743//2743 2661//2661 2745//2745
f 2661//2661 2660//2660 2744//2744
f 2661//2661 2744//2744 2745//2745
f 2663//2663 2746//2746 2662//2662
f 2663//2663 2747//2747 2746//2746
f 2900//2900 2746//2746 2747//2747
f 2817//2817 2748//2748 6318//6318
f 6318//6318 2748//2748 6289//6289
f 2820//2820 6289//6289 2748//2748
f 2749//2749 3081//3081 2817//2817
f 2911//2911 2748//2748 2817//2817
f 6289//6289 2820//2820 2750//2750
f 2748//2748 6449//6449 2820//2820
f 2821//2821 2750//2750 2820//2820
f 2823//2823 2821//2821 2820//2820
f 2751//2751 2829//2829 2737//2737
f 2829//2829 2827//2827 2737//2737
f 2737//2737 6389//6389 2736//2736
f 2656//2656 2922//2922 2665//2665
f 2922//2922 2838//2838 2665//2665
f 2527//2527 2528//2528 2754//2754
f 2754//2754 2757//2757 2666//2666
f 6322//6322 3007//3007 6343//6343
f 2755//2755 2757//2757 2754//2754
f 6344//6344 2754//2754 2528//2528
f 6345//6345 6271//6271 2756//2756
f 2758//2758 6345//6345 2756//2756
f 6348//6348 6347//6347 6346//6346
f 2756//2756 2765//2765 2760//2760
f 2758//2758 2756//2756 2760//2760
f 2760//2760 6353//6353 3232//3232
f 6348//6348 2759//2759 6347//6347
f 2757//2757 6349//6349 2666//2666
f 2758//2758 2760//2760 6350//6350
f 6350//6350 2760//2760 3232//3232
f 2761//2761 2753//2753 3007//3007
f 2744//2744 2761//2761 2839//2839
f 6351//6351 2927//2927 2766//2766
f 2931//2931 2764//2764 2930//2930
f 2931//2931 3232//3232 2764//2764
f 2765//2765 2756//2756 2764//2764
f 3232//3232 6353//6353 2764//2764
f 2673//2673 2842//2842 2678//2678
f 2926//2926 2673//2673 2605//2605
f 2673//2673 2926//2926 3019//3019
f 2926//2926 2766//2766 2927//2927
f 2840//2840 2607//2607 2843//2843
f 2930//2930 2608//2608 2768//2768
f 2768//2768 2767//2767 2930//2930
f 2677//2677 2682//2682 2936//2936
f 2677//2677 2936//2936 2675//2675
f 6326//6326 2678//2678 2936//2936
f 2682//2682 6326//6326 2936//2936
f 2678//2678 2844//2844 2936//2936
f 2769//2769 2478//2478 2771//2771
f 3023//3023 2674//2674 2848//2848
f 2770//2770 2848//2848 2378//2378
f 2378//2378 2769//2769 2770//2770
f 2933//2933 2685//2685 2684//2684
f 6272//6272 2934//2934 6327//6327
f 2675//2675 2849//2849 2533//2533
f 6467//6467 2533//2533 2849//2849
f 2937//2937 2614//2614 2942//2942
f 2620//2620 2851//2851 2689//2689
f 2539//2539 2944//2944 2945//2945
f 2691//2691 2938//2938 2692//2692
f 2691//2691 2948//2948 2938//2938
f 2623//2623 2771//2771 2693//2693
f 2693//2693 2771//2771 2478//2478
f 2694//2694 3133//3133 2772//2772
f 2945//2945 2856//2856 2627//2627
f 2629//2629 2627//2627 2856//2856
f 2699//2699 2701//2701 2776//2776
f 2776//2776 2701//2701 2857//2857
f 2701//2701 3040//3040 2857//2857
f 2858//2858 2704//2704 2702//2702
f 2772//2772 2858//2858 2702//2702
f 2858//2858 2859//2859 2704//2704
f 2772//2772 3133//3133 2858//2858
f 2499//2499 2777//2777 2706//2706
f 2777//2777 2499//2499 2860//2860
f 2561//2561 2632//2632 2860//2860
f 2779//2779 2560//2560 2778//2778
f 2779//2779 2778//2778 2861//2861
f 2952//2952 2707//2707 3037//3037
f 2707//2707 2708//2708 3037//3037
f 2781//2781 2780//2780 2564//2564
f 2632//2632 2780//2780 2860//2860
f 2781//2781 2785//2785 2960//2960
f 6331//6331 2782//2782 6360//6360
f 6360//6360 2782//2782 2864//2864
f 2710//2710 2783//2783 2784//2784
f 2712//2712 2711//2711 2866//2866
f 2782//2782 6332//6332 6403//6403
f 2864//2864 2782//2782 6403//6403
f 2866//2866 2711//2711 2867//2867
f 2711//2711 2635//2635 2867//2867
f 2784//2784 2783//2783 2865//2865
f 6361//6361 6401//6401 6402//6402
f 2866//2866 2867//2867 2962//2962
f 2714//2714 2399//2399 2868//2868
f 2713//2713 2714//2714 2868//2868
f 2715//2715 2968//2968 2868//2868
f 2559//2559 3306//3306 2968//2968
f 2716//2716 2779//2779 2869//2869
f 2789//2789 6362//6362 6320//6320
f 6366//6366 6364//6364 6363//6363
f 2872//2872 6364//6364 6366//6366
f 2654//2654 2872//2872 6366//6366
f 2790//2790 2878//2878 2717//2717
f 2792//2792 2719//2719 2816//2816
f 2796//2796 2725//2725 2720//2720
f 2791//2791 2795//2795 2720//2720
f 2720//2720 2795//2795 2796//2796
f 2792//2792 2795//2795 2791//2791
f 2795//2795 2792//2792 2903//2903
f 2729//2729 2793//2793 2802//2802
f 2729//2729 6372//6372 2801//2801
f 2800//2800 2802//2802 2793//2793
f 6370//6370 6368//6368 2794//2794
f 2725//2725 2796//2796 2794//2794
f 2794//2794 2796//2796 2987//2987
f 2796//2796 2795//2795 2903//2903
f 2803//2803 2732//2732 2798//2798
f 2799//2799 2798//2798 2797//2797
f 2801//2801 2799//2799 2797//2797
f 6369//6369 2803//2803 2798//2798
f 2642//2642 2801//2801 2797//2797
f 2879//2879 6370//6370 2794//2794
f 2801//2801 2805//2805 2799//2799
f 2879//2879 6372//6372 6371//6371
f 2904//2904 6373//6373 2803//2803
f 6369//6369 2805//2805 2803//2803
f 2803//2803 2805//2805 2904//2904
f 6385//6385 6375//6375 2733//2733
f 2808//2808 2807//2807 6377//6377
f 6340//6340 6376//6376 6378//6378
f 6378//6378 6518//6518 6340//6340
f 6379//6379 6380//6380 6519//6519
f 2808//2808 6377//6377 6386//6386
f 2809//2809 2812//2812 2740//2740
f 2739//2739 2740//2740 2811//2811
f 2812//2812 2810//2810 2740//2740
f 2812//2812 2811//2811 2810//2810
f 2740//2740 2810//2810 2811//2811
f 2839//2839 2745//2745 2744//2744
f 2901//2901 2745//2745 2839//2839
f 2747//2747 2745//2745 2900//2900
f 2901//2901 2900//2900 2745//2745
f 2746//2746 2900//2900 2718//2718
f 2718//2718 2900//2900 2816//2816
f 2792//2792 2816//2816 2902//2902
f 6381//6381 6387//6387 6520//6520
f 2818//2818 2998//2998 6521//6521
f 2819//2819 2998//2998 2818//2818
f 2817//2817 3081//3081 2911//2911
f 2823//2823 2820//2820 6449//6449
f 2751//2751 2735//2735 6341//6341
f 2833//2833 2832//2832 6341//6341
f 6388//6388 2822//2822 6342//6342
f 2833//2833 6341//6341 2822//2822
f 2826//2826 2833//2833 2822//2822
f 2821//2821 2823//2823 2824//2824
f 2822//2822 6388//6388 2825//2825
f 2821//2821 2824//2824 2825//2825
f 2822//2822 2825//2825 2908//2908
f 2822//2822 2908//2908 2826//2826
f 2908//2908 2907//2907 2826//2826
f 2825//2825 2824//2824 2909//2909
f 2824//2824 2823//2823 2909//2909
f 2909//2909 2908//2908 2825//2825
f 6447//6447 2912//2912 2826//2826
f 2827//2827 2829//2829 2830//2830
f 2809//2809 2740//2740 2736//2736
f 2828//2828 6382//6382 2736//2736
f 2828//2828 2812//2812 6382//6382
f 6391//6391 2736//2736 6389//6389
f 2751//2751 2832//2832 2831//2831
f 2751//2751 2831//2831 6390//6390
f 2835//2835 2812//2812 2828//2828
f 2751//2751 6341//6341 2832//2832
f 2736//2736 6391//6391 2828//2828
f 2835//2835 2828//2828 6391//6391
f 2836//2836 2830//2830 2829//2829
f 6396//6396 2835//2835 6392//6392
f 2916//2916 2831//2831 2832//2832
f 2831//2831 6397//6397 6390//6390
f 2826//2826 2834//2834 2833//2833
f 2833//2833 2834//2834 2832//2832
f 2916//2916 2832//2832 6394//6394
f 2916//2916 6394//6394 2913//2913
f 2912//2912 2834//2834 2826//2826
f 2812//2812 2835//2835 2886//2886
f 6396//6396 2921//2921 2835//2835
f 2921//2921 2886//2886 2835//2835
f 2837//2837 2917//2917 2881//2881
f 2752//2752 2665//2665 3002//3002
f 2752//2752 3002//3002 2672//2672
f 2665//2665 2838//2838 3002//3002
f 3002//3002 2838//2838 3005//3005
f 2666//2666 6349//6349 3013//3013
f 3007//3007 2839//2839 2761//2761
f 6351//6351 6352//6352 2928//2928
f 6352//6352 2929//2929 2928//2928
f 2672//2672 2843//2843 2607//2607
f 2843//2843 2672//2672 2923//2923
f 3232//3232 3013//3013 6349//6349
f 2673//2673 3019//3019 2841//2841
f 2673//2673 2841//2841 2842//2842
f 2927//2927 6351//6351 2928//2928
f 2929//2929 2840//2840 2843//2843
f 6352//6352 2840//2840 2929//2929
f 2929//2929 2843//2843 3016//3016
f 2675//2675 2936//2936 2850//2850
f 2678//2678 2842//2842 2845//2845
f 2678//2678 2845//2845 2846//2846
f 2844//2844 2678//2678 2846//2846
f 2845//2845 2842//2842 3018//3018
f 2846//2846 2845//2845 3018//3018
f 2769//2769 2847//2847 2770//2770
f 2847//2847 3023//3023 2848//2848
f 6466//6466 6327//6327 2934//2934
f 2675//2675 2850//2850 2935//2935
f 2935//2935 2849//2849 2675//2675
f 2935//2935 2850//2850 3026//3026
f 2937//2937 2942//2942 3027//3027
f 2852//2852 2687//2687 6468//6468
f 2687//2687 2852//2852 2851//2851
f 2696//2696 2689//2689 2943//2943
f 2623//2623 2692//2692 2938//2938
f 2623//2623 2938//2938 2853//2853
f 2771//2771 2623//2623 2853//2853
f 2771//2771 3029//3029 2769//2769
f 2854//2854 2771//2771 2853//2853
f 3029//3029 2771//2771 2854//2854
f 3133//3133 2694//2694 2773//2773
f 2855//2855 3133//3133 2773//2773
f 2950//2950 2941//2941 6357//6357
f 2629//2629 2856//2856 2947//2947
f 2946//2946 2947//2947 2856//2856
f 2690//2690 2775//2775 2949//2949
f 2540//2540 2690//2690 2691//2691
f 2776//2776 2857//2857 3041//3041
f 2954//2954 6358//6358 3041//3041
f 2700//2700 2704//2704 2859//2859
f 3040//3040 2700//2700 2859//2859
f 2706//2706 2777//2777 2950//2950
f 2778//2778 2707//2707 2861//2861
f 2779//2779 2861//2861 2862//2862
f 2861//2861 2707//2707 2862//2862
f 2862//2862 2707//2707 2953//2953
f 2708//2708 3038//3038 3037//3037
f 2699//2699 2955//2955 2708//2708
f 2708//2708 2955//2955 3038//3038
f 2699//2699 6358//6358 2954//2954
f 2955//2955 2699//2699 2954//2954
f 2957//2957 6359//6359 2863//2863
f 2780//2780 2781//2781 6400//6400
f 2860//2860 2780//2780 3154//3154
f 2865//2865 2964//2964 2784//2784
f 2960//2960 2958//2958 2781//2781
f 2867//2867 2635//2635 2786//2786
f 6402//6402 6401//6401 6473//6473
f 2864//2864 6403//6403 2959//2959
f 2963//2963 2959//2959 6403//6403
f 2963//2963 6403//6403 6472//6472
f 3156//3156 2867//2867 2786//2786
f 2867//2867 3156//3156 2962//2962
f 2868//2868 2967//2967 2713//2713
f 2786//2786 2713//2713 2967//2967
f 2868//2868 2968//2968 3050//3050
f 2899//2899 2870//2870 2654//2654
f 2654//2654 2871//2871 2872//2872
f 2654//2654 2870//2870 2871//2871
f 2875//2875 6364//6364 2876//2876
f 2872//2872 2876//2876 6364//6364
f 2982//2982 2872//2872 2871//2871
f 2717//2717 2878//2878 2877//2877
f 2873//2873 2878//2878 2790//2790
f 6367//6367 2788//2788 2874//2874
f 2790//2790 6406//6406 2873//2873
f 6408//6408 6407//6407 6365//6365
f 6406//6406 2970//2970 2873//2873
f 2972//2972 2875//2875 2876//2876
f 6407//6407 2971//2971 6476//6476
f 6408//6408 6478//6478 6407//6407
f 2717//2717 2978//2978 2742//2742
f 2978//2978 2717//2717 2877//2877
f 2878//2878 2873//2873 2974//2974
f 6339//6339 6486//6486 2815//2815
f 2794//2794 2987//2987 2879//2879
f 2987//2987 2796//2796 2903//2903
f 2801//2801 2880//2880 2805//2805
f 2801//2801 2988//2988 2880//2880
f 2880//2880 2905//2905 2805//2805
f 2805//2805 2905//2905 2904//2904
f 6372//6372 2988//2988 2801//2801
f 2879//2879 2988//2988 6372//6372
f 6411//6411 2882//2882 6398//6398
f 2882//2882 6411//6411 2884//2884
f 2812//2812 2886//2886 2811//2811
f 2811//2811 2886//2886 2883//2883
f 2882//2882 2884//2884 2919//2919
f 6412//6412 2918//2918 6420//6420
f 2883//2883 2885//2885 2811//2811
f 2811//2811 6423//6423 2890//2890
f 2891//2891 2890//2890 6423//6423
f 2887//2887 6415//6415 6421//6421
f 6429//6429 6424//6424 6416//6416
f 6422//6422 6417//6417 6458//6458
f 6426//6426 2920//2920 6418//6418
f 6459//6459 6419//6419 6460//6460
f 6420//6420 2918//2918 6430//6430
f 2889//2889 2891//2891 6423//6423
f 6425//6425 6431//6431 6439//6439
f 6440//6440 6432//6432 2888//2888
f 6461//6461 6427//6427 6433//6433
f 6436//6436 6434//6434 6428//6428
f 2891//2891 2889//2889 2892//2892
f 2889//2889 6437//6437 2892//2892
f 2892//2892 6437//6437 3096//3096
f 2898//2898 2813//2813 2811//2811
f 2813//2813 2897//2897 6383//6383
f 6444//6444 2813//2813 2979//2979
f 2898//2898 2811//2811 2890//2890
f 6441//6441 2893//2893 2891//2891
f 2893//2893 2890//2890 2891//2891
f 2898//2898 2890//2890 2981//2981
f 6530//6530 2895//2895 6441//6441
f 6441//6441 2895//2895 2893//2893
f 2894//2894 2890//2890 2893//2893
f 2895//2895 2894//2894 2893//2893
f 2890//2890 2894//2894 2981//2981
f 6384//6384 2896//2896 6338//6338
f 6384//6384 6445//6445 2896//2896
f 2896//2896 6445//6445 3071//3071
f 6444//6444 3075//3075 6514//6514
f 6444//6444 2979//2979 3075//3075
f 2813//2813 2898//2898 2979//2979
f 6487//6487 2870//2870 2899//2899
f 2900//2900 2985//2985 2816//2816
f 2900//2900 2901//2901 3010//3010
f 2900//2900 3010//3010 2985//2985
f 2985//2985 2902//2902 2816//2816
f 2902//2902 2903//2903 2792//2792
f 2902//2902 2987//2987 2903//2903
f 2988//2988 2905//2905 2880//2880
f 2987//2987 2988//2988 2879//2879
f 2904//2904 2906//2906 6374//6374
f 2905//2905 2906//2906 2904//2904
f 6374//6374 2906//2906 2819//2819
f 2906//2906 2905//2905 2988//2988
f 2906//2906 2989//2989 2819//2819
f 2907//2907 2908//2908 2910//2910
f 2910//2910 2908//2908 2909//2909
f 6448//6448 2912//2912 6447//6447
f 2914//2914 2910//2910 2915//2915
f 2914//2914 6450//6450 2910//2910
f 2823//2823 6449//6449 2909//2909
f 2909//2909 2915//2915 2910//2910
f 2911//2911 2915//2915 2909//2909
f 2999//2999 6451//6451 6395//6395
f 6450//6450 2914//2914 6395//6395
f 2999//2999 6395//6395 2914//2914
f 2914//2914 2915//2915 2999//2999
f 6396//6396 6393//6393 2921//2921
f 2913//2913 3094//3094 2916//2916
f 2916//2916 6463//6463 2831//2831
f 2916//2916 3094//3094 6464//6464
f 6412//6412 6453//6453 2918//2918
f 6413//6413 6454//6454 6399//6399
f 6414//6414 6456//6456 6455//6455
f 6414//6414 6459//6459 6456//6456
f 6460//6460 6456//6456 6459//6459
f 6435//6435 6457//6457 6462//6462
f 6438//6438 2886//2886 2921//2921
f 2838//2838 2922//2922 3005//3005
f 2672//2672 3002//3002 3003//3003
f 2839//2839 3007//3007 3009//3009
f 2901//2901 3008//3008 3010//3010
f 2839//2839 3009//3009 3008//3008
f 2839//2839 3008//3008 2901//2901
f 2843//2843 2923//2923 2924//2924
f 2923//2923 2672//2672 2925//2925
f 2923//2923 2925//2925 3011//3011
f 2925//2925 3012//3012 3011//3011
f 2923//2923 3011//3011 3108//3108
f 3108//3108 2924//2924 2923//2923
f 3012//3012 2925//2925 2672//2672
f 2666//2666 3013//3013 3014//3014
f 2926//2926 2927//2927 3110//3110
f 3022//3022 2927//2927 2929//2929
f 2929//2929 2927//2927 2928//2928
f 2929//2929 3016//3016 3022//3022
f 2843//2843 2924//2924 3016//3016
f 2930//2930 2767//2767 3246//3246
f 2841//2841 3019//3019 3020//3020
f 2841//2841 3020//3020 2842//2842
f 2848//2848 2770//2770 2847//2847
f 2769//2769 2932//2932 2847//2847
f 3032//3032 2932//2932 2769//2769
f 2847//2847 3024//3024 3023//3023
f 2932//2932 3024//3024 2847//2847
f 2849//2849 2935//2935 6467//6467
f 3116//3116 6466//6466 2934//2934
f 2685//2685 2933//2933 3117//3117
f 6534//6534 6466//6466 3116//3116
f 2934//2934 2935//2935 3116//3116
f 2935//2935 3026//3026 3116//3116
f 2936//2936 2844//2844 3249//3249
f 3258//3258 2852//2852 6468//6468
f 3258//3258 2851//2851 2852//2852
f 3250//3250 3258//3258 6468//6468
f 2851//2851 3258//3258 2689//2689
f 2854//2854 2853//2853 3028//3028
f 2853//2853 2938//2938 3028//3028
f 2939//2939 6355//6355 2940//2940
f 2940//2940 3119//3119 2939//2939
f 6355//6355 6499//6499 2940//2940
f 6499//6499 3119//3119 2940//2940
f 6501//6501 6356//6356 3031//3031
f 3133//3133 2855//2855 2685//2685
f 2774//2774 2941//2941 2942//2942
f 2696//2696 2944//2944 6274//6274
f 2696//2696 2943//2943 2944//2944
f 2943//2943 3127//3127 2944//2944
f 2947//2947 2946//2946 3720//3720
f 2856//2856 2945//2945 2946//2946
f 2945//2945 3129//3129 2946//2946
f 2698//2698 2947//2947 2775//2775
f 2947//2947 2949//2949 2775//2775
f 2690//2690 2948//2948 2691//2691
f 2949//2949 2948//2948 2690//2690
f 3041//3041 2857//2857 3040//3040
f 2859//2859 2858//2858 3133//3133
f 2859//2859 3133//3133 3132//3132
f 2777//2777 2860//2860 2951//2951
f 3141//3141 2950//2950 2777//2777
f 2777//2777 3033//3033 3034//3034
f 2777//2777 2951//2951 3033//3033
f 2707//2707 2952//2952 2953//2953
f 2953//2953 3036//3036 2862//2862
f 2952//2952 3036//3036 2953//2953
f 3041//3041 3039//3039 2954//2954
f 3039//3039 2955//2955 2954//2954
f 2955//2955 3039//3039 2956//2956
f 6542//6542 6359//6359 2957//2957
f 2957//2957 2863//2863 3301//3301
f 6400//6400 2781//2781 6471//6471
f 2959//2959 2964//2964 2864//2864
f 3047//3047 2785//2785 2784//2784
f 2960//2960 2785//2785 2961//2961
f 2958//2958 2960//2960 3044//3044
f 2785//2785 3047//3047 2961//2961
f 2784//2784 3045//3045 3047//3047
f 6400//6400 6471//6471 3044//3044
f 2959//2959 2963//2963 2964//2964
f 2963//2963 6472//6472 3155//3155
f 2784//2784 2964//2964 3045//3045
f 2963//2963 2965//2965 2964//2964
f 2964//2964 2965//2965 3046//3046
f 3045//3045 2964//2964 3046//3046
f 2963//2963 3155//3155 2965//2965
f 2786//2786 2967//2967 3156//3156
f 2868//2868 3050//3050 2966//2966
f 2868//2868 2966//2966 2967//2967
f 2967//2967 2966//2966 3052//3052
f 3053//3053 2968//2968 3306//3306
f 3050//3050 2968//2968 3053//3053
f 3050//3050 3053//3053 3054//3054
f 2869//2869 2779//2779 3055//3055
f 2779//2779 2862//2862 3055//3055
f 2878//2878 2974//2974 2969//2969
f 2871//2871 2870//2870 2982//2982
f 2971//2971 2973//2973 6476//6476
f 6407//6407 2973//2973 2971//2971
f 2982//2982 2876//2876 2872//2872
f 6478//6478 2973//2973 6407//6407
f 2876//2876 2982//2982 2972//2972
f 2975//2975 6476//6476 2973//2973
f 2975//2975 2973//2973 2977//2977
f 6479//6479 6484//6484 6480//6480
f 3167//3167 2972//2972 2982//2982
f 3167//3167 6485//6485 2972//2972
f 6405//6405 2976//2976 6481//6481
f 2873//2873 2970//2970 6483//6483
f 3057//3057 6477//6477 6482//6482
f 2977//2977 6504//6504 2975//2975
f 2970//2970 6505//6505 6483//6483
f 2878//2878 2969//2969 2877//2877
f 6409//6409 6474//6474 3061//3061
f 2976//2976 3060//3060 6481//6481
f 2815//2815 6486//6486 3076//3076
f 2877//2877 3056//3056 2978//2978
f 6503//6503 6410//6410 6507//6507
f 2895//2895 2980//2980 2894//2894
f 2894//2894 2980//2980 2981//2981
f 3064//3064 6442//6442 3096//3096
f 3096//3096 3070//3070 3064//3064
f 2981//2981 3072//3072 2898//2898
f 6442//6442 3064//3064 3065//3065
f 6509//6509 2980//2980 2895//2895
f 2896//2896 3071//3071 2983//2983
f 2741//2741 6443//6443 6488//6488
f 2899//2899 2741//2741 6487//6487
f 2741//2741 6488//6488 6487//6487
f 3075//3075 2979//2979 2984//2984
f 2979//2979 2898//2898 6489//6489
f 3072//3072 6490//6490 2898//2898
f 6488//6488 3074//3074 6487//6487
f 2983//2983 3071//3071 6515//6515
f 2982//2982 6515//6515 3167//3167
f 2922//2922 2815//2815 3076//3076
f 3220//3220 2902//2902 2985//2985
f 3010//3010 2986//2986 2985//2985
f 3010//3010 3103//3103 2986//2986
f 2986//2986 3077//3077 2985//2985
f 3220//3220 2985//2985 3077//3077
f 2902//2902 3079//3079 2987//2987
f 2902//2902 3220//3220 3079//3079
f 2988//2988 2990//2990 2906//2906
f 2988//2988 2993//2993 2990//2990
f 2988//2988 2995//2995 6493//6493
f 2987//2987 3079//3079 2988//2988
f 3079//3079 2995//2995 2988//2988
f 2990//2990 2991//2991 2906//2906
f 2989//2989 2998//2998 2819//2819
f 2993//2993 2991//2991 2990//2990
f 6491//6491 6446//6446 2992//2992
f 2997//2997 6491//6491 2992//2992
f 6492//6492 2992//2992 6446//6446
f 2993//2993 2994//2994 2991//2991
f 2989//2989 2997//2997 2998//2998
f 2995//2995 2996//2996 6493//6493
f 2993//2993 2996//2996 2994//2994
f 2996//2996 2991//2991 2994//2994
f 6492//6492 3080//3080 2992//2992
f 2992//2992 3080//3080 2997//2997
f 2996//2996 3080//3080 2991//2991
f 3080//3080 2998//2998 2997//2997
f 2915//2915 3001//3001 2999//2999
f 2915//2915 3000//3000 3001//3001
f 2915//2915 2911//2911 3000//3000
f 6451//6451 2999//2999 3083//3083
f 3000//3000 3082//3082 3001//3001
f 2999//2999 6494//6494 3083//3083
f 3083//3083 6494//6494 6522//6522
f 3082//3082 3000//3000 3084//3084
f 3105//3105 3084//3084 3000//3000
f 2672//2672 3003//3003 3012//3012
f 3005//3005 3181//3181 3002//3002
f 3002//3002 3004//3004 3003//3003
f 3006//3006 3005//3005 2922//2922
f 3002//3002 3098//3098 3004//3004
f 3076//3076 3183//3183 2922//2922
f 3006//3006 2922//2922 3183//3183
f 3005//3005 3006//3006 6560//6560
f 6322//6322 6497//6497 3007//3007
f 3009//3009 3007//3007 3015//3015
f 3010//3010 3008//3008 3102//3102
f 3008//3008 3009//3009 3100//3100
f 2911//2911 3081//3081 3000//3000
f 3105//3105 3000//3000 3081//3081
f 3016//3016 2924//2924 3106//3106
f 3108//3108 3011//3011 3012//3012
f 2924//2924 3108//3108 3107//3107
f 3015//3015 3013//3013 3232//3232
f 3013//3013 3015//3015 3014//3014
f 6497//6497 3015//3015 3007//3007
f 3110//3110 2927//2927 3022//3022
f 3112//3112 3022//3022 3016//3016
f 3016//3016 3106//3106 3222//3222
f 3017//3017 2930//2930 3246//3246
f 2930//2930 3226//3226 2931//2931
f 2930//2930 3017//3017 3226//3226
f 2844//2844 2846//2846 3018//3018
f 3021//3021 3020//3020 3019//3019
f 2842//2842 3020//3020 3018//3018
f 3021//3021 3019//3019 3237//3237
f 6356//6356 3120//3120 3031//3031
f 3023//3023 3114//3114 2674//2674
f 2674//2674 3025//3025 2767//2767
f 3115//3115 3025//3025 6324//6324
f 2767//2767 3025//3025 3113//3113
f 3247//3247 3025//3025 3115//3115
f 3113//3113 3025//3025 3247//3247
f 3249//3249 2850//2850 2936//2936
f 3026//3026 2850//2850 3118//3118
f 3118//3118 2850//2850 3249//3249
f 2844//2844 3018//3018 3249//3249
f 2937//2937 3027//3027 3250//3250
f 2854//2854 3028//3028 3030//3030
f 3473//3473 3028//3028 2938//2938
f 3030//3030 6499//6499 2854//2854
f 6499//6499 3030//3030 3119//3119
f 6355//6355 2939//2939 6535//6535
f 2932//2932 3032//3032 6498//6498
f 6498//6498 3032//3032 3445//3445
f 2941//2941 3278//3278 2942//2942
f 2946//2946 3130//3130 3720//3720
f 2947//2947 3267//3267 2949//2949
f 2947//2947 3469//3469 3267//3267
f 2949//2949 3267//3267 2948//2948
f 3132//3132 3291//3291 3150//3150
f 2859//2859 3132//3132 3150//3150
f 2777//2777 3034//3034 3141//3141
f 2950//2950 3141//3141 2941//2941
f 2951//2951 2860//2860 3033//3033
f 3034//3034 3033//3033 3151//3151
f 3141//3141 3034//3034 3140//3140
f 3033//3033 2860//2860 3152//3152
f 2952//2952 3037//3037 3035//3035
f 3036//3036 2952//2952 3035//3035
f 3035//3035 3037//3037 3038//3038
f 3282//3282 3036//3036 3035//3035
f 3039//3039 3041//3041 3144//3144
f 2956//2956 3039//3039 3144//3144
f 3041//3041 3040//3040 3042//3042
f 3042//3042 3040//3040 3043//3043
f 3040//3040 3149//3149 3043//3043
f 3147//3147 3041//3041 3042//3042
f 3147//3147 3042//3042 3043//3043
f 3041//3041 3147//3147 3144//3144
f 3149//3149 3040//3040 3148//3148
f 2859//2859 3150//3150 3040//3040
f 6542//6542 2957//2957 3301//3301
f 3301//3301 6400//6400 3044//3044
f 3046//3046 2965//2965 3049//3049
f 3049//3049 2965//2965 3155//3155
f 3046//3046 3047//3047 3045//3045
f 3049//3049 3047//3047 3046//3046
f 2960//2960 2961//2961 3044//3044
f 3047//3047 3048//3048 2961//2961
f 2961//2961 3048//3048 3044//3044
f 3048//3048 3047//3047 3302//3302
f 3155//3155 2962//2962 3156//3156
f 2967//2967 6502//6502 3051//3051
f 3156//3156 2967//2967 3159//3159
f 2967//2967 3051//3051 3159//3159
f 3051//3051 6502//6502 3158//3158
f 3050//3050 3054//3054 3160//3160
f 3054//3054 3053//3053 3160//3160
f 3306//3306 3160//3160 3053//3053
f 2716//2716 2869//2869 3306//3306
f 2869//2869 3055//3055 3306//3306
f 2862//2862 3310//3310 3055//3055
f 3171//3171 3163//3163 6503//6503
f 3059//3059 6485//6485 3167//3167
f 3170//3170 3059//3059 3167//3167
f 6506//6506 6483//6483 6505//6505
f 2977//2977 3168//3168 6504//6504
f 6505//6505 6548//6548 6506//6506
f 6475//6475 6481//6481 3062//3062
f 6549//6549 6485//6485 3058//3058
f 3058//3058 6485//6485 3059//3059
f 3058//3058 3169//3169 6548//6548
f 3058//3058 3059//3059 3169//3169
f 6550//6550 3061//3061 6474//6474
f 6503//6503 6507//6507 3171//3171
f 6475//6475 3062//3062 6551//6551
f 3060//3060 3062//3062 6481//6481
f 3056//3056 3063//3063 2978//2978
f 6508//6508 3076//3076 6486//6486
f 3175//3175 3063//3063 3056//3056
f 6508//6508 6556//6556 3076//3076
f 2981//2981 3066//3066 3072//3072
f 2981//2981 2980//2980 3066//3066
f 3064//3064 3067//3067 3065//3065
f 6511//6511 2980//2980 6509//6509
f 6510//6510 3068//3068 3066//3066
f 3067//3067 3064//3064 3070//3070
f 6512//6512 3068//3068 6510//6510
f 6513//6513 3069//3069 3068//3068
f 3068//3068 3069//3069 3066//3066
f 3067//3067 3070//3070 3069//3069
f 3072//3072 3066//3066 3073//3073
f 3069//3069 3177//3177 3066//3066
f 3177//3177 3176//3176 3066//3066
f 3066//3066 3176//3176 3073//3073
f 3070//3070 3177//3177 3069//3069
f 3071//3071 3352//3352 6515//6515
f 3352//3352 3167//3167 6515//6515
f 6630//6630 6514//6514 3075//3075
f 3075//3075 2984//2984 6630//6630
f 3005//3005 3182//3182 3181//3181
f 3103//3103 3078//3078 2986//2986
f 2986//2986 3078//3078 3077//3077
f 3220//3220 3077//3077 3219//3219
f 3078//3078 3219//3219 3077//3077
f 6516//6516 3409//3409 6583//6583
f 3078//3078 3103//3103 3104//3104
f 3078//3078 3104//3104 6663//6663
f 2995//2995 3079//3079 2996//2996
f 2996//2996 3079//3079 3195//3195
f 3195//3195 3080//3080 2996//2996
f 2998//2998 3197//3197 6521//6521
f 3197//3197 2998//2998 3080//3080
f 3198//3198 6521//6521 3197//3197
f 3420//3420 6521//6521 3198//3198
f 6522//6522 3199//3199 3083//3083
f 3199//3199 3082//3082 3085//3085
f 3084//3084 3085//3085 3082//3082
f 3085//3085 3084//3084 3086//3086
f 3087//3087 6523//6523 3084//3084
f 3085//3085 3200//3200 3199//3199
f 3085//3085 3086//3086 6569//6569
f 3105//3105 3087//3087 3084//3084
f 3207//3207 6569//6569 3086//3086
f 6523//6523 3201//3201 6571//6571
f 6523//6523 3087//3087 3201//3201
f 3088//3088 3094//3094 2913//2913
f 3089//3089 3088//3088 2913//2913
f 3088//3088 3089//3089 3211//3211
f 3205//3205 3083//3083 3199//3199
f 3083//3083 3205//3205 6451//6451
f 3089//3089 6452//6452 3204//3204
f 6570//6570 6451//6451 3205//3205
f 3090//3090 6438//6438 2921//2921
f 3092//3092 3091//3091 6525//6525
f 3090//3090 6526//6526 6438//6438
f 6527//6527 3096//3096 6437//6437
f 3097//3097 3096//3096 6527//6527
f 3092//3092 6525//6525 6465//6465
f 6528//6528 6464//6464 3094//3094
f 3091//3091 3092//3092 3093//3093
f 3093//3093 6531//6531 3091//3091
f 3094//3094 3095//3095 6528//6528
f 3092//3092 6529//6529 3093//3093
f 3093//3093 3095//3095 6531//6531
f 3070//3070 3096//3096 3097//3097
f 3070//3070 3097//3097 3343//3343
f 3003//3003 3004//3004 3098//3098
f 3003//3003 3098//3098 3215//3215
f 3099//3099 3216//3216 3003//3003
f 3003//3003 3216//3216 3012//3012
f 3217//3217 3098//3098 3002//3002
f 3003//3003 3215//3215 3099//3099
f 3358//3358 3099//3099 3215//3215
f 6559//6559 3217//3217 3002//3002
f 3182//3182 3005//3005 6560//6560
f 3009//3009 3101//3101 3100//3100
f 3100//3100 3102//3102 3008//3008
f 3101//3101 3102//3102 3100//3100
f 3218//3218 3101//3101 3009//3009
f 3101//3101 3218//3218 3102//3102
f 3015//3015 3218//3218 3009//3009
f 3103//3103 6495//6495 3102//3102
f 3102//3102 3104//3104 3103//3103
f 6521//6521 3420//3420 6532//6532
f 2924//2924 3107//3107 3106//3106
f 3106//3106 3107//3107 3222//3222
f 3107//3107 3108//3108 3397//3397
f 3108//3108 3012//3012 3223//3223
f 3112//3112 3016//3016 3224//3224
f 3226//3226 3227//3227 2931//2931
f 3227//3227 3433//3433 2931//2931
f 2926//2926 3237//3237 3019//3019
f 3018//3018 3020//3020 3234//3234
f 3020//3020 3021//3021 3235//3235
f 3235//3235 3233//3233 3020//3020
f 3234//3234 3020//3020 3233//3233
f 2926//2926 3110//3110 3109//3109
f 3237//3237 2926//2926 3109//3109
f 3110//3110 3237//3237 3109//3109
f 3022//3022 3243//3243 3110//3110
f 3243//3243 3022//3022 3111//3111
f 3112//3112 3242//3242 3111//3111
f 3112//3112 3111//3111 3022//3022
f 6688//6688 3252//3252 3023//3023
f 3023//3023 3245//3245 3114//3114
f 3246//3246 6354//6354 3113//3113
f 3113//3113 3247//3247 3246//3246
f 6533//6533 3245//3245 3247//3247
f 6533//6533 2674//2674 3114//3114
f 3114//3114 3245//3245 6533//6533
f 3116//3116 3026//3026 3123//3123
f 3123//3123 3026//3026 3248//3248
f 3123//3123 6534//6534 3116//3116
f 3026//3026 3118//3118 3248//3248
f 3018//3018 3234//3234 3249//3249
f 6535//6535 2939//2939 3119//3119
f 3032//3032 3121//3121 3445//3445
f 6501//6501 3031//3031 6536//6536
f 3444//3444 3031//3031 3120//3120
f 6684//6684 6537//6537 6500//6500
f 6685//6685 6689//6689 6538//6538
f 3024//3024 6688//6688 3023//3023
f 3023//3023 3252//3252 3245//3245
f 2685//2685 3255//3255 3122//3122
f 3122//3122 3274//3274 2685//2685
f 3122//3122 3255//3255 3274//3274
f 3125//3125 3255//3255 2685//2685
f 3126//3126 3125//3125 2685//2685
f 3117//3117 3126//3126 2685//2685
f 6534//6534 3123//3123 3124//3124
f 6534//6534 3124//3124 3451//3451
f 3124//3124 3123//3123 3451//3451
f 3117//3117 6692//6692 3453//3453
f 3125//3125 3126//3126 3255//3255
f 3126//3126 3117//3117 3453//3453
f 3027//3027 2942//2942 3278//3278
f 2944//2944 3127//3127 2945//2945
f 3127//3127 3260//3260 2945//2945
f 3260//3260 3261//3261 2945//2945
f 3128//3128 2946//2946 3129//3129
f 3128//3128 3131//3131 2946//2946
f 2946//2946 3131//3131 3130//3130
f 3128//3128 3129//3129 3131//3131
f 3134//3134 3133//3133 2685//2685
f 3132//3132 3133//3133 3476//3476
f 2685//2685 3135//3135 3134//3134
f 3137//3137 3135//3135 2685//2685
f 3134//3134 3135//3135 3136//3136
f 3136//3136 3135//3135 3138//3138
f 3135//3135 3137//3137 3138//3138
f 3134//3134 3136//3136 3268//3268
f 3136//3136 3138//3138 3268//3268
f 3137//3137 2685//2685 3273//3273
f 3137//3137 3139//3139 3138//3138
f 3268//3268 3138//3138 3270//3270
f 3138//3138 3139//3139 3270//3270
f 3137//3137 3271//3271 3139//3139
f 3139//3139 6595//6595 3270//3270
f 3273//3273 2685//2685 3274//3274
f 3151//3151 3140//3140 3034//3034
f 3142//3142 3140//3140 3151//3151
f 3278//3278 2941//2941 3141//3141
f 3141//3141 3140//3140 3142//3142
f 3277//3277 3141//3141 3142//3142
f 3143//3143 2955//2955 2956//2956
f 3143//3143 2956//2956 3144//3144
f 2955//2955 3143//3143 3145//3145
f 3143//3143 3144//3144 3145//3145
f 3145//3145 3038//3038 2955//2955
f 3145//3145 3144//3144 3146//3146
f 3038//3038 3145//3145 3283//3283
f 3149//3149 3284//3284 3043//3043
f 3147//3147 3043//3043 3285//3285
f 3040//3040 3150//3150 3148//3148
f 3148//3148 3150//3150 3149//3149
f 3043//3043 3284//3284 3285//3285
f 3149//3149 3150//3150 3287//3287
f 3150//3150 3291//3291 3287//3287
f 2860//2860 3154//3154 3153//3153
f 6541//6541 3033//3033 3152//3152
f 3152//3152 2860//2860 3153//3153
f 3153//3153 3154//3154 3295//3295
f 3295//3295 3152//3152 3153//3153
f 3302//3302 3508//3508 3048//3048
f 3047//3047 3049//3049 6606//6606
f 3155//3155 3157//3157 3049//3049
f 3155//3155 3156//3156 3157//3157
f 3158//3158 3159//3159 3051//3051
f 3156//3156 3159//3159 3303//3303
f 3052//3052 2966//2966 3307//3307
f 6502//6502 3307//3307 3158//3158
f 3158//3158 3307//3307 3159//3159
f 2966//2966 3050//3050 3307//3307
f 3050//3050 3160//3160 3307//3307
f 3306//3306 3055//3055 3308//3308
f 3310//3310 2862//2862 3036//3036
f 6552//6552 3172//3172 6544//6544
f 6554//6554 6553//6553 3161//3161
f 3162//3162 3161//3161 6553//6553
f 6543//6543 3320//3320 3319//3319
f 3161//3161 6543//6543 3319//3319
f 3320//3320 6543//6543 3173//3173
f 3165//3165 3166//3166 3164//3164
f 3164//3164 6544//6544 3165//3165
f 6545//6545 6503//6503 3163//3163
f 3166//3166 3165//3165 3326//3326
f 3326//3326 3165//3165 3327//3327
f 6621//6621 6546//6546 3161//3161
f 6503//6503 6545//6545 3330//3330
f 6545//6545 6547//6547 3331//3331
f 3167//3167 3352//3352 3334//3334
f 3174//3174 6506//6506 6548//6548
f 3170//3170 3169//3169 3059//3059
f 3169//3169 3174//3174 6548//6548
f 3174//3174 3169//3169 3323//3323
f 3170//3170 3323//3323 3169//3169
f 3062//3062 3060//3060 3173//3173
f 3173//3173 6551//6551 3062//3062
f 6555//6555 3173//3173 3060//3060
f 3161//3161 6546//6546 6554//6554
f 3173//3173 6543//6543 6551//6551
f 6544//6544 3172//3172 3165//3165
f 6556//6556 3333//3333 3076//3076
f 3177//3177 3070//3070 3343//3343
f 3388//3388 3346//3346 3214//3214
f 3072//3072 3073//3073 3179//3179
f 3177//3177 3073//3073 3176//3176
f 3177//3177 3178//3178 3073//3073
f 3178//3178 3180//3180 3073//3073
f 3177//3177 3342//3342 3178//3178
f 3342//3342 3351//3351 3178//3178
f 6490//6490 3072//3072 3352//3352
f 3179//3179 3350//3350 3072//3072
f 3352//3352 3072//3072 3350//3350
f 6558//6558 3179//3179 3073//3073
f 3351//3351 3180//3180 3178//3178
f 3076//3076 3337//3337 3183//3183
f 3181//3181 3182//3182 3184//3184
f 3185//3185 3182//3182 6560//6560
f 3367//3367 3182//3182 3185//3185
f 3185//3185 6560//6560 3365//3365
f 3184//3184 3182//3182 3367//3367
f 3185//3185 3365//3365 3366//3366
f 3184//3184 3367//3367 3407//3407
f 3220//3220 3186//3186 3079//3079
f 3220//3220 3187//3187 3186//3186
f 3187//3187 3373//3373 3186//3186
f 3186//3186 3188//3188 3079//3079
f 3079//3079 3190//3190 3194//3194
f 6563//6563 6564//6564 6517//6517
f 3190//3190 3372//3372 3194//3194
f 3372//3372 3374//3374 3194//3194
f 6563//6563 3189//3189 6564//6564
f 6564//6564 3191//3191 6643//6643
f 3369//3369 3221//3221 6561//6561
f 6564//6564 3189//3189 3191//3191
f 6641//6641 3370//3370 6585//6585
f 6586//6586 6642//6642 3189//3189
f 6642//6642 3191//3191 3189//3189
f 3079//3079 3192//3192 3195//3195
f 3079//3079 3193//3193 3192//3192
f 3192//3192 3196//3196 3195//3195
f 3194//3194 3193//3193 3079//3079
f 6568//6568 6565//6565 6566//6566
f 3374//3374 3376//3376 3194//3194
f 3080//3080 3195//3195 3197//3197
f 3196//3196 3375//3375 3195//3195
f 6566//6566 6646//6646 6568//6568
f 3198//3198 3197//3197 3382//3382
f 3199//3199 3200//3200 3208//3208
f 3207//3207 6573//6573 6569//6569
f 3205//3205 3199//3199 3208//3208
f 3201//3201 3087//3087 3202//3202
f 3202//3202 3203//3203 3201//3201
f 3203//3203 6571//6571 3201//3201
f 3209//3209 3203//3203 3202//3202
f 6571//6571 3203//3203 3209//3209
f 3202//3202 3087//3087 3611//3611
f 3202//3202 3611//3611 3209//3209
f 3205//3205 6574//6574 6570//6570
f 6574//6574 3206//3206 6570//6570
f 3206//3206 3089//3089 3204//3204
f 3211//3211 3089//3089 3206//3206
f 6574//6574 3213//3213 3206//3206
f 3213//3213 3211//3211 3206//3206
f 6576//6576 6575//6575 6572//6572
f 6577//6577 6794//6794 6574//6574
f 3094//3094 3210//3210 3095//3095
f 3094//3094 3088//3088 3210//3210
f 3210//3210 3088//3088 3388//3388
f 6578//6578 3212//3212 6524//6524
f 6580//6580 3212//3212 6579//6579
f 3388//3388 3088//3088 3386//3386
f 6524//6524 3212//3212 6654//6654
f 3213//3213 6574//6574 3387//3387
f 3214//3214 6531//6531 3095//3095
f 3346//3346 6531//6531 3214//3214
f 3346//3346 3389//3389 6531//6531
f 3097//3097 3389//3389 3343//3343
f 3095//3095 3210//3210 3388//3388
f 3388//3388 3214//3214 3095//3095
f 3216//3216 3099//3099 6636//6636
f 3400//3400 6496//6496 6582//6582
f 6496//6496 3400//3400 6587//6587
f 3098//3098 3405//3405 3215//3215
f 3406//3406 3358//3358 3215//3215
f 6559//6559 3184//3184 3217//3217
f 3405//3405 3098//3098 3408//3408
f 3098//3098 3217//3217 3408//3408
f 3217//3217 3407//3407 3408//3408
f 3217//3217 3184//3184 3407//3407
f 3102//3102 3218//3218 3104//3104
f 3218//3218 6663//6663 3104//3104
f 3219//3219 3413//3413 3220//3220
f 6562//6562 6584//6584 3412//3412
f 3220//3220 3413//3413 3412//3412
f 3409//3409 6666//6666 6583//6583
f 3188//3188 3186//3186 6586//6586
f 3188//3188 6586//6586 3189//3189
f 3087//3087 3105//3105 3611//3611
f 3105//3105 3421//3421 3611//3611
f 3222//3222 3632//3632 3016//3016
f 3397//3397 3222//3222 3107//3107
f 3108//3108 3223//3223 3397//3397
f 3397//3397 3223//3223 3394//3394
f 3423//3423 3218//3218 3015//3015
f 3225//3225 3112//3112 3224//3224
f 3112//3112 3225//3225 3242//3242
f 3225//3225 3224//3224 3947//3947
f 3246//3246 3228//3228 3017//3017
f 3227//3227 3226//3226 3230//3230
f 3017//3017 3228//3228 3226//3226
f 3227//3227 3230//3230 3433//3433
f 3246//3246 3229//3229 3228//3228
f 3229//3229 3246//3246 3425//3425
f 3226//3226 3228//3228 3428//3428
f 3232//3232 2931//2931 3433//3433
f 3230//3230 3226//3226 3231//3231
f 3226//3226 6674//6674 3231//3231
f 3233//3233 3434//3434 3234//3234
f 3234//3234 3434//3434 3645//3645
f 3233//3233 3235//3235 6680//6680
f 3021//3021 3237//3237 3235//3235
f 3235//3235 3237//3237 3239//3239
f 3235//3235 3239//3239 6680//6680
f 3237//3237 3110//3110 3236//3236
f 3236//3236 3238//3238 3237//3237
f 3238//3238 3236//3236 3435//3435
f 3236//3236 3110//3110 3435//3435
f 3239//3239 3237//3237 3238//3238
f 3239//3239 3238//3238 3435//3435
f 3239//3239 3435//3435 6680//6680
f 3110//3110 3243//3243 3435//3435
f 3436//3436 3240//3240 3243//3243
f 3435//3435 3243//3243 3241//3241
f 3241//3241 3243//3243 3240//3240
f 3244//3244 3111//3111 3242//3242
f 3244//3244 3436//3436 3243//3243
f 3111//3111 3244//3244 3243//3243
f 3242//3242 3638//3638 3244//3244
f 3446//3446 3660//3660 3245//3245
f 3247//3247 3437//3437 3246//3246
f 3437//3437 3247//3247 3245//3245
f 3245//3245 3660//3660 3437//3437
f 3246//3246 3437//3437 3425//3425
f 3439//3439 3118//3118 3438//3438
f 3118//3118 3249//3249 3438//3438
f 3439//3439 3248//3248 3118//3118
f 3248//3248 3439//3439 3454//3454
f 3249//3249 3234//3234 3440//3440
f 3440//3440 3438//3438 3249//3249
f 3443//3443 3258//3258 3250//3250
f 2948//2948 3722//3722 2938//2938
f 3726//3726 3119//3119 3030//3030
f 3725//3725 3726//3726 3030//3030
f 3725//3725 3030//3030 3028//3028
f 3119//3119 3726//3726 3251//3251
f 3252//3252 3446//3446 3245//3245
f 3446//3446 3252//3252 6688//6688
f 3274//3274 3255//3255 3253//3253
f 3253//3253 3276//3276 3274//3274
f 3126//3126 3453//3453 3254//3254
f 3255//3255 3126//3126 3254//3254
f 3123//3123 3248//3248 3256//3256
f 3451//3451 3123//3123 3256//3256
f 3255//3255 3254//3254 3453//3453
f 3256//3256 3248//3248 3452//3452
f 3027//3027 3278//3278 3257//3257
f 3257//3257 3705//3705 3027//3027
f 3258//3258 3259//3259 2689//2689
f 2689//2689 3259//3259 2943//2943
f 3263//3263 6539//6539 3262//3262
f 3263//3263 3260//3260 3127//3127
f 2943//2943 3464//3464 3127//3127
f 6540//6540 3457//3457 3262//3262
f 3263//3263 3261//3261 3260//3260
f 6593//6593 3459//3459 3458//3458
f 3460//3460 3262//3262 3457//3457
f 3261//3261 3263//3263 6693//6693
f 2945//2945 3261//3261 3264//3264
f 3264//3264 3129//3129 2945//2945
f 3458//3458 3264//3264 3261//3261
f 3129//3129 3265//3265 3131//3131
f 3129//3129 3266//3266 3265//3265
f 6594//6594 3129//3129 3264//3264
f 3469//3469 2947//2947 3720//3720
f 3722//3722 2948//2948 3472//3472
f 3269//3269 3134//3134 3268//3268
f 3134//3134 3269//3269 3133//3133
f 3268//3268 3270//3270 6595//6595
f 3268//3268 6595//6595 3272//3272
f 3268//3268 3272//3272 3269//3269
f 3269//3269 3272//3272 3476//3476
f 3133//3133 3269//3269 3476//3476
f 3476//3476 3272//3272 3475//3475
f 3273//3273 3274//3274 3276//3276
f 3137//3137 3273//3273 3276//3276
f 3137//3137 3275//3275 3271//3271
f 3137//3137 6596//6596 3275//3275
f 3278//3278 3141//3141 6597//6597
f 3035//3035 3038//3038 3279//3279
f 3282//3282 3035//3035 3279//3279
f 3038//3038 3283//3283 3280//3280
f 3038//3038 3280//3280 3279//3279
f 3281//3281 3280//3280 3486//3486
f 3280//3280 3281//3281 3279//3279
f 6598//6598 3282//3282 3279//3279
f 3282//3282 6598//6598 6710//6710
f 3486//3486 3280//3280 3485//3485
f 3283//3283 3145//3145 3146//3146
f 3283//3283 3146//3146 3739//3739
f 3147//3147 3285//3285 3286//3286
f 3286//3286 3285//3285 3488//3488
f 3739//3739 3146//3146 3144//3144
f 3287//3287 3284//3284 3149//3149
f 3285//3285 3284//3284 3288//3288
f 3290//3290 6599//6599 3289//3289
f 3284//3284 3287//3287 6601//6601
f 3287//3287 3291//3291 6601//6601
f 6599//6599 3290//3290 6600//6600
f 3285//3285 3288//3288 3490//3490
f 6600//6600 3290//3290 3490//3490
f 3132//3132 3494//3494 3291//3291
f 3295//3295 3293//3293 3152//3152
f 3152//3152 3292//3292 6541//6541
f 3292//3292 3152//3152 6602//6602
f 6541//6541 3292//3292 3294//3294
f 3292//3292 6602//6602 3294//3294
f 3296//3296 3295//3295 3154//3154
f 3293//3293 3295//3295 3297//3297
f 3296//3296 3154//3154 3299//3299
f 3297//3297 3295//3295 3298//3298
f 3295//3295 3296//3296 6604//6604
f 3297//3297 3298//3298 3300//3300
f 3293//3293 3297//3297 3500//3500
f 3500//3500 3297//3297 3502//3502
f 3506//3506 6604//6604 3296//3296
f 3506//3506 3296//3296 3299//3299
f 3300//3300 3298//3298 3505//3505
f 3298//3298 6720//6720 3505//3505
f 6542//6542 3301//3301 3507//3507
f 3044//3044 3048//3048 3508//3508
f 3301//3301 3044//3044 3508//3508
f 3049//3049 3157//3157 6606//6606
f 3302//3302 3509//3509 3508//3508
f 3159//3159 3307//3307 3305//3305
f 3304//3304 3510//3510 3159//3159
f 3160//3160 3306//3306 3307//3307
f 3308//3308 3309//3309 3306//3306
f 3310//3310 3036//3036 3311//3311
f 3055//3055 6612//6612 3308//3308
f 3036//3036 3312//3312 3311//3311
f 3311//3311 3313//3313 3310//3310
f 6612//6612 6614//6614 3308//3308
f 3312//3312 3515//3515 3311//3311
f 3514//3514 3308//3308 3512//3512
f 3308//3308 6614//6614 3512//3512
f 3520//3520 3314//3314 3316//3316
f 3314//3314 3315//3315 3331//3331
f 6615//6615 3329//3329 6728//6728
f 3317//3317 3332//3332 3056//3056
f 3330//3330 3318//3318 6503//6503
f 6503//6503 3318//3318 3317//3317
f 3551//3551 3323//3323 3336//3336
f 3320//3320 3322//3322 3319//3319
f 3322//3322 3320//3320 3173//3173
f 3321//3321 3319//3319 3322//3322
f 3555//3555 3321//3321 3322//3322
f 3833//3833 6617//6617 3550//3550
f 6617//6617 6762//6762 3550//3550
f 3555//3555 6616//6616 3323//3323
f 3326//3326 3324//3324 3166//3166
f 3331//3331 6547//6547 6618//6618
f 3326//3326 3325//3325 3324//3324
f 6619//6619 3331//3331 6618//6618
f 3328//3328 3161//3161 3319//3319
f 6621//6621 3161//3161 3328//3328
f 6620//6620 3316//3316 3314//3314
f 3314//3314 3331//3331 6619//6619
f 3329//3329 3325//3325 3326//3326
f 3327//3327 3329//3329 3326//3326
f 3321//3321 3328//3328 3319//3319
f 3329//3329 6615//6615 3325//3325
f 3321//3321 3555//3555 3328//3328
f 3328//3328 3555//3555 3554//3554
f 3328//3328 3553//3553 6621//6621
f 3553//3553 3329//3329 6621//6621
f 6545//6545 3331//3331 3330//3330
f 6556//6556 3332//3332 3333//3333
f 3332//3332 3175//3175 3056//3056
f 3332//3332 3557//3557 3333//3333
f 3352//3352 3335//3335 3334//3334
f 3167//3167 3334//3334 3170//3170
f 3334//3334 3335//3335 3170//3170
f 3336//3336 3323//3323 3170//3170
f 3335//3335 3336//3336 3170//3170
f 6616//6616 3174//3174 3323//3323
f 3322//3322 3173//3173 6555//6555
f 3076//3076 3333//3333 3337//3337
f 3337//3337 3333//3333 3338//3338
f 3338//3338 3339//3339 3337//3337
f 3338//3338 3340//3340 3339//3339
f 3341//3341 3337//3337 3339//3339
f 3333//3333 3340//3340 3338//3338
f 3563//3563 3339//3339 6622//6622
f 3339//3339 3563//3563 3341//3341
f 6623//6623 6768//6768 3564//3564
f 6622//6622 3333//3333 3563//3563
f 3177//3177 3343//3343 6624//6624
f 3342//3342 3347//3347 3351//3351
f 3344//3344 6624//6624 3343//3343
f 6624//6624 3344//3344 6625//6625
f 3344//3344 3349//3349 6625//6625
f 3389//3389 3346//3346 3345//3345
f 3343//3343 3345//3345 3344//3344
f 3345//3345 3349//3349 3344//3344
f 3346//3346 6626//6626 3345//3345
f 6558//6558 3348//3348 3179//3179
f 3348//3348 6627//6627 6557//6557
f 6625//6625 3349//3349 6628//6628
f 6558//6558 6629//6629 3348//3348
f 3353//3353 3354//3354 6627//6627
f 3348//3348 3353//3353 6627//6627
f 3348//3348 6629//6629 3356//3356
f 3356//3356 6629//6629 3576//3576
f 3350//3350 3335//3335 3352//3352
f 3350//3350 6631//6631 3335//3335
f 3353//3353 3355//3355 3354//3354
f 3348//3348 3355//3355 3353//3353
f 3348//3348 3356//3356 3355//3355
f 3578//3578 6632//6632 6633//6633
f 3357//3357 3360//3360 6662//6662
f 3357//3357 3359//3359 3360//3360
f 3586//3586 3406//3406 3361//3361
f 3361//3361 3406//3406 6637//6637
f 3358//3358 3406//3406 3586//3586
f 3361//3361 6637//6637 3586//3586
f 3366//3366 3367//3367 3185//3185
f 3407//3407 3367//3367 3362//3362
f 3362//3362 3368//3368 3408//3408
f 3363//3363 3359//3359 3357//3357
f 3363//3363 3357//3357 3405//3405
f 3364//3364 3363//3363 3405//3405
f 6640//6640 3364//3364 3405//3405
f 3591//3591 3363//3363 3364//3364
f 3183//3183 3337//3337 6639//6639
f 3366//3366 3365//3365 6623//6623
f 3341//3341 6639//6639 3337//3337
f 3362//3362 3367//3367 3368//3368
f 3367//3367 3366//3366 3561//3561
f 3367//3367 3561//3561 3368//3368
f 6640//6640 3592//3592 3364//3364
f 3368//3368 3561//3561 3592//3592
f 3592//3592 3591//3591 3364//3364
f 3596//3596 3624//3624 3410//3410
f 6562//6562 3418//3418 6644//6644
f 3414//3414 3594//3594 3416//3416
f 3369//3369 6561//6561 3371//3371
f 3371//3371 6561//6561 6645//6645
f 3371//3371 3370//3370 6641//6641
f 6643//6643 3191//3191 6642//6642
f 3372//3372 3370//3370 3371//3371
f 3371//3371 3600//3600 3372//3372
f 3600//3600 3374//3374 3372//3372
f 6645//6645 3600//3600 3371//3371
f 3600//3600 6644//6644 3602//3602
f 3602//3602 6644//6644 3418//3418
f 3375//3375 3380//3380 3195//3195
f 3379//3379 6567//6567 6651//6651
f 3379//3379 3197//3197 6567//6567
f 6646//6646 6566//6566 6647//6647
f 3193//3193 3194//3194 6648//6648
f 3377//3377 6646//6646 6647//6647
f 6646//6646 3377//3377 6652//6652
f 6652//6652 3377//3377 3605//3605
f 6649//6649 3378//3378 3377//3377
f 3374//3374 6791//6791 6650//6650
f 6650//6650 3376//3376 3374//3374
f 3379//3379 3383//3383 3197//3197
f 3382//3382 3384//3384 3198//3198
f 3384//3384 3420//3420 3198//3198
f 3383//3383 3381//3381 3197//3197
f 3197//3197 3381//3381 3382//3382
f 3379//3379 6651//6651 3383//3383
f 6791//6791 3383//3383 6651//6651
f 3381//3381 3383//3383 3382//3382
f 3383//3383 3384//3384 3382//3382
f 3377//3377 3378//3378 3605//3605
f 3384//3384 6672//6672 3420//3420
f 3607//3607 3384//3384 3383//3383
f 3384//3384 3608//3608 6672//6672
f 6794//6794 3387//3387 6574//6574
f 6654//6654 3212//3212 3385//3385
f 6580//6580 3385//3385 3212//3212
f 3387//3387 6653//6653 3213//3213
f 3385//3385 3614//3614 6654//6654
f 3386//3386 6797//6797 3388//3388
f 6653//6653 3387//3387 3612//3612
f 3612//3612 6797//6797 6653//6653
f 3345//3345 3343//3343 3389//3389
f 6588//6588 3390//3390 3394//3394
f 6589//6589 6659//6659 3393//3393
f 3390//3390 6588//6588 3395//3395
f 3390//3390 3395//3395 3398//3398
f 6590//6590 3393//3393 3391//3391
f 6590//6590 3391//3391 6657//6657
f 3394//3394 3390//3390 3398//3398
f 3391//3391 3393//3393 3392//3392
f 3391//3391 3392//3392 6657//6657
f 3394//3394 3398//3398 3399//3399
f 3392//3392 3393//3393 3396//3396
f 3393//3393 3401//3401 3396//3396
f 3392//3392 3396//3396 6657//6657
f 3395//3395 6658//6658 3398//3398
f 3397//3397 3394//3394 3399//3399
f 3398//3398 6658//6658 3404//3404
f 3397//3397 3399//3399 3618//3618
f 3399//3399 3398//3398 3618//3618
f 3620//3620 3398//3398 3404//3404
f 3400//3400 6582//6582 3584//3584
f 6781//6781 3403//3403 6660//6660
f 6636//6636 6781//6781 3216//3216
f 3393//3393 6659//6659 3403//3403
f 3403//3403 3402//3402 3393//3393
f 3393//3393 3402//3402 3401//3401
f 3396//3396 3401//3401 6661//6661
f 3401//3401 3402//3402 6661//6661
f 3402//3402 3403//3403 3622//3622
f 3215//3215 3405//3405 3357//3357
f 6581//6581 3357//3357 6662//6662
f 3362//3362 3408//3408 3407//3407
f 3408//3408 6640//6640 3405//3405
f 3409//3409 6669//6669 6666//6666
f 6663//6663 3218//3218 3410//3410
f 6663//6663 3411//3411 6667//6667
f 6664//6664 3414//3414 3416//3416
f 3218//3218 3625//3625 3410//3410
f 6663//6663 3410//3410 3411//3411
f 3417//3417 3411//3411 3410//3410
f 3625//3625 3596//3596 3410//3410
f 6665//6665 6802//6802 6670//6670
f 6562//6562 3412//3412 3418//3418
f 3411//3411 3417//3417 3415//3415
f 6667//6667 3411//3411 3415//3415
f 6667//6667 3415//3415 6785//6785
f 6671//6671 3628//3628 6668//6668
f 3628//3628 3594//3594 6668//6668
f 6804//6804 6670//6670 6802//6802
f 3412//3412 3413//3413 3419//3419
f 3412//3412 3419//3419 3418//3418
f 3420//3420 6672//6672 6532//6532
f 3632//3632 3222//3222 3617//3617
f 3617//3617 3222//3222 3397//3397
f 3232//3232 3422//3422 3015//3015
f 3423//3423 3015//3015 3422//3422
f 3423//3423 3637//3637 3218//3218
f 3218//3218 3637//3637 3623//3623
f 3218//3218 3623//3623 3625//3625
f 3638//3638 3242//3242 3424//3424
f 3242//3242 3225//3225 3424//3424
f 3225//3225 3947//3947 3424//3424
f 3947//3947 3224//3224 3016//3016
f 3016//3016 3632//3632 3934//3934
f 3230//3230 3231//3231 3426//3426
f 6674//6674 3426//3426 3231//3231
f 3427//3427 6591//6591 6592//6592
f 6674//6674 3430//3430 3426//3426
f 3229//3229 3425//3425 6673//6673
f 3429//3429 6591//6591 3427//3427
f 6675//6675 3428//3428 3228//3228
f 6675//6675 6676//6676 3428//3428
f 4000//4000 3432//3432 3425//3425
f 3425//3425 3432//3432 6673//6673
f 6679//6679 3429//3429 3427//3427
f 6679//6679 3431//3431 3429//3429
f 6678//6678 6676//6676 6675//6675
f 3426//3426 3641//3641 3230//3230
f 3430//3430 3641//3641 3426//3426
f 3433//3433 3961//3961 3232//3232
f 6676//6676 6678//6678 3663//3663
f 3230//3230 3641//3641 3433//3433
f 6679//6679 6821//6821 3431//3431
f 3433//3433 3962//3962 3961//3961
f 3234//3234 3645//3645 3677//3677
f 3645//3645 3434//3434 3650//3650
f 3435//3435 3241//3241 3651//3651
f 3435//3435 3974//3974 6680//6680
f 3240//3240 3436//3436 3639//3639
f 3652//3652 3240//3240 3639//3639
f 3240//3240 3652//3652 3241//3241
f 3638//3638 3639//3639 3436//3436
f 3244//3244 3638//3638 3436//3436
f 3437//3437 4000//4000 3425//3425
f 3438//3438 3440//3440 3441//3441
f 3438//3438 3441//3441 3439//3439
f 3703//3703 3439//3439 3665//3665
f 3441//3441 3440//3440 3667//3667
f 3441//3441 3667//3667 3675//3675
f 3442//3442 3439//3439 3441//3441
f 3439//3439 3442//3442 3665//3665
f 3677//3677 3667//3667 3440//3440
f 3234//3234 3677//3677 3440//3440
f 3250//3250 3027//3027 3443//3443
f 3678//3678 3709//3709 6698//6698
f 3119//3119 3251//3251 3686//3686
f 6686//6686 6535//6535 3119//3119
f 3686//3686 3683//3683 3119//3119
f 3251//3251 4037//4037 3686//3686
f 3119//3119 3683//3683 3684//3684
f 3251//3251 6878//6878 4037//4037
f 6685//6685 3682//3682 6689//6689
f 3119//3119 3684//3684 6686//6686
f 3681//3681 6686//6686 3684//3684
f 6831//6831 6832//6832 6687//6687
f 3656//3656 3446//3446 6688//6688
f 3255//3255 3447//3447 3253//3253
f 3276//3276 3253//3253 3448//3448
f 3253//3253 3449//3449 3448//3448
f 3255//3255 3453//3453 3699//3699
f 3255//3255 3699//3699 3447//3447
f 3253//3253 3447//3447 3449//3449
f 3699//3699 3700//3700 3447//3447
f 3449//3449 3447//3447 3700//3700
f 3448//3448 3449//3449 3450//3450
f 3483//3483 3448//3448 6691//6691
f 3698//3698 3449//3449 3700//3700
f 3256//3256 3452//3452 3451//3451
f 3248//3248 3454//3454 3452//3452
f 3439//3439 3703//3703 3454//3454
f 3705//3705 3257//3257 3456//3456
f 3456//3456 3257//3257 3455//3455
f 3455//3455 3257//3257 3278//3278
f 3455//3455 4080//4080 3456//3456
f 6469//6469 3259//3259 6829//6829
f 3258//3258 3706//3706 3259//3259
f 3443//3443 3706//3706 3258//3258
f 6540//6540 3466//3466 3457//3457
f 3678//3678 6698//6698 6470//6470
f 6829//6829 3259//3259 3706//3706
f 3460//3460 3463//3463 3262//3262
f 3463//3463 3710//3710 3262//3262
f 3461//3461 3263//3263 3262//3262
f 3461//3461 6693//6693 3263//3263
f 3462//3462 3458//3458 3459//3459
f 3461//3461 3262//3262 3710//3710
f 6865//6865 6695//6695 3461//3461
f 3461//3461 6695//6695 6693//6693
f 3127//3127 3464//3464 6699//6699
f 3457//3457 3466//3466 6694//6694
f 3465//3465 6697//6697 6694//6694
f 3465//3465 6694//6694 3466//3466
f 3465//3465 3466//3466 3708//3708
f 3465//3465 3708//3708 6697//6697
f 6697//6697 3708//3708 6866//6866
f 6862//6862 6699//6699 3464//3464
f 6863//6863 3708//3708 3466//3466
f 3462//3462 4468//4468 3458//3458
f 3711//3711 4468//4468 3462//3462
f 6867//6867 6868//6868 6696//6696
f 3264//3264 3712//3712 6594//6594
f 3712//3712 3264//3264 4056//4056
f 3131//3131 3265//3265 3467//3467
f 6700//6700 3130//3130 3131//3131
f 3469//3469 3468//3468 3267//3267
f 3469//3469 3713//3713 3468//3468
f 3267//3267 3468//3468 3714//3714
f 3470//3470 6701//6701 6869//6869
f 3470//3470 6870//6870 6701//6701
f 6869//6869 6870//6870 3470//3470
f 3472//3472 2948//2948 3471//3471
f 2948//2948 3267//3267 3471//3471
f 6702//6702 2938//2938 3722//3722
f 3722//3722 3472//3472 3723//3723
f 3723//3723 3472//3472 3471//3471
f 6877//6877 3028//3028 3473//3473
f 3495//3495 3727//3727 3492//3492
f 3132//3132 3476//3476 3496//3496
f 3474//3474 3727//3727 3495//3495
f 3727//3727 3474//3474 3730//3730
f 3476//3476 3475//3475 3730//3730
f 3496//3496 3476//3476 3498//3498
f 3476//3476 3730//3730 3498//3498
f 3272//3272 6595//6595 3479//3479
f 6595//6595 3275//3275 3479//3479
f 3272//3272 3480//3480 3475//3475
f 3480//3480 3272//3272 3479//3479
f 3730//3730 3475//3475 3477//3477
f 3477//3477 3475//3475 3480//3480
f 4564//4564 3730//3730 3477//3477
f 3480//3480 3731//3731 3477//3477
f 3478//3478 3275//3275 6596//6596
f 6708//6708 3276//3276 3481//3481
f 3275//3275 3478//3478 3482//3482
f 3275//3275 3482//3482 3479//3479
f 3480//3480 3479//3479 4079//4079
f 3276//3276 3448//3448 3483//3483
f 3276//3276 3483//3483 3481//3481
f 3481//3481 3482//3482 6708//6708
f 3278//3278 6597//6597 3484//3484
f 6709//6709 3277//3277 3142//3142
f 3455//3455 3278//3278 4080//4080
f 6709//6709 3142//3142 3743//3743
f 3737//3737 3486//3486 3485//3485
f 3486//3486 3737//3737 3736//3736
f 3517//3517 3282//3282 6710//6710
f 6885//6885 3769//3769 6710//6710
f 3283//3283 3739//3739 3280//3280
f 3280//3280 3737//3737 3485//3485
f 3488//3488 3285//3285 3490//3490
f 3147//3147 3286//3286 3487//3487
f 3487//3487 3286//3286 3489//3489
f 3488//3488 6711//6711 3286//3286
f 3488//3488 3490//3490 3491//3491
f 3147//3147 3487//3487 3144//3144
f 6887//6887 3144//3144 3487//3487
f 6601//6601 3291//3291 3492//3492
f 3289//3289 3742//3742 3290//3290
f 3290//3290 3742//3742 3490//3490
f 3491//3491 3490//3490 3742//3742
f 4089//4089 6711//6711 3488//3488
f 4089//4089 3488//3488 3491//3491
f 3291//3291 3493//3493 3492//3492
f 3291//3291 3494//3494 6713//6713
f 6713//6713 3494//3494 3499//3499
f 3492//3492 3493//3493 3495//3495
f 6715//6715 3495//3495 3493//3493
f 6601//6601 3492//3492 3727//3727
f 3494//3494 3132//3132 3496//3496
f 3497//3497 3494//3494 3498//3498
f 3494//3494 3496//3496 3498//3498
f 6715//6715 6706//6706 3495//3495
f 3494//3494 3497//3497 3499//3499
f 6716//6716 6714//6714 6707//6707
f 3474//3474 3497//3497 3730//3730
f 3730//3730 3497//3497 3498//3498
f 3294//3294 6602//6602 3501//3501
f 3293//3293 3500//3500 3501//3501
f 3300//3300 3504//3504 3297//3297
f 3142//3142 3151//3151 6603//6603
f 3142//3142 6603//6603 3743//3743
f 6889//6889 3294//3294 3501//3501
f 6889//6889 3501//3501 3500//3500
f 6718//6718 3297//3297 3504//3504
f 3503//3503 6889//6889 3500//3500
f 6717//6717 6719//6719 3744//3744
f 3503//3503 3500//3500 3733//3733
f 6717//6717 3744//3744 3733//3733
f 3504//3504 3300//3300 3505//3505
f 3746//3746 3504//3504 3505//3505
f 3504//3504 3746//3746 4097//4097
f 3508//3508 3507//3507 3301//3301
f 6542//6542 3507//3507 3751//3751
f 3509//3509 3302//3302 3754//3754
f 3754//3754 3302//3302 3756//3756
f 6606//6606 3157//3157 3756//3756
f 3754//3754 3755//3755 3509//3509
f 3509//3509 3755//3755 3508//3508
f 4111//4111 3508//3508 3755//3755
f 3303//3303 3159//3159 3510//3510
f 3157//3157 3156//3156 3303//3303
f 3511//3511 3756//3756 3157//3157
f 3511//3511 3157//3157 3303//3303
f 3303//3303 3510//3510 3511//3511
f 3758//3758 3756//3756 3511//3511
f 3159//3159 3305//3305 3304//3304
f 3306//3306 3761//3761 3307//3307
f 3761//3761 3304//3304 3305//3305
f 3304//3304 3759//3759 3510//3510
f 6607//6607 6897//6897 6896//6896
f 3306//3306 3763//3763 3764//3764
f 3305//3305 3307//3307 3761//3761
f 3761//3761 3306//3306 3764//3764
f 6608//6608 3762//3762 6898//6898
f 6610//6610 4132//4132 3767//3767
f 3512//3512 6614//6614 3514//3514
f 3513//3513 3308//3308 3514//3514
f 3036//3036 3282//3282 3312//3312
f 3311//3311 3516//3516 3313//3313
f 3311//3311 6723//6723 3516//3516
f 3312//3312 3282//3282 3517//3517
f 6723//6723 4139//4139 3516//3516
f 6614//6614 6724//6724 3518//3518
f 6614//6614 3518//3518 3514//3514
f 3518//3518 6724//6724 7156//7156
f 3515//3515 3312//3312 3734//3734
f 6883//6883 6613//6613 6725//6725
f 3518//3518 7156//7156 3514//3514
f 6883//6883 6725//6725 3768//3768
f 3517//3517 6710//6710 3519//3519
f 6899//6899 6726//6726 6727//6727
f 3772//3772 3773//3773 3528//3528
f 3529//3529 3782//3782 3780//3780
f 3551//3551 3795//3795 3797//3797
f 3554//3554 3555//3555 3805//3805
f 3553//3553 3805//3805 3804//3804
f 3805//3805 3555//3555 3798//3798
f 3805//3805 3798//3798 3801//3801
f 3520//3520 3526//3526 3314//3314
f 3526//3526 3529//3529 3314//3314
f 3521//3521 6734//6734 3526//3526
f 6728//6728 3522//3522 6729//6729
f 3520//3520 3521//3521 3526//3526
f 3523//3523 3329//3329 3553//3553
f 3528//3528 6730//6730 3772//3772
f 3523//3523 3522//3522 6728//6728
f 6728//6728 3329//3329 3523//3523
f 6764//6764 6921//6921 6731//6731
f 6729//6729 3525//3525 3524//3524
f 6901//6901 6729//6729 3524//3524
f 3522//3522 3525//3525 6729//6729
f 3522//3522 3523//3523 3525//3525
f 3525//3525 6901//6901 3524//3524
f 6732//6732 6922//6922 6733//6733
f 3331//3331 3527//3527 3330//3330
f 3315//3315 3527//3527 3331//3331
f 3529//3529 3530//3530 3315//3315
f 3529//3529 3315//3315 3314//3314
f 3527//3527 3315//3315 6736//6736
f 3773//3773 3526//3526 6735//6735
f 3526//3526 3773//3773 3529//3529
f 3529//3529 3773//3773 3782//3782
f 3529//3529 3780//3780 3530//3530
f 3807//3807 3527//3527 3806//3806
f 3330//3330 3527//3527 3807//3807
f 6736//6736 3781//3781 3527//3527
f 3806//3806 3811//3811 3807//3807
f 3332//3332 3531//3531 3556//3556
f 3332//3332 3317//3317 3531//3531
f 3531//3531 3535//3535 3534//3534
f 3531//3531 6739//6739 3556//3556
f 6740//6740 3557//3557 3556//3556
f 3317//3317 3532//3532 3531//3531
f 3532//3532 3535//3535 3531//3531
f 3318//3318 3330//3330 3808//3808
f 3318//3318 3808//3808 3533//3533
f 3318//3318 6737//6737 3317//3317
f 3532//3532 3317//3317 6737//6737
f 3532//3532 3542//3542 3535//3535
f 3330//3330 3807//3807 6924//6924
f 3538//3538 3536//3536 6741//6741
f 6742//6742 3537//3537 6740//6740
f 3535//3535 6743//6743 3534//3534
f 6740//6740 3537//3537 3557//3557
f 6749//6749 3538//3538 6741//6741
f 6742//6742 3540//3540 3537//3537
f 3540//3540 3557//3557 3537//3537
f 3539//3539 6744//6744 3541//3541
f 6746//6746 3536//3536 3538//3538
f 6747//6747 3547//3547 6745//6745
f 3540//3540 6742//6742 6745//6745
f 6745//6745 3547//3547 3540//3540
f 3540//3540 3558//3558 3557//3557
f 3540//3540 3547//3547 3558//3558
f 6748//6748 3538//3538 3543//3543
f 3546//3546 6748//6748 3543//3543
f 6748//6748 3546//3546 6755//6755
f 3538//3538 6749//6749 3544//3544
f 3538//3538 3544//3544 3543//3543
f 3544//3544 3546//3546 3543//3543
f 6756//6756 3549//3549 6765//6765
f 3817//3817 3542//3542 3532//3532
f 3817//3817 6750//6750 3542//3542
f 3818//3818 3545//3545 6751//6751
f 6935//6935 6750//6750 3817//3817
f 3546//3546 3544//3544 6752//6752
f 3820//3820 6753//6753 6936//6936
f 3548//3548 6753//6753 3820//3820
f 6752//6752 6759//6759 3546//3546
f 6757//6757 6754//6754 6760//6760
f 6761//6761 6940//6940 3549//3549
f 6940//6940 3842//3842 3549//3549
f 6761//6761 3549//3549 6758//6758
f 3552//3552 3336//3336 3335//3335
f 3335//3335 3873//3873 3552//3552
f 6954//6954 3555//3555 3323//3323
f 3336//3336 3795//3795 3551//3551
f 6763//6763 3795//3795 3336//3336
f 3550//3550 6762//6762 6917//6917
f 3800//3800 3795//3795 6763//6763
f 3554//3554 3805//3805 3553//3553
f 3328//3328 3554//3554 3553//3553
f 3555//3555 6954//6954 3798//3798
f 3550//3550 6918//6918 3832//3832
f 3550//3550 3832//3832 3833//3833
f 3557//3557 3332//3332 3556//3556
f 3333//3333 3557//3557 3558//3558
f 3843//3843 3566//3566 3333//3333
f 3559//3559 3333//3333 3558//3558
f 6766//6766 6765//6765 3549//3549
f 3559//3559 3843//3843 3333//3333
f 3842//3842 6766//6766 3549//3549
f 3583//3583 3863//3863 3872//3872
f 3872//3872 3873//3873 3335//3335
f 6623//6623 3564//3564 3366//3366
f 3561//3561 3366//3366 3560//3560
f 3564//3564 6767//6767 3366//3366
f 3565//3565 6767//6767 3564//3564
f 3561//3561 3560//3560 3562//3562
f 3563//3563 3333//3333 6769//6769
f 6768//6768 3565//3565 3564//3564
f 6769//6769 3333//3333 3566//3566
f 6770//6770 3562//3562 3560//3560
f 3567//3567 3603//3603 3569//3569
f 3568//3568 3567//3567 3569//3569
f 3569//3569 3603//3603 3573//3573
f 6772//6772 3852//3852 3604//3604
f 3852//3852 3574//3574 6790//6790
f 3852//3852 6772//6772 3570//3570
f 6773//6773 3572//3572 3570//3570
f 6772//6772 6773//6773 3570//3570
f 3572//3572 6773//6773 6774//6774
f 3573//3573 3568//3568 3569//3569
f 3570//3570 3572//3572 3571//3571
f 3571//3571 6774//6774 3887//3887
f 3572//3572 6774//6774 3571//3571
f 3575//3575 3606//3606 6775//6775
f 6792//6792 3575//3575 3609//3609
f 3615//3615 3616//3616 3904//3904
f 3904//3904 3905//3905 3615//3615
f 3346//3346 3901//3901 3577//3577
f 3346//3346 3388//3388 3901//3901
f 3901//3901 3388//3388 3615//3615
f 3576//3576 6629//6629 6626//6626
f 3576//3576 6626//6626 3577//3577
f 6626//6626 3346//3346 3577//3577
f 3576//3576 3577//3577 3907//3907
f 6778//6778 3580//3580 6631//6631
f 3335//3335 6631//6631 3580//3580
f 6633//6633 3579//3579 3578//3578
f 6634//6634 6635//6635 6779//6779
f 3580//3580 3583//3583 3335//3335
f 6778//6778 3581//3581 3580//3580
f 3581//3581 6778//6778 6779//6779
f 6776//6776 6779//6779 6635//6635
f 3581//3581 6779//6779 6776//6776
f 3582//3582 3581//3581 6777//6777
f 3580//3580 3581//3581 3583//3583
f 3872//3872 3335//3335 3583//3583
f 3583//3583 3581//3581 3582//3582
f 3583//3583 6780//6780 3863//3863
f 3576//3576 3907//3907 6780//6780
f 6780//6780 3907//3907 3863//3863
f 3621//3621 3910//3910 3618//3618
f 3358//3358 3586//3586 3585//3585
f 3585//3585 3586//3586 3589//3589
f 6636//6636 6782//6782 6781//6781
f 3590//3590 3403//3403 6781//6781
f 6781//6781 6783//6783 3590//3590
f 6781//6781 6782//6782 6783//6783
f 3363//3363 3880//3880 3359//3359
f 3880//3880 3363//3363 3591//3591
f 3360//3360 3359//3359 6975//6975
f 3586//3586 3588//3588 3589//3589
f 3586//3586 3587//3587 3588//3588
f 3587//3587 3586//3586 6637//6637
f 3588//3588 3587//3587 6637//6637
f 6975//6975 3593//3593 3360//3360
f 4279//4279 4280//4280 6783//6783
f 7277//7277 3589//3589 3588//3588
f 6784//6784 3588//3588 6638//6638
f 3881//3881 7277//7277 3588//3588
f 6784//6784 3881//3881 3588//3588
f 6783//6783 4280//4280 3877//3877
f 3590//3590 6783//6783 3877//3877
f 3917//3917 3590//3590 3877//3877
f 3592//3592 3880//3880 3591//3591
f 3592//3592 3561//3561 3562//3562
f 3562//3562 3880//3880 3592//3592
f 3593//3593 6975//6975 6976//6976
f 6786//6786 3595//3595 3628//3628
f 3595//3595 3594//3594 3628//3628
f 3595//3595 3598//3598 3594//3594
f 3598//3598 3416//3416 3594//3594
f 3596//3596 3597//3597 3918//3918
f 3595//3595 6786//6786 6993//6993
f 3933//3933 3597//3597 3596//3596
f 6669//6669 3631//3631 3630//3630
f 3418//3418 3629//3629 3599//3599
f 6669//6669 6788//6788 3631//3631
f 6788//6788 6789//6789 3629//3629
f 3598//3598 3595//3595 6993//6993
f 6789//6789 6788//6788 3923//3923
f 3598//3598 6993//6993 3888//3888
f 3600//3600 3602//3602 3601//3601
f 3600//3600 3601//3601 3604//3604
f 3602//3602 3418//3418 3599//3599
f 6772//6772 3604//3604 3601//3601
f 3567//3567 3601//3601 3603//3603
f 3603//3603 3601//3601 3602//3602
f 6998//6998 3602//3602 3599//3599
f 3603//3603 3602//3602 6998//6998
f 3603//3603 6998//6998 6774//6774
f 3604//3604 3374//3374 3600//3600
f 3374//3374 6775//6775 6791//6791
f 3374//3374 3604//3604 6775//6775
f 3383//3383 6791//6791 3606//3606
f 3606//3606 6791//6791 6775//6775
f 6792//6792 3607//3607 3383//3383
f 3608//3608 3384//3384 3607//3607
f 3608//3608 6795//6795 6672//6672
f 3607//3607 3610//3610 3608//3608
f 3608//3608 6793//6793 6795//6795
f 3609//3609 3607//3607 6792//6792
f 3609//3609 3610//3610 3607//3607
f 3924//3924 6795//6795 6793//6793
f 3892//3892 6795//6795 3924//3924
f 6655//6655 3899//3899 6796//6796
f 6795//6795 3613//3613 6656//6656
f 6795//6795 3892//3892 3613//3613
f 3899//3899 6656//6656 3613//3613
f 3892//3892 3894//3894 3613//3613
f 3894//3894 3899//3899 3613//3613
f 3615//3615 3388//3388 6797//6797
f 6797//6797 3612//3612 3616//3616
f 3899//3899 6798//6798 6796//6796
f 3615//3615 6797//6797 3616//3616
f 3618//3618 3398//3398 3620//3620
f 3619//3619 3397//3397 3618//3618
f 3617//3617 3397//3397 3619//3619
f 6661//6661 3402//3402 6801//6801
f 3404//3404 3622//3622 3913//3913
f 3620//3620 3404//3404 3913//3913
f 3620//3620 3621//3621 3618//3618
f 3621//3621 3620//3620 3913//3913
f 3913//3913 3910//3910 3621//3621
f 3590//3590 3622//3622 3403//3403
f 3627//3627 3625//3625 3623//3623
f 3930//3930 3623//3623 3637//3637
f 3626//3626 3625//3625 3627//3627
f 3930//3930 3627//3627 3623//3623
f 3929//3929 3627//3627 3930//3930
f 6803//6803 3627//3627 3929//3929
f 6804//6804 6802//6802 6787//6787
f 3630//3630 6666//6666 6669//6669
f 3933//3933 3596//3596 3625//3625
f 3625//3625 3626//3626 3933//3933
f 6805//6805 3419//3419 3413//3413
f 3629//3629 3418//3418 3419//3419
f 3631//3631 3629//3629 6805//6805
f 6805//6805 3629//3629 3419//3419
f 3629//3629 3631//3631 6788//6788
f 3925//3925 3632//3632 3617//3617
f 3422//3422 3232//3232 3635//3635
f 3422//3422 3635//3635 3940//3940
f 3633//3633 3637//3637 3423//3423
f 3422//3422 3633//3633 3423//3423
f 3633//3633 3634//3634 3636//3636
f 3636//3636 4324//4324 3633//3633
f 3940//3940 3634//3634 3422//3422
f 3633//3633 3422//3422 3634//3634
f 3941//3941 6808//6808 3634//3634
f 3940//3940 3941//3941 3634//3634
f 3633//3633 4324//4324 3637//3637
f 3637//3637 4324//4324 3930//3930
f 3638//3638 3948//3948 3639//3639
f 3638//3638 3424//3424 3948//3948
f 3639//3639 3944//3944 3655//3655
f 3948//3948 3944//3944 3639//3639
f 3640//3640 3947//3947 3016//3016
f 3934//3934 4334//4334 3016//3016
f 3640//3640 4334//4334 3947//3947
f 3016//3016 4334//4334 3640//3640
f 3432//3432 4000//4000 6822//6822
f 4000//4000 4002//4002 6822//6822
f 3433//3433 3963//3963 3962//3962
f 3642//3642 3963//3963 3433//3433
f 3641//3641 3642//3642 3433//3433
f 3641//3641 3643//3643 3642//3642
f 3644//3644 3677//3677 3645//3645
f 3645//3645 3646//3646 3644//3644
f 3677//3677 3644//3644 3649//3649
f 3646//3646 3648//3648 3644//3644
f 3644//3644 3648//3648 3649//3649
f 3646//3646 3645//3645 3647//3647
f 3648//3648 3646//3646 3647//3647
f 3648//3648 3647//3647 3969//3969
f 3648//3648 3971//3971 3649//3649
f 3649//3649 3971//3971 3677//3677
f 3650//3650 6680//6680 3974//3974
f 3645//3645 3968//3968 3647//3647
f 3645//3645 3650//3650 3968//3968
f 3969//3969 3647//3647 3968//3968
f 3974//3974 3975//3975 3650//3650
f 3653//3653 3651//3651 3241//3241
f 3435//3435 3651//3651 3974//3974
f 3639//3639 3980//3980 3652//3652
f 6811//6811 3241//3241 3654//3654
f 3654//3654 3241//3241 3652//3652
f 3639//3639 3655//3655 3980//3980
f 3652//3652 3980//3980 3654//3654
f 3693//3693 3989//3989 3691//3691
f 3659//3659 6819//6819 3696//3696
f 6812//6812 3691//3691 3658//3658
f 6817//6817 3657//3657 6813//6813
f 3658//3658 3691//3691 3989//3989
f 6814//6814 3659//3659 3696//3696
f 6819//6819 3659//3659 3991//3991
f 3954//3954 3991//3991 3659//3659
f 3988//3988 3657//3657 6817//6817
f 3659//3659 6815//6815 7028//7028
f 3991//3991 3992//3992 6819//6819
f 4393//4393 3992//3992 3991//3991
f 3437//3437 3997//3997 3995//3995
f 3997//3997 3437//3437 3660//3660
f 6681//6681 7033//7033 3661//3661
f 3661//3661 3662//3662 6681//6681
f 3661//3661 7033//7033 3662//3662
f 4001//4001 6681//6681 3662//3662
f 6677//6677 6823//6823 6809//6809
f 4000//4000 3437//3437 7042//7042
f 6809//6809 6823//6823 4003//4003
f 7044//7044 7045//7045 6824//6824
f 3668//3668 3664//3664 6682//6682
f 3442//3442 3441//3441 3664//3664
f 3664//3664 3670//3670 3442//3442
f 3442//3442 6826//6826 3665//3665
f 3665//3665 3666//3666 3703//3703
f 3674//3674 3666//3666 3671//3671
f 3671//3671 3666//3666 3665//3665
f 3704//3704 3666//3666 4010//4010
f 3667//3667 3677//3677 3675//3675
f 6682//6682 3675//3675 3668//3668
f 3669//3669 3664//3664 3668//3668
f 3664//3664 3669//3669 3670//3670
f 6825//6825 3673//3673 3672//3672
f 3669//3669 3668//3668 6828//6828
f 3671//3671 3665//3665 6826//6826
f 6825//6825 3672//3672 6827//6827
f 3668//3668 3675//3675 3673//3673
f 6826//6826 3672//3672 3674//3674
f 6826//6826 3674//3674 3671//3671
f 3673//3673 3675//3675 3676//3676
f 3673//3673 4016//4016 3672//3672
f 3676//3676 4016//4016 3673//3673
f 3674//3674 3672//3672 4012//4012
f 3443//3443 3027//3027 4024//4024
f 3707//3707 3680//3680 3706//3706
f 6829//6829 3706//3706 3680//3680
f 3679//3679 3443//3443 4024//4024
f 6830//6830 6860//6860 6683//6683
f 3680//3680 3709//3709 3678//3678
f 4037//4037 3688//3688 3686//3686
f 3692//3692 6690//6690 6833//6833
f 3684//3684 3685//3685 3681//3681
f 6839//6839 6832//6832 6831//6831
f 3684//3684 3689//3689 3685//3685
f 3694//3694 6832//6832 6839//6839
f 3686//3686 3687//3687 6835//6835
f 6837//6837 6836//6836 6840//6840
f 6838//6838 6841//6841 3689//3689
f 3685//3685 3689//3689 6849//6849
f 3688//3688 3687//3687 3686//3686
f 3689//3689 3985//3985 6849//6849
f 3687//3687 3688//3688 3690//3690
f 3689//3689 6841//6841 6844//6844
f 4042//4042 4040//4040 6842//6842
f 3985//3985 3689//3689 6844//6844
f 6842//6842 7065//7065 4042//4042
f 4041//4041 6845//6845 6843//6843
f 3656//3656 6688//6688 3691//3691
f 3693//3693 6688//6688 6847//6847
f 6688//6688 3693//3693 3691//3691
f 6833//6833 3695//3695 3692//3692
f 3692//3692 3695//3695 6848//6848
f 6850//6850 6852//6852 6834//6834
f 7024//7024 3693//3693 6853//6853
f 7025//7025 6854//6854 6851//6851
f 3660//3660 3446//3446 6855//6855
f 3656//3656 6855//6855 3446//3446
f 6855//6855 3656//3656 6816//6816
f 3450//3450 3449//3449 3697//3697
f 3449//3449 3698//3698 6856//6856
f 4047//4047 6691//6691 6857//6857
f 7071//7071 6856//6856 3698//3698
f 3698//3698 3700//3700 7071//7071
f 3702//3702 3453//3453 6692//6692
f 3453//3453 3702//3702 3699//3699
f 3700//3700 3699//3699 4048//4048
f 3452//3452 3454//3454 3701//3701
f 3701//3701 3454//3454 3666//3666
f 3454//3454 3703//3703 3666//3666
f 3451//3451 3452//3452 3701//3701
f 3451//3451 3701//3701 6858//6858
f 3701//3701 3666//3666 3704//3704
f 3701//3701 3704//3704 4005//4005
f 3705//3705 4024//4024 3027//3027
f 4080//4080 4055//4055 3456//3456
f 4055//4055 3705//3705 3456//3456
f 3705//3705 4055//4055 4024//4024
f 3443//3443 6861//6861 3706//3706
f 4025//4025 6860//6860 6830//6830
f 7057//7057 3680//3680 3707//3707
f 3708//3708 6863//6863 6866//6866
f 6868//6868 4032//4032 7409//7409
f 3458//3458 4468//4468 4469//4469
f 3265//3265 3266//3266 4526//4526
f 6594//6594 3712//3712 7481//7481
f 3469//3469 3718//3718 3713//3713
f 3715//3715 6869//6869 6871//6871
f 6871//6871 3716//3716 3715//3715
f 3715//3715 6870//6870 6869//6869
f 3716//3716 6870//6870 3715//3715
f 3716//3716 3717//3717 6870//6870
f 3714//3714 3717//3717 3721//3721
f 3469//3469 6875//6875 3718//3718
f 3719//3719 3716//3716 6871//6871
f 3719//3719 3717//3717 3716//3716
f 6872//6872 6876//6876 6873//6873
f 3720//3720 4531//4531 6874//6874
f 3719//3719 3721//3721 3717//3717
f 3721//3721 4058//4058 3714//3714
f 3714//3714 4058//4058 3267//3267
f 3267//3267 3723//3723 3471//3471
f 3724//3724 3723//3723 3267//3267
f 3722//3722 3723//3723 4059//4059
f 3267//3267 4058//4058 3724//3724
f 3723//3723 3724//3724 4059//4059
f 4060//4060 4061//4061 6703//6703
f 3725//3725 6704//6704 7083//7083
f 3725//3725 7083//7083 3726//3726
f 3728//3728 4068//4068 6879//6879
f 6881//6881 6880//6880 3729//3729
f 3742//3742 6879//6879 4068//4068
f 3729//3729 3730//3730 4070//4070
f 4070//4070 4066//4066 3729//3729
f 6881//6881 3729//3729 4062//4062
f 3729//3729 4066//4066 4062//4062
f 7522//7522 3477//3477 3731//3731
f 3480//3480 4079//4079 3731//3731
f 3730//3730 4564//4564 4071//4071
f 4071//4071 4072//4072 3730//3730
f 3482//3482 4079//4079 3479//3479
f 3482//3482 3481//3481 4079//4079
f 3732//3732 3481//3481 3483//3483
f 3483//3483 6691//6691 4047//4047
f 4079//4079 3481//3481 3732//3732
f 3483//3483 7071//7071 3732//3732
f 3732//3732 7071//7071 4050//4050
f 3733//3733 3744//3744 4082//4082
f 6889//6889 3733//3733 4081//4081
f 3733//3733 4082//4082 4081//4081
f 3515//3515 3734//3734 3735//3735
f 3738//3738 3280//3280 3739//3739
f 3280//3280 6886//6886 3737//3737
f 3737//3737 6886//6886 4088//4088
f 7102//7102 3736//3736 3737//3737
f 3487//3487 3489//3489 4090//4090
f 3487//3487 4090//4090 6887//6887
f 3741//3741 3740//3740 3739//3739
f 7103//7103 3738//3738 3740//3740
f 3740//3740 3738//3738 3739//3739
f 3741//3741 7103//7103 3740//3740
f 4090//4090 3489//3489 7105//7105
f 3742//3742 3289//3289 6879//6879
f 3729//3729 3727//3727 3730//3730
f 3503//3503 3733//3733 6889//6889
f 3505//3505 6720//6720 3745//3745
f 6718//6718 3504//3504 4097//4097
f 3746//3746 3505//3505 6890//6890
f 3746//3746 6890//6890 3749//3749
f 3744//3744 6719//6719 7112//7112
f 3751//3751 6605//6605 6542//6542
f 3747//3747 3745//3745 6720//6720
f 3506//3506 3748//3748 6891//6891
f 3748//3748 3506//3506 3299//3299
f 3745//3745 3747//3747 3749//3749
f 4099//4099 3749//3749 3747//3747
f 3748//3748 7114//7114 6891//6891
f 3749//3749 4102//4102 3746//3746
f 6892//6892 6605//6605 3751//3751
f 3750//3750 3752//3752 3507//3507
f 3750//3750 3507//3507 3508//3508
f 6893//6893 4105//4105 6721//6721
f 3507//3507 3753//3753 3751//3751
f 6892//6892 3751//3751 4098//4098
f 6722//6722 7118//7118 6895//6895
f 4098//4098 3751//3751 4107//4107
f 3508//3508 4111//4111 3750//3750
f 3754//3754 3756//3756 3755//3755
f 3758//3758 3511//3511 3510//3510
f 3756//3756 3757//3757 3755//3755
f 3510//3510 4117//4117 3758//3758
f 4649//4649 3758//3758 4117//4117
f 3756//3756 3758//3758 4115//4115
f 3510//3510 3759//3759 4119//4119
f 3760//3760 3510//3510 7135//7135
f 3760//3760 7135//7135 4652//4652
f 4117//4117 3510//3510 3760//3760
f 4122//4122 6896//6896 6897//6897
f 7136//7136 6896//6896 4122//4122
f 4124//4124 3764//3764 3763//3763
f 3765//3765 4125//4125 3761//3761
f 3764//3764 3765//3765 3761//3761
f 3765//3765 3764//3764 7142//7142
f 7142//7142 4125//4125 3765//3765
f 6611//6611 3767//3767 6609//6609
f 6898//6898 3762//3762 7143//7143
f 3762//3762 4129//4129 3766//3766
f 3766//3766 7143//7143 3762//3762
f 3308//3308 3513//3513 3309//3309
f 3762//3762 6608//6608 4126//4126
f 3767//3767 7146//7146 6609//6609
f 7147//7147 3762//3762 4128//4128
f 3309//3309 3513//3513 4132//4132
f 3513//3513 3514//3514 4661//4661
f 4661//4661 3514//3514 7156//7156
f 4132//4132 3513//3513 4086//4086
f 6710//6710 3769//3769 3519//3519
f 6883//6883 3768//3768 4142//4142
f 7157//7157 6899//6899 6727//6727
f 3519//3519 3769//3769 7158//7158
f 4139//4139 6723//6723 6884//6884
f 7101//7101 3513//3513 4661//4661
f 4143//4143 4139//4139 6884//6884
f 3735//3735 3734//3734 7159//7159
f 7158//7158 3769//3769 4144//4144
f 3803//3803 4162//4162 3802//3802
f 3802//3802 4162//4162 3801//3801
f 3796//3796 4162//4162 3803//3803
f 3804//3804 3805//3805 3776//3776
f 6903//6903 3770//3770 3778//3778
f 3771//3771 6900//6900 3776//3776
f 3776//3776 3805//3805 3771//3771
f 3805//3805 3801//3801 3771//3771
f 4163//4163 6900//6900 3771//3771
f 3771//3771 3801//3801 4162//4162
f 3770//3770 7189//7189 4164//4164
f 3770//3770 4164//4164 3778//3778
f 3771//3771 4162//4162 7189//7189
f 3773//3773 3772//3772 3782//3782
f 3782//3782 3772//3772 3774//3774
f 3774//3774 3772//3772 6733//6733
f 6922//6922 3774//3774 6733//6733
f 6923//6923 3775//3775 6902//6902
f 6923//6923 6904//6904 3775//3775
f 6904//6904 3777//3777 3775//3775
f 3777//3777 6906//6906 3775//3775
f 6905//6905 3779//3779 3782//3782
f 3775//3775 6906//6906 6902//6902
f 6903//6903 3779//3779 6905//6905
f 3782//3782 3779//3779 3783//3783
f 3778//3778 3779//3779 6903//6903
f 3778//3778 4164//4164 3779//3779
f 3782//3782 3781//3781 3780//3780
f 3806//3806 3781//3781 4167//4167
f 3782//3782 3783//3783 3784//3784
f 3782//3782 3784//3784 3781//3781
f 3806//3806 7190//7190 3787//3787
f 3779//3779 4166//4166 6907//6907
f 3784//3784 3783//3783 4166//4166
f 3821//3821 3815//3815 3785//3785
f 6908//6908 6929//6929 3786//3786
f 3786//3786 6929//6929 3816//3816
f 3806//3806 3787//3787 3811//3811
f 6909//6909 3788//3788 3791//3791
f 3788//3788 6909//6909 3789//3789
f 6911//6911 6908//6908 3786//3786
f 6911//6911 3786//3786 6932//6932
f 3787//3787 3814//3814 3811//3811
f 3788//3788 3789//3789 3793//3793
f 3791//3791 3788//3788 3793//3793
f 6912//6912 6933//6933 3814//3814
f 4169//4169 3787//3787 4170//4170
f 4170//4170 3787//3787 7190//7190
f 4171//4171 3814//3814 7192//7192
f 7192//7192 3814//3814 3787//3787
f 4171//4171 6912//6912 3814//3814
f 7196//7196 3793//3793 6913//6913
f 3785//3785 3790//3790 3821//3821
f 6914//6914 6910//6910 3791//3791
f 6914//6914 3791//3791 3792//3792
f 3792//3792 3791//3791 3793//3793
f 3794//3794 4201//4201 6915//6915
f 3793//3793 4174//4174 3792//3792
f 4180//4180 6915//6915 6916//6916
f 3794//3794 6915//6915 4180//4180
f 4225//4225 4195//4195 6969//6969
f 3873//3873 4195//4195 4199//4199
f 3795//3795 3800//3800 3797//3797
f 3796//3796 3873//3873 4199//4199
f 3797//3797 3800//3800 3799//3799
f 3832//3832 6918//6918 6919//6919
f 6919//6919 3833//3833 3832//3832
f 3801//3801 3798//3798 6954//6954
f 3833//3833 6919//6919 3801//3801
f 6919//6919 3802//3802 3801//3801
f 3802//3802 6919//6919 6920//6920
f 3802//3802 6920//6920 3796//3796
f 3803//3803 3802//3802 3796//3796
f 6736//6736 3780//3780 3781//3781
f 3806//3806 3527//3527 3781//3781
f 6943//6943 6738//6738 6930//6930
f 6944//6944 3532//3532 6737//6737
f 3533//3533 3810//3810 3809//3809
f 3533//3533 3809//3809 6931//6931
f 3807//3807 3812//3812 6924//6924
f 3533//3533 3808//3808 3810//3810
f 3811//3811 3814//3814 3807//3807
f 3807//3807 3814//3814 6925//6925
f 3809//3809 3810//3810 3813//3813
f 3809//3809 3813//3813 6931//6931
f 3810//3810 6926//6926 6927//6927
f 3810//3810 3808//3808 6926//6926
f 3814//3814 6928//6928 6925//6925
f 6928//6928 3814//3814 6933//6933
f 3813//3813 6934//6934 6931//6931
f 3817//3817 3819//3819 6937//6937
f 6939//6939 6941//6941 6938//6938
f 3845//3845 6956//6956 6942//6942
f 3817//3817 3532//3532 6944//6944
f 6944//6944 3819//3819 3817//3817
f 3819//3819 6944//6944 3822//3822
f 3822//3822 6942//6942 3819//3819
f 3845//3845 6942//6942 3822//3822
f 3845//3845 3822//3822 3846//3846
f 3823//3823 3848//3848 6958//6958
f 6945//6945 3846//3846 3822//3822
f 3822//3822 6944//6944 6945//6945
f 6915//6915 4201//4201 6944//6944
f 6944//6944 4201//4201 6945//6945
f 3823//3823 4202//4202 3848//3848
f 7214//7214 6946//6946 4201//4201
f 3825//3825 3828//3828 3826//3826
f 3827//3827 3828//3828 3825//3825
f 3826//3826 3827//3827 3825//3825
f 3827//3827 3826//3826 3824//3824
f 6949//6949 3855//3855 3829//3829
f 3855//3855 6949//6949 6947//6947
f 3827//3827 3830//3830 3828//3828
f 6950//6950 3859//3859 3857//3857
f 6951//6951 6949//6949 3829//3829
f 6952//6952 3859//3859 6950//6950
f 6952//6952 4211//4211 3859//3859
f 4212//4212 6951//6951 3829//3829
f 3855//3855 4212//4212 3829//3829
f 6953//6953 7228//7228 7226//7226
f 4219//4219 4222//4222 3870//3870
f 6966//6966 7238//7238 3876//3876
f 6969//6969 3831//3831 4225//4225
f 4221//4221 4224//4224 3875//3875
f 4224//4224 3831//3831 3875//3875
f 3875//3875 3831//3831 3874//3874
f 4225//4225 3831//3831 4224//4224
f 7239//7239 7236//7236 6972//6972
f 6973//6973 7240//7240 3875//3875
f 3796//3796 6920//6920 3552//3552
f 3873//3873 3796//3796 3552//3552
f 3834//3834 3884//3884 3562//3562
f 3834//3834 3562//3562 3838//3838
f 6771//6771 3844//3844 6770//6770
f 3836//3836 3844//3844 3837//3837
f 3838//3838 3562//3562 3835//3835
f 3562//3562 6770//6770 3835//3835
f 3835//3835 6770//6770 3836//3836
f 3844//3844 3836//3836 6770//6770
f 3838//3838 3835//3835 3839//3839
f 3835//3835 6955//6955 3839//3839
f 3837//3837 3839//3839 6955//6955
f 3834//3834 3838//3838 3840//3840
f 3838//3838 3839//3839 3840//3840
f 3840//3840 3839//3839 3837//3837
f 3834//3834 4239//4239 3884//3884
f 3834//3834 3840//3840 4239//4239
f 3837//3837 3851//3851 3840//3840
f 4239//4239 3841//3841 4240//4240
f 4239//4239 3840//3840 3841//3841
f 3841//3841 3851//3851 7247//7247
f 3851//3851 3841//3841 3840//3840
f 3845//3845 3559//3559 6956//6956
f 3845//3845 3843//3843 3559//3559
f 6771//6771 6957//6957 3844//3844
f 6958//6958 3847//3847 3845//3845
f 3847//3847 3844//3844 6957//6957
f 3847//3847 3843//3843 3845//3845
f 3849//3849 6958//6958 3848//3848
f 3847//3847 6958//6958 3849//3849
f 3844//3844 3850//3850 3837//3837
f 3844//3844 3847//3847 3850//3850
f 4202//4202 3849//3849 3848//3848
f 3849//3849 3850//3850 3847//3847
f 6959//6959 4238//4238 3850//3850
f 3850//3850 3851//3851 3837//3837
f 4238//4238 3851//3851 3850//3850
f 7214//7214 4238//4238 6960//6960
f 7248//7248 3851//3851 4238//4238
f 3855//3855 3854//3854 4247//4247
f 6961//6961 3887//3887 3890//3890
f 3824//3824 3826//3826 3853//3853
f 6961//6961 3853//3853 3852//3852
f 3824//3824 3853//3853 6961//6961
f 6961//6961 3852//3852 3887//3887
f 6948//6948 3854//3854 3855//3855
f 3857//3857 3575//3575 6775//6775
f 3853//3853 3826//3826 3852//3852
f 3828//3828 3574//3574 3852//3852
f 6950//6950 3856//3856 6775//6775
f 3852//3852 3826//3826 3828//3828
f 6775//6775 3856//3856 3857//3857
f 3575//3575 3857//3857 3858//3858
f 6950//6950 3857//3857 3856//3856
f 3857//3857 3859//3859 3858//3858
f 3858//3858 3861//3861 3610//3610
f 4255//4255 3891//3891 3860//3860
f 6962//6962 4217//4217 3860//3860
f 3860//3860 7233//7233 4255//4255
f 3859//3859 3861//3861 3858//3858
f 4266//4266 3867//3867 3907//3907
f 4268//4268 3867//3867 4266//4266
f 4270//4270 3867//3867 4268//4268
f 4265//4265 3862//3862 3908//3908
f 6990//6990 3909//3909 7269//7269
f 3908//3908 3862//3862 7270//7270
f 3864//3864 3863//3863 3907//3907
f 3864//3864 3865//3865 3863//3863
f 3867//3867 3864//3864 3907//3907
f 6963//6963 3869//3869 6970//6970
f 3865//3865 6971//6971 3863//3863
f 3864//3864 3867//3867 3866//3866
f 6965//6965 3868//3868 6964//6964
f 3866//3866 3871//3871 3864//3864
f 3871//3871 6963//6963 3864//3864
f 3869//3869 6963//6963 3871//3871
f 3868//3868 6965//6965 4218//4218
f 6973//6973 3869//3869 3871//3871
f 3868//3868 6967//6967 6964//6964
f 4219//4219 3868//3868 4218//4218
f 3868//3868 3870//3870 6967//6967
f 3868//3868 4219//4219 3870//3870
f 3876//3876 6968//6968 6966//6966
f 6969//6969 3872//3872 3831//3831
f 3874//3874 3831//3831 3872//3872
f 3872//3872 3863//3863 3874//3874
f 3869//3869 3875//3875 3874//3874
f 3875//3875 3869//3869 6973//6973
f 3913//3913 3916//3916 3879//3879
f 3913//3913 6974//6974 3878//3878
f 3913//3913 4278//4278 3915//3915
f 3878//3878 4278//4278 3913//3913
f 3917//3917 3879//3879 3916//3916
f 3877//3877 3879//3879 3917//3917
f 3877//3877 4280//4280 4281//4281
f 6974//6974 4282//4282 3878//3878
f 3877//3877 4281//4281 3879//3879
f 3879//3879 4281//4281 7278//7278
f 3562//3562 3884//3884 3880//3880
f 6976//6976 6975//6975 3883//3883
f 3880//3880 3884//3884 3882//3882
f 6977//6977 7277//7277 3881//3881
f 3884//3884 3885//3885 3882//3882
f 3880//3880 3882//3882 6978//6978
f 3882//3882 3885//3885 6978//6978
f 3884//3884 4234//4234 3885//3885
f 6980//6980 3920//3920 3889//3889
f 3922//3922 3889//3889 3920//3920
f 4285//4285 3886//3886 3921//3921
f 6983//6983 3887//3887 6981//6981
f 6984//6984 6980//6980 3889//3889
f 3889//3889 3922//3922 6984//6984
f 6996//6996 4291//4291 3890//3890
f 6996//6996 3886//3886 4291//4291
f 3887//3887 3852//3852 3570//3570
f 3887//3887 3570//3570 3571//3571
f 3610//3610 3575//3575 3858//3858
f 3575//3575 3610//3610 3609//3609
f 3924//3924 6793//6793 3860//3860
f 3892//3892 3924//3924 3893//3893
f 6793//6793 6962//6962 3860//3860
f 3891//3891 3924//3924 3860//3860
f 6999//6999 3891//3891 4255//4255
f 3893//3893 3895//3895 3892//3892
f 3892//3892 3895//3895 3900//3900
f 3894//3894 3900//3900 3899//3899
f 3892//3892 3900//3900 3894//3894
f 3896//3896 6985//6985 3893//3893
f 3896//3896 3893//3893 3924//3924
f 4257//4257 3897//3897 7000//7000
f 4256//4256 6985//6985 3896//3896
f 4257//4257 7261//7261 3897//3897
f 3900//3900 3895//3895 7261//7261
f 7000//7000 3897//3897 6986//6986
f 7261//7261 6986//6986 3897//3897
f 3899//3899 3898//3898 6798//6798
f 3903//3903 3898//3898 3899//3899
f 4293//4293 3903//3903 3899//3899
f 3899//3899 3900//3900 4293//4293
f 4259//4259 4293//4293 3900//3900
f 3615//3615 3905//3905 3902//3902
f 3577//3577 3901//3901 3909//3909
f 3901//3901 3615//3615 3902//3902
f 6988//6988 3906//3906 6987//6987
f 3906//3906 6799//6799 6987//6987
f 6800//6800 6989//6989 3904//3904
f 3905//3905 3901//3901 3902//3902
f 3905//3905 3909//3909 3901//3901
f 3909//3909 3905//3905 4262//4262
f 4262//4262 3905//3905 3904//3904
f 7266//7266 3906//3906 6988//6988
f 4262//4262 3904//3904 6989//6989
f 3903//3903 4293//4293 4262//4262
f 7269//7269 3909//3909 4262//4262
f 3577//3577 4266//4266 3907//3907
f 3577//3577 3909//3909 6990//6990
f 4266//4266 3577//3577 6991//6991
f 6992//6992 3619//3619 3618//3618
f 3911//3911 3619//3619 6992//6992
f 6992//6992 3914//3914 3911//3911
f 3912//3912 3619//3619 3911//3911
f 3912//3912 4299//4299 3928//3928
f 3622//3622 3590//3590 3913//3913
f 3914//3914 6992//6992 3915//3915
f 3910//3910 3913//3913 3915//3915
f 3911//3911 3914//3914 4271//4271
f 3915//3915 4271//4271 3914//3914
f 3917//3917 3916//3916 3590//3590
f 3590//3590 3916//3916 3913//3913
f 3918//3918 3597//3597 3933//3933
f 7004//7004 3932//3932 6994//6994
f 3932//3932 3931//3931 3921//3921
f 4307//4307 4285//4285 3921//3921
f 4307//4307 3921//3921 3931//3931
f 3931//3931 4308//4308 4307//4307
f 6982//6982 3923//3923 6788//6788
f 3918//3918 3920//3920 6980//6980
f 3918//3918 3919//3919 3920//3920
f 3918//3918 3933//3933 3919//3919
f 6995//6995 3919//3919 3933//3933
f 3919//3919 3922//3922 3920//3920
f 3919//3919 6995//6995 6997//6997
f 3886//3886 6996//6996 3921//3921
f 3887//3887 6774//6774 6998//6998
f 6998//6998 6981//6981 3887//3887
f 4321//4321 3939//3939 7001//7001
f 3936//3936 4316//4316 3937//3937
f 3936//3936 7007//7007 4316//4316
f 3619//3619 3912//3912 3927//3927
f 3617//3617 3619//3619 3927//3927
f 3926//3926 3617//3617 3927//3927
f 7002//7002 3925//3925 3617//3617
f 3926//3926 3927//3927 3928//3928
f 4320//4320 3925//3925 7002//7002
f 3927//3927 3912//3912 3928//3928
f 7287//7287 4320//4320 7003//7003
f 7003//7003 4320//4320 7002//7002
f 6803//6803 3929//3929 3932//3932
f 3929//3929 3930//3930 3931//3931
f 3932//3932 3929//3929 3931//3931
f 4324//4324 3931//3931 3930//3930
f 3931//3931 4324//4324 4308//4308
f 3932//3932 7004//7004 6803//6803
f 4338//4338 4339//4339 3934//3934
f 3934//3934 3935//3935 4334//4334
f 3934//3934 4339//4339 3935//3935
f 4334//4334 3935//3935 4339//4339
f 3632//3632 4338//4338 3934//3934
f 3937//3937 6806//6806 3936//3936
f 4338//4338 3632//3632 3938//3938
f 3632//3632 7006//7006 3938//3938
f 3938//3938 4342//4342 4338//4338
f 3939//3939 7005//7005 6807//6807
f 3939//3939 6807//6807 7001//7001
f 3635//3635 3232//3232 3961//3961
f 3941//3941 3942//3942 6808//6808
f 3941//3941 3940//3940 3942//3942
f 4345//4345 3940//3940 3635//3635
f 3943//3943 3940//3940 4345//4345
f 3635//3635 4344//4344 4345//4345
f 3943//3943 3942//3942 3940//3940
f 6808//6808 3942//3942 7297//7297
f 3942//3942 3943//3943 7298//7298
f 3651//3651 4368//4368 3982//3982
f 4368//4368 3651//3651 3653//3653
f 4368//4368 4371//4371 3982//3982
f 6811//6811 3981//3981 7317//7317
f 4361//4361 4419//4419 3982//3982
f 4371//4371 4361//4361 3982//3982
f 3655//3655 3944//3944 3946//3946
f 3944//3944 3948//3948 3949//3949
f 3944//3944 3949//3949 3950//3950
f 3944//3944 7008//7008 3946//3946
f 4369//4369 7317//7317 3945//3945
f 3945//3945 3984//3984 3946//3946
f 3424//3424 3947//3947 3948//3948
f 3950//3950 3952//3952 4384//4384
f 3949//3949 3952//3952 3950//3950
f 3948//3948 3952//3952 3949//3949
f 7008//7008 4388//4388 3946//3946
f 3951//3951 3948//3948 3947//3947
f 3947//3947 3953//3953 3951//3951
f 3952//3952 3951//3951 4384//4384
f 3951//3951 3952//3952 3948//3948
f 4334//4334 4385//4385 3953//3953
f 3953//3953 4385//4385 3951//3951
f 4334//4334 3953//3953 3947//3947
f 3956//3956 3955//3955 3954//3954
f 3954//3954 3955//3955 3991//3991
f 3991//3991 3955//3955 3993//3993
f 3955//3955 3958//3958 3993//3993
f 3957//3957 3958//3958 3955//3955
f 7010//7010 7012//7012 7009//7009
f 7011//7011 3990//3990 7013//7013
f 7014//7014 3959//3959 7015//7015
f 3958//3958 7335//7335 3993//3993
f 7015//7015 3959//3959 7336//7336
f 3641//3641 4437//4437 3643//3643
f 3963//3963 3642//3642 3960//3960
f 3643//3643 4437//4437 3642//3642
f 3642//3642 4437//4437 3960//3960
f 4394//4394 3960//3960 4437//4437
f 3961//3961 3962//3962 4344//4344
f 4344//4344 3962//3962 3963//3963
f 3963//3963 3960//3960 4395//4395
f 4344//4344 3635//3635 3961//3961
f 4015//4015 4021//4021 4348//4348
f 4021//4021 4347//4347 4348//4348
f 4021//4021 4020//4020 4347//4347
f 3964//3964 4403//4403 4018//4018
f 3965//3965 7341//7341 7018//7018
f 7019//7019 4017//4017 3966//3966
f 3966//3966 7055//7055 3675//3675
f 3675//3675 3677//3677 3971//3971
f 3648//3648 3970//3970 3971//3971
f 3675//3675 3971//3971 3967//3967
f 3966//3966 3967//3967 4409//4409
f 3675//3675 3967//3967 3966//3966
f 3975//3975 3976//3976 3650//3650
f 3650//3650 3976//3976 3968//3968
f 3968//3968 3976//3976 3969//3969
f 3648//3648 3969//3969 3970//3970
f 3969//3969 3972//3972 3970//3970
f 3970//3970 3972//3972 3971//3971
f 3972//3972 3973//3973 3971//3971
f 7020//7020 3967//3967 3971//3971
f 3651//3651 3982//3982 3974//3974
f 3975//3975 3978//3978 3976//3976
f 3975//3975 3974//3974 3978//3978
f 7023//7023 3977//3977 3976//3976
f 3974//3974 4419//4419 3978//3978
f 3977//3977 3979//3979 3976//3976
f 3979//3979 3977//3977 7023//7023
f 3969//3969 3976//3976 3979//3979
f 3969//3969 3979//3979 4420//4420
f 3969//3969 4420//4420 3972//3972
f 4421//4421 3979//3979 7023//7023
f 4419//4419 4421//4421 3978//3978
f 3654//3654 3981//3981 6811//6811
f 3654//3654 3980//3980 3981//3981
f 3655//3655 3983//3983 3980//3980
f 3981//3981 3980//3980 3983//3983
f 3945//3945 7317//7317 3981//3981
f 3982//3982 4419//4419 3974//3974
f 3981//3981 3983//3983 3984//3984
f 3983//3983 3655//3655 3984//3984
f 3655//3655 3946//3946 3984//3984
f 3945//3945 3981//3981 3984//3984
f 3693//3693 7031//7031 3989//3989
f 7024//7024 7031//7031 3693//3693
f 7026//7026 4044//4044 4045//4045
f 3987//3987 3986//3986 7026//7026
f 3986//3986 3990//3990 7026//7026
f 7027//7027 4475//4475 3986//3986
f 7029//7029 6818//6818 7030//7030
f 3659//3659 7028//7028 3989//3989
f 3954//3954 3659//3659 3989//3989
f 3954//3954 3989//3989 3956//3956
f 7031//7031 3956//3956 3989//3989
f 3990//3990 7016//7016 7013//7013
f 7016//7016 3990//3990 3986//3986
f 3992//3992 7039//7039 6819//6819
f 3991//3991 3993//3993 4393//4393
f 3992//3992 4393//4393 7039//7039
f 3994//3994 6820//6820 7034//7034
f 3995//3995 3997//3997 4429//4429
f 7034//7034 3996//3996 3994//3994
f 7032//7032 7035//7035 3998//3998
f 4429//4429 7036//7036 3995//3995
f 7366//7366 3999//3999 7037//7037
f 3999//3999 7366//7366 4434//4434
f 4393//4393 7366//7366 7039//7039
f 7032//7032 4001//4001 3662//3662
f 7032//7032 3998//3998 4001//4001
f 7043//7043 7373//7373 4436//4436
f 7043//7043 7041//7041 7373//7373
f 7041//7041 7043//7043 7040//7040
f 7041//7041 7040//7040 7038//7038
f 4002//4002 4000//4000 4435//4435
f 7374//7374 7045//7045 7044//7044
f 6810//6810 7046//7046 7378//7378
f 7375//7375 4000//4000 7042//7042
f 7043//7043 4436//4436 7376//7376
f 4009//4009 3702//3702 4006//4006
f 6858//6858 3701//3701 7049//7049
f 6859//6859 7053//7053 4004//4004
f 4005//4005 3704//3704 4004//4004
f 4004//4004 7053//7053 4441//4441
f 7048//7048 7049//7049 3701//3701
f 4005//4005 4004//4004 4441//4441
f 4007//4007 7049//7049 7048//7048
f 7382//7382 4007//4007 7048//7048
f 4007//4007 4440//4440 7049//7049
f 7381//7381 4009//4009 4006//4006
f 3674//3674 4012//4012 3666//3666
f 3666//3666 4012//4012 4010//4010
f 4011//4011 4012//4012 4015//4015
f 4012//4012 4011//4011 4010//4010
f 7054//7054 4013//4013 7053//7053
f 4015//4015 4013//4013 7054//7054
f 7053//7053 4013//4013 4441//4441
f 4015//4015 4441//4441 4013//4013
f 4012//4012 4014//4014 4015//4015
f 4019//4019 4014//4014 4012//4012
f 4014//4014 4021//4021 4015//4015
f 4019//4019 4021//4021 4014//4014
f 3675//3675 7055//7055 3676//3676
f 3676//3676 7055//7055 3965//3965
f 7018//7018 3676//3676 3965//3965
f 4016//4016 4022//4022 3672//3672
f 4022//4022 4016//4016 4018//4018
f 4016//4016 3676//3676 4018//4018
f 3964//3964 4018//4018 3676//3676
f 3672//3672 4022//4022 4023//4023
f 4019//4019 4012//4012 4023//4023
f 4012//4012 3672//3672 4023//4023
f 4021//4021 4019//4019 4020//4020
f 4022//4022 4443//4443 4023//4023
f 4018//4018 4445//4445 4022//4022
f 4022//4022 4445//4445 4443//4443
f 4023//4023 4020//4020 4019//4019
f 4444//4444 4020//4020 4023//4023
f 4024//4024 4026//4026 3679//3679
f 7058//7058 4025//4025 6830//6830
f 4026//4026 4024//4024 4027//4027
f 4027//4027 4029//4029 4026//4026
f 3680//3680 7057//7057 4447//4447
f 7058//7058 4028//4028 4025//4025
f 4028//4028 7388//7388 4025//4025
f 7059//7059 4446//4446 4028//4028
f 4446//4446 7388//7388 4028//4028
f 4028//4028 7058//7058 7059//7059
f 6864//6864 4030//4030 4034//4034
f 3709//3709 3680//3680 7060//7060
f 3680//3680 4447//4447 7060//7060
f 7060//7060 4447//4447 4455//4455
f 4455//4455 4460//4460 7060//7060
f 6863//6863 4031//4031 6866//6866
f 6868//6868 6867//6867 4032//4032
f 4031//4031 4033//4033 6866//6866
f 6867//6867 7062//7062 4032//4032
f 6863//6863 7064//7064 4031//4031
f 7061//7061 4035//4035 7063//7063
f 4034//4034 4030//4030 7398//7398
f 4031//4031 7064//7064 4035//4035
f 7062//7062 4462//4462 4032//4032
f 4035//4035 7064//7064 4036//4036
f 4035//4035 4036//4036 7063//7063
f 7063//7063 4036//4036 7404//7404
f 4036//4036 7064//7064 7399//7399
f 4032//4032 4462//4462 7409//7409
f 7399//7399 7404//7404 4036//4036
f 3264//3264 4469//4469 7080//7080
f 4525//4525 7080//7080 4469//4469
f 4060//4060 4535//4535 4061//4061
f 4038//4038 7065//7065 3726//3726
f 3726//3726 4039//4039 4038//4038
f 6843//6843 7066//7066 4041//4041
f 4045//4045 4044//4044 7066//7066
f 4042//4042 4045//4045 4040//4040
f 4044//4044 4041//4041 7066//7066
f 7065//7065 4038//4038 4039//4039
f 7065//7065 4039//4039 4043//4043
f 7065//7065 4043//4043 4042//4042
f 7026//7026 6846//6846 4044//4044
f 6846//6846 4041//4041 4044//4044
f 7026//7026 4045//4045 3987//3987
f 3987//3987 4045//4045 4473//4473
f 4075//4075 4078//4078 4498//4498
f 4050//4050 4079//4079 3732//3732
f 4515//4515 7096//7096 7074//7074
f 4511//4511 4498//4498 4078//4078
f 4498//4498 4511//4511 4499//4499
f 3700//3700 4048//4048 4049//4049
f 7071//7071 3700//3700 4049//4049
f 7073//7073 7072//7072 4053//4053
f 4051//4051 7071//7071 4049//4049
f 4051//4051 4050//4050 7071//7071
f 7076//7076 4052//4052 4049//4049
f 4049//4049 4052//4052 4054//4054
f 4049//4049 4054//4054 4051//4051
f 4515//4515 7074//7074 7075//7075
f 7477//7477 4509//4509 7097//7097
f 4515//4515 7075//7075 4514//4514
f 4514//4514 7075//7075 7079//7079
f 3699//3699 3702//3702 4009//4009
f 3699//3699 4009//4009 4048//4048
f 4048//4048 4009//4009 4008//4008
f 4008//4008 7077//7077 4048//4048
f 4513//4513 4052//4052 7076//7076
f 4513//4513 4054//4054 4052//4052
f 7078//7078 7050//7050 7475//7475
f 4055//4055 4080//4080 4027//4027
f 4055//4055 4027//4027 4024//4024
f 3458//3458 4469//4469 3264//3264
f 3712//3712 4056//4056 7481//7481
f 4526//4526 6700//6700 3265//3265
f 3720//3720 6700//6700 4531//4531
f 3720//3720 3130//3130 6700//6700
f 7487//7487 3721//3721 3719//3719
f 4057//4057 4533//4533 3721//3721
f 7487//7487 4057//4057 3721//3721
f 3721//3721 4533//4533 4058//4058
f 4533//4533 4532//4532 4058//4058
f 3724//3724 4058//4058 4532//4532
f 4532//4532 4059//4059 3724//3724
f 4059//4059 7489//7489 3722//3722
f 3722//3722 7489//7489 6702//6702
f 4532//4532 7489//7489 4059//4059
f 4039//4039 3726//3726 7083//7083
f 7489//7489 4039//4039 7083//7083
f 4543//4543 4096//4096 4095//4095
f 4067//4067 6882//6882 4063//4063
f 6882//6882 7084//7084 4063//4063
f 7084//7084 7086//7086 4063//4063
f 3742//3742 4068//4068 4640//4640
f 4064//4064 4065//4065 6882//6882
f 7085//7085 4068//4068 3728//3728
f 4064//4064 6882//6882 4067//4067
f 4065//4065 4064//4064 4067//4067
f 4066//4066 4070//4070 4073//4073
f 4073//4073 4070//4070 4072//4072
f 4063//4063 4069//4069 4067//4067
f 4063//4063 7086//7086 4069//4069
f 4554//4554 7086//7086 4074//4074
f 4065//4065 4067//4067 4545//4545
f 7086//7086 4554//4554 4069//4069
f 4546//4546 4545//4545 4067//4067
f 7498//7498 7088//7088 7089//7089
f 4068//4068 7085//7085 7497//7497
f 4070//4070 3730//3730 4072//4072
f 4072//4072 4071//4071 4077//4077
f 4072//4072 4077//4077 7090//7090
f 7087//7087 7091//7091 7093//7093
f 7093//7093 7091//7091 4560//4560
f 7092//7092 7095//7095 7517//7517
f 3731//3731 4079//4079 4075//4075
f 4078//4078 4075//4075 4079//4079
f 4075//4075 7522//7522 3731//3731
f 4071//4071 4076//4076 4077//4077
f 4071//4071 7523//7523 4561//4561
f 4561//4561 4076//4076 4071//4071
f 7095//7095 4559//4559 7517//7517
f 7514//7514 4077//4077 4076//4076
f 4565//4565 7522//7522 4075//4075
f 4511//4511 4078//4078 4079//4079
f 3278//3278 3484//3484 4080//4080
f 6889//6889 4081//4081 4083//4083
f 4081//4081 4082//4082 4083//4083
f 6709//6709 3743//3743 4567//4567
f 7098//7098 4567//4567 3743//3743
f 4080//4080 7527//7527 4566//4566
f 3484//3484 7527//7527 4080//4080
f 4100//4100 4103//4103 4101//4101
f 4100//4100 4099//4099 4103//4103
f 4084//4084 4641//4641 4569//4569
f 4642//4642 4103//4103 4577//4577
f 7128//7128 4585//4585 4584//4584
f 4142//4142 7160//7160 6883//6883
f 4661//4661 4605//4605 7101//7101
f 7558//7558 4141//4141 4086//4086
f 7104//7104 3769//3769 6885//6885
f 4087//4087 7160//7160 4142//4142
f 7104//7104 4627//4627 7162//7162
f 3741//3741 3739//3739 4091//4091
f 3741//3741 4633//4633 7103//7103
f 4092//4092 4091//4091 4639//4639
f 4092//4092 3741//3741 4091//4091
f 7104//7104 7580//7580 4627//4627
f 6888//6888 7108//7108 7581//7581
f 3491//3491 4093//4093 4089//4089
f 7106//7106 4093//4093 7110//7110
f 6887//6887 4090//4090 7107//7107
f 4090//4090 7105//7105 4096//4096
f 7581//7581 7108//7108 7587//7587
f 4093//4093 4094//4094 7110//7110
f 4094//4094 4093//4093 3491//3491
f 3742//3742 4640//4640 3491//3491
f 7109//7109 6712//6712 7589//7589
f 7105//7105 4095//4095 4096//4096
f 4096//4096 4637//4637 4090//4090
f 4090//4090 4637//4637 7107//7107
f 4091//4091 7586//7586 4639//4639
f 4082//4082 3744//3744 7112//7112
f 3746//3746 7116//7116 4097//4097
f 4082//4082 7112//7112 4084//4084
f 3748//3748 7113//7113 7114//7114
f 4107//4107 3751//3751 4108//4108
f 7114//7114 7113//7113 7119//7119
f 3749//3749 4100//4100 4102//4102
f 3749//3749 4099//4099 4100//4100
f 7115//7115 7120//7120 7117//7117
f 4100//4100 4101//4101 4102//4102
f 4084//4084 7112//7112 4641//4641
f 7116//7116 7592//7592 4097//4097
f 7592//7592 7116//7116 4104//4104
f 4102//4102 4101//4101 4104//4104
f 4101//4101 4103//4103 4104//4104
f 4642//4642 4104//4104 4103//4103
f 7118//7118 7121//7121 6895//6895
f 3753//3753 7122//7122 3751//3751
f 7118//7118 4106//4106 7121//7121
f 4105//4105 6893//6893 7129//7129
f 4111//4111 6894//6894 3750//3750
f 7130//7130 4106//4106 7118//7118
f 4107//4107 4583//4583 4103//4103
f 4107//4107 4110//4110 4583//4583
f 4106//4106 7130//7130 4109//4109
f 4106//4106 4109//4109 7121//7121
f 7123//7123 7124//7124 7126//7126
f 4108//4108 4110//4110 4107//4107
f 3755//3755 4114//4114 4111//4111
f 7124//7124 7538//7538 7126//7126
f 7125//7125 7128//7128 4584//4584
f 3757//3757 3756//3756 4113//4113
f 3755//3755 3757//3757 4114//4114
f 4113//4113 4112//4112 3757//3757
f 4112//4112 4113//4113 4116//4116
f 4114//4114 3757//3757 4591//4591
f 3757//3757 4116//4116 7547//7547
f 4112//4112 4116//4116 3757//3757
f 4647//4647 4114//4114 4591//4591
f 4111//4111 4114//4114 4643//4643
f 4643//4643 4114//4114 4644//4644
f 4114//4114 4647//4647 4644//4644
f 3756//3756 4115//4115 4113//4113
f 4115//4115 3758//3758 4118//4118
f 3758//3758 4649//4649 7134//7134
f 4115//4115 7132//7132 4113//4113
f 7132//7132 4115//4115 4118//4118
f 4116//4116 7134//7134 7547//7547
f 4117//4117 3760//3760 4120//4120
f 3760//3760 4652//4652 7137//7137
f 4117//4117 4121//4121 4649//4649
f 7133//7133 7138//7138 7139//7139
f 7547//7547 7134//7134 4649//4649
f 4651//4651 4650//4650 7139//7139
f 7138//7138 4651//4651 7139//7139
f 4121//4121 7598//7598 4649//4649
f 7599//7599 7137//7137 4652//4652
f 4122//4122 6897//6897 7145//7145
f 7136//7136 4122//4122 4123//4123
f 4652//4652 7135//7135 7140//7140
f 7145//7145 7144//7144 4122//4122
f 4122//4122 7144//7144 4597//4597
f 3766//3766 4129//4129 4127//4127
f 4126//4126 4128//4128 3762//3762
f 4130//4130 4127//4127 4129//4129
f 4127//4127 4130//4130 3766//3766
f 7149//7149 7148//7148 4131//4131
f 3766//3766 4131//4131 7143//7143
f 4131//4131 7148//7148 4655//4655
f 4131//4131 3766//3766 7149//7149
f 7550//7550 7143//7143 4131//4131
f 4597//4597 4596//4596 4122//4122
f 4132//4132 4086//4086 4140//4140
f 7146//7146 3767//3767 4134//4134
f 3767//3767 4132//4132 4140//4140
f 4133//4133 4128//4128 4126//4126
f 4133//4133 4126//4126 7150//7150
f 7147//7147 4128//4128 4085//4085
f 4128//4128 4135//4135 4085//4085
f 4128//4128 4133//4133 4135//4135
f 3767//3767 4140//4140 4656//4656
f 4134//4134 3767//3767 4138//4138
f 3767//3767 4656//4656 4138//4138
f 4135//4135 4136//4136 4085//4085
f 4133//4133 4137//4137 4135//4135
f 4135//4135 4137//4137 7151//7151
f 7152//7152 4138//4138 4657//4657
f 7152//7152 7153//7153 4138//4138
f 4138//4138 4656//4656 4657//4657
f 7154//7154 4133//4133 7150//7150
f 7155//7155 7154//7154 7150//7150
f 4655//4655 7148//7148 4599//4599
f 7148//7148 7100//7100 4599//4599
f 7161//7161 4661//4661 7156//7156
f 4140//4140 4086//4086 4141//4141
f 7602//7602 4140//4140 4141//4141
f 7602//7602 4141//4141 4658//4658
f 4659//4659 4658//4658 4141//4141
f 4141//4141 7558//7558 4659//4659
f 3769//3769 7104//7104 7162//7162
f 4087//4087 4142//4142 7163//7163
f 4628//4628 4087//4087 7163//7163
f 4661//4661 7161//7161 4662//4662
f 4149//4149 4165//4165 4145//4145
f 7165//7165 4146//4146 4147//4147
f 4148//4148 7166//7166 7168//7168
f 7173//7173 7166//7166 4148//4148
f 7169//7169 4160//4160 7171//7171
f 4663//4663 4664//4664 4150//4150
f 4149//4149 4663//4663 4150//4150
f 4175//4175 4150//4150 4664//4664
f 4664//4664 4665//4665 4175//4175
f 4175//4175 4154//4154 4181//4181
f 4154//4154 4186//4186 4181//4181
f 4151//4151 4156//4156 4152//4152
f 4185//4185 7175//7175 4189//4189
f 7202//7202 4154//4154 4151//4151
f 7202//7202 4151//4151 4152//4152
f 7200//7200 7202//7202 4152//4152
f 4153//4153 4152//4152 4156//4156
f 4156//4156 4151//4151 4154//4154
f 4154//4154 4175//4175 4156//4156
f 4155//4155 7176//7176 4666//4666
f 7181//7181 4667//4667 7612//7612
f 4666//4666 7176//7176 7182//7182
f 7178//7178 7175//7175 7177//7177
f 7178//7178 4189//4189 7175//7175
f 7179//7179 4668//4668 7206//7206
f 7180//7180 7613//7613 7618//7618
f 4665//4665 4156//4156 4175//4175
f 7616//7616 7183//7183 7610//7610
f 4672//4672 7206//7206 4668//4668
f 4157//4157 4196//4196 4159//4159
f 7170//7170 7167//7167 4158//4158
f 7185//7185 4158//4158 7167//7167
f 4159//4159 4146//4146 4157//4157
f 7184//7184 7186//7186 4160//4160
f 7184//7184 4160//4160 7169//7169
f 4162//4162 3796//3796 4165//4165
f 4165//4165 3796//3796 4161//4161
f 3796//3796 4146//4146 4161//4161
f 7165//7165 4161//4161 4146//4146
f 4165//4165 4161//4161 7165//7165
f 4162//4162 4164//4164 7189//7189
f 4165//4165 4164//4164 4162//4162
f 4164//4164 4166//4166 3779//3779
f 4165//4165 4149//4149 4164//4164
f 4168//4168 7171//7171 4693//4693
f 7191//7191 3784//3784 4166//4166
f 3784//3784 4167//4167 3781//3781
f 7191//7191 4176//4176 4172//4172
f 4149//4149 4176//4176 4164//4164
f 4164//4164 4176//4176 4166//4166
f 4166//4166 4176//4176 7191//7191
f 4150//4150 4176//4176 4149//4149
f 4168//4168 7174//7174 7172//7172
f 7174//7174 4168//4168 7609//7609
f 4169//4169 4170//4170 7198//7198
f 4173//4173 7197//7197 7193//7193
f 7195//7195 7191//7191 4172//4172
f 4173//4173 4174//4174 7197//7197
f 4174//4174 4173//4173 4175//4175
f 4176//4176 4177//4177 4172//4172
f 4172//4172 4177//4177 7194//7194
f 7194//7194 4177//4177 7199//7199
f 4179//4179 4174//4174 4175//4175
f 4150//4150 4175//4175 4177//4177
f 7199//7199 4177//4177 4175//4175
f 4177//4177 4176//4176 4150//4150
f 3793//3793 7196//7196 4174//4174
f 4178//4178 3794//3794 4180//4180
f 4201//4201 3794//3794 4178//4178
f 4179//4179 3792//3792 4174//4174
f 4180//4180 6916//6916 4179//4179
f 4180//4180 4184//4184 4178//4178
f 4179//4179 4175//4175 4180//4180
f 4180//4180 4182//4182 4183//4183
f 4183//4183 4184//4184 4180//4180
f 4180//4180 4175//4175 4181//4181
f 4182//4182 4180//4180 4181//4181
f 4186//4186 4182//4182 4181//4181
f 4186//4186 4183//4183 4182//4182
f 4184//4184 4183//4183 4186//4186
f 4184//4184 4186//4186 7201//7201
f 4178//4178 4184//4184 4188//4188
f 4189//4189 4187//4187 4185//4185
f 4185//4185 4188//4188 4184//4184
f 4185//4185 4187//4187 4188//4188
f 7205//7205 7203//7203 4673//4673
f 4204//4204 4188//4188 7622//7622
f 4187//4187 4189//4189 4679//4679
f 7206//7206 4672//4672 4676//4676
f 4676//4676 7630//7630 7206//7206
f 7204//7204 7631//7631 4683//4683
f 7203//7203 7634//7634 4673//4673
f 4218//4218 4190//4190 4223//4223
f 4223//4223 4191//4191 4224//4224
f 4193//4193 4191//4191 4190//4190
f 4224//4224 4191//4191 4192//4192
f 4263//4263 4193//4193 4218//4218
f 4193//4193 4190//4190 4218//4218
f 4191//4191 4223//4223 4190//4190
f 4192//4192 4225//4225 4224//4224
f 7210//7210 4225//4225 4192//4192
f 4191//4191 4194//4194 4192//4192
f 4194//4194 7210//7210 4192//4192
f 4193//4193 4194//4194 4191//4191
f 4220//4220 4198//4198 7208//7208
f 7207//7207 4220//4220 7208//7208
f 4220//4220 4735//4735 4198//4198
f 4198//4198 4735//4735 7187//7187
f 7210//7210 4195//4195 4225//4225
f 7210//7210 4199//4199 4195//4195
f 4197//4197 7188//7188 7211//7211
f 4197//4197 7211//7211 7209//7209
f 7208//7208 4198//4198 7212//7212
f 4198//4198 7187//7187 7212//7212
f 4146//4146 3796//3796 4157//4157
f 4157//4157 4199//4199 7210//7210
f 4199//4199 4157//4157 3796//3796
f 4242//4242 4200//4200 4243//4243
f 4200//4200 4242//4242 4203//4203
f 4201//4201 4188//4188 7214//7214
f 4188//4188 4201//4201 4178//4178
f 7214//7214 4188//4188 4205//4205
f 7623//7623 4206//4206 7215//7215
f 4204//4204 4205//4205 4188//4188
f 4205//4205 4204//4204 7217//7217
f 7218//7218 4203//4203 7216//7216
f 7218//7218 4200//4200 4203//4203
f 7213//7213 7219//7219 4207//4207
f 4207//4207 7219//7219 4697//4697
f 4251//4251 4208//4208 4212//4212
f 7223//7223 4210//4210 4209//4209
f 4208//4208 4251//4251 4253//4253
f 4208//4208 4253//4253 7225//7225
f 4209//4209 4210//4210 4214//4214
f 4212//4212 4208//4208 4213//4213
f 7224//7224 4213//4213 4208//4208
f 7229//7229 4209//4209 4214//4214
f 7234//7234 3859//3859 4211//4211
f 4212//4212 4215//4215 7227//7227
f 7230//7230 7234//7234 4211//4211
f 4216//4216 4215//4215 4701//4701
f 7231//7231 7234//7234 7230//7230
f 4215//4215 4212//4212 4213//4213
f 4213//4213 4701//4701 4215//4215
f 7234//7234 7231//7231 4700//4700
f 7640//7640 7232//7232 7642//7642
f 7267//7267 4264//4264 4220//4220
f 4270//4270 4218//4218 3867//3867
f 4218//4218 4226//4226 4219//4219
f 4226//4226 4222//4222 4219//4219
f 4263//4263 4218//4218 4269//4269
f 4218//4218 4268//4268 4269//4269
f 7207//7207 7267//7267 4220//4220
f 4226//4226 4224//4224 4221//4221
f 7237//7237 7241//7241 7242//7242
f 4223//4223 4226//4226 4218//4218
f 4226//4226 4223//4223 4224//4224
f 4735//4735 4738//4738 7186//7186
f 4276//4276 4277//4277 4227//4227
f 4227//4227 4277//4277 4231//4231
f 4228//4228 4227//4227 4230//4230
f 4228//4228 4745//4745 4276//4276
f 4227//4227 4228//4228 4276//4276
f 4227//4227 4231//4231 7244//7244
f 4705//4705 7243//7243 4713//4713
f 7243//7243 4705//4705 7657//7657
f 4278//4278 4717//4717 4229//4229
f 3878//3878 4717//4717 4278//4278
f 4277//4277 4229//4229 4231//4231
f 4278//4278 4229//4229 4277//4277
f 4228//4228 4230//4230 7648//7648
f 4231//4231 4229//4229 4714//4714
f 4280//4280 4279//4279 4232//4232
f 4235//4235 4237//4237 6979//6979
f 4235//4235 6979//6979 4234//4234
f 4281//4281 4280//4280 4233//4233
f 7245//7245 4233//4233 4280//4280
f 4233//4233 7245//7245 4722//4722
f 4746//4746 4233//4233 4722//4722
f 4239//4239 4243//4243 3884//3884
f 3884//3884 7249//7249 4234//4234
f 4236//4236 4234//4234 7249//7249
f 4235//4235 4234//4234 4244//4244
f 4237//4237 4235//4235 7250//7250
f 4236//4236 4244//4244 4234//4234
f 7250//7250 4246//4246 4237//4237
f 4730//4730 7277//7277 7246//7246
f 7252//7252 4730//4730 7246//7246
f 4730//4730 7245//7245 7277//7277
f 7245//7245 4730//4730 4723//4723
f 4722//4722 7245//7245 4723//4723
f 4722//4722 4724//4724 4746//4746
f 4238//4238 7214//7214 4205//4205
f 4238//4238 4205//4205 7248//7248
f 4242//4242 7216//7216 4203//4203
f 4240//4240 4241//4241 4239//4239
f 4242//4242 4240//4240 7216//7216
f 4243//4243 4241//4241 4242//4242
f 4241//4241 4243//4243 4239//4239
f 4242//4242 4241//4241 4240//4240
f 4207//4207 7249//7249 7213//7213
f 4245//4245 4236//4236 7249//7249
f 7249//7249 4207//4207 4245//4245
f 4245//4245 4244//4244 4236//4236
f 4244//4244 4245//4245 7253//7253
f 4245//4245 4207//4207 4697//4697
f 4729//4729 7254//7254 7251//7251
f 4292//4292 7255//7255 6961//6961
f 4250//4250 4247//4247 4248//4248
f 7256//7256 4249//4249 7258//7258
f 4250//4250 4248//4248 4252//4252
f 7259//7259 7258//7258 4249//4249
f 7259//7259 4249//4249 4764//4764
f 4212//4212 4247//4247 4250//4250
f 4247//4247 4212//4212 3855//3855
f 4212//4212 4250//4250 4251//4251
f 4251//4251 4250//4250 4252//4252
f 4251//4251 7259//7259 4253//4253
f 4253//4253 7259//7259 4254//4254
f 7259//7259 4764//4764 4254//4254
f 7260//7260 4254//4254 4310//4310
f 4747//4747 4254//4254 4764//4764
f 4254//4254 4747//4747 4310//4310
f 4310//4310 4210//4210 7260//7260
f 4210//4210 4749//4749 4214//4214
f 7234//7234 3861//3861 3859//3859
f 4255//4255 7233//7233 4257//4257
f 4255//4255 4257//4257 7000//7000
f 4260//4260 7261//7261 4257//4257
f 4260//4260 4257//4257 7233//7233
f 3900//3900 7261//7261 4258//4258
f 4258//4258 4260//4260 3900//3900
f 3900//3900 7262//7262 4259//4259
f 4260//4260 4258//4258 7261//7261
f 7262//7262 4261//4261 4259//4259
f 4700//4700 4261//4261 7262//7262
f 4700//4700 7262//7262 7234//7234
f 4262//4262 4293//4293 4259//4259
f 4261//4261 4262//4262 4259//4259
f 4263//4263 4262//4262 4261//4261
f 7268//7268 7263//7263 4733//4733
f 4264//4264 7267//7267 7264//7264
f 4733//4733 4734//4734 7268//7268
f 4268//4268 3862//3862 4265//4265
f 7270//7270 3862//3862 4268//4268
f 7269//7269 4263//4263 4267//4267
f 4263//4263 4269//4269 4267//4267
f 4268//4268 4265//4265 7271//7271
f 7271//7271 4269//4269 4268//4268
f 4263//4263 7269//7269 4262//4262
f 4218//4218 4270//4270 4268//4268
f 4737//4737 4305//4305 4273//4273
f 4275//4275 4271//4271 3915//3915
f 3912//3912 4271//4271 4272//4272
f 4272//4272 4271//4271 4275//4275
f 4273//4273 7272//7272 4274//4274
f 4304//4304 4306//4306 7273//7273
f 7275//7275 7274//7274 7276//7276
f 4702//4702 4273//4273 4274//4274
f 4278//4278 4275//4275 3915//3915
f 4277//4277 4276//4276 4275//4275
f 4277//4277 4275//4275 4278//4278
f 4745//4745 7276//7276 4276//4276
f 7275//7275 7276//7276 4745//4745
f 3878//3878 4282//4282 4716//4716
f 4716//4716 4717//4717 3878//3878
f 4282//4282 4284//4284 4716//4716
f 3885//3885 4283//4283 6978//6978
f 4283//4283 7277//7277 6977//6977
f 7277//7277 4283//4283 7246//7246
f 7246//7246 4283//4283 3885//3885
f 7279//7279 7278//7278 4281//4281
f 4281//4281 4233//4233 7279//7279
f 4233//4233 4746//4746 7279//7279
f 4719//4719 4716//4716 4284//4284
f 7649//7649 7280//7280 7659//7659
f 7281//7281 7289//7289 4286//4286
f 7281//7281 4287//4287 7284//7284
f 4288//4288 4287//4287 7281//7281
f 4286//4286 4288//4288 7281//7281
f 4288//4288 7284//7284 4287//4287
f 7284//7284 4288//4288 7257//7257
f 4289//4289 7257//7257 4288//4288
f 4289//4289 4288//4288 4290//4290
f 4290//4290 7257//7257 4289//4289
f 6961//6961 4291//4291 4292//4292
f 6961//6961 3890//3890 4291//4291
f 4292//4292 4291//4291 4285//4285
f 3886//3886 4285//4285 4291//4291
f 7256//7256 7282//7282 4249//4249
f 4783//4783 4310//4310 4747//4747
f 4210//4210 4310//4310 4765//4765
f 4322//4322 4296//4296 4319//4319
f 4320//4320 4300//4300 4294//4294
f 7285//7285 4297//4297 4295//4295
f 4323//4323 4295//4295 4297//4297
f 4763//4763 4323//4323 4297//4297
f 7285//7285 4763//4763 4297//4297
f 4298//4298 4762//4762 4319//4319
f 4296//4296 7286//7286 4319//4319
f 7288//7288 4299//4299 3912//3912
f 4303//4303 7287//7287 4304//4304
f 4304//4304 7287//7287 4306//4306
f 4300//4300 4301//4301 4302//4302
f 4320//4320 4303//4303 4301//4301
f 7287//7287 4303//4303 4320//4320
f 4320//4320 4301//4301 4300//4300
f 4294//4294 4302//4302 4305//4305
f 4294//4294 4300//4300 4302//4302
f 4304//4304 4302//4302 4301//4301
f 4303//4303 4304//4304 4301//4301
f 7285//7285 4305//4305 4737//4737
f 4305//4305 4302//4302 4304//4304
f 4305//4305 4304//4304 4273//4273
f 4737//4737 4763//4763 7285//7285
f 4271//4271 3912//3912 3911//3911
f 3912//3912 4272//4272 7288//7288
f 7272//7272 4273//4273 4304//4304
f 4307//4307 4308//4308 4288//4288
f 4308//4308 4309//4309 7283//7283
f 7290//7290 4764//4764 7282//7282
f 7289//7289 4288//4288 4286//4286
f 4288//4288 4308//4308 4290//4290
f 7282//7282 4764//4764 4249//4249
f 4314//4314 4311//4311 4343//4343
f 4311//4311 4313//4313 4334//4334
f 4312//4312 4776//4776 4340//4340
f 4334//4334 4312//4312 4340//4340
f 4313//4313 4312//4312 4334//4334
f 7006//7006 4318//4318 3938//3938
f 3937//3937 4316//4316 7293//7293
f 4343//4343 7293//7293 4319//4319
f 4759//4759 4343//4343 4319//4319
f 4343//4343 4315//4315 4314//4314
f 4315//4315 4343//4343 4759//4759
f 4314//4314 4315//4315 4779//4779
f 4314//4314 4779//4779 4313//4313
f 4314//4314 4313//4313 4311//4311
f 4779//4779 4315//4315 4757//4757
f 4316//4316 7007//7007 4317//4317
f 4319//4319 7293//7293 4316//4316
f 4316//4316 4317//4317 4322//4322
f 4321//4321 7294//7294 7292//7292
f 3939//3939 4321//4321 7292//7292
f 4319//4319 4316//4316 4322//4322
f 4762//4762 4759//4759 4319//4319
f 7001//7001 4295//4295 4321//4321
f 7285//7285 4295//4295 7001//7001
f 4320//4320 4294//4294 3925//3925
f 4321//4321 7295//7295 7294//7294
f 4296//4296 4322//4322 7663//7663
f 4295//4295 4323//4323 4321//4321
f 4322//4322 7296//7296 7663//7663
f 4396//4396 4346//4346 7298//7298
f 4309//4309 4308//4308 4324//4324
f 7298//7298 4346//4346 7290//7290
f 4782//4782 7290//7290 4346//4346
f 7290//7290 4782//4782 4764//4764
f 4347//4347 4408//4408 4783//4783
f 4310//4310 4794//4794 4784//4784
f 4783//4783 4325//4325 4310//4310
f 4310//4310 4325//4325 4794//4794
f 4327//4327 4329//4329 4787//4787
f 4328//4328 4329//4329 4327//4327
f 4329//4329 4330//4330 4787//4787
f 4787//4787 4330//4330 4379//4379
f 4366//4366 4376//4376 4328//4328
f 4329//4329 4328//4328 4376//4376
f 4330//4330 4374//4374 4379//4379
f 4331//4331 4332//4332 4788//4788
f 4791//4791 4383//4383 7671//7671
f 4788//4788 7327//7327 4331//4331
f 4384//4384 4385//4385 4340//4340
f 7328//7328 7303//7303 4341//4341
f 4773//4773 4392//4392 4389//4389
f 4332//4332 4331//4331 4333//4333
f 4392//4392 4333//4333 4331//4331
f 4333//4333 4392//4392 4774//4774
f 4334//4334 4340//4340 4385//4385
f 4773//4773 7330//7330 4336//4336
f 4335//4335 4341//4341 4337//4337
f 4777//4777 4337//4337 4341//4341
f 4792//4792 7331//7331 7302//7302
f 4339//4339 4338//4338 4343//4343
f 4334//4334 4339//4339 4311//4311
f 4343//4343 4311//4311 4339//4339
f 7303//7303 4776//4776 4341//4341
f 4776//4776 4777//4777 4341//4341
f 3938//3938 4318//4318 4342//4342
f 4342//4342 4343//4343 4338//4338
f 7293//7293 4343//4343 4342//4342
f 4344//4344 4396//4396 4345//4345
f 3943//3943 4345//4345 7298//7298
f 4345//4345 4396//4396 7298//7298
f 4396//4396 4398//4398 4346//4346
f 4401//4401 4793//4793 4440//4440
f 7669//7669 4348//4348 4347//4347
f 7340//7340 4348//4348 7669//7669
f 4349//4349 4410//4410 4325//4325
f 4325//4325 4410//4410 4794//4794
f 7305//7305 4350//4350 7341//7341
f 4407//4407 7341//7341 4350//4350
f 4350//4350 7305//7305 7299//7299
f 7345//7345 7306//7306 4408//4408
f 7306//7306 4325//4325 4408//4408
f 4783//4783 4408//4408 4325//4325
f 4351//4351 4360//4360 4352//4352
f 4357//4357 4360//4360 4351//4351
f 4360//4360 4354//4354 4352//4352
f 4354//4354 4418//4418 4352//4352
f 4794//4794 4353//4353 7308//7308
f 4353//4353 4794//4794 7354//7354
f 7355//7355 7308//7308 4353//4353
f 4419//4419 4363//4363 4421//4421
f 4421//4421 4362//4362 4355//4355
f 4421//4421 4363//4363 4362//4362
f 7307//7307 4326//4326 7310//7310
f 7307//7307 4411//4411 4326//4326
f 7300//7300 7347//7347 4795//4795
f 4365//4365 4356//4356 4362//4362
f 4362//4362 4356//4356 4355//4355
f 4356//4356 4367//4367 4358//4358
f 4356//4356 4365//4365 4367//4367
f 4326//4326 4359//4359 7310//7310
f 4360//4360 4357//4357 7312//7312
f 7316//7316 4786//4786 7311//7311
f 4765//4765 7313//7313 7300//7300
f 4765//4765 4784//4784 7313//7313
f 4354//4354 4360//4360 7312//7312
f 4786//4786 7678//7678 7311//7311
f 7357//7357 7322//7322 7314//7314
f 4361//4361 4376//4376 4419//4419
f 4376//4376 4361//4361 4374//4374
f 4374//4374 4361//4361 4371//4371
f 4365//4365 4362//4362 4364//4364
f 4363//4363 4364//4364 4362//4362
f 4363//4363 4376//4376 4366//4366
f 4365//4365 4364//4364 7316//7316
f 7316//7316 4364//4364 4363//4363
f 7316//7316 4363//4363 4366//4366
f 4366//4366 4786//4786 7316//7316
f 7317//7317 4372//4372 7319//7319
f 4372//4372 7317//7317 4369//4369
f 3945//3945 3946//3946 4370//4370
f 4370//4370 3946//3946 4380//4380
f 4381//4381 7318//7318 7325//7325
f 4372//4372 4369//4369 4370//4370
f 4369//4369 3945//3945 4370//4370
f 7326//7326 4375//4375 4370//4370
f 7319//7319 4372//4372 4373//4373
f 4370//4370 4375//4375 4373//4373
f 4370//4370 4373//4373 4372//4372
f 4375//4375 7326//7326 4383//4383
f 4374//4374 4371//4371 4377//4377
f 7320//7320 4377//4377 4371//4371
f 4375//4375 4383//4383 4378//4378
f 4375//4375 4378//4378 4373//4373
f 4376//4376 4374//4374 4329//4329
f 4329//4329 4374//4374 4330//4330
f 7673//7673 4789//4789 7324//7324
f 7324//7324 7323//7323 7321//7321
f 4374//4374 4377//4377 4379//4379
f 7672//7672 4379//4379 4377//4377
f 4789//4789 7323//7323 7324//7324
f 4380//4380 3946//3946 4391//4391
f 4381//4381 7325//7325 4382//4382
f 4382//4382 7325//7325 7334//7334
f 3946//3946 7329//7329 4391//4391
f 4382//4382 7327//7327 4381//4381
f 4331//4331 4382//4382 7334//7334
f 7327//7327 4382//4382 4331//4331
f 4383//4383 4791//4791 4378//4378
f 3951//3951 4385//4385 4384//4384
f 7008//7008 7328//7328 4386//4386
f 7328//7328 4341//4341 4386//4386
f 7008//7008 4386//4386 4388//4388
f 4388//4388 4386//4386 4390//4390
f 4386//4386 7304//7304 4387//4387
f 7304//7304 7301//7301 4387//4387
f 7301//7301 4390//4390 4387//4387
f 4386//4386 4387//4387 4390//4390
f 7329//7329 7332//7332 4391//4391
f 4331//4331 7334//7334 4392//4392
f 4392//4392 7334//7334 4389//4389
f 4335//4335 4337//4337 7333//7333
f 7332//7332 7331//7331 4391//4391
f 7302//7302 7331//7331 7332//7332
f 7337//7337 4395//4395 7017//7017
f 3963//3963 4395//4395 4344//4344
f 4396//4396 4395//4395 7337//7337
f 4396//4396 4344//4344 4395//4395
f 7677//7677 7339//7339 4397//4397
f 4346//4346 4398//4398 4793//4793
f 4348//4348 4399//4399 4015//4015
f 4404//4404 4347//4347 4020//4020
f 7342//7342 7056//7056 4400//4400
f 7056//7056 7383//7383 4400//4400
f 7342//7342 4400//4400 4406//4406
f 4400//4400 7383//7383 4406//4406
f 7340//7340 4399//4399 4348//4348
f 4441//4441 4399//4399 7340//7340
f 4018//4018 4402//4402 4445//4445
f 4403//4403 4402//4402 4018//4018
f 4445//4445 4402//4402 4405//4405
f 4403//4403 4405//4405 4402//4402
f 4347//4347 4404//4404 4408//4408
f 4406//4406 4408//4408 7342//7342
f 7343//7343 7341//7341 4407//4407
f 7345//7345 4408//4408 4406//4406
f 7345//7345 4406//4406 7383//7383
f 7343//7343 4407//4407 7384//7384
f 7019//7019 3966//3966 4349//4349
f 4409//4409 4411//4411 4412//4412
f 7305//7305 7341//7341 3965//3965
f 4349//4349 3966//3966 4410//4410
f 4409//4409 4410//4410 3966//3966
f 4417//4417 7346//7346 7349//7349
f 4794//4794 4410//4410 7354//7354
f 7353//7353 7356//7356 4410//4410
f 7353//7353 4410//4410 4409//4409
f 4411//4411 4409//4409 3967//3967
f 7020//7020 4411//4411 3967//3967
f 7021//7021 3972//3972 4414//4414
f 4422//4422 4415//4415 3972//3972
f 4413//4413 7348//7348 7022//7022
f 7022//7022 7350//7350 4413//4413
f 3972//3972 4415//4415 4414//4414
f 4416//4416 7348//7348 4413//4413
f 7351//7351 4413//4413 7350//7350
f 4351//4351 4417//4417 7349//7349
f 7307//7307 4412//4412 4411//4411
f 7352//7352 4795//4795 7347//7347
f 7678//7678 7351//7351 4424//4424
f 4424//4424 7351//7351 4425//4425
f 4425//4425 7351//7351 7350//7350
f 4352//4352 4417//4417 4351//4351
f 4352//4352 4418//4418 4417//4417
f 4420//4420 3979//3979 4355//4355
f 4420//4420 4422//4422 3972//3972
f 4421//4421 4355//4355 3979//3979
f 4422//4422 4420//4420 4356//4356
f 4420//4420 4355//4355 4356//4356
f 4422//4422 4356//4356 4423//4423
f 4423//4423 4415//4415 4422//4422
f 7362//7362 4415//4415 4423//4423
f 4415//4415 7362//7362 4414//4414
f 7358//7358 4356//4356 4358//4358
f 7360//7360 7358//7358 4358//4358
f 7359//7359 7361//7361 7363//7363
f 7678//7678 4424//4424 7311//7311
f 4430//4430 7016//7016 3986//3986
f 4430//4430 4475//4475 4476//4476
f 4430//4430 4476//4476 4426//4426
f 4430//4430 4426//4426 4433//4433
f 7364//7364 7420//7420 4796//4796
f 4797//4797 4427//4427 4426//4426
f 4797//4797 4426//4426 7679//7679
f 4433//4433 4426//4426 4427//4427
f 4428//4428 7365//7365 7682//7682
f 7365//7365 4428//4428 7371//7371
f 4428//4428 4803//4803 7371//7371
f 4431//4431 7366//7366 4393//4393
f 7368//7368 7336//7336 7367//7367
f 7367//7367 7336//7336 3959//3959
f 4431//4431 4432//4432 7366//7366
f 4483//4483 4434//4434 4432//4432
f 4432//4432 4434//4434 7366//7366
f 7367//7367 7372//7372 7368//7368
f 7372//7372 7369//7369 7368//7368
f 7369//7369 7372//7372 4478//4478
f 7371//7371 4803//4803 7422//7422
f 7370//7370 7423//7423 7425//7425
f 4434//4434 4487//4487 7377//7377
f 4437//4437 7047//7047 7376//7376
f 4438//4438 7376//7376 4436//4436
f 4437//4437 4438//4438 4394//4394
f 4438//4438 4437//4437 7376//7376
f 4503//4503 4504//4504 4439//4439
f 4396//4396 4394//4394 4438//4438
f 4396//4396 4438//4438 4398//4398
f 7377//7377 4487//4487 7379//7379
f 4504//4504 7339//7339 4439//4439
f 4502//4502 4439//4439 7431//7431
f 4503//4503 4439//4439 4502//4502
f 7380//7380 7431//7431 4439//4439
f 7380//7380 4439//4439 7339//7339
f 7338//7338 4512//4512 4510//4510
f 4397//4397 4515//4515 7677//7677
f 4397//4397 7339//7339 7473//7473
f 7339//7339 4504//4504 7473//7473
f 4440//4440 4007//4007 4442//4442
f 4442//4442 4007//4007 7382//7382
f 4440//4440 4793//4793 7051//7051
f 4008//4008 4009//4009 7381//7381
f 4440//4440 4442//4442 4401//4401
f 4399//4399 4441//4441 4015//4015
f 4401//4401 4442//4442 7382//7382
f 4023//4023 4443//4443 7385//7385
f 4443//4443 4445//4445 7385//7385
f 7344//7344 7385//7385 4445//4445
f 4027//4027 4449//4449 4029//4029
f 7386//7386 4029//4029 4449//4449
f 7387//7387 4448//4448 7389//7389
f 7387//7387 7390//7390 4448//4448
f 4448//4448 4450//4450 4456//4456
f 4448//4448 7390//7390 4450//4450
f 4080//4080 4451//4451 4027//4027
f 4449//4449 4027//4027 7391//7391
f 4027//4027 4451//4451 7391//7391
f 4453//4453 7391//7391 4451//4451
f 4450//4450 4452//4452 4456//4456
f 4452//4452 4450//4450 7392//7392
f 4453//4453 4451//4451 4454//4454
f 4451//4451 4516//4516 4454//4454
f 4516//4516 4517//4517 4454//4454
f 4454//4454 4517//4517 4521//4521
f 4453//4453 4454//4454 4521//4521
f 7389//7389 4448//4448 4456//4456
f 7393//7393 7389//7389 4456//4456
f 7400//7400 7393//7393 4456//4456
f 7392//7392 4457//4457 4452//4452
f 4452//4452 4457//4457 4456//4456
f 4458//4458 4456//4456 4457//4457
f 7394//7394 4459//4459 7396//7396
f 7395//7395 4453//4453 7397//7397
f 4456//4456 4458//4458 4461//4461
f 4453//4453 4521//4521 7397//7397
f 7401//7401 7396//7396 4459//4459
f 7397//7397 4521//4521 7402//7402
f 4463//4463 7400//7400 4456//4456
f 4522//4522 7402//7402 4521//4521
f 7402//7402 4467//4467 4466//4466
f 4465//4465 7403//7403 7408//7408
f 4522//4522 4467//4467 7402//7402
f 4467//4467 4522//4522 4523//4523
f 7400//7400 4463//4463 7405//7405
f 4456//4456 7410//7410 4463//4463
f 4463//4463 7410//7410 7405//7405
f 7407//7407 7411//7411 4456//4456
f 7407//7407 4456//4456 4461//4461
f 4465//4465 4464//4464 7412//7412
f 4464//4464 4465//4465 7408//7408
f 4466//4466 4467//4467 4523//4523
f 4466//4466 4523//4523 7406//7406
f 7406//7406 4523//4523 4524//4524
f 7479//7479 7413//7413 7412//7412
f 7479//7479 7412//7412 4464//4464
f 4525//4525 4469//4469 4528//4528
f 4527//4527 7480//7480 7483//7483
f 4042//4042 4043//4043 4473//4473
f 4473//4473 4045//4045 4042//4042
f 4470//4470 4474//4474 4473//4473
f 4043//4043 4470//4470 4473//4473
f 4470//4470 4043//4043 4471//4471
f 7489//7489 4471//4471 4043//4043
f 4039//4039 7489//7489 4043//4043
f 4470//4470 4471//4471 4472//4472
f 3987//3987 4473//4473 4474//4474
f 4475//4475 7027//7027 7419//7419
f 7415//7415 4475//4475 7419//7419
f 4476//4476 4475//4475 7415//7415
f 7415//7415 7417//7417 4476//4476
f 7417//7417 4799//4799 4476//4476
f 3986//3986 4475//4475 4430//4430
f 4802//4802 4803//4803 4798//4798
f 4477//4477 4802//4802 4801//4801
f 4802//4802 4477//4477 4803//4803
f 7422//7422 4552//4552 4480//4480
f 7422//7422 4803//4803 4552//4552
f 4434//4434 4483//4483 4487//4487
f 4484//4484 4479//4479 7426//7426
f 7426//7426 4479//4479 7432//7432
f 4488//4488 7432//7432 4479//4479
f 7427//7427 7422//7422 4480//4480
f 7424//7424 4481//4481 4485//4485
f 4480//4480 4552//4552 4481//4481
f 4552//4552 4558//4558 4481//4481
f 4486//4486 4481//4481 4558//4558
f 4479//4479 7428//7428 4488//4488
f 4480//4480 7429//7429 7427//7427
f 4488//4488 7428//7428 4482//4482
f 7430//7430 4482//4482 7428//7428
f 4486//4486 4485//4485 4481//4481
f 7430//7430 4558//4558 4482//4482
f 7432//7432 4488//4488 4497//4497
f 4497//4497 4488//4488 4482//4482
f 4489//4489 4046//4046 4490//4490
f 7433//7433 4491//4491 7067//7067
f 7068//7068 7439//7439 4493//4493
f 7069//7069 4492//4492 7436//7436
f 7442//7442 7070//7070 7445//7445
f 4494//4494 7434//7434 7437//7437
f 7440//7440 7435//7435 7448//7448
f 4494//4494 7437//7437 4495//4495
f 7451//7451 7438//7438 7443//7443
f 7452//7452 7444//7444 7446//7446
f 7441//7441 7449//7449 7447//7447
f 7446//7446 7450//7450 7452//7452
f 4496//4496 4501//4501 4500//4500
f 7457//7457 7525//7525 4508//4508
f 7453//7453 7432//7432 4497//4497
f 7454//7454 4502//4502 7431//7431
f 7459//7459 7463//7463 7455//7455
f 7524//7524 7457//7457 4482//4482
f 7526//7526 4498//4498 7458//7458
f 4511//4511 4508//4508 4499//4499
f 7525//7525 4499//4499 4508//4508
f 7460//7460 4503//4503 4502//4502
f 4500//4500 4501//4501 7464//7464
f 7464//7464 4501//4501 4505//4505
f 4511//4511 4512//4512 4508//4508
f 4506//4506 4504//4504 7464//7464
f 4504//4504 4506//4506 7473//7473
f 4507//4507 7465//7465 7461//7461
f 7462//7462 7456//7456 7466//7466
f 7453//7453 4497//4497 7467//7467
f 7467//7467 4497//4497 7468//7468
f 7464//7464 4505//4505 4506//4506
f 4506//4506 4505//4505 7467//7467
f 4506//4506 7467//7467 7468//7468
f 4506//4506 7468//7468 7474//7474
f 4079//4079 7469//7469 7472//7472
f 4079//4079 7472//7472 4511//4511
f 4515//4515 4397//4397 7470//7470
f 7338//7338 4510//4510 7471//7471
f 4510//4510 4512//4512 4511//4511
f 7476//7476 7677//7677 4515//4515
f 7677//7677 7476//7476 7052//7052
f 4515//4515 4514//4514 7476//7476
f 7079//7079 7476//7476 4514//4514
f 4516//4516 4080//4080 4566//4566
f 4516//4516 4566//4566 4517//4517
f 4516//4516 4451//4451 4080//4080
f 4568//4568 4517//4517 4566//4566
f 4517//4517 4568//4568 4521//4521
f 4518//4518 4522//4522 4521//4521
f 4580//4580 4522//4522 4518//4518
f 4580//4580 4520//4520 4579//4579
f 4580//4580 4518//4518 4520//4520
f 4519//4519 4579//4579 4520//4520
f 4521//4521 4519//4519 4518//4518
f 4520//4520 4518//4518 4519//4519
f 4523//4523 4522//4522 4524//4524
f 7081//7081 7480//7480 4527//4527
f 7481//7481 4056//4056 7482//7482
f 6700//6700 4526//4526 4531//4531
f 7481//7481 7482//7482 4528//4528
f 4529//4529 4531//4531 4526//4526
f 7484//7484 4528//4528 4469//4469
f 7484//7484 7481//7481 4528//4528
f 7485//7485 7414//7414 4530//4530
f 7486//7486 7413//7413 7479//7479
f 4524//4524 4588//4588 4530//4530
f 4530//4530 7488//7488 7485//7485
f 4530//4530 4804//4804 7488//7488
f 4057//4057 7487//7487 4533//4533
f 4533//4533 7488//7488 4534//4534
f 4533//4533 4534//4534 4532//4532
f 4534//4534 4806//4806 4532//4532
f 7082//7082 6705//6705 7490//7490
f 4532//4532 4806//4806 7489//7489
f 4471//4471 7489//7489 4806//4806
f 7686//7686 4807//4807 7416//7416
f 4536//4536 4801//4801 4537//4537
f 4538//4538 4536//4536 4537//4537
f 4801//4801 4536//4536 4636//4636
f 4536//4536 4634//4634 4636//4636
f 4537//4537 4801//4801 4800//4800
f 4537//4537 4800//4800 4827//4827
f 4827//4827 4538//4538 4537//4537
f 4539//4539 4540//4540 4541//4541
f 4477//4477 4541//4541 4540//4540
f 7585//7585 4539//4539 4541//4541
f 4477//4477 4801//4801 4541//4541
f 4636//4636 4541//4541 4801//4801
f 7493//7493 4637//4637 4096//4096
f 4638//4638 7586//7586 7494//7494
f 4638//4638 4544//4544 4542//4542
f 4803//4803 4477//4477 4540//4540
f 4540//4540 7492//7492 4803//4803
f 7110//7110 4094//4094 4553//4553
f 4553//4553 4094//4094 7590//7590
f 4638//4638 7494//7494 7495//7495
f 7494//7494 7111//7111 7505//7505
f 7494//7494 7505//7505 7495//7495
f 4803//4803 7492//7492 7496//7496
f 7497//7497 4548//4548 4068//4068
f 4640//4640 4068//4068 4548//4548
f 4545//4545 4546//4546 4547//4547
f 4554//4554 4555//4555 4069//4069
f 7499//7499 7498//7498 7089//7089
f 7499//7499 7089//7089 7510//7510
f 4548//4548 7497//7497 4549//4549
f 7501//7501 4545//4545 4547//4547
f 7502//7502 7499//7499 4550//4550
f 4549//4549 7503//7503 4548//4548
f 4550//4550 7499//7499 7510//7510
f 7503//7503 4551//4551 4548//4548
f 7591//7591 7500//7500 7506//7506
f 4552//4552 4550//4550 4557//4557
f 4551//4551 7503//7503 7504//7504
f 4548//4548 4551//4551 7507//7507
f 7504//7504 7508//7508 4551//4551
f 4803//4803 7509//7509 4552//4552
f 4803//4803 7496//7496 7509//7509
f 4562//4562 7093//7093 4560//4560
f 4556//4556 4554//4554 4074//4074
f 7511//7511 7094//7094 7519//7519
f 4554//4554 4556//4556 4555//4555
f 4550//4550 7510//7510 4557//4557
f 4556//4556 7513//7513 4555//4555
f 7512//7512 4558//4558 4557//4557
f 4558//4558 7512//7512 4482//4482
f 4552//4552 4557//4557 4558//4558
f 4076//4076 4561//4561 7514//7514
f 4560//4560 7515//7515 4563//4563
f 7520//7520 7516//7516 7518//7518
f 7523//7523 7521//7521 4561//4561
f 4482//4482 4562//4562 4563//4563
f 4560//4560 4563//4563 4562//4562
f 7512//7512 4562//4562 4482//4482
f 4498//4498 7526//7526 4075//4075
f 7524//7524 7525//7525 7457//7457
f 4482//4482 4563//4563 7524//7524
f 4568//4568 4566//4566 7527//7527
f 4083//4083 4082//4082 4572//4572
f 4082//4082 7099//7099 4572//4572
f 4567//4567 7098//7098 4574//4574
f 7531//7531 4083//4083 4572//4572
f 7099//7099 4571//4571 4572//4572
f 4641//4641 4570//4570 4569//4569
f 7529//7529 7531//7531 4572//4572
f 7099//7099 7528//7528 4573//4573
f 7528//7528 4579//4579 4573//4573
f 7530//7530 4576//4576 7529//7529
f 4573//4573 4571//4571 7099//7099
f 4576//4576 7531//7531 7529//7529
f 7534//7534 4575//4575 7532//7532
f 4575//4575 7534//7534 4582//4582
f 4576//4576 7530//7530 7536//7536
f 4581//4581 7536//7536 7530//7530
f 4574//4574 7533//7533 4567//4567
f 4568//4568 4567//4567 7537//7537
f 7533//7533 7537//7537 4567//4567
f 4521//4521 4568//4568 7478//7478
f 4568//4568 7537//7537 7478//7478
f 4570//4570 7593//7593 4578//4578
f 7593//7593 4577//4577 4578//4578
f 4583//4583 4577//4577 4103//4103
f 4569//4569 4570//4570 4578//4578
f 4586//4586 4577//4577 4583//4583
f 4569//4569 4578//4578 7535//7535
f 4577//4577 4586//4586 4578//4578
f 4522//4522 4578//4578 4586//4586
f 4579//4579 4581//4581 7530//7530
f 4579//4579 7528//7528 4580//4580
f 4578//4578 4522//4522 7535//7535
f 4581//4581 4519//4519 7536//7536
f 4519//4519 4581//4581 4579//4579
f 7539//7539 7131//7131 4645//4645
f 4583//4583 4110//4110 4586//4586
f 7127//7127 4584//4584 7540//7540
f 7540//7540 4584//4584 4589//4589
f 7543//7543 4522//4522 4586//4586
f 4585//4585 4589//4589 4584//4584
f 7539//7539 4645//4645 7544//7544
f 7544//7544 4645//4645 4646//4646
f 4644//4644 4648//4648 4587//4587
f 4587//4587 4648//4648 4590//4590
f 7595//7595 7541//7541 7546//7546
f 4590//4590 4648//4648 7547//7547
f 4590//4590 7547//7547 4813//4813
f 4590//4590 4813//4813 7542//7542
f 4524//4524 4522//4522 4588//4588
f 4522//4522 7543//7543 4588//4588
f 4590//4590 7542//7542 7545//7545
f 4590//4590 7545//7545 7596//7596
f 4653//4653 4813//4813 7547//7547
f 7547//7547 4649//4649 4653//4653
f 4652//4652 4595//4595 7599//7599
f 4653//4653 4811//4811 4813//4813
f 4592//4592 7141//7141 4596//4596
f 4652//4652 4593//4593 4595//4595
f 4815//4815 4594//4594 7548//7548
f 4596//4596 4815//4815 4592//4592
f 4593//4593 4652//4652 4594//4594
f 4595//4595 4810//4810 4809//4809
f 4595//4595 4593//4593 4810//4810
f 4810//4810 4593//4593 4594//4594
f 7549//7549 7689//7689 7690//7690
f 7690//7690 4651//4651 7549//7549
f 4816//4816 4596//4596 4598//4598
f 4597//4597 4598//4598 4596//4596
f 4816//4816 4598//4598 4601//4601
f 7554//7554 7553//7553 4819//4819
f 4598//4598 4597//4597 7693//7693
f 4815//4815 4596//4596 4817//4817
f 4599//4599 7100//7100 4613//4613
f 4136//4136 7563//7563 4085//4085
f 4655//4655 7551//7551 4131//4131
f 4599//4599 4613//4613 4603//4603
f 4655//4655 4600//4600 7551//7551
f 7551//7551 4600//4600 4604//4604
f 4604//4604 4600//4600 7556//7556
f 7556//7556 4600//4600 4655//4655
f 4816//4816 4601//4601 4821//4821
f 7557//7557 4820//4820 7552//7552
f 7563//7563 4136//4136 4602//4602
f 4136//4136 7603//7603 4602//4602
f 4602//4602 7603//7603 4611//4611
f 7564//7564 7555//7555 4609//4609
f 4604//4604 7556//7556 4824//4824
f 4822//4822 4824//4824 4823//4823
f 4824//4824 4822//4822 4604//4604
f 7556//7556 7564//7564 4824//4824
f 4660//4660 7559//7559 4616//4616
f 7605//7605 7567//7567 4608//4608
f 7561//7561 4602//4602 4611//4611
f 4621//4621 4606//4606 4607//4607
f 4607//4607 4606//4606 7560//7560
f 7560//7560 4606//4606 7606//7606
f 7564//7564 4609//4609 4825//4825
f 7561//7561 4610//4610 4620//4620
f 7561//7561 4611//4611 4610//4610
f 4610//4610 4621//4621 4620//4620
f 4606//4606 4621//4621 4610//4610
f 4610//4610 4611//4611 4612//4612
f 4612//4612 4606//4606 4610//4610
f 7607//7607 4612//4612 7562//7562
f 4612//4612 7607//7607 4606//4606
f 4609//4609 7569//7569 4825//4825
f 7564//7564 4825//4825 4824//4824
f 7160//7160 4087//4087 4614//4614
f 7575//7575 4614//4614 4087//4087
f 4615//4615 4605//4605 4661//4661
f 4615//4615 4661//4661 7608//7608
f 4662//4662 7161//7161 7565//7565
f 4614//4614 7575//7575 4630//4630
f 4616//4616 7559//7559 7566//7566
f 4615//4615 7608//7608 4617//4617
f 4662//4662 7565//7565 7577//7577
f 7608//7608 7578//7578 4617//4617
f 4616//4616 7566//7566 4618//4618
f 7566//7566 4617//4617 4618//4618
f 4617//4617 7578//7578 7705//7705
f 4616//4616 4618//4618 4619//4619
f 7568//7568 4608//4608 7567//7567
f 4624//4624 4617//4617 4623//4623
f 4617//4617 7705//7705 4623//4623
f 4618//4618 4617//4617 4624//4624
f 4608//4608 7568//7568 4625//4625
f 4618//4618 4624//4624 4619//4619
f 4607//4607 4622//4622 4826//4826
f 4826//4826 4622//4622 4631//4631
f 4626//4626 4622//4622 7570//7570
f 4622//4622 4626//4626 4631//4631
f 4624//4624 4623//4623 4632//4632
f 4607//4607 7560//7560 7570//7570
f 4622//4622 4607//4607 7570//7570
f 7571//7571 4625//4625 7568//7568
f 4624//4624 7572//7572 4619//4619
f 4624//4624 4632//4632 7572//7572
f 4826//4826 4620//4620 4621//4621
f 4607//4607 4826//4826 4621//4621
f 4631//4631 7573//7573 7579//7579
f 7574//7574 4629//4629 7164//7164
f 7576//7576 4628//4628 7163//7163
f 4628//4628 7576//7576 4634//4634
f 4536//4536 4628//4628 4634//4634
f 7575//7575 4538//4538 4630//4630
f 4630//4630 4538//4538 4827//4827
f 4538//4538 7575//7575 4536//4536
f 4808//4808 4826//4826 4631//4631
f 7705//7705 4632//4632 4623//4623
f 7574//7574 4539//4539 7585//7585
f 7582//7582 4539//4539 7574//7574
f 7574//7574 7585//7585 4629//4629
f 7576//7576 4636//4636 4634//4634
f 7491//7491 7583//7583 4635//4635
f 7491//7491 4635//4635 4540//4540
f 4540//4540 4635//4635 7588//7588
f 7587//7587 7584//7584 7581//7581
f 7586//7586 4638//4638 4639//4639
f 7588//7588 7492//7492 4540//4540
f 4638//4638 4542//4542 4639//4639
f 7593//7593 4570//4570 4641//4641
f 4104//4104 4642//4642 7592//7592
f 7541//7541 4643//4643 4644//4644
f 4643//4643 7594//7594 4111//4111
f 4643//4643 7541//7541 7595//7595
f 4643//4643 7597//7597 7594//7594
f 4647//4647 4648//4648 4644//4644
f 7547//7547 4648//4648 4647//4647
f 7598//7598 4654//4654 4649//4649
f 4650//4650 4651//4651 7600//7600
f 4653//4653 4649//4649 7601//7601
f 7600//7600 4651//4651 7690//7690
f 4653//4653 7601//7601 4811//4811
f 7548//7548 4594//4594 7140//7140
f 4594//4594 4652//4652 7140//7140
f 4123//4123 4122//4122 4596//4596
f 4655//4655 4599//4599 4603//4603
f 7562//7562 4656//4656 7604//7604
f 4657//4657 4656//4656 7562//7562
f 4659//4659 4660//4660 4658//4658
f 7559//7559 4660//4660 4659//4659
f 7607//7607 7562//7562 7604//7604
f 4663//4663 4665//4665 4664//4664
f 7609//7609 4669//4669 7611//7611
f 7614//7614 7617//7617 4678//4678
f 7619//7619 7615//7615 4675//4675
f 4675//4675 7614//7614 4678//4678
f 7619//7619 4675//4675 4674//4674
f 7620//7620 7625//7625 7621//7621
f 7171//7171 4692//4692 4693//4693
f 4694//4694 4168//4168 4693//4693
f 7609//7609 4168//4168 4669//4669
f 4669//4669 4168//4168 4694//4694
f 4670//4670 7611//7611 4669//4669
f 4670//4670 4669//4669 4695//4695
f 7611//7611 4670//4670 7617//7617
f 7617//7617 4671//4671 4678//4678
f 4670//4670 4671//4671 7617//7617
f 4695//4695 4671//4671 4670//4670
f 7626//7626 7621//7621 7625//7625
f 7627//7627 4680//4680 7632//7632
f 4677//4677 4680//4680 7628//7628
f 4681//4681 4680//4680 4677//4677
f 4682//4682 4681//4681 4677//4677
f 4678//4678 7624//7624 4682//4682
f 7628//7628 4674//4674 4675//4675
f 4675//4675 4678//4678 7628//7628
f 7628//7628 4678//4678 4677//4677
f 4677//4677 4678//4678 4682//4682
f 4681//4681 7632//7632 4680//4680
f 4681//4681 7633//7633 7635//7635
f 7632//7632 4681//4681 7635//7635
f 4682//4682 7624//7624 7636//7636
f 7171//7171 4160//4160 4707//4707
f 7171//7171 4684//4684 4692//4692
f 4692//4692 4684//4684 4688//4688
f 4685//4685 4684//4684 4690//4690
f 4684//4684 4685//4685 4688//4688
f 4686//4686 4685//4685 4690//4690
f 4686//4686 4687//4687 4685//4685
f 4685//4685 4687//4687 4688//4688
f 4691//4691 4689//4689 4686//4686
f 4686//4686 4689//4689 4687//4687
f 4687//4687 4689//4689 4688//4688
f 4691//4691 7648//7648 4689//4689
f 4230//4230 4689//4689 7648//7648
f 4688//4688 4689//4689 4230//4230
f 4684//4684 7171//7171 4690//4690
f 4691//4691 4686//4686 4690//4690
f 7171//7171 4707//4707 4690//4690
f 4690//4690 4707//4707 4691//4691
f 4688//4688 4693//4693 4692//4692
f 4669//4669 4694//4694 4695//4695
f 4699//4699 4698//4698 4731//4731
f 4731//4731 4698//4698 4696//4696
f 4671//4671 4698//4698 4678//4678
f 4671//4671 4696//4696 4698//4698
f 4728//4728 4731//4731 4696//4696
f 4671//4671 4695//4695 4696//4696
f 4695//4695 4728//4728 4696//4696
f 4678//4678 7220//7220 7624//7624
f 7629//7629 7638//7638 7221//7221
f 7639//7639 4697//4697 7222//7222
f 4678//4678 4698//4698 4699//4699
f 7229//7229 4214//4214 7643//7643
f 7644//7644 4732//4732 7641//7641
f 7645//7645 4753//4753 4732//4732
f 4732//4732 4733//4733 7641//7641
f 7186//7186 4738//4738 4703//4703
f 4160//4160 4703//4703 4712//4712
f 4160//4160 7186//7186 4703//4703
f 4274//4274 4708//4708 4702//4702
f 4702//4702 4708//4708 4712//4712
f 4712//4712 4742//4742 4702//4702
f 4704//4704 4712//4712 4703//4703
f 4712//4712 4704//4704 4742//4742
f 4711//4711 4705//4705 4713//4713
f 4708//4708 4274//4274 4710//4710
f 4711//4711 7657//7657 4705//4705
f 7658//7658 4710//4710 4274//4274
f 4712//4712 4706//4706 4160//4160
f 4160//4160 4706//4706 4707//4707
f 4712//4712 4708//4708 4706//4706
f 4706//4706 4708//4708 4707//4707
f 4707//4707 4709//4709 4691//4691
f 4708//4708 4710//4710 4707//4707
f 4707//4707 4710//4710 4709//4709
f 4709//4709 4710//4710 7647//7647
f 7647//7647 4691//4691 4709//4709
f 4710//4710 7658//7658 7647//7647
f 7244//7244 4231//4231 4688//4688
f 4711//4711 4713//4713 7637//7637
f 4693//4693 4688//4688 4715//4715
f 4715//4715 4688//4688 4231//4231
f 4231//4231 4714//4714 4715//4715
f 4720//4720 4715//4715 4714//4714
f 4714//4714 4717//4717 4720//4720
f 4717//4717 4714//4714 4229//4229
f 4715//4715 4720//4720 4693//4693
f 4716//4716 4720//4720 4717//4717
f 4716//4716 4718//4718 4720//4720
f 4716//4716 4719//4719 4718//4718
f 4718//4718 4719//4719 4721//4721
f 4693//4693 4720//4720 4694//4694
f 4720//4720 4718//4718 4694//4694
f 4718//4718 4721//4721 4694//4694
f 4722//4722 4723//4723 4726//4726
f 4722//4722 4726//4726 4724//4724
f 4727//4727 4746//4746 4724//4724
f 4726//4726 4727//4727 4724//4724
f 4721//4721 4725//4725 4694//4694
f 7652//7652 7651//7651 4728//4728
f 7652//7652 4728//4728 4725//4725
f 4725//4725 4721//4721 7652//7652
f 4725//4725 4695//4695 4694//4694
f 4728//4728 4695//4695 4725//4725
f 4728//4728 7651//7651 7650//7650
f 4731//4731 4729//4729 7251//7251
f 7650//7650 4730//4730 7654//7654
f 7654//7654 4730//4730 7653//7653
f 4730//4730 7252//7252 7653//7653
f 4731//4731 7251//7251 4699//4699
f 7654//7654 4728//4728 7650//7650
f 7639//7639 4245//4245 4697//4697
f 7645//7645 4214//4214 4749//4749
f 4753//4753 7645//7645 4749//4749
f 4733//4733 7265//7265 7641//7641
f 4735//4735 4734//4734 4733//4733
f 4735//4735 4733//4733 4778//4778
f 7268//7268 4734//4734 7235//7235
f 4735//4735 4220//4220 4734//4734
f 4735//4735 4761//4761 4738//4738
f 4762//4762 4298//4298 4739//4739
f 4739//4739 4738//4738 4762//4762
f 4736//4736 4740//4740 4703//4703
f 4739//4739 7286//7286 7655//7655
f 7286//7286 4296//4296 7655//7655
f 4736//4736 4296//4296 4740//4740
f 4763//4763 4737//4737 4741//4741
f 4737//4737 4273//4273 4741//4741
f 4740//4740 4296//4296 7663//7663
f 7655//7655 7646//7646 4738//4738
f 4738//4738 4739//4739 7655//7655
f 4763//4763 4741//4741 4744//4744
f 4740//4740 7663//7663 7656//7656
f 4702//4702 4741//4741 4273//4273
f 4742//4742 4741//4741 4702//4702
f 4703//4703 4740//4740 4743//4743
f 4703//4703 4743//4743 4704//4704
f 4740//4740 7656//7656 4743//4743
f 4704//4704 4743//4743 4742//4742
f 4743//4743 7656//7656 4742//4742
f 4744//4744 4741//4741 4742//4742
f 7649//7649 7659//7659 7652//7652
f 4721//4721 7649//7649 7652//7652
f 4764//4764 4783//4783 4747//4747
f 4210//4210 4748//4748 4749//4749
f 4749//4749 4748//4748 4752//4752
f 4751//4751 4749//4749 4752//4752
f 4749//4749 4750//4750 4753//4753
f 7660//7660 4749//4749 4751//4751
f 4751//4751 4752//4752 4769//4769
f 4751//4751 4769//4769 7660//7660
f 4732//4732 4753//4753 4754//4754
f 4732//4732 4775//4775 4733//4733
f 4754//4754 4775//4775 4732//4732
f 4775//4775 4778//4778 4733//4733
f 4778//4778 4758//4758 4735//4735
f 4757//4757 4315//4315 4759//4759
f 4735//4735 4755//4755 4761//4761
f 4755//4755 4780//4780 4761//4761
f 4755//4755 4756//4756 4780//4780
f 4780//4780 7661//7661 4761//4761
f 4735//4735 4758//4758 4755//4755
f 4755//4755 4758//4758 4756//4756
f 4756//4756 4758//4758 4777//4777
f 4759//4759 4762//4762 4760//4760
f 4760//4760 4757//4757 4759//4759
f 4761//4761 4760//4760 4762//4762
f 4761//4761 4762//4762 4738//4738
f 4761//4761 4757//4757 4760//4760
f 4765//4765 4766//4766 4210//4210
f 4210//4210 4766//4766 4748//4748
f 4748//4748 4766//4766 7670//7670
f 4767//4767 4752//4752 4768//4768
f 4767//4767 4787//4787 4752//4752
f 4752//4752 4748//4748 4768//4768
f 4748//4748 7670//7670 4768//4768
f 4769//4769 4787//4787 7660//7660
f 4787//4787 4769//4769 4752//4752
f 4750//4750 4790//4790 4753//4753
f 4770//4770 4788//4788 4332//4332
f 4753//4753 4771//4771 4754//4754
f 4754//4754 4771//4771 4332//4332
f 4772//4772 4771//4771 4753//4753
f 4771//4771 4770//4770 4332//4332
f 4754//4754 4332//4332 4774//4774
f 4774//4774 4332//4332 4333//4333
f 4772//4772 4770//4770 4771//4771
f 4773//4773 4774//4774 4392//4392
f 4754//4754 4774//4774 4775//4775
f 4775//4775 4773//4773 4778//4778
f 4773//4773 4775//4775 4774//4774
f 4756//4756 4777//4777 4776//4776
f 4756//4756 4776//4776 4312//4312
f 4758//4758 4778//4778 7665//7665
f 4312//4312 4313//4313 4781//4781
f 4781//4781 4313//4313 7667//7667
f 4756//4756 7291//7291 4780//4780
f 7291//7291 7668//7668 4780//4780
f 4780//4780 7668//7668 7661//7661
f 7667//7667 7662//7662 4781//4781
f 4782//4782 4346//4346 4793//4793
f 4782//4782 4793//4793 4764//4764
f 4783//4783 4764//4764 4793//4793
f 4793//4793 4401//4401 4783//4783
f 4310//4310 4784//4784 4765//4765
f 4765//4765 7300//7300 4795//4795
f 4785//4785 4786//4786 4366//4366
f 4765//4765 4795//4795 4766//4766
f 4785//4785 7664//7664 4786//4786
f 7664//7664 4785//4785 4366//4366
f 4795//4795 7670//7670 4766//4766
f 4767//4767 4328//4328 4327//4327
f 4767//4767 4327//4327 4787//4787
f 4767//4767 7315//7315 4328//4328
f 4379//4379 7672//7672 4787//4787
f 4768//4768 7315//7315 4767//4767
f 4770//4770 4772//4772 4791//4791
f 4750//4750 4787//4787 4790//4790
f 4770//4770 4791//4791 7671//7671
f 4753//4753 4790//4790 7674//7674
f 4772//4772 4753//4753 7674//7674
f 4790//4790 4787//4787 7672//7672
f 4790//4790 7672//7672 7674//7674
f 4778//4778 4773//4773 4336//4336
f 4336//4336 7675//7675 4778//4778
f 4778//4778 7676//7676 7665//7665
f 4336//4336 7330//7330 7675//7675
f 4792//4792 7302//7302 7666//7666
f 4794//4794 7308//7308 4784//4784
f 4784//4784 7309//7309 7313//7313
f 4476//4476 4799//4799 7683//7683
f 7685//7685 4802//4802 4798//4798
f 7680//7680 7421//7421 7684//7684
f 7682//7682 7681//7681 4798//4798
f 4798//4798 4803//4803 7682//7682
f 7682//7682 4803//4803 4428//4428
f 4472//4472 4471//4471 7687//7687
f 7685//7685 7418//7418 4800//4800
f 7418//7418 4808//4808 4800//4800
f 7685//7685 4800//4800 4802//4802
f 4800//4800 4801//4801 4802//4802
f 7429//7429 7428//7428 7427//7427
f 7428//7428 7429//7429 7430//7430
f 4804//4804 4534//4534 7488//7488
f 7691//7691 4534//4534 4804//4804
f 4807//4807 7686//7686 4534//4534
f 4534//4534 7691//7691 4807//4807
f 4807//4807 4824//4824 4805//4805
f 7416//7416 4807//4807 7688//7688
f 4805//4805 4826//4826 4808//4808
f 4808//4808 4807//4807 4805//4805
f 4826//4826 4805//4805 4620//4620
f 4800//4800 4808//4808 4827//4827
f 4530//4530 4588//4588 4813//4813
f 4530//4530 4813//4813 4804//4804
f 4814//4814 4810//4810 4812//4812
f 4810//4810 4818//4818 4812//4812
f 4810//4810 4814//4814 4809//4809
f 4815//4815 4818//4818 4594//4594
f 4594//4594 4818//4818 4810//4810
f 4811//4811 4814//4814 4813//4813
f 4811//4811 4809//4809 4814//4814
f 4804//4804 4813//4813 4812//4812
f 4812//4812 4813//4813 4814//4814
f 7692//7692 4804//4804 4812//4812
f 4821//4821 4817//4817 4816//4816
f 4817//4817 4596//4596 4816//4816
f 7691//7691 4804//4804 7692//7692
f 4815//4815 4817//4817 4818//4818
f 7694//7694 7695//7695 7698//7698
f 7698//7698 7695//7695 4823//4823
f 7693//7693 4597//4597 7696//7696
f 4819//4819 7699//7699 7554//7554
f 7700//7700 4820//4820 7557//7557
f 7702//7702 7697//7697 7701//7701
f 7691//7691 7698//7698 4807//4807
f 4807//4807 7698//7698 4824//4824
f 4823//4823 4824//4824 7698//7698
f 4805//4805 7704//7704 4620//4620
f 7703//7703 7704//7704 4805//4805
f 4808//4808 4631//4631 4827//4827
f 4827//4827 4631//4631 7579//7579
