# Wavafront OBJ file of BodyParts3D
# BodyParts3D, Copyright(C) 2010-2011 The Database Center for Life Science licensed under CC Attribution-Share Alike 2.1 Japan.
vn -0.367534 -0.923646 0.108612
v -30.2626 -81.2581 1403.64
vn -0.800941 -0.43894 -0.407217
v -27.7467 -82.5187 1398.96
vn -0.751466 -0.301425 -0.586892
v -27.3822 -83.2302 1398.95
vn -0.321945 0.353788 -0.878172
v -27.3878 -82.5437 1398.81
vn -0.037677 0.563435 -0.825301
v -27.4042 -82.155 1398.98
vn -0.35586 -0.902844 0.241321
v -29.0807 -81.8462 1400.61
vn -0.75004 -0.601345 -0.275364
v -28.4577 -82.0378 1399.61
vn -0.328718 -0.79951 0.502722
v -28.1596 -82.4767 1400.08
vn -0.245498 -0.91661 0.315526
v -27.8304 -82.3864 1400.43
vn -0.360696 0.448169 -0.817951
v -27.7593 -82.1426 1399.05
vn -0.867242 -0.414915 -0.275206
v -27.3941 -83.421 1399.23
vn -0.111311 -0.985227 0.130148
v -29.7213 -81.5881 1402.67
vn -0.367534 -0.923646 0.108612
v -29.8012 -81.3933 1404.05
vn 0.118077 -0.957299 0.263888
v -29.4324 -81.3683 1403.71
vn -0.506545 -0.714981 0.481886
v -29.1754 -80.9658 1405.08
vn 0.210028 -0.960892 0.180483
v -28.8355 -80.8566 1405.43
vn -0.665266 -0.674615 0.319867
v -28.8769 -80.7517 1406.15
vn -0.884488 -0.305086 -0.352992
v -29.2755 -81.4091 1400.87
vn -0.263168 0.717099 -0.645377
v -27.7978 -81.604 1399.57
vn -0.578976 0.753817 -0.310719
v -29.3998 -80.5858 1402.85
vn -0.628539 -0.602283 0.492132
v -29.524 -80.6047 1405.11
vn -0.815892 -0.106384 0.568334
v -27.8219 -79.0233 1407.63
vn -0.62491 -0.655505 -0.424028
v -28.2191 -72.2303 1405.92
vn -0.992035 -0.0924837 0.0855224
v -27.7816 -72.9129 1407.86
vn -0.964427 -0.246256 0.0961149
v -29.4743 -70.1218 1404
vn -0.834584 -0.365504 -0.412161
v -29.4953 -69.8466 1403.59
vn -0.666336 -0.629511 -0.39964
v -29.2917 -70.191 1403.64
vn -0.551497 -0.524797 -0.648413
v -29.2742 -69.9161 1403.22
vn -0.813056 0.442853 0.377917
v -29.2407 -69.7061 1404.29
vn -0.697373 -0.661796 -0.275131
v -28.9318 -71.0738 1404.58
vn -0.489713 -0.195458 -0.849693
v -27.4673 -67.811 1401.16
vn -0.762921 0.583742 0.277842
v -29.218 -69.4301 1403.88
vn -0.74172 0.653632 0.150391
v -29.1134 -69.1525 1403.47
vn -0.854953 -0.027135 -0.517996
v -28.7681 -68.6626 1402.32
vn -0.581735 0.803471 0.126561
v -28.569 -68.5078 1402.66
vn -0.185667 -0.661039 -0.727018
v -28.1961 -69.6623 1402.66
vn -0.898352 -0.382452 0.21609
v -25.186 -88.8655 1399.23
vn -0.898352 -0.382452 0.21609
v -26.3083 -86.4571 1398.82
vn -0.462932 -0.188127 -0.8662
v -25.5368 -85.5292 1398.07
vn -0.726043 -0.210794 -0.654544
v -26.9592 -83.9977 1398.66
vn 0.141521 -0.914617 0.378744
v -26.4735 -82.1657 1401.19
vn 0.212806 0.139785 0.967044
v -25.1078 -81.6344 1401.52
vn -0.482566 -0.869889 0.102096
v -26.4166 -78.1956 1417.92
vn -0.714095 -0.260677 0.649705
v -27.5856 -79.5313 1407.75
vn -0.916295 -0.134173 0.377361
v -27.5046 -78.5381 1408.27
vn -0.923922 -0.344051 0.167323
v -27.4265 -78.4688 1408.62
vn -0.989937 0.124324 0.0675944
v -27.502 -78.1946 1408.2
vn -0.750904 -0.355279 0.556705
v -27.2798 -78.9765 1408.37
vn -0.673376 -0.537356 0.507753
v -26.9505 -78.9131 1408.74
vn -0.922035 -0.385813 -0.0316126
v -27.8458 -76.2292 1416.37
vn -0.448086 -0.889074 0.0936251
v -27.1856 -77.8658 1417.09
vn -0.563617 -0.800038 0.205609
v -27.1228 -77.7174 1417.84
vn -0.490996 0.381797 0.783041
v -27.1257 -76.9746 1417.63
vn -0.294924 0.651572 0.698908
v -27.1052 -76.1074 1416.96
vn -0.202103 0.0303085 0.978895
v -26.4399 -77.6506 1418.15
vn -0.138616 0.519426 0.843198
v -26.44 -77.3167 1418.03
vn -0.633298 0.396288 -0.664748
v -25.4346 -76.629 1405.87
vn -0.157923 0.733556 -0.661027
v -24.9996 -77.508 1404.64
vn -0.267131 0.170812 -0.948401
v -25.1268 -75.3579 1406.21
vn -0.800372 0.549107 -0.240596
v -26.9916 -77.3582 1407
vn -0.766532 0.293526 -0.571201
v -26.9867 -76.4677 1407.89
vn -0.967133 -0.237789 -0.0900518
v -27.1818 -75.7167 1408.09
vn -0.43856 -0.381875 -0.813534
v -26.5572 -74.941 1406.57
vn -0.748398 -0.121859 -0.651959
v -25.9766 -75.965 1406.78
vn -0.682152 0.106133 -0.723467
v -25.7327 -76.0282 1406.45
vn -0.526377 -0.204994 -0.82517
v -25.8385 -75.6619 1406.51
vn -0.997471 0.0319933 -0.0634672
v -27.6933 -74.7723 1411.09
vn -0.996072 -0.00193992 -0.0885226
v -27.9468 -74.9212 1413.97
vn -0.983731 0.168007 -0.063615
v -27.7126 -74.9125 1412.19
vn -0.98964 0.135072 -0.0486656
v -27.9043 -74.509 1414.24
vn -0.965691 0.258151 -0.0282631
v -27.4617 -74.2209 1412.07
vn -0.367092 0.763449 0.531403
v -27.3781 -74.5241 1414.99
vn -0.28781 -0.700767 -0.652757
v -27.5823 -72.3682 1405.19
vn -0.6346 -0.533516 -0.559145
v -27.4943 -74.1413 1407.05
vn -0.373806 -0.546983 -0.749052
v -26.9022 -73.627 1406.01
vn -0.00899718 -0.455887 -0.889992
v -26.1993 -73.9613 1406.1
vn -0.0313234 -0.0589154 -0.997771
v -25.4967 -74.6283 1406.31
vn -0.228697 0.88332 0.409198
v -25.5097 -72.6266 1412.23
vn 0.0822347 -0.651234 -0.754408
v -25.1032 -71.0976 1404.29
vn -0.909783 0.241212 0.337803
v -27.6312 -71.4006 1408.29
vn -0.567196 0.622131 0.539668
v -26.4638 -71.0713 1409.91
vn -0.359501 -0.446077 -0.819618
v -27.4446 -68.2441 1401.25
vn -0.073395 -0.674208 -0.734886
v -27.0958 -68.4817 1401.36
vn -0.0502738 -0.526773 -0.848518
v -26.0127 -67.5771 1400.48
vn 0.090329 -0.708072 -0.700339
v -25.0078 -68.747 1401.74
vn 0.158387 -0.568287 -0.807442
v -24.9695 -67.5401 1400.62
vn -0.500245 0.865137 0.035952
v -27.4877 -67.7642 1401.86
vn -0.545162 0.765102 0.342661
v -26.3219 -68.092 1406.29
vn -0.386795 0.688232 -0.61378
v -26.0566 -67.0516 1401.09
vn -0.376183 0.69195 -0.616191
v -25.0305 -66.802 1400.75
vn -0.299878 -0.953949 -0.00741497
v -22.6837 -89.7565 1405.05
vn -0.581012 -0.606272 0.543009
v -22.3835 -89.6928 1405.77
vn -0.651095 0.357234 0.669671
v -21.8366 -89.2032 1406.42
vn -0.898352 -0.382452 0.21609
v -24.026 -89.0333 1403.75
vn -0.467001 0.614636 0.635714
v -23.4304 -88.6106 1404.06
vn -0.379329 0.796308 0.471171
v -22.6664 -88.2213 1404.19
vn -0.0667677 0.812156 0.579607
v -22.2796 -87.3384 1403.23
vn -0.563546 0.402489 0.7214
v -24.3284 -86.5372 1401.95
vn -0.364555 0.3012 0.881123
v -23.9859 -85.5056 1401.74
vn -0.228588 0.57664 0.784369
v -23.6428 -86.3791 1402.18
vn 0.598323 0.385563 0.70239
v -23.4438 -85.5838 1401.32
vn -0.00841907 -0.785335 0.619014
v -25.3477 -78.3074 1417.64
vn -0.497261 -0.863204 0.0872402
v -24.9353 -78.8197 1416.7
vn 0.647068 -0.0242505 -0.762046
v -24.3658 -80.3863 1402.39
vn 0.216382 -0.91438 0.342181
v -24.1363 -80.8158 1402.84
vn 0.647194 -0.0714231 -0.758972
v -24.1264 -80.6951 1402.62
vn 0.65213 -0.414199 -0.634953
v -23.4531 -80.2623 1402.98
vn 0.160779 0.553856 -0.816942
v -21.8346 -78.9683 1404.04
vn 0.0707911 -0.992364 0.101005
v -24.8508 -79.2646 1408.93
vn -0.00794956 -0.577071 0.816655
v -25.37 -77.9783 1417.93
vn -0.0143464 -0.243012 0.969917
v -25.3864 -77.6485 1418.12
vn -0.0296392 0.387578 0.92136
v -25.3917 -77.2967 1418.09
vn -0.16047 0.540453 -0.82593
v -24.7401 -76.1034 1405.81
vn 0.00713734 0.734975 0.678056
v -23.2445 -75.424 1416.64
vn -0.0217333 -0.529301 -0.848156
v -22.732 -73.137 1406.51
vn 0.00230854 -0.66672 -0.745305
v -23.2395 -67.7832 1401.12
vn -0.0224222 -0.723497 -0.689963
v -22.1635 -67.5225 1400.59
vn -0.19592 0.91959 0.340544
v -23.9392 -67.494 1407.38
vn 0.16874 -0.37411 -0.911904
v -24.2742 -67.1813 1400.6
vn -0.0967723 -0.0234072 -0.995031
v -22.6012 -66.8233 1400.54
vn -0.100283 0.819527 -0.564198
v -22.1977 -66.4767 1400.85
vn 0.011156 -0.962337 -0.271629
v -20.1839 -89.9664 1404.29
vn -0.512759 0.217764 0.830456
v -20.0858 -89.7208 1407.33
vn 0.0693527 -0.978477 0.194352
v -19.6119 -90.3438 1406.77
vn 0.15924 -0.757596 -0.633002
v -21.011 -87.7235 1399.41
vn 0.121449 -0.888281 -0.442952
v -20.6943 -88.2932 1400.23
vn 0.0468863 -0.802151 -0.595277
v -19.9684 -87.6848 1399.57
vn 0.220665 0.950081 0.220576
v -21.2014 -87.4188 1402.78
vn 0.00204335 0.964478 0.264154
v -20.0838 -87.2977 1401.53
vn 0.0676089 0.996392 0.0513071
v -19.4572 -87.7749 1403.06
vn -0.263678 0.96027 -0.0914054
v -19.108 -87.7468 1403.07
vn -0.299955 0.911013 0.282988
v -19.0888 -87.6962 1402.71
vn -0.296998 0.912235 0.282171
v -19.0531 -87.2839 1401.91
vn -0.0672422 0.970566 0.231256
v -21.2641 -87.6703 1404
vn 0.103237 0.99183 -0.0749306
v -20.0195 -87.6508 1403.36
vn -0.00861481 0.978552 -0.205821
v -19.4772 -87.7182 1403.4
vn 0.000920273 0.978053 -0.208355
v -19.4975 -87.6346 1403.74
vn -0.15278 0.985172 -0.0780623
v -19.5176 -87.5725 1404.09
vn -0.256587 0.930855 -0.26014
v -19.1484 -87.5904 1403.75
vn -0.449606 0.88806 0.0959337
v -19.1884 -87.4823 1404.45
vn -0.381911 0.908411 -0.170099
v -19.1689 -87.48 1404.09
vn -0.52452 0.287178 0.801503
v -20.0075 -88.378 1406.9
vn 0.458224 0.88877 -0.0109034
v -20.7949 -86.9705 1399.61
vn 0.0494396 -0.256154 -0.965371
v -20.6631 -87.3337 1399.33
vn -0.111672 -0.120558 -0.986405
v -19.9569 -87.3896 1399.25
vn -0.257153 0.717861 -0.646952
v -19.9839 -86.965 1399.6
vn -0.469564 0.866221 0.170797
v -18.9416 -86.5782 1399.64
vn 0.0395392 -0.684298 0.72813
v -22.572 -78.2526 1418.15
vn 0.676522 -0.546417 -0.493707
v -21.7969 -79.5907 1404.5
vn 0.120112 -0.299471 -0.946515
v -21.0947 -79.2546 1404.37
vn 0.186421 -0.248849 -0.950432
v -21.0963 -78.9155 1404.28
vn -0.00825325 -0.931604 -0.36338
v -20.3924 -79.2529 1404.35
vn -0.106662 0.148049 -0.983211
v -20.3975 -78.9021 1404.32
vn -0.29616 -0.55661 -0.776193
v -19.3302 -79.8351 1404.36
vn -0.268926 -0.0157127 -0.963033
v -19.3241 -79.3003 1404.06
vn 0.177481 -0.919797 -0.349963
v -21.1197 -79.4602 1404.9
vn -0.00340038 0.555423 -0.831561
v -20.4302 -78.3362 1404.72
vn -0.244505 -0.95345 -0.176495
v -19.1633 -80.0873 1405.49
vn 0.0278861 0.132247 0.990824
v -22.5917 -77.5928 1418.28
vn 0.0817397 0.550183 0.831034
v -22.2332 -76.949 1417.91
vn 0.406537 -0.701461 0.585389
v -20.472 -77.6307 1418
vn 0.201038 0.403296 0.892713
v -20.117 -77.3091 1417.81
vn -0.0957435 0.388431 -0.91649
v -20.2001 -76.3829 1406.23
vn -0.114421 0.293218 0.949174
v -20.9289 -71.1116 1411.28
vn -0.254579 0.760514 0.597334
v -21.2932 -69.3993 1410.93
vn 0.232812 0.78458 0.574658
v -20.5669 -68.8105 1410.27
vn 0.256383 0.479186 0.839434
v -19.5786 -70.7715 1411.14
vn -0.117093 0.740385 -0.661906
v -21.8275 -66.618 1400.54
vn 0.0991298 -0.667941 -0.737583
v -20.7518 -66.8754 1400.2
vn -0.0643135 0.850097 -0.522685
v -19.7326 -66.4008 1400.62
vn -0.0904978 -0.537839 -0.838176
v -19.3676 -67.1372 1400.62
vn 0.322284 -0.897588 -0.300781
v -18.7631 -89.5504 1403.81
vn -0.160743 -0.786363 0.596486
v -18.744 -89.216 1408.03
vn -0.182709 -0.91844 0.350836
v -18.2584 -89.7154 1407.44
vn 0.171539 -0.976295 -0.131996
v -18.2191 -89.7323 1406.73
vn -0.286646 -0.896395 0.338097
v -16.6081 -89.0435 1410.62
vn -0.0782261 -0.946646 -0.312637
v -16.8523 -88.0372 1400.4
vn -0.609104 0.791393 0.0518601
v -18.76 -87.5738 1403.06
vn 0.21171 -0.938288 -0.273485
v -17.8228 -88.4991 1402.58
vn -0.540436 0.814238 -0.212004
v -18.7799 -87.5278 1403.41
vn -0.649386 0.751023 -0.119423
v -18.8412 -87.218 1404.41
vn -0.804827 0.584375 -0.103726
v -18.187 -86.9288 1403.32
vn 0.228477 -0.934723 -0.272195
v -17.0984 -89.0164 1405.23
vn -0.696028 0.00126575 0.718013
v -18.97 -88.1901 1407.81
vn -0.358879 0.904178 0.231661
v -18.9351 -87.6801 1406.29
vn -0.773903 -0.245594 0.583745
v -18.0921 -88.3131 1408.96
vn -0.693965 0.647441 0.315013
v -18.0067 -87.6835 1408.53
vn -0.935557 0.0941938 0.340382
v -17.1818 -87.6808 1410.32
vn -0.862014 0.444753 0.24316
v -17.1691 -87.1294 1409.5
vn -0.35207 0.794667 -0.494521
v -18.5508 -86.7236 1398.95
vn -0.035321 -0.687103 -0.725701
v -18.1953 -87.4047 1399.1
vn -0.0350259 -0.263827 -0.963934
v -18.1897 -87.0898 1398.89
vn -0.273691 0.820551 -0.501785
v -17.5687 -85.9367 1399.95
vn -0.0926087 -0.611804 -0.78557
v -17.1433 -87.3972 1399.1
vn -0.137971 0.775576 -0.615992
v -16.8558 -85.8479 1399.71
vn -0.043722 -0.0202311 -0.998839
v -16.4482 -86.7038 1398.97
vn -0.632057 0.758088 0.160644
v -17.9748 -86.1756 1401.04
vn -0.768323 0.629288 -0.116946
v -16.9674 -85.1399 1401.49
vn -0.765835 0.592128 -0.250759
v -16.6108 -84.834 1401.22
vn -0.931136 0.287753 -0.224017
v -16.7374 -84.2216 1402.52
vn -0.965157 0.195271 0.174189
v -16.7288 -83.8821 1404.24
vn -0.876986 0.0746016 -0.474689
v -16.4948 -83.1866 1402.33
vn -0.870223 0.30107 -0.389961
v -16.3048 -83.9363 1401.77
vn -0.703756 -0.339196 -0.624238
v -17.1014 -82.3078 1403.19
vn -0.956395 -0.291572 0.0171307
v -16.8173 -83.1497 1404.45
vn -0.973018 -0.0498815 -0.225274
v -16.6595 -83.4654 1402.73
vn -0.754251 -0.614079 0.232407
v -18.4591 -80.8964 1404.98
vn -0.878051 -0.257888 0.403138
v -16.497 -82.6479 1406.87
vn -0.588626 -0.317086 0.743624
v -16.4233 -80.658 1407.91
vn -0.265438 0.412207 -0.871566
v -17.5745 -78.4872 1403.84
vn -0.268233 0.281066 -0.921441
v -16.4521 -79.8379 1403.03
vn 0.104904 -0.927339 0.359218
v -17.2324 -77.9171 1410.18
vn 0.346752 -0.646023 0.680013
v -19.7606 -77.3256 1417.71
vn 0.280461 -0.893252 0.351344
v -19.3728 -77.6956 1417.16
vn 0.196288 0.593442 0.780575
v -19.048 -77.0248 1417.39
vn 0.173817 -0.755522 0.631643
v -18.2171 -77.4186 1417.17
vn 0.231092 -0.972025 0.0420039
v -17.9577 -77.409 1416.83
vn 0.394523 0.33705 0.854839
v -17.9785 -77.0761 1417.09
vn 0.472277 0.309957 0.825155
v -17.2464 -76.5484 1416.34
vn -0.355427 0.28755 -0.889374
v -17.6451 -77.0358 1404.62
vn -0.152947 -0.116015 -0.981401
v -17.0112 -74.1342 1404.84
vn 0.0221933 0.759231 0.650443
v -19.0007 -72.6852 1412.26
vn -0.0760237 -0.562531 -0.823273
v -17.6678 -70.6172 1402.8
vn 0.43477 0.670658 0.600993
v -18.0357 -69.3837 1409.07
vn 0.143809 0.953294 0.265613
v -17.6374 -66.1997 1400.71
vn -0.146562 0.280533 -0.948589
v -16.8885 -66.5344 1399.95
vn -0.668622 -0.738232 -0.0892056
v -14.0876 -91.6784 1408.79
vn -0.34126 -0.921925 -0.183291
v -15.4591 -90.1501 1407.69
vn -0.839186 -0.408807 0.358668
v -16.363 -88.6317 1412.7
vn -0.877646 -0.0821558 0.472216
v -16.3325 -87.8085 1413.25
vn -0.714525 -0.635483 0.292601
v -15.7382 -89.5113 1412.55
vn -0.450354 -0.478377 0.753881
v -15.8138 -88.4574 1413.56
vn -0.60182 -0.144646 0.785424
v -15.8447 -87.6859 1413.85
vn -0.123924 -0.263718 0.956606
v -15.5258 -87.6574 1413.99
vn 0.374594 -0.462258 0.80374
v -15.1146 -88.445 1413.59
vn 0.618914 -0.446554 0.646169
v -14.3855 -89.0051 1412.53
vn -0.773183 -0.496107 -0.39505
v -13.9603 -88.345 1397.78
vn -0.744706 -0.644461 -0.173445
v -12.9423 -89.3516 1396.25
vn -0.361638 -0.919652 -0.153161
v -15.0633 -88.348 1399.86
vn -0.329098 -0.903337 -0.275096
v -15.0256 -88.1717 1399.11
vn -0.599765 -0.799424 -0.0346831
v -13.1685 -89.2922 1398.37
vn -0.25216 -0.921003 -0.296933
v -15.6447 -88.6824 1404.18
vn -0.93015 0.279497 0.238121
v -16.443 -86.2293 1412.22
vn -0.836765 0.12047 0.534145
v -15.9173 -86.6346 1413.76
vn -0.847953 0.265922 0.458543
v -15.862 -85.9589 1413.57
vn -0.514568 0.153293 0.843636
v -15.5374 -86.2028 1414.13
vn -0.72917 0.479072 0.488673
v -15.5245 -84.943 1413.45
vn 0.332473 -0.0266728 0.942736
v -15.1827 -86.5479 1414.17
vn 0.438806 0.213239 0.872914
v -15.1912 -85.1839 1413.85
vn 0.680048 0.0104704 0.733093
v -14.7081 -86.268 1413.76
vn -0.888393 0.0276784 -0.458249
v -14.2727 -87.2627 1397.85
vn -0.922807 -0.0213755 -0.38467
v -13.7338 -87.5139 1396.55
vn -0.601835 0.415149 -0.682236
v -13.5459 -86.008 1396.95
vn -0.200203 -0.195962 -0.959957
v -15.0176 -87.1214 1398.6
vn -0.880242 0.297068 -0.370034
v -14.0406 -85.739 1398.33
vn -0.681753 0.518475 -0.516135
v -14.4091 -85.3167 1399.66
vn -0.247884 0.692068 -0.677934
v -15.8728 -84.9413 1400.64
vn -0.956859 0.155039 0.24573
v -16.1683 -83.5362 1407.78
vn -0.816683 0.435521 0.378615
v -15.762 -82.9814 1408.76
vn -0.34019 0.749127 0.568401
v -14.4206 -82.741 1411.73
vn -0.803167 0.380236 -0.458633
v -13.1704 -82.6356 1399.56
vn -0.252076 0.507332 -0.824058
v -15.5977 -83.6841 1401.58
vn -0.295466 0.510403 -0.807582
v -14.5485 -83.6672 1401.62
vn -0.840409 0.328914 -0.430731
v -13.5521 -82.647 1401.32
vn -0.207369 0.299081 -0.931423
v -15.6855 -81.7206 1402.49
vn -0.919194 0.136148 0.369521
v -15.6577 -81.3031 1408.22
vn -0.440015 -0.093049 0.893157
v -14.9913 -80.5134 1408.58
vn -0.616075 0.254117 0.745571
v -14.6431 -81.014 1408.8
vn -0.549322 0.700087 0.456205
v -14.344 -82.0094 1410.08
vn 0.188705 0.610905 -0.768886
v -14.0631 -78.1531 1403.63
vn -0.230691 0.436019 -0.869867
v -13.6311 -79.5368 1402.63
vn 0.550541 -0.324453 0.769178
v -15.8196 -77.3632 1409.8
vn 0.37479 -0.43225 0.820179
v -15.3762 -79.25 1408.77
vn 0.234528 0.0869587 0.968212
v -14.3004 -79.8059 1408.52
vn 0.404766 0.139614 0.903699
v -14.3003 -78.4211 1408.31
vn 0.499125 -0.863379 0.0738353
v -16.4665 -76.8773 1415.02
vn 0.110575 -0.936029 0.3341
v -16.3904 -76.6161 1413.55
vn 0.655739 -0.721435 0.222569
v -15.7559 -76.4049 1414.97
vn 0.158104 0.615821 0.77186
v -15.8097 -75.9432 1415.51
vn 0.67268 -0.43941 0.595333
v -16.8757 -76.7538 1416.05
vn 0.177233 0.656942 0.732813
v -16.8727 -75.9137 1415.7
vn 0.510797 0.630727 -0.584183
v -14.108 -77.4494 1404.2
vn 0.100727 0.34946 -0.931521
v -15.9034 -75.9828 1404.46
vn 0.627668 0.501806 -0.595167
v -15.2517 -75.3928 1405.16
vn 0.883727 0.463819 -0.0624374
v -14.7834 -75.6788 1405.95
vn 0.704618 0.655541 -0.271625
v -13.7781 -77.4504 1404.58
vn 0.721425 0.692445 0.00805651
v -13.8383 -77.27 1405.61
vn 0.844168 -0.485654 0.22698
v -14.8229 -76.2348 1408.56
vn 0.426503 -0.658999 0.619528
v -15.2222 -75.7335 1411.12
vn 0.868457 -0.480377 -0.122559
v -14.5019 -74.779 1410.44
vn -0.00497381 0.657944 0.753051
v -14.7213 -74.7226 1414.41
vn 0.706526 -0.704924 -0.0624786
v -14.3439 -75.1435 1414.07
vn 0.0133752 0.0450807 -0.998894
v -16.2905 -74.1263 1404.85
vn 0.0876644 -0.392991 -0.915354
v -15.9693 -73.4253 1404.77
vn 0.689733 0.278398 -0.668403
v -15.4255 -73.974 1405.58
vn 0.740647 -0.520427 -0.424967
v -14.9784 -72.8793 1405.69
vn 0.36795 -0.630908 -0.683058
v -15.1931 -69.6658 1402.09
vn -0.493248 0.76767 0.409131
v -15.1433 -67.5722 1406.84
vn -0.0411776 -0.491749 -0.869763
v -16.1843 -66.8728 1400.02
vn -0.156746 0.845538 -0.510389
v -15.8736 -65.8368 1400.38
vn 0.174695 -0.209347 -0.96211
v -14.7814 -66.5301 1399.89
vn 0.0633096 0.517535 -0.853317
v -14.7924 -66.1594 1399.96
vn -0.126977 0.857366 -0.498798
v -14.8261 -65.7201 1400.42
vn -0.333973 0.94144 -0.0464101
v -14.8668 -65.5315 1401.09
vn -0.4306 0.892283 -0.135702
v -14.19 -65.22 1401.43
vn 0.0555201 -0.98746 0.147782
v -11.8931 -91.6752 1407.13
vn -0.0861902 -0.985507 0.146107
v -10.7644 -91.9143 1405.81
vn 0.360146 -0.779263 0.512879
v -13.4096 -91.5171 1409.15
vn -0.409861 -0.869284 -0.276331
v -10.5726 -91.1384 1395.67
vn -0.456873 -0.888697 0.0385385
v -10.9775 -91.0453 1396.62
vn -0.121761 -0.991707 0.0411233
v -10.2414 -91.295 1396.07
vn -0.0436075 -0.997729 0.0513248
v -10.2811 -91.2244 1396.77
vn -0.390302 -0.908769 0.147656
v -10.341 -91.081 1397.81
vn -0.332228 -0.906022 -0.262201
v -12.5898 -91.6338 1406.36
vn -0.444438 -0.774606 -0.449957
v -11.6014 -91.1994 1404.91
vn -0.321004 -0.914404 -0.246619
v -11.0184 -91.8073 1405.42
vn -0.284982 0.169932 -0.943349
v -12.0126 -88.4273 1395.41
vn -0.416383 -0.909126 -0.0106837
v -11.9876 -89.4021 1401.67
vn 0.585888 -0.248653 0.771302
v -12.1927 -83.8796 1411.29
vn 0.582547 0.214077 0.784098
v -13.7356 -83.3489 1412.24
vn -0.239004 0.343302 -0.908307
v -11.5021 -82.4638 1398.55
vn -0.191342 0.695508 0.692572
v -12.547 -80.4613 1408.74
vn -0.899855 0.307904 -0.308958
v -13.0778 -80.5774 1400.94
vn -0.881012 0.458886 -0.115074
v -12.5456 -79.3079 1401.93
vn -0.751685 0.649237 -0.11602
v -12.3249 -79.1893 1400.72
vn -0.697203 0.442777 -0.563788
v -11.9054 -78.9736 1399.98
vn -0.343679 0.939085 -0.00216233
v -11.8419 -79.0006 1401.78
vn -0.412285 0.884233 0.219436
v -11.823 -78.9125 1401.41
vn -0.250531 0.936457 0.245525
v -11.1676 -78.688 1401.4
vn -0.023452 0.741655 -0.670371
v -13.3191 -78.8648 1403.09
vn 0.474165 0.774486 -0.418735
v -13.4058 -77.8438 1404.32
vn -0.187474 0.946495 -0.262682
v -12.251 -78.88 1402.8
vn 0.238129 0.902654 -0.358483
v -12.3127 -78.5166 1403.8
vn 0.324526 0.944988 0.0410044
v -12.2013 -78.5084 1404.16
vn 0.0891651 0.992426 -0.0844956
v -11.5927 -78.7049 1403.52
vn 0.216988 0.965576 0.143458
v -11.2622 -78.7756 1403.91
vn -0.146083 0.989161 -0.014828
v -11.1841 -78.7504 1402.48
vn 0.819999 0.467542 0.330161
v -13.5124 -78.2661 1407.25
vn 0.513955 0.130963 0.847761
v -12.8557 -79.2695 1407.56
vn 0.284118 0.895594 0.342327
v -11.4124 -79.5341 1406.91
vn -0.535665 0.842493 -0.0571752
v -11.42 -78.2981 1400.24
vn -0.256852 0.90706 0.33357
v -11.0899 -78.3205 1400.62
vn -0.466252 0.599648 -0.650409
v -10.6828 -78.1997 1399.55
vn 0.727166 0.0490909 0.684704
v -13.4428 -73.5413 1413.12
vn 0.724351 -0.6797 -0.115427
v -12.8266 -73.1631 1411.29
vn -0.170395 0.653535 0.737467
v -13.6103 -72.3889 1412.52
vn 0.635299 -0.0468802 0.770842
v -13.0817 -72.9154 1412.66
vn -0.188864 0.526301 0.829058
v -13.2673 -72.5484 1412.72
vn 0.809562 -0.445804 0.381926
v -12.8855 -73.1477 1412.36
vn 0.583979 -0.206106 0.785168
v -11.76 -71.5842 1412.11
vn 0.0488849 0.472024 -0.880229
v -13.428 -65.7589 1400.51
vn -0.227875 0.814427 -0.533649
v -13.473 -65.0487 1401.08
vn 0.28148 0.108591 -0.953403
v -13.0705 -66.0415 1400.48
vn -0.51234 0.816858 -0.265049
v -13.1665 -64.5798 1401.72
vn 0.367983 -0.325463 -0.871012
v -12.7242 -66.3582 1400.67
vn 0.0105528 0.231069 -0.97288
v -12.733 -65.6609 1400.59
vn -0.344599 0.644852 -0.682215
v -12.7763 -64.7725 1401.07
vn -0.579924 0.707375 -0.404115
v -12.8156 -64.3825 1401.65
vn -0.626763 0.777356 0.0537083
v -13.5555 -64.9259 1402.54
vn -0.659645 0.733805 -0.16248
v -12.8392 -64.275 1402.04
vn -0.392347 -0.897813 -0.199987
v -10.3752 -91.9889 1405.14
vn -0.246322 -0.947126 0.205618
v -10.0444 -92.1025 1405.53
vn -0.0928683 -0.799751 0.593105
v -9.71537 -91.9962 1405.89
vn -0.0612729 -0.988901 0.135354
v -9.87204 -91.3396 1395.75
vn -0.317958 -0.947874 0.0209363
v -9.15208 -91.5171 1395.47
vn -0.489973 -0.869782 0.0583671
v -8.45041 -91.8471 1395.57
vn -0.356073 -0.92612 -0.124553
v -7.37604 -92.3398 1395.33
vn 0.125637 -0.978895 0.161183
v -9.91246 -91.1832 1396.43
vn -0.382215 -0.923 0.0445343
v -9.95687 -91.2664 1397.27
vn -0.378992 -0.906705 -0.185069
v -9.61945 -91.4516 1397.57
vn -0.0397906 -0.961834 0.270724
v -9.54311 -91.2226 1396.1
vn -0.051003 -0.995372 -0.0814491
v -9.58331 -91.093 1396.79
vn -0.409485 -0.907746 0.0912107
v -9.21369 -91.1645 1396.47
vn -0.490389 -0.82991 -0.266023
v -8.88142 -91.4498 1396.9
vn -0.490419 -0.864731 -0.108303
v -8.56672 -91.9734 1397.74
vn -0.435702 -0.87888 0.194251
v -8.58671 -91.9221 1398.08
vn -0.560589 -0.824029 -0.0819459
v -8.11132 -92.0744 1396.71
vn -0.40132 -0.871439 0.282021
v -7.91463 -92.0459 1398.65
vn -0.372088 -0.927539 0.0349619
v -7.49405 -92.5413 1397.55
vn -0.528961 -0.763614 -0.370262
v -7.73684 -91.5721 1401.64
vn -0.410003 -0.862751 0.295903
v -7.69968 -91.3354 1400.88
vn 0.122499 -0.765247 0.631974
v -10.457 -91.5634 1406.48
vn 0.0356737 -0.610445 0.791255
v -9.75954 -91.3891 1406.48
vn 0.43111 -0.456464 0.778322
v -10.5897 -89.1442 1408.05
vn -0.4403 -0.557794 -0.703563
v -9.83397 -91.0109 1394.94
vn -0.0854146 0.0911246 -0.99217
v -8.0558 -91.0819 1394.51
vn 0.2709 -0.370423 0.888482
v -10.169 -82.8785 1410.86
vn 0.194144 -0.557059 0.807461
v -8.66 -83.7336 1409.33
vn 0.0517863 0.477066 0.87734
v -10.6966 -81.447 1410.9
vn 0.0223035 0.896332 0.442823
v -10.8764 -81.1025 1410.47
vn 0.14732 0.966238 0.211381
v -10.1554 -78.7379 1402.9
vn 0.0652971 0.936613 0.344228
v -9.41857 -78.5913 1402.2
vn -0.194291 0.385543 -0.902002
v -8.89802 -78.0866 1398.93
vn -0.335124 0.94211 0.0109497
v -10.3552 -77.9217 1399.87
vn -0.272371 0.864702 -0.422024
v -9.9871 -77.8054 1399.51
vn -0.0982954 0.979098 0.178057
v -8.96015 -77.5784 1399.88
vn -0.351896 0.549698 0.757629
v -10.3734 -68.1913 1411.17
vn 0.618446 -0.783322 -0.062692
v -9.91932 -70.3747 1409.13
vn 0.672071 -0.336588 0.659567
v -10.079 -69.7285 1411.13
vn 0.52392 -0.181069 0.832299
v -9.7587 -68.5745 1411.28
vn 0.366772 0.0158519 0.930176
v -9.76685 -68.1632 1411.29
vn 0.698281 -0.539339 0.470656
v -9.34309 -69.4725 1410.41
vn 0.576081 -0.379406 0.724004
v -9.02777 -68.6187 1410.76
vn 0.458054 -0.54603 0.701454
v -8.64909 -68.8797 1410.34
vn 0.461677 -0.305995 0.832599
v -8.67775 -68.2802 1410.65
vn 0.41087 -0.0801055 0.908168
v -9.05611 -67.856 1411.01
vn 0.154105 0.17728 0.97202
v -8.70926 -67.1732 1410.84
vn 0.450084 -0.496014 -0.742559
v -9.30146 -64.7467 1401.62
vn -0.524445 0.470165 -0.70986
v -9.34672 -61.5607 1401.34
vn -0.378775 0.217787 -0.899499
v -8.61236 -62.0004 1400.89
vn -0.736236 0.648232 -0.194299
v -9.78074 -60.8933 1402.62
vn -0.822563 0.535363 0.191773
v -8.22693 -59.0689 1403.07
vn -0.4261 -0.893148 -0.143962
v -5.53034 -93.0053 1400.26
vn -0.411154 -0.900904 -0.139012
v -7.47236 -93.1151 1403.74
vn -0.246716 -0.782579 0.571578
v -5.42866 -93.6257 1405.01
vn -0.0182004 -0.423774 0.905585
v -5.47238 -92.8114 1405.52
vn -0.171982 -0.979511 -0.104785
v -5.31666 -92.8247 1396.31
vn -0.0813799 -0.861879 -0.500541
v -5.25949 -92.6424 1395.2
vn -0.00833852 -0.978243 -0.207295
v -4.57903 -92.7746 1395.63
vn -0.425879 -0.902384 0.0658035
v -5.82241 -92.8496 1399.14
vn -0.647315 -0.736137 -0.197698
v -7.10231 -91.9276 1401.03
vn -0.542017 -0.756107 -0.366768
v -7.03963 -92.4464 1402.01
vn 0.0914899 -0.617178 0.781486
v -7.32923 -82.7211 1410.28
vn 0.0927212 -0.0966264 0.990992
v -8.08226 -81.7834 1410.9
vn 0.116122 0.663453 0.739152
v -8.08008 -81.4569 1410.74
vn -0.105312 0.0573528 -0.992784
v -5.30723 -80.6806 1398.29
vn 0.248028 0.939464 0.236409
v -6.66628 -80.4277 1403.79
vn 0.307511 0.858647 0.410076
v -6.64774 -80.3047 1403.41
vn 0.0906842 0.940812 0.32657
v -6.29715 -80.4402 1403.46
vn -0.0155425 0.875706 -0.482595
v -7.1526 -77.7635 1398.95
vn 0.0472208 0.911654 -0.408237
v -5.73337 -77.9812 1398.72
vn 0.108022 0.960095 0.257971
v -5.05392 -77.9916 1399.12
vn 0.322089 -0.836521 0.443273
v -6.53919 -68.1022 1409.95
vn 0.432864 -0.701758 -0.56583
v -6.00035 -66.3394 1405.91
vn 0.293559 -0.139706 0.945677
v -8.34631 -67.5457 1410.74
vn 0.159022 -0.185538 0.969684
v -7.6472 -67.1995 1410.66
vn -0.0601321 0.281969 0.957537
v -7.65667 -66.5001 1410.59
vn 0.393344 -0.90191 -0.178436
v -6.49957 -68.1621 1409.25
vn 0.14481 -0.513503 0.84578
v -6.56139 -67.785 1410.24
vn -0.266043 0.472279 0.840341
v -7.63952 -64.5548 1409.6
vn -0.535045 0.574882 0.619062
v -7.88886 -60.9914 1405.97
vn -0.415339 0.0311988 -0.909132
v -6.54251 -58.8668 1400.41
vn 0.35023 -0.285946 -0.89195
v -6.18766 -60.2135 1400.8
vn -0.42114 0.0801642 -0.903446
v -7.27059 -58.4482 1400.75
vn -0.513121 0.146275 -0.845761
v -6.85149 -56.7024 1400.54
vn 0.340411 -0.124381 -0.932014
v -5.86869 -56.4329 1400.06
vn -0.0957031 -0.960887 0.259879
v -2.9347 -94.8224 1404.7
vn -0.0671942 -0.975544 -0.209283
v -3.77865 -93.5298 1400.47
vn -0.351991 -0.895317 -0.272963
v -4.59134 -93.9646 1402.65
vn -0.382227 -0.848706 0.365514
v -3.96525 -94.6148 1404.24
vn 0.0104401 -0.970742 -0.239897
v -2.5466 -94.7629 1404
vn -0.0928921 -0.626835 0.773595
v -2.27833 -94.4083 1405.37
vn -0.012606 -0.710477 -0.703608
v -3.47788 -92.1157 1394.5
vn 0.0759092 -0.905068 -0.418438
v -2.09634 -92.4509 1394.99
vn -0.0152212 -0.489902 0.871645
v -2.66397 -84.2799 1408.86
vn 0.0131489 -0.58924 0.807851
v -3.09229 -83.2318 1409.91
vn 0.032268 -0.434168 0.900254
v -4.89605 -82.1962 1410.48
vn 0.0278865 0.926098 0.376252
v -3.80693 -81.3405 1409.5
vn -0.0358837 0.387419 -0.921205
v -4.28838 -78.5592 1398.15
vn -0.0715162 -0.329632 0.941397
v -5.53376 -67.2163 1410.48
vn 0.0848866 -0.760003 0.644352
v -5.16502 -67.6056 1410.29
vn 0.268768 -0.95584 0.118881
v -4.44706 -67.5417 1409.96
vn -0.0969715 -0.558476 0.823833
v -4.14693 -67.1533 1410.75
vn -0.318662 -0.168347 0.932799
v -4.16256 -66.7671 1410.9
vn 0.120367 -0.605381 0.786782
v -3.82132 -66.733 1411.05
vn 0.218216 -0.842788 0.492027
v -3.09207 -67.0903 1410.67
vn -0.220742 0.115634 0.968453
v -4.53566 -65.0253 1410.7
vn 0.297528 -0.447031 -0.843588
v -3.13643 -58.8386 1402.22
vn 0.432812 -0.219119 -0.874449
v -4.78203 -56.6628 1400.66
vn 0.199094 -0.191392 -0.961109
v -2.78645 -57.8323 1401.88
vn -0.716361 0.258153 0.648216
v -3.20406 -57.0604 1407.61
vn 0.360149 -0.0805859 -0.929408
v -3.86015 -53.0937 1400.62
vn -0.872248 0.267576 0.409373
v -3.83573 -52.6717 1404.57
vn -0.679499 0.276182 -0.67971
v -4.57097 -52.3065 1400.52
vn -0.762545 0.284192 -0.58117
v -4.61796 -51.3585 1401.05
vn -0.849478 0.22286 -0.478248
v -4.19896 -50.1985 1400.85
vn 0.295364 -0.135687 -0.945701
v -3.55588 -50.2652 1400.48
vn -0.755519 -0.0917037 -0.648676
v -3.68674 -47.4413 1400.33
vn -0.206127 -0.247791 -0.946632
v -3.22203 -47.8697 1399.95
vn -0.9157 0.164061 0.366848
v -3.08784 -48.2648 1405.18
vn -0.808444 -0.0898619 -0.581672
v -3.39723 -45.0997 1399.53
vn -0.656761 -0.108772 -0.746213
v -3.23101 -45.5029 1399.29
vn -0.656689 -0.151531 -0.738782
v -3.12365 -45.1623 1399.2
vn -0.361401 -0.261979 -0.89485
v -2.87121 -45.5311 1399.13
vn -0.925298 0.128138 0.356938
v -3.39473 -44.3532 1403.32
vn -0.258878 -0.0770883 -0.962829
v -3.96179 -37.3978 1397
vn -0.641929 -0.204488 -0.738994
v -4.75845 -37.2949 1397.56
vn -0.875101 -0.0627267 0.479858
v -4.01811 -38.1115 1400.62
vn -0.966288 0.253525 0.0448616
v -4.99742 -34.4883 1399.14
vn -0.950985 0.0859887 -0.29704
v -4.55 -35.1625 1397.51
vn -0.62535 0.599359 -0.499706
v -4.14558 -33.5034 1398.99
vn -0.263264 0.605969 -0.750662
v -3.40763 -33.4909 1398.32
vn -0.957668 0.00673988 0.287797
v -4.9173 -35.0379 1399.96
vn -0.68138 0.135725 0.719236
v -4.56002 -34.9011 1400.64
vn -0.693988 0.564652 0.446709
v -4.55376 -34.2545 1400.3
vn -0.198141 0.488095 0.850002
v -3.87475 -34.1747 1400.68
vn -0.0857246 0.835839 0.54224
v -3.50526 -33.5677 1400.12
vn 0.0753762 0.579886 0.811203
v -3.17436 -34.1666 1400.69
vn 0.108097 -0.960418 -0.256735
v -0.038352 -92.4891 1395.84
vn 0.116206 -0.636385 -0.762569
v 0.715012 -91.7016 1394.61
vn 0.0258801 0.179721 -0.983377
v 0.359899 -91.0215 1394.46
vn -0.0136534 0.25871 -0.965859
v -1.13141 -78.874 1398.23
vn -0.0367968 0.71061 -0.702623
v -1.14737 -78.4423 1398.37
vn -0.0875728 0.994738 -0.0531684
v -0.859443 -78.0991 1399.39
vn 0.259813 -0.964467 -0.0479645
v -1.67845 -66.632 1410.3
vn 0.267481 -0.953089 0.141686
v -1.6984 -66.586 1410.65
vn 0.0831885 -0.988785 0.124031
v -1.34952 -66.515 1410.66
vn 0.125735 -0.657526 0.742866
v -1.38682 -65.9805 1411.15
vn 0.0379976 -0.991447 -0.124859
v -0.980259 -66.5436 1410.33
vn 0.0763135 -0.826965 -0.557051
v -1.82676 -64.9452 1406.03
vn -0.201663 -0.895221 -0.39738
v -0.463748 -65.4595 1406.93
vn -0.0835591 0.175137 0.980992
v -1.09919 -63.43 1411.41
vn 0.223362 0.176046 0.958706
v -0.389366 -63.4535 1411.26
vn -0.377747 0.380641 0.84405
v -2.10899 -59.907 1409.41
vn -0.260468 -0.481083 -0.837087
v 0.02059 -59.8211 1402.53
vn -0.28377 0.180013 0.941844
v -1.43676 -57.134 1408.98
vn -0.587061 0.137218 0.797828
v -1.83526 -51.6352 1407.93
vn 0.290303 0.224437 0.930243
v -0.79393 -51.9258 1408.22
vn 0.365752 -0.171781 -0.914722
v -2.17639 -51.5128 1401.33
vn -0.132448 -0.186257 -0.973533
v -0.793817 -51.7694 1401.78
vn -0.583645 0.209554 0.784504
v -1.85081 -49.5803 1407.5
vn -0.260649 0.202378 0.943984
v -1.4994 -51.2493 1408.06
vn -0.802271 0.220436 0.55477
v -1.85566 -47.5612 1406.88
vn 0.0788497 0.318243 0.944725
v -1.16086 -48.5357 1407.34
vn 0.182784 0.422526 0.887728
v -1.1505 -46.0473 1406.28
vn 0.518105 0.300183 0.800911
v -0.799208 -48.2363 1407.03
vn 0.608316 0.316721 0.727763
v -0.425163 -45.308 1405.58
vn -0.155273 0.363332 0.918629
v -1.79502 -40.8233 1403.43
vn 0.0273852 -0.2764 -0.960653
v -1.12135 -40.5 1397.43
vn -0.0377828 0.244589 0.96889
v -1.44305 -38.4198 1402.57
vn 0.12031 -0.0458996 -0.991675
v -0.464282 -36.6748 1396.9
vn -0.403252 0.236274 0.88406
v -2.61833 -37.1264 1401.94
vn -0.186687 0.400375 0.897133
v -2.48609 -36.1207 1401.61
vn -0.216675 0.345195 0.913177
v -2.14421 -36.4226 1401.87
vn 0.105062 0.167492 0.980259
v -0.368948 -36.3287 1402.27
vn -0.00255558 0.320685 -0.947183
v -0.852789 -34.8813 1396.97
vn -0.113784 0.993456 0.00991463
v -0.614053 -33.2335 1398.43
vn -0.000852633 0.471789 0.881711
v -2.47985 -35.474 1401.27
vn 0.00145622 0.971097 0.238683
v -2.41946 -33.306 1399.41
vn 0.126596 0.785995 0.605132
v -2.0846 -33.6182 1399.81
vn 0.00061716 0.679052 0.73409
v -1.75597 -34.2094 1400.41
vn -0.0373324 0.86974 0.492097
v -1.36976 -33.4629 1399.51
vn -0.448049 0.688126 0.570731
v -1.08902 -34.6088 1401.18
vn -0.521724 0.663155 0.536684
v -0.562098 -34.3397 1401.51
vn -0.375819 0.853212 0.361648
v -0.690039 -33.5055 1399.91
vn -0.0171825 0.537813 0.842889
v -0.426196 -34.6227 1401.88
vn 0.150036 -0.979539 -0.134136
v 0.926123 -94.4783 1404.5
vn 0.148534 -0.930801 0.333986
v 1.23596 -94.4171 1405.22
vn 0.124489 -0.600432 0.789926
v 1.21395 -94.179 1405.54
vn 0.382489 -0.913431 -0.139093
v 3.3678 -93.9271 1404.54
vn 0.308268 -0.789279 0.531046
v 3.32769 -93.8083 1405.23
vn 0.0166434 -0.344811 0.938525
v 0.82615 -93.3894 1405.94
vn 0.153174 -0.895824 -0.417178
v 1.72605 -92.1905 1395.52
vn 0.251022 -0.766545 -0.591098
v 3.13882 -91.6303 1395.14
vn 0.315504 -0.938072 -0.143105
v 3.39582 -92.2735 1397.07
vn 0.278026 -0.937363 -0.209884
v 2.89177 -92.5022 1399.94
vn 0.173533 -0.236798 -0.955936
v 3.1536 -90.9627 1394.64
vn 0.0906981 0.229842 -0.968993
v 3.14415 -90.5972 1394.68
vn 0.0354401 0.31939 -0.94696
v 3.46333 -89.8216 1394.98
vn -0.145704 -0.392418 0.908173
v 2.12823 -82.5173 1410.36
vn -0.226997 0.0984691 0.968905
v 1.98449 -81.4757 1410.22
vn -0.0919394 0.926321 0.365345
v 1.82012 -80.9178 1409.03
vn -0.129103 0.632453 -0.763764
v 0.925352 -77.9002 1398.74
vn -0.0498369 0.364072 -0.930037
v 2.02803 -78.5295 1398.03
vn -0.0916326 0.448948 -0.888847
v 3.38742 -77.4487 1398.44
vn -0.0587973 0.986344 0.153847
v 3.34802 -77.4157 1399.14
vn -0.379623 -0.836484 -0.395198
v 0.942918 -66.0416 1407.12
vn -0.423899 -0.673409 -0.605665
v 2.03009 -66.1655 1406.45
vn -0.506314 -0.795562 -0.332756
v 2.36446 -66.776 1406.96
vn -0.198679 -0.953369 -0.227189
v 0.068683 -66.6093 1410.4
vn -0.0521963 -0.750477 0.658832
v 0.010819 -65.9537 1411.23
vn -0.448505 -0.885826 0.118976
v 2.21091 -67.3694 1409.96
vn -0.243933 -0.632541 0.735111
v 2.54002 -67.2738 1410.32
vn -0.0908332 -0.272721 0.957796
v 2.51835 -66.7813 1410.54
vn -0.180623 -0.740241 -0.647625
v 0.271584 -65.1319 1406.19
vn 0.201367 0.114653 0.972782
v 2.47108 -64.9537 1410.77
vn -0.588252 -0.543082 -0.599184
v 1.43482 -61.519 1402.9
vn 0.144438 0.323736 0.935058
v 0.324297 -59.818 1409.76
vn -0.473202 -0.324969 -0.818825
v 2.1523 -60.3756 1401.44
vn 0.643737 0.365419 0.672363
v 1.77271 -57.6249 1408.16
vn -0.0321322 -0.105289 -0.993922
v 2.17885 -57.9854 1400.89
vn -0.00633612 0.187021 0.982335
v -0.049928 -55.402 1408.65
vn -0.367156 -0.0658149 -0.927828
v 1.12087 -55.1761 1400.71
vn -0.168289 0.0064762 -0.985716
v 1.79719 -55.2135 1400.49
vn -0.379917 -0.149029 -0.912937
v 0.353987 -55.4213 1401.31
vn -0.0729958 0.0773032 -0.994332
v 1.39042 -53.025 1400.75
vn 0.38107 0.113994 -0.917491
v 1.73826 -53.0131 1400.8
vn 0.788013 0.165865 -0.592894
v 2.58379 -55.0802 1401.13
vn 0.628131 0.244848 0.73858
v 0.116927 -51.7097 1407.47
vn -0.101624 -0.115338 -0.988114
v 0.987778 -50.7252 1400.9
vn 0.455655 0.0207389 -0.889915
v 1.32642 -50.14 1400.91
vn 0.973892 0.178454 -0.140313
v 1.78664 -50.7029 1401.65
vn 0.247453 -0.267604 -0.931212
v 0.626503 -47.813 1400.08
vn 0.996429 0.0716914 0.0446086
v 1.46925 -48.6485 1401.23
vn 0.830304 -0.104097 -0.547502
v 1.38825 -48.3745 1400.82
vn 0.496058 -0.179683 -0.849494
v 0.962483 -39.75 1397.53
vn 0.98839 -0.11334 0.101187
v 1.68501 -40.6058 1398.59
vn 0.947291 -0.113885 0.299448
v 1.87327 -38.8892 1400.05
vn 0.480038 0.292969 0.826881
v -0.017342 -39.8224 1402.63
vn 0.395882 0.142619 0.907159
v -0.024663 -38.4627 1402.29
vn 0.887656 0.0684036 0.455398
v 1.31136 -40.7569 1401.46
vn 0.759084 0.0291278 0.650341
v 1.24659 -37.9429 1401.26
vn 0.238011 0.491139 -0.837934
v 1.55059 -34.0244 1397.6
vn 0.427547 0.207256 -0.879914
v 1.90788 -34.378 1397.6
vn 0.497435 0.709416 -0.499287
v 1.85314 -33.399 1398.25
vn 0.916149 -0.0928131 -0.389945
v 2.56026 -35.6453 1398.38
vn 0.70195 0.00132497 -0.712225
v 2.25354 -34.6925 1397.8
vn 0.830547 0.295162 -0.472303
v 2.4342 -34.2741 1398.1
vn 0.809573 0.581328 0.0815429
v 2.41466 -33.7274 1399.06
vn 0.990835 -0.11219 0.0752251
v 2.64012 -35.5081 1399.07
vn 0.905427 0.0932084 0.414143
v 2.56688 -34.6869 1399.62
vn 0.990952 0.125342 -0.047995
v 2.67524 -34.4772 1398.87
vn -0.170897 0.877292 0.448501
v 0.317011 -33.2378 1400.63
vn 0.576057 0.138349 0.805617
v 1.36172 -34.7263 1401.28
vn 0.520241 0.591512 0.616006
v 1.36354 -33.731 1400.9
vn 0.0367577 0.818709 -0.573031
v 0.805597 -33.2154 1398.11
vn 0.230899 0.972666 0.0246293
v 1.09119 -32.8773 1399.18
vn 0.384221 -0.780975 -0.492396
v 5.90805 -90.7958 1395.49
vn 0.15712 -0.0369328 -0.986889
v 4.1864 -90.5571 1394.84
vn 0.271909 -0.534387 -0.80031
v 5.22302 -90.8319 1395.21
vn 0.266985 -0.453401 -0.85038
v 5.57367 -90.4956 1395.09
vn -0.119815 -0.326682 0.937509
v 4.17804 -82.0573 1411.18
vn -0.316404 -0.127355 0.940037
v 3.81873 -81.6266 1411.19
vn -0.11511 0.869453 0.480417
v 3.83047 -81.3321 1410.87
vn 0.0223529 0.396372 0.917818
v 4.16563 -81.6115 1411.25
vn -0.120136 0.960108 0.252507
v 5.88588 -79.3415 1404.67
vn 0.156473 0.978436 0.134833
v 6.07672 -77.5271 1399.32
vn -0.605043 -0.791967 -0.0819201
v 4.40575 -68.7268 1409.64
vn -0.622161 -0.600042 0.502857
v 4.31672 -68.456 1410.3
vn -0.571388 -0.666704 -0.478562
v 5.62434 -68.4373 1405.63
vn -0.436193 -0.337293 0.834248
v 4.58496 -66.9749 1411.28
vn -0.588082 -0.490788 -0.642874
v 3.9737 -64.2042 1402.3
vn 0.327626 0.378998 0.86546
v 4.19562 -63.9949 1410.13
vn 0.623105 0.589143 0.514443
v 5.55868 -65.1348 1409.72
vn -0.2751 -0.164071 -0.947312
v 4.70617 -63.2188 1401.38
vn 0.278162 0.31465 -0.907536
v 5.74759 -62.6919 1401.39
vn 0.722207 0.464376 -0.512613
v 5.90367 -61.2662 1402.19
vn 0.653731 0.203215 -0.728931
v 3.20022 -57.5842 1401.3
vn 0.865385 0.339934 -0.368177
v 3.55601 -56.9186 1402.62
vn 0.477137 -0.878749 -0.011871
v 6.99397 -92.0773 1405.1
vn 0.105109 -0.52369 0.8454
v 6.41609 -91.682 1405.7
vn 0.514272 -0.812375 -0.274903
v 7.30004 -90.4062 1401.93
vn 0.535652 -0.844246 -0.0180265
v 7.39459 -90.0139 1400.07
vn 0.479108 -0.86002 -0.175561
v 8.21085 -91.3672 1405.03
vn -0.221832 -0.545946 0.807919
v 8.09411 -90.4026 1406.62
vn -0.103155 -0.696739 0.709869
v 8.81663 -90.8883 1406.4
vn 0.488034 -0.585997 -0.646861
v 7.6445 -89.7019 1395.41
vn 0.273168 -0.192774 -0.942453
v 7.64553 -89.3716 1395.28
vn 0.102938 0.180408 -0.978191
v 7.9798 -88.6465 1395.32
vn 0.413391 -0.0450077 -0.909441
v 9.00852 -88.2272 1395.6
vn 0.55564 -0.827913 -0.0763209
v 7.92023 -90.0297 1396.89
vn 0.627484 -0.777691 -0.038219
v 9.11095 -88.6415 1400.26
vn 0.00729344 -0.152761 0.988236
v 5.94164 -82.3428 1411.09
vn -0.174975 -0.431289 0.885084
v 6.30648 -82.7216 1410.96
vn -0.122377 0.101412 0.987289
v 6.64046 -82.3294 1411.13
vn -0.461399 -0.329821 0.823607
v 7.34656 -83.008 1411.27
vn -0.150546 0.891018 0.428279
v 7.46355 -80.1119 1408.13
vn 0.0673153 0.312876 0.947405
v 5.93565 -81.9889 1411.07
vn 0.0570006 0.676445 0.734284
v 6.65014 -81.3604 1410.61
vn -0.0386123 0.669814 0.741525
v 7.35022 -81.3513 1410.63
vn 0.0388379 0.84754 0.529308
v 7.37311 -80.9977 1410.09
vn 0.539793 0.834508 0.110547
v 8.33917 -78.9932 1399.03
vn 0.12754 0.991248 -0.0340827
v 7.38485 -78.9739 1402.79
vn -0.381446 0.915578 -0.127341
v 8.71409 -78.5431 1403.97
vn -0.484766 0.87208 0.0669279
v 8.67478 -78.5208 1404.67
vn 0.0249808 0.300249 -0.953534
v 6.55581 -77.8874 1398.35
vn 0.0303577 0.244529 -0.969167
v 6.92542 -78.4548 1398.2
vn 0.521712 0.48233 -0.703686
v 6.88414 -77.6983 1398.69
vn 0.48309 0.861737 0.155029
v 6.86482 -77.7274 1399.05
vn -0.494593 -0.235676 0.836561
v 7.06032 -70.6988 1412.19
vn -0.0529073 0.079868 0.9954
v 7.40438 -70.6742 1412.3
vn -0.675035 -0.441766 0.590906
v 7.97506 -72.1647 1411.96
vn -0.310816 -0.129127 0.941658
v 8.12528 -71.7363 1412.32
vn -0.168535 0.170531 0.970832
v 6.33873 -68.633 1411.85
vn -0.485591 -0.61937 -0.616914
v 8.28823 -67.1187 1401.36
vn -0.450471 -0.442177 -0.7756
v 6.87635 -65.7625 1401.06
vn -0.1396 0.189082 -0.971988
v 7.93837 -65.1211 1400.65
vn 0.136627 0.562252 -0.815602
v 8.81021 -64.2972 1401.17
vn 0.581666 0.808957 0.0851694
v 8.86027 -64.1605 1401.86
vn 0.385863 0.539958 -0.748034
v 6.75456 -62.4151 1402.11
vn 0.729993 0.665192 0.156937
v 7.79163 -63.406 1402.72
vn 0.764494 0.542926 0.347535
v 6.23035 -61.5355 1402.62
vn -0.352461 -0.804331 0.478355
v 9.78081 -90.1691 1407.75
vn 0.149068 -0.964675 0.21721
v 10.6121 -90.1594 1407.44
vn -0.608349 -0.636518 0.474085
v 10.7276 -89.7097 1409.5
vn 0.241433 -0.965807 0.0944796
v 11.1192 -90.0741 1408.88
vn -0.108165 -0.899676 0.422946
v 11.0784 -89.8747 1409.55
vn -0.425333 -0.596728 0.680447
v 11.1927 -87.471 1413.02
vn 0.779957 -0.504002 -0.371011
v 9.674 -88.4497 1396.33
vn 0.449942 -0.857766 -0.248577
v 10.8852 -87.171 1399.36
vn -0.698826 -0.393277 0.597474
v 10.6997 -86.9435 1412.88
vn -0.45007 -0.315703 0.835325
v 11.1691 -86.9825 1413.28
vn -0.51085 -0.145154 0.847326
v 10.4298 -85.0784 1413.31
vn 0.129703 0.254834 0.958247
v 10.7694 -84.7051 1413.38
vn -0.0781843 -0.0786392 0.993833
v 11.1425 -86.1359 1413.46
vn 0.169603 0.306372 -0.936681
v 9.58454 -85.1316 1396.8
vn 0.33681 0.398223 -0.853216
v 9.97772 -86.2731 1396.42
vn 0.90266 -0.133891 -0.408996
v 10.462 -86.8431 1397.13
vn 0.653934 0.333789 -0.678937
v 10.727 -85.3286 1397.56
vn 0.717143 -0.454727 -0.528138
v 11.5833 -85.4314 1398.81
vn -0.713089 -0.371975 0.594255
v 8.90909 -84.6417 1411.97
vn 0.350647 0.623451 0.698825
v 10.4293 -83.4079 1412.73
vn 0.549919 0.713432 0.434284
v 10.4565 -82.98 1412.09
vn -0.650474 -0.240789 0.72035
v 9.71892 -83.7162 1413.01
vn 0.653315 0.318194 -0.686973
v 11.397 -82.4368 1399.53
vn 0.0833107 0.749511 0.656729
v 9.20957 -79.9543 1408.2
vn 0.370278 0.704792 0.605114
v 9.52645 -80.7416 1409.09
vn 0.127529 0.49591 0.858958
v 10.5056 -80.0705 1407.95
vn 0.657874 0.0275273 0.752625
v 11.4807 -80.1876 1407.31
vn -0.147176 0.0608533 0.987237
v 8.71929 -81.8407 1411.4
vn -0.446435 0.764696 -0.46469
v 9.36401 -78.5706 1402.94
vn 0.187325 0.976752 -0.104236
v 9.57785 -79.547 1401.36
vn -0.0853856 0.702519 -0.706524
v 10.2728 -79.565 1401.48
vn -0.462483 0.821686 0.333079
v 8.96704 -78.698 1405.8
vn -0.64112 0.753549 -0.145361
v 9.38891 -77.9955 1404.26
vn -0.661628 0.734771 0.149531
v 9.49676 -77.8853 1404.6
vn -0.104445 0.637807 0.763082
v 9.93361 -79.0952 1407.49
vn -0.737003 0.547733 0.395999
v 9.97133 -78.0986 1406.45
vn -0.657574 0.133984 0.74138
v 10.6232 -78.0496 1407.33
vn -0.669555 0.0683863 0.739607
v 10.7935 -77.3176 1407.42
vn -0.086038 0.293053 0.952217
v 11.3224 -78.705 1407.6
vn -0.241445 0.477982 -0.844534
v 11.6172 -78.0246 1401.99
vn -0.784745 0.618293 -0.0434666
v 10.0619 -77.2306 1404.5
vn -0.610768 0.556884 -0.562887
v 10.8386 -77.1679 1403.11
vn -0.869719 0.243565 -0.42926
v 11.1917 -74.9697 1404.84
vn -0.888312 -0.39831 -0.228585
v 10.3206 -74.24 1408.57
vn -0.876429 -0.239777 0.417587
v 10.614 -74.9891 1408.38
vn -0.826669 -0.555102 -0.0920835
v 10.5246 -74.8551 1409.06
vn -0.706899 -0.707297 -0.0050141
v 10.4135 -75.0053 1413.73
vn -0.719101 -0.0134796 0.694774
v 10.8859 -74.9045 1414.22
vn -0.662745 -0.594128 -0.455829
v 10.5755 -72.1663 1404.61
vn -0.533095 -0.480053 -0.696677
v 11.121 -73.8051 1405.32
vn -0.764939 -0.641185 0.0612361
v 8.70802 -73.2488 1411.86
vn -0.648552 -0.291031 0.703336
v 8.47408 -72.0613 1412.46
vn 0.255191 0.354147 0.899698
v 8.47309 -71.3904 1412.25
vn -0.743658 -0.321239 0.586325
v 8.83108 -72.7477 1412.58
vn 0.236213 0.511924 0.825916
v 9.18671 -71.7605 1412.15
vn -0.12272 0.39946 0.9085
v 9.52267 -72.7101 1412.75
vn -0.14155 -0.585243 -0.798407
v 11.0517 -71.632 1403.68
vn 0.223594 0.858364 0.461754
v 10.3789 -67.55 1408.12
vn -0.296629 -0.408991 -0.862982
v 9.18819 -66.8975 1400.63
vn -0.209682 -0.138269 -0.967944
v 10.4377 -65.9213 1400.1
vn 0.103611 0.826225 -0.55373
v 10.038 -64.9272 1400.65
vn 0.397022 0.855529 0.332331
v 10.3474 -64.8178 1401.36
vn 0.442732 -0.856161 0.266415
v 11.7759 -89.7004 1409.56
vn 0.638395 -0.769604 0.0127501
v 12.182 -89.4466 1409.17
vn 0.68955 -0.712053 0.132294
v 12.7891 -88.816 1408.73
vn -0.250469 -0.774076 0.581439
v 11.6087 -88.4095 1412.15
vn 0.226224 -0.822393 0.522008
v 11.9582 -88.4135 1412.17
vn 0.241631 -0.61253 0.75261
v 11.9147 -87.8923 1412.78
vn 0.706764 -0.5893 0.391421
v 12.3901 -88.145 1412.15
vn 0.24556 -0.953546 -0.174499
v 13.0309 -88.6735 1405.5
vn 0.428204 -0.903648 -0.0077936
v 13.8308 -88.3128 1407.62
vn 0.644405 -0.59621 0.478828
v 13.936 -87.9075 1407.9
vn 0.896238 0.240039 0.373014
v 13.8471 -86.4596 1407.97
vn -0.0509021 -0.397086 0.916369
v 11.524 -87.2155 1413.28
vn 0.433348 -0.183164 0.882418
v 11.8643 -86.8444 1413.34
vn 0.461557 0.132975 0.877088
v 11.8514 -86.1334 1413.32
vn 0.86424 0.30709 0.398478
v 12.1595 -85.1985 1412.63
vn 0.636993 0.368953 0.676841
v 11.9155 -85.1353 1412.96
vn 0.789708 -0.234461 0.566912
v 12.4096 -87.3221 1412.7
vn 0.799146 0.0811989 0.595628
v 12.3347 -86.5688 1412.9
vn 0.896028 0.374677 0.238226
v 12.419 -85.0537 1411.54
vn 0.915921 -0.260099 0.305676
v 12.9105 -87.5839 1411.35
vn 0.935268 0.0936018 0.341339
v 12.6697 -86.6981 1412.24
vn -0.0720448 -0.963005 -0.259675
v 12.9618 -87.0749 1399.46
vn 0.254445 0.665148 -0.702023
v 14.6714 -84.913 1399.85
vn 0.636319 0.750937 0.176613
v 13.4591 -84.0124 1402.46
vn 0.928336 0.224719 0.296131
v 12.7523 -83.1142 1406.89
vn 0.827465 0.497927 0.259557
v 14.1613 -85.8305 1405.72
vn 0.850043 0.458613 0.25904
v 12.2042 -83.9555 1409.88
vn 0.732275 0.553002 0.397445
v 11.8664 -84.5146 1412.49
vn 0.624844 0.324978 -0.709901
v 12.6373 -83.032 1400.08
vn 0.429521 0.335655 -0.83836
v 12.4922 -82.0575 1400.24
vn 0.406596 0.500041 -0.764617
v 12.9335 -84.1923 1399.61
vn 0.758648 0.647535 -0.0717802
v 12.9858 -83.3009 1400.51
vn 0.906179 -0.166674 -0.388665
v 13.0436 -82.4772 1401.06
vn 0.516648 0.608591 -0.602238
v 13.6033 -84.0438 1400.33
vn 0.9294 -0.364368 -0.0587518
v 13.5082 -82.4725 1402.88
vn 0.984795 -0.0810732 0.153643
v 13.1721 -83.102 1405.13
vn 0.9014 -0.1731 0.39688
v 13.2026 -82.2789 1405.68
vn 0.883199 -0.462633 0.0770035
v 13.4578 -82.5454 1404.32
vn 0.895764 -0.3733 0.241361
v 13.4067 -82.4107 1405
vn 0.877446 -0.444693 0.179822
v 14.159 -81.5017 1404.15
vn 0.854702 -0.0955683 0.510246
v 14.1961 -81.0897 1404.43
vn 0.78244 0.345737 0.517932
v 12.0939 -81.6058 1407.33
vn 0.734708 -0.382613 -0.560189
v 14.4071 -79.5002 1401.63
vn 0.884815 -0.463764 -0.0450039
v 14.6694 -80.6653 1402.95
vn 0.758541 -0.376036 0.532177
v 14.3147 -79.6432 1404.51
vn 0.464788 -0.225235 0.856295
v 11.7033 -79.4715 1407.31
vn -0.494596 -0.0710063 0.866218
v 11.6383 -77.8424 1407.93
vn 0.531293 -0.461812 0.710251
v 12.2716 -79.5534 1406.88
vn 0.214737 -0.454787 0.864325
v 12.0304 -78.7222 1407.48
vn 0.0704118 -0.663683 0.744693
v 12.3379 -77.9077 1407.98
vn 0.352929 -0.769929 0.531648
v 14.1237 -77.8449 1407.36
vn -0.0845024 -0.853377 0.5144
v 13.3203 -77.0434 1408.94
vn -0.370511 -0.92081 -0.121782
v 12.7112 -77.0219 1414.26
vn -0.561341 -0.81921 0.117439
v 12.2478 -76.8156 1415.63
vn -0.595028 -0.801916 -0.0535888
v 12.2846 -76.8841 1414.98
vn -0.664204 -0.212195 0.716803
v 12.2239 -76.289 1415.88
vn -0.369032 -0.926969 0.0674007
v 12.6189 -77.0696 1415.34
vn -0.264522 -0.909465 0.320782
v 12.9697 -77.021 1416.07
vn -0.463384 0.136376 0.875601
v 13.5939 -76.5612 1416.56
vn 0.17711 0.392545 -0.902519
v 13.7215 -78.0108 1401.98
vn -0.499592 0.418891 -0.758247
v 12.2031 -75.5132 1403.22
vn 0.0103142 0.38913 -0.921125
v 12.9237 -75.7602 1402.95
vn 0.389831 0.366545 -0.844794
v 13.585 -76.0179 1403.04
vn 0.654457 0.333133 -0.678755
v 14.424 -75.1115 1403.98
vn -0.780563 -0.397842 0.482124
v 11.5053 -75.957 1409.7
vn -0.410669 -0.911666 0.0146999
v 12.4593 -76.2637 1410.88
vn -0.722725 0.135941 -0.677635
v 11.7637 -74.097 1404.34
vn -0.424516 -0.512538 -0.746385
v 11.7469 -72.9415 1404.25
vn -0.10414 -0.115289 -0.987858
v 12.4576 -72.6343 1403.96
vn -0.283382 0.23642 -0.929409
v 12.8445 -73.7547 1403.69
vn 0.176643 0.262045 -0.948752
v 13.2119 -74.142 1403.52
vn 0.106978 0.112448 -0.987882
v 13.5235 -73.0072 1403.84
vn 0.581205 0.164334 -0.796992
v 13.9006 -74.2155 1403.78
vn 0.206223 -0.21094 -0.955498
v 13.8502 -71.5891 1403.78
vn 0.311283 -0.360381 -0.879334
v 14.1967 -70.9051 1403.61
vn 0.351478 -0.596342 -0.721692
v 14.212 -69.9551 1403
vn -0.0722438 -0.0731577 -0.9947
v 12.9188 -65.9924 1399.64
vn 0.0171813 -0.39528 -0.9184
v 13.2802 -67.0275 1399.8
vn 0.0632822 0.987968 -0.141121
v 13.186 -65.2694 1400.9
vn -0.324838 -0.904452 0.27649
v 15.4325 -89.2404 1406.47
vn 0.0950176 -0.978568 -0.182691
v 17.3241 -89.3399 1405.88
vn 0.217561 -0.656049 0.72268
v 17.1894 -88.8715 1406.45
vn 0.40814 0.765641 0.497208
v 15.8127 -86.9655 1405.32
vn 0.446032 -0.588101 0.67468
v 14.6705 -88.0058 1407.33
vn 0.658111 0.459955 0.596096
v 14.6696 -87.3711 1407.13
vn 0.186327 -0.534597 0.82431
v 15.7533 -88.4355 1406.92
vn 0.437385 0.579434 0.687714
v 15.7577 -88.1164 1406.72
vn 0.320226 0.585746 0.744552
v 16.9102 -88.1818 1406.34
vn -0.0290229 -0.285204 -0.958027
v 15.0875 -86.066 1399.06
vn 0.398354 0.896515 0.193844
v 15.2367 -85.3072 1402.47
vn 0.914261 -0.304003 0.267784
v 14.8375 -80.2508 1403.23
vn 0.77907 -0.571894 -0.256882
v 15.1631 -79.6255 1402.77
vn 0.780186 -0.554661 0.289242
v 15.143 -79.5581 1403.11
vn 0.551404 -0.774736 0.309417
v 17.1559 -78.0538 1403.29
vn -0.202894 -0.722787 0.660616
v 14.9595 -76.7608 1417.3
vn -0.369993 0.34138 0.86404
v 14.9551 -76.4122 1417.26
vn -0.139058 -0.859791 0.491348
v 15.3374 -77.1861 1416.95
vn -0.229585 0.0717103 0.970643
v 16.3332 -76.32 1417.67
vn 0.617071 -0.642161 -0.454811
v 16.8416 -77.8681 1402.57
vn -0.0171617 0.423668 -0.905655
v 16.8179 -77.0764 1402.72
vn 0.201123 0.680676 -0.704436
v 15.3334 -76.0714 1403.87
vn -0.00255271 0.73519 -0.677857
v 16.9207 -74.6182 1406.38
vn -0.344943 0.573165 0.743301
v 14.9848 -75.1768 1416.29
vn 0.800502 0.0522508 -0.597048
v 14.7919 -73.8706 1404.83
vn 0.601468 -0.107314 -0.791656
v 14.5343 -72.1939 1404.3
vn 0.773442 0.0261787 -0.633326
v 15.3378 -74.4112 1405.69
vn 0.62338 -0.0833149 -0.777467
v 16.1975 -73.8822 1406.52
vn 0.53368 -0.387496 -0.751687
v 16.1967 -71.8769 1405.84
vn 0.384959 0.470163 -0.7942
v 16.5439 -74.1992 1406.71
vn -0.00913014 0.502028 -0.864803
v 16.8977 -74.1778 1406.8
vn 0.288266 -0.00859609 -0.957512
v 16.8752 -73.7982 1406.92
vn -0.149542 0.692871 0.705384
v 14.7734 -70.3053 1412.06
vn 0.348834 -0.620008 -0.702784
v 15.0043 -66.9171 1400.29
vn 0.085636 0.835667 -0.542519
v 15.6727 -65.4219 1400.36
vn 0.184648 0.608733 -0.771589
v 16.0453 -65.8526 1400.11
vn 0.366801 -0.675159 0.640013
v 17.9265 -89.0359 1405.86
vn -0.0879878 -0.886037 -0.455188
v 17.9832 -87.4579 1399.12
vn 0.380238 -0.917892 0.11355
v 19.0691 -88.6128 1404.06
vn 0.60001 -0.667063 0.441605
v 19.0111 -88.0871 1404.93
vn 0.522278 0.194513 0.830295
v 17.5453 -88.5529 1406.25
vn -0.16389 -0.0457614 -0.985417
v 18.285 -86.8507 1398.57
vn -0.0258477 0.802328 -0.596324
v 18.6051 -86.2736 1398.92
vn -0.282155 0.515965 -0.808807
v 19.649 -86.5315 1398.32
vn -0.271273 0.903749 -0.331132
v 19.6733 -86.2995 1398.63
vn -0.140537 -0.615248 -0.775706
v 20.268 -86.9309 1398.08
vn -0.0335058 0.99718 0.0671454
v 19.1446 -85.9189 1401.74
vn -0.591366 0.795339 -0.133122
v 19.8811 -85.7293 1401.03
vn -0.435789 0.893406 0.109153
v 19.8615 -85.7316 1401.39
vn -0.309721 0.859588 0.406425
v 19.8429 -85.8411 1401.77
vn -0.611149 0.752684 0.244875
v 20.2085 -85.4276 1401.35
vn -0.39714 0.718984 0.570388
v 20.5067 -85.4931 1401.74
vn 0.0595058 0.877191 0.47644
v 19.8068 -86.2105 1402.55
vn -0.0737329 -0.990365 -0.11722
v 17.544 -77.9996 1402.59
vn -0.731764 -0.658001 -0.177643
v 19.7296 -79.8774 1401.3
vn -0.16132 -0.929639 0.331281
v 18.5341 -78.0401 1403.73
vn -0.0826522 -0.990764 0.107498
v 17.5547 -77.2483 1408.52
vn -0.115396 -0.993214 0.0144725
v 16.9193 -78.1529 1414.02
vn 0.0342662 -0.575956 0.816762
v 18.1108 -76.8612 1417.41
vn 0.00763736 -0.946781 0.321787
v 19.2668 -78.037 1415.92
vn 0.0216032 -0.796331 0.604475
v 19.2248 -77.6928 1416.56
vn 0.0321129 -0.202344 0.978788
v 19.1379 -76.2982 1417.66
vn -0.0598508 -0.475887 0.877467
v 16.6889 -76.6683 1417.7
vn -0.260641 0.430034 0.864371
v 16.6772 -75.9616 1417.66
vn -0.104718 0.00595736 0.994484
v 17.0273 -76.2909 1417.79
vn 0.0623799 -0.285686 0.956291
v 18.0784 -76.2803 1417.8
vn -0.0041476 0.306738 0.951785
v 18.0635 -75.563 1417.82
vn 0.0443825 0.265986 0.962955
v 19.1259 -75.5903 1417.63
vn -0.142243 0.372687 -0.91699
v 17.7992 -77.1711 1402.44
vn -0.158635 0.57144 -0.805166
v 17.2455 -74.1952 1406.7
vn -0.0774256 0.206109 -0.975461
v 17.2259 -73.7958 1406.92
vn 0.0287004 0.0814573 -0.996264
v 18.2662 -73.0816 1406.88
vn -0.0313755 0.464503 -0.885016
v 19.6972 -73.8343 1406.62
vn 0.196471 0.221762 -0.955103
v 19.6488 -72.6703 1407.1
vn 0.260075 -0.255957 -0.931046
v 18.5901 -71.3201 1406.75
vn -0.059006 0.922731 0.380902
v 17.348 -66.4941 1408.53
vn 0.31226 0.75263 0.579691
v 19.111 -66.7045 1408.42
vn 0.41824 -0.60143 -0.680704
v 17.4014 -66.0391 1401.02
vn 0.100125 0.876973 -0.469993
v 17.3826 -65.3086 1401.11
vn -0.0683856 0.996502 -0.0480289
v 17.3592 -65.17 1401.48
vn 0.419554 -0.659219 -0.624023
v 18.4113 -66.2243 1401.85
vn 0.476685 -0.475387 -0.739445
v 19.1129 -65.5527 1401.6
vn 0.456077 -0.0734927 -0.886901
v 19.1107 -65.2114 1401.53
vn -0.0850133 0.985955 -0.143757
v 19.0648 -64.8621 1402.24
vn -0.0113967 0.990559 -0.136616
v 19.7634 -64.8165 1402.27
vn -0.0296386 0.990312 0.13566
v 19.7439 -64.8242 1402.63
vn 0.157613 -0.885504 -0.437081
v 21.7831 -87.8689 1399.07
vn -0.0209424 -0.986249 -0.163934
v 21.7272 -88.2084 1400.2
vn 0.256563 -0.953487 0.158235
v 21.9799 -88.3311 1402.03
vn 0.505486 -0.855045 -0.115685
v 22.4589 -88.199 1400.6
vn 0.716756 -0.540474 0.440623
v 22.5416 -87.8581 1402.32
vn 0.562973 0.211805 0.798874
v 22.2796 -87.4407 1402.64
vn 0.711384 0.432917 0.553638
v 22.5943 -87.1702 1402.19
vn 0.775525 0.418655 0.472534
v 22.6587 -86.8934 1401.78
vn 0.88015 -0.447643 0.157962
v 22.8793 -87.7118 1401.24
vn 0.952407 -0.160732 0.259011
v 22.7954 -87.5777 1401.93
vn 0.83205 0.0544537 0.552022
v 22.6499 -87.5041 1402.31
vn 0.975663 0.0188787 0.218463
v 22.8727 -87.3006 1401.52
vn 0.914452 0.235705 0.32897
v 22.809 -87.234 1401.86
vn 0.923068 0.229434 0.308717
v 22.8262 -86.9581 1401.45
vn 0.763878 -0.609091 -0.213304
v 23.3326 -87.2198 1400.1
vn 0.0661823 -0.997719 0.0132705
v 20.5233 -88.3217 1403.01
vn 0.334236 -0.870517 0.36123
v 20.8517 -88.1475 1403.35
vn 0.417627 0.519844 0.745218
v 20.8336 -87.3051 1403.39
vn 0.346629 0.57317 0.742512
v 21.2083 -86.6479 1402.72
vn -0.455179 0.652593 -0.605751
v 21.0817 -85.8172 1398.26
vn -0.160269 0.0463379 -0.985985
v 21.1259 -86.6161 1397.83
vn 0.0844695 -0.656104 -0.749928
v 21.4693 -87.2572 1398.18
vn 0.279828 -0.322703 -0.90419
v 21.824 -86.6007 1397.88
vn -0.393425 0.373347 -0.840137
v 22.4938 -84.7599 1398.14
vn 0.641192 -0.562217 -0.522288
v 22.8363 -87.1277 1398.78
vn 0.0314725 0.00808103 -0.999472
v 22.8426 -85.146 1397.98
vn 0.448179 -0.296804 -0.843233
v 23.1892 -85.4637 1398.16
vn -0.173867 0.706746 0.68577
v 20.5225 -85.8792 1402.17
vn -0.565653 0.733465 0.376916
v 20.555 -85.0809 1401.3
vn -0.738543 0.526906 -0.420623
v 21.2348 -84.309 1400.48
vn -0.389272 0.610708 0.689567
v 21.2523 -84.5266 1401.18
vn -0.129018 0.52439 0.841647
v 21.5948 -84.8304 1401.44
vn 0.565976 0.477733 0.671895
v 21.9421 -86.1519 1401.96
vn 0.744345 0.203832 0.635927
v 22.8295 -85.6522 1400.83
vn -0.623176 0.489587 -0.609883
v 22.4307 -84.0445 1398.71
vn -0.45937 0.292568 -0.83868
v 23.1225 -84.061 1398.04
vn -0.792383 -0.599175 0.114535
v 21.0987 -81.2928 1401.3
vn -0.771303 -0.458077 -0.441879
v 21.2418 -81.7013 1401.04
vn -0.912274 0.384403 0.141385
v 21.6065 -83.5346 1400.77
vn -0.369354 -0.422692 0.827592
v 21.5354 -81.5985 1401.39
vn -0.398889 0.420653 0.814824
v 21.942 -83.7648 1401.13
vn -0.642183 -0.150741 0.751584
v 21.929 -83.1038 1401.13
vn 0.629056 -0.171804 0.758137
v 23.2784 -83.9265 1400.52
vn -0.29768 -0.498899 0.813932
v 21.1608 -80.9263 1401.59
vn -0.695121 -0.343258 -0.631649
v 20.8356 -80.4033 1400.4
vn -0.801746 -0.537094 -0.26217
v 20.9249 -81.0205 1400.88
vn -0.41179 -0.705798 0.576436
v 20.4374 -80.3353 1401.79
vn -0.133201 -0.673481 0.727105
v 22.841 -79.9121 1402.56
vn -0.243938 -0.936425 0.252196
v 22.3 -78.0507 1405.38
vn 0.317113 -0.945754 0.0706307
v 20.5864 -77.7168 1410.93
vn 0.163937 -0.97025 0.178157
v 21.0147 -77.7869 1409.54
vn 0.617176 -0.776053 0.129752
v 21.4657 -77.1894 1411.24
vn 0.741133 -0.293741 0.603688
v 22.0183 -77.1083 1410.18
vn 0.287884 -0.948584 0.131575
v 19.6361 -78.0656 1415.59
vn 0.213632 -0.876205 0.432002
v 19.5951 -77.8394 1416.26
vn 0.0259497 -0.557499 0.829772
v 19.858 -76.8435 1417.51
vn 0.520987 -0.807121 0.277719
v 20.2918 -77.5792 1416.25
vn 0.229715 -0.779765 0.582407
v 20.2289 -77.071 1417.22
vn 0.460597 -0.740086 0.490023
v 20.5771 -76.9194 1417.21
vn 0.325077 -0.578381 0.748198
v 20.5598 -76.6722 1417.51
vn 0.631791 -0.642081 0.434249
v 21.2717 -76.3964 1417.14
vn 0.397995 -0.304771 0.865283
v 21.2378 -75.9358 1417.6
vn 0.132236 0.232954 0.963455
v 21.5796 -75.236 1417.52
vn 0.757713 -0.527238 0.384566
v 22.3031 -75.333 1417
vn 0.579563 -0.236034 0.779996
v 22.0798 -75.2694 1417.33
vn 0.054766 -0.10435 0.993032
v 20.1827 -76.2166 1417.76
vn -0.000226845 0.351947 0.93602
v 20.5272 -75.6215 1417.66
vn -0.0201763 0.780724 -0.62455
v 21.7844 -77.2781 1401.73
vn 0.0476605 0.713358 -0.699177
v 20.4457 -74.5952 1406.02
vn 0.500842 0.734105 -0.458527
v 21.4958 -74.7897 1406.12
vn 0.886173 0.00195123 0.46335
v 22.6654 -76.0642 1409.66
vn 0.974936 0.216684 -0.0504831
v 22.5321 -74.7609 1409.04
vn -0.0523049 0.566121 0.822661
v 19.8445 -74.6417 1416.99
vn 0.24226 0.499507 -0.831747
v 20.3728 -73.4091 1406.94
vn 0.496021 0.125866 -0.85914
v 20.6696 -72.2247 1407.5
vn 0.642277 0.426672 -0.636735
v 21.0474 -73.3147 1407.39
vn 0.700891 -0.0696138 -0.709863
v 20.9894 -71.4511 1407.79
vn 0.85529 0.384487 -0.347346
v 22.0141 -73.8084 1408.46
vn 0.925693 0.0500752 -0.374946
v 21.5717 -71.2772 1408.65
vn 0.831093 0.180815 -0.525918
v 21.7725 -72.7149 1408.59
vn 0.0929612 0.991571 0.0902559
v 21.7053 -70.0375 1413.42
vn 0.437598 -0.238156 -0.867058
v 19.972 -71.2406 1407.1
vn 0.514831 -0.466681 -0.719137
v 20.3172 -70.2186 1406.84
vn 0.720751 -0.331583 -0.608745
v 20.9934 -69.7954 1407.14
vn 0.830597 -0.404442 -0.382799
v 21.3182 -68.8061 1406.72
vn 0.548746 0.627363 0.552534
v 20.4927 -68.7942 1409.53
vn 0.888299 0.449869 -0.0924252
v 21.5657 -70.3869 1409.55
vn 0.903283 0.424783 0.0603319
v 21.1663 -69.8645 1410.4
vn 0.988863 -0.0245633 -0.146785
v 21.4411 -69.6305 1407.96
vn 0.179434 0.922743 0.341101
v 20.4414 -69.6782 1410.77
vn 0.997128 -0.0260908 0.0711013
v 21.4536 -68.3922 1407
vn 0.549333 -0.580537 -0.601008
v 21.4122 -67.0894 1404.96
vn 0.972099 -0.191079 -0.136062
v 21.6945 -66.9419 1405.3
vn 0.92326 0.247323 0.293977
v 21.6471 -66.875 1405.65
vn 0.754777 -0.403557 -0.517159
v 21.6408 -66.6674 1404.89
vn 0.957237 0.263495 0.11945
v 21.6698 -66.599 1405.23
vn 0.694491 0.573318 0.434728
v 21.4968 -66.5344 1405.57
vn 0.625117 -0.290025 -0.724648
v 20.1234 -65.4061 1402.31
vn 0.581518 0.701114 -0.412646
v 20.183 -65.0419 1402.34
vn 0.0896937 0.979703 0.179268
v 20.0936 -64.8497 1402.65
vn 0.742354 -0.257739 -0.61845
v 20.7859 -65.6047 1403.08
vn 0.815934 -0.0903007 -0.571049
v 21.1329 -65.507 1403.56
vn 0.771823 0.59004 -0.236943
v 21.087 -65.2978 1403.87
vn 0.19888 0.935544 0.291897
v 20.7175 -65.2424 1404.2
vn 0.490413 0.784632 0.379273
v 21.0498 -65.5223 1404.63
vn 0.95662 0.245114 -0.157472
v 21.4931 -65.9834 1404.75
vn 0.859495 -0.415732 -0.297382
v 23.8384 -85.2307 1399.02
vn 0.571112 -0.2985 -0.764676
v 24.5513 -82.981 1398.03
vn 0.0174636 0.0797685 -0.99666
v 24.5411 -82.2791 1397.97
vn -0.251415 0.383221 -0.888781
v 24.5257 -81.8936 1398.11
vn 0.885746 -0.323331 0.333034
v 24.8698 -82.8707 1398.57
vn 0.721855 -0.415686 -0.553291
v 24.8838 -82.5838 1398.22
vn 0.518156 -0.232018 -0.823214
v 24.8851 -82.2545 1398.08
vn 0.522865 -0.144033 -0.840159
v 25.0772 -81.8952 1398.08
vn 0.767018 -0.351893 -0.53652
v 25.5578 -81.874 1398.46
vn 0.166854 -0.506333 0.846042
v 23.9782 -81.1813 1401.45
vn 0.591444 -0.558769 0.581353
v 24.394 -82.1013 1400.59
vn 0.347775 -0.769557 0.53557
v 25.4158 -81.2573 1400.84
vn 0.0560646 0.485895 -0.872217
v 25.1795 -80.747 1398.58
vn 0.542906 0.282251 -0.790941
v 25.8685 -80.6817 1398.78
vn -0.264147 0.462052 -0.846602
v 24.0145 -78.6873 1399.92
vn 0.252029 0.635485 -0.729822
v 25.7423 -78.4983 1400.31
vn -0.0184831 -0.891835 0.451983
v 25.6603 -80.3928 1402.47
vn -0.285565 -0.9203 0.267396
v 25.5978 -79.9383 1403.45
vn -0.324868 -0.928227 0.181261
v 24.6949 -78.9335 1406.77
vn 0.444972 0.83275 0.329435
v 25.4587 -77.7196 1406.57
vn -0.186804 -0.971932 0.143013
v 22.9141 -78.2516 1407.6
vn 0.00574388 -0.933786 0.357787
v 22.8223 -77.9827 1408.61
vn 0.735614 -0.223703 0.639397
v 22.7771 -77.2485 1409.18
vn 0.277114 -0.577137 0.768193
v 23.7731 -77.756 1408.27
vn -0.0633738 -0.85281 0.518362
v 23.9333 -78.4494 1407.7
vn 0.650581 0.584459 0.484924
v 24.6318 -77.556 1407.44
vn 0.596853 0.776714 0.201199
v 24.6619 -77.3102 1406.8
vn -0.00595578 -0.724886 0.688843
v 24.9962 -78.6013 1407.55
vn 0.506201 0.369604 0.7792
v 25.282 -78.2741 1407.39
vn 0.789626 -0.603744 0.109468
v 22.4017 -75.5346 1415.97
vn -0.37795 0.405516 -0.832292
v 23.2728 -78.0538 1400.44
vn 0.290303 0.929175 -0.228818
v 23.828 -77.2355 1402.81
vn 0.47813 0.877508 0.0370336
v 24.5091 -77.1188 1406.04
vn 0.881292 0.242305 0.405724
v 23.097 -76.2595 1408.65
vn 0.850634 0.525067 -0.0269553
v 22.8011 -75.4326 1408.11
vn 0.69195 0.721009 0.0367562
v 23.4039 -76.1817 1407.22
vn 0.792205 0.451101 0.410999
v 23.6314 -76.7284 1408.06
vn 0.938506 -0.345136 0.00937411
v 23.2414 -74.1407 1413.96
vn 0.339522 0.212302 0.916325
v 22.2881 -74.5875 1417.16
vn 0.846314 -0.475146 0.240808
v 22.6773 -74.9734 1416.59
vn 0.793836 -0.189035 0.578005
v 22.7123 -74.6383 1416.88
vn -0.0579497 0.510173 0.858118
v 22.6456 -72.9389 1416.46
vn 0.897238 -0.415631 0.149044
v 23.0418 -74.429 1416.15
vn 0.939517 -0.140334 0.312433
v 23.3282 -73.7319 1416.03
vn 0.0982124 0.551491 0.828379
v 22.9972 -72.9396 1416.44
vn 0.00463083 0.677274 0.735716
v 22.6597 -72.3186 1415.98
vn 0.858857 0.51209 -0.0113048
v 23.1884 -71.5342 1414.51
vn 0.989384 0.117511 0.0854986
v 23.5972 -72.4888 1415.08
vn 0.288988 0.744745 0.601532
v 23.3707 -72.3459 1415.82
vn 0.958682 0.201913 -0.200401
v 23.5418 -72.2822 1414.32
vn 0.576853 0.315656 -0.753394
v 26.4882 -80.1552 1399.61
vn 0.470381 -0.769668 0.431686
v 26.4803 -80.838 1400.46
vn 0.815933 -0.262978 -0.514874
v 26.6066 -80.4964 1399.68
vn 0.318233 0.826605 -0.464168
v 26.3995 -78.1783 1401
vn 0.485297 0.518724 -0.703855
v 27.1454 -79.1261 1400.52
vn 0.812183 -0.482619 -0.327777
v 27.7408 -79.8598 1401.06
vn 0.771973 0.103112 -0.627236
v 27.5888 -79.5871 1400.64
vn 0.688915 0.504878 -0.520091
v 27.6259 -79.1752 1400.91
vn -0.0161834 -0.975881 0.217704
v 27.0183 -80.3063 1403.24
vn 0.561957 0.740454 -0.368689
v 27.3951 -78.2891 1401.8
vn 0.326154 0.929149 -0.174087
v 27.3479 -77.9174 1402.79
vn 0.296109 0.953529 0.0557035
v 27.2889 -77.8813 1403.85
vn 0.542918 -0.838291 0.0500738
v 27.7556 -80.2186 1402.56
vn 0.896475 -0.395401 -0.199977
v 28.2264 -79.6469 1402.11
vn 0.921768 0.0711682 -0.381154
v 28.2508 -79.303 1402.05
vn 0.562922 0.821096 -0.0944424
v 28.0094 -78.1232 1403.59
vn 0.882059 -0.470073 0.0316791
v 28.4789 -79.3707 1403.5
vn 0.982774 -0.0429992 -0.179739
v 28.4315 -79.1816 1402.66
vn 0.997098 0.0753618 0.0108156
v 28.5723 -78.8897 1404.13
vn 0.862343 0.432419 -0.263396
v 28.4139 -78.789 1402.84
vn 0.813699 0.579562 0.0447536
v 28.4493 -78.5487 1404.05
vn -0.189489 -0.941788 0.277721
v 26.1369 -79.5407 1406.26
vn 0.0185835 -0.884809 0.465584
v 26.8312 -79.5304 1406.38
vn 0.443275 0.650387 0.616849
v 26.7929 -78.4005 1406.68
vn 0.166249 -0.947674 0.272536
v 27.2471 -79.9055 1405.32
vn 0.460086 -0.847391 0.265044
v 27.5954 -79.7754 1405.32
vn 0.4924 -0.682989 0.539507
v 27.5543 -79.5277 1405.98
vn 0.556153 0.0225399 0.830774
v 27.5147 -78.7979 1406.45
vn 0.652948 -0.728808 0.206152
v 27.943 -79.5487 1405.29
vn 0.65359 -0.658291 0.373462
v 27.9225 -79.4329 1405.63
vn 0.577339 0.692521 0.432544
v 27.8955 -78.5628 1405.81
vn 0.499844 0.848039 0.17603
v 27.9513 -78.1944 1404.67
vn 0.938752 -0.236204 0.250905
v 28.4111 -79.0327 1405.22
vn 0.694184 -0.476922 0.539124
v 28.2633 -78.9515 1405.64
vn 0.924254 0.337855 0.177785
v 28.4556 -78.7562 1404.81
vn 0.795266 0.539435 0.276698
v 28.2765 -78.6618 1405.3
vn -0.792734 -0.554974 -0.252145
v -30.2626 -81.2581 1403.64
vn -0.647962 -0.520497 0.556083
v -30.2626 -81.2581 1403.64
vn -0.769646 0.631538 -0.0938389
v -30.2626 -81.2581 1403.64
vn -0.380276 0.264891 -0.886128
v -27.7467 -82.5187 1398.96
vn -0.371833 -0.184248 -0.909831
v -27.7467 -82.5187 1398.96
vn -0.509524 -0.117886 -0.852342
v -27.3878 -82.5437 1398.81
vn 0.259496 0.381968 -0.886996
v -27.3878 -82.5437 1398.81
vn 0.555687 0.318218 -0.768081
v -27.4042 -82.155 1398.98
vn -0.903768 -0.16898 -0.393254
v -29.0807 -81.8462 1400.61
vn -0.645004 -0.716691 -0.265186
v -29.0807 -81.8462 1400.61
vn -0.85209 -0.0714774 -0.518492
v -28.4577 -82.0378 1399.61
vn -0.5146 0.486704 -0.705908
v -28.4577 -82.0378 1399.61
vn -0.729374 -0.664827 -0.161303
v -28.1596 -82.4767 1400.08
vn -0.753096 -0.465551 0.464875
v -27.8304 -82.3864 1400.43
vn -0.942452 -0.329106 -0.0589382
v -27.8304 -82.3864 1400.43
vn -0.472901 -0.0783298 0.877627
v -27.8304 -82.3864 1400.43
vn -0.365368 -0.766586 0.528064
v -27.3941 -83.421 1399.23
vn -0.873024 -0.413836 -0.258008
v -29.7213 -81.5881 1402.67
vn -0.367534 -0.923646 0.108612
v -29.7213 -81.5881 1402.67
vn 0.224308 -0.959157 0.172347
v -29.8012 -81.3933 1404.05
vn -0.499173 -0.660348 0.56104
v -29.8012 -81.3933 1404.05
vn 0.154975 -0.9762 0.151713
v -29.1754 -80.9658 1405.08
vn -0.262865 -0.822799 0.503888
v -28.8355 -80.8566 1405.43
vn 0.201226 -0.967505 0.153111
v -28.8769 -80.7517 1406.15
vn -0.780656 -0.0575006 0.62231
v -28.8769 -80.7517 1406.15
vn -0.238541 -0.668889 0.704049
v -28.8769 -80.7517 1406.15
vn -0.499663 0.737907 -0.453685
v -29.2755 -81.4091 1400.87
vn -0.843185 0.055831 0.534716
v -29.524 -80.6047 1405.11
vn -0.826047 0.524036 0.207442
v -29.524 -80.6047 1405.11
vn -0.880732 0.467684 0.0747167
v -27.8219 -79.0233 1407.63
vn -0.950146 -0.249973 0.186377
v -28.2191 -72.2303 1405.92
vn -0.8907 0.432791 0.139088
v -29.4953 -69.8466 1403.59
vn -0.533818 0.842575 -0.0714466
v -27.4673 -67.811 1401.16
vn -0.397356 0.684424 -0.611288
v -27.4673 -67.811 1401.16
vn -0.555078 -0.269273 -0.787007
v -28.7681 -68.6626 1402.32
vn -0.701254 0.71267 -0.0185629
v -28.7681 -68.6626 1402.32
vn -0.552069 -0.826395 0.11087
v -25.186 -88.8655 1399.23
vn -0.419494 -0.336569 -0.843057
v -25.186 -88.8655 1399.23
vn 0.207868 -0.878671 -0.4298
v -25.186 -88.8655 1399.23
vn 0.12917 -0.319664 -0.938685
v -25.186 -88.8655 1399.23
vn -0.808708 0.276642 0.519095
v -26.3083 -86.4571 1398.82
vn -0.48761 -0.269635 -0.830381
v -26.3083 -86.4571 1398.82
vn -0.753096 -0.465551 0.464875
v -26.3083 -86.4571 1398.82
vn -0.924875 -0.299014 -0.234939
v -26.3083 -86.4571 1398.82
vn 0.568332 0.429022 -0.702096
v -25.5368 -85.5292 1398.07
vn 0.345261 0.915422 -0.206876
v -25.5368 -85.5292 1398.07
vn 0.127012 -0.31313 -0.941179
v -25.5368 -85.5292 1398.07
vn 0.405829 0.64392 -0.648591
v -25.5368 -85.5292 1398.07
vn -0.366283 -0.0167738 0.930352
v -26.4735 -82.1657 1401.19
vn 0.259894 -0.89506 0.362386
v -25.1078 -81.6344 1401.52
vn 0.729883 0.238823 -0.640495
v -25.1078 -81.6344 1401.52
vn 0.803089 -0.537777 -0.256601
v -25.1078 -81.6344 1401.52
vn -0.0169798 -0.582601 0.812581
v -26.4166 -78.1956 1417.92
vn -0.212483 -0.724113 0.656133
v -27.5856 -79.5313 1407.75
vn -0.185146 -0.774974 0.604265
v -26.9505 -78.9131 1408.74
vn -0.169735 -0.983981 0.0545086
v -26.9505 -78.9131 1408.74
vn -0.670422 0.471292 0.573078
v -27.8458 -76.2292 1416.37
vn -0.995956 0.0545213 0.0714105
v -27.8458 -76.2292 1416.37
vn -0.944951 -0.327144 -0.00662892
v -27.1856 -77.8658 1417.09
vn -0.350202 -0.382967 0.854807
v -27.1228 -77.7174 1417.84
vn -0.938044 -0.316425 0.141239
v -27.1228 -77.7174 1417.84
vn -0.640319 0.203836 0.740569
v -27.1228 -77.7174 1417.84
vn -0.969355 -0.227049 -0.0938118
v -26.9867 -76.4677 1407.89
vn -0.72395 -0.343169 -0.598441
v -27.1818 -75.7167 1408.09
vn -0.591772 0.761799 0.263568
v -27.9043 -74.509 1414.24
vn -0.631103 0.775272 -0.0257155
v -27.4617 -74.2209 1412.07
vn -0.640086 0.562116 0.523751
v -27.4617 -74.2209 1412.07
vn -0.970106 -0.242043 -0.0176039
v -27.4943 -74.1413 1407.05
vn -0.529434 0.587561 0.611941
v -25.5097 -72.6266 1412.23
vn 0.00439282 0.831324 0.55577
v -26.4638 -71.0713 1409.91
vn -0.232872 0.223219 0.946543
v -26.4638 -71.0713 1409.91
vn -0.386795 0.688232 -0.61378
v -26.0127 -67.5771 1400.48
vn -0.0103488 0.341417 -0.939855
v -26.0127 -67.5771 1400.48
vn -0.340533 0.934865 0.100322
v -26.0566 -67.0516 1401.09
vn -0.0466034 0.276809 -0.959794
v -25.0305 -66.802 1400.75
vn -0.154712 0.979672 0.127696
v -25.0305 -66.802 1400.75
vn -0.0552122 0.703726 -0.708323
v -25.0305 -66.802 1400.75
vn -0.371361 0.302671 0.877771
v -21.8366 -89.2032 1406.42
vn -0.73111 0.306522 0.609527
v -24.026 -89.0333 1403.75
vn -0.62323 -0.747861 0.228668
v -24.026 -89.0333 1403.75
vn -0.753096 -0.465551 0.464875
v -24.3284 -86.5372 1401.95
vn -0.174217 0.0309559 0.984221
v -24.3284 -86.5372 1401.95
vn 0.489146 0.306277 0.816658
v -23.9859 -85.5056 1401.74
vn 0.562688 0.537713 0.62789
v -23.6428 -86.3791 1402.18
vn 0.788132 0.35709 -0.501333
v -23.4438 -85.5838 1401.32
vn 0.321285 0.888035 0.328893
v -23.4438 -85.5838 1401.32
vn 0.06623 -0.978977 0.192918
v -24.9353 -78.8197 1416.7
vn 0.275622 0.629665 -0.726329
v -24.3658 -80.3863 1402.39
vn 0.691738 -0.641821 -0.331004
v -24.1363 -80.8158 1402.84
vn 0.722515 -0.620392 -0.3051
v -24.1264 -80.6951 1402.62
vn 0.643795 -0.196037 -0.73966
v -21.8346 -78.9683 1404.04
vn 0.223869 -0.421464 -0.878778
v -21.8346 -78.9683 1404.04
vn -0.212483 -0.724113 0.656133
v -24.8508 -79.2646 1408.93
vn 0.177192 -0.984028 -0.0170564
v -24.8508 -79.2646 1408.93
vn 0.104904 -0.927339 0.359218
v -24.8508 -79.2646 1408.93
vn -0.101885 -0.140471 -0.984829
v -22.1635 -67.5225 1400.59
vn -0.126672 -0.765072 -0.631363
v -24.2742 -67.1813 1400.6
vn -0.0380322 0.15684 -0.986891
v -24.2742 -67.1813 1400.6
vn -0.133216 0.680841 -0.720215
v -22.6012 -66.8233 1400.54
vn -0.0866495 0.98762 0.130762
v -22.1977 -66.4767 1400.85
vn -0.338518 -0.649445 0.680902
v -20.0858 -89.7208 1407.33
vn 0.0099541 -0.226327 -0.974001
v -21.011 -87.7235 1399.41
vn -0.405186 0.826979 0.389782
v -20.0075 -88.378 1406.9
vn -0.0117635 0.986836 0.161296
v -20.7949 -86.9705 1399.61
vn 0.12294 0.639288 -0.759076
v -20.7949 -86.9705 1399.61
vn 0.190566 0.639482 -0.744814
v -20.6631 -87.3337 1399.33
vn -0.00476685 -0.674831 -0.737957
v -19.9569 -87.3896 1399.25
vn -0.157081 0.606776 -0.779198
v -19.9569 -87.3896 1399.25
vn -0.196982 -0.0253141 -0.98008
v -19.9569 -87.3896 1399.25
vn -0.177957 0.962606 0.204258
v -19.9839 -86.965 1399.6
vn -0.294927 0.864041 -0.407985
v -18.9416 -86.5782 1399.64
vn 0.126373 -0.585028 -0.801107
v -21.7969 -79.5907 1404.5
vn 0.199267 -0.957578 0.208178
v -21.7969 -79.5907 1404.5
vn 0.357037 -0.875965 -0.324361
v -21.7969 -79.5907 1404.5
vn 0.177481 -0.919797 -0.349963
v -21.0947 -79.2546 1404.37
vn 0.148212 0.480151 -0.864574
v -21.0963 -78.9155 1404.28
vn -0.229294 -0.333993 -0.914261
v -20.3924 -79.2529 1404.35
vn -0.703756 -0.339196 -0.624238
v -19.3302 -79.8351 1404.36
vn -0.25009 -0.950656 -0.183596
v -19.3302 -79.8351 1404.36
vn -0.759389 -0.64912 -0.0444005
v -19.3302 -79.8351 1404.36
vn -0.703756 -0.339196 -0.624238
v -19.3241 -79.3003 1404.06
vn -0.0775535 -0.996713 -0.0234324
v -21.1197 -79.4602 1404.9
vn -0.340569 -0.635879 -0.692583
v -21.1197 -79.4602 1404.9
vn -0.763645 -0.644886 -0.0311142
v -19.1633 -80.0873 1405.49
vn 0.0991559 -0.917964 0.38407
v -19.1633 -80.0873 1405.49
vn -0.451589 -0.724177 0.521186
v -19.1633 -80.0873 1405.49
vn 0.171253 0.372999 0.911891
v -20.472 -77.6307 1418
vn 0.125963 -0.186082 0.974426
v -20.472 -77.6307 1418
vn 0.0440874 0.301169 0.952551
v -21.2932 -69.3993 1410.93
vn -0.183596 -0.190036 -0.964458
v -20.7518 -66.8754 1400.2
vn -0.094135 0.637222 -0.76491
v -20.7518 -66.8754 1400.2
vn 0.316319 0.161715 -0.934767
v -20.7518 -66.8754 1400.2
vn 0.316319 0.161715 -0.934767
v -19.7326 -66.4008 1400.62
vn -0.232582 -0.110133 -0.966321
v -19.7326 -66.4008 1400.62
vn 0.316319 0.161715 -0.934767
v -19.3676 -67.1372 1400.62
vn -0.637764 0.021022 0.769945
v -18.744 -89.216 1408.03
vn 0.402674 -0.91428 0.0441118
v -18.2584 -89.7154 1407.44
vn -0.828006 -0.438962 0.348881
v -16.6081 -89.0435 1410.62
vn -0.572709 0.72874 0.375423
v -18.97 -88.1901 1407.81
vn -0.76351 0.431053 0.48088
v -18.0921 -88.3131 1408.96
vn -0.0975953 0.0748047 -0.992411
v -18.5508 -86.7236 1398.95
vn -0.00199222 0.653021 -0.757337
v -18.5508 -86.7236 1398.95
vn -0.612404 0.78861 -0.0552759
v -17.5687 -85.9367 1399.95
vn -0.00344283 0.652623 -0.757675
v -16.4482 -86.7038 1398.97
vn -0.367088 0.708167 -0.603114
v -16.6108 -84.834 1401.22
vn -0.852677 0.474047 -0.219594
v -16.7288 -83.8821 1404.24
vn -0.352721 0.352877 -0.866641
v -16.4948 -83.1866 1402.33
vn -0.415212 0.555023 -0.720797
v -16.3048 -83.9363 1401.77
vn -0.847243 -0.291274 -0.444228
v -17.1014 -82.3078 1403.19
vn 0.166256 -0.59966 0.782794
v -16.4233 -80.658 1407.91
vn -0.547793 -0.663754 0.509268
v -17.2324 -77.9171 1410.18
vn 0.329322 -0.554792 0.764037
v -17.2324 -77.9171 1410.18
vn 0.713044 -0.695271 0.0903695
v -17.2324 -77.9171 1410.18
vn 0.287276 0.220478 0.932128
v -19.7606 -77.3256 1417.71
vn 0.229001 -0.962424 0.14594
v -18.2171 -77.4186 1417.17
vn 0.742119 -0.384711 0.548869
v -18.2171 -77.4186 1417.17
vn 0.327953 -0.000563054 0.944694
v -18.2171 -77.4186 1417.17
vn 0.7043 -0.501276 0.502676
v -17.9577 -77.409 1416.83
vn 0.713833 -0.404425 0.571736
v -17.9785 -77.0761 1417.09
vn 0.0662016 0.474415 0.877808
v -19.0007 -72.6852 1412.26
vn -0.124939 0.809434 0.573766
v -18.0357 -69.3837 1409.07
vn -0.269754 0.945762 0.181014
v -17.6374 -66.1997 1400.71
vn -0.13484 0.852594 -0.504878
v -17.6374 -66.1997 1400.71
vn 0.0210503 -0.976446 0.214734
v -14.0876 -91.6784 1408.79
vn 0.127123 -0.776454 0.617219
v -15.7382 -89.5113 1412.55
vn -0.555627 -0.307897 -0.77232
v -12.9423 -89.3516 1396.25
vn -0.152957 -0.431561 -0.889021
v -15.0256 -88.1717 1399.11
vn -0.768017 -0.275563 -0.578113
v -15.0256 -88.1717 1399.11
vn -0.302123 0.596188 0.743829
v -15.1912 -85.1839 1413.85
vn -0.534954 0.554088 -0.637818
v -14.2727 -87.2627 1397.85
vn -0.524145 0.0785113 -0.848002
v -13.7338 -87.5139 1396.55
vn -0.22065 0.635519 -0.739885
v -15.0176 -87.1214 1398.6
vn -0.743617 -0.218334 -0.631952
v -15.0176 -87.1214 1398.6
vn -0.528259 -0.024668 0.848725
v -15.6577 -81.3031 1408.22
vn 0.0131337 0.142048 0.989773
v -14.9913 -80.5134 1408.58
vn -0.130318 0.575317 0.807482
v -14.6431 -81.014 1408.8
vn -0.447026 0.777085 -0.443066
v -13.6311 -79.5368 1402.63
vn -0.91216 0.138295 -0.385797
v -13.6311 -79.5368 1402.63
vn 0.839935 -0.492615 0.227683
v -15.8196 -77.3632 1409.8
vn -0.39117 -0.248033 0.886265
v -15.3762 -79.25 1408.77
vn 0.234626 0.028809 0.971659
v -15.3762 -79.25 1408.77
vn 0.182348 0.715078 0.674843
v -14.3004 -79.8059 1408.52
vn 0.712709 0.13019 0.689273
v -14.3003 -78.4211 1408.31
vn 0.570049 -0.818761 -0.0683709
v -16.3904 -76.6161 1413.55
vn 0.667849 -0.404885 0.624536
v -15.8097 -75.9432 1415.51
vn 0.689754 0.0321078 0.723332
v -15.8097 -75.9432 1415.51
vn 0.759641 0.107149 0.641455
v -14.8229 -76.2348 1408.56
vn 0.95388 0.30006 0.00873008
v -14.8229 -76.2348 1408.56
vn 0.765495 -0.637294 0.0887339
v -15.2222 -75.7335 1411.12
vn 0.663174 0.0932705 0.742631
v -14.7213 -74.7226 1414.41
vn 0.733809 -0.475608 0.485099
v -14.3439 -75.1435 1414.07
vn 0.746161 -0.0261222 0.665253
v -14.3439 -75.1435 1414.07
vn 0.639114 -0.367343 -0.675716
v -16.2905 -74.1263 1404.85
vn 0.592648 0.280207 -0.755151
v -16.2905 -74.1263 1404.85
vn 0.702814 -0.369241 -0.608041
v -15.9693 -73.4253 1404.77
vn 0.923573 -0.124307 -0.362714
v -15.4255 -73.974 1405.58
vn 0.533617 -0.518047 0.668491
v -11.8931 -91.6752 1407.13
vn -0.0101172 0.633409 0.773751
v -13.7356 -83.3489 1412.24
vn 0.374677 -0.154157 0.91425
v -13.7356 -83.3489 1412.24
vn 0.292237 0.709879 0.640835
v -12.547 -80.4613 1408.74
vn -0.501014 0.652354 -0.568699
v -13.0778 -80.5774 1400.94
vn -0.44871 0.871419 -0.198212
v -12.5456 -79.3079 1401.93
vn -0.198196 0.621054 -0.758294
v -12.251 -78.88 1402.8
vn 0.724257 0.630016 0.280234
v -12.2013 -78.5084 1404.16
vn 0.296871 0.797683 0.524947
v -12.8557 -79.2695 1407.56
vn 0.720858 0.601826 0.343757
v -12.8557 -79.2695 1407.56
vn 0.492484 0.112594 0.863007
v -13.2673 -72.5484 1412.72
vn -0.172366 -0.605081 -0.777282
v -7.37604 -92.3398 1395.33
vn 0.034685 -0.947974 -0.316452
v -9.95687 -91.2664 1397.27
vn -0.596334 -0.771729 -0.220953
v -7.69968 -91.3354 1400.88
vn -0.21025 -0.61445 -0.760425
v -9.83397 -91.0109 1394.94
vn -0.160359 -0.602599 -0.781767
v -8.0558 -91.0819 1394.51
vn -0.133556 0.460969 0.877309
v -9.76685 -68.1632 1411.29
vn 0.225818 -0.247739 -0.942142
v -8.61236 -62.0004 1400.89
vn 0.200778 -0.224622 -0.953537
v -6.54251 -58.8668 1400.41
vn -0.771921 0.554689 -0.310578
v -7.27059 -58.4482 1400.75
vn -0.925235 0.182031 -0.332875
v -7.27059 -58.4482 1400.75
vn -0.928087 0.290581 -0.232846
v -6.85149 -56.7024 1400.54
vn -0.464842 0.120707 -0.877127
v -5.86869 -56.4329 1400.06
vn -0.222128 -0.945747 -0.237111
v -3.96525 -94.6148 1404.24
vn 0.0204372 -0.108273 -0.993911
v -3.47788 -92.1157 1394.5
vn 0.10861 0.619568 0.777393
v -4.89605 -82.1962 1410.48
vn 0.0224035 0.13578 0.990486
v -4.89605 -82.1962 1410.48
vn -0.267771 -0.0871185 0.959536
v -3.82132 -66.733 1411.05
vn 0.133642 -0.00380339 -0.991022
v -4.57097 -52.3065 1400.52
vn -0.465448 0.213167 -0.859021
v -4.57097 -52.3065 1400.52
vn -0.927174 0.344828 0.14643
v -4.61796 -51.3585 1401.05
vn -0.544941 0.0241554 -0.838127
v -4.19896 -50.1985 1400.85
vn -0.978846 0.187962 0.0808137
v -4.19896 -50.1985 1400.85
vn -0.489355 0.0471334 -0.87081
v -3.55588 -50.2652 1400.48
vn -0.988637 0.141766 -0.0499924
v -3.68674 -47.4413 1400.33
vn -0.999686 -0.0244507 0.00548519
v -3.39723 -45.0997 1399.53
vn -0.995738 -0.0856309 0.0342568
v -4.75845 -37.2949 1397.56
vn -0.714039 0.555341 -0.426315
v -4.99742 -34.4883 1399.14
vn -0.460128 0.415921 -0.784405
v -4.55 -35.1625 1397.51
vn -0.385423 0.912361 0.138006
v -4.14558 -33.5034 1398.99
vn -0.0862401 0.984484 -0.152822
v -3.40763 -33.4909 1398.32
vn 0.190868 -0.681043 0.70693
v -1.6984 -66.586 1410.65
vn 0.0521385 -0.711907 0.700336
v -1.34952 -66.515 1410.66
vn -0.0304708 -0.0969805 0.99482
v -1.38682 -65.9805 1411.15
vn -0.164526 0.375699 0.912021
v -1.85566 -47.5612 1406.88
vn -0.558275 0.551759 0.61959
v -2.14421 -36.4226 1401.87
vn -0.226038 0.210988 0.950995
v -0.426196 -34.6227 1401.88
vn -0.151262 0.827518 0.540679
v 1.98449 -81.4757 1410.22
vn -0.203201 0.941068 -0.270373
v 0.925352 -77.9002 1398.74
vn -0.0297313 0.973734 -0.225739
v 3.38742 -77.4487 1398.44
vn -0.117573 -0.81933 0.561137
v 0.068683 -66.6093 1410.4
vn 0.136628 -0.117263 0.983658
v 0.010819 -65.9537 1411.23
vn -0.344737 -0.122858 0.930625
v 2.47108 -64.9537 1410.77
vn 0.543238 0.237381 0.805321
v -0.049928 -55.402 1408.65
vn 0.550999 0.0495681 -0.833033
v 1.79719 -55.2135 1400.49
vn 0.950335 0.164844 0.263989
v 0.116927 -51.7097 1407.47
vn 0.827974 -0.1669 -0.535354
v 1.68501 -40.6058 1398.59
vn -0.217937 0.718356 0.660658
v 3.81873 -81.6266 1411.19
vn -0.0184557 0.279644 0.959926
v 4.58496 -66.9749 1411.28
vn 0.863307 0.388933 0.321608
v 3.55601 -56.9186 1402.62
vn 0.205092 -0.71672 0.666521
v 6.99397 -92.0773 1405.1
vn 0.31162 -0.922466 0.227923
v 8.81663 -90.8883 1406.4
vn -0.444311 0.433365 0.784081
v 7.34656 -83.008 1411.27
vn 0.565651 0.410012 -0.715493
v 8.33917 -78.9932 1399.03
vn 0.742119 0.623142 -0.246889
v 8.33917 -78.9932 1399.03
vn 0.468913 0.496662 -0.730375
v 6.55581 -77.8874 1398.35
vn 0.0993666 0.825283 -0.555908
v 6.55581 -77.8874 1398.35
vn 0.538966 0.449014 -0.712672
v 6.92542 -78.4548 1398.2
vn 0.296533 0.944367 -0.142262
v 6.88414 -77.6983 1398.69
vn 0.490304 0.468369 0.735005
v 6.33873 -68.633 1411.85
vn 0.434418 0.870342 -0.231918
v 8.81021 -64.2972 1401.17
vn 0.707043 0.692568 -0.142966
v 6.75456 -62.4151 1402.11
vn 0.78213 0.558756 -0.275798
v 6.23035 -61.5355 1402.62
vn 0.524745 -0.829047 -0.193194
v 10.6121 -90.1594 1407.44
vn 0.950312 -0.226675 -0.213369
v 10.8852 -87.171 1399.36
vn 0.717143 -0.454727 -0.528138
v 10.8852 -87.171 1399.36
vn 0.0395896 -0.397369 -0.916805
v 10.8852 -87.171 1399.36
vn 0.784137 -0.0472823 -0.618784
v 9.97772 -86.2731 1396.42
vn 0.920629 -0.0506255 -0.387142
v 10.727 -85.3286 1397.56
vn 0.717143 -0.454727 -0.528138
v 10.727 -85.3286 1397.56
vn 0.0131254 -0.306173 -0.951886
v 11.5833 -85.4314 1398.81
vn 0.818372 0.181994 -0.545111
v 11.5833 -85.4314 1398.81
vn 0.233095 0.334431 -0.913139
v 11.5833 -85.4314 1398.81
vn -0.27151 0.0687333 0.959978
v 9.71892 -83.7162 1413.01
vn -0.103215 0.53863 0.836196
v 9.71892 -83.7162 1413.01
vn 0.405465 0.385533 -0.828832
v 11.397 -82.4368 1399.53
vn 0.742119 0.623142 -0.246889
v 11.397 -82.4368 1399.53
vn 0.509536 -0.121492 0.851829
v 10.5056 -80.0705 1407.95
vn 0.00863331 0.751422 0.659766
v 8.71929 -81.8407 1411.4
vn 0.742119 0.623142 -0.246889
v 9.57785 -79.547 1401.36
vn 0.206694 0.588954 -0.781288
v 9.57785 -79.547 1401.36
vn -0.67836 0.541256 0.49686
v 9.93361 -79.0952 1407.49
vn -0.162913 0.294349 0.94171
v 10.6232 -78.0496 1407.33
vn -0.842187 0.489675 0.2257
v 10.7935 -77.3176 1407.42
vn -0.780563 -0.397842 0.482124
v 10.7935 -77.3176 1407.42
vn -0.986911 -0.00968647 -0.160974
v 10.7935 -77.3176 1407.42
vn 0.267626 -0.257049 0.928602
v 11.3224 -78.705 1407.6
vn -0.47609 -0.158259 0.865039
v 11.3224 -78.705 1407.6
vn -0.883239 0.406645 0.233513
v 11.1917 -74.9697 1404.84
vn -0.954128 -0.271089 -0.127083
v 10.614 -74.9891 1408.38
vn -0.788246 -0.176845 0.589402
v 10.4135 -75.0053 1413.73
vn -0.0362836 0.535146 0.84398
v 10.8859 -74.9045 1414.22
vn -0.29439 0.599589 0.744196
v 10.8859 -74.9045 1414.22
vn -0.918895 -0.116358 -0.376953
v 11.121 -73.8051 1405.32
vn 0.0987602 0.394752 0.913465
v 8.47408 -72.0613 1412.46
vn -0.230011 0.0538714 0.971696
v 8.47408 -72.0613 1412.46
vn -0.233183 0.253723 0.938749
v 8.83108 -72.7477 1412.58
vn -0.221895 0.664485 0.713598
v 10.3789 -67.55 1408.12
vn 0.267762 0.934899 -0.232952
v 10.3474 -64.8178 1401.36
vn -0.324838 -0.904452 0.27649
v 13.0309 -88.6735 1405.5
vn -0.324838 -0.904452 0.27649
v 13.8308 -88.3128 1407.62
vn 0.598625 -0.557839 0.57486
v 13.8308 -88.3128 1407.62
vn 0.256507 -0.547177 0.796744
v 13.8308 -88.3128 1407.62
vn 0.340202 -0.0512102 0.938957
v 13.8308 -88.3128 1407.62
vn 0.613991 0.00110759 0.789312
v 13.936 -87.9075 1407.9
vn 0.958687 0.0458591 0.280742
v 13.936 -87.9075 1407.9
vn -0.0507857 -0.274113 -0.960356
v 12.9618 -87.0749 1399.46
vn -0.101084 -0.64069 -0.761117
v 12.9618 -87.0749 1399.46
vn 0.372602 0.927576 -0.0277675
v 14.6714 -84.913 1399.85
vn 0.991373 0.0974203 -0.0876825
v 13.4591 -84.0124 1402.46
vn 0.733711 0.653603 -0.185665
v 12.6373 -83.032 1400.08
vn 0.89786 0.177071 -0.403105
v 12.9858 -83.3009 1400.51
vn 0.687259 0.725642 -0.0334589
v 13.6033 -84.0438 1400.33
vn 0.205961 0.268302 -0.94106
v 14.4071 -79.5002 1401.63
vn -0.0493712 -0.572168 0.818649
v 11.6383 -77.8424 1407.93
vn -0.65477 -0.540654 0.528176
v 11.6383 -77.8424 1407.93
vn -0.694615 -0.33616 0.636009
v 12.2478 -76.8156 1415.63
vn -0.321224 0.563242 0.761297
v 12.2239 -76.289 1415.88
vn -0.508272 -0.296147 0.808676
v 12.9697 -77.021 1416.07
vn -0.0488537 0.718183 -0.694138
v 13.7215 -78.0108 1401.98
vn -0.63849 -0.764394 0.0896273
v 11.5053 -75.957 1409.7
vn -0.110213 -0.683389 0.721687
v 11.5053 -75.957 1409.7
vn -0.599092 -0.0187263 -0.800461
v 11.7469 -72.9415 1404.25
vn 0.0324525 0.741517 -0.670148
v 12.9188 -65.9924 1399.64
vn 0.179366 -0.60979 0.772
v 15.4325 -89.2404 1406.47
vn -0.126402 -0.959414 -0.252087
v 15.4325 -89.2404 1406.47
vn 0.265445 -0.71396 0.64792
v 17.3241 -89.3399 1405.88
vn 0.489693 0.0220129 0.871617
v 17.1894 -88.8715 1406.45
vn 0.566604 0.107432 0.816957
v 14.6705 -88.0058 1407.33
vn 0.397416 0.289489 0.870779
v 15.7533 -88.4355 1406.92
vn 0.124805 0.539671 -0.832574
v 15.0875 -86.066 1399.06
vn 0.62498 -0.647531 -0.436009
v 17.1559 -78.0538 1403.29
vn -0.0159282 -0.999739 0.0163603
v 17.1559 -78.0538 1403.29
vn -0.370993 -0.0447436 0.927557
v 14.9595 -76.7608 1417.3
vn -0.00661503 0.0692026 -0.997581
v 16.8416 -77.8681 1402.57
vn -0.17565 -0.969328 -0.171904
v 16.8416 -77.8681 1402.57
vn 0.489671 0.64315 -0.588711
v 15.3378 -74.4112 1405.69
vn 0.29001 -0.356278 -0.888234
v 16.0453 -65.8526 1400.11
vn 0.562726 0.112304 -0.81898
v 16.0453 -65.8526 1400.11
vn 0.639772 -0.106313 0.761176
v 17.9265 -89.0359 1405.86
vn 0.451702 -0.888776 0.0777333
v 17.9265 -89.0359 1405.86
vn 0.770349 -0.522298 0.365741
v 17.9265 -89.0359 1405.86
vn 0.583102 0.246034 0.774247
v 19.0111 -88.0871 1404.93
vn 0.649573 -0.0193745 0.760052
v 19.0111 -88.0871 1404.93
vn -0.158561 -0.619276 -0.768997
v 18.285 -86.8507 1398.57
vn -0.172858 0.46497 -0.868287
v 18.285 -86.8507 1398.57
vn -0.26804 0.160824 -0.94989
v 20.268 -86.9309 1398.08
vn 0.000398586 -0.17606 -0.984379
v 17.544 -77.9996 1402.59
vn -0.557423 -0.784016 0.273128
v 17.544 -77.9996 1402.59
vn -0.633319 -0.181078 -0.752408
v 17.544 -77.9996 1402.59
vn -0.54503 0.0180865 -0.838222
v 17.7992 -77.1711 1402.44
vn 0.395495 0.0093804 -0.91842
v 17.4014 -66.0391 1401.02
vn 0.402027 0.118795 -0.907889
v 17.3826 -65.3086 1401.11
vn 0.00862255 0.898204 -0.439494
v 19.1107 -65.2114 1401.53
vn 0.428379 0.587373 -0.686647
v 19.1107 -65.2114 1401.53
vn 0.467347 0.708031 -0.529414
v 19.7634 -64.8165 1402.27
vn 0.915257 0.0106425 0.402729
v 23.3326 -87.2198 1400.1
vn 0.553421 -0.108961 0.825744
v 20.8517 -88.1475 1403.35
vn 0.557153 -0.0244394 0.83005
v 20.8336 -87.3051 1403.39
vn -0.644924 0.745955 0.166203
v 21.2348 -84.309 1400.48
vn -0.912274 0.384403 0.141385
v 21.2348 -84.309 1400.48
vn -0.912274 0.384403 0.141385
v 21.2523 -84.5266 1401.18
vn 0.508185 0.260167 0.821012
v 21.5948 -84.8304 1401.44
vn -0.916803 -0.261425 -0.301876
v 22.4307 -84.0445 1398.71
vn -0.427736 -0.555593 0.712993
v 21.0987 -81.2928 1401.3
vn -0.910086 -0.396962 0.119011
v 21.2418 -81.7013 1401.04
vn -0.634692 -0.420883 0.648092
v 21.2418 -81.7013 1401.04
vn -0.961012 -0.216198 0.172379
v 21.2418 -81.7013 1401.04
vn -0.667579 -0.180415 0.722349
v 21.6065 -83.5346 1400.77
vn -0.966985 -0.245953 -0.0666851
v 21.6065 -83.5346 1400.77
vn -0.465383 0.475844 0.746318
v 21.6065 -83.5346 1400.77
vn -0.742828 0.517321 -0.424954
v 21.6065 -83.5346 1400.77
vn 0.395175 -0.13187 0.909091
v 21.942 -83.7648 1401.13
vn -0.734213 -0.020554 0.678608
v 21.942 -83.7648 1401.13
vn -0.143351 -0.0117684 0.989602
v 21.942 -83.7648 1401.13
vn -0.0700829 -0.090504 0.993427
v 21.929 -83.1038 1401.13
vn -0.30134 0.384941 -0.872362
v 20.8356 -80.4033 1400.4
vn -0.966985 -0.245953 -0.0666851
v 20.8356 -80.4033 1400.4
vn 0.587357 -0.750853 0.302045
v 22.0183 -77.1083 1410.18
vn 0.867659 -0.486698 0.101458
v 22.6654 -76.0642 1409.66
vn 0.988728 0.03124 -0.146428
v 22.6654 -76.0642 1409.66
vn 0.727545 0.680435 -0.0876688
v 21.7053 -70.0375 1413.42
vn 0.169682 0.782654 0.598882
v 21.7053 -70.0375 1413.42
vn 0.548671 0.708403 0.443987
v 21.1663 -69.8645 1410.4
vn 0.253736 0.96722 0.0101547
v 21.1663 -69.8645 1410.4
vn 0.635585 0.687406 0.351433
v 21.4536 -68.3922 1407
vn 0.980105 0.133149 -0.147191
v 21.6408 -66.6674 1404.89
vn 0.725603 -0.00157555 -0.688111
v 20.183 -65.0419 1402.34
vn 0.567606 0.764315 -0.306017
v 20.0936 -64.8497 1402.65
vn 0.886769 0.40199 -0.228132
v 21.1329 -65.507 1403.56
vn 0.446591 0.866103 0.224548
v 21.087 -65.2978 1403.87
vn 0.695989 0.630949 0.342787
v 21.4931 -65.9834 1404.75
vn 0.926435 -0.0326455 0.375036
v 23.8384 -85.2307 1399.02
vn 0.78749 -0.381287 0.484231
v 23.8384 -85.2307 1399.02
vn 0.814234 -0.494758 -0.303706
v 24.8698 -82.8707 1398.57
vn 0.490482 -0.769004 0.409953
v 24.8698 -82.8707 1398.57
vn 0.0406143 0.376784 -0.92541
v 25.0772 -81.8952 1398.08
vn 0.505659 -0.500944 0.702399
v 22.8223 -77.9827 1408.61
vn 0.658983 0.215668 0.720575
v 23.7731 -77.756 1408.27
vn 0.427072 -0.106611 0.897911
v 24.9962 -78.6013 1407.55
vn 0.12266 0.861817 -0.492164
v 23.2728 -78.0538 1400.44
vn 0.739113 0.068908 0.670048
v 22.9972 -72.9396 1416.44
vn 0.474484 0.775385 0.416704
v 23.1884 -71.5342 1414.51
vn 0.916458 0.18906 0.352649
v 23.3707 -72.3459 1415.82
vn 0.74756 -0.648099 -0.145332
v 26.4803 -80.838 1400.46
vn 0.0969753 -0.980916 0.168519
v 26.4803 -80.838 1400.46
vn 0.385354 -0.434912 0.813852
v 26.8312 -79.5304 1406.38
vn 0.803654 0.399959 0.440651
v 28.2633 -78.9515 1405.64
f 11//11 2//2 3//3
f 1105//1105 10//10 5//5
f 1105//1105 5//5 4//4
f 3//3 1107//1107 40//40
f 3//3 40//40 11//11
f 3//3 1106//1106 1107//1107
f 8//8 9//9 6//6
f 12//12 6//6 9//9
f 18//18 1110//1110 1119//1119
f 1111//1111 7//7 1114//1114
f 18//18 1112//1112 1110//1110
f 7//7 2//2 11//11
f 1114//1114 7//7 11//11
f 1113//1113 1128//1128 19//19
f 9//9 8//8 1118//1118
f 1105//1105 1113//1113 10//10
f 10//10 1113//1113 19//19
f 14//14 9//9 41//41
f 13//13 1//1 1120//1120
f 14//14 1121//1121 12//12
f 1102//1102 18//18 1119//1119
f 14//14 16//16 1121//1121
f 9//9 14//14 12//12
f 21//21 1103//1103 1122//1122
f 15//15 21//21 1122//1122
f 15//15 17//17 21//21
f 1124//1124 15//15 1122//1122
f 16//16 1125//1125 1123//1123
f 1126//1126 22//22 1129//1129
f 1126//1126 44//44 22//22
f 58//58 1128//1128 20//20
f 19//19 1128//1128 58//58
f 5//5 10//10 19//19
f 19//19 58//58 5//5
f 20//20 1128//1128 1104//1104
f 20//20 1104//1104 60//60
f 58//58 20//20 60//60
f 109//109 16//16 14//14
f 1130//1130 60//60 1104//1104
f 1130//1130 1131//1131 60//60
f 57//57 58//58 60//60
f 16//16 109//109 1125//1125
f 1127//1127 1194//1194 1155//1155
f 22//22 45//45 47//47
f 74//74 23//23 73//73
f 1169//1169 24//24 1132//1132
f 1132//1132 24//24 80//80
f 27//27 30//30 25//25
f 28//28 27//27 26//26
f 27//27 25//25 26//26
f 25//25 29//29 1133//1133
f 34//34 28//28 26//26
f 32//32 1133//1133 29//29
f 80//80 29//29 25//25
f 36//36 28//28 82//82
f 28//28 1136//1136 82//82
f 32//32 29//29 88//88
f 30//30 1132//1132 25//25
f 25//25 1132//1132 80//80
f 73//73 30//30 27//27
f 27//27 28//28 73//73
f 73//73 23//23 30//30
f 73//73 28//28 36//36
f 80//80 88//88 29//29
f 33//33 1137//1137 1133//1133
f 1133//1133 32//32 33//33
f 1137//1137 33//33 35//35
f 83//83 36//36 82//82
f 88//88 33//33 32//32
f 35//35 33//33 88//88
f 1136//1136 31//31 82//82
f 1137//1137 35//35 87//87
f 35//35 88//88 87//87
f 1134//1134 1137//1137 87//87
f 38//38 37//37 94//94
f 98//98 1142//1142 1180//1180
f 91//91 1181//1181 1138//1138
f 1180//1180 95//95 98//98
f 1143//1143 39//39 1139//1139
f 1115//1115 1144//1144 1182//1182
f 40//40 39//39 1143//1143
f 40//40 1145//1145 11//11
f 40//40 1107//1107 39//39
f 1146//1146 1108//1108 1109//1109
f 11//11 1145//1145 1116//1116
f 1117//1117 1183//1183 1150//1150
f 1150//1150 1183//1183 42//42
f 1151//1151 105//105 41//41
f 14//14 41//41 105//105
f 103//103 43//43 51//51
f 51//51 43//43 52//52
f 1161//1161 1154//1154 55//55
f 102//102 1154//1154 1188//1188
f 1152//1152 1109//1109 104//104
f 104//104 106//106 1152//1152
f 44//44 48//48 22//22
f 45//45 22//22 48//48
f 48//48 46//46 45//45
f 45//45 46//46 47//47
f 47//47 60//60 1131//1131
f 46//46 67//67 47//47
f 49//49 48//48 44//44
f 49//49 46//46 48//48
f 47//47 67//67 60//60
f 103//103 46//46 49//49
f 1156//1156 1155//1155 1194//1194
f 1195//1195 1188//1188 1157//1157
f 50//50 68//68 1160//1160
f 1162//1162 50//50 1160//1160
f 68//68 46//46 1160//1160
f 1158//1158 1163//1163 53//53
f 54//54 1158//1158 53//53
f 54//54 72//72 1158//1158
f 55//55 53//53 1163//1163
f 51//51 46//46 103//103
f 56//56 53//53 55//55
f 1154//1154 111//111 55//55
f 111//111 112//112 55//55
f 112//112 56//56 55//55
f 54//54 53//53 56//56
f 102//102 110//110 1154//1154
f 1154//1154 110//110 111//111
f 114//114 54//54 56//56
f 72//72 114//114 78//78
f 59//59 57//57 65//65
f 113//113 58//58 57//57
f 113//113 57//57 59//59
f 62//62 67//67 1169//1169
f 24//24 1169//1169 67//67
f 61//61 60//60 67//67
f 67//67 62//62 1164//1164
f 57//57 60//60 61//61
f 61//61 1165//1165 64//64
f 64//64 1165//1165 63//63
f 1165//1165 74//74 63//63
f 61//61 64//64 57//57
f 66//66 64//64 63//63
f 57//57 64//64 65//65
f 65//65 66//66 59//59
f 64//64 66//66 65//65
f 66//66 63//63 59//59
f 59//59 63//63 77//77
f 46//46 69//69 67//67
f 67//67 69//69 71//71
f 46//46 68//68 69//69
f 69//69 68//68 71//71
f 68//68 70//70 71//71
f 1166//1166 72//72 78//78
f 1167//1167 1166//1166 78//78
f 72//72 1166//1166 1158//1158
f 1159//1159 70//70 68//68
f 75//75 73//73 76//76
f 76//76 73//73 79//79
f 79//79 115//115 76//76
f 75//75 74//74 73//73
f 63//63 74//74 75//75
f 63//63 75//75 76//76
f 77//77 63//63 76//76
f 115//115 77//77 76//76
f 24//24 67//67 80//80
f 67//67 71//71 80//80
f 1168//1168 81//81 80//80
f 1170//1170 81//81 1168//1168
f 85//85 79//79 73//73
f 83//83 85//85 73//73
f 36//36 83//83 73//73
f 84//84 82//82 31//31
f 89//89 1173//1173 1135//1135
f 1175//1175 1134//1134 87//87
f 82//82 84//84 83//83
f 83//83 84//84 85//85
f 85//85 84//84 86//86
f 84//84 119//119 86//86
f 1175//1175 87//87 88//88
f 80//80 81//81 88//88
f 81//81 118//118 88//88
f 118//118 1175//1175 88//88
f 1173//1173 89//89 90//90
f 126//126 122//122 91//91
f 91//91 122//122 124//124
f 126//126 1140//1140 125//125
f 91//91 92//92 1181//1181
f 126//126 91//91 1140//1140
f 93//93 1180//1180 92//92
f 1180//1180 93//93 95//95
f 96//96 95//95 93//93
f 96//96 97//97 95//95
f 100//100 98//98 95//95
f 100//100 99//99 98//98
f 1146//1146 1109//1109 1152//1152
f 1184//1184 101//101 42//42
f 1184//1184 42//42 1183//1183
f 100//100 95//95 97//97
f 1185//1185 101//101 1184//1184
f 1186//1186 1146//1146 1152//1152
f 100//100 97//97 1187//1187
f 1147//1147 1187//1187 143//143
f 1188//1188 148//148 102//102
f 1191//1191 1190//1190 1153//1153
f 5//5 58//58 1189//1189
f 1190//1190 1191//1191 107//107
f 104//104 107//107 106//106
f 58//58 108//108 1189//1189
f 149//149 1190//1190 107//107
f 107//107 104//104 1192//1192
f 1193//1193 150//150 1213//1213
f 1192//1192 149//149 107//107
f 150//150 1193//1193 151//151
f 105//105 109//109 14//14
f 1214//1214 109//109 105//105
f 148//148 110//110 102//102
f 110//110 148//148 111//111
f 114//114 72//72 54//54
f 112//112 114//114 56//56
f 111//111 148//148 159//159
f 159//159 112//112 111//111
f 112//112 160//160 114//114
f 59//59 163//163 113//113
f 77//77 163//163 59//59
f 163//163 77//77 115//115
f 78//78 114//114 222//222
f 1171//1171 78//78 222//222
f 115//115 79//79 85//85
f 118//118 81//81 165//165
f 1172//1172 164//164 1230//1230
f 86//86 115//115 85//85
f 86//86 116//116 115//115
f 116//116 86//86 119//119
f 115//115 116//116 117//117
f 117//117 116//116 1198//1198
f 1199//1199 1174//1174 1176//1176
f 1177//1177 1175//1175 118//118
f 120//120 1199//1199 1176//1176
f 1197//1197 1199//1199 120//120
f 1200//1200 1178//1178 121//121
f 1201//1201 1177//1177 118//118
f 168//168 1200//1200 121//121
f 92//92 91//91 124//124
f 122//122 172//172 124//124
f 172//172 183//183 124//124
f 123//123 142//142 1179//1179
f 1202//1202 93//93 92//92
f 92//92 124//124 1202//1202
f 1202//1202 124//124 173//173
f 144//144 1203//1203 1141//1141
f 144//144 145//145 1203//1203
f 127//127 126//126 125//125
f 125//125 1208//1208 127//127
f 97//97 128//128 1187//1187
f 1187//1187 128//128 143//143
f 128//128 129//129 1205//1205
f 1205//1205 129//129 133//133
f 128//128 135//135 130//130
f 128//128 130//130 129//129
f 130//130 135//135 136//136
f 132//132 133//133 129//129
f 172//172 122//122 126//126
f 127//127 177//177 126//126
f 130//130 131//131 132//132
f 130//130 136//136 131//131
f 132//132 129//129 130//130
f 132//132 131//131 178//178
f 132//132 178//178 197//197
f 178//178 131//131 180//180
f 132//132 197//197 133//133
f 93//93 1204//1204 96//96
f 128//128 97//97 134//134
f 97//97 96//96 134//134
f 96//96 185//185 134//134
f 96//96 1204//1204 185//185
f 138//138 134//134 185//185
f 134//134 135//135 128//128
f 134//134 138//138 135//135
f 136//136 135//135 137//137
f 137//137 135//135 138//138
f 185//185 140//140 138//138
f 131//131 136//136 139//139
f 136//136 137//137 139//139
f 141//141 139//139 138//138
f 139//139 137//137 138//138
f 138//138 140//140 141//141
f 139//139 180//180 131//131
f 181//181 180//180 139//139
f 139//139 141//141 181//181
f 140//140 181//181 141//141
f 123//123 184//184 142//142
f 185//185 1204//1204 1240//1240
f 1148//1148 144//144 1141//1141
f 1149//1149 1206//1206 1207//1207
f 1206//1206 1209//1209 1207//1207
f 1206//1206 146//146 1209//1209
f 1211//1211 1205//1205 133//133
f 1209//1209 146//146 190//190
f 1211//1211 133//133 147//147
f 190//190 146//146 1212//1212
f 192//192 1210//1210 1242//1242
f 133//133 197//197 147//147
f 195//195 190//190 1212//1212
f 214//214 148//148 1188//1188
f 161//161 148//148 214//214
f 1215//1215 1216//1216 156//156
f 1216//1216 152//152 156//156
f 1218//1218 150//150 153//153
f 153//153 150//150 151//151
f 155//155 1218//1218 153//153
f 1218//1218 155//155 154//154
f 204//204 1219//1219 1222//1222
f 210//210 155//155 153//153
f 163//163 108//108 58//58
f 1223//1223 109//109 1214//1214
f 108//108 157//157 1217//1217
f 157//157 108//108 163//163
f 157//157 153//153 1217//1217
f 109//109 1223//1223 1220//1220
f 210//210 153//153 157//157
f 1220//1220 158//158 109//109
f 1224//1224 1218//1218 154//154
f 1225//1225 1221//1221 207//207
f 1196//1196 1226//1226 212//212
f 1195//1195 217//217 1188//1188
f 160//160 112//112 159//159
f 1228//1228 160//160 159//159
f 1228//1228 162//162 160//160
f 162//162 215//215 160//160
f 215//215 114//114 160//160
f 148//148 1229//1229 159//159
f 1188//1188 217//217 214//214
f 213//213 161//161 214//214
f 1228//1228 1255//1255 162//162
f 1255//1255 215//215 162//162
f 163//163 58//58 113//113
f 157//157 163//163 210//210
f 163//163 115//115 221//221
f 222//222 114//114 215//215
f 221//221 115//115 223//223
f 164//164 1261//1261 167//167
f 1172//1172 1261//1261 164//164
f 223//223 115//115 171//171
f 165//165 166//166 118//118
f 167//167 1230//1230 164//164
f 167//167 166//166 1230//1230
f 224//224 166//166 167//167
f 115//115 117//117 171//171
f 171//171 117//117 169//169
f 225//225 1201//1201 118//118
f 166//166 225//225 118//118
f 1231//1231 1197//1197 120//120
f 1200//1200 168//168 1232//1232
f 1232//1232 168//168 170//170
f 170//170 168//168 121//121
f 1233//1233 1234//1234 1236//1236
f 124//124 183//183 175//175
f 172//172 179//179 183//183
f 183//183 228//228 175//175
f 242//242 228//228 183//183
f 173//173 124//124 174//174
f 1237//1237 184//184 123//123
f 124//124 175//175 1238//1238
f 176//176 173//173 174//174
f 174//174 175//175 228//228
f 228//228 176//176 174//174
f 1239//1239 184//184 1237//1237
f 184//184 1239//1239 186//186
f 1239//1239 188//188 186//186
f 227//227 1239//1239 228//228
f 1239//1239 229//229 188//188
f 188//188 229//229 230//230
f 1208//1208 191//191 127//127
f 191//191 194//194 127//127
f 127//127 194//194 177//177
f 194//194 240//240 177//177
f 126//126 177//177 179//179
f 172//172 126//126 179//179
f 179//179 177//177 242//242
f 182//182 197//197 178//178
f 180//180 182//182 178//178
f 181//181 140//140 187//187
f 140//140 185//185 187//187
f 181//181 182//182 180//180
f 179//179 242//242 183//183
f 1240//1240 187//187 185//185
f 1240//1240 1241//1241 187//187
f 188//188 187//187 1241//1241
f 187//187 188//188 189//189
f 201//201 187//187 189//189
f 188//188 243//243 189//189
f 191//191 1208//1208 192//192
f 194//194 191//191 192//192
f 196//196 192//192 1242//1242
f 1245//1245 1243//1243 195//195
f 193//193 195//195 1212//1212
f 194//194 192//192 196//196
f 197//197 1244//1244 147//147
f 195//195 193//193 257//257
f 1268//1268 194//194 254//254
f 1273//1273 1245//1245 195//195
f 254//254 194//194 196//196
f 195//195 257//257 1273//1273
f 1244//1244 197//197 198//198
f 182//182 198//198 197//197
f 182//182 200//200 198//198
f 1244//1244 198//198 199//199
f 257//257 193//193 1246//1246
f 198//198 200//200 199//199
f 199//199 200//200 203//203
f 257//257 1246//1246 1249//1249
f 262//262 257//257 1249//1249
f 187//187 201//201 181//181
f 182//182 181//181 1247//1247
f 200//200 182//182 1247//1247
f 201//201 205//205 200//200
f 189//189 243//243 201//201
f 205//205 201//201 208//208
f 258//258 208//208 201//201
f 203//203 200//200 202//202
f 200//200 206//206 202//202
f 1250//1250 202//202 206//206
f 262//262 1249//1249 1248//1248
f 262//262 1248//1248 265//265
f 205//205 208//208 207//207
f 1250//1250 205//205 207//207
f 202//202 1250//1250 211//211
f 200//200 205//205 206//206
f 1250//1250 206//206 205//205
f 265//265 1248//1248 211//211
f 271//271 265//265 211//211
f 1252//1252 1227//1227 207//207
f 209//209 207//207 208//208
f 1252//1252 207//207 209//209
f 1221//1221 1250//1250 207//207
f 1250//1250 155//155 211//211
f 211//211 155//155 210//210
f 210//210 283//283 211//211
f 211//211 283//283 270//270
f 273//273 1253//1253 1251//1251
f 212//212 277//277 1196//1196
f 1195//1195 276//276 217//217
f 1285//1285 276//276 1195//1195
f 218//218 215//215 1255//1255
f 218//218 281//281 215//215
f 214//214 216//216 213//213
f 214//214 217//217 1256//1256
f 1260//1260 1257//1257 1259//1259
f 1255//1255 1258//1258 218//218
f 280//280 1259//1259 276//276
f 1259//1259 280//280 1260//1260
f 280//280 219//219 218//218
f 218//218 219//219 281//281
f 279//279 281//281 219//219
f 220//220 210//210 163//163
f 210//210 220//220 283//283
f 163//163 221//221 220//220
f 220//220 221//221 283//283
f 221//221 293//293 283//283
f 281//281 222//222 215//215
f 224//224 167//167 1261//1261
f 221//221 223//223 294//294
f 166//166 224//224 225//225
f 223//223 171//171 299//299
f 297//297 223//223 299//299
f 1262//1262 298//298 1263//1263
f 226//226 171//171 1235//1235
f 226//226 170//170 1264//1264
f 299//299 171//171 226//226
f 1264//1264 300//300 226//226
f 170//170 121//121 1264//1264
f 314//314 227//227 228//228
f 314//314 228//228 242//242
f 314//314 306//306 1265//1265
f 306//306 308//308 1265//1265
f 1239//1239 231//231 229//229
f 227//227 231//231 1239//1239
f 1265//1265 308//308 1266//1266
f 308//308 236//236 1266//1266
f 384//384 236//236 308//308
f 231//231 232//232 229//229
f 232//232 230//230 229//229
f 230//230 232//232 233//233
f 232//232 235//235 234//234
f 233//233 232//232 234//234
f 234//234 246//246 233//233
f 235//235 232//232 1266//1266
f 234//234 235//235 248//248
f 234//234 248//248 246//246
f 1266//1266 236//236 235//235
f 250//250 248//248 235//235
f 235//235 236//236 250//250
f 319//319 250//250 236//236
f 238//238 241//241 237//237
f 238//238 237//237 252//252
f 317//317 1267//1267 1272//1272
f 238//238 310//310 241//241
f 239//239 177//177 240//240
f 1269//1269 1274//1274 237//237
f 237//237 239//239 240//240
f 241//241 239//239 237//237
f 242//242 239//239 318//318
f 241//241 318//318 239//239
f 242//242 177//177 239//239
f 230//230 243//243 188//188
f 230//230 244//244 243//243
f 243//243 244//244 245//245
f 230//230 233//233 244//244
f 233//233 246//246 244//244
f 244//244 246//246 245//245
f 247//247 243//243 245//245
f 245//245 246//246 247//247
f 248//248 249//249 246//246
f 1270//1270 247//247 246//246
f 260//260 247//247 1270//1270
f 250//250 249//249 248//248
f 250//250 320//320 249//249
f 250//250 319//319 320//320
f 252//252 237//237 251//251
f 251//251 255//255 252//252
f 253//253 252//252 255//255
f 1272//1272 253//253 317//317
f 256//256 1273//1273 257//257
f 251//251 237//237 1274//1274
f 1271//1271 1273//1273 256//256
f 251//251 256//256 255//255
f 255//255 256//256 261//261
f 253//253 255//255 261//261
f 262//262 263//263 257//257
f 256//256 257//257 263//263
f 201//201 243//243 258//258
f 243//243 259//259 258//258
f 259//259 260//260 269//269
f 243//243 247//247 259//259
f 247//247 260//260 259//259
f 1270//1270 1299//1299 260//260
f 265//265 263//263 262//262
f 263//263 265//265 271//271
f 256//256 263//263 264//264
f 263//263 271//271 264//264
f 264//264 261//261 256//256
f 258//258 266//266 208//208
f 209//209 208//208 1275//1275
f 209//209 1275//1275 267//267
f 1281//1281 209//209 267//267
f 266//266 258//258 259//259
f 259//259 268//268 1275//1275
f 268//268 267//267 1275//1275
f 259//259 269//269 268//268
f 322//322 1276//1276 1277//1277
f 322//322 274//274 1276//1276
f 274//274 1282//1282 1276//1276
f 1277//1277 269//269 322//322
f 325//325 323//323 324//324
f 1303//1303 1302//1302 1278//1278
f 270//270 271//271 211//211
f 1253//1253 273//273 272//272
f 289//289 1253//1253 272//272
f 288//288 1290//1290 1280//1280
f 274//274 275//275 1282//1282
f 273//273 1284//1284 272//272
f 272//272 1284//1284 1288//1288
f 275//275 274//274 339//339
f 1301//1301 1306//1306 1283//1283
f 1307//1307 338//338 1284//1284
f 278//278 276//276 1285//1285
f 292//292 278//278 1285//1285
f 280//280 1286//1286 219//219
f 276//276 278//278 280//280
f 280//280 278//278 1286//1286
f 284//284 270//270 283//283
f 331//331 270//270 282//282
f 286//286 331//331 282//282
f 284//284 283//283 295//295
f 284//284 295//295 285//285
f 285//285 1297//1297 1289//1289
f 1289//1289 1297//1297 290//290
f 282//282 270//270 284//284
f 284//284 285//285 286//286
f 282//282 284//284 286//286
f 285//285 338//338 287//287
f 285//285 287//287 286//286
f 1288//1288 1284//1284 338//338
f 338//338 285//285 1289//1289
f 345//345 290//290 296//296
f 1290//1290 1285//1285 1254//1254
f 1290//1290 292//292 1285//1285
f 1290//1290 288//288 290//290
f 292//292 1290//1290 290//290
f 290//290 345//345 292//292
f 281//281 291//291 222//222
f 279//279 291//291 281//281
f 222//222 291//291 346//346
f 278//278 1292//1292 1286//1286
f 1287//1287 1293//1293 1291//1291
f 346//346 291//291 348//348
f 1293//1293 349//349 344//344
f 1293//1293 344//344 1291//1291
f 1291//1291 344//344 1308//1308
f 294//294 293//293 221//221
f 1294//1294 1296//1296 1297//1297
f 1295//1295 295//295 283//283
f 1297//1297 1296//1296 296//296
f 290//290 1297//1297 296//296
f 1262//1262 222//222 346//346
f 294//294 223//223 297//297
f 296//296 1296//1296 297//297
f 297//297 398//398 296//296
f 346//346 298//298 1262//1262
f 397//397 298//298 346//346
f 355//355 297//297 301//301
f 355//355 408//408 297//297
f 301//301 299//299 226//226
f 297//297 299//299 301//301
f 302//302 301//301 226//226
f 302//302 226//226 300//300
f 302//302 300//300 303//303
f 303//303 300//300 304//304
f 352//352 302//302 303//303
f 303//303 304//304 352//352
f 352//352 304//304 305//305
f 351//351 302//302 352//352
f 300//300 1263//1263 304//304
f 1263//1263 298//298 304//304
f 359//359 305//305 304//304
f 316//316 307//307 314//314
f 307//307 306//306 314//314
f 316//316 362//362 307//307
f 384//384 308//308 1298//1298
f 309//309 385//385 365//365
f 309//309 365//365 364//364
f 309//309 364//364 311//311
f 309//309 311//311 310//310
f 311//311 312//312 310//310
f 312//312 313//313 310//310
f 364//364 368//368 311//311
f 368//368 312//312 311//311
f 313//313 312//312 369//369
f 314//314 242//242 315//315
f 316//316 314//314 315//315
f 316//316 315//315 361//361
f 316//316 361//361 362//362
f 361//361 315//315 414//414
f 307//307 382//382 306//306
f 382//382 384//384 1298//1298
f 386//386 385//385 317//317
f 386//386 317//317 501//501
f 309//309 310//310 238//238
f 310//310 318//318 241//241
f 309//309 1267//1267 385//385
f 385//385 1267//1267 317//317
f 318//318 310//310 313//313
f 319//319 236//236 384//384
f 388//388 319//319 384//384
f 319//319 387//387 1300//1300
f 389//389 1300//1300 387//387
f 253//253 261//261 321//321
f 321//321 317//317 253//253
f 261//261 326//326 321//321
f 321//321 501//501 317//317
f 269//269 260//260 322//322
f 390//390 322//322 260//260
f 260//260 389//389 390//390
f 260//260 1299//1299 389//389
f 326//326 343//343 321//321
f 326//326 261//261 323//323
f 323//323 261//261 264//264
f 323//323 264//264 1279//1279
f 326//326 323//323 325//325
f 325//325 1303//1303 328//328
f 328//328 1303//1303 327//327
f 327//327 1303//1303 332//332
f 341//341 325//325 328//328
f 341//341 343//343 326//326
f 325//325 341//341 326//326
f 328//328 342//342 341//341
f 328//328 327//327 329//329
f 328//328 329//329 342//342
f 329//329 327//327 337//337
f 342//342 329//329 396//396
f 271//271 270//270 330//330
f 331//331 286//286 287//287
f 332//332 1303//1303 1278//1278
f 271//271 330//330 1304//1304
f 333//333 332//332 330//330
f 333//333 330//330 270//270
f 333//333 331//331 287//287
f 331//331 333//333 270//270
f 334//334 335//335 333//333
f 334//334 333//333 287//287
f 332//332 337//337 327//327
f 337//337 332//332 335//335
f 332//332 333//333 335//335
f 335//335 334//334 336//336
f 391//391 335//335 336//336
f 391//391 337//337 335//335
f 1307//1307 287//287 338//338
f 1307//1307 1305//1305 287//287
f 340//340 1306//1306 1301//1301
f 334//334 1306//1306 340//340
f 334//334 340//340 336//336
f 340//340 322//322 390//390
f 343//343 341//341 394//394
f 394//394 341//341 342//342
f 342//342 396//396 394//394
f 395//395 343//343 394//394
f 345//345 349//349 292//292
f 296//296 398//398 345//345
f 350//350 400//400 401//401
f 345//345 398//398 349//349
f 350//350 349//349 402//402
f 346//346 348//348 397//397
f 347//347 344//344 349//349
f 344//344 347//347 1308//1308
f 349//349 350//350 347//347
f 347//347 350//350 1308//1308
f 350//350 401//401 1308//1308
f 297//297 434//434 398//398
f 434//434 297//297 408//408
f 353//353 301//301 302//302
f 353//353 302//302 351//351
f 351//351 356//356 353//353
f 354//354 352//352 305//305
f 355//355 301//301 353//353
f 351//351 352//352 357//357
f 358//358 354//354 360//360
f 358//358 357//357 354//354
f 357//357 352//352 354//354
f 353//353 356//356 355//355
f 356//356 357//357 409//409
f 356//356 351//351 357//357
f 409//409 357//357 358//358
f 410//410 356//356 409//409
f 304//304 298//298 359//359
f 354//354 305//305 359//359
f 359//359 360//360 354//354
f 360//360 411//411 358//358
f 359//359 411//411 360//360
f 409//409 358//358 411//411
f 359//359 298//298 411//411
f 315//315 422//422 414//414
f 361//361 414//414 362//362
f 363//363 382//382 362//362
f 362//362 382//382 307//307
f 382//382 363//363 383//383
f 415//415 362//362 414//414
f 415//415 363//363 362//362
f 415//415 383//383 363//363
f 415//415 416//416 383//383
f 365//365 371//371 364//364
f 365//365 373//373 371//371
f 366//366 373//373 365//365
f 367//367 366//366 365//365
f 366//366 377//377 373//373
f 367//367 365//365 385//385
f 366//366 367//367 377//377
f 377//377 367//367 379//379
f 1313//1313 1309//1309 1312//1312
f 370//370 313//313 369//369
f 371//371 372//372 364//364
f 364//364 372//372 368//368
f 368//368 372//372 312//312
f 312//312 372//372 1310//1310
f 370//370 1310//1310 372//372
f 370//370 376//376 313//313
f 376//376 381//381 313//313
f 371//371 373//373 372//372
f 375//375 376//376 370//370
f 374//374 375//375 370//370
f 374//374 372//372 373//373
f 374//374 370//370 372//372
f 374//374 377//377 375//375
f 377//377 374//374 373//373
f 375//375 379//379 376//376
f 378//378 381//381 376//376
f 375//375 377//377 379//379
f 378//378 376//376 379//379
f 318//318 313//313 381//381
f 242//242 380//380 315//315
f 380//380 242//242 318//318
f 318//318 1311//1311 380//380
f 422//422 380//380 421//421
f 421//421 1311//1311 420//420
f 380//380 1311//1311 421//421
f 315//315 380//380 422//422
f 383//383 384//384 382//382
f 416//416 384//384 383//383
f 416//416 388//388 384//384
f 321//321 696//696 501//501
f 387//387 319//319 388//388
f 387//387 424//424 389//389
f 423//423 424//424 387//387
f 321//321 426//426 696//696
f 425//425 389//389 424//424
f 425//425 390//390 389//389
f 343//343 393//393 321//321
f 426//426 321//321 393//393
f 459//459 426//426 393//393
f 337//337 392//392 329//329
f 392//392 396//396 329//329
f 392//392 337//337 391//391
f 336//336 340//340 391//391
f 428//428 392//392 391//391
f 391//391 340//340 428//428
f 395//395 393//393 343//343
f 395//395 394//394 396//396
f 430//430 393//393 395//395
f 430//430 395//395 396//396
f 432//432 396//396 392//392
f 432//432 430//430 396//396
f 402//402 349//349 398//398
f 434//434 438//438 398//398
f 1314//1314 397//397 348//348
f 399//399 400//400 350//350
f 399//399 350//350 402//402
f 403//403 399//399 402//402
f 400//400 399//399 403//403
f 398//398 404//404 402//402
f 404//404 403//403 402//402
f 400//400 406//406 401//401
f 405//405 400//400 403//403
f 405//405 403//403 404//404
f 406//406 400//400 405//405
f 468//468 434//434 408//408
f 440//440 397//397 1314//1314
f 406//406 407//407 401//401
f 407//407 440//440 1314//1314
f 406//406 435//435 407//407
f 406//406 405//405 435//435
f 437//437 440//440 407//407
f 355//355 356//356 1315//1315
f 298//298 397//397 441//441
f 440//440 441//441 397//397
f 408//408 355//355 1315//1315
f 408//408 1315//1315 443//443
f 412//412 411//411 298//298
f 412//412 298//298 441//441
f 444//444 410//410 409//409
f 409//409 411//411 1317//1317
f 412//412 1317//1317 411//411
f 421//421 413//413 422//422
f 449//449 422//422 413//413
f 420//420 417//417 413//413
f 449//449 414//414 422//422
f 450//450 415//415 414//414
f 414//414 449//449 1321//1321
f 418//418 1313//1313 453//453
f 418//418 1309//1309 1313//1313
f 417//417 379//379 367//367
f 367//367 418//418 417//417
f 419//419 417//417 418//418
f 501//501 1322//1322 386//386
f 420//420 378//378 379//379
f 417//417 420//420 379//379
f 381//381 378//378 420//420
f 421//421 420//420 413//413
f 423//423 387//387 388//388
f 388//388 456//456 423//423
f 455//455 456//456 388//388
f 423//423 456//456 424//424
f 457//457 424//424 456//456
f 425//425 458//458 390//390
f 1323//1323 425//425 424//424
f 392//392 428//428 432//432
f 428//428 340//340 427//427
f 427//427 340//340 390//390
f 427//427 429//429 428//428
f 429//429 427//427 458//458
f 427//427 390//390 458//458
f 429//429 432//432 428//428
f 626//626 429//429 458//458
f 429//429 626//626 432//432
f 459//459 393//393 430//430
f 431//431 459//459 430//430
f 431//431 430//430 432//432
f 398//398 438//438 433//433
f 433//433 404//404 398//398
f 438//438 434//434 510//510
f 404//404 436//436 405//405
f 405//405 436//436 435//435
f 435//435 436//436 407//407
f 407//407 436//436 437//437
f 436//436 404//404 439//439
f 467//467 440//440 437//437
f 433//433 439//439 404//404
f 436//436 467//467 437//437
f 512//512 440//440 467//467
f 433//433 461//461 439//439
f 460//460 436//436 439//439
f 461//461 460//460 439//439
f 467//467 436//436 460//460
f 468//468 408//408 443//443
f 440//440 514//514 441//441
f 512//512 514//514 440//440
f 444//444 442//442 410//410
f 443//443 1315//1315 1316//1316
f 412//412 441//441 471//471
f 514//514 471//471 441//441
f 442//442 444//444 445//445
f 443//443 1316//1316 446//446
f 442//442 445//445 1320//1320
f 1318//1318 412//412 1319//1319
f 475//475 474//474 445//445
f 445//445 474//474 1320//1320
f 1328//1328 1319//1319 412//412
f 447//447 452//452 415//415
f 416//416 415//415 452//452
f 413//413 448//448 449//449
f 413//413 417//417 448//448
f 448//448 1321//1321 449//449
f 451//451 1321//1321 448//448
f 451//451 447//447 1321//1321
f 447//447 415//415 450//450
f 448//448 556//556 451//451
f 452//452 552//552 416//416
f 417//417 419//419 448//448
f 418//418 454//454 419//419
f 454//454 418//418 453//453
f 419//419 454//454 448//448
f 500//500 454//454 453//453
f 455//455 416//416 552//552
f 455//455 388//388 416//416
f 456//456 455//455 560//560
f 456//456 560//560 457//457
f 458//458 425//425 1323//1323
f 426//426 459//459 696//696
f 502//502 696//696 459//459
f 431//431 432//432 504//504
f 503//503 459//459 431//431
f 503//503 431//431 504//504
f 505//505 438//438 510//510
f 505//505 462//462 438//438
f 438//438 462//462 433//433
f 462//462 461//461 433//433
f 461//461 463//463 460//460
f 460//460 464//464 467//467
f 461//461 466//466 463//463
f 464//464 460//460 463//463
f 462//462 466//466 461//461
f 463//463 466//466 465//465
f 464//464 463//463 1325//1325
f 1325//1325 467//467 464//464
f 465//465 466//466 508//508
f 462//462 505//505 466//466
f 434//434 468//468 510//510
f 515//515 510//510 468//468
f 469//469 468//468 443//443
f 470//470 468//468 469//469
f 469//469 443//443 446//446
f 469//469 446//446 472//472
f 472//472 470//470 469//469
f 412//412 471//471 473//473
f 472//472 446//446 1326//1326
f 412//412 473//473 1328//1328
f 476//476 474//474 475//475
f 472//472 1326//1326 477//477
f 1327//1327 1329//1329 1331//1331
f 472//472 519//519 470//470
f 519//519 472//472 477//477
f 1328//1328 480//480 1330//1330
f 1328//1328 473//473 480//480
f 471//471 480//480 473//473
f 479//479 1331//1331 1329//1329
f 478//478 479//479 1329//1329
f 478//478 482//482 479//479
f 481//481 482//482 478//478
f 1332//1332 485//485 1333//1333
f 479//479 482//482 484//484
f 483//483 484//484 482//482
f 482//482 481//481 483//483
f 487//487 484//484 483//483
f 481//481 487//487 483//483
f 1330//1330 485//485 1332//1332
f 1330//1330 480//480 485//485
f 1333//1333 485//485 1334//1334
f 484//484 487//487 486//486
f 528//528 532//532 485//485
f 485//485 488//488 1334//1334
f 485//485 532//532 488//488
f 531//531 486//486 536//536
f 1334//1334 489//489 490//490
f 487//487 1336//1336 486//486
f 1336//1336 1335//1335 491//491
f 489//489 495//495 1337//1337
f 536//536 486//486 1336//1336
f 1337//1337 495//495 497//497
f 539//539 1337//1337 497//497
f 492//492 1336//1336 491//491
f 1338//1338 1337//1337 539//539
f 537//537 1338//1338 539//539
f 1334//1334 493//493 489//489
f 488//488 493//493 1334//1334
f 488//488 494//494 493//493
f 493//493 495//495 489//489
f 494//494 495//495 493//493
f 494//494 488//488 532//532
f 496//496 495//495 494//494
f 494//494 532//532 496//496
f 495//495 496//496 497//497
f 496//496 498//498 497//497
f 447//447 548//548 452//452
f 452//452 549//549 552//552
f 548//548 549//549 452//452
f 451//451 556//556 547//547
f 547//547 447//447 451//451
f 547//547 548//548 447//447
f 499//499 448//448 454//454
f 454//454 500//500 499//499
f 1322//1322 501//501 500//500
f 499//499 500//500 553//553
f 554//554 553//553 500//500
f 556//556 448//448 499//499
f 645//645 560//560 455//455
f 561//561 1324//1324 560//560
f 1345//1345 458//458 1323//1323
f 564//564 696//696 502//502
f 503//503 502//502 459//459
f 502//502 503//503 564//564
f 564//564 503//503 563//563
f 503//503 504//504 1346//1346
f 626//626 504//504 432//432
f 570//570 509//509 510//510
f 510//510 511//511 570//570
f 570//570 511//511 567//567
f 510//510 509//509 505//505
f 505//505 506//506 466//466
f 466//466 1339//1339 508//508
f 509//509 507//507 505//505
f 505//505 507//507 506//506
f 508//508 1339//1339 1340//1340
f 570//570 507//507 509//509
f 508//508 1340//1340 571//571
f 1349//1349 512//512 1341//1341
f 1340//1340 1348//1348 571//571
f 572//572 570//570 567//567
f 575//575 510//510 515//515
f 510//510 575//575 511//511
f 467//467 1325//1325 512//512
f 1349//1349 513//513 512//512
f 1341//1341 512//512 1325//1325
f 513//513 578//578 512//512
f 578//578 514//514 512//512
f 633//633 578//578 513//513
f 514//514 516//516 471//471
f 514//514 578//578 516//516
f 515//515 468//468 470//470
f 515//515 470//470 585//585
f 470//470 520//520 585//585
f 516//516 518//518 522//522
f 578//578 582//582 516//516
f 520//520 583//583 585//585
f 516//516 517//517 471//471
f 517//517 521//521 471//471
f 516//516 522//522 517//517
f 517//517 522//522 521//521
f 518//518 516//516 582//582
f 1351//1351 589//589 518//518
f 479//479 519//519 477//477
f 520//520 470//470 519//519
f 479//479 520//520 519//519
f 520//520 590//590 583//583
f 521//521 523//523 480//480
f 471//471 521//521 480//480
f 524//524 521//521 522//522
f 1342//1342 521//521 524//524
f 526//526 524//524 518//518
f 518//518 524//524 522//522
f 589//589 526//526 518//518
f 526//526 589//589 527//527
f 479//479 529//529 520//520
f 485//485 480//480 523//523
f 524//524 525//525 1342//1342
f 526//526 525//525 524//524
f 526//526 527//527 525//525
f 529//529 479//479 484//484
f 520//520 529//529 593//593
f 485//485 523//523 528//528
f 528//528 1342//1342 525//525
f 601//601 599//599 527//527
f 599//599 525//525 527//527
f 589//589 601//601 527//527
f 529//529 484//484 486//486
f 529//529 596//596 593//593
f 599//599 528//528 525//525
f 530//530 532//532 528//528
f 600//600 535//535 530//530
f 600//600 530//530 528//528
f 599//599 600//600 528//528
f 529//529 486//486 531//531
f 596//596 531//531 604//604
f 531//531 596//596 529//529
f 533//533 532//532 534//534
f 533//533 496//496 532//532
f 533//533 538//538 496//496
f 534//534 532//532 530//530
f 534//534 538//538 533//533
f 530//530 535//535 534//534
f 604//604 531//531 536//536
f 492//492 536//536 1336//1336
f 616//616 536//536 492//492
f 539//539 542//542 537//537
f 604//604 536//536 603//603
f 603//603 536//536 616//616
f 545//545 537//537 542//542
f 616//616 1338//1338 537//537
f 616//616 537//537 617//617
f 538//538 498//498 496//496
f 538//538 541//541 498//498
f 541//541 497//497 498//498
f 541//541 540//540 497//497
f 540//540 539//539 497//497
f 538//538 534//534 541//541
f 1343//1343 543//543 541//541
f 543//543 542//542 541//541
f 541//541 542//542 540//540
f 542//542 539//539 540//540
f 545//545 542//542 543//543
f 544//544 1343//1343 546//546
f 543//543 1343//1343 544//544
f 545//545 543//543 544//544
f 545//545 544//544 613//613
f 545//545 613//613 537//537
f 613//613 544//544 546//546
f 556//556 642//642 550//550
f 550//550 548//548 547//547
f 556//556 550//550 547//547
f 550//550 551//551 548//548
f 551//551 549//549 548//548
f 557//557 500//500 501//501
f 555//555 499//499 553//553
f 555//555 553//553 554//554
f 554//554 500//500 557//557
f 555//555 554//554 618//618
f 618//618 554//554 620//620
f 620//620 554//554 557//557
f 499//499 555//555 556//556
f 555//555 643//643 556//556
f 552//552 641//641 455//455
f 501//501 558//558 557//557
f 501//501 696//696 559//559
f 501//501 559//559 558//558
f 620//620 557//557 619//619
f 619//619 557//557 558//558
f 619//619 558//558 559//559
f 654//654 560//560 645//645
f 561//561 560//560 623//623
f 626//626 562//562 624//624
f 562//562 626//626 458//458
f 458//458 1345//1345 562//562
f 624//624 562//562 1345//1345
f 563//563 565//565 564//564
f 1347//1347 1346//1346 504//504
f 1347//1347 504//504 566//566
f 504//504 626//626 566//566
f 567//567 575//575 568//568
f 569//569 567//567 568//568
f 567//567 569//569 572//572
f 628//628 572//572 569//569
f 1349//1349 574//574 576//576
f 629//629 573//573 572//572
f 572//572 573//573 1348//1348
f 571//571 1348//1348 573//573
f 1349//1349 573//573 574//574
f 629//629 572//572 628//628
f 575//575 515//515 568//568
f 630//630 568//568 515//515
f 567//567 511//511 575//575
f 576//576 513//513 1349//1349
f 576//576 633//633 513//513
f 577//577 515//515 579//579
f 577//577 630//630 515//515
f 633//633 580//580 578//578
f 515//515 585//585 579//579
f 579//579 585//585 583//583
f 584//584 581//581 583//583
f 581//581 579//579 583//583
f 638//638 1352//1352 588//588
f 581//581 1352//1352 638//638
f 588//588 639//639 638//638
f 578//578 580//580 1351//1351
f 589//589 1351//1351 580//580
f 586//586 584//584 583//583
f 586//586 587//587 584//584
f 1352//1352 587//587 588//588
f 580//580 1357//1357 1353//1353
f 593//593 590//590 520//520
f 590//590 593//593 591//591
f 586//586 583//583 591//591
f 583//583 590//590 591//591
f 587//587 586//586 591//591
f 587//587 591//591 588//588
f 588//588 591//591 592//592
f 592//592 1353//1353 1357//1357
f 594//594 1353//1353 592//592
f 588//588 592//592 639//639
f 591//591 593//593 595//595
f 591//591 595//595 592//592
f 592//592 595//595 594//594
f 595//595 593//593 596//596
f 594//594 597//597 1353//1353
f 594//594 595//595 1354//1354
f 1354//1354 595//595 596//596
f 1353//1353 597//597 601//601
f 598//598 601//601 597//597
f 601//601 602//602 599//599
f 598//598 602//602 601//601
f 606//606 1354//1354 596//596
f 606//606 610//610 597//597
f 598//598 597//597 610//610
f 610//610 611//611 598//598
f 611//611 602//602 598//598
f 606//606 596//596 607//607
f 600//600 614//614 535//535
f 602//602 600//600 599//599
f 600//600 602//602 614//614
f 611//611 614//614 602//602
f 605//605 604//604 603//603
f 605//605 603//603 616//616
f 615//615 609//609 617//617
f 607//607 596//596 604//604
f 608//608 607//607 604//604
f 608//608 604//604 605//605
f 607//607 608//608 606//606
f 608//608 612//612 606//606
f 608//608 609//609 612//612
f 609//609 615//615 611//611
f 605//605 609//609 608//608
f 606//606 612//612 610//610
f 610//610 612//612 611//611
f 611//611 612//612 609//609
f 534//534 535//535 1344//1344
f 614//614 546//546 535//535
f 617//617 537//537 613//613
f 615//615 617//617 613//613
f 546//546 615//615 613//613
f 615//615 614//614 611//611
f 546//546 614//614 615//615
f 605//605 616//616 617//617
f 617//617 609//609 605//605
f 551//551 641//641 549//549
f 552//552 549//549 641//641
f 550//550 640//640 551//551
f 1358//1358 641//641 551//551
f 618//618 651//651 555//555
f 620//620 621//621 618//618
f 555//555 651//651 643//643
f 642//642 556//556 643//643
f 455//455 641//641 645//645
f 621//621 620//620 619//619
f 649//649 619//619 559//559
f 648//648 621//621 619//619
f 648//648 619//619 649//649
f 618//618 621//621 647//647
f 647//647 621//621 648//648
f 623//623 560//560 622//622
f 654//654 622//622 560//560
f 622//622 654//654 653//653
f 624//624 1345//1345 1355//1355
f 623//623 622//622 625//625
f 625//625 624//624 1355//1355
f 653//653 625//625 622//622
f 661//661 624//624 625//625
f 653//653 658//658 625//625
f 657//657 624//624 661//661
f 657//657 626//626 624//624
f 625//625 659//659 661//661
f 658//658 659//659 625//625
f 1347//1347 566//566 627//627
f 564//564 667//667 696//696
f 564//564 565//565 666//666
f 626//626 663//663 627//627
f 626//626 627//627 566//566
f 573//573 629//629 631//631
f 631//631 629//629 670//670
f 569//569 568//568 630//630
f 628//628 569//569 630//630
f 630//630 731//731 628//628
f 631//631 1350//1350 574//574
f 574//574 573//573 631//631
f 633//633 1356//1356 674//674
f 634//634 633//633 1367//1367
f 674//674 1356//1356 670//670
f 577//577 579//579 632//632
f 577//577 632//632 630//630
f 633//633 576//576 1356//1356
f 632//632 579//579 635//635
f 680//680 636//636 637//637
f 633//633 634//634 580//580
f 635//635 579//579 581//581
f 635//635 581//581 636//636
f 581//581 638//638 636//636
f 637//637 638//638 639//639
f 637//637 636//636 638//638
f 634//634 682//682 1357//1357
f 637//637 639//639 1370//1370
f 1357//1357 580//580 634//634
f 641//641 1358//1358 646//646
f 644//644 1359//1359 640//640
f 550//550 642//642 644//644
f 640//640 550//550 644//644
f 642//642 690//690 644//644
f 641//641 646//646 645//645
f 644//644 684//684 1359//1359
f 683//683 645//645 646//646
f 618//618 647//647 651//651
f 696//696 649//649 559//559
f 689//689 651//651 647//647
f 689//689 647//647 650//650
f 650//650 647//647 648//648
f 650//650 648//648 649//649
f 650//650 649//649 696//696
f 643//643 651//651 652//652
f 652//652 651//651 689//689
f 689//689 690//690 652//652
f 652//652 642//642 643//643
f 652//652 690//690 642//642
f 656//656 645//645 683//683
f 683//683 701//701 656//656
f 656//656 654//654 645//645
f 655//655 653//653 654//654
f 655//655 658//658 653//653
f 656//656 655//655 654//654
f 655//655 656//656 710//710
f 626//626 657//657 714//714
f 657//657 661//661 706//706
f 657//657 706//706 717//717
f 655//655 660//660 658//658
f 1386//1386 660//660 655//655
f 660//660 659//659 658//658
f 659//659 660//660 661//661
f 1386//1386 661//661 660//660
f 664//664 663//663 626//626
f 663//663 712//712 662//662
f 663//663 664//664 711//711
f 626//626 714//714 665//665
f 626//626 665//665 664//664
f 714//714 657//657 717//717
f 1361//1361 696//696 1365//1365
f 667//667 564//564 666//666
f 668//668 1365//1365 1363//1363
f 1366//1366 1364//1364 1347//1347
f 1366//1366 627//627 669//669
f 669//669 627//627 663//663
f 627//627 1366//1366 1347//1347
f 1365//1365 668//668 1361//1361
f 1366//1366 669//669 662//662
f 663//663 662//662 669//669
f 628//628 731//731 733//733
f 628//628 733//733 629//629
f 672//672 670//670 629//629
f 672//672 673//673 670//670
f 670//670 673//673 671//671
f 735//735 671//671 673//673
f 733//733 736//736 672//672
f 672//672 629//629 733//733
f 736//736 734//734 672//672
f 672//672 734//734 673//673
f 673//673 1402//1402 735//735
f 731//731 630//630 675//675
f 674//674 670//670 671//671
f 735//735 1367//1367 671//671
f 634//634 1367//1367 735//735
f 675//675 630//630 676//676
f 739//739 675//675 741//741
f 630//630 632//632 676//676
f 632//632 635//635 676//676
f 676//676 635//635 677//677
f 677//677 635//635 636//636
f 676//676 677//677 741//741
f 636//636 678//678 677//677
f 741//741 675//675 676//676
f 634//634 679//679 681//681
f 637//637 1370//1370 1369//1369
f 678//678 636//636 680//680
f 1369//1369 1370//1370 681//681
f 1369//1369 679//679 1368//1368
f 681//681 679//679 1369//1369
f 634//634 681//681 682//682
f 684//684 683//683 1359//1359
f 684//684 686//686 683//683
f 644//644 690//690 1371//1371
f 1371//1371 690//690 752//752
f 686//686 687//687 683//683
f 687//687 685//685 683//683
f 748//748 685//685 687//687
f 746//746 745//745 686//686
f 686//686 745//745 687//687
f 686//686 1371//1371 746//746
f 1371//1371 747//747 746//746
f 688//688 685//685 748//748
f 688//688 691//691 685//685
f 688//688 748//748 750//750
f 688//688 750//750 756//756
f 752//752 690//690 766//766
f 685//685 701//701 683//683
f 701//701 693//693 704//704
f 691//691 701//701 685//685
f 701//701 691//691 693//693
f 691//691 688//688 692//692
f 692//692 693//693 691//691
f 693//693 692//692 695//695
f 756//756 692//692 688//688
f 695//695 692//692 756//756
f 693//693 694//694 1381//1381
f 693//693 695//695 694//694
f 758//758 694//694 695//695
f 758//758 760//760 694//694
f 702//702 694//694 760//760
f 699//699 697//697 696//696
f 696//696 697//697 650//650
f 1375//1375 698//698 689//689
f 689//689 650//650 1375//1375
f 1372//1372 689//689 698//698
f 1372//1372 698//698 1376//1376
f 698//698 1375//1375 1376//1376
f 700//700 1373//1373 1377//1377
f 833//833 1374//1374 1378//1378
f 701//701 704//704 656//656
f 1386//1386 1360//1360 1382//1382
f 702//702 703//703 1386//1386
f 786//786 703//703 771//771
f 702//702 1382//1382 694//694
f 702//702 1386//1386 1382//1382
f 699//699 696//696 705//705
f 705//705 1379//1379 699//699
f 1380//1380 1383//1383 775//775
f 661//661 707//707 706//706
f 708//708 706//706 707//707
f 703//703 707//707 1386//1386
f 709//709 708//708 707//707
f 786//786 707//707 703//703
f 707//707 786//786 709//709
f 1385//1385 709//709 790//790
f 707//707 661//661 1386//1386
f 705//705 696//696 1361//1361
f 1384//1384 1362//1362 1387//1387
f 1388//1388 774//774 1383//1383
f 774//774 1388//1388 713//713
f 663//663 713//713 712//712
f 663//663 711//711 713//713
f 722//722 711//711 724//724
f 722//722 713//713 711//711
f 722//722 774//774 713//713
f 722//722 804//804 774//774
f 711//711 664//664 715//715
f 664//664 665//665 715//715
f 665//665 714//714 716//716
f 716//716 715//715 665//665
f 723//723 711//711 715//715
f 716//716 714//714 718//718
f 723//723 715//715 716//716
f 716//716 718//718 723//723
f 714//714 1389//1389 718//718
f 706//706 708//708 717//717
f 1389//1389 719//719 718//718
f 718//718 719//719 720//720
f 718//718 1391//1391 723//723
f 1390//1390 717//717 708//708
f 1390//1390 708//708 721//721
f 720//720 719//719 791//791
f 1385//1385 790//790 1394//1394
f 790//790 793//793 1394//1394
f 1422//1422 1394//1394 793//793
f 719//719 1395//1395 791//791
f 733//733 799//799 729//729
f 722//722 724//724 805//805
f 724//724 711//711 723//723
f 724//724 723//723 725//725
f 805//805 724//724 725//725
f 723//723 1391//1391 1396//1396
f 1392//1392 809//809 727//727
f 725//725 1393//1393 1397//1397
f 1428//1428 728//728 1397//1397
f 1428//1428 733//733 728//728
f 726//726 1397//1397 728//728
f 733//733 726//726 728//728
f 1392//1392 1423//1423 809//809
f 733//733 1398//1398 736//736
f 736//736 1398//1398 730//730
f 732//732 731//731 812//812
f 1401//1401 725//725 1397//1397
f 739//739 813//813 812//812
f 811//811 805//805 725//725
f 725//725 1401//1401 811//811
f 1401//1401 726//726 731//731
f 1401//1401 1397//1397 726//726
f 731//731 726//726 733//733
f 738//738 1403//1403 1404//1404
f 737//737 735//735 1402//1402
f 738//738 737//737 1402//1402
f 735//735 737//737 634//634
f 1399//1399 738//738 1404//1404
f 1399//1399 737//737 738//738
f 737//737 1399//1399 740//740
f 812//812 731//731 739//739
f 740//740 634//634 737//737
f 822//822 739//739 741//741
f 739//739 731//731 675//675
f 678//678 743//743 677//677
f 742//742 822//822 741//741
f 677//677 742//742 741//741
f 742//742 677//677 821//821
f 1431//1431 677//677 743//743
f 742//742 821//821 822//822
f 679//679 634//634 744//744
f 1406//1406 743//743 1368//1368
f 679//679 1406//1406 1368//1368
f 1406//1406 823//823 743//743
f 634//634 740//740 744//744
f 1371//1371 752//752 747//747
f 752//752 753//753 747//747
f 824//824 1408//1408 1407//1407
f 747//747 751//751 746//746
f 751//751 745//745 746//746
f 751//751 747//747 764//764
f 745//745 749//749 687//687
f 687//687 749//749 748//748
f 748//748 749//749 750//750
f 756//756 750//750 757//757
f 751//751 749//749 745//745
f 751//751 750//750 749//749
f 751//751 761//761 750//750
f 750//750 761//761 757//757
f 761//761 751//751 764//764
f 1409//1409 754//754 747//747
f 754//754 764//764 747//747
f 754//754 1409//1409 828//828
f 1412//1412 1436//1436 755//755
f 764//764 1413//1413 755//755
f 755//755 1436//1436 829//829
f 770//770 829//829 827//827
f 755//755 829//829 770//770
f 827//827 768//768 770//770
f 755//755 771//771 763//763
f 757//757 695//695 756//756
f 757//757 758//758 695//695
f 772//772 760//760 759//759
f 702//702 760//760 772//772
f 758//758 762//762 760//760
f 762//762 759//759 760//760
f 759//759 763//763 772//772
f 761//761 762//762 757//757
f 761//761 765//765 762//762
f 757//757 762//762 758//758
f 759//759 762//762 765//765
f 759//759 765//765 763//763
f 764//764 755//755 765//765
f 764//764 765//765 761//761
f 755//755 763//763 765//765
f 775//775 1438//1438 1380//1380
f 1414//1414 1374//1374 833//833
f 775//775 778//778 767//767
f 768//768 1420//1420 776//776
f 1420//1420 834//834 1416//1416
f 768//768 834//834 1420//1420
f 770//770 1417//1417 780//780
f 770//770 780//780 769//769
f 770//770 771//771 755//755
f 770//770 769//769 771//771
f 772//772 703//703 702//702
f 772//772 763//763 771//771
f 703//703 772//772 771//771
f 1383//1383 773//773 775//775
f 774//774 773//773 1383//1383
f 773//773 774//774 1419//1419
f 775//775 773//773 778//778
f 1418//1418 776//776 1420//1420
f 1417//1417 1419//1419 777//777
f 1419//1419 774//774 777//777
f 1417//1417 777//777 779//779
f 1417//1417 779//779 780//780
f 780//780 779//779 782//782
f 788//788 779//779 777//777
f 779//779 784//784 782//782
f 779//779 788//788 784//784
f 835//835 785//785 784//784
f 784//784 788//788 835//835
f 790//790 709//709 792//792
f 709//709 786//786 785//785
f 789//789 709//709 785//785
f 709//709 789//789 792//792
f 781//781 780//780 783//783
f 780//780 781//781 769//769
f 771//771 769//769 786//786
f 786//786 769//769 781//781
f 783//783 780//780 782//782
f 782//782 784//784 783//783
f 784//784 781//781 783//783
f 781//781 784//784 785//785
f 781//781 785//785 786//786
f 774//774 787//787 777//777
f 774//774 804//804 1421//1421
f 777//777 836//836 788//788
f 792//792 789//789 795//795
f 785//785 835//835 789//789
f 837//837 789//789 835//835
f 795//795 789//789 837//837
f 793//793 790//790 792//792
f 1422//1422 793//793 794//794
f 792//792 795//795 793//793
f 795//795 794//794 793//793
f 794//794 796//796 1422//1422
f 795//795 796//796 794//794
f 795//795 880//880 796//796
f 880//880 881//881 810//810
f 799//799 733//733 810//810
f 799//799 810//810 797//797
f 881//881 797//797 810//810
f 799//799 798//798 729//729
f 800//800 1398//1398 1424//1424
f 730//730 1398//1398 800//800
f 799//799 801//801 798//798
f 801//801 802//802 798//798
f 797//797 801//801 799//799
f 1426//1426 800//800 1424//1424
f 800//800 1426//1426 803//803
f 797//797 881//881 801//801
f 801//801 881//881 802//802
f 722//722 806//806 804//804
f 805//805 806//806 722//722
f 806//806 807//807 804//804
f 814//814 806//806 805//805
f 808//808 845//845 807//807
f 808//808 807//807 817//817
f 807//807 845//845 804//804
f 808//808 817//817 848//848
f 796//796 1429//1429 1422//1422
f 810//810 796//796 880//880
f 1428//1428 796//796 810//810
f 810//810 733//733 1428//1428
f 1425//1425 856//856 1400//1400
f 1430//1430 811//811 1401//1401
f 805//805 811//811 814//814
f 811//811 1430//1430 814//814
f 814//814 1430//1430 813//813
f 814//814 813//813 816//816
f 815//815 806//806 814//814
f 806//806 815//815 807//807
f 815//815 814//814 816//816
f 815//815 817//817 807//807
f 815//815 849//849 817//817
f 849//849 815//815 816//816
f 849//849 816//816 818//818
f 848//848 817//817 849//849
f 1405//1405 1400//1400 856//856
f 818//818 816//816 813//813
f 818//818 813//813 819//819
f 819//819 813//813 739//739
f 739//739 820//820 819//819
f 819//819 849//849 818//818
f 849//849 819//819 852//852
f 739//739 822//822 857//857
f 739//739 857//857 820//820
f 823//823 744//744 740//740
f 823//823 1431//1431 743//743
f 858//858 1431//1431 823//823
f 1431//1431 858//858 859//859
f 822//822 821//821 1445//1445
f 861//861 825//825 766//766
f 825//825 861//861 862//862
f 1432//1432 830//830 1410//1410
f 1433//1433 752//752 766//766
f 1433//1433 766//766 825//825
f 826//826 1432//1432 1434//1434
f 1432//1432 826//826 830//830
f 826//826 1434//1434 860//860
f 1435//1435 1447//1447 864//864
f 1435//1435 864//864 1437//1437
f 827//827 876//876 834//834
f 928//928 827//827 832//832
f 1411//1411 1437//1437 1436//1436
f 829//829 1436//1436 1437//1437
f 831//831 827//827 829//829
f 1437//1437 831//831 829//829
f 1437//1437 832//832 831//831
f 831//831 832//832 827//827
f 864//864 832//832 1437//1437
f 928//928 832//832 864//864
f 1438//1438 775//775 767//767
f 865//865 1414//1414 833//833
f 1452//1452 861//861 1415//1415
f 1416//1416 834//834 870//870
f 827//827 834//834 768//768
f 876//876 870//870 834//834
f 835//835 788//788 837//837
f 777//777 787//787 836//836
f 837//837 788//788 836//836
f 836//836 838//838 837//837
f 1421//1421 804//804 844//844
f 836//836 787//787 843//843
f 1442//1442 1421//1421 844//844
f 836//836 843//843 1439//1439
f 1443//1443 877//877 1440//1440
f 879//879 1440//1440 877//877
f 838//838 795//795 837//837
f 802//802 841//841 839//839
f 1441//1441 840//840 803//803
f 1426//1426 1441//1441 803//803
f 1425//1425 803//803 847//847
f 803//803 840//840 847//847
f 886//886 839//839 841//841
f 887//887 847//847 840//840
f 842//842 840//840 1441//1441
f 842//842 887//887 840//840
f 841//841 802//802 881//881
f 842//842 1441//1441 886//886
f 886//886 841//841 884//884
f 847//847 887//887 856//856
f 844//844 1427//1427 845//845
f 844//844 892//892 1442//1442
f 1455//1455 1442//1442 892//892
f 892//892 844//844 845//845
f 808//808 848//848 850//850
f 845//845 808//808 1444//1444
f 1444//1444 853//853 845//845
f 846//846 845//845 853//853
f 854//854 846//846 853//853
f 893//893 846//846 854//854
f 856//856 1425//1425 847//847
f 850//850 848//848 849//849
f 850//850 849//849 851//851
f 851//851 853//853 850//850
f 852//852 851//851 849//849
f 853//853 851//851 855//855
f 853//853 855//855 854//854
f 852//852 855//855 851//851
f 854//854 894//894 893//893
f 854//854 855//855 894//894
f 894//894 855//855 898//898
f 852//852 898//898 855//855
f 819//819 820//820 852//852
f 852//852 820//820 1001//1001
f 857//857 1001//1001 820//820
f 1001//1001 898//898 852//852
f 740//740 903//903 823//823
f 1405//1405 856//856 899//899
f 903//903 740//740 899//899
f 1445//1445 857//857 822//822
f 904//904 1001//1001 857//857
f 858//858 902//902 859//859
f 903//903 902//902 858//858
f 857//857 901//901 904//904
f 901//901 857//857 1445//1445
f 1459//1459 1446//1446 1460//1460
f 903//903 858//858 823//823
f 825//825 862//862 1448//1448
f 863//863 1449//1449 862//862
f 911//911 925//925 861//861
f 925//925 862//862 861//861
f 911//911 861//861 910//910
f 928//928 876//876 827//827
f 1450//1450 928//928 864//864
f 863//863 862//862 926//926
f 862//862 925//925 926//926
f 927//927 928//928 1450//1450
f 1465//1465 1466//1466 1451//1451
f 1447//1447 1450//1450 864//864
f 1438//1438 866//866 1453//1453
f 866//866 1438//1438 767//767
f 866//866 867//867 1453//1453
f 867//867 866//866 868//868
f 1452//1452 869//869 861//861
f 1453//1453 867//867 1454//1454
f 867//867 868//868 929//929
f 868//868 866//866 870//870
f 929//929 868//868 871//871
f 871//871 868//868 870//870
f 866//866 1416//1416 870//870
f 876//876 873//873 870//870
f 871//871 870//870 872//872
f 870//870 873//873 872//872
f 872//872 873//873 874//874
f 871//871 872//872 874//874
f 876//876 928//928 937//937
f 937//937 873//873 876//876
f 875//875 874//874 873//873
f 875//875 873//873 937//937
f 874//874 875//875 938//938
f 871//871 874//874 938//938
f 955//955 946//946 878//878
f 955//955 878//878 954//954
f 1456//1456 878//878 956//956
f 1456//1456 956//956 879//879
f 954//954 878//878 1457//1457
f 879//879 880//880 1440//1440
f 1457//1457 1458//1458 954//954
f 946//946 956//956 878//878
f 1440//1440 880//880 795//795
f 882//882 886//886 884//884
f 965//965 882//882 884//884
f 881//881 883//883 841//841
f 883//883 884//884 841//841
f 882//882 965//965 885//885
f 883//883 881//881 963//963
f 963//963 964//964 883//883
f 883//883 964//964 884//884
f 884//884 967//967 965//965
f 888//888 842//842 886//886
f 888//888 887//887 842//842
f 886//886 882//882 889//889
f 888//888 886//886 889//889
f 889//889 890//890 888//888
f 890//890 887//887 888//888
f 856//856 887//887 890//890
f 889//889 882//882 885//885
f 885//885 890//890 889//889
f 885//885 891//891 890//890
f 977//977 1484//1484 892//892
f 892//892 845//845 977//977
f 977//977 845//845 846//846
f 977//977 846//846 978//978
f 896//896 846//846 893//893
f 846//846 896//896 978//978
f 890//890 982//982 856//856
f 1057//1057 856//856 982//982
f 891//891 982//982 890//890
f 894//894 896//896 893//893
f 896//896 894//894 895//895
f 895//895 894//894 898//898
f 897//897 896//896 895//895
f 895//895 898//898 897//897
f 897//897 898//898 984//984
f 991//991 898//898 992//992
f 992//992 898//898 1001//1001
f 856//856 999//999 995//995
f 856//856 900//900 899//899
f 900//900 1014//1014 1013//1013
f 900//900 1006//1006 1014//1014
f 901//901 905//905 904//904
f 902//902 903//903 907//907
f 903//903 899//899 907//907
f 904//904 905//905 1001//1001
f 905//905 1459//1459 906//906
f 906//906 1459//1459 1460//1460
f 1461//1461 902//902 907//907
f 1461//1461 907//907 908//908
f 908//908 907//907 909//909
f 907//907 899//899 909//909
f 1007//1007 1001//1001 905//905
f 1007//1007 905//905 906//906
f 899//899 1013//1013 1009//1009
f 1008//1008 1462//1462 1463//1463
f 1008//1008 1463//1463 1496//1496
f 908//908 909//909 1009//1009
f 909//909 899//899 1009//1009
f 1013//1013 899//899 900//900
f 910//910 861//861 931//931
f 931//931 934//934 910//910
f 932//932 934//934 931//931
f 934//934 913//913 910//910
f 934//934 924//924 913//913
f 924//924 934//934 1016//1016
f 912//912 926//926 925//925
f 911//911 912//912 925//925
f 910//910 913//913 911//911
f 911//911 913//913 912//912
f 912//912 914//914 926//926
f 914//914 915//915 1465//1465
f 916//916 942//942 915//915
f 912//912 913//913 914//914
f 914//914 920//920 915//915
f 920//920 916//916 915//915
f 917//917 916//916 922//922
f 916//916 917//917 942//942
f 914//914 913//913 918//918
f 919//919 914//914 918//918
f 920//920 914//914 919//919
f 1464//1464 921//921 918//918
f 918//918 921//921 919//919
f 919//919 921//921 922//922
f 922//922 916//916 920//920
f 922//922 920//920 919//919
f 923//923 921//921 1464//1464
f 923//923 917//917 922//922
f 923//923 922//922 921//921
f 943//943 923//923 1464//1464
f 923//923 943//943 917//917
f 918//918 913//913 924//924
f 915//915 1466//1466 1465//1465
f 927//927 915//915 928//928
f 861//861 869//869 931//931
f 931//931 869//869 930//930
f 930//930 1454//1454 867//867
f 871//871 944//944 929//929
f 932//932 931//931 930//930
f 867//867 929//929 930//930
f 935//935 932//932 930//930
f 929//929 933//933 930//930
f 933//933 929//929 944//944
f 936//936 932//932 935//935
f 936//936 934//934 932//932
f 930//930 933//933 935//935
f 935//935 933//933 945//945
f 937//937 938//938 875//875
f 939//939 944//944 871//871
f 938//938 1467//1467 871//871
f 928//928 941//941 937//937
f 941//941 940//940 937//937
f 940//940 938//938 937//937
f 940//940 1467//1467 938//938
f 942//942 1470//1470 928//928
f 915//915 942//942 928//928
f 950//950 940//940 941//941
f 943//943 1470//1470 942//942
f 943//943 952//952 1470//1470
f 952//952 1480//1480 1470//1470
f 952//952 1025//1025 1480//1480
f 943//943 942//942 917//917
f 952//952 1464//1464 1500//1500
f 1464//1464 952//952 943//943
f 944//944 945//945 933//933
f 1030//1030 945//945 944//944
f 945//945 1018//1018 935//935
f 954//954 947//947 955//955
f 955//955 1473//1473 946//946
f 1469//1469 948//948 1468//1468
f 1476//1476 949//949 1474//1474
f 1485//1485 1471//1471 1477//1477
f 1485//1485 1477//1477 1475//1475
f 949//949 1472//1472 1474//1474
f 1472//1472 949//949 953//953
f 951//951 1476//1476 1481//1481
f 1478//1478 940//940 950//950
f 939//939 1479//1479 944//944
f 1476//1476 951//951 949//949
f 949//949 957//957 953//953
f 944//944 1484//1484 1030//1030
f 1483//1483 1482//1482 1025//1025
f 1025//1025 949//949 1483//1483
f 1025//1025 957//957 949//949
f 952//952 1026//1026 1025//1025
f 956//956 953//953 957//957
f 1472//1472 953//953 956//956
f 879//879 956//956 957//957
f 957//957 958//958 879//879
f 958//958 880//880 879//879
f 958//958 1036//1036 880//880
f 1036//1036 960//960 880//880
f 880//880 960//960 881//881
f 1036//1036 1037//1037 960//960
f 1040//1040 1037//1037 1036//1036
f 1038//1038 962//962 1505//1505
f 1038//1038 1505//1505 1039//1039
f 881//881 959//959 963//963
f 881//881 960//960 959//959
f 963//963 959//959 961//961
f 960//960 961//961 959//959
f 960//960 1486//1486 961//961
f 1037//1037 1486//1486 960//960
f 1053//1053 961//961 1486//1486
f 961//961 1053//1053 1045//1045
f 963//963 966//966 964//964
f 967//967 884//884 964//964
f 975//975 885//885 965//965
f 975//975 891//891 885//885
f 966//966 967//967 964//964
f 963//963 961//961 966//966
f 966//966 968//968 967//967
f 968//968 969//969 967//967
f 965//965 967//967 969//969
f 969//969 975//975 965//965
f 966//966 970//970 968//968
f 970//970 969//969 968//968
f 975//975 972//972 976//976
f 966//966 961//961 1045//1045
f 1045//1045 970//970 966//966
f 971//971 969//969 970//970
f 969//969 971//971 975//975
f 971//971 972//972 975//975
f 973//973 970//970 1045//1045
f 971//971 974//974 972//972
f 974//974 971//971 970//970
f 974//974 970//970 973//973
f 974//974 973//973 1056//1056
f 975//975 976//976 891//891
f 1046//1046 1030//1030 1484//1484
f 1484//1484 977//977 1046//1046
f 977//977 978//978 979//979
f 983//983 979//979 978//978
f 977//977 979//979 1047//1047
f 1051//1051 1047//1047 979//979
f 978//978 896//896 983//983
f 1050//1050 987//987 981//981
f 979//979 987//987 1050//1050
f 1050//1050 1051//1051 979//979
f 981//981 987//987 1065//1065
f 980//980 1038//1038 1049//1049
f 1038//1038 980//980 962//962
f 1053//1053 1486//1486 1487//1487
f 1049//1049 981//981 980//980
f 1488//1488 981//981 1053//1053
f 981//981 1065//1065 1053//1053
f 891//891 976//976 982//982
f 972//972 982//982 976//976
f 1057//1057 982//982 972//972
f 974//974 1054//1054 972//972
f 1054//1054 1057//1057 972//972
f 897//897 983//983 896//896
f 983//983 897//897 984//984
f 984//984 898//898 991//991
f 983//983 985//985 979//979
f 983//983 984//984 985//985
f 984//984 991//991 986//986
f 985//985 984//984 989//989
f 986//986 989//989 984//984
f 989//989 986//986 988//988
f 985//985 987//987 979//979
f 989//989 987//987 985//985
f 987//987 989//989 1065//1065
f 988//988 1065//1065 989//989
f 1065//1065 988//988 996//996
f 996//996 988//988 998//998
f 856//856 1057//1057 1061//1061
f 992//992 993//993 991//991
f 993//993 986//986 991//991
f 986//986 993//993 988//988
f 993//993 994//994 998//998
f 994//994 993//993 992//992
f 997//997 998//998 1000//1000
f 1000//1000 998//998 994//994
f 994//994 1002//1002 1000//1000
f 999//999 1491//1491 995//995
f 990//990 1492//1492 999//999
f 988//988 993//993 998//998
f 996//996 997//997 1489//1489
f 998//998 997//997 996//996
f 856//856 990//990 999//999
f 1011//1011 1004//1004 1010//1010
f 1001//1001 1002//1002 994//994
f 1001//1001 994//994 992//992
f 995//995 1000//1000 1003//1003
f 995//995 1003//1003 1006//1006
f 1000//1000 1002//1002 1003//1003
f 1001//1001 1004//1004 1002//1002
f 1002//1002 1494//1494 1005//1005
f 1002//1002 1005//1005 1003//1003
f 1003//1003 1005//1005 1006//1006
f 1001//1001 1010//1010 1004//1004
f 1005//1005 1494//1494 1015//1015
f 1499//1499 1006//1006 1005//1005
f 1494//1494 1497//1497 1015//1015
f 1499//1499 1014//1014 1006//1006
f 995//995 900//900 856//856
f 995//995 1006//1006 900//900
f 995//995 1491//1491 1493//1493
f 1010//1010 1001//1001 1007//1007
f 1495//1495 1010//1010 1007//1007
f 906//906 1495//1495 1007//1007
f 1496//1496 1012//1012 1008//1008
f 1009//1009 1013//1013 1498//1498
f 1495//1495 1011//1011 1010//1010
f 1497//1497 1008//1008 1012//1012
f 1014//1014 1498//1498 1013//1013
f 1015//1015 1497//1497 1012//1012
f 1499//1499 1498//1498 1014//1014
f 1026//1026 952//952 1501//1501
f 1017//1017 936//936 935//935
f 1017//1017 934//934 936//936
f 1501//1501 1020//1020 1026//1026
f 1017//1017 935//935 1018//1018
f 945//945 1030//1030 1019//1019
f 1016//1016 934//934 1502//1502
f 1502//1502 934//934 1017//1017
f 1018//1018 945//945 1019//1019
f 1502//1502 1017//1017 1021//1021
f 1021//1021 1017//1017 1022//1022
f 1022//1022 1017//1017 1018//1018
f 1021//1021 1022//1022 1024//1024
f 1021//1021 1024//1024 1502//1502
f 1023//1023 1024//1024 1022//1022
f 1018//1018 1023//1023 1022//1022
f 1504//1504 1018//1018 1019//1019
f 1503//1503 1067//1067 1026//1026
f 1024//1024 1512//1512 1502//1502
f 1024//1024 1023//1023 1029//1029
f 1512//1512 1024//1024 1068//1068
f 1029//1029 1068//1068 1024//1024
f 1025//1025 1026//1026 1027//1027
f 1025//1025 1027//1027 1032//1032
f 1026//1026 1067//1067 1027//1027
f 1019//1019 1030//1030 1028//1028
f 1028//1028 1504//1504 1019//1019
f 1504//1504 1028//1028 1029//1029
f 1031//1031 1028//1028 1030//1030
f 1031//1031 1030//1030 1508//1508
f 1508//1508 1069//1069 1031//1031
f 1027//1027 1067//1067 1032//1032
f 1028//1028 1031//1031 1029//1029
f 1025//1025 1032//1032 957//957
f 1032//1032 958//958 957//957
f 1032//1032 1033//1033 958//958
f 1040//1040 1036//1036 1034//1034
f 958//958 1034//1034 1036//1036
f 1048//1048 1042//1042 1035//1035
f 1047//1047 1048//1048 1077//1077
f 1048//1048 1035//1035 1077//1077
f 1034//1034 958//958 1033//1033
f 1033//1033 1087//1087 1034//1034
f 1040//1040 1039//1039 1505//1505
f 1049//1049 1038//1038 1506//1506
f 1049//1049 1506//1506 1052//1052
f 1034//1034 1087//1087 1040//1040
f 1042//1042 1051//1051 1041//1041
f 1051//1051 1052//1052 1041//1041
f 1506//1506 1041//1041 1052//1052
f 1087//1087 1088//1088 1040//1040
f 1040//1040 1088//1088 1043//1043
f 1040//1040 1043//1043 1039//1039
f 1035//1035 1042//1042 1041//1041
f 1507//1507 1044//1044 1506//1506
f 1044//1044 1035//1035 1041//1041
f 1044//1044 1041//1041 1506//1506
f 1507//1507 1514//1514 1093//1093
f 1093//1093 1044//1044 1507//1507
f 973//973 1045//1045 1055//1055
f 1056//1056 973//973 1055//1055
f 1508//1508 977//977 1047//1047
f 1047//1047 1069//1069 1508//1508
f 1047//1047 1051//1051 1048//1048
f 1042//1042 1048//1048 1051//1051
f 1050//1050 1049//1049 1052//1052
f 1050//1050 981//981 1049//1049
f 1052//1052 1051//1051 1050//1050
f 1059//1059 1053//1053 1063//1063
f 1056//1056 1054//1054 974//974
f 1057//1057 1054//1054 1060//1060
f 1055//1055 1045//1045 1058//1058
f 1056//1056 1055//1055 1058//1058
f 1054//1054 1056//1056 1509//1509
f 1060//1060 1061//1061 1057//1057
f 1058//1058 1045//1045 1053//1053
f 1053//1053 1059//1059 1058//1058
f 1058//1058 1059//1059 1056//1056
f 1056//1056 1059//1059 1509//1509
f 1064//1064 1061//1061 1060//1060
f 1059//1059 1063//1063 1511//1511
f 1509//1509 1059//1059 1511//1511
f 1489//1489 1062//1062 996//996
f 1065//1065 996//996 1062//1062
f 1063//1063 1053//1053 1065//1065
f 1490//1490 856//856 1061//1061
f 1064//1064 1490//1490 1061//1061
f 1063//1063 1065//1065 1062//1062
f 1063//1063 1062//1062 1511//1511
f 1064//1064 1510//1510 1490//1490
f 1068//1068 1029//1029 1066//1066
f 1066//1066 1029//1029 1031//1031
f 1070//1070 1066//1066 1031//1031
f 1072//1072 1066//1066 1070//1070
f 1066//1066 1072//1072 1068//1068
f 1070//1070 1031//1031 1069//1069
f 1070//1070 1069//1069 1073//1073
f 1073//1073 1069//1069 1075//1075
f 1071//1071 1078//1078 1512//1512
f 1068//1068 1071//1071 1512//1512
f 1072//1072 1071//1071 1068//1068
f 1071//1071 1072//1072 1080//1080
f 1072//1072 1070//1070 1073//1073
f 1072//1072 1073//1073 1080//1080
f 1078//1078 1071//1071 1079//1079
f 1071//1071 1080//1080 1079//1079
f 1080//1080 1073//1073 1085//1085
f 1513//1513 1074//1074 1032//1032
f 1033//1033 1032//1032 1074//1074
f 1069//1069 1076//1076 1075//1075
f 1076//1076 1047//1047 1077//1077
f 1078//1078 1074//1074 1513//1513
f 1074//1074 1078//1078 1090//1090
f 1075//1075 1076//1076 1081//1081
f 1076//1076 1077//1077 1081//1081
f 1077//1077 1097//1097 1081//1081
f 1082//1082 1094//1094 1078//1078
f 1073//1073 1075//1075 1085//1085
f 1078//1078 1079//1079 1082//1082
f 1079//1079 1080//1080 1083//1083
f 1080//1080 1085//1085 1083//1083
f 1075//1075 1081//1081 1085//1085
f 1081//1081 1097//1097 1086//1086
f 1098//1098 1094//1094 1082//1082
f 1082//1082 1079//1079 1083//1083
f 1082//1082 1083//1083 1084//1084
f 1082//1082 1084//1084 1098//1098
f 1083//1083 1085//1085 1084//1084
f 1084//1084 1085//1085 1086//1086
f 1081//1081 1086//1086 1085//1085
f 1089//1089 1044//1044 1093//1093
f 1089//1089 1035//1035 1044//1044
f 1074//1074 1087//1087 1033//1033
f 1074//1074 1090//1090 1087//1087
f 1087//1087 1090//1090 1088//1088
f 1089//1089 1096//1096 1035//1035
f 1035//1035 1097//1097 1077//1077
f 1078//1078 1091//1091 1090//1090
f 1091//1091 1092//1092 1090//1090
f 1090//1090 1092//1092 1088//1088
f 1092//1092 1093//1093 1514//1514
f 1093//1093 1096//1096 1089//1089
f 1035//1035 1096//1096 1097//1097
f 1091//1091 1078//1078 1094//1094
f 1095//1095 1091//1091 1094//1094
f 1095//1095 1092//1092 1091//1091
f 1095//1095 1099//1099 1092//1092
f 1099//1099 1093//1093 1092//1092
f 1094//1094 1098//1098 1095//1095
f 1099//1099 1095//1095 1098//1098
f 1515//1515 1101//1101 1096//1096
f 1093//1093 1515//1515 1096//1096
f 1101//1101 1097//1097 1096//1096
f 1098//1098 1084//1084 1100//1100
f 1098//1098 1100//1100 1101//1101
f 1101//1101 1515//1515 1098//1098
f 1086//1086 1100//1100 1084//1084
f 1101//1101 1100//1100 1086//1086
f 1097//1097 1101//1101 1086//1086
f 1069//1069 1047//1047 1076//1076
