# Wavafront OBJ file of BodyParts3D
# BodyParts3D, Copyright(C) 2010-2011 The Database Center for Life Science licensed under CC Attribution-Share Alike 2.1 Japan.
vn -0.675734 -0.691981 0.254057
v -49.72 -69.8947 952.856
vn -0.725644 -0.52746 0.441846
v -50.7043 -68.2737 953.681
vn -0.994623 -0.103536 -0.00249868
v -51.8419 -66.7145 951.9
vn -0.869026 -0.494732 -0.00580165
v -51.2154 -68.3659 951.432
vn -0.962664 0.128173 0.23843
v -51.6668 -66.3432 952.899
vn -0.926366 -0.266265 0.266362
v -51.5822 -66.9969 953.145
vn -0.842367 -0.156343 0.515728
v -51.2108 -66.6171 954.156
vn -0.650747 -0.411785 0.637936
v -50.4814 -67.5716 954.562
vn -0.79794 0.207508 0.565891
v -50.7902 -64.9205 954.687
vn -0.686029 0.261759 -0.678856
v -49.3064 -66.3653 945.614
vn -0.925748 -0.0388713 -0.376137
v -51.1689 -66.1332 948.375
vn -0.788688 0.45086 -0.417967
v -50.4974 -64.3396 948.143
vn -0.957382 0.282064 -0.0621201
v -51.6271 -65.1831 950.982
vn -0.789304 0.607873 -0.0865437
v -51.0545 -63.9298 951.314
vn -0.868846 0.462269 0.177241
v -50.8705 -63.8518 953.542
vn -0.668165 0.59501 0.446676
v -50.4316 -63.5704 954.281
vn -0.579124 0.762239 -0.28915
v -50.087 -63.5581 948.636
vn -0.813151 -0.40406 -0.418953
v -48.256 -71.4413 944.939
vn -0.530386 -0.795604 -0.292754
v -47.3683 -72.5338 944.961
vn -0.722222 -0.687146 -0.0789018
v -48.1715 -72.0934 946.306
vn -0.417878 -0.90487 0.0811656
v -47.4625 -72.5917 946.543
vn -0.55502 -0.817493 0.153809
v -48.7645 -71.3123 949.711
vn -0.429145 -0.764752 0.480613
v -49.0387 -70.1548 953.377
vn -0.461135 -0.538637 0.705142
v -48.857 -68.6492 955.082
vn -0.207959 -0.633763 0.745048
v -46.8908 -68.9385 955.713
vn -0.331206 -0.374078 0.866238
v -47.9399 -67.2477 956.312
vn -0.768783 -0.125219 -0.627131
v -48.2314 -69.4682 944.218
vn -0.542043 -0.159873 0.825003
v -49.703 -66.3492 955.811
vn -0.54642 0.197407 0.813914
v -49.7448 -65.2627 955.725
vn -0.275941 0.208945 0.938189
v -48.7269 -65.0785 956.168
vn -0.228867 -0.0964458 0.968668
v -47.6225 -66.7859 956.535
vn -0.487545 0.871831 0.0470251
v -49.7232 -62.7642 953.605
vn -0.450143 0.463201 0.763424
v -49.4337 -63.5869 955.193
vn -0.229067 0.811473 0.537623
v -48.7439 -62.6298 954.715
vn -0.0446255 0.504889 0.86203
v -47.3635 -63.6783 955.842
vn -0.391007 0.566638 -0.725283
v -47.7138 -64.861 945.185
vn -0.4955 0.642902 -0.584087
v -48.5474 -63.8389 946.615
vn -0.181945 0.801413 -0.569767
v -47.8543 -63.5675 946.569
vn -0.266198 0.921297 -0.28346
v -48.6785 -62.997 948.165
vn -0.185523 -0.910306 0.370032
v -44.6702 -72.08 952.177
vn -0.227158 -0.965239 0.129281
v -45.6113 -73.2431 945.429
vn -0.0762081 -0.281125 0.956641
v -46.886 -67.5308 956.497
vn -0.586544 0.0543194 -0.808094
v -45.1464 -69.7961 941.127
vn -0.545773 -0.378909 -0.747368
v -44.7333 -71.5656 941.364
vn -0.00065096 0.111066 0.993813
v -46.5971 -66.2888 956.633
vn 0.207013 0.371804 0.904935
v -44.8783 -64.6611 956.072
vn -0.368149 0.0521319 -0.928304
v -44.0734 -69.5782 940.645
vn -0.415722 0.486658 -0.768336
v -46.0315 -67.6338 942.593
vn 0.0295504 0.99604 0.0838577
v -46.5935 -62.0742 953.593
vn 0.306128 0.718676 0.624332
v -44.5238 -63.4883 955.185
vn -0.204645 0.689051 -0.695218
v -45.8919 -65.1973 944.327
vn -0.16708 0.81824 -0.550061
v -45.0118 -63.682 946.082
vn 0.0275109 -0.907066 0.420089
v -42.4992 -72.4063 951.342
vn 0.0545247 -0.767749 0.638427
v -43.1368 -70.5713 954.732
vn -0.437616 -0.716768 -0.542895
v -42.1812 -73.4585 941.144
vn 0.160192 -0.406508 0.899494
v -43.2638 -69.1921 955.833
vn 0.464355 0.0170975 0.885484
v -41.5806 -67.342 955.697
vn -0.362152 -0.099788 -0.926762
v -41.8919 -70.4955 940.057
vn 0.470862 0.432588 0.768867
v -41.9769 -65.9479 955.453
vn 0.206168 0.045351 0.977465
v -43.7497 -66.7794 956.334
vn -0.318582 0.0905509 -0.94356
v -42.3175 -68.9624 940.192
vn -0.298782 0.403655 -0.864749
v -42.0251 -67.7894 940.322
vn -0.242662 0.63214 -0.735877
v -41.3908 -66.9403 940.828
vn 0.3904 0.894699 0.217029
v -43.3461 -62.6704 952.567
vn -0.312485 0.680532 -0.662743
v -42.6838 -64.996 943.379
vn -0.280283 0.875236 -0.394212
v -42.1537 -63.4496 945.095
vn -0.0451886 0.996672 -0.0678398
v -41.1111 -63.1888 945.08
vn -0.110041 0.934395 -0.338816
v -43.6975 -62.9687 947.043
vn 0.187235 0.97815 0.0903662
v -41.5997 -63.0526 947.235
vn -0.399448 -0.512388 -0.760197
v -39.2688 -73.9104 939.753
vn -0.272244 0.153267 -0.949943
v -39.786 -69.2773 939.195
vn -0.0883979 0.469783 -0.878345
v -39.1242 -68.585 939.363
vn -0.240061 0.529136 -0.813871
v -39.3475 -65.9394 941.143
vn -0.392574 0.745997 -0.537935
v -38.5093 -63.0571 942.616
vn 0.340444 0.914585 0.218249
v -40.9833 -63.4705 948.931
vn -0.423256 -0.875893 -0.23166
v -36.4554 -76.0709 941.191
vn -0.32348 -0.910599 0.257236
v -36.9948 -75.679 943.996
vn -0.0923009 -0.805552 0.585292
v -35.6304 -73.6986 948.981
vn -0.460098 -0.706747 -0.537418
v -37.1183 -74.9758 939.778
vn 0.305908 -0.508941 0.804611
v -37.3603 -70.8189 952.277
vn -0.375463 -0.286544 -0.881431
v -37.0981 -73.2965 938.259
vn -0.0380339 0.24131 -0.969703
v -36.1074 -71.6207 938.091
vn 0.495641 0.276324 0.823398
v -37.9837 -67.2225 952.78
vn -0.000376403 0.419701 -0.907663
v -36.3965 -67.5497 939.941
vn 0.472694 0.737577 0.482225
v -37.861 -65.6193 951.048
vn -0.204912 0.397892 -0.894256
v -36.979 -63.982 941.204
vn -0.229572 0.97221 0.0458737
v -37.5165 -62.5868 943.267
vn -0.0422319 0.883777 0.465999
v -35.9022 -63.3058 946.076
vn 0.0648406 0.972465 0.223849
v -37.6654 -63.2952 946.204
vn 0.236347 0.835273 0.496446
v -36.6367 -63.7543 946.925
vn -0.372164 0.917709 -0.13894
v -36.4307 -62.2174 942.468
vn -0.421554 0.70958 -0.564613
v -35.6863 -62.2274 941.782
vn -0.290026 0.918983 0.267125
v -36.4732 -62.3568 943.263
vn -0.569529 -0.682319 -0.458343
v -33.2873 -77.2331 938.497
vn -0.564878 -0.816475 0.119503
v -33.5803 -77.7554 941.282
vn -0.452904 -0.356434 -0.81721
v -34.172 -75.5891 937.946
vn -0.168973 0.0673019 -0.98332
v -33.8342 -74.9285 937.695
vn 0.0293448 0.30284 -0.95259
v -32.5056 -73.5615 937.959
vn 0.208623 0.215405 0.95398
v -33.8606 -69.1801 951.283
vn 0.102048 -0.322926 0.940907
v -33.0209 -71.5071 950.995
vn 0.273571 0.689442 0.670692
v -34.2512 -67.5176 950.755
vn 0.0699569 0.635176 0.769193
v -34.1377 -64.5063 946.769
vn 0.103782 0.729072 0.676523
v -34.1416 -64.784 947.028
vn 0.0798873 0.711855 0.697769
v -33.1717 -65.3038 947.588
vn 0.0787055 0.284093 -0.955561
v -34.0999 -65.4756 941.094
vn -0.355159 0.8118 0.463512
v -34.7972 -62.243 944.472
vn -0.281781 0.523941 0.803794
v -32.7493 -62.9298 945.906
vn -0.495359 0.868611 -0.0115861
v -35.0469 -61.5618 942.334
vn -0.380188 0.659737 -0.648232
v -33.9875 -61.0158 941.842
vn 0.114805 0.242625 -0.963303
v -33.5894 -61.5927 941.48
vn -0.0448686 0.599556 -0.799074
v -33.2941 -60.7627 941.803
vn 0.350564 0.337424 -0.873642
v -32.6111 -60.6278 942.019
vn -0.604025 0.761649 0.234615
v -33.5787 -60.7038 942.88
vn -0.605375 0.526421 0.596995
v -33.4333 -61.5471 944.634
vn -0.408224 0.86432 -0.293776
v -33.0011 -60.2377 942.38
vn -0.821712 0.466509 0.327352
v -32.646 -60.3859 944.704
vn -0.222682 0.870932 -0.438053
v -32.6811 -59.9989 942.718
vn -0.397321 -0.735794 0.5484
v -31.1752 -76.5178 946.994
vn -0.651996 -0.479353 -0.587471
v -30.4732 -78.7991 937.125
vn -0.520506 0.193311 -0.831688
v -29.3894 -77.7446 935.875
vn -0.435685 -0.143394 -0.888604
v -31.2256 -77.3864 936.951
vn -0.162691 -0.471473 0.866744
v -30.1808 -72.2998 950.708
vn -0.258229 0.30097 -0.918006
v -30.9226 -76.2641 936.943
vn -0.232811 0.091476 0.96821
v -30.33 -69.8136 951.39
vn 0.0136075 0.380369 0.924735
v -31.7687 -67.3032 950.184
vn -0.254353 0.318237 0.913252
v -30.7383 -66.8826 950.255
vn -0.0887215 0.576095 0.812553
v -32.3941 -64.7198 947.104
vn -0.119282 0.693661 0.710357
v -32.038 -65.626 947.662
vn -0.455553 0.407349 0.791541
v -31.0122 -64.5919 947.374
vn -0.627437 0.551682 0.549518
v -30.683 -65.3704 948.28
vn 0.184797 0.322241 -0.928445
v -31.7161 -64.4954 941.596
vn 0.316824 0.360395 -0.877347
v -30.0742 -63.3233 942.615
vn -0.714948 0.141254 0.684761
v -32.4345 -61.8639 945.744
vn -0.82271 -0.205039 0.530196
v -31.4838 -61.2425 946.977
vn -0.809269 -0.0326934 0.586528
v -30.0371 -63.6121 947.953
vn -0.720466 -0.278345 0.63518
v -30.2118 -60.5904 949.078
vn -0.947486 0.0214256 0.319077
v -30.7083 -58.7582 955.096
vn -0.908829 -0.403307 0.106645
v -30.6191 -59.6852 954.695
vn 0.15503 0.707246 -0.68976
v -31.6625 -59.5984 942.996
vn -0.878565 0.460025 0.128451
v -32.2288 -59.7967 945.268
vn -0.926135 0.00225955 0.377184
v -31.9691 -60.0791 946.513
vn -0.806197 -0.308964 0.504568
v -31.2875 -60.222 948.113
vn -0.712052 0.699877 0.0561636
v -31.5328 -58.7455 946.057
vn -0.856643 0.258469 0.446493
v -31.4954 -59.4524 948.188
vn -0.674798 -0.150762 0.722439
v -30.8641 -59.9612 948.797
vn -0.749378 -0.0455556 0.660573
v -30.2816 -59.784 949.246
vn -0.715308 0.206705 0.667538
v -30.3064 -59.0742 949.148
vn -0.742073 0.518272 0.425113
v -30.3059 -58.3368 948.618
vn -0.955146 -0.261802 -0.138405
v -30.8765 -58.6344 952.421
vn -0.712461 0.701711 0.00107658
v -31.1251 -58.4309 944.863
vn -0.93161 0.347161 0.107617
v -30.8009 -55.9603 952.568
vn -0.908836 0.175006 -0.378669
v -30.6795 -56.1114 951.138
vn -0.827451 0.512676 -0.229102
v -30.3694 -55.3194 951.245
vn -0.683241 -0.696886 0.218018
v -28.6429 -81.1029 943.263
vn -0.81937 -0.554321 0.146153
v -26.9724 -82.6498 944.707
vn -0.690631 -0.42085 0.588144
v -26.828 -81.0163 947.109
vn -0.905074 -0.411242 0.108263
v -25.3726 -82.5001 929.825
vn -0.906027 -0.410889 -0.101421
v -25.7608 -81.7209 931.004
vn -0.787684 -0.563307 -0.249478
v -26.656 -81.3884 933.93
vn -0.978424 -0.0755595 -0.192296
v -24.9776 -84.1293 923.351
vn -0.975863 -0.217426 0.0204423
v -25.5934 -82.9085 927.715
vn -0.988226 -0.150551 -0.027257
v -25.6732 -81.6483 929.116
vn -0.927107 -0.188323 -0.324046
v -26.2282 -81.0311 931.837
vn -0.982278 0.0299833 -0.185017
v -25.83 -80.8415 930.303
vn -0.866795 0.292148 -0.404123
v -26.1157 -79.919 931.811
vn -0.899072 0.388638 -0.201568
v -25.6651 -79.9345 930.731
vn -0.748944 0.274959 -0.602893
v -27.141 -80.1357 933.307
vn -0.441234 0.652377 -0.616212
v -26.0888 -77.9675 933.714
vn -0.971834 0.207227 -0.112235
v -25.5511 -80.0347 927.412
vn -0.168031 0.604408 -0.778753
v -27.7015 -76.3586 935.99
vn -0.0682713 0.452149 -0.889326
v -28.5756 -74.4775 937.476
vn -0.277047 -0.455804 0.845865
v -27.2214 -70.1165 952.427
vn -0.673279 0.00227239 0.739385
v -28.6898 -68.0548 952.022
vn -0.834007 -0.207841 0.51111
v -27.561 -66.7718 953.417
vn 0.0765636 0.457816 -0.885744
v -28.7818 -66.3345 940.829
vn -0.675435 0.339229 0.65476
v -29.6079 -65.4082 950.143
vn -0.911686 0.0291687 0.409852
v -28.7835 -64.3528 950.937
vn -0.907618 -0.419024 0.0254619
v -28.863 -62.0703 953.088
vn -0.845928 -0.524255 0.0977864
v -28.4548 -62.8473 956.021
vn -0.862709 -0.331959 0.381492
v -28.5884 -61.2258 958.406
vn 0.00975435 0.491713 -0.870703
v -28.3507 -63.3039 943.115
vn -0.91977 -0.218314 0.326132
v -29.5907 -60.6077 950.009
vn -0.832398 -0.54785 -0.0835138
v -29.2638 -61.5164 953.602
vn -0.823982 0.0782006 0.561194
v -28.7432 -58.8967 958.661
vn -0.671335 0.39794 0.625263
v -28.1523 -57.6909 958.863
vn 0.347103 0.446159 -0.824901
v -29.5632 -60.64 943.841
vn 0.480051 0.807903 -0.341824
v -28.7483 -58.3863 946.14
vn 0.478386 0.653092 -0.587041
v -28.3411 -58.9809 945.642
vn 0.348762 0.708421 -0.613599
v -27.7176 -58.6467 946.689
vn 0.524298 0.733019 -0.433353
v -27.3094 -59.2927 946.209
vn -0.96472 -0.256778 -0.0581356
v -29.8867 -59.6414 950.624
vn -0.843085 -0.0105067 0.537678
v -29.9031 -59.5559 949.844
vn -0.92977 0.200843 0.308528
v -29.9937 -58.5901 949.433
vn -0.921544 -0.146686 -0.359499
v -29.9542 -58.4509 949.809
vn -0.852271 0.49655 0.164536
v -29.9119 -58.0342 948.911
vn -0.948626 0.250101 -0.193798
v -29.7149 -57.5757 949.132
vn -0.773931 0.430875 0.464087
v -29.3579 -56.4501 956.222
vn -0.500484 0.722392 0.477144
v -28.4369 -55.3494 956.12
vn -0.581718 0.572393 0.577902
v -28.1471 -56.8278 958.168
vn -0.464719 0.884427 -0.0427142
v -29.9016 -57.6944 947.293
vn -0.0111914 0.915666 -0.401784
v -29.4305 -58.0851 945.604
vn 0.166912 0.660934 -0.731647
v -27.4463 -57.7551 947.504
vn -0.669007 0.732789 0.124296
v -29.6274 -57.4736 948.392
vn -0.796404 0.454886 -0.398521
v -29.3238 -56.9463 948.794
vn 0.0510436 0.726015 -0.685782
v -28.9075 -57.2908 947.969
vn -0.398122 0.634591 -0.662415
v -28.9633 -56.794 948.53
vn 0.0813862 0.750378 -0.65598
v -27.9803 -55.8516 949.008
vn -0.736786 0.676053 0.00994326
v -30.2485 -55.0717 951.911
vn -0.667251 0.508244 -0.544485
v -29.9872 -55.0954 950.818
vn -0.579887 0.767758 -0.272541
v -29.9075 -54.8244 951.099
vn -0.445588 0.895212 0.00680921
v -29.609 -54.5638 951.774
vn -0.257006 0.795233 -0.549137
v -29.1635 -54.8138 950.405
vn -0.126857 0.967622 -0.218207
v -29.2147 -54.5376 951.047
vn 0.0882678 0.866097 -0.492021
v -28.8145 -54.7987 950.426
vn 0.0949365 0.932966 -0.34722
v -28.8404 -54.6478 950.743
vn 0.285612 0.875542 -0.389682
v -28.1138 -54.8968 950.516
vn 0.356642 0.925929 -0.124345
v -28.1887 -54.5774 951.515
vn -0.643493 0.720389 0.25876
v -30.0186 -55.0188 953.055
vn -0.0730587 0.990457 0.116863
v -28.6552 -54.4074 953.285
vn 0.500952 0.854175 0.139401
v -27.9524 -54.6081 953.413
vn -0.923559 -0.293779 -0.24644
v -27.0966 -53.454 935.863
vn -0.85753 -0.513681 -0.027833
v -26.7435 -54.4247 936.246
vn -0.813048 -0.0489326 0.580137
v -26.6577 -54.1785 936.91
vn -0.627379 0.472104 0.619284
v -26.6571 -53.1925 936.549
vn -0.628171 0.673906 0.388912
v -26.8992 -50.5563 933.321
vn -0.96091 -0.174024 -0.215331
v -26.4644 -49.329 928.793
vn -0.906686 -0.349317 -0.236427
v -22.6213 -96.6839 943.832
vn -0.824903 -0.470502 0.313309
v -23.5308 -94.7672 946.05
vn -0.960489 -0.20946 -0.18327
v -24.1463 -93.0292 945.739
vn -0.841759 -0.103839 -0.529774
v -23.9615 -92.1564 945.06
vn -0.840717 -0.241444 -0.484665
v -22.9932 -89.8531 943.155
vn -0.963653 -0.167813 -0.207874
v -24.6276 -90.2643 946.183
vn -0.504001 -0.378895 0.776158
v -24.4838 -90.3092 948.08
vn -0.855903 -0.430709 -0.286217
v -24.0343 -87.022 942.798
vn -0.950514 -0.206588 0.232045
v -25.6556 -84.8235 947.847
vn -0.601947 -0.0751635 0.794991
v -24.2665 -85.9607 949.746
vn -0.753861 -0.638355 -0.155551
v -24.6116 -84.9375 939.373
vn -0.9189 -0.376991 -0.11619
v -25.5982 -85.1336 944.975
vn -0.748912 -0.14872 -0.645765
v -21.4178 -90.7592 919.328
vn -0.524163 0.158819 -0.836678
v -21.5698 -89.4368 919.579
vn -0.773319 -0.619866 0.133209
v -22.4731 -90.4923 922.139
vn -0.862913 -0.401453 -0.306948
v -22.6435 -90.0848 921.229
vn -0.847299 -0.501397 0.175171
v -23.9068 -86.7636 926.268
vn -0.834786 -0.538623 0.114096
v -23.7257 -85.0583 930.889
vn -0.805108 -0.587555 -0.0811109
v -23.9808 -84.5143 934.408
vn -0.159182 0.381398 -0.910602
v -22.0153 -88.0923 920.173
vn -0.919356 -0.393327 0.00884843
v -24.1139 -87.6563 922.842
vn -0.869524 -0.174174 -0.462159
v -24.1589 -87.2433 921.94
vn -0.6617 -0.0174668 -0.749565
v -23.1785 -86.5038 920.853
vn -0.68391 -0.0483573 -0.727962
v -22.7313 -88.3493 920.586
vn -0.745605 0.174205 -0.643216
v -24.4422 -83.7418 922.347
vn -0.0517767 -0.475283 0.878308
v -26.6575 -72.7896 950.834
vn 0.0317324 -0.568198 0.82228
v -26.7498 -71.6288 951.522
vn -0.15329 -0.560996 0.813502
v -25.3584 -71.3426 951.524
vn -0.224191 -0.519435 0.824576
v -24.5592 -72.8992 951.035
vn -0.822773 0.392825 -0.410771
v -24.2803 -78.4065 924.671
vn -0.390588 0.41907 -0.819647
v -23.7167 -78.5142 924.006
vn -0.81061 0.582749 0.0575817
v -24.6881 -77.869 928.18
vn -0.703766 0.657954 -0.267972
v -24.9943 -78.677 931.069
vn -0.221504 0.932365 -0.285712
v -24.2037 -77.4654 933.302
vn -0.509624 0.860397 0.000929168
v -23.2426 -77.1656 932.518
vn -0.645491 0.737657 0.197997
v -22.5662 -76.5649 931.603
vn 0.0370691 0.832386 -0.552956
v -24.5351 -76.3429 935.855
vn 0.103026 0.549247 -0.829285
v -24.708 -74.4858 937.37
vn -0.0246641 -0.718705 0.694877
v -26.1107 -70.9478 952.069
vn -0.602322 -0.498174 0.623724
v -26.3769 -68.8139 953.883
vn -0.167701 -0.823579 0.541844
v -24.8783 -69.5764 953.904
vn -0.59179 0.74379 -0.310744
v -22.9388 -75.3608 926.274
vn -0.271586 0.69324 -0.667578
v -22.5146 -75.6805 925.302
vn 0.0832727 0.352568 -0.932074
v -23.6177 -70.3057 939.543
vn -0.880724 -0.400336 0.253095
v -27.1514 -65.248 955.506
vn -0.772111 -0.481309 0.414954
v -26.3409 -66.6489 955.708
vn -0.740675 -0.558338 0.37371
v -26.5363 -64.2881 960.06
vn -0.78061 -0.302758 0.546796
v -26.536 -63.7314 960.604
vn 0.793922 0.580391 0.181203
v -25.2325 -60.8416 959.26
vn -0.794964 -0.109114 0.596764
v -26.4383 -61.019 961.886
vn -0.674389 0.282631 0.682143
v -26.4566 -60.3398 961.705
vn 0.872452 0.43491 0.222893
v -26.0849 -60.137 961.222
vn 0.77193 0.573234 0.27482
v -25.7085 -60.9961 961.907
vn -0.121785 0.423829 -0.897518
v -26.1903 -65.0909 941.694
vn 0.184721 0.61469 -0.766834
v -25.23 -60.6858 947.628
vn 0.000792784 0.994218 -0.107379
v -24.8268 -61.0906 947.06
vn 0.881418 0.449513 0.14505
v -25.4805 -59.8818 954.789
vn -0.442353 0.613818 0.653875
v -27.1468 -57.1521 959.257
vn 0.764295 0.5079 0.397355
v -26.4316 -58.1043 959.67
vn 0.626605 0.648196 0.432675
v -26.7802 -57.2204 959.051
vn 0.836173 0.523084 0.164919
v -26.5359 -57.1578 958.194
vn -0.402489 0.563594 -0.721363
v -24.5709 -61.3656 943.069
vn -0.0480889 0.701383 -0.711161
v -26.7413 -61.2527 944.044
vn 0.239574 0.847903 -0.472932
v -26.7561 -60.0099 945.394
vn -0.0483919 0.849866 -0.524772
v -25.425 -60.4491 944.91
vn 0.182578 0.97928 -0.0876126
v -25.4759 -60.1883 945.558
vn 0.042895 0.986604 -0.157394
v -25.1019 -60.283 945.247
vn 0.0425922 0.961553 0.271295
v -24.7737 -60.3616 945.675
vn -0.258286 0.906456 -0.334105
v -24.7288 -60.3317 944.92
vn -0.108439 0.987381 0.115411
v -24.4038 -60.2529 945.29
vn 0.704718 0.671457 -0.229169
v -26.746 -59.5245 946.712
vn 0.649369 0.510409 -0.56374
v -26.9308 -59.0826 946.909
vn 0.761168 0.594859 -0.258391
v -26.4447 -59.8402 946.851
vn 0.497481 0.866733 0.0358624
v -26.2243 -59.9833 946.172
vn 0.528401 0.791446 -0.307255
v -25.579 -60.7888 947.265
vn 0.563399 0.809933 0.163064
v -25.5311 -60.8176 946.905
vn 0.602782 0.495275 -0.625585
v -25.5821 -60.5521 947.552
vn 0.223968 0.869902 0.439443
v -25.1541 -60.7212 946.411
vn 0.377659 0.540221 -0.75202
v -24.6276 -59.3357 948.3
vn 0.436385 0.469422 -0.767601
v -25.7825 -57.471 948.649
vn 0.666024 0.530329 -0.524559
v -25.0757 -57.8602 948.846
vn -0.345527 0.740873 0.57595
v -27.8053 -56.4825 958.073
vn -0.189071 0.813033 0.550662
v -27.1259 -56.6594 958.568
vn 0.575815 0.732804 -0.362541
v -25.897 -56.3336 949.719
vn 0.789432 0.604759 0.105184
v -26.4858 -55.93 951.394
vn -0.779802 -0.367169 0.507047
v -25.6256 -55.7773 937.576
vn -0.771642 -0.63015 0.086487
v -25.1431 -56.4969 937.503
vn -0.764403 -0.433216 0.477506
v -24.5295 -57.0446 938.124
vn -0.564335 -0.0425277 0.82445
v -24.1418 -56.8602 938.604
vn -0.725139 -0.593078 -0.349903
v -26.0832 -54.126 933.981
vn -0.32026 0.423697 0.847298
v -26.2914 -53.727 937.103
vn -0.182074 0.637182 0.748898
v -26.2912 -53.1359 936.682
vn -0.619613 -0.717395 -0.318471
v -25.7866 -55.3415 935.729
vn -0.437081 0.13161 0.889741
v -25.5744 -54.9709 937.736
vn -0.7146 -0.660976 -0.229037
v -23.6735 -53.7928 928.776
vn 0.0375463 0.929206 0.367651
v -24.782 -49.3848 932.307
vn -0.191044 0.797982 0.5716
v -25.8901 -50.1131 933.724
vn -0.820662 -0.455931 -0.344443
v -23.9119 -50.9861 922.122
vn -0.782398 -0.256551 -0.567481
v -23.7234 -50.7621 921.707
vn -0.528571 0.524056 -0.667816
v -23.8244 -49.6894 922.6
vn -0.853623 -0.431668 -0.29153
v -25.5616 -49.4302 924.415
vn -0.75067 0.497039 -0.435255
v -25.3838 -48.97 924.634
vn 0.070236 0.972583 -0.221694
v -23.9893 -48.8327 924.691
vn -0.940663 0.30329 -0.152212
v -26.359 -48.795 928.979
vn -0.122305 0.992492 0.000722218
v -25.6422 -48.5719 928.579
vn -0.225745 0.939879 0.256255
v -25.7692 -48.9132 930.897
vn -0.77882 -0.601542 -0.177727
v -19.8932 -100.58 943.228
vn -0.783317 -0.285704 -0.552076
v -20.0997 -96.1504 940.467
vn -0.83153 -0.554644 0.0304516
v -22.3023 -97.3274 944.093
vn -0.808996 -0.432282 -0.39832
v -22.1768 -97.2358 943.321
vn -0.821765 -0.163429 -0.545887
v -22.2613 -96.5821 943.075
vn -0.717416 -0.385493 -0.580266
v -21.2831 -97.5609 942.388
vn -0.275042 -0.40833 0.870413
v -22.3935 -93.8953 947.686
vn -0.884866 -0.12017 -0.45008
v -21.4603 -93.0532 941.47
vn -0.834053 -0.0612185 -0.548278
v -22.3649 -92.8148 943.181
vn -0.879864 -0.274177 -0.388158
v -21.9347 -90.6167 942.035
vn -0.908862 -0.267429 -0.320082
v -21.1269 -92.4165 940.141
vn -0.804419 -0.479408 -0.350824
v -20.3141 -93.0473 919.131
vn -0.685681 -0.268723 -0.676483
v -18.3637 -94.1403 917.065
vn -0.724119 -0.656908 0.210055
v -21.1713 -90.316 925.165
vn -0.867054 -0.460096 -0.191125
v -21.7068 -88.4463 936.772
vn -0.602798 9.66306e-005 -0.797894
v -19.9742 -91.8969 918.183
vn -0.596654 0.253776 0.761316
v -21.4856 -78.7819 950.85
vn -0.297788 0.0310701 0.954126
v -22.5348 -77.3373 949.767
vn -0.364996 -0.208245 0.90742
v -21.5763 -75.3941 949.937
vn -0.587193 0.160391 0.793397
v -21.1621 -76.8082 950.114
vn -0.394043 -0.51116 0.763836
v -21.2866 -74.7114 950.457
vn -0.0353269 -0.355178 0.934131
v -23.6801 -74.5812 950.225
vn -0.0602825 -0.571316 0.818513
v -23.5743 -73.6768 950.649
vn -0.0323834 -0.377746 0.925343
v -22.6672 -74.635 950.022
vn -0.179391 -0.65286 0.73593
v -22.7222 -73.9641 950.446
vn -0.43443 -0.50903 0.743074
v -23.9483 -71.9544 951.857
vn -0.249433 -0.683481 0.68603
v -23.1554 -73.2082 951.257
vn -0.683244 -0.628957 0.370932
v -23.0918 -70.3991 953.969
vn -0.443894 -0.665565 0.599984
v -22.6805 -71.1906 953.544
vn -0.548623 -0.689075 0.473486
v -22.7356 -70.7297 954.118
vn -0.505412 -0.763826 0.401408
v -22.817 -70.0922 954.999
vn -0.124679 -0.851483 0.509344
v -22.114 -70.3032 955.131
vn -0.110275 0.989451 -0.0939444
v -22.7079 -76.9357 935.091
vn -0.41379 0.901351 0.127844
v -22.3155 -76.8172 934.331
vn 0.0484746 0.943541 -0.32769
v -22.057 -76.8243 935.848
vn 0.0949102 0.80004 -0.592392
v -22.1095 -76.4865 936.468
vn -0.40485 0.894289 0.190641
v -21.3376 -76.7244 935.493
vn -0.260481 0.956739 -0.129613
v -21.3596 -76.7633 935.88
vn -0.158609 0.844304 -0.511854
v -21.3845 -76.6586 936.213
vn -0.583027 0.768615 0.263269
v -21.281 -76.1664 934.172
vn -0.61725 0.786685 -0.0113508
v -21.0135 -76.6046 935.848
vn -0.53154 0.766153 -0.361214
v -21.0379 -76.5255 936.191
vn -0.381279 0.690487 -0.614699
v -21.0648 -76.3232 936.488
vn -0.702694 0.668607 0.243279
v -20.7768 -76.2611 935.367
vn -0.793758 0.607826 0.0222634
v -20.672 -76.2259 935.735
vn -0.751337 0.630104 -0.196116
v -20.6954 -76.1973 936.097
vn -0.709243 0.662243 0.241678
v -20.558 -75.7155 934.81
vn -0.628408 0.684146 -0.3702
v -20.4041 -75.5931 936.645
vn -0.795127 0.596517 0.109276
v -20.3339 -75.6884 935.565
vn -0.766767 0.636488 -0.0833802
v -20.2486 -75.5458 936.266
vn -0.000608965 0.647611 -0.761971
v -21.8168 -75.9489 937.041
vn -0.351472 0.697778 -0.624158
v -20.7756 -75.6214 937.001
vn -0.05297 0.65377 -0.754837
v -20.891 -74.443 938.055
vn -0.174103 -0.778019 0.603635
v -24.1013 -70.0606 953.02
vn -0.22499 -0.903997 0.36355
v -24.154 -69.7126 953.636
vn -0.568372 -0.544036 0.617233
v -23.7485 -70.2303 953.109
vn -0.516781 -0.753426 0.406555
v -23.7766 -69.9716 953.386
vn -0.507553 -0.818669 0.268648
v -23.827 -69.7313 954.042
vn -0.416107 -0.812557 0.408176
v -24.3035 -69.084 955.636
vn -0.241911 -0.896776 0.370503
v -22.1359 -67.7542 959.427
vn -0.611362 -0.520633 0.595968
v -24.9006 -64.4191 962.103
vn -0.52812 -0.640508 0.557529
v -24.1647 -65.1196 962.043
vn -0.453571 -0.750028 0.481385
v -23.6719 -66.5519 960.737
vn -0.3029 -0.604105 0.737095
v -22.7816 -65.5082 962.659
vn 0.266129 0.169176 0.948976
v -22.4594 -65.0697 962.818
vn -0.386584 -0.448128 0.806061
v -23.8696 -64.6949 962.657
vn -0.232607 -0.257709 0.937806
v -23.5449 -64.3399 962.835
vn -0.0393925 -0.133794 0.990226
v -22.8139 -65.0653 962.874
vn 0.300528 0.418044 0.857276
v -22.8246 -64.7113 962.799
vn 0.121382 0.482487 -0.867452
v -22.0973 -76.4598 924.769
vn -0.122263 0.787239 -0.604405
v -21.898 -75.0128 926.226
vn 0.183402 0.631015 -0.75378
v -21.1992 -75.0185 926.282
vn -0.707961 0.704225 0.053469
v -21.3796 -73.833 928.824
vn -0.73355 0.612228 0.295096
v -20.8339 -73.8605 930.745
vn 0.265645 0.524287 -0.809047
v -21.5282 -72.6241 939.208
vn 0.421062 0.0366078 -0.906293
v -21.8931 -70.1327 939.916
vn 0.539923 0.634871 0.552651
v -23.1824 -64.0931 962.472
vn 0.699193 0.626625 0.344196
v -24.6635 -62.3869 962.124
vn -0.554188 -0.355747 0.752542
v -24.6292 -63.6158 962.837
vn 0.299168 0.438381 0.847538
v -24.5971 -62.9201 962.698
vn -0.646855 0.760541 -0.0561779
v -21.3219 -73.8655 927.719
vn -0.098371 0.637524 -0.764124
v -20.2698 -73.6871 927.361
vn -0.016495 0.131075 -0.991235
v -21.2314 -67.3685 940.294
vn 0.712866 0.676938 0.183241
v -24.4137 -61.2716 955.007
vn 0.492705 0.867512 -0.0683012
v -22.8118 -60.4754 948.111
vn 0.599674 0.782967 0.165391
v -22.454 -60.7537 948.197
vn 0.592312 0.741915 0.314212
v -21.4508 -62.0112 948.778
vn -0.762183 -0.480666 -0.433633
v -22.0898 -60.762 940.049
vn -0.517414 0.1201 -0.847266
v -23.4095 -62.4452 942.059
vn -0.690806 0.342049 -0.637015
v -23.4811 -61.1866 942.34
vn -0.823508 0.166162 -0.542425
v -22.9877 -60.852 941.881
vn -0.809439 0.459531 -0.365568
v -22.9325 -60.3997 942.094
vn -0.951707 0.00146998 -0.307003
v -22.7293 -60.6334 941.447
vn -0.923919 0.337192 -0.18076
v -22.7123 -60.1827 941.657
vn -0.789719 -0.222808 -0.571577
v -22.332 -61.5319 941.011
vn -0.624263 0.690621 -0.365156
v -23.4968 -60.389 943.167
vn -0.0159688 0.951166 0.308267
v -22.645 -60.0417 945.076
vn -0.259154 0.946522 0.192186
v -22.5944 -59.6905 944.001
vn 0.159524 0.918587 0.361595
v -21.5873 -60.2112 945.118
vn -0.0631416 0.702323 -0.709053
v -24.1853 -60.5277 947.65
vn -0.241944 0.898149 -0.36714
v -23.8106 -60.6532 947.351
vn 0.441529 0.800503 -0.405274
v -23.5155 -60.2285 947.966
vn 0.583339 0.770434 -0.257191
v -23.5648 -59.888 948.585
vn -0.105664 0.979768 -0.169973
v -23.1159 -60.4589 947.334
vn 0.281267 0.955515 0.088774
v -22.7895 -60.4519 947.73
vn -0.0478427 0.994199 0.0963286
v -22.3625 -60.3019 946.38
vn 0.706802 0.578028 -0.407818
v -24.2457 -59.0176 948.961
vn 0.780486 0.622123 0.0616853
v -23.4345 -59.9686 949.372
vn -0.72971 -0.662433 -0.169427
v -23.1375 -58.6278 938.812
vn -0.684171 -0.0536565 0.727345
v -23.3714 -58.188 939.007
vn -0.821847 -0.531861 -0.204183
v -22.8492 -59.1514 939.4
vn -0.667168 -0.602365 -0.438226
v -22.4627 -59.5846 939.215
vn -0.952143 -0.227198 -0.20446
v -22.578 -60.2119 940.557
vn -0.954692 0.271254 0.122411
v -22.5773 -59.762 940.766
vn -0.663327 0.12741 0.737403
v -22.4883 -58.5647 939.96
vn -0.734504 0.678516 -0.0109266
v -22.1686 -59.292 942.494
vn -0.684814 0.657589 0.314017
v -21.445 -58.2981 941.438
vn -0.438578 0.829488 0.345831
v -21.869 -59.1988 943.269
vn -0.590603 -0.717454 -0.369388
v -21.2246 -57.7854 934.913
vn -0.27827 0.29826 0.913021
v -23.8098 -56.4679 938.637
vn -0.446565 0.326566 0.833027
v -22.7548 -57.6441 939.436
vn -0.15139 0.467963 0.870685
v -22.0869 -55.9908 938.823
vn -0.511039 0.639724 0.574101
v -21.0864 -57.2755 940.343
vn 0.00782232 0.650287 0.759649
v -23.4889 -53.655 937.14
vn -0.060264 0.618954 0.783112
v -22.0865 -54.8087 937.981
vn -0.716888 -0.386519 -0.580236
v -22.0808 -52.9491 920.74
vn -0.69276 -0.634787 -0.342241
v -21.3317 -54.024 920.818
vn -0.460267 -0.27814 -0.843085
v -21.4232 -53.4284 920.415
vn -0.359091 -0.558417 -0.747813
v -21.0533 -54.1049 920.583
vn -0.0128212 -0.135861 -0.990645
v -21.0651 -53.4565 920.318
vn -0.283336 -0.84645 -0.450825
v -20.3529 -55.0268 921.261
vn 0.165085 -0.464494 -0.870053
v -20.2486 -54.4271 920.676
vn -0.142733 0.950748 0.275146
v -22.6026 -49.194 930.969
vn -0.0138219 0.793289 0.608689
v -22.3541 -50.1799 933.343
vn -0.0660639 0.900938 0.428889
v -22.3303 -49.6948 932.609
vn -0.159236 0.537253 -0.828253
v -23.0014 -50.7142 921.345
vn -0.454022 0.0109471 -0.890923
v -22.1878 -52.2538 920.609
vn -0.0801662 0.239944 -0.967471
v -21.4732 -52.3024 920.436
vn 0.264999 0.577411 -0.772251
v -21.1957 -51.355 920.968
vn 0.258312 0.242813 -0.935049
v -20.7546 -52.6663 920.421
vn 0.246143 0.806811 -0.537094
v -21.6313 -50.4978 921.745
vn 0.0599119 0.997563 -0.0357651
v -21.4241 -48.7316 928.589
vn -0.677221 -0.596938 -0.430159
v -16.6085 -103.501 941.188
vn -0.702738 -0.710396 0.0386754
v -17.9368 -102.71 943.412
vn -0.547965 -0.724049 0.418912
v -16.6872 -103.642 943.85
vn -0.587734 -0.608304 0.533419
v -19.0599 -101.239 944.281
vn -0.0755398 -0.333407 0.939752
v -17.8607 -98.8052 945.908
vn -0.823974 -0.433764 -0.364575
v -19.1935 -95.2749 938.347
vn -0.791995 -0.610033 0.0245513
v -16.7568 -95.035 928.73
vn -0.808671 -0.551029 -0.205957
v -16.1168 -96.3732 931.138
vn -0.710565 -0.623351 -0.32639
v -15.9676 -97.601 916.65
vn -0.617203 -0.786463 -0.0231595
v -15.7875 -97.8245 917.046
vn -0.61197 -0.324503 -0.721242
v -15.376 -97.5148 915.837
vn -0.693023 -0.719819 0.0397455
v -17.7248 -96.0968 918.808
vn -0.382116 0.100194 -0.918667
v -17.6979 -93.5612 916.574
vn 0.182579 -0.399183 0.898509
v -18.9254 -82.4893 951.782
vn -0.172573 -0.237009 0.956057
v -18.7453 -79.8938 952.742
vn -0.503534 0.205369 0.839212
v -19.4918 -77.7731 952.465
vn -0.532944 -0.168518 0.8292
v -19.9352 -74.82 951.392
vn -0.550892 0.159695 0.819155
v -19.5443 -76.1879 951.707
vn -0.290136 0.0964432 0.952113
v -19.2453 -75.0468 951.75
vn -0.331697 0.263752 0.905766
v -18.8652 -76.0676 951.996
vn -0.165763 -0.662544 0.73045
v -21.0807 -73.2797 951.816
vn -0.29828 -0.446327 0.843695
v -20.4728 -74.0788 951.409
vn 0.0941295 -0.69029 0.717384
v -20.8466 -72.1067 952.899
vn 0.0732981 -0.419327 0.904872
v -20.0639 -72.868 952.118
vn -0.17551 -0.216425 0.960394
v -19.6396 -73.9585 951.689
vn 0.313109 -0.731388 0.605834
v -19.5151 -71.1288 953.391
vn -0.0486734 -0.865244 0.498982
v -19.7343 -67.8392 960.391
vn -0.118565 -0.797336 0.591775
v -20.8578 -67.4882 961.297
vn 0.36526 0.479424 -0.797959
v -18.0809 -79.6602 924.487
vn -0.664537 0.742054 0.0880114
v -19.6304 -74.8223 934.927
vn -0.228947 0.81249 -0.536138
v -19.8179 -74.5538 937.805
vn -0.526686 0.81757 -0.23277
v -19.4198 -74.7123 937.146
vn 0.00789656 0.831109 -0.556054
v -19.5231 -74.1188 938.415
vn -0.285417 0.906499 -0.311121
v -19.1233 -74.3594 937.787
vn -0.470235 0.882512 -0.00713831
v -18.7298 -74.2922 937.045
vn 0.157584 -0.273772 0.948797
v -22.0831 -65.5217 962.724
vn 0.525832 0.412814 0.743697
v -22.0981 -65.1128 962.681
vn 0.619548 0.727326 0.295224
v -21.857 -64.93 962.151
vn 0.124329 -0.72212 0.680503
v -20.2059 -66.9216 961.714
vn 0.290356 0.47625 -0.829987
v -19.0902 -76.2611 926.153
vn 0.663275 0.3367 -0.668355
v -18.3769 -71.3967 942.364
vn 0.212075 0.317972 -0.924077
v -18.1517 -73.9397 927.339
vn -0.601475 0.782359 -0.161688
v -18.3601 -71.285 928.87
vn -0.0490902 0.455743 -0.888757
v -17.2896 -71.2726 928.574
vn 0.260358 -0.130879 -0.9566
v -20.2641 -68.0248 940.484
vn 0.142035 -0.343962 -0.928179
v -19.6138 -66.5834 940.309
vn 0.438017 -0.402439 -0.803856
v -18.5778 -67.3731 941.146
vn 0.464752 0.851073 0.244297
v -20.4496 -63.7876 952.003
vn 0.0999476 -0.218812 -0.970635
v -20.319 -66.2834 940.151
vn -0.343405 -0.153897 -0.926493
v -19.6633 -64.5718 939.696
vn -0.578884 -0.348898 -0.736996
v -18.9599 -63.975 939.251
vn 0.41748 0.762374 0.494466
v -19.0852 -61.9979 945.642
vn -0.607484 -0.535701 -0.586505
v -18.964 -62.6035 938.348
vn 0.0508712 0.710155 0.702205
v -21.1889 -59.3789 943.754
vn 0.381536 0.792759 0.475356
v -20.1434 -60.5102 944.676
vn 0.246715 0.606495 0.755841
v -18.6885 -61.026 944.206
vn -0.57041 -0.729963 -0.376545
v -18.4766 -59.8641 934.178
vn 0.33129 0.460434 0.823558
v -18.7088 -57.9693 942.378
vn 0.217048 0.346196 0.912709
v -18.5975 -57.3403 942.053
vn 0.219743 0.589323 0.777439
v -20.1246 -59.1198 943.385
vn 0.844028 -0.413289 -0.341773
v -17.964 -59.2367 933.827
vn 0.753953 -0.608369 -0.247876
v -18.0103 -58.4089 932.025
vn 0.969159 -0.129819 -0.209472
v -17.8222 -57.9158 933.354
vn -0.606671 -0.716078 -0.345229
v -19.5617 -59.1362 934.19
vn -0.262833 0.64376 0.718674
v -20.7056 -55.8746 939.111
vn -0.418203 0.775019 0.473763
v -19.6396 -56.2269 940.07
vn -0.339879 0.681936 0.647646
v -19.0658 -56.7628 941.622
vn -0.361117 -0.895378 -0.260563
v -19.1614 -56.8989 926.059
vn 0.372898 -0.848838 -0.374727
v -18.4448 -56.9357 925.846
vn -0.613492 -0.773395 -0.159651
v -19.6177 -56.9951 927.85
vn -0.539585 -0.806018 -0.243276
v -18.6036 -58.0482 929.231
vn 0.936385 -0.326183 -0.129569
v -17.8867 -56.7791 927.326
vn 0.986784 -0.123134 -0.105336
v -18.1034 -57.0045 931.792
vn 0.80786 -0.387917 -0.443715
v -18.5246 -55.061 922.91
vn 0.975338 -0.219941 -0.0184801
v -17.8703 -55.5499 927.624
vn -0.117757 0.6901 0.71407
v -20.3065 -52.2358 935.75
vn 0.428596 -0.0263403 -0.903112
v -20.018 -53.7077 920.59
vn 0.511494 0.363214 -0.778748
v -20.0772 -52.5715 920.756
vn 0.428455 -0.657789 -0.619468
v -19.6575 -54.931 921.3
vn 0.614537 -0.294344 -0.73192
v -19.6608 -54.3231 920.925
vn 0.754708 0.0736427 -0.651914
v -18.8415 -53.3452 921.509
vn 0.939811 -0.0966681 -0.327736
v -18.1517 -53.609 922.78
vn 0.852499 0.341991 -0.395334
v -18.2791 -52.5072 922.74
vn -0.26023 0.778226 0.571528
v -20.9393 -49.3872 932.604
vn -0.214007 0.943216 0.254055
v -19.8859 -48.5497 932.004
vn 0.342686 0.873125 -0.346726
v -20.4059 -49.8837 924.231
vn 0.561864 0.640047 -0.524069
v -19.5175 -51.3564 922.223
vn 0.694596 0.576585 -0.430216
v -18.5424 -50.1989 925.985
vn -0.644972 -0.735738 -0.206641
v -15.5917 -104.775 941.723
vn -0.566749 -0.823844 -0.00874847
v -14.5262 -105.648 942.135
vn -0.541744 -0.709785 -0.450243
v -14.1153 -105.689 941.185
vn -0.620536 -0.779709 0.0836021
v -15.6372 -104.806 942.489
vn -0.528209 -0.796067 0.295418
v -14.5998 -105.39 943.157
vn -0.316539 -0.502895 0.804301
v -16.5289 -103.174 944.438
vn -0.011462 -0.193353 0.981062
v -14.2758 -100.289 945.729
vn -0.566198 -0.687314 -0.454993
v -13.4068 -101.652 935.898
vn -0.649487 -0.518587 -0.556089
v -15.901 -101.724 938.883
vn -0.732677 -0.557984 -0.389665
v -15.8273 -98.885 935.445
vn -0.721265 -0.685237 -0.101128
v -13.7281 -98.4684 928.353
vn -0.715133 -0.641147 -0.278416
v -15.3509 -98.2269 933.153
vn -0.503813 -0.787164 -0.355731
v -12.7595 -99.7119 915.802
vn -0.547381 -0.83009 0.106412
v -14.8022 -98.3728 918.541
vn -0.656438 -0.745498 0.115422
v -15.4746 -96.982 922.815
vn -0.437868 -0.257698 -0.861315
v -14.6317 -98.0007 915.489
vn -0.57728 -0.629775 -0.519741
v -14.8762 -98.2462 915.849
vn -0.565136 -0.818359 -0.10445
v -14.6604 -98.565 916.356
vn -0.0344391 0.424074 -0.904972
v -13.3952 -94.3853 915.669
vn -0.309236 0.0141766 0.95088
v -17.4304 -78.5592 953.253
vn -0.337911 0.284532 0.897138
v -17.797 -77.8987 953.041
vn 0.0932437 -0.503222 0.859112
v -16.0499 -78.489 953.366
vn -0.420514 0.420826 0.803787
v -16.4572 -76.6823 953.23
vn -0.342151 0.205503 0.916897
v -16.106 -77.2696 953.642
vn -0.153175 -0.162536 0.974741
v -15.749 -77.5885 953.768
vn -0.36639 0.337759 0.866993
v -15.7777 -76.5639 953.513
vn -0.316024 0.34065 0.885486
v -17.8163 -76.6227 952.455
vn 0.384799 -0.507274 0.771105
v -18.3058 -72.4175 951.746
vn 0.161887 0.1785 0.970531
v -17.5622 -73.1961 951.616
vn 0.196784 -0.925908 0.322446
v -17.4854 -70.1206 953.925
vn 0.0656243 -0.889089 0.453006
v -18.8232 -69.309 958.01
vn 0.294699 -0.907398 0.299635
v -17.3037 -69.716 956.407
vn 0.280136 -0.795495 0.537319
v -17.9389 -67.9938 959.838
vn 0.462908 0.340889 -0.818237
v -15.8881 -77.3495 927.172
vn 0.218405 0.872292 -0.4375
v -17.6343 -72.8977 941.103
vn -0.163913 0.970506 -0.17678
v -15.5154 -72.9068 940.896
vn 0.83459 0.419546 -0.356989
v -15.3476 -71.0393 946.204
vn 0.666605 -0.4067 0.624686
v -15.7033 -70.7932 950.945
vn 0.458203 -0.826761 0.326367
v -15.975 -70.2973 952.308
vn 0.351842 -0.905097 0.238761
v -16.5001 -69.7696 954.783
vn 0.638627 0.428534 0.639151
v -18.7627 -66.9596 960.517
vn 0.45676 0.847201 0.271332
v -18.9747 -65.9774 958.13
vn 0.774663 0.00634927 0.632343
v -17.1498 -67.7035 959.419
vn 0.410172 0.866217 0.285354
v -17.2262 -67.1019 959.031
vn 0.405756 0.142942 -0.902734
v -14.6412 -75.3649 928.336
vn -0.586203 0.760538 0.279192
v -16.6646 -72.806 936.659
vn 0.644735 -0.425212 -0.635226
v -17.5809 -68.5012 942.859
vn 0.893404 -0.24779 -0.374738
v -15.8173 -68.9663 945.782
vn 0.820848 0.501558 0.273219
v -15.8679 -65.5576 952.003
vn 0.58013 0.751163 0.314967
v -16.1743 -65.2046 951.966
vn 0.186449 0.101867 -0.977169
v -14.7805 -72.3342 928.47
vn 0.312031 0.880498 0.356874
v -16.5092 -64.7205 951.273
vn -0.245874 0.727641 -0.640378
v -14.6632 -68.6424 929.681
vn -0.543214 0.828253 0.137531
v -15.1588 -68.1675 931.711
vn 0.332197 -0.569891 -0.751578
v -16.1776 -64.9913 940.387
vn 0.264559 0.882558 0.388717
v -18.0222 -62.5715 945.884
vn 0.118565 0.723344 0.680232
v -17.6265 -61.9396 944.705
vn -0.114421 0.778669 0.616913
v -15.901 -62.6918 945.718
vn 0.401395 -0.610501 -0.682766
v -17.5631 -62.7757 938.519
vn -0.263295 0.564944 0.781994
v -16.9368 -59.5019 943.181
vn 0.792421 -0.374815 -0.481231
v -17.5422 -60.5843 936.223
vn 0.354286 0.532748 0.768545
v -18.3415 -58.6335 942.579
vn 0.0227187 0.648149 0.761175
v -17.6625 -59.2719 942.833
vn 0.239887 0.420496 0.875007
v -17.6133 -58.1549 941.812
vn 0.0264527 -0.0246845 0.999345
v -17.6482 -57.1797 941.694
vn -0.409685 0.297442 0.862373
v -16.9184 -58.1097 941.895
vn -0.720867 -0.112151 0.683939
v -16.3362 -56.3553 942.614
vn 0.577076 -0.460185 -0.674695
v -16.5623 -57.7334 935.805
vn -0.170015 0.360859 0.916993
v -18.0294 -56.6669 941.824
vn -0.309071 0.354894 0.882341
v -17.8896 -56.3236 941.735
vn -0.445598 0.669225 0.594626
v -18.0315 -56.0645 941.434
vn -0.247105 -0.0668748 0.966678
v -17.3321 -56.6329 941.877
vn -0.558296 0.0429503 0.828529
v -17.0108 -56.1899 942.049
vn -0.547818 0.613891 0.568361
v -17.0205 -55.552 941.756
vn -0.474016 0.83701 0.273356
v -16.6639 -55.205 941.419
vn -0.714675 0.33195 0.61567
v -16.6133 -55.6973 942.351
vn -0.571268 0.762263 0.304317
v -16.015 -55.0012 942.142
vn 0.857577 -0.334005 -0.391155
v -17.1746 -56.4168 934.349
vn 0.576701 -0.654839 -0.488468
v -16.5667 -55.3448 934.187
vn 0.543636 -0.711847 -0.444672
v -15.8501 -54.5729 933.402
vn -0.405613 0.597882 0.691387
v -16.8782 -52.6777 937.396
vn -0.312398 0.710329 0.630746
v -17.9254 -54.498 938.59
vn 0.820617 -0.529633 -0.214653
v -17.0087 -53.9305 928.935
vn 0.837891 -0.518745 -0.169831
v -17.6291 -54.8982 930.394
vn 0.661747 -0.689644 -0.294077
v -16.1029 -53.7418 931.209
vn 0.816486 -0.417011 -0.399315
v -15.7254 -52.7409 930.067
vn 0.959944 -0.0327703 -0.278268
v -17.5117 -52.4901 925.783
vn 0.653216 0.443281 -0.613849
v -16.2204 -49.1731 929.899
vn -0.380729 0.690072 0.615505
v -18.2255 -49.4189 934.165
vn -0.270202 0.902264 0.336023
v -16.8304 -48.6669 933.777
vn -0.434282 0.730388 0.527192
v -16.2003 -49.2962 935.397
vn 0.257343 0.912349 -0.318424
v -17.8547 -49.1992 928.661
vn 0.55696 0.66899 -0.492187
v -17.1575 -49.6705 928.355
vn -0.0114196 0.9962 -0.0863405
v -16.7267 -48.3677 931.869
vn -0.264784 -0.795281 0.545361
v -11.0229 -107.224 943.357
vn -0.436312 -0.71562 -0.545453
v -10.8288 -107.133 940.118
vn -0.467778 -0.877452 -0.106124
v -11.9563 -107.27 941.433
vn -0.459337 -0.844025 0.276824
v -12.7827 -106.591 942.989
vn -0.375214 -0.698027 0.609896
v -12.836 -106.218 943.596
vn -0.159471 -0.501393 0.850396
v -12.1784 -105.662 944.19
vn -0.590334 -0.793573 -0.147471
v -10.4132 -101.417 929.276
vn -0.594492 -0.745688 -0.300881
v -12.4139 -100.867 932.908
vn -0.454676 -0.889893 -0.0368884
v -12.1368 -100.141 916.381
vn -0.357862 -0.817819 -0.450674
v -10.633 -100.641 915.185
vn -0.311379 -0.474434 -0.823381
v -10.6263 -100.114 914.619
vn -0.163771 0.0616998 -0.984567
v -11.0429 -98.3191 914.422
vn 0.0357227 -0.0270524 -0.998996
v -9.60052 -99.0438 914.305
vn 0.0804217 0.337677 -0.93782
v -9.7055 -97.0915 914.641
vn 0.118143 0.578203 -0.807294
v -12.1482 -92.6159 916.985
vn 0.171186 -0.45325 0.874791
v -14.7372 -80.8281 950.992
vn 0.121812 -0.599691 0.790906
v -13.4678 -78.9502 951.865
vn -0.0703515 -0.305186 0.949691
v -14.0331 -77.078 954.045
vn -0.246693 0.0421141 0.968178
v -14.0522 -76.6911 954.084
vn -0.167701 -0.0769742 0.982828
v -13.0415 -76.1766 954.411
vn -0.312857 0.420205 0.851791
v -15.4393 -74.4266 952.207
vn 0.501311 0.528315 -0.685253
v -12.2462 -81.2225 927.751
vn 0.383904 0.405959 0.829346
v -15.443 -71.7453 950.371
vn 0.338199 0.66297 0.667901
v -13.9927 -72.535 950.171
vn 0.654444 0.751198 0.0860509
v -13.5871 -72.1025 948.972
vn 0.390333 0.223155 -0.89322
v -11.7592 -78.6925 929.477
vn -0.343268 0.928643 0.140676
v -14.1038 -72.4996 940.481
vn -0.0410934 0.998498 -0.0362289
v -13.2384 -72.468 943.526
vn 0.519863 0.821515 -0.234212
v -14.8349 -71.6339 946.088
vn 0.183173 0.982847 0.0214348
v -13.0495 -72.4072 946.135
vn 0.726816 -0.192504 0.659303
v -14.8979 -70.7934 949.886
vn 0.998798 0.0213718 -0.044107
v -14.904 -69.9289 949.195
vn 0.936302 0.351143 -0.0061065
v -14.6834 -70.8694 948.809
vn 0.665996 0.643329 0.377595
v -14.3409 -71.6363 949.49
vn 0.767191 0.641199 -0.0167772
v -14.1902 -71.5765 948.733
vn 0.910347 -0.323818 0.257701
v -15.1058 -70.11 950.741
vn 0.995248 -0.0648282 0.0726613
v -14.7725 -68.4172 951.267
vn 0.632606 -0.639459 0.436924
v -15.9968 -68.6435 957.236
vn 0.662144 -0.701455 0.263677
v -15.8211 -68.7372 956.536
vn 0.959315 -0.0520849 0.277491
v -15.4598 -67.8217 956.976
vn 0.71845 0.665273 0.203079
v -15.7036 -67.3476 957.264
vn 0.979479 -0.145271 0.139705
v -14.5276 -67.2832 948.254
vn 0.948128 -0.0126923 0.317636
v -15.5305 -65.9067 951.036
vn 0.906374 0.0976601 0.411034
v -15.5571 -65.4579 951.243
vn 0.975693 0.158831 0.150982
v -14.8474 -67.262 949.343
vn 0.932282 0.295971 0.207971
v -15.6559 -65.9983 951.807
vn 0.741884 0.480858 0.467316
v -15.7946 -65.3358 951.588
vn 0.914244 -0.404629 0.0208127
v -13.963 -65.0281 945.228
vn 0.840851 0.390841 0.374449
v -14.2556 -63.8634 947.395
vn 0.615134 0.623895 0.482044
v -14.5822 -63.71 947.83
vn 0.474976 0.748368 0.462971
v -15.4004 -64.6479 950.395
vn 0.192397 0.868035 0.457711
v -15.3189 -63.852 948.499
vn 0.895734 -0.0135276 0.444385
v -15.0095 -65.4238 950.292
vn 0.772441 0.457481 0.440507
v -14.9019 -64.8073 949.934
vn 0.333911 0.769026 0.545072
v -14.9475 -63.6194 948
vn 0.0124539 0.395339 -0.918451
v -12.8916 -68.7435 929.48
vn -0.224002 0.936634 -0.269331
v -13.0566 -67.371 931.207
vn -0.17791 0.959009 0.220566
v -12.0573 -67.2137 931.974
vn 0.817139 -0.548273 0.177992
v -12.9882 -63.3426 944.685
vn 0.508764 0.682001 0.525388
v -14.5683 -63.184 947.232
vn 0.683978 0.455611 0.56973
v -14.2441 -62.7907 946.255
vn 0.12017 0.804684 0.581414
v -14.53 -62.5154 946.132
vn 0.0165066 0.649866 0.75987
v -14.514 -61.9631 945.479
vn 0.948768 0.00511248 0.315932
v -13.7633 -63.9984 945.987
vn 0.262474 0.566659 0.781028
v -14.1632 -62.252 945.687
vn 0.532448 0.267709 0.803014
v -13.7972 -62.6141 945.696
vn 0.868078 -0.348544 0.353493
v -13.3958 -63.4401 945.457
vn 0.0546931 0.388367 0.91988
v -13.255 -62.0044 945.296
vn 0.544118 -0.25234 0.800163
v -13.0685 -62.7297 945.342
vn 0.276037 0.12079 0.953527
v -13.0862 -62.3494 945.362
vn 0.506977 -0.439008 -0.741786
v -15.2406 -60.8702 939.369
vn 0.633914 -0.544242 -0.549504
v -13.4937 -62.3465 940.544
vn -0.132206 0.453032 0.881637
v -15.2236 -60.4584 944.539
vn 0.0564654 0.488226 0.870889
v -14.5098 -60.5033 944.377
vn 0.0228507 0.529526 0.847986
v -13.8051 -61.3926 944.962
vn -0.253013 0.31656 0.914207
v -13.4607 -60.4674 944.416
vn -0.162236 0.408813 0.898082
v -13.1086 -61.3549 945.025
vn -0.463043 0.373052 0.804005
v -15.5941 -58.5952 943.542
vn -0.555641 -0.0766061 0.827885
v -15.3715 -56.2024 943.949
vn -0.705028 -0.0149608 0.709022
v -14.9357 -57.7843 943.681
vn -0.176675 0.148236 0.973043
v -14.5652 -58.4636 943.841
vn -0.17326 -0.171924 0.969754
v -13.221 -57.5643 944.182
vn -0.0402724 -0.241896 0.969466
v -13.3136 -56.2356 944.756
vn -0.4553 0.577461 0.677673
v -14.0627 -54.2467 944.121
vn -0.140871 0.202547 0.969087
v -13.35 -55.4699 944.811
vn 0.454994 -0.562346 -0.690468
v -14.8685 -55.0459 934.903
vn -0.511685 0.78044 0.359295
v -15.2221 -54.0595 939.989
vn 0.441244 -0.501792 -0.743981
v -13.8539 -53.3662 934.342
vn 0.650782 -0.439586 -0.619069
v -13.8557 -52.7658 933.947
vn 0.78634 0.209544 -0.581172
v -15.096 -50.3596 930.42
vn 0.563348 0.324352 -0.759891
v -13.1449 -48.9766 933.053
vn -0.135127 0.969148 -0.206136
v -13.7476 -47.9111 934.485
vn -0.365295 0.910634 0.193149
v -13.775 -47.9215 934.941
vn 0.380422 0.593119 -0.70957
v -13.3222 -48.2872 933.535
vn -0.318851 -0.9241 -0.210649
v -8.3628 -108.808 941.152
vn -0.334649 -0.802423 -0.494092
v -7.90647 -106.744 937.969
vn -0.086222 -0.338948 0.936846
v -10.9072 -104.195 945.061
vn -0.501367 -0.807106 -0.311788
v -8.07319 -103.78 932.859
vn -0.405518 -0.912818 -0.0481494
v -8.13536 -101.92 921.078
vn -0.28154 -0.913325 -0.294232
v -8.15432 -101.617 915.434
vn -0.105226 -0.56072 -0.821292
v -8.13948 -101.096 914.822
vn 0.118802 -0.271763 0.955003
v -11.6625 -84.3692 949.132
vn -0.118295 -0.489377 0.864012
v -11.6103 -80.3278 951.161
vn -0.0767206 -0.563347 0.822651
v -10.7786 -81.9351 950.176
vn -0.0645295 -0.479495 0.875169
v -9.99095 -82.9375 949.483
vn 0.0602155 -0.594824 0.801597
v -12.298 -76.7536 954.14
vn 0.0800216 -0.560392 0.824353
v -10.2458 -76.0727 954.536
vn 0.221394 0.662384 -0.715704
v -9.22017 -87.2912 922.734
vn -0.152815 0.589145 0.793445
v -12.7224 -75.1313 954.193
vn 0.275676 0.550368 -0.788097
v -10.5107 -81.7812 928.463
vn 0.0355241 0.211148 -0.976808
v -9.30396 -79.1705 929.841
vn -0.044884 0.559276 -0.827765
v -8.76208 -81.875 928.632
vn 0.110671 0.948522 0.296747
v -12.219 -72.8844 950.111
vn 0.15371 -0.0448623 -0.987097
v -11.177 -76.2741 929.725
vn -0.166617 0.960068 0.22474
v -10.3686 -71.6991 941.971
vn -0.0568884 0.992732 0.106054
v -10.5837 -72.2934 945.909
vn -0.314146 0.873976 0.370781
v -11.9856 -71.3718 939.484
vn -0.0182064 0.640862 -0.76744
v -9.14703 -67.3037 930.362
vn 0.141979 0.0328589 0.989324
v -12.4052 -61.7124 945.254
vn 0.60315 -0.429301 0.672243
v -12.0289 -61.9159 944.984
vn -0.0246029 0.0818924 0.996337
v -11.6671 -60.4997 945.24
vn -0.304724 0.26062 0.91609
v -11.4354 -59.4573 945.019
vn -0.197747 0.0172251 0.980102
v -12.8584 -57.9095 944.237
vn -0.0938433 -0.0286531 0.995175
v -12.5269 -57.5153 944.276
vn 0.177212 -0.205778 0.96242
v -12.5709 -56.714 944.428
vn -0.239189 0.16 0.9577
v -12.1548 -58.2021 944.416
vn 0.351732 -0.047653 0.934887
v -12.2377 -56.2356 944.38
vn 0.00755049 0.0350521 0.999357
v -11.8513 -56.9236 944.289
vn 0.523082 -0.560024 -0.642463
v -11.145 -56.9924 938.526
vn 0.357479 0.0272149 0.933525
v -12.6437 -55.4792 944.746
vn 0.404503 0.0481484 0.913269
v -11.9202 -55.2746 944.248
vn 0.221261 0.176882 0.959039
v -11.9464 -54.5577 944.17
vn 0.0668347 0.0653696 0.99562
v -11.5772 -54.9348 944.138
vn -0.0724391 0.509554 0.857384
v -11.6207 -53.2479 943.657
vn -0.259396 0.172455 0.950249
v -11.2579 -54.186 944.128
vn 0.489901 -0.35797 -0.794893
v -12.1635 -53.3263 935.369
vn 0.392561 -0.407986 -0.824283
v -10.8096 -53.065 936.002
vn -0.407251 0.828822 0.383668
v -13.0028 -53.0302 943.147
vn -0.564019 0.771355 0.294778
v -12.9186 -52.7052 941.539
vn -0.464597 0.801812 0.37583
v -11.9235 -52.3478 942.232
vn -0.36776 0.733526 0.571571
v -11.6132 -52.6551 943.116
vn 0.453108 -0.101288 -0.885683
v -11.851 -52.5455 935.445
vn 0.493814 -0.297773 -0.816994
v -11.5725 -51.0104 935.546
vn -0.55501 0.633772 0.538792
v -11.8339 -50.9497 939.779
vn 0.721028 -0.251493 -0.645655
v -12.5638 -49.8418 933.71
vn 0.194512 0.447059 -0.8731
v -12.6515 -48.0343 933.867
vn 0.440848 -0.093019 -0.892749
v -11.9212 -48.6594 933.846
vn 0.525151 -0.403106 -0.749481
v -11.5728 -49.2335 934.294
vn -0.418787 0.907881 0.0192092
v -11.7372 -47.0701 935.453
vn -0.490244 0.712184 0.502448
v -10.4369 -47.0465 937.13
vn -0.126454 -0.984372 -0.122563
v -5.15878 -109.508 940.908
vn -0.141193 -0.880593 -0.452349
v -5.12792 -109.222 940.201
vn -0.213789 -0.932207 0.292036
v -7.35705 -108.964 942.034
vn -0.0924739 -0.765413 0.636861
v -5.63334 -108.953 942.537
vn -0.00415079 -0.196141 0.980567
v -7.57292 -103.213 945.516
vn -0.391858 -0.894138 -0.216713
v -5.332 -104.714 930.167
vn -0.255784 -0.958541 -0.125596
v -6.47839 -102.375 917.262
vn 0.00643681 0.0546208 -0.998486
v -6.44093 -99.6148 914.696
vn -0.196112 -0.799463 -0.567801
v -6.03005 -101.966 915.38
vn -0.0799674 -0.28929 -0.953896
v -6.0351 -101.054 914.817
vn 0.0913922 0.324414 -0.94149
v -5.85382 -97.5766 915.133
vn -0.0508048 -0.522394 0.851189
v -9.1358 -80.9634 951.322
vn -0.0345455 -0.596871 0.801593
v -8.70857 -81.7808 950.653
vn -0.047348 -0.505705 0.861406
v -7.91263 -82.9405 949.936
vn 0.122811 -0.523039 0.843414
v -8.02622 -81.5118 950.783
vn -0.0268718 -0.494848 0.868564
v -9.59824 -79.1506 951.863
vn -0.00996626 0.813784 0.581082
v -8.50129 -74.2184 953.395
vn 0.0645294 0.448041 0.891681
v -7.80777 -74.7587 953.915
vn -0.0214961 0.912252 -0.409065
v -8.47763 -66.9892 930.672
vn -0.00613529 0.989172 0.146633
v -8.17716 -66.8261 931.383
vn 0.709801 -0.643359 -0.286831
v -8.49911 -57.2673 941.683
vn -0.0440614 0.103046 0.9937
v -9.74315 -57.9462 944.975
vn 0.744464 -0.637276 0.199129
v -8.59398 -57.7374 944.464
vn -0.230936 0.125747 0.964809
v -8.7386 -56.8107 944.963
vn 0.433717 -0.382699 0.815739
v -8.35404 -57.2607 944.732
vn 0.183803 -0.326136 -0.927282
v -9.45038 -52.2371 936.148
vn 0.136426 -0.190206 -0.972219
v -9.50364 -50.7997 936.002
vn 0.0106538 -0.319119 -0.947655
v -8.80846 -50.4599 935.873
vn -0.533861 0.616894 0.578303
v -9.22499 -50.2524 942.539
vn 0.288702 -0.365246 -0.885012
v -8.85957 -48.4408 935.281
vn 0.025414 -0.151111 -0.98819
v -8.17948 -47.7332 935.138
vn -0.635279 0.640382 0.43166
v -8.43437 -46.6574 938.546
vn 0.254836 -0.170427 -0.951847
v -8.54646 -47.0708 934.931
vn 0.0711152 0.261647 -0.96254
v -7.88727 -46.2637 935.06
vn -0.502804 0.863546 -0.0384262
v -7.67905 -45.0025 936.502
vn -0.0898202 -0.949576 0.300396
v -4.85512 -109.499 941.675
vn -0.0247821 -0.480402 0.876698
v -4.73352 -107.291 943.865
vn -0.305298 -0.89668 -0.320559
v -4.53699 -106.195 934.135
vn -0.16465 -0.946715 -0.276804
v -1.75956 -103.256 915.332
vn -0.161553 -0.609774 -0.775936
v -1.72721 -102.922 914.567
vn -0.0606338 0.0741105 -0.995405
v -1.78728 -100.822 914.064
vn 0.07782 0.56203 -0.823448
v -1.31602 -97.5331 915.51
vn 0.0798044 0.612141 -0.786712
v -3.38072 -90.5764 921.398
vn -0.018866 0.597534 -0.801622
v -4.3807 -87.014 923.752
vn 0.0852799 -0.484714 0.870505
v -5.8226 -77.8979 952.369
vn 0.0485874 0.0448254 -0.997813
v -5.68771 -73.2121 929.626
vn -0.091533 0.920715 0.379349
v -4.36641 -70.3751 940.452
vn 0.134268 0.230536 -0.963756
v -4.02395 -71.2695 929.743
vn 0.131631 0.32379 -0.936928
v -5.91018 -68.6013 930.004
vn 0.142671 0.655909 -0.741234
v -5.65266 -67.3529 930.649
vn 0.126989 0.963439 -0.235923
v -5.70589 -66.9792 931.256
vn 0.567019 -0.650351 0.505503
v -7.00328 -55.9627 944.683
vn 0.706792 -0.705054 -0.0578313
v -5.63549 -54.5376 944.266
vn 0.690244 -0.7234 0.0159909
v -5.6066 -54.4938 945
vn 0.0227167 -0.30003 0.953659
v -6.90129 -54.7572 945.371
vn -0.0432766 -0.250374 0.967182
v -5.76375 -53.8364 945.868
vn 0.542628 -0.67122 -0.504993
v -5.701 -52.827 938.387
vn -0.416923 0.462786 0.782307
v -5.81973 -50.8175 945.878
vn -0.192361 0.111124 0.975012
v -5.53641 -51.4408 946.196
vn -0.161618 0.35573 0.920508
v -5.20613 -50.7445 946.042
vn -0.0271787 -0.394485 -0.9185
v -5.69521 -48.1192 934.962
vn -0.0705738 0.103734 -0.992098
v -5.7313 -47.3554 935.013
vn -0.690205 0.50557 0.517702
v -6.85978 -46.816 941.607
vn 0.0548425 0.0976416 -0.993709
v -6.51691 -45.7849 935.27
vn -0.475977 0.848673 -0.23065
v -7.28498 -44.966 935.772
vn -0.563902 0.780904 0.268709
v -7.02855 -44.7139 937.194
vn -0.622323 0.782356 -0.0251529
v -6.32362 -44.078 936.642
vn -0.159077 0.465773 -0.870488
v -6.03193 -44.0485 935.906
vn -0.738697 0.628181 0.244365
v -6.12336 -44.5662 939.452
vn -0.648013 0.388493 -0.655097
v -4.87021 -43.4911 935.417
vn -0.786735 0.573408 -0.228587
v -4.95488 -42.6984 936.241
vn 0.0275176 -0.986074 0.164014
v 0.085918 -109.733 941.394
vn 0.00460799 -0.950235 -0.311501
v 0.478547 -109.627 940.638
vn 0.0154042 -0.764524 0.644412
v -1.41377 -109.184 942.573
vn -0.127852 -0.946324 -0.296859
v -0.285698 -106.859 933.959
vn -0.0132962 -0.184164 0.982806
v -2.40952 -98.2933 945.415
vn -0.136068 -0.984213 -0.113183
v -0.272048 -103.919 920.174
vn 0.00638124 -0.37058 -0.928779
v 1.0901 -102.625 914.202
vn 0.0317624 -0.790186 -0.612044
v 1.43854 -103.199 914.649
vn -0.0287802 0.49871 -0.866291
v -1.35412 -80.956 927.371
vn -0.0616083 0.30699 -0.949717
v -0.903987 -77.4448 929.006
vn 0.545859 -0.824114 -0.151243
v -4.26457 -53.2634 943.905
vn 0.496287 -0.673827 0.547409
v -4.03832 -52.8117 945.625
vn 0.492112 -0.785546 0.375157
v -3.72923 -52.8554 945.291
vn 0.194215 -0.544734 0.815809
v -3.37615 -52.1483 945.807
vn 0.481545 -0.759552 -0.437258
v -4.02667 -51.5743 938.819
vn -0.0068192 -0.220067 0.975461
v -4.12927 -51.433 946.138
vn -0.245076 0.479831 0.842437
v -4.16834 -50.0631 945.808
vn -0.230883 0.231357 0.945075
v -3.81674 -50.6522 946.214
vn 0.0501835 -0.570844 0.819523
v -2.71089 -51.6337 946.043
vn 0.166677 -0.717428 0.676399
v -2.33376 -51.8773 945.788
vn -0.439141 0.229887 0.868509
v -2.45832 -49.8206 946.37
vn 0.324079 -0.585865 -0.742789
v -4.29719 -50.1398 936.488
vn 0.472518 -0.708384 -0.524327
v -3.62184 -49.8632 936.728
vn 0.290568 -0.88816 -0.356009
v -2.33658 -51.0389 939.5
vn 0.233045 -0.760862 -0.605622
v -2.29392 -50.2085 938.215
vn -0.437255 0.471151 0.766045
v -4.52667 -48.582 944.785
vn 0.21136 -0.647429 -0.732232
v -3.591 -48.6685 935.378
vn 0.303216 -0.778413 -0.549667
v -1.87044 -48.1802 935.595
vn -0.687056 0.188674 0.701681
v -3.54887 -45.9965 944.66
vn -0.700486 0.0839565 -0.70871
v -3.87277 -45.1325 933.853
vn -0.435411 -0.447149 -0.781329
v -3.3598 -46.6675 933.708
vn 0.0303722 -0.764077 -0.644409
v -2.87732 -47.233 934.171
vn -0.81672 0.384258 0.430482
v -4.8924 -44.2204 942.036
vn -0.635823 -0.123192 -0.76194
v -2.12543 -44.7955 931.63
vn -0.832744 0.257817 -0.489967
v -3.81486 -41.6519 935.198
vn -0.917783 0.340817 0.20376
v -2.82876 -40.3779 942.656
vn -0.822205 0.0598084 -0.56604
v -1.74102 -40.2314 931.847
vn -0.942928 0.318217 -0.0981073
v -3.82784 -40.6314 935.944
vn -0.989211 0.143614 -0.0289127
v -3.3036 -38.844 935.703
vn -0.94439 0.104418 -0.311808
v -3.02882 -38.5385 934.491
vn -0.927896 0.107165 -0.357106
v -2.76358 -34.7904 933.511
vn -0.979483 0.200789 0.0172039
v -2.93613 -33.6204 935.685
vn -0.798022 0.492815 -0.346835
v -2.51889 -32.8589 934.691
vn 0.0821726 -0.913298 -0.398917
v 2.99685 -108.758 939.018
vn 0.113713 -0.9877 -0.107324
v 3.27078 -109.509 940.81
vn 0.0899536 -0.95832 -0.271167
v 2.22316 -106.632 932.947
vn 0.145375 -0.976051 -0.161834
v 3.85722 -104.183 921.71
vn 0.048466 -0.962878 -0.26555
v 2.11205 -103.554 915.365
vn -0.0610633 -0.327726 0.942797
v -0.602011 -87.8333 948.637
vn -0.063211 0.613969 -0.786795
v 1.76814 -93.155 919.375
vn 0.0466971 -0.123845 0.991202
v 1.04555 -74.9896 952.789
vn -0.0565796 0.960804 0.271394
v 0.005021 -72.0514 944.767
vn 0.0700746 0.311621 -0.947619
v 1.6184 -72.4879 930.169
vn 0.0577985 0.972133 -0.227194
v 1.25399 -67.8788 932.869
vn -0.00840957 0.97233 0.233461
v 1.88644 -67.9756 934.074
vn 0.177324 -0.982632 -0.0546913
v -1.88416 -52.0613 944.305
vn 0.218812 -0.91102 0.349518
v -1.95993 -51.9618 945.474
vn -0.328686 -0.11057 0.937944
v -1.75415 -50.4115 946.752
vn -0.16752 -0.580805 0.79662
v -1.38356 -50.795 946.703
vn -0.0604082 -0.853002 0.5184
v -0.941393 -51.6373 945.807
vn -0.101916 -0.971865 0.212345
v -0.540411 -51.9343 945.199
vn -0.400602 -0.678992 0.615213
v -0.699375 -50.8491 947.032
vn -0.366968 -0.926493 0.0833378
v -0.101526 -52.0412 945.272
vn -0.357326 -0.870311 0.338933
v -0.214389 -51.9068 945.588
vn -0.44559 -0.212081 0.869753
v -0.751636 -50.1541 947.395
vn -0.38549 0.149425 0.910533
v -0.119469 -48.6264 947.456
vn -0.0923998 -0.870066 -0.484198
v 0.097016 -51.038 939.88
vn 0.0367936 -0.756417 -0.653054
v 0.117116 -50.5418 939.2
vn -0.294437 0.067937 0.953253
v 0.183101 -47.5022 947.452
vn 0.27306 -0.774092 -0.571157
v -1.58419 -48.7541 937.059
vn -0.0286155 -0.781957 -0.622675
v 0.513498 -48.6805 937.141
vn -0.122198 -0.571347 -0.81156
v -1.38498 -45.5591 931.541
vn 0.316383 -0.760339 -0.567262
v -0.702084 -46.0236 932.181
vn 0.377165 -0.68352 -0.624938
v 0.966234 -45.9036 933.513
vn 0.172231 -0.827548 -0.534322
v 0.244562 -47.0051 934.614
vn -0.883715 0.143972 0.445331
v -2.0925 -41.4014 945.913
vn -0.626172 -0.0686744 0.776655
v -1.44691 -41.5173 946.917
vn -0.808022 0.0247849 0.588631
v -1.52908 -39.8424 947.076
vn -0.28184 -0.167699 0.944692
v -1.1621 -40.5047 947.283
vn -0.144228 -0.0213131 0.989315
v -0.394238 -41.9908 947.256
vn -0.238821 -0.186942 -0.952899
v -1.05728 -44.2587 931.002
vn 0.273761 -0.190489 -0.942745
v -0.013866 -43.9 930.904
vn 0.460002 -0.47372 -0.75099
v 0.341678 -44.5079 931.259
vn -0.805451 -0.00707959 0.59262
v -0.816599 -37.0362 947.565
vn -0.278161 0.0325519 -0.959983
v -0.526509 -39.8805 930.705
vn -0.959553 0.0615956 0.274707
v -1.03606 -35.4023 946.95
vn -0.877155 0.0656084 0.475704
v -0.804989 -34.0426 947.59
vn -0.71173 -0.063827 0.699547
v -0.443733 -35.6704 948.215
vn -0.611683 0.381993 0.692766
v -0.454471 -33.5159 947.988
vn 0.515466 0.0391253 -0.856016
v 0.823736 -39.3059 931.177
vn -0.985185 0.105522 0.135188
v -1.70591 -35.646 941.26
vn -0.885709 0.28392 0.3673
v -1.11442 -32.9837 946.431
vn -0.435468 0.741864 0.509907
v -0.439019 -32.7016 947.159
vn -0.739204 0.0534049 -0.671361
v -1.7219 -35.8014 931.719
vn -0.746199 0.300997 -0.593791
v -1.90317 -34.509 932.2
vn -0.444997 0.227157 -0.866243
v -1.14789 -34.7906 931.393
vn -0.554804 0.494611 -0.668993
v -1.20247 -33.9573 931.831
vn -0.103781 0.50966 -0.854094
v -0.827046 -34.1188 931.545
vn 0.249137 0.222376 -0.942592
v -0.05449 -35.2226 931.171
vn 0.44845 0.476392 -0.756269
v 0.54498 -33.9947 931.979
vn 0.138276 0.678494 -0.721475
v -0.540326 -33.4024 932.09
vn -0.98355 0.164773 0.0740185
v -2.04735 -31.4697 939.45
vn -0.958407 0.243872 0.148267
v -2.00179 -31.6051 942.119
vn -0.00638813 0.94715 0.320728
v -1.25893 -30.4457 941.752
vn -0.814237 0.488261 0.314036
v -1.35324 -31.3817 943.956
vn -0.0581409 0.919359 0.389101
v -0.676223 -31.434 944.401
vn -0.335959 0.70048 -0.629651
v -0.970883 -32.6663 932.87
vn -0.531298 0.775268 -0.341587
v -0.945322 -30.214 936.458
vn -0.827187 0.561831 -0.0103296
v -1.68058 -30.4678 939.111
vn -0.101089 0.943551 -0.315425
v -0.376325 -29.4445 938.089
vn 0.214357 -0.866489 -0.45083
v 6.65516 -102.588 915.003
vn 0.220026 -0.957702 -0.185458
v 5.90009 -103.112 916.242
vn 0.159431 -0.581795 -0.797556
v 7.01628 -102.038 914.449
vn -0.013453 0.409726 -0.912109
v 7.2153 -98.6453 914.534
vn -0.0221326 0.810898 0.584769
v 2.42477 -73.961 952.466
vn 0.0594347 0.210374 0.975813
v 3.48663 -74.5781 952.756
vn -0.0600235 0.926047 0.372606
v 3.50914 -73.2724 951.465
vn 0.0181121 0.012665 -0.999756
v 3.84931 -75.1203 929.986
vn -0.0224699 0.205501 -0.978399
v 4.11697 -73.238 930.017
vn -0.0395653 0.404598 -0.913638
v 4.06156 -72.3823 930.318
vn -0.0152743 0.523895 -0.851646
v 4.13507 -68.7547 932.29
vn 0.14389 0.67198 -0.726456
v 3.05627 -68.3669 932.439
vn 0.00309545 0.886001 -0.463673
v 2.65146 -67.8851 932.979
vn -0.0489668 0.996088 0.0735574
v 3.99889 -67.6717 933.752
vn -0.0930972 0.836056 -0.540688
v 4.39572 -67.7686 933.07
vn -0.382179 -0.77965 0.49607
v 2.53177 -52.8572 947.269
vn -0.365891 -0.544667 0.754627
v 2.09662 -52.009 948.046
vn -0.220684 -0.252753 0.942027
v 2.41594 -51.6582 948.316
vn -0.0808357 -0.563407 0.822215
v 2.79796 -52.1379 948.147
vn -0.358113 -0.853647 -0.378209
v 1.04479 -52.2195 942.436
vn -0.289749 0.0704461 0.954507
v 0.605025 -49.9059 947.992
vn -0.094887 0.260361 0.960837
v 0.911433 -48.5041 947.73
vn 0.063926 0.151868 0.986331
v 3.05313 -50.4158 948.496
vn 0.0678264 0.11396 0.991167
v 0.888244 -47.5058 947.403
vn 0.108962 0.0472383 0.992923
v 2.28383 -47.1471 947.285
vn 0.126644 -0.698006 -0.704804
v 1.97254 -47.44 935.362
vn 0.1292 0.011761 0.991549
v 1.46614 -45.032 947.682
vn 0.341865 -0.466314 -0.815892
v 3.01818 -45.6121 934.189
vn 0.360292 0.152517 0.920287
v 1.02798 -42.3508 947.212
vn 0.236503 -0.102633 0.966195
v 0.567918 -40.0614 947.377
vn 0.59308 -0.0397694 0.804161
v 1.31812 -40.5755 946.951
vn 0.514718 -0.51601 -0.684689
v 1.87054 -44.5905 932.975
vn 0.786352 -0.0423127 -0.616328
v 1.97607 -43.0174 932.176
vn 0.65992 -0.173992 -0.730912
v 3.02161 -44.2982 933.704
vn 0.769743 0.195629 -0.607639
v 3.49965 -44.0351 934.392
vn 0.878113 0.260192 -0.401519
v 3.32104 -41.9144 935.096
vn 0.837006 0.481522 -0.259917
v 3.66115 -41.8647 936.225
vn 0.252649 -0.220783 0.942031
v 0.439118 -37.9716 948.005
vn -0.600364 -0.081428 0.79557
v 0.014981 -36.7379 948.329
vn 0.940932 0.184138 -0.284148
v 2.40423 -39.7746 933.867
vn 0.957285 0.208163 0.200684
v 3.07057 -36.0223 943.008
vn -0.702419 -0.00245077 0.711759
v -0.083731 -34.7881 948.564
vn 0.353642 0.0460131 0.934248
v 0.26884 -34.7899 948.539
vn 0.208696 0.419938 0.883231
v 0.241137 -33.7549 948.313
vn 0.59607 -0.0651249 0.800287
v 0.670439 -35.5708 948.264
vn 0.793332 0.221535 0.567051
v 0.670838 -34.1862 948.13
vn 0.949346 0.0342609 -0.312359
v 2.05388 -36.9178 933.541
vn 0.816608 0.484245 0.314097
v 1.01709 -33.223 946.674
vn -0.0563387 0.711539 0.700385
v -0.11423 -33.1631 947.914
vn 0.105082 0.876837 0.469163
v -0.093545 -32.6696 947.226
vn 0.572031 0.659583 0.487576
v 0.579215 -32.9967 947.313
vn 0.749135 0.147406 -0.645808
v 1.29196 -35.2278 932.115
vn 0.832492 0.253384 -0.4927
v 2.03277 -33.9256 933.563
vn 0.968489 0.173952 -0.17824
v 2.6169 -33.6228 935.366
vn 0.394577 0.862557 0.316708
v 0.126041 -30.7555 942.281
vn 0.0943956 0.876725 -0.471638
v 0.470577 -30.0121 936.12
vn 0.644965 0.604617 -0.467395
v 1.6091 -31.0866 935.48
vn 0.103364 0.959011 -0.263845
v 0.322252 -29.44 938.141
vn 0.545869 0.817977 -0.181494
v 1.09749 -29.8421 937.227
vn 0.815047 0.573908 0.0795468
v 2.06874 -30.7907 938.023
vn 0.229742 -0.952914 -0.197925
v 7.79659 -108.759 940.883
vn 0.153687 -0.886325 0.436815
v 8.07405 -108.583 941.962
vn 0.0679059 -0.552309 0.830869
v 6.8298 -106.797 943.827
vn 0.302891 -0.890163 -0.340392
v 7.97435 -106.363 936.281
vn 0.456254 -0.880609 -0.127907
v 8.56886 -103.596 926.343
vn 0.314604 -0.718385 -0.620442
v 8.39344 -101.888 914.78
vn 0.178832 -0.139401 -0.973954
v 8.38 -100.64 914.117
vn 0.0360385 -0.210267 0.976979
v 5.13175 -84.7793 950.286
vn 0.119641 -0.265196 0.956743
v 4.85328 -79.9019 951.391
vn 0.00378071 -0.220524 0.975374
v 4.98814 -76.4994 952.519
vn 0.0385252 0.168539 0.984942
v 4.90481 -74.6228 952.555
vn -0.0117917 0.695521 0.718409
v 5.22935 -73.3073 952.057
vn 0.041494 0.213938 -0.975965
v 6.36742 -76.5554 929.999
vn -0.088135 0.251696 -0.963785
v 5.51138 -72.8737 929.915
vn 0.0807763 0.954817 0.286005
v 6.50171 -70.0484 940.422
vn -0.212172 0.627954 -0.74877
v 5.97324 -67.8222 932.464
vn -0.105242 0.942851 -0.316158
v 6.85752 -67.465 932.775
vn -0.518167 -0.838737 0.167399
v 5.17796 -54.8651 945.593
vn -0.158669 -0.628317 0.761605
v 5.47715 -54.6405 946.281
vn 0.28719 -0.38587 0.876713
v 4.20748 -52.0651 948.004
vn 0.375445 -0.196193 0.905842
v 5.79079 -54.0159 946.45
vn 0.133239 -0.239319 0.961756
v 3.45925 -51.5604 948.404
vn 0.48743 -0.0830158 0.869207
v 4.52159 -51.2919 948.06
vn -0.374916 -0.73208 -0.568768
v 4.01812 -52.4456 939.889
vn 0.466911 0.346413 0.813629
v 4.10145 -49.4886 947.916
vn 0.212256 0.319138 0.923633
v 3.3599 -47.8318 947.392
vn 0.438381 0.215023 0.87269
v 3.31847 -46.4507 947.092
vn -0.0562862 -0.624928 -0.778651
v 4.41358 -49.1 936.795
vn 0.379664 -0.289732 -0.878584
v 5.0898 -47.4861 936.075
vn -0.145943 -0.308645 -0.939914
v 5.80028 -48.107 936.374
vn 0.768043 0.254195 0.587788
v 4.03473 -44.4355 945.433
vn 0.482796 0.224365 -0.846504
v 4.5569 -43.9543 935.565
vn 0.466076 -0.00536091 -0.884728
v 4.652 -44.7108 935.532
vn 0.619523 -0.0437524 -0.783758
v 5.05951 -46.454 935.84
vn 0.321374 0.412703 -0.852288
v 4.93573 -43.5779 935.83
vn 0.286066 -0.156926 -0.945273
v 5.38595 -46.0354 935.945
vn 0.101297 -0.0211929 -0.99463
v 5.34294 -44.6468 935.666
vn -0.127202 0.151265 -0.980275
v 6.41811 -45.0313 935.575
vn 0.350082 0.717974 -0.601627
v 6.37312 -44.4124 935.873
vn 0.895034 0.433543 0.104663
v 4.74152 -42.8551 938.54
vn 0.692926 0.720693 0.0213485
v 5.35306 -43.4349 936.931
vn 0.737029 0.646877 0.195802
v 5.52626 -43.8471 937.843
vn 0.865114 0.137443 0.482376
v 3.24361 -40.945 944.826
vn 0.590662 0.42984 -0.682903
v 4.22944 -43.2108 935.641
vn 0.754016 0.431437 -0.4953
v 3.84223 -42.4809 935.718
vn 0.628063 0.675977 -0.385476
v 4.52581 -42.8498 936.279
vn 0.801656 0.592037 -0.0827015
v 4.41502 -42.3331 937.95
vn 0.970817 0.239723 -0.00688821
v 3.56956 -39.1151 942.685
vn 0.385115 -0.856756 -0.34301
v 10.1775 -107.949 940.77
vn 0.322816 -0.925016 0.200338
v 10.1588 -108.041 941.923
vn 0.204434 -0.743047 0.63725
v 10.1603 -107.673 942.536
vn -0.0191426 -0.155672 0.987623
v 10.0619 -102.534 945.354
vn 0.125293 -0.0631416 0.990108
v 10.1904 -101.372 945.461
vn -0.0676598 0.0600884 0.995897
v 10.7242 -101.741 945.442
vn 0.0791952 -0.223947 0.971378
v 9.48456 -98.2061 945.995
vn 0.326926 -0.924378 -0.196584
v 10.3924 -101.841 916.496
vn -0.0465319 -0.282451 0.958153
v 10.012 -90.3595 949.04
vn 0.406729 -0.527569 -0.745817
v 11.4681 -100.547 915.208
vn 0.412105 -0.820552 -0.396061
v 11.1812 -101.376 916.013
vn 0.476821 -0.865759 -0.151997
v 12.446 -100.897 916.682
vn 0.518659 -0.713438 -0.471168
v 12.8269 -100.526 916.202
vn 0.0670212 -0.0492333 0.996536
v 10.1688 -86.7656 949.673
vn 0.167621 -0.110022 0.979693
v 10.1087 -83.2768 950.034
vn 0.0670626 -0.202795 0.976922
v 8.5408 -82.1701 950.089
vn -0.183423 0.666669 -0.722432
v 10.5273 -88.5184 922.088
vn -0.0274366 -0.447511 0.893857
v 7.26799 -78.7729 951.282
vn 0.0300451 -0.440731 0.897136
v 8.32894 -79.0226 951.327
vn -0.0714168 -0.508661 0.858
v 7.18946 -77.9019 951.95
vn -0.0827026 0.586332 -0.805838
v 8.98813 -83.4784 926.475
vn -0.054121 0.316625 0.947006
v 8.38389 -74.1229 952.703
vn -0.0112326 0.467508 -0.883917
v 10.0802 -79.7229 928.92
vn -0.25313 0.477938 -0.84113
v 11.1222 -79.4662 928.917
vn -0.0807212 0.775278 0.62644
v 6.99221 -73.3164 951.933
vn -0.112119 0.931846 0.345096
v 7.77037 -72.2225 949.913
vn -0.136287 0.880317 0.454387
v 9.43606 -72.6221 951.654
vn -0.15335 0.293817 -0.94348
v 10.6681 -78.0933 929.632
vn 0.0174426 0.025161 -0.999531
v 8.30396 -72.7548 930.08
vn -0.113118 0.268782 -0.956536
v 9.90982 -69.6486 930.321
vn -0.672365 -0.526832 0.519974
v 9.42781 -59.38 946.08
vn -0.669683 -0.682341 -0.293148
v 7.47619 -56.369 942.21
vn -0.591771 -0.533431 0.604366
v 6.83323 -56.2916 945.496
vn 0.0206965 -0.174058 0.984518
v 6.59093 -55.6188 945.978
vn 0.231598 0.041822 0.971912
v 6.92897 -55.3564 946.004
vn -0.518191 -0.279409 0.808337
v 7.68148 -56.5736 946.038
vn -0.536693 -0.210203 0.817175
v 8.40377 -57.4465 946.323
vn 0.404109 0.271977 0.873341
v 8.76343 -57.4821 946.206
vn -0.390521 -0.545675 -0.741439
v 8.70334 -55.3213 939.92
vn 0.472849 -0.0761823 0.877844
v 6.84863 -53.6265 945.641
vn 0.252625 -0.0348176 0.966938
v 7.98665 -54.1778 945.093
vn 0.179417 -0.225894 0.957487
v 8.96794 -52.9315 945.383
vn 0.332517 -0.280733 0.900345
v 7.52049 -52.4513 945.755
vn 0.67137 0.498545 0.548375
v 6.72488 -49.5314 945.625
vn 0.40648 -0.0392541 0.912816
v 7.83381 -51.6743 945.822
vn 0.551459 0.311299 0.773942
v 8.17907 -51.0494 945.473
vn 0.592271 0.805737 0.00127742
v 6.70127 -44.4876 936.3
vn -0.280803 0.224302 -0.933187
v 7.13057 -45.0533 935.419
vn 0.359306 0.928554 -0.093207
v 7.07808 -44.7158 936.038
vn -0.405224 -0.108945 -0.907703
v 7.89446 -45.945 935.036
vn 0.519295 0.75962 0.391548
v 7.3843 -45.1928 937.108
vn 0.46959 -0.880694 -0.0621591
v 12.0077 -107.299 941.42
vn 0.561557 -0.737033 -0.37608
v 13.9807 -105.941 941.074
vn 0.16727 -0.554398 0.815269
v 12.0194 -105.46 944.111
vn 0.381108 -0.804957 0.454753
v 13.1795 -106.435 942.688
vn 0.587276 -0.72674 -0.356309
v 12.4208 -103.979 936.497
vn -0.209733 0.174486 0.962064
v 11.7629 -101.304 945.557
vn -0.0863588 -0.0235156 0.995987
v 12.0642 -99.9341 945.21
vn 0.586727 -0.805684 -0.0813876
v 14.1266 -99.9035 917.195
vn -0.184023 -0.121884 0.975336
v 12.6583 -87.4725 949.64
vn -0.114576 0.0985764 0.988512
v 11.898 -86.0221 949.569
vn -0.0665565 -0.0275904 0.997401
v 11.8434 -84.2826 949.231
vn -0.416451 0.0746426 0.906089
v 12.573 -85.5866 949.701
vn 0.0304969 -0.235822 0.971318
v 11.2952 -80.9816 950.122
vn 0.0486661 -0.399278 0.915537
v 11.5017 -78.8083 950.947
vn -0.404076 0.508887 -0.760103
v 14.1153 -85.0104 924.068
vn 0.0581324 -0.202171 0.977624
v 11.9206 -75.081 952.942
vn -0.200599 0.96067 0.192025
v 11.295 -71.537 949.185
vn 0.00566405 0.477815 0.878442
v 12.2011 -72.9642 952.596
vn -0.1778 0.85715 0.483406
v 12.2777 -71.6786 950.434
vn -0.462653 0.286264 -0.83905
v 12.438 -77.697 929.107
vn 0.298246 0.95447 0.00595006
v 12.8967 -71.9176 940.478
vn 0.208069 0.977813 0.0242821
v 11.3728 -71.2952 942.001
vn -0.19204 0.970972 -0.142595
v 12.5409 -71.2083 945.797
vn -0.223031 0.139798 -0.964735
v 11.8627 -73.8181 930.032
vn 0.391899 0.881568 0.263159
v 11.4617 -71.196 940.477
vn 0.364003 0.785967 0.499757
v 11.9815 -69.5466 936.549
vn -0.895894 -0.417687 -0.151369
v 11.8544 -63.6341 948.574
vn -0.959153 -0.154703 -0.236841
v 11.793 -63.3081 948.45
vn -0.836167 -0.112247 0.536867
v 12.0016 -63.1352 948.907
vn -0.933402 -0.335253 -0.127929
v 12.1177 -63.3922 947.19
vn -0.671278 0.722288 0.166391
v 12.0282 -62.9358 948.331
vn 0.0643219 0.997313 0.0350745
v 10.7213 -67.3832 932.668
vn -0.0975989 0.62399 -0.775314
v 11.2211 -68.0582 930.712
vn 0.0234065 0.897543 -0.440305
v 12.2397 -67.7388 931.047
vn 0.11814 0.923685 0.364484
v 10.6808 -67.6252 933.502
vn -0.795382 -0.596611 -0.106876
v 10.6672 -61.3992 946.542
vn -0.62495 -0.191133 0.756905
v 11.3463 -61.5931 947.054
vn -0.833573 -0.529115 -0.158727
v 12.0221 -63.1258 946.905
vn -0.979683 -0.195129 -0.0463334
v 11.9989 -62.8843 947.563
vn -0.672771 -0.323782 0.66524
v 11.7199 -62.2869 947.174
vn -0.273947 0.259615 0.926042
v 11.6777 -60.9024 946.884
vn -0.637665 0.24573 0.730069
v 12.0586 -61.9269 947.12
vn -0.667874 0.226373 0.709013
v 12.2141 -60.7817 947.182
vn -0.74652 -0.556396 -0.364872
v 11.9882 -61.4927 942.224
vn -0.621277 -0.472638 -0.625003
v 12.1771 -60.7511 941.188
vn -0.395509 -0.377448 -0.83732
v 12.5622 -60.1983 940.641
vn -0.719977 -0.477148 0.503947
v 9.58493 -59.7464 945.853
vn 0.00443441 0.151921 0.988383
v 9.52815 -58.9532 946.22
vn -0.684402 -0.351938 0.63854
v 9.90341 -59.655 946.32
vn 0.321711 0.360063 0.875704
v 9.8666 -57.9999 945.751
vn -0.152502 0.351139 0.923821
v 11.6541 -59.9023 946.563
vn 0.128405 0.248388 0.960112
v 11.2443 -56.0762 944.819
vn -0.455154 -0.475675 -0.752707
v 12.3289 -56.1108 938.585
vn 0.233115 -0.0939434 0.967901
v 9.74938 -54.1209 944.924
vn 0.446614 0.00245084 0.894723
v 9.68334 -52.9839 945.2
vn 0.39977 -0.0331666 0.916015
v 10.0933 -53.8508 944.849
vn 0.520679 0.122217 0.844959
v 10.4446 -53.5505 944.632
vn 0.303801 0.367745 0.878902
v 11.5625 -54.7307 944.403
vn 0.544778 0.426533 0.722002
v 11.5074 -52.3964 943.654
vn -0.49631 -0.41607 -0.761946
v 11.9443 -50.037 934.839
vn -0.406011 -0.481731 -0.776589
v 12.3368 -51.7088 935.342
vn -0.401385 -0.383977 -0.831536
v 9.76502 -48.8345 935.189
vn -0.430712 -0.178251 -0.884711
v 11.198 -47.4701 933.748
vn -0.548729 -0.389234 -0.73986
v 12.6305 -48.6755 933.433
vn -0.420248 -0.258115 -0.869924
v 10.1091 -47.0199 934.018
vn -0.229461 0.266665 -0.936076
v 10.0814 -46.2962 933.959
vn -0.251195 0.241637 -0.93729
v 11.5241 -46.7538 933.648
vn -0.422769 0.231923 -0.876058
v 11.9153 -47.2354 933.331
vn -0.0584749 0.715329 -0.696337
v 11.8619 -46.5347 933.71
vn 0.130038 0.877834 -0.460975
v 10.7313 -45.845 934.491
vn 0.23162 0.957399 -0.172453
v 11.7849 -46.1127 934.67
vn 0.395245 -0.689779 0.606619
v 15.515 -104.475 943.645
vn 0.564385 -0.809878 0.159896
v 15.9393 -104.8 942.675
vn 0.694297 -0.685702 -0.218553
v 17.0978 -103.843 942.414
vn 0.703872 -0.532545 -0.470064
v 16.3564 -102.583 940.026
vn -0.238255 0.085625 0.967421
v 14.1312 -100.01 945.899
vn 0.00402772 -0.281966 0.959416
v 15.2022 -100.671 946.072
vn 0.767235 -0.639103 0.053826
v 16.0107 -98.0632 925.261
vn 0.4265 -0.320843 -0.84567
v 16.1798 -97.4326 916.31
vn 0.612401 -0.651094 -0.448376
v 16.5172 -97.9542 916.901
vn -0.404143 0.0817973 0.911031
v 14.2035 -84.0773 950.669
vn -0.365404 0.051837 0.929405
v 14.1795 -83.0752 950.352
vn 0.17504 0.127733 -0.976241
v 17.8015 -94.698 916.553
vn -0.0791248 -0.103199 0.991509
v 14.7636 -80.4309 950.409
vn -0.166104 0.133785 0.976991
v 15.5364 -82.5325 950.737
vn -0.194623 0.548772 -0.813001
v 16.8229 -90.3749 918.02
vn -0.455536 0.51301 -0.727536
v 15.9539 -85.0563 922.731
vn -0.405934 0.434908 -0.803787
v 16.1785 -83.4303 923.648
vn 0.00784241 0.782206 0.62297
v 12.9109 -72.6938 952.277
vn -0.132212 0.522615 0.842255
v 15.0489 -71.9241 951.208
vn -0.699395 0.583872 -0.412238
v 14.2453 -70.2687 945.958
vn -0.537307 0.840464 -0.0701543
v 12.7011 -70.8631 948.673
vn -0.904267 0.294275 -0.30936
v 13.8987 -69.0821 948.86
vn -0.347797 0.74224 0.572816
v 13.1311 -70.9661 949.865
vn -0.380109 0.369814 0.847794
v 14.2408 -69.4821 949.78
vn -0.735068 -0.453224 0.504245
v 14.585 -68.3101 950.498
vn -0.570725 -0.704322 0.422142
v 14.5295 -67.8286 951.065
vn -0.410237 0.333794 -0.848698
v 15.2294 -75.3455 927.712
vn -0.904221 -0.0514577 -0.423953
v 14.7536 -68.4578 946.454
vn -0.835431 -0.462617 -0.296716
v 14.6194 -66.9415 945.514
vn -0.935246 -0.30044 -0.187216
v 13.9226 -67.6451 948.708
vn -0.893414 -0.388731 0.225164
v 13.782 -65.8676 952.531
vn -0.830766 -0.401696 0.385315
v 13.9346 -64.891 955.175
vn -0.954012 0.20559 0.218159
v 13.9333 -64.39 953.496
vn -0.72919 -0.628785 0.270022
v 14.3982 -66.0133 954.127
vn -0.69887 -0.632578 0.333804
v 14.5156 -65.6645 955.503
vn -0.74321 -0.529762 0.408646
v 14.609 -65.2767 956.116
vn 0.468803 0.719123 0.512919
v 14.5895 -68.4536 933.303
vn -0.72521 -0.561849 -0.397989
v 13.8072 -64.8909 943.579
vn -0.959495 -0.0837427 0.268991
v 12.9879 -64.2074 949.992
vn -0.814775 -0.236487 0.529354
v 12.7882 -64.0086 949.53
vn -0.606151 0.333678 0.721969
v 12.688 -63.2569 949.247
vn -0.578216 0.579926 0.573892
v 12.6874 -63.0468 949.109
vn -0.855732 0.22095 0.467872
v 13.0195 -63.4939 949.733
vn -0.773043 0.36656 0.517724
v 13.0124 -62.9172 949.443
vn -0.800484 0.433926 0.413441
v 13.3486 -62.4271 949.741
vn -0.683498 0.64344 0.344695
v 14.4473 -63.468 953.945
vn -0.00769831 0.681518 -0.731761
v 13.6934 -68.2625 930.603
vn -0.0764822 0.242618 -0.967102
v 14.0876 -68.8258 930.294
vn -0.141637 0.428932 -0.892164
v 15.8722 -68.9631 929.907
vn 0.0691786 0.926542 -0.369776
v 13.6395 -67.858 931.198
vn 0.270716 0.906367 0.324362
v 14.2502 -68.004 932.794
vn 0.183615 0.967283 -0.17507
v 15.0622 -67.9845 930.981
vn 0.435695 0.855481 0.27986
v 16.0972 -68.4553 931.607
vn -0.686098 0.548986 0.477372
v 12.3928 -62.5763 947.854
vn -0.62599 0.686789 0.369401
v 12.5201 -62.6193 948.253
vn -0.446828 0.459873 0.767373
v 12.3455 -60.2973 947.015
vn -0.820986 0.280049 0.497548
v 12.8074 -61.9495 948.03
vn -0.434988 0.576247 0.691899
v 12.6795 -60.6412 947.537
vn -0.805615 0.433092 0.404247
v 13.0224 -62.3731 948.893
vn -0.488269 0.586537 0.646195
v 13.3409 -61.6205 948.893
vn -0.460368 0.741347 0.488329
v 14.0184 -61.4927 949.202
vn -0.460958 -0.435824 -0.77303
v 15.5045 -62.1994 940.106
vn -0.504606 -0.420933 -0.753783
v 13.0653 -61.9412 940.945
vn -0.338605 -0.283076 -0.897338
v 13.4687 -60.9462 940.585
vn -0.106576 0.482016 0.869656
v 12.6972 -58.6542 945.841
vn -0.25946 0.649422 0.714794
v 13.7211 -59.6822 947.044
vn 0.570264 0.533105 0.624978
v 14.391 -58.9579 945.934
vn 0.273791 0.803951 0.527922
v 14.433 -60.0141 947.115
vn -0.481519 -0.42558 -0.766173
v 14.5163 -59.1278 939.386
vn 0.445685 0.52036 0.728416
v 14.4506 -56.2502 944.166
vn 0.517123 0.451817 0.726942
v 14.0747 -57.0251 945.122
vn -0.278665 -0.382099 -0.881105
v 14.1589 -55.5514 936.961
vn -0.4636 -0.34397 -0.816554
v 14.7363 -56.8876 937.353
vn -0.323818 -0.265122 -0.908214
v 14.8867 -56.255 937.036
vn -0.502514 -0.172648 -0.847156
v 15.2603 -56.6528 936.948
vn 0.361796 0.321566 0.875042
v 13.5663 -53.3199 943.056
vn -0.338413 -0.504535 -0.794306
v 13.429 -54.542 936.705
vn -0.169481 -0.518914 -0.837857
v 14.4888 -53.9658 936.184
vn -0.33257 -0.705359 -0.625992
v 14.8534 -53.4328 935.584
vn -0.613708 -0.54783 -0.568546
v 14.5703 -50.8412 932.507
vn -0.662871 -0.347267 -0.663331
v 13.0712 -50.6285 934.182
vn -0.5475 -0.562174 -0.619843
v 13.4421 -51.6449 934.44
vn -0.549233 -0.043313 -0.834546
v 14.1377 -48.0515 932.003
vn -0.672926 -0.179267 -0.717658
v 14.633 -48.8664 931.788
vn -0.662534 -0.0608146 -0.746559
v 14.8775 -48.2203 931.503
vn -0.774543 -0.143819 -0.615954
v 15.3267 -49.9397 931.114
vn 0.309068 -0.539064 0.783509
v 17.7653 -101.647 945.024
vn 0.61562 -0.690407 0.379935
v 18.5675 -102.252 943.812
vn 0.0536045 -0.320338 0.945785
v 19.152 -96.3947 947.331
vn 0.826812 -0.31156 -0.468308
v 18.3329 -97.9136 938.84
vn 0.87033 -0.45072 -0.198439
v 17.587 -96.6452 934.58
vn -0.0522067 -0.302971 0.951569
v 17.3257 -89.9247 949.663
vn -0.0982297 -0.120868 0.987796
v 16.0051 -85.7507 951.088
vn 0.615512 -0.359232 -0.701496
v 18.5235 -95.6699 916.913
vn 0.743135 -0.66569 -0.0678786
v 18.5816 -96.3494 918.103
vn 0.813079 -0.541128 0.214668
v 19.9748 -93.5195 921.658
vn 0.497535 0.0140029 -0.867331
v 19.1406 -93.7744 916.96
vn 0.862621 -0.431882 -0.263367
v 20.6798 -93.4729 918.706
vn 0.135382 0.363832 -0.921573
v 19.2934 -90.4903 917.879
vn 0.0912083 -0.313155 0.945312
v 18.0053 -76.4328 951.967
vn -0.209485 0.507058 -0.836067
v 17.5608 -82.7044 923.488
vn 0.482997 0.868398 0.112243
v 18.5013 -73.3685 935.945
vn 0.325819 0.942789 -0.0706467
v 18.4626 -73.3712 936.581
vn 0.499451 0.847152 -0.181337
v 18.8154 -73.5408 936.67
vn 0.248074 0.900895 -0.356158
v 18.7654 -73.3211 937.333
vn -0.109368 0.906892 -0.406923
v 17.2421 -72.7294 938.868
vn -0.355581 -0.576916 0.735344
v 15.2627 -68.3055 950.892
vn -0.273109 0.0533598 0.960502
v 16.0493 -70.1768 950.831
vn -0.26613 -0.887491 0.376211
v 15.5068 -67.7102 952.218
vn -0.506595 -0.789313 0.346911
v 14.947 -66.3331 954.66
vn -0.415479 -0.887503 0.19929
v 16.2077 -66.0976 956.835
vn -0.790205 -0.16791 0.589392
v 16.0197 -65.0244 958.748
vn -0.417735 -0.891689 0.174322
v 16.485 -66.1409 958.072
vn -0.408609 -0.799655 0.439989
v 16.4083 -65.7343 959.038
vn -0.227006 -0.915737 0.331502
v 16.8118 -66.1493 958.474
vn -0.108395 0.372695 -0.921601
v 17.9662 -73.6474 927.674
vn 0.573366 0.723848 0.383791
v 17.5858 -72.3714 934.652
vn 0.414188 0.882289 0.223638
v 17.0411 -72.8277 936.483
vn -0.529151 0.465204 -0.709637
v 18.4627 -70.7885 940.493
vn -0.764462 0.0374143 -0.643582
v 17.7716 -68.9174 941.996
vn -0.598923 -0.698133 0.392304
v 14.8423 -65.6729 955.905
vn -0.707551 -0.605088 0.365022
v 15.0429 -65.3442 956.921
vn 0.515418 0.852251 0.0895114
v 17.9499 -69.1786 930.519
vn 0.603362 0.677186 0.421157
v 18.5308 -69.685 930.75
vn 0.528903 0.720416 0.448623
v 16.813 -68.9788 931.751
vn 0.56813 0.59691 0.566504
v 17.7898 -70.0107 931.933
vn -0.550734 -0.395953 -0.734788
v 17.1529 -66.1585 941.419
vn -0.678986 -0.20456 -0.705077
v 17.8766 -67.9268 941.641
vn -0.725543 -0.397723 -0.561608
v 16.6195 -67.4962 942.882
vn 0.21385 0.825372 -0.522522
v 16.5404 -68.5925 930.196
vn 0.393689 0.919232 -0.00457151
v 16.864 -68.6296 930.671
vn -0.180936 -0.211234 -0.960543
v 17.8418 -64.9011 940.742
vn 0.229399 -0.461492 -0.856972
v 17.4344 -62.2704 939.805
vn 0.477876 0.555894 0.680159
v 15.2158 -59.2036 945.22
vn 0.0318884 0.874605 0.483787
v 15.927 -59.5318 945.302
vn -0.0676822 0.521519 0.850551
v 17.0036 -58.4433 944.145
vn -0.407194 0.840081 0.358409
v 17.3059 -59.3898 945.61
vn -0.230986 0.944453 0.233783
v 15.8537 -59.9161 946.771
vn -0.695828 -0.314891 -0.645498
v 15.8127 -58.0696 937.121
vn -0.350558 -0.69613 -0.626508
v 16.4209 -60.4037 937.84
vn 0.331664 -0.71309 -0.617658
v 16.7715 -60.3961 937.841
vn 0.451273 0.405526 0.794923
v 15.1902 -57.01 944.087
vn 0.262303 0.420345 0.868624
v 15.5379 -56.3964 943.708
vn 0.0240907 0.483546 0.874987
v 16.9505 -56.4148 943.578
vn 0.159248 0.717749 0.677847
v 16.9526 -55.7891 943.1
vn 0.465898 -0.795781 -0.386874
v 17.9918 -57.3281 932.933
vn -0.881222 0.0984293 -0.462342
v 16.4781 -57.8684 935.604
vn -0.647583 -0.611893 -0.454118
v 17.2826 -56.9177 933.075
vn -0.694191 0.0332686 -0.719021
v 16.1325 -56.8623 936.33
vn -0.379135 -0.0724408 -0.922501
v 15.9409 -55.7406 936.651
vn -0.69068 0.0785943 -0.718877
v 16.4686 -55.7405 936.318
vn 0.237772 0.589976 0.771617
v 16.2399 -55.4974 943.07
vn 0.306695 0.673948 0.67211
v 16.6058 -55.2666 942.663
vn -0.520775 -0.780611 -0.345601
v 17.5997 -56.1955 930.966
vn -0.99535 0.0959347 -0.00869632
v 17.5186 -55.749 931.169
vn -0.998638 -0.0136844 -0.0503484
v 18.068 -54.1681 931.38
vn -0.69823 -0.6141 -0.367908
v 16.9731 -53.5742 934.068
vn -0.92567 0.139449 -0.351696
v 17.425 -55.4055 935.148
vn -0.181247 -0.334209 -0.924907
v 15.5575 -54.9113 936.595
vn -0.377656 -0.616199 -0.69114
v 15.9051 -54.2976 936.216
vn -0.50267 -0.257492 -0.82524
v 16.2749 -54.9731 936.387
vn -0.800423 -0.306923 -0.5149
v 17.3112 -54.9605 935.349
vn -0.789142 -0.5525 -0.268325
v 17.9508 -54.9623 926.19
vn -0.863632 -0.308953 -0.398355
v 17.9905 -54.2633 925.046
vn -0.0354706 -0.87648 -0.48013
v 18.3404 -54.5485 925.265
vn -0.989633 -0.0993589 -0.103705
v 17.456 -54.6634 927.029
vn -0.994512 0.0990671 0.0336274
v 17.5385 -54.2099 927.243
vn 0.0498982 -0.94724 -0.316618
v 18.2691 -55.2656 926.939
vn -0.886879 -0.429255 -0.170836
v 17.8567 -53.1912 931.005
vn -0.461206 -0.740621 -0.488641
v 15.604 -52.7648 934.317
vn -0.742685 -0.529274 -0.410229
v 16.101 -51.3936 930.959
vn -0.908817 -0.0391443 -0.415355
v 17.9177 -53.2776 924.688
vn -0.902959 0.17024 -0.394567
v 18.4501 -50.8326 924.206
vn -0.979527 -0.183383 -0.0830579
v 17.636 -52.1986 927.634
vn -0.948578 -0.140552 -0.283629
v 17.6156 -51.1273 926.493
vn -0.984215 0.0733024 -0.161085
v 17.8938 -52.2576 925.433
vn -0.914534 -0.0951984 -0.393148
v 16.7041 -50.6467 928.863
vn -0.851173 -0.448007 -0.273484
v 17.0231 -51.204 928.344
vn -0.643357 0.526709 -0.555581
v 16.4885 -48.7351 930.014
vn -0.43315 0.428359 -0.793025
v 16.31 -47.9194 930.822
vn -0.41598 0.703067 -0.576765
v 17.406 -48.0375 930.203
vn 0.0270062 0.980073 -0.196795
v 17.3559 -47.8177 930.866
vn 0.81941 -0.50371 -0.273576
v 21.2548 -99.206 943.63
vn 0.748219 -0.566585 0.345181
v 21.464 -98.8266 944.648
vn 0.495438 -0.50732 0.705101
v 21.3569 -97.2179 946.293
vn 0.122313 -0.238635 0.963376
v 21.3587 -86.9751 950.501
vn 0.423627 0.320992 -0.847056
v 21.056 -90.1348 918.632
vn 0.812166 -0.0501009 -0.581271
v 21.6629 -90.7659 918.91
vn 0.926037 -0.377231 0.0123559
v 22.142 -90.5889 920.377
vn 0.844657 -0.478713 0.239559
v 22.4076 -88.6565 923.053
vn 0.917412 -0.397819 0.00978389
v 22.8945 -88.1855 921.797
vn 0.932323 -0.174632 -0.316665
v 22.9347 -87.9763 921.349
vn 0.903758 -0.42467 0.0536399
v 23.2081 -87.6008 922.354
vn 0.16503 -0.169109 0.971683
v 20.2644 -78.6074 950.999
vn 0.113128 0.54339 -0.831823
v 20.701 -86.2061 920.528
vn 0.255793 0.45683 -0.851984
v 21.6678 -85.3879 921.359
vn 0.686632 0.229465 -0.689842
v 22.5435 -87.4571 920.755
vn 0.947697 -0.297678 -0.115149
v 23.3451 -87.0588 921.792
vn 0.400003 -0.00789586 0.91648
v 19.0273 -75.6763 951.938
vn 0.700902 0.193719 0.686447
v 20.7113 -74.2888 950.545
vn 0.810941 -0.0646578 0.581545
v 20.6779 -73.5116 950.632
vn 0.81788 -0.0339609 0.574386
v 20.9118 -73.8652 949.658
vn 0.792936 -0.217317 0.569232
v 21.1095 -72.9568 950.088
vn 0.57874 -0.00737433 0.815479
v 20.7125 -72.06 950.52
vn 0.0302961 0.155047 0.987442
v 18.2007 -71.839 951.261
vn 0.239601 0.341925 0.908669
v 19.2892 -73.1748 951.625
vn 0.313525 0.207124 0.926715
v 19.6265 -72.2159 951.171
vn 0.23143 -0.131115 0.963976
v 19.586 -71.135 951.069
vn 0.715469 0.655909 0.240601
v 22.0639 -75.1548 931.906
vn 0.514762 0.853903 -0.0766158
v 19.9277 -74.4439 936.339
vn 0.218425 0.958448 -0.183489
v 20.6555 -74.7545 936.136
vn 0.486026 0.873922 -0.00631043
v 21.4949 -74.9578 934.032
vn 0.418161 0.804693 -0.421438
v 19.1428 -73.58 937.083
vn -0.0203221 0.836033 -0.548303
v 19.0628 -73.0092 937.989
vn 0.180569 0.750747 -0.635431
v 19.4396 -73.2374 937.728
vn 0.30847 0.818614 -0.484477
v 20.2545 -74.4575 936.743
vn -0.135041 0.636024 -0.759762
v 20.0799 -72.618 938.298
vn 0.029326 0.86072 -0.508232
v 20.6048 -74.504 936.787
vn 0.0250881 0.684216 -0.728848
v 20.5769 -74.2555 937.068
vn -0.102505 -0.216708 0.97084
v 18.4851 -70.332 951.286
vn 0.102904 -0.465623 0.87898
v 19.8248 -69.3951 951.673
vn -0.168457 -0.617912 0.767989
v 18.334 -68.1817 952.235
vn -0.0192178 -0.889901 0.455748
v 19.6259 -67.4816 953.573
vn 0.0346194 -0.744642 0.666566
v 20.0551 -68.0425 952.69
vn -0.0910447 -0.955549 0.280423
v 17.9369 -66.5381 957.568
vn -0.136907 -0.848538 0.511115
v 17.4342 -65.7638 959.502
vn -0.23347 -0.725214 0.647731
v 18.0477 -65.093 960.474
vn -0.522508 0.532919 0.665569
v 18.3374 -64.4392 960.207
vn -0.529904 0.121459 0.839315
v 18.7228 -64.6574 960.606
vn -0.217836 -0.760959 0.611138
v 19.1015 -65.2253 960.554
vn -0.327936 -0.438783 0.836617
v 19.4237 -65.0131 960.875
vn -0.478523 0.0859822 0.873855
v 19.7312 -64.4282 961.171
vn -0.570801 0.436946 0.695172
v 19.7244 -64.0998 961.051
vn 0.0841953 0.5124 -0.854609
v 22.3069 -75.3344 926.758
vn 0.730373 0.517655 0.445632
v 20.5299 -72.3804 930.771
vn -0.566643 0.12076 -0.815066
v 19.4564 -69.1363 940.294
vn -0.328355 0.357572 -0.874257
v 21.0265 -71.0182 938.906
vn -0.271106 0.256249 -0.927814
v 21.2538 -69.0141 939.511
vn 0.0938053 0.39956 -0.911895
v 19.9533 -71.6877 928.23
vn 0.146843 0.571788 -0.807153
v 20.2721 -71.3115 928.49
vn 0.0942687 0.38929 -0.916279
v 20.721 -72.8233 927.958
vn 0.247969 0.454336 -0.855623
v 20.9834 -72.4348 928.209
vn 0.676991 0.540627 0.499406
v 19.4002 -70.743 930.867
vn 0.709615 0.652687 0.265417
v 19.6386 -70.3295 929.95
vn 0.594166 0.772973 -0.22244
v 19.8375 -70.4889 929.276
vn -0.429925 -0.0185734 -0.902673
v 19.3846 -67.6106 940.389
vn 0.0433639 0.338025 -0.940138
v 20.7874 -67.2865 940.177
vn 0.289167 0.0689511 -0.954792
v 18.7236 -64.4822 940.817
vn 0.57531 -0.0882713 -0.813158
v 19.8207 -62.7819 941.321
vn 0.476802 0.275207 -0.834818
v 20.3322 -64.6201 941.365
vn 0.725547 -0.0505841 -0.686311
v 20.856 -62.3478 942.442
vn 0.685731 -0.427577 -0.589025
v 20.4507 -60.6519 940.992
vn -0.496845 0.765883 0.408128
v 19.0012 -58.1893 945.735
vn -0.269638 0.954646 0.126281
v 19.6167 -58.2629 947.202
vn -0.312318 0.904243 0.29121
v 19.6653 -57.9973 946.219
vn -0.212445 0.870143 0.444655
v 19.6862 -57.8007 945.739
vn -0.0746813 0.922951 0.377603
v 20.0255 -57.8438 945.959
vn -0.271996 0.958673 -0.0834486
v 20.2439 -58.1083 948.315
vn -0.517525 0.828547 0.213721
v 19.8766 -58.3368 948.745
vn 0.608518 -0.628591 -0.484333
v 20.7909 -59.115 940.081
vn -0.253354 0.482088 0.838691
v 18.0029 -56.9869 943.991
vn -0.476688 0.590831 0.650912
v 18.3527 -57.8631 944.631
vn -0.0150142 0.67895 0.734031
v 18.3537 -56.3883 943.571
vn -0.261543 0.717018 0.646127
v 19.0335 -57.1592 944.478
vn 0.153064 0.878458 0.452641
v 19.7638 -56.5817 943.607
vn 0.265019 0.759767 0.593732
v 20.17 -56.0357 942.317
vn 0.330702 -0.899981 -0.284025
v 18.7428 -56.4793 931.531
vn 0.37944 -0.871607 -0.310367
v 19.3484 -54.5833 926.024
vn -0.225699 -0.622238 -0.749587
v 19.8472 -52.6476 922.238
vn -0.507707 -0.193349 -0.839553
v 19.8436 -52.3343 922.076
vn 0.211738 -0.774505 -0.596078
v 20.1974 -52.6382 922.244
vn -0.0124799 -0.55241 -0.833479
v 20.2017 -52.3624 921.979
vn 0.367382 -0.708494 -0.60255
v 20.5471 -52.3304 922.047
vn 0.228735 -0.536743 -0.81215
v 20.6618 -52.0356 921.828
vn -0.14123 -0.11111 -0.983722
v 20.5442 -51.7243 921.667
vn 0.526382 -0.727477 -0.440113
v 20.8805 -52.3076 922.318
vn 0.449892 -0.468203 -0.760515
v 21.2335 -51.6528 921.822
vn 0.613121 -0.655218 -0.441329
v 21.5566 -51.8103 922.389
vn -0.0958079 -0.796436 -0.597085
v 19.3874 -53.1629 922.89
vn -0.517064 -0.53618 -0.667201
v 19.1218 -53.1393 922.969
vn -0.700745 -0.179656 -0.690421
v 19.2054 -52.5134 922.638
vn -0.77755 0.13194 -0.614823
v 19.2634 -51.4036 922.61
vn 0.191256 -0.8584 -0.475994
v 19.8272 -53.1465 922.918
vn 0.446262 -0.807604 -0.385519
v 20.5192 -52.8238 922.853
vn -0.573997 0.23423 -0.784642
v 19.792 -51.2008 922.118
vn -0.0343948 0.515632 -0.85612
v 21.2106 -50.9517 921.701
vn -0.648045 0.51849 -0.557858
v 19.3539 -50.4614 923.019
vn -0.289345 0.534318 -0.794219
v 20.4732 -50.6072 922.037
vn -0.229674 0.810725 -0.538493
v 20.7072 -49.4342 923.12
vn -0.211366 0.935946 -0.281654
v 21.2237 -48.3269 925.37
vn -0.100741 0.994328 -0.0340914
v 21.0166 -48.2102 928.675
vn 0.904465 -0.425981 0.0219938
v 23.4688 -95.1756 945.333
vn 0.857646 -0.212657 -0.468209
v 23.5023 -94.638 944.765
vn 0.775067 -0.427084 0.465693
v 23.8928 -93.6863 946.315
vn 0.486422 -0.411189 0.77092
v 22.9237 -94.0275 947.113
vn 0.849842 -0.120846 -0.512995
v 23.0163 -91.3168 943.681
vn 0.965761 -0.259376 -0.0054354
v 24.2643 -93.1341 945.767
vn 0.90491 -0.0681702 -0.420108
v 24.2548 -92.1485 945.405
vn 0.907066 -0.282808 -0.311852
v 22.8146 -89.8588 942.586
vn 0.905413 -0.0250207 -0.423794
v 24.4409 -87.9187 945.738
vn 0.323159 -0.33675 0.884402
v 22.8906 -88.7421 949.658
vn 0.729134 -0.28963 0.620063
v 24.616 -87.806 949.074
vn 0.935409 -0.291598 -0.199953
v 24.0225 -86.7784 943.792
vn 0.940908 -0.136621 -0.309881
v 24.1288 -87.5174 944.819
vn 0.934998 -0.202489 -0.291165
v 24.4887 -86.3595 945.917
vn 0.382279 -0.190216 0.904257
v 24.1287 -85.5652 950.121
vn 0.858577 -0.459433 -0.227523
v 23.7691 -84.3001 938.38
vn 0.155335 0.0144356 0.987756
v 23.2346 -81.9978 950.742
vn 0.557715 0.44128 0.703012
v 23.4142 -77.9787 949.49
vn 0.901888 -0.414968 0.119995
v 23.801 -82.1968 930.136
vn 0.646025 0.498679 0.577903
v 22.9419 -76.477 948.529
vn 0.50859 0.252502 0.823152
v 23.1406 -75.9272 947.985
vn 0.232448 0.496743 0.836191
v 23.8644 -76.3158 947.902
vn 0.0222221 0.0450095 0.998739
v 23.8504 -75.6572 947.665
vn 0.967111 -0.238827 0.0875131
v 25.0233 -82.0882 926.079
vn 0.695421 0.288011 -0.658361
v 24.9122 -80.8133 924.482
vn 0.970385 -0.240212 0.0255209
v 24.5759 -80.0815 930.541
vn 0.983959 0.161432 -0.0759198
v 24.7654 -78.5161 930.73
vn 0.957004 -0.179364 -0.227973
v 25.1015 -78.7952 931.979
vn 0.527139 0.678219 -0.512
v 25.1301 -77.3229 932.937
vn 0.36163 -0.275616 0.890651
v 23.0546 -74.0378 948.055
vn 0.640306 -0.352683 0.682366
v 21.4751 -73.1835 949.451
vn 0.553944 -0.31792 0.769462
v 21.4964 -72.7522 949.669
vn 0.370944 0.321507 -0.871225
v 23.7681 -80.394 923.659
vn -0.0377928 0.4855 -0.873419
v 22.989 -79.3193 924.16
vn 0.745306 0.401794 -0.532053
v 24.0441 -79.4394 924.21
vn 0.923517 0.341411 -0.174799
v 24.9906 -79.5464 925.892
vn 0.877931 0.477884 0.0293853
v 23.743 -76.502 929.165
vn 0.789762 0.572985 -0.219009
v 24.5096 -77.3848 931.79
vn 0.130021 0.913119 -0.386404
v 22.1032 -74.9909 935.586
vn -0.0652729 0.718876 -0.692067
v 22.7213 -74.395 936.537
vn 0.306914 -0.550444 0.776411
v 21.2677 -69.4005 951.039
vn 0.150188 -0.838024 0.524556
v 22.8448 -67.8037 952.817
vn 0.271698 -0.906081 0.324342
v 21.2738 -65.6132 959.742
vn 0.0648649 -0.769008 0.63594
v 20.1535 -65.4212 960.707
vn -0.197352 -0.344303 0.917882
v 20.4119 -64.3221 961.445
vn 0.784703 0.53625 -0.31093
v 22.6285 -75.0965 927.069
vn 0.835486 0.549436 0.00913242
v 22.7627 -74.3299 929.041
vn -0.625856 0.651352 0.429005
v 20.0795 -62.9484 960.168
vn -0.644892 0.422608 0.636802
v 21.378 -62.4048 961.508
vn -0.581027 0.205195 0.787593
v 21.7149 -62.6279 961.896
vn -0.372116 -0.0777019 0.924928
v 22.0625 -62.9018 962.146
vn 0.259889 0.476313 -0.83999
v 21.8545 -63.3041 942.869
vn 0.398182 0.180066 -0.89946
v 23.0993 -61.4309 944.147
vn 0.926211 -0.232494 -0.296782
v 21.6116 -59.4432 942.182
vn 0.807021 -0.0443669 -0.588854
v 21.9483 -59.1862 942.862
vn 0.44676 0.698811 -0.558631
v 23.2609 -57.8602 944.719
vn -0.0381988 0.982967 -0.179771
v 20.6416 -58.2463 947.649
vn -0.123078 0.946229 0.299169
v 21.4058 -58.1959 946.595
vn -0.377188 0.873314 -0.308305
v 21.692 -58.3601 947.772
vn -0.0548446 0.984143 0.168685
v 22.1371 -57.4988 945.621
vn -0.391351 0.910487 0.133633
v 23.1153 -57.4215 946.79
vn -0.367554 0.9075 -0.203341
v 20.5669 -57.9372 948.651
vn -0.268019 0.889045 -0.371167
v 20.9083 -57.7998 948.712
vn -0.602809 0.797826 -0.00973746
v 22.2624 -56.5915 950.905
vn -0.540868 0.760435 -0.359445
v 22.5667 -56.5831 949.43
vn 0.87399 -0.482315 -0.0592788
v 21.6812 -59.0253 941.287
vn 0.97497 -0.118438 0.188162
v 21.9682 -57.9919 942.052
vn 0.250902 0.629716 0.735191
v 21.6015 -56.1682 941.959
vn 0.87479 -0.287441 0.390026
v 22.3452 -57.4394 941.504
vn 0.816761 0.0538331 0.57446
v 22.0111 -57.2114 942.143
vn 0.526404 0.360049 0.770236
v 21.9629 -56.5078 942.03
vn -0.0721592 0.881163 0.467274
v 21.0983 -57.5208 945.406
vn 0.0167833 0.938888 0.343812
v 21.1161 -57.3096 944.966
vn 0.360615 0.859779 0.361575
v 21.2155 -57.013 943.13
vn 0.858895 0.228619 -0.458294
v 21.9081 -58.0806 942.827
vn 0.98219 0.134371 0.131325
v 21.7888 -57.6359 943.029
vn 0.972185 -0.0176563 0.233548
v 21.8509 -57.4258 942.583
vn 0.557808 0.514412 0.65133
v 21.5982 -56.7443 942.421
vn 0.261789 0.959014 0.108436
v 21.8536 -57.3818 944.435
vn 0.497366 0.594852 -0.631489
v 22.2973 -58.1988 943.497
vn 0.121164 0.723349 0.679769
v 21.264 -55.3503 941.16
vn 0.43638 0.308708 0.845146
v 23.0327 -55.091 940.752
vn 0.809984 -0.311933 0.496613
v 23.4504 -56.033 940.326
vn 0.710448 -0.69616 -0.103072
v 23.5355 -56.2295 939.658
vn 0.548549 -0.793953 -0.262167
v 22 -54.9648 934.591
vn -0.108432 0.739996 0.663814
v 23.0891 -53.2879 938.554
vn -0.0220773 0.783023 0.621601
v 22.7951 -49.7174 935.096
vn 0.587706 -0.759597 -0.278591
v 23.1366 -51.9543 925.352
vn -0.0212531 0.975224 0.220195
v 23.6316 -48.3186 931.906
vn 0.202371 0.873717 0.442341
v 21.0516 -48.9128 934.34
vn 0.0524207 0.894995 0.442986
v 22.122 -48.9783 934.102
vn 0.645233 -0.44046 -0.624235
v 21.8995 -51.1741 922.071
vn 0.54459 0.0817679 -0.834707
v 21.8931 -50.8476 921.945
vn 0.238935 0.66129 -0.711059
v 21.8392 -50.1907 922.363
vn 0.136571 0.873305 -0.46764
v 22.6446 -48.3662 925.12
vn -0.0611003 0.986098 -0.154526
v 22.5436 -47.8805 926.429
vn 0.932471 -0.150294 -0.328497
v 25.1478 -86.9533 947.307
vn 0.975709 -0.151084 0.158636
v 25.4034 -86.2498 948.19
vn 0.646988 0.0661543 0.759625
v 24.8553 -83.3315 950.068
vn 0.876092 -0.457236 -0.152962
v 25.1708 -83.9175 943.393
vn 0.897817 -0.385906 -0.212133
v 25.685 -83.6433 946.135
vn 0.965956 -0.232401 0.113658
v 26.2928 -82.1534 946.757
vn 0.897717 -0.0320006 0.43941
v 25.3441 -82.1169 949.287
vn 0.839007 -0.537815 -0.0826025
v 26.2939 -82.1649 943.024
vn 0.335925 0.395073 0.855027
v 24.5792 -77.845 948.774
vn 0.731166 -0.61447 -0.296349
v 27.2608 -79.3913 938.344
vn 0.173434 0.176933 0.968822
v 25.2689 -76.5913 948.087
vn -0.0281873 -0.109827 0.993551
v 25.5739 -75.4785 948.053
vn 0.767911 -0.0385033 0.639398
v 26.1377 -77.4811 947.648
vn 0.467258 -0.24117 0.850592
v 26.6185 -75.1257 947.94
vn 0.805465 -0.455083 -0.379639
v 25.7667 -79.025 934.357
vn 0.842882 0.057459 -0.535022
v 25.6972 -77.9558 933.212
vn 0.749962 -0.218556 -0.624332
v 26.8274 -77.6982 934.861
vn 0.590686 0.253779 -0.765955
v 26.7865 -76.6157 934.764
vn 0.191257 0.640194 -0.744024
v 26.3811 -75.8372 935.105
vn -0.118958 0.468651 -0.875337
v 26.6874 -72.6863 937.337
vn 0.141201 -0.601281 0.786462
v 24.817 -69.1123 950.189
vn 0.260308 -0.685336 0.680113
v 26.0539 -67.6486 951.886
vn 0.33483 -0.870292 0.36122
v 23.5492 -65.4935 956.883
vn 0.564226 -0.724136 0.39658
v 23.991 -64.072 960.134
vn 0.399454 -0.708511 0.581763
v 25.5792 -66.3434 953.614
vn 0.68291 -0.577538 0.447306
v 24.9799 -64.9038 956.03
vn 0.0372292 -0.47931 0.876856
v 22.7615 -62.9991 962.262
vn 0.4011 -0.683062 0.610364
v 23.5119 -63.2965 961.681
vn -0.470687 0.0792291 0.878736
v 22.6988 -61.9858 962.572
vn -0.0324735 -0.279106 0.959711
v 23.3854 -61.9012 962.763
vn 0.371463 -0.472728 0.799089
v 25.0968 -60.9783 962.822
vn -0.0386463 0.118071 0.992253
v 25.0284 -59.874 963.16
vn -0.186075 0.496397 -0.847918
v 25.2009 -65.3838 941.273
vn -0.593445 0.58291 0.555013
v 24.683 -59.2999 962.663
vn -0.118264 0.683581 -0.72023
v 24.7371 -64.2513 942.317
vn 0.0558447 0.473686 -0.878921
v 24.8591 -62.0641 944.515
vn 0.151516 0.820818 -0.550728
v 23.9102 -57.6718 945.448
vn 0.462462 0.360922 -0.809855
v 24.32 -58.3965 944.997
vn 0.126751 0.559474 -0.819099
v 25.3103 -57.8064 945.605
vn -0.477712 0.859797 -0.180392
v 23.4163 -57.2841 947.51
vn -0.167379 0.969869 -0.177027
v 23.4848 -57.2956 946.398
vn -0.662768 0.626688 -0.409879
v 23.2296 -55.9556 949.625
vn -0.761225 0.64627 0.0535773
v 23.4771 -55.4346 950.948
vn -0.668938 0.670413 0.321041
v 25.3337 -55.9547 956.514
vn -0.29197 0.836215 -0.464217
v 24.4416 -56.8448 947.054
vn -0.438372 0.732217 -0.521237
v 25.4074 -55.5144 948.136
vn 0.165362 0.644116 -0.74684
v 25.6938 -54.6741 948.597
vn -0.780544 0.62486 0.0173712
v 24.6223 -53.4963 951.073
vn 0.627801 -0.747836 -0.215887
v 25.2758 -54.3439 937.979
vn 0.0081512 0.574243 0.818644
v 24.0931 -53.9255 939.805
vn 0.63676 -0.343839 0.690153
v 24.8627 -54.7362 939.586
vn 0.343634 0.12824 0.930306
v 24.8065 -54.0422 939.701
vn 0.4685 0.0464237 0.882243
v 25.8487 -53.3078 939.357
vn 0.207757 0.500118 0.840666
v 25.8411 -52.9756 939.247
vn -0.0587335 0.708843 0.702917
v 25.8476 -52.4146 938.744
vn 0.816913 -0.473056 0.329955
v 26.2388 -53.5331 938.877
vn 0.812688 -0.579648 -0.0595521
v 26.4552 -53.2664 938.422
vn 0.830752 -0.522644 -0.191557
v 26.8543 -50.795 931.941
vn 0.67814 -0.681674 -0.274675
v 25.5981 -50.5396 927.639
vn 0.853807 -0.350242 -0.385155
v 25.9792 -49.6583 926.972
vn 0.88307 -0.360166 -0.30078
v 26.4938 -49.601 928.112
vn 0.832237 0.530763 -0.160227
v 26.7787 -48.775 929.326
vn -0.10202 0.908476 0.405293
v 24.2268 -48.8114 934.001
vn -0.169583 0.769165 0.616138
v 24.5405 -49.3473 934.99
vn 0.752231 -0.441143 -0.489431
v 24.7386 -50.1107 924.8
vn 0.765265 0.226703 -0.602474
v 25.2321 -49.5182 925.368
vn 0.476263 0.69179 -0.542771
v 25.0765 -48.8125 925.845
vn 0.713058 0.605899 -0.352753
v 26.166 -48.7504 927.401
vn 0.927909 0.0920541 -0.361263
v 26.3803 -49.0319 927.637
vn 0.292903 0.917872 -0.267802
v 24.9436 -47.8885 927.365
vn -0.0431613 0.991859 0.119804
v 25.1063 -47.7007 930.312
vn 0.414009 0.909837 -0.0281649
v 25.8075 -47.7851 930.383
vn 0.844711 -0.427392 0.32218
v 27.9831 -79.3061 943.601
vn 0.768547 -0.635534 -0.0737024
v 29.2955 -77.7973 940.532
vn 0.718955 -0.407944 -0.562748
v 28.0986 -76.882 935.993
vn 0.57203 -0.0262998 -0.819811
v 27.7811 -76.3208 935.509
vn 0.642168 -0.499931 -0.581111
v 29.3165 -76.1369 936.935
vn 0.499627 -0.525792 0.688416
v 27.8582 -71.9231 948.36
vn 0.257868 0.367529 -0.893547
v 27.7364 -75.5157 935.672
vn 0.0121579 0.521222 -0.853334
v 27.6275 -74.0422 936.411
vn -0.00748261 0.371239 -0.928507
v 28.6418 -73.5142 936.669
vn 0.571724 -0.246932 -0.782404
v 29.57 -75.1399 936.589
vn 0.314493 0.10651 -0.943265
v 29.3985 -74.453 936.438
vn 0.0884897 -0.389623 0.916714
v 26.7026 -70.8897 949.308
vn 0.169105 -0.596774 0.784388
v 28.9027 -69.0906 950.018
vn 0.148078 -0.565372 0.811435
v 27.2387 -68.7634 950.517
vn 0.269355 -0.597569 0.755221
v 27.1174 -67.3028 951.468
vn 0.0100644 -0.578097 0.815906
v 28.1953 -67.5407 951.228
vn 0.0777356 -0.528573 0.845321
v 28.8908 -67.4911 951.299
vn 0.100245 -0.606338 0.788863
v 27.783 -66.8035 951.71
vn 0.176974 -0.481513 0.858385
v 28.4503 -66.3864 951.982
vn 0.699422 -0.220295 0.679911
v 26.7531 -64.7355 953.862
vn 0.394169 -0.543044 0.741441
v 27.6936 -65.9409 952.562
vn 0.538006 -0.253088 0.80405
v 27.6575 -65.473 952.821
vn 0.270744 -0.558118 0.784348
v 28.0733 -66.1479 952.239
vn 0.385812 -0.217737 0.896515
v 28.759 -65.6868 952.178
vn 0.85931 -0.379948 0.342383
v 26.1252 -62.9279 955.767
vn 0.766187 -0.512269 0.387992
v 25.4972 -61.2478 962.204
vn 0.588205 -0.242771 0.771413
v 25.752 -59.9825 962.881
vn 0.96365 -0.119366 0.239019
v 27.396 -61.2996 953.026
vn 0.952643 -0.295771 0.070642
v 27.2882 -60.4906 954.216
vn 0.796187 -0.372823 0.476538
v 26.0138 -60.0579 962.555
vn -0.130057 0.589047 0.797564
v 25.7069 -58.5528 962.608
vn 0.448804 0.223527 0.865223
v 26.0663 -58.883 962.704
vn 0.816011 -0.0616285 0.574742
v 26.5496 -59.0487 962.227
vn -0.292286 0.494411 -0.818612
v 26.5939 -61.4909 944.438
vn 0.864874 0.0847028 0.49479
v 28.4704 -59.5937 949.493
vn 0.992685 -0.101471 -0.0654154
v 27.1138 -60.2396 951.868
vn 0.741124 0.460671 0.488382
v 27.2502 -60.1475 951.097
vn 0.920368 -0.354642 0.164775
v 27.2201 -59.5776 951.634
vn 0.696164 0.347229 0.628321
v 27.9851 -59.7009 950.243
vn 0.850889 -0.360319 0.382307
v 27.8386 -59.035 951.046
vn 0.912487 -0.402426 0.0736297
v 27.9236 -58.3187 951.974
vn 0.960814 -0.26365 -0.0855862
v 27.4934 -59.2883 953.417
vn -0.532969 0.777767 0.333199
v 27.1715 -56.1547 959.92
vn -0.631767 0.674499 0.381998
v 27.1992 -55.695 959.141
vn 0.544249 0.514135 0.662917
v 27.8992 -56.2658 959.577
vn 0.579092 0.368608 0.727173
v 27.8958 -55.7019 959.235
vn -0.35022 0.793792 0.497233
v 26.4321 -56.8926 961.054
vn 0.422821 0.563668 0.709578
v 26.7744 -57.1247 961.361
vn 0.0209522 0.278376 -0.960244
v 26.4026 -58.5105 945.459
vn -0.489242 0.21993 -0.843963
v 28.1867 -58.6209 945.059
vn 0.992657 -0.0248761 0.118381
v 28.1936 -57.5635 950.97
vn -0.119495 0.47968 0.869269
v 27.171 -53.7848 958.251
vn -0.485573 0.653733 -0.58039
v 26.5821 -56.1417 946.587
vn -0.342784 0.8533 -0.392911
v 26.5299 -55.8142 947.211
vn -0.678249 0.726525 -0.110177
v 26.8741 -55.5661 947.146
vn -0.379827 0.356834 -0.853464
v 27.3623 -56.7798 945.76
vn -0.485661 0.873541 -0.0325302
v 27.1773 -55.3768 947.848
vn -0.529817 0.828969 0.17918
v 27.5363 -54.9047 947.329
vn -0.459313 0.837897 -0.294891
v 27.5585 -54.8812 946.948
vn -0.475028 0.66922 -0.571396
v 28.2138 -55.2808 946.024
vn -0.085423 0.996269 0.0122809
v 27.88 -54.7928 947.368
vn 0.325777 0.927779 0.181919
v 28.6498 -55.1407 946.38
vn -0.0105417 0.959827 -0.280393
v 28.306 -55.04 946.316
vn 0.839456 0.430064 0.332204
v 28.7296 -56.2957 948.304
vn -0.109291 0.982321 -0.151992
v 28.6794 -55.104 945.995
vn -0.0958887 0.899052 -0.427213
v 26.104 -55.4124 948.152
vn -0.185226 0.911464 -0.367321
v 27.1564 -55.014 948.834
vn 0.582067 0.262055 -0.769757
v 27.0343 -54.1234 949.246
vn 0.272482 0.784706 -0.556768
v 27.4263 -54.9012 949.125
vn 0.552458 0.351738 -0.755692
v 27.315 -53.0097 949.607
vn 0.212127 0.973522 0.0851901
v 27.8 -55.1633 948.939
vn 0.825566 0.549711 0.127505
v 27.7772 -55.1612 949.31
vn -0.205455 0.917111 -0.341608
v 27.8443 -55.106 948.174
vn 0.984429 0.115861 -0.132195
v 27.7104 -54.5774 949.989
vn 0.745135 0.650195 0.148393
v 28.249 -55.5379 948.363
vn -0.869414 0.407927 0.278773
v 26.1975 -51.7658 954.671
vn -0.943476 0.100448 0.315852
v 26.5179 -52.8242 955.831
vn -0.618928 0.664274 0.419128
v 26.5643 -51.5861 955.139
vn -0.552893 0.801364 0.228307
v 26.5882 -51.2559 954.514
vn -0.314291 0.859298 0.403521
v 26.912 -51.2689 954.967
vn -0.0204454 0.944812 0.326974
v 27.6108 -51.1289 954.92
vn -0.336622 0.696624 0.633561
v 27.1735 -52.9085 957.592
vn -0.0998318 0.86295 0.495329
v 27.9139 -51.6006 956.036
vn -0.531028 0.681973 -0.502914
v 26.1795 -52.0788 950.299
vn 0.0288139 0.770914 -0.636287
v 26.5264 -51.9611 950.283
vn -0.459592 0.850834 -0.254669
v 26.4433 -51.5033 951.317
vn 0.143979 0.931378 -0.334371
v 27.4183 -51.0153 952.247
vn 0.560335 0.670763 -0.485902
v 28.1707 -51.6394 951.864
vn -0.629592 0.776095 0.0359143
v 26.6473 -51.0937 953.432
vn -0.279463 0.957994 -0.0644003
v 27.0136 -50.8649 953.019
vn -0.187803 0.965524 0.180258
v 27.3025 -50.9123 954.07
vn 0.0810065 0.996159 -0.0332526
v 27.3462 -50.8293 953.295
vn 0.261186 0.956286 0.131528
v 28.0023 -50.9693 954.144
vn 0.441962 0.88068 -0.170506
v 28.0718 -51.0322 953.052
vn 0.95404 -0.264965 0.140007
v 26.7906 -52.5945 938.202
vn 0.665152 0.329715 0.66997
v 26.6563 -52.4791 938.523
vn 0.974477 -0.2161 -0.0607864
v 27.4481 -50.0721 933.871
vn 0.963232 0.133529 0.23314
v 27.4472 -49.5569 935.27
vn 0.979438 -0.0527663 -0.194722
v 27.0343 -49.3001 929.912
vn 0.161315 0.950268 0.266398
v 26.668 -48.6134 934.117
vn 0.116636 0.812407 0.571306
v 26.9642 -49.1487 935.393
vn 0.602162 0.794396 0.0795924
v 27.0416 -48.6844 933.798
vn 0.650344 0.671686 0.35481
v 27.3311 -49.219 935.181
vn 0.947581 0.319501 -0.00320333
v 27.5148 -49.2603 934.045
vn 0.678124 -0.603125 0.419986
v 31.7235 -73.9717 942.681
vn 0.471156 -0.266019 -0.840979
v 31.0967 -74.1542 937.154
vn 0.0756701 0.128872 -0.98877
v 30.6978 -72.6837 936.897
vn 0.717555 -0.696089 -0.0239733
v 32.7073 -73.9958 939.402
vn 0.308572 -0.734236 0.604715
v 32.0338 -70.0304 947.613
vn 0.231322 -0.168548 0.958166
v 30.5811 -66.2739 951.494
vn 0.234186 0.286336 0.929069
v 30.51 -64.4555 951.371
vn 0.511348 0.129211 0.849604
v 29.063 -64.2737 951.946
vn -0.236114 0.286811 -0.928434
v 31.4993 -68.4705 938.031
vn 0.549397 0.511583 0.660641
v 29.0634 -61.9076 950.267
vn 0.115362 0.627411 0.770095
v 31.1957 -62.8867 950.528
vn 0.461954 0.375789 0.803356
v 29.0441 -62.9996 951.355
vn 0.924695 -0.354082 0.139878
v 28.6644 -58.1114 957.561
vn 0.771028 0.180115 0.610798
v 28.3003 -56.085 959.033
vn -0.47855 0.335356 -0.811496
v 30.9408 -61.2837 942.081
vn -0.571831 0.112741 -0.812587
v 31.8908 -58.8964 942.076
vn 0.915497 -0.342529 -0.211042
v 28.6487 -56.5225 953.24
vn 0.915296 -0.347979 -0.202841
v 29.6257 -55.5105 954.439
vn 0.987108 -0.0665976 0.145539
v 29.8029 -55.0179 955.767
vn 0.633651 0.314627 0.70675
v 28.2145 -53.7226 958.361
vn 0.858307 0.0497829 0.510716
v 29.0912 -54.6499 957.82
vn -0.650937 0.344425 -0.6765
v 29.6064 -55.4981 944.342
vn -0.675514 0.0882773 -0.732043
v 30.0829 -56.4986 943.624
vn -0.555426 0.232892 -0.798288
v 30.2397 -56.1631 943.513
vn -0.263764 0.927357 -0.2654
v 29.8088 -55 944.67
vn -0.530508 0.444992 -0.721487
v 30.2166 -55.2669 943.93
vn 0.538612 0.821689 0.186344
v 30.1742 -55.0236 944.585
vn -0.335729 0.425386 -0.840436
v 30.6137 -55.7747 943.534
vn 0.607062 0.77029 0.195268
v 30.9232 -55.6499 944.125
vn 0.642022 0.54609 0.53814
v 30.9102 -55.8055 944.447
vn 0.412573 0.870277 -0.269075
v 30.9403 -55.6526 943.847
vn 0.79102 0.321304 0.520625
v 30.0419 -56.1016 945.718
vn 0.864994 -0.291136 -0.408687
v 29.2932 -54.0378 952.379
vn 0.8944 0.168325 -0.414385
v 29.5488 -53.2481 952.483
vn 0.611147 0.788424 0.0699065
v 28.7098 -51.3958 954.355
vn 0.984113 -0.0866451 -0.154962
v 29.8494 -54.1861 953.971
vn 0.876029 0.474337 0.0870449
v 29.5903 -52.3977 954.79
vn 0.171515 0.799232 0.576031
v 28.255 -51.7933 956.335
vn 0.357103 0.87063 0.338351
v 28.2722 -51.5255 955.864
vn 0.335801 0.692765 0.638212
v 28.5891 -52.6455 957.213
vn 0.563494 0.72173 0.40197
v 28.619 -51.8998 956.197
vn 0.792151 0.397122 0.463456
v 29.3255 -53.0939 956.967
vn 0.726481 0.648316 -0.227843
v 28.8047 -51.5839 952.936
vn 0.664398 -0.55391 -0.501756
v 33.2985 -72.9365 938.311
vn 0.617544 -0.741856 -0.261321
v 34.8592 -72.0554 939.603
vn 0.465398 -0.815329 0.344446
v 34.506 -71.7215 942.818
vn 0.200503 -0.836385 0.510155
v 34.7808 -68.83 947.759
vn 0.385773 -0.259976 -0.885207
v 34.0751 -70.2839 937.367
vn 0.159045 -0.494454 0.854529
v 33.0883 -66.6605 950.944
vn -0.161019 0.118674 -0.979791
v 32.9698 -69.1638 937.431
vn -0.052146 0.130736 -0.990045
v 33.9893 -68.0996 937.225
vn 0.305332 -0.0745036 -0.949327
v 35.3447 -67.5494 937.63
vn 0.0247212 0.213852 -0.976553
v 35.3086 -66.7856 937.68
vn -0.116602 0.230256 0.966119
v 33.0062 -63.4629 950.887
vn -0.187347 0.62659 0.756496
v 33.2963 -62.2351 950.153
vn -0.26201 0.443598 -0.857071
v 32.7418 -65.394 938.493
vn -0.342412 0.234873 -0.909719
v 33.0624 -60.3319 941.15
vn -0.244692 0.457705 -0.85477
v 33.4748 -61.1683 940.738
vn 0.0182787 0.87919 0.47612
v 34.4374 -58.8483 946.316
vn -0.318723 0.297546 -0.899935
v 32.1787 -57.4063 942.054
vn 0.201524 0.700461 -0.684648
v 32.4783 -56.6771 942.379
vn 0.466371 0.876417 0.119961
v 33.6498 -57.0367 942.975
vn 0.351662 0.709526 0.61066
v 32.3316 -56.9375 944.332
vn 0.466072 -0.378809 -0.79955
v 38.1071 -68.7664 939.235
vn 0.0158055 -0.664047 0.747524
v 35.1495 -66.0803 951.264
vn -0.314591 -0.145118 0.938069
v 35.7641 -64.9103 951.867
vn 0.107204 0.232649 -0.966634
v 36.32 -65.9784 937.789
vn -0.0357253 0.588395 -0.807784
v 35.741 -62.7969 939.267
vn 0.129245 0.539454 -0.832037
v 37.8041 -62.304 939.619
vn 0.0774177 0.507706 -0.858045
v 35.2413 -61.2365 940.597
vn 0.0515241 0.772914 -0.632416
v 36.3264 -61.7217 940.413
vn 0.275469 0.560061 -0.781312
v 36.2054 -60.2726 941.368
vn 0.0262891 0.757322 -0.652512
v 37.7752 -62.0094 939.883
vn 0.28857 0.870375 -0.398966
v 37.0335 -58.4439 943.751
vn 0.251229 0.950378 0.183481
v 35.2518 -57.8502 943.77
vn 0.18425 0.982224 0.035898
v 35.6023 -57.907 943.818
vn 0.0678428 0.982847 0.17149
v 35.8639 -58.0132 944.251
vn 0.266597 0.951645 -0.152635
v 36.3028 -58.1034 943.981
vn 0.0441783 0.994493 0.0950361
v 37.3094 -58.1915 944.801
vn 0.36847 0.910917 -0.185636
v 35.2751 -57.878 943.408
vn 0.225207 -0.920049 0.320611
v 38.2174 -69.7768 943.885
vn 0.416871 -0.908927 -0.00840647
v 39.7157 -69.5209 942.161
vn 0.519864 -0.686436 -0.508476
v 40.1218 -68.8895 940.813
vn 0.0234537 -0.894696 0.44606
v 38.8021 -67.1788 949.706
vn -0.0575532 -0.817483 0.57307
v 38.3476 -66.4927 950.914
vn -0.154228 -0.620174 0.769154
v 38.2094 -65.3121 952.339
vn -0.0177527 -0.818736 0.573895
v 40.0653 -66.4507 951.493
vn -0.450696 0.653566 0.608049
v 37.375 -61.5321 951.833
vn -0.513214 0.129611 0.848418
v 39.869 -62.5248 954.062
vn 0.141662 0.732546 -0.665814
v 38.3412 -61.0963 941.46
vn 0.256421 0.819211 -0.512973
v 39.6055 -60.1632 943.084
vn 0.0244996 0.975171 -0.220094
v 39.735 -58.3351 945.414
vn -0.308074 0.936696 0.166407
v 39.9517 -58.5111 947.734
vn 0.465604 -0.881976 -0.0730176
v 42.0835 -68.7119 943.045
vn 0.502575 -0.134797 -0.85396
v 41.1118 -65.613 939.525
vn 0.532328 -0.473665 -0.701618
v 41.4804 -67.4668 940.548
vn 0.675139 -0.515299 -0.527877
v 43.4767 -66.9107 941.946
vn -0.493693 0.477255 0.726976
v 41.387 -60.5118 954.378
vn -0.115851 -0.385588 0.915369
v 42.1271 -62.4575 955.13
vn -0.263171 0.167325 0.950128
v 42.0882 -61.6806 955.216
vn 0.382713 0.331489 -0.862349
v 41.0146 -63.6707 939.74
vn 0.284514 0.677471 -0.678296
v 42.1839 -61.0944 941.755
vn 0.0667315 0.888047 -0.454883
v 41.4298 -60.6175 942.27
vn 0.0871624 0.928273 -0.361542
v 42.0798 -60.4599 943.01
vn 0.220533 0.779522 -0.586268
v 42.7791 -60.4913 943.075
vn 0.187677 0.791097 -0.582188
v 40.4888 -58.8018 944.896
vn 0.118895 0.807396 -0.577907
v 42.9696 -59.4115 944.937
vn -0.259607 0.962775 -0.0752841
v 42.0334 -57.8318 947.649
vn 0.696003 -0.718023 0.00468037
v 45.327 -66.5334 945.86
vn 0.313616 -0.87325 0.372932
v 43.2565 -66.2732 950.838
vn 0.59813 -0.713933 0.36406
v 44.9093 -65.0369 951.633
vn 0.340544 -0.604937 0.719778
v 44.3761 -63.8466 953.772
vn 0.732325 -0.147385 -0.664814
v 45.0828 -64.3974 942.603
vn 0.867926 -0.321835 -0.378321
v 45.9811 -64.9118 944.195
vn 0.176053 -0.0364371 0.983706
v 43.4787 -61.2975 955.166
vn 0.526836 0.505256 -0.683491
v 44.2733 -61.874 942.576
vn 0.657751 0.216246 -0.721527
v 44.6908 -62.9675 942.261
vn 0.791357 0.0860919 -0.605262
v 45.7228 -63.7295 943.368
vn 0.461875 0.478086 -0.747065
v 44.6211 -61.1126 943.445
vn 0.67085 0.344136 -0.65691
v 45.0888 -62.3209 943.176
vn -0.142039 0.553848 0.820413
v 43.4279 -58.9837 954.36
vn 0.507646 0.424776 -0.749574
v 45.5007 -60.2564 944.32
vn 0.205944 0.741342 -0.638748
v 45.4415 -59.5953 944.82
vn 0.0718466 0.862269 -0.501328
v 44.174 -57.7866 947.05
vn -0.0490677 0.984969 -0.165618
v 45.3658 -56.647 949.714
vn -0.47098 0.876516 0.099488
v 42.8261 -57.5835 951.73
vn -0.415372 0.83457 0.361883
v 43.4733 -57.2924 952.421
vn -0.335103 0.941822 0.0260105
v 44.2316 -56.8787 951.206
vn -0.128043 0.845066 0.519104
v 44.8543 -56.9964 952.585
vn -0.106692 0.979145 0.172893
v 44.8825 -56.7673 951.963
vn 0.865631 -0.49269 -0.0891099
v 46.5577 -64.8167 946.447
vn 0.802243 -0.579196 0.144699
v 47.2468 -63.6095 948.674
vn 0.794657 -0.517741 0.316962
v 47.2557 -62.4598 951.616
vn 0.656641 -0.494971 0.569057
v 46.1228 -62.7528 953.132
vn 0.453921 -0.268932 0.849489
v 45.9591 -60.7772 954.412
vn 0.870857 0.00607798 -0.491499
v 48.2244 -59.9518 947.408
vn 0.941332 -0.337401 0.00736303
v 48.6831 -60.883 948.906
vn 0.66394 -0.174953 0.727031
v 47.3952 -59.4487 953.887
vn 0.775778 0.284826 0.563065
v 47.5779 -58.7834 953.657
vn 0.902709 -0.184621 0.388627
v 47.9781 -59.7872 952.935
vn 0.668191 0.652187 0.358013
v 47.7224 -57.8509 952.205
vn 0.334388 0.201612 0.920618
v 46.9504 -58.9868 954.154
vn 0.342321 0.62889 0.698079
v 46.9413 -58.2624 953.791
vn 0.713497 0.271421 -0.645951
v 47.2449 -59.7005 946.119
vn 0.45782 0.625521 -0.631763
v 47.0582 -58.8113 946.526
vn 0.845678 0.27409 -0.457934
v 48.373 -59.0455 947.835
vn 0.269697 0.876462 -0.398845
v 47.2164 -57.2728 948.591
vn 0.621332 0.649524 -0.438252
v 47.948 -57.7629 948.453
vn 0.539454 0.821498 -0.184742
v 47.8704 -57.3101 949.402
vn 0.0688682 0.774505 0.628807
v 45.7088 -57.2209 952.941
vn 0.108712 0.925335 0.363232
v 45.5612 -56.9043 952.439
vn 0.370268 0.821869 0.432936
v 46.6496 -57.3014 952.669
vn 0.36138 0.92794 0.0912753
v 47.0701 -56.7981 950.648
vn 0.947694 -0.0831734 -0.308152
v 48.7786 -60.2215 948.671
vn 0.999344 0.00305117 -0.036085
v 48.9067 -59.6448 949.217
vn 0.884777 0.464905 0.0321465
v 48.6402 -57.9779 949.706
vn -0.717065 0.690081 0.0980108
v -32.6811 -59.9989 942.718
vn -0.230743 0.793936 0.562515
v -31.7687 -67.3032 950.184
vn -0.537513 0.676732 0.503104
v -30.7383 -66.8826 950.255
vn -0.0773099 0.900031 -0.428914
v -31.1251 -58.4309 944.863
vn -0.797146 -0.486503 -0.357595
v -27.141 -80.1357 933.307
vn -0.982076 -0.188485 -9.86641e-005
v -29.9031 -59.5559 949.844
vn -0.988731 0.14037 0.0520327
v -29.9542 -58.4509 949.809
vn 0.270596 0.915091 0.298974
v -28.4369 -55.3494 956.12
vn -0.08852 0.964756 -0.247811
v -29.9016 -57.6944 947.293
vn 0.399474 0.905402 -0.143761
v -29.9016 -57.6944 947.293
vn 0.143097 0.742916 -0.653911
v -29.9016 -57.6944 947.293
vn 0.53064 0.746603 -0.401254
v -29.4305 -58.0851 945.604
vn -0.557047 0.649644 -0.51736
v -29.6274 -57.4736 948.392
vn -0.306552 0.945074 -0.113406
v -28.9075 -57.2908 947.969
vn -0.508601 0.618849 -0.598624
v -28.9075 -57.2908 947.969
vn -0.919138 0.109846 0.37831
v -27.0966 -53.454 935.863
vn -0.993175 0.0931958 -0.0701325
v -26.8992 -50.5563 933.321
vn -0.95156 -0.213909 0.220853
v -24.4838 -90.3092 948.08
vn -0.134437 0.356758 -0.924473
v -23.1785 -86.5038 920.853
vn -0.0968483 0.274072 0.95682
v -26.4383 -61.019 961.886
vn 0.454307 0.618952 0.640705
v -26.4566 -60.3398 961.705
vn -0.0359857 0.256079 0.965986
v -26.4566 -60.3398 961.705
vn 0.470598 0.623893 0.623936
v -26.0849 -60.137 961.222
vn -0.0371924 0.308957 0.950349
v -25.7085 -60.9961 961.907
vn 0.424404 0.670874 0.608119
v -25.7085 -60.9961 961.907
vn 0.442919 0.654723 0.612504
v -27.1468 -57.1521 959.257
vn 0.315418 0.85384 0.414088
v -25.4759 -60.1883 945.558
vn 0.557959 0.764779 0.322172
v -27.1259 -56.6594 958.568
vn -0.493942 0.416592 -0.763198
v -23.7234 -50.7621 921.707
vn 0.103926 0.89856 -0.426369
v -23.8244 -49.6894 922.6
vn -0.781786 0.442335 -0.439489
v -25.5616 -49.4302 924.415
vn -0.177047 0.962516 -0.20547
v -25.3838 -48.97 924.634
vn -0.407028 0.909515 0.0843246
v -26.359 -48.795 928.979
vn 0.283478 0.363759 0.88731
v -23.5449 -64.3399 962.835
vn -0.0444542 0.197265 0.979342
v -24.6292 -63.6158 962.837
vn -0.323835 0.749121 -0.577883
v -21.3219 -73.8655 927.719
vn -0.191046 0.847994 -0.494375
v -23.5155 -60.2285 947.966
vn 0.163852 0.518566 -0.839191
v -23.5155 -60.2285 947.966
vn 0.274371 0.959488 -0.0640543
v -23.5155 -60.2285 947.966
vn -0.81745 -0.546637 0.181557
v -23.3714 -58.188 939.007
vn -0.754028 -0.147295 0.640114
v -22.8492 -59.1514 939.4
vn -0.96616 0.100845 0.237415
v -22.8492 -59.1514 939.4
vn -0.808675 0.438014 0.392667
v -22.4883 -58.5647 939.96
vn 0.601818 0.122889 0.789122
v -20.2059 -66.9216 961.714
vn -0.259941 0.627738 -0.73374
v -18.3601 -71.285 928.87
vn -0.450347 0.0796048 -0.889298
v -20.319 -66.2834 940.151
vn 0.116877 -0.525026 -0.843023
v -18.9599 -63.975 939.251
vn -0.000401706 -0.706231 -0.707982
v -18.964 -62.6035 938.348
vn 0.529874 -0.745144 -0.404961
v -18.4766 -59.8641 934.178
vn 0.997908 -0.00780001 -0.0641817
v -18.0103 -58.4089 932.025
vn 0.639036 -0.729059 -0.245166
v -18.6036 -58.0482 929.231
vn 0.29356 0.121593 0.948176
v -18.3058 -72.4175 951.746
vn 0.576358 -0.0749203 0.813756
v -17.9389 -67.9938 959.838
vn 0.320097 -0.867928 0.379788
v -15.7033 -70.7932 950.945
vn 0.634363 0.474298 0.61043
v -18.7627 -66.9596 960.517
vn 0.507086 -0.152737 0.848254
v -17.1498 -67.7035 959.419
vn 0.672194 0.459703 0.580369
v -17.2262 -67.1019 959.031
vn 0.447727 -0.309087 -0.83905
v -16.1776 -64.9913 940.387
vn 0.151069 -0.136174 0.979099
v -18.0294 -56.6669 941.824
vn 0.183291 0.924172 -0.335127
v -16.2204 -49.1731 929.899
vn 0.0737669 0.749119 0.658316
v -15.4393 -74.4266 952.207
vn 0.643565 -0.157495 0.749012
v -15.443 -71.7453 950.371
vn 0.190569 0.90107 0.389558
v -13.5871 -72.1025 948.972
vn 0.840853 0.515131 0.16615
v -14.8979 -70.7934 949.886
vn 0.979807 0.05932 0.190942
v -14.8979 -70.7934 949.886
vn 0.621112 0.0431056 0.782535
v -14.3409 -71.6363 949.49
vn 0.779327 0.266399 0.567169
v -15.7036 -67.3476 957.264
vn 0.592788 0.0616547 0.802995
v -13.3958 -63.4401 945.457
vn -0.276461 -0.0300394 0.960556
v -14.9357 -57.7843 943.681
vn -0.00925996 0.92839 -0.371491
v -13.3222 -48.2872 933.535
vn 0.0333108 0.278797 0.959772
v -10.2458 -76.0727 954.536
vn -0.22717 0.891237 -0.392544
v -12.6515 -48.0343 933.867
vn 0.223823 -0.286351 0.931615
v -8.7386 -56.8107 944.963
vn 0.530148 -0.627065 0.57073
v -7.00328 -55.9627 944.683
vn 0.505796 -0.641235 0.577052
v -5.6066 -54.4938 945
vn 0.499065 -0.657412 0.564575
v -5.76375 -53.8364 945.868
vn -0.499064 -0.0172735 -0.866393
v -5.69521 -48.1192 934.962
vn -0.631185 0.12878 -0.764867
v -5.7313 -47.3554 935.013
vn -0.515245 0.417968 -0.748215
v -6.51691 -45.7849 935.27
vn -0.146437 0.527371 -0.836921
v -7.28498 -44.966 935.772
vn -0.609832 0.636012 -0.472857
v -6.03193 -44.0485 935.906
vn -0.08086 0.121599 -0.98928
v -4.87021 -43.4911 935.417
vn 0.200475 -0.329669 0.922566
v -4.03832 -52.8117 945.625
vn -0.737662 0.660055 0.142062
v -1.25893 -30.4457 941.752
vn -0.194289 0.895318 0.400822
v -1.35324 -31.3817 943.956
vn -0.624476 0.7809 -0.0150064
v -0.376325 -29.4445 938.089
vn -0.0255091 0.965843 0.257868
v -0.376325 -29.4445 938.089
vn 0.0350531 0.321143 0.946382
v 2.42477 -73.961 952.466
vn -0.313492 -0.94952 -0.0116504
v 1.04479 -52.2195 942.436
vn 0.184454 -0.166366 0.968658
v 0.014981 -36.7379 948.329
vn -0.0593333 0.143319 0.987896
v -0.083731 -34.7881 948.564
vn 0.0349086 0.958682 0.282332
v 0.322252 -29.44 938.141
vn 0.605777 0.763835 0.222691
v 0.322252 -29.44 938.141
vn -0.386009 -0.204971 0.899436
v 9.42781 -59.38 946.08
vn -0.71296 -0.690286 -0.12326
v 6.83323 -56.2916 945.496
vn -0.464815 -0.62021 0.631891
v 6.59093 -55.6188 945.978
vn 0.117477 0.100276 0.988
v 7.68148 -56.5736 946.038
vn -0.248519 -0.249312 0.935992
v 8.40377 -57.4465 946.323
vn 0.32149 0.233999 0.917545
v 8.40377 -57.4465 946.323
vn -0.332026 0.0331496 0.942688
v 6.84863 -53.6265 945.641
vn 0.458488 0.35273 0.815702
v 6.84863 -53.6265 945.641
vn 0.175151 0.836014 -0.520003
v 7.13057 -45.0533 935.419
vn -0.805152 -0.128732 0.578929
v 11.8544 -63.6341 948.574
vn -0.908294 -0.011591 0.418171
v 11.793 -63.3081 948.45
vn -0.823374 0.556138 0.112983
v 11.793 -63.3081 948.45
vn -0.489958 0.666108 0.562354
v 12.0016 -63.1352 948.907
vn -0.689157 -0.273211 0.671132
v 10.6672 -61.3992 946.542
vn -0.0340354 0.226348 0.973452
v 11.3463 -61.5931 947.054
vn -0.703864 -0.433939 0.562382
v 12.0221 -63.1258 946.905
vn -0.748194 0.659484 0.0727124
v 11.9989 -62.8843 947.563
vn -0.665561 0.162457 0.728448
v 11.9989 -62.8843 947.563
vn -0.93837 -0.3367 0.0780766
v 11.7199 -62.2869 947.174
vn -0.580341 0.362503 0.729243
v 11.7199 -62.2869 947.174
vn -0.0151192 0.163579 0.986414
v 11.7199 -62.2869 947.174
vn 0.00110244 0.196997 0.980403
v 12.0586 -61.9269 947.12
vn -0.800128 -0.593476 -0.0870701
v 9.58493 -59.7464 945.853
vn -0.21633 0.130245 0.967594
v 9.90341 -59.655 946.32
vn -0.754432 0.519757 0.400855
v 12.7011 -70.8631 948.673
vn -0.891002 0.190252 0.412213
v 13.8987 -69.0821 948.86
vn -0.749726 0.578991 0.320438
v 13.1311 -70.9661 949.865
vn -0.836881 0.372785 0.400825
v 14.2408 -69.4821 949.78
vn -0.513773 -0.309822 0.80003
v 14.2408 -69.4821 949.78
vn -0.879653 -0.448243 0.159023
v 14.585 -68.3101 950.498
vn -0.929507 0.0510519 0.365254
v 14.585 -68.3101 950.498
vn -0.929805 0.0537562 0.364105
v 13.9226 -67.6451 948.708
vn -0.897289 0.393109 0.200843
v 13.9346 -64.891 955.175
vn -0.38562 0.279863 0.879189
v 12.7882 -64.0086 949.53
vn -0.830692 0.163558 0.532166
v 12.7882 -64.0086 949.53
vn -0.869632 0.233036 0.43524
v 13.3409 -61.6205 948.893
vn 0.1902 0.782848 0.592429
v 14.0184 -61.4927 949.202
vn 0.282393 0.737451 0.613531
v 13.7211 -59.6822 947.044
vn 0.661311 0.379885 0.646804
v 13.7211 -59.6822 947.044
vn -0.262793 0.603972 0.752434
v 14.0747 -57.0251 945.122
vn 0.497137 0.725955 0.47523
v 13.5663 -53.3199 943.056
vn -0.456724 0.478185 -0.750161
v 14.8775 -48.2203 931.503
vn -0.542974 0.684638 0.486262
v 16.0197 -65.0244 958.748
vn -0.755229 -0.152921 0.637373
v 16.4083 -65.7343 959.038
vn -0.511582 -0.724745 -0.46155
v 17.9918 -57.3281 932.933
vn 0.0350903 -0.863078 -0.50385
v 17.9918 -57.3281 932.933
vn -0.703711 -0.460955 -0.540658
v 16.4781 -57.8684 935.604
vn -0.97611 0.195814 -0.0941571
v 17.2826 -56.9177 933.075
vn -0.120863 -0.932428 -0.340545
v 17.5997 -56.1955 930.966
vn -0.747551 -0.627745 -0.217034
v 17.5997 -56.1955 930.966
vn -0.985794 -0.13135 -0.104674
v 17.5997 -56.1955 930.966
vn -0.191847 -0.899877 -0.391684
v 17.9508 -54.9623 926.19
vn -0.306621 -0.787279 -0.534953
v 17.9905 -54.2633 925.046
vn -0.070996 0.906642 -0.415885
v 16.31 -47.9194 930.822
vn -0.045479 0.972979 -0.226371
v 17.406 -48.0375 930.203
vn 0.802456 -0.0731651 -0.592209
v 23.3451 -87.0588 921.792
vn 0.565749 0.284701 -0.773869
v 23.3451 -87.0588 921.792
vn -0.648349 -0.044264 0.760055
v 18.0477 -65.093 960.474
vn -0.507262 0.508834 0.695538
v 18.0477 -65.093 960.474
vn -0.0937639 -0.15221 0.98389
v 18.0477 -65.093 960.474
vn -0.0937639 -0.15221 0.98389
v 18.7228 -64.6574 960.606
vn -0.0937639 -0.15221 0.98389
v 19.1015 -65.2253 960.554
vn 0.766392 0.583287 -0.26911
v 20.2721 -71.3115 928.49
vn 0.757303 0.575847 -0.308045
v 20.9834 -72.4348 928.209
vn 0.293543 -0.153052 -0.943614
v 21.2106 -50.9517 921.701
vn 0.988691 -0.0759163 -0.129333
v 24.9122 -80.8133 924.482
vn 0.164212 0.544413 -0.822587
v 24.0441 -79.4394 924.21
vn 0.317628 0.566122 -0.76067
v 22.6285 -75.0965 927.069
vn 0.156151 0.963804 -0.216097
v 23.2609 -57.8602 944.719
vn 0.093669 0.988907 0.115277
v 21.692 -58.3601 947.772
vn 0.771796 0.604634 0.196846
v 21.2155 -57.013 943.13
vn 0.997055 -0.00967462 0.076071
v 21.9081 -58.0806 942.827
vn 0.804811 0.59351 -0.00499499
v 21.7888 -57.6359 943.029
vn 0.74641 0.468972 0.472162
v 21.8509 -57.4258 942.583
vn 0.367317 0.780401 -0.506016
v 21.8536 -57.3818 944.435
vn 0.753923 0.628605 -0.190934
v 21.8536 -57.3818 944.435
vn 0.872585 0.366426 -0.322999
v 22.2973 -58.1988 943.497
vn -0.31105 0.648031 -0.6952
v 25.3103 -57.8064 945.605
vn -0.052174 0.494312 -0.867718
v 25.4074 -55.5144 948.136
vn -0.122191 0.486197 -0.865264
v 25.6938 -54.6741 948.597
vn -0.926315 0.142016 0.34896
v 24.6223 -53.4963 951.073
vn 0.81113 0.51621 0.274946
v 27.396 -61.2996 953.026
vn 0.815654 0.525495 0.241999
v 27.1138 -60.2396 951.868
vn 0.875154 -0.305054 0.375562
v 27.2502 -60.1475 951.097
vn 0.793922 -0.389152 0.46717
v 27.9851 -59.7009 950.243
vn 0.298202 0.688994 0.660577
v 27.1715 -56.1547 959.92
vn -0.0597662 0.860798 0.505426
v 27.1715 -56.1547 959.92
vn -0.0597662 0.860798 0.505426
v 27.1992 -55.695 959.141
vn -0.117545 0.417713 0.900943
v 27.1992 -55.695 959.141
vn -0.933612 0.152276 0.324317
v 27.1992 -55.695 959.141
vn -0.0597662 0.860798 0.505426
v 27.8958 -55.7019 959.235
vn -0.118727 0.417288 0.900985
v 27.8958 -55.7019 959.235
vn -0.933962 0.143797 0.327167
v 27.171 -53.7848 958.251
vn 0.737006 0.629363 0.246422
v 27.88 -54.7928 947.368
vn 0.10663 0.556251 -0.824145
v 26.104 -55.4124 948.152
vn 0.271247 0.729417 -0.627994
v 27.1564 -55.014 948.834
vn 0.212127 0.973522 0.0851901
v 27.1564 -55.014 948.834
vn 0.3139 0.298102 -0.901444
v 27.4263 -54.9012 949.125
vn 0.728089 0.527737 -0.43747
v 27.4263 -54.9012 949.125
vn 0.584233 0.810987 0.0311878
v 27.4263 -54.9012 949.125
vn 0.272312 0.784839 -0.556663
v 27.8 -55.1633 948.939
vn 0.654232 0.754369 0.0539224
v 27.8 -55.1633 948.939
vn 0.672267 0.592768 -0.44349
v 27.7772 -55.1612 949.31
vn -0.414522 0.839588 0.35109
v 27.8443 -55.106 948.174
vn 0.669006 0.715387 0.201624
v 27.8443 -55.106 948.174
vn 0.212127 0.973522 0.0851901
v 27.8443 -55.106 948.174
vn 0.826553 0.0993154 -0.554027
v 27.7104 -54.5774 949.989
vn 0.787239 0.51895 0.333085
v 29.0441 -62.9996 951.355
vn -0.0635512 0.586759 0.807264
v 28.2145 -53.7226 958.361
vn 0.247709 0.86758 -0.431213
v 30.2166 -55.2669 943.93
vn 0.224351 0.805821 -0.548014
v 30.6137 -55.7747 943.534
vn -0.330729 0.00840059 0.943689
v 33.0883 -66.6605 950.944
f 18//18 20//20 4//4
f 22//22 4//4 20//20
f 22//22 1//1 4//4
f 4//4 1//1 2//2
f 22//22 23//23 1//1
f 24//24 8//8 2//2
f 2//2 6//6 4//4
f 4//4 6//6 3//3
f 11//11 4//4 3//3
f 4//4 11//11 18//18
f 3//3 6//6 5//5
f 5//5 13//13 3//3
f 6//6 2//2 7//7
f 2//2 8//8 7//7
f 6//6 7//7 5//5
f 9//9 15//15 5//5
f 9//9 7//7 28//28
f 5//5 7//7 9//9
f 28//28 7//7 8//8
f 28//28 8//8 24//24
f 29//29 9//9 28//28
f 10//10 11//11 12//12
f 18//18 11//11 27//27
f 11//11 10//10 27//27
f 3//3 13//13 11//11
f 11//11 13//13 12//12
f 14//14 12//12 13//13
f 14//14 17//17 12//12
f 17//17 14//14 32//32
f 5//5 15//15 13//13
f 13//13 15//15 14//14
f 15//15 32//32 14//14
f 15//15 9//9 16//16
f 15//15 16//16 32//32
f 33//33 16//16 9//9
f 17//17 32//32 39//39
f 18//18 19//19 20//20
f 19//19 18//18 44//44
f 20//20 19//19 21//21
f 41//41 21//21 19//19
f 21//21 22//22 20//20
f 22//22 21//21 40//40
f 21//21 41//41 40//40
f 1//1 23//23 2//2
f 23//23 24//24 2//2
f 40//40 23//23 22//22
f 26//26 24//24 25//25
f 25//25 24//24 23//23
f 25//25 23//23 40//40
f 42//42 26//26 25//25
f 42//42 31//31 26//26
f 27//27 44//44 18//18
f 33//33 9//9 29//29
f 26//26 28//28 24//24
f 28//28 26//26 31//31
f 30//30 29//29 28//28
f 30//30 33//33 29//29
f 31//31 30//30 28//28
f 31//31 45//45 30//30
f 45//45 35//35 30//30
f 45//45 31//31 42//42
f 36//36 48//48 10//10
f 48//48 36//36 51//51
f 33//33 30//30 35//35
f 35//35 34//34 33//33
f 16//16 33//33 34//34
f 32//32 16//16 34//34
f 49//49 39//39 32//32
f 49//49 32//32 34//34
f 50//50 34//34 35//35
f 50//50 49//49 34//34
f 51//51 36//36 38//38
f 37//37 10//10 12//12
f 37//37 12//12 17//17
f 37//37 17//17 39//39
f 37//37 36//36 10//10
f 37//37 39//39 38//38
f 36//36 37//37 38//38
f 68//68 38//38 39//39
f 38//38 68//68 52//52
f 52//52 51//51 38//38
f 68//68 39//39 49//49
f 76//76 19//19 55//55
f 70//70 55//55 44//44
f 55//55 19//19 44//44
f 41//41 19//19 76//76
f 77//77 41//41 76//76
f 40//40 54//54 25//25
f 25//25 54//54 56//56
f 25//25 56//56 42//42
f 42//42 56//56 60//60
f 43//43 44//44 27//27
f 58//58 70//70 47//47
f 27//27 10//10 43//43
f 60//60 45//45 42//42
f 46//46 45//45 60//60
f 46//46 35//35 45//45
f 43//43 10//10 48//48
f 70//70 44//44 47//47
f 47//47 43//43 48//48
f 47//47 44//44 43//43
f 48//48 62//62 47//47
f 65//65 48//48 51//51
f 49//49 50//50 64//64
f 46//46 50//50 35//35
f 65//65 51//51 52//52
f 65//65 52//52 66//66
f 53//53 40//40 41//41
f 78//78 53//53 41//41
f 78//78 80//80 53//53
f 53//53 54//54 40//40
f 53//53 80//80 54//54
f 80//80 56//56 54//54
f 57//57 56//56 80//80
f 60//60 56//56 57//57
f 59//59 60//60 57//57
f 50//50 59//59 85//85
f 85//85 64//64 50//50
f 59//59 46//46 60//60
f 61//61 58//58 47//47
f 61//61 47//47 62//62
f 62//62 71//71 61//61
f 62//62 48//48 63//63
f 61//61 71//71 58//58
f 65//65 63//63 48//48
f 59//59 50//50 46//46
f 66//66 68//68 67//67
f 66//66 74//74 65//65
f 66//66 52//52 68//68
f 67//67 68//68 49//49
f 69//69 49//49 64//64
f 49//49 69//69 67//67
f 69//69 75//75 90//90
f 69//69 89//89 67//67
f 90//90 89//89 69//69
f 64//64 75//75 69//69
f 41//41 77//77 78//78
f 76//76 55//55 70//70
f 76//76 70//70 79//79
f 79//79 70//70 81//81
f 57//57 80//80 83//83
f 58//58 81//81 70//70
f 58//58 71//71 81//81
f 85//85 59//59 83//83
f 59//59 57//57 83//83
f 62//62 63//63 72//72
f 72//72 71//71 62//62
f 63//63 73//73 72//72
f 63//63 65//65 73//73
f 75//75 85//85 90//90
f 85//85 75//75 64//64
f 73//73 65//65 74//74
f 86//86 73//73 74//74
f 74//74 66//66 87//87
f 66//66 67//67 87//87
f 94//94 95//95 76//76
f 76//76 95//95 77//77
f 96//96 94//94 81//81
f 98//98 97//97 82//82
f 175//175 98//98 82//82
f 94//94 76//76 79//79
f 79//79 81//81 94//94
f 78//78 100//100 80//80
f 80//80 100//100 83//83
f 71//71 82//82 81//81
f 81//81 82//82 97//97
f 83//83 101//101 85//85
f 71//71 72//72 82//82
f 82//82 72//72 84//84
f 84//84 72//72 73//73
f 84//84 175//175 82//82
f 105//105 175//175 84//84
f 101//101 90//90 85//85
f 84//84 86//86 105//105
f 86//86 74//74 92//92
f 86//86 84//84 73//73
f 67//67 88//88 87//87
f 89//89 88//88 67//67
f 87//87 88//88 93//93
f 106//106 93//93 88//88
f 90//90 102//102 88//88
f 102//102 107//107 88//88
f 107//107 106//106 88//88
f 90//90 88//88 89//89
f 74//74 87//87 91//91
f 92//92 74//74 91//91
f 92//92 91//91 108//108
f 108//108 91//91 93//93
f 109//109 92//92 108//108
f 93//93 106//106 108//108
f 86//86 92//92 109//109
f 87//87 93//93 91//91
f 118//118 77//77 95//95
f 96//96 119//119 94//94
f 94//94 237//237 95//95
f 121//121 119//119 96//96
f 77//77 118//118 78//78
f 118//118 122//122 78//78
f 81//81 97//97 96//96
f 96//96 97//97 121//121
f 98//98 171//171 97//97
f 270//270 171//171 98//98
f 123//123 121//121 97//97
f 97//97 171//171 123//123
f 83//83 100//100 99//99
f 99//99 101//101 83//83
f 125//125 101//101 99//99
f 107//107 102//102 127//127
f 127//127 129//129 107//107
f 90//90 101//101 103//103
f 103//103 102//102 90//90
f 103//103 104//104 127//127
f 101//101 104//104 103//103
f 127//127 102//102 103//103
f 128//128 104//104 101//101
f 128//128 127//127 104//104
f 105//105 86//86 110//110
f 131//131 175//175 105//105
f 105//105 110//110 131//131
f 114//114 106//106 107//107
f 107//107 133//133 114//114
f 108//108 106//106 113//113
f 109//109 110//110 86//86
f 110//110 109//109 111//111
f 110//110 112//112 132//132
f 112//112 110//110 111//111
f 111//111 109//109 115//115
f 109//109 108//108 115//115
f 139//139 112//112 111//111
f 139//139 111//111 115//115
f 139//139 115//115 117//117
f 114//114 113//113 106//106
f 108//108 113//113 115//115
f 133//133 116//116 114//114
f 114//114 116//116 113//113
f 140//140 1937//1937 116//116
f 116//116 1937//1937 113//113
f 115//115 113//113 1937//1937
f 133//133 141//141 116//116
f 1937//1937 140//140 150//150
f 1940//1940 139//139 117//117
f 154//154 155//155 156//156
f 94//94 119//119 237//237
f 118//118 95//95 156//156
f 95//95 154//154 156//156
f 122//122 118//118 156//156
f 121//121 120//120 119//119
f 170//170 168//168 120//120
f 121//121 123//123 120//120
f 100//100 78//78 122//122
f 170//170 120//120 123//123
f 170//170 123//123 171//171
f 99//99 100//100 124//124
f 100//100 122//122 124//124
f 270//270 98//98 175//175
f 124//124 125//125 99//99
f 101//101 1938//1938 128//128
f 126//126 125//125 124//124
f 130//130 128//128 1938//1938
f 1939//1939 130//130 1938//1938
f 176//176 124//124 173//173
f 176//176 126//126 124//124
f 130//130 1939//1939 176//176
f 127//127 128//128 129//129
f 129//129 128//128 130//130
f 129//129 130//130 135//135
f 135//135 130//130 177//177
f 130//130 176//176 177//177
f 110//110 132//132 131//131
f 131//131 132//132 175//175
f 181//181 175//175 132//132
f 186//186 181//181 132//132
f 129//129 133//133 107//107
f 135//135 133//133 129//129
f 135//135 134//134 133//133
f 134//134 135//135 142//142
f 135//135 136//136 142//142
f 135//135 182//182 136//136
f 136//136 182//182 146//146
f 149//149 183//183 138//138
f 138//138 137//137 149//149
f 138//138 183//183 179//179
f 112//112 186//186 132//132
f 143//143 150//150 140//140
f 112//112 139//139 186//186
f 141//141 140//140 116//116
f 141//141 133//133 134//134
f 144//144 140//140 141//141
f 144//144 143//143 140//140
f 134//134 142//142 141//141
f 142//142 145//145 144//144
f 142//142 144//144 141//141
f 142//142 136//136 145//145
f 203//203 200//200 143//143
f 145//145 147//147 144//144
f 145//145 146//146 147//147
f 144//144 203//203 143//143
f 144//144 148//148 203//203
f 136//136 146//146 145//145
f 148//148 144//144 147//147
f 146//146 193//193 147//147
f 147//147 193//193 148//148
f 137//137 151//151 149//149
f 152//152 194//194 149//149
f 149//149 151//151 152//152
f 194//194 191//191 149//149
f 197//197 151//151 137//137
f 150//150 143//143 200//200
f 1940//1940 1945//1945 201//201
f 152//152 151//151 153//153
f 153//153 209//209 152//152
f 151//151 208//208 153//153
f 159//159 245//245 237//237
f 154//154 95//95 237//237
f 155//155 154//154 237//237
f 237//237 238//238 155//155
f 156//156 155//155 238//238
f 160//160 243//243 161//161
f 243//243 157//157 161//161
f 163//163 158//158 159//159
f 237//237 119//119 159//159
f 354//354 156//156 350//350
f 122//122 156//156 354//354
f 248//248 160//160 251//251
f 157//157 162//162 161//161
f 162//162 169//169 161//161
f 160//160 161//161 169//169
f 164//164 169//169 162//162
f 165//165 164//164 163//163
f 158//158 163//163 164//164
f 164//164 165//165 166//166
f 162//162 158//158 164//164
f 162//162 157//157 158//158
f 169//169 164//164 166//166
f 166//166 165//165 259//259
f 169//169 166//166 259//259
f 167//167 120//120 168//168
f 159//159 119//119 1941//1941
f 120//120 167//167 119//119
f 163//163 159//159 1941//1941
f 163//163 167//167 165//165
f 259//259 167//167 168//168
f 165//165 167//167 259//259
f 252//252 172//172 122//122
f 252//252 253//253 172//172
f 169//169 256//256 160//160
f 169//169 258//258 256//256
f 264//264 170//170 171//171
f 173//173 124//124 172//172
f 172//172 124//124 122//122
f 264//264 171//171 270//270
f 176//176 173//173 177//177
f 177//177 173//173 174//174
f 178//178 271//271 179//179
f 174//174 271//271 177//177
f 271//271 178//178 177//177
f 175//175 280//280 270//270
f 179//179 183//183 178//178
f 179//179 180//180 138//138
f 179//179 271//271 180//180
f 180//180 274//274 184//184
f 175//175 181//181 280//280
f 146//146 182//182 192//192
f 182//182 191//191 1942//1942
f 178//178 191//191 182//182
f 177//177 182//182 135//135
f 177//177 178//178 182//182
f 183//183 149//149 178//178
f 178//178 149//149 191//191
f 138//138 180//180 137//137
f 180//180 184//184 137//137
f 184//184 197//197 137//137
f 184//184 185//185 197//197
f 197//197 185//185 199//199
f 277//277 185//185 184//184
f 199//199 185//185 284//284
f 139//139 188//188 186//186
f 289//289 181//181 186//186
f 186//186 188//188 290//290
f 290//290 289//289 186//186
f 290//290 188//188 190//190
f 187//187 1946//1946 189//189
f 188//188 1948//1948 187//187
f 187//187 190//190 188//188
f 189//189 190//190 187//187
f 306//306 189//189 202//202
f 298//298 190//190 189//189
f 306//306 298//298 189//189
f 306//306 202//202 310//310
f 193//193 146//146 192//192
f 1942//1942 191//191 193//193
f 193//193 191//191 1943//1943
f 193//193 195//195 148//148
f 148//148 195//195 203//203
f 193//193 196//196 195//195
f 193//193 1943//1943 196//196
f 152//152 196//196 194//194
f 195//195 204//204 203//203
f 196//196 204//204 195//195
f 196//196 152//152 204//204
f 197//197 199//199 198//198
f 308//308 198//198 199//199
f 199//199 284//284 308//308
f 309//309 198//198 308//308
f 1964//1964 220//220 1944//1944
f 139//139 1940//1940 201//201
f 1948//1948 188//188 139//139
f 1946//1946 187//187 1948//1948
f 205//205 189//189 1947//1947
f 204//204 152//152 209//209
f 1950//1950 200//200 203//203
f 1951//1951 1949//1949 206//206
f 206//206 1949//1949 204//204
f 209//209 206//206 204//204
f 212//212 206//206 209//209
f 189//189 205//205 202//202
f 202//202 205//205 206//206
f 202//202 206//206 207//207
f 310//310 202//202 207//207
f 209//209 153//153 210//210
f 153//153 208//208 210//210
f 213//213 212//212 210//210
f 212//212 209//209 210//210
f 210//210 211//211 213//213
f 210//210 208//208 211//211
f 206//206 212//212 207//207
f 214//214 207//207 212//212
f 214//214 212//212 215//215
f 212//212 213//213 215//215
f 213//213 211//211 219//219
f 216//216 207//207 214//214
f 216//216 214//214 215//215
f 215//215 217//217 216//216
f 215//215 213//213 217//217
f 219//219 217//217 213//213
f 310//310 217//217 311//311
f 216//216 310//310 207//207
f 217//217 310//310 216//216
f 197//197 218//218 151//151
f 208//208 151//151 218//218
f 197//197 198//198 218//218
f 208//208 218//218 211//211
f 211//211 218//218 219//219
f 198//198 219//219 218//218
f 1944//1944 220//220 219//219
f 217//217 220//220 311//311
f 219//219 220//220 217//217
f 316//316 222//222 221//221
f 222//222 223//223 1952//1952
f 224//224 1952//1952 223//223
f 225//225 1952//1952 224//224
f 316//316 221//221 226//226
f 221//221 1953//1953 226//226
f 323//323 225//225 224//224
f 327//327 321//321 226//226
f 330//330 226//226 1953//1953
f 226//226 330//330 1967//1967
f 228//228 227//227 335//335
f 337//337 336//336 227//227
f 229//229 337//337 227//227
f 229//229 227//227 228//228
f 335//335 478//478 228//228
f 232//232 230//230 229//229
f 339//339 233//233 228//228
f 230//230 232//232 231//231
f 228//228 1954//1954 229//229
f 229//229 1954//1954 232//232
f 1954//1954 235//235 232//232
f 1954//1954 236//236 235//235
f 236//236 233//233 339//339
f 234//234 237//237 342//342
f 234//234 342//342 231//231
f 235//235 238//238 232//232
f 231//231 238//238 234//234
f 238//238 231//231 232//232
f 156//156 235//235 236//236
f 156//156 236//236 350//350
f 346//346 241//241 577//577
f 237//237 245//245 347//347
f 347//347 342//342 237//237
f 234//234 238//238 237//237
f 156//156 238//238 235//235
f 242//242 250//250 239//239
f 242//242 344//344 241//241
f 348//348 239//239 240//240
f 247//247 241//241 243//243
f 242//242 247//247 248//248
f 241//241 346//346 243//243
f 247//247 242//242 241//241
f 346//346 481//481 243//243
f 243//243 481//481 244//244
f 481//481 245//245 244//244
f 240//240 239//239 250//250
f 240//240 250//250 246//246
f 247//247 160//160 248//248
f 248//248 250//250 242//242
f 249//249 248//248 251//251
f 250//250 248//248 249//249
f 250//250 249//249 246//246
f 247//247 243//243 160//160
f 244//244 157//157 243//243
f 244//244 158//158 157//157
f 158//158 245//245 159//159
f 244//244 245//245 158//158
f 1955//1955 402//402 246//246
f 252//252 122//122 354//354
f 355//355 252//252 354//354
f 355//355 255//255 252//252
f 252//252 254//254 253//253
f 172//172 253//253 265//265
f 253//253 254//254 265//265
f 265//265 254//254 386//386
f 254//254 252//252 255//255
f 254//254 388//388 386//386
f 255//255 359//359 358//358
f 255//255 358//358 254//254
f 388//388 254//254 358//358
f 255//255 355//355 359//359
f 256//256 257//257 251//251
f 256//256 251//251 160//160
f 1955//1955 251//251 257//257
f 257//257 256//256 269//269
f 402//402 1955//1955 257//257
f 269//269 402//402 257//257
f 169//169 259//259 258//258
f 260//260 259//259 263//263
f 259//259 168//168 263//263
f 259//259 260//260 261//261
f 258//258 259//259 261//261
f 366//366 261//261 365//365
f 261//261 260//260 365//365
f 261//261 366//366 262//262
f 258//258 261//261 262//262
f 168//168 170//170 263//263
f 170//170 264//264 263//263
f 260//260 263//263 365//365
f 383//383 368//368 263//263
f 264//264 383//383 263//263
f 267//267 265//265 386//386
f 265//265 267//267 172//172
f 172//172 266//266 173//173
f 173//173 266//266 174//174
f 266//266 272//272 174//174
f 266//266 391//391 272//272
f 172//172 267//267 266//266
f 387//387 391//391 267//267
f 267//267 391//391 266//266
f 386//386 387//387 267//267
f 387//387 390//390 391//391
f 272//272 273//273 271//271
f 273//273 272//272 391//391
f 395//395 394//394 273//273
f 393//393 273//273 394//394
f 256//256 268//268 269//269
f 258//258 268//268 256//256
f 268//268 403//403 269//269
f 258//258 405//405 268//268
f 407//407 264//264 270//270
f 270//270 408//408 407//407
f 174//174 272//272 271//271
f 271//271 273//273 180//180
f 180//180 273//273 274//274
f 273//273 393//393 274//274
f 274//274 411//411 276//276
f 279//279 412//412 410//410
f 393//393 411//411 274//274
f 283//283 285//285 275//275
f 275//275 285//285 278//278
f 276//276 184//184 274//274
f 276//276 277//277 184//184
f 1959//1959 285//285 1957//1957
f 1960//1960 1958//1958 1956//1956
f 1960//1960 1956//1956 412//412
f 278//278 279//279 275//275
f 1959//1959 1957//1957 1961//1961
f 288//288 280//280 181//181
f 421//421 280//280 288//288
f 301//301 282//282 302//302
f 303//303 281//281 301//301
f 301//301 281//281 282//282
f 281//281 432//432 282//282
f 440//440 283//283 416//416
f 311//311 283//283 440//440
f 287//287 283//283 311//311
f 277//277 284//284 185//185
f 286//286 287//287 1964//1964
f 286//286 1964//1964 1962//1962
f 285//285 287//287 286//286
f 1962//1962 285//285 286//286
f 287//287 285//285 283//283
f 1962//1962 1957//1957 285//285
f 289//289 290//290 291//291
f 190//190 300//300 290//290
f 288//288 181//181 289//289
f 290//290 300//300 292//292
f 289//289 291//291 295//295
f 295//295 291//291 293//293
f 291//291 290//290 293//293
f 292//292 294//294 293//293
f 292//292 293//293 290//290
f 295//295 288//288 289//289
f 295//295 293//293 296//296
f 296//296 293//293 294//294
f 429//429 296//296 294//294
f 295//295 428//428 288//288
f 295//295 296//296 430//430
f 300//300 190//190 297//297
f 297//297 190//190 298//298
f 299//299 298//298 303//303
f 302//302 300//300 297//297
f 299//299 302//302 297//297
f 299//299 297//297 298//298
f 298//298 306//306 303//303
f 302//302 299//299 301//301
f 304//304 1963//1963 300//300
f 304//304 300//300 302//302
f 301//301 299//299 303//303
f 294//294 1963//1963 304//304
f 282//282 304//304 302//302
f 303//303 306//306 281//281
f 304//304 282//282 429//429
f 429//429 294//294 304//304
f 305//305 281//281 306//306
f 281//281 305//305 432//432
f 305//305 306//306 307//307
f 311//311 440//440 310//310
f 310//310 307//307 306//306
f 307//307 310//310 440//440
f 305//305 307//307 439//439
f 439//439 307//307 440//440
f 309//309 308//308 284//284
f 220//220 287//287 311//311
f 1964//1964 287//287 220//220
f 319//319 313//313 222//222
f 313//313 314//314 312//312
f 222//222 313//313 312//312
f 314//314 315//315 312//312
f 315//315 320//320 312//312
f 442//442 315//315 314//314
f 452//452 320//320 315//315
f 441//441 313//313 319//319
f 313//313 1976//1976 314//314
f 454//454 320//320 452//452
f 451//451 319//319 316//316
f 451//451 316//316 321//321
f 316//316 319//319 222//222
f 223//223 312//312 320//320
f 223//223 320//320 317//317
f 317//317 224//224 223//223
f 317//317 318//318 224//224
f 222//222 312//312 223//223
f 320//320 454//454 317//317
f 454//454 456//456 317//317
f 456//456 318//318 317//317
f 323//323 224//224 318//318
f 321//321 316//316 226//226
f 225//225 323//323 332//332
f 225//225 332//332 1969//1969
f 322//322 332//332 323//323
f 332//332 474//474 331//331
f 322//322 474//474 332//332
f 323//323 466//466 322//322
f 456//456 323//323 318//318
f 456//456 466//466 323//323
f 324//324 327//327 325//325
f 327//327 324//324 321//321
f 326//326 1965//1965 1967//1967
f 459//459 324//324 458//458
f 321//321 324//324 459//459
f 324//324 325//325 458//458
f 468//468 1965//1965 326//326
f 560//560 1966//1966 329//329
f 468//468 1966//1966 473//473
f 328//328 326//326 1967//1967
f 328//328 1967//1967 330//330
f 1969//1969 331//331 1968//1968
f 1966//1966 1968//1968 329//329
f 1968//1968 331//331 329//329
f 329//329 331//331 474//474
f 332//332 331//331 1969//1969
f 333//333 478//478 335//335
f 336//336 333//333 335//335
f 336//336 338//338 333//333
f 227//227 336//336 335//335
f 229//229 230//230 337//337
f 337//337 338//338 336//336
f 334//334 338//338 337//337
f 339//339 228//228 478//478
f 480//480 334//334 343//343
f 230//230 341//341 337//337
f 341//341 340//340 337//337
f 340//340 334//334 337//337
f 334//334 340//340 343//343
f 347//347 480//480 343//343
f 230//230 342//342 341//341
f 230//230 231//231 342//342
f 342//342 340//340 341//341
f 342//342 343//343 340//340
f 343//343 342//342 347//347
f 344//344 486//486 241//241
f 577//577 241//241 486//486
f 236//236 339//339 489//489
f 344//344 348//348 345//345
f 239//239 344//344 242//242
f 344//344 239//239 348//348
f 481//481 346//346 577//577
f 347//347 245//245 481//481
f 490//490 349//349 236//236
f 236//236 489//489 490//490
f 348//348 240//240 246//246
f 236//236 349//349 350//350
f 351//351 356//356 350//350
f 356//356 354//354 350//350
f 356//356 351//351 353//353
f 352//352 351//351 350//350
f 352//352 350//350 349//349
f 491//491 351//351 352//352
f 353//353 351//351 491//491
f 503//503 246//246 402//402
f 356//356 355//355 354//354
f 355//355 356//356 357//357
f 357//357 356//356 353//353
f 495//495 357//357 353//353
f 495//495 359//359 357//357
f 359//359 355//355 357//357
f 358//358 359//359 361//361
f 359//359 495//495 361//361
f 361//361 388//388 358//358
f 388//388 361//361 360//360
f 362//362 360//360 361//361
f 363//363 360//360 362//362
f 364//364 363//363 362//362
f 361//361 364//364 362//362
f 361//361 497//497 364//364
f 366//366 372//372 262//262
f 406//406 262//262 608//608
f 258//258 262//262 406//406
f 365//365 263//263 367//367
f 367//367 263//263 368//368
f 365//365 369//369 366//366
f 365//365 367//367 370//370
f 370//370 367//367 371//371
f 371//371 367//367 368//368
f 366//366 369//369 372//372
f 369//369 365//365 370//370
f 371//371 368//368 383//383
f 369//369 370//370 373//373
f 373//373 370//370 374//374
f 370//370 371//371 374//374
f 374//374 371//371 375//375
f 375//375 371//371 383//383
f 372//372 369//369 376//376
f 369//369 373//373 376//376
f 375//375 383//383 384//384
f 384//384 383//383 385//385
f 380//380 374//374 375//375
f 376//376 373//373 377//377
f 373//373 374//374 378//378
f 377//377 373//373 378//378
f 378//378 374//374 380//380
f 380//380 375//375 384//384
f 262//262 372//372 379//379
f 382//382 377//377 378//378
f 380//380 382//382 378//378
f 377//377 381//381 376//376
f 382//382 381//381 377//377
f 376//376 379//379 372//372
f 381//381 379//379 376//376
f 506//506 380//380 384//384
f 382//382 380//380 506//506
f 407//407 383//383 264//264
f 385//385 383//383 407//407
f 505//505 385//385 507//507
f 407//407 507//507 385//385
f 384//384 385//385 505//505
f 389//389 386//386 388//388
f 386//386 389//389 387//387
f 389//389 390//390 387//387
f 388//388 360//360 389//389
f 390//390 363//363 391//391
f 390//390 389//389 360//360
f 363//363 390//390 360//360
f 391//391 363//363 364//364
f 395//395 273//273 391//391
f 392//392 395//395 391//391
f 502//502 395//395 392//392
f 396//396 394//394 395//395
f 396//396 398//398 394//394
f 398//398 393//393 394//394
f 400//400 398//398 396//396
f 510//510 400//400 396//396
f 510//510 397//397 400//400
f 401//401 400//400 397//397
f 511//511 401//401 397//397
f 511//511 409//409 401//401
f 396//396 395//395 502//502
f 510//510 511//511 397//397
f 512//512 275//275 409//409
f 512//512 409//409 511//511
f 398//398 411//411 393//393
f 398//398 400//400 399//399
f 398//398 399//399 411//411
f 401//401 409//409 1970//1970
f 401//401 1970//1970 400//400
f 403//403 404//404 269//269
f 414//414 404//404 403//403
f 414//414 403//403 268//268
f 402//402 269//269 404//404
f 514//514 402//402 404//404
f 414//414 514//514 404//404
f 258//258 406//406 405//405
f 413//413 268//268 405//405
f 616//616 405//405 406//406
f 515//515 407//407 408//408
f 410//410 409//409 275//275
f 412//412 1956//1956 1971//1971
f 279//279 410//410 275//275
f 409//409 410//410 412//412
f 409//409 412//412 1970//1970
f 1970//1970 412//412 1971//1971
f 414//414 268//268 1972//1972
f 413//413 405//405 517//517
f 517//517 405//405 616//616
f 1981//1981 414//414 1972//1972
f 415//415 270//270 280//280
f 421//421 415//415 280//280
f 408//408 270//270 415//415
f 408//408 415//415 519//519
f 416//416 522//522 419//419
f 512//512 522//522 416//416
f 416//416 283//283 275//275
f 525//525 524//524 421//421
f 435//435 440//440 418//418
f 434//434 435//435 417//417
f 418//418 437//437 417//417
f 435//435 418//418 417//417
f 529//529 418//418 419//419
f 440//440 416//416 419//419
f 418//418 440//440 419//419
f 427//427 420//420 525//525
f 422//422 288//288 428//428
f 423//423 427//427 421//421
f 422//422 423//423 421//421
f 422//422 421//421 288//288
f 428//428 424//424 422//422
f 424//424 428//428 448//448
f 427//427 423//423 425//425
f 424//424 423//423 422//422
f 426//426 423//423 424//424
f 421//421 427//427 525//525
f 420//420 427//427 445//445
f 427//427 425//425 445//445
f 426//426 425//425 423//423
f 428//428 295//295 430//430
f 296//296 429//429 430//430
f 448//448 428//428 430//430
f 448//448 430//430 450//450
f 528//528 450//450 430//430
f 429//429 431//431 430//430
f 431//431 528//528 430//430
f 429//429 282//282 438//438
f 438//438 282//282 433//433
f 433//433 282//282 432//432
f 433//433 432//432 1973//1973
f 1974//1974 432//432 305//305
f 434//434 305//305 435//435
f 438//438 433//433 436//436
f 433//433 1973//1973 436//436
f 1975//1975 417//417 437//437
f 1975//1975 437//437 436//436
f 436//436 437//437 438//438
f 438//438 431//431 429//429
f 437//437 418//418 529//529
f 437//437 529//529 438//438
f 529//529 431//431 438//438
f 435//435 305//305 439//439
f 435//435 439//439 440//440
f 313//313 441//441 1976//1976
f 441//441 443//443 1976//1976
f 420//420 445//445 443//443
f 444//444 420//420 443//443
f 444//444 443//443 441//441
f 447//447 442//442 1977//1977
f 442//442 447//447 453//453
f 453//453 315//315 442//442
f 425//425 446//446 445//445
f 425//425 426//426 446//446
f 448//448 446//446 426//426
f 426//426 424//424 448//448
f 445//445 446//446 1978//1978
f 1978//1978 446//446 1979//1979
f 446//446 448//448 449//449
f 448//448 450//450 449//449
f 1979//1979 446//446 449//449
f 455//455 1979//1979 449//449
f 449//449 450//450 541//541
f 449//449 541//541 455//455
f 441//441 451//451 444//444
f 538//538 444//444 451//451
f 441//441 319//319 451//451
f 453//453 452//452 315//315
f 453//453 454//454 452//452
f 453//453 447//447 455//455
f 539//539 453//453 455//455
f 539//539 454//454 453//453
f 539//539 457//457 454//454
f 451//451 321//321 545//545
f 454//454 457//457 456//456
f 457//457 550//550 456//456
f 321//321 459//459 544//544
f 550//550 466//466 456//456
f 458//458 460//460 459//459
f 459//459 461//461 463//463
f 459//459 460//460 461//461
f 461//461 460//460 462//462
f 463//463 461//461 464//464
f 461//461 462//462 464//464
f 459//459 463//463 544//544
f 464//464 462//462 551//551
f 551//551 462//462 472//472
f 467//467 322//322 466//466
f 322//322 465//465 474//474
f 467//467 465//465 322//322
f 465//465 559//559 474//474
f 558//558 467//467 466//466
f 558//558 465//465 467//467
f 325//325 469//469 458//458
f 1965//1965 468//468 469//469
f 468//468 473//473 471//471
f 458//458 469//469 460//460
f 460//460 469//469 470//470
f 469//469 468//468 470//470
f 462//462 460//460 470//470
f 468//468 471//471 470//470
f 462//462 470//470 472//472
f 472//472 470//470 471//471
f 552//552 472//472 471//471
f 561//561 552//552 471//471
f 561//561 471//471 473//473
f 473//473 560//560 561//561
f 560//560 473//473 1966//1966
f 560//560 329//329 474//474
f 476//476 478//478 333//333
f 333//333 475//475 476//476
f 477//477 478//478 476//476
f 476//476 475//475 563//563
f 475//475 338//338 571//571
f 478//478 477//477 568//568
f 478//478 568//568 479//479
f 334//334 571//571 338//338
f 333//333 338//338 475//475
f 339//339 478//478 479//479
f 480//480 572//572 571//571
f 480//480 571//571 334//334
f 347//347 482//482 480//480
f 347//347 481//481 482//482
f 578//578 579//579 485//485
f 344//344 483//483 486//486
f 345//345 483//483 344//344
f 485//485 345//345 487//487
f 486//486 484//484 576//576
f 486//486 483//483 484//484
f 485//485 483//483 345//345
f 580//580 576//576 484//484
f 484//484 483//483 580//580
f 579//579 483//483 485//485
f 576//576 577//577 486//486
f 489//489 339//339 488//488
f 488//488 339//339 479//479
f 345//345 348//348 487//487
f 246//246 487//487 348//348
f 246//246 581//581 487//487
f 494//494 490//490 583//583
f 492//492 490//490 494//494
f 489//489 582//582 490//490
f 583//583 490//490 582//582
f 589//589 494//494 583//583
f 352//352 349//349 490//490
f 353//353 496//496 495//495
f 490//490 492//492 352//352
f 496//496 353//353 491//491
f 499//499 496//496 491//491
f 492//492 491//491 352//352
f 491//491 492//492 493//493
f 494//494 493//493 492//492
f 491//491 493//493 499//499
f 361//361 495//495 497//497
f 498//498 495//495 496//496
f 498//498 497//497 495//495
f 496//496 499//499 498//498
f 590//590 500//500 497//497
f 498//498 590//590 497//497
f 493//493 591//591 499//499
f 591//591 498//498 499//499
f 498//498 591//591 1988//1988
f 500//500 364//364 497//497
f 364//364 501//501 391//391
f 593//593 501//501 364//364
f 593//593 595//595 501//501
f 595//595 513//513 501//501
f 502//502 501//501 513//513
f 514//514 503//503 402//402
f 503//503 514//514 596//596
f 506//506 504//504 382//382
f 381//381 382//382 504//504
f 379//379 381//381 504//504
f 262//262 379//379 504//504
f 504//504 506//506 509//509
f 509//509 608//608 504//504
f 508//508 505//505 507//507
f 506//506 384//384 505//505
f 506//506 505//505 508//508
f 509//509 506//506 508//508
f 507//507 407//407 597//597
f 597//597 598//598 507//507
f 508//508 507//507 598//598
f 508//508 598//598 509//509
f 509//509 683//683 608//608
f 515//515 597//597 407//407
f 502//502 392//392 501//501
f 392//392 391//391 501//501
f 512//512 603//603 604//604
f 1980//1980 603//603 511//511
f 510//510 1980//1980 511//511
f 603//603 512//512 511//511
f 275//275 512//512 416//416
f 510//510 396//396 502//502
f 513//513 510//510 502//502
f 516//516 514//514 414//414
f 596//596 514//514 516//516
f 262//262 504//504 608//608
f 521//521 609//609 408//408
f 609//609 515//515 408//408
f 609//609 610//610 515//515
f 522//522 604//604 614//614
f 512//512 604//604 522//522
f 414//414 518//518 516//516
f 1981//1981 518//518 414//414
f 615//615 518//518 1981//1981
f 523//523 519//519 415//415
f 520//520 519//519 523//523
f 519//519 521//521 408//408
f 520//520 521//521 519//519
f 609//609 521//521 617//617
f 520//520 617//617 521//521
f 522//522 618//618 419//419
f 614//614 618//618 522//522
f 615//615 517//517 616//616
f 421//421 1982//1982 415//415
f 524//524 1982//1982 421//421
f 520//520 523//523 524//524
f 520//520 524//524 525//525
f 617//617 520//520 1983//1983
f 526//526 529//529 419//419
f 618//618 526//526 419//419
f 444//444 525//525 420//420
f 527//527 525//525 444//444
f 1984//1984 621//621 1983//1983
f 621//621 617//617 1983//1983
f 529//529 528//528 431//431
f 529//529 534//534 528//528
f 526//526 530//530 529//529
f 530//530 534//534 529//529
f 444//444 538//538 531//531
f 531//531 527//527 444//444
f 621//621 1984//1984 1985//1985
f 621//621 1985//1985 535//535
f 623//623 621//621 535//535
f 450//450 528//528 541//541
f 455//455 541//541 540//540
f 532//532 533//533 528//528
f 541//541 528//528 533//533
f 624//624 532//532 530//530
f 625//625 624//624 530//530
f 626//626 532//532 624//624
f 532//532 528//528 534//534
f 530//530 532//532 534//534
f 545//545 538//538 451//451
f 545//545 531//531 538//538
f 535//535 1985//1985 536//536
f 535//535 1986//1986 537//537
f 1986//1986 547//547 537//537
f 540//540 539//539 455//455
f 540//540 644//644 539//539
f 631//631 541//541 533//533
f 541//541 633//633 540//540
f 542//542 463//463 543//543
f 544//544 545//545 321//321
f 542//542 545//545 544//544
f 545//545 542//542 543//543
f 543//543 546//546 1987//1987
f 1985//1985 546//546 536//536
f 1987//1987 546//546 1985//1985
f 546//546 549//549 547//547
f 546//546 547//547 1986//1986
f 547//547 549//549 646//646
f 537//537 547//547 640//640
f 550//550 457//457 539//539
f 550//550 539//539 644//644
f 553//553 543//543 463//463
f 548//548 546//546 543//543
f 546//546 548//548 556//556
f 542//542 544//544 463//463
f 546//546 649//649 549//549
f 558//558 466//466 550//550
f 643//643 558//558 550//550
f 463//463 464//464 553//553
f 553//553 464//464 554//554
f 554//554 464//464 551//551
f 552//552 551//551 472//472
f 554//554 551//551 555//555
f 553//553 548//548 543//543
f 554//554 548//548 553//553
f 555//555 548//548 554//554
f 555//555 551//551 552//552
f 552//552 561//561 555//555
f 555//555 556//556 548//548
f 649//649 556//556 557//557
f 557//557 556//556 555//555
f 649//649 557//557 562//562
f 546//546 556//556 649//649
f 649//649 562//562 746//746
f 465//465 558//558 559//559
f 652//652 559//559 558//558
f 651//651 652//652 558//558
f 558//558 643//643 651//651
f 557//557 555//555 561//561
f 561//561 560//560 562//562
f 562//562 557//557 561//561
f 560//560 474//474 654//654
f 562//562 560//560 655//655
f 655//655 560//560 654//654
f 655//655 746//746 562//562
f 566//566 563//563 564//564
f 563//563 475//475 565//565
f 565//565 564//564 563//563
f 564//564 660//660 567//567
f 566//566 476//476 563//563
f 564//564 567//567 566//566
f 566//566 567//567 477//477
f 476//476 566//566 477//477
f 661//661 568//568 477//477
f 477//477 567//567 661//661
f 660//660 661//661 567//567
f 565//565 475//475 571//571
f 565//565 571//571 658//658
f 479//479 753//753 569//569
f 570//570 571//571 572//572
f 570//570 572//572 574//574
f 482//482 573//573 574//574
f 577//577 573//573 481//481
f 573//573 482//482 481//481
f 663//663 574//574 573//573
f 574//574 480//480 482//482
f 480//480 574//574 572//572
f 579//579 575//575 580//580
f 580//580 665//665 576//576
f 580//580 575//575 665//665
f 665//665 755//755 576//576
f 577//577 576//576 755//755
f 577//577 755//755 663//663
f 578//578 667//667 579//579
f 485//485 487//487 578//578
f 575//575 579//579 667//667
f 668//668 487//487 581//581
f 487//487 668//668 578//578
f 578//578 668//668 667//667
f 580//580 483//483 579//579
f 488//488 479//479 758//758
f 581//581 246//246 671//671
f 758//758 672//672 488//488
f 672//672 673//673 488//488
f 673//673 584//584 488//488
f 488//488 584//584 489//489
f 584//584 587//587 489//489
f 582//582 489//489 587//587
f 586//586 583//583 582//582
f 586//586 585//585 583//583
f 586//586 588//588 585//585
f 586//586 582//582 587//587
f 586//586 587//587 675//675
f 246//246 503//503 764//764
f 589//589 493//493 494//494
f 677//677 493//493 589//589
f 589//589 583//583 585//585
f 677//677 589//589 585//585
f 585//585 588//588 677//677
f 591//591 679//679 1988//1988
f 600//600 500//500 590//590
f 677//677 591//591 493//493
f 600//600 590//590 1998//1998
f 500//500 592//592 364//364
f 592//592 594//594 364//364
f 602//602 594//594 592//592
f 594//594 593//593 364//364
f 594//594 595//595 593//593
f 605//605 595//595 694//694
f 694//694 595//595 594//594
f 594//594 695//695 694//694
f 598//598 683//683 509//509
f 598//598 597//597 684//684
f 685//685 597//597 515//515
f 599//599 685//685 515//515
f 684//684 597//597 685//685
f 500//500 601//601 592//592
f 1990//1990 601//601 500//500
f 601//601 600//600 692//692
f 601//601 602//602 592//592
f 602//602 695//695 594//594
f 602//602 601//601 695//695
f 601//601 692//692 695//695
f 606//606 697//697 604//604
f 1980//1980 1989//1989 603//603
f 1992//1992 603//603 1989//1989
f 604//604 603//603 606//606
f 605//605 1993//1993 1991//1991
f 516//516 607//607 596//596
f 516//516 613//613 607//607
f 599//599 515//515 610//610
f 612//612 614//614 604//604
f 703//703 611//611 702//702
f 612//612 611//611 703//703
f 612//612 604//604 697//697
f 518//518 615//615 712//712
f 518//518 613//613 516//516
f 613//613 518//518 712//712
f 608//608 616//616 406//406
f 773//773 616//616 608//608
f 773//773 608//608 683//683
f 610//610 609//609 728//728
f 614//614 620//620 618//618
f 703//703 614//614 612//612
f 708//708 620//620 614//614
f 609//609 617//617 728//728
f 526//526 618//618 619//619
f 619//619 530//530 526//526
f 618//618 620//620 619//619
f 622//622 619//619 620//620
f 621//621 727//727 1994//1994
f 622//622 530//530 619//619
f 622//622 625//625 530//530
f 729//729 734//734 622//622
f 623//623 630//630 727//727
f 623//623 727//727 621//621
f 532//532 626//626 533//533
f 627//627 533//533 626//626
f 627//627 1995//1995 533//533
f 626//626 624//624 625//625
f 628//628 627//627 626//626
f 634//634 1995//1995 627//627
f 625//625 628//628 626//626
f 627//627 628//628 634//634
f 625//625 622//622 628//628
f 634//634 628//628 635//635
f 734//734 628//628 622//622
f 736//736 628//628 734//734
f 635//635 628//628 736//736
f 736//736 629//629 635//635
f 629//629 736//736 735//735
f 623//623 535//535 640//640
f 535//535 537//537 640//640
f 630//630 623//623 640//640
f 630//630 640//640 641//641
f 630//630 641//641 742//742
f 632//632 541//541 631//631
f 633//633 541//541 632//632
f 632//632 631//631 634//634
f 632//632 636//636 633//633
f 633//633 636//636 540//540
f 632//632 634//634 635//635
f 636//636 632//632 635//635
f 540//540 636//636 637//637
f 637//637 743//743 540//540
f 636//636 639//639 637//637
f 637//637 639//639 743//743
f 644//644 540//540 743//743
f 636//636 635//635 638//638
f 629//629 638//638 635//635
f 636//636 638//638 639//639
f 638//638 629//629 735//735
f 735//735 740//740 638//638
f 640//640 547//547 646//646
f 641//641 640//640 646//646
f 647//647 745//745 642//642
f 647//647 642//642 641//641
f 642//642 742//742 641//641
f 644//644 643//643 550//550
f 644//644 743//743 643//643
f 549//549 649//649 645//645
f 549//549 645//645 646//646
f 648//648 645//645 649//649
f 646//646 647//647 641//641
f 647//647 646//646 645//645
f 647//647 645//645 648//648
f 647//647 648//648 745//745
f 643//643 743//743 800//800
f 648//648 649//649 746//746
f 746//746 801//801 648//648
f 747//747 746//746 650//650
f 559//559 652//652 656//656
f 656//656 1996//1996 474//474
f 1996//1996 656//656 748//748
f 653//653 651//651 643//643
f 652//652 651//651 653//653
f 652//652 748//748 656//656
f 650//650 746//746 655//655
f 1996//1996 655//655 654//654
f 656//656 474//474 559//559
f 659//659 660//660 564//564
f 751//751 657//657 659//659
f 659//659 657//657 660//660
f 659//659 564//564 565//565
f 658//658 659//659 565//565
f 657//657 661//661 660//660
f 568//568 661//661 662//662
f 753//753 568//568 662//662
f 661//661 657//657 662//662
f 662//662 657//657 843//843
f 662//662 843//843 753//753
f 753//753 479//479 568//568
f 569//569 753//753 811//811
f 658//658 571//571 570//570
f 570//570 574//574 664//664
f 664//664 574//574 663//663
f 754//754 570//570 664//664
f 754//754 664//664 663//663
f 577//577 663//663 573//573
f 758//758 479//479 569//569
f 666//666 665//665 575//575
f 666//666 575//575 667//667
f 668//668 669//669 667//667
f 756//756 755//755 665//665
f 757//757 666//666 667//667
f 757//757 756//756 666//666
f 756//756 665//665 666//666
f 757//757 667//667 669//669
f 757//757 669//669 816//816
f 668//668 581//581 670//670
f 668//668 670//670 669//669
f 671//671 670//670 581//581
f 672//672 760//760 673//673
f 760//760 759//759 673//673
f 764//764 671//671 246//246
f 673//673 762//762 584//584
f 584//584 674//674 587//587
f 675//675 587//587 674//674
f 675//675 588//588 586//586
f 584//584 762//762 674//674
f 674//674 762//762 676//676
f 676//676 675//675 674//674
f 676//676 588//588 675//675
f 676//676 762//762 763//763
f 677//677 588//588 765//765
f 765//765 588//588 676//676
f 769//769 1997//1997 765//765
f 678//678 764//764 503//503
f 766//766 764//764 678//678
f 678//678 503//503 596//596
f 678//678 682//682 766//766
f 685//685 769//769 686//686
f 1998//1998 687//687 600//600
f 591//591 1997//1997 680//680
f 1997//1997 769//769 680//680
f 690//690 679//679 680//680
f 680//680 679//679 591//591
f 680//680 681//681 690//690
f 691//691 681//681 685//685
f 685//685 681//681 769//769
f 769//769 1999//1999 680//680
f 596//596 607//607 682//682
f 678//678 596//596 682//682
f 613//613 770//770 682//682
f 598//598 684//684 683//683
f 683//683 684//684 771//771
f 685//685 686//686 684//684
f 600//600 687//687 692//692
f 599//599 610//610 688//688
f 599//599 689//689 691//691
f 689//689 688//688 692//692
f 692//692 688//688 693//693
f 688//688 689//689 599//599
f 2002//2002 687//687 1998//1998
f 691//691 2000//2000 690//690
f 2000//2000 691//691 689//689
f 692//692 2001//2001 689//689
f 599//599 691//691 685//685
f 691//691 690//690 681//681
f 692//692 693//693 696//696
f 694//694 695//695 696//696
f 694//694 696//696 605//605
f 1993//1993 605//605 2003//2003
f 696//696 695//695 692//692
f 605//605 696//696 2003//2003
f 682//682 607//607 613//613
f 698//698 610//610 704//704
f 610//610 698//698 688//688
f 699//699 701//701 698//698
f 698//698 701//701 688//688
f 720//720 698//698 704//704
f 709//709 700//700 699//699
f 700//700 702//702 699//699
f 702//702 697//697 696//696
f 699//699 698//698 709//709
f 703//703 700//700 709//709
f 693//693 688//688 701//701
f 693//693 701//701 696//696
f 699//699 702//702 701//701
f 696//696 701//701 702//702
f 697//697 702//702 611//611
f 612//612 697//697 611//611
f 702//702 700//700 703//703
f 704//704 610//610 728//728
f 720//720 710//710 698//698
f 706//706 705//705 716//716
f 704//704 723//723 720//720
f 703//703 707//707 614//614
f 707//707 708//708 614//614
f 707//707 703//703 710//710
f 710//710 708//708 707//707
f 710//710 711//711 708//708
f 698//698 710//710 709//709
f 703//703 709//709 710//710
f 710//710 705//705 706//706
f 706//706 711//711 710//710
f 720//720 705//705 710//710
f 615//615 616//616 713//713
f 712//712 615//615 774//774
f 774//774 615//615 713//713
f 773//773 714//714 616//616
f 616//616 714//714 713//713
f 715//715 704//704 728//728
f 620//620 729//729 622//622
f 706//706 716//716 711//711
f 716//716 708//708 711//711
f 708//708 716//716 718//718
f 718//718 620//620 708//708
f 718//718 719//719 620//620
f 719//719 729//729 620//620
f 717//717 718//718 716//716
f 721//721 718//718 717//717
f 721//721 719//719 718//718
f 721//721 730//730 719//719
f 720//720 717//717 705//705
f 716//716 705//705 717//717
f 722//722 721//721 717//717
f 730//730 721//721 731//731
f 704//704 715//715 723//723
f 717//717 720//720 2004//2004
f 722//722 2004//2004 726//726
f 717//717 2004//2004 722//722
f 722//722 726//726 721//721
f 2004//2004 725//725 726//726
f 726//726 724//724 721//721
f 724//724 731//731 721//721
f 724//724 733//733 731//731
f 723//723 715//715 725//725
f 725//725 775//775 726//726
f 775//775 724//724 726//726
f 775//775 777//777 733//733
f 724//724 775//775 733//733
f 728//728 1994//1994 727//727
f 729//729 737//737 734//734
f 730//730 737//737 729//729
f 737//737 2005//2005 734//734
f 719//719 730//730 729//729
f 731//731 733//733 730//730
f 733//733 732//732 730//730
f 730//730 732//732 737//737
f 732//732 782//782 737//737
f 779//779 737//737 782//782
f 727//727 793//793 728//728
f 785//785 728//728 793//793
f 737//737 738//738 2005//2005
f 735//735 2005//2005 738//738
f 739//739 735//735 738//738
f 779//779 738//738 737//737
f 739//739 741//741 735//735
f 781//781 739//739 738//738
f 781//781 786//786 739//739
f 739//739 786//786 741//741
f 793//793 727//727 630//630
f 639//639 638//638 740//740
f 639//639 740//740 794//794
f 639//639 794//794 743//743
f 740//740 735//735 741//741
f 741//741 790//790 740//740
f 794//794 740//740 790//790
f 742//742 642//642 745//745
f 793//793 630//630 742//742
f 745//745 744//744 742//742
f 793//793 742//742 792//792
f 792//792 742//742 744//744
f 743//743 795//795 800//800
f 795//795 743//743 794//794
f 648//648 801//801 745//745
f 745//745 792//792 744//744
f 745//745 801//801 799//799
f 798//798 792//792 745//745
f 799//799 798//798 745//745
f 643//643 800//800 653//653
f 801//801 746//746 747//747
f 654//654 474//474 1996//1996
f 747//747 650//650 750//750
f 1996//1996 748//748 2006//2006
f 747//747 750//750 802//802
f 748//748 652//652 749//749
f 653//653 749//749 652//652
f 2006//2006 748//748 2008//2008
f 751//751 809//809 657//657
f 809//809 810//810 657//657
f 807//807 809//809 751//751
f 810//810 843//843 657//657
f 751//751 659//659 658//658
f 752//752 751//751 658//658
f 808//808 751//751 752//752
f 811//811 753//753 843//843
f 752//752 658//658 570//570
f 812//812 754//754 663//663
f 752//752 570//570 754//754
f 755//755 756//756 813//813
f 813//813 883//883 755//755
f 755//755 883//883 881//881
f 663//663 755//755 812//812
f 815//815 756//756 757//757
f 669//669 814//814 816//816
f 816//816 815//815 757//757
f 817//817 669//669 670//670
f 817//817 670//670 671//671
f 848//848 817//817 671//671
f 569//569 761//761 758//758
f 672//672 758//758 761//761
f 761//761 760//760 672//672
f 761//761 818//818 760//760
f 818//818 759//759 760//760
f 759//759 818//818 822//822
f 851//851 822//822 818//818
f 759//759 822//822 673//673
f 671//671 764//764 848//848
f 822//822 762//762 673//673
f 762//762 822//822 851//851
f 768//768 764//764 766//766
f 676//676 2007//2007 765//765
f 765//765 823//823 769//769
f 767//767 768//768 766//766
f 772//772 686//686 769//769
f 767//767 766//766 682//682
f 767//767 682//682 770//770
f 684//684 686//686 772//772
f 684//684 772//772 771//771
f 852//852 767//767 770//770
f 613//613 852//852 770//770
f 683//683 771//771 773//773
f 773//773 853//853 714//714
f 713//713 714//714 825//825
f 774//774 713//713 825//825
f 774//774 855//855 712//712
f 856//856 855//855 774//774
f 856//856 774//774 825//825
f 728//728 827//827 715//715
f 715//715 776//776 725//725
f 776//776 775//775 725//725
f 732//732 733//733 777//777
f 777//777 778//778 732//732
f 777//777 775//775 776//776
f 778//778 782//782 732//732
f 777//777 828//828 778//778
f 828//828 782//782 778//778
f 829//829 776//776 715//715
f 715//715 827//827 829//829
f 776//776 831//831 777//777
f 831//831 828//828 777//777
f 776//776 829//829 831//831
f 782//782 780//780 779//779
f 780//780 738//738 779//779
f 780//780 781//781 738//738
f 781//781 780//780 784//784
f 781//781 784//784 783//783
f 783//783 787//787 786//786
f 781//781 783//783 786//786
f 782//782 784//784 780//780
f 783//783 784//784 789//789
f 783//783 789//789 787//787
f 830//830 789//789 784//784
f 830//830 784//784 782//782
f 828//828 830//830 782//782
f 728//728 785//785 827//827
f 863//863 785//785 793//793
f 863//863 827//827 785//785
f 741//741 786//786 790//790
f 797//797 794//794 790//790
f 786//786 788//788 790//790
f 786//786 787//787 788//788
f 791//791 790//790 788//788
f 789//789 788//788 787//787
f 788//788 789//789 791//791
f 830//830 791//791 789//789
f 798//798 793//793 792//792
f 793//793 832//832 863//863
f 795//795 835//835 800//800
f 794//794 797//797 796//796
f 794//794 796//796 795//795
f 795//795 796//796 835//835
f 835//835 797//797 790//790
f 797//797 835//835 796//796
f 801//801 804//804 799//799
f 799//799 833//833 798//798
f 836//836 799//799 804//804
f 793//793 798//798 833//833
f 833//833 799//799 836//836
f 833//833 832//832 793//793
f 835//835 838//838 800//800
f 803//803 804//804 801//801
f 801//801 747//747 803//803
f 747//747 802//802 803//803
f 749//749 653//653 805//805
f 2008//2008 748//748 805//805
f 749//749 805//805 748//748
f 803//803 836//836 804//804
f 800//800 806//806 653//653
f 806//806 800//800 838//838
f 653//653 806//806 805//805
f 871//871 2008//2008 805//805
f 808//808 807//807 751//751
f 842//842 809//809 807//807
f 842//842 810//810 809//809
f 881//881 752//752 844//844
f 808//808 752//752 881//881
f 844//844 752//752 754//754
f 754//754 812//812 844//844
f 881//881 812//812 755//755
f 815//815 816//816 846//846
f 813//813 756//756 815//815
f 813//813 815//815 845//845
f 883//883 813//813 845//845
f 815//815 846//846 845//845
f 814//814 847//847 816//816
f 817//817 814//814 669//669
f 814//814 817//817 847//847
f 761//761 569//569 926//926
f 764//764 849//849 848//848
f 761//761 819//819 818//818
f 818//818 819//819 821//821
f 818//818 821//821 851//851
f 819//819 761//761 820//820
f 819//819 820//820 821//821
f 820//820 761//761 926//926
f 851//851 820//820 926//926
f 851//851 821//821 820//820
f 764//764 850//850 849//849
f 851//851 763//763 762//762
f 850//850 764//764 768//768
f 824//824 765//765 2007//2007
f 824//824 823//823 765//765
f 886//886 850//850 768//768
f 887//887 886//886 768//768
f 767//767 852//852 887//887
f 768//768 767//767 887//887
f 929//929 772//772 769//769
f 855//855 613//613 712//712
f 852//852 613//613 854//854
f 825//825 826//826 857//857
f 825//825 857//857 856//856
f 825//825 714//714 826//826
f 826//826 714//714 853//853
f 831//831 2009//2009 828//828
f 831//831 861//861 2009//2009
f 859//859 829//829 827//827
f 829//829 858//858 831//831
f 859//859 858//858 829//829
f 831//831 858//858 861//861
f 791//791 835//835 790//790
f 861//861 791//791 830//830
f 861//861 862//862 791//791
f 899//899 863//863 832//832
f 864//864 835//835 791//791
f 833//833 836//836 837//837
f 834//834 833//833 837//837
f 832//832 833//833 834//834
f 899//899 832//832 834//834
f 835//835 869//869 838//838
f 835//835 903//903 869//869
f 803//803 839//839 836//836
f 837//837 836//836 839//839
f 870//870 837//837 839//839
f 840//840 870//870 839//839
f 840//840 803//803 802//802
f 2016//2016 840//840 802//802
f 840//840 839//839 803//803
f 805//805 841//841 871//871
f 872//872 805//805 806//806
f 838//838 872//872 806//806
f 872//872 841//841 805//805
f 879//879 807//807 808//808
f 880//880 843//843 810//810
f 842//842 880//880 810//810
f 880//880 1050//1050 843//843
f 811//811 843//843 1099//1099
f 844//844 812//812 881//881
f 846//846 816//816 847//847
f 847//847 884//884 846//846
f 817//817 848//848 847//847
f 991//991 847//847 848//848
f 926//926 928//928 851//851
f 823//823 824//824 992//992
f 928//928 824//824 2007//2007
f 763//763 851//851 928//928
f 928//928 2024//2024 824//824
f 771//771 772//772 929//929
f 771//771 853//853 773//773
f 855//855 854//854 613//613
f 856//856 999//999 855//855
f 999//999 856//856 857//857
f 929//929 826//826 853//853
f 929//929 932//932 826//826
f 860//860 858//858 859//859
f 858//858 862//862 861//861
f 863//863 859//859 827//827
f 2011//2011 2012//2012 2010//2010
f 859//859 890//890 860//860
f 2012//2012 2011//2011 890//890
f 859//859 888//888 890//890
f 863//863 888//888 859//859
f 890//890 888//888 933//933
f 791//791 862//862 865//865
f 865//865 864//864 791//791
f 863//863 892//892 888//888
f 835//835 864//864 903//903
f 866//866 864//864 865//865
f 866//866 903//903 864//864
f 866//866 894//894 903//903
f 867//867 834//834 837//837
f 837//837 868//868 867//867
f 837//837 870//870 868//868
f 904//904 834//834 867//867
f 899//899 834//834 904//904
f 838//838 869//869 875//875
f 838//838 875//875 872//872
f 875//875 869//869 910//910
f 906//906 869//869 903//903
f 869//869 906//906 910//910
f 874//874 870//870 840//840
f 874//874 840//840 2016//2016
f 2017//2017 876//876 2015//2015
f 868//868 870//870 2018//2018
f 907//907 2013//2013 2014//2014
f 841//841 872//872 873//873
f 871//871 841//841 873//873
f 872//872 875//875 873//873
f 2017//2017 871//871 873//873
f 877//877 873//873 875//875
f 876//876 2017//2017 877//877
f 877//877 2017//2017 873//873
f 879//879 878//878 807//807
f 878//878 842//842 807//807
f 878//878 880//880 842//842
f 881//881 923//923 921//921
f 569//569 811//811 882//882
f 569//569 882//882 926//926
f 1099//1099 882//882 811//811
f 883//883 924//924 881//881
f 845//845 846//846 885//885
f 846//846 884//884 885//885
f 925//925 883//883 845//845
f 885//885 925//925 845//845
f 925//925 924//924 883//883
f 988//988 885//885 990//990
f 990//990 885//885 884//884
f 1054//1054 884//884 847//847
f 991//991 1054//1054 847//847
f 884//884 1054//1054 990//990
f 848//848 927//927 991//991
f 927//927 848//848 849//849
f 927//927 849//849 850//850
f 886//886 887//887 1060//1060
f 929//929 853//853 771//771
f 999//999 998//998 854//854
f 854//854 855//855 999//999
f 857//857 826//826 932//932
f 857//857 932//932 931//931
f 890//890 889//889 2012//2012
f 2019//2019 893//893 862//862
f 891//891 889//889 890//890
f 890//890 897//897 891//891
f 891//891 897//897 896//896
f 934//934 897//897 890//890
f 892//892 901//901 888//888
f 901//901 933//933 888//888
f 933//933 934//934 890//890
f 944//944 933//933 901//901
f 862//862 893//893 865//865
f 893//893 866//866 865//865
f 891//891 893//893 2019//2019
f 895//895 866//866 893//893
f 895//895 894//894 866//866
f 903//903 894//894 898//898
f 891//891 896//896 893//893
f 935//935 895//895 893//893
f 895//895 898//898 894//894
f 935//935 898//898 895//895
f 936//936 935//935 893//893
f 893//893 896//896 936//936
f 863//863 900//900 892//892
f 899//899 900//900 863//863
f 899//899 904//904 900//900
f 900//900 947//947 892//892
f 902//902 892//892 947//947
f 903//903 898//898 906//906
f 909//909 904//904 867//867
f 909//909 867//867 908//908
f 900//900 904//904 905//905
f 905//905 947//947 900//900
f 909//909 905//905 904//904
f 952//952 905//905 909//909
f 907//907 911//911 908//908
f 907//907 914//914 911//911
f 909//909 908//908 949//949
f 911//911 949//949 908//908
f 949//949 911//911 958//958
f 907//907 908//908 2013//2013
f 907//907 2014//2014 876//876
f 910//910 913//913 875//875
f 910//910 906//906 953//953
f 907//907 912//912 914//914
f 914//914 962//962 911//911
f 962//962 958//958 911//911
f 907//907 876//876 912//912
f 876//876 877//877 912//912
f 912//912 877//877 915//915
f 917//917 912//912 915//915
f 913//913 877//877 875//875
f 913//913 915//915 877//877
f 953//953 913//913 910//910
f 917//917 914//914 912//912
f 916//916 917//917 915//915
f 915//915 968//968 916//916
f 913//913 968//968 915//915
f 917//917 916//916 918//918
f 917//917 918//918 914//914
f 918//918 916//916 919//919
f 918//918 919//919 920//920
f 914//914 918//918 971//971
f 971//971 918//918 972//972
f 968//968 919//919 916//916
f 922//922 878//878 879//879
f 922//922 1049//1049 878//878
f 808//808 921//921 879//879
f 921//921 922//922 879//879
f 1049//1049 1050//1050 880//880
f 878//878 1049//1049 880//880
f 1051//1051 921//921 923//923
f 881//881 921//921 808//808
f 843//843 1050//1050 1099//1099
f 1102//1102 882//882 1099//1099
f 923//923 881//881 924//924
f 1051//1051 923//923 924//924
f 1104//1104 882//882 1102//1102
f 1104//1104 926//926 882//882
f 885//885 988//988 925//925
f 925//925 989//989 924//924
f 925//925 988//988 989//989
f 886//886 927//927 850//850
f 992//992 994//994 823//823
f 769//769 994//994 929//929
f 994//994 769//769 823//823
f 1060//1060 887//887 852//852
f 930//930 852//852 854//854
f 996//996 852//852 930//930
f 998//998 930//930 854//854
f 932//932 929//929 1062//1062
f 999//999 857//857 931//931
f 999//999 931//931 1000//1000
f 1000//1000 931//931 1001//1001
f 931//931 932//932 1001//1001
f 1007//1007 933//933 944//944
f 896//896 897//897 936//936
f 2025//2025 938//938 933//933
f 933//933 938//938 934//934
f 938//938 937//937 934//934
f 934//934 937//937 897//897
f 937//937 936//936 897//897
f 937//937 939//939 936//936
f 936//936 942//942 935//935
f 936//936 939//939 942//942
f 940//940 938//938 2025//2025
f 938//938 941//941 937//937
f 941//941 939//939 937//937
f 941//941 938//938 940//940
f 1004//1004 942//942 939//939
f 935//935 942//942 898//898
f 943//943 942//942 1008//1008
f 942//942 943//943 898//898
f 943//943 1008//1008 1009//1009
f 1009//1009 946//946 943//943
f 946//946 898//898 943//943
f 1008//1008 942//942 1005//1005
f 902//902 901//901 892//892
f 944//944 901//901 902//902
f 945//945 944//944 902//902
f 1075//1075 945//945 948//948
f 898//898 946//946 906//906
f 947//947 905//905 952//952
f 952//952 948//948 947//947
f 902//902 947//947 945//945
f 945//945 947//947 948//948
f 906//906 946//946 954//954
f 950//950 909//909 949//949
f 949//949 960//960 950//950
f 952//952 909//909 950//950
f 951//951 952//952 950//950
f 950//950 1019//1019 951//951
f 953//953 906//906 954//954
f 954//954 955//955 953//953
f 954//954 946//946 957//957
f 953//953 955//955 913//913
f 955//955 954//954 956//956
f 954//954 957//957 956//956
f 955//955 956//956 1026//1026
f 956//956 957//957 1017//1017
f 956//956 1017//1017 1025//1025
f 962//962 959//959 958//958
f 960//960 949//949 959//959
f 959//959 949//949 958//958
f 960//960 1019//1019 950//950
f 1020//1020 1019//1019 960//960
f 1020//1020 960//960 959//959
f 913//913 955//955 963//963
f 963//963 955//955 961//961
f 961//961 955//955 1026//1026
f 1025//1025 2026//2026 956//956
f 967//967 959//959 962//962
f 967//967 1020//1020 959//959
f 962//962 914//914 971//971
f 968//968 913//913 963//963
f 963//963 964//964 969//969
f 1026//1026 965//965 961//961
f 964//964 961//961 965//965
f 963//963 961//961 964//964
f 969//969 964//964 966//966
f 1026//1026 1029//1029 965//965
f 964//964 965//965 1029//1029
f 1031//1031 966//966 2027//2027
f 966//966 964//964 1029//1029
f 1031//1031 1036//1036 966//966
f 967//967 962//962 976//976
f 963//963 980//980 968//968
f 963//963 969//969 980//980
f 969//969 966//966 970//970
f 1036//1036 970//970 966//966
f 1037//1037 970//970 1036//1036
f 1037//1037 983//983 970//970
f 972//972 973//973 971//971
f 962//962 971//971 973//973
f 973//973 972//972 974//974
f 962//962 973//973 976//976
f 975//975 976//976 973//973
f 975//975 973//973 974//974
f 975//975 974//974 984//984
f 977//977 976//976 975//975
f 978//978 977//977 975//975
f 978//978 975//975 984//984
f 1039//1039 976//976 977//977
f 1039//1039 967//967 976//976
f 972//972 918//918 920//920
f 974//974 972//972 920//920
f 984//984 974//974 920//920
f 978//978 1044//1044 977//977
f 968//968 979//979 919//919
f 919//919 979//979 986//986
f 979//979 980//980 986//986
f 968//968 980//980 979//979
f 1042//1042 981//981 983//983
f 980//980 969//969 982//982
f 980//980 982//982 2020//2020
f 2021//2021 970//970 983//983
f 982//982 969//969 970//970
f 2021//2021 983//983 981//981
f 920//920 985//985 984//984
f 984//984 985//985 1043//1043
f 1043//1043 985//985 987//987
f 1043//1043 978//978 984//984
f 986//986 980//980 2020//2020
f 986//986 920//920 919//919
f 920//920 986//986 985//985
f 986//986 2022//2022 985//985
f 986//986 2020//2020 2022//2022
f 1045//1045 1043//1043 987//987
f 2028//2028 2023//2023 981//981
f 1042//1042 2028//2028 981//981
f 1048//1048 922//922 921//921
f 921//921 1051//1051 1048//1048
f 1051//1051 924//924 1052//1052
f 924//924 1103//1103 1052//1052
f 1103//1103 924//924 989//989
f 989//989 988//988 1103//1103
f 988//988 1053//1053 1103//1103
f 1053//1053 988//988 990//990
f 1053//1053 990//990 1054//1054
f 1055//1055 926//926 1104//1104
f 1055//1055 928//928 926//926
f 1055//1055 1056//1056 928//928
f 928//928 1056//1056 1057//1057
f 993//993 2024//2024 928//928
f 928//928 1057//1057 993//993
f 1059//1059 2024//2024 993//993
f 992//992 1059//1059 994//994
f 993//993 1057//1057 1058//1058
f 1058//1058 1059//1059 993//993
f 1060//1060 852//852 995//995
f 852//852 996//996 995//995
f 930//930 997//997 996//996
f 995//995 996//996 1061//1061
f 998//998 1061//1061 997//997
f 1061//1061 996//996 997//997
f 997//997 930//930 998//998
f 999//999 1000//1000 1002//1002
f 999//999 1002//1002 998//998
f 998//998 1002//1002 1063//1063
f 1063//1063 1002//1002 1064//1064
f 1002//1002 1000//1000 1001//1001
f 1001//1001 932//932 1062//1062
f 1064//1064 1002//1002 1001//1001
f 2025//2025 1127//1127 1065//1065
f 940//940 2025//2025 1065//1065
f 941//941 940//940 1065//1065
f 1065//1065 1003//1003 941//941
f 939//939 941//941 1003//1003
f 1004//1004 939//939 1003//1003
f 1003//1003 1006//1006 1004//1004
f 1066//1066 1006//1006 1003//1003
f 1004//1004 1006//1006 1005//1005
f 1005//1005 1006//1006 1069//1069
f 1010//1010 1005//1005 1069//1069
f 1007//1007 944//944 1071//1071
f 1127//1127 1007//1007 1071//1071
f 1004//1004 1005//1005 942//942
f 1010//1010 1009//1009 1008//1008
f 1010//1010 1073//1073 1009//1009
f 1008//1008 1005//1005 1010//1010
f 944//944 945//945 1075//1075
f 1071//1071 944//944 1075//1075
f 1009//1009 1011//1011 946//946
f 1009//1009 1073//1073 1011//1011
f 1011//1011 1014//1014 946//946
f 1012//1012 1011//1011 1073//1073
f 1011//1011 1012//1012 1014//1014
f 1074//1074 1012//1012 1073//1073
f 952//952 1013//1013 948//948
f 952//952 951//951 1013//1013
f 1075//1075 1013//1013 1015//1015
f 1075//1075 948//948 1013//1013
f 957//957 946//946 1014//1014
f 1016//1016 957//957 1014//1014
f 1014//1014 1012//1012 1074//1074
f 1014//1014 1074//1074 1016//1016
f 1074//1074 1078//1078 1016//1016
f 1013//1013 951//951 1019//1019
f 1015//1015 1013//1013 1019//1019
f 1015//1015 1019//1019 1021//1021
f 1020//1020 1021//1021 1019//1019
f 1017//1017 957//957 1016//1016
f 1016//1016 1078//1078 1017//1017
f 1018//1018 1017//1017 1078//1078
f 1078//1078 1090//1090 1018//1018
f 1017//1017 1018//1018 1025//1025
f 1021//1021 1020//1020 1022//1022
f 1020//1020 1023//1023 1022//1022
f 1022//1022 1023//1023 1092//1092
f 1091//1091 1022//1022 1092//1092
f 1023//1023 1027//1027 1024//1024
f 1092//1092 1023//1023 1024//1024
f 1095//1095 1094//1094 1024//1024
f 1025//1025 1018//1018 1032//1032
f 1025//1025 1032//1032 2026//2026
f 1090//1090 1032//1032 1018//1018
f 1027//1027 1020//1020 1034//1034
f 1023//1023 1020//1020 1027//1027
f 1027//1027 1034//1034 1095//1095
f 1024//1024 1027//1027 1095//1095
f 1095//1095 1034//1034 1041//1041
f 1028//1028 1033//1033 1090//1090
f 2026//2026 1030//1030 2027//2027
f 2027//2027 1030//1030 1031//1031
f 1033//1033 1031//1031 1030//1030
f 1038//1038 1031//1031 1033//1033
f 1031//1031 1038//1038 1036//1036
f 1090//1090 1033//1033 1032//1032
f 1032//1032 1033//1033 1030//1030
f 2026//2026 1032//1032 1030//1030
f 1035//1035 1038//1038 1033//1033
f 1028//1028 1035//1035 1033//1033
f 967//967 1039//1039 1020//1020
f 1020//1020 1039//1039 1034//1034
f 1039//1039 1040//1040 1034//1034
f 1041//1041 1028//1028 1095//1095
f 1042//1042 983//983 1037//1037
f 1038//1038 1035//1035 1042//1042
f 1038//1038 1037//1037 1036//1036
f 1038//1038 1042//1042 1037//1037
f 1039//1039 977//977 1040//1040
f 1040//1040 977//977 1044//1044
f 1041//1041 1034//1034 1040//1040
f 1041//1041 1040//1040 1044//1044
f 1044//1044 1047//1047 1041//1041
f 1041//1041 1047//1047 1028//1028
f 1035//1035 1028//1028 1047//1047
f 978//978 1043//1043 1044//1044
f 1044//1044 1043//1043 1046//1046
f 1044//1044 1046//1046 1047//1047
f 1046//1046 2029//2029 1047//1047
f 1043//1043 1045//1045 1046//1046
f 1047//1047 2029//2029 1042//1042
f 1035//1035 1047//1047 1042//1042
f 1048//1048 1049//1049 922//922
f 1096//1096 1048//1048 1051//1051
f 1049//1049 1098//1098 1050//1050
f 1053//1053 1106//1106 1103//1103
f 1054//1054 1105//1105 1053//1053
f 1225//1225 1105//1105 1054//1054
f 1105//1105 1106//1106 1053//1053
f 927//927 1232//1232 991//991
f 1109//1109 1111//1111 1055//1055
f 1111//1111 1056//1056 1055//1055
f 1113//1113 1056//1056 1111//1111
f 1057//1057 1056//1056 1113//1113
f 1057//1057 1113//1113 1115//1115
f 927//927 886//886 1116//1116
f 1117//1117 1059//1059 1058//1058
f 1117//1117 1120//1120 1059//1059
f 1117//1117 1058//1058 1057//1057
f 1116//1116 886//886 1118//1118
f 929//929 1121//1121 1163//1163
f 929//929 994//994 1121//1121
f 1059//1059 1121//1121 994//994
f 1120//1120 1121//1121 1059//1059
f 1062//1062 929//929 1163//1163
f 1124//1124 1060//1060 995//995
f 1061//1061 1124//1124 995//995
f 1170//1170 1060//1060 1124//1124
f 998//998 1063//1063 1061//1061
f 1062//1062 1181//1181 1001//1001
f 1068//1068 1066//1066 1129//1129
f 1065//1065 1128//1128 1066//1066
f 1071//1071 1134//1134 1127//1127
f 1127//1127 2031//2031 1065//1065
f 1066//1066 1003//1003 1065//1065
f 1068//1068 1067//1067 1066//1066
f 1070//1070 1067//1067 1068//1068
f 1070//1070 1068//1068 1135//1135
f 1138//1138 1070//1070 1135//1135
f 1066//1066 1067//1067 1006//1006
f 1067//1067 1069//1069 1006//1006
f 1069//1069 1067//1067 1070//1070
f 1070//1070 1010//1010 1069//1069
f 1075//1075 1134//1134 1071//1071
f 1072//1072 1010//1010 1070//1070
f 1072//1072 1141//1141 1139//1139
f 1141//1141 1072//1072 1070//1070
f 1010//1010 1072//1072 1073//1073
f 1072//1072 1139//1139 1073//1073
f 1134//1134 1075//1075 1077//1077
f 1139//1139 1074//1074 1073//1073
f 1076//1076 1015//1015 1021//1021
f 1076//1076 1075//1075 1015//1015
f 1076//1076 1021//1021 1081//1081
f 1076//1076 1077//1077 1075//1075
f 1081//1081 1083//1083 1076//1076
f 1077//1077 1076//1076 1083//1083
f 1078//1078 1139//1139 1087//1087
f 1078//1078 1074//1074 1139//1139
f 1021//1021 1022//1022 1081//1081
f 1081//1081 1022//1022 1080//1080
f 1022//1022 1079//1079 1080//1080
f 1081//1081 1080//1080 1083//1083
f 1084//1084 1083//1083 1080//1080
f 1084//1084 1080//1080 1079//1079
f 1077//1077 1083//1083 1084//1084
f 1082//1082 1084//1084 1079//1079
f 1077//1077 1084//1084 1085//1085
f 1085//1085 1084//1084 1082//1082
f 1086//1086 1085//1085 1082//1082
f 1093//1093 1086//1086 1082//1082
f 1093//1093 1088//1088 1142//1142
f 1143//1143 1085//1085 1086//1086
f 1086//1086 1093//1093 1142//1142
f 1089//1089 1087//1087 1139//1139
f 1088//1088 1094//1094 1089//1089
f 1088//1088 1089//1089 1142//1142
f 1087//1087 1089//1089 1094//1094
f 1094//1094 1088//1088 1093//1093
f 1139//1139 1146//1146 1089//1089
f 1142//1142 1089//1089 1146//1146
f 1079//1079 1022//1022 1091//1091
f 1082//1082 1079//1079 1091//1091
f 1093//1093 1082//1082 1091//1091
f 1093//1093 1091//1091 1092//1092
f 1093//1093 1092//1092 1024//1024
f 1024//1024 1094//1094 1093//1093
f 1087//1087 1094//1094 1095//1095
f 1078//1078 1087//1087 1095//1095
f 1078//1078 1095//1095 1090//1090
f 1028//1028 1090//1090 1095//1095
f 1048//1048 1097//1097 1049//1049
f 1097//1097 1098//1098 1049//1049
f 1048//1048 1096//1096 1097//1097
f 1097//1097 1150//1150 1098//1098
f 1096//1096 1147//1147 1097//1097
f 1150//1150 1097//1097 1147//1147
f 1147//1147 1219//1219 1150//1150
f 1098//1098 1149//1149 1050//1050
f 1098//1098 1150//1150 1149//1149
f 1099//1099 1050//1050 1149//1149
f 1151//1151 1051//1051 1052//1052
f 1051//1051 1151//1151 1096//1096
f 1102//1102 1099//1099 1100//1100
f 1099//1099 1101//1101 1100//1100
f 1153//1153 1104//1104 1102//1102
f 1103//1103 1106//1106 1107//1107
f 1107//1107 1052//1052 1103//1103
f 1108//1108 1106//1106 1105//1105
f 1225//1225 1108//1108 1105//1105
f 1106//1106 1108//1108 1107//1107
f 1107//1107 1108//1108 1154//1154
f 1109//1109 1055//1055 1104//1104
f 1225//1225 1054//1054 1229//1229
f 1109//1109 1110//1110 1111//1111
f 1229//1229 1054//1054 991//991
f 1111//1111 1159//1159 1114//1114
f 1111//1111 1110//1110 1159//1159
f 1232//1232 927//927 1112//1112
f 1114//1114 1113//1113 1111//1111
f 1115//1115 1113//1113 1114//1114
f 1115//1115 1114//1114 1162//1162
f 1162//1162 1057//1057 1115//1115
f 927//927 1116//1116 1112//1112
f 1112//1112 1116//1116 1161//1161
f 1162//1162 1117//1117 1057//1057
f 1164//1164 1120//1120 1117//1117
f 1119//1119 1161//1161 1116//1116
f 1119//1119 1116//1116 1118//1118
f 1123//1123 1119//1119 1118//1118
f 1121//1121 1120//1120 1122//1122
f 1121//1121 1122//1122 1163//1163
f 1122//1122 1120//1120 1164//1164
f 886//886 1060//1060 1118//1118
f 1060//1060 1123//1123 1118//1118
f 1123//1123 1060//1060 1170//1170
f 1170//1170 1166//1166 1123//1123
f 1265//1265 1124//1124 1125//1125
f 1171//1171 1062//1062 1168//1168
f 1168//1168 1062//1062 1163//1163
f 1061//1061 1125//1125 1124//1124
f 1181//1181 1062//1062 1172//1172
f 1179//1179 1063//1063 1064//1064
f 1125//1125 1061//1061 1063//1063
f 1179//1179 1125//1125 1063//1063
f 1178//1178 1001//1001 1181//1181
f 1126//1126 1132//1132 1128//1128
f 2034//2034 2030//2030 1194//1194
f 2035//2035 1194//1194 1133//1133
f 1193//1193 1195//1195 1126//1126
f 1126//1126 1128//1128 1193//1193
f 2030//2030 2053//2053 1194//1194
f 1134//1134 1191//1191 1127//1127
f 1068//1068 1129//1129 1130//1130
f 1128//1128 1131//1131 2032//2032
f 2032//2032 1066//1066 1128//1128
f 1130//1130 1135//1135 1068//1068
f 2033//2033 1130//1130 1129//1129
f 2033//2033 1135//1135 1130//1130
f 1128//1128 1132//1132 1131//1131
f 1132//1132 2036//2036 1131//1131
f 1196//1196 2037//2037 1133//1133
f 1133//1133 2037//2037 2035//2035
f 1194//1194 1196//1196 1133//1133
f 1196//1196 1136//1136 2037//2037
f 1192//1192 1134//1134 1199//1199
f 1136//1136 1138//1138 1135//1135
f 1136//1136 1200//1200 1137//1137
f 1137//1137 1138//1138 1136//1136
f 1137//1137 1201//1201 1140//1140
f 1200//1200 1201//1201 1137//1137
f 1140//1140 1070//1070 1138//1138
f 1138//1138 1137//1137 1140//1140
f 1140//1140 1201//1201 1141//1141
f 1141//1141 1205//1205 1139//1139
f 1141//1141 1201//1201 1205//1205
f 1140//1140 1141//1141 1070//1070
f 1207//1207 1077//1077 1208//1208
f 1205//1205 1146//1146 1139//1139
f 1208//1208 1145//1145 1211//1211
f 1145//1145 1208//1208 1077//1077
f 1212//1212 2038//2038 1216//1216
f 1145//1145 1077//1077 1085//1085
f 1144//1144 1142//1142 1146//1146
f 2038//2038 1086//1086 1144//1144
f 1142//1142 1144//1144 1086//1086
f 1145//1145 1085//1085 1143//1143
f 1143//1143 1212//1212 1145//1145
f 1145//1145 1212//1212 1211//1211
f 1144//1144 1216//1216 2038//2038
f 1217//1217 1216//1216 1144//1144
f 1096//1096 1151//1151 1148//1148
f 1148//1148 1147//1147 1096//1096
f 1219//1219 1147//1147 1148//1148
f 1220//1220 1148//1148 1221//1221
f 1150//1150 1218//1218 1149//1149
f 1149//1149 1304//1304 1223//1223
f 1218//1218 1304//1304 1149//1149
f 1151//1151 1308//1308 1221//1221
f 1148//1148 1151//1151 1221//1221
f 1223//1223 1099//1099 1149//1149
f 1101//1101 1153//1153 1100//1100
f 1100//1100 1153//1153 1102//1102
f 1101//1101 1099//1099 1152//1152
f 1152//1152 1153//1153 1101//1101
f 1222//1222 1153//1153 1152//1152
f 1222//1222 1152//1152 1099//1099
f 1052//1052 1224//1224 1151//1151
f 1224//1224 1308//1308 1151//1151
f 1104//1104 1153//1153 1306//1306
f 1309//1309 1104//1104 1306//1306
f 1154//1154 1224//1224 1052//1052
f 1109//1109 1104//1104 1155//1155
f 1309//1309 1155//1155 1104//1104
f 1052//1052 1107//1107 1154//1154
f 1108//1108 1225//1225 1226//1226
f 1108//1108 1226//1226 1154//1154
f 1154//1154 1312//1312 1224//1224
f 1155//1155 1156//1156 1109//1109
f 1158//1158 1156//1156 1155//1155
f 1109//1109 1157//1157 1110//1110
f 1110//1110 1157//1157 1159//1159
f 1156//1156 1157//1157 1109//1109
f 1157//1157 1156//1156 1158//1158
f 1158//1158 1228//1228 1157//1157
f 1228//1228 1159//1159 1157//1157
f 1233//1233 1232//1232 1161//1161
f 1160//1160 1114//1114 1159//1159
f 1114//1114 1160//1160 1162//1162
f 1159//1159 1230//1230 1160//1160
f 1232//1232 1112//1112 1161//1161
f 1161//1161 1119//1119 1166//1166
f 1164//1164 1117//1117 1162//1162
f 1122//1122 1165//1165 1163//1163
f 1235//1235 1122//1122 1164//1164
f 1166//1166 1119//1119 1123//1123
f 1244//1244 1166//1166 1170//1170
f 1167//1167 1171//1171 1168//1168
f 1171//1171 1167//1167 1335//1335
f 1163//1163 1169//1169 1168//1168
f 1168//1168 1169//1169 1167//1167
f 1169//1169 1238//1238 1237//1237
f 1163//1163 1238//1238 1169//1169
f 1170//1170 1124//1124 1265//1265
f 1171//1171 1172//1172 1062//1062
f 1171//1171 1334//1334 1172//1172
f 1172//1172 1268//1268 1181//1181
f 1246//1246 1173//1173 1176//1176
f 1257//1257 1175//1175 2039//2039
f 1176//1176 1173//1173 1174//1174
f 2039//2039 1175//1175 2040//2040
f 1176//1176 1174//1174 1185//1185
f 2041//2041 1177//1177 2046//2046
f 2041//2041 2042//2042 1177//1177
f 2042//2042 2063//2063 1258//1258
f 1258//1258 1259//1259 2042//2042
f 1272//1272 1177//1177 2042//2042
f 1259//1259 1272//1272 2042//2042
f 1177//1177 1271//1271 2046//2046
f 1271//1271 1177//1177 1272//1272
f 1265//1265 1125//1125 1179//1179
f 1264//1264 1265//1265 1179//1179
f 1264//1264 1179//1179 1180//1180
f 1264//1264 1180//1180 1267//1267
f 1181//1181 1268//1268 1178//1178
f 1064//1064 1001//1001 1178//1178
f 1180//1180 1179//1179 1064//1064
f 1180//1180 1064//1064 1178//1178
f 1180//1180 1178//1178 1267//1267
f 1255//1255 1190//1190 1280//1280
f 2052//2052 1127//1127 1182//1182
f 1127//1127 1184//1184 1182//1182
f 2045//2045 1186//1186 2043//2043
f 1195//1195 2043//2043 1183//1183
f 2044//2044 1187//1187 2053//2053
f 1187//1187 1197//1197 2053//2053
f 2043//2043 1186//1186 1183//1183
f 1176//1176 2048//2048 1184//1184
f 1271//1271 2049//2049 2047//2047
f 1185//1185 2048//2048 1176//1176
f 1271//1271 1188//1188 2049//2049
f 2051//2051 2044//2044 2050//2050
f 1187//1187 2044//2044 2051//2051
f 1188//1188 1189//1189 1187//1187
f 1187//1187 1189//1189 1273//1273
f 1273//1273 1197//1197 1187//1187
f 1277//1277 1275//1275 1189//1189
f 1189//1189 1275//1275 1273//1273
f 1127//1127 1191//1191 1190//1190
f 1191//1191 1280//1280 1190//1190
f 1191//1191 1192//1192 1280//1280
f 2052//2052 2031//2031 1127//1127
f 2043//2043 1195//1195 1193//1193
f 1197//1197 1194//1194 2053//2053
f 1197//1197 1282//1282 1194//1194
f 1198//1198 1136//1136 1196//1196
f 1282//1282 1196//1196 1194//1194
f 1282//1282 1198//1198 1196//1196
f 1204//1204 1198//1198 1282//1282
f 1191//1191 1134//1134 1192//1192
f 1294//1294 1199//1199 1134//1134
f 1136//1136 1198//1198 1200//1200
f 1204//1204 1200//1200 1198//1198
f 1200//1200 1204//1204 1202//1202
f 1200//1200 1202//1202 1201//1201
f 1201//1201 1202//1202 1203//1203
f 1202//1202 1204//1204 1203//1203
f 1205//1205 1203//1203 1204//1204
f 1201//1201 1203//1203 1205//1205
f 1293//1293 1205//1205 1204//1204
f 1134//1134 1077//1077 1207//1207
f 1207//1207 1206//1206 1298//1298
f 1206//1206 1207//1207 1208//1208
f 1209//1209 1208//1208 1211//1211
f 1214//1214 1209//1209 1213//1213
f 1208//1208 1210//1210 1206//1206
f 1209//1209 1210//1210 1208//1208
f 1298//1298 1206//1206 1210//1210
f 1209//1209 1211//1211 1212//1212
f 1212//1212 1216//1216 1215//1215
f 1209//1209 1212//1212 1213//1213
f 1212//1212 1215//1215 1213//1213
f 1214//1214 1213//1213 1215//1215
f 1217//1217 1215//1215 1216//1216
f 1148//1148 1220//1220 1219//1219
f 1219//1219 1218//1218 1150//1150
f 1219//1219 1305//1305 1218//1218
f 1400//1400 1220//1220 1221//1221
f 1222//1222 1099//1099 1223//1223
f 1221//1221 1308//1308 1307//1307
f 1307//1307 1400//1400 1221//1221
f 1222//1222 1306//1306 1153//1153
f 1306//1306 1222//1222 1223//1223
f 1312//1312 1313//1313 1224//1224
f 1309//1309 1310//1310 1155//1155
f 1226//1226 1225//1225 1311//1311
f 1311//1311 1225//1225 1229//1229
f 1227//1227 1158//1158 1155//1155
f 1228//1228 1158//1158 1227//1227
f 1310//1310 1227//1227 1155//1155
f 1228//1228 1227//1227 1231//1231
f 1311//1311 1229//1229 1314//1314
f 1230//1230 1159//1159 1228//1228
f 1231//1231 1230//1230 1228//1228
f 1232//1232 1229//1229 991//991
f 1318//1318 1232//1232 1233//1233
f 1160//1160 1230//1230 1411//1411
f 1317//1317 1160//1160 1411//1411
f 1317//1317 1162//1162 1160//1160
f 1234//1234 1233//1233 1161//1161
f 1423//1423 1235//1235 1164//1164
f 1164//1164 1162//1162 1416//1416
f 1416//1416 1423//1423 1164//1164
f 1234//1234 1244//1244 1318//1318
f 1233//1233 1234//1234 1318//1318
f 1161//1161 1166//1166 1244//1244
f 1234//1234 1161//1161 1244//1244
f 1163//1163 1240//1240 1238//1238
f 1165//1165 1235//1235 1236//1236
f 1235//1235 1165//1165 1122//1122
f 1240//1240 1163//1163 1165//1165
f 1236//1236 1240//1240 1165//1165
f 1241//1241 1240//1240 1236//1236
f 1318//1318 1244//1244 1333//1333
f 1320//1320 1167//1167 1323//1323
f 1167//1167 1320//1320 1335//1335
f 1169//1169 1323//1323 1167//1167
f 1169//1169 1237//1237 1323//1323
f 1323//1323 1237//1237 1336//1336
f 2057//2057 2054//2054 2056//2056
f 1237//1237 1238//1238 1239//1239
f 2054//2054 2057//2057 2055//2055
f 1242//1242 2058//2058 1324//1324
f 1243//1243 1242//1242 1324//1324
f 1266//1266 1244//1244 1170//1170
f 1335//1335 1334//1334 1171//1171
f 1336//1336 1237//1237 1337//1337
f 1346//1346 1245//1245 1246//1246
f 1337//1337 1245//1245 1346//1346
f 1239//1239 1247//1247 1245//1245
f 1246//1246 1245//1245 1247//1247
f 1237//1237 1239//1239 1245//1245
f 1237//1237 1245//1245 1337//1337
f 1247//1247 2059//2059 1173//1173
f 2057//2057 2060//2060 2055//2055
f 2055//2055 2060//2060 2061//2061
f 1242//1242 1243//1243 1248//1248
f 1243//1243 1251//1251 1248//1248
f 1248//1248 1252//1252 1249//1249
f 1248//1248 2062//2062 1250//1250
f 1248//1248 1251//1251 1252//1252
f 1252//1252 1253//1253 1249//1249
f 2062//2062 1263//1263 1250//1250
f 1327//1327 1251//1251 1243//1243
f 1252//1252 1251//1251 1327//1327
f 1327//1327 1338//1338 1252//1252
f 1253//1253 1252//1252 1338//1338
f 1253//1253 1339//1339 1249//1249
f 1170//1170 1265//1265 1266//1266
f 1342//1342 1254//1254 1343//1343
f 1342//1342 1270//1270 1254//1254
f 1343//1343 1254//1254 1172//1172
f 1255//1255 1346//1346 1246//1246
f 1346//1346 1255//1255 1344//1344
f 1184//1184 1246//1246 1176//1176
f 1247//1247 1173//1173 1246//1246
f 1255//1255 1246//1246 1184//1184
f 1258//1258 2064//2064 1260//1260
f 1257//1257 2039//2039 1242//1242
f 1242//1242 1256//1256 1257//1257
f 1256//1256 1260//1260 2064//2064
f 1258//1258 1261//1261 1259//1259
f 1261//1261 1258//1258 1260//1260
f 1259//1259 1276//1276 1272//1272
f 1259//1259 1261//1261 1276//1276
f 1261//1261 1262//1262 1276//1276
f 1248//1248 1256//1256 1242//1242
f 1262//1262 1261//1261 1260//1260
f 1262//1262 2065//2065 1276//1276
f 1277//1277 1262//1262 1278//1278
f 1248//1248 1250//1250 1256//1256
f 1256//1256 1250//1250 1260//1260
f 1260//1260 1250//1250 1262//1262
f 1262//1262 1250//1250 1263//1263
f 1262//1262 1263//1263 1278//1278
f 1266//1266 1265//1265 1264//1264
f 1264//1264 1267//1267 1269//1269
f 1347//1347 1264//1264 1269//1269
f 1266//1266 1264//1264 1347//1347
f 1347//1347 1269//1269 1348//1348
f 1269//1269 1178//1178 1268//1268
f 1254//1254 1268//1268 1172//1172
f 1268//1268 1254//1254 1270//1270
f 1270//1270 1269//1269 1268//1268
f 1269//1269 1267//1267 1178//1178
f 1269//1269 1270//1270 1348//1348
f 1255//1255 1184//1184 1190//1190
f 1280//1280 1344//1344 1255//1255
f 1190//1190 1184//1184 1127//1127
f 1271//1271 1274//1274 1188//1188
f 1271//1271 1272//1272 1274//1274
f 1188//1188 1274//1274 1189//1189
f 1274//1274 2065//2065 1189//1189
f 1272//1272 1276//1276 1274//1274
f 1276//1276 2065//2065 1274//1274
f 1278//1278 1275//1275 1277//1277
f 1283//1283 1275//1275 1278//1278
f 1285//1285 2067//2067 2066//2066
f 1355//1355 1285//1285 2066//2066
f 1355//1355 1278//1278 1476//1476
f 1192//1192 1281//1281 1280//1280
f 1280//1280 1281//1281 1279//1279
f 1281//1281 1192//1192 1286//1286
f 1279//1279 1281//1281 1286//1286
f 1359//1359 1288//1288 1351//1351
f 1353//1353 1359//1359 1351//1351
f 1197//1197 1273//1273 1282//1282
f 1273//1273 1275//1275 1282//1282
f 2069//2069 1282//1282 1275//1275
f 1283//1283 2069//2069 1275//1275
f 1284//1284 1288//1288 2068//2068
f 1285//1285 1284//1284 2067//2067
f 1351//1351 1288//1288 1284//1284
f 1355//1355 1352//1352 1285//1285
f 1352//1352 1351//1351 1285//1285
f 1351//1351 1284//1284 1285//1285
f 1356//1356 1286//1286 1199//1199
f 1286//1286 1356//1356 1279//1279
f 1286//1286 1192//1192 1199//1199
f 1288//1288 1359//1359 1287//1287
f 1359//1359 1360//1360 1287//1287
f 1360//1360 1204//1204 1287//1287
f 1288//1288 1204//1204 1282//1282
f 1288//1288 1287//1287 1204//1204
f 1295//1295 1289//1289 1294//1294
f 1290//1290 1199//1199 1289//1289
f 1199//1199 1294//1294 1289//1289
f 1290//1290 1356//1356 1199//1199
f 1291//1291 1290//1290 1289//1289
f 1292//1292 1356//1356 1290//1290
f 1291//1291 1292//1292 1290//1290
f 1367//1367 1291//1291 1289//1289
f 1292//1292 1366//1366 1356//1356
f 1367//1367 1366//1366 1292//1292
f 1291//1291 1367//1367 1292//1292
f 1376//1376 1367//1367 1289//1289
f 2070//2070 1146//1146 1205//1205
f 2070//2070 1370//1370 1146//1146
f 1204//1204 1370//1370 1293//1293
f 1207//1207 1294//1294 1134//1134
f 1295//1295 1294//1294 1207//1207
f 1295//1295 1207//1207 1296//1296
f 1376//1376 1289//1289 1295//1295
f 1296//1296 1297//1297 1387//1387
f 1387//1387 1297//1297 1388//1388
f 1298//1298 1299//1299 1207//1207
f 1299//1299 1298//1298 1297//1297
f 1296//1296 1207//1207 1299//1299
f 1296//1296 1299//1299 1297//1297
f 1300//1300 1214//1214 1397//1397
f 1301//1301 1300//1300 1302//1302
f 2071//2071 1300//1300 1397//1397
f 1297//1297 1298//1298 1303//1303
f 1301//1301 1303//1303 1298//1298
f 1302//1302 1303//1303 1301//1301
f 1297//1297 1303//1303 1388//1388
f 1209//1209 1300//1300 1210//1210
f 1209//1209 1214//1214 1300//1300
f 1301//1301 1298//1298 1210//1210
f 1210//1210 1300//1300 1301//1301
f 1397//1397 1214//1214 1215//1215
f 1144//1144 1598//1598 1217//1217
f 1598//1598 1144//1144 1146//1146
f 1305//1305 1219//1219 1220//1220
f 1400//1400 1305//1305 1220//1220
f 1305//1305 1304//1304 1218//1218
f 1306//1306 1223//1223 1304//1304
f 1224//1224 1313//1313 1407//1407
f 1311//1311 1312//1312 1226//1226
f 1315//1315 1312//1312 1311//1311
f 1226//1226 1312//1312 1154//1154
f 1313//1313 1312//1312 1315//1315
f 1527//1527 1224//1224 1407//1407
f 1310//1310 1231//1231 1227//1227
f 1311//1311 1314//1314 1315//1315
f 1314//1314 1229//1229 1316//1316
f 1314//1314 1405//1405 1315//1315
f 1406//1406 1313//1313 1315//1315
f 1313//1313 1406//1406 1407//1407
f 1525//1525 1230//1230 1231//1231
f 1411//1411 1230//1230 1525//1525
f 1229//1229 1232//1232 1316//1316
f 1404//1404 1314//1314 1316//1316
f 1232//1232 1318//1318 1412//1412
f 1316//1316 1232//1232 1412//1412
f 1404//1404 1316//1316 1412//1412
f 1162//1162 1317//1317 1416//1416
f 1423//1423 1236//1236 1235//1235
f 1325//1325 1241//1241 1236//1236
f 1422//1422 1325//1325 1236//1236
f 1422//1422 1236//1236 1423//1423
f 1325//1325 1422//1422 1437//1437
f 1333//1333 1451//1451 1318//1318
f 1335//1335 1319//1319 1334//1334
f 1321//1321 1319//1319 1320//1320
f 1322//1322 1320//1320 1323//1323
f 1320//1320 1319//1319 1335//1335
f 1431//1431 1323//1323 1434//1434
f 1320//1320 1322//1322 1321//1321
f 1322//1322 1323//1323 1431//1431
f 1321//1321 1322//1322 1430//1430
f 1430//1430 1322//1322 1432//1432
f 1432//1432 1322//1322 1431//1431
f 1336//1336 1434//1434 1323//1323
f 1324//1324 2058//2058 1325//1325
f 1437//1437 1324//1324 1325//1325
f 1324//1324 1437//1437 1439//1439
f 1324//1324 1326//1326 1243//1243
f 1326//1326 1440//1440 1442//1442
f 1327//1327 1243//1243 1326//1326
f 1327//1327 1442//1442 1328//1328
f 1328//1328 1339//1339 1327//1327
f 1327//1327 1326//1326 1442//1442
f 1442//1442 1330//1330 1328//1328
f 1328//1328 1330//1330 1339//1339
f 1339//1339 1330//1330 1331//1331
f 2073//2073 1329//1329 1339//1339
f 1330//1330 1332//1332 1331//1331
f 1330//1330 1442//1442 1332//1332
f 1442//1442 1443//1443 1332//1332
f 1443//1443 1331//1331 1332//1332
f 1452//1452 1460//1460 1334//1334
f 1337//1337 1345//1345 1453//1453
f 1339//1339 1338//1338 1327//1327
f 1253//1253 1338//1338 1339//1339
f 1249//1249 1339//1339 1329//1329
f 1263//1263 2062//2062 2072//2072
f 1278//1278 1263//1263 1476//1476
f 1333//1333 1244//1244 1266//1266
f 1347//1347 1457//1457 1266//1266
f 1341//1341 1342//1342 1343//1343
f 1341//1341 1340//1340 1342//1342
f 1341//1341 1461//1461 1340//1340
f 1460//1460 1343//1343 1334//1334
f 1460//1460 1341//1341 1343//1343
f 1460//1460 1461//1461 1341//1341
f 1462//1462 1457//1457 1347//1347
f 1347//1347 1340//1340 1462//1462
f 1342//1342 1340//1340 1270//1270
f 1334//1334 1343//1343 1172//1172
f 1344//1344 1345//1345 1346//1346
f 1280//1280 1349//1349 1344//1344
f 1345//1345 1337//1337 1346//1346
f 1344//1344 1463//1463 1345//1345
f 1463//1463 1344//1344 1349//1349
f 1463//1463 1453//1453 1345//1345
f 1340//1340 1348//1348 1270//1270
f 1348//1348 1340//1340 1347//1347
f 1280//1280 1279//1279 1349//1349
f 1349//1349 1279//1279 1350//1350
f 1350//1350 1465//1465 1349//1349
f 1350//1350 1279//1279 1357//1357
f 1358//1358 1350//1350 1357//1357
f 1469//1469 1350//1350 1358//1358
f 1352//1352 1353//1353 1351//1351
f 1354//1354 1353//1353 1352//1352
f 1352//1352 1355//1355 1354//1354
f 1354//1354 1471//1471 1470//1470
f 1353//1353 1354//1354 1479//1479
f 1479//1479 1354//1354 1470//1470
f 1355//1355 1476//1476 1471//1471
f 1355//1355 1471//1471 1354//1354
f 1357//1357 1363//1363 1358//1358
f 1364//1364 1279//1279 1356//1356
f 1357//1357 1279//1279 2076//2076
f 1364//1364 1356//1356 1366//1366
f 1353//1353 1360//1360 1359//1359
f 1361//1361 1360//1360 1353//1353
f 1361//1361 1369//1369 1360//1360
f 1369//1369 1362//1362 1370//1370
f 1361//1361 1362//1362 1369//1369
f 1353//1353 1478//1478 1361//1361
f 1479//1479 1478//1478 1353//1353
f 1361//1361 1480//1480 1362//1362
f 2074//2074 1365//1365 1371//1371
f 1484//1484 2075//2075 2078//2078
f 1365//1365 1357//1357 2076//2076
f 2077//2077 1364//1364 1375//1375
f 1375//1375 1364//1364 1368//1368
f 1357//1357 1365//1365 2074//2074
f 1368//1368 1364//1364 1366//1366
f 1366//1366 1367//1367 1368//1368
f 1376//1376 1378//1378 1367//1367
f 1367//1367 1378//1378 1368//1368
f 1379//1379 1375//1375 1368//1368
f 1368//1368 1378//1378 1379//1379
f 1369//1369 1204//1204 1360//1360
f 1370//1370 1204//1204 1369//1369
f 1383//1383 1380//1380 2079//2079
f 2080//2080 1372//1372 1383//1383
f 1372//1372 1373//1373 1383//1383
f 2081//2081 1385//1385 2078//2078
f 2078//2078 1385//1385 1484//1484
f 2080//2080 2077//2077 1372//1372
f 1372//1372 2077//2077 1373//1373
f 1379//1379 1377//1377 1374//1374
f 2077//2077 1375//1375 1373//1373
f 1375//1375 1379//1379 1373//1373
f 1379//1379 1374//1374 1373//1373
f 1377//1377 1376//1376 1295//1295
f 1377//1377 1295//1295 1296//1296
f 1376//1376 1377//1377 1378//1378
f 1377//1377 1296//1296 1387//1387
f 1377//1377 1387//1387 1374//1374
f 1378//1378 1377//1377 1379//1379
f 1383//1383 1381//1381 1380//1380
f 1381//1381 1383//1383 1389//1389
f 1384//1384 1393//1393 1383//1383
f 1383//1383 1393//1393 1389//1389
f 2081//2081 1382//1382 1385//1385
f 1382//1382 2081//2081 2082//2082
f 2082//2082 1497//1497 1382//1382
f 1381//1381 1389//1389 1497//1497
f 1385//1385 1382//1382 1485//1485
f 1383//1383 1373//1373 1384//1384
f 1373//1373 1391//1391 1384//1384
f 1384//1384 1391//1391 1393//1393
f 1388//1388 1395//1395 1374//1374
f 1386//1386 1374//1374 1395//1395
f 1395//1395 1391//1391 1386//1386
f 1373//1373 1386//1386 1391//1391
f 1387//1387 1388//1388 1374//1374
f 1386//1386 1373//1373 1374//1374
f 1389//1389 1393//1393 1390//1390
f 1496//1496 1382//1382 1497//1497
f 1498//1498 1497//1497 1389//1389
f 1499//1499 1498//1498 1389//1389
f 1393//1393 1391//1391 1392//1392
f 1391//1391 1395//1395 1392//1392
f 1390//1390 1393//1393 1392//1392
f 1388//1388 1303//1303 1394//1394
f 1394//1394 1395//1395 1388//1388
f 1395//1395 1394//1394 1392//1392
f 1392//1392 1394//1394 1390//1390
f 1394//1394 1396//1396 1390//1390
f 1396//1396 1394//1394 1303//1303
f 1303//1303 1302//1302 1396//1396
f 1397//1397 1398//1398 1396//1396
f 1399//1399 1217//1217 1598//1598
f 1370//1370 1598//1598 1146//1146
f 1507//1507 1396//1396 1398//1398
f 1506//1506 1396//1396 1507//1507
f 1396//1396 2071//2071 1397//1397
f 2083//2083 1215//1215 1399//1399
f 1215//1215 1217//1217 1399//1399
f 2083//2083 1399//1399 2084//2084
f 1507//1507 2084//2084 1508//1508
f 2084//2084 1399//1399 1508//1508
f 1305//1305 1400//1400 1401//1401
f 1402//1402 1304//1304 1305//1305
f 1402//1402 1306//1306 1304//1304
f 1401//1401 1402//1402 1305//1305
f 1401//1401 1511//1511 1402//1402
f 1512//1512 1306//1306 1402//1402
f 1512//1512 1518//1518 1306//1306
f 1307//1307 1308//1308 1516//1516
f 1309//1309 1306//1306 1403//1403
f 1309//1309 1403//1403 1310//1310
f 1306//1306 1518//1518 1403//1403
f 1310//1310 1403//1403 1525//1525
f 1231//1231 1310//1310 1525//1525
f 1224//1224 1527//1527 1308//1308
f 1527//1527 1536//1536 1308//1308
f 1404//1404 1405//1405 1314//1314
f 1413//1413 1414//1414 1404//1404
f 1405//1405 1404//1404 1414//1414
f 1315//1315 1405//1405 1406//1406
f 1406//1406 1408//1408 1407//1407
f 1406//1406 1405//1405 1409//1409
f 1405//1405 1414//1414 1409//1409
f 1406//1406 1409//1409 1408//1408
f 1410//1410 1407//1407 1408//1408
f 1408//1408 1409//1409 1415//1415
f 2085//2085 1409//1409 1414//1414
f 1410//1410 1408//1408 1415//1415
f 1415//1415 1532//1532 1410//1410
f 1411//1411 1416//1416 1317//1317
f 1411//1411 1417//1417 1416//1416
f 1412//1412 1413//1413 1404//1404
f 1413//1413 1412//1412 1318//1318
f 1413//1413 2086//2086 1414//1414
f 1541//1541 2086//2086 1413//1413
f 1417//1417 1419//1419 1418//1418
f 1416//1416 1417//1417 1418//1418
f 1528//1528 1419//1419 1417//1417
f 1423//1423 1416//1416 1421//1421
f 1451//1451 1542//1542 1318//1318
f 1413//1413 1318//1318 1542//1542
f 1419//1419 1420//1420 1418//1418
f 1420//1420 1421//1421 1418//1418
f 1421//1421 1416//1416 1418//1418
f 1420//1420 1419//1419 1539//1539
f 1540//1540 1421//1421 1420//1420
f 1423//1423 1424//1424 1422//1422
f 1424//1424 1425//1425 1422//1422
f 1425//1425 1437//1437 1422//1422
f 1421//1421 1424//1424 1423//1423
f 1425//1425 1424//1424 1421//1421
f 1421//1421 1549//1549 1425//1425
f 1429//1429 1426//1426 1334//1334
f 1319//1319 1321//1321 1427//1427
f 1319//1319 1427//1427 1334//1334
f 1428//1428 1427//1427 1433//1433
f 1427//1427 1430//1430 1433//1433
f 1435//1435 1428//1428 1433//1433
f 1429//1429 1427//1427 1428//1428
f 1427//1427 1429//1429 1334//1334
f 1435//1435 1547//1547 1428//1428
f 1428//1428 1547//1547 1429//1429
f 1321//1321 1430//1430 1427//1427
f 1432//1432 1431//1431 1434//1434
f 1433//1433 1430//1430 1432//1432
f 1435//1435 1433//1433 1436//1436
f 1433//1433 1432//1432 1436//1436
f 1436//1436 1432//1432 1434//1434
f 1548//1548 1435//1435 1436//1436
f 1441//1441 1440//1440 1439//1439
f 1437//1437 1425//1425 1438//1438
f 1438//1438 1439//1439 1437//1437
f 1441//1441 1439//1439 1438//1438
f 1549//1549 1438//1438 1425//1425
f 1549//1549 1441//1441 1438//1438
f 1440//1440 1324//1324 1439//1439
f 1440//1440 1326//1326 1324//1324
f 1550//1550 1440//1440 1441//1441
f 1440//1440 1627//1627 1442//1442
f 1551//1551 1442//1442 1627//1627
f 1444//1444 1331//1331 1443//1443
f 2073//2073 2087//2087 1329//1329
f 1442//1442 1447//1447 1443//1443
f 1443//1443 1447//1447 1444//1444
f 1445//1445 2072//2072 2088//2088
f 1556//1556 2072//2072 1445//1445
f 1446//1446 1445//1445 2088//2088
f 2090//2090 2089//2089 2091//2091
f 1447//1447 1448//1448 1446//1446
f 1447//1447 1442//1442 1552//1552
f 1448//1448 1447//1447 1552//1552
f 1446//1446 1448//1448 1449//1449
f 1445//1445 1446//1446 1450//1450
f 1446//1446 1449//1449 1450//1450
f 1551//1551 1552//1552 1442//1442
f 1448//1448 1552//1552 1553//1553
f 1553//1553 1449//1449 1448//1448
f 1458//1458 1333//1333 1456//1456
f 1333//1333 1458//1458 1451//1451
f 1554//1554 1555//1555 1544//1544
f 1452//1452 1334//1334 1426//1426
f 1555//1555 1452//1452 1426//1426
f 1624//1624 1434//1434 1454//1454
f 1434//1434 1336//1336 1454//1454
f 1454//1454 1336//1336 1453//1453
f 1454//1454 1453//1453 1455//1455
f 1455//1455 1453//1453 1463//1463
f 1336//1336 1337//1337 1453//1453
f 1263//1263 2072//2072 1476//1476
f 1556//1556 1445//1445 1450//1450
f 1456//1456 1266//1266 1457//1457
f 1456//1456 1333//1333 1266//1266
f 1456//1456 1459//1459 1458//1458
f 1459//1459 1456//1456 1457//1457
f 1462//1462 1555//1555 2092//2092
f 2092//2092 1555//1555 2093//2093
f 1451//1451 1458//1458 1459//1459
f 2097//2097 1451//1451 1459//1459
f 1555//1555 1554//1554 2093//2093
f 1461//1461 1462//1462 1340//1340
f 1452//1452 1461//1461 1460//1460
f 1452//1452 1555//1555 1461//1461
f 1462//1462 1461//1461 1555//1555
f 1464//1464 1455//1455 1463//1463
f 1624//1624 1455//1455 1464//1464
f 1349//1349 1464//1464 1463//1463
f 1465//1465 1464//1464 1349//1349
f 1464//1464 1465//1465 1467//1467
f 1464//1464 1467//1467 1560//1560
f 1624//1624 1464//1464 1560//1560
f 1476//1476 2072//2072 1556//1556
f 1350//1350 1466//1466 1465//1465
f 1465//1465 1466//1466 1467//1467
f 1466//1466 1350//1350 1469//1469
f 1467//1467 1466//1466 1468//1468
f 1467//1467 1468//1468 1560//1560
f 1469//1469 1468//1468 1466//1466
f 1477//1477 1358//1358 1363//1363
f 1477//1477 1469//1469 1358//1358
f 1477//1477 1574//1574 1469//1469
f 1470//1470 1471//1471 1472//1472
f 1470//1470 1472//1472 1473//1473
f 1471//1471 1476//1476 1475//1475
f 1472//1472 1471//1471 1474//1474
f 1474//1474 1473//1473 1472//1472
f 1565//1565 1475//1475 1570//1570
f 1474//1474 1471//1471 1566//1566
f 1565//1565 1566//1566 1471//1471
f 1565//1565 1471//1471 1475//1475
f 1476//1476 1570//1570 1475//1475
f 1479//1479 1481//1481 1478//1478
f 1481//1481 1480//1480 1478//1478
f 1480//1480 1361//1361 1478//1478
f 1480//1480 1482//1482 1362//1362
f 1481//1481 1482//1482 1480//1480
f 1481//1481 1479//1479 1470//1470
f 1481//1481 1473//1473 1482//1482
f 1483//1483 1362//1362 1482//1482
f 1473//1473 1481//1481 1470//1470
f 1473//1473 1474//1474 1581//1581
f 1473//1473 1581//1581 1482//1482
f 1482//1482 1582//1582 1483//1483
f 1474//1474 1580//1580 1581//1581
f 1363//1363 1484//1484 1593//1593
f 1362//1362 1483//1483 1370//1370
f 1485//1485 1596//1596 1484//1484
f 1382//1382 1500//1500 1485//1485
f 1596//1596 1485//1485 1501//1501
f 1385//1385 1485//1485 1484//1484
f 1596//1596 1593//1593 1484//1484
f 1486//1486 1496//1496 1497//1497
f 1498//1498 1486//1486 1497//1497
f 1499//1499 1487//1487 1498//1498
f 1496//1496 1486//1486 1500//1500
f 1486//1486 1498//1498 1487//1487
f 1500//1500 1486//1486 1488//1488
f 1488//1488 1486//1486 1489//1489
f 1489//1489 1486//1486 1487//1487
f 1487//1487 1492//1492 1489//1489
f 1488//1488 1501//1501 1500//1500
f 1490//1490 1488//1488 1489//1489
f 1488//1488 1490//1490 1501//1501
f 1490//1490 1494//1494 1493//1493
f 1493//1493 1501//1501 1490//1490
f 1489//1489 1492//1492 1491//1491
f 1491//1491 1490//1490 1489//1489
f 1491//1491 1494//1494 1490//1490
f 1491//1491 1492//1492 1494//1494
f 1505//1505 1503//1503 1492//1492
f 1495//1495 1493//1493 1494//1494
f 1492//1492 2094//2094 1494//1494
f 1600//1600 1495//1495 1494//1494
f 1500//1500 1382//1382 1496//1496
f 1389//1389 1390//1390 1499//1499
f 1499//1499 1502//1502 1487//1487
f 1501//1501 1485//1485 1500//1500
f 1501//1501 1493//1493 1596//1596
f 1493//1493 1495//1495 1596//1596
f 1508//1508 1399//1399 1597//1597
f 1598//1598 1597//1597 1399//1399
f 1492//1492 1487//1487 1502//1502
f 1505//1505 1492//1492 1502//1502
f 1504//1504 1505//1505 1502//1502
f 1602//1602 1503//1503 1505//1505
f 1601//1601 1600//1600 1494//1494
f 2094//2094 1601//1601 1494//1494
f 1601//1601 1503//1503 1602//1602
f 1504//1504 1499//1499 1390//1390
f 1504//1504 1390//1390 1396//1396
f 1504//1504 1502//1502 1499//1499
f 1506//1506 1504//1504 1396//1396
f 1505//1505 1504//1504 1506//1506
f 1505//1505 1506//1506 1602//1602
f 1603//1603 1506//1506 1507//1507
f 1603//1603 1602//1602 1506//1506
f 1604//1604 1507//1507 1508//1508
f 1401//1401 1400//1400 1509//1509
f 1511//1511 1401//1401 1509//1509
f 1513//1513 1510//1510 1307//1307
f 1510//1510 1400//1400 1307//1307
f 1511//1511 1512//1512 1402//1402
f 1509//1509 1400//1400 1510//1510
f 1509//1509 1510//1510 1514//1514
f 1509//1509 1514//1514 1511//1511
f 1510//1510 1513//1513 1515//1515
f 1515//1515 1514//1514 1510//1510
f 1519//1519 1511//1511 1514//1514
f 1519//1519 1514//1514 1606//1606
f 1514//1514 1515//1515 1606//1606
f 1307//1307 1516//1516 1513//1513
f 1516//1516 1520//1520 1521//1521
f 1521//1521 1513//1513 1516//1516
f 1513//1513 1521//1521 1517//1517
f 1517//1517 1515//1515 1513//1513
f 1511//1511 1519//1519 1512//1512
f 1519//1519 1518//1518 1512//1512
f 1518//1518 1519//1519 1523//1523
f 1518//1518 1523//1523 1403//1403
f 1308//1308 1524//1524 1516//1516
f 1520//1520 1516//1516 1524//1524
f 1521//1521 1522//1522 1517//1517
f 1522//1522 1521//1521 1520//1520
f 1608//1608 1522//1522 1520//1520
f 1403//1403 1523//1523 1525//1525
f 1523//1523 1519//1519 1607//1607
f 1525//1525 1523//1523 1607//1607
f 1520//1520 1524//1524 1608//1608
f 1608//1608 1524//1524 1612//1612
f 1525//1525 1417//1417 1411//1411
f 1417//1417 1525//1525 1607//1607
f 1308//1308 1536//1536 1524//1524
f 1417//1417 1607//1607 1526//1526
f 1410//1410 1532//1532 1407//1407
f 1536//1536 1527//1527 1534//1534
f 1524//1524 1536//1536 1619//1619
f 1528//1528 1417//1417 1526//1526
f 1419//1419 1528//1528 1529//1529
f 1526//1526 1530//1530 1528//1528
f 1528//1528 1530//1530 1529//1529
f 1526//1526 1613//1613 1530//1530
f 1531//1531 1529//1529 1530//1530
f 1613//1613 1615//1615 1530//1530
f 1615//1615 1531//1531 1530//1530
f 1541//1541 1533//1533 2086//2086
f 1415//1415 2095//2095 1532//1532
f 1407//1407 1532//1532 1527//1527
f 2095//2095 1544//1544 1532//1532
f 1527//1527 1532//1532 1534//1534
f 1534//1534 1532//1532 1535//1535
f 1534//1534 1535//1535 1536//1536
f 1535//1535 1545//1545 1546//1546
f 1619//1619 1536//1536 1620//1620
f 1536//1536 1535//1535 1546//1546
f 1536//1536 1546//1546 1620//1620
f 1546//1546 1537//1537 1620//1620
f 1529//1529 1538//1538 1419//1419
f 1529//1529 1531//1531 1538//1538
f 1688//1688 1538//1538 1531//1531
f 1538//1538 1540//1540 1539//1539
f 1540//1540 1420//1420 1539//1539
f 1538//1538 1539//1539 1419//1419
f 1541//1541 1413//1413 1542//1542
f 1541//1541 1543//1543 1533//1533
f 1542//1542 2096//2096 1541//1541
f 2096//2096 1542//1542 1451//1451
f 2097//2097 2096//2096 1451//1451
f 1533//1533 1543//1543 1544//1544
f 1554//1554 1544//1544 1543//1543
f 1532//1532 1544//1544 1535//1535
f 1535//1535 1544//1544 1545//1545
f 1555//1555 1426//1426 1545//1545
f 1544//1544 1555//1555 1545//1545
f 1546//1546 1545//1545 1426//1426
f 1429//1429 1546//1546 1426//1426
f 1546//1546 1429//1429 1537//1537
f 1429//1429 1547//1547 1537//1537
f 1547//1547 1435//1435 1548//1548
f 1547//1547 1548//1548 1623//1623
f 1624//1624 1684//1684 1548//1548
f 1548//1548 1684//1684 1623//1623
f 1624//1624 1548//1548 1436//1436
f 1624//1624 1436//1436 1434//1434
f 1540//1540 1549//1549 1421//1421
f 1549//1549 1550//1550 1441//1441
f 1627//1627 1440//1440 1550//1550
f 1627//1627 1628//1628 1551//1551
f 1551//1551 1628//1628 1552//1552
f 1450//1450 1449//1449 1557//1557
f 1632//1632 1552//1552 1628//1628
f 1454//1454 1455//1455 1624//1624
f 1556//1556 1450//1450 1557//1557
f 1449//1449 1558//1558 1557//1557
f 1559//1559 1449//1449 1553//1553
f 1558//1558 1449//1449 1559//1559
f 1559//1559 1553//1553 1631//1631
f 1552//1552 1631//1631 1553//1553
f 1559//1559 1631//1631 1633//1633
f 1559//1559 1633//1633 1558//1558
f 1558//1558 1633//1633 1557//1557
f 1637//1637 1624//1624 1560//1560
f 1637//1637 1560//1560 1639//1639
f 1648//1648 1476//1476 1556//1556
f 1561//1561 1560//1560 1468//1468
f 1640//1640 1560//1560 1561//1561
f 1640//1640 1561//1561 1725//1725
f 1468//1468 1642//1642 1561//1561
f 1642//1642 1725//1725 1561//1561
f 1562//1562 1468//1468 1469//1469
f 1642//1642 1468//1468 1563//1563
f 1468//1468 1562//1562 1563//1563
f 1469//1469 1574//1574 1562//1562
f 1562//1562 1574//1574 1575//1575
f 1588//1588 1642//1642 1563//1563
f 1562//1562 2106//2106 1563//1563
f 1564//1564 1642//1642 1588//1588
f 2098//2098 1568//1568 1645//1645
f 2098//2098 1645//1645 1641//1641
f 1565//1565 1570//1570 1571//1571
f 1474//1474 1566//1566 1580//1580
f 1569//1569 1566//1566 1567//1567
f 1566//1566 1565//1565 2099//2099
f 1567//1567 1565//1565 1571//1571
f 1566//1566 1568//1568 1580//1580
f 1569//1569 1568//1568 1566//1566
f 1569//1569 1567//1567 1644//1644
f 1567//1567 1571//1571 1573//1573
f 1645//1645 1568//1568 1569//1569
f 1644//1644 1567//1567 1650//1650
f 1567//1567 1573//1573 1650//1650
f 1572//1572 1570//1570 1476//1476
f 1571//1571 1570//1570 1572//1572
f 1648//1648 1572//1572 1476//1476
f 1572//1572 1648//1648 1647//1647
f 1571//1571 1572//1572 1573//1573
f 1572//1572 1647//1647 1573//1573
f 1650//1650 1573//1573 1646//1646
f 1646//1646 1573//1573 1647//1647
f 1562//1562 1583//1583 2106//2106
f 1562//1562 1575//1575 2101//2101
f 1577//1577 1578//1578 1575//1575
f 1575//1575 1578//1578 1585//1585
f 1586//1586 2103//2103 1578//1578
f 1591//1591 1578//1578 1577//1577
f 1586//1586 1578//1578 1579//1579
f 1577//1577 1575//1575 1574//1574
f 1591//1591 1577//1577 1574//1574
f 1592//1592 1574//1574 1477//1477
f 1574//1574 1592//1592 1591//1591
f 1582//1582 1586//1586 1483//1483
f 1568//1568 1581//1581 1580//1580
f 1576//1576 1483//1483 1586//1586
f 2101//2101 1575//1575 1584//1584
f 1568//1568 1587//1587 1581//1581
f 1575//1575 1585//1585 1584//1584
f 2102//2102 2103//2103 2100//2100
f 1587//1587 1582//1582 1482//1482
f 1587//1587 1482//1482 1581//1581
f 1586//1586 2100//2100 2103//2103
f 1579//1579 1576//1576 1586//1586
f 1588//1588 2104//2104 1564//1564
f 1568//1568 2098//2098 1587//1587
f 2106//2106 1583//1583 2102//2102
f 2100//2100 2106//2106 2102//2102
f 2105//2105 2106//2106 2100//2100
f 1593//1593 1592//1592 1363//1363
f 1592//1592 1477//1477 1363//1363
f 1370//1370 1483//1483 1589//1589
f 1483//1483 1576//1576 1589//1589
f 1579//1579 1590//1590 1576//1576
f 1590//1590 1589//1589 1576//1576
f 1579//1579 1578//1578 1590//1590
f 1591//1591 1592//1592 1655//1655
f 1590//1590 1578//1578 1591//1591
f 1590//1590 1591//1591 1655//1655
f 1656//1656 1590//1590 1655//1655
f 1590//1590 1654//1654 1589//1589
f 1594//1594 1668//1668 1595//1595
f 1598//1598 1370//1370 1589//1589
f 1589//1589 1594//1594 1598//1598
f 1598//1598 1594//1594 1595//1595
f 1654//1654 1594//1594 1589//1589
f 1600//1600 1669//1669 1495//1495
f 1595//1595 1599//1599 1598//1598
f 1599//1599 1597//1597 1598//1598
f 1667//1667 1597//1597 1599//1599
f 1595//1595 1667//1667 1599//1599
f 1669//1669 1600//1600 1601//1601
f 1507//1507 1604//1604 1603//1603
f 1603//1603 1604//1604 1674//1674
f 1674//1674 1604//1604 1675//1675
f 1604//1604 1508//1508 1675//1675
f 1517//1517 1605//1605 1515//1515
f 1605//1605 1606//1606 1515//1515
f 1517//1517 1522//1522 1605//1605
f 1522//1522 1609//1609 1605//1605
f 1606//1606 1605//1605 1610//1610
f 1606//1606 1610//1610 1611//1611
f 1611//1611 1607//1607 1606//1606
f 1519//1519 1606//1606 1607//1607
f 1522//1522 1608//1608 1609//1609
f 1610//1610 1609//1609 1612//1612
f 1609//1609 1608//1608 1612//1612
f 1610//1610 1605//1605 1609//1609
f 1617//1617 1611//1611 1610//1610
f 1607//1607 1611//1611 1617//1617
f 1612//1612 1524//1524 1614//1614
f 1612//1612 1677//1677 1610//1610
f 1610//1610 1677//1677 1617//1617
f 1607//1607 1613//1613 1526//1526
f 1607//1607 1617//1617 1615//1615
f 1613//1613 1607//1607 1615//1615
f 1524//1524 1619//1619 1614//1614
f 1616//1616 1531//1531 1615//1615
f 1615//1615 1617//1617 1618//1618
f 1615//1615 1618//1618 1616//1616
f 1688//1688 1616//1616 1618//1618
f 1617//1617 1677//1677 1618//1618
f 1619//1619 1620//1620 1621//1621
f 1620//1620 1537//1537 1622//1622
f 1623//1623 1537//1537 1547//1547
f 1614//1614 1619//1619 1679//1679
f 1621//1621 1679//1679 1619//1619
f 1622//1622 1537//1537 1623//1623
f 1622//1622 1621//1621 1620//1620
f 1622//1622 1680//1680 1621//1621
f 1683//1683 1680//1680 1622//1622
f 1621//1621 1680//1680 1679//1679
f 1688//1688 1531//1531 1616//1616
f 1625//1625 1538//1538 1688//1688
f 1623//1623 1683//1683 1622//1622
f 1623//1623 1684//1684 1683//1683
f 1685//1685 1684//1684 1624//1624
f 1625//1625 1549//1549 1540//1540
f 1625//1625 1540//1540 1538//1538
f 1549//1549 1629//1629 1550//1550
f 1625//1625 1629//1629 1549//1549
f 1626//1626 1629//1629 1625//1625
f 1627//1627 1550//1550 1629//1629
f 1627//1627 1629//1629 1630//1630
f 1627//1627 1630//1630 1628//1628
f 1628//1628 1702//1702 1632//1632
f 1624//1624 1637//1637 1789//1789
f 1696//1696 1630//1630 1629//1629
f 1630//1630 1696//1696 1701//1701
f 1701//1701 1628//1628 1630//1630
f 1702//1702 1628//1628 1701//1701
f 1632//1632 1631//1631 1552//1552
f 1638//1638 1556//1556 1557//1557
f 1702//1702 1635//1635 1632//1632
f 1635//1635 1631//1631 1632//1632
f 1633//1633 1631//1631 1634//1634
f 1635//1635 1634//1634 1631//1631
f 1634//1634 1635//1635 1636//1636
f 1633//1633 1634//1634 1636//1636
f 1633//1633 1636//1636 1638//1638
f 1637//1637 1639//1639 1836//1836
f 1638//1638 1723//1723 1648//1648
f 1648//1648 1556//1556 1638//1638
f 1557//1557 1633//1633 1638//1638
f 1707//1707 1638//1638 1636//1636
f 1707//1707 1723//1723 1638//1638
f 1639//1639 1560//1560 1640//1640
f 1710//1710 1639//1639 1640//1640
f 1725//1725 1710//1710 1640//1640
f 1642//1642 1564//1564 1641//1641
f 1642//1642 1641//1641 1643//1643
f 1642//1642 1643//1643 1725//1725
f 1643//1643 1732//1732 1725//1725
f 1725//1725 1726//1726 1710//1710
f 1645//1645 1569//1569 1644//1644
f 1641//1641 1645//1645 1649//1649
f 1649//1649 1645//1645 1644//1644
f 1643//1643 1641//1641 1649//1649
f 1650//1650 1649//1649 1644//1644
f 1648//1648 1652//1652 1647//1647
f 1648//1648 1720//1720 1652//1652
f 1730//1730 1729//1729 1649//1649
f 1650//1650 1730//1730 1649//1649
f 1732//1732 2107//2107 1729//1729
f 1729//1729 2107//2107 1649//1649
f 1730//1730 1650//1650 1742//1742
f 1647//1647 1652//1652 1646//1646
f 2124//2124 2108//2108 1651//1651
f 2109//2109 1650//1650 1646//1646
f 1656//1656 1657//1657 1654//1654
f 1590//1590 1656//1656 1654//1654
f 1656//1656 1655//1655 1657//1657
f 1653//1653 1660//1660 1592//1592
f 1660//1660 1655//1655 1592//1592
f 1646//1646 1652//1652 1760//1760
f 1663//1663 1653//1653 1593//1593
f 1594//1594 1659//1659 1668//1668
f 1659//1659 1594//1594 1654//1654
f 1593//1593 1653//1653 1592//1592
f 1661//1661 1653//1653 1662//1662
f 1660//1660 1657//1657 1655//1655
f 1658//1658 1654//1654 1657//1657
f 1658//1658 1659//1659 1654//1654
f 1660//1660 1653//1653 1661//1661
f 1772//1772 1659//1659 1658//1658
f 1657//1657 1772//1772 1658//1658
f 1772//1772 1657//1657 1660//1660
f 1653//1653 1663//1663 1662//1662
f 1777//1777 1668//1668 1659//1659
f 1772//1772 1777//1777 1659//1659
f 1596//1596 1495//1495 1669//1669
f 1596//1596 1663//1663 1593//1593
f 1669//1669 1663//1663 1596//1596
f 1664//1664 1669//1669 1670//1670
f 1663//1663 1669//1669 1664//1664
f 1664//1664 1670//1670 1673//1673
f 1664//1664 1673//1673 1665//1665
f 1664//1664 1665//1665 1663//1663
f 1673//1673 1775//1775 1665//1665
f 1663//1663 1665//1665 1662//1662
f 1662//1662 1665//1665 1775//1775
f 1775//1775 1673//1673 1666//1666
f 1675//1675 1597//1597 1667//1667
f 1676//1676 1675//1675 1776//1776
f 1668//1668 1667//1667 1595//1595
f 1777//1777 1667//1667 1668//1668
f 1667//1667 1776//1776 1675//1675
f 1667//1667 1777//1777 1776//1776
f 1601//1601 1670//1670 1669//1669
f 1670//1670 1601//1601 1602//1602
f 1603//1603 1671//1671 1602//1602
f 1603//1603 1674//1674 1671//1671
f 1670//1670 1602//1602 1671//1671
f 1671//1671 1672//1672 1670//1670
f 1672//1672 1671//1671 1674//1674
f 1670//1670 1672//1672 1673//1673
f 1673//1673 1672//1672 1666//1666
f 1676//1676 1672//1672 1674//1674
f 1675//1675 1676//1676 1674//1674
f 1676//1676 1666//1666 1672//1672
f 1597//1597 1675//1675 1508//1508
f 1612//1612 1614//1614 1678//1678
f 1680//1680 1686//1686 1679//1679
f 1681//1681 1614//1614 1679//1679
f 1686//1686 1681//1681 1679//1679
f 1677//1677 1682//1682 1618//1618
f 1618//1618 1682//1682 1688//1688
f 1682//1682 1689//1689 1688//1688
f 1683//1683 1687//1687 1680//1680
f 1686//1686 1680//1680 1687//1687
f 1685//1685 1683//1683 1684//1684
f 1685//1685 1687//1687 1683//1683
f 1686//1686 1782//1782 1681//1681
f 1687//1687 1782//1782 1686//1686
f 1782//1782 1687//1687 1783//1783
f 1687//1687 1685//1685 1783//1783
f 1685//1685 1789//1789 1783//1783
f 1690//1690 1625//1625 1688//1688
f 1690//1690 1626//1626 1625//1625
f 1689//1689 1690//1690 1688//1688
f 1691//1691 1626//1626 1690//1690
f 1689//1689 1691//1691 1690//1690
f 1691//1691 1629//1629 1626//1626
f 1691//1691 1689//1689 1692//1692
f 1692//1692 1694//1694 1691//1691
f 1693//1693 1694//1694 1692//1692
f 1689//1689 1693//1693 1692//1692
f 1624//1624 1789//1789 1685//1685
f 1695//1695 1694//1694 1693//1693
f 1695//1695 1699//1699 1694//1694
f 1694//1694 1699//1699 1697//1697
f 1695//1695 1700//1700 1699//1699
f 1691//1691 1697//1697 1629//1629
f 1697//1697 1691//1691 1694//1694
f 1697//1697 1696//1696 1629//1629
f 1697//1697 1698//1698 1696//1696
f 1699//1699 1700//1700 1697//1697
f 1700//1700 1698//1698 1697//1697
f 1696//1696 1698//1698 1788//1788
f 1698//1698 1700//1700 1788//1788
f 1706//1706 1703//1703 1702//1702
f 1702//1702 1703//1703 1635//1635
f 1635//1635 1703//1703 1636//1636
f 1789//1789 1637//1637 1836//1836
f 1704//1704 1696//1696 1792//1792
f 1704//1704 1712//1712 1718//1718
f 1792//1792 1696//1696 1788//1788
f 1704//1704 1701//1701 1696//1696
f 1704//1704 1702//1702 1701//1701
f 1705//1705 1702//1702 1704//1704
f 1793//1793 1702//1702 1705//1705
f 1718//1718 1705//1705 1704//1704
f 1793//1793 1705//1705 1718//1718
f 1702//1702 1793//1793 1706//1706
f 1636//1636 1703//1703 1708//1708
f 1708//1708 1707//1707 1636//1636
f 1709//1709 1703//1703 1706//1706
f 1724//1724 1723//1723 1707//1707
f 1708//1708 1724//1724 1707//1707
f 1709//1709 1706//1706 1793//1793
f 1703//1703 1709//1709 1708//1708
f 1724//1724 1708//1708 1709//1709
f 2112//2112 2111//2111 2137//2137
f 2112//2112 2137//2137 1713//1713
f 1714//1714 1712//1712 2113//2113
f 1718//1718 1712//1712 1714//1714
f 1714//1714 2113//2113 1716//1716
f 1790//1790 1715//1715 1713//1713
f 2137//2137 1790//1790 1713//1713
f 2114//2114 1716//1716 2113//2113
f 1716//1716 1717//1717 1714//1714
f 1718//1718 1714//1714 1717//1717
f 1716//1716 1727//1727 1717//1717
f 1790//1790 1711//1711 1715//1715
f 1716//1716 2114//2114 1711//1711
f 1716//1716 1711//1711 1727//1727
f 1717//1717 1727//1727 1797//1797
f 1718//1718 1717//1717 1797//1797
f 1797//1797 1793//1793 1718//1718
f 1648//1648 1723//1723 1719//1719
f 1719//1719 1720//1720 1648//1648
f 1724//1724 2115//2115 1723//1723
f 1709//1709 1794//1794 1724//1724
f 1724//1724 1794//1794 1721//1721
f 1724//1724 1721//1721 2115//2115
f 1721//1721 1722//1722 2115//2115
f 2120//2120 2117//2117 2116//2116
f 1709//1709 1793//1793 1794//1794
f 1721//1721 1794//1794 1722//1722
f 1794//1794 1800//1800 1722//1722
f 1726//1726 1725//1725 1732//1732
f 1711//1711 1740//1740 1727//1727
f 1797//1797 1727//1727 1750//1750
f 1797//1797 2136//2136 1813//1813
f 2121//2121 1728//1728 2118//2118
f 2121//2121 2138//2138 1728//1728
f 2138//2138 1758//1758 1728//1728
f 1820//1820 1758//1758 2138//2138
f 1820//1820 1818//1818 1758//1758
f 1732//1732 1802//1802 1726//1726
f 1731//1731 1729//1729 1730//1730
f 1730//1730 1742//1742 1743//1743
f 1731//1731 1730//1730 1733//1733
f 1730//1730 1743//1743 1733//1733
f 1729//1729 1731//1731 1735//1735
f 1732//1732 1729//1729 1736//1736
f 1733//1733 1743//1743 1749//1749
f 1731//1731 1733//1733 1734//1734
f 1731//1731 1734//1734 1735//1735
f 1729//1729 1735//1735 1736//1736
f 1734//1734 1733//1733 2133//2133
f 1732//1732 1736//1736 1802//1802
f 1736//1736 1735//1735 1739//1739
f 1734//1734 2133//2133 1737//1737
f 1734//1734 1737//1737 1735//1735
f 1735//1735 1737//1737 1739//1739
f 1737//1737 1738//1738 1739//1739
f 2134//2134 1751//1751 2123//2123
f 1805//1805 1802//1802 1736//1736
f 1740//1740 1738//1738 2123//2123
f 1805//1805 1736//1736 1741//1741
f 1738//1738 1741//1741 1739//1739
f 1739//1739 1741//1741 1736//1736
f 1751//1751 1740//1740 2123//2123
f 1805//1805 1741//1741 1738//1738
f 2125//2125 2124//2124 1651//1651
f 1745//1745 2125//2125 1651//1651
f 2109//2109 1744//1744 2127//2127
f 1746//1746 1744//1744 2109//2109
f 2136//2136 2128//2128 1744//1744
f 2135//2135 2126//2126 1747//1747
f 2125//2125 1745//1745 2130//2130
f 1748//1748 2131//2131 2129//2129
f 1748//1748 1750//1750 1727//1727
f 2128//2128 2136//2136 2132//2132
f 1744//1744 1746//1746 2136//2136
f 1740//1740 1751//1751 1748//1748
f 1740//1740 1748//1748 1727//1727
f 2131//2131 1748//1748 1751//1751
f 1751//1751 2134//2134 2131//2131
f 1765//1765 1762//1762 1652//1652
f 1746//1746 1764//1764 1814//1814
f 1652//1652 1752//1752 1765//1765
f 2110//2110 1753//1753 1752//1752
f 1752//1752 1754//1754 1755//1755
f 2110//2110 2119//2119 1753//1753
f 1754//1754 1758//1758 1756//1756
f 1754//1754 1752//1752 1758//1758
f 1755//1755 1754//1754 1756//1756
f 1755//1755 1756//1756 1767//1767
f 1757//1757 1756//1756 1759//1759
f 1756//1756 1757//1757 1767//1767
f 1819//1819 1815//1815 1769//1769
f 1753//1753 2122//2122 1752//1752
f 1753//1753 2119//2119 2122//2122
f 2122//2122 1758//1758 1752//1752
f 1759//1759 1756//1756 1758//1758
f 1758//1758 1818//1818 1759//1759
f 1759//1759 1818//1818 1819//1819
f 1819//1819 1757//1757 1759//1759
f 1761//1761 1746//1746 2109//2109
f 1760//1760 2109//2109 1646//1646
f 1760//1760 1652//1652 1762//1762
f 2109//2109 1760//1760 1761//1761
f 1761//1761 1760//1760 1762//1762
f 1761//1761 1762//1762 1763//1763
f 1764//1764 1746//1746 1761//1761
f 1763//1763 1764//1764 1761//1761
f 1770//1770 1764//1764 1763//1763
f 1823//1823 1814//1814 1764//1764
f 1770//1770 1823//1823 1764//1764
f 1755//1755 1765//1765 1752//1752
f 1765//1765 1755//1755 1767//1767
f 1765//1765 1767//1767 1766//1766
f 1762//1762 1765//1765 1766//1766
f 1763//1763 1762//1762 1766//1766
f 1766//1766 1767//1767 1768//1768
f 1763//1763 1766//1766 1768//1768
f 1770//1770 1768//1768 1769//1769
f 1768//1768 1770//1770 1763//1763
f 1819//1819 1769//1769 1757//1757
f 1757//1757 1769//1769 1767//1767
f 1769//1769 1768//1768 1767//1767
f 1769//1769 1815//1815 1770//1770
f 1661//1661 1662//1662 1771//1771
f 1660//1660 1661//1661 1771//1771
f 1772//1772 1660//1660 1771//1771
f 1773//1773 1662//1662 1775//1775
f 1662//1662 1773//1773 1771//1771
f 1771//1771 1773//1773 1774//1774
f 1774//1774 1772//1772 1771//1771
f 1772//1772 1779//1779 1777//1777
f 1773//1773 1780//1780 1774//1774
f 1774//1774 1780//1780 1779//1779
f 1772//1772 1774//1774 1779//1779
f 1780//1780 1775//1775 1666//1666
f 1776//1776 1778//1778 1676//1676
f 1666//1666 1778//1778 1780//1780
f 1666//1666 1676//1676 1778//1778
f 1773//1773 1775//1775 1780//1780
f 1779//1779 1776//1776 1777//1777
f 1779//1779 1778//1778 1776//1776
f 1779//1779 1780//1780 1778//1778
f 1678//1678 1614//1614 1784//1784
f 1678//1678 1677//1677 1612//1612
f 1784//1784 1677//1677 1678//1678
f 1784//1784 1781//1781 1677//1677
f 1677//1677 1781//1781 1682//1682
f 1614//1614 1824//1824 1784//1784
f 1824//1824 1614//1614 1681//1681
f 1824//1824 1681//1681 1782//1782
f 1828//1828 1824//1824 1782//1782
f 1781//1781 1826//1826 1682//1682
f 1682//1682 1826//1826 1785//1785
f 1785//1785 1689//1689 1682//1682
f 1826//1826 1827//1827 1785//1785
f 1785//1785 1829//1829 1689//1689
f 1829//1829 1693//1693 1689//1689
f 1830//1830 1783//1783 1789//1789
f 1828//1828 1782//1782 1783//1783
f 1783//1783 1830//1830 1828//1828
f 1695//1695 1693//1693 1786//1786
f 1695//1695 1786//1786 1700//1700
f 1788//1788 1700//1700 1787//1787
f 1787//1787 1700//1700 1786//1786
f 1786//1786 1693//1693 1829//1829
f 1791//1791 1790//1790 1792//1792
f 1788//1788 1787//1787 1792//1792
f 1787//1787 1791//1791 1792//1792
f 1835//1835 1791//1791 1787//1787
f 1639//1639 1710//1710 1836//1836
f 1795//1795 1836//1836 1710//1710
f 1790//1790 1810//1810 1711//1711
f 1791//1791 1843//1843 1790//1790
f 1843//1843 1810//1810 1790//1790
f 1839//1839 1843//1843 1791//1791
f 1799//1799 1801//1801 1793//1793
f 1794//1794 1793//1793 1801//1801
f 1801//1801 1800//1800 1794//1794
f 1796//1796 1726//1726 1803//1803
f 1795//1795 1710//1710 1726//1726
f 1796//1796 1795//1795 1726//1726
f 1795//1795 1796//1796 1837//1837
f 1840//1840 1837//1837 1796//1796
f 1812//1812 1711//1711 1810//1810
f 1740//1740 1711//1711 1812//1812
f 1798//1798 1797//1797 1813//1813
f 1798//1798 1813//1813 1816//1816
f 1797//1797 1798//1798 1793//1793
f 1798//1798 1799//1799 1793//1793
f 1798//1798 1816//1816 1799//1799
f 1799//1799 1816//1816 1817//1817
f 1800//1800 1822//1822 1820//1820
f 1801//1801 1822//1822 1800//1800
f 1822//1822 1801//1801 1799//1799
f 1803//1803 1804//1804 1796//1796
f 1840//1840 1796//1796 1804//1804
f 1804//1804 1808//1808 1840//1840
f 1726//1726 1802//1802 1803//1803
f 1806//1806 1802//1802 1805//1805
f 1807//1807 1812//1812 1810//1810
f 1802//1802 1804//1804 1803//1803
f 1804//1804 1802//1802 1806//1806
f 2139//2139 1805//1805 1807//1807
f 1808//1808 1804//1804 1806//1806
f 2140//2140 2139//2139 1811//1811
f 2139//2139 1807//1807 1811//1811
f 1809//1809 1807//1807 1810//1810
f 1809//1809 1811//1811 1807//1807
f 1842//1842 1811//1811 1809//1809
f 1842//1842 1809//1809 1810//1810
f 1810//1810 1843//1843 1842//1842
f 1807//1807 1738//1738 1740//1740
f 1812//1812 1807//1807 1740//1740
f 1807//1807 1805//1805 1738//1738
f 2136//2136 1746//1746 1814//1814
f 1813//1813 2136//2136 1814//1814
f 1813//1813 1814//1814 1816//1816
f 1770//1770 1815//1815 1823//1823
f 1817//1817 1821//1821 1822//1822
f 1819//1819 1821//1821 1817//1817
f 1819//1819 1817//1817 1815//1815
f 1816//1816 1814//1814 1817//1817
f 1799//1799 1817//1817 1822//1822
f 1817//1817 1814//1814 1823//1823
f 1823//1823 1815//1815 1817//1817
f 1821//1821 1818//1818 1820//1820
f 1821//1821 1819//1819 1818//1818
f 1822//1822 1821//1821 1820//1820
f 1784//1784 1824//1824 1825//1825
f 1824//1824 1828//1828 1825//1825
f 1784//1784 1826//1826 1781//1781
f 1826//1826 1784//1784 1825//1825
f 1826//1826 1861//1861 1827//1827
f 1830//1830 1831//1831 1828//1828
f 1834//1834 1787//1787 1786//1786
f 1834//1834 1786//1786 1829//1829
f 1845//1845 1829//1829 1785//1785
f 1827//1827 1845//1845 1785//1785
f 2141//2141 1846//1846 1834//1834
f 1789//1789 1831//1831 1830//1830
f 1836//1836 1831//1831 1789//1789
f 1832//1832 1828//1828 1831//1831
f 1831//1831 1833//1833 1832//1832
f 1833//1833 1831//1831 1836//1836
f 1847//1847 1832//1832 1833//1833
f 1847//1847 1833//1833 1836//1836
f 1834//1834 1835//1835 1787//1787
f 1868//1868 1835//1835 1834//1834
f 1847//1847 1836//1836 1848//1848
f 1839//1839 1791//1791 1835//1835
f 1839//1839 1835//1835 1868//1868
f 1838//1838 1836//1836 1795//1795
f 1795//1795 1837//1837 1838//1838
f 1838//1838 1837//1837 1850//1850
f 1838//1838 1848//1848 1836//1836
f 1838//1838 1850//1850 1848//1848
f 1852//1852 1850//1850 1841//1841
f 1852//1852 1841//1841 1871//1871
f 1840//1840 1850//1850 1837//1837
f 1840//1840 1808//1808 1841//1841
f 1841//1841 2140//2140 1811//1811
f 1841//1841 1850//1850 1840//1840
f 1842//1842 1841//1841 1811//1811
f 1842//1842 1871//1871 1841//1841
f 1839//1839 1842//1842 1843//1843
f 1855//1855 1842//1842 1839//1839
f 1861//1861 1864//1864 1827//1827
f 1828//1828 1832//1832 1844//1844
f 1826//1826 1825//1825 1862//1862
f 1864//1864 1865//1865 1827//1827
f 1827//1827 1865//1865 1845//1845
f 1845//1845 1846//1846 1829//1829
f 1845//1845 1865//1865 1866//1866
f 1866//1866 1846//1846 1845//1845
f 1868//1868 1834//1834 1846//1846
f 1868//1868 1846//1846 1869//1869
f 1848//1848 1849//1849 1847//1847
f 1859//1859 1839//1839 1868//1868
f 1853//1853 1849//1849 1848//1848
f 1851//1851 1848//1848 1850//1850
f 1850//1850 1870//1870 1851//1851
f 1848//1848 1851//1851 1853//1853
f 1850//1850 1852//1852 1870//1870
f 1852//1852 1871//1871 1870//1870
f 1855//1855 1856//1856 1860//1860
f 1871//1871 1860//1860 1854//1854
f 1854//1854 1860//1860 1856//1856
f 1856//1856 1855//1855 1839//1839
f 1857//1857 1856//1856 1839//1839
f 1839//1839 1859//1859 1857//1857
f 1857//1857 1859//1859 1858//1858
f 1858//1858 1856//1856 1857//1857
f 1858//1858 1859//1859 1854//1854
f 1854//1854 1856//1856 1858//1858
f 1859//1859 1872//1872 1854//1854
f 1855//1855 1860//1860 1842//1842
f 1860//1860 1871//1871 1842//1842
f 1826//1826 1862//1862 1861//1861
f 1863//1863 1825//1825 1828//1828
f 1862//1862 1825//1825 1863//1863
f 1844//1844 1863//1863 1828//1828
f 1844//1844 1875//1875 1876//1876
f 1863//1863 1844//1844 1876//1876
f 1874//1874 1861//1861 1862//1862
f 1865//1865 1867//1867 1866//1866
f 1867//1867 1865//1865 1864//1864
f 1866//1866 1879//1879 1846//1846
f 1846//1846 1879//1879 1869//1869
f 1832//1832 1875//1875 1844//1844
f 1847//1847 1875//1875 1832//1832
f 1881//1881 1875//1875 1847//1847
f 1868//1868 1869//1869 1878//1878
f 1881//1881 1847//1847 1849//1849
f 1853//1853 1882//1882 1849//1849
f 1882//1882 1881//1881 1849//1849
f 1868//1868 1873//1873 1859//1859
f 1868//1868 1906//1906 1873//1873
f 1883//1883 1851//1851 1870//1870
f 1883//1883 1870//1870 1871//1871
f 1882//1882 1853//1853 1883//1883
f 1853//1853 1851//1851 1883//1883
f 1871//1871 1854//1854 1886//1886
f 1886//1886 1854//1854 1872//1872
f 1859//1859 1873//1873 1872//1872
f 1873//1873 1888//1888 1872//1872
f 1863//1863 1874//1874 1862//1862
f 1876//1876 1877//1877 1863//1863
f 1874//1874 1863//1863 1877//1877
f 1877//1877 1889//1889 1874//1874
f 1874//1874 1890//1890 1861//1861
f 1861//1861 1867//1867 1864//1864
f 1867//1867 1861//1861 1890//1890
f 1867//1867 1879//1879 1866//1866
f 1892//1892 1879//1879 1867//1867
f 1879//1879 1892//1892 1895//1895
f 1875//1875 1877//1877 1876//1876
f 1893//1893 1877//1877 1875//1875
f 1879//1879 1880//1880 1869//1869
f 1869//1869 1880//1880 1878//1878
f 1880//1880 1879//1879 1895//1895
f 1882//1882 1885//1885 1896//1896
f 1906//1906 1888//1888 1873//1873
f 1906//1906 1868//1868 1907//1907
f 1882//1882 1883//1883 1885//1885
f 1883//1883 1871//1871 1884//1884
f 1884//1884 1871//1871 1885//1885
f 1885//1885 1871//1871 1886//1886
f 1885//1885 1883//1883 1884//1884
f 1886//1886 1887//1887 1885//1885
f 1904//1904 1886//1886 1872//1872
f 1872//1872 1888//1888 1904//1904
f 1904//1904 1887//1887 1886//1886
f 1887//1887 1904//1904 1903//1903
f 1906//1906 1908//1908 1888//1888
f 1894//1894 1889//1889 1877//1877
f 1874//1874 1889//1889 1890//1890
f 1889//1889 1891//1891 1890//1890
f 1912//1912 1889//1889 1911//1911
f 1890//1890 1892//1892 1867//1867
f 1891//1891 1892//1892 1890//1890
f 1893//1893 1894//1894 1877//1877
f 1889//1889 1894//1894 1911//1911
f 1894//1894 1893//1893 1898//1898
f 1912//1912 1891//1891 1889//1889
f 1915//1915 1895//1895 1892//1892
f 1881//1881 1882//1882 1896//1896
f 1897//1897 1881//1881 1896//1896
f 1897//1897 1896//1896 1900//1900
f 1875//1875 1897//1897 1893//1893
f 1881//1881 1897//1897 1875//1875
f 1897//1897 1900//1900 1898//1898
f 1893//1893 1897//1897 1898//1898
f 1885//1885 1899//1899 1896//1896
f 1900//1900 1896//1896 1899//1899
f 1898//1898 1900//1900 1902//1902
f 1901//1901 1878//1878 1880//1880
f 1907//1907 1868//1868 1878//1878
f 1895//1895 1901//1901 1880//1880
f 1901//1901 1907//1907 1878//1878
f 1901//1901 1909//1909 1907//1907
f 1915//1915 1922//1922 1895//1895
f 1922//1922 1901//1901 1895//1895
f 1930//1930 1909//1909 1901//1901
f 1903//1903 1885//1885 1887//1887
f 1900//1900 1899//1899 1902//1902
f 1902//1902 1899//1899 1885//1885
f 1903//1903 1902//1902 1885//1885
f 1925//1925 1902//1902 1903//1903
f 1925//1925 1903//1903 1904//1904
f 1888//1888 1908//1908 1905//1905
f 1904//1904 1888//1888 1905//1905
f 1906//1906 1907//1907 1908//1908
f 1910//1910 1908//1908 1907//1907
f 1909//1909 1910//1910 1907//1907
f 1905//1905 1908//1908 1910//1910
f 1930//1930 1931//1931 1909//1909
f 1931//1931 1910//1910 1909//1909
f 1891//1891 1914//1914 1892//1892
f 1912//1912 1911//1911 1917//1917
f 1917//1917 1911//1911 1894//1894
f 1914//1914 1891//1891 1913//1913
f 1920//1920 1914//1914 1913//1913
f 1917//1917 1913//1913 1912//1912
f 1913//1913 1891//1891 1912//1912
f 1913//1913 1917//1917 1920//1920
f 1914//1914 1915//1915 1892//1892
f 1902//1902 1924//1924 1898//1898
f 1924//1924 1916//1916 1898//1898
f 1916//1916 1894//1894 1898//1898
f 1924//1924 1926//1926 1916//1916
f 1894//1894 1916//1916 1934//1934
f 1917//1917 1894//1894 1934//1934
f 1926//1926 1934//1934 1916//1916
f 1920//1920 1917//1917 1935//1935
f 1923//1923 1932//1932 1930//1930
f 1915//1915 1918//1918 1922//1922
f 1919//1919 1922//1922 1918//1918
f 1914//1914 1920//1920 1918//1918
f 1914//1914 1918//1918 1915//1915
f 1923//1923 1921//1921 1932//1932
f 1933//1933 1932//1932 1921//1921
f 1936//1936 1920//1920 1935//1935
f 1920//1920 1936//1936 1919//1919
f 1918//1918 1920//1920 1919//1919
f 1936//1936 1921//1921 1919//1919
f 1923//1923 1930//1930 1901//1901
f 1923//1923 1901//1901 1922//1922
f 1919//1919 1921//1921 1923//1923
f 1922//1922 1919//1919 1923//1923
f 1924//1924 1902//1902 1925//1925
f 1924//1924 1925//1925 1926//1926
f 1904//1904 1905//1905 1927//1927
f 1927//1927 1905//1905 1933//1933
f 1927//1927 1925//1925 1904//1904
f 1926//1926 1925//1925 1928//1928
f 1928//1928 1925//1925 1927//1927
f 1929//1929 1928//1928 1927//1927
f 1929//1929 1933//1933 1936//1936
f 1933//1933 1910//1910 1931//1931
f 1905//1905 1910//1910 1933//1933
f 1933//1933 1931//1931 1932//1932
f 1932//1932 1931//1931 1930//1930
f 1933//1933 1929//1929 1927//1927
f 1933//1933 1921//1921 1936//1936
f 1917//1917 1934//1934 1935//1935
f 1934//1934 1926//1926 1935//1935
f 1935//1935 1926//1926 1936//1936
f 1936//1936 1926//1926 1928//1928
f 1929//1929 1936//1936 1928//1928
