# Wavafront OBJ file of BodyParts3D
# BodyParts3D, Copyright(C) 2010-2011 The Database Center for Life Science licensed under CC Attribution-Share Alike 2.1 Japan.
vn 0.59589 -0.211887 0.774609
v 35.5138 -57.7826 1039.98
vn 0.557045 0.65579 0.509548
v 35.4588 -56.818 1039.72
vn 0.510933 0.26487 0.817796
v 34.9851 -57.1751 1040.31
vn 0.406382 -0.474572 0.780792
v 34.5426 -58.2626 1040.33
vn 0.336306 0.664157 0.667678
v 34.4579 -56.6886 1040.28
vn 0.183023 0.916026 0.35693
v 34.4283 -56.2866 1039.67
vn 0.390981 -0.113256 0.913404
v 34.0126 -57.5959 1040.8
vn 0.306698 0.379844 0.872729
v 33.9847 -57.0853 1040.76
vn 0.955502 0.283092 0.08291
v 37.2514 -58.2632 1036.65
vn 0.600253 -0.582221 0.548375
v 36.567 -58.7757 1038.4
vn 0.93834 0.224545 0.262865
v 36.945 -58.2804 1038.24
vn 0.746361 0.251348 0.616255
v 36.0221 -57.3804 1039.52
vn 0.78248 0.594773 0.184308
v 36.4629 -57.1909 1038.43
vn 0.462446 0.885738 0.0401512
v 35.4177 -56.3198 1038.63
vn 0.0220588 0.997162 -0.0719858
v 34.4042 -56.1141 1038.56
vn 0.892166 -0.388225 0.230913
v 37.3402 -59.5248 1036.02
vn 0.740517 -0.66336 -0.107647
v 37.2627 -59.687 1035.55
vn 0.982976 -0.089779 -0.160306
v 37.48 -59.2004 1035.39
vn 0.848301 0.101588 -0.519678
v 37.244 -58.8959 1034.76
vn 0.76549 0.589862 -0.257075
v 37.0898 -58.271 1035.08
vn 0.545627 -0.804677 0.234065
v 37.0711 -59.7879 1036.11
vn 0.723271 -0.489889 -0.486712
v 36.8823 -59.5484 1034.45
vn 0.634689 0.365168 -0.681046
v 36.6258 -58.6119 1034.13
vn 0.446064 -0.882413 -0.149578
v 36.5739 -60.0935 1035.15
vn 0.633613 -0.121309 -0.76408
v 36.5106 -59.2179 1033.92
vn 0.480364 -0.630584 -0.609602
v 36.0397 -59.7922 1033.86
vn 0.353342 0.796487 -0.490671
v 35.9316 -57.6483 1034.34
vn 0.373302 -0.846162 -0.380336
v 35.5193 -60.2543 1034.15
vn 0.405545 -0.312834 -0.858876
v 35.5134 -59.4427 1033.35
vn 0.425742 0.238643 -0.872807
v 35.4868 -58.9604 1033.28
vn 0.298949 -0.313727 -0.901224
v 34.49 -59.1396 1032.92
vn 0.0654802 0.671783 -0.737848
v 34.4313 -57.8994 1033.48
vn 0.388023 -0.920342 -0.0490867
v 32.6965 -61.3552 1034.5
vn 0.239463 0.0675864 0.96855
v 33.0453 -57.5401 1041.14
vn 0.11055 0.786197 0.608007
v 33.4583 -56.6531 1040.56
vn 0.266141 -0.296551 0.917184
v 32.5414 -58.0804 1041.19
vn 0.00515148 0.634473 0.772928
v 32.4855 -57.0541 1041.11
vn -0.160841 0.955489 0.247327
v 32.4477 -56.5535 1040.28
vn -0.370206 0.889926 0.26642
v 30.9714 -57.0034 1040.42
vn 0.17484 -0.148655 0.97331
v 30.5429 -58.071 1041.56
vn -0.448284 0.759701 0.471058
v 29.678 -58.1949 1041.34
vn -0.209926 0.944726 -0.251842
v 32.9053 -56.6631 1036.63
vn 0.342753 -0.637806 -0.689727
v 33.0765 -60.7241 1033.24
vn 0.20168 -0.183601 -0.962089
v 32.0508 -60.3929 1032.75
vn 0.0100139 0.354102 -0.935153
v 31.8162 -59.3428 1032.77
vn -0.190347 0.848869 -0.493142
v 31.9534 -58.3772 1033.51
vn 0.325669 -0.720257 0.612511
v 26.7609 -62.4979 1040.65
vn -0.341439 0.936281 -0.0824447
v 28.5053 -58.7582 1036.25
vn -0.0862096 0.697875 -0.711012
v 28.4962 -59.4569 1032.8
vn -0.161283 0.98026 -0.114364
v 27 -59.1961 1034.29
vn 0.117555 -0.0199994 -0.992865
v 27.6175 -61.9724 1031.95
vn 0.745808 -0.664266 -0.050218
v 22.4701 -66.9673 1033.69
vn -0.21794 0.253622 0.942432
v 24.7235 -61.783 1040.94
vn 0.110862 -0.423475 0.899099
v 25.2508 -62.2425 1041.09
vn -0.37916 0.882259 0.279028
v 24.1519 -60.9267 1039.07
vn 0.531738 -0.807279 -0.256036
v 24.8111 -65.2552 1033.66
vn 0.346758 -0.391109 -0.852521
v 23.2647 -64.8421 1032.01
vn 0.647974 -0.514705 -0.561433
v 22.3493 -66.3829 1032.3
vn 0.467915 -0.167152 -0.867823
v 21.9049 -66.0464 1031.8
vn -0.103228 0.973109 0.205918
v 25.5234 -59.5117 1034.94
vn -0.0594774 0.707984 -0.70372
v 25.5183 -59.9202 1032.94
vn 0.0133504 0.984028 -0.177511
v 25.4996 -59.3526 1033.8
vn 0.299409 0.918801 0.257213
v 23.6199 -59.1479 1034.78
vn 0.283754 0.828595 -0.482612
v 22.9785 -59.0566 1033.69
vn 0.552677 0.679741 0.482184
v 22.4893 -58.8897 1035.22
vn 0.626674 0.743667 -0.232893
v 21.9399 -58.1723 1034.45
vn 0.021269 0.39465 -0.918585
v 23.5954 -61.6552 1032.01
vn 0.950539 -0.306443 0.050677
v 21.4067 -100.112 1024.7
vn 0.933591 -0.273104 -0.231997
v 21.1983 -100.122 1023.12
vn 0.779718 -0.0954495 0.618812
v 20.5367 -90.037 1047.16
vn 0.990048 -0.122784 -0.0687724
v 20.5958 -91.1413 1045.42
vn 0.990506 -0.137446 -0.00243959
v 22.484 -95.7793 1024.84
vn 0.928413 -0.233296 0.289174
v 21.8152 -97.2412 1026.91
vn 0.984813 0.173562 0.004373
v 20.4562 -86.8737 1045.58
vn 0.970352 0.16739 0.174351
v 22.301 -90.4066 1026.74
vn 0.893233 0.0546279 -0.446263
v 22.3744 -92.7756 1022.79
vn 0.324843 -0.0646636 -0.943555
v 21.1342 -93.1493 1021.88
vn 0.924969 0.377311 0.0454758
v 18.9347 -83.6213 1030.26
vn 0.920293 0.370474 -0.125741
v 20.3537 -84.1753 1023.6
vn 0.800196 0.570326 0.185511
v 19.3799 -82.9617 1025.83
vn 0.929464 -0.32124 0.181387
v 18.3438 -72.7316 1037.7
vn 0.776869 -0.518518 -0.357231
v 18.3367 -71.9372 1032.17
vn 0.0644832 -0.453648 0.888845
v 21.4101 -65.7171 1039.59
vn 0.184534 0.127071 -0.974577
v 19.888 -67.5698 1030.75
vn 0.550234 -0.32037 -0.771107
v 19.4728 -69.1531 1030.82
vn -0.023869 -0.372683 0.927652
v 21.2865 -63.1414 1040.63
vn 0.18036 0.814947 0.550755
v 21.2025 -61.7598 1039.86
vn 0.346573 -0.0159722 0.937887
v 18.3176 -63.7107 1041.02
vn 0.0898778 0.0940783 -0.991499
v 21.6836 -63.4073 1031.84
vn 0.761931 0.421135 0.492044
v 21.0489 -57.8607 1035.92
vn 0.0853793 0.270872 -0.958821
v 20.9837 -59.4397 1032.78
vn 0.510263 0.507234 -0.694511
v 20.9156 -58.0234 1033.34
vn 0.22778 0.223162 -0.947795
v 20.2955 -58.3743 1032.93
vn -0.0970745 0.20219 -0.974523
v 17.9898 -59.7205 1032.46
vn 0.893266 0.168206 0.416873
v 17.3452 -51.4113 1041.66
vn 0.925155 0.293406 0.240834
v 19.1894 -53.5268 1036.58
vn 0.736178 0.605456 -0.302431
v 21.022 -57.3862 1034.18
vn 0.800332 0.59748 0.0498655
v 20.8853 -57.0773 1035.13
vn 0.800004 0.498525 -0.333866
v 19.8018 -55.839 1033.66
vn 0.317158 0.375297 -0.870955
v 19.2888 -55.7488 1033.1
vn 0.52163 0.616025 -0.590267
v 19.0459 -54.3249 1034.21
vn 0.289561 0.635349 -0.715881
v 18.2309 -54.5478 1033.68
vn -0.32607 0.205996 -0.922629
v 17.8472 -56.9203 1032.96
vn 0.761106 0.617483 -0.198574
v 18.5357 -51.9783 1036.59
vn 0.39557 0.735406 -0.550184
v 17.6143 -51.7958 1036
vn 0.779284 -0.371588 0.504617
v 16.7291 -103.7 1049.59
vn 0.853649 -0.487156 0.184291
v 16.9126 -104.007 1048.64
vn 0.82499 -0.564884 -0.0172725
v 16.4761 -104.821 1047.85
vn 0.497542 0.0946031 0.862266
v 17.363 -99.9542 1049.63
vn 0.949974 -0.220275 0.221425
v 18.8355 -99.8597 1047.79
vn 0.893534 -0.372827 0.250195
v 17.7176 -102.38 1048.63
vn 0.759069 -0.135338 0.636788
v 17.6159 -101.595 1049.42
vn 0.905378 -0.415639 -0.0868064
v 17.9467 -102.053 1047.46
vn 0.858653 -0.436723 0.268306
v 16.6327 -104.962 1031.56
vn 0.829924 -0.48594 0.274023
v 19.4613 -104.492 1026.15
vn 0.884574 -0.451772 -0.115889
v 19.417 -105.284 1023.78
vn 0.780436 -0.502477 -0.372072
v 18.7828 -105.272 1022.34
vn 0.73605 -0.673429 -0.0687296
v 17.8912 -107.424 1023.96
vn 0.507637 -0.702282 -0.499103
v 16.9242 -107.855 1022.83
vn 0.0125362 -0.0499431 -0.998673
v 16.2329 -104.539 1021.81
vn 0.17733 -0.277815 -0.944126
v 16.3903 -107.355 1022.35
vn 0.933882 -0.316885 -0.165677
v 18.8949 -95.9805 1042.28
vn 0.984306 -0.155808 0.0828564
v 18.7063 -95.0377 1037.23
vn 0.150044 0.123873 0.980889
v 18.7506 -88.9166 1047.67
vn 0.317468 0.260115 0.911896
v 17.2506 -79.8051 1046.76
vn 0.770659 0.396855 0.498588
v 17.8799 -78.9362 1046.09
vn 0.849879 0.498639 0.170486
v 17.6735 -77.9952 1042.61
vn 0.298979 0.368792 0.880116
v 16.0762 -76.7829 1045.89
vn 0.714631 0.685166 0.140894
v 14.9841 -75.5143 1044.19
vn 0.998168 0.0603504 0.00421369
v 17.7246 -76.8816 1038.03
vn 0.66461 0.497763 0.557247
v 17.1582 -75.0131 1040.56
vn 0.957617 0.172411 -0.230746
v 17.1368 -78.4937 1033.29
vn 0.796808 0.174503 -0.578486
v 16.2611 -77.1143 1031.25
vn 0.523014 0.455083 -0.720663
v 15.3922 -77.2843 1030.25
vn 0.363554 0.319518 -0.875064
v 15.3563 -76.5409 1030.52
vn -0.179413 0.598379 -0.780867
v 14.3836 -76.4224 1030.48
vn 0.739122 0.673455 0.0125235
v 17.0621 -80.7117 1028.23
vn 0.737371 0.546294 -0.397299
v 15.9821 -79.1927 1029.3
vn 0.534101 0.814167 -0.227748
v 15.3675 -79.2187 1028.25
vn 0.41334 0.673809 -0.612479
v 14.94 -78.4911 1029.06
vn 0.505603 0.851955 0.136155
v 16.3645 -78.612 1022.79
vn 0.530152 0.824275 0.198771
v 15.8921 -78.8592 1023.92
vn 0.639575 0.260268 -0.723329
v 17.9598 -80.8306 1020.9
vn 0.77347 0.615293 -0.152178
v 17.6948 -79.7242 1021.58
vn 0.106723 0.0445857 -0.993289
v 15.918 -80.2525 1020.3
vn 0.646596 -0.374095 0.664805
v 16.8978 -71.2271 1040.88
vn 0.635372 -0.198224 0.746331
v 15.1649 -67.9956 1042.96
vn 0.912188 -0.173445 -0.371254
v 17.2997 -74.8432 1033.13
vn 0.711129 -0.397061 -0.580204
v 16.1752 -73.0673 1030.73
vn 0.768692 -0.0231331 -0.639201
v 15.7874 -75.1317 1030.94
vn -0.0791984 0.216643 -0.973033
v 14.8181 -75.7944 1030.71
vn 0.17536 0.285209 -0.942287
v 16.3547 -78.9331 1020.79
vn 0.276082 0.106167 -0.955252
v 16.9522 -69.0447 1030
vn 0.678036 0.32071 -0.661371
v 15.4188 -68.5979 1029.46
vn 0.407254 -0.266052 -0.873705
v 14.9876 -70.0075 1029.03
vn 0.147785 -0.592989 -0.791532
v 14.516 -70.5276 1029.14
vn 0.861456 -0.0808712 0.501352
v 14.7318 -60.8948 1045.34
vn 0.678999 0.331203 0.655183
v 17.6477 -60.5409 1041.02
vn -0.0507012 0.272934 -0.960696
v 17.3645 -67.2343 1030.61
vn 0.150396 0.275482 -0.949469
v 16.666 -63.3753 1031.22
vn 0.38705 0.497949 -0.776041
v 16.3651 -67.2234 1030.81
vn 0.0136877 0.0920692 -0.995659
v 16.2799 -65.5705 1031.04
vn 0.0861289 0.0515269 -0.994951
v 16.2238 -64.5245 1031.02
vn 0.616094 0.275757 -0.737826
v 15.8374 -66.6901 1030.92
vn 0.191103 0.120221 -0.97418
v 15.17 -63.5861 1030.85
vn 0.373315 -0.588455 -0.717186
v 13.9116 -68.5289 1027.32
vn 0.899109 -0.0221552 -0.437163
v 14.2721 -67.8764 1027.63
vn 0.967332 0.211168 -0.140273
v 14.1664 -66.6157 1028.27
vn 0.971984 -0.0806176 -0.220791
v 14.0244 -67.0975 1026.85
vn 0.898374 0.184144 -0.398767
v 13.8168 -65.2099 1029.38
vn 0.934979 0.164513 -0.314244
v 13.9013 -65.3618 1025.74
vn 0.858188 -0.311296 -0.408177
v 13.9269 -66.4687 1025.58
vn -0.0041548 0.32742 -0.94487
v 17.5479 -60.8943 1032.18
vn -0.361191 0.385957 -0.848868
v 17.1633 -60.2829 1032.5
vn -0.514019 0.251682 -0.820025
v 17.4614 -59.1386 1032.71
vn -0.321745 0.631727 -0.705267
v 16.5488 -60.8991 1032.34
vn -0.557002 0.465214 -0.687986
v 16.517 -60.0873 1033.2
vn -0.364501 0.203343 -0.90873
v 16.4874 -59.4449 1033.54
vn -0.36239 0.576283 -0.732511
v 16.0433 -60.6115 1033.13
vn -0.157072 0.181702 -0.970728
v 15.9878 -59.4469 1033.63
vn 0.380022 0.203112 -0.902402
v 14.7538 -59.7783 1032.84
vn 0.405863 0.543572 -0.734714
v 14.5521 -61.0271 1032.3
vn -0.0529049 0.571485 -0.818906
v 16.0786 -61.5886 1031.87
vn -0.0574961 0.741318 -0.668686
v 15.5683 -61.3019 1032.3
vn 0.338328 0.653416 -0.677187
v 15.0955 -62.0293 1031.49
vn 0.794419 0.12932 -0.593444
v 14.1475 -63.4245 1029.93
vn 0.951461 0.151092 -0.268129
v 13.8652 -63.624 1029.38
vn 0.663834 0.548266 -0.508654
v 13.8842 -62.3566 1030.01
vn 0.611479 0.293005 0.735011
v 13.7402 -51.736 1046.07
vn 0.621873 0.286682 0.728758
v 15.1591 -50.4893 1044.81
vn 0.811941 0.0480069 0.581762
v 14.3531 -53.9105 1045.77
vn -0.151638 0.153745 -0.976406
v 16.8182 -56.268 1033.52
vn -0.238778 0.418132 -0.876442
v 16.5324 -55.0922 1033.93
vn 0.182776 -0.0412894 -0.982287
v 16.4033 -57.876 1033.52
vn 0.0226999 0.182081 -0.983021
v 15.8483 -56.8837 1033.42
vn 0.815268 0.477853 0.327101
v 16.5526 -49.2875 1041.48
vn 0.717704 0.492425 0.492361
v 15.6064 -49.7296 1043.84
vn 0.36521 0.678323 0.637573
v 15.1003 -49.5416 1044.19
vn -0.0991583 0.87637 0.471321
v 14.5727 -48.8684 1043.44
vn 0.0866403 0.994494 0.0589462
v 15.0358 -48.6715 1042.85
vn -0.290893 0.955853 0.041551
v 14.0269 -48.6681 1042.32
vn 0.326104 0.92925 -0.173638
v 15.0046 -48.7434 1040.24
vn 0.941241 -0.07497 0.32931
v 13.431 -58.4149 1016.58
vn 0.979013 -0.0698862 0.191442
v 14.0719 -56.6591 1013.89
vn 0.955471 -0.272541 0.113127
v 14.8695 -58.3338 1008.65
vn 0.910452 -0.408633 -0.0639983
v 14.8371 -59.442 1005.33
vn 0.693726 -0.60755 -0.386817
v 14.2134 -60.2666 1004.55
vn 0.894214 -0.392334 -0.215535
v 14.4622 -59.7782 1004.39
vn 0.813661 -0.525735 -0.248112
v 13.3282 -61.8981 1006.14
vn 0.934034 0.26298 0.241707
v 13.8734 -56.0149 1014.2
vn 0.99109 0.132695 -0.0115505
v 14.969 -58.0114 1008.02
vn 0.978967 0.179689 0.0966181
v 14.7539 -56.9155 1009.76
vn 0.815176 0.540045 -0.209379
v 14.8422 -57.7012 1007.38
vn 0.589454 0.753833 -0.29031
v 14.53 -57.7562 1006.35
vn 0.655183 0.659899 -0.367789
v 14.4242 -57.2484 1007.23
vn 0.868706 0.464374 -0.172358
v 14.4562 -56.1392 1008.97
vn 0.305464 0.847569 -0.433957
v 14.014 -57.4936 1006.26
vn 0.957705 0.0210746 -0.286979
v 14.9424 -58.9613 1005.17
vn 0.874308 0.427256 -0.230301
v 14.8505 -58.333 1005.49
vn 0.613171 0.498992 -0.612396
v 14.7277 -58.4977 1005.01
vn 0.643827 0.0934886 -0.759438
v 14.1894 -59.3176 1004.23
vn 0.487723 0.776443 -0.399077
v 14.5332 -58.0549 1005.39
vn 0.291807 -0.128702 0.947779
v 15.086 -103.879 1050.92
vn -0.0109421 0.185827 0.982522
v 14.5406 -103.037 1050.94
vn 0.718162 -0.512608 0.470613
v 15.729 -105.337 1049.6
vn 0.779685 -0.597094 0.188602
v 15.8091 -105.491 1049.13
vn 0.594138 -0.369465 0.714489
v 15.5462 -104.556 1050.39
vn 0.641371 -0.678987 0.357238
v 14.7138 -106.644 1049.5
vn 0.69519 -0.718276 0.0281112
v 14.7089 -106.926 1048.02
vn 0.429612 -0.463135 0.775203
v 13.488 -106.724 1050.58
vn 0.575047 -0.159118 0.802498
v 16.0295 -102.866 1050.63
vn 0.315862 0.121067 0.941049
v 15.9733 -101.808 1050.65
vn 0.857956 -0.511991 -0.0421551
v 15.0418 -105.365 1041.72
vn 0.626372 -0.769611 0.123925
v 14.0912 -110.163 1026.43
vn 0.0330958 0.257334 0.965756
v 15.754 -98.0113 1049.41
vn -0.0951644 -0.11402 -0.98891
v 11.1184 -83.9233 1021.21
vn 0.708928 0.589448 0.387261
v 14.4315 -74.7063 1043.54
vn 0.243557 0.625571 0.741175
v 11.9589 -75.0244 1044.6
vn 0.225818 0.260695 0.93864
v 11.8496 -73.152 1043.9
vn -0.627564 0.323958 0.707965
v 11.0141 -72.4922 1042.86
vn -0.0459525 0.737551 0.673726
v 10.9391 -74.6709 1044.64
vn -0.863848 0.413203 -0.288148
v 10.9086 -75.3441 1035.9
vn -0.477402 0.825058 -0.302269
v 11.8751 -76.7265 1031.59
vn 0.254691 0.6196 -0.742447
v 14.3061 -77.8509 1029.38
vn 0.311443 0.828761 -0.464928
v 13.7141 -78.0406 1028.91
vn 0.0527542 0.836211 -0.545864
v 13.3991 -77.7026 1029.32
vn 0.0846019 0.962885 -0.256309
v 12.8985 -77.828 1028.83
vn 0.202053 0.976076 -0.0803158
v 12.8949 -78.0107 1027.84
vn 0.532979 -0.274629 0.80032
v 12.6794 -69.9212 1043.95
vn 0.535867 -0.410508 0.737787
v 12.5913 -68.05 1044.83
vn -0.447987 -0.553595 0.702026
v 11.5962 -68.2277 1044.6
vn 0.337731 0.185667 0.922749
v 12.2654 -71.6082 1043.71
vn -0.646685 0.0549525 0.760775
v 11.3316 -71.3669 1043.01
vn -0.486679 -0.127817 0.86418
v 11.3467 -69.6247 1043.49
vn -0.987837 0.154646 -0.0161963
v 11.0027 -72.65 1040.8
vn -0.923822 -0.364391 0.117356
v 10.6125 -69.8811 1039.35
vn -0.708633 -0.55158 -0.439997
v 11.8462 -72.6015 1034.47
vn -0.472092 0.29557 -0.830522
v 14.3181 -75.7643 1030.88
vn -0.551184 0.154074 -0.820035
v 14.116 -74.062 1031.27
vn -0.714132 0.327822 -0.618505
v 13.2865 -74.9054 1032.06
vn 0.166737 0.985866 -0.016344
v 13.8401 -78.0149 1023.63
vn 0.572538 -0.509746 0.642152
v 10.8593 -62.3104 1050.54
vn 0.463577 -0.193958 0.864567
v 10.8138 -61.3309 1051.04
vn -0.280921 -0.662087 0.694783
v 9.90611 -62.1051 1050.46
vn -0.912691 0.324207 0.248767
v 9.97073 -61.6266 1050.3
vn 0.675472 -0.391655 0.624775
v 12.5653 -63.3868 1047.74
vn 0.517777 -0.55859 0.647984
v 11.4392 -64.4659 1047.86
vn -0.325467 -0.774763 0.542045
v 10.9059 -63.5108 1049.24
vn -0.851592 -0.435178 0.292251
v 10.1855 -66.3618 1043.98
vn -0.650699 -0.756883 -0.0609837
v 10.6681 -70.605 1032.74
vn -0.316201 -0.729677 -0.606291
v 13.5434 -70.941 1029.65
vn 0.0911862 -0.731555 -0.675657
v 13.404 -68.8843 1027.44
vn -0.104903 -0.863119 -0.493985
v 10.931 -69.2982 1028.09
vn 0.83447 0.120967 0.537612
v 13.0787 -57.3926 1048.91
vn 0.834212 -0.110904 0.540177
v 12.4333 -59.4367 1050.11
vn 0.672816 0.0736422 0.736136
v 12.2252 -58.8146 1050.43
vn 0.603909 0.257568 0.75429
v 12.1459 -58.3128 1050.37
vn 0.718419 -0.299138 0.628005
v 11.7096 -60.9006 1050.6
vn 0.575988 -0.0949658 0.811923
v 11.7575 -60.3249 1050.73
vn -0.73007 0.351851 0.585831
v 11.6733 -58.7564 1050.7
vn -0.183188 0.562111 0.806519
v 11.5847 -58.3737 1050.28
vn -0.972267 0.20582 0.111064
v 11.571 -57.2992 1048.87
vn -0.936689 0.300871 -0.179139
v 11.9369 -61.9889 1036.2
vn -0.813745 0.580639 -0.0260172
v 11.5246 -65.3349 1034.15
vn -0.738381 0.587709 -0.330745
v 10.8197 -63.7909 1037.33
vn -0.565258 0.657384 -0.498327
v 10.3473 -66.0302 1034.91
vn -0.833419 0.456108 0.312056
v 11.6909 -63.8959 1031.57
vn -0.556184 0.689104 0.464537
v 10.7573 -65.1209 1031.76
vn 0.804517 -0.369674 -0.464859
v 13.8043 -67.2816 1026.33
vn 0.421729 -0.647838 -0.63439
v 13.3547 -68.1558 1026.67
vn 0.0606961 -0.718743 -0.692622
v 12.8605 -68.2716 1026.69
vn -0.0350007 -0.624526 -0.78022
v 11.8089 -67.5085 1026
vn 0.186876 -0.538021 -0.821955
v 13.281 -67.0906 1025.41
vn 0.124888 -0.5127 -0.849436
v 12.2279 -66.2114 1025.07
vn 0.0370652 0.552532 0.832667
v 12.8744 -53.8235 1047.87
vn -0.179427 0.395691 0.900686
v 12.0372 -56.483 1049.54
vn -0.120849 0.545074 0.829632
v 11.506 -53.943 1047.75
vn 0.512026 0.538451 -0.669253
v 13.4871 -60.7953 1031.6
vn 0.539363 0.734951 -0.411015
v 13.0452 -61.4601 1030.24
vn 0.534617 0.799133 -0.274903
v 13.0562 -61.8944 1029.33
vn -0.834451 0.475813 -0.278016
v 13.0079 -60.6628 1032.08
vn -0.957365 0.236027 -0.166565
v 12.5244 -61.6388 1032.4
vn -0.20189 0.942598 -0.265987
v 12.5496 -61.5495 1030.26
vn 0.0156108 0.994688 -0.101749
v 12.5437 -61.6917 1029.26
vn 0.349098 0.936304 -0.0382695
v 12.5385 -61.7238 1028.74
vn -0.807496 0.557102 0.193873
v 11.9866 -62.2998 1030.51
vn -0.468929 0.868702 0.159571
v 12.0509 -61.8293 1029.3
vn -0.218739 0.948761 0.228046
v 12.0367 -61.7061 1028.73
vn -0.485873 0.716762 0.50018
v 11.0697 -62.3042 1028.93
vn 0.888891 0.165114 -0.427329
v 13.239 -62.3901 1028.44
vn 0.973862 0.172277 -0.148034
v 13.2202 -63.3396 1025.59
vn 0.863279 0.504257 0.0217866
v 13.0384 -62.1974 1026.79
vn 0.519648 0.849227 0.0936967
v 12.5255 -61.743 1027.69
vn -0.0568608 0.899659 0.432875
v 10.9951 -61.3106 1027.32
vn 0.514385 -0.141529 -0.8458
v 13.1715 -65.2035 1024.76
vn 0.776491 -0.0100993 -0.630047
v 13.0113 -63.6669 1024.65
vn 0.879577 -0.0669145 -0.471028
v 12.8575 -62.7249 1024.33
vn 0.96395 0.0186229 -0.265433
v 12.8183 -61.7768 1024.02
vn 0.167544 -0.356155 -0.919284
v 12.6727 -65.2597 1024.68
vn 0.419884 -0.204718 -0.884188
v 12.6454 -64.7935 1024.5
vn 0.766844 -0.234739 -0.597368
v 12.5353 -62.8593 1023.98
vn 0.544908 -0.326967 -0.772119
v 12.065 -63.4807 1023.79
vn 0.288347 -0.708008 -0.644655
v 10.7423 -65.2125 1023.57
vn 0.874735 -0.452884 0.17244
v 11.0238 -64.4027 1018.03
vn 0.922721 -0.385339 -0.0099808
v 10.61 -65.2053 1020.45
vn 0.431405 -0.900773 0.0499701
v 10.091 -65.5125 1017.87
vn 0.462657 -0.886392 -0.0160509
v 10.5173 -65.936 1010.64
vn -0.0204796 0.648413 0.761013
v 12.7406 -51.6684 1046.47
vn -0.549338 0.500175 -0.669367
v 12.7603 -54.8304 1035.37
vn -0.998304 -0.057557 -0.00874542
v 11.6542 -54.8792 1037
vn 0.353939 0.516134 -0.779957
v 13.4042 -58.1089 1033.34
vn 0.355917 0.86569 0.352
v 11.4352 -60.5762 1025.72
vn 0.795236 0.589607 0.141291
v 12.3443 -59.6044 1022.7
vn 0.930158 0.365754 -0.0321102
v 12.2467 -59.4309 1021.65
vn 0.735091 -0.363325 -0.572395
v 11.9442 -61.5742 1022.36
vn 0.971566 -0.170634 0.164146
v 12.1341 -59.4352 1018.49
vn 0.861557 -0.500557 0.0846285
v 11.9963 -64.5045 1009.64
vn 0.79018 -0.58575 -0.180314
v 12.4549 -63.8451 1006.79
vn 0.690087 -0.524148 -0.499048
v 11.8351 -63.7402 1005.62
vn 0.545026 -0.823951 -0.155088
v 11.4449 -65.1455 1008.27
vn 0.504435 -0.803158 -0.31699
v 11.3887 -64.5636 1006.4
vn -0.457906 -0.36788 -0.809312
v 11.3352 -63.7175 1005.78
vn -0.58988 -0.45562 -0.666672
v 10.7642 -64.0934 1006.33
vn 0.150961 -0.957217 -0.246875
v 10.4447 -65.2924 1007.79
vn -0.819386 -0.373321 -0.435015
v 10.183 -64.7585 1007.61
vn -0.55385 0.769581 0.317798
v 12.5777 -49.4633 1043.1
vn -0.576786 0.735779 -0.354889
v 11.6366 -50.1326 1041.74
vn 0.292425 0.884618 0.363234
v 10.6912 -57.5941 1019.45
vn 0.80639 0.0966987 0.583424
v 12.8596 -59.2375 1017.37
vn 0.61349 0.397913 0.682125
v 13.1718 -57.8285 1016.8
vn 0.568342 0.543669 0.617585
v 12.1348 -58.1679 1017.54
vn 0.780413 0.583982 0.223429
v 11.6404 -58.3532 1018.66
vn 0.512107 -0.453383 -0.729514
v 13.1438 -60.5497 1003.88
vn 0.413554 -0.0955845 -0.905448
v 13.116 -60.0513 1003.8
vn 0.601076 -0.595047 -0.533505
v 12.2519 -62.268 1005.22
vn -0.366863 -0.194297 -0.909758
v 11.7596 -60.5556 1004.11
vn -0.235295 -0.415706 -0.878536
v 11.7418 -62.2989 1005.21
vn -0.518796 -0.414112 -0.747905
v 10.7285 -62.67 1005.86
vn -0.731291 -0.355182 -0.582288
v 10.2549 -63.0123 1006.5
vn -0.629248 -0.537933 -0.560959
v 9.70422 -62.0915 1006.19
vn -0.553172 -0.402195 -0.729547
v 9.72505 -61.6832 1005.83
vn -0.716235 0.17506 -0.675545
v 9.50165 -60.677 1005.72
vn 0.285016 0.956022 0.0691916
v 12.4249 -55.2983 1010.26
vn -0.350341 0.780312 -0.518048
v 11.4915 -56.1929 1010.03
vn 0.241928 0.959652 -0.143313
v 10.963 -55.225 1011.81
vn 0.0501617 0.71302 -0.699347
v 9.97076 -55.6313 1010.89
vn 0.125034 0.653735 -0.746322
v 13.0384 -58.4304 1004.46
vn -0.412787 0.401261 -0.817678
v 12.0753 -59.2189 1004.19
vn -0.516701 0.67321 -0.52897
v 11.5638 -58.789 1005.1
vn 0.441479 -0.831189 0.337966
v 9.39791 -110.221 1049.62
vn -0.0236294 0.0987035 0.994836
v 10.2324 -106.657 1051.35
vn 0.598152 -0.799222 0.0588067
v 10.7641 -110.069 1040.09
vn 0.370786 -0.922355 0.108533
v 8.75482 -111.918 1032.26
vn 0.0201777 0.132726 0.990947
v 10.1177 -77.3163 1047.55
vn -0.0522081 0.583957 0.810104
v 9.53583 -75.885 1047.19
vn -0.245967 0.916231 0.316261
v 7.50484 -75.6587 1046.01
vn -0.158971 -0.157153 -0.974695
v 8.14873 -84.4309 1021.79
vn 0.0911367 0.874825 0.475789
v 10.459 -74.934 1045.13
vn -0.365429 0.677652 0.638161
v 10.168 -73.9626 1043.35
vn -0.229561 0.893794 0.385272
v 9.93458 -74.6598 1044.46
vn -0.531769 0.846777 -0.0137917
v 9.42232 -74.6668 1043.58
vn -0.536915 0.799574 -0.26908
v 8.47316 -76.7956 1039.01
vn -0.223192 0.947158 -0.230385
v 9.91652 -77.8544 1030.41
vn -0.380016 0.834039 -0.399959
v 6.87489 -79.1726 1022.41
vn -0.405837 -0.0962428 -0.908864
v 7.4559 -81.0039 1021.1
vn -0.261871 -0.084178 -0.961425
v 6.98344 -81.4573 1021.41
vn -0.382428 0.277777 -0.881243
v 6.92703 -80.3866 1021.46
vn -0.140531 0.97456 -0.174595
v 9.83926 -78.2306 1023.16
vn -0.124505 0.907784 -0.400534
v 8.92021 -79.5585 1020.43
vn -0.936675 -0.301645 0.177903
v 9.78861 -64.3262 1046.99
vn -0.964374 0.263664 -0.0215377
v 9.79003 -62.9017 1048.09
vn -0.991443 -0.0699262 0.110232
v 9.42624 -64.5028 1044.93
vn -0.936001 -0.289944 0.199586
v 9.22066 -66.0945 1040.19
vn -0.987658 -0.0452358 0.149948
v 8.96924 -65.632 1038.46
vn -0.880592 -0.357044 0.311573
v 8.68526 -67.7047 1037.04
vn -0.980154 -0.00141445 0.198233
v 8.77835 -65.9583 1037.51
vn -0.335429 -0.918018 -0.211494
v 9.96474 -69.5712 1029.63
vn -0.584771 -0.810763 0.0265808
v 8.44247 -68.9524 1030.6
vn -0.590747 0.729393 -0.344968
v 9.32987 -65.2666 1036.76
vn -0.701494 -0.602734 0.380288
v 6.60255 -66.5478 1034.54
vn -0.729063 -0.108917 0.675725
v 6.3946 -65.9257 1034.86
vn 0.230993 0.967163 0.106013
v 6.79902 -65.4126 1034.16
vn -0.381879 0.803307 0.457019
v 6.30814 -65.4836 1034.61
vn -0.333225 0.887268 0.31893
v 9.80874 -65.9882 1032.26
vn 0.183306 0.951123 0.248525
v 8.8141 -66.1081 1032.29
vn -0.062086 0.704462 0.707021
v 8.71162 -64.7442 1030.08
vn 0.106622 -0.754857 -0.647165
v 9.83888 -68.0541 1026.29
vn -0.329709 -0.917166 -0.223829
v 8.39236 -68.8197 1027.4
vn 0.0152292 -0.883072 -0.468991
v 7.25215 -67.1566 1023.68
vn -0.103174 0.657986 0.745928
v 9.60246 -62.9445 1028.99
vn 0.168329 0.607465 0.776306
v 8.07736 -62.5532 1028.84
vn 0.438438 0.679959 0.587731
v 6.55049 -62.0262 1029.11
vn 0.541442 0.579103 0.609492
v 6.15863 -63.7796 1030.25
vn -0.0582231 0.928507 0.366722
v 9.47167 -61.139 1026.42
vn 0.0998344 0.874575 0.474502
v 9.02405 -61.7822 1027.83
vn 0.111058 0.954157 0.27794
v 7.47554 -61.2222 1026.61
vn 0.357889 0.892371 0.274933
v 5.96898 -60.943 1027.4
vn 0.0832638 -0.992153 -0.0932685
v 9.61514 -65.5759 1019.47
vn -0.0521679 -0.995043 0.0846688
v 9.09862 -65.5484 1018.4
vn -0.0369187 -0.997225 0.0646461
v 9.58721 -65.949 1015.91
vn -0.599819 -0.772377 -0.208928
v 8.72933 -65.4727 1013.64
vn 0.07138 -0.993103 -0.093017
v 9.53994 -66.11 1011.74
vn 0.461652 0.790834 0.401819
v 6.40252 -60.4407 1024.39
vn 0.0200634 0.894899 0.445816
v 7.87644 -60.1611 1023.39
vn -0.364545 -0.86329 -0.34905
v 6.93864 -64.0598 1012.63
vn -0.803744 -0.493312 -0.332624
v 9.20751 -65.2874 1010.94
vn -0.655207 -0.57014 -0.495625
v 8.35118 -63.1271 1009.65
vn -0.774413 0.157157 -0.612851
v 8.4169 -60.1026 1007.63
vn -0.468304 0.572641 -0.672885
v 8.60341 -58.804 1008.33
vn -0.811581 -0.237308 -0.533874
v 8.21804 -61.0533 1007.98
vn -0.613984 -0.00593883 -0.789296
v 5.65614 -59.4064 1010.2
vn -0.800341 -0.314094 -0.510686
v 9.03174 -61.4942 1006.51
vn 0.494691 0.738102 0.458788
v 8.01139 -54.977 1016.75
vn 0.575106 0.815994 -0.0583693
v 6.90263 -53.6789 1013.92
vn 0.333244 0.730872 -0.595629
v 5.87944 -53.7942 1011.84
vn -0.0951653 0.41018 -0.907026
v 5.39296 -54.1638 1011.44
vn 0.0285849 0.600859 -0.798844
v 8.04847 -57.5182 1009.4
vn 0.71463 0.575366 -0.397817
v 5.11631 -52.2063 1012.89
vn 0.299909 0.444134 -0.844274
v 4.95759 -53.006 1012.1
vn 0.198626 -0.426341 0.882486
v 6.87763 -109.439 1051.5
vn 0.347008 -0.931237 -0.11128
v 7.25965 -114.121 1024.03
vn 0.169218 -0.519106 -0.837791
v 7.1935 -113.231 1022.64
vn -0.0271091 0.110458 -0.993511
v 6.47122 -109.172 1022.28
vn 0.144981 0.344824 -0.927403
v 4.76007 -104.927 1023.59
vn -0.221942 0.082071 -0.9716
v 7.18332 -103.432 1023.54
vn -0.0359712 0.145964 -0.988636
v 5.21235 -103.906 1024.04
vn -0.142554 0.115523 0.983022
v 5.26747 -80.3483 1047.21
vn -0.172405 0.198244 0.964871
v 6.63037 -77.7338 1047.22
vn -0.38441 0.779758 0.494173
v 5.54649 -76.4518 1046.18
vn -0.455578 0.409736 0.790294
v 4.15849 -78.4379 1046.8
vn -0.35781 0.221596 0.90712
v 3.68813 -79.0517 1046.62
vn -0.350644 0.935925 -0.0330665
v 5.03287 -76.4557 1045.21
vn -0.542722 0.80707 0.232574
v 4.54218 -76.6303 1045.26
vn -0.556286 0.8249 0.100426
v 4.0796 -76.9801 1044.85
vn -0.52193 0.688679 0.503299
v 4.07976 -77.2811 1045.53
vn -0.448826 0.394102 0.802022
v 3.66093 -78.5929 1046.42
vn -0.352626 0.568786 0.74306
v 3.63402 -78.1563 1046.15
vn -0.365887 0.756948 0.541439
v 3.60778 -77.7715 1045.73
vn -0.618549 -0.264118 0.740026
v 5.36716 -65.1884 1034.08
vn 0.309627 0.84319 0.439502
v 5.75765 -64.8468 1033.44
vn -0.555048 -0.826671 0.0923958
v 4.23841 -65.4109 1029.93
vn -0.359492 -0.894665 0.265216
v 2.17017 -63.9187 1031.01
vn 0.51328 0.713662 0.476687
v 3.12393 -62.56 1032.85
vn 0.801661 0.34888 0.48541
v 2.76123 -59.9433 1032.85
vn 0.638994 0.120002 0.759793
v 2.51017 -60.3151 1033.36
vn -0.32043 -0.270764 0.907751
v 2.03816 -60.8024 1033.56
vn 0.391354 0.00519532 0.920226
v 1.98191 -59.744 1033.58
vn 0.657171 0.572919 0.489786
v 5.54873 -61.8292 1029.87
vn 0.579715 0.747548 0.324194
v 5.01702 -61.3117 1029.62
vn 0.755685 0.421985 0.500868
v 4.04367 -61.3493 1031.57
vn 0.749907 0.598677 0.28147
v 3.69777 -60.5256 1030.94
vn 0.764413 0.199353 0.613132
v 3.56933 -61.6586 1032.31
vn 0.824099 0.388572 0.412156
v 3.44021 -60.6983 1032.05
vn -0.435763 -0.700271 0.565447
v 2.15593 -63.3235 1032.31
vn -0.523854 -0.849196 -0.0666537
v 3.81718 -65.2642 1021.45
vn -0.397318 -0.886332 -0.23781
v 2.53418 -64.2442 1019.52
vn 0.488268 0.317057 0.813062
v 1.9003 -58.3675 1032.97
vn 0.742355 0.407422 0.531899
v 1.75802 -56.0379 1032.07
vn 0.766706 0.565985 0.303023
v 4.4196 -60.0001 1027.64
vn -0.676289 -0.593394 -0.436483
v 2.3022 -62.9677 1017.52
vn -0.503405 -0.741729 -0.443194
v 4.8999 -63.3917 1012.62
vn -0.6698 -0.369841 -0.643883
v 4.87316 -62.9689 1012.31
vn -0.755167 -0.482953 -0.44326
v 4.2141 -63.1801 1013.38
vn -0.671378 -0.284127 -0.684488
v 3.09545 -57.8519 1012.14
vn -0.726491 -0.438112 -0.529404
v 2.25482 -60.2482 1014.6
vn 0.881098 0.421833 0.213828
v 4.86882 -52.0482 1018.11
vn -0.0158582 0.122634 -0.992325
v 3.87044 -53.6787 1011.86
vn -0.302352 -0.0515751 -0.9518
v 2.98425 -55.8339 1011.88
vn -0.328032 -0.392032 -0.85948
v 2.56726 -57.2864 1012.34
vn 0.0178264 -0.263713 -0.964437
v 2.37762 -55.8354 1011.98
vn 0.116438 -0.0963949 -0.988509
v 2.45683 -55.3277 1011.91
vn 0.0426105 -0.407769 -0.91209
v 1.98502 -56.3315 1012.14
vn 0.520795 -0.128708 -0.843924
v 1.93285 -54.9485 1011.68
vn -0.103016 -0.588551 -0.80187
v 1.5406 -56.8068 1012.38
vn 0.270048 -0.427529 -0.862724
v 1.48703 -55.9533 1011.78
vn 0.576602 -0.22132 -0.786478
v 1.26369 -54.1525 1010.89
vn 0.946201 0.323575 -0.00157381
v 4.19963 -50.115 1013.24
vn 0.659549 0.277057 -0.698738
v 3.82286 -50.2169 1012.75
vn 0.379274 0.0909325 -0.920805
v 2.73941 -51.0659 1011.97
vn 0.352934 -0.0233047 -0.935358
v 2.31698 -52.7398 1011.78
vn 0.726352 -0.0582169 -0.684853
v 1.18725 -50.5939 1010.76
vn 0.914004 0.249849 -0.319643
v 3.60751 -47.6956 1014.02
vn 0.839507 0.0548881 -0.54057
v 2.21145 -47.4522 1011.82
vn 0.961632 -0.10194 -0.254699
v 1.26004 -47.1851 1009.62
vn 0.865862 0.355697 0.351798
v 0.394203 -39.4794 1021.81
vn 0.980757 0.181963 0.0707537
v 1.83071 -40.3495 1015.78
vn 0.965795 0.0408186 -0.256072
v 1.75815 -42.4325 1011.13
vn 0.539629 -0.353735 -0.763985
v 0.728894 -44.9943 1005.2
vn 0.883001 0.393036 0.256577
v 1.30951 -36.5756 1012.94
vn 0.845325 0.478767 0.237082
v 0.888006 -36.916 1015.16
vn 0.996752 -0.0423037 -0.0685251
v 1.8413 -40.8214 1011.19
vn 0.969813 -0.147062 -0.194515
v 1.62999 -42.5715 1005.98
vn 0.605225 0.711511 0.357009
v 1.1105 -36.1111 1012.78
vn 0.999911 -0.0112544 -0.0071986
v 1.88537 -35.592 1007.87
vn 0.830997 0.525097 0.183619
v 1.7133 -34.9689 1009.77
vn 0.395247 0.858989 0.32545
v 0.807853 -34.2764 1010.06
vn 0.698679 0.70953 -0.0917286
v 0.782445 -34.0817 1008.94
vn 0.689845 0.661522 -0.294114
v 0.791207 -34.6 1007.54
vn -0.0995104 0.973762 -0.204657
v 0.289822 -34.5897 1007.53
vn 0.886526 -0.126357 -0.445091
v 1.66805 -37.8185 1004.4
vn 0.352993 0.710755 -0.60846
v 0.305204 -35.5893 1004.7
vn 0.160065 0.145121 -0.976381
v 0.428309 -38.2267 1003.39
vn 0.220516 -0.820811 0.526917
v 3.47854 -111.656 1050.6
vn 0.0609546 -0.686748 0.724336
v 0.98539 -111.72 1051.14
vn 0.199772 -0.969511 0.141914
v 3.98682 -112.397 1048.21
vn 0.0671892 -0.96721 0.24493
v 1.50787 -112.584 1049.32
vn -0.129898 -0.990665 -0.0413455
v 2.44011 -112.608 1044.06
vn 0.0152542 -0.984809 0.172969
v 3.81425 -112.959 1033.12
vn 0.0768211 -0.990363 0.115238
v 2.78478 -114.8 1023.71
vn -0.000259962 -0.263988 -0.964526
v 1.20286 -113.573 1022.66
vn -0.216436 0.400569 0.890337
v 2.69048 -79.1692 1046.44
vn -0.401993 0.663312 0.631205
v 2.63611 -78.254 1046.03
vn -0.412118 0.878043 0.24331
v 2.58743 -77.7115 1044.56
vn -0.362888 0.611905 0.702769
v 2.1649 -78.8037 1046.05
vn -0.413871 0.786804 0.457876
v 2.13893 -78.4386 1045.56
vn 0.0244935 0.60852 0.793161
v -0.303342 -79.455 1046.1
vn -0.250562 0.956998 -0.146198
v 1.03516 -81.2507 1026.76
vn -0.327776 0.886779 -0.325861
v 0.52033 -81.986 1022.79
vn -0.242484 0.959095 -0.146078
v -0.467457 -82.2243 1022.86
vn 0.572515 0.692898 -0.438313
v -0.995035 -81.9889 1022.78
vn -0.167213 0.593317 -0.78741
v -0.453835 -82.5821 1022.45
vn 0.399395 0.603353 -0.690252
v -0.959178 -82.5033 1022.43
vn -0.408849 0.0440858 0.911537
v 1.48331 -59.82 1033.44
vn -0.198423 -0.598066 0.776495
v 0.112558 -62.7324 1031.66
vn -0.064486 -0.907597 0.414861
v -0.369288 -63.3044 1030.79
vn -0.308663 -0.172477 0.935403
v -0.451615 -61.4293 1032.11
vn 0.177493 -0.534245 0.826485
v -0.887644 -62.7561 1031.66
vn 0.0441609 0.158851 0.986314
v -1.53265 -60.0345 1031.74
vn 0.228892 -0.3518 0.907659
v -1.9216 -62.01 1032.21
vn -0.275124 -0.956056 0.101306
v 1.64622 -64.0073 1028.93
vn 0.130899 -0.986586 0.0975385
v -1.37815 -64.0342 1027.34
vn 0.0266765 -0.99174 -0.125456
v 0.021067 -63.7185 1020.92
vn -0.316705 -0.917903 -0.239066
v 1.52036 -63.9101 1019.93
vn -0.151027 -0.909115 -0.388202
v 0.497618 -63.5441 1019.81
vn 0.31575 -0.917872 -0.240442
v -0.986916 -63.73 1020.39
vn -0.121961 0.182791 0.975558
v 1.4281 -58.8407 1033.22
vn -0.458476 0.0266358 0.888308
v 0.956457 -58.9313 1033.03
vn 0.265084 0.272826 0.924822
v 1.34488 -57.3408 1032.98
vn 0.149264 0.614324 0.774807
v 1.23616 -55.5128 1032.15
vn -0.314307 0.00898924 0.949279
v 0.873451 -57.8731 1033.05
vn -0.207942 0.271815 0.939615
v 0.831759 -57.117 1032.95
vn -0.481261 0.069398 0.873826
v -0.649261 -57.6645 1032.36
vn -0.545 0.381622 0.746552
v -0.704473 -56.6852 1032.14
vn -0.393319 0.0444287 0.918328
v -1.61703 -58.4457 1031.77
vn -0.13219 0.176166 0.975444
v -2.08778 -59.0299 1031.68
vn -0.593187 0.337812 0.730762
v -2.14264 -58.0777 1031.38
vn -0.751344 0.490723 0.441217
v -2.09317 -56.8757 1030.22
vn -0.407434 -0.739969 -0.535204
v 1.46312 -63.1431 1018.72
vn -0.0447416 -0.766297 -0.640927
v -0.562579 -62.6748 1018.89
vn 0.725975 0.539949 0.42593
v 1.13232 -54.0573 1030.2
vn 0.117584 0.674372 0.72897
v 0.631849 -53.9905 1030.49
vn -0.221519 0.616952 0.755182
v -0.891475 -53.735 1029.94
vn -0.496633 -0.580046 -0.64568
v 1.19938 -59.1891 1014.79
vn 0.44578 -0.609062 -0.655991
v -1.3254 -58.7598 1014.93
vn 0.75332 -0.415056 -0.510135
v -2.30503 -59.3579 1014.19
vn 0.866279 0.330989 0.374176
v 0.848578 -50.0664 1026.39
vn 0.768006 0.380758 0.514966
v 0.338713 -49.4098 1026.86
vn -0.382795 0.565637 0.730426
v -0.080664 -50.6797 1027.88
vn -0.57296 0.412668 0.708112
v -0.917575 -50.0026 1026.89
vn -0.850393 0.321965 0.416138
v -1.15009 -51.9154 1027.52
vn -0.0267166 -0.712229 -0.701439
v 1.01463 -56.4117 1012.07
vn -0.24514 -0.720404 -0.648787
v 0.566925 -57.1363 1013.14
vn -0.0314192 -0.625877 -0.779289
v -0.068222 -55.229 1010.71
vn -0.0756945 -0.690946 -0.718933
v -1.03707 -55.5759 1011.77
vn -0.310879 -0.566616 -0.763086
v -1.11633 -54.3796 1010.62
vn -0.307972 -0.455476 -0.835282
v -2.08923 -54.7683 1011.21
vn 0.718765 0.298293 0.628012
v 0.506027 -47.7092 1025.6
vn -0.164269 0.383505 0.908812
v -0.350726 -46.2419 1025.4
vn -0.899753 0.106674 0.423162
v -0.940464 -46.044 1024.51
vn -0.927722 0.277754 0.249367
v -2.08781 -48.9533 1020.74
vn 0.784111 -0.258608 -0.564173
v 0.217677 -51.5074 1009.5
vn 0.363869 -0.414351 -0.834214
v -0.788423 -51.5579 1008.96
vn 0.340239 0.303166 0.890128
v -0.54305 -42.8845 1024.42
vn -0.767775 0.0387415 0.639548
v -0.952541 -44.5631 1024.55
vn -0.211139 0.123637 0.969605
v -1.12516 -41.4383 1024.11
vn -0.559372 -0.467518 -0.684493
v -1.88443 -49.9252 1008.41
vn -0.809423 -0.268062 -0.522472
v -2.50513 -49.2856 1008.72
vn 0.683828 0.607926 0.403491
v 0.050784 -38.5476 1021.5
vn 0.504431 0.404224 0.762989
v -0.207346 -40.0801 1023.28
vn 0.4965 0.595371 0.631681
v -0.790922 -38.6995 1022.6
vn 0.210667 0.572355 0.792483
v -1.26124 -39.1392 1023.12
vn 0.26454 0.794818 0.546153
v -1.34075 -37.9232 1022.03
vn -0.960131 -0.131171 0.246865
v -2.00648 -39.9246 1022.47
vn -0.547219 0.394836 0.738008
v -1.99573 -39.2908 1022.79
vn -0.580193 0.549081 0.60157
v -1.84022 -37.9326 1022.09
vn -0.994054 -0.0908056 -0.0600963
v -3.38026 -42.8398 1007.63
vn -0.714612 -0.377711 -0.588782
v -2.15324 -45.7183 1005.11
vn -0.915042 -0.204642 -0.347593
v -2.65969 -45.4921 1005.88
vn -0.184829 0.947501 0.260921
v -1.89088 -37.3014 1020.82
vn -0.961553 -0.190671 0.197636
v -2.8648 -37.911 1020.74
vn 0.380026 0.882619 0.276703
v -0.415361 -37.1447 1019.45
vn 0.0677181 0.971462 0.227324
v -0.488355 -36.6176 1016.11
vn -0.961176 -0.240233 0.135755
v -3.09997 -39.0301 1017.43
vn -0.538175 0.823115 0.181244
v -2.4705 -37.2251 1015.25
vn -0.960839 0.263241 0.0865553
v -3.56188 -38.4198 1014.59
vn 0.105363 -0.221152 -0.969531
v -1.84448 -42.4749 1003.7
vn -0.846125 -0.131295 -0.51656
v -2.40017 -41.4284 1003.77
vn 0.0161731 0.918988 0.393955
v -0.564856 -35.7842 1013.72
vn -0.252755 0.9423 0.219511
v -0.20091 -34.1521 1010.02
vn -0.444772 0.88837 -0.113914
v -1.69202 -34.7133 1008.62
vn -0.34166 0.934229 -0.102393
v -1.68832 -35.0219 1007.67
vn -0.70882 0.696691 0.110437
v -2.39158 -35.3461 1009.35
vn -0.650977 0.758246 -0.0359421
v -2.27387 -35.3389 1007.77
vn -0.983009 0.177506 0.0467376
v -3.43832 -37.3015 1008.42
vn -0.868385 0.485763 0.0997096
v -3.11445 -36.3591 1008.02
vn -0.00858838 0.975982 -0.217682
v -0.718313 -34.843 1006.03
vn -0.373401 0.924848 -0.0723012
v -2.21741 -35.0217 1005.56
vn -0.188439 0.556516 -0.809185
v -2.20001 -35.5671 1004.68
vn -0.149166 0.852986 -0.500165
v -2.22554 -35.1765 1005.08
vn -0.485277 0.295855 -0.822785
v -2.65538 -36.5041 1004.34
vn -0.674502 0.627637 -0.388739
v -2.70431 -35.3839 1005.15
vn -0.959681 0.279694 -0.0279782
v -3.48885 -36.5112 1006.05
vn -0.908249 0.142028 -0.393589
v -3.38332 -36.8217 1005.1
vn -0.722997 0.687104 0.0718549
v -3.16361 -35.8566 1006.36
vn -0.0112668 -0.15733 0.987482
v 0.414975 -110.269 1051.72
vn -0.0624343 -0.92851 0.366021
v 0.001303 -112.267 1050.26
vn -0.138478 -0.99009 0.0233556
v -1.516 -112.497 1048.22
vn -0.0471011 -0.982916 0.177926
v -0.193692 -114.765 1025.79
vn 0.0651323 0.111332 -0.991647
v -0.859998 -102.864 1023.47
vn 0.0320999 0.118766 0.992403
v -3.21727 -80.9864 1046.77
vn -0.297246 0.853238 0.428521
v -1.39477 -78.4948 1043.22
vn 0.0319039 -0.14321 -0.989178
v -4.30563 -85.5213 1022.26
vn 0.403915 0.906996 -0.119212
v -1.49311 -81.4411 1024.18
vn 0.485805 0.852444 -0.193218
v -3.60932 -79.8531 1022.06
vn 0.266259 0.963869 -0.00795266
v -5.10376 -79.501 1024.04
vn 0.450139 0.368345 -0.813448
v -3.58282 -80.6008 1021.06
vn 0.194191 -0.284122 -0.938917
v -4.96531 -82.8727 1020.95
vn 0.622691 -0.580573 0.524587
v -4.77116 -64.8786 1032.35
vn 0.497887 -0.341039 0.797371
v -5.3074 -64.0392 1033.04
vn 0.340933 0.303466 0.88976
v -3.50407 -60.474 1032.34
vn 0.382348 0.12621 0.915358
v -3.94875 -61.4307 1032.72
vn 0.2177 0.516007 0.828459
v -4.01702 -60.234 1032.39
vn 0.437343 -0.373338 0.818138
v -4.36503 -62.9375 1033.02
vn 0.314402 0.194117 0.929231
v -4.47707 -60.8553 1032.95
vn 0.222816 0.579041 0.784261
v -4.50433 -60.3915 1032.76
vn -0.322786 0.0641422 0.944296
v -5.36297 -63.0327 1032.91
vn -0.356422 -0.145383 0.922945
v -5.39117 -62.4974 1032.93
vn -0.103189 0.00450002 0.994652
v -5.44832 -61.3699 1033.16
vn 0.311191 -0.516628 0.797657
v -3.33464 -63.7404 1031.98
vn -0.475746 0.320408 0.819148
v -5.83353 -63.6317 1032.77
vn -0.562044 0.0210433 0.826839
v -5.86102 -63.1507 1032.64
vn 0.503049 -0.863103 0.0446654
v -3.82137 -65.2061 1027.19
vn 0.527156 -0.833023 -0.167864
v -4.37033 -65.8406 1021.08
vn 0.0922094 0.322095 0.942206
v -2.55957 -59.5351 1031.83
vn -0.374796 0.532901 0.758646
v -2.61387 -58.6249 1031.4
vn 0.113415 0.855179 0.505772
v -4.48567 -59.379 1031.05
vn -0.557917 0.800303 0.219643
v -5.1884 -58.1542 1028
vn 0.59898 -0.670134 -0.438341
v -3.10175 -63.5732 1018.22
vn 0.686117 -0.685086 -0.244748
v -4.98792 -65.0441 1015.54
vn 0.612025 -0.592729 -0.523543
v -6.05225 -64.7453 1012.05
vn -0.778312 0.555072 0.293472
v -3.96673 -56.0229 1025.19
vn -0.785232 0.596183 0.167261
v -5.48529 -58.0035 1024.26
vn -0.74023 0.554821 0.37978
v -6.56913 -58.6937 1022.38
vn 0.61589 -0.141131 -0.775088
v -4.39019 -58.4836 1011.54
vn -0.722993 0.626328 0.291539
v -5.95118 -55.3461 1019.65
vn -0.724486 0.689202 0.0109341
v -6.1165 -53.756 1013.36
vn 0.324329 -0.318589 -0.89068
v -2.97874 -56.6693 1011.99
vn 0.248044 -0.120889 -0.961176
v -5.05685 -55.4364 1011.3
vn 0.240353 0.380749 -0.892895
v -6.77966 -56.7984 1010.68
vn -0.55096 0.220006 -0.80501
v -6.61726 -54.7321 1012.1
vn -0.35641 -0.312943 -0.880363
v -3.32741 -51.864 1010.63
vn -0.86659 0.487882 0.104848
v -4.74945 -51.6067 1012.12
vn -0.895446 -0.0607841 -0.441001
v -3.63894 -47.6055 1010.79
vn -0.168151 -0.642767 0.747379
v -5.55145 -111.259 1050.95
vn -0.220061 -0.952205 0.211847
v -6.04699 -111.595 1050.01
vn -0.0880153 -0.96978 -0.227552
v -4.73577 -114.65 1023.62
vn -0.0239418 -0.654443 -0.755732
v -5.78624 -113.97 1022.68
vn -0.0814836 -0.0645733 0.994581
v -5.34087 -82.709 1046.72
vn 0.0303381 0.278301 0.960015
v -8.90602 -77.5592 1046.95
vn 0.236852 0.718516 0.653939
v -6.0488 -77.2045 1045.94
vn 0.303751 0.904386 0.299703
v -6.99138 -76.3625 1045.12
vn 0.957774 0.222355 0.182285
v -9.29911 -65.8183 1044.24
vn 0.967176 0.00439744 0.254068
v -9.84162 -65.69 1046.3
vn 0.791951 -0.568648 0.222379
v -9.65574 -66.3124 1044.4
vn 0.957774 0.222355 0.182285
v -9.57272 -65.4889 1045.27
vn 0.928231 -0.315667 0.196829
v -9.29246 -66.9245 1040.92
vn 0.897851 0.428584 0.100887
v -9.20437 -65.4953 1042.02
vn 0.978677 -0.015534 0.204818
v -9.10712 -66.1332 1040.09
vn 0.928017 0.186383 0.322561
v -7.21623 -65.5293 1034.14
vn 0.404867 0.835177 0.372239
v -9.27557 -64.6026 1033.63
vn 0.904122 0.268727 0.332189
v -6.63909 -66.6204 1033.45
vn 0.536016 -0.307468 0.786226
v -6.25071 -65.0694 1033.28
vn -0.325895 0.712066 0.621896
v -6.77619 -64.7113 1032.87
vn -0.208363 0.754502 0.622344
v -7.79885 -64.5378 1031.98
vn 0.26656 0.830671 0.488805
v -8.29809 -64.5644 1031.99
vn 0.507641 0.791313 0.34077
v -8.77459 -64.7088 1033.22
vn -0.34318 -0.103929 0.933502
v -6.85111 -63.4641 1031.87
vn -0.513436 0.394223 0.762215
v -6.82831 -63.9689 1031.94
vn -0.364283 -0.203891 0.908695
v -6.88484 -62.8883 1032.02
vn -0.315907 -0.182782 0.931017
v -7.44072 -61.827 1032.13
vn -0.38187 0.667422 0.639315
v -7.46744 -61.4052 1031.82
vn -0.215551 0.338719 0.915864
v -7.8255 -64.1209 1031.65
vn 0.0778504 -0.133449 0.987993
v -7.85361 -63.5929 1031.66
vn -0.0557491 -0.161235 0.98534
v -7.91115 -62.4359 1031.97
vn -0.138109 -0.030793 0.989938
v -7.93928 -61.9054 1031.98
vn 0.428088 0.032945 0.903136
v -8.35363 -63.5603 1031.84
vn 0.00997086 -0.0715562 0.997387
v -8.9096 -62.4916 1031.98
vn 0.410875 0.656065 0.633056
v -9.32804 -63.833 1032.78
vn 0.344319 -0.933925 -0.0960634
v -7.78186 -67.4605 1021.62
vn 0.342981 -0.910619 -0.230514
v -6.45361 -65.7712 1015.37
vn 0.49735 -0.772842 -0.394156
v -7.38151 -66.707 1017.14
vn 0.597776 -0.788861 -0.142698
v -7.85386 -67.1986 1017.3
vn 0.773065 -0.609214 0.176718
v -8.2664 -67.806 1015.92
vn 0.858976 -0.496867 0.123624
v -8.29554 -67.9656 1015.45
vn 0.834394 -0.364585 -0.413356
v -7.87332 -66.953 1016.83
vn 0.11961 -0.953046 -0.278202
v -7.9313 -66.1045 1015.88
vn 0.986397 -0.126522 -0.104945
v -8.35175 -68.4428 1014.02
vn 0.951148 0.137383 -0.276485
v -8.42641 -67.3394 1015.76
vn 0.817194 -0.559399 0.138804
v -8.79342 -68.8821 1015.22
vn 0.543486 -0.824227 0.158973
v -9.28847 -68.3699 1017.68
vn 0.857476 -0.509097 -0.0745384
v -8.8203 -69.0288 1012.63
vn 0.932263 -0.00806049 -0.36169
v -8.84998 -68.6769 1011.82
vn 0.878623 0.270268 -0.393671
v -8.94434 -68.1566 1011.82
vn -0.25686 -0.9663 -0.0169532
v -9.31441 -69.0219 1013.16
vn -0.0335947 -0.952527 -0.302595
v -9.33468 -68.916 1012.07
vn 0.840897 0.073908 -0.536125
v -10.0481 -67.5814 1010.57
vn -0.392277 0.909865 -0.135145
v -7.63608 -60.2272 1023.94
vn -0.473228 0.869075 -0.144096
v -8.60294 -60.2159 1026.57
vn -0.326716 0.945049 0.0117556
v -8.61916 -60.5469 1024.04
vn -0.086606 0.954027 0.286935
v -9.12561 -60.5677 1023.53
vn -0.339548 0.921165 -0.190162
v -10.0596 -61.0063 1026.82
vn -0.329341 0.930686 -0.159245
v -10.0546 -61.3371 1025.88
vn -0.555431 0.816793 0.15603
v -7.63915 -60.2964 1023.43
vn -0.430639 0.745939 0.508061
v -7.67917 -59.8081 1022.39
vn -0.230291 0.97088 0.0660146
v -8.13027 -60.4636 1023.49
vn -0.15999 0.894428 0.417614
v -8.14661 -60.3034 1022.91
vn 0.0433899 0.883717 0.466005
v -9.65027 -60.2723 1022.93
vn 0.625255 -0.34567 -0.699692
v -6.63139 -63.5263 1011.06
vn 0.557955 -0.569614 -0.603511
v -8.10104 -64.7858 1010.7
vn 0.548507 -0.765932 -0.335391
v -9.00231 -65.8822 1011.59
vn 0.888796 -0.257107 -0.379392
v -9.95622 -66.976 1010.78
vn 0.791016 -0.405246 -0.458334
v -10.087 -65.0835 1008.57
vn -0.441731 0.765224 0.468301
v -8.38601 -56.9317 1018.48
vn -0.128602 0.852796 0.506162
v -10.3338 -57.8551 1018.92
vn 0.711862 -0.287909 -0.640594
v -9.49886 -63.1172 1008.03
vn 0.566059 0.201798 -0.799284
v -9.2828 -61.5211 1008.03
vn 0.717975 -0.269298 -0.641865
v -10.5303 -62.6963 1006.3
vn -0.427116 0.901618 0.0682377
v -8.99743 -55.8414 1014.57
vn 0.00560135 0.591122 -0.806563
v -8.52697 -56.1731 1010.99
vn -0.388622 -0.873729 0.292524
v -10.1282 -110.177 1050.05
vn -0.299947 -0.94938 -0.0933247
v -8.61493 -110.855 1048.17
vn -0.441867 -0.886644 -0.136442
v -9.80654 -109.037 1041.24
vn -0.251863 -0.941829 0.222538
v -8.26616 -114.096 1023.96
vn -0.421827 -0.88394 0.201775
v -9.88901 -109.445 1033.47
vn -0.0260904 -0.246837 -0.968706
v -8.83644 -113.188 1022.39
vn -0.225622 -0.834738 -0.502301
v -9.46329 -113.634 1022.74
vn -0.372183 -0.119786 0.920397
v -10.0204 -85.0893 1045.91
vn -0.408485 0.17849 0.895143
v -10.5041 -85.4741 1045.65
vn -0.206635 0.389678 0.89747
v -10.9731 -86.0571 1045.7
vn -0.352055 0.380435 0.855176
v -11.0022 -85.5847 1045.41
vn -0.0678007 0.291266 0.954236
v -11.501 -85.6459 1045.31
vn 0.431003 0.332744 -0.83876
v -12.3178 -94.7741 1022.77
vn -0.220845 -0.238407 0.945722
v -10.0917 -83.6686 1046.25
vn -0.431741 -0.311555 0.846483
v -10.549 -84.6082 1045.75
vn -0.304793 -0.0581512 0.950642
v -11.0296 -85.111 1045.25
vn -0.148159 -0.286676 0.946502
v -11.1465 -82.6537 1046.31
vn 0.115111 -0.0850743 0.989703
v -12.0299 -85.1017 1045.38
vn 0.697688 0.0691796 -0.713054
v -12.4333 -92.3834 1023.67
vn 0.248366 -0.230135 -0.940932
v -12.541 -90.6369 1022.59
vn 0.0124478 0.805925 0.591887
v -10.5116 -75.8813 1045.93
vn 0.347885 0.934615 -0.073959
v -9.84641 -75.0299 1042.03
vn 0.0630765 0.927856 0.367565
v -11.0863 -74.997 1043.93
vn -0.185891 0.863953 0.468006
v -12.0429 -75.6076 1044.85
vn -0.367439 0.448018 0.815027
v -13.0829 -75.1381 1043.85
vn 0.121038 0.970777 -0.207226
v -11.6282 -77.91 1029.28
vn 0.0483235 0.843159 -0.535489
v -13.1315 -77.8937 1029.27
vn 0.668365 -0.607861 0.428711
v -11.8973 -69.0221 1044.58
vn 0.931153 -0.314911 0.183806
v -11.3996 -71.471 1041.89
vn 0.726786 0.398134 0.559707
v -12.2228 -72.6031 1043.39
vn 0.898349 -0.434747 -0.0629657
v -11.9834 -72.2899 1034.79
vn 0.812957 0.453162 -0.365712
v -12.9244 -75.0309 1033.06
vn 0.51106 0.689608 -0.513087
v -12.6516 -77.0427 1031.1
vn -0.224244 0.958639 -0.17529
v -12.6286 -78.1756 1028.31
vn -0.210225 0.975758 0.0608429
v -12.6693 -78.2057 1025.16
vn -0.0442974 0.999004 -0.00540211
v -13.2146 -77.9243 1022.96
vn 0.171425 -0.0171495 -0.985048
v -10.6773 -79.4248 1019.49
vn 0.303542 0.593489 -0.745408
v -10.7287 -78.3467 1019.95
vn 0.814334 -0.39629 0.424045
v -10.2739 -65.397 1047.26
vn 0.749662 -0.522295 0.406466
v -10.5234 -65.9526 1047.21
vn 0.485215 0.874133 0.0214085
v -10.5559 -65.0891 1048.23
vn 0.544807 -0.658094 0.519709
v -11.0117 -65.9946 1047.98
vn 0.468824 0.882469 0.0381047
v -11.0707 -64.8524 1048.12
vn 0.0409111 -0.79538 0.604729
v -12.491 -66.3928 1048.1
vn 0.0902138 -0.124478 0.988113
v -12.5319 -65.1812 1049.88
vn 0.240989 0.0777053 0.967412
v -12.5603 -64.631 1049.95
vn -0.311962 -0.722057 0.617506
v -13.009 -65.9728 1048.49
vn 0.68256 -0.634458 0.362732
v -10.5127 -66.3309 1046.51
vn 0.454769 0.890507 0.013503
v -10.5756 -65.243 1046.15
vn 0.700338 -0.71343 -0.0233476
v -10.9499 -70.9756 1032.77
vn 0.349457 -0.898816 -0.264595
v -11.5384 -70.438 1028.38
vn 0.541205 -0.727185 -0.422255
v -12.4724 -71.3536 1029.76
vn 0.815968 -0.418345 -0.398978
v -12.8678 -72.8361 1031.72
vn 0.283889 0.375993 0.882064
v -14.151 -62.5969 1049.99
vn 0.509429 0.857453 0.0725072
v -10.1501 -65.5308 1039.4
vn 0.00589609 -0.96711 -0.254289
v -11.2166 -68.4436 1022.97
vn -0.457052 -0.851721 -0.256271
v -12.2477 -68.0559 1022.31
vn 0.0660136 -0.909232 -0.411022
v -13.0979 -69.8324 1026.52
vn -0.0203973 -0.998697 0.0467834
v -11.255 -68.2687 1020.8
vn -0.443034 -0.893901 -0.068282
v -11.7645 -68.1178 1020.75
vn 0.713502 0.676986 0.180566
v -12.9705 -63.0003 1034.32
vn 0.937258 0.335674 0.0941799
v -13.9986 -60.3359 1034.49
vn -0.291494 0.694932 0.657343
v -11.0067 -61.2145 1030.05
vn 0.245989 0.711484 0.65824
v -12.9523 -61.8423 1031.83
vn -0.583155 -0.789231 -0.19247
v -13.0787 -67.4331 1022.63
vn 0.238069 -0.650665 -0.721081
v -10.5312 -68.0823 1010.73
vn 0.135848 -0.775095 -0.617069
v -10.8929 -68.1944 1010.77
vn 0.232631 -0.948718 -0.214048
v -10.9028 -68.1452 1010.22
vn -0.142545 -0.98698 -0.074505
v -11.4068 -68.0904 1010.2
vn -0.15584 0.98101 -0.115472
v -10.5528 -61.1366 1026.86
vn -0.0622666 0.970767 -0.231808
v -10.5533 -61.2501 1026.37
vn 0.00944067 0.989931 0.141235
v -10.5565 -61.4403 1025.38
vn 0.037694 0.997447 -0.060655
v -11.056 -61.2176 1026.36
vn 0.109124 0.974388 0.196619
v -12.0744 -61.0532 1025.76
vn 0.012592 0.915464 0.402203
v -13.2089 -59.4845 1022.09
vn 0.86424 -0.31863 -0.389313
v -10.6505 -67.1376 1008.84
vn 0.690384 -0.582284 -0.42932
v -11.4594 -67.6693 1007.95
vn 0.717894 -0.357334 -0.597445
v -11.5213 -66.7711 1006.92
vn 0.549491 -0.267217 -0.791616
v -11.6305 -64.9037 1006.21
vn -0.0343464 -0.941994 -0.333869
v -11.9599 -67.6758 1007.95
vn -0.0456638 -0.857188 -0.512975
v -12.019 -66.9187 1006.56
vn 0.475692 -0.27592 -0.835216
v -12.046 -66.4697 1006.33
vn -0.655111 -0.749433 -0.0958079
v -12.4904 -67.2832 1007.29
vn -0.281501 -0.807692 -0.518064
v -12.6341 -66.9256 1006.65
vn -0.0667011 -0.498405 -0.864374
v -12.5445 -66.5531 1006.17
vn 0.209564 -0.310441 -0.927205
v -12.5997 -65.5787 1005.93
vn -0.672807 -0.599863 -0.433008
v -13.1739 -66.4793 1006.5
vn -0.378776 -0.440715 -0.813818
v -13.0992 -65.5881 1005.99
vn -0.658427 -0.465625 -0.591327
v -13.8002 -65.4044 1006.66
vn -0.353254 0.858171 0.372497
v -13.8621 -57.9504 1016.83
vn 0.419649 0.625381 -0.65787
v -12.3774 -59.9689 1007.49
vn 0.342765 -0.435251 -0.832507
v -12.7078 -63.7977 1004.96
vn 0.458732 -0.0793175 -0.885028
v -12.7621 -62.8849 1004.54
vn -0.0948422 -0.627722 -0.772638
v -13.18 -64.2683 1005.21
vn 0.204452 -0.501121 -0.840879
v -13.2332 -63.4445 1004.53
vn 0.342627 0.477563 -0.809037
v -13.3465 -61.2661 1004.75
vn -0.517053 -0.640827 -0.567447
v -13.7788 -64.6111 1005.87
vn -0.190322 -0.714399 -0.673359
v -13.7059 -63.883 1004.88
vn -0.00428468 -0.555564 -0.831463
v -13.7406 -63.3515 1004.4
vn 0.141506 -0.155637 -0.977626
v -13.7593 -63.0394 1004.25
vn 0.26686 0.76259 -0.589273
v -13.8708 -60.7351 1005.11
vn -0.746351 -0.611486 -0.262763
v -14.6313 -64.0235 1006.2
vn -0.346398 -0.467674 -0.813197
v -14.2542 -63.1314 1004.32
vn -0.246944 0.0776179 -0.965916
v -14.2864 -62.5579 1004.2
vn -0.310456 0.907915 0.281616
v -12.439 -56.8246 1015.41
vn -0.0835717 0.935378 0.343632
v -13.9248 -57.2328 1015.01
vn 0.0604008 0.995898 0.0673748
v -14.4929 -56.6801 1012.19
vn 0.336841 0.701974 -0.627511
v -13.9733 -58.0215 1008.26
vn 0.268809 0.753797 -0.59961
v -14.4848 -57.9205 1007.86
vn -0.370684 -0.586125 0.720451
v -12.2733 -108.732 1050.61
vn -0.13558 -0.104233 0.985268
v -12.2593 -107.516 1051.09
vn -0.596964 -0.728783 0.335425
v -13.7423 -108.178 1049.89
vn -0.440629 -0.316262 0.840134
v -14.3108 -106.697 1050.73
vn -0.140777 0.10509 0.984448
v -14.3459 -106.032 1050.76
vn -0.497621 -0.866997 -0.0262417
v -13.2305 -108.857 1048.01
vn -0.637677 -0.7599 -0.126177
v -15.8147 -106.861 1047.34
vn -0.724785 -0.675819 -0.134001
v -15.0171 -105.289 1041.02
vn -0.515313 -0.744971 0.42364
v -13.4377 -110.027 1027.92
vn -0.390138 -0.892033 0.228189
v -13.3715 -112.288 1023.86
vn -0.471357 -0.874376 0.115277
v -14.4014 -111.922 1023.2
vn -0.538254 -0.784931 0.306865
v -14.8475 -111.546 1023.6
vn -0.742632 -0.57765 0.338848
v -15.6127 -105.85 1031.72
vn -0.390185 -0.586071 -0.710124
v -15.5214 -109.987 1022.07
vn 0.580688 0.164452 -0.797344
v -13.2339 -93.8839 1022.47
vn 0.720624 -0.047815 -0.691675
v -13.3978 -93.419 1022.31
vn 0.34842 0.168994 -0.921979
v -12.7859 -95.5187 1022.24
vn 0.382264 -0.00281927 -0.924049
v -14.8073 -95.3787 1021.43
vn 0.0818923 0.087204 0.992819
v -16.0254 -85.1232 1046.08
vn -0.103652 0.00349306 0.994608
v -16.7211 -81.4765 1046.06
vn 0.627699 -0.0886827 -0.773388
v -13.1895 -91.823 1022.31
vn -0.391798 0.559742 0.730194
v -16.4445 -77.3942 1045.59
vn -0.190785 0.48163 0.855356
v -13.479 -76.5632 1045.98
vn -0.353038 0.81259 0.463748
v -13.5547 -75.6373 1044.02
vn -0.330195 0.0160977 0.943776
v -13.7442 -74.2886 1043.35
vn -0.263278 0.883398 0.387676
v -14.0262 -75.951 1044.96
vn -0.46687 0.107076 0.87782
v -14.1063 -74.9053 1043.15
vn -0.294538 0.471835 0.831035
v -14.577 -75.492 1043.05
vn -0.226742 0.0108452 0.973894
v -14.6046 -75.0035 1042.94
vn -0.329834 0.790635 0.515855
v -15.3375 -75.9571 1043.37
vn 0.0211948 0.20762 0.97798
v -15.603 -75.0642 1042.93
vn -0.460623 0.845775 0.269243
v -16.9932 -76.9696 1043.7
vn -0.883354 0.144545 -0.445862
v -16.8275 -78.0881 1030.9
vn -0.373657 0.858572 -0.351048
v -14.1037 -78.7687 1027.98
vn -0.592565 0.633332 -0.497753
v -15.0791 -79.2216 1028.12
vn -0.629688 0.767495 -0.120184
v -15.308 -79.7467 1027.24
vn -0.498926 0.513544 -0.698101
v -15.599 -78.613 1029.11
vn -0.745243 0.364892 -0.558092
v -16.0643 -79.2598 1029.19
vn -0.787588 0.534363 -0.306858
v -16.5033 -80.5728 1028.57
vn -0.777941 0.627484 0.0327448
v -16.9469 -81.5757 1026.79
vn -0.876538 0.306562 -0.37108
v -16.8172 -79.9871 1029.95
vn 0.0138423 -0.4102 0.91189
v -14.4098 -68.7078 1045.18
vn -0.153893 -0.481809 0.862657
v -15.7727 -71.8176 1043.2
vn 0.760554 0.170316 -0.626538
v -13.7274 -75.7061 1031.17
vn 0.372949 0.592914 -0.713696
v -14.1726 -76.965 1030.01
vn 0.0687453 0.48731 -0.870519
v -14.6596 -77.3272 1029.6
vn 0.416241 0.24706 -0.875045
v -14.7173 -76.1183 1030.11
vn 0.583422 -0.13553 -0.800781
v -14.8014 -74.5468 1030.09
vn 0.157854 -0.150723 -0.975892
v -15.3 -74.6277 1029.93
vn -0.367524 0.335039 -0.867568
v -15.658 -77.3484 1029.75
vn -0.333324 0.0892496 -0.938579
v -15.7151 -76.2209 1029.97
vn -0.396993 -0.133126 -0.908116
v -15.7993 -74.647 1029.96
vn -0.722104 0.204611 -0.660833
v -16.3848 -77.7474 1030.26
vn -0.856076 -0.0678547 -0.512377
v -16.6893 -76.5086 1030.86
vn -0.810849 -0.242322 -0.532732
v -17.6048 -74.1715 1031.7
vn -0.705062 -0.211076 -0.677004
v -17.3304 -73.7966 1031.19
vn -0.485221 0.87276 0.0533957
v -13.6316 -78.6387 1026.35
vn -0.1189 0.6639 -0.738308
v -14.1293 -78.0144 1029.07
vn -0.433758 0.875463 0.213118
v -14.168 -78.5127 1024.2
vn -0.38622 0.907692 0.164101
v -14.2024 -78.1626 1023.03
vn -0.312489 0.927728 -0.204137
v -14.7065 -78.3498 1022.04
vn -0.593229 0.776854 0.211131
v -15.1288 -79.2173 1024.43
vn -0.565849 0.82072 0.0789479
v -15.6813 -78.8082 1022.2
vn -0.527919 0.746941 -0.404204
v -15.8147 -78.979 1021.71
vn -0.756089 0.64731 0.0965391
v -17.1163 -80.3157 1022.68
vn -0.330151 0.471353 -0.817818
v -14.6728 -79.2994 1020.77
vn 0.226612 0.215428 0.949862
v -14.6431 -63.0378 1050.34
vn -0.556598 -0.563121 0.610813
v -14.8565 -63.9009 1049.37
vn 0.623681 -0.523022 -0.580922
v -14.385 -73.0474 1029.76
vn 0.24207 -0.86309 -0.443259
v -14.4921 -71.3503 1028.54
vn -0.327115 -0.311022 -0.892335
v -15.4374 -72.225 1029.25
vn -0.682867 -0.11646 -0.7212
v -16.4112 -72.5446 1030.04
vn -0.666373 -0.0750313 -0.741834
v -16.8846 -72.9264 1030.56
vn -0.605927 0.0565169 -0.79351
v -17.4113 -72.3097 1031.08
vn -0.580752 -0.0404084 -0.813077
v -17.3857 -72.8099 1031
vn -0.464497 -0.153523 -0.872166
v -17.4425 -71.7096 1031.14
vn -0.205978 0.500013 0.841166
v -15.3592 -59.4555 1048.54
vn -0.755394 -0.205471 0.622224
v -15.397 -62.8215 1049.54
vn -0.792607 0.0902702 -0.603014
v -16.7207 -66.7086 1030.18
vn -0.755397 -0.168299 -0.633286
v -15.9226 -68.8548 1028.36
vn -0.672636 -0.194269 -0.714017
v -16.5769 -69.5991 1029.4
vn -0.730191 0.0940244 -0.676742
v -17.1183 -68.9194 1029.95
vn -0.794217 -0.398699 -0.45854
v -14.8538 -67.5296 1025.81
vn -0.629989 0.25365 0.734013
v -16.8307 -58.3051 1047.5
vn -0.600246 0.282433 0.748289
v -17.5141 -57.2145 1046.14
vn 0.441325 0.85908 -0.259255
v -14.4989 -60.8332 1032.54
vn 0.400412 0.758682 -0.513879
v -15.0274 -59.9863 1033.84
vn -0.429588 0.47364 -0.768843
v -15.5168 -60.1832 1033.9
vn -0.467018 0.824355 -0.319894
v -15.4896 -61.0197 1032.6
vn -0.187164 0.84025 -0.508871
v -17.9246 -62.0903 1033.47
vn -0.174464 0.724887 -0.666409
v -17.9394 -61.5893 1034.36
vn -0.197903 0.149999 -0.968677
v -18.3092 -60.4355 1035.03
vn -0.496594 0.86698 0.04172
v -15.5082 -61.5556 1029.09
vn -0.781111 0.619723 -0.0762169
v -16.291 -62.6998 1029.47
vn -0.941514 0.0105845 -0.336809
v -16.4329 -64.2908 1029.47
vn -0.490177 0.763708 -0.420092
v -16.7887 -62.4111 1032
vn -0.976044 -0.031445 -0.215291
v -16.062 -64.4282 1027.41
vn -0.86227 -0.505456 0.0316822
v -14.8457 -64.834 1019.64
vn 0.755956 0.504034 0.417707
v -16.8316 -54.0274 1042.91
vn -0.078305 0.613254 0.785995
v -17.1231 -55.3938 1045.2
vn 0.356239 0.534844 -0.766183
v -15.1443 -57.1089 1036.57
vn 0.506725 0.854916 -0.111123
v -14.5261 -61.3463 1028.47
vn -0.140564 0.971403 0.191357
v -14.5885 -60.8738 1025.7
vn -0.199571 0.921425 0.333389
v -14.6332 -60.467 1023.99
vn -0.472445 0.868753 0.148539
v -15.0942 -60.9104 1025.19
vn -0.608236 0.756008 0.24187
v -15.1363 -60.5501 1023.49
vn -0.996519 -0.0650588 0.0521248
v -15.5431 -61.2302 1021.08
vn -0.939752 -0.196893 -0.279462
v -15.6259 -60.9881 1022.58
vn -0.963644 -0.106048 0.245244
v -15.5698 -62.3391 1019.34
vn 0.951492 0.256213 0.170344
v -16.5954 -52.9048 1039.91
vn 0.935287 0.30116 0.185849
v -17.0014 -52.1352 1040.7
vn 0.744194 0.594989 -0.303583
v -18.4095 -52.118 1037
vn -0.4412 0.848615 0.291882
v -14.7459 -59.131 1020.9
vn -0.820001 0.557529 0.129461
v -15.4381 -59.7993 1020.6
vn -0.0266144 0.834582 0.550241
v -14.8923 -57.6708 1015.8
vn -0.584069 0.707662 0.397591
v -15.2865 -59.1748 1017.76
vn -0.948767 0.195364 0.248341
v -15.7335 -60.022 1018.4
vn -0.296378 0.68584 0.664669
v -15.8447 -58.4276 1016.45
vn -0.455179 0.64454 0.614313
v -16.2833 -59.4231 1017.12
vn -0.566484 0.463375 0.681453
v -16.3363 -58.6141 1016.39
vn -0.955773 -0.00894147 0.293969
v -17.1164 -59.8863 1015.88
vn -0.954049 0.0559342 -0.294383
v -16.3172 -60.6305 1007.17
vn -0.612096 -0.646563 -0.455297
v -14.7374 -63.3122 1004.91
vn -0.811719 -0.563854 -0.152254
v -15.2333 -63.1516 1005.91
vn -0.779346 -0.345244 -0.522902
v -15.5969 -62.3326 1005.11
vn -0.938445 -0.325283 -0.116242
v -15.9052 -62.033 1006.06
vn -0.788661 0.206786 -0.579011
v -15.8448 -61.2415 1005.26
vn 0.176325 0.921182 0.34689
v -15.9767 -56.513 1014.23
vn -0.215939 0.745397 0.630677
v -16.4432 -56.9244 1015.15
vn -0.421423 0.873891 0.242315
v -16.4789 -56.4879 1014.22
vn -0.808215 0.436185 0.395641
v -17.113 -57.5106 1015.09
vn 0.0707251 0.993164 0.0928643
v -16.0068 -56.2369 1013.09
vn -0.0674048 0.982486 -0.173719
v -16.0241 -56.3038 1011.53
vn -0.485195 0.871604 -0.0699431
v -16.5149 -56.3046 1012.27
vn -0.710469 0.628212 -0.317149
v -16.5573 -57.0032 1010.18
vn -0.989492 0.104197 0.100241
v -17.3819 -57.8411 1014.14
vn -0.993609 -0.073057 -0.0860441
v -17.3814 -58.4733 1012.24
vn -0.906931 0.420143 -0.0309122
v -17.3155 -57.2035 1012.88
vn -0.956185 0.17636 -0.233683
v -17.0478 -57.9796 1010.5
vn 0.157919 0.904183 -0.396882
v -15.0242 -56.7639 1009.58
vn -0.162313 0.879957 -0.446464
v -15.524 -56.9041 1009.1
vn -0.797527 0.342783 -0.496438
v -15.9064 -59.6848 1006.86
vn -0.793237 0.308207 -0.525151
v -16.1851 -58.882 1007.64
vn -0.495184 0.62278 -0.605753
v -15.9947 -57.6691 1008.29
vn -0.887134 0.27165 -0.373095
v -16.5793 -58.5869 1008.6
vn -0.122946 0.604678 -0.786924
v -14.8821 -60.5664 1005.05
vn 0.0829661 0.749316 -0.656995
v -14.905 -59.9432 1005.82
vn -0.510639 0.566486 -0.646793
v -15.4166 -59.6159 1006.31
vn -0.423454 -0.0144683 0.905802
v -16.4619 -104.081 1050.1
vn -0.747768 -0.658375 0.0859448
v -17.5937 -105.214 1047.83
vn -0.732305 -0.399661 0.551363
v -17.838 -104.278 1049.1
vn -0.894253 -0.436025 0.100964
v -18.928 -103.385 1047.22
vn -0.786631 -0.560349 -0.25927
v -18.5321 -103.779 1046.3
vn -0.703814 -0.674421 0.223163
v -16.0752 -110.662 1023.3
vn -0.916483 -0.332214 -0.22292
v -19.5738 -101.677 1046.12
vn -0.868368 -0.403487 -0.288331
v -18.2102 -101.92 1043.57
vn -0.779033 -0.54901 0.302814
v -18.8109 -106.217 1026.03
vn -0.667846 -0.464983 -0.581182
v -18.4043 -107.46 1022.23
vn -0.261129 -0.14597 -0.954204
v -19.4052 -103.118 1021.18
vn -0.833058 -0.552128 -0.0341926
v -19.9456 -105.326 1022.57
vn -0.314732 0.234691 0.919709
v -19.6318 -92.271 1047.43
vn -0.963246 -0.0999343 -0.249338
v -19.5553 -94.0728 1040.43
vn -0.954198 -0.228986 0.19254
v -19.0872 -97.2102 1032.51
vn -0.34648 0.144995 0.926784
v -19.492 -85.8377 1046.12
vn -0.618182 0.148232 0.771932
v -20.9037 -86.2304 1045.19
vn -0.894901 0.0287097 -0.44534
v -20.3918 -88.1018 1042.65
vn -0.956408 0.100649 -0.274141
v -20.7416 -85.7458 1043.45
vn -0.989075 0.129586 0.0702784
v -19.3356 -86.9319 1033.31
vn -0.926699 0.171457 0.334412
v -20.647 -88.8997 1029.21
vn -0.707716 0.647575 0.282461
v -18.616 -78.3495 1044.68
vn -0.932194 0.356625 -0.061917
v -18.9999 -78.8442 1043.26
vn -0.448483 0.0660543 0.891347
v -19.2427 -81.2916 1045.46
vn -0.806615 0.158773 0.569353
v -19.7407 -80.9431 1045.01
vn -0.501965 0.143624 0.85288
v -19.2988 -80.2406 1045.46
vn -0.964728 0.260184 -0.0400481
v -19.7894 -80.6287 1044.38
vn -0.814194 0.406368 0.414672
v -19.4075 -79.817 1045.17
vn -0.971564 0.114857 -0.207055
v -19.3223 -82.6605 1041.37
vn -0.92122 0.374342 -0.105931
v -18.7276 -83.8899 1031.24
vn -0.872945 0.449335 0.189906
v -20.1996 -86.543 1027.9
vn -0.827256 0.553053 -0.0988923
v -20.8404 -85.4674 1021.75
vn -0.754473 -0.13729 0.641811
v -18.0731 -74.6769 1041.35
vn -0.850339 0.525265 0.0319353
v -18.5553 -77.7113 1041.83
vn -0.958491 -0.0610432 -0.278511
v -18.8704 -77.4085 1036.46
vn -0.962728 0.107124 -0.248353
v -18.0738 -79.7397 1034.08
vn 0.0129917 -0.0126545 -0.999836
v -18.0018 -82.654 1020.57
vn -0.420695 0.345459 -0.838852
v -18.5048 -82.5573 1020.79
vn -0.692129 -0.208835 0.690902
v -18.6371 -70.59 1041.04
vn -0.870922 -0.394769 0.292665
v -19.9754 -73.5094 1037.27
vn -0.802799 -0.379497 -0.459886
v -19.9071 -73.1887 1036.63
vn -0.896404 -0.0801592 -0.43593
v -18.4553 -75.644 1035.35
vn -0.796882 -0.155478 -0.583785
v -18.9589 -74.4045 1035.99
vn -0.8484 -0.400276 -0.346406
v -19.0215 -73.4576 1035.67
vn -0.852836 -0.15913 -0.497342
v -19.4874 -74.7497 1036.63
vn -0.84064 -0.396872 -0.368534
v -17.9189 -74.0302 1032.18
vn -0.718226 -0.372782 -0.587525
v -17.8318 -73.6573 1031.7
vn -0.604182 -0.231762 0.762398
v -20.6089 -66.0394 1041.63
vn -0.825287 -0.318348 0.466429
v -21.1245 -71.5123 1037.12
vn -0.745535 -0.615136 -0.256487
v -19.1344 -72.6707 1033.3
vn -0.542811 -0.413637 -0.730931
v -18.9418 -71.6685 1031.52
vn -0.740137 -0.61712 -0.267134
v -20.2524 -71.9399 1035.69
vn -0.614026 -0.745214 -0.260053
v -21.5506 -69.6801 1031.61
vn -0.461736 -0.128859 -0.877608
v -17.8861 -72.7452 1031.28
vn -0.216773 -0.183907 -0.958743
v -17.942 -71.7165 1031.21
vn -0.281601 -0.306956 -0.909109
v -18.5241 -70.2703 1030.9
vn -0.535829 0.0175861 0.844143
v -21.8191 -62.1146 1041.69
vn -0.696134 -0.0581733 0.715551
v -19.163 -58.9029 1044.53
vn -0.746457 0.020296 0.665124
v -22.4228 -60.3415 1040.78
vn 0.235873 0.513284 -0.825169
v -18.9601 -61.1368 1034.73
vn 0.264837 0.745134 -0.612075
v -18.9482 -61.465 1034.31
vn 0.0384884 0.700592 -0.712524
v -19.416 -62.4022 1033.04
vn 0.290172 0.576902 -0.763534
v -19.9762 -61.0076 1034.16
vn -0.0933945 0.390676 -0.915778
v -20.9846 -60.8759 1034.17
vn -0.779576 -0.0902248 -0.619775
v -18.3379 -64.1377 1031.84
vn -0.241637 0.661663 -0.709798
v -18.4026 -62.7289 1032.63
vn -0.284374 0.393734 0.874131
v -18.7964 -53.341 1043.73
vn -0.318582 0.00613843 0.947875
v -20.1421 -55.3713 1044.21
vn -0.570308 -0.179297 0.801624
v -20.5836 -56.5773 1043.83
vn -0.643849 -0.0417131 0.764015
v -22.1615 -54.1538 1043.46
vn -0.048355 0.384106 -0.922022
v -21.6875 -56.6748 1035.81
vn -0.17507 0.28973 -0.940961
v -21.7451 -55.5118 1036.14
vn -0.248416 -0.0340311 -0.968055
v -19.076 -58.8696 1035.11
vn -0.382115 -0.0786242 -0.920764
v -19.1317 -57.8556 1034.99
vn 0.069063 0.159354 -0.984803
v -19.5572 -59.2275 1035.15
vn -0.133701 0.132504 -0.982124
v -19.604 -58.3238 1035.25
vn 0.170058 0.339533 -0.925093
v -20.6016 -58.4388 1035.08
vn 0.554211 0.561907 0.614094
v -19.3628 -51.5338 1042.92
vn 0.0361276 0.14499 0.988773
v -19.8094 -52.3374 1043.75
vn -0.27392 0.93397 0.229496
v -20.3688 -51.5304 1042.59
vn -0.199586 0.105939 0.974137
v -21.3067 -52.4569 1043.65
vn 0.0427997 0.999074 -0.00436673
v -20.9436 -51.3506 1037.79
vn -0.533349 0.827982 0.173162
v -22.4087 -51.8721 1038.48
vn -0.343762 0.599431 -0.722849
v -21.4118 -52.1595 1037
vn -0.275641 0.364093 -0.88964
v -21.8004 -54.525 1035.95
vn -0.633148 0.357169 -0.686698
v -22.7418 -53.7062 1036.98
vn -0.587247 0.0539873 0.807605
v -20.5482 -97.6131 1047.4
vn -0.884632 -0.319272 0.33984
v -20.7131 -102.835 1025.42
vn -0.641269 -0.327848 -0.693751
v -21.1415 -103.331 1022.42
vn -0.977026 -0.0749213 -0.199516
v -21.0283 -93.9951 1044.08
vn -0.980542 0.176676 -0.0855721
v -22.9937 -89.8127 1022.13
vn -0.979326 -0.0131594 0.201858
v -23.1553 -92.1977 1024.5
vn -0.985654 -0.0765079 -0.150444
v -22.8177 -93.6033 1021.81
vn -0.885561 0.42316 0.191619
v -21.7089 -87.156 1024.94
vn -0.348579 0.139312 -0.926868
v -21.6586 -89.1901 1020.6
vn -0.8947 0.424763 -0.138162
v -22.2206 -87.8228 1021.47
vn -0.471759 0.0285548 -0.881265
v -22.6307 -89.6405 1021
vn -0.35158 0.24421 0.903744
v -24.2557 -63.5678 1040.92
vn 0.0562411 0.297359 -0.953108
v -24.7158 -66.5887 1031.93
vn -0.954723 0.230417 0.188182
v -23.1462 -53.7304 1041.73
vn -0.259733 0.334393 -0.905936
v -22.7449 -55.4688 1036.45
vn -0.179953 0.413725 -0.89244
v -23.2032 -56.3096 1036.27
vn -0.834365 0.371964 -0.406788
v -23.2396 -55.4349 1037.03
vn -0.885205 0.166598 0.434346
v -23.7627 -58.5117 1038.58
vn -0.882599 0.464889 -0.0699793
v -23.6878 -56.4657 1036.84
vn -0.685008 0.564195 0.460922
v -25.1551 -59.0603 1037.18
vn -0.0286472 0.445643 -0.894752
v -24.0655 -59.3631 1034.49
vn -0.106775 0.520426 -0.847205
v -25.0913 -58.7872 1034.98
vn -0.21904 -0.50541 0.834615
v -26.2244 -64.2171 1040.89
vn 0.116009 0.316263 0.941552
v -27.2782 -63.2836 1040.71
vn -0.433922 -0.715355 -0.547704
v -26.1514 -67.5341 1033.14
vn -0.272956 0.825239 0.494444
v -27.4842 -60.5016 1036.42
vn 0.197536 0.92036 0.337517
v -29.9541 -61.0245 1036.87
vn -0.163273 0.721642 -0.672737
v -27.0285 -60.1718 1034.38
vn 0.0667203 0.457186 -0.886865
v -27.4717 -61.4543 1033.56
vn -0.3798 0.924923 0.0163975
v -27.5263 -59.9787 1035.36
vn 0.0487753 0.636559 -0.769684
v -28.4903 -61.1166 1033.63
vn -0.13037 0.985413 0.109384
v -28.5115 -60.2614 1035.45
vn -0.10143 0.91517 -0.390096
v -28.5155 -60.4368 1034.46
vn 0.0855183 0.317157 -0.94451
v -29.4168 -62.7822 1032.6
vn 0.0217943 -0.339784 0.940251
v -31.8852 -61.3031 1041.12
vn -0.138393 -0.469805 0.871855
v -33.4422 -60.0926 1041.85
vn 0.579186 0.693134 0.429079
v -33.4646 -59.74 1041.58
vn -0.326607 -0.715857 0.617152
v -33.8997 -61.121 1040.99
vn 0.534578 0.841231 0.0809744
v -34.0045 -59.1869 1040.87
vn 0.537666 0.82262 0.184962
v -31.4085 -61.1704 1039.85
vn -0.265704 -0.719866 0.641244
v -31.8442 -62.1493 1040.81
vn 0.15722 0.652585 -0.741225
v -31.4915 -61.2999 1033.15
vn -0.377441 -0.797897 -0.469998
v -31.3017 -64.8268 1033.27
vn -0.300127 -0.717737 -0.628313
v -31.8483 -64.1243 1032.64
vn 0.197456 0.934697 -0.295554
v -32.0359 -60.1792 1034.36
vn 0.238918 0.500953 -0.831844
v -34.0314 -60.6783 1032.93
vn 0.265307 0.833027 0.485467
v -34.5086 -59.0075 1041.33
vn -0.401484 -0.539365 0.7402
v -34.9384 -60.3577 1041.25
vn -0.485682 -0.212721 0.847858
v -35.4938 -59.2667 1041.52
vn -0.317406 -0.925371 -0.207224
v -36.9195 -62.8167 1033.1
vn -0.223017 -0.812927 -0.537971
v -35.4263 -62.8059 1032.47
vn -0.259377 -0.61358 -0.745817
v -37.9769 -62.024 1032.09
vn 0.0346706 0.854452 0.518372
v -37.0705 -58.1701 1040.33
vn 0.434169 0.900825 -0.00335406
v -36.1128 -58.1025 1037.34
vn 0.215906 0.952347 0.215453
v -37.1088 -57.7089 1039.31
vn -0.233515 0.861267 0.45132
v -38.1197 -57.5913 1039.08
vn 0.134816 0.990543 0.0254716
v -38.1676 -57.21 1037.03
vn 0.209022 0.956038 -0.205674
v -38.1729 -57.3631 1036.03
vn 0.0845063 -0.068701 -0.994052
v -37.5049 -61.536 1031.89
vn -0.16648 -0.14433 -0.975425
v -38.0043 -61.5553 1031.92
vn -0.522536 -0.662286 0.536967
v -38.4827 -60.298 1038.58
vn -0.442595 -0.839844 0.31428
v -38.4437 -61.5836 1036.38
vn -0.540849 -0.807737 -0.234614
v -39.014 -61.8558 1032.78
vn -0.612484 -0.34283 0.712272
v -38.7343 -59.1527 1039.25
vn -0.593209 0.240611 0.768251
v -38.5648 -58.5145 1039.56
vn -0.69326 -0.402369 0.597904
v -39.4868 -59.509 1038.32
vn -0.600666 0.58762 0.542129
v -39.5629 -57.9297 1038.32
vn -0.320352 0.919656 0.227172
v -39.1549 -57.3347 1037.59
vn -0.176456 0.982319 -0.0625449
v -39.1726 -57.2732 1036.52
vn -0.127925 0.966345 -0.223187
v -39.1778 -57.4264 1035.52
vn -0.743326 0.0551605 0.666651
v -39.5869 -58.385 1038.54
vn -0.830232 -0.123904 0.543473
v -40.421 -58.7667 1037.54
vn -0.807151 0.373108 0.457491
v -40.4406 -58.2927 1037.38
vn -0.639777 0.702579 0.311557
v -40.1366 -57.7976 1037.23
vn -0.510586 0.855565 0.0855026
v -40.1526 -57.6448 1036.64
vn -0.4827 0.867992 -0.116578
v -40.1639 -57.6943 1035.6
vn -0.945824 0.159014 0.283075
v -40.9748 -58.6373 1036.44
vn -0.76907 0.625403 0.131921
v -40.7703 -58.1513 1036.28
vn 0.277689 0.774185 -0.568794
v -38.6554 -58.4116 1033.21
vn -0.0633153 0.310572 -0.948439
v -39.1162 -59.4153 1032.2
vn 0.049808 0.902537 -0.427722
v -39.1713 -58.0286 1033.61
vn 0.141359 0.712511 -0.687274
v -39.1522 -58.6036 1032.75
vn -0.371101 0.677944 -0.634568
v -39.6519 -58.6228 1032.75
vn -0.701797 -0.709072 0.0685455
v -40.4688 -60.826 1034.53
vn -0.903253 -0.249037 -0.349449
v -40.5482 -60.3543 1032.8
vn -0.47972 -0.232447 -0.846072
v -40.0591 -60.4776 1032.34
vn -0.607689 0.30659 -0.732609
v -40.1097 -59.4878 1032.51
vn -0.475739 0.827052 -0.299429
v -40.1654 -57.914 1034.62
vn -0.825863 -0.479365 0.296918
v -40.908 -59.9001 1035.81
vn -0.822021 0.564351 -0.0760867
v -41.0058 -58.48 1035.33
vn -0.839373 0.431256 -0.330865
v -41.0038 -58.638 1034.86
vn -0.998745 0.0474642 -0.0159629
v -41.1813 -58.9645 1035.49
vn 0.748805 -0.322054 0.579286
v 36.945 -58.2804 1038.24
vn 0.108102 0.293155 -0.949934
v 34.49 -59.1396 1032.92
vn -0.257025 0.751694 0.607366
v 30.5429 -58.071 1041.56
vn -0.22852 0.197624 0.95327
v 30.5429 -58.071 1041.56
vn -0.275776 0.277252 0.920369
v 29.678 -58.1949 1041.34
vn -0.344242 0.809693 0.475284
v 24.7235 -61.783 1040.94
vn -0.163811 0.133722 0.977387
v 25.2508 -62.2425 1041.09
vn 0.367292 0.796203 0.480789
v 21.9399 -58.1723 1034.45
vn 0.586078 -0.136566 -0.798663
v 21.1983 -100.122 1023.12
vn 0.776792 0.114988 0.619171
v 20.5367 -90.037 1047.16
vn 0.636624 -0.656223 0.405069
v 21.4101 -65.7171 1039.59
vn -0.206501 0.309354 0.928255
v 21.2865 -63.1414 1040.63
vn 0.566377 -0.28285 0.774089
v 21.2865 -63.1414 1040.63
vn 0.132107 -0.00861619 0.991198
v 21.2865 -63.1414 1040.63
vn 0.4142 0.461858 0.784299
v 21.2865 -63.1414 1040.63
vn -0.258176 0.457909 0.850685
v 21.2025 -61.7598 1039.86
vn -0.242983 0.373382 -0.89529
v 18.2309 -54.5478 1033.68
vn -0.312491 0.579924 -0.752355
v 17.6143 -51.7958 1036
vn 0.322525 -0.206955 -0.92366
v 18.7828 -105.272 1022.34
vn 0.728294 0.677267 0.104387
v 16.0762 -76.7829 1045.89
vn 0.211996 0.845456 0.490166
v 16.0762 -76.7829 1045.89
vn 0.207877 0.816995 0.537872
v 14.9841 -75.5143 1044.19
vn 0.927313 0.0301252 0.373073
v 17.1582 -75.0131 1040.56
vn 0.138622 -0.0438438 0.989374
v 16.8978 -71.2271 1040.88
vn 0.741472 0.109086 0.662057
v 16.8978 -71.2271 1040.88
vn 0.563764 -0.209982 0.798797
v 16.8978 -71.2271 1040.88
vn 0.333729 -0.156467 -0.929593
v 16.1752 -73.0673 1030.73
vn -0.32716 0.172417 -0.929106
v 16.1752 -73.0673 1030.73
vn 0.184951 -0.403019 -0.896309
v 16.1752 -73.0673 1030.73
vn 0.198566 0.0586306 -0.978332
v 15.7874 -75.1317 1030.94
vn 0.641542 0.508818 -0.574046
v 16.3547 -78.9331 1020.79
vn 0.17416 0.947498 -0.268172
v 16.3547 -78.9331 1020.79
vn 0.804702 -0.112826 -0.58286
v 14.9876 -70.0075 1029.03
vn 0.281541 0.0596144 0.957696
v 17.6477 -60.5409 1041.02
vn -0.153346 0.202284 -0.967247
v 16.3651 -67.2234 1030.81
vn 0.0661954 0.0760213 -0.994906
v 15.8374 -66.6901 1030.92
vn 0.686117 0.216013 -0.694681
v 15.17 -63.5861 1030.85
vn 0.825802 -0.205774 -0.525079
v 13.9116 -68.5289 1027.32
vn 0.806312 0.101959 -0.582636
v 13.9269 -66.4687 1025.58
vn 0.283119 0.549484 -0.786073
v 16.0433 -60.6115 1033.13
vn 0.478048 0.16255 -0.863161
v 15.9878 -59.4469 1033.63
vn 0.176228 0.384291 -0.906236
v 15.0955 -62.0293 1031.49
vn 0.428984 0.891746 -0.144088
v 16.5526 -49.2875 1041.48
vn 0.50081 0.743107 0.443825
v 15.0358 -48.6715 1042.85
vn -0.445788 0.736465 -0.508815
v 15.0046 -48.7434 1040.24
vn 0.551212 -0.127313 -0.824595
v 14.4622 -59.7782 1004.39
vn 0.383879 0.705407 0.595851
v 13.8734 -56.0149 1014.2
vn 0.258313 0.963473 0.0706728
v 13.8734 -56.0149 1014.2
vn 0.39439 0.918677 0.022115
v 14.4562 -56.1392 1008.97
vn 0.0774842 0.886907 -0.455403
v 14.4562 -56.1392 1008.97
vn 0.196966 0.474579 -0.857892
v 14.1894 -59.3176 1004.23
vn 0.411727 0.297257 0.861463
v 14.4315 -74.7063 1043.54
vn -0.579554 0.379195 0.721338
v 11.8496 -73.152 1043.9
vn -0.922758 0.384604 -0.0244362
v 11.0141 -72.4922 1042.86
vn -0.398816 0.505662 -0.765018
v 11.8751 -76.7265 1031.59
vn -0.337585 -0.0502061 0.939955
v 12.6794 -69.9212 1043.95
vn -0.25649 -0.486641 0.835101
v 12.6794 -69.9212 1043.95
vn -0.0902263 -0.546207 0.832777
v 12.5913 -68.05 1044.83
vn 0.519927 -0.243458 0.818782
v 12.2654 -71.6082 1043.71
vn -0.512708 -0.00218941 0.85856
v 12.2654 -71.6082 1043.71
vn -0.98972 0.12015 0.0775727
v 11.3316 -71.3669 1043.01
vn -0.876355 -0.303628 0.373915
v 11.3467 -69.6247 1043.49
vn -0.954704 -0.0499696 -0.293332
v 11.8462 -72.6015 1034.47
vn -0.00929649 -0.462536 -0.886552
v 14.116 -74.062 1031.27
vn -0.828692 -0.370218 -0.419771
v 14.116 -74.062 1031.27
vn -0.188346 -0.600013 0.777502
v 10.8593 -62.3104 1050.54
vn -0.165598 -0.461063 0.871779
v 10.8138 -61.3309 1051.04
vn -0.686517 0.313761 0.655933
v 10.8138 -61.3309 1051.04
vn -0.68661 0.311121 0.657092
v 9.90611 -62.1051 1050.46
vn -0.998492 0.0426532 0.0345643
v 9.90611 -62.1051 1050.46
vn -0.266309 -0.715539 0.64582
v 11.4392 -64.4659 1047.86
vn 0.4301 -0.654639 0.62166
v 10.9059 -63.5108 1049.24
vn -0.183188 0.562111 0.806519
v 12.1459 -58.3128 1050.37
vn 0.393486 0.0865624 0.915246
v 11.6733 -58.7564 1050.7
vn -0.180249 0.707971 0.682852
v 11.6733 -58.7564 1050.7
vn -0.767892 0.384493 0.512354
v 11.5847 -58.3737 1050.28
vn -0.0404508 0.996715 -0.0701673
v 10.3473 -66.0302 1034.91
vn 0.646853 0.287745 0.706246
v 12.8744 -53.8235 1047.87
vn -0.871151 0.308452 0.382038
v 12.0372 -56.483 1049.54
vn 0.390776 0.397739 0.830119
v 12.0372 -56.483 1049.54
vn -0.121117 0.554583 0.823267
v 12.0372 -56.483 1049.54
vn -0.88254 0.133112 0.451004
v 11.506 -53.943 1047.75
vn -0.998497 -0.0501952 -0.0220035
v 11.506 -53.943 1047.75
vn -0.741651 0.560255 0.368874
v 11.506 -53.943 1047.75
vn -0.576706 0.431543 -0.693672
v 13.4871 -60.7953 1031.6
vn -0.169388 0.904138 -0.392228
v 13.4871 -60.7953 1031.6
vn -0.18554 0.947229 -0.261405
v 13.0452 -61.4601 1030.24
vn -0.153968 0.902532 -0.402156
v 13.0079 -60.6628 1032.08
vn -0.788075 0.612308 0.0633809
v 12.5496 -61.5495 1030.26
vn 0.712524 0.68881 -0.133604
v 13.239 -62.3901 1028.44
vn 0.607616 -0.377116 -0.69899
v 10.7423 -65.2125 1023.57
vn 0.945077 -0.312343 -0.0962926
v 10.7423 -65.2125 1023.57
vn 0.485986 -0.873675 -0.0225864
v 10.7423 -65.2125 1023.57
vn 0.408226 -0.912608 -0.0223071
v 10.61 -65.2053 1020.45
vn -0.772689 0.373361 -0.513374
v 11.6542 -54.8792 1037
vn -0.436367 0.410048 -0.800902
v 13.4042 -58.1089 1033.34
vn 0.842958 -0.252388 -0.475103
v 12.2467 -59.4309 1021.65
vn 0.987907 -0.151049 -0.0349902
v 12.2467 -59.4309 1021.65
vn 0.962455 -0.254813 -0.0935399
v 11.9442 -61.5742 1022.36
vn 0.90737 0.419044 -0.0328903
v 12.1341 -59.4352 1018.49
vn -0.183256 -0.386761 -0.903788
v 11.8351 -63.7402 1005.62
vn -0.348181 -0.60224 -0.718385
v 11.3887 -64.5636 1006.4
vn -0.674532 -0.576106 -0.461636
v 10.4447 -65.2924 1007.79
vn -0.804452 0.509463 0.305456
v 11.6366 -50.1326 1041.74
vn -0.999831 0.0110337 -0.0147373
v 11.6366 -50.1326 1041.74
vn -0.0833265 -0.455426 -0.886366
v 13.1438 -60.5497 1003.88
vn -0.0917063 0.181868 -0.979037
v 13.116 -60.0513 1003.8
vn 0.035261 -0.458897 -0.887789
v 12.2519 -62.268 1005.22
vn 0.0518008 0.884248 -0.464136
v 12.4249 -55.2983 1010.26
vn -0.541457 0.690122 -0.480163
v 12.4249 -55.2983 1010.26
vn -0.518943 0.677378 -0.521399
v 10.963 -55.225 1011.81
vn -0.458991 0.745187 -0.48376
v 13.0384 -58.4304 1004.46
vn -0.854922 0.50243 -0.129123
v 10.168 -73.9626 1043.35
vn -0.589757 0.734612 0.335457
v 10.168 -73.9626 1043.35
vn 0.0160508 0.337541 -0.941174
v 8.92021 -79.5585 1020.43
vn -0.306377 -0.0172753 -0.951753
v 8.92021 -79.5585 1020.43
vn -0.395565 -0.736452 0.548787
v 9.78861 -64.3262 1046.99
vn -0.805858 0.590469 -0.0440372
v 8.96924 -65.632 1038.46
vn -0.80338 0.593929 -0.042769
v 8.77835 -65.9583 1037.51
vn -0.743429 0.0390831 0.667672
v 8.77835 -65.9583 1037.51
vn -0.381879 0.803307 0.457019
v 8.77835 -65.9583 1037.51
vn -0.875217 0.482558 -0.0336621
v 9.32987 -65.2666 1036.76
vn 0.0599569 0.991652 -0.114156
v 9.32987 -65.2666 1036.76
vn -0.381879 0.803307 0.457019
v 9.32987 -65.2666 1036.76
vn -0.555727 0.313377 0.77004
v 6.30814 -65.4836 1034.61
vn 0.043597 0.950122 0.308816
v 6.30814 -65.4836 1034.61
vn 0.458114 -0.886896 -0.059565
v 7.25215 -67.1566 1023.68
vn -0.734657 -0.661591 -0.150256
v 9.53994 -66.11 1011.74
vn 0.435576 0.820951 0.369206
v 8.01139 -54.977 1016.75
vn -0.498644 0.287256 -0.817825
v 8.04847 -57.5182 1009.4
vn -0.357425 0.39417 0.846686
v 5.36716 -65.1884 1034.08
vn 0.227239 0.794302 0.563424
v 5.36716 -65.1884 1034.08
vn -0.483837 -0.00445879 0.875147
v 3.12393 -62.56 1032.85
vn 0.629274 0.0266546 0.776726
v 3.12393 -62.56 1032.85
vn -0.141391 -0.445079 0.884259
v 3.12393 -62.56 1032.85
vn 0.425746 -0.0348215 0.904173
v 2.03816 -60.8024 1033.56
vn 0.686648 0.358468 0.632468
v 1.98191 -59.744 1033.58
vn -0.170439 0.195316 0.965817
v 1.98191 -59.744 1033.58
vn -0.537106 -0.136692 0.832365
v 2.15593 -63.3235 1032.31
vn 0.694319 0.385042 -0.608
v 4.19963 -50.115 1013.24
vn 0.358526 0.90317 0.236098
v 0.888006 -36.916 1015.16
vn 0.727246 0.626584 -0.280189
v 1.88537 -35.592 1007.87
vn -0.10517 0.977654 -0.18202
v 0.782445 -34.0817 1008.94
vn 0.0845684 0.951603 -0.295466
v 0.791207 -34.6 1007.54
vn 0.648303 0.477662 -0.59291
v 1.66805 -37.8185 1004.4
vn 0.0561514 -0.7337 -0.677149
v 2.78478 -114.8 1023.71
vn 0.0993218 0.698448 -0.708735
v -0.467457 -82.2243 1022.86
vn 0.348272 0.899465 -0.263951
v -0.467457 -82.2243 1022.86
vn 0.259376 -0.176977 -0.949423
v -0.959178 -82.5033 1022.43
vn 0.199599 0.191962 0.960891
v -1.9216 -62.01 1032.21
vn 0.514157 -0.475911 0.713548
v -1.9216 -62.01 1032.21
vn -0.134594 -0.791794 -0.595774
v -0.986916 -63.73 1020.39
vn -0.793863 0.405772 0.452914
v -0.891475 -53.735 1029.94
vn 0.0050622 0.587224 0.809409
v 0.338713 -49.4098 1026.86
vn 0.444448 0.370653 0.815526
v -0.350726 -46.2419 1025.4
vn -0.735436 0.176739 0.654138
v -0.350726 -46.2419 1025.4
vn -0.350822 -0.487611 -0.799475
v -0.788423 -51.5579 1008.96
vn -0.400588 0.164771 0.901321
v -0.54305 -42.8845 1024.42
vn 0.274996 0.36194 0.890717
v -1.12516 -41.4383 1024.11
vn -0.44042 0.335027 0.832939
v -1.12516 -41.4383 1024.11
vn -0.805566 0.0380074 0.591286
v -1.12516 -41.4383 1024.11
vn -0.440806 0.394332 0.806345
v -1.26124 -39.1392 1023.12
vn -0.918597 -0.0701361 0.388923
v -1.99573 -39.2908 1022.79
vn 0.055874 0.795424 0.603472
v -1.84022 -37.9326 1022.09
vn 0.143049 -0.462565 -0.874969
v -2.15324 -45.7183 1005.11
vn -0.662153 0.695396 0.279245
v -2.8648 -37.911 1020.74
vn -0.600969 -0.269468 -0.752478
v -1.84448 -42.4749 1003.7
vn -0.187644 0.0472311 -0.981101
v -2.40017 -41.4284 1003.77
vn 0.259584 0.961608 -0.0890338
v -1.39477 -78.4948 1043.22
vn 0.610268 -0.165734 0.774665
v -4.77116 -64.8786 1032.35
vn 0.399075 0.538518 0.742117
v -4.77116 -64.8786 1032.35
vn -0.233026 0.204937 0.950631
v -5.3074 -64.0392 1033.04
vn -0.395443 0.705469 0.588165
v -4.01702 -60.234 1032.39
vn 0.089199 0.0141557 0.995913
v -4.36503 -62.9375 1033.02
vn -0.421361 0.726488 0.542836
v -4.50433 -60.3915 1032.76
vn -0.45591 0.583581 0.671997
v -5.44832 -61.3699 1033.16
vn 0.481506 -0.826771 0.290863
v -3.33464 -63.7404 1031.98
vn -0.413761 0.777567 0.473489
v -4.48567 -59.379 1031.05
vn -0.439665 0.0452591 -0.897021
v -5.05685 -55.4364 1011.3
vn -0.0434273 0.553547 -0.831685
v -5.05685 -55.4364 1011.3
vn -0.076432 0.669906 -0.738501
v -6.61726 -54.7321 1012.1
vn -0.693889 0.699514 -0.170873
v -6.61726 -54.7321 1012.1
vn -0.55096 0.220006 -0.80501
v -3.32741 -51.864 1010.63
vn -0.800215 -0.0935073 -0.592378
v -4.74945 -51.6067 1012.12
vn -0.633942 0.383446 -0.67163
v -4.74945 -51.6067 1012.12
vn -0.952309 0.245058 0.181808
v -3.63894 -47.6055 1010.79
vn 0.907727 -0.388894 0.15746
v -9.29911 -65.8183 1044.24
vn 0.49561 0.858503 0.13169
v -9.84162 -65.69 1046.3
vn 0.759432 -0.5532 0.342393
v -9.84162 -65.69 1046.3
vn 0.363328 0.918103 0.158363
v -9.57272 -65.4889 1045.27
vn 0.99209 -0.109131 0.06203
v -9.20437 -65.4953 1042.02
vn 0.165603 0.986178 -0.00528212
v -9.20437 -65.4953 1042.02
vn 0.595549 0.771231 -0.224776
v -9.20437 -65.4953 1042.02
vn 0.503543 0.863944 -0.00673195
v -9.10712 -66.1332 1040.09
vn 0.217459 0.889419 0.402051
v -7.21623 -65.5293 1034.14
vn 0.610268 -0.165734 0.774665
v -7.21623 -65.5293 1034.14
vn 0.692145 -0.707376 0.143369
v -6.63909 -66.6204 1033.45
vn 0.610268 -0.165734 0.774665
v -6.63909 -66.6204 1033.45
vn -0.282007 0.392341 0.875523
v -6.25071 -65.0694 1033.28
vn 0.260308 0.695531 0.669683
v -6.25071 -65.0694 1033.28
vn 0.572443 0.148332 0.806416
v -8.29809 -64.5644 1031.99
vn -0.402348 0.529523 0.746807
v -7.44072 -61.827 1032.13
vn 0.412016 0.0808494 0.907583
v -7.8255 -64.1209 1031.65
vn -0.334984 0.564159 0.754659
v -7.93928 -61.9054 1031.98
vn 0.636862 0.238085 0.733296
v -8.9096 -62.4916 1031.98
vn -0.348444 0.570641 0.74361
v -8.9096 -62.4916 1031.98
vn 0.0487578 0.499829 0.86475
v -8.9096 -62.4916 1031.98
vn 0.125711 0.884634 0.44902
v -8.9096 -62.4916 1031.98
vn 0.651263 0.190729 0.734492
v -9.32804 -63.833 1032.78
vn 0.95139 -0.255584 -0.171854
v -7.85386 -67.1986 1017.3
vn 0.957605 0.0517121 -0.283405
v -8.2664 -67.806 1015.92
vn 0.952935 0.269584 -0.13871
v -8.29554 -67.9656 1015.45
vn 0.818995 -0.44649 -0.360407
v -7.9313 -66.1045 1015.88
vn 0.11951 -0.983514 0.135708
v -8.79342 -68.8821 1015.22
vn 0.0587951 -0.987213 -0.14817
v -8.8203 -69.0288 1012.63
vn 0.208786 -0.762328 -0.612589
v -8.84998 -68.6769 1011.82
vn 0.307979 -0.551902 -0.774953
v -10.0481 -67.5814 1010.57
vn 0.666222 -0.655374 -0.355855
v -10.0481 -67.5814 1010.57
vn 0.826728 0.519454 -0.216076
v -9.95622 -66.976 1010.78
vn 0.53854 0.514713 -0.667117
v -10.5303 -62.6963 1006.3
vn -0.250793 0.963694 -0.0916342
v -8.52697 -56.1731 1010.99
vn -0.0971662 -0.088567 -0.99132
v -12.4333 -92.3834 1023.67
vn 0.272447 -0.492505 -0.826566
v -12.4333 -92.3834 1023.67
vn 0.777516 -0.294455 -0.555666
v -12.541 -90.6369 1022.59
vn 0.726786 0.398134 0.559707
v -9.84641 -75.0299 1042.03
vn 0.871316 0.389146 -0.298955
v -9.84641 -75.0299 1042.03
vn 0.746126 0.462088 0.479345
v -11.0863 -74.997 1043.93
vn -0.0516257 0.195855 0.979273
v -11.0863 -74.997 1043.93
vn 0.181084 -0.323954 0.928581
v -11.8973 -69.0221 1044.58
vn 0.699508 0.329831 0.633955
v -11.3996 -71.471 1041.89
vn 0.878151 0.371578 -0.301298
v -11.3996 -71.471 1041.89
vn -0.146787 0.166899 0.974986
v -12.2228 -72.6031 1043.39
vn 0.0138423 -0.4102 0.91189
v -12.2228 -72.6031 1043.39
vn 0.914523 -0.199649 0.351835
v -12.2228 -72.6031 1043.39
vn 0.951349 -0.232019 -0.202737
v -12.9244 -75.0309 1033.06
vn -0.277381 0.349205 -0.895051
v -10.6773 -79.4248 1019.49
vn -0.111115 0.897171 -0.427478
v -10.7287 -78.3467 1019.95
vn 0.577242 0.815391 -0.043924
v -10.2739 -65.397 1047.26
vn 0.723607 -0.372617 0.58099
v -10.5559 -65.0891 1048.23
vn 0.688502 0.527507 0.497695
v -11.0707 -64.8524 1048.12
vn 0.0530309 -0.675935 0.735051
v -12.5319 -65.1812 1049.88
vn 0.376397 0.905202 0.197318
v -12.5603 -64.631 1049.95
vn 0.641447 -0.0667704 0.764256
v -12.5603 -64.631 1049.95
vn 0.688502 0.527507 0.497695
v -12.5603 -64.631 1049.95
vn 0.688502 0.527507 0.497695
v -14.151 -62.5969 1049.99
vn 0.821424 0.567459 0.0570407
v -14.151 -62.5969 1049.99
vn 0.0686687 0.99691 -0.0381542
v -10.1501 -65.5308 1039.4
vn -0.561499 -0.601867 -0.567869
v -13.0979 -69.8324 1026.52
vn 0.527228 0.722356 -0.447473
v -13.9986 -60.3359 1034.49
vn -0.212912 0.974607 0.06935
v -11.0067 -61.2145 1030.05
vn 0.923172 0.346009 0.167424
v -12.9523 -61.8423 1031.83
vn 0.449929 0.851366 -0.269702
v -12.9523 -61.8423 1031.83
vn -0.000861021 0.943447 0.331523
v -12.9523 -61.8423 1031.83
vn -0.863984 -0.497362 0.0784967
v -13.0787 -67.4331 1022.63
vn 0.462141 -0.855819 -0.23238
v -10.5312 -68.0823 1010.73
vn -0.173204 -0.983365 -0.0547149
v -10.8929 -68.1944 1010.77
vn -0.723568 -0.689777 -0.0256475
v -11.4068 -68.0904 1010.2
vn 0.0121261 -0.937911 -0.346665
v -11.4594 -67.6693 1007.95
vn -0.63925 -0.768452 0.0290005
v -11.9599 -67.6758 1007.95
vn 0.521931 -0.458675 -0.71917
v -12.019 -66.9187 1006.56
vn -0.0577704 -0.878537 -0.474169
v -12.4904 -67.2832 1007.29
vn -0.857814 -0.511842 -0.0466027
v -13.8002 -65.4044 1006.66
vn -0.400418 -0.625838 -0.669322
v -14.4014 -111.922 1023.2
vn 0.0767478 -0.0733948 -0.994345
v -15.5214 -109.987 1022.07
vn 0.0880544 0.463343 0.881793
v -15.3375 -75.9571 1043.37
vn -0.507651 0.857449 0.0840869
v -15.3375 -75.9571 1043.37
vn -0.524447 0.247901 0.814555
v -15.3375 -75.9571 1043.37
vn -0.530699 0.122589 0.838648
v -15.603 -75.0642 1042.93
vn -0.397293 -0.579538 0.711543
v -14.4098 -68.7078 1045.18
vn -0.117954 -0.0833798 0.989512
v -15.7727 -71.8176 1043.2
vn -0.600576 -0.104787 0.792672
v -15.7727 -71.8176 1043.2
vn -0.539063 0.236175 0.808476
v -14.6431 -63.0378 1050.34
vn -0.598732 -0.528131 0.60216
v -14.6431 -63.0378 1050.34
vn 0.181514 -0.385111 -0.904844
v -14.385 -73.0474 1029.76
vn -0.418256 -0.489183 -0.765351
v -14.4921 -71.3503 1028.54
vn 0.446609 -0.504793 -0.738731
v -14.4921 -71.3503 1028.54
vn 0.186117 0.470016 0.862812
v -15.3592 -59.4555 1048.54
vn 0.768958 0.548774 0.327949
v -15.3592 -59.4555 1048.54
vn -0.192735 0.910069 -0.366917
v -14.4989 -60.8332 1032.54
vn -0.281677 0.785887 -0.550491
v -15.0274 -59.9863 1033.84
vn -0.189753 0.159339 -0.968816
v -15.0274 -59.9863 1033.84
vn -0.987083 0.0503855 -0.152082
v -16.291 -62.6998 1029.47
vn -0.607995 0.594484 -0.526243
v -16.4329 -64.2908 1029.47
vn -0.977589 0.0857952 -0.192248
v -16.7887 -62.4111 1032
vn -0.51305 0.523599 -0.680164
v -16.7887 -62.4111 1032
vn 0.537311 0.69197 0.482156
v -17.1231 -55.3938 1045.2
vn -0.383603 0.456633 0.802705
v -17.1231 -55.3938 1045.2
vn 0.95226 0.290174 0.0948662
v -15.1443 -57.1089 1036.57
vn 0.773842 0.535526 -0.338202
v -15.1443 -57.1089 1036.57
vn -0.0900597 0.993907 0.0635463
v -14.5261 -61.3463 1028.47
vn -0.985097 -0.165433 0.0470659
v -15.6259 -60.9881 1022.58
vn -0.759594 0.637359 0.129579
v -15.6259 -60.9881 1022.58
vn 0.744194 0.594989 -0.303583
v -16.5954 -52.9048 1039.91
vn 0.71037 0.651113 -0.267259
v -17.0014 -52.1352 1040.7
vn 0.239877 0.96871 -0.0637223
v -17.0014 -52.1352 1040.7
vn 0.613807 0.62254 0.485474
v -17.0014 -52.1352 1040.7
vn 0.0914255 0.439081 -0.893784
v -18.4095 -52.118 1037
vn 0.26135 0.96056 -0.0949747
v -18.4095 -52.118 1037
vn -0.508624 0.673972 0.535784
v -15.7335 -60.022 1018.4
vn -0.841922 0.288497 0.456001
v -16.2833 -59.4231 1017.12
vn -0.53562 -0.617785 -0.575719
v -16.0752 -110.662 1023.3
vn -0.557359 -0.598829 -0.575112
v -18.4043 -107.46 1022.23
vn 0.114054 0.123944 0.985713
v -19.6318 -92.271 1047.43
vn -0.992793 0.108908 0.0500044
v -20.9037 -86.2304 1045.19
vn -0.987536 0.154594 0.0295697
v -18.0731 -74.6769 1041.35
vn -0.513257 0.230381 0.826736
v -18.5553 -77.7113 1041.83
vn -0.890766 -0.319197 0.323496
v -18.8704 -77.4085 1036.46
vn -0.785036 0.576571 -0.22646
v -18.5048 -82.5573 1020.79
vn -0.900249 -0.314764 -0.30079
v -19.9754 -73.5094 1037.27
vn -0.290312 -0.591609 0.752142
v -20.6089 -66.0394 1041.63
vn -0.658678 -0.696284 -0.285186
v -21.1245 -71.5123 1037.12
vn -0.255156 -0.578654 0.774632
v -21.1245 -71.5123 1037.12
vn -0.593755 -0.770762 0.231043
v -21.1245 -71.5123 1037.12
vn -0.32864 -0.288284 -0.899382
v -21.5506 -69.6801 1031.61
vn -0.625793 0.148514 -0.76572
v -18.5241 -70.2703 1030.9
vn 0.0446516 0.339316 -0.939612
v -18.5241 -70.2703 1030.9
vn -0.335273 0.489641 -0.804887
v -18.3379 -64.1377 1031.84
vn 0.47642 0.608805 0.634335
v -18.7964 -53.341 1043.73
vn 0.149074 0.131293 0.980071
v -18.7964 -53.341 1043.73
vn -0.277295 0.440871 0.853663
v -20.1421 -55.3713 1044.21
vn -0.426862 -0.151324 -0.891566
v -21.7451 -55.5118 1036.14
vn 0.180134 0.440337 -0.879577
v -19.1317 -57.8556 1034.99
vn 0.105299 0.994436 0.00306369
v -19.3628 -51.5338 1042.92
vn -0.139501 0.779888 0.610176
v -19.3628 -51.5338 1042.92
vn 0.477454 0.475596 0.738814
v -19.8094 -52.3374 1043.75
vn -0.102779 0.743171 0.661161
v -19.8094 -52.3374 1043.75
vn -0.500526 0.726679 0.470543
v -21.3067 -52.4569 1043.65
vn -0.485066 0.737631 -0.469693
v -20.9436 -51.3506 1037.79
vn -0.00984226 0.700144 -0.713933
v -20.9436 -51.3506 1037.79
vn -0.565352 0.650732 -0.506878
v -22.4087 -51.8721 1038.48
vn -0.966924 0.241826 -0.0811075
v -22.4087 -51.8721 1038.48
vn -0.417599 -0.20036 -0.886266
v -21.8004 -54.525 1035.95
vn -0.962804 0.257874 -0.0806749
v -22.7418 -53.7062 1036.98
vn -0.970607 -0.189632 0.148195
v -20.5482 -97.6131 1047.4
vn -0.932777 -0.338471 0.123953
v -21.1415 -103.331 1022.42
vn -0.557359 -0.145474 -0.817428
v -22.8177 -93.6033 1021.81
vn -0.514287 0.300826 -0.803127
v -22.2206 -87.8228 1021.47
vn -0.949635 0.129966 -0.285136
v -22.6307 -89.6405 1021
vn -0.00699956 0.842388 0.538826
v -24.2557 -63.5678 1040.92
vn -0.332112 -0.376107 -0.865011
v -24.7158 -66.5887 1031.93
vn -0.291555 -0.202979 -0.93477
v -22.7449 -55.4688 1036.45
vn -0.681643 0.305695 -0.664765
v -22.7449 -55.4688 1036.45
vn -0.690181 0.53152 -0.491057
v -23.2032 -56.3096 1036.27
vn -0.77928 0.604392 -0.165629
v -25.0913 -58.7872 1034.98
vn -0.453521 0.878895 -0.147861
v -25.0913 -58.7872 1034.98
vn 0.0528341 0.271039 0.961117
v -26.2244 -64.2171 1040.89
vn 0.290202 0.899143 0.327606
v -27.2782 -63.2836 1040.71
vn 0.279645 0.4794 0.83185
v -31.8852 -61.3031 1041.12
vn 0.608545 0.685985 0.398869
v -31.8852 -61.3031 1041.12
vn 0.325494 0.540017 0.776167
v -33.4422 -60.0926 1041.85
vn -0.466975 -0.843332 0.265944
v -31.3017 -64.8268 1033.27
vn -0.0233545 0.00867003 -0.99969
v -31.8483 -64.1243 1032.64
vn -0.00330779 0.58927 0.807929
v -35.4938 -59.2667 1041.52
vn 0.0875799 -0.0629992 -0.994163
v -35.4263 -62.8059 1032.47
vn -0.492561 0.401831 0.771955
v -37.0705 -58.1701 1040.33
f 10//10 47//47 21//21
f 21//21 47//47 24//24
f 33//33 24//24 47//47
f 1//1 12//12 3//3
f 12//12 2//2 3//3
f 2//2 14//14 6//6
f 4//4 1//1 7//7
f 4//4 10//10 1//1
f 7//7 3//3 8//8
f 7//7 1//1 3//3
f 8//8 3//3 5//5
f 3//3 2//2 5//5
f 2//2 6//6 5//5
f 8//8 5//5 35//35
f 5//5 6//6 35//35
f 4//4 36//36 47//47
f 47//47 10//10 4//4
f 36//36 7//7 34//34
f 36//36 4//4 7//7
f 34//34 7//7 8//8
f 38//38 6//6 15//15
f 11//11 16//16 9//9
f 16//16 18//18 9//9
f 11//11 9//9 13//13
f 18//18 20//20 9//9
f 13//13 9//9 20//20
f 10//10 21//21 16//16
f 16//16 1195//1195 10//10
f 12//12 1//1 1195//1195
f 12//12 11//11 13//13
f 2//2 12//12 13//13
f 2//2 13//13 14//14
f 20//20 14//14 13//13
f 10//10 1195//1195 1//1
f 20//20 27//27 14//14
f 6//6 14//14 15//15
f 27//27 15//15 14//14
f 15//15 27//27 42//42
f 42//42 38//38 15//15
f 16//16 21//21 17//17
f 16//16 17//17 18//18
f 17//17 22//22 18//18
f 22//22 19//19 18//18
f 22//22 25//25 19//19
f 19//19 20//20 18//18
f 21//21 24//24 17//17
f 22//22 17//17 24//24
f 19//19 23//23 20//20
f 25//25 23//23 19//19
f 20//20 23//23 27//27
f 24//24 26//26 22//22
f 22//22 26//26 25//25
f 28//28 26//26 24//24
f 29//29 26//26 43//43
f 29//29 25//25 26//26
f 43//43 31//31 29//29
f 29//29 30//30 25//25
f 30//30 23//23 25//25
f 30//30 27//27 23//23
f 28//28 43//43 26//26
f 29//29 31//31 30//30
f 27//27 30//30 32//32
f 1196//1196 32//32 30//30
f 33//33 28//28 24//24
f 33//33 43//43 28//28
f 44//44 31//31 43//43
f 44//44 45//45 1196//1196
f 45//45 32//32 1196//1196
f 42//42 27//27 32//32
f 40//40 47//47 36//36
f 8//8 37//37 34//34
f 8//8 35//35 37//37
f 38//38 37//37 35//35
f 6//6 38//38 35//35
f 34//34 40//40 36//36
f 40//40 34//34 37//37
f 39//39 37//37 38//38
f 38//38 42//42 39//39
f 39//39 1197//1197 37//37
f 39//39 42//42 48//48
f 48//48 55//55 39//39
f 41//41 1197//1197 39//39
f 41//41 39//39 55//55
f 32//32 46//46 42//42
f 32//32 45//45 46//46
f 48//48 42//42 46//46
f 51//51 44//44 43//43
f 45//45 44//44 51//51
f 47//47 40//40 54//54
f 1201//1201 1198//1198 53//53
f 1198//1198 1199//1199 53//53
f 55//55 1200//1200 41//41
f 54//54 83//83 47//47
f 47//47 1205//1205 33//33
f 43//43 33//33 56//56
f 1205//1205 56//56 33//33
f 43//43 57//57 51//51
f 57//57 43//43 56//56
f 60//60 55//55 48//48
f 49//49 45//45 51//51
f 46//46 45//45 49//49
f 50//50 48//48 46//46
f 60//60 48//48 50//50
f 61//61 49//49 67//67
f 62//62 50//50 49//49
f 50//50 46//46 49//49
f 62//62 49//49 61//61
f 62//62 60//60 50//50
f 49//49 51//51 67//67
f 56//56 1205//1205 52//52
f 52//52 1205//1205 81//81
f 54//54 86//86 83//83
f 53//53 1206//1206 1201//1201
f 87//87 1200//1200 55//55
f 52//52 58//58 56//56
f 58//58 57//57 56//56
f 59//59 57//57 58//58
f 89//89 51//51 57//57
f 89//89 57//57 59//59
f 87//87 55//55 60//60
f 63//63 60//60 62//62
f 64//64 63//63 62//62
f 62//62 61//61 64//64
f 60//60 63//63 87//87
f 87//87 63//63 65//65
f 158//158 87//87 65//65
f 61//61 67//67 64//64
f 63//63 64//64 66//66
f 92//92 64//64 67//67
f 91//91 92//92 67//67
f 65//65 63//63 1202//1202
f 66//66 64//64 92//92
f 66//66 98//98 65//65
f 98//98 66//66 97//97
f 97//97 66//66 92//92
f 89//89 67//67 51//51
f 91//91 67//67 89//89
f 73//73 115//115 68//68
f 116//116 117//117 69//69
f 109//109 110//110 70//70
f 122//122 71//71 110//110
f 73//73 68//68 72//72
f 68//68 69//69 72//72
f 69//69 76//76 72//72
f 69//69 68//68 116//116
f 1213//1213 77//77 1203//1203
f 110//110 71//71 1204//1204
f 122//122 123//123 71//71
f 73//73 75//75 123//123
f 75//75 73//73 72//72
f 1203//1203 77//77 76//76
f 1204//1204 71//71 74//74
f 74//74 126//126 1204//1204
f 125//125 1204//1204 126//126
f 78//78 123//123 75//75
f 72//72 76//76 75//75
f 127//127 126//126 74//74
f 80//80 78//78 75//75
f 79//79 75//75 76//76
f 79//79 80//80 75//75
f 137//137 78//78 80//80
f 79//79 143//143 144//144
f 144//144 80//80 79//79
f 142//142 137//137 80//80
f 79//79 76//76 143//143
f 77//77 143//143 76//76
f 81//81 82//82 52//52
f 82//82 81//81 148//148
f 82//82 149//149 85//85
f 1205//1205 1207//1207 146//146
f 1218//1218 1208//1208 88//88
f 1205//1205 146//146 81//81
f 52//52 82//82 58//58
f 82//82 85//85 58//58
f 58//58 85//85 59//59
f 59//59 85//85 84//84
f 153//153 84//84 85//85
f 1228//1228 147//147 88//88
f 1210//1210 1206//1206 53//53
f 158//158 1209//1209 87//87
f 88//88 1208//1208 1228//1228
f 89//89 59//59 84//84
f 84//84 91//91 89//89
f 173//173 91//91 84//84
f 158//158 65//65 90//90
f 90//90 65//65 98//98
f 158//158 90//90 96//96
f 98//98 96//96 90//90
f 157//157 158//158 96//96
f 93//93 92//92 91//91
f 173//173 94//94 93//93
f 174//174 94//94 173//173
f 174//174 175//175 94//94
f 175//175 103//103 94//94
f 173//173 93//93 91//91
f 96//96 98//98 99//99
f 99//99 104//104 96//96
f 101//101 104//104 99//99
f 96//96 104//104 95//95
f 99//99 97//97 92//92
f 97//97 99//99 98//98
f 92//92 100//100 99//99
f 92//92 93//93 100//100
f 100//100 101//101 99//99
f 100//100 93//93 94//94
f 100//100 102//102 101//101
f 94//94 103//103 100//100
f 100//100 103//103 1211//1211
f 102//102 105//105 101//101
f 192//192 1211//1211 103//103
f 193//193 1212//1212 1211//1211
f 104//104 101//101 105//105
f 202//202 104//104 105//105
f 106//106 107//107 111//111
f 106//106 225//225 107//107
f 231//231 106//106 112//112
f 107//107 108//108 113//113
f 108//108 233//233 113//113
f 107//107 225//225 226//226
f 108//108 107//107 226//226
f 109//109 232//232 112//112
f 232//232 109//109 235//235
f 232//232 231//231 112//112
f 110//110 111//111 113//113
f 113//113 233//233 122//122
f 106//106 111//111 112//112
f 111//111 110//110 112//112
f 113//113 111//111 107//107
f 118//118 115//115 234//234
f 122//122 110//110 113//113
f 110//110 109//109 112//112
f 115//115 73//73 114//114
f 115//115 114//114 234//234
f 115//115 118//118 116//116
f 116//116 68//68 115//115
f 118//118 117//117 116//116
f 118//118 119//119 117//117
f 1213//1213 119//119 121//121
f 121//121 120//120 1213//1213
f 233//233 123//123 122//122
f 233//233 114//114 123//123
f 123//123 114//114 73//73
f 1213//1213 120//120 77//77
f 109//109 1204//1204 124//124
f 78//78 74//74 123//123
f 236//236 77//77 120//120
f 123//123 74//74 71//71
f 236//236 145//145 77//77
f 124//124 1204//1204 125//125
f 375//375 125//125 128//128
f 128//128 125//125 126//126
f 127//127 1214//1214 126//126
f 129//129 1214//1214 127//127
f 378//378 1215//1215 1216//1216
f 127//127 74//74 130//130
f 78//78 132//132 74//74
f 127//127 131//131 237//237
f 1219//1219 1246//1246 1217//1217
f 129//129 127//127 237//237
f 1246//1246 1219//1219 252//252
f 127//127 130//130 1217//1217
f 1217//1217 130//130 81//81
f 74//74 132//132 130//130
f 130//130 132//132 148//148
f 78//78 138//138 132//132
f 138//138 133//133 132//132
f 133//133 148//148 132//132
f 133//133 150//150 148//148
f 133//133 135//135 150//150
f 133//133 138//138 134//134
f 133//133 134//134 135//135
f 134//134 244//244 135//135
f 135//135 244//244 136//136
f 136//136 151//151 135//135
f 136//136 258//258 151//151
f 78//78 137//137 138//138
f 137//137 142//142 139//139
f 138//138 137//137 139//139
f 134//134 138//138 140//140
f 138//138 139//139 140//140
f 142//142 248//248 139//139
f 134//134 140//140 244//244
f 144//144 141//141 80//80
f 142//142 80//80 141//141
f 142//142 141//141 261//261
f 248//248 142//142 261//261
f 145//145 143//143 77//77
f 143//143 145//145 152//152
f 144//144 143//143 1225//1225
f 249//249 1253//1253 1220//1220
f 249//249 1220//1220 147//147
f 148//148 81//81 130//130
f 1219//1219 1217//1217 81//81
f 82//82 148//148 149//149
f 150//150 149//149 148//148
f 151//151 1224//1224 135//135
f 151//151 1221//1221 1224//1224
f 259//259 1222//1222 151//151
f 271//271 1223//1223 1258//1258
f 258//258 259//259 151//151
f 1259//1259 257//257 271//271
f 261//261 141//141 1226//1226
f 141//141 144//144 1226//1226
f 1220//1220 88//88 147//147
f 159//159 84//84 153//153
f 164//164 161//161 154//154
f 1223//1223 153//153 85//85
f 1223//1223 155//155 153//153
f 1229//1229 159//159 153//153
f 154//154 161//161 153//153
f 154//154 153//153 155//155
f 1223//1223 271//271 156//156
f 156//156 155//155 1223//1223
f 154//154 1227//1227 167//167
f 166//166 155//155 156//156
f 1232//1232 167//167 1227//1227
f 158//158 157//157 147//147
f 157//157 266//266 147//147
f 160//160 173//173 84//84
f 162//162 159//159 1229//1229
f 84//84 162//162 163//163
f 162//162 84//84 159//159
f 163//163 160//160 84//84
f 163//163 165//165 160//160
f 162//162 1229//1229 1230//1230
f 162//162 165//165 163//163
f 165//165 162//162 1230//1230
f 154//154 170//170 164//164
f 170//170 186//186 164//164
f 186//186 1231//1231 164//164
f 154//154 168//168 170//170
f 1232//1232 289//289 167//167
f 167//167 168//168 154//154
f 167//167 169//169 168//168
f 167//167 289//289 169//169
f 289//289 172//172 169//169
f 168//168 311//311 170//170
f 169//169 172//172 168//168
f 168//168 171//171 311//311
f 168//168 172//172 171//171
f 1233//1233 315//315 171//171
f 274//274 157//157 191//191
f 175//175 178//178 103//103
f 174//174 177//177 175//175
f 174//174 176//176 177//177
f 173//173 176//176 174//174
f 177//177 178//178 175//175
f 180//180 178//178 179//179
f 177//177 179//179 178//178
f 176//176 179//179 177//177
f 178//178 180//180 194//194
f 179//179 176//176 184//184
f 1234//1234 182//182 1235//1235
f 181//181 1235//1235 182//182
f 181//181 194//194 1235//1235
f 182//182 1234//1234 184//184
f 298//298 181//181 182//182
f 181//181 298//298 331//331
f 1290//1290 195//195 181//181
f 173//173 183//183 176//176
f 173//173 160//160 183//183
f 183//183 185//185 184//184
f 183//183 184//184 176//176
f 160//160 1236//1236 183//183
f 165//165 1236//1236 160//160
f 184//184 185//185 182//182
f 185//185 188//188 182//182
f 185//185 1231//1231 188//188
f 188//188 298//298 182//182
f 186//186 188//188 1231//1231
f 186//186 310//310 188//188
f 186//186 187//187 310//310
f 188//188 299//299 298//298
f 295//295 189//189 328//328
f 191//191 95//95 190//190
f 190//190 328//328 189//189
f 191//191 190//190 189//189
f 191//191 157//157 95//95
f 157//157 96//96 95//95
f 1212//1212 193//193 1290//1290
f 1212//1212 1290//1290 329//329
f 178//178 192//192 103//103
f 194//194 192//192 178//178
f 1211//1211 192//192 193//193
f 195//195 192//192 194//194
f 192//192 195//195 193//193
f 195//195 194//194 181//181
f 1290//1290 193//193 195//195
f 104//104 196//196 95//95
f 95//95 196//196 197//197
f 200//200 1237//1237 202//202
f 190//190 197//197 198//198
f 95//95 197//197 190//190
f 198//198 197//197 1238//1238
f 197//197 196//196 1238//1238
f 328//328 190//190 198//198
f 198//198 199//199 328//328
f 199//199 198//198 1238//1238
f 346//346 328//328 199//199
f 200//200 201//201 199//199
f 346//346 199//199 201//201
f 1237//1237 104//104 202//202
f 1212//1212 329//329 1239//1239
f 201//201 200//200 202//202
f 347//347 1239//1239 329//329
f 203//203 204//204 210//210
f 350//350 1241//1241 433//433
f 350//350 203//203 210//210
f 204//204 205//205 212//212
f 337//337 205//205 204//204
f 204//204 212//212 210//210
f 203//203 337//337 204//204
f 205//205 211//211 212//212
f 209//209 206//206 205//205
f 205//205 218//218 211//211
f 205//205 206//206 218//218
f 206//206 208//208 218//218
f 207//207 206//206 209//209
f 206//206 207//207 208//208
f 218//218 1240//1240 221//221
f 207//207 353//353 1240//1240
f 207//207 355//355 353//353
f 353//353 354//354 1240//1240
f 1240//1240 354//354 221//221
f 210//210 212//212 216//216
f 1242//1242 1243//1243 363//363
f 211//211 219//219 213//213
f 211//211 216//216 212//212
f 211//211 213//213 216//216
f 213//213 215//215 216//216
f 213//213 219//219 222//222
f 214//214 213//213 222//222
f 214//214 215//215 213//213
f 217//217 215//215 214//214
f 222//222 217//217 214//214
f 216//216 215//215 217//217
f 1303//1303 1244//1244 217//217
f 367//367 1303//1303 217//217
f 211//211 218//218 219//219
f 218//218 220//220 219//219
f 222//222 219//219 220//220
f 218//218 221//221 220//220
f 222//222 220//220 367//367
f 220//220 1245//1245 367//367
f 222//222 367//367 217//217
f 1301//1301 367//367 1245//1245
f 230//230 370//370 228//228
f 371//371 223//223 224//224
f 227//227 106//106 231//231
f 225//225 230//230 228//228
f 228//228 229//229 226//226
f 226//226 229//229 108//108
f 230//230 225//225 227//227
f 226//226 225//225 228//228
f 227//227 225//225 106//106
f 229//229 233//233 108//108
f 227//227 231//231 223//223
f 230//230 227//227 223//223
f 230//230 223//223 371//371
f 370//370 229//229 228//228
f 233//233 229//229 372//372
f 224//224 223//223 232//232
f 223//223 231//231 232//232
f 224//224 232//232 235//235
f 224//224 235//235 371//371
f 233//233 234//234 114//114
f 441//441 234//234 373//373
f 118//118 234//234 119//119
f 119//119 234//234 441//441
f 124//124 235//235 109//109
f 235//235 124//124 371//371
f 371//371 124//124 447//447
f 375//375 1215//1215 378//378
f 374//374 125//125 375//375
f 378//378 1216//1216 238//238
f 238//238 1216//1216 1246//1246
f 239//239 1246//1246 252//252
f 238//238 1246//1246 239//239
f 241//241 238//238 239//239
f 1247//1247 253//253 240//240
f 1247//1247 240//240 379//379
f 1247//1247 379//379 241//241
f 1248//1248 255//255 1307//1307
f 1248//1248 1255//1255 255//255
f 378//378 238//238 241//241
f 380//380 378//378 241//241
f 379//379 380//380 241//241
f 1307//1307 242//242 381//381
f 1307//1307 255//255 242//242
f 242//242 255//255 1257//1257
f 260//260 382//382 242//242
f 260//260 242//242 1257//1257
f 136//136 244//244 246//246
f 136//136 260//260 258//258
f 136//136 246//246 383//383
f 383//383 243//243 136//136
f 136//136 1249//1249 260//260
f 260//260 243//243 382//382
f 382//382 243//243 383//383
f 140//140 139//139 245//245
f 248//248 245//245 139//139
f 140//140 245//245 244//244
f 248//248 247//247 245//245
f 244//244 245//245 246//246
f 383//383 246//246 247//247
f 246//246 245//245 247//247
f 383//383 247//247 248//248
f 250//250 147//147 266//266
f 249//249 147//147 250//250
f 266//266 267//267 250//250
f 254//254 1254//1254 1250//1250
f 1251//1251 1252//1252 251//251
f 1256//1256 1251//1251 251//251
f 1265//1265 251//251 1252//1252
f 251//251 269//269 1256//1256
f 269//269 251//251 390//390
f 251//251 1265//1265 1311//1311
f 1256//1256 269//269 393//393
f 1247//1247 1254//1254 253//253
f 1254//1254 254//254 253//253
f 1255//1255 1256//1256 255//255
f 255//255 1256//1256 256//256
f 1256//1256 393//393 256//256
f 255//255 256//256 1257//1257
f 256//256 270//270 1257//1257
f 260//260 259//259 258//258
f 1257//1257 259//259 260//260
f 248//248 261//261 388//388
f 388//388 261//261 1226//1226
f 388//388 1226//1226 389//389
f 152//152 145//145 1309//1309
f 263//263 278//278 279//279
f 262//262 278//278 263//263
f 264//264 1311//1311 268//268
f 1260//1260 1261//1261 264//264
f 264//264 268//268 1260//1260
f 280//280 265//265 1262//1262
f 1263//1263 1262//1262 265//265
f 157//157 278//278 266//266
f 266//266 278//278 262//262
f 267//267 266//266 262//262
f 267//267 262//262 1266//1266
f 268//268 1311//1311 1265//1265
f 1264//1264 265//265 391//391
f 269//269 390//390 392//392
f 270//270 397//397 271//271
f 271//271 272//272 156//156
f 272//272 166//166 156//156
f 166//166 272//272 290//290
f 289//289 166//166 290//290
f 271//271 257//257 270//270
f 397//397 273//273 271//271
f 271//271 273//273 272//272
f 272//272 273//273 407//407
f 408//408 273//273 397//397
f 275//275 157//157 274//274
f 275//275 279//279 278//278
f 275//275 278//278 157//157
f 275//275 276//276 279//279
f 274//274 277//277 276//276
f 274//274 276//276 275//275
f 1268//1268 276//276 277//277
f 1267//1267 296//296 281//281
f 1273//1273 282//282 265//265
f 1268//1268 279//279 276//276
f 1267//1267 281//281 1269//1269
f 280//280 1270//1270 265//265
f 1273//1273 265//265 1270//1270
f 1268//1268 263//263 279//279
f 265//265 282//282 302//302
f 283//283 265//265 302//302
f 265//265 283//283 391//391
f 283//283 285//285 391//391
f 285//285 399//399 391//391
f 285//285 283//283 284//284
f 284//284 283//283 302//302
f 285//285 286//286 399//399
f 285//285 284//284 286//286
f 1271//1271 284//284 404//404
f 187//187 186//186 170//170
f 302//302 287//287 284//284
f 302//302 306//306 287//287
f 284//284 287//287 288//288
f 288//288 287//287 309//309
f 284//284 288//288 404//404
f 288//288 406//406 404//404
f 288//288 309//309 406//406
f 172//172 289//289 290//290
f 170//170 311//311 187//187
f 315//315 316//316 171//171
f 290//290 272//272 291//291
f 407//407 291//291 272//272
f 407//407 292//292 291//291
f 407//407 294//294 292//292
f 407//407 273//273 408//408
f 172//172 290//290 293//293
f 293//293 315//315 172//172
f 293//293 290//290 291//291
f 319//319 315//315 293//293
f 292//292 293//293 291//291
f 294//294 319//319 293//293
f 292//292 294//294 293//293
f 322//322 319//319 294//294
f 323//323 294//294 407//407
f 409//409 323//323 407//407
f 274//274 191//191 189//189
f 1272//1272 277//277 274//274
f 274//274 189//189 1272//1272
f 1274//1274 277//277 1272//1272
f 297//297 1275//1275 295//295
f 1276//1276 282//282 1273//1273
f 282//282 1277//1277 302//302
f 1277//1277 330//330 302//302
f 301//301 302//302 1290//1290
f 301//301 1290//1290 1279//1279
f 300//300 188//188 1284//1284
f 1282//1282 1280//1280 303//303
f 1280//1280 1281//1281 303//303
f 299//299 188//188 300//300
f 300//300 1284//1284 305//305
f 305//305 1284//1284 313//313
f 301//301 306//306 302//302
f 306//306 301//301 1283//1283
f 303//303 1281//1281 304//304
f 299//299 300//300 304//304
f 304//304 300//300 305//305
f 307//307 306//306 1283//1283
f 303//303 304//304 307//307
f 304//304 308//308 307//307
f 308//308 304//304 305//305
f 308//308 305//305 314//314
f 305//305 313//313 314//314
f 306//306 307//307 309//309
f 287//287 306//306 309//309
f 308//308 309//309 307//307
f 406//406 309//309 410//410
f 314//314 410//410 309//309
f 316//316 311//311 171//171
f 1284//1284 187//187 312//312
f 313//313 1284//1284 312//312
f 187//187 311//311 312//312
f 311//311 316//316 317//317
f 318//318 311//311 317//317
f 313//313 312//312 332//332
f 318//318 312//312 311//311
f 314//314 313//313 332//332
f 308//308 314//314 309//309
f 319//319 320//320 315//315
f 320//320 316//316 315//315
f 316//316 321//321 317//317
f 317//317 321//321 318//318
f 318//318 334//334 333//333
f 320//320 319//319 322//322
f 316//316 320//320 322//322
f 321//321 316//316 322//322
f 318//318 321//321 1291//1291
f 321//321 335//335 1291//1291
f 294//294 1285//1285 322//322
f 321//321 322//322 335//335
f 322//322 1285//1285 335//335
f 1286//1286 336//336 1293//1293
f 1286//1286 325//325 336//336
f 1287//1287 1321//1321 1288//1288
f 326//326 324//324 325//325
f 1288//1288 418//418 326//326
f 418//418 419//419 326//326
f 324//324 326//326 327//327
f 419//419 420//420 326//326
f 420//420 327//327 326//326
f 420//420 422//422 327//327
f 344//344 327//327 422//422
f 297//297 295//295 328//328
f 346//346 1278//1278 328//328
f 1278//1278 346//346 1298//1298
f 1277//1277 1299//1299 330//330
f 302//302 329//329 1290//1290
f 302//302 1289//1289 329//329
f 318//318 333//333 312//312
f 312//312 333//333 332//332
f 332//332 333//333 348//348
f 348//348 314//314 332//332
f 414//414 314//314 424//424
f 1293//1293 336//336 1292//1292
f 334//334 1294//1294 352//352
f 334//334 352//352 333//333
f 324//324 336//336 325//325
f 348//348 333//333 352//352
f 203//203 324//324 337//337
f 349//349 336//336 324//324
f 203//203 349//349 324//324
f 324//324 327//327 337//337
f 205//205 338//338 209//209
f 327//327 340//340 337//337
f 337//337 338//338 205//205
f 337//337 340//340 338//338
f 340//340 327//327 344//344
f 338//338 341//341 339//339
f 338//338 339//339 209//209
f 209//209 339//339 355//355
f 338//338 340//340 341//341
f 1295//1295 1296//1296 342//342
f 341//341 340//340 344//344
f 343//343 342//342 1296//1296
f 1297//1297 343//343 1296//1296
f 342//342 343//343 359//359
f 1297//1297 345//345 343//343
f 345//345 426//426 359//359
f 343//343 345//345 359//359
f 347//347 346//346 201//201
f 1239//1239 347//347 201//201
f 329//329 1289//1289 347//347
f 348//348 352//352 433//433
f 350//350 349//349 203//203
f 349//349 350//350 351//351
f 350//350 433//433 351//351
f 336//336 349//349 352//352
f 352//352 349//349 351//351
f 352//352 351//351 433//433
f 364//364 369//369 429//429
f 355//355 207//207 209//209
f 1300//1300 1302//1302 357//357
f 357//357 1302//1302 1295//1295
f 357//357 356//356 1300//1300
f 356//356 368//368 1301//1301
f 1300//1300 356//356 1301//1301
f 342//342 357//357 1295//1295
f 357//357 342//342 358//358
f 361//361 357//357 358//358
f 362//362 368//368 356//356
f 361//361 362//362 356//356
f 357//357 361//361 356//356
f 358//358 342//342 359//359
f 359//359 360//360 358//358
f 362//362 429//429 369//369
f 426//426 360//360 359//359
f 358//358 360//360 361//361
f 428//428 429//429 362//362
f 1242//1242 365//365 1323//1323
f 365//365 1242//1242 363//363
f 1306//1306 364//364 1304//1304
f 1304//1304 364//364 1305//1305
f 366//366 365//365 364//364
f 365//365 366//366 435//435
f 1306//1306 369//369 364//364
f 368//368 367//367 1301//1301
f 1306//1306 368//368 369//369
f 362//362 369//369 368//368
f 440//440 370//370 230//230
f 229//229 370//370 372//372
f 373//373 372//372 370//370
f 373//373 370//370 525//525
f 372//372 234//234 233//233
f 234//234 372//372 373//373
f 119//119 442//442 121//121
f 443//443 120//120 121//121
f 120//120 445//445 236//236
f 374//374 447//447 124//124
f 374//374 448//448 447//447
f 125//125 374//374 124//124
f 448//448 374//374 375//375
f 376//376 375//375 378//378
f 376//376 378//378 380//380
f 1308//1308 381//381 380//380
f 381//381 376//376 380//380
f 376//376 381//381 452//452
f 382//382 381//381 242//242
f 382//382 452//452 381//381
f 382//382 537//537 452//452
f 383//383 537//537 382//382
f 537//537 383//383 388//388
f 388//388 383//383 248//248
f 377//377 1310//1310 236//236
f 1310//1310 145//145 236//236
f 387//387 384//384 1310//1310
f 377//377 385//385 1310//1310
f 385//385 387//387 1310//1310
f 642//642 386//386 377//377
f 386//386 385//385 377//377
f 387//387 385//385 386//386
f 384//384 388//388 389//389
f 390//390 1264//1264 391//391
f 269//269 392//392 393//393
f 390//390 391//391 392//392
f 392//392 391//391 1316//1316
f 395//395 393//393 394//394
f 393//393 392//392 394//394
f 1312//1312 392//392 1316//1316
f 395//395 270//270 256//256
f 393//393 395//395 256//256
f 395//395 394//394 396//396
f 1312//1312 1316//1316 1313//1313
f 270//270 395//395 400//400
f 400//400 395//395 401//401
f 401//401 395//395 1314//1314
f 474//474 398//398 400//400
f 400//400 398//398 270//270
f 461//461 398//398 474//474
f 270//270 398//398 397//397
f 408//408 397//397 398//398
f 408//408 398//398 461//461
f 1317//1317 1271//1271 402//402
f 1318//1318 403//403 1315//1315
f 1314//1314 1319//1319 401//401
f 1320//1320 1317//1317 402//402
f 400//400 401//401 459//459
f 1325//1325 401//401 1319//1319
f 1320//1320 402//402 460//460
f 1271//1271 404//404 405//405
f 406//406 405//405 404//404
f 402//402 1271//1271 405//405
f 406//406 410//410 411//411
f 413//413 405//405 406//406
f 413//413 402//402 405//405
f 402//402 413//413 460//460
f 407//407 408//408 409//409
f 418//418 409//409 476//476
f 408//408 476//476 409//409
f 475//475 408//408 461//461
f 408//408 475//475 476//476
f 411//411 410//410 314//314
f 406//406 411//411 413//413
f 412//412 413//413 411//411
f 413//413 412//412 468//468
f 468//468 412//412 469//469
f 479//479 469//469 412//412
f 415//415 314//314 414//414
f 314//314 415//415 411//411
f 416//416 415//415 414//414
f 411//411 415//415 412//412
f 417//417 412//412 415//415
f 415//415 416//416 417//417
f 412//412 417//417 479//479
f 418//418 1288//1288 1321//1321
f 476//476 419//419 418//418
f 419//419 476//476 420//420
f 476//476 421//421 420//420
f 1322//1322 420//420 421//421
f 1322//1322 421//421 426//426
f 1322//1322 426//426 1297//1297
f 416//416 414//414 424//424
f 423//423 416//416 424//424
f 417//417 416//416 423//423
f 423//423 486//486 479//479
f 424//424 314//314 348//348
f 1323//1323 424//424 348//348
f 423//423 424//424 1323//1323
f 425//425 427//427 421//421
f 421//421 476//476 425//425
f 425//425 476//476 481//481
f 425//425 481//481 427//427
f 481//481 482//482 427//427
f 482//482 431//431 427//427
f 1297//1297 426//426 345//345
f 427//427 426//426 421//421
f 432//432 426//426 427//427
f 430//430 432//432 427//427
f 1323//1323 486//486 423//423
f 428//428 431//431 429//429
f 430//430 427//427 431//431
f 430//430 431//431 428//428
f 426//426 432//432 360//360
f 360//360 432//432 361//361
f 430//430 428//428 432//432
f 432//432 428//428 362//362
f 432//432 362//362 361//361
f 1323//1323 365//365 434//434
f 365//365 435//435 434//434
f 434//434 486//486 1323//1323
f 486//486 434//434 438//438
f 434//434 435//435 438//438
f 435//435 366//366 436//436
f 437//437 436//436 366//366
f 431//431 436//436 1324//1324
f 488//488 436//436 431//431
f 439//439 435//435 436//436
f 366//366 364//364 429//429
f 429//429 431//431 1324//1324
f 429//429 437//437 366//366
f 438//438 435//435 439//439
f 523//523 370//370 440//440
f 440//440 230//230 371//371
f 440//440 371//371 635//635
f 440//440 635//635 524//524
f 524//524 523//523 440//440
f 523//523 525//525 370//370
f 528//528 373//373 525//525
f 373//373 528//528 441//441
f 441//441 528//528 529//529
f 441//441 442//442 119//119
f 530//530 443//443 442//442
f 441//441 1340//1340 442//442
f 530//530 442//442 1340//1340
f 870//870 371//371 873//873
f 443//443 121//121 442//442
f 443//443 530//530 639//639
f 443//443 445//445 120//120
f 445//445 443//443 446//446
f 444//444 446//446 443//443
f 444//444 443//443 639//639
f 639//639 446//446 444//444
f 236//236 445//445 446//446
f 639//639 236//236 446//446
f 377//377 236//236 639//639
f 449//449 375//375 376//376
f 452//452 449//449 376//376
f 450//450 448//448 375//375
f 453//453 450//450 449//449
f 449//449 450//450 375//375
f 453//453 449//449 452//452
f 450//450 447//447 448//448
f 455//455 450//450 453//453
f 450//450 451//451 447//447
f 453//453 452//452 537//537
f 454//454 455//455 453//453
f 537//537 454//454 453//453
f 451//451 450//450 456//456
f 456//456 450//450 457//457
f 450//450 455//455 457//457
f 455//455 458//458 457//457
f 533//533 458//458 455//455
f 533//533 455//455 454//454
f 537//537 533//533 454//454
f 451//451 531//531 447//447
f 451//451 456//456 531//531
f 531//531 456//456 457//457
f 532//532 531//531 457//457
f 532//532 457//457 458//458
f 532//532 458//458 533//533
f 537//537 388//388 384//384
f 387//387 541//541 384//384
f 642//642 387//387 386//386
f 541//541 387//387 642//642
f 1333//1333 400//400 459//459
f 1320//1320 460//460 1326//1326
f 460//460 463//463 1326//1326
f 1333//1333 459//459 1327//1327
f 413//413 463//463 460//460
f 462//462 461//461 474//474
f 461//461 550//550 553//553
f 462//462 550//550 461//461
f 475//475 461//461 553//553
f 470//470 473//473 472//472
f 464//464 472//472 473//473
f 472//472 465//465 1328//1328
f 464//464 465//465 472//472
f 1329//1329 466//466 474//474
f 1330//1330 1328//1328 465//465
f 467//467 1330//1330 465//465
f 464//464 1331//1331 465//465
f 477//477 1331//1331 464//464
f 466//466 546//546 474//474
f 546//546 466//466 543//543
f 543//543 466//466 1332//1332
f 543//543 1332//1332 556//556
f 556//556 1332//1332 477//477
f 413//413 468//468 470//470
f 470//470 468//468 471//471
f 471//471 468//468 469//469
f 471//471 469//469 479//479
f 470//470 472//472 413//413
f 471//471 473//473 470//470
f 472//472 1328//1328 413//413
f 471//471 464//464 473//473
f 471//471 479//479 464//464
f 475//475 553//553 476//476
f 476//476 553//553 568//568
f 478//478 477//477 464//464
f 464//464 479//479 478//478
f 556//556 477//477 558//558
f 558//558 477//477 478//478
f 559//559 558//558 478//478
f 423//423 479//479 417//417
f 480//480 476//476 568//568
f 568//568 573//573 480//480
f 480//480 573//573 485//485
f 482//482 484//484 431//431
f 483//483 481//481 476//476
f 484//484 482//482 483//483
f 481//481 483//483 482//482
f 476//476 480//480 483//483
f 480//480 485//485 483//483
f 484//484 483//483 485//485
f 478//478 479//479 570//570
f 559//559 478//478 570//570
f 488//488 431//431 484//484
f 485//485 573//573 484//484
f 484//484 573//573 489//489
f 573//573 582//582 489//489
f 576//576 577//577 570//570
f 570//570 479//479 576//576
f 479//479 486//486 576//576
f 487//487 436//436 488//488
f 436//436 487//487 439//439
f 488//488 484//484 489//489
f 489//489 490//490 488//488
f 490//490 491//491 488//488
f 491//491 487//487 488//488
f 491//491 500//500 487//487
f 489//489 492//492 490//490
f 493//493 500//500 491//491
f 582//582 494//494 489//489
f 492//492 489//489 494//494
f 494//494 495//495 492//492
f 492//492 495//495 490//490
f 495//495 491//491 490//490
f 493//493 491//491 495//495
f 494//494 582//582 581//581
f 495//495 494//494 581//581
f 581//581 583//583 495//495
f 495//495 496//496 493//493
f 505//505 587//587 486//486
f 497//497 486//486 438//438
f 1334//1334 438//438 498//498
f 438//438 439//439 498//498
f 486//486 497//497 502//502
f 1334//1334 498//498 502//502
f 498//498 439//439 499//499
f 501//501 498//498 499//499
f 498//498 501//501 503//503
f 487//487 499//499 439//439
f 500//500 499//499 487//487
f 501//501 499//499 500//500
f 500//500 493//493 501//501
f 501//501 493//493 496//496
f 496//496 591//591 501//501
f 501//501 504//504 503//503
f 498//498 503//503 502//502
f 591//591 512//512 504//504
f 510//510 598//598 505//505
f 506//506 505//505 486//486
f 506//506 509//509 505//505
f 486//486 502//502 506//506
f 507//507 506//506 502//502
f 502//502 503//503 507//507
f 507//507 511//511 506//506
f 504//504 507//507 503//503
f 507//507 504//504 511//511
f 504//504 512//512 514//514
f 512//512 508//508 520//520
f 512//512 591//591 508//508
f 505//505 509//509 510//510
f 513//513 510//510 509//509
f 612//612 611//611 1335//1335
f 612//612 1335//1335 513//513
f 504//504 514//514 511//511
f 511//511 514//514 506//506
f 506//506 515//515 509//509
f 506//506 514//514 515//515
f 512//512 520//520 514//514
f 612//612 513//513 618//618
f 515//515 1336//1336 517//517
f 509//509 515//515 513//513
f 516//516 513//513 515//515
f 515//515 517//517 516//516
f 518//518 517//517 1336//1336
f 518//518 1336//1336 521//521
f 516//516 618//618 513//513
f 619//619 618//618 516//516
f 516//516 1337//1337 619//619
f 1338//1338 519//519 1337//1337
f 521//521 1336//1336 1339//1339
f 522//522 521//521 1339//1339
f 1338//1338 521//521 626//626
f 626//626 521//521 629//629
f 521//521 628//628 629//629
f 522//522 520//520 508//508
f 524//524 526//526 523//523
f 523//523 526//526 525//525
f 870//870 635//635 371//371
f 528//528 525//525 527//527
f 526//526 527//527 525//525
f 526//526 637//637 527//527
f 528//528 638//638 529//529
f 765//765 639//639 530//530
f 642//642 377//377 639//639
f 371//371 447//447 536//536
f 535//535 534//534 532//532
f 532//532 534//534 531//531
f 535//535 532//532 533//533
f 447//447 531//531 536//536
f 534//534 536//536 531//531
f 534//534 535//535 536//536
f 535//535 533//533 641//641
f 1363//1363 533//533 537//537
f 536//536 535//535 641//641
f 537//537 384//384 538//538
f 541//541 538//538 384//384
f 537//537 538//538 539//539
f 1341//1341 538//538 541//541
f 643//643 537//537 1342//1342
f 643//643 1342//1342 540//540
f 540//540 1341//1341 542//542
f 1341//1341 541//541 542//542
f 643//643 1363//1363 537//537
f 1343//1343 541//541 642//642
f 557//557 543//543 556//556
f 557//557 546//546 543//543
f 546//546 557//557 560//560
f 546//546 560//560 564//564
f 548//548 546//546 564//564
f 664//664 548//548 565//565
f 548//548 664//664 652//652
f 474//474 545//545 462//462
f 545//545 550//550 462//462
f 551//551 550//550 545//545
f 474//474 546//546 544//544
f 474//474 544//544 545//545
f 545//545 544//544 547//547
f 545//545 547//547 659//659
f 544//544 546//546 547//547
f 545//545 1371//1371 551//551
f 549//549 547//547 546//546
f 1344//1344 546//546 548//548
f 547//547 549//549 659//659
f 650//650 1344//1344 548//548
f 1371//1371 662//662 551//551
f 550//550 551//551 553//553
f 551//551 552//552 553//553
f 553//553 552//552 554//554
f 551//551 662//662 552//552
f 554//554 552//552 555//555
f 555//555 552//552 662//662
f 668//668 555//555 663//663
f 662//662 663//663 555//555
f 560//560 557//557 556//556
f 560//560 556//556 558//558
f 561//561 560//560 558//558
f 561//561 558//558 559//559
f 561//561 562//562 560//560
f 559//559 572//572 563//563
f 563//563 561//561 559//559
f 561//561 563//563 562//562
f 560//560 562//562 564//564
f 563//563 1347//1347 567//567
f 565//565 548//548 564//564
f 566//566 564//564 562//562
f 563//563 566//566 562//562
f 664//664 565//565 665//665
f 665//665 565//565 564//564
f 566//566 665//665 564//564
f 566//566 563//563 567//567
f 566//566 567//567 665//665
f 665//665 567//567 667//667
f 573//573 568//568 569//569
f 553//553 554//554 569//569
f 569//569 568//568 553//553
f 554//554 1346//1346 569//569
f 555//555 668//668 569//569
f 559//559 570//570 571//571
f 1348//1348 571//571 570//570
f 572//572 559//559 571//571
f 572//572 571//571 578//578
f 578//578 571//571 1348//1348
f 1347//1347 578//578 580//580
f 567//567 580//580 590//590
f 567//567 1347//1347 580//580
f 667//667 567//567 671//671
f 573//573 569//569 582//582
f 668//668 574//574 569//569
f 575//575 574//574 668//668
f 569//569 584//584 582//582
f 569//569 574//574 584//584
f 575//575 677//677 574//574
f 584//584 574//574 677//677
f 674//674 677//677 575//575
f 587//587 577//577 576//576
f 486//486 587//587 576//576
f 578//578 1348//1348 579//579
f 578//578 579//579 580//580
f 567//567 590//590 671//671
f 582//582 583//583 581//581
f 496//496 495//495 583//583
f 583//583 592//592 496//496
f 582//582 584//584 583//583
f 583//583 584//584 585//585
f 583//583 585//585 1351//1351
f 584//584 586//586 585//585
f 584//584 677//677 586//586
f 681//681 586//586 677//677
f 587//587 505//505 599//599
f 579//579 1348//1348 588//588
f 1349//1349 577//577 587//587
f 589//589 579//579 1350//1350
f 580//580 579//579 589//589
f 580//580 589//589 590//590
f 603//603 590//590 589//589
f 496//496 592//592 591//591
f 501//501 591//591 504//504
f 585//585 586//586 1351//1351
f 586//586 596//596 1351//1351
f 1349//1349 587//587 593//593
f 593//593 587//587 599//599
f 594//594 589//589 1350//1350
f 594//594 1350//1350 1352//1352
f 594//594 1352//1352 595//595
f 1353//1353 593//593 599//599
f 589//589 594//594 603//603
f 508//508 591//591 592//592
f 596//596 597//597 607//607
f 1351//1351 596//596 607//607
f 586//586 597//597 596//596
f 606//606 597//597 683//683
f 599//599 505//505 600//600
f 599//599 600//600 601//601
f 600//600 505//505 598//598
f 599//599 601//601 1353//1353
f 600//600 598//598 602//602
f 600//600 602//602 601//601
f 1354//1354 1356//1356 604//604
f 604//604 1356//1356 605//605
f 1358//1358 601//601 602//602
f 1357//1357 594//594 1355//1355
f 594//594 1357//1357 603//603
f 603//603 1357//1357 610//610
f 605//605 1360//1360 604//604
f 590//590 603//603 606//606
f 613//613 606//606 603//603
f 603//603 610//610 613//613
f 1380//1380 590//590 606//606
f 597//597 606//606 608//608
f 608//608 606//606 617//617
f 592//592 1359//1359 508//508
f 616//616 508//508 1359//1359
f 617//617 1361//1361 607//607
f 608//608 607//607 597//597
f 608//608 617//617 607//607
f 598//598 510//510 611//611
f 602//602 598//598 611//611
f 609//609 1358//1358 602//602
f 609//609 602//602 611//611
f 609//609 611//611 612//612
f 1360//1360 605//605 609//609
f 614//614 612//612 618//618
f 614//614 609//609 612//612
f 609//609 614//614 1360//1360
f 614//614 615//615 1360//1360
f 615//615 614//614 622//622
f 613//613 610//610 615//615
f 613//613 615//615 606//606
f 633//633 630//630 617//617
f 606//606 633//633 617//617
f 522//522 508//508 616//616
f 616//616 1362//1362 522//522
f 1362//1362 630//630 522//522
f 614//614 618//618 619//619
f 621//621 620//620 1337//1337
f 621//621 1337//1337 519//519
f 622//622 614//614 619//619
f 619//619 1337//1337 620//620
f 620//620 622//622 619//619
f 623//623 620//620 621//621
f 622//622 620//620 623//623
f 615//615 622//622 625//625
f 623//623 625//625 622//622
f 615//615 624//624 606//606
f 624//624 615//615 625//625
f 522//522 628//628 521//521
f 630//630 628//628 522//522
f 519//519 1338//1338 626//626
f 627//627 626//626 629//629
f 519//519 626//626 621//621
f 621//621 626//626 627//627
f 634//634 623//623 621//621
f 621//621 627//627 634//634
f 629//629 631//631 627//627
f 631//631 634//634 627//627
f 628//628 631//631 629//629
f 630//630 631//631 628//628
f 623//623 634//634 625//625
f 633//633 631//631 630//630
f 633//633 632//632 631//631
f 631//631 632//632 634//634
f 606//606 632//632 633//633
f 624//624 625//625 632//632
f 624//624 632//632 606//606
f 632//632 625//625 634//634
f 684//684 636//636 524//524
f 636//636 526//526 524//524
f 684//684 524//524 635//635
f 870//870 684//684 635//635
f 526//526 636//636 637//637
f 530//530 1340//1340 687//687
f 686//686 529//529 638//638
f 1340//1340 686//686 687//687
f 640//640 689//689 688//688
f 371//371 536//536 640//640
f 640//640 536//536 689//689
f 640//640 688//688 371//371
f 536//536 1363//1363 691//691
f 536//536 691//691 690//690
f 643//643 540//540 644//644
f 540//540 646//646 644//644
f 1363//1363 643//643 645//645
f 645//645 643//643 644//644
f 646//646 540//540 542//542
f 647//647 1343//1343 642//642
f 646//646 1343//1343 647//647
f 648//648 653//653 649//649
f 648//648 662//662 1371//1371
f 649//649 702//702 648//648
f 660//660 1393//1393 1366//1366
f 650//650 548//548 652//652
f 665//665 652//652 664//664
f 651//651 1344//1344 650//650
f 654//654 651//651 650//650
f 655//655 654//654 650//650
f 655//655 650//650 652//652
f 654//654 1368//1368 651//651
f 1368//1368 1344//1344 651//651
f 666//666 655//655 652//652
f 665//665 1372//1372 1367//1367
f 1372//1372 711//711 1369//1369
f 1366//1366 1368//1368 656//656
f 656//656 1368//1368 657//657
f 1368//1368 654//654 658//658
f 657//657 1368//1368 658//658
f 658//658 654//654 655//655
f 656//656 660//660 1366//1366
f 661//661 656//656 657//657
f 1370//1370 1369//1369 711//711
f 710//710 657//657 658//658
f 1370//1370 711//711 1396//1396
f 1371//1371 1345//1345 648//648
f 653//653 648//648 1345//1345
f 660//660 656//656 661//661
f 660//660 661//661 708//708
f 720//720 663//663 721//721
f 669//669 663//663 720//720
f 1372//1372 665//665 667//667
f 711//711 1372//1372 667//667
f 667//667 671//671 672//672
f 743//743 672//672 673//673
f 663//663 669//669 668//668
f 668//668 669//669 575//575
f 575//575 669//669 670//670
f 674//674 575//575 670//670
f 720//720 670//670 669//669
f 750//750 749//749 670//670
f 748//748 674//674 670//670
f 755//755 674//674 748//748
f 590//590 673//673 671//671
f 673//673 672//672 671//671
f 673//673 590//590 675//675
f 753//753 675//675 758//758
f 682//682 676//676 675//675
f 675//675 676//676 758//758
f 674//674 679//679 677//677
f 678//678 681//681 677//677
f 680//680 1377//1377 1373//1373
f 679//679 678//678 677//677
f 1374//1374 759//759 1375//1375
f 679//679 759//759 1374//1374
f 1415//1415 758//758 1376//1376
f 1376//1376 758//758 676//676
f 675//675 590//590 682//682
f 681//681 597//597 586//586
f 681//681 1378//1378 597//597
f 1379//1379 1377//1377 680//680
f 676//676 682//682 1376//1376
f 590//590 1380//1380 682//682
f 683//683 597//597 1378//1378
f 684//684 685//685 636//636
f 685//685 637//637 636//636
f 760//760 685//685 684//684
f 760//760 761//761 685//685
f 761//761 637//637 685//685
f 637//637 761//761 527//527
f 528//528 763//763 638//638
f 638//638 763//763 686//686
f 765//765 530//530 687//687
f 687//687 686//686 766//766
f 766//766 765//765 687//687
f 686//686 763//763 766//766
f 767//767 371//371 688//688
f 690//690 689//689 536//536
f 780//780 690//690 691//691
f 689//689 690//690 780//780
f 782//782 691//691 781//781
f 1363//1363 781//781 691//691
f 1363//1363 645//645 785//785
f 647//647 796//796 646//646
f 642//642 1053//1053 647//647
f 646//646 796//796 797//797
f 646//646 797//797 644//644
f 645//645 644//644 1431//1431
f 695//695 693//693 692//692
f 1381//1381 694//694 696//696
f 692//692 697//697 695//695
f 1381//1381 696//696 1385//1385
f 1384//1384 808//808 1382//1382
f 694//694 1381//1381 1383//1383
f 808//808 1384//1384 1386//1386
f 698//698 696//696 699//699
f 696//696 698//698 1385//1385
f 787//787 696//696 694//694
f 696//696 701//701 699//699
f 809//809 1391//1391 696//696
f 810//810 809//809 811//811
f 1388//1388 1389//1389 814//814
f 700//700 814//814 1389//1389
f 700//700 1389//1389 706//706
f 700//700 706//706 718//718
f 700//700 820//820 814//814
f 1392//1392 1364//1364 1390//1390
f 1394//1394 1389//1389 1365//1365
f 660//660 703//703 1393//1393
f 703//703 660//660 708//708
f 809//809 648//648 1391//1391
f 703//703 1389//1389 1394//1394
f 703//703 708//708 704//704
f 708//708 712//712 704//704
f 1389//1389 703//703 704//704
f 704//704 705//705 1389//1389
f 705//705 704//704 712//712
f 705//705 718//718 706//706
f 1389//1389 705//705 706//706
f 820//820 700//700 823//823
f 718//718 823//823 700//700
f 810//810 662//662 809//809
f 648//648 809//809 662//662
f 810//810 719//719 663//663
f 663//663 662//662 810//810
f 719//719 810//810 815//815
f 661//661 707//707 708//708
f 661//661 657//657 709//709
f 661//661 709//709 707//707
f 657//657 710//710 709//709
f 712//712 708//708 707//707
f 714//714 709//709 710//710
f 707//707 709//709 714//714
f 713//713 712//712 707//707
f 713//713 707//707 714//714
f 715//715 714//714 710//710
f 711//711 1398//1398 1396//1396
f 1395//1395 1397//1397 716//716
f 716//716 1397//1397 713//713
f 716//716 713//713 714//714
f 716//716 714//714 717//717
f 717//717 714//714 715//715
f 1395//1395 716//716 1403//1403
f 1403//1403 716//716 1399//1399
f 1400//1400 1398//1398 711//711
f 1400//1400 711//711 822//822
f 823//823 718//718 1401//1401
f 722//722 663//663 719//719
f 722//722 721//721 663//663
f 719//719 730//730 722//722
f 720//720 721//721 726//726
f 721//721 722//722 725//725
f 1407//1407 721//721 725//725
f 750//750 720//720 726//726
f 723//723 729//729 724//724
f 724//724 729//729 727//727
f 1404//1404 1405//1405 725//725
f 722//722 730//730 723//723
f 725//725 728//728 1407//1407
f 751//751 1407//1407 728//728
f 751//751 750//750 1407//1407
f 723//723 730//730 729//729
f 1406//1406 728//728 1405//1405
f 727//727 728//728 1406//1406
f 1405//1405 728//728 725//725
f 730//730 818//818 1408//1408
f 818//818 734//734 1408//1408
f 729//729 731//731 727//727
f 731//731 732//732 727//727
f 1408//1408 734//734 1409//1409
f 735//735 1409//1409 734//734
f 1410//1410 1409//1409 735//735
f 733//733 728//728 727//727
f 727//727 732//732 733//733
f 733//733 736//736 751//751
f 732//732 736//736 733//733
f 733//733 1413//1413 728//728
f 735//735 826//826 1410//1410
f 822//822 711//711 667//667
f 741//741 1444//1444 738//738
f 743//743 667//667 672//672
f 738//738 667//667 737//737
f 667//667 743//743 737//737
f 738//738 1444//1444 667//667
f 739//739 738//738 737//737
f 739//739 737//737 745//745
f 745//745 737//737 743//743
f 742//742 738//738 739//739
f 745//745 740//740 739//739
f 740//740 745//745 746//746
f 738//738 742//742 741//741
f 739//739 740//740 831//831
f 829//829 1444//1444 741//741
f 829//829 741//741 830//830
f 831//831 830//830 742//742
f 742//742 830//830 741//741
f 831//831 742//742 739//739
f 743//743 673//673 744//744
f 746//746 745//745 743//743
f 743//743 744//744 746//746
f 744//744 754//754 746//746
f 740//740 746//746 747//747
f 754//754 747//747 746//746
f 831//831 740//740 747//747
f 831//831 747//747 834//834
f 670//670 720//720 750//750
f 748//748 670//670 749//749
f 755//755 748//748 749//749
f 749//749 752//752 755//755
f 750//750 752//752 749//749
f 750//750 751//751 752//752
f 752//752 837//837 757//757
f 675//675 753//753 673//673
f 753//753 744//744 673//673
f 753//753 754//754 744//744
f 754//754 834//834 747//747
f 864//864 754//754 753//753
f 864//864 753//753 758//758
f 755//755 756//756 674//674
f 674//674 756//756 679//679
f 752//752 757//757 755//755
f 756//756 755//755 757//757
f 756//756 1414//1414 850//850
f 864//864 758//758 866//866
f 866//866 758//758 1415//1415
f 874//874 761//761 760//760
f 684//684 869//869 760//760
f 869//869 684//684 870//870
f 761//761 762//762 527//527
f 528//528 527//527 764//764
f 762//762 764//764 527//527
f 764//764 762//762 876//876
f 878//878 766//766 763//763
f 878//878 879//879 766//766
f 764//764 763//763 528//528
f 763//763 764//764 877//877
f 882//882 765//765 766//766
f 1458//1458 639//639 765//765
f 766//766 1457//1457 882//882
f 1029//1029 873//873 371//371
f 768//768 371//371 767//767
f 775//775 768//768 767//767
f 371//371 769//769 1029//1029
f 769//769 768//768 770//770
f 371//371 768//768 769//769
f 768//768 775//775 770//770
f 769//769 771//771 1029//1029
f 771//771 769//769 770//770
f 771//771 770//770 775//775
f 1497//1497 771//771 777//777
f 639//639 885//885 772//772
f 778//778 639//639 772//772
f 1416//1416 642//642 639//639
f 1458//1458 885//885 639//639
f 767//767 688//688 773//773
f 767//767 774//774 775//775
f 774//774 767//767 773//773
f 773//773 776//776 774//774
f 774//774 776//776 775//775
f 776//776 773//773 688//688
f 771//771 775//775 777//777
f 775//775 776//776 777//777
f 1417//1417 779//779 642//642
f 778//778 889//889 1418//1418
f 688//688 689//689 888//888
f 891//891 689//689 780//780
f 891//891 888//888 689//689
f 888//888 776//776 688//688
f 642//642 779//779 1053//1053
f 891//891 780//780 894//894
f 780//780 691//691 782//782
f 783//783 780//780 782//782
f 1419//1419 789//789 1421//1421
f 894//894 780//780 783//783
f 782//782 784//784 783//783
f 784//784 1422//1422 1426//1426
f 893//893 784//784 1426//1426
f 783//783 892//892 894//894
f 784//784 892//892 783//783
f 781//781 1363//1363 785//785
f 792//792 781//781 785//785
f 785//785 793//793 786//786
f 902//902 793//793 794//794
f 926//926 786//786 902//902
f 786//786 793//793 902//902
f 902//902 794//794 925//925
f 1053//1053 796//796 647//647
f 1427//1427 1423//1423 910//910
f 787//787 788//788 696//696
f 1419//1419 1424//1424 789//789
f 1428//1428 788//788 787//787
f 911//911 1427//1427 910//910
f 1420//1420 791//791 1425//1425
f 1429//1429 790//790 788//788
f 788//788 790//790 696//696
f 696//696 790//790 809//809
f 792//792 791//791 1420//1420
f 1429//1429 812//812 790//790
f 790//790 812//812 809//809
f 792//792 785//785 786//786
f 792//792 912//912 791//791
f 915//915 912//912 792//792
f 794//794 785//785 645//645
f 785//785 794//794 793//793
f 794//794 927//927 925//925
f 794//794 645//645 795//795
f 929//929 795//795 1431//1431
f 645//645 1431//1431 795//795
f 1053//1053 934//934 1430//1430
f 934//934 1431//1431 1430//1430
f 935//935 804//804 805//805
f 935//935 805//805 813//813
f 799//799 1383//1383 798//798
f 807//807 1383//1383 799//799
f 800//800 1432//1432 808//808
f 802//802 800//800 808//808
f 1432//1432 1382//1382 808//808
f 1433//1433 801//801 799//799
f 801//801 807//807 799//799
f 798//798 1433//1433 799//799
f 800//800 802//802 1436//1436
f 1435//1435 801//801 1433//1433
f 1433//1433 1437//1437 1435//1435
f 1438//1438 1434//1434 1439//1439
f 1440//1440 802//802 808//808
f 1435//1435 803//803 801//801
f 1435//1435 806//806 803//803
f 806//806 1463//1463 803//803
f 806//806 1435//1435 936//936
f 694//694 1383//1383 787//787
f 807//807 787//787 1383//1383
f 807//807 801//801 787//787
f 1440//1440 808//808 814//814
f 803//803 787//787 801//801
f 1441//1441 808//808 1386//1386
f 809//809 812//812 811//811
f 938//938 810//810 811//811
f 937//937 811//811 812//812
f 817//817 810//810 938//938
f 814//814 1387//1387 1388//1388
f 1440//1440 814//814 820//820
f 815//815 810//810 817//817
f 816//816 815//815 817//817
f 951//951 816//816 1442//1442
f 816//816 951//951 824//824
f 951//951 1442//1442 1469//1469
f 951//951 1469//1469 948//948
f 719//719 815//815 818//818
f 818//818 730//730 719//719
f 818//818 815//815 816//816
f 816//816 819//819 818//818
f 819//819 816//816 824//824
f 820//820 821//821 1440//1440
f 1445//1445 821//821 820//820
f 1443//1443 1446//1446 955//955
f 955//955 1446//1446 954//954
f 1446//1446 970//970 954//954
f 969//969 1443//1443 955//955
f 1447//1447 1402//1402 1444//1444
f 1484//1484 1444//1444 832//832
f 1447//1447 1444//1444 1484//1484
f 951//951 976//976 824//824
f 734//734 819//819 824//824
f 1485//1485 966//966 1448//1448
f 734//734 818//818 819//819
f 1450//1450 734//734 824//824
f 734//734 1450//1450 735//735
f 825//825 1410//1410 826//826
f 825//825 1411//1411 1410//1410
f 1449//1449 827//827 1412//1412
f 1449//1449 1450//1450 827//827
f 1412//1412 827//827 836//836
f 751//751 736//736 835//835
f 1412//1412 836//836 835//835
f 1450//1450 828//828 827//827
f 839//839 827//827 828//828
f 828//828 1450//1450 824//824
f 966//966 1451//1451 1448//1448
f 827//827 839//839 1452//1452
f 1440//1440 821//821 1482//1482
f 832//832 829//829 830//830
f 830//830 831//831 832//832
f 831//831 834//834 833//833
f 1444//1444 829//829 832//832
f 832//832 831//831 833//833
f 972//972 833//833 834//834
f 1484//1484 832//832 833//833
f 833//833 971//971 1484//1484
f 972//972 971//971 833//833
f 981//981 972//972 834//834
f 752//752 751//751 835//835
f 1451//1451 966//966 1453//1453
f 835//835 837//837 752//752
f 835//835 836//836 837//837
f 837//837 838//838 757//757
f 1452//1452 839//839 840//840
f 837//837 836//836 1454//1454
f 837//837 1454//1454 841//841
f 838//838 837//837 841//841
f 838//838 845//845 851//851
f 966//966 842//842 1453//1453
f 839//839 1455//1455 840//840
f 843//843 840//840 1455//1455
f 843//843 844//844 840//840
f 844//844 841//841 1454//1454
f 844//844 845//845 841//841
f 845//845 838//838 841//841
f 966//966 846//846 842//842
f 847//847 845//845 844//844
f 847//847 851//851 845//845
f 847//847 853//853 851//851
f 843//843 842//842 846//846
f 843//843 846//846 844//844
f 846//846 848//848 847//847
f 844//844 846//846 847//847
f 856//856 847//847 848//848
f 847//847 856//856 853//853
f 1456//1456 846//846 966//966
f 861//861 1456//1456 966//966
f 848//848 861//861 856//856
f 754//754 864//864 834//834
f 834//834 864//864 981//981
f 982//982 981//981 864//864
f 865//865 849//849 864//864
f 849//849 982//982 864//864
f 865//865 983//983 849//849
f 679//679 756//756 850//850
f 757//757 838//838 851//851
f 757//757 851//851 852//852
f 851//851 854//854 852//852
f 1414//1414 855//855 850//850
f 851//851 853//853 854//854
f 859//859 852//852 854//854
f 855//855 1414//1414 852//852
f 860//860 850//850 855//855
f 853//853 857//857 854//854
f 857//857 858//858 854//854
f 859//859 854//854 858//858
f 855//855 852//852 859//859
f 853//853 856//856 857//857
f 862//862 858//858 857//857
f 859//859 858//858 862//862
f 855//855 859//859 863//863
f 991//991 856//856 861//861
f 856//856 991//991 857//857
f 991//991 862//862 857//857
f 862//862 863//863 859//859
f 862//862 993//993 863//863
f 865//865 864//864 866//866
f 996//996 865//865 866//866
f 983//983 865//865 996//996
f 1000//1000 996//996 866//866
f 1001//1001 1000//1000 866//866
f 866//866 1008//1008 1001//1001
f 679//679 1008//1008 759//759
f 1415//1415 1008//1008 866//866
f 679//679 850//850 867//867
f 679//679 867//867 1008//1008
f 850//850 860//860 1015//1015
f 867//867 850//850 868//868
f 850//850 1015//1015 868//868
f 1008//1008 867//867 868//868
f 1015//1015 860//860 1014//1014
f 1014//1014 860//860 855//855
f 863//863 1014//1014 855//855
f 870//870 872//872 869//869
f 872//872 871//871 869//869
f 760//760 869//869 871//871
f 760//760 871//871 874//874
f 870//870 873//873 872//872
f 872//872 1019//1019 871//871
f 874//874 762//762 761//761
f 874//874 875//875 762//762
f 875//875 876//876 762//762
f 871//871 875//875 874//874
f 876//876 881//881 764//764
f 764//764 881//881 877//877
f 878//878 763//763 877//877
f 878//878 877//877 880//880
f 877//877 1022//1022 880//880
f 879//879 878//878 880//880
f 1022//1022 879//879 880//880
f 1457//1457 1495//1495 882//882
f 1026//1026 1027//1027 1458//1458
f 772//772 883//883 778//778
f 885//885 886//886 883//883
f 772//772 885//885 883//883
f 778//778 883//883 884//884
f 883//883 886//886 884//884
f 889//889 778//778 884//884
f 1027//1027 886//886 1458//1458
f 885//885 1458//1458 886//886
f 776//776 888//888 777//777
f 777//777 888//888 887//887
f 1497//1497 777//777 887//887
f 889//889 1053//1053 779//779
f 886//886 889//889 884//884
f 889//889 886//886 1053//1053
f 890//890 888//888 891//891
f 1042//1042 888//888 890//890
f 900//900 1038//1038 890//890
f 784//784 896//896 892//892
f 896//896 784//784 895//895
f 893//893 895//895 784//784
f 893//893 897//897 895//895
f 895//895 897//897 896//896
f 893//893 1426//1426 1464//1464
f 1464//1464 897//897 893//893
f 898//898 892//892 896//896
f 899//899 1459//1459 896//896
f 899//899 896//896 897//897
f 897//897 1464//1464 899//899
f 894//894 892//892 900//900
f 900//900 892//892 898//898
f 1050//1050 900//900 1460//1460
f 1462//1462 1500//1500 1461//1461
f 894//894 890//890 891//891
f 1049//1049 1500//1500 1462//1462
f 900//900 890//890 894//894
f 906//906 921//921 905//905
f 901//901 921//921 906//906
f 906//906 909//909 901//901
f 909//909 1052//1052 901//901
f 903//903 902//902 904//904
f 904//904 902//902 925//925
f 926//926 902//902 905//905
f 902//902 903//903 905//905
f 906//906 903//903 907//907
f 903//903 904//904 907//907
f 903//903 906//906 905//905
f 930//930 904//904 925//925
f 907//907 904//904 908//908
f 1046//1046 909//909 907//907
f 907//907 908//908 1046//1046
f 907//907 909//909 906//906
f 930//930 908//908 904//904
f 1046//1046 908//908 1047//1047
f 930//930 933//933 908//908
f 1054//1054 934//934 1053//1053
f 1463//1463 787//787 803//803
f 1465//1465 1049//1049 1462//1462
f 792//792 913//913 915//915
f 792//792 786//786 913//913
f 1429//1429 912//912 812//812
f 786//786 926//926 914//914
f 913//913 914//914 915//915
f 786//786 914//914 913//913
f 912//912 915//915 916//916
f 812//812 912//912 916//916
f 916//916 937//937 812//812
f 919//919 914//914 918//918
f 926//926 918//918 914//914
f 919//919 915//915 914//914
f 917//917 915//915 919//919
f 917//917 916//916 915//915
f 917//917 1468//1468 916//916
f 905//905 918//918 926//926
f 919//919 920//920 917//917
f 921//921 918//918 905//905
f 918//918 921//921 919//919
f 941//941 920//920 919//919
f 941//941 940//940 920//920
f 921//921 901//901 922//922
f 921//921 922//922 919//919
f 919//919 922//922 941//941
f 922//922 901//901 1052//1052
f 922//922 924//924 941//941
f 924//924 943//943 941//941
f 1052//1052 1058//1058 922//922
f 922//922 1062//1062 923//923
f 924//924 923//923 1063//1063
f 922//922 923//923 924//924
f 1070//1070 924//924 1063//1063
f 924//924 1070//1070 943//943
f 928//928 927//927 794//794
f 928//928 794//794 795//795
f 929//929 928//928 795//795
f 930//930 925//925 927//927
f 927//927 928//928 930//930
f 928//928 929//929 931//931
f 931//931 929//929 932//932
f 929//929 1431//1431 932//932
f 932//932 1431//1431 934//934
f 931//931 930//930 928//928
f 930//930 931//931 933//933
f 932//932 933//933 931//931
f 1054//1054 932//932 934//934
f 1502//1502 933//933 932//932
f 946//946 1466//1466 952//952
f 806//806 936//936 1463//1463
f 936//936 1435//1435 1467//1467
f 936//936 1467//1467 946//946
f 936//936 946//946 1064//1064
f 1463//1463 936//936 1064//1064
f 1465//1465 1463//1463 1055//1055
f 1463//1463 1064//1064 1055//1055
f 1055//1055 1049//1049 1465//1465
f 811//811 937//937 1470//1470
f 1468//1468 917//917 939//939
f 1469//1469 1468//1468 939//939
f 939//939 948//948 1469//1469
f 920//920 939//939 917//917
f 949//949 939//939 940//940
f 939//939 949//949 948//948
f 920//920 940//940 939//939
f 941//941 942//942 940//940
f 942//942 944//944 940//940
f 949//949 940//940 944//944
f 941//941 943//943 942//942
f 944//944 942//942 1070//1070
f 1070//1070 942//942 943//943
f 1071//1071 944//944 1070//1070
f 1071//1071 1072//1072 944//944
f 1072//1072 949//949 944//944
f 949//949 1509//1509 950//950
f 952//952 1466//1466 945//945
f 1471//1471 935//935 813//813
f 946//946 952//952 1064//1064
f 1064//1064 952//952 1074//1074
f 947//947 948//948 950//950
f 1509//1509 947//947 950//950
f 951//951 948//948 947//947
f 948//948 949//949 950//950
f 952//952 945//945 968//968
f 1440//1440 967//967 1472//1472
f 967//967 1480//1480 1472//1472
f 1074//1074 952//952 953//953
f 953//953 952//952 1481//1481
f 1084//1084 1074//1074 953//953
f 1514//1514 953//953 1481//1481
f 1474//1474 957//957 956//956
f 1474//1474 1473//1473 957//957
f 1473//1473 1484//1484 957//957
f 1475//1475 956//956 1090//1090
f 964//964 956//956 957//957
f 964//964 959//959 956//956
f 958//958 959//959 964//964
f 956//956 959//959 960//960
f 960//960 1090//1090 956//956
f 959//959 958//958 1078//1078
f 1078//1078 958//958 1082//1082
f 1076//1076 960//960 959//959
f 957//957 1484//1484 961//961
f 957//957 962//962 964//964
f 1478//1478 1476//1476 965//965
f 957//957 961//961 962//962
f 963//963 947//947 1081//1081
f 1477//1477 1511//1511 1479//1479
f 965//965 963//963 1478//1478
f 963//963 965//965 947//947
f 1082//1082 1479//1479 1511//1511
f 964//964 1082//1082 958//958
f 976//976 951//951 965//965
f 951//951 947//947 965//965
f 965//965 1476//1476 976//976
f 979//979 967//967 978//978
f 967//967 1440//1440 1482//1482
f 1482//1482 978//978 967//967
f 1483//1483 980//980 1487//1487
f 1516//1516 1491//1491 969//969
f 955//955 1516//1516 969//969
f 960//960 1089//1089 1090//1090
f 1484//1484 971//971 961//961
f 973//973 961//961 971//971
f 974//974 973//973 971//971
f 974//974 971//971 972//972
f 974//974 1486//1486 973//973
f 1486//1486 961//961 973//973
f 962//962 961//961 1486//1486
f 1485//1485 975//975 966//966
f 966//966 975//975 977//977
f 1485//1485 982//982 975//975
f 1486//1486 974//974 982//982
f 985//985 977//977 975//975
f 982//982 985//985 975//975
f 966//966 977//977 989//989
f 966//966 989//989 994//994
f 1488//1488 1487//1487 980//980
f 1098//1098 1489//1489 1492//1492
f 974//974 972//972 981//981
f 982//982 974//974 981//981
f 849//849 984//984 982//982
f 986//986 984//984 849//849
f 983//983 986//986 849//849
f 983//983 997//997 986//986
f 982//982 984//984 985//985
f 984//984 987//987 1493//1493
f 987//987 984//984 986//986
f 988//988 987//987 986//986
f 988//988 986//986 997//997
f 989//989 977//977 985//985
f 989//989 985//985 1494//1494
f 1494//1494 988//988 989//989
f 989//989 988//988 999//999
f 997//997 999//999 988//988
f 989//989 1004//1004 1005//1005
f 989//989 999//999 1004//1004
f 989//989 1005//1005 994//994
f 994//994 1005//1005 990//990
f 966//966 992//992 861//861
f 994//994 992//992 966//966
f 992//992 991//991 861//861
f 862//862 991//991 993//993
f 993//993 995//995 863//863
f 992//992 993//993 991//991
f 993//993 992//992 994//994
f 994//994 990//990 995//995
f 994//994 995//995 993//993
f 997//997 983//983 996//996
f 998//998 997//997 996//996
f 999//999 997//997 998//998
f 998//998 1006//1006 999//999
f 1001//1001 1008//1008 1009//1009
f 996//996 1000//1000 998//998
f 998//998 1000//1000 1002//1002
f 1000//1000 1001//1001 1002//1002
f 1002//1002 1001//1001 1003//1003
f 1003//1003 1001//1001 1009//1009
f 1012//1012 1003//1003 1009//1009
f 998//998 1002//1002 1006//1006
f 1007//1007 1003//1003 1013//1013
f 999//999 1006//1006 1004//1004
f 1005//1005 1006//1006 1007//1007
f 1006//1006 1003//1003 1007//1007
f 1006//1006 1002//1002 1003//1003
f 1006//1006 1005//1005 1004//1004
f 1012//1012 868//868 1015//1015
f 1016//1016 1012//1012 1015//1015
f 1008//1008 868//868 1009//1009
f 1009//1009 868//868 1012//1012
f 995//995 1010//1010 1016//1016
f 1011//1011 1012//1012 1016//1016
f 1010//1010 990//990 1011//1011
f 1011//1011 990//990 1013//1013
f 995//995 990//990 1010//1010
f 1011//1011 1016//1016 1010//1010
f 1003//1003 1012//1012 1013//1013
f 1011//1011 1013//1013 1012//1012
f 1007//1007 990//990 1005//1005
f 1007//1007 1013//1013 990//990
f 995//995 1014//1014 863//863
f 1016//1016 1015//1015 1014//1014
f 1014//1014 995//995 1016//1016
f 1019//1019 872//872 1017//1017
f 1017//1017 872//872 873//873
f 871//871 1018//1018 875//875
f 1029//1029 1017//1017 873//873
f 1018//1018 871//871 1019//1019
f 1020//1020 1021//1021 1018//1018
f 1021//1021 875//875 1018//1018
f 1103//1103 1019//1019 1017//1017
f 1029//1029 1103//1103 1017//1017
f 1018//1018 1019//1019 1020//1020
f 1020//1020 1019//1019 1528//1528
f 1528//1528 1023//1023 1020//1020
f 1023//1023 1021//1021 1020//1020
f 1021//1021 876//876 875//875
f 876//876 1021//1021 1024//1024
f 1495//1495 1496//1496 882//882
f 1024//1024 1021//1021 1023//1023
f 881//881 1025//1025 877//877
f 1025//1025 881//881 1104//1104
f 1025//1025 1022//1022 877//877
f 1026//1026 1022//1022 1028//1028
f 1028//1028 1022//1022 1025//1025
f 1030//1030 1024//1024 1023//1023
f 1024//1024 1031//1031 876//876
f 1031//1031 1024//1024 1030//1030
f 881//881 876//876 1031//1031
f 881//881 1031//1031 1104//1104
f 1026//1026 1028//1028 1105//1105
f 1033//1033 1103//1103 1029//1029
f 1030//1030 1036//1036 1031//1031
f 888//888 1032//1032 887//887
f 1497//1497 887//887 1032//1032
f 1033//1033 1029//1029 1032//1032
f 1106//1106 1034//1034 1030//1030
f 1034//1034 1045//1045 1030//1030
f 1035//1035 1045//1045 1034//1034
f 1106//1106 1035//1035 1034//1034
f 1106//1106 1498//1498 1035//1035
f 1030//1030 1045//1045 1036//1036
f 1031//1031 1036//1036 1037//1037
f 888//888 1042//1042 1040//1040
f 1032//1032 888//888 1040//1040
f 1040//1040 1041//1041 1032//1032
f 1041//1041 1033//1033 1032//1032
f 1045//1045 1052//1052 1036//1036
f 1037//1037 1036//1036 1047//1047
f 1111//1111 1053//1053 1027//1027
f 1027//1027 1053//1053 886//886
f 1038//1038 900//900 1050//1050
f 1038//1038 1050//1050 1039//1039
f 1044//1044 1042//1042 890//890
f 1038//1038 1044//1044 890//890
f 1039//1039 1044//1044 1038//1038
f 1040//1040 1042//1042 1041//1041
f 1041//1041 1043//1043 1498//1498
f 1042//1042 1044//1044 1041//1041
f 1041//1041 1044//1044 1043//1043
f 1044//1044 1039//1039 1043//1043
f 1035//1035 1498//1498 1043//1043
f 1045//1045 1035//1035 1043//1043
f 1045//1045 1043//1043 1039//1039
f 1052//1052 909//909 1046//1046
f 1036//1036 1052//1052 1046//1046
f 1036//1036 1046//1046 1047//1047
f 1047//1047 908//908 933//933
f 1047//1047 1110//1110 1037//1037
f 1110//1110 1047//1047 933//933
f 1048//1048 1502//1502 1112//1112
f 1053//1053 1111//1111 1054//1054
f 1054//1054 1111//1111 1531//1531
f 1050//1050 1045//1045 1039//1039
f 1045//1045 1051//1051 1052//1052
f 1050//1050 1499//1499 1045//1045
f 1045//1045 1499//1499 1051//1051
f 1049//1049 1065//1065 1056//1056
f 1052//1052 1051//1051 1058//1058
f 933//933 1048//1048 1110//1110
f 1502//1502 1048//1048 933//933
f 1065//1065 1049//1049 1055//1055
f 1055//1055 1064//1064 1065//1065
f 1049//1049 1056//1056 1501//1501
f 1051//1051 1503//1503 1061//1061
f 1061//1061 1503//1503 1057//1057
f 1057//1057 1068//1068 1060//1060
f 1057//1057 1503//1503 1505//1505
f 1060//1060 1058//1058 1059//1059
f 1058//1058 1060//1060 922//922
f 922//922 1060//1060 1062//1062
f 1060//1060 1066//1066 1062//1062
f 1067//1067 1062//1062 1066//1066
f 1063//1063 1062//1062 1067//1067
f 1059//1059 1058//1058 1061//1061
f 1057//1057 1059//1059 1061//1061
f 1060//1060 1059//1059 1057//1057
f 1066//1066 1060//1060 1068//1068
f 1061//1061 1058//1058 1051//1051
f 923//923 1062//1062 1063//1063
f 1504//1504 1125//1125 1506//1506
f 1068//1068 1057//1057 1505//1505
f 1072//1072 1071//1071 1067//1067
f 1069//1069 1067//1067 1066//1066
f 1069//1069 1066//1066 1068//1068
f 1508//1508 1072//1072 1067//1067
f 1069//1069 1068//1068 1505//1505
f 1063//1063 1067//1067 1070//1070
f 1067//1067 1071//1071 1070//1070
f 1074//1074 1073//1073 1064//1064
f 947//947 1080//1080 1511//1511
f 947//947 1509//1509 1080//1080
f 1084//1084 1085//1085 1074//1074
f 1074//1074 1085//1085 1075//1075
f 1076//1076 959//959 1077//1077
f 960//960 1076//1076 1091//1091
f 1077//1077 959//959 1078//1078
f 1080//1080 1078//1078 1511//1511
f 1076//1076 1077//1077 1079//1079
f 1077//1077 1078//1078 1079//1079
f 1078//1078 1080//1080 1079//1079
f 1093//1093 1091//1091 1076//1076
f 1076//1076 1079//1079 1093//1093
f 1080//1080 1093//1093 1079//1079
f 1123//1123 1080//1080 1115//1115
f 1078//1078 1082//1082 1511//1511
f 1481//1481 1083//1083 1514//1514
f 1480//1480 967//967 1512//1512
f 1084//1084 1513//1513 1095//1095
f 1519//1519 1512//1512 967//967
f 1084//1084 1095//1095 1097//1097
f 1086//1086 1075//1075 1085//1085
f 1084//1084 1086//1086 1085//1085
f 1521//1521 1116//1116 1086//1086
f 1097//1097 1086//1086 1084//1084
f 1086//1086 1116//1116 1075//1075
f 1087//1087 1088//1088 1092//1092
f 1515//1515 1090//1090 1092//1092
f 1087//1087 1118//1118 1088//1088
f 1123//1123 1118//1118 1087//1087
f 1117//1117 1088//1088 1118//1118
f 1091//1091 1089//1089 960//960
f 1089//1089 1091//1091 1092//1092
f 1092//1092 1090//1090 1089//1089
f 1091//1091 1093//1093 1092//1092
f 1093//1093 1087//1087 1092//1092
f 1093//1093 1080//1080 1123//1123
f 1087//1087 1093//1093 1123//1123
f 967//967 1490//1490 1094//1094
f 1098//1098 1517//1517 1489//1489
f 1519//1519 967//967 1094//1094
f 1096//1096 1517//1517 1098//1098
f 1096//1096 1098//1098 1099//1099
f 1521//1521 1520//1520 1518//1518
f 1521//1521 1518//1518 1096//1096
f 1521//1521 1096//1096 1099//1099
f 1116//1116 1521//1521 1099//1099
f 1524//1524 1522//1522 1100//1100
f 1523//1523 1491//1491 1100//1100
f 1524//1524 1100//1100 1102//1102
f 1525//1525 1527//1527 1116//1116
f 1101//1101 1491//1491 1516//1516
f 1100//1100 1491//1491 1101//1101
f 1526//1526 1090//1090 1515//1515
f 1535//1535 1526//1526 1515//1515
f 1102//1102 1101//1101 1536//1536
f 1102//1102 1100//1100 1101//1101
f 1119//1119 1102//1102 1536//1536
f 1528//1528 1106//1106 1023//1023
f 1023//1023 1106//1106 1030//1030
f 1028//1028 1025//1025 1529//1529
f 1105//1105 1027//1027 1026//1026
f 1104//1104 1529//1529 1025//1025
f 1104//1104 1108//1108 1529//1529
f 1529//1529 1108//1108 1109//1109
f 1530//1530 1027//1027 1105//1105
f 1528//1528 1498//1498 1106//1106
f 1037//1037 1108//1108 1031//1031
f 1031//1031 1108//1108 1104//1104
f 1108//1108 1037//1037 1110//1110
f 1530//1530 1113//1113 1027//1027
f 1108//1108 1110//1110 1107//1107
f 1108//1108 1107//1107 1109//1109
f 1109//1109 1107//1107 1532//1532
f 1110//1110 1048//1048 1112//1112
f 1113//1113 1111//1111 1027//1027
f 1113//1113 1531//1531 1111//1111
f 1110//1110 1112//1112 1107//1107
f 1107//1107 1112//1112 1532//1532
f 1073//1073 1074//1074 1075//1075
f 1114//1114 1073//1073 1075//1075
f 1073//1073 1114//1114 1064//1064
f 1540//1540 1064//1064 1114//1114
f 1126//1126 1540//1540 1114//1114
f 1125//1125 1143//1143 1506//1506
f 1510//1510 1115//1115 1080//1080
f 1508//1508 1534//1534 1072//1072
f 1505//1505 1127//1127 1069//1069
f 1127//1127 1534//1534 1508//1508
f 1075//1075 1122//1122 1114//1114
f 1120//1120 1122//1122 1075//1075
f 1122//1122 1128//1128 1114//1114
f 1122//1122 1132//1132 1128//1128
f 1115//1115 1131//1131 1123//1123
f 1075//1075 1116//1116 1120//1120
f 1120//1120 1116//1116 1121//1121
f 1121//1121 1116//1116 1119//1119
f 1123//1123 1124//1124 1118//1118
f 1121//1121 1119//1119 1537//1537
f 1536//1536 1537//1537 1119//1119
f 1121//1121 1537//1537 1538//1538
f 1121//1121 1122//1122 1120//1120
f 1538//1538 1122//1122 1121//1121
f 1132//1132 1122//1122 1539//1539
f 1124//1124 1123//1123 1130//1130
f 1119//1119 1116//1116 1527//1527
f 1143//1143 1125//1125 1137//1137
f 1126//1126 1542//1542 1540//1540
f 1534//1534 1127//1127 1146//1146
f 1145//1145 1127//1127 1505//1505
f 1129//1129 1541//1541 1533//1533
f 1128//1128 1129//1129 1533//1533
f 1142//1142 1543//1543 1541//1541
f 1136//1136 1131//1131 1115//1115
f 1123//1123 1131//1131 1130//1130
f 1130//1130 1135//1135 1132//1132
f 1130//1130 1133//1133 1135//1135
f 1131//1131 1133//1133 1130//1130
f 1134//1134 1128//1128 1132//1132
f 1136//1136 1133//1133 1131//1131
f 1134//1134 1147//1147 1128//1128
f 1134//1134 1132//1132 1135//1135
f 1128//1128 1147//1147 1129//1129
f 1147//1147 1134//1134 1135//1135
f 1133//1133 1147//1147 1135//1135
f 1133//1133 1136//1136 1144//1144
f 1133//1133 1144//1144 1147//1147
f 1132//1132 1539//1539 1130//1130
f 1143//1143 1545//1545 1507//1507
f 1137//1137 1138//1138 1143//1143
f 1139//1139 1543//1543 1142//1142
f 1543//1543 1139//1139 1544//1544
f 1138//1138 1140//1140 1143//1143
f 1138//1138 1150//1150 1140//1140
f 1139//1139 1149//1149 1544//1544
f 1149//1149 1139//1139 1141//1141
f 1149//1149 1141//1141 1156//1156
f 1142//1142 1541//1541 1129//1129
f 1141//1141 1139//1139 1142//1142
f 1141//1141 1142//1142 1156//1156
f 1152//1152 1545//1545 1143//1143
f 1145//1145 1146//1146 1127//1127
f 1115//1115 1546//1546 1136//1136
f 1145//1145 1152//1152 1146//1146
f 1152//1152 1153//1153 1146//1146
f 1548//1548 1136//1136 1546//1546
f 1548//1548 1148//1148 1136//1136
f 1148//1148 1144//1144 1136//1136
f 1147//1147 1144//1144 1148//1148
f 1140//1140 1150//1150 1163//1163
f 1138//1138 1151//1151 1150//1150
f 1547//1547 1544//1544 1149//1149
f 1149//1149 1155//1155 1547//1547
f 1150//1150 1151//1151 1166//1166
f 1166//1166 1151//1151 1167//1167
f 1549//1549 1167//1167 1151//1151
f 1150//1150 1166//1166 1163//1163
f 1163//1163 1164//1164 1140//1140
f 1166//1166 1168//1168 1163//1163
f 1143//1143 1140//1140 1164//1164
f 1143//1143 1164//1164 1152//1152
f 1152//1152 1154//1154 1153//1153
f 1154//1154 1161//1161 1548//1548
f 1161//1161 1148//1148 1548//1548
f 1162//1162 1161//1161 1154//1154
f 1154//1154 1188//1188 1162//1162
f 1149//1149 1157//1157 1155//1155
f 1158//1158 1155//1155 1157//1157
f 1167//1167 1549//1549 1158//1158
f 1156//1156 1142//1142 1129//1129
f 1156//1156 1129//1129 1147//1147
f 1156//1156 1157//1157 1149//1149
f 1159//1159 1157//1157 1156//1156
f 1158//1158 1157//1157 1159//1159
f 1156//1156 1147//1147 1160//1160
f 1156//1156 1160//1160 1159//1159
f 1158//1158 1169//1169 1167//1167
f 1170//1170 1158//1158 1159//1159
f 1171//1171 1170//1170 1159//1159
f 1159//1159 1160//1160 1171//1171
f 1171//1171 1160//1160 1172//1172
f 1182//1182 1148//1148 1161//1161
f 1184//1184 1148//1148 1182//1182
f 1148//1148 1184//1184 1181//1181
f 1147//1147 1148//1148 1181//1181
f 1188//1188 1182//1182 1162//1162
f 1182//1182 1161//1161 1162//1162
f 1191//1191 1164//1164 1163//1163
f 1163//1163 1168//1168 1191//1191
f 1154//1154 1152//1152 1165//1165
f 1154//1154 1165//1165 1188//1188
f 1164//1164 1165//1165 1152//1152
f 1186//1186 1164//1164 1191//1191
f 1165//1165 1164//1164 1186//1186
f 1186//1186 1187//1187 1165//1165
f 1167//1167 1173//1173 1166//1166
f 1166//1166 1173//1173 1168//1168
f 1172//1172 1160//1160 1183//1183
f 1174//1174 1168//1168 1173//1173
f 1167//1167 1169//1169 1173//1173
f 1158//1158 1170//1170 1169//1169
f 1176//1176 1169//1169 1170//1170
f 1176//1176 1170//1170 1177//1177
f 1177//1177 1170//1170 1171//1171
f 1177//1177 1171//1171 1178//1178
f 1171//1171 1172//1172 1178//1178
f 1178//1178 1172//1172 1190//1190
f 1191//1191 1168//1168 1174//1174
f 1175//1175 1174//1174 1173//1173
f 1169//1169 1175//1175 1173//1173
f 1176//1176 1175//1175 1169//1169
f 1175//1175 1176//1176 1180//1180
f 1180//1180 1176//1176 1177//1177
f 1178//1178 1180//1180 1177//1177
f 1175//1175 1179//1179 1174//1174
f 1174//1174 1179//1179 1191//1191
f 1191//1191 1179//1179 1194//1194
f 1179//1179 1175//1175 1180//1180
f 1194//1194 1179//1179 1192//1192
f 1179//1179 1180//1180 1192//1192
f 1178//1178 1192//1192 1180//1180
f 1190//1190 1192//1192 1178//1178
f 1160//1160 1147//1147 1183//1183
f 1147//1147 1181//1181 1183//1183
f 1183//1183 1181//1181 1184//1184
f 1185//1185 1184//1184 1182//1182
f 1183//1183 1184//1184 1185//1185
f 1187//1187 1188//1188 1165//1165
f 1188//1188 1189//1189 1182//1182
f 1189//1189 1185//1185 1182//1182
f 1172//1172 1183//1183 1190//1190
f 1190//1190 1183//1183 1185//1185
f 1191//1191 1187//1187 1186//1186
f 1188//1188 1187//1187 1189//1189
f 1189//1189 1187//1187 1193//1193
f 1190//1190 1185//1185 1193//1193
f 1191//1191 1194//1194 1187//1187
f 1194//1194 1193//1193 1187//1187
f 1193//1193 1192//1192 1190//1190
f 1185//1185 1189//1189 1193//1193
f 1193//1193 1194//1194 1192//1192
