# Wavafront OBJ file of BodyParts3D
# BodyParts3D, Copyright(C) 2010-2011 The Database Center for Life Science licensed under CC Attribution-Share Alike 2.1 Japan.
vn 0.900729 -0.105187 0.421453
v 21.6107 -46.315 1096.43
vn 0.716419 -0.671035 0.190933
v 21.983 -47.2866 1094.15
vn 0.981511 0.167949 0.0918153
v 21.9541 -45.9718 1094.67
vn 0.779891 0.0155427 -0.625723
v 21.5808 -46.7529 1092.9
vn 0.634739 -0.761252 -0.132675
v 21.1852 -47.9257 1092.74
vn 0.975876 0.038755 0.214857
v 20.8813 -44.3806 1097.2
vn 0.872423 -0.266555 0.409666
v 20.7561 -42.9356 1099.29
vn 0.949558 0.301343 0.0867873
v 21.0411 -43.849 1095.89
vn 0.986631 0.128714 -0.0999599
v 20.7506 -42.3502 1096.86
vn 0.985925 0.0718976 -0.150942
v 21.8824 -45.9128 1093.55
vn 0.878748 0.441778 -0.180652
v 21.7077 -45.0658 1094.27
vn 0.979803 0.199681 0.0106439
v 20.5804 -38.1396 1101.58
vn 0.978339 -0.160157 -0.131161
v 18.9008 -79.4416 1108.31
vn 0.97456 -0.170389 0.1456
v 18.4721 -82.2867 1110.59
vn 0.973548 -0.198979 0.112298
v 19.5447 -88.596 1088.3
vn 0.740706 0.143581 0.656307
v 18.5003 -75.7759 1110.53
vn 0.958301 -0.207783 -0.196176
v 19.913 -84.6874 1085.96
vn 0.987058 -0.0857571 0.135506
v 20.8524 -80.3112 1085.91
vn 0.985655 -0.0559163 0.159242
v 18.9404 -68.8551 1107.58
vn 0.292975 0.21515 0.931599
v 18.1917 -68.1435 1108.04
vn 0.975526 -0.214081 -0.0501921
v 19.1436 -70.2958 1105.49
vn 0.885698 -0.052919 0.461235
v 20.1009 -63.7968 1106.57
vn 0.33557 -0.0431107 0.941028
v 18.9901 -64.0216 1107.41
vn 0.616631 -0.162779 -0.770239
v 19.4104 -73.8281 1083.39
vn 0.696063 0.209715 0.68667
v 19.4471 -59.6223 1107.46
vn 0.348141 -0.0894234 0.933167
v 18.84 -61.6296 1107.92
vn 0.980936 0.129277 0.145094
v 20.6033 -62.5253 1104.42
vn 0.890824 0.420959 -0.170959
v 20.5741 -62.2655 1103.76
vn 0.936687 0.325041 0.130251
v 19.8275 -59.5384 1106.36
vn 0.639173 0.541409 -0.546201
v 19.4537 -60.7961 1103.61
vn 0.720066 0.366441 -0.589259
v 18.4299 -59.8862 1103.16
vn 0.969598 0.204818 -0.133901
v 21.0146 -63.4947 1102.14
vn 0.927867 -0.274827 -0.252057
v 20.377 -64.3234 1100.27
vn 0.965357 -0.0833411 -0.247264
v 20.5029 -63.6583 1100.54
vn 0.586561 0.685109 -0.431941
v 19.6167 -61.7955 1102.41
vn 0.786308 0.539454 0.301181
v 19.2049 -61.4309 1099.51
vn 0.615469 0.684809 -0.390172
v 18.5842 -61.5774 1101.17
vn 0.551491 0.578942 -0.600569
v 18.0361 -61.3687 1102.13
vn 0.971486 0.177165 0.157567
v 18.8054 -66.7374 1089.77
vn 0.999318 -0.0308316 -0.0203062
v 18.5387 -65.9584 1091.6
vn 0.959033 0.154064 0.237739
v 20.2447 -70.0846 1086.94
vn 0.670226 0.735168 0.101612
v 18.4901 -57.6374 1107.1
vn 0.696921 0.63325 -0.336593
v 18.7207 -57.9048 1105.59
vn 0.565274 0.702813 -0.431878
v 17.7632 -57.969 1104.47
vn 0.821893 0.307084 0.479783
v 18.7305 -60.7988 1099.75
vn 0.926914 0.348119 0.140154
v 18.8026 -60.5334 1099.1
vn 0.859599 0.121552 0.496301
v 18.4354 -60.1568 1100
vn 0.829634 0.0651896 0.554488
v 18.0713 -58.8605 1100.52
vn 0.899094 0.382461 0.212965
v 18.0299 -58.403 1100.32
vn 0.740718 0.156758 0.653272
v 18.0536 -60.5384 1100.42
vn 0.768545 -0.0720527 0.635726
v 17.5326 -59.8096 1100.89
vn 0.832538 0.0443187 0.552193
v 17.685 -58.6833 1100.96
vn 0.8255 0.309466 0.471997
v 17.7294 -58.2211 1100.77
vn 0.767213 0.571975 0.290224
v 17.5867 -57.7692 1100.56
vn 0.986606 0.108411 -0.121881
v 19.6501 -62.5339 1095.65
vn 0.846922 0.407898 -0.341089
v 18.6351 -59.7052 1092.19
vn 0.761789 -0.370506 0.531416
v 18.6272 -44.2888 1101.4
vn 0.0918551 0.0420589 0.994884
v 18.1545 -44.8334 1101.44
vn -0.393627 -0.0392372 0.918433
v 18.0991 -43.7774 1101.37
vn 0.710235 -0.437648 0.551391
v 17.6836 -46.5843 1101.22
vn -0.469738 0.325104 0.820764
v 17.6394 -44.4144 1101.2
vn 0.619208 0.100138 0.778815
v 17.2238 -46.3592 1101.78
vn 0.841212 -0.170304 0.513184
v 20.2448 -45.5965 1098.22
vn 0.598539 -0.72417 0.342533
v 20.5317 -47.9673 1095.99
vn 0.57498 -0.817067 0.0424234
v 20.6372 -48.6186 1094.09
vn 0.506068 -0.117084 -0.854509
v 20.6581 -47.6731 1092.11
vn 0.248095 0.251809 -0.935436
v 18.905 -47.9881 1091.54
vn 0.57332 -0.804103 -0.157232
v 18.7553 -49.4361 1091.99
vn 0.535184 -0.84472 0.00512805
v 17.778 -50.1729 1092.41
vn 0.754065 -0.0919183 0.650337
v 19.6246 -38.318 1103.78
vn 0.0462388 -0.469235 0.881862
v 18.1668 -38.1199 1104.7
vn 0.363604 0.0429414 0.930563
v 18.1171 -37.3603 1104.91
vn -0.542216 -0.547755 0.637155
v 17.7359 -38.8637 1103.9
vn -0.308632 0.370826 0.875919
v 17.6131 -37.3411 1104.96
vn -0.780778 -0.243395 0.575452
v 17.049 -37.6031 1104.41
vn 0.446432 -0.420883 0.789656
v 19.4725 -41.8246 1101.98
vn -0.341569 -0.36912 0.864339
v 18.4739 -41.8825 1101.97
vn 0.929499 0.0973262 -0.355752
v 20.3223 -42.0495 1095.07
vn 0.861233 0.388309 -0.327862
v 20.3601 -42.7056 1094.81
vn 0.438062 0.355282 -0.825758
v 20.5062 -45.2709 1092.65
vn 0.543679 0.556948 -0.627871
v 20.3898 -43.8272 1093.66
vn 0.711248 0.371347 -0.596849
v 20.173 -42.9143 1094.34
vn 0.74003 0.0432909 -0.67118
v 19.9267 -41.8099 1094.4
vn 0.456823 0.41081 -0.789017
v 19.6518 -43.1414 1093.86
vn 0.541477 0.769946 0.337619
v 19.8744 -36.2039 1102.34
vn 0.566073 0.400204 0.720693
v 18.6098 -36.9474 1104.52
vn 0.179161 0.490486 0.852833
v 18.0966 -36.8733 1104.74
vn 0.256842 0.723211 0.641091
v 18.0869 -36.473 1104.41
vn -0.175842 0.601153 0.779548
v 17.5892 -36.647 1104.58
vn -0.15995 0.882899 0.441481
v 17.5796 -36.1093 1104.03
vn 0.230464 0.965449 0.121633
v 17.6636 -35.483 1100.81
vn -0.704661 0.412145 0.577572
v 17.0965 -36.5802 1104.25
vn -0.943343 0.242896 0.226066
v 16.2885 -36.401 1102.21
vn 0.693329 0.647478 -0.316333
v 19.4068 -37.6116 1097.47
vn 0.925225 0.332961 -0.181921
v 19.2609 -35.9283 1098.92
vn 0.341543 0.746395 -0.571176
v 18.8939 -37.2828 1097.3
vn 0.350578 0.936227 0.0239676
v 18.7517 -35.6924 1098.79
vn 0.973214 0.131005 -0.188922
v 20.4995 -40.525 1096.06
vn 0.880453 0.0238495 -0.473534
v 20.0969 -40.6826 1094.47
vn 0.856442 0.394654 -0.332799
v 19.7971 -39.1213 1094.33
vn 0.220786 0.912669 -0.343932
v 18.9622 -37.7966 1096.21
vn 0.143221 0.817172 -0.558317
v 19.0813 -38.4962 1094.02
vn -0.403358 0.656706 -0.637213
v 18.6219 -39.0216 1093.67
vn -0.504319 0.735012 -0.453233
v 18.5606 -38.4773 1094.52
vn -0.340487 0.802721 -0.489599
v 17.9269 -37.6134 1096.84
vn 0.619266 0.253484 -0.743139
v 19.2695 -39.5472 1093.39
vn 0.708968 -0.0845701 -0.700152
v 19.2247 -40.6567 1093.35
vn 0.294528 0.171083 -0.940204
v 18.7208 -40.3177 1092.92
vn 0.0259862 0.495198 -0.868391
v 18.6778 -39.6806 1093.13
vn -0.320949 0.507387 -0.799719
v 18.203 -40.0736 1093.01
vn 0.544239 -0.115956 0.830878
v 15.015 -87.733 1114.7
vn 0.835299 -0.197105 0.51325
v 16.7487 -86.5824 1113.42
vn 0.778486 -0.623785 -0.0696534
v 16.1193 -88.1318 1112.41
vn 0.186081 0.24872 0.950532
v 15.8682 -84.3313 1113.67
vn 0.875071 -0.431071 -0.220065
v 17.2675 -85.7068 1110.35
vn 0.841642 -0.422285 -0.336621
v 16.965 -84.741 1108.83
vn 0.789375 -0.566375 -0.236867
v 16.1451 -86.6313 1109.58
vn 0.826068 -0.434173 0.359312
v 18.1627 -91.7102 1089.55
vn 0.756924 -0.604702 0.247792
v 16.7501 -93.4335 1089.66
vn 0.914776 -0.235888 0.327935
v 19.0122 -87.4348 1091.04
vn 0.542865 -0.54447 -0.639414
v 17.7015 -91.8048 1088.61
vn 0.0303889 -0.337961 -0.940669
v 17.1587 -90.5266 1087.83
vn 0.1052 0.296776 0.949135
v 17.0063 -76.5791 1111.32
vn 0.983733 -0.172247 0.050997
v 16.7069 -81.222 1101.86
vn 0.599462 -0.148126 -0.786578
v 19.3371 -82.8428 1085.23
vn 0.945318 -0.24524 -0.215014
v 17.933 -70.6333 1102.29
vn 0.0208083 -0.189571 0.981646
v 16.4108 -62.8935 1107.74
vn 0.196959 0.146669 0.969379
v 17.1512 -58.3593 1108.07
vn -0.0946769 -0.0168031 0.995366
v 16.7831 -60.9729 1108.36
vn -0.350202 0.144764 0.92542
v 16.7042 -59.4181 1108.19
vn -0.200474 -0.0356333 0.979051
v 16.6519 -58.3837 1108.06
vn -0.159038 -0.119514 0.980012
v 16.6179 -57.811 1108.13
vn -0.421312 -0.0652564 0.904565
v 16.1934 -59.0298 1107.87
vn -0.342592 0.35513 0.869778
v 15.7516 -60.1256 1107.9
vn -0.256786 -0.19696 0.946186
v 15.6331 -57.9582 1107.88
vn -0.209957 0.488022 0.847203
v 15.26 -60.2053 1107.76
vn -0.263813 0.427261 0.864784
v 15.2494 -59.7988 1107.44
vn -0.140465 -0.32303 0.935907
v 15.1989 -58.8784 1107.43
vn -0.335684 -0.0574096 0.940224
v 15.2276 -59.3124 1107.3
vn -0.0771454 -0.0990092 0.992092
v 14.8461 -61.8306 1107.82
vn -0.120527 0.184286 0.975455
v 14.7838 -60.7254 1107.86
vn -0.346639 -0.18792 0.918982
v 14.6513 -58.1725 1107.64
vn -0.0446137 0.474748 0.87899
v 14.2648 -60.2786 1107.68
vn -0.130651 0.372045 0.918974
v 14.2332 -59.3918 1107.21
vn -0.326342 0.464483 0.82326
v 13.7185 -58.9759 1106.96
vn 0.822304 0.450906 -0.34713
v 17.5509 -61.2346 1101.5
vn 0.773123 0.249825 -0.582982
v 17.3549 -60.3421 1102.2
vn 0.693157 0.536884 -0.480925
v 18.6891 -69.8915 1083.49
vn 0.0496874 -0.126511 -0.99072
v 16.2029 -69.821 1082.86
vn 0.298226 0.947593 0.114579
v 16.5846 -56.9119 1107.69
vn 0.358835 0.918512 -0.166053
v 16.6523 -56.6662 1105.48
vn -0.0418679 0.57425 0.817609
v 14.5898 -57.1102 1107.73
vn -0.0558772 0.69613 0.715738
v 14.0741 -56.273 1106.87
vn -0.539512 -0.0171418 0.841804
v 13.6227 -57.3011 1107.06
vn 0.814486 -0.0842316 -0.574037
v 17.3865 -58.5645 1101.98
vn 0.920441 0.202378 0.334413
v 17.398 -58.4581 1101.51
vn 0.782037 0.536785 0.31667
v 16.9958 -57.8646 1101.66
vn 0.208203 0.977999 -0.0130073
v 15.3282 -56.5674 1104.81
vn 0.93042 0.161418 -0.329032
v 17.0762 -60.0961 1101.53
vn 0.888632 -0.120023 0.442638
v 17.4427 -59.1068 1101.26
vn 0.505605 0.319527 -0.801415
v 16.9568 -60.8789 1089.87
vn 0.986002 0.14512 -0.0821043
v 18.175 -64.6448 1089.63
vn 0.62571 0.583732 -0.517439
v 17.2196 -64.5308 1088.18
vn 0.372817 0.552049 -0.745821
v 16.1149 -62.8759 1088.5
vn 0.44684 0.704749 -0.551057
v 16.0428 -67.6817 1084.02
vn 0.542362 0.174751 0.82177
v 14.0231 -47.2167 1112.71
vn 0.49691 0.00268946 0.867798
v 13.8813 -47.6878 1112.91
vn 0.714445 -0.691656 0.10574
v 14.6664 -49.353 1107.67
vn 0.637373 0.67662 0.368702
v 13.5903 -54.752 1104.13
vn 0.839132 -0.525977 0.138583
v 12.9523 -51.4326 1106.83
vn 0.931146 -0.206681 0.300416
v 13.0315 -51.5008 1104.14
vn 0.88193 0.0338308 0.470164
v 14.9146 -52.3263 1100.79
vn 0.71258 0.662364 0.231309
v 16.4883 -56.4502 1099.93
vn 0.897605 0.440665 0.0109278
v 16.797 -56.3074 1097.71
vn 0.9034 0.343546 -0.256602
v 16.458 -56.534 1093.43
vn -0.0847514 0.26711 -0.959932
v 14.3662 -59.2752 1089.79
vn 0.346302 0.933286 0.0951416
v 13.3476 -46.8028 1112.47
vn 0.192353 0.973134 -0.126532
v 12.9247 -46.7524 1110.27
vn 0.950866 0.133672 0.279261
v 15.6844 -48.2528 1108.9
vn 0.355272 0.934532 -0.0207772
v 15.5316 -47.3417 1108.5
vn 0.976319 0.199996 0.082482
v 15.6883 -47.7299 1107.58
vn 0.850367 -0.525663 -0.0235249
v 15.2101 -48.3514 1106.19
vn 0.136851 0.988923 -0.0574724
v 15.023 -47.2224 1108.42
vn 0.873147 0.48088 0.0798084
v 15.1198 -47.6512 1106.43
vn 0.340995 0.939887 -0.0182677
v 14.5797 -47.138 1106.72
vn 0.801586 -0.376714 0.46427
v 16.2601 -47.6628 1102.68
vn 0.949373 0.185019 0.253886
v 15.5535 -48.0082 1104.42
vn 0.867733 0.416405 0.271378
v 15.3052 -47.3637 1104.68
vn 0.446316 0.381874 0.809305
v 15.7063 -46.7986 1102.83
vn 0.826329 -0.562882 0.0185609
v 14.5004 -49.4454 1104.98
vn 0.0912421 0.994814 0.0449445
v 13.1701 -46.8929 1103.8
vn 0.86496 -0.398099 0.305551
v 16.6673 -50.0666 1098.29
vn 0.983137 -0.0298442 0.18042
v 15.827 -51.9518 1099.05
vn 0.743759 -0.647797 0.164868
v 17.1352 -50.0981 1096.15
vn 0.566164 -0.817062 0.108937
v 17.2003 -50.23 1094.58
vn 0.769341 -0.63399 -0.0785594
v 16.605 -50.8007 1095.33
vn 0.97498 -0.143739 -0.169567
v 16.0621 -52.0114 1096.36
vn 0.891177 -0.453323 -0.0173817
v 16.2108 -51.5174 1096.16
vn 0.844721 -0.489324 -0.216816
v 15.9783 -51.7547 1095.7
vn 0.913532 0.0997075 -0.394358
v 15.3377 -52.4781 1094.09
vn 0.786103 -0.606803 -0.117611
v 15.0987 -51.8756 1092.98
vn 0.851516 0.34561 -0.394302
v 14.9905 -54.068 1092.28
vn 0.831885 -0.552985 -0.0466352
v 14.707 -52.8892 1090.67
vn 0.860963 -0.345147 -0.373653
v 14.4158 -52.7697 1092.23
vn 0.679763 0.23361 -0.695233
v 14.8822 -56.2334 1090.48
vn 0.926522 0.254451 -0.27715
v 14.8455 -54.919 1091
vn 0.930972 0.00841661 -0.364993
v 14.55 -53.556 1090.4
vn 0.673824 -0.245284 -0.696992
v 14.5297 -52.6375 1090
vn 0.525415 -0.0558481 -0.849011
v 14.0415 -53.3241 1089.72
vn -0.0621439 0.298883 0.952264
v 16.7002 -45.8794 1101.68
vn -0.351736 -0.0856956 0.932169
v 15.6838 -44.4776 1099.97
vn -0.370155 -0.0937977 0.924223
v 14.6663 -44.0613 1099.76
vn -0.482614 0.462104 0.744005
v 15.7391 -45.5336 1100.04
vn -0.255751 0.742155 0.619514
v 14.2632 -45.7635 1099.64
vn -0.518967 0.0629237 0.852475
v 13.2708 -45.5257 1099.02
vn 0.672854 -0.739731 -0.00811698
v 15.8879 -51.4468 1091.21
vn 0.680907 -0.494517 -0.540201
v 15.9016 -51.2566 1090.55
vn 0.356301 -0.0378642 -0.933604
v 15.8464 -49.871 1089.98
vn 0.362819 0.00986854 -0.931807
v 14.4425 -51.6065 1089.87
vn -0.413556 -0.18966 0.890506
v 16.5287 -42.2595 1100.93
vn -0.842737 -0.375053 0.386173
v 16.0189 -39.0486 1101.15
vn -0.790284 0.566738 0.232937
v 12.9042 -44.3594 1096.7
vn 0.286279 0.34173 -0.895134
v 16.948 -43.9984 1092.12
vn -0.0265759 0.363319 -0.931286
v 15.9093 -43.2994 1092.07
vn -0.423505 0.599503 -0.679146
v 15.8359 -42.4469 1092.79
vn -0.653924 0.661892 -0.366446
v 13.8157 -42.9513 1093.98
vn -0.0566598 0.681335 -0.729776
v 13.4453 -44.2179 1092.32
vn 0.314682 0.619337 -0.719303
v 13.4833 -44.6801 1091.97
vn -0.00672455 0.529203 -0.848468
v 14.0587 -45.5841 1091.31
vn -0.966804 0.0576232 0.248936
v 15.9779 -37.5361 1102.14
vn -0.730218 0.578546 -0.363409
v 16.2909 -38.385 1097.61
vn -0.548978 0.75915 -0.349735
v 16.0461 -36.7482 1100.17
vn -0.950714 0.308778 -0.0282653
v 15.6806 -38.9413 1098.91
vn 0.143689 0.0613112 0.987722
v 12.6018 -89.773 1115.24
vn 0.638004 -0.454288 0.621751
v 14.6121 -89.3806 1114.49
vn 0.673455 -0.635889 0.376966
v 14.7791 -95.1934 1091.39
vn 0.738851 -0.549933 0.389453
v 13.7676 -90.2013 1098.99
vn 0.375193 -0.713859 -0.591299
v 14.8179 -94.7374 1089.65
vn 0.0841 0.240209 0.967071
v 11.1877 -68.7218 1108.59
vn 0.0740378 -0.0395956 0.996469
v 11.4238 -63.1832 1107.52
vn 0.0015275 0.0287744 0.999585
v 13.4967 -64.616 1107.8
vn 0.0475958 0.20232 0.978162
v 13.2836 -60.7831 1107.86
vn -0.149594 0.612746 0.775992
v 13.2345 -59.2742 1106.94
vn -0.0447441 -0.0919834 0.994755
v 12.8483 -61.9249 1107.78
vn 0.165753 0.73057 0.662415
v 12.7331 -59.4495 1107.21
vn 0.252555 0.775384 0.578788
v 12.7398 -59.1661 1106.6
vn -0.480887 -0.143577 0.864947
v 12.727 -58.7442 1106.32
vn 0.44676 0.680954 0.580265
v 12.2237 -59.0713 1106.87
vn 0.514231 0.535545 0.669894
v 12.2186 -58.704 1106.46
vn 0.470549 0.483495 0.738117
v 11.5324 -58.4797 1107.04
vn 0.11643 -0.154253 0.981147
v 10.7 -59.6243 1108.25
vn 0.123136 0.641014 0.757588
v 10.1574 -58.6788 1107.97
vn 0.302446 0.95195 0.0481318
v 13.0674 -55.9337 1106.49
vn -0.405316 -0.203877 0.891153
v 12.5786 -56.3646 1106.8
vn 0.669968 0.593678 0.445745
v 12.5335 -55.3811 1106.55
vn 0.211212 -0.0965684 0.972658
v 12.1455 -57.5218 1106.68
vn 0.32644 0.0219329 0.944963
v 12.0436 -55.804 1106.88
vn 0.672479 0.272652 0.688064
v 11.547 -58.0192 1106.84
vn 0.362433 -0.373567 0.853868
v 11.4916 -55.1102 1107.23
vn 0.0158121 -0.0143879 0.999771
v 11.1094 -56.9733 1106.78
vn -0.0724602 0.523569 0.848896
v 10.1373 -57.5424 1106.81
vn -0.805163 -0.228693 0.547186
v 9.58051 -54.9719 1106.51
vn -0.25738 -0.104814 0.960609
v 9.62606 -57.151 1106.51
vn -0.398946 0.607763 -0.686634
v 11.0519 -62.2833 1089.03
vn 0.176627 0.82996 -0.529121
v 12.2727 -64.3522 1086.17
vn -0.0748227 0.905167 -0.418418
v 11.2701 -64.2852 1086.08
vn 0.172536 0.90565 -0.387336
v 11.3745 -64.9079 1084.18
vn 0.373835 0.793597 -0.480053
v 11.9987 -66.0407 1082.52
vn 0.293992 -0.189978 0.936737
v 11.3079 -47.3418 1114.24
vn 0.38649 -0.0690865 0.919703
v 11.2608 -46.5951 1114.4
vn 0.146572 -0.206136 0.967484
v 10.2511 -46.5659 1114.56
vn -0.493534 -0.569579 0.65727
v 9.79718 -47.0657 1114.03
vn 0.675204 -0.61813 0.402511
v 12.1927 -51.0462 1109.34
vn 0.655305 -0.428605 0.621992
v 11.85 -53.0234 1107.99
vn 0.0480431 -0.727903 0.683995
v 11.1462 -50.8794 1110.3
vn 0.329106 -0.522334 0.786675
v 10.7778 -52.9944 1108.46
vn -0.792434 -0.343013 0.50437
v 9.8562 -52.8944 1107.51
vn 0.927836 -0.265797 0.261672
v 12.5559 -52.5723 1106.75
vn 0.921473 -0.0786135 0.380405
v 12.4407 -53.7276 1106.61
vn -0.947463 -0.101328 -0.303391
v 10.6046 -57.8846 1094.61
vn -0.745232 -0.656556 -0.116463
v 10.0337 -56.4904 1094.11
vn 0.34279 0.0084874 -0.939374
v 13.7663 -57.5909 1089.96
vn -0.574365 0.0326729 -0.817947
v 12.7924 -58.4787 1090.51
vn -0.578155 -0.179254 -0.795993
v 12.7334 -57.3966 1090.5
vn -0.584071 0.406372 -0.702654
v 12.1793 -59.5374 1090.64
vn -0.824316 0.208315 -0.526411
v 11.9707 -58.6923 1091.36
vn -0.727555 -0.356136 -0.586371
v 11.8736 -57.1199 1091.22
vn -0.684754 0.569 -0.455357
v 10.9842 -60.3243 1091.45
vn -0.402385 -0.842761 -0.357547
v 10.6313 -56.1314 1091.27
vn 0.349784 0.886051 0.304245
v 11.2675 -46.3096 1113.79
vn 0.144848 0.559431 0.816123
v 10.2385 -46.145 1114.28
vn 0.163404 0.956753 0.24067
v 9.74642 -45.7682 1113.47
vn -0.775788 -0.182483 0.604031
v 9.26047 -46.3406 1113.91
vn -0.388112 0.355811 0.850157
v 9.24263 -45.8826 1113.71
vn 0.331569 0.929157 -0.163491
v 12.3959 -46.5256 1110.68
vn 0.424057 0.893458 -0.148015
v 11.6066 -46.5025 1109.53
vn 0.251821 0.967047 0.0374928
v 9.77965 -45.5957 1112.3
vn 0.172407 0.979275 -0.106288
v 9.40174 -45.6503 1109.04
vn -0.731256 -0.474129 0.490374
v 8.73108 -46.8495 1112.78
vn -0.948066 -0.0383291 0.315756
v 8.34439 -45.9512 1112.37
vn 0.08195 0.986668 0.140606
v 8.77313 -45.4283 1112.17
vn 0.268365 0.958801 -0.093169
v 12.4751 -47.0159 1109.26
vn 0.274021 0.960543 0.0476329
v 12.5273 -46.8181 1107.55
vn 0.392604 0.919692 -0.00541508
v 11.4528 -46.4472 1108.96
vn 0.138196 0.987611 -0.0743414
v 11.1797 -46.626 1103.02
vn 0.397001 -0.15578 -0.904501
v 13.577 -53.9272 1089.62
vn -0.424943 -0.411914 -0.806071
v 12.1744 -56.3342 1090.49
vn 0.62223 -0.543171 -0.563734
v 11.5767 -53.8549 1088.71
vn -0.0852977 -0.291914 -0.952634
v 11.1478 -55.8534 1090.43
vn 0.600537 -0.697657 -0.390678
v 10.649 -54.0278 1087.64
vn 0.295432 -0.837687 -0.459348
v 10.1534 -55.1611 1089.19
vn -0.0915093 0.994109 -0.0580726
v 10.7697 -46.8819 1100.93
vn -0.230654 0.900946 0.367551
v 12.7924 -46.6926 1100.15
vn -0.377105 0.911299 0.165306
v 11.9534 -46.5751 1099.23
vn 0.269248 0.200402 -0.94199
v 13.3774 -50.1897 1089.46
vn 0.526536 0.163278 -0.834326
v 12.3651 -49.8104 1089.17
vn 0.836333 -0.0473823 -0.54617
v 11.8614 -49.4724 1088.74
vn 0.586079 0.10445 -0.803493
v 12.5044 -52.1254 1088.85
vn 0.546003 0.270712 -0.79284
v 12.3372 -51.5772 1088.87
vn 0.617046 0.157976 -0.770907
v 11.9743 -51.7956 1088.4
vn 0.741619 0.235982 -0.627945
v 11.7182 -51.1515 1088.65
vn 0.874088 -0.297978 -0.38364
v 11.7701 -51.7438 1087.27
vn 0.736283 -0.268433 -0.621153
v 11.4251 -51.5014 1086.6
vn 0.954744 0.220969 -0.199089
v 11.0536 -50.4039 1086.65
vn 0.878854 -0.253893 -0.403923
v 10.8595 -50.8114 1085.73
vn 0.973556 -0.200523 -0.109453
v 10.9383 -49.7273 1086.97
vn 0.981381 -0.147501 -0.123021
v 11.0032 -50.1887 1085.89
vn 0.701357 -0.444809 -0.556995
v 10.6511 -53.2473 1086.41
vn 0.612746 -0.373275 -0.696569
v 10.5947 -51.8525 1085.86
vn 0.472473 -0.715119 -0.515145
v 10.1779 -53.7889 1086.47
vn 0.411923 -0.456289 -0.788746
v 10.1704 -53.4039 1086.1
vn 0.901539 -0.360751 -0.238928
v 10.1744 -51.2459 1084.78
vn 0.893382 -0.44745 0.0407016
v 10.1516 -51.2834 1083.43
vn 0.0427893 0.824207 -0.564669
v 12.9771 -44.5211 1091.87
vn -0.691586 0.710295 0.131105
v 11.9488 -44.5324 1092.6
vn 0.732239 0.255116 -0.63146
v 12.6088 -45.9811 1090.45
vn 0.591202 0.568605 -0.571987
v 12.0613 -45.138 1090.45
vn 0.00236289 0.966253 -0.257582
v 11.1404 -45.6258 1088.97
vn -0.47939 0.872026 0.0987781
v 10.5593 -45.5969 1091.1
vn 0.930652 -0.298585 -0.211506
v 11.3848 -48.996 1087.36
vn 0.981145 -0.179124 -0.0725868
v 11.2317 -49.2762 1086.73
vn 0.96799 -0.250671 0.0126555
v 11.197 -49.4765 1086.26
vn 0.987083 0.0194824 -0.159023
v 11.0247 -48.0437 1084.55
vn 0.922707 0.293108 -0.250401
v 10.7791 -46.8038 1086.18
vn 0.95927 -0.236786 -0.154054
v 10.5781 -49.3846 1084.01
vn 0.99718 0.0167346 -0.0731599
v 10.7414 -48.6545 1083.16
vn 0.975033 0.151348 0.162493
v 10.771 -48.5899 1082.04
vn 0.807261 0.545672 0.224881
v 10.5336 -47.5026 1081.02
vn 0.99159 0.0230361 0.12735
v 11.2645 -47.9771 1079.63
vn 0.77048 0.566161 0.292954
v 11.0006 -47.3335 1079.88
vn 0.679375 0.721933 0.131385
v 10.1579 -46.983 1080.77
vn 0.798883 0.598996 -0.054682
v 9.94874 -46.5295 1081.84
vn 0.982539 0.176501 0.058866
v 11.2582 -46.995 1078.12
vn 0.376945 0.838048 0.394446
v 10.0743 -45.766 1077.29
vn 0.976112 -0.209141 -0.0588658
v 10.8119 -50.528 1068.71
vn 0.24089 0.807541 0.538376
v 10.0746 -43.9493 1074.56
vn 0.990245 0.110388 -0.0850299
v 11.3952 -46.8711 1072.08
vn 0.899683 0.406871 -0.158199
v 10.6271 -44.6775 1072.18
vn 0.048203 0.932449 -0.358072
v 10.2202 -44.6073 1071.58
vn 0.624672 0.0148833 -0.780746
v 10.9576 -48.2841 1068.84
vn 0.218078 -0.161256 0.962517
v 10.2289 -92.4313 1115.61
vn 0.573482 -0.789268 0.219484
v 10.8196 -93.1466 1114.25
vn 0.504844 -0.760085 0.40915
v 10.7382 -96.7009 1094.51
vn 0.44298 -0.893521 -0.0734014
v 8.45723 -99.2308 1092.19
vn -0.0129463 0.24711 0.968901
v 6.21652 -70.1172 1109.6
vn -0.252642 0.838863 0.482163
v 8.16656 -58.5562 1107.42
vn 0.072912 -0.0878358 0.993463
v 7.68639 -59.9769 1108.97
vn -0.282103 0.82544 0.488945
v 6.17388 -59.6158 1108.68
vn 0.0242773 -0.452545 -0.891411
v 9.18305 -70.6181 1084.18
vn -0.430955 0.681393 0.591592
v 9.15446 -57.7369 1106.58
vn -0.977535 -0.0492732 0.204931
v 8.85481 -55.3456 1104.44
vn -0.530556 0.807708 0.257135
v 8.50327 -57.9252 1106.08
vn -0.9843 0.159638 -0.0752987
v 8.55477 -56.6155 1102.79
vn -0.946379 0.308414 -0.0961647
v 8.00138 -58.4221 1102.44
vn -0.781147 0.531681 -0.327298
v 8.87157 -60.7552 1096.96
vn -0.442757 0.80839 -0.387907
v 9.11817 -63.4645 1088.87
vn -0.23405 0.93218 -0.276155
v 8.90985 -65.2992 1083.65
vn -0.321299 0.860929 -0.394422
v 7.9691 -65.7909 1082.72
vn 0.0302235 0.199365 -0.979459
v 10.0457 -66.6219 1081.99
vn -0.0771025 0.876736 -0.474752
v 9.48679 -65.7335 1082.24
vn 0.00860967 -0.452197 -0.891877
v 8.58274 -67.6063 1082.37
vn -0.316761 0.731066 -0.604322
v 7.50854 -66.2876 1082.36
vn -0.939864 -0.207701 0.271139
v 8.13159 -51.5718 1104.42
vn -0.942681 -0.327303 0.0650025
v 8.26892 -53.2145 1101.86
vn -0.553357 -0.832797 0.0156846
v 9.05013 -55.5871 1092.57
vn -0.785868 0.612736 -0.0834648
v 8.66478 -46.7527 1103.47
vn -0.881401 0.183018 0.435474
v 5.62811 -50.2767 1098.8
vn -0.784616 -0.575634 0.23027
v 5.51979 -50.6795 1097.88
vn -0.168333 -0.947488 -0.271903
v 9.63617 -55.7432 1090.49
vn -0.0420843 -0.958115 -0.283274
v 7.6826 -54.3733 1087.06
vn -0.333425 -0.941857 -0.041635
v 7.1616 -54.3472 1087.57
vn 0.0459466 -0.974536 -0.219474
v 7.19736 -54.2392 1086.43
vn -0.419711 0.905347 -0.0647274
v 8.43459 -48.0283 1098.01
vn -0.513152 0.845342 0.148566
v 8.49944 -48.153 1096.43
vn -0.193106 0.918609 0.344771
v 7.12954 -47.3897 1091.66
vn 0.634016 -0.685001 -0.358883
v 9.62409 -52.1012 1085.38
vn 0.453067 -0.589392 -0.66884
v 9.14876 -52.6274 1085.46
vn 0.13888 -0.787175 -0.60089
v 8.69936 -54.0004 1086.11
vn 0.144621 -0.888074 -0.436358
v 7.69722 -54.0245 1086.14
vn 0.52317 -0.852127 -0.0131629
v 9.03642 -52.1651 1084.02
vn 0.291654 -0.748077 -0.596086
v 8.19224 -53.5983 1085.67
vn 0.0780999 -0.968539 -0.236289
v 6.2294 -54.0355 1085.2
vn 0.312624 -0.909399 -0.274335
v 6.24945 -53.5261 1083.89
vn 0.475627 -0.86631 0.1526
v 8.90771 -53.4858 1079.67
vn -0.0772392 -0.994185 0.0750361
v 8.3616 -53.3288 1080.66
vn -0.320478 0.945596 0.0560491
v 8.72431 -46.2978 1087.54
vn -0.139365 0.98926 0.0440686
v 7.16044 -47.1576 1090.47
vn -0.220232 0.975441 0.00357035
v 6.76045 -47.1587 1087.73
vn 0.287461 0.935684 -0.204601
v 5.76207 -47.1992 1087.68
vn -0.209564 0.969728 0.125339
v 9.2432 -46.0813 1086.73
vn -0.6542 -0.592236 -0.470402
v 6.97757 -52.7454 1076.55
vn 0.782732 -0.616668 0.0839686
v 9.62744 -53.4823 1073.72
vn 0.539502 -0.837475 0.0870265
v 9.12355 -53.8935 1074.41
vn -0.859499 -0.326259 -0.393467
v 8.72159 -53.392 1073.63
vn 0.152415 -0.961153 -0.230117
v 9.14569 -53.5309 1073.27
vn -0.202873 -0.978973 0.021329
v 8.60929 -54.0394 1074.99
vn -0.0504655 -0.953634 -0.296707
v 8.62803 -53.7561 1074.05
vn -0.889777 -0.11678 -0.441201
v 8.49122 -53.2062 1074.08
vn -0.876096 -0.239144 -0.418648
v 8.08373 -53.4608 1074.79
vn -0.738075 -0.579055 -0.346326
v 8.02379 -52.3646 1074.78
vn -0.689449 -0.663208 -0.291232
v 7.88235 -51.7975 1072.35
vn -0.697832 -0.665414 -0.265056
v 7.52676 -53.4618 1076.31
vn -0.840377 -0.225999 -0.492636
v 7.49412 -52.9272 1076.08
vn 0.9119 -0.405717 -0.0619053
v 10.2083 -52.9428 1070.74
vn -0.446819 -0.874447 -0.188932
v 9.20951 -53.0249 1070.77
vn 0.581827 0.792919 0.18099
v 9.11635 -46.1207 1080.34
vn 0.446774 0.890908 0.0817023
v 7.23385 -45.4306 1082.11
vn -0.535267 -0.0243003 -0.844333
v 6.43107 -48.7916 1071.87
vn 0.624672 0.0148833 -0.780746
v 10.2129 -51.3199 1068.19
vn 0.597063 0.0261819 -0.801767
v 10.107 -49.3838 1068.18
vn -0.324873 -0.726337 -0.605716
v 9.701 -51.255 1068.39
vn -0.765866 -0.438213 -0.470551
v 7.54326 -49.881 1070.5
vn 0.432976 0.697717 0.570722
v 6.35648 -43.6931 1079.9
vn 0.688607 0.61864 0.378292
v 6.08999 -41.6265 1077.14
vn -0.255043 0.909898 0.327169
v 9.57196 -44.1134 1074.85
vn -0.173744 0.979566 -0.101307
v 9.59801 -44.0374 1074.02
vn 0.472539 0.862891 0.179236
v 9.07842 -44.8414 1075.73
vn -0.00762994 0.985376 0.170223
v 8.59606 -44.4975 1074.71
vn -0.22437 0.97263 -0.060406
v 8.61197 -44.3933 1074.12
vn 0.622445 0.78266 0.00234028
v 7.76928 -44.1669 1076.15
vn 0.128986 0.99003 0.0565953
v 8.11222 -44.3993 1074.09
vn -0.429099 0.578446 -0.69374
v 9.85986 -46.132 1070.03
vn -0.210543 0.932863 -0.292297
v 9.69532 -44.4809 1072.04
vn -0.357942 0.744858 -0.563084
v 9.72357 -44.6921 1071.59
vn -0.605054 0.424622 -0.673503
v 9.37469 -46.5107 1070.17
vn -0.37235 0.799113 -0.47199
v 7.66701 -44.7775 1073.14
vn 0.398529 -0.914519 0.0694901
v 6.45995 -95.4965 1113.9
vn 0.408133 -0.842714 0.351084
v 5.39304 -95.531 1115.49
vn 0.0343792 0.0353664 0.998783
v 6.76905 -93.5167 1115.94
vn 0.585994 -0.809835 0.0278787
v 6.73893 -94.665 1104.84
vn 0.311665 -0.879732 0.359076
v 7.1562 -99.6535 1092.84
vn 0.191781 -0.664095 -0.722633
v 6.50101 -99.3544 1091.07
vn 0.0510893 0.000184731 0.998694
v 5.38909 -63.5036 1108.58
vn -0.112324 0.0823329 0.990255
v 1.94063 -64.339 1108.22
vn -0.178899 0.0908999 0.979659
v 4.78701 -61.804 1108.79
vn -0.321089 0.324925 0.889565
v 2.80328 -61.6672 1108.02
vn 0.138743 -0.358149 -0.923298
v 3.21086 -70.3897 1082.72
vn -0.376921 0.670426 -0.639108
v 5.4208 -66.8973 1083.04
vn 0.123834 -0.394174 -0.910655
v 5.60852 -68.239 1082.44
vn -0.017654 -0.140205 -0.989965
v 3.64251 -68.8905 1082.37
vn -0.781657 -0.552594 0.289228
v 4.2402 -50.3626 1094.94
vn -0.379418 0.863148 0.333192
v 4.16846 -49.9148 1094.2
vn -0.696433 -0.654983 0.29322
v 3.70157 -50.2497 1093.77
vn -0.630663 0.0158103 0.775896
v 2.69 -49.2707 1092.56
vn -0.648996 -0.727349 0.223084
v 3.38685 -51.4086 1090.44
vn -0.729703 -0.416996 0.541893
v 2.72816 -49.9068 1092.48
vn -0.428825 -0.901547 0.05763
v 5.70504 -53.9234 1085.66
vn -0.20914 -0.946212 -0.246867
v 5.74556 -53.9373 1084.58
vn -0.123964 -0.952002 -0.279865
v 5.75547 -53.5239 1083.69
vn -0.4005 -0.889382 -0.220453
v 5.24181 -53.4464 1083.92
vn -0.509269 -0.860565 0.00853946
v 3.67203 -52.5669 1084.41
vn 0.362724 0.0884144 0.927693
v 1.55657 -46.0307 1091.29
vn 0.500971 0.393913 0.770624
v 1.46857 -44.4239 1091.28
vn 0.286451 0.949332 0.129288
v 5.1798 -46.6288 1089.04
vn 0.0957334 0.870426 0.482901
v 4.65042 -47.2546 1090.74
vn 0.610118 0.786606 0.0949093
v 4.66771 -46.3193 1088.87
vn 0.743687 0.605535 0.283299
v 3.61222 -45.4109 1088.97
vn 0.582943 0.484788 0.652041
v 2.5514 -45.3046 1090.4
vn -0.204194 0.972199 0.1146
v 5.35486 -47.5268 1085.62
vn 0.26565 0.962683 -0.0516885
v 4.8551 -47.5327 1085.59
vn 0.670963 0.667725 -0.322417
v 4.44832 -46.7551 1086.87
vn 0.097399 0.934507 0.342361
v 4.86982 -47.3978 1084.99
vn 0.576933 0.764858 -0.286603
v 4.32004 -47.1469 1085.94
vn 0.561577 0.827404 0.00578809
v 4.34511 -47.2768 1085.45
vn 0.815719 0.541993 -0.202107
v 3.86991 -46.7239 1085.73
vn 0.797741 0.591995 0.11468
v 3.93658 -46.9187 1085.27
vn 0.506059 0.788617 0.349267
v 4.36336 -47.1324 1084.74
vn -0.47687 -0.862188 -0.17096
v 5.89827 -52.7311 1078.62
vn -0.435394 -0.833314 -0.340617
v 5.93449 -52.124 1076.73
vn 0.829502 0.548185 -0.106863
v 3.41574 -45.2341 1086.7
vn 0.181608 0.795961 0.577464
v 4.88198 -46.2516 1082.94
vn 0.683523 0.525882 0.506206
v 3.83507 -44.9639 1082.24
vn 0.930971 0.332714 0.150313
v 2.59055 -43.5759 1084.3
vn -0.473692 -0.518453 -0.711914
v 2.87311 -50.1731 1075.3
vn -0.217464 -0.646197 -0.731532
v 2.3463 -49.671 1075.25
vn -0.555376 -0.665038 -0.49928
v 5.98609 -50.8583 1073.43
vn -0.326495 -0.291039 -0.899276
v 3.28121 -47.5129 1073.85
vn 0.704953 0.49382 0.5091
v 4.22778 -40.8696 1079.06
vn -0.144552 0.27636 -0.950121
v 4.05822 -43.1271 1073.84
vn -0.149268 0.0166975 -0.988656
v 3.68193 -45.4627 1073.52
vn -0.413244 0.071356 -0.907821
v 4.73621 -46.1404 1073.11
vn 0.907083 0.277066 0.316916
v 1.83217 -37.5051 1083.29
vn 0.906629 0.270686 0.323656
v 2.42943 -39.1225 1080.75
vn 0.811066 0.505347 0.294611
v 5.03402 -40.1068 1076.97
vn 0.903969 0.423669 -0.0578264
v 4.9736 -39.8488 1076.31
vn 0.958318 0.262028 -0.113876
v 4.01857 -37.6024 1075.29
vn 0.815082 0.385605 -0.432377
v 5.24848 -41.3484 1075.33
vn 0.859034 0.00109933 -0.511917
v 3.63627 -38.6785 1074.09
vn 0.886417 0.378964 0.265803
v 3.61318 -36.749 1075.98
vn 0.929752 -0.142584 -0.339457
v 2.11575 -36.9955 1070.55
vn 0.945763 0.208947 0.248745
v 2.25375 -31.1902 1075.15
vn 0.997372 0.0328298 -0.0645799
v 2.7547 -31.632 1071.56
vn 0.402611 -0.458355 -0.792347
v 1.68612 -32.7237 1067.86
vn 0.80112 0.35205 0.484012
v 0.848347 -26.2004 1076.74
vn 0.720711 0.626287 0.297221
v 0.956667 -24.7522 1075.04
vn 0.952565 0.266645 0.146698
v 2.52487 -26.5146 1072.07
vn 0.989018 0.0246088 -0.145728
v 3.02509 -28.3357 1069.07
vn 0.754297 0.652041 0.0766681
v 1.07375 -23.7333 1071.07
vn 0.769953 0.596156 -0.227531
v 1.64634 -24.9318 1066.98
vn 0.945385 0.14519 -0.291832
v 1.78489 -27.6924 1064.36
vn 0.150678 -0.88897 0.432468
v 1.49276 -97.0547 1114.82
vn 0.184828 -0.978349 0.093123
v 0.50468 -97.4016 1113.82
vn 0.0234335 -0.347283 0.937468
v 0.384354 -95.9171 1116
vn 0.199117 -0.958325 0.204856
v 1.05809 -97.7086 1100.36
vn 0.183338 -0.921266 0.34301
v 2.4973 -100.761 1093.04
vn 0.0985746 -0.896499 0.43194
v 1.41949 -100.304 1094.41
vn 0.212058 -0.955916 -0.203118
v 4.03539 -100.714 1092.02
vn 0.11306 -0.935093 0.335885
v 0.534401 -101.197 1092.56
vn -0.0428175 -0.283013 -0.95816
v 2.48981 -78.3735 1087.02
vn -0.131673 0.358787 0.924086
v -0.095228 -63.5004 1107.83
vn -0.052738 -0.66175 -0.747867
v -0.720984 -73.3499 1085.06
vn 0.0581208 -0.552536 -0.83146
v 2.27887 -73.1932 1085.01
vn -0.043971 -0.781944 -0.621796
v -0.722057 -73.0111 1084.58
vn -0.451101 0.88977 0.0694019
v 0.394321 -62.3275 1106.39
vn -0.0783129 0.957168 -0.27874
v -1.60899 -66.3351 1098.72
vn -0.244419 0.929943 -0.274711
v 0.00225 -68.6753 1085.65
vn 0.0586335 0.836552 -0.544742
v -0.408537 -69.4224 1084.31
vn 0.275266 0.921449 -0.274155
v -1.00062 -68.6011 1085.56
vn 0.114515 -0.743784 -0.658538
v 1.76299 -72.1441 1083.84
vn -0.000196292 -0.379395 -0.925235
v 0.261519 -71.5303 1082.87
vn -0.262941 0.699778 -0.664209
v -0.249216 -70.3645 1083.09
vn -0.496404 -0.680896 0.538482
v 0.203745 -48.2585 1090.53
vn -0.110147 0.115655 0.987163
v 0.986311 -44.9009 1091.48
vn -0.385145 -0.023572 0.922555
v 0.597494 -46.7046 1091.12
vn -0.477436 0.0803667 0.874983
v -0.014313 -44.6046 1090.99
vn -0.275123 0.125543 0.953177
v -1.48486 -44.5419 1090.01
vn -0.50603 -0.132816 0.852229
v 0.159154 -47.6296 1090.8
vn -0.0548976 -0.885341 0.46169
v -1.75923 -48.1814 1089.29
vn -0.380746 -0.651891 0.655798
v -1.78972 -47.9128 1089.71
vn -0.192422 -0.31133 0.930617
v -1.83908 -47.254 1090.07
vn 0.0249472 -0.042106 0.998802
v -1.87173 -46.6906 1090.12
vn 0.286062 0.0808564 0.954794
v -1.95846 -45.0805 1090.07
vn 0.345467 -0.370503 0.862195
v -2.3253 -47.5139 1090.05
vn 0.467362 -0.106128 0.877673
v -2.38363 -46.6257 1090.31
vn -0.484014 -0.840985 0.241816
v -0.135744 -49.2952 1087.68
vn -0.0135383 -0.939344 0.34271
v -1.12017 -49.1814 1087.03
vn -0.308679 -0.946199 0.0970775
v -0.293826 -50.7131 1080.65
vn 0.136643 -0.987438 0.0793373
v -1.30648 -50.5569 1080.52
vn -0.311793 -0.921999 -0.229572
v 1.78688 -51.4131 1079.44
vn -0.355778 -0.799257 -0.484366
v 1.83796 -50.164 1076.19
vn -0.167182 -0.967199 -0.191249
v -0.730457 -50.4568 1078.34
vn 0.158579 -0.952967 -0.258276
v -1.23021 -50.4627 1078.31
vn 0.772811 0.488123 0.405585
v 0.349015 -40.6326 1088.8
vn -0.131061 0.423451 0.896389
v -0.14514 -41.3562 1089.69
vn 0.253342 0.540528 0.802277
v -0.168488 -40.5279 1089.09
vn -0.0547015 0.372158 0.926556
v -1.67474 -40.5425 1089.19
vn -0.727043 0.549077 0.412218
v -2.74254 -40.9655 1088.31
vn -0.782557 0.40438 0.473371
v -1.24912 -38.338 1087.95
vn 0.294791 0.615479 0.730947
v -0.837565 -35.7025 1086.44
vn -0.344118 0.611753 0.712279
v -1.3335 -35.5466 1086.07
vn -0.90009 0.334685 0.278969
v -1.49863 -34.3973 1084.48
vn -0.226541 0.746037 0.626185
v -1.35698 -33.9282 1084.29
vn -0.875444 0.317791 0.364152
v -1.83959 -36.9763 1086.11
vn 0.707409 0.012584 -0.706693
v 1.54531 -42.2518 1072.31
vn 0.78463 0.397665 0.475624
v 0.123553 -31.8834 1081.31
vn -0.372382 0.66745 0.644858
v -0.390907 -31.3295 1081.38
vn -0.914314 0.332029 0.231919
v -1.67987 -33.6232 1082.5
vn 0.381912 -0.408872 -0.828834
v 0.866692 -37.6898 1070.32
vn -0.410456 -0.348318 -0.842734
v -2.55977 -35.9362 1070.9
vn -0.909057 0.330885 0.253239
v -1.17326 -30.7738 1080.22
vn -0.735723 -0.388371 -0.554869
v -1.82528 -32.7803 1068.05
vn 0.610497 0.61004 0.505119
v 0.450022 -24.9049 1076.16
vn 0.312661 0.634745 0.706641
v -0.055865 -25.5005 1077.18
vn 0.230217 0.83371 0.501925
v -0.068603 -24.4164 1075.91
vn -0.497089 0.604992 0.622003
v -1.10787 -25.19 1076.73
vn -0.919627 0.240429 0.310612
v -1.92489 -26.0915 1075.98
vn -0.215579 -0.594149 -0.774928
v -0.859847 -29.8458 1064.66
vn -0.646846 -0.4092 -0.643541
v -2.80583 -29.3871 1065.9
vn 0.546468 0.814239 0.195926
v 0.501971 -23.6779 1072.91
vn 0.26646 0.918853 0.291046
v -0.038478 -23.6655 1073.96
vn -0.254528 0.872393 0.417308
v -1.06447 -24.154 1075.34
vn -0.38469 0.909344 0.158454
v -1.02571 -23.48 1073.28
vn -0.724655 0.60988 0.320814
v -1.54262 -24.329 1074.98
vn -0.884207 0.451838 0.118406
v -2.20789 -24.6019 1073.14
vn 0.442953 0.895805 -0.0364104
v 0.567692 -23.314 1070.58
vn 0.210387 0.966799 0.145042
v 0.005898 -23.2669 1072.16
vn -0.192087 0.97924 -0.0647446
v -0.439382 -23.1323 1070.44
vn -0.729534 0.678482 -0.0862742
v -1.87536 -24.1334 1069.15
vn 0.482945 0.746838 -0.457163
v 0.37809 -25.1163 1064.8
vn 0.0512039 0.945162 -0.322564
v -0.295946 -23.733 1067.44
vn -0.530869 0.809945 -0.249335
v -1.308 -23.9351 1068.01
vn -0.497777 0.734992 -0.46044
v -1.1715 -24.8693 1065.69
vn -0.804638 0.531751 -0.264194
v -1.95598 -24.7331 1067.77
vn -0.953719 0.278115 -0.114336
v -3.0691 -26.6333 1068.52
vn 0.584565 0.516718 -0.625528
v 0.953696 -26.0275 1064.14
vn 0.152852 -0.466108 -0.871424
v 0.586726 -28.0822 1063.56
vn 0.385346 0.343718 -0.856368
v 0.009756 -26.5611 1063.35
vn 0.25722 0.593013 -0.763003
v -0.060669 -25.6594 1063.92
vn 0.0157345 0.533039 -0.845944
v -0.519828 -26.1919 1063.58
vn -0.44625 -0.194865 -0.873435
v -0.924282 -28.063 1063.74
vn -0.837976 0.238591 -0.490786
v -2.42548 -27.5271 1065.12
vn -0.0673041 -0.797544 0.599495
v -2.56288 -96.651 1115.49
vn -0.0986155 -0.967843 0.231419
v -3.4432 -97.6654 1113.69
vn -0.386202 -0.921303 0.0452713
v -4.13564 -97.3508 1104.79
vn 0.0448039 -0.618352 -0.784623
v -1.45537 -100.311 1090.84
vn 0.030534 0.330892 0.943175
v -3.0822 -63.7111 1107.61
vn 0.058758 0.613393 0.787589
v -3.61311 -62.8487 1107.13
vn 0.116219 0.980919 -0.155856
v -3.58798 -62.7763 1106.34
vn 0.189645 0.712356 -0.67571
v -1.31066 -70.3905 1083.04
vn -0.146966 -0.569442 -0.808787
v -3.77952 -71.396 1083.55
vn 0.860659 -0.219428 0.459476
v -5.84411 -49.5848 1093.46
vn 0.307825 0.639778 0.704222
v -6.41476 -48.5489 1093.8
vn 0.557008 -0.761325 0.331852
v -4.15604 -49.7947 1088.74
vn 0.55397 0.0334474 0.831865
v -3.78573 -46.8014 1091.3
vn -0.294007 0.709968 0.639926
v -5.30043 -45.7668 1091.31
vn -0.104503 0.851345 0.514092
v -6.45408 -46.2822 1091.48
vn 0.338789 -0.735615 0.586594
v -2.78081 -48.1397 1089.75
vn 0.655445 -0.511395 0.555758
v -3.8365 -48.1206 1090.77
vn -0.696012 0.708657 0.115638
v -5.92519 -44.9574 1088.74
vn 0.505248 -0.852972 0.131007
v -3.23019 -51.4833 1079.72
vn -0.800598 0.572822 0.175834
v -5.39427 -45.3313 1083.48
vn 0.0878634 -0.750332 -0.655196
v -2.20197 -47.9431 1073.35
vn 0.510977 -0.656042 -0.555438
v -5.09903 -49.3614 1072.85
vn -0.844275 0.459304 0.276114
v -3.51738 -40.8822 1086.05
vn -0.924259 0.37759 0.0563081
v -4.10041 -41.7079 1084.19
vn 0.410595 -0.339988 -0.846062
v -2.25782 -46.1272 1072.52
vn -0.965342 0.229036 0.125133
v -3.17642 -34.1215 1073.9
vn -0.908155 0.039158 -0.416798
v -3.54467 -35.1338 1071.59
vn -0.881272 0.425697 -0.205284
v -4.75328 -37.3007 1072.99
vn -0.60311 0.178465 -0.777437
v -4.6618 -38.6973 1072.27
vn -0.916985 -0.166818 -0.362368
v -2.96749 -33.0016 1070.16
vn -0.997505 0.0701232 0.00814195
v -3.28071 -28.3486 1070.87
vn -0.152872 -0.887257 0.435206
v -4.25065 -99.0159 1096.78
vn -0.0169302 -0.973376 0.228588
v -3.97899 -101.361 1092.9
vn -0.209995 -0.903467 0.373697
v -5.48357 -101.243 1092.76
vn 1.9168e-005 -0.910415 -0.413697
v -4.43933 -101.205 1091.56
vn -0.192717 -0.978096 -0.0786624
v -5.96264 -101.267 1092.2
vn -0.105175 -0.708213 -0.698121
v -5.95141 -100.847 1091.26
vn 0.0324786 -0.275579 -0.96073
v -7.00308 -99.5255 1090.63
vn 0.353322 0.931745 0.0837588
v -6.6498 -61.7046 1106.24
vn 0.0528299 0.0253947 0.998281
v -7.18184 -62.1666 1107.77
vn 0.463593 0.870542 -0.165042
v -7.83431 -65.1752 1089.13
vn 0.337582 0.89157 -0.301895
v -9.31717 -64.5903 1087.7
vn 0.329922 0.896632 -0.295301
v -8.63619 -65.6401 1084.37
vn 0.309276 0.762019 -0.568925
v -8.62351 -66.5515 1082.59
vn -0.0747737 -0.283698 -0.955994
v -7.75612 -68.7397 1082.49
vn 0.967738 0.154175 0.19928
v -10.9755 -45.8326 1110.61
vn 0.974076 0.223902 -0.0322995
v -10.8461 -45.6996 1108.38
vn 0.82145 -0.170338 0.544247
v -11.5017 -46.3842 1111.9
vn 0.935237 -0.213287 0.282559
v -11.2281 -46.766 1110.99
vn 0.889618 0.104069 0.444691
v -11.3716 -45.9173 1111.71
vn 0.829346 0.434806 0.350899
v -11.4597 -45.4624 1111.51
vn 0.968678 -0.169005 0.181932
v -10.8412 -49.1257 1105.49
vn 0.951162 0.308642 0.005462
v -10.8798 -47.1279 1104.09
vn 0.888377 -0.251443 0.384138
v -9.93839 -49.7438 1101.45
vn 0.958857 0.0328411 0.281985
v -9.80822 -49.2769 1101.26
vn 0.912343 0.139349 0.384984
v -9.62679 -49.4777 1100.78
vn 0.864478 0.477494 0.157091
v -9.69714 -49.0094 1100.61
vn 0.813581 -0.426586 0.395107
v -7.81337 -50.4931 1097
vn 0.890049 0.182275 0.417839
v -8.30361 -49.9248 1098.36
vn 0.893016 0.448214 0.0403317
v -11.0944 -45.055 1108.63
vn 0.896229 -0.0148418 0.443343
v -7.57586 -50.0203 1096.81
vn 0.828502 0.352926 0.434774
v -7.45002 -49.6622 1096.36
vn 0.543781 0.831141 0.116219
v -9.23907 -49.1197 1099.05
vn 0.813858 0.335839 0.47418
v -6.92754 -49.1401 1095
vn 0.0222888 0.91461 0.403723
v -7.43106 -49.1347 1095.06
vn -0.339484 0.74426 0.575176
v -7.41518 -48.5853 1093.8
vn -0.316241 0.523684 0.791042
v -7.42188 -48.2065 1093.42
vn 0.115064 0.988651 0.0965914
v -7.94636 -49.5242 1096.03
vn -0.565503 0.787521 0.244986
v -7.90836 -49.4736 1094.92
vn 0.264806 0.964052 0.0219253
v -8.35695 -49.4775 1094.35
vn -0.5754 0.713503 0.399786
v -7.89245 -48.7665 1093.43
vn 0.233268 0.355319 0.905171
v -7.93744 -47.7844 1093.18
vn 0.550283 0.351718 0.757286
v -8.40326 -48.7094 1093.61
vn 0.584571 0.374833 0.719567
v -8.54581 -47.6488 1093.55
vn 0.108946 -0.969745 -0.218461
v -7.80704 -53.6108 1084.72
vn 0.124445 -0.988075 0.090666
v -9.19369 -53.4331 1081.28
vn 0.284217 -0.958759 -0.00135366
v -7.92241 -53.3685 1080.24
vn -0.0609295 0.673649 0.736535
v -6.94588 -47.3538 1092.83
vn 0.152447 0.605458 0.781141
v -7.44825 -47.3566 1092.87
vn -0.16823 0.943844 0.284353
v -7.41846 -46.2437 1090.39
vn 0.351165 0.580063 0.734989
v -7.95625 -47.3194 1093
vn 0.0972843 0.920658 0.378054
v -8.46883 -46.9055 1092.69
vn 0.412896 0.819458 0.397499
v -9.5021 -47.0524 1093.76
vn 0.0476941 0.99618 0.0731516
v -9.4717 -46.8314 1092.6
vn 0.451044 0.890692 0.0568024
v -10.5422 -46.5608 1094.05
vn -0.635075 0.759258 -0.142153
v -6.79922 -46.1326 1087.01
vn -0.3105 0.942172 -0.126103
v -7.75533 -46.7428 1086.67
vn 0.0455709 0.99891 -0.0101468
v -9.24479 -46.8949 1086.52
vn -0.228465 0.972367 -0.0480203
v -7.13871 -47.1693 1084.17
vn 0.0955119 0.97806 0.185138
v -8.14467 -47.0163 1084.04
vn 0.685185 -0.700957 -0.197942
v -8.6511 -53.4181 1076.4
vn -0.255268 0.874022 0.413429
v -7.61477 -46.4355 1082.39
vn -0.770584 0.632561 0.0778887
v -10.4511 -45.7544 1077.91
vn 0.680691 -0.416482 -0.602663
v -8.17014 -50.841 1070.97
vn -0.526391 0.694452 0.490559
v -9.04631 -44.0008 1076.8
vn -0.70767 0.599934 -0.373205
v -8.69987 -43.4317 1074.29
vn -0.638141 0.754903 -0.151316
v -9.4585 -44.1092 1074.54
vn -0.481623 0.707774 -0.516813
v -9.40115 -44.5532 1073.64
vn -0.357755 0.804661 -0.473848
v -9.36757 -44.9006 1073.25
vn -0.43191 0.868404 -0.243576
v -10.0544 -44.8226 1073.72
vn -0.222615 0.516829 -0.826638
v -7.73771 -45.6666 1070.95
vn 0.477594 -0.199401 -0.855654
v -8.04962 -48.5061 1070.05
vn -0.567899 0.632876 -0.526269
v -8.33259 -44.7736 1072.17
vn 0.227874 0.44135 -0.867919
v -9.09379 -47.475 1070.01
vn -0.229886 0.802833 -0.550101
v -9.2873 -45.4196 1071.84
vn 0.0379157 0.697378 -0.7157
v -9.6474 -46.9514 1070.3
vn -0.242872 -0.789057 0.564272
v -10.6265 -95.0182 1114.3
vn -0.153059 0.0533579 0.986776
v -12.8359 -91.5509 1114.69
vn -0.533402 -0.697028 0.479201
v -11.8496 -96.4811 1095.24
vn -0.393884 -0.853621 0.340862
v -10.5671 -99.6143 1092.3
vn -0.336372 -0.879724 -0.336065
v -9.97665 -99.8744 1091.36
vn -0.116421 -0.569635 -0.81361
v -10.0262 -99.1483 1090.52
vn 0.171294 0.846764 0.503636
v -12.8053 -59.2568 1106.45
vn -0.219781 0.0933971 0.971068
v -13.2609 -61.1783 1108.09
vn 0.0319631 -0.45289 -0.890993
v -12.3454 -71.9247 1085.63
vn 0.100489 -0.470282 0.876777
v -14.5591 -55.3223 1107.38
vn 0.434198 0.900806 -0.00450069
v -12.5183 -59.081 1105.3
vn 0.577473 0.491601 0.651808
v -13.1876 -58.4597 1105.54
vn 0.981066 0.0423607 0.188986
v -13.1046 -57.2742 1104.49
vn 0.458947 0.853888 0.245444
v -13.3106 -58.8378 1105.94
vn 0.799847 -0.00941102 0.600131
v -13.3704 -57.4191 1105.44
vn 0.865805 -0.213938 0.452341
v -13.4804 -55.8027 1106.02
vn -0.0882917 0.426795 0.900028
v -13.8104 -58.8591 1105.93
vn -0.0633112 0.215251 0.974504
v -13.8344 -58.3573 1105.84
vn 0.571384 -0.130256 0.81028
v -14.3807 -57.7167 1106.11
vn 0.676725 0.723875 -0.134345
v -11.4939 -60.612 1101.66
vn 0.949206 0.304765 0.0782669
v -12.852 -58.1169 1103.78
vn 0.996775 0.0801534 0.00398406
v -13.0126 -57.2062 1103.38
vn 0.566909 0.783445 -0.254614
v -11.0265 -62.8141 1090.65
vn 0.0563651 0.955601 -0.289223
v -11.2508 -64.7531 1086.02
vn 0.0522127 0.838551 -0.542316
v -12.2796 -64.5251 1086.4
vn -0.154864 -0.46756 -0.87029
v -9.43989 -68.154 1082.74
vn -0.142552 -0.417827 -0.897273
v -9.47449 -67.2457 1082.32
vn 0.14539 0.893514 -0.424846
v -10.5992 -65.5629 1083.13
vn -0.127643 0.925637 -0.356235
v -11.5992 -65.5604 1083.07
vn -0.0566027 0.608416 -0.791597
v -11.5698 -65.8003 1082.63
vn -0.198485 0.914088 -0.353621
v -12.6915 -65.2435 1085.05
vn 0.532608 -0.368511 0.761924
v -12.651 -47.8591 1112.47
vn -0.179979 -0.648909 0.739273
v -13.5201 -49.6731 1111.56
vn 0.124474 -0.503568 0.854942
v -13.6293 -48.3606 1112.57
vn -0.506197 -0.583394 0.63515
v -14.4521 -50.3869 1110.72
vn -0.594731 -0.502684 0.627378
v -14.8601 -51.3272 1109.59
vn 0.816534 -0.426045 0.389562
v -13.2132 -53.394 1107.18
vn 0.459416 -0.606164 0.649232
v -13.7716 -52.4479 1108.92
vn 0.430205 -0.525786 0.733807
v -14.1953 -53.4728 1108.35
vn -0.0919669 -0.60583 0.790261
v -14.3024 -52.1709 1109.31
vn -0.227393 -0.441365 0.868038
v -14.7243 -53.1441 1108.62
vn 0.97598 -0.185561 0.114149
v -12.9948 -55.8889 1103.9
vn 0.700086 -0.707053 0.0997801
v -12.0062 -56.174 1093.73
vn 0.837149 -0.546039 -0.0319758
v -13.2868 -57.5743 1093.71
vn 0.692314 -0.700438 -0.173459
v -13.088 -57.0406 1092.4
vn 0.905182 0.401053 -0.140722
v -13.5728 -59.8259 1093.57
vn 0.766336 0.618741 -0.172884
v -13.365 -60.4097 1092.2
vn 0.991916 -0.0707908 -0.105317
v -13.6485 -58.5137 1094.09
vn 0.942184 0.214028 -0.25784
v -13.9856 -59.5243 1091.78
vn 0.883008 -0.369449 -0.289489
v -13.8454 -57.7274 1091.56
vn 0.635397 -0.0419975 0.771043
v -11.8646 -46.2058 1112.35
vn 0.728272 0.178774 0.661559
v -11.7542 -45.7384 1112.16
vn 0.07234 0.945597 0.317196
v -13.3024 -45.0124 1112.3
vn 0.479114 -0.0455325 0.876571
v -13.8028 -45.8024 1113.46
vn 0.135642 -0.161601 0.97749
v -14.2803 -46.3132 1113.58
vn -0.172561 0.203934 0.963656
v -14.8058 -45.8203 1113.51
vn 0.801635 -0.437411 0.407496
v -11.7347 -48.57 1110.65
vn 0.813737 -0.529335 0.240075
v -11.3316 -53.1113 1100.09
vn 0.572885 -0.819635 -0.00124647
v -11.4751 -55.9453 1092.58
vn 0.606521 -0.662003 -0.440323
v -13.3756 -56.3204 1090.31
vn 0.1002 -0.864115 -0.49322
v -12.387 -55.1315 1088.9
vn 0.352081 -0.712982 -0.606379
v -13.8602 -56.3275 1089.87
vn -0.415569 -0.283056 -0.864397
v -14.3172 -55.1432 1089.34
vn 0.0593523 0.984844 -0.162974
v -13.5792 -44.5853 1105.56
vn 0.748171 0.659702 -0.0709455
v -11.3362 -46.7102 1102.24
vn 0.516488 0.851715 0.088445
v -14.3827 -45.0071 1100.78
vn 0.650647 0.741779 0.162547
v -12.3391 -46.7299 1097.29
vn -0.986992 0.0889706 -0.133908
v -13.1838 -49.888 1088.78
vn -0.80864 0.261299 -0.527091
v -13.7407 -49.7507 1090.41
vn -0.888336 0.295136 -0.351787
v -14.02 -52.6643 1088.74
vn -0.44372 0.345777 -0.826771
v -14.263 -49.6118 1090.78
vn -0.71904 -0.42649 -0.548714
v -12.6652 -52.3663 1085.52
vn -0.577811 -0.458634 -0.675121
v -13.2287 -54.1009 1087.86
vn -0.97124 0.0942448 -0.218657
v -13.2285 -51.4052 1087.8
vn -0.44159 -0.694801 -0.567671
v -11.3684 -52.0301 1083.82
vn 0.411439 -0.90066 0.13975
v -10.0617 -54.2502 1078.86
vn 0.77195 0.512953 0.375463
v -12.8022 -44.8533 1095.36
vn 0.890609 0.442324 0.105663
v -14.3856 -42.7674 1096.55
vn 0.358428 0.926098 -0.117776
v -12.4334 -46.2748 1090.55
vn 0.457716 0.863609 -0.211363
v -12.9905 -45.8368 1091.42
vn -0.869801 0.187181 -0.456519
v -13.6143 -47.3419 1090.93
vn -0.716992 0.480613 -0.504909
v -13.448 -46.4111 1091.09
vn -0.463166 0.59433 -0.657456
v -13.5168 -45.6745 1091.86
vn -0.571777 0.364597 -0.734942
v -13.9717 -46.4522 1091.77
vn 0.523451 0.801758 -0.288415
v -14.1103 -44.8173 1093.09
vn -0.155567 0.577969 -0.801093
v -14.5686 -45.3714 1092.76
vn 0.137567 0.990428 -0.0112906
v -11.7542 -46.7687 1086.44
vn -0.288269 0.910616 -0.296108
v -13.1558 -46.5955 1090.1
vn -0.862254 -0.285483 -0.418351
v -11.9822 -49.2114 1082.67
vn -0.922497 -0.0575889 -0.381685
v -12.3956 -48.1506 1082.64
vn -0.733988 -0.348884 -0.582701
v -12.7125 -49.3489 1083.68
vn -0.888927 0.396956 -0.228549
v -12.5897 -47.9064 1083.61
vn -0.995068 -0.021075 -0.0969278
v -13.4312 -50.3709 1085.16
vn -0.467801 -0.856699 0.217323
v -11.216 -52.0978 1082.22
vn -0.849291 -0.363208 -0.383126
v -11.6031 -51.5238 1083.59
vn -0.959912 -0.279676 -0.0187029
v -11.4799 -51.4541 1082.47
vn -0.979004 -0.0564717 0.195865
v -11.7714 -51.3442 1080.23
vn -0.989957 -0.0872859 -0.111202
v -11.6141 -49.6224 1081.68
vn 0.958697 -0.218502 -0.182091
v -10.076 -55.0208 1071.56
vn 0.522984 -0.847015 0.0951507
v -10.2661 -55.9508 1071.94
vn 0.55531 -0.795482 -0.24257
v -10.3846 -55.8944 1070.82
vn 0.87497 -0.256829 -0.410447
v -10.3297 -53.7909 1069.38
vn -0.579173 -0.762314 0.288854
v -11.151 -56.4459 1070.88
vn -0.218069 -0.924688 -0.312085
v -11.8341 -55.6498 1069
vn 0.522885 -0.76378 -0.37846
v -11.6094 -55.4365 1068.21
vn 0.0174919 0.975395 0.219768
v -10.5917 -46.3866 1081.51
vn -0.798778 0.583819 -0.145293
v -11.3843 -46.8511 1080.5
vn -0.912353 0.389593 0.125815
v -11.4126 -47.4479 1079.12
vn -0.981532 -0.0630744 -0.180599
v -11.4687 -48.4335 1080.63
vn -0.677429 0.555173 0.48257
v -12.505 -48.3016 1077.24
vn -0.954804 -0.267617 0.129343
v -13.2323 -50.2532 1075.31
vn 0.641263 -0.180248 -0.745851
v -9.96284 -49.533 1069.11
vn 0.7273 -0.102345 -0.678646
v -12.2455 -52.1117 1066.91
vn -0.95395 -0.293041 0.0640868
v -12.8808 -53.1471 1067.31
vn 0.0264015 0.408671 -0.9123
v -13.2817 -51.6213 1067.1
vn -0.647837 0.7394 0.183291
v -10.8977 -45.4676 1074.83
vn -0.326151 0.933262 0.150493
v -11.364 -45.5016 1073.93
vn -0.371153 0.811411 0.451506
v -11.8659 -45.9642 1074.65
vn -0.114557 0.993364 -0.0102309
v -13.3409 -45.5789 1073.3
vn -0.902725 0.186315 0.387782
v -14.2182 -45.9081 1072.84
vn 0.241652 0.510595 -0.825165
v -10.0737 -47.7509 1069.46
vn -0.0755122 0.951548 -0.298084
v -11.2793 -45.6225 1071.81
vn -0.257341 0.966297 -0.00674124
v -13.2627 -45.5349 1071.11
vn -0.436779 0.898329 -0.0472197
v -13.7328 -45.7879 1070.64
vn 0.177818 0.42208 -0.888948
v -12.966 -49.0311 1068.27
vn -0.615784 -0.771055 -0.162123
v -14.1909 -92.3471 1111.85
vn -0.378596 -0.190349 0.905777
v -15.8211 -90.4737 1113.67
vn -0.553079 -0.0452003 0.831902
v -17.0212 -87.4106 1113.3
vn -0.751479 -0.659751 0.00282007
v -15.9294 -90.8764 1112.75
vn -0.781495 -0.587264 -0.210683
v -16.8293 -88.7746 1110.12
vn -0.695524 -0.700067 -0.161716
v -14.1379 -91.1464 1108.61
vn -0.57645 -0.790735 0.20602
v -14.1397 -97.7561 1091.29
vn -0.479678 -0.820867 -0.309979
v -14.2423 -97.6117 1090.67
vn -0.274685 -0.677209 -0.682595
v -13.0925 -97.8012 1090.13
vn -0.884682 -0.462943 -0.0549773
v -16.9105 -87.1359 1105.09
vn -0.774494 -0.575781 0.261984
v -15.4042 -90.3535 1100.02
vn -0.658373 -0.592971 0.463605
v -16.1375 -95.9398 1090.93
vn -0.681926 -0.729271 0.0560366
v -16.1989 -96.1416 1090.47
vn -0.0763229 -0.397398 -0.914467
v -15.2002 -95.1274 1088.94
vn -0.0294307 0.236354 0.971221
v -16.1587 -72.5522 1108.51
vn -0.999035 0.0341358 -0.0276552
v -17.0205 -74.4038 1097.98
vn -0.183432 0.770866 0.610015
v -15.768 -60.564 1107.21
vn -0.227886 0.247367 0.941742
v -15.9266 -59.9896 1106.03
vn -0.197964 0.000998609 0.980209
v -16.739 -60.1474 1105.74
vn -0.353832 0.103059 0.929614
v -17.634 -62.3823 1106.96
vn 0.129223 -0.26688 0.955027
v -17.2682 -59.6903 1105.82
vn -0.417397 0.563809 0.71267
v -17.6472 -61.8329 1105.7
vn -0.404166 0.689157 0.601425
v -18.1379 -62.2494 1106.05
vn 0.180974 -0.000129607 0.983488
v -18.166 -61.3872 1105.52
vn -0.141235 -0.371185 0.917755
v -15.5528 -55.4847 1107.39
vn -0.570492 -0.0973 0.815519
v -16.0623 -55.2401 1107.25
vn -0.067407 -0.0979183 0.992909
v -16.2762 -59.532 1105.86
vn -0.116346 -0.282696 0.952127
v -16.4615 -56.7958 1106.81
vn -0.804157 0.388726 0.449693
v -16.9943 -56.496 1106.65
vn -0.850838 0.470855 0.233174
v -17.4364 -56.4139 1105.5
vn 0.146761 -0.312015 0.938673
v -17.8694 -58.266 1106.41
vn -0.349025 0.065826 0.934798
v -18.3588 -58.3611 1106.24
vn -0.927359 0.374074 -0.00862554
v -18.4402 -57.766 1103.84
vn -0.277415 0.764617 -0.581723
v -13.7103 -65.2735 1085.55
vn 0.0821398 -0.506404 -0.858375
v -13.4809 -67.3574 1082.42
vn -0.406714 0.84983 -0.33522
v -13.6538 -65.696 1084.64
vn -0.396636 0.799127 -0.451747
v -13.5783 -66.0931 1083.18
vn 0.230109 -0.266805 -0.935877
v -15.6943 -69.4376 1082.85
vn -0.55539 0.679241 -0.479764
v -16.4575 -68.1569 1082.8
vn -0.547051 0.80131 -0.242151
v -16.9709 -68.3243 1083.39
vn -0.777054 -0.1103 0.619694
v -15.576 -53.1271 1108.01
vn -0.832466 -0.521866 0.186162
v -15.7636 -50.6402 1107.48
vn -0.903624 0.214701 0.370632
v -16.5208 -54.8923 1106.53
vn -0.904644 0.365539 0.219089
v -16.6969 -54.7131 1103.18
vn -0.895985 0.186027 0.403242
v -18.2922 -56.5162 1101.67
vn 0.755511 -0.332129 -0.564706
v -14.3068 -57.8426 1090.66
vn -0.349608 0.593659 -0.724805
v -16.7468 -57.837 1090.89
vn 0.217821 0.55376 -0.803681
v -17.9137 -57.0006 1092.1
vn 0.369892 0.694738 -0.616862
v -13.9922 -62.1572 1088.55
vn 0.738409 0.504574 -0.447389
v -14.1821 -60.0537 1090.57
vn 0.820133 0.0499148 -0.569992
v -14.6053 -59.0356 1090.44
vn 0.691584 -0.188536 -0.697256
v -14.9264 -58.1338 1090.04
vn 0.485679 0.35894 -0.797043
v -15.1511 -59.9827 1089.56
vn 0.740985 0.0589348 -0.66893
v -15.2218 -58.841 1089.78
vn 0.314831 0.20945 -0.925749
v -15.7297 -58.6384 1089.66
vn 0.318395 0.370198 -0.872685
v -16.1335 -60.0762 1089.16
vn -0.509187 0.348437 -0.786969
v -16.2648 -58.251 1090.01
vn -0.220636 0.427131 -0.876857
v -17.0942 -60.7968 1089.11
vn -0.0115202 0.553421 -0.832822
v -15.0047 -62.9438 1087.74
vn -0.249219 -0.301043 0.920469
v -15.7562 -46.7018 1113.42
vn -0.337131 -0.636393 0.693792
v -16.7219 -46.8272 1112.61
vn -0.428331 0.376105 0.821631
v -16.9126 -46.2849 1112.62
vn -0.274776 0.926623 0.256648
v -16.742 -45.6905 1111.46
vn -0.810161 -0.481164 0.334845
v -17.6067 -46.9449 1109.6
vn -0.889048 -0.172628 0.424021
v -16.5411 -50.1068 1101.21
vn -0.992046 -0.109662 -0.0617989
v -18.8921 -51.8234 1097.44
vn -0.867088 0.158627 0.472223
v -18.4984 -50.7451 1098.64
vn -0.844438 0.0469383 -0.533592
v -17.0658 -53.9684 1093.57
vn -0.511965 0.503526 -0.695955
v -17.6101 -54.5336 1093.78
vn -0.87334 -0.094703 -0.477816
v -17.6931 -53.5579 1094.58
vn -0.859243 -0.42134 -0.290129
v -17.7929 -52.4936 1094.53
vn -0.563919 0.599361 -0.568121
v -18.1565 -54.1693 1094.47
vn -0.880803 0.24551 -0.404859
v -18.6898 -52.8673 1096.27
vn -0.90659 -0.371497 -0.200211
v -18.5541 -51.9403 1095.88
vn -0.675593 0.0772194 -0.73322
v -15.387 -55.9867 1090
vn -0.945257 0.104092 -0.30928
v -16.5961 -55.4574 1092.6
vn -0.928228 0.121674 -0.351552
v -16.5095 -55.8494 1091.69
vn -0.917507 -0.157402 -0.365248
v -16.5516 -54.1937 1091.74
vn -0.49819 0.639816 -0.585186
v -16.9854 -56.1903 1092.89
vn 0.59792 -0.425883 -0.679054
v -14.3312 -57.0063 1090.07
vn -0.282361 0.957996 -0.0501564
v -17.1237 -45.488 1107.91
vn 0.377027 0.909459 0.175312
v -15.4644 -44.9626 1102.88
vn -0.961764 -0.11275 -0.249597
v -16.6369 -46.0905 1105.47
vn 0.346037 0.924652 0.158991
v -16.4483 -44.3517 1101.47
vn -0.858599 -0.298658 0.416667
v -17.4643 -47.5249 1102.22
vn -0.721264 -0.483442 0.496046
v -17.8454 -47.9426 1101.29
vn -0.337355 0.927855 0.158988
v -17.9013 -45.5223 1101.85
vn -0.676502 -0.255518 0.690692
v -18.3064 -46.955 1101.38
vn -0.364218 0.182561 0.913245
v -18.4284 -44.6875 1101.31
vn -0.68256 -0.500028 0.532995
v -18.1946 -48.7555 1099.44
vn -0.796804 -0.142858 0.587107
v -18.7172 -49.8392 1098.24
vn -0.713712 -0.563928 -0.415452
v -18.1499 -51.5308 1093
vn -0.533841 -0.147758 -0.832575
v -17.7517 -50.8234 1092.08
vn -0.378571 0.251169 -0.890841
v -15.3033 -53.2229 1090.09
vn 0.421742 -0.0424055 0.905724
v -17.5832 -41.56 1100.9
vn 0.263781 -0.051282 0.963218
v -19.0397 -42.5906 1101.17
vn 0.813744 0.421161 0.400555
v -15.6479 -43.4855 1100.06
vn 0.754838 0.138738 0.641071
v -16.3011 -40.8257 1099.96
vn 0.207251 0.701637 0.681727
v -16.4591 -43.7279 1100.83
vn -0.173043 0.344916 0.922545
v -17.9548 -44.149 1101.25
vn 0.432568 0.644647 -0.63033
v -15.3317 -43.1533 1094.48
vn -0.230751 0.316269 -0.920178
v -15.4503 -46.9947 1091.91
vn 0.223592 0.465456 -0.856363
v -16.1575 -44.1208 1093.21
vn -0.143661 0.249604 -0.957632
v -17.0613 -45.5566 1092.68
vn 0.70557 -0.0626678 0.705864
v -17.313 -39.1682 1101.37
vn 0.86044 0.442312 0.252988
v -17.2712 -37.8858 1100.55
vn 0.691546 0.460455 0.556548
v -18.1258 -37.6981 1102.33
vn 0.585831 0.799641 0.131819
v -17.8066 -37.2358 1100.51
vn 0.530424 -0.173341 0.829821
v -18.3353 -38.1694 1102.52
vn 0.1815 0.983305 -0.012993
v -18.2954 -37.0104 1099.84
vn 0.330646 -0.0264183 0.943385
v -19.0749 -38.0116 1102.95
vn 0.426036 0.756963 0.49548
v -18.8735 -37.5485 1102.74
vn 0.0868058 0.950307 0.298968
v -18.8731 -37.2202 1102.24
vn 0.00550055 0.990515 -0.137296
v -18.7747 -37.0268 1099.27
vn -0.198349 0.98013 -0.0014385
v -19.2949 -37.0222 1099.79
vn 0.77933 0.621303 -0.0814077
v -16.9622 -38.1034 1098.76
vn 0.48558 0.855354 -0.180505
v -17.7442 -37.2979 1098.91
vn 0.618186 0.658421 -0.429335
v -17.6337 -38.0783 1097.07
vn 0.172626 0.955753 -0.238196
v -18.2495 -37.1604 1098.82
vn 0.431723 0.673702 -0.599784
v -18.1105 -38.1592 1096.53
vn 0.324142 0.85421 -0.406519
v -18.1995 -37.8472 1096.94
vn 0.0971435 0.930346 -0.35358
v -19.1501 -37.6588 1096.8
vn 0.185892 0.824057 -0.53514
v -19.1215 -37.8772 1096.35
vn 0.66291 0.604699 -0.441462
v -15.3903 -41.7462 1096.05
vn 0.532888 0.539797 -0.651651
v -17.8516 -41.2005 1094.04
vn 0.250525 0.470653 -0.846004
v -18.9108 -40.1983 1094.09
vn -0.978823 -0.185524 0.0865234
v -14.2797 -46.3083 1071.92
vn -0.893315 -0.415726 0.170763
v -18.0628 -87.5769 1111.75
vn -0.458292 -0.685952 -0.565189
v -16.1908 -95.9372 1089.84
vn -0.750914 -0.563615 0.34419
v -17.532 -94.4388 1090.75
vn -0.751921 -0.603819 -0.264609
v -17.4298 -94.83 1089.83
vn -0.344923 -0.485735 -0.803174
v -17.27 -93.7162 1088.61
vn -0.202142 0.230751 0.951784
v -18.814 -81.0826 1111.71
vn -0.813726 -0.0893725 0.574336
v -19.939 -82.4872 1111.09
vn -0.971515 -0.232233 -0.0471777
v -20.6001 -81.541 1109.55
vn -0.879162 -0.425905 -0.213729
v -19.3651 -84.1059 1108.55
vn -0.924896 -0.241816 -0.293416
v -20.0984 -81.6489 1107.99
vn -0.951782 -0.293286 -0.0899666
v -18.353 -84.1118 1103.7
vn -0.0160367 -0.274953 -0.961324
v -17.8733 -91.3451 1087.85
vn -0.927401 -0.365079 0.0815096
v -19.9901 -90.3279 1089.38
vn -0.694005 0.153607 0.703393
v -20.3759 -78.4362 1110.41
vn -0.978847 0.00323647 0.20457
v -20.7818 -79.3151 1109.67
vn -0.960922 -0.0411332 -0.273747
v -20.5667 -77.4013 1107.77
vn -0.962191 -0.0233313 -0.271374
v -19.2889 -79.441 1105.46
vn -0.990394 0.137945 0.00949869
v -17.9681 -81.6864 1098.87
vn -0.990623 -0.126681 0.0511687
v -17.8949 -80.7628 1098.48
vn -0.995051 -0.0722603 0.0682033
v -18.4856 -84.4105 1098.92
vn -0.951791 -0.156374 0.263896
v -19.152 -84.6551 1094.63
vn -0.770698 -0.406205 -0.49094
v -20.0083 -88.4776 1087.11
vn -0.163139 -0.217153 -0.962409
v -20.1426 -85.8668 1086.86
vn -0.0566926 0.419807 0.905841
v -19.1602 -72.991 1109.03
vn -0.267433 0.31607 0.910263
v -19.5611 -75.3708 1109.86
vn -0.526564 0.405454 0.74722
v -19.6548 -73.0492 1108.94
vn -0.696212 0.299084 0.652562
v -20.4947 -75.6841 1109.22
vn -0.978568 -0.0448752 -0.200974
v -20.3225 -73.971 1106.86
vn -0.871206 -0.171909 -0.459834
v -19.7916 -74.3387 1105.96
vn -0.996733 -0.0328599 -0.0737848
v -18.2454 -79.7271 1099.65
vn -0.92798 -0.323234 0.185398
v -18.2894 -79.8649 1098.07
vn -0.953494 0.102327 0.28351
v -19.0734 -81.4953 1094.36
vn 0.0220208 -0.227607 -0.973504
v -17.1532 -85.3419 1086.54
vn -0.398508 0.0899086 0.912747
v -18.7789 -69.4779 1107.03
vn -0.891485 -0.322719 -0.317974
v -18.3061 -73.41 1102.93
vn -0.934435 -0.310318 -0.174738
v -20.0735 -71.3133 1104.1
vn -0.749087 -0.648004 -0.13769
v -20.1955 -70.5568 1102.14
vn -0.7462 0.402759 0.530067
v -19.9863 -68.6967 1105.16
vn -0.933468 0.348383 0.0852469
v -19.8641 -65.4198 1103.22
vn -0.945882 -0.250576 0.206199
v -20.5763 -69.9196 1102.38
vn -0.904997 0.288153 0.312966
v -21.1349 -68.3096 1101.11
vn -0.865171 -0.497358 -0.0641429
v -21.5431 -69.0252 1099.76
vn -0.965408 0.0540163 0.255088
v -21.7211 -68.2789 1099.98
vn -0.618698 -0.731324 -0.287014
v -20.4775 -69.6786 1099.02
vn -0.871778 -0.394707 -0.290189
v -21.5229 -68.1042 1097.84
vn -0.813999 -0.546774 -0.196072
v -17.9417 -70.515 1095.71
vn 0.228732 -0.325759 -0.917367
v -19.5336 -77.0862 1084.42
vn 0.168632 -0.311777 -0.935071
v -19.6469 -74.8479 1083.3
vn -0.389696 0.291371 0.873636
v -18.604 -63.1729 1106.47
vn 0.0170151 0.389708 0.920781
v -18.6325 -62.3076 1105.96
vn 0.318737 -0.214644 0.92322
v -18.7688 -60.0141 1106.23
vn -0.422489 0.0804412 0.902791
v -19.0921 -63.2772 1106.28
vn -0.481983 -0.17633 0.858254
v -19.6206 -62.7628 1106.25
vn 0.348061 -0.0251266 0.937135
v -19.6838 -61.6514 1106.31
vn -0.884574 0.403514 -0.23389
v -20.4193 -61.0932 1105.14
vn -0.815527 0.244431 0.524566
v -20.8902 -62.0386 1105.52
vn -0.90233 -0.16469 0.398344
v -20.3019 -63.584 1105.68
vn -0.981653 -0.18982 -0.018031
v -20.4301 -63.7895 1105.21
vn -0.927504 -0.0842686 -0.36419
v -20.5362 -62.8758 1104.81
vn -0.941548 0.00329523 -0.336862
v -20.7689 -62.2304 1105.07
vn -0.904459 0.00248565 -0.426553
v -18.7423 -63.9046 1101
vn -0.908417 -0.00289865 -0.418056
v -18.5155 -62.5129 1100.42
vn -0.752112 0.133181 0.645438
v -18.7607 -62.7248 1099.95
vn -0.791819 0.388411 0.471339
v -19.3073 -64.3161 1100.06
vn -0.596392 0.201598 0.776965
v -19.3381 -63.5296 1099.72
vn -0.939811 0.323797 0.10914
v -19.4014 -64.4732 1098.48
vn -0.957514 -0.230233 0.173666
v -19.4045 -63.6168 1099.2
vn -0.957733 -0.162466 0.237385
v -19.3569 -64.011 1098.29
vn -0.49865 0.00568267 0.866785
v -19.6217 -62.9705 1099.46
vn -0.831706 0.511486 0.215979
v -21.3462 -66.879 1099.4
vn -0.895095 0.433674 0.103599
v -20.0222 -64.6428 1096.88
vn -0.980367 -0.0231492 0.19582
v -19.8262 -63.9738 1097.15
vn -0.952068 0.256169 -0.167164
v -20.3905 -65.6551 1094.57
vn -0.992033 0.0862811 0.0917934
v -20.2568 -64.9895 1094.84
vn -0.995698 0.0201769 -0.0904321
v -20.2915 -65.1899 1094.38
vn -0.753188 -0.378788 -0.537799
v -20.8481 -67.258 1094.69
vn -0.718341 -0.0678541 -0.692374
v -20.4557 -66.887 1094.25
vn -0.916766 0.376063 -0.134598
v -21.2948 -66.7502 1097.17
vn -0.917674 0.171435 -0.358446
v -21.0406 -66.6104 1094.94
vn -0.985713 0.114381 -0.123642
v -21.7543 -67.4966 1098
vn -0.961667 0.00486253 -0.274175
v -21.5432 -67.488 1097.47
vn -0.982909 -0.167978 0.0753259
v -18.2535 -69.2746 1092.44
vn -0.847265 -0.477179 -0.23333
v -18.5252 -68.8434 1093.33
vn -0.874983 -0.420987 -0.239113
v -18.5802 -68.1253 1092.47
vn -0.693918 -0.579513 -0.427367
v -19.495 -68.0402 1094.01
vn -0.705124 -0.276853 -0.652804
v -19.9287 -67.0592 1093.8
vn -0.901994 -0.14247 -0.407565
v -20.1223 -66.4969 1093.86
vn -0.952082 -0.301543 -0.0511126
v -20.2318 -65.7818 1093
vn -0.877483 -0.474034 -0.0729025
v -19.9193 -66.0573 1092.05
vn -0.979304 -0.12714 0.157475
v -18.9021 -68.4139 1089.3
vn -0.946953 0.22182 0.232542
v -19.3701 -69.4947 1088.11
vn -0.951787 0.283866 0.116279
v -19.2595 -68.5061 1086.6
vn -0.107875 0.0289722 -0.993742
v -17.8433 -70.169 1082.62
vn -0.664622 0.396123 -0.633533
v -19.1955 -70.5496 1083.12
vn -0.612713 0.698735 -0.36926
v -18.9483 -69.4128 1084.28
vn -0.902437 0.418153 -0.10371
v -20.2104 -70.3345 1086.24
vn -0.942988 0.206979 0.26064
v -20.8784 -72.6072 1086.08
vn -0.862328 0.490379 0.126171
v -19.2912 -59.1 1105.45
vn -0.978287 0.120577 -0.168571
v -18.9229 -61.0205 1101.39
vn -0.872544 -0.2162 0.438093
v -19.1471 -60.7715 1100.72
vn -0.642895 -0.242555 0.726535
v -18.9164 -62.208 1099.9
vn -0.724958 -0.152436 0.671713
v -19.7543 -61.2017 1099.78
vn -0.587092 -0.127207 0.799463
v -20.045 -62.534 1099.25
vn -0.931901 -0.320948 0.168977
v -19.9498 -63.3224 1097.41
vn -0.936073 0.0807694 0.34241
v -20.4719 -60.52 1098.9
vn -0.998596 -0.0397792 0.034992
v -20.7969 -59.9522 1096.46
vn -0.991348 -0.102141 0.0824394
v -20.3742 -64.2749 1093.98
vn -0.977785 -0.172689 -0.118804
v -20.567 -64.7548 1090.36
vn -0.553248 0.485506 -0.676905
v -18.1716 -66.7716 1086.46
vn -0.979089 0.174792 0.104082
v -19.1223 -67.642 1087.33
vn -0.356703 0.507481 -0.784363
v -18.1853 -59.7721 1090
vn -0.788227 0.30073 -0.536898
v -19.7981 -61.7555 1089.66
vn -0.980158 0.197652 0.0149444
v -19.0032 -52.0909 1098.1
vn -0.981705 0.0529294 0.182905
v -18.9283 -51.5939 1097.98
vn -0.892454 -0.186163 0.410936
v -19.1194 -50.7179 1097.5
vn -0.886724 -0.437185 0.150298
v -19.2164 -50.9217 1097.04
vn -0.894593 0.376881 -0.240132
v -19.4926 -54.6875 1095.91
vn 0.228416 0.551794 -0.802091
v -18.5357 -55.4123 1093.01
vn -0.605163 -0.504512 0.615829
v -19.2567 -47.2021 1100.34
vn -0.557806 -0.166477 0.813104
v -19.3467 -45.925 1100.88
vn -0.700889 -0.35753 0.617193
v -19.3935 -49.6151 1097.56
vn -0.786093 -0.501454 0.361389
v -19.5774 -50.4818 1096.83
vn -0.58118 -0.599381 0.550429
v -20.5154 -49.2825 1096.8
vn -0.631146 -0.579471 0.515625
v -21.4394 -48.1498 1097.35
vn -0.926648 -0.145803 0.346504
v -22.9468 -47.0518 1096.24
vn -0.578869 -0.809655 -0.0968009
v -19.2882 -50.9981 1094.34
vn -0.221832 -0.0567102 -0.973434
v -18.8377 -49.5885 1092.52
vn -0.402707 -0.86939 -0.286335
v -19.3133 -50.8711 1093.74
vn -0.379053 -0.621654 -0.685467
v -19.3051 -50.5027 1092.97
vn -0.335668 -0.913797 -0.228697
v -20.8291 -50.4659 1093.47
vn -0.66787 -0.730006 0.145054
v -21.8694 -49.9469 1093.73
vn -0.390424 -0.589935 -0.706786
v -21.8563 -49.5746 1092.82
vn -0.754339 -0.572852 0.320645
v -22.5993 -48.7459 1094.81
vn 0.0957142 -0.452901 0.886408
v -19.6712 -40.6951 1101.88
vn -0.144729 -0.345509 0.927188
v -20.0728 -42.0636 1101.23
vn -0.425235 -0.522878 0.738765
v -20.6783 -40.5134 1101.75
vn -0.40437 -0.475539 0.781247
v -20.7522 -39.6465 1102.46
vn -0.396509 -0.101106 0.912446
v -20.4499 -43.9504 1100.68
vn -0.741684 -0.23666 0.627612
v -21.2608 -44.912 1099.78
vn -0.745342 -0.302612 0.594046
v -21.2609 -41.3598 1100.44
vn -0.914207 -0.0418191 0.403084
v -21.9572 -45.5456 1098.38
vn -0.317384 0.407695 -0.856185
v -20.653 -44.757 1093.77
vn -0.735733 0.40505 -0.5428
v -21.873 -44.4326 1094.64
vn -0.940915 0.138336 -0.3091
v -22.0509 -42.7291 1096.07
vn -0.984807 0.163228 0.0592612
v -22.3977 -45.0471 1097.05
vn -0.929892 0.335982 -0.149724
v -22.9175 -46.2661 1094.27
vn -0.0943463 0.0897217 -0.991488
v -21.9361 -48.0137 1092.66
vn -0.230579 0.45713 -0.858991
v -22.5452 -46.4736 1093.29
vn 0.219544 -0.428346 0.876539
v -19.7932 -39.108 1102.83
vn -0.108259 -0.14586 0.983364
v -19.9862 -38.5215 1103.11
vn -0.0917622 0.42001 0.902868
v -19.8633 -37.9914 1103.07
vn -0.246886 0.802296 0.543479
v -19.8696 -37.6157 1102.68
vn -0.568107 0.629731 0.529806
v -20.4117 -38.0851 1102.9
vn -0.470217 0.84614 0.250885
v -20.3532 -37.5761 1102.14
vn -0.644686 -0.0124275 0.764346
v -20.8156 -38.701 1102.77
vn -0.881048 -0.129453 0.454968
v -21.5893 -39.2049 1101.67
vn -0.822993 0.4503 0.346283
v -21.3465 -38.5334 1101.95
vn -0.629645 0.775124 -0.0522374
v -21.2427 -37.845 1099.48
vn -0.159412 0.965086 -0.207841
v -19.701 -37.3784 1097.73
vn -0.282434 0.853701 -0.437523
v -20.1213 -37.8818 1096.29
vn -0.977852 0.126247 0.166934
v -22.1068 -39.1074 1099.42
vn -0.759807 0.424578 -0.492369
v -21.6527 -39.5518 1095.83
vn -0.377877 0.272167 -0.884949
v -19.8974 -40.2489 1094.05
vn -0.0248286 0.680389 -0.73243
v -19.4909 -39.1724 1094.7
vn -0.45347 0.184859 -0.87189
v -20.2692 -42.917 1094.22
vn -0.695136 0.176633 -0.696841
v -21.3146 -42.6336 1094.97
vn -0.968745 -0.133856 0.208845
v -20.997 -86.6777 1088.84
vn -0.23562 -0.137158 -0.962118
v -20.624 -86.3499 1087.04
vn -0.439943 -0.26922 -0.856721
v -20.6488 -85.8419 1086.96
vn -0.885365 -0.244026 -0.395703
v -21.1527 -86.1653 1087.52
vn -0.956445 0.0147073 0.291541
v -20.9813 -81.4908 1089.5
vn -0.333303 -0.333683 -0.881796
v -20.6852 -84.9213 1086.57
vn -0.989499 -0.0629049 0.13013
v -21.2871 -84.8546 1088.04
vn -0.52436 -0.311996 -0.792279
v -21.2228 -84.3423 1086.7
vn -0.960103 0.0995248 0.261335
v -21.4183 -78.5509 1087.51
vn -0.976396 -0.126258 -0.175244
v -21.6759 -79.6201 1086.32
vn -0.0763897 -0.321648 -0.943773
v -21.0059 -77.6735 1084.45
vn 0.1282 -0.419072 -0.898857
v -21.037 -76.7897 1083.98
vn -0.269495 -0.0428867 -0.962046
v -21.1026 -75.1808 1083.36
vn -0.958701 0.245636 -0.14337
v -21.6796 -75.221 1083.88
vn -0.848636 -0.52664 0.04967
v -23.2059 -48.0581 1093.93
vn 0.984083 -0.0847249 -0.156211
v 21.983 -47.2866 1094.15
vn 0.739203 -0.321088 -0.592014
v 21.1852 -47.9257 1092.74
vn 0.660017 0.452645 -0.599574
v 21.8824 -45.9128 1093.55
vn 0.735741 -0.469462 -0.48815
v 19.5447 -88.596 1088.3
vn 0.581827 -0.133358 -0.802305
v 19.913 -84.6874 1085.96
vn 0.352215 -0.410488 -0.841097
v 19.913 -84.6874 1085.96
vn 0.599462 -0.148126 -0.786578
v 20.8524 -80.3112 1085.91
vn 0.945132 0.0876759 -0.314704
v 20.8524 -80.3112 1085.91
vn 0.60674 0.101237 0.788427
v 18.9404 -68.8551 1107.58
vn 0.0803507 -0.0660846 -0.994574
v 19.4104 -73.8281 1083.39
vn 0.924954 0.131788 -0.356499
v 19.4104 -73.8281 1083.39
vn 0.666555 0.661809 -0.343093
v 20.5029 -63.6583 1100.54
vn 0.823143 0.548281 0.147729
v 20.5029 -63.6583 1100.54
vn 0.269254 0.961508 -0.0548147
v 19.6167 -61.7955 1102.41
vn 0.440983 0.889427 0.120225
v 18.5842 -61.5774 1101.17
vn 0.287279 0.956854 -0.043597
v 18.0361 -61.3687 1102.13
vn 0.900253 0.25055 -0.356048
v 20.2447 -70.0846 1086.94
vn 0.419422 0.367093 0.830258
v 18.4901 -57.6374 1107.1
vn 0.0135494 -0.15653 0.98758
v 18.6272 -44.2888 1101.4
vn 0.729802 -0.327544 0.600087
v 17.6836 -46.5843 1101.22
vn 0.00290044 0.213932 0.976844
v 17.2238 -46.3592 1101.78
vn 0.499949 -0.301494 -0.811882
v 18.905 -47.9881 1091.54
vn 0.491063 -0.383687 -0.782075
v 18.7553 -49.4361 1091.99
vn -0.43363 -0.539184 0.721973
v 17.6131 -37.3411 1104.96
vn 0.0865269 -0.267034 0.959795
v 17.6131 -37.3411 1104.96
vn 0.913245 0.385232 -0.13259
v 19.8744 -36.2039 1102.34
vn -0.518522 0.850826 -0.0850233
v 17.6636 -35.483 1100.81
vn -0.549257 0.824701 0.134852
v 16.2885 -36.401 1102.21
vn 0.420904 0.907102 -0.00241801
v 19.2609 -35.9283 1098.92
vn 0.510804 0.599187 -0.616486
v 19.2609 -35.9283 1098.92
vn 0.287153 0.668138 -0.686392
v 18.7517 -35.6924 1098.79
vn -0.506102 0.757132 -0.413053
v 18.7517 -35.6924 1098.79
vn -0.0388106 0.299426 0.95333
v 15.015 -87.733 1114.7
vn 0.767383 -0.556346 -0.318751
v 18.1627 -91.7102 1089.55
vn 0.590366 -0.713146 -0.37801
v 16.7501 -93.4335 1089.66
vn -0.0937111 -0.25485 -0.962429
v 19.3371 -82.8428 1085.23
vn 0.277821 0.404222 0.871447
v 16.6179 -57.811 1108.13
vn -0.21745 -0.253078 0.942691
v 14.2332 -59.3918 1107.21
vn -0.537499 -0.096171 0.837763
v 13.7185 -58.9759 1106.96
vn 0.340693 0.935495 0.0936845
v 17.5509 -61.2346 1101.5
vn 0.753879 0.33608 0.56455
v 17.5509 -61.2346 1101.5
vn 0.246039 0.128997 -0.960638
v 18.6891 -69.8915 1083.49
vn 0.112807 0.533731 0.838096
v 16.5846 -56.9119 1107.69
vn -0.411143 0.0211964 0.911324
v 14.5898 -57.1102 1107.73
vn 0.209129 0.977436 0.0297305
v 14.0741 -56.273 1106.87
vn -0.57624 0.382318 0.722344
v 14.0741 -56.273 1106.87
vn -0.0724853 0.432973 0.898488
v 14.0741 -56.273 1106.87
vn -0.0624074 0.202393 0.977314
v 13.6227 -57.3011 1107.06
vn 0.854233 0.461473 -0.239432
v 17.3865 -58.5645 1101.98
vn 0.956724 0.232005 0.175648
v 17.3865 -58.5645 1101.98
vn 0.451274 0.850119 -0.271385
v 17.3865 -58.5645 1101.98
vn 0.723104 0.636318 0.268738
v 15.3282 -56.5674 1104.81
vn 0.404327 0.807207 -0.430042
v 15.3282 -56.5674 1104.81
vn 0.859115 0.00554585 0.511752
v 17.0762 -60.0961 1101.53
vn 0.729322 0.433807 -0.529056
v 18.175 -64.6448 1089.63
vn 0.921873 0.0975681 0.375007
v 14.0231 -47.2167 1112.71
vn 0.438454 0.851736 0.286887
v 14.0231 -47.2167 1112.71
vn 0.902231 -0.098777 0.419788
v 13.8813 -47.6878 1112.91
vn 0.41216 -0.742594 0.5279
v 13.8813 -47.6878 1112.91
vn 0.894579 0.113398 0.432283
v 13.5903 -54.752 1104.13
vn 0.894033 0.196946 0.40239
v 16.4883 -56.4502 1099.93
vn 0.750407 -0.654485 0.0924069
v 15.6844 -48.2528 1108.9
vn 0.948061 0.247046 0.200372
v 15.5316 -47.3417 1108.5
vn 0.593919 0.769664 -0.23426
v 15.6883 -47.7299 1107.58
vn 0.893731 -0.431259 -0.123534
v 15.6883 -47.7299 1107.58
vn 0.874991 0.253655 -0.412372
v 15.6883 -47.7299 1107.58
vn 0.874991 0.253655 -0.412372
v 15.2101 -48.3514 1106.19
vn 0.977752 0.0572798 0.201791
v 15.2101 -48.3514 1106.19
vn 0.874991 0.253655 -0.412372
v 15.1198 -47.6512 1106.43
vn 0.868543 0.334364 0.365833
v 16.2601 -47.6628 1102.68
vn 0.823611 -0.549601 0.140017
v 15.5535 -48.0082 1104.42
vn 0.157161 0.977276 0.142242
v 15.3052 -47.3637 1104.68
vn 0.820111 0.473126 0.321823
v 15.7063 -46.7986 1102.83
vn -0.0911155 0.961119 0.260667
v 15.7063 -46.7986 1102.83
vn 0.950012 -0.1055 -0.293849
v 14.707 -52.8892 1090.67
vn 0.907252 0.313791 -0.280053
v 14.4158 -52.7697 1092.23
vn 0.80907 -0.558498 0.182991
v 14.4158 -52.7697 1092.23
vn 0.933819 -0.298974 0.196458
v 14.55 -53.556 1090.4
vn 0.35776 0.55287 0.752557
v 16.7002 -45.8794 1101.68
vn -0.44496 0.783556 0.433649
v 16.7002 -45.8794 1101.68
vn -0.833782 0.320694 0.449403
v 14.6663 -44.0613 1099.76
vn -0.335008 0.0322994 0.941662
v 14.2632 -45.7635 1099.64
vn -0.543326 0.698547 0.465648
v 13.2708 -45.5257 1099.02
vn -0.440258 -0.132426 0.888052
v 16.0189 -39.0486 1101.15
vn -0.908366 0.255434 0.331098
v 16.0189 -39.0486 1101.15
vn 0.645397 -0.166765 -0.745421
v 16.948 -43.9984 1092.12
vn -0.137192 0.819063 -0.557059
v 13.8157 -42.9513 1093.98
vn -0.967058 0.245927 -0.0657201
v 16.0461 -36.7482 1100.17
vn 0.528364 -0.824071 -0.2043
v 14.7791 -95.1934 1091.39
vn 0.954121 -0.273385 -0.122118
v 13.7676 -90.2013 1098.99
vn -0.375894 0.538734 0.753969
v 12.7398 -59.1661 1106.6
vn -0.377201 0.509391 0.77346
v 12.727 -58.7442 1106.32
vn 0.261609 0.544502 0.796918
v 12.727 -58.7442 1106.32
vn 0.233543 -0.170702 0.957245
v 12.727 -58.7442 1106.32
vn 0.31231 -0.155461 0.937173
v 12.2186 -58.704 1106.46
vn 0.290906 0.6727 0.680329
v 10.7 -59.6243 1108.25
vn 0.387323 0.426515 0.817353
v 10.7 -59.6243 1108.25
vn 0.608348 0.647462 0.459026
v 13.0674 -55.9337 1106.49
vn -0.0782517 0.637799 0.766217
v 13.0674 -55.9337 1106.49
vn 0.37454 0.238033 0.896136
v 13.0674 -55.9337 1106.49
vn -0.0724853 0.432973 0.898488
v 12.5786 -56.3646 1106.8
vn 0.170714 -0.0477283 0.984164
v 12.5786 -56.3646 1106.8
vn 0.912436 0.0384957 0.407405
v 12.5335 -55.3811 1106.55
vn 0.492902 0.0927921 0.865123
v 12.5335 -55.3811 1106.55
vn 0.166837 0.109501 0.979885
v 11.547 -58.0192 1106.84
vn 0.177993 -0.0996567 0.978972
v 11.4916 -55.1102 1107.23
vn -0.328057 -0.554718 0.764635
v 11.4916 -55.1102 1107.23
vn 0.800205 -0.321915 0.506006
v 11.4916 -55.1102 1107.23
vn -0.352914 -0.00863415 0.935616
v 9.58051 -54.9719 1106.51
vn -0.433789 0.464481 0.772065
v 9.62606 -57.151 1106.51
vn -0.942009 -0.0201394 0.334983
v 9.62606 -57.151 1106.51
vn 0.0698773 0.821535 -0.565861
v 11.0519 -62.2833 1089.03
vn 0.203534 0.230472 -0.951555
v 11.9987 -66.0407 1082.52
vn -0.0702626 -0.706178 0.704539
v 11.3079 -47.3418 1114.24
vn 0.144848 0.559431 0.816123
v 11.2608 -46.5951 1114.4
vn 0.374507 0.838624 0.395543
v 11.2608 -46.5951 1114.4
vn 0.144848 0.559431 0.816123
v 10.2511 -46.5659 1114.56
vn -0.40553 -0.470661 0.783596
v 10.2511 -46.5659 1114.56
vn -0.388161 0.510317 0.767403
v 10.2511 -46.5659 1114.56
vn -0.491765 -0.511543 0.704621
v 10.7778 -52.9944 1108.46
vn 0.543312 0.0042805 0.83952
v 12.4407 -53.7276 1106.61
vn -0.450406 -0.119448 -0.884798
v 13.7663 -57.5909 1089.96
vn -0.389636 0.434737 0.811904
v 10.2385 -46.145 1114.28
vn 0.202127 0.907453 0.36834
v 10.2385 -46.145 1114.28
vn -0.389636 0.434737 0.811904
v 9.26047 -46.3406 1113.91
vn -0.0352303 0.931021 0.36326
v 9.24263 -45.8826 1113.71
vn -0.818206 0.202844 0.537953
v 9.24263 -45.8826 1113.71
vn -0.633657 0.667838 0.390477
v 9.24263 -45.8826 1113.71
vn -0.73312 0.661358 0.158558
v 8.34439 -45.9512 1112.37
vn -0.73312 0.661358 0.158558
v 8.77313 -45.4283 1112.17
vn -0.353838 0.925305 -0.136413
v 8.77313 -45.4283 1112.17
vn -0.240025 -0.200726 -0.949788
v 13.577 -53.9272 1089.62
vn 0.334619 -0.655241 -0.677266
v 11.1478 -55.8534 1090.43
vn -0.173503 -0.885778 -0.430457
v 11.1478 -55.8534 1090.43
vn 0.959466 -0.213396 -0.184084
v 11.9743 -51.7956 1088.4
vn 0.898767 0.414035 -0.144199
v 11.9743 -51.7956 1088.4
vn 0.899145 0.383336 -0.211166
v 11.7701 -51.7438 1087.27
vn 0.888018 0.316257 -0.333775
v 11.4251 -51.5014 1086.6
vn 0.890751 0.316811 -0.325875
v 10.8595 -50.8114 1085.73
vn 0.459407 -0.686615 -0.563476
v 10.1744 -51.2459 1084.78
vn -0.313794 0.886141 -0.341009
v 11.9488 -44.5324 1092.6
vn -0.174919 0.952451 -0.249481
v 12.0613 -45.138 1090.45
vn 0.312394 0.923535 -0.222472
v 10.7791 -46.8038 1086.18
vn 0.528973 0.762359 0.372823
v 11.2582 -46.995 1078.12
vn 0.651448 0.00356481 -0.758685
v 10.8119 -50.528 1068.71
vn 0.896836 0.435986 0.0748456
v 10.0746 -43.9493 1074.56
vn 0.0720808 0.991489 -0.108419
v 10.0746 -43.9493 1074.56
vn 0.41469 0.892598 -0.176923
v 10.6271 -44.6775 1072.18
vn 0.598962 0.551981 -0.580139
v 10.2202 -44.6073 1071.58
vn 0.718091 0.42744 -0.549218
v 10.9576 -48.2841 1068.84
vn 0.502593 -0.657285 0.561584
v 10.2289 -92.4313 1115.61
vn 0.0861507 0.501721 0.860729
v 7.68639 -59.9769 1108.97
vn -0.244172 0.200751 0.948725
v 6.17388 -59.6158 1108.68
vn -0.584721 0.488945 0.647329
v 8.85481 -55.3456 1104.44
vn -0.972538 0.221031 0.0728994
v 8.50327 -57.9252 1106.08
vn -0.568826 0.793182 -0.217484
v 8.00138 -58.4221 1102.44
vn 0.0229451 -0.38694 -0.921819
v 10.0457 -66.6219 1081.99
vn 0.01697 0.275594 -0.961124
v 9.48679 -65.7335 1082.24
vn -0.210451 0.208538 -0.955103
v 7.50854 -66.2876 1082.36
vn -0.277517 0.946869 -0.162554
v 8.66478 -46.7527 1103.47
vn -0.968392 0.146745 0.201702
v 8.66478 -46.7527 1103.47
vn -0.841144 -0.452595 0.296031
v 5.62811 -50.2767 1098.8
vn -0.616339 0.786057 0.0473286
v 5.62811 -50.2767 1098.8
vn -0.877554 0.368116 0.30723
v 5.62811 -50.2767 1098.8
vn 0.344853 0.90962 -0.231662
v 9.2432 -46.0813 1086.73
vn 0.28773 -0.935435 -0.205359
v 9.62744 -53.4823 1073.72
vn 0.0848367 -0.951576 -0.295476
v 9.12355 -53.8935 1074.41
vn -0.446819 -0.874447 -0.188932
v 8.72159 -53.392 1073.63
vn -0.649306 -0.502817 -0.570593
v 9.14569 -53.5309 1073.27
vn -0.446819 -0.874447 -0.188932
v 9.14569 -53.5309 1073.27
vn -0.0550573 -0.955161 -0.290921
v 8.60929 -54.0394 1074.99
vn -0.808146 -0.303638 -0.504682
v 8.62803 -53.7561 1074.05
vn -0.684509 -0.68673 -0.244643
v 8.62803 -53.7561 1074.05
vn 0.119024 -0.948351 -0.294046
v 10.2083 -52.9428 1070.74
vn -0.819349 -0.496135 -0.287257
v 9.20951 -53.0249 1070.77
vn -0.0682459 -0.883222 -0.463963
v 9.20951 -53.0249 1070.77
vn -0.208625 0.892578 0.399726
v 7.23385 -45.4306 1082.11
vn -0.65297 0.337502 -0.678028
v 6.43107 -48.7916 1071.87
vn 0.844911 -0.452125 -0.285848
v 10.2129 -51.3199 1068.19
vn -0.138512 -0.800908 -0.582546
v 10.2129 -51.3199 1068.19
vn -0.361693 -0.0273013 -0.931898
v 10.2129 -51.3199 1068.19
vn 0.037635 0.498131 -0.866284
v 10.107 -49.3838 1068.18
vn -0.573372 0.187637 -0.797519
v 10.107 -49.3838 1068.18
vn -0.529656 0.0186653 -0.848007
v 9.701 -51.255 1068.39
vn -0.755658 -0.441882 -0.483447
v 9.701 -51.255 1068.39
vn -0.664043 0.211645 -0.717114
v 7.54326 -49.881 1070.5
vn 0.828906 0.519666 -0.207031
v 6.08999 -41.6265 1077.14
vn -0.270388 0.811632 0.517826
v 9.07842 -44.8414 1075.73
vn 0.00953764 0.928103 -0.372202
v 8.11222 -44.3993 1074.09
vn 0.737761 0.673433 0.0468664
v 8.11222 -44.3993 1074.09
vn 0.512275 0.689421 -0.512126
v 8.11222 -44.3993 1074.09
vn 0.236189 0.559644 -0.794363
v 9.85986 -46.132 1070.03
vn 0.206322 0.564156 -0.799474
v 7.66701 -44.7775 1073.14
vn 0.149147 -0.435839 0.887581
v 5.39304 -95.531 1115.49
vn -0.512174 0.724423 0.4614
v 2.80328 -61.6672 1108.02
vn -0.20636 0.276663 -0.938548
v 5.60852 -68.239 1082.44
vn -0.229522 0.487745 -0.842274
v 3.64251 -68.8905 1082.37
vn -0.817648 0.454385 0.353534
v 4.2402 -50.3626 1094.94
vn -0.805201 0.349497 0.479065
v 4.16846 -49.9148 1094.2
vn -0.794007 0.182086 0.579998
v 3.70157 -50.2497 1093.77
vn -0.281343 0.779167 0.56013
v 2.69 -49.2707 1092.56
vn 0.341652 0.458969 0.820135
v 2.69 -49.2707 1092.56
vn -0.328374 0.244383 0.912386
v 1.55657 -46.0307 1091.29
vn 0.296115 0.465084 0.834274
v 4.65042 -47.2546 1090.74
vn 0.568094 0.270261 -0.777321
v 4.05822 -43.1271 1073.84
vn 0.372288 -0.398518 -0.838203
v 4.05822 -43.1271 1073.84
vn 0.323336 0.661546 -0.676617
v 5.24848 -41.3484 1075.33
vn 0.352146 -0.384094 -0.853501
v 2.11575 -36.9955 1070.55
vn 0.921363 -0.187445 -0.34052
v 1.68612 -32.7237 1067.86
vn 0.0880342 -0.617536 -0.781601
v 1.68612 -32.7237 1067.86
vn 0.589057 -0.469486 -0.65772
v 1.78489 -27.6924 1064.36
vn 0.550792 0.131419 -0.824231
v 1.78489 -27.6924 1064.36
vn 0.062157 -0.914274 -0.400298
v 0.534401 -101.197 1092.56
vn -0.501766 0.746359 0.437241
v -0.095228 -63.5004 1107.83
vn 0.017402 0.772395 0.634904
v 0.394321 -62.3275 1106.39
vn -0.112607 0.989834 0.0868764
v 0.394321 -62.3275 1106.39
vn -0.0868862 0.149729 -0.984902
v -0.249216 -70.3645 1083.09
vn 0.195968 -0.613161 0.765265
v -1.78972 -47.9128 1089.71
vn 0.323712 0.201476 0.924456
v -1.67474 -40.5425 1089.19
vn -0.652002 0.54485 0.527286
v -1.67474 -40.5425 1089.19
vn -0.100396 0.50335 0.858231
v -1.24912 -38.338 1087.95
vn -0.850295 0.344472 0.397917
v -1.3335 -35.5466 1086.07
vn -0.886801 0.370591 0.276128
v -1.35698 -33.9282 1084.29
vn 0.336664 -0.372186 -0.864948
v 1.54531 -42.2518 1072.31
vn 0.628682 0.478136 0.613307
v -0.390907 -31.3295 1081.38
vn -0.166687 0.582818 0.795323
v -0.390907 -31.3295 1081.38
vn -0.312056 -0.2503 -0.916499
v 0.866692 -37.6898 1070.32
vn -0.815377 0.455106 0.357825
v -1.17326 -30.7738 1080.22
vn -0.0259452 -0.711086 -0.702627
v -1.82528 -32.7803 1068.05
vn -0.991282 0.0165253 -0.13072
v -2.80583 -29.3871 1065.9
vn -0.137559 0.866552 -0.479756
v 0.37809 -25.1163 1064.8
vn 0.531523 0.0846701 -0.842802
v 0.586726 -28.0822 1063.56
vn -0.257103 -0.0915728 -0.962036
v 0.009756 -26.5611 1063.35
vn -0.27065 0.804936 -0.52804
v -0.060669 -25.6594 1063.92
vn -0.585786 0.334312 -0.738302
v -0.519828 -26.1919 1063.58
vn -0.16356 -0.178174 0.97031
v -2.56288 -96.651 1115.49
vn 0.154117 0.970731 0.1842
v -3.61311 -62.8487 1107.13
vn -0.0106488 -0.0503031 -0.998677
v -1.31066 -70.3905 1083.04
vn 0.332256 -0.915922 -0.225152
v -3.23019 -51.4833 1079.72
vn 0.351704 -0.389696 -0.851141
v -2.20197 -47.9431 1073.35
vn -0.309218 -0.13086 -0.941945
v -2.25782 -46.1272 1072.52
vn 0.359648 0.0859721 -0.929119
v -4.6618 -38.6973 1072.27
vn 0.250342 0.583128 0.772845
v -7.18184 -62.1666 1107.77
vn 0.251116 0.818251 0.517114
v -7.18184 -62.1666 1107.77
vn 0.124948 0.169909 -0.977506
v -8.62351 -66.5515 1082.59
vn 0.358947 0.86713 0.345316
v -11.4597 -45.4624 1111.51
vn 0.299807 0.953994 -0.00341244
v -11.0944 -45.055 1108.63
vn 0.113396 0.961004 0.252215
v -7.45002 -49.6622 1096.36
vn 0.0578537 0.906203 0.418867
v -6.92754 -49.1401 1095
vn -0.587764 0.775711 0.229797
v -7.43106 -49.1347 1095.06
vn -0.582127 0.812916 0.0171914
v -7.94636 -49.5242 1096.03
vn -0.063929 0.997012 0.0433488
v -7.90836 -49.4736 1094.92
vn 0.525316 0.606974 0.596343
v -8.35695 -49.4775 1094.35
vn -0.479838 0.794637 0.371897
v -8.35695 -49.4775 1094.35
vn -0.251271 0.223853 0.941675
v -7.89245 -48.7665 1093.43
vn 0.338049 0.470143 0.815285
v -7.89245 -48.7665 1093.43
vn -0.451478 -0.888894 0.0776849
v -7.80704 -53.6108 1084.72
vn -0.431965 -0.85537 0.285916
v -9.19369 -53.4331 1081.28
vn -0.541054 0.836119 -0.090359
v -7.41846 -46.2437 1090.39
vn -0.564251 0.698933 0.439447
v -7.13871 -47.1693 1084.17
vn -0.753963 0.653752 0.0643979
v -9.04631 -44.0008 1076.8
vn -0.339742 0.317611 -0.885268
v -8.04962 -48.5061 1070.05
vn 0.340217 0.271893 -0.900181
v -8.04962 -48.5061 1070.05
vn -0.304379 -0.29639 0.905266
v -10.6265 -95.0182 1114.3
vn -0.549479 -0.832519 0.0706019
v -10.6265 -95.0182 1114.3
vn -0.135893 0.639546 0.756647
v -12.8053 -59.2568 1106.45
vn 0.0212647 0.645159 0.763753
v -13.2609 -61.1783 1108.09
vn 0.651567 -0.331419 0.682365
v -14.5591 -55.3223 1107.38
vn 0.778177 0.532443 0.333084
v -12.5183 -59.081 1105.3
vn 0.957278 0.188718 0.219097
v -13.1876 -58.4597 1105.54
vn -0.0374391 0.755357 0.654243
v -13.3106 -58.8378 1105.94
vn 0.529863 0.526572 0.664806
v -13.3106 -58.8378 1105.94
vn -0.0160133 0.190246 0.981606
v -13.3106 -58.8378 1105.94
vn 0.470754 0.29066 0.833011
v -13.8344 -58.3573 1105.84
vn 0.130247 -0.27211 0.953411
v -13.8344 -58.3573 1105.84
vn 0.120916 -0.378822 0.917536
v -14.3807 -57.7167 1106.11
vn 0.0789286 0.197847 -0.97705
v -9.47449 -67.2457 1082.32
vn 0.575599 -0.566061 0.590136
v -13.5201 -49.6731 1111.56
vn -0.917536 0.0160748 0.397327
v -14.8601 -51.3272 1109.59
vn 0.389841 0.7254 0.567291
v -11.7542 -45.7384 1112.16
vn 0.198151 0.769501 0.607128
v -13.8028 -45.8024 1113.46
vn 0.0447434 0.192878 0.980202
v -13.8028 -45.8024 1113.46
vn -0.200773 0.883089 0.424079
v -14.8058 -45.8203 1113.51
vn 0.135832 -0.364457 -0.92126
v -13.8602 -56.3275 1089.87
vn -0.479565 -0.50864 -0.715055
v -13.8602 -56.3275 1089.87
vn -0.337355 0.927855 0.158988
v -13.5792 -44.5853 1105.56
vn 0.390153 0.872115 -0.295288
v -11.3362 -46.7102 1102.24
vn 0.416667 0.650698 0.634807
v -14.3827 -45.0071 1100.78
vn 0.728004 0.328721 0.601625
v -12.3391 -46.7299 1097.29
vn -0.743611 0.155397 -0.650303
v -14.02 -52.6643 1088.74
vn -0.888988 0.299695 -0.346243
v -12.6652 -52.3663 1085.52
vn -0.926571 -0.36887 -0.0734942
v -12.6652 -52.3663 1085.52
vn -0.405674 -0.914018 -2.40361e-005
v -11.3684 -52.0301 1083.82
vn -0.906743 -0.409568 -0.100356
v -11.3684 -52.0301 1083.82
vn -0.4744 -0.806436 0.352995
v -10.0617 -54.2502 1078.86
vn 0.585128 0.752237 -0.302927
v -12.8022 -44.8533 1095.36
vn -0.200603 0.921061 -0.333774
v -12.4334 -46.2748 1090.55
vn -0.0800498 0.868361 -0.489429
v -12.9905 -45.8368 1091.42
vn -0.452428 0.699153 -0.55362
v -12.9905 -45.8368 1091.42
vn -0.268315 0.659308 -0.702367
v -14.1103 -44.8173 1093.09
vn -0.500945 0.856963 -0.121113
v -11.7542 -46.7687 1086.44
vn -0.644922 0.694625 -0.318702
v -13.1558 -46.5955 1090.1
vn -0.964183 0.145181 -0.221977
v -13.1558 -46.5955 1090.1
vn -0.948865 0.0664872 -0.308602
v -12.7125 -49.3489 1083.68
vn -0.704207 -0.378057 -0.600971
v -13.4312 -50.3709 1085.16
vn -0.926909 -0.37185 0.0506739
v -11.216 -52.0978 1082.22
vn 0.954243 -0.258091 -0.151029
v -10.2661 -55.9508 1071.94
vn 0.932749 -0.250231 -0.259547
v -10.3846 -55.8944 1070.82
vn -0.90683 -0.393718 0.150484
v -11.151 -56.4459 1070.88
vn 0.472533 -0.87677 -0.0893709
v -11.151 -56.4459 1070.88
vn -0.218069 -0.924688 -0.312085
v -11.151 -56.4459 1070.88
vn -0.919617 -0.375041 0.116831
v -11.8341 -55.6498 1069
vn -0.747101 -0.556638 -0.36331
v -11.8341 -55.6498 1069
vn 0.798953 -0.223777 -0.55821
v -11.6094 -55.4365 1068.21
vn -0.218069 -0.924688 -0.312085
v -11.6094 -55.4365 1068.21
vn -0.747101 -0.556638 -0.36331
v -11.6094 -55.4365 1068.21
vn -0.00159401 -0.364227 -0.931309
v -11.6094 -55.4365 1068.21
vn -0.615769 0.78609 0.0537638
v -10.5917 -46.3866 1081.51
vn -0.981454 0.190895 0.017534
v -11.3843 -46.8511 1080.5
vn 0.319083 0.284899 -0.903891
v -9.96284 -49.533 1069.11
vn 0.17022 0.430809 -0.886244
v -12.2455 -52.1117 1066.91
vn -0.13694 -0.287684 -0.947885
v -12.2455 -52.1117 1066.91
vn -0.747101 -0.556638 -0.36331
v -12.8808 -53.1471 1067.31
vn -0.13694 -0.287684 -0.947885
v -12.8808 -53.1471 1067.31
vn -0.971018 -0.234747 0.0449226
v -13.2817 -51.6213 1067.1
vn -0.268938 -0.204106 -0.941283
v -13.2817 -51.6213 1067.1
vn -0.567111 0.39534 -0.722559
v -13.2817 -51.6213 1067.1
vn -0.929827 0.135951 -0.341962
v -13.2817 -51.6213 1067.1
vn -0.353846 0.766023 0.536659
v -13.3409 -45.5789 1073.3
vn -0.396026 0.918009 -0.0205779
v -14.2182 -45.9081 1072.84
vn -0.851034 0.500049 -0.160286
v -14.2182 -45.9081 1072.84
vn 0.178378 0.766399 -0.617101
v -13.2627 -45.5349 1071.11
vn 0.136311 0.684833 -0.715837
v -13.7328 -45.7879 1070.64
vn -0.567111 0.39534 -0.722559
v -13.7328 -45.7879 1070.64
vn -0.91019 0.325057 -0.256696
v -13.7328 -45.7879 1070.64
vn -0.567111 0.39534 -0.722559
v -12.966 -49.0311 1068.27
vn -0.776927 -0.47006 0.418841
v -15.8211 -90.4737 1113.67
vn -0.288989 0.16373 0.943228
v -15.768 -60.564 1107.21
vn -0.698527 0.628802 0.341568
v -15.768 -60.564 1107.21
vn -0.260912 0.853699 0.450692
v -15.9266 -59.9896 1106.03
vn -0.708049 0.592786 0.383759
v -15.9266 -59.9896 1106.03
vn -0.614096 0.691308 0.380762
v -17.634 -62.3823 1106.96
vn -0.33453 -0.0360017 0.941697
v -16.9943 -56.496 1106.65
vn -0.327058 0.0481435 0.943777
v -17.8694 -58.266 1106.41
vn -0.711554 0.382044 0.58969
v -18.3588 -58.3611 1106.24
vn 0.158923 -0.0424074 0.98638
v -18.3588 -58.3611 1106.24
vn -0.191935 0.384429 -0.902982
v -13.4809 -67.3574 1082.42
vn -0.100043 -0.0988771 -0.990058
v -13.4809 -67.3574 1082.42
vn -0.238074 0.486121 -0.840837
v -16.4575 -68.1569 1082.8
vn 0.00121519 -0.0388962 -0.999243
v -16.4575 -68.1569 1082.8
vn -0.967308 -0.0389003 0.250605
v -15.7636 -50.6402 1107.48
vn -0.913848 -0.297304 -0.276574
v -15.7636 -50.6402 1107.48
vn -0.833961 0.314553 -0.453394
v -16.7468 -57.837 1090.89
vn 0.30081 0.214997 -0.929134
v -14.9264 -58.1338 1090.04
vn 0.297713 0.205396 -0.932298
v -15.2218 -58.841 1089.78
vn 0.539623 -0.261314 -0.800326
v -15.7297 -58.6384 1089.66
vn -0.37026 0.280229 -0.885652
v -15.7297 -58.6384 1089.66
vn 0.164333 0.105585 -0.980738
v -15.7297 -58.6384 1089.66
vn -0.254025 0.379385 -0.889684
v -16.1335 -60.0762 1089.16
vn -0.693107 0.428999 -0.579278
v -17.0942 -60.7968 1089.11
vn -0.605586 -0.228784 0.762184
v -15.7562 -46.7018 1113.42
vn -0.840037 -0.473507 0.264819
v -16.7219 -46.8272 1112.61
vn -0.605586 -0.228784 0.762184
v -16.7219 -46.8272 1112.61
vn -0.605586 -0.228784 0.762184
v -16.9126 -46.2849 1112.62
vn -0.904389 -0.32385 0.277853
v -16.9126 -46.2849 1112.62
vn -0.350128 0.853969 0.384899
v -16.9126 -46.2849 1112.62
vn -0.884032 0.455878 0.103261
v -16.9126 -46.2849 1112.62
vn -0.888144 0.445705 0.112011
v -16.742 -45.6905 1111.46
vn -0.981191 0.179423 -0.0712166
v -17.6067 -46.9449 1109.6
vn 0.205613 0.53439 -0.819848
v -17.6101 -54.5336 1093.78
vn -0.598838 0.503657 -0.622674
v -17.6931 -53.5579 1094.58
vn 0.164333 0.105585 -0.980738
v -15.387 -55.9867 1090
vn 0.207211 0.555658 -0.805175
v -16.9854 -56.1903 1092.89
vn -0.750177 0.242144 -0.615306
v -16.9854 -56.1903 1092.89
vn -0.0744733 -0.365466 -0.927841
v -14.3312 -57.0063 1090.07
vn 0.164333 0.105585 -0.980738
v -14.3312 -57.0063 1090.07
vn -0.963333 0.264015 -0.0478157
v -17.1237 -45.488 1107.91
vn 0.319225 0.881054 -0.349056
v -15.4644 -44.9626 1102.88
vn -0.235194 0.971525 0.0286992
v -15.4644 -44.9626 1102.88
vn -0.407886 0.699309 0.587023
v -15.4644 -44.9626 1102.88
vn -0.429626 0.85698 0.284616
v -16.6369 -46.0905 1105.47
vn -0.415388 0.860247 -0.295681
v -16.6369 -46.0905 1105.47
vn -0.945224 -0.0385663 0.324137
v -16.6369 -46.0905 1105.47
vn 0.193959 0.63078 0.75133
v -16.4483 -44.3517 1101.47
vn -0.407886 0.699309 0.587023
v -16.4483 -44.3517 1101.47
vn -0.407886 0.699309 0.587023
v -17.9013 -45.5223 1101.85
vn -0.95761 -0.10529 0.268135
v -17.9013 -45.5223 1101.85
vn -0.467601 0.162013 0.868965
v -17.9013 -45.5223 1101.85
vn -0.746356 -0.0224357 -0.665169
v -15.3033 -53.2229 1090.09
vn -0.158689 -0.258007 0.953022
v -19.0397 -42.5906 1101.17
vn 0.412934 0.653475 0.634394
v -15.6479 -43.4855 1100.06
vn 0.386975 0.167592 0.906732
v -16.4591 -43.7279 1100.83
vn 0.214548 0.197627 0.956511
v -17.9548 -44.149 1101.25
vn 0.217101 0.479388 0.850326
v -18.8735 -37.5485 1102.74
vn -0.91019 0.325057 -0.256696
v -14.2797 -46.3083 1071.92
vn -0.109315 -0.191239 -0.975437
v -20.0083 -88.4776 1087.11
vn -0.994596 0.0785089 0.0679358
v -20.4947 -75.6841 1109.22
vn -0.97231 0.226809 0.0563136
v -18.2894 -79.8649 1098.07
vn -0.26838 0.51465 0.814314
v -18.7789 -69.4779 1107.03
vn -0.854561 -0.103659 0.508901
v -18.7789 -69.4779 1107.03
vn -0.989471 0.0237394 0.142774
v -19.9863 -68.6967 1105.16
vn -0.972546 -0.0975047 0.211296
v -19.9863 -68.6967 1105.16
vn -0.96212 -0.0761556 -0.261772
v -19.8641 -65.4198 1103.22
vn -0.686664 0.560842 0.462546
v -18.604 -63.1729 1106.47
vn -0.351736 0.0844253 0.932284
v -18.7688 -60.0141 1106.23
vn 0.182187 0.22939 0.956132
v -19.0921 -63.2772 1106.28
vn 0.244133 0.100412 0.964529
v -19.6206 -62.7628 1106.25
vn -0.56493 0.0912576 0.820077
v -19.6838 -61.6514 1106.31
vn -0.878533 -0.297189 0.373977
v -20.8902 -62.0386 1105.52
vn -0.961125 -0.223848 -0.16165
v -20.8902 -62.0386 1105.52
vn -0.462479 -0.124478 0.877849
v -20.3019 -63.584 1105.68
vn -0.889519 0.395405 0.228934
v -18.7423 -63.9046 1101
vn -0.895883 0.287887 0.338399
v -18.5155 -62.5129 1100.42
vn -0.870495 -0.315992 0.377341
v -18.5155 -62.5129 1100.42
vn -0.995156 -0.0216372 0.0959005
v -19.3073 -64.3161 1100.06
vn -0.780489 0.624972 -0.0157375
v -19.3073 -64.3161 1100.06
vn -0.970155 -0.18445 0.157408
v -19.3381 -63.5296 1099.72
vn -0.832979 -0.421195 0.358805
v -19.6217 -62.9705 1099.46
vn -0.802626 0.475646 -0.359934
v -19.2595 -68.5061 1086.6
vn -0.898267 -0.387962 0.206403
v -20.045 -62.534 1099.25
vn -0.914707 -0.403674 -0.0189252
v -19.1223 -67.642 1087.33
vn -0.81137 0.250615 -0.528082
v -19.1223 -67.642 1087.33
vn 0.229871 0.572714 -0.786866
v -18.1853 -59.7721 1090
vn -0.440458 0.48607 -0.754807
v -18.5357 -55.4123 1093.01
vn -0.616637 0.627835 -0.474955
v -18.5357 -55.4123 1093.01
vn -0.402663 -0.903614 0.146095
v -19.5774 -50.4818 1096.83
vn -0.702377 -0.10972 -0.703298
v -21.8563 -49.5746 1092.82
vn -0.642161 -0.291524 0.708973
v -20.0728 -42.0636 1101.23
vn -0.706827 -0.0496983 -0.705639
v -21.9361 -48.0137 1092.66
vn -0.817801 0.256024 -0.515415
v -22.5452 -46.4736 1093.29
vn -0.352524 0.109854 0.929332
v -20.4117 -38.0851 1102.9
vn -0.692442 -0.185907 -0.697111
v -20.624 -86.3499 1087.04
vn -0.946061 -0.115205 -0.302814
v -21.2228 -84.3423 1086.7
vn -0.802621 -0.244579 -0.544041
v -21.0059 -77.6735 1084.45
vn -0.684678 -0.332615 -0.648524
v -21.037 -76.7897 1083.98
vn -0.631622 -0.301846 -0.714102
v -21.1026 -75.1808 1083.36
vn -0.680486 -0.318588 -0.659879
v -21.6796 -75.221 1083.88
vn -0.88082 0.0717468 -0.467983
v -23.2059 -48.0581 1093.93
f 6//6 63//63 1//1
f 1//1 63//63 60//60
f 64//64 2//2 1//1
f 1//1 1151//1151 3//3
f 1//1 3//3 8//8
f 3//3 11//11 8//8
f 3//3 10//10 11//11
f 3//3 1151//1151 10//10
f 1151//1151 4//4 10//10
f 64//64 65//65 2//2
f 64//64 1//1 60//60
f 65//65 68//68 5//5
f 2//2 65//65 5//5
f 4//4 1152//1152 66//66
f 4//4 1151//1151 1152//1152
f 1153//1153 4//4 80//80
f 4//4 66//66 80//80
f 70//70 7//7 12//12
f 8//8 6//6 1//1
f 7//7 6//6 12//12
f 6//6 9//9 12//12
f 6//6 8//8 9//9
f 9//9 98//98 12//12
f 1153//1153 81//81 11//11
f 79//79 11//11 81//81
f 79//79 8//8 11//11
f 1153//1153 80//80 81//81
f 85//85 70//70 12//12
f 13//13 16//16 14//14
f 15//15 17//17 18//18
f 15//15 18//18 120//120
f 21//21 19//19 13//13
f 16//16 1159//1159 20//20
f 16//16 13//13 19//19
f 1155//1155 125//125 1157//1157
f 22//22 23//23 1159//1159
f 22//22 19//19 21//21
f 20//20 1159//1159 23//23
f 124//124 120//120 18//18
f 27//27 22//22 32//32
f 22//22 21//21 32//32
f 32//32 21//21 33//33
f 126//126 33//33 21//21
f 41//41 124//124 18//18
f 24//24 1157//1157 125//125
f 149//149 1160//1160 1186//1186
f 22//22 27//27 29//29
f 25//25 26//26 22//22
f 29//29 25//25 22//22
f 29//29 42//42 25//25
f 26//26 23//23 22//22
f 29//29 43//43 42//42
f 128//128 25//25 1168//1168
f 128//128 26//26 25//25
f 27//27 32//32 28//28
f 32//32 30//30 28//28
f 27//27 28//28 29//29
f 29//29 28//28 43//43
f 30//30 43//43 28//28
f 31//31 43//43 30//30
f 30//30 147//147 31//31
f 34//34 32//32 33//33
f 35//35 30//30 32//32
f 35//35 32//32 1162//1162
f 126//126 55//55 33//33
f 1163//1163 55//55 36//36
f 30//30 35//35 38//38
f 37//37 35//35 1162//1162
f 36//36 1165//1165 1163//1163
f 45//45 50//50 36//36
f 1166//1166 1164//1164 1165//1165
f 30//30 38//38 147//147
f 147//147 38//38 146//146
f 1166//1166 1165//1165 1190//1190
f 36//36 1190//1190 1165//1165
f 55//55 34//34 33//33
f 55//55 46//46 36//36
f 126//126 40//40 55//55
f 126//126 124//124 40//40
f 39//39 162//162 40//40
f 39//39 41//41 162//162
f 148//148 1205//1205 1167//1167
f 1158//1158 1161//1161 1167//1167
f 1161//1161 148//148 1167//1167
f 1160//1160 149//149 1192//1192
f 42//42 43//43 151//151
f 150//150 42//42 151//151
f 151//151 43//43 44//44
f 44//44 43//43 31//31
f 147//147 155//155 31//31
f 53//53 156//156 52//52
f 45//45 36//36 46//46
f 50//50 45//45 47//47
f 47//47 48//48 50//50
f 46//46 47//47 45//45
f 48//48 47//47 46//46
f 53//53 52//52 48//48
f 49//49 53//53 48//48
f 48//48 46//46 49//49
f 53//53 49//49 54//54
f 49//49 46//46 174//174
f 51//51 48//48 160//160
f 50//50 48//48 51//51
f 156//156 160//160 52//52
f 52//52 160//160 48//48
f 174//174 54//54 49//49
f 174//174 173//173 54//54
f 55//55 174//174 46//46
f 56//56 174//174 55//55
f 55//55 162//162 56//56
f 162//162 55//55 40//40
f 163//163 1205//1205 148//148
f 174//174 56//56 175//175
f 7//7 63//63 6//6
f 60//60 63//63 7//7
f 7//7 57//57 60//60
f 7//7 76//76 57//57
f 77//77 1169//1169 76//76
f 1169//1169 58//58 1170//1170
f 58//58 1169//1169 59//59
f 77//77 59//59 1169//1169
f 59//59 61//61 58//58
f 62//62 1170//1170 58//58
f 61//61 210//210 58//58
f 189//189 62//62 1229//1229
f 210//210 1171//1171 58//58
f 1230//1230 61//61 213//213
f 61//61 59//59 213//213
f 67//67 80//80 66//66
f 195//195 65//65 64//64
f 69//69 68//68 65//65
f 60//60 194//194 64//64
f 194//194 195//195 64//64
f 195//195 69//69 65//65
f 1173//1173 66//66 1152//1152
f 1172//1172 66//66 1173//1173
f 69//69 195//195 201//201
f 201//201 216//216 69//69
f 216//216 68//68 69//69
f 1172//1172 1173//1173 217//217
f 70//70 76//76 7//7
f 76//76 70//70 71//71
f 70//70 86//86 72//72
f 71//71 70//70 72//72
f 87//87 74//74 72//72
f 86//86 87//87 72//72
f 71//71 73//73 77//77
f 71//71 1174//1174 73//73
f 1175//1175 71//71 72//72
f 73//73 221//221 77//77
f 1174//1174 75//75 73//73
f 92//92 75//75 74//74
f 221//221 73//73 75//75
f 75//75 230//230 221//221
f 76//76 71//71 77//77
f 77//77 220//220 59//59
f 1234//1234 220//220 77//77
f 79//79 9//9 8//8
f 82//82 78//78 79//79
f 79//79 78//78 9//9
f 9//9 78//78 98//98
f 82//82 83//83 78//78
f 99//99 98//98 78//78
f 78//78 83//83 99//99
f 83//83 107//107 99//99
f 223//223 80//80 67//67
f 81//81 82//82 79//79
f 82//82 81//81 84//84
f 82//82 84//84 83//83
f 80//80 223//223 81//81
f 223//223 84//84 81//81
f 83//83 1236//1236 107//107
f 224//224 223//223 67//67
f 223//223 83//83 84//84
f 70//70 85//85 86//86
f 86//86 88//88 87//87
f 86//86 85//85 88//88
f 89//89 74//74 87//87
f 88//88 89//89 87//87
f 89//89 88//88 90//90
f 90//90 88//88 85//85
f 85//85 97//97 91//91
f 92//92 74//74 89//89
f 92//92 89//89 90//90
f 91//91 90//90 85//85
f 92//92 93//93 230//230
f 92//92 90//90 1178//1178
f 1177//1177 1178//1178 90//90
f 1177//1177 232//232 1178//1178
f 12//12 95//95 1176//1176
f 94//94 95//95 12//12
f 97//97 85//85 1179//1179
f 94//94 96//96 1180//1180
f 94//94 101//101 96//96
f 1180//1180 96//96 1181//1181
f 232//232 1182//1182 105//105
f 1181//1181 96//96 105//105
f 101//101 105//105 96//96
f 232//232 1177//1177 1182//1182
f 232//232 105//105 231//231
f 98//98 99//99 100//100
f 98//98 100//100 12//12
f 99//99 106//106 100//100
f 107//107 106//106 99//99
f 12//12 100//100 94//94
f 102//102 94//94 100//100
f 102//102 100//100 106//106
f 102//102 101//101 94//94
f 102//102 103//103 104//104
f 102//102 109//109 103//103
f 101//101 102//102 105//105
f 105//105 102//102 104//104
f 105//105 104//104 226//226
f 103//103 226//226 104//104
f 107//107 108//108 106//106
f 109//109 106//106 108//108
f 109//109 102//102 106//106
f 108//108 107//107 1236//1236
f 109//109 110//110 103//103
f 110//110 109//109 108//108
f 224//224 108//108 223//223
f 224//224 110//110 108//108
f 110//110 225//225 226//226
f 226//226 103//103 110//110
f 112//112 111//111 235//235
f 114//114 111//111 112//112
f 112//112 235//235 113//113
f 14//14 16//16 112//112
f 114//114 112//112 16//16
f 112//112 115//115 14//14
f 115//115 13//13 14//14
f 112//112 113//113 115//115
f 117//117 115//115 113//113
f 115//115 116//116 13//13
f 115//115 117//117 116//116
f 237//237 120//120 124//124
f 237//237 118//118 120//120
f 118//118 236//236 119//119
f 1185//1185 121//121 1184//1184
f 121//121 1185//1185 238//238
f 1239//1239 238//238 1185//1185
f 123//123 114//114 16//16
f 13//13 116//116 124//124
f 116//116 117//117 124//124
f 120//120 118//118 15//15
f 1154//1154 1184//1184 121//121
f 1154//1154 121//121 1156//1156
f 121//121 122//122 1156//1156
f 123//123 16//16 20//20
f 21//21 13//13 126//126
f 126//126 13//13 124//124
f 1156//1156 122//122 1186//1186
f 26//26 129//129 127//127
f 129//129 141//141 140//140
f 140//140 127//127 129//129
f 23//23 241//241 20//20
f 241//241 23//23 127//127
f 127//127 23//23 26//26
f 140//140 241//241 127//127
f 124//124 41//41 39//39
f 1186//1186 369//369 149//149
f 129//129 26//26 128//128
f 130//130 129//129 128//128
f 131//131 130//130 128//128
f 131//131 128//128 132//132
f 1187//1187 128//128 1168//1168
f 152//152 1187//1187 1193//1193
f 1187//1187 1168//1168 1193//1193
f 133//133 130//130 131//131
f 131//131 135//135 133//133
f 135//135 131//131 132//132
f 135//135 132//132 1194//1194
f 134//134 141//141 129//129
f 130//130 134//134 129//129
f 133//133 139//139 130//130
f 133//133 135//135 139//139
f 136//136 141//141 134//134
f 136//136 134//134 137//137
f 137//137 134//134 130//130
f 137//137 130//130 139//139
f 138//138 139//139 135//135
f 143//143 141//141 136//136
f 143//143 136//136 137//137
f 144//144 137//137 139//139
f 1188//1188 139//139 138//138
f 142//142 138//138 135//135
f 1188//1188 138//138 142//142
f 142//142 135//135 1194//1194
f 242//242 141//141 143//143
f 143//143 137//137 144//144
f 141//141 242//242 241//241
f 140//140 141//141 241//241
f 242//242 143//143 245//245
f 245//245 143//143 243//243
f 243//243 143//143 144//144
f 243//243 144//144 145//145
f 1189//1189 1188//1188 142//142
f 154//154 1189//1189 142//142
f 147//147 146//146 159//159
f 1191//1191 50//50 1204//1204
f 36//36 50//50 1191//1191
f 124//124 39//39 40//40
f 1193//1193 153//153 152//152
f 1195//1195 150//150 151//151
f 1195//1195 151//151 158//158
f 253//253 1195//1195 158//158
f 1248//1248 1202//1202 169//169
f 1194//1194 154//154 142//142
f 154//154 1194//1194 1196//1196
f 154//154 254//254 247//247
f 1198//1198 1197//1197 1251//1251
f 1197//1197 1249//1249 1251//1251
f 44//44 31//31 1199//1199
f 157//157 1200//1200 156//156
f 156//156 53//53 157//157
f 1201//1201 1203//1203 44//44
f 151//151 44//44 1203//1203
f 1202//1202 1200//1200 157//157
f 173//173 157//157 54//54
f 157//157 173//173 1202//1202
f 173//173 169//169 1202//1202
f 51//51 1204//1204 50//50
f 160//160 1200//1200 1204//1204
f 155//155 147//147 159//159
f 1204//1204 51//51 160//160
f 1200//1200 160//160 156//156
f 53//53 54//54 157//157
f 1205//1205 161//161 56//56
f 1205//1205 163//163 164//164
f 161//161 1205//1205 164//164
f 176//176 161//161 164//164
f 148//148 165//165 163//163
f 163//163 165//165 164//164
f 164//164 165//165 265//265
f 270//270 167//167 166//166
f 1206//1206 1208//1208 179//179
f 1212//1212 168//168 190//190
f 168//168 1212//1212 273//273
f 168//168 170//170 190//190
f 273//273 1212//1212 1209//1209
f 168//168 273//273 170//170
f 170//170 278//278 171//171
f 171//171 190//190 170//170
f 171//171 186//186 190//190
f 1211//1211 193//193 172//172
f 1211//1211 172//172 171//171
f 171//171 172//172 192//192
f 1211//1211 171//171 1210//1210
f 174//174 193//193 1211//1211
f 175//175 193//193 174//174
f 193//193 175//175 197//197
f 197//197 175//175 200//200
f 205//205 56//56 161//161
f 176//176 205//205 161//161
f 175//175 56//56 205//205
f 205//205 176//176 282//282
f 1207//1207 180//180 177//177
f 177//177 180//180 178//178
f 295//295 177//177 178//178
f 295//295 178//178 302//302
f 1213//1213 1206//1206 179//179
f 179//179 181//181 1213//1213
f 180//180 1214//1214 185//185
f 1212//1212 190//190 1215//1215
f 190//190 182//182 1215//1215
f 183//183 180//180 185//185
f 1214//1214 184//184 185//185
f 1216//1216 1217//1217 1219//1219
f 178//178 180//180 183//183
f 185//185 302//302 183//183
f 185//185 184//184 188//188
f 178//178 183//183 302//302
f 185//185 1222//1222 191//191
f 303//303 302//302 185//185
f 303//303 185//185 305//305
f 185//185 191//191 305//305
f 189//189 186//186 62//62
f 186//186 1170//1170 62//62
f 1218//1218 187//187 184//184
f 184//184 187//187 188//188
f 187//187 1220//1220 188//188
f 1220//1220 1223//1223 188//188
f 1221//1221 190//190 186//186
f 1221//1221 182//182 190//190
f 1224//1224 191//191 1222//1222
f 313//313 191//191 1224//1224
f 191//191 312//312 305//305
f 313//313 312//312 191//191
f 1170//1170 186//186 192//192
f 1170//1170 192//192 194//194
f 172//172 193//193 192//192
f 192//192 186//186 171//171
f 195//195 194//194 196//196
f 201//201 195//195 196//196
f 193//193 198//198 192//192
f 198//198 194//194 192//192
f 198//198 199//199 196//196
f 194//194 198//198 196//196
f 193//193 197//197 198//198
f 199//199 198//198 197//197
f 199//199 197//197 201//201
f 197//197 200//200 201//201
f 201//201 196//196 199//199
f 200//200 175//175 202//202
f 206//206 175//175 205//205
f 206//206 202//202 175//175
f 201//201 200//200 204//204
f 200//200 202//202 1226//1226
f 1227//1227 216//216 201//201
f 203//203 216//216 1227//1227
f 217//217 216//216 203//203
f 203//203 208//208 217//217
f 206//206 1226//1226 202//202
f 207//207 1226//1226 206//206
f 1225//1225 207//207 208//208
f 203//203 1227//1227 1228//1228
f 206//206 205//205 207//207
f 205//205 209//209 207//207
f 207//207 209//209 208//208
f 208//208 209//209 219//219
f 282//282 209//209 205//205
f 306//306 209//209 282//282
f 209//209 306//306 219//219
f 59//59 211//211 213//213
f 1230//1230 313//313 1224//1224
f 1230//1230 213//213 313//313
f 213//213 214//214 313//313
f 1232//1232 213//213 211//211
f 212//212 1232//1232 211//211
f 215//215 1232//1232 212//212
f 222//222 1233//1233 1231//1231
f 1233//1233 313//313 214//214
f 218//218 1172//1172 217//217
f 67//67 218//218 224//224
f 217//217 68//68 216//216
f 208//208 218//218 217//217
f 315//315 224//224 218//218
f 219//219 218//218 208//208
f 315//315 218//218 219//219
f 220//220 212//212 211//211
f 59//59 220//220 211//211
f 221//221 230//230 233//233
f 220//220 1234//1234 212//212
f 1235//1235 233//233 222//222
f 222//222 1231//1231 1235//1235
f 233//233 226//226 222//222
f 225//225 110//110 224//224
f 224//224 229//229 225//225
f 229//229 227//227 225//225
f 229//229 228//228 227//227
f 222//222 226//226 335//335
f 1237//1237 334//334 1291//1291
f 1237//1237 227//227 334//334
f 227//227 228//228 334//334
f 224//224 315//315 229//229
f 315//315 336//336 229//229
f 229//229 336//336 228//228
f 92//92 230//230 75//75
f 230//230 1238//1238 233//233
f 1238//1238 230//230 93//93
f 233//233 1238//1238 231//231
f 105//105 226//226 231//231
f 226//226 225//225 227//227
f 233//233 231//231 226//226
f 361//361 235//235 234//234
f 234//234 1183//1183 114//114
f 234//234 235//235 111//111
f 449//449 234//234 114//114
f 235//235 1301//1301 362//362
f 113//113 235//235 362//362
f 450//450 113//113 362//362
f 117//117 113//113 450//450
f 237//237 117//117 450//450
f 363//363 237//237 450//450
f 237//237 363//363 236//236
f 719//719 114//114 123//123
f 117//117 1240//1240 124//124
f 118//118 237//237 236//236
f 238//238 122//122 121//121
f 364//364 238//238 1239//1239
f 239//239 365//365 123//123
f 239//239 20//20 241//241
f 239//239 123//123 20//20
f 1186//1186 122//122 369//369
f 244//244 240//240 241//241
f 251//251 240//240 244//244
f 240//240 251//251 367//367
f 453//453 240//240 367//367
f 239//239 241//241 240//240
f 453//453 239//239 240//240
f 122//122 529//529 369//369
f 241//241 242//242 244//244
f 1246//1246 242//242 245//245
f 243//243 246//246 245//245
f 145//145 1241//1241 243//243
f 1241//1241 145//145 1242//1242
f 247//247 1189//1189 154//154
f 244//244 242//242 251//251
f 245//245 248//248 1246//1246
f 245//245 246//246 248//248
f 248//248 246//246 249//249
f 246//246 1243//1243 249//249
f 1247//1247 248//248 250//250
f 248//248 249//249 250//250
f 250//250 249//249 258//258
f 261//261 250//250 1255//1255
f 1302//1302 1247//1247 252//252
f 252//252 1247//1247 250//250
f 250//250 261//261 252//252
f 276//276 259//259 274//274
f 169//169 255//255 1248//1248
f 1253//1253 1210//1210 279//279
f 1245//1245 1244//1244 256//256
f 256//256 1244//1244 1252//1252
f 257//257 1252//1252 1250//1250
f 257//257 1250//1250 1254//1254
f 1255//1255 1245//1245 256//256
f 260//260 256//256 1252//1252
f 1254//1254 1271//1271 1256//1256
f 257//257 1254//1254 1256//1256
f 1255//1255 256//256 260//260
f 257//257 1256//1256 260//260
f 1252//1252 257//257 260//260
f 261//261 1255//1255 260//260
f 263//263 260//260 1256//1256
f 1270//1270 262//262 1257//1257
f 1259//1259 263//263 1256//1256
f 1260//1260 261//261 260//260
f 261//261 370//370 366//366
f 261//261 366//366 252//252
f 1260//1260 370//370 261//261
f 1261//1261 262//262 371//371
f 262//262 277//277 383//383
f 262//262 383//383 371//371
f 280//280 375//375 373//373
f 288//288 285//285 264//264
f 285//285 176//176 264//264
f 1262//1262 164//164 265//265
f 164//164 264//264 176//176
f 1262//1262 265//265 266//266
f 267//267 165//165 268//268
f 265//265 165//165 267//267
f 266//266 265//265 267//267
f 1263//1263 1192//1192 149//149
f 148//148 268//268 165//165
f 167//167 270//270 269//269
f 271//271 269//269 270//270
f 1267//1267 1265//1265 291//291
f 293//293 272//272 1268//1268
f 1268//1268 272//272 1264//1264
f 1273//1273 1275//1275 1269//1269
f 1209//1209 1264//1264 275//275
f 1264//1264 272//272 275//275
f 275//275 272//272 299//299
f 272//272 293//293 299//299
f 273//273 278//278 170//170
f 1209//1209 275//275 273//273
f 273//273 274//274 278//278
f 274//274 279//279 278//278
f 273//273 275//275 274//274
f 1258//1258 279//279 274//274
f 274//274 275//275 276//276
f 275//275 299//299 1270//1270
f 1270//1270 299//299 277//277
f 262//262 1270//1270 277//277
f 277//277 299//299 383//383
f 279//279 171//171 278//278
f 171//171 279//279 1210//1210
f 280//280 281//281 287//287
f 286//286 375//375 280//280
f 289//289 287//287 281//281
f 385//385 289//289 281//281
f 1272//1272 283//283 284//284
f 176//176 283//283 1272//1272
f 285//285 283//283 176//176
f 286//286 287//287 283//283
f 283//283 287//287 284//284
f 287//287 307//307 284//284
f 286//286 283//283 285//285
f 286//286 285//285 288//288
f 286//286 280//280 287//287
f 288//288 375//375 286//286
f 1266//1266 1207//1207 290//290
f 290//290 1207//1207 177//177
f 1266//1266 290//290 1274//1274
f 290//290 292//292 1274//1274
f 292//292 290//290 177//177
f 297//297 292//292 177//177
f 1273//1273 294//294 1275//1275
f 1276//1276 1274//1274 292//292
f 177//177 295//295 297//297
f 296//296 295//295 302//302
f 296//296 302//302 304//304
f 295//295 296//296 298//298
f 298//298 296//296 304//304
f 297//297 295//295 298//298
f 297//297 301//301 292//292
f 297//297 298//298 301//301
f 1276//1276 292//292 301//301
f 299//299 293//293 300//300
f 299//299 300//300 383//383
f 293//293 1277//1277 300//300
f 1279//1279 1278//1278 1280//1280
f 1280//1280 386//386 1279//1279
f 1310//1310 1281//1281 298//298
f 1310//1310 298//298 305//305
f 302//302 303//303 304//304
f 304//304 303//303 305//305
f 305//305 298//298 304//304
f 385//385 389//389 289//289
f 307//307 1282//1282 1272//1272
f 284//284 307//307 1272//1272
f 1282//1282 307//307 309//309
f 306//306 1283//1283 308//308
f 308//308 320//320 306//306
f 287//287 289//289 307//307
f 307//307 289//289 1284//1284
f 1283//1283 311//311 308//308
f 311//311 310//310 308//308
f 289//289 389//389 1284//1284
f 389//389 311//311 1284//1284
f 398//398 330//330 311//311
f 330//330 310//310 311//311
f 305//305 312//312 1310//1310
f 313//313 1233//1233 314//314
f 314//314 312//312 313//313
f 314//314 1233//1233 394//394
f 393//393 312//312 314//314
f 394//394 1233//1233 222//222
f 393//393 314//314 394//394
f 1310//1310 312//312 393//393
f 336//336 315//315 316//316
f 316//316 315//315 321//321
f 317//317 316//316 321//321
f 316//316 317//317 336//336
f 306//306 318//318 219//219
f 319//319 219//219 318//318
f 315//315 219//219 321//321
f 321//321 219//219 319//319
f 306//306 320//320 318//318
f 319//319 318//318 320//320
f 1285//1285 308//308 322//322
f 320//320 321//321 319//319
f 1286//1286 1287//1287 321//321
f 308//308 328//328 322//322
f 321//321 326//326 317//317
f 317//317 340//340 336//336
f 322//322 328//328 323//323
f 328//328 329//329 323//323
f 329//329 325//325 323//323
f 321//321 324//324 326//326
f 321//321 1287//1287 324//324
f 1287//1287 1288//1288 324//324
f 1288//1288 1289//1289 324//324
f 326//326 340//340 317//317
f 324//324 327//327 326//326
f 326//326 341//341 340//340
f 341//341 326//326 342//342
f 326//326 327//327 342//342
f 308//308 310//310 328//328
f 327//327 324//324 325//325
f 345//345 327//327 325//325
f 325//325 332//332 345//345
f 328//328 330//330 331//331
f 328//328 310//310 330//330
f 328//328 331//331 329//329
f 1290//1290 329//329 396//396
f 325//325 329//329 332//332
f 398//398 331//331 330//330
f 398//398 397//397 331//331
f 397//397 329//329 331//331
f 332//332 333//333 345//345
f 332//332 396//396 333//333
f 333//333 396//396 400//400
f 400//400 404//404 333//333
f 228//228 337//337 334//334
f 1291//1291 334//334 1292//1292
f 222//222 335//335 339//339
f 222//222 339//339 394//394
f 228//228 336//336 337//337
f 337//337 336//336 344//344
f 336//336 341//341 344//344
f 1292//1292 1293//1293 338//338
f 1292//1292 339//339 1291//1291
f 406//406 339//339 1292//1292
f 406//406 1292//1292 338//338
f 406//406 338//338 410//410
f 338//338 1293//1293 1315//1315
f 336//336 340//340 341//341
f 342//342 343//343 341//341
f 342//342 327//327 343//343
f 327//327 345//345 343//343
f 341//341 343//343 344//344
f 344//344 343//343 352//352
f 427//427 1315//1315 1293//1293
f 345//345 346//346 343//343
f 346//346 352//352 343//343
f 346//346 347//347 352//352
f 347//347 333//333 349//349
f 333//333 347//347 345//345
f 346//346 345//345 347//347
f 348//348 352//352 347//347
f 355//355 333//333 424//424
f 349//349 350//350 347//347
f 349//349 353//353 350//350
f 348//348 351//351 352//352
f 348//348 350//350 351//351
f 347//347 350//350 348//348
f 351//351 350//350 354//354
f 351//351 426//426 352//352
f 354//354 426//426 351//351
f 349//349 355//355 353//353
f 349//349 333//333 355//355
f 355//355 357//357 353//353
f 354//354 350//350 1294//1294
f 429//429 360//360 1295//1295
f 424//424 1329//1329 355//355
f 429//429 430//430 360//360
f 356//356 354//354 1294//1294
f 358//358 1296//1296 353//353
f 353//353 357//357 358//358
f 1297//1297 1298//1298 359//359
f 435//435 354//354 356//356
f 435//435 1297//1297 436//436
f 1297//1297 359//359 436//436
f 436//436 359//359 443//443
f 357//357 355//355 1300//1300
f 357//357 1300//1300 358//358
f 358//358 1300//1300 1299//1299
f 443//443 359//359 444//444
f 444//444 359//359 442//442
f 1300//1300 1332//1332 1342//1342
f 1300//1300 1342//1342 1299//1299
f 362//362 1301//1301 448//448
f 447//447 362//362 448//448
f 361//361 234//234 449//449
f 719//719 449//449 114//114
f 362//362 447//447 450//450
f 524//524 450//450 447//447
f 363//363 364//364 236//236
f 452//452 238//238 364//364
f 452//452 122//122 238//238
f 365//365 239//239 453//453
f 453//453 367//367 455//455
f 368//368 1302//1302 252//252
f 252//252 366//366 368//368
f 366//366 372//372 368//368
f 367//367 1303//1303 455//455
f 370//370 372//372 366//366
f 1260//1260 372//372 370//370
f 372//372 1260//1260 1304//1304
f 1305//1305 371//371 373//373
f 371//371 384//384 373//373
f 1305//1305 373//373 374//374
f 375//375 374//374 373//373
f 372//372 1306//1306 535//535
f 1306//1306 375//375 535//535
f 535//535 375//375 376//376
f 376//376 375//375 288//288
f 288//288 264//264 376//376
f 264//264 266//266 376//376
f 377//377 376//376 266//266
f 535//535 376//376 377//377
f 377//377 266//266 267//267
f 377//377 267//267 380//380
f 267//267 268//268 380//380
f 536//536 377//377 378//378
f 378//378 377//377 380//380
f 380//380 382//382 378//378
f 378//378 458//458 536//536
f 382//382 458//458 378//378
f 379//379 1263//1263 149//149
f 149//149 369//369 381//381
f 381//381 1307//1307 149//149
f 1308//1308 1263//1263 379//379
f 369//369 459//459 381//381
f 459//459 1307//1307 381//381
f 379//379 1309//1309 1308//1308
f 1346//1346 1309//1309 379//379
f 371//371 383//383 384//384
f 373//373 384//384 280//280
f 280//280 384//384 281//281
f 384//384 388//388 281//281
f 383//383 388//388 384//384
f 388//388 385//385 281//281
f 300//300 1311//1311 383//383
f 1311//1311 387//387 383//383
f 388//388 383//383 1312//1312
f 1313//1313 1310//1310 393//393
f 388//388 1312//1312 461//461
f 311//311 389//389 398//398
f 389//389 385//385 391//391
f 390//390 398//398 389//389
f 399//399 398//398 390//390
f 385//385 465//465 391//391
f 391//391 390//390 389//389
f 392//392 399//399 390//390
f 391//391 392//392 390//390
f 465//465 467//467 391//391
f 467//467 402//402 391//391
f 391//391 402//402 392//392
f 462//462 393//393 394//394
f 339//339 462//462 394//394
f 1313//1313 393//393 462//462
f 339//339 395//395 462//462
f 395//395 475//475 462//462
f 397//397 396//396 329//329
f 399//399 401//401 398//398
f 402//402 401//401 399//399
f 400//400 405//405 404//404
f 401//401 397//397 398//398
f 397//397 400//400 396//396
f 397//397 403//403 400//400
f 403//403 397//397 401//401
f 402//402 403//403 401//401
f 400//400 403//403 405//405
f 399//399 392//392 402//402
f 469//469 405//405 403//403
f 559//559 405//405 469//469
f 467//467 468//468 402//402
f 468//468 403//403 402//402
f 403//403 468//468 469//469
f 406//406 410//410 1327//1327
f 407//407 395//395 339//339
f 407//407 339//339 406//406
f 408//408 407//407 406//406
f 407//407 474//474 395//395
f 474//474 407//407 409//409
f 407//407 408//408 409//409
f 395//395 474//474 475//475
f 474//474 409//409 476//476
f 408//408 406//406 479//479
f 1327//1327 479//479 406//406
f 479//479 409//409 408//408
f 489//489 420//420 411//411
f 489//489 411//411 488//488
f 404//404 413//413 412//412
f 412//412 333//333 404//404
f 415//415 1316//1316 1317//1317
f 416//416 404//404 405//405
f 416//416 413//413 404//404
f 1317//1317 1321//1321 417//417
f 1319//1319 1322//1322 414//414
f 415//415 1317//1317 417//417
f 1320//1320 1318//1318 425//425
f 422//422 416//416 405//405
f 416//416 422//422 1323//1323
f 1323//1323 422//422 419//419
f 419//419 418//418 1322//1322
f 414//414 418//418 420//420
f 1322//1322 418//418 414//414
f 1325//1325 414//414 420//420
f 421//421 1325//1325 420//420
f 422//422 423//423 419//419
f 420//420 418//418 423//423
f 423//423 418//418 419//419
f 422//422 405//405 488//488
f 488//488 411//411 422//422
f 422//422 411//411 423//423
f 411//411 420//420 423//423
f 496//496 421//421 420//420
f 432//432 421//421 496//496
f 424//424 333//333 412//412
f 1326//1326 1324//1324 415//415
f 415//415 1324//1324 1316//1316
f 1293//1293 352//352 427//427
f 433//433 491//491 1327//1327
f 426//426 427//427 352//352
f 433//433 427//427 426//426
f 426//426 354//354 437//437
f 428//428 432//432 496//496
f 1330//1330 1324//1324 1326//1326
f 1326//1326 431//431 1330//1330
f 1334//1334 1333//1333 1331//1331
f 1334//1334 1336//1336 1333//1333
f 1325//1325 432//432 1335//1335
f 421//421 432//432 1325//1325
f 433//433 426//426 434//434
f 498//498 433//433 434//434
f 1338//1338 354//354 435//435
f 435//435 438//438 1338//1338
f 439//439 438//438 435//435
f 439//439 435//435 436//436
f 439//439 436//436 443//443
f 440//440 426//426 437//437
f 438//438 440//440 437//437
f 440//440 438//438 441//441
f 441//441 438//438 439//439
f 1339//1339 439//439 446//446
f 440//440 1337//1337 426//426
f 1337//1337 440//440 507//507
f 1340//1340 507//507 440//440
f 1357//1357 1341//1341 1343//1343
f 499//499 1357//1357 1343//1343
f 442//442 445//445 444//444
f 444//444 446//446 443//443
f 446//446 439//439 443//443
f 445//445 446//446 444//444
f 445//445 1328//1328 446//446
f 499//499 1343//1343 428//428
f 501//501 499//499 428//428
f 1333//1333 445//445 442//442
f 1336//1336 445//445 1333//1333
f 445//445 1336//1336 1328//1328
f 505//505 504//504 434//434
f 1344//1344 361//361 449//449
f 523//523 1344//1344 449//449
f 450//450 524//524 363//363
f 363//363 524//524 451//451
f 363//363 451//451 364//364
f 364//364 527//527 452//452
f 451//451 527//527 364//364
f 452//452 527//527 615//615
f 615//615 122//122 452//452
f 527//527 451//451 525//525
f 857//857 365//365 454//454
f 365//365 453//453 454//454
f 456//456 455//455 1303//1303
f 454//454 453//453 455//455
f 530//530 454//454 455//455
f 530//530 455//455 456//456
f 529//529 532//532 369//369
f 368//368 534//534 1345//1345
f 372//372 534//534 368//368
f 372//372 535//535 534//534
f 369//369 457//457 459//459
f 369//369 539//539 540//540
f 457//457 369//369 540//540
f 460//460 459//459 457//457
f 536//536 535//535 377//377
f 458//458 1309//1309 1346//1346
f 1347//1347 458//458 1346//1346
f 541//541 458//458 1347//1347
f 1349//1349 1348//1348 1314//1314
f 461//461 465//465 388//388
f 463//463 465//465 461//461
f 1350//1350 1348//1348 1349//1349
f 1350//1350 1349//1349 464//464
f 466//466 1350//1350 464//464
f 1351//1351 462//462 475//475
f 466//466 465//465 463//463
f 388//388 465//465 385//385
f 471//471 467//467 465//465
f 465//465 555//555 471//471
f 471//471 468//468 467//467
f 471//471 470//470 468//468
f 470//470 469//469 468//468
f 469//469 470//470 559//559
f 473//473 478//478 477//477
f 472//472 478//478 473//473
f 472//472 1352//1352 478//478
f 1352//1352 1354//1354 478//478
f 543//543 544//544 472//472
f 544//544 464//464 1353//1353
f 472//472 473//473 543//543
f 475//475 474//474 476//476
f 490//490 477//477 476//476
f 481//481 476//476 409//409
f 490//490 476//476 481//481
f 475//475 476//476 478//478
f 478//478 476//476 477//477
f 409//409 479//479 480//480
f 479//479 482//482 480//480
f 1327//1327 482//482 479//479
f 491//491 482//482 1327//1327
f 480//480 483//483 409//409
f 484//484 483//483 480//480
f 480//480 482//482 484//484
f 481//481 409//409 483//483
f 484//484 482//482 487//487
f 487//487 482//482 491//491
f 483//483 485//485 481//481
f 484//484 485//485 483//483
f 486//486 485//485 484//484
f 487//487 486//486 484//484
f 492//492 486//486 487//487
f 485//485 490//490 481//481
f 490//490 485//485 493//493
f 485//485 486//486 493//493
f 492//492 493//493 486//486
f 470//470 471//471 559//559
f 405//405 559//559 488//488
f 559//559 489//489 488//488
f 496//496 559//559 560//560
f 494//494 496//496 560//560
f 420//420 489//489 496//496
f 489//489 559//559 496//496
f 563//563 477//477 490//490
f 563//563 490//490 493//493
f 477//477 563//563 473//473
f 563//563 493//493 502//502
f 493//493 503//503 502//502
f 491//491 492//492 487//487
f 491//491 433//433 492//492
f 498//498 503//503 492//492
f 503//503 493//493 492//492
f 492//492 433//433 498//498
f 497//497 494//494 495//495
f 560//560 495//495 494//494
f 496//496 497//497 428//428
f 497//497 501//501 428//428
f 501//501 497//497 500//500
f 496//496 494//494 497//497
f 495//495 632//632 497//497
f 632//632 500//500 497//497
f 498//498 434//434 504//504
f 574//574 507//507 1355//1355
f 1374//1374 1356//1356 1390//1390
f 500//500 499//499 501//501
f 499//499 500//500 632//632
f 511//511 502//502 503//503
f 507//507 505//505 1337//1337
f 509//509 504//504 505//505
f 509//509 498//498 504//504
f 505//505 506//506 509//509
f 505//505 507//507 506//506
f 498//498 509//509 503//503
f 503//503 509//509 511//511
f 507//507 508//508 506//506
f 508//508 507//507 574//574
f 508//508 574//574 510//510
f 502//502 511//511 575//575
f 575//575 511//511 514//514
f 511//511 509//509 506//506
f 508//508 512//512 506//506
f 508//508 510//510 512//512
f 578//578 513//513 1358//1358
f 506//506 512//512 511//511
f 517//517 510//510 1359//1359
f 516//516 514//514 511//511
f 514//514 516//516 515//515
f 582//582 514//514 515//515
f 511//511 512//512 516//516
f 510//510 517//517 512//512
f 517//517 516//516 512//512
f 515//515 516//516 518//518
f 589//589 515//515 518//518
f 589//589 518//518 595//595
f 519//519 518//518 516//516
f 595//595 518//518 519//519
f 595//595 519//519 600//600
f 516//516 517//517 519//519
f 600//600 519//519 599//599
f 517//517 1359//1359 520//520
f 520//520 519//519 517//517
f 519//519 520//520 605//605
f 599//599 519//519 605//605
f 521//521 447//447 448//448
f 522//522 447//447 521//521
f 524//524 447//447 522//522
f 719//719 523//523 449//449
f 1344//1344 523//523 521//521
f 612//612 613//613 521//521
f 613//613 522//522 521//521
f 526//526 528//528 525//525
f 451//451 526//526 525//525
f 528//528 527//527 525//525
f 527//527 1363//1363 615//615
f 122//122 649//649 529//529
f 857//857 454//454 530//530
f 365//365 857//857 975//975
f 534//534 1364//1364 1345//1345
f 617//617 530//530 1365//1365
f 616//616 530//530 617//617
f 531//531 532//532 529//529
f 539//539 369//369 532//532
f 532//532 531//531 539//539
f 539//539 531//531 533//533
f 539//539 533//533 540//540
f 535//535 536//536 538//538
f 541//541 537//537 458//458
f 537//537 536//536 458//458
f 536//536 537//537 538//538
f 654//654 538//538 537//537
f 540//540 460//460 457//457
f 460//460 540//540 1367//1367
f 541//541 619//619 537//537
f 1388//1388 1367//1367 540//540
f 620//620 1388//1388 540//540
f 464//464 547//547 466//466
f 547//547 542//542 466//466
f 466//466 542//542 465//465
f 542//542 555//555 465//465
f 544//544 547//547 464//464
f 545//545 544//544 543//543
f 545//545 543//543 564//564
f 546//546 566//566 552//552
f 624//624 552//552 1369//1369
f 544//544 545//545 547//547
f 542//542 556//556 555//555
f 547//547 550//550 542//542
f 546//546 547//547 545//545
f 542//542 548//548 556//556
f 542//542 550//550 549//549
f 542//542 549//549 548//548
f 551//551 550//550 547//547
f 546//546 551//551 547//547
f 546//546 552//552 551//551
f 627//627 1368//1368 553//553
f 1368//1368 550//550 553//553
f 627//627 548//548 1368//1368
f 553//553 551//551 554//554
f 553//553 550//550 551//551
f 554//554 551//551 552//552
f 548//548 627//627 556//556
f 624//624 554//554 552//552
f 471//471 555//555 557//557
f 555//555 556//556 557//557
f 556//556 558//558 557//557
f 556//556 623//623 558//558
f 557//557 561//561 471//471
f 558//558 561//561 557//557
f 623//623 630//630 558//558
f 559//559 632//632 560//560
f 559//559 471//471 561//561
f 559//559 561//561 632//632
f 558//558 562//562 561//561
f 632//632 561//561 562//562
f 562//562 1389//1389 632//632
f 473//473 564//564 543//543
f 564//564 473//473 565//565
f 565//565 473//473 563//563
f 545//545 564//564 546//546
f 566//566 564//564 565//565
f 546//546 564//564 566//566
f 568//568 567//567 1370//1370
f 1370//1370 567//567 625//625
f 625//625 567//567 634//634
f 560//560 632//632 495//495
f 569//569 565//565 563//563
f 565//565 569//569 1371//1371
f 566//566 565//565 1371//1371
f 569//569 563//563 502//502
f 568//568 573//573 634//634
f 567//567 568//568 634//634
f 636//636 1374//1374 1390//1390
f 569//569 570//570 1371//1371
f 572//572 570//570 569//569
f 572//572 569//569 576//576
f 568//568 1372//1372 573//573
f 573//573 1372//1372 571//571
f 1373//1373 571//571 1372//1372
f 571//571 1373//1373 577//577
f 573//573 577//577 634//634
f 571//571 577//577 573//573
f 634//634 577//577 580//580
f 636//636 578//578 1358//1358
f 636//636 1358//1358 1374//1374
f 502//502 575//575 569//569
f 575//575 1375//1375 569//569
f 575//575 514//514 1375//1375
f 580//580 577//577 1373//1373
f 576//576 1378//1378 572//572
f 1378//1378 586//586 637//637
f 637//637 586//586 642//642
f 579//579 1377//1377 640//640
f 638//638 579//579 640//640
f 1375//1375 514//514 583//583
f 579//579 1360//1360 1377//1377
f 638//638 581//581 579//579
f 638//638 641//641 581//581
f 1378//1378 576//576 585//585
f 514//514 582//582 583//583
f 583//583 582//582 584//584
f 582//582 515//515 584//584
f 1376//1376 583//583 585//585
f 584//584 585//585 583//583
f 584//584 591//591 585//585
f 1378//1378 585//585 586//586
f 593//593 586//586 585//585
f 591//591 593//593 585//585
f 642//642 586//586 594//594
f 581//581 641//641 588//588
f 642//642 1380//1380 641//641
f 604//604 1380//1380 642//642
f 606//606 1361//1361 1360//1360
f 606//606 1360//1360 587//587
f 579//579 1379//1379 1360//1360
f 1379//1379 587//587 1360//1360
f 588//588 610//610 587//587
f 588//588 587//587 581//581
f 588//588 611//611 610//610
f 584//584 515//515 590//590
f 515//515 589//589 590//590
f 590//590 589//589 596//596
f 591//591 584//584 590//590
f 596//596 592//592 590//590
f 597//597 592//592 596//596
f 592//592 591//591 590//590
f 591//591 592//592 593//593
f 597//597 598//598 592//592
f 598//598 594//594 592//592
f 593//593 592//592 594//594
f 586//586 593//593 594//594
f 589//589 595//595 596//596
f 597//597 595//595 600//600
f 597//597 596//596 595//595
f 598//598 597//597 601//601
f 604//604 594//594 598//598
f 598//598 603//603 604//604
f 594//594 604//604 642//642
f 599//599 605//605 608//608
f 597//597 600//600 601//601
f 602//602 600//600 1381//1381
f 602//602 601//601 600//600
f 1381//1381 1384//1384 602//602
f 603//603 601//601 602//602
f 603//603 598//598 601//601
f 611//611 603//603 602//602
f 611//611 604//604 603//603
f 1380//1380 604//604 611//611
f 607//607 605//605 1362//1362
f 1382//1382 607//607 1362//1362
f 607//607 608//608 605//605
f 610//610 606//606 587//587
f 610//610 1383//1383 606//606
f 609//609 608//608 607//607
f 610//610 1385//1385 1383//1383
f 611//611 1385//1385 610//610
f 1385//1385 611//611 602//602
f 602//602 1384//1384 1385//1385
f 523//523 612//612 521//521
f 523//523 719//719 1386//1386
f 613//613 524//524 522//522
f 613//613 614//614 524//524
f 614//614 643//643 524//524
f 524//524 526//526 451//451
f 524//524 643//643 526//526
f 526//526 643//643 644//644
f 526//526 644//644 528//528
f 615//615 1363//1363 646//646
f 646//646 1363//1363 644//644
f 649//649 122//122 615//615
f 530//530 616//616 857//857
f 857//857 616//616 651//651
f 1393//1393 616//616 617//617
f 726//726 531//531 529//529
f 620//620 531//531 726//726
f 533//533 620//620 540//540
f 620//620 533//533 531//531
f 1387//1387 1366//1366 618//618
f 650//650 1387//1387 618//618
f 1394//1394 1387//1387 650//650
f 534//534 535//535 618//618
f 650//650 618//618 535//535
f 652//652 535//535 538//538
f 652//652 538//538 654//654
f 619//619 655//655 537//537
f 656//656 1388//1388 620//620
f 1388//1388 656//656 1395//1395
f 655//655 654//654 537//537
f 624//624 621//621 628//628
f 623//623 628//628 621//621
f 621//621 776//776 623//623
f 675//675 673//673 621//621
f 621//621 622//622 675//675
f 622//622 625//625 689//689
f 628//628 623//623 627//627
f 624//624 622//622 621//621
f 625//625 622//622 624//624
f 625//625 626//626 689//689
f 626//626 625//625 629//629
f 553//553 624//624 628//628
f 553//553 628//628 627//627
f 624//624 553//553 554//554
f 627//627 623//623 556//556
f 623//623 776//776 630//630
f 562//562 558//558 630//630
f 1389//1389 688//688 702//702
f 633//633 702//702 705//705
f 625//625 624//624 1369//1369
f 629//629 625//625 634//634
f 634//634 635//635 629//629
f 697//697 629//629 631//631
f 580//580 706//706 631//631
f 700//700 697//697 631//631
f 1389//1389 702//702 632//632
f 633//633 636//636 1390//1390
f 633//633 632//632 702//702
f 633//633 705//705 636//636
f 629//629 635//635 631//631
f 631//631 635//635 580//580
f 635//635 634//634 580//580
f 640//640 1377//1377 1391//1391
f 637//637 642//642 638//638
f 637//637 639//639 1378//1378
f 639//639 637//637 638//638
f 639//639 1411//1411 1378//1378
f 639//639 638//638 640//640
f 638//638 642//642 641//641
f 718//718 613//613 612//612
f 1386//1386 719//719 1414//1414
f 643//643 645//645 644//644
f 721//721 647//647 645//645
f 647//647 646//646 644//644
f 647//647 644//644 645//645
f 646//646 648//648 615//615
f 648//648 649//649 615//615
f 647//647 648//648 646//646
f 723//723 649//649 648//648
f 856//856 649//649 723//723
f 123//123 365//365 975//975
f 529//529 649//649 726//726
f 725//725 857//857 651//651
f 724//724 1394//1394 650//650
f 650//650 728//728 724//724
f 728//728 650//650 535//535
f 728//728 535//535 737//737
f 535//535 652//652 737//737
f 656//656 620//620 726//726
f 726//726 743//743 656//656
f 653//653 740//740 652//652
f 653//653 652//652 654//654
f 654//654 741//741 653//653
f 745//745 741//741 654//654
f 743//743 744//744 656//656
f 1427//1427 1395//1395 656//656
f 745//745 654//654 655//655
f 769//769 659//659 661//661
f 662//662 769//769 661//661
f 661//661 657//657 662//662
f 657//657 663//663 658//658
f 663//663 664//664 658//658
f 671//671 662//662 657//657
f 657//657 658//658 671//671
f 658//658 782//782 671//671
f 658//658 664//664 782//782
f 659//659 774//774 660//660
f 663//663 657//657 660//660
f 660//660 661//661 659//659
f 657//657 661//661 660//660
f 663//663 668//668 664//664
f 782//782 664//664 668//668
f 666//666 663//663 665//665
f 665//665 667//667 666//666
f 666//666 667//667 668//668
f 782//782 668//668 784//784
f 775//775 665//665 663//663
f 668//668 663//663 666//666
f 672//672 670//670 669//669
f 665//665 669//669 670//670
f 775//775 669//669 665//665
f 670//670 668//668 667//667
f 670//670 667//667 665//665
f 670//670 674//674 668//668
f 674//674 784//784 668//668
f 672//672 669//669 621//621
f 669//669 775//775 621//621
f 776//776 775//775 760//760
f 670//670 672//672 673//673
f 674//674 670//670 673//673
f 1398//1398 679//679 674//674
f 674//674 681//681 784//784
f 1439//1439 1403//1403 684//684
f 672//672 621//621 673//673
f 1398//1398 1399//1399 676//676
f 622//622 676//676 1399//1399
f 676//676 622//622 677//677
f 622//622 689//689 677//677
f 689//689 678//678 677//677
f 678//678 689//689 683//683
f 689//689 690//690 683//683
f 776//776 621//621 775//775
f 679//679 1398//1398 676//676
f 680//680 1401//1401 1400//1400
f 1400//1400 682//682 680//680
f 1400//1400 677//677 682//682
f 1405//1405 678//678 683//683
f 677//677 678//678 682//682
f 683//683 690//690 692//692
f 681//681 674//674 679//679
f 681//681 679//679 1402//1402
f 1404//1404 680//680 682//682
f 1406//1406 684//684 1403//1403
f 1406//1406 683//683 684//684
f 684//684 683//683 685//685
f 685//685 683//683 692//692
f 685//685 1439//1439 684//684
f 694//694 784//784 685//685
f 692//692 694//694 685//685
f 696//696 784//784 694//694
f 778//778 686//686 776//776
f 1389//1389 776//776 686//686
f 1389//1389 686//686 688//688
f 688//688 686//686 687//687
f 792//792 686//686 778//778
f 811//811 1407//1407 1443//1443
f 1407//1407 811//811 1408//1408
f 793//793 688//688 687//687
f 690//690 689//689 626//626
f 691//691 626//626 629//629
f 690//690 626//626 692//692
f 692//692 626//626 693//693
f 693//693 626//626 691//691
f 694//694 692//692 693//693
f 695//695 694//694 693//693
f 693//693 691//691 695//695
f 1409//1409 698//698 695//695
f 694//694 695//695 696//696
f 1409//1409 629//629 697//697
f 698//698 1409//1409 697//697
f 698//698 699//699 695//695
f 804//804 695//695 699//699
f 696//696 695//695 804//804
f 700//700 698//698 697//697
f 703//703 1410//1410 631//631
f 698//698 700//700 699//699
f 699//699 700//700 701//701
f 700//700 703//703 701//701
f 793//793 702//702 688//688
f 631//631 706//706 703//703
f 823//823 701//701 703//703
f 823//823 703//703 706//706
f 699//699 701//701 823//823
f 804//804 699//699 823//823
f 1411//1411 704//704 1468//1468
f 713//713 636//636 705//705
f 713//713 705//705 829//829
f 819//819 705//705 702//702
f 704//704 1411//1411 833//833
f 707//707 639//639 640//640
f 707//707 640//640 714//714
f 1411//1411 707//707 708//708
f 639//639 707//707 1411//1411
f 708//708 707//707 709//709
f 707//707 710//710 709//709
f 707//707 714//714 710//710
f 708//708 833//833 1411//1411
f 711//711 708//708 709//709
f 709//709 710//710 711//711
f 833//833 711//711 834//834
f 834//834 711//711 839//839
f 833//833 708//708 711//711
f 710//710 839//839 711//711
f 713//713 1392//1392 636//636
f 712//712 640//640 1412//1412
f 715//715 712//712 1413//1413
f 714//714 640//640 712//712
f 717//717 712//712 715//715
f 714//714 712//712 716//716
f 710//710 714//714 716//716
f 717//717 716//716 712//712
f 839//839 710//710 716//716
f 1413//1413 838//838 715//715
f 715//715 838//838 717//717
f 839//839 716//716 717//717
f 613//613 1415//1415 614//614
f 1415//1415 843//843 614//614
f 719//719 123//123 975//975
f 853//853 614//614 848//848
f 643//643 720//720 721//721
f 614//614 720//720 643//643
f 853//853 720//720 614//614
f 643//643 721//721 645//645
f 721//721 722//722 647//647
f 648//648 647//647 722//722
f 723//723 648//648 722//722
f 851//851 723//723 722//722
f 1016//1016 726//726 649//649
f 1417//1417 1394//1394 724//724
f 859//859 1417//1417 724//724
f 860//860 1416//1416 734//734
f 859//859 724//724 1490//1490
f 756//756 758//758 727//727
f 731//731 724//724 728//728
f 734//734 1416//1416 1421//1421
f 729//729 1422//1422 1419//1419
f 738//738 729//729 1419//1419
f 1420//1420 738//738 732//732
f 738//738 730//730 732//732
f 732//732 730//730 733//733
f 738//738 739//739 730//730
f 730//730 759//759 733//733
f 730//730 739//739 759//759
f 733//733 759//759 754//754
f 734//734 1423//1423 735//735
f 1424//1424 1422//1422 729//729
f 732//732 736//736 1424//1424
f 729//729 732//732 1424//1424
f 1418//1418 732//732 733//733
f 756//756 1418//1418 733//733
f 756//756 733//733 754//754
f 736//736 732//732 1418//1418
f 735//735 860//860 734//734
f 1419//1419 737//737 738//738
f 739//739 738//738 765//765
f 739//739 765//765 759//759
f 737//737 763//763 738//738
f 740//740 737//737 652//652
f 764//764 737//737 740//740
f 764//764 763//763 737//737
f 653//653 741//741 742//742
f 891//891 740//740 653//653
f 891//891 653//653 742//742
f 742//742 741//741 748//748
f 742//742 748//748 876//876
f 655//655 747//747 745//745
f 1395//1395 1427//1427 747//747
f 741//741 745//745 746//746
f 746//746 745//745 747//747
f 743//743 726//726 877//877
f 877//877 744//744 743//743
f 748//748 746//746 879//879
f 748//748 741//741 746//746
f 1427//1427 1497//1497 747//747
f 879//879 746//746 747//747
f 879//879 747//747 1497//1497
f 876//876 748//748 878//878
f 748//748 879//879 878//878
f 749//749 772//772 751//751
f 751//751 772//772 902//902
f 902//902 750//750 751//751
f 774//774 749//749 1428//1428
f 774//774 1428//1428 754//754
f 663//663 774//774 754//754
f 749//749 751//751 1428//1428
f 752//752 757//757 750//750
f 750//750 903//903 752//752
f 752//752 753//753 757//757
f 752//752 1512//1512 906//906
f 750//750 902//902 903//903
f 753//753 752//752 906//906
f 754//754 775//775 663//663
f 755//755 754//754 1428//1428
f 755//755 756//756 754//754
f 755//755 750//750 757//757
f 757//757 756//756 755//755
f 757//757 758//758 756//756
f 757//757 753//753 758//758
f 758//758 753//753 883//883
f 754//754 759//759 775//775
f 775//775 759//759 761//761
f 775//775 761//761 760//760
f 759//759 765//765 761//761
f 738//738 763//763 765//765
f 762//762 760//760 761//761
f 763//763 764//764 766//766
f 761//761 767//767 762//762
f 763//763 766//766 765//765
f 764//764 892//892 766//766
f 765//765 767//767 761//761
f 767//767 777//777 762//762
f 892//892 893//893 766//766
f 765//765 766//766 767//767
f 893//893 767//767 766//766
f 767//767 888//888 777//777
f 740//740 892//892 764//764
f 892//892 740//740 891//891
f 768//768 749//749 659//659
f 768//768 659//659 769//769
f 771//771 749//749 768//768
f 768//768 769//769 771//771
f 772//772 749//749 771//771
f 770//770 1430//1430 1396//1396
f 1396//1396 1397//1397 770//770
f 770//770 1431//1431 1430//1430
f 902//902 772//772 773//773
f 773//773 772//772 1432//1432
f 770//770 1433//1433 1431//1431
f 659//659 749//749 774//774
f 663//663 660//660 774//774
f 781//781 770//770 1397//1397
f 776//776 760//760 762//762
f 777//777 776//776 762//762
f 778//778 777//777 779//779
f 779//779 777//777 922//922
f 776//776 777//777 778//778
f 790//790 778//778 779//779
f 888//888 922//922 777//777
f 780//780 1434//1434 1525//1525
f 1435//1435 780//780 790//790
f 1437//1437 781//781 1397//1397
f 924//924 782//782 783//783
f 781//781 1437//1437 1528//1528
f 784//784 783//783 782//782
f 783//783 784//784 939//939
f 783//783 926//926 924//924
f 1541//1541 1534//1534 1438//1438
f 944//944 788//788 936//936
f 787//787 786//786 791//791
f 786//786 785//785 791//791
f 791//791 785//785 810//810
f 1440//1440 788//788 786//786
f 788//788 801//801 786//786
f 1539//1539 788//788 1440//1440
f 790//790 792//792 778//778
f 792//792 790//790 789//789
f 792//792 789//789 812//812
f 790//790 1440//1440 789//789
f 1441//1441 787//787 791//791
f 791//791 810//810 1442//1442
f 811//811 820//820 1445//1445
f 813//813 1456//1456 1444//1444
f 813//813 1444//1444 812//812
f 811//811 1445//1445 1408//1408
f 939//939 784//784 794//794
f 1446//1446 696//696 797//797
f 696//696 794//794 784//784
f 939//939 794//794 795//795
f 795//795 1446//1446 966//966
f 797//797 696//696 796//796
f 796//796 696//696 804//804
f 797//797 802//802 1446//1446
f 1448//1448 1447//1447 805//805
f 1447//1447 1451//1451 805//805
f 800//800 1449//1449 799//799
f 1450//1450 1449//1449 800//800
f 1452//1452 799//799 1449//1449
f 799//799 798//798 801//801
f 798//798 799//799 1453//1453
f 799//799 801//801 800//800
f 801//801 803//803 800//800
f 800//800 803//803 1450//1450
f 1446//1446 802//802 943//943
f 801//801 788//788 944//944
f 944//944 803//803 801//801
f 803//803 945//945 943//943
f 945//945 803//803 944//944
f 803//803 943//943 1450//1450
f 809//809 805//805 1451//1451
f 801//801 798//798 786//786
f 786//786 1453//1453 785//785
f 785//785 1453//1453 810//810
f 798//798 1453//1453 786//786
f 815//815 812//812 806//806
f 789//789 808//808 812//812
f 812//812 808//808 806//806
f 806//806 807//807 826//826
f 824//824 809//809 1451//1451
f 809//809 824//824 807//807
f 807//807 824//824 826//826
f 806//806 808//808 807//807
f 789//789 1455//1455 808//808
f 810//810 1453//1453 809//809
f 810//810 809//809 1454//1454
f 807//807 1454//1454 809//809
f 1456//1456 814//814 1459//1459
f 813//813 814//814 1456//1456
f 813//813 812//812 815//815
f 813//813 815//815 814//814
f 826//826 815//815 806//806
f 815//815 826//826 814//814
f 1459//1459 814//814 828//828
f 817//817 702//702 793//793
f 1460//1460 817//817 793//793
f 1457//1457 816//816 702//702
f 816//816 819//819 702//702
f 1460//1460 818//818 817//817
f 1460//1460 822//822 818//818
f 816//816 1457//1457 1458//1458
f 819//819 816//816 1458//1458
f 1458//1458 1464//1464 819//819
f 1461//1461 821//821 1465//1465
f 828//828 1462//1462 1459//1459
f 828//828 831//831 1462//1462
f 1473//1473 1466//1466 1463//1463
f 824//824 1451//1451 1468//1468
f 704//704 824//824 1468//1468
f 1469//1469 825//825 814//814
f 1469//1469 704//704 825//825
f 825//825 704//704 833//833
f 826//826 1469//1469 814//814
f 825//825 833//833 827//827
f 825//825 827//827 814//814
f 827//827 837//837 814//814
f 828//828 814//814 837//837
f 828//828 837//837 969//969
f 830//830 705//705 819//819
f 829//829 705//705 830//830
f 830//830 819//819 1464//1464
f 842//842 1470//1470 1471//1471
f 1467//1467 1474//1474 1472//1472
f 832//832 842//842 1471//1471
f 828//828 1475//1475 831//831
f 1474//1474 1476//1476 1472//1472
f 835//835 833//833 834//834
f 833//833 835//835 827//827
f 836//836 834//834 839//839
f 1479//1479 835//835 834//834
f 840//840 1480//1480 836//836
f 827//827 835//835 1479//1479
f 1479//1479 837//837 827//827
f 841//841 1480//1480 840//840
f 839//839 717//717 1482//1482
f 1482//1482 717//717 838//838
f 1483//1483 838//838 842//842
f 836//836 839//839 840//840
f 1482//1482 838//838 1483//1483
f 828//828 969//969 1475//1475
f 838//838 1413//1413 1470//1470
f 838//838 1470//1470 842//842
f 1477//1477 1484//1484 1486//1486
f 1485//1485 1478//1478 1545//1545
f 844//844 1414//1414 719//719
f 843//843 848//848 614//614
f 846//846 843//843 1415//1415
f 719//719 845//845 844//844
f 845//845 719//719 975//975
f 970//970 1487//1487 845//845
f 970//970 845//845 976//976
f 1487//1487 846//846 1415//1415
f 843//843 846//846 848//848
f 846//846 1487//1487 970//970
f 847//847 846//846 970//970
f 847//847 848//848 846//846
f 847//847 852//852 848//848
f 720//720 972//972 854//854
f 720//720 849//849 721//721
f 849//849 722//722 721//721
f 854//854 849//849 720//720
f 849//849 850//850 722//722
f 850//850 849//849 855//855
f 851//851 850//850 971//971
f 854//854 855//855 849//849
f 722//722 850//850 851//851
f 851//851 856//856 723//723
f 851//851 971//971 856//856
f 852//852 853//853 848//848
f 853//853 972//972 720//720
f 855//855 971//971 850//850
f 974//974 856//856 971//971
f 856//856 1002//1002 649//649
f 1002//1002 856//856 981//981
f 1015//1015 858//858 1004//1004
f 858//858 1015//1015 1051//1051
f 1004//1004 858//858 986//986
f 858//858 1051//1051 1001//1001
f 1002//1002 1016//1016 649//649
f 1003//1003 725//725 862//862
f 725//725 1003//1003 857//857
f 1001//1001 1051//1051 1059//1059
f 1016//1016 880//880 726//726
f 1016//1016 1017//1017 880//880
f 1488//1488 862//862 725//725
f 864//864 1492//1492 1489//1489
f 864//864 860//860 861//861
f 1489//1489 1491//1491 864//864
f 860//860 869//869 861//861
f 863//863 861//861 869//869
f 866//866 864//864 861//861
f 866//866 861//861 863//863
f 1492//1492 864//864 865//865
f 1018//1018 1003//1003 862//862
f 865//865 1554//1554 1492//1492
f 865//865 1019//1019 1018//1018
f 1019//1019 865//865 864//864
f 880//880 1017//1017 1062//1062
f 727//727 867//867 870//870
f 758//758 868//868 867//867
f 867//867 727//727 758//758
f 870//870 867//867 868//868
f 868//868 885//885 871//871
f 868//868 1493//1493 870//870
f 869//869 860//860 735//735
f 1426//1426 727//727 870//870
f 873//873 869//869 1425//1425
f 1425//1425 1426//1426 873//873
f 873//873 1426//1426 870//870
f 863//863 869//869 873//873
f 871//871 885//885 872//872
f 872//872 885//885 886//886
f 863//863 1020//1020 866//866
f 1020//1020 863//863 873//873
f 1493//1493 1494//1494 870//870
f 871//871 872//872 1067//1067
f 872//872 886//886 1067//1067
f 1555//1555 1494//1494 874//874
f 1493//1493 874//874 1494//1494
f 875//875 1067//1067 886//886
f 871//871 1067//1067 1495//1495
f 1067//1067 875//875 1068//1068
f 886//886 887//887 875//875
f 876//876 1078//1078 901//901
f 1064//1064 1078//1078 876//876
f 877//877 726//726 880//880
f 876//876 878//878 1064//1064
f 1064//1064 878//878 879//879
f 882//882 879//879 881//881
f 879//879 1497//1497 1499//1499
f 1500//1500 1498//1498 880//880
f 1062//1062 1500//1500 880//880
f 882//882 1064//1064 879//879
f 753//753 906//906 884//884
f 758//758 883//883 868//868
f 883//883 1429//1429 1501//1501
f 883//883 1501//1501 885//885
f 868//868 883//883 885//885
f 886//886 885//885 1501//1501
f 886//886 909//909 887//887
f 889//889 1080//1080 921//921
f 1523//1523 1573//1573 890//890
f 890//890 1573//1573 1087//1087
f 891//891 742//742 901//901
f 892//892 891//891 895//895
f 895//895 893//893 892//892
f 893//893 888//888 767//767
f 894//894 922//922 888//888
f 895//895 891//891 901//901
f 893//893 895//895 896//896
f 894//894 888//888 893//893
f 1505//1505 897//897 1504//1504
f 893//893 896//896 894//894
f 1506//1506 922//922 894//894
f 901//901 898//898 895//895
f 1505//1505 895//895 897//897
f 895//895 898//898 897//897
f 899//899 1507//1507 1509//1509
f 900//900 1509//1509 901//901
f 1509//1509 900//900 899//899
f 900//900 1080//1080 889//889
f 899//899 1510//1510 1503//1503
f 1078//1078 900//900 901//901
f 1078//1078 1080//1080 900//900
f 742//742 876//876 901//901
f 770//770 905//905 1433//1433
f 902//902 773//773 904//904
f 1513//1513 1511//1511 1514//1514
f 1512//1512 1515//1515 906//906
f 1516//1516 1433//1433 905//905
f 1517//1517 1518//1518 1519//1519
f 770//770 923//923 905//905
f 1518//1518 1527//1527 1519//1519
f 1519//1519 1527//1527 925//925
f 1502//1502 1519//1519 925//925
f 886//886 1501//1501 907//907
f 907//907 909//909 886//886
f 1501//1501 927//927 907//907
f 909//909 907//907 933//933
f 908//908 916//916 915//915
f 1082//1082 909//909 1083//1083
f 1083//1083 909//909 1084//1084
f 933//933 1084//1084 909//909
f 1090//1090 1084//1084 933//933
f 913//913 910//910 912//912
f 910//910 913//913 920//920
f 920//920 913//913 934//934
f 911//911 1521//1521 910//910
f 916//916 913//913 912//912
f 914//914 1521//1521 911//911
f 915//915 914//914 1086//1086
f 914//914 915//915 1521//1521
f 912//912 915//915 916//916
f 1095//1095 913//913 916//916
f 780//780 1539//1539 790//790
f 917//917 1539//1539 780//780
f 1507//1507 899//899 917//917
f 917//917 899//899 1503//1503
f 920//920 1539//1539 917//917
f 1524//1524 918//918 1503//1503
f 910//910 918//918 1524//1524
f 918//918 919//919 1503//1503
f 910//910 920//920 918//918
f 920//920 917//917 919//919
f 920//920 919//919 918//918
f 1503//1503 919//919 917//917
f 934//934 1539//1539 920//920
f 911//911 910//910 1524//1524
f 1523//1523 890//890 1520//1520
f 890//890 1087//1087 1520//1520
f 917//917 780//780 1525//1525
f 1508//1508 1522//1522 1526//1526
f 923//923 770//770 781//781
f 929//929 1436//1436 1529//1529
f 1536//1536 1530//1530 1535//1535
f 1436//1436 929//929 1531//1531
f 781//781 1532//1532 923//923
f 927//927 1501//1501 1537//1537
f 1537//1537 1501//1501 1533//1533
f 942//942 1538//1538 1534//1534
f 928//928 907//907 927//927
f 1538//1538 930//930 927//927
f 930//930 928//928 927//927
f 931//931 1538//1538 942//942
f 928//928 1088//1088 932//932
f 928//928 932//932 907//907
f 1538//1538 1089//1089 930//930
f 931//931 1089//1089 1538//1538
f 1089//1089 931//931 1107//1107
f 1107//1107 931//931 942//942
f 932//932 1088//1088 1092//1092
f 930//930 1088//1088 928//928
f 930//930 1089//1089 1088//1088
f 933//933 907//907 932//932
f 933//933 932//932 1090//1090
f 932//932 1092//1092 1090//1090
f 935//935 944//944 936//936
f 1539//1539 934//934 935//935
f 1096//1096 944//944 935//935
f 1095//1095 934//934 913//913
f 790//790 1539//1539 1440//1440
f 937//937 940//940 947//947
f 938//938 937//937 947//947
f 938//938 947//947 1103//1103
f 947//947 951//951 1103//1103
f 1104//1104 1540//1540 1103//1103
f 941//941 1534//1534 1541//1541
f 940//940 1542//1542 939//939
f 942//942 1534//1534 941//941
f 1542//1542 940//940 937//937
f 938//938 1542//1542 937//937
f 1543//1543 1542//1542 938//938
f 1107//1107 942//942 1540//1540
f 943//943 966//966 1446//1446
f 1132//1132 946//946 1134//1134
f 946//946 945//945 944//944
f 946//946 944//944 1096//1096
f 947//947 940//940 795//795
f 949//949 947//947 948//948
f 948//948 947//947 795//795
f 950//950 949//949 948//948
f 958//958 950//950 948//948
f 950//950 958//958 959//959
f 951//951 947//947 949//949
f 954//954 949//949 955//955
f 949//949 950//950 955//955
f 955//955 950//950 952//952
f 950//950 959//959 952//952
f 952//952 959//959 961//961
f 953//953 1118//1118 951//951
f 951//951 949//949 1544//1544
f 951//951 1544//1544 953//953
f 955//955 952//952 957//957
f 957//957 952//952 956//956
f 952//952 961//961 956//956
f 1103//1103 951//951 1118//1118
f 1119//1119 953//953 1120//1120
f 1119//1119 1118//1118 953//953
f 1544//1544 1121//1121 1120//1120
f 1544//1544 1120//1120 953//953
f 1544//1544 955//955 1121//1121
f 956//956 1128//1128 957//957
f 795//795 966//966 960//960
f 940//940 939//939 795//795
f 958//958 795//795 960//960
f 795//795 958//958 948//948
f 959//959 958//958 960//960
f 960//960 967//967 962//962
f 963//963 961//961 959//959
f 963//963 959//959 960//960
f 1128//1128 956//956 961//961
f 962//962 963//963 960//960
f 1128//1128 961//961 964//964
f 961//961 963//963 964//964
f 963//963 962//962 965//965
f 964//964 963//963 965//965
f 962//962 1133//1133 965//965
f 967//967 960//960 966//966
f 967//967 966//966 943//943
f 943//943 945//945 967//967
f 945//945 968//968 967//967
f 968//968 945//945 946//946
f 968//968 962//962 967//967
f 1133//1133 962//962 968//968
f 1132//1132 968//968 946//946
f 1132//1132 1133//1133 968//968
f 1545//1545 1481//1481 1485//1485
f 970//970 976//976 977//977
f 978//978 847//847 970//970
f 847//847 978//978 852//852
f 970//970 977//977 978//978
f 855//855 854//854 972//972
f 973//973 855//855 972//972
f 971//971 855//855 973//973
f 971//971 973//973 974//974
f 973//973 972//972 982//982
f 982//982 991//991 973//973
f 991//991 974//974 973//973
f 972//972 853//853 982//982
f 976//976 845//845 975//975
f 977//977 976//976 984//984
f 977//977 984//984 985//985
f 978//978 979//979 852//852
f 985//985 979//979 977//977
f 986//986 979//979 985//985
f 978//978 977//977 979//979
f 979//979 980//980 852//852
f 986//986 980//980 979//979
f 989//989 980//980 986//986
f 852//852 980//980 989//989
f 852//852 989//989 990//990
f 853//853 852//852 990//990
f 853//853 990//990 982//982
f 974//974 981//981 856//856
f 982//982 1139//1139 991//991
f 975//975 857//857 994//994
f 994//994 983//983 975//975
f 975//975 983//983 976//976
f 976//976 983//983 984//984
f 996//996 983//983 994//994
f 983//983 1547//1547 984//984
f 997//997 985//985 1547//1547
f 1547//1547 985//985 984//984
f 986//986 999//999 988//988
f 986//986 988//988 987//987
f 986//986 987//987 989//989
f 989//989 987//987 1001//1001
f 987//987 988//988 1001//1001
f 999//999 1000//1000 988//988
f 989//989 1001//1001 990//990
f 1002//1002 981//981 1546//1546
f 1546//1546 981//981 974//974
f 1136//1136 982//982 990//990
f 1138//1138 992//992 1137//1137
f 1137//1137 992//992 1546//1546
f 1138//1138 1141//1141 992//992
f 993//993 857//857 1549//1549
f 994//994 857//857 993//993
f 995//995 994//994 993//993
f 995//995 993//993 1549//1549
f 994//994 995//995 996//996
f 998//998 985//985 997//997
f 1007//1007 996//996 995//995
f 1549//1549 1007//1007 995//995
f 1547//1547 1551//1551 997//997
f 997//997 1551//1551 1005//1005
f 997//997 1005//1005 998//998
f 986//986 985//985 998//998
f 1004//1004 986//986 998//998
f 1005//1005 1004//1004 998//998
f 999//999 986//986 858//858
f 999//999 858//858 1548//1548
f 988//988 1000//1000 1001//1001
f 990//990 1001//1001 1140//1140
f 992//992 1002//1002 1546//1546
f 1141//1141 1002//1002 992//992
f 1141//1141 1146//1146 1002//1002
f 1006//1006 1004//1004 1005//1005
f 1005//1005 1551//1551 1009//1009
f 1005//1005 1009//1009 1006//1006
f 1006//1006 1015//1015 1004//1004
f 1548//1548 858//858 1001//1001
f 1144//1144 1001//1001 1066//1066
f 1551//1551 1008//1008 1010//1010
f 1550//1550 1026//1026 1552//1552
f 1026//1026 1027//1027 1552//1552
f 1552//1552 1027//1027 1553//1553
f 1009//1009 1011//1011 1006//1006
f 1011//1011 1013//1013 1006//1006
f 1010//1010 1033//1033 1039//1039
f 1551//1551 1010//1010 1009//1009
f 1010//1010 1012//1012 1009//1009
f 1009//1009 1012//1012 1011//1011
f 1012//1012 1010//1010 1039//1039
f 1015//1015 1013//1013 1054//1054
f 1006//1006 1013//1013 1015//1015
f 1013//1013 1011//1011 1014//1014
f 1011//1011 1012//1012 1049//1049
f 1014//1014 1011//1011 1049//1049
f 1052//1052 1051//1051 1015//1015
f 1054//1054 1052//1052 1015//1015
f 1001//1001 1060//1060 1066//1066
f 1146//1146 1016//1016 1002//1002
f 1147//1147 1016//1016 1146//1146
f 1017//1017 1148//1148 1062//1062
f 1016//1016 1147//1147 1017//1017
f 1017//1017 1147//1147 1148//1148
f 1021//1021 1003//1003 1018//1018
f 1021//1021 1018//1018 1019//1019
f 1019//1019 864//864 866//866
f 1561//1561 1003//1003 1021//1021
f 1561//1561 1021//1021 1022//1022
f 1557//1557 1019//1019 1023//1023
f 1557//1557 1556//1556 1019//1019
f 1023//1023 1019//1019 866//866
f 1023//1023 866//866 1020//1020
f 1022//1022 1558//1558 1025//1025
f 1561//1561 1022//1022 1025//1025
f 1020//1020 1496//1496 1023//1023
f 1495//1495 1025//1025 1558//1558
f 1068//1068 1024//1024 1067//1067
f 1495//1495 1067//1067 1025//1025
f 1025//1025 1067//1067 1024//1024
f 1025//1025 1024//1024 1029//1029
f 1024//1024 1068//1068 1029//1029
f 1026//1026 1559//1559 1027//1027
f 1027//1027 1560//1560 1029//1029
f 1028//1028 1068//1068 1031//1031
f 1553//1553 1027//1027 1028//1028
f 1029//1029 1068//1068 1028//1028
f 1028//1028 1027//1027 1029//1029
f 1030//1030 1028//1028 1031//1031
f 1562//1562 1563//1563 1032//1032
f 1032//1032 1564//1564 1070//1070
f 1553//1553 1028//1028 1030//1030
f 1562//1562 1033//1033 1010//1010
f 1032//1032 1033//1033 1562//1562
f 1033//1033 1032//1032 1034//1034
f 1565//1565 1567//1567 1036//1036
f 1032//1032 1038//1038 1034//1034
f 1070//1070 1038//1038 1032//1032
f 1010//1010 1008//1008 1562//1562
f 1565//1565 1036//1036 1035//1035
f 1035//1035 1036//1036 1037//1037
f 1567//1567 1568//1568 1036//1036
f 1072//1072 1038//1038 1070//1070
f 1039//1039 1035//1035 1040//1040
f 1037//1037 1040//1040 1035//1035
f 1036//1036 1568//1568 1570//1570
f 1037//1037 1036//1036 1570//1570
f 1037//1037 1570//1570 1073//1073
f 1037//1037 1073//1073 1041//1041
f 1035//1035 1039//1039 1566//1566
f 1039//1039 1040//1040 1049//1049
f 1012//1012 1039//1039 1049//1049
f 1037//1037 1041//1041 1040//1040
f 1041//1041 1073//1073 1075//1075
f 1045//1045 1054//1054 1013//1013
f 1042//1042 1040//1040 1041//1041
f 1041//1041 1043//1043 1042//1042
f 1042//1042 1043//1043 1044//1044
f 1042//1042 1044//1044 1056//1056
f 1056//1056 1044//1044 1076//1076
f 1056//1056 1076//1076 1057//1057
f 1043//1043 1041//1041 1076//1076
f 1043//1043 1076//1076 1044//1044
f 1014//1014 1045//1045 1013//1013
f 1040//1040 1048//1048 1047//1047
f 1054//1054 1045//1045 1055//1055
f 1045//1045 1048//1048 1046//1046
f 1055//1055 1045//1045 1046//1046
f 1048//1048 1040//1040 1042//1042
f 1048//1048 1042//1042 1056//1056
f 1048//1048 1056//1056 1046//1046
f 1049//1049 1040//1040 1047//1047
f 1047//1047 1048//1048 1050//1050
f 1050//1050 1048//1048 1014//1014
f 1014//1014 1048//1048 1045//1045
f 1050//1050 1049//1049 1047//1047
f 1049//1049 1050//1050 1014//1014
f 1051//1051 1052//1052 1053//1053
f 1051//1051 1053//1053 1059//1059
f 1052//1052 1054//1054 1053//1053
f 1053//1053 1054//1054 1055//1055
f 1056//1056 1053//1053 1055//1055
f 1057//1057 1058//1058 1056//1056
f 1058//1058 1059//1059 1053//1053
f 1058//1058 1053//1053 1056//1056
f 1055//1055 1046//1046 1056//1056
f 1060//1060 1001//1001 1059//1059
f 1059//1059 1079//1079 1060//1060
f 1060//1060 1061//1061 1065//1065
f 1061//1061 1060//1060 1079//1079
f 1078//1078 1064//1064 1065//1065
f 1063//1063 881//881 1062//1062
f 1063//1063 1062//1062 1148//1148
f 1064//1064 881//881 1063//1063
f 1065//1065 1569//1569 1078//1078
f 1063//1063 1065//1065 1064//1064
f 1060//1060 1065//1065 1066//1066
f 1564//1564 1068//1068 1069//1069
f 1069//1069 1068//1068 887//887
f 875//875 887//887 1068//1068
f 1069//1069 887//887 1071//1071
f 887//887 1074//1074 1071//1071
f 1564//1564 1069//1069 1070//1070
f 1071//1071 1072//1072 1070//1070
f 1069//1069 1071//1071 1070//1070
f 887//887 909//909 1074//1074
f 1073//1073 1570//1570 1075//1075
f 1071//1071 1074//1074 1072//1072
f 1074//1074 1075//1075 1570//1570
f 1041//1041 1075//1075 1076//1076
f 1077//1077 1057//1057 1076//1076
f 1058//1058 1571//1571 1059//1059
f 1081//1081 1077//1077 1075//1075
f 1057//1057 1077//1077 1058//1058
f 1075//1075 1077//1077 1076//1076
f 1571//1571 1058//1058 1077//1077
f 1572//1572 1078//1078 1569//1569
f 1572//1572 1081//1081 1078//1078
f 1077//1077 1081//1081 1572//1572
f 881//881 1064//1064 882//882
f 1082//1082 1074//1074 909//909
f 1574//1574 1080//1080 1081//1081
f 1081//1081 1075//1075 1086//1086
f 1575//1575 1081//1081 1086//1086
f 1081//1081 1080//1080 1078//1078
f 908//908 1082//1082 1083//1083
f 1082//1082 908//908 915//915
f 908//908 1083//1083 1084//1084
f 908//908 1084//1084 1085//1085
f 916//916 908//908 1085//1085
f 1084//1084 1090//1090 1091//1091
f 1085//1085 1084//1084 1091//1091
f 916//916 1085//1085 1091//1091
f 1082//1082 915//915 1086//1086
f 1075//1075 1074//1074 1086//1086
f 1082//1082 1086//1086 1074//1074
f 916//916 1091//1091 1095//1095
f 1086//1086 914//914 1575//1575
f 914//914 911//911 1575//1575
f 1088//1088 1093//1093 1092//1092
f 1088//1088 1089//1089 1108//1108
f 1108//1108 1093//1093 1088//1088
f 1108//1108 1110//1110 1094//1094
f 1091//1091 1090//1090 1092//1092
f 1092//1092 1100//1100 1091//1091
f 1092//1092 1093//1093 1100//1100
f 1093//1093 1108//1108 1094//1094
f 1093//1093 1094//1094 1102//1102
f 1102//1102 1094//1094 1150//1150
f 1097//1097 934//934 1095//1095
f 934//934 1097//1097 1098//1098
f 934//934 1098//1098 935//935
f 1098//1098 1096//1096 935//935
f 1576//1576 1099//1099 1095//1095
f 1099//1099 1097//1097 1095//1095
f 1098//1098 1097//1097 1099//1099
f 1576//1576 1100//1100 1099//1099
f 1100//1100 1101//1101 1099//1099
f 1099//1099 1101//1101 1098//1098
f 1098//1098 1101//1101 1096//1096
f 1101//1101 1116//1116 1096//1096
f 1093//1093 1102//1102 1100//1100
f 1102//1102 1150//1150 1100//1100
f 1150//1150 1101//1101 1100//1100
f 1577//1577 1588//1588 1579//1579
f 1540//1540 1104//1104 1107//1107
f 1118//1118 1106//1106 1103//1103
f 1104//1104 1103//1103 1105//1105
f 1103//1103 1106//1106 1105//1105
f 1578//1578 1109//1109 1107//1107
f 1105//1105 1109//1109 1578//1578
f 1105//1105 1106//1106 1109//1109
f 1125//1125 1109//1109 1106//1106
f 1130//1130 1109//1109 1125//1125
f 1108//1108 1089//1089 1107//1107
f 1108//1108 1107//1107 1109//1109
f 1108//1108 1109//1109 1130//1130
f 1108//1108 1130//1130 1110//1110
f 1094//1094 1110//1110 1114//1114
f 1110//1110 1130//1130 1114//1114
f 946//946 1111//1111 1134//1134
f 1112//1112 1134//1134 1111//1111
f 1135//1135 1134//1134 1112//1112
f 1114//1114 1130//1130 1113//1113
f 1113//1113 1135//1135 1112//1112
f 1114//1114 1112//1112 1115//1115
f 1113//1113 1112//1112 1114//1114
f 1094//1094 1114//1114 1115//1115
f 1096//1096 1116//1116 946//946
f 946//946 1117//1117 1111//1111
f 946//946 1116//1116 1117//1117
f 1579//1579 1588//1588 1580//1580
f 1111//1111 1117//1117 1112//1112
f 1580//1580 1115//1115 1112//1112
f 1119//1119 1106//1106 1118//1118
f 1122//1122 1120//1120 1121//1121
f 1121//1121 1123//1123 1122//1122
f 1123//1123 1121//1121 955//955
f 957//957 1123//1123 955//955
f 1124//1124 1106//1106 1119//1119
f 1581//1581 1119//1119 1120//1120
f 1581//1581 1124//1124 1119//1119
f 1127//1127 1123//1123 957//957
f 1124//1124 1122//1122 1126//1126
f 1122//1122 1123//1123 1126//1126
f 1127//1127 1126//1126 1123//1123
f 1124//1124 1126//1126 1125//1125
f 1106//1106 1124//1124 1125//1125
f 1125//1125 1126//1126 1130//1130
f 1126//1126 1127//1127 1130//1130
f 1131//1131 1130//1130 1127//1127
f 1128//1128 964//964 1129//1129
f 964//964 965//965 1129//1129
f 1133//1133 1129//1129 965//965
f 1128//1128 1127//1127 957//957
f 1127//1127 1128//1128 1129//1129
f 1131//1131 1129//1129 1133//1133
f 1131//1131 1127//1127 1129//1129
f 1133//1133 1132//1132 1131//1131
f 1135//1135 1132//1132 1134//1134
f 1135//1135 1131//1131 1132//1132
f 1113//1113 1130//1130 1131//1131
f 1113//1113 1131//1131 1135//1135
f 982//982 1136//1136 1139//1139
f 991//991 1139//1139 1582//1582
f 1136//1136 1140//1140 1142//1142
f 1136//1136 990//990 1140//1140
f 1139//1139 1138//1138 1582//1582
f 1139//1139 1141//1141 1138//1138
f 1136//1136 1142//1142 1139//1139
f 1142//1142 1145//1145 1139//1139
f 1001//1001 1144//1144 1140//1140
f 1139//1139 1143//1143 1141//1141
f 1146//1146 1141//1141 1143//1143
f 1142//1142 1140//1140 1145//1145
f 1139//1139 1145//1145 1583//1583
f 1145//1145 1584//1584 1583//1583
f 1144//1144 1145//1145 1140//1140
f 1149//1149 1066//1066 1065//1065
f 1149//1149 1065//1065 1063//1063
f 1145//1145 1585//1585 1584//1584
f 1585//1585 1145//1145 1587//1587
f 1585//1585 1587//1587 1586//1586
f 1149//1149 1063//1063 1148//1148
f 1145//1145 1144//1144 1149//1149
f 1066//1066 1149//1149 1144//1144
f 1588//1588 1094//1094 1115//1115
f 1580//1580 1588//1588 1115//1115
