# Wavafront OBJ file of BodyParts3D
# BodyParts3D, Copyright(C) 2010-2011 The Database Center for Life Science licensed under CC Attribution-Share Alike 2.1 Japan.
vn -0.89498 -0.444361 -0.0394177
v 0.345001 -20.9078 1377.8
vn -0.287324 -0.837104 -0.465513
v 0.345001 -20.5117 1377.2
vn -0.946113 -0.206406 -0.249533
v 0.005939 -19.2 1374.6
vn 0.144859 -0.88497 -0.442542
v 0.345001 -19 1374.27
vn -0.958248 -0.285023 -0.0228396
v -0.090936 -20 1376
vn -0.939773 -0.34141 -0.0163123
v 0.145001 -20.2206 1376.8
vn -0.134776 -0.92482 -0.35573
v 0.270001 -20.2 1376.6
vn -0.966659 -0.251175 0.0498093
v -0.297186 -19.2 1377.2
vn -0.957535 -0.283037 -0.0549289
v 0.084064 -20.4 1378
vn -0.987267 -0.11361 0.111338
v -0.159686 -19 1379.2
vn -0.974038 -0.22628 0.00684271
v -0.054999 -20.0463 1379.4
vn -0.994724 -0.0386398 0.0950342
v -0.054999 -19.6 1380.05
vn -0.978482 0.133066 0.157691
v -0.054999 -19.2 1380.02
vn -0.627555 -0.692053 0.356703
v 0.145001 -19.8 1380.23
vn 0.879286 -0.250096 0.405349
v 0.515456 -19.4 1380
vn 0.9922 0.120464 0.032046
v 0.521564 -19.2 1379.6
vn 0.882012 -0.110816 0.458012
v 0.543439 -19 1379.4
vn 0.141344 0.64156 0.753938
v 0.345001 -19 1379.69
vn -0.982385 -0.170997 -0.075365
v 0.105939 -18.2 1370.2
vn -0.952726 -0.235026 -0.192548
v 0.118439 -17.8 1369.6
vn -0.323279 -0.644107 -0.693265
v 0.412189 -18 1369.6
vn 0.155275 -0.907917 -0.389328
v 0.339119 -18.8 1373.8
vn -0.959509 -0.223393 -0.171572
v 0.145001 -18.6167 1373.8
vn -0.995854 -0.0787441 0.0455368
v -0.562811 -17.8 1376.8
vn -0.820044 0.0280513 0.571613
v -0.176817 -18 1379.2
vn -0.764912 0.103513 0.635763
v -0.054999 -18.8 1379.47
vn -0.775589 0.209378 0.595502
v 0.046668 -18 1379.4
vn -0.391531 0.102203 0.914472
v -0.054999 -17.4 1379.2
vn -0.412301 0.737833 0.534425
v 0.145001 -18.8 1379.62
vn -0.346247 0.0404576 0.937271
v 0.145001 -18.6 1379.59
vn -0.519232 -0.0987197 0.848913
v 0.145001 -18.4 1379.6
vn -0.840227 0.227186 0.492347
v 0.252814 -17.6 1379.6
vn 0.302619 0.00528433 0.953097
v 0.347085 -18.8 1379.6
vn 0.0669144 -0.164162 0.984161
v 0.345001 -18.6 1379.61
vn -0.345787 -0.311166 0.885216
v 0.345001 -18.4 1379.68
vn -0.343503 -0.329727 0.879367
v 0.345001 -17.8 1379.9
vn -0.961793 -0.232761 -0.144143
v -0.084686 -16 1368.4
vn -0.178053 -0.674072 -0.716885
v 0.049689 -16.8 1368.8
vn -0.86449 -0.422772 -0.271884
v -0.000311 -16.2 1368.2
vn 0.777684 -0.506002 -0.373054
v 0.145001 -16.3898 1368.2
vn -0.0608665 -0.702645 -0.708932
v 0.345001 -16.8256 1368.8
vn -0.993964 -0.0276678 -0.106156
v -0.428436 -16 1373.6
vn -0.960278 0.128782 0.24755
v -0.306561 -16 1378.6
vn -0.933729 -0.0206938 0.357383
v -0.369061 -17 1379
vn -0.983114 0.103674 0.150791
v -0.387811 -16.8 1378.8
vn -0.166736 0.0143389 0.985897
v -0.254999 -17.2 1379.13
vn -0.926701 0.0809392 0.366981
v -0.254999 -16.5927 1379.2
vn -0.118945 -0.00891959 0.992861
v -0.054999 -17 1379.15
vn 0.428746 0.257478 0.865957
v -0.054999 -16.8 1379.13
vn 0.423786 0.402817 0.811261
v -0.054999 -16.4 1378.95
vn -0.209607 0.686548 0.696216
v -0.054999 -16.1261 1378.8
vn 0.159755 0.220005 0.962328
v 0.145001 -17 1379.09
vn 0.356998 0.233825 0.904366
v 0.145001 -16.8 1379.04
vn 0.265676 0.419888 0.867819
v 0.145001 -16.4 1378.89
vn -0.887472 0.154909 0.434047
v 0.345001 -17.1 1379.4
vn -0.781675 -0.0395969 0.622428
v 0.449689 -16.8 1379.6
vn -0.88106 0.183408 0.435999
v 0.452814 -16.4 1379.6
vn -0.890156 -0.359435 -0.280053
v 0.145001 -14.2953 1354.6
vn -0.977794 -0.186835 0.0949275
v 0.145001 -14.1444 1355.2
vn -0.575146 -0.746978 0.333513
v 0.345001 -14.2984 1355.2
vn -0.781021 -0.545038 -0.30486
v -0.065936 -14.2 1364
vn -0.918976 -0.355017 -0.171598
v -0.231561 -14.2 1365
vn 0.04311 -0.910322 -0.411649
v 0.362189 -14.8 1365.2
vn 0.680607 -0.685494 -0.258597
v 0.145001 -15.2 1366.06
vn 0.787554 -0.582677 -0.200613
v 0.345001 -14.9781 1366
vn -0.994465 0.104082 0.014368
v -0.369061 -14.2 1370
vn -0.9937 0.0863869 0.0713996
v -0.362811 -15.2 1371.6
vn -0.906078 0.326035 0.269674
v -0.054999 -14.4864 1371.8
vn -0.96228 0.269971 -0.0336625
v -0.359686 -14.4 1373.4
vn -0.98109 0.193386 -0.00805129
v -0.428436 -14.8 1374.4
vn -0.99327 0.0879592 -0.0753489
v -0.625311 -15.6 1375.8
vn -0.973389 0.120461 0.194945
v -0.675311 -15.4 1377.2
vn -0.93051 0.23685 0.279382
v -0.390936 -14.8 1377.6
vn 0.0393379 0.627447 0.777665
v -0.454999 -14.4967 1377.2
vn -0.477888 0.662841 0.576423
v -0.356922 -14.6 1377.4
vn -0.904838 0.408274 0.120749
v -0.237811 -14.6 1378
vn -0.925827 0.377872 0.00754968
v -0.109686 -14.2 1378
vn -0.916028 0.344137 0.206064
v -0.054999 -14.1389 1378.2
vn 0.563576 0.344106 0.750981
v 0.145001 -14.2 1378.15
vn -0.710979 0.242933 0.659919
v 0.530939 -15.6 1379
vn -0.977141 -0.171649 -0.125428
v 0.480939 -12.6 1352.2
vn -0.988029 -0.142315 -0.0595462
v 0.059064 -14 1354.6
vn -0.95079 -0.219935 -0.218237
v 0.130939 -13.8 1354.2
vn -0.479895 -0.70863 -0.517246
v 0.302501 -13.8 1354
vn -0.39806 -0.768806 0.500485
v 0.345001 -13.6359 1356.2
vn -0.456449 -0.743253 0.489111
v 0.345001 -12.4734 1358
vn 0.280109 -0.959758 -0.0200812
v 0.345001 -12.4297 1360
vn 0.0856322 -0.98962 -0.11541
v 0.345001 -12.4203 1360.6
vn -0.0452845 -0.969168 -0.242204
v 0.345001 -12.4703 1360.8
vn -0.837745 -0.466577 -0.283707
v 0.145001 -12.7463 1361.6
vn -0.304783 -0.846549 -0.436419
v 0.145001 -14 1363.41
vn -0.998312 -0.0266391 -0.0516039
v -0.378436 -13.6 1367
vn -0.949103 0.308976 0.0611309
v -0.428436 -12.6 1367.8
vn -0.939653 0.282618 0.192817
v -0.256561 -13.4 1370.4
vn -0.880989 0.436966 0.181435
v 0.012189 -12.6 1370
vn -0.818027 0.425066 0.387494
v -0.054999 -13.4 1370.89
vn -0.939772 0.31448 0.133904
v 0.359064 -12.6 1370.8
vn -0.868916 0.490455 0.0666214
v 0.287189 -13 1372.8
vn -0.941599 0.322442 -0.0970707
v 0.062189 -13.4 1374.4
vn 0.0402695 0.603848 0.796081
v -0.472186 -14 1376.8
vn -0.968906 0.233105 -0.0829627
v -0.481561 -13.6 1376.4
vn 0.202916 0.599412 0.774293
v -0.254999 -14 1376.79
vn -0.898512 0.424597 -0.111324
v -0.254999 -13.173 1376.2
vn 0.392348 0.581356 0.712803
v 0.145001 -13.2 1376.03
vn 0.357419 0.612911 0.704693
v 0.345001 -13.3203 1376
vn -0.934501 -0.327116 -0.140371
v 0.345001 -11.846 1349.6
vn -0.587033 -0.770001 -0.24998
v 0.318439 -12.2 1351
vn -0.998649 -0.0183726 0.0486137
v 0.043439 -11.6 1357.6
vn -0.925985 -0.347082 0.148611
v 0.187189 -12 1358.4
vn -0.988075 -0.150334 -0.033281
v 0.152814 -11.8 1359.2
vn -0.687013 -0.644932 -0.334779
v 0.345001 -12.2 1359.5
vn -0.979358 -0.153871 -0.131078
v -0.012811 -12 1360.2
vn -0.988575 -0.12613 -0.0825232
v -0.197186 -12 1361.8
vn -0.954006 0.299739 0.00536589
v 0.168439 -11.2 1366
vn -0.861015 0.466936 0.201555
v 0.240314 -11 1366.2
vn -0.834294 0.501153 0.229782
v 0.415314 -12.2 1370.4
vn -0.920468 0.330982 -0.207819
v 0.427814 -12.2 1374.4
vn -0.490474 -0.599098 -0.632864
v 0.145001 -10.2 1348.25
vn -0.995646 0.0210301 0.0908133
v 0.105939 -10.2 1355.2
vn -0.99654 0.0562812 -0.0611597
v 0.068439 -9.6 1359
vn -0.991919 0.125555 0.0182351
v -0.190936 -10 1361
vn -0.922097 0.333981 0.195431
v 0.037189 -10.2 1362.6
vn -0.995783 -0.0708585 0.0582649
v -0.440936 -9 1348.2
vn -0.968734 -0.177333 -0.173515
v -0.425311 -8.4 1347
vn -0.999214 -0.027605 0.0284655
v -0.137811 -8.4 1350.2
vn -0.991664 -0.0811094 -0.100118
v -0.365936 -7.8 1352.6
vn -0.91745 0.158061 0.365106
v -0.350311 -7.8 1353
vn -0.94375 0.22625 0.241139
v -0.125311 -8 1353.6
vn -0.978224 -0.0849932 -0.18935
v 0.059064 -8 1355.2
vn -0.891267 0.256801 0.37376
v 0.145001 -8.08947 1356
vn -0.853159 0.465575 0.235287
v 0.345001 -7.84844 1359.8
vn -0.364476 -0.816496 -0.447764
v 0.345001 -6.25469 1343.4
vn -0.671899 -0.585984 -0.452962
v -0.144061 -6.8 1345
vn -0.77206 -0.482635 -0.413506
v 0.145001 -7 1344.69
vn -0.991583 0.10632 0.0738802
v -0.553436 -7.4 1347.2
vn -0.95365 0.271561 0.129642
v -0.334686 -6.8 1347.8
vn -0.850455 0.408036 0.332014
v -0.254999 -6.2 1346.97
vn -0.979146 0.198637 0.0426103
v -0.197186 -6.2 1348.6
vn -0.993319 0.037005 -0.109303
v -0.054999 -6.6 1349.94
vn -0.989101 -0.0268651 -0.144765
v -0.103436 -7.2 1350.4
vn -0.993778 0.037408 -0.104909
v -0.200311 -6.6 1350.6
vn -0.989541 0.00600016 -0.144126
v -0.400311 -6.6 1352.2
vn -0.983818 0.151398 0.0958126
v -0.397186 -6.6 1352.4
vn -0.648167 0.369952 0.665594
v -0.254999 -6.8 1352.65
vn -0.784904 0.31035 0.536292
v -0.054999 -7.18928 1353
vn -0.89838 0.270533 0.346015
v 0.068439 -6.8 1353
vn -0.94563 0.249905 0.208163
v 0.145001 -6.365 1353
vn -0.972228 0.221928 0.0743004
v 0.155939 -6.8 1353.8
vn -0.86131 0.488635 0.139213
v 0.274689 -6.4 1353.6
vn -0.977796 0.150728 -0.14559
v 0.146564 -6.4 1354.4
vn -0.815087 0.484541 0.317572
v 0.219605 -6.2 1353.2
vn -0.996185 0.0848137 -0.0205607
v -0.034686 -7.4 1355.2
vn -0.991187 0.0113698 -0.13198
v 0.090314 -7.2 1354.8
vn -0.982856 0.0915148 -0.160061
v 0.030939 -7.2 1355
vn -0.917705 0.29941 0.261095
v 0.024689 -7.2 1355.2
vn -0.954486 0.272135 0.122063
v 0.496564 -6.6 1356.2
vn -0.981114 0.0197829 -0.192417
v 0.271564 -7.6 1358.4
vn -0.97524 -0.0114286 -0.220854
v 0.262189 -6.8 1358.4
vn -0.513648 -0.746034 -0.42379
v 0.345001 -4.86191 1340.8
vn -0.970249 0.241664 -0.0147116
v -0.253436 -4.8 1344.2
vn -0.959556 0.262465 0.101811
v -0.334686 -5.4 1345.2
vn -0.788869 0.511616 0.340491
v -0.254999 -5.8 1346.62
vn -0.884445 0.416119 0.211193
v -0.228436 -5.6 1346.2
vn -0.703761 0.591434 0.393606
v -0.169515 -5.6 1346.4
vn -0.870797 0.444215 0.210679
v -0.184686 -5 1345.6
vn -0.626333 0.636343 0.450304
v 0.145001 -5.1918 1346.2
vn -0.934823 0.355108 0.0020752
v 0.446564 -4.8 1346.2
vn -0.799883 0.522044 0.296071
v -0.054999 -5.94615 1347
vn -0.967928 0.215304 -0.129459
v 0.062189 -5.6 1347.2
vn -0.859611 0.366741 0.355766
v 0.071564 -4.6 1347.6
vn -0.975301 0.193208 -0.107049
v 0.202814 -4.8 1347
vn -0.134339 0.784516 0.605382
v 0.345001 -4.62063 1347.8
vn -0.876982 -0.160312 -0.452992
v -0.219061 -5.4 1349.8
vn -0.690107 0.438438 0.575782
v -0.054999 -5 1349.88
vn -0.791083 0.487613 0.369352
v -0.054999 -4.6 1349.35
vn -0.865149 0.443334 0.234462
v 0.146697 -5.2 1348.4
vn -0.855592 0.500719 0.13131
v 0.280939 -5.2 1349
vn -0.824138 -0.14807 -0.546692
v 0.145001 -4.42593 1349
vn 0.0876754 0.745977 0.660175
v 0.345001 -4.6 1349.38
vn -0.853791 -0.150341 -0.498436
v -0.134686 -5.4 1351.2
vn -0.945274 0.103307 -0.30949
v -0.175311 -5.2 1351.2
vn -0.96726 0.246486 -0.0604317
v -0.187811 -5.2 1351.4
vn -0.961363 0.274405 0.0219994
v 0.037189 -5.8 1351
vn -0.42639 0.42799 0.796879
v -0.052915 -5.6 1350.2
vn 0.0741542 0.674541 0.734504
v 0.145001 -5.4 1350.14
vn -0.921344 0.372249 -0.11205
v 0.145001 -4.46739 1351
vn -0.992545 0.103562 -0.0642669
v -0.294061 -6 1351.8
vn -0.571046 0.507778 0.645033
v 0.024547 -5.4 1351.8
vn -0.786073 0.472164 0.398937
v 0.265314 -6 1353
vn -0.636936 0.633281 0.439622
v 0.240314 -5.4 1352.4
vn -0.634161 0.633916 0.442708
v 0.45389 -6 1353.2
vn -0.901565 0.317408 -0.293995
v 0.380939 -5.4 1354
vn -0.829223 0.558606 0.0186566
v 0.353774 -5.4 1354.2
vn -0.734318 0.485032 0.474891
v 0.418439 -6 1354.8
vn -0.992903 -0.0731046 -0.0938009
v 0.002814 -4.2 1341.2
vn -0.843903 0.498005 0.199546
v 0.221564 -3.4 1341.4
vn -0.982557 0.0139642 -0.185435
v 0.321564 -4 1346.4
vn -0.948627 -0.0166854 -0.315956
v 0.345001 -4.4 1346.56
vn -0.640593 0.622797 0.449182
v 0.345001 -4.2 1345.22
vn -0.985212 0.147864 -0.0865659
v 0.318439 -4.4 1346.8
vn -0.968333 0.249648 0.00266594
v 0.421564 -4 1346.8
vn -0.626236 0.621472 0.470746
v 0.145001 -4.28594 1349.2
vn -0.941332 0.27646 -0.193554
v 0.345001 -4.025 1348.6
vn -0.389429 -0.901151 -0.19045
v -0.272186 -1.8 1327.8
vn -0.0258759 -0.970308 -0.240483
v -0.054999 -1.86719 1327.8
vn -0.438956 -0.884593 -0.157519
v 0.013423 -2.2 1329.6
vn -0.99291 -0.0796144 0.0882649
v -0.000311 -1.6 1330
vn -0.218376 -0.94913 -0.226856
v 0.145001 -2.22969 1329.4
vn -0.830753 -0.544715 -0.114608
v 0.145001 -1.61129 1333.6
vn -0.470118 -0.850852 -0.234607
v 0.362744 -1.8 1333.6
vn -0.992005 -0.120525 -0.0374235
v 0.121564 -1.8 1334.8
vn -0.672779 -0.704322 -0.226495
v 0.345001 -2.29193 1335
vn -0.938826 -0.3356 -0.0773191
v -0.025311 -2.2 1336.4
vn -0.957964 0.262509 0.115734
v -0.040936 -1.6 1336.4
vn -0.932488 0.251145 0.259601
v 0.124689 -1.6 1336.8
vn -0.488336 -0.812721 -0.317824
v 0.345001 -2.67031 1336.4
vn -0.694232 -0.695031 -0.187014
v 0.345001 -2.58594 1336
vn -0.991055 0.129516 0.0321843
v 0.184064 -1.4 1338.2
vn -0.895466 -0.227466 -0.382623
v 0.405939 0.2 1299.2
vn -0.889688 -0.433358 -0.143723
v 0.345001 -0.389062 1301.4
vn -0.157469 -0.979347 0.126817
v -0.090936 -0.2 1303
vn -0.552393 -0.829231 0.0850727
v 0.345001 0.239063 1306.8
vn -0.151516 -0.962922 -0.223214
v -0.054999 0.279688 1320.6
vn -0.643958 -0.637808 -0.422515
v -0.184686 -0.6 1322.4
vn -0.882086 -0.389635 -0.264781
v -0.254999 -0.021667 1321.8
vn -0.660435 -0.72576 -0.192608
v -0.054999 -0.8 1322.65
vn -0.273944 -0.768178 -0.578669
v 0.145001 -0.854687 1322.4
vn -0.171102 -0.895354 -0.411175
v 0.145001 -0.132812 1321.6
vn -0.177448 -0.777206 -0.603707
v 0.345001 -0.4 1321.9
vn -0.945611 -0.317571 -0.0704817
v -0.447186 -0.6 1323.6
vn -0.230174 -0.956828 -0.177485
v -0.254999 -0.835937 1324
vn 0.0396828 -0.994887 -0.0928678
v 0.345001 -0.667187 1323.8
vn -0.94742 0.301981 0.105843
v -0.344061 0.2 1325.8
vn -0.946926 0.285789 0.147161
v -0.081561 0 1326.8
vn -0.976429 0.211731 -0.0418983
v -0.147186 -0.2 1328.6
vn -0.990058 -0.127398 -0.0596297
v -0.254999 -0.664285 1331.6
vn -0.933072 -0.258459 0.250153
v -0.150311 -0.8 1332
vn -0.944029 0.193877 0.266871
v -0.197186 -0.4 1332
vn -0.854675 -0.517908 0.0360723
v 0.084064 -1.2 1331
vn -0.873228 -0.484882 0.0485998
v 0.055939 -1.2 1332.2
vn -0.996101 -0.0584491 -0.0660723
v -0.047186 -0.6 1330.8
vn -0.989905 -0.0643051 0.126302
v 0.018439 -0.8 1332.4
vn -0.953391 0.170899 0.248673
v 0.112189 -0.4 1332.6
vn -0.923025 0.363132 0.127121
v 0.077814 -0.2 1334.8
vn -0.965839 -0.00870071 0.258998
v 0.163967 -0.8 1335.2
vn -0.960571 -0.276841 -0.0257205
v 0.046564 -0.8 1336.8
vn -0.750971 0.515118 0.413154
v 0.102814 -0.8 1337
vn -0.992915 0.118769 -0.00376704
v 0.068439 -0.6 1336.8
vn -0.913042 0.407752 0.00958188
v 0.190314 -1.2 1335.6
vn -0.938704 0.325003 0.114922
v 0.249689 -1.2 1336.6
vn -0.986304 0.0893386 0.138648
v 0.277814 -1.2 1336.8
vn -0.992196 -0.114804 -0.0486523
v 0.234064 -1.2 1337
vn -0.772364 -0.519705 -0.365185
v 0.227814 -1 1336.6
vn -0.928866 -0.347758 0.127561
v 0.180939 -1 1337
vn -0.906736 -0.0433228 0.419467
v 0.330939 -0.6 1335.6
vn -0.620719 0.680478 0.389433
v 0.240001 -0.6 1337
vn -0.737707 -0.536401 -0.409954
v 0.236073 -0.4 1335.8
vn -0.633912 0.760587 0.140221
v 0.264049 -0.2 1335.8
vn -0.58144 0.555845 0.594107
v 0.38151 -1 1335.6
vn -0.614818 -0.627855 -0.477282
v 0.440314 -0.6 1335.8
vn -0.973323 -0.159811 0.164632
v 0.277814 -0.8 1337.6
vn -0.906571 -0.182554 -0.38053
v 0.515314 1 1298.8
vn -0.993474 -0.0679232 -0.0916247
v -0.169061 0.6 1301.6
vn -0.961561 0.224071 0.15872
v 0.063967 1.6 1301.6
vn -0.8917 0.450574 -0.0430681
v 0.080939 1.6 1301.8
vn -0.986603 0.155444 -0.0495173
v -0.037811 1.8 1301
vn -0.797806 0.602861 0.00798225
v 0.271564 1.8 1301.6
vn -0.990623 0.116088 -0.0720419
v -0.090936 1.4 1302.8
vn -0.915734 0.340399 -0.213448
v 0.112189 1.8 1302.4
vn -0.889454 -0.456281 -0.026065
v -0.003436 0.6 1305.6
vn -0.919753 -0.36681 0.139659
v -0.062811 0.8 1307
vn -0.917431 -0.381517 0.112982
v -0.025311 1 1307.4
vn -0.692016 -0.651139 0.31166
v 0.215911 0.4 1307
vn -0.801885 -0.507266 0.315691
v 0.145001 0.6 1307.25
vn -0.825643 -0.519856 0.219235
v 0.145001 0.729508 1307.4
vn -0.541177 -0.589284 0.599893
v 0.345001 0.4 1307.12
vn -0.600126 -0.444195 0.665237
v 0.345001 0.6 1307.25
vn -0.819901 -0.572479 -0.00552606
v 0.145001 0.8 1309.03
vn -0.946245 -0.322896 -0.0189341
v -0.378436 1.4 1312.4
vn -0.849993 -0.526121 -0.0266106
v 0.116741 0.6 1312.4
vn -0.933999 -0.356229 -0.0273455
v -0.254999 1.08776 1316.4
vn -0.989668 -0.14244 -0.0163795
v -0.500311 1.2 1319.8
vn -0.949292 -0.28291 -0.137135
v -0.437811 0.8 1321.2
vn -0.992821 0.117476 0.0225026
v -0.422186 1.6 1322.6
vn -0.744409 0.58845 0.315565
v -0.254999 1.61111 1323
vn -0.976048 0.187828 -0.109781
v 0.199689 1.8 1324.2
vn -0.903068 0.382532 0.195289
v -0.228436 0.8 1324.4
vn -0.879327 0.42963 0.205432
v 0.345001 1.55469 1325.4
vn -0.950408 0.304585 -0.0628797
v 0.509064 1.6 1327.4
vn -0.95895 0.246586 -0.140033
v 0.293439 1.4 1328.4
vn -0.773296 0.631693 0.0545592
v 0.345001 1.4 1328.78
vn -0.990675 0.123084 0.0584248
v -0.028436 0.4 1330.4
vn -0.906881 0.404263 0.118904
v 0.083097 0.8 1330.2
vn -0.89678 0.440136 0.0454409
v 0.062189 1 1329.4
vn -0.806982 0.58408 0.0873563
v 0.345001 1.39074 1329.4
vn -0.95978 0.27981 0.0230058
v 0.024689 0.4 1331
vn -0.908987 0.354426 0.219373
v 0.177814 0.6 1331.4
vn -0.914978 0.402451 0.0291492
v 0.266668 1 1331
vn -0.850509 0.504958 0.147146
v 0.345001 0.468628 1332.2
vn -0.804021 0.565045 -0.185133
v 0.509064 3 1299.6
vn -0.477213 0.791003 0.382861
v 0.345001 2.37344 1300.6
vn -0.728466 0.684244 -0.0338771
v 0.238444 2.8 1302.8
vn -0.970709 0.180676 -0.158369
v -0.215936 2.2 1303.6
vn -0.800235 0.593357 -0.0868991
v -0.131561 2.6 1305
vn -0.972391 0.232309 -0.0221076
v -0.240936 2.4 1306
vn -0.818857 0.573952 0.00718207
v -0.036632 2.8 1305.8
vn -0.776457 0.615981 -0.132971
v 0.105939 3 1306.4
vn -0.686997 0.720066 -0.0976791
v 0.041612 3.4 1307.6
vn -0.997221 -0.0672832 -0.0319953
v -0.409686 2.6 1309
vn -0.945104 0.321394 0.059035
v -0.469061 2.6 1313
vn -0.774228 0.631875 -0.0361347
v -0.340936 3.2 1311.6
vn -0.540186 0.828453 0.147867
v -0.251874 3.2 1312
vn -0.773777 0.623764 0.110394
v -0.254999 2.84844 1313.2
vn -0.781202 0.615518 0.104216
v -0.254999 2.85469 1314.6
vn -0.703027 0.703104 -0.106762
v -0.054999 3.2 1313.69
vn -0.707367 0.693037 -0.139039
v 0.345001 3.52813 1314.4
vn -0.993884 0.0721045 -0.0836434
v -0.503436 2.4 1315.2
vn -0.84053 0.509405 -0.184432
v -0.054999 3.2 1314.93
vn -0.688745 0.704247 0.172241
v -0.054999 3.2 1316.07
vn -0.58519 0.80231 -0.117695
v 0.145001 3 1316.18
vn 0.506765 0.740277 0.441791
v 0.345001 3.32656 1315.4
vn -0.991922 0.12678 0.00408546
v -0.497186 2.4 1317.2
vn -0.799034 0.587892 0.126203
v -0.454999 2.67941 1316.6
vn -0.978225 0.207503 -0.00422882
v -0.454999 2.61111 1317.8
vn -0.977987 0.208614 -0.00463647
v -0.412811 2.8 1317.4
vn -0.748016 0.648226 -0.142391
v -0.254999 2.73281 1317
vn -0.597661 0.783505 0.170062
v -0.254999 2.82344 1316.6
vn -0.781482 0.472338 -0.407656
v -0.254999 2.85625 1317.2
vn -0.662481 0.670506 0.333977
v -0.254999 2.8 1317.7
vn -0.764838 0.425592 -0.483626
v -0.254999 3.08361 1317.4
vn -0.703751 0.0941176 -0.704185
v -0.0357 3 1317
vn -0.747721 0.288919 -0.597863
v -0.054999 3 1317.02
vn 0 1 0
v 0.105939 3 1317.2
vn -0.753418 0.468931 -0.460939
v -0.054999 3.17758 1317.2
vn 0.157338 0.652401 -0.741362
v -0.054999 3 1317.37
vn -0.770576 0.268828 -0.577879
v -0.054999 3.2 1317.12
vn 0.2203 0.867197 0.446583
v 0.145001 2.8 1317.52
vn 0 1 0
v 0.145001 3 1317.16
vn -0.607456 0.785152 -0.120559
v 0.334064 3.2 1316.6
vn 0.29716 0.637403 0.710925
v 0.345001 3.10156 1317
vn 0.330962 0.691366 0.642244
v 0.345001 3.30156 1316.8
vn -0.808524 0.54561 0.220451
v -0.475311 2 1319.2
vn -0.995051 0.0989289 0.0092639
v -0.459686 2.6 1318.4
vn -0.240914 0.847295 0.473341
v -0.254999 2.35781 1318.8
vn 0.051808 0.924815 0.376873
v -0.254999 2.54844 1318.4
vn -0.589031 0.765471 0.25903
v -0.254999 2.62969 1318.2
vn -0.694508 0.699097 0.170066
v -0.054999 2.37344 1319
vn -0.882903 0.469437 -0.0105092
v 0.145001 2.88246 1319.4
vn -0.677385 0.714872 -0.173516
v 0.184064 3 1318.6
vn -0.791366 0.549064 0.268827
v 0.312189 3.2 1318.8
vn -0.773432 0.614898 0.153962
v 0.345001 3.4 1318.64
vn -0.880634 -0.196379 -0.431183
v -0.119061 2.6 1320.8
vn -0.974596 -0.017098 -0.223317
v -0.203436 2.6 1321
vn -0.783367 -0.297852 -0.545546
v -0.209686 3 1320.6
vn -0.803903 -0.221455 -0.551994
v -0.054999 3 1320.42
vn -0.83557 -0.0431503 -0.547687
v -0.054999 3.2541 1320.4
vn -0.796887 0.551688 0.246196
v -0.054999 3.22344 1320.6
vn 0.314505 0.754962 0.575429
v 0.145001 3.15469 1320.6
vn 0.238722 0.721462 0.650003
v 0.145001 3 1320.76
vn -0.931135 0.328074 -0.159234
v 0.237189 3.2 1319.8
vn 0.323001 0.75776 0.566984
v 0.345001 3 1320.67
vn -0.930569 0.353366 -0.0957852
v -0.322186 2 1321.2
vn -0.797292 0.40325 0.449127
v -0.344061 2.2 1322.2
vn -0.890979 0.347623 0.292087
v -0.169061 2.6 1321.2
vn -0.912348 0.404097 0.0657702
v 0.343439 2 1323.6
vn -0.754365 0.59078 0.286205
v 0.302814 2.2 1324.2
vn -0.916854 0.394452 -0.0615291
v 0.345001 2.406 1323.8
vn -0.374835 0.851316 0.367097
v 0.50707 2 1324.6
vn -0.820753 0.548302 -0.160405
v 0.345001 3.6 1305.01
vn -0.436454 0.898579 0.0454285
v 0.345001 3.71719 1310.6
vn -0.675283 0.690592 -0.25899
v 0.345001 3.6 1314.59
vn 0.776845 -0.536942 -0.328945
v 0.545002 -20.6184 1377.6
vn 0.815439 -0.573454 0.0787982
v 0.624689 -20.6 1377.8
vn 0.551353 -0.745446 -0.374594
v 0.745001 -18.9766 1375.4
vn 0.646359 -0.739992 -0.186095
v 0.945001 -19.3172 1376.2
vn 0.169796 -0.878593 -0.446367
v 1.145 -19.0453 1375.8
vn 0.217809 -0.939157 -0.265599
v 1.145 -19.1172 1376
vn 0.561613 -0.819066 0.117143
v 1.145 -19.1328 1376.2
vn 0.552534 -0.557863 -0.619269
v 1.26583 -19 1375.8
vn 0.178218 -0.876288 -0.447612
v 1.345 -19.1383 1376
vn 0.86946 -0.30549 -0.388221
v 1.47469 -19 1376
vn 0.833827 -0.528547 0.159279
v 1.47242 -19 1376.2
vn 0.754353 -0.649784 0.0934474
v 1.345 -18.8717 1376.8
vn 0.880071 -0.307954 0.361441
v 0.927814 -19.6 1378.2
vn 0.848277 -0.48587 -0.210611
v 1.03719 -19.4 1377.2
vn 0.889632 -0.302519 -0.342106
v 1.345 -18.8692 1377.2
vn 0.620459 -0.779286 -0.0879951
v 1.62469 -19 1377.8
vn 0.820316 -0.497015 0.282945
v 0.545002 -20.1844 1379
vn 0.968475 -0.153216 0.196419
v 0.652814 -19.8 1379
vn 0.969469 -0.133696 0.205561
v 0.605939 -19.8 1379.4
vn 0.977174 0.00556222 0.212368
v 0.618439 -19.6 1379.2
vn 0.996383 0.00188892 0.0849519
v 0.559064 -19.4 1379.8
vn 0.996549 -0.0229651 0.0797614
v 0.545002 -19.2 1380.03
vn 0.826564 -0.378753 -0.416338
v 1.19656 -17.4 1371.8
vn 0.715061 -0.426436 -0.553931
v 1.345 -17.3525 1372
vn 0.695436 -0.616147 -0.369772
v 1.345 -17.6 1372.41
vn 0.397231 -0.818836 -0.414386
v 1.745 -17.7516 1372.8
vn 0.712878 -0.426428 -0.556744
v 1.82156 -17.4 1372.4
vn 0.941632 -0.31462 -0.119763
v 2.03406 -17.6 1373.2
vn 0.951535 -0.252014 -0.176269
v 2.00594 -17.4 1373.8
vn 0.410035 -0.875347 -0.256201
v 0.945001 -18.5922 1374.8
vn 0.835595 -0.429385 -0.342651
v 1.145 -18.6457 1375.4
vn 0.647012 -0.751024 -0.131677
v 1.145 -18.5266 1375
vn 0.829494 -0.548404 0.10579
v 1.24031 -18.4 1375.2
vn 0.596014 -0.793118 0.125426
v 1.345 -18.4 1374.91
vn 0.69964 -0.668434 -0.252387
v 1.82156 -18.2 1374.2
vn 0.767809 -0.598668 0.228179
v 1.86405 -17.8 1375
vn 0.827871 -0.106237 -0.550766
v 1.33094 -18.8 1375.8
vn 0.950199 -0.311291 0.014846
v 1.23406 -18.4 1375.6
vn 0.792947 -0.599978 0.106115
v 1.29031 -18.2 1375.6
vn 0.865646 -0.156455 -0.475583
v 1.46844 -18.6 1376
vn 0.968733 -0.246655 -0.0267696
v 1.57156 -18.6 1376.4
vn 0.873949 -0.395698 -0.282199
v 1.63094 -18.2 1376
vn 0.723714 -0.673389 0.150951
v 1.55281 -18 1375.6
vn 0.728794 -0.507951 0.459179
v 1.69969 -18.6 1378.2
vn 0.85321 0.0905785 -0.513642
v 1.63204 -18.2 1377.6
vn 0.965853 -0.251576 0.0619497
v 1.58094 -18 1377.4
vn 0.983952 0.115014 -0.136418
v 1.58964 -17.6 1377.8
vn 0.809663 -0.0241609 -0.586398
v 1.83406 -18.6 1377.8
vn 0.712373 0.0449765 -0.700358
v 1.745 -17.8 1377.85
vn 0.825062 -0.1033 -0.55552
v 2.13719 -17.6 1378.4
vn 0.535765 -0.276134 0.797939
v 0.545002 -18.6 1379.53
vn 0.418469 -0.360947 0.833427
v 0.545002 -18.4 1379.64
vn 0.668752 -0.39116 0.632269
v 0.745001 -18.4514 1379.4
vn 0.522436 -0.0908383 0.847826
v 0.745001 -17.8 1379.76
vn 0.414642 -0.00603396 0.909965
v 0.945001 -17.65 1379.6
vn 0.542783 -0.411604 0.732099
v 1.145 -17.9686 1379.4
vn -0.342426 -0.435613 0.832458
v 1.345 -17.4 1379.48
vn 0.615443 -0.365487 0.698319
v 1.545 -17.6 1379.42
vn 0.866903 -0.380483 -0.322042
v 0.909064 -16.6 1370.4
vn 0.704436 -0.356654 -0.613652
v 1.745 -16.6 1372.07
vn 0.954541 -0.290224 -0.0679809
v 2.05594 -16.8 1373.6
vn 0.915933 -0.391168 0.0897466
v 2.07781 -17 1376
vn 0.925224 -0.366375 0.0986406
v 1.99969 -16.8 1377.4
vn 0.848346 -0.529026 -0.0209953
v 2.07675 -16.6 1377.8
vn -0.748658 0.0969098 0.655835
v 0.545002 -17 1379.68
vn -0.609537 0.167836 0.774788
v 0.545002 -16.4 1379.71
vn 0.463068 0.0999526 0.880669
v 0.745001 -16.6 1379.64
vn 0.29421 0.160838 0.94211
v 1.145 -17.2 1379.46
vn -0.616741 -0.0588769 0.784961
v 1.145 -16 1379.48
vn -0.470454 -0.233983 0.850838
v 1.545 -16.8 1379.87
vn 0.658686 -0.326779 0.677753
v 1.945 -16.4 1379.52
vn -0.051756 -0.206581 0.97706
v 1.945 -16.05 1379.6
vn 0.457441 -0.832803 -0.311748
v 0.745001 -14.1016 1355.4
vn 0.838966 -0.458703 -0.292791
v 1.04344 -14.2 1367.8
vn 0.57243 -0.609573 -0.548402
v 1.945 -14.4935 1370
vn 0.667073 -0.563021 -0.487874
v 1.945 -14.02 1369.6
vn 0.762225 -0.488812 -0.424353
v 1.81352 -15.2 1371.2
vn 0.203458 0.486885 0.84944
v 0.545002 -14.4 1377.75
vn -0.478256 0.557423 0.678638
v 0.745001 -14.5612 1377.8
vn -0.755281 0.357758 0.549144
v 0.745001 -15.0083 1379
vn 0.499169 0.0930484 0.861494
v 0.950002 -15.6 1379.4
vn -0.677972 0.0456608 0.733668
v 1.39656 -15.4 1379.8
vn -0.4887 0.117499 0.864504
v 1.545 -15 1379.87
vn -0.686753 0.214085 0.694649
v 1.545 -14.4 1379.74
vn 0.266279 -0.130481 0.955024
v 1.745 -15 1379.81
vn -0.400652 -0.0840433 0.912368
v 1.945 -14.4 1379.87
vn -0.539071 -0.760171 -0.362688
v 1.745 -12.5016 1351.2
vn -0.606334 -0.741536 -0.287199
v 0.545002 -12.85 1352.2
vn -0.709084 -0.639232 -0.297627
v 1.945 -13.6 1353.08
vn 0.727657 -0.586492 0.355728
v 1.48019 -13.6 1354.6
vn -0.618231 -0.715609 -0.325108
v 1.745 -13.6828 1353.8
vn 0.740313 -0.583696 0.33352
v 2.08094 -13.6 1353.6
vn 0.608851 -0.710577 0.352676
v 0.945001 -13.8717 1355.4
vn 0.780302 -0.530331 0.331479
v 0.945001 -13.1929 1356.2
vn 0.544154 -0.824007 0.157825
v 1.145 -13.7797 1354.8
vn 0.867983 -0.298081 0.397182
v 1.345 -12.8 1355.35
vn 0.365926 -0.776199 0.513433
v 0.545002 -12.8 1357.54
vn 0.00413278 -0.892135 -0.451749
v 0.545002 -12.7444 1361.6
vn 0.872592 -0.467809 -0.140493
v 0.774689 -14 1364.8
vn -0.867963 0.491785 -0.0691951
v 0.745001 -12.5656 1376.6
vn 0.229776 0.54359 0.807287
v 0.945001 -13.2 1376.83
vn 0.510806 0.496589 0.701767
v 0.945001 -12.6 1376.55
vn 0.492604 0.480028 0.725889
v 1.145 -12.6 1376.33
vn -0.939329 0.342126 0.024698
v 1.345 -13.0724 1377
vn -0.883161 0.426172 0.195969
v 1.345 -12.9656 1377.8
vn -0.357433 -0.189219 0.91457
v 1.945 -13.7581 1380
vn -0.776378 0.523495 0.350985
v 1.945 -13.3952 1379.8
vn 0.38516 -0.392396 -0.835271
v 0.945001 -11.427 1349.2
vn 0.00181859 -0.867393 -0.49762
v 1.345 -11.6953 1349.8
vn 0.331956 -0.598452 -0.72915
v 1.745 -11.4 1349.59
vn -0.587033 -0.770001 -0.24998
v 0.545002 -12.3078 1350.8
vn -0.37143 -0.826749 -0.422523
v 1.76445 -12.2 1350.6
vn -0.0840267 -0.778161 -0.622418
v 1.745 -11.8984 1350
vn 0.174104 -0.792226 -0.584864
v 2.00281 -12 1350.4
vn 0.898548 -0.377133 0.224461
v 1.55906 -12 1356
vn 0.919015 -0.287077 0.27018
v 1.86531 -11.6 1355
vn 0.924759 -0.380532 0.00395655
v 1.99344 -11.2 1355.4
vn 0.883274 -0.436906 0.170118
v 1.27469 -11.4 1357.6
vn 0.705145 -0.708674 0.023472
v 0.745001 -12.2234 1359
vn 0.79794 -0.538485 0.270788
v 0.905939 -12.2 1358
vn 0.371721 -0.927795 -0.0319233
v 0.545002 -12.3797 1360.4
vn 0.63478 -0.67875 -0.369261
v 0.545002 -12.3093 1360.8
vn 0.729876 -0.671735 0.126703
v 0.745001 -12.2 1360.59
vn 0.822017 -0.569366 -0.0105458
v 0.830939 -12 1360.8
vn 0.782006 -0.599508 -0.170461
v 1.545 -12.2 1364.37
vn 0.791774 -0.585803 -0.173
v 1.62156 -12 1363.8
vn 0.722796 -0.650151 -0.234243
v 1.945 -11.1317 1362.8
vn -0.56618 0.731149 0.380608
v 0.745001 -11 1369.24
vn -0.808945 0.581496 0.0864355
v 1.21219 -11.2 1370.6
vn -0.867283 0.486927 0.103552
v 0.580939 -12 1370.8
vn 0.0610813 0.732994 0.677488
v 1.145 -11.6 1373.91
vn -0.591846 0.754466 0.283724
v 1.745 -10.8172 1373.2
vn 0.348256 0.666714 0.658946
v 0.745001 -12 1374.53
vn -0.873351 0.480857 -0.0776827
v 0.745001 -11.5656 1374
vn -0.783405 0.599158 0.165186
v 1.44656 -11.4 1374.8
vn -0.487636 0.742052 0.459967
v 1.545 -11.6 1375.37
vn 0.266619 0.562825 0.782395
v 1.945 -11.1349 1375
vn -0.829772 0.557638 0.0227629
v 0.945001 -12.3686 1375.8
vn -0.78364 0.620989 0.016761
v 0.945001 -12.3794 1376.2
vn 0.307936 0.68807 0.657066
v 1.145 -12.4 1376.18
vn 0.453074 -0.694974 -0.558333
v 0.545002 -9.41774 1347.6
vn -0.370582 -0.51111 -0.775522
v 0.945001 -10.2 1348.31
vn -0.445676 -0.455675 -0.770541
v 0.945001 -9.8 1348.06
vn -0.536119 -0.473362 -0.698932
v 0.945001 -9.33269 1347.8
vn -0.542645 -0.433697 -0.719335
v 1.145 -9.8 1347.89
vn -0.498593 -0.504882 -0.704627
v 1.145 -9.4 1347.65
vn -0.294057 -0.598518 -0.745189
v 1.345 -9.46094 1347.6
vn 0.454324 -0.708842 -0.539567
v 1.545 -9.4 1347.71
vn 0.0158127 -0.631377 -0.775315
v 1.945 -9.6 1348.36
vn 0.382673 -0.591097 -0.710046
v 0.545002 -10.2 1348.44
vn 0.610525 -0.501936 -0.612633
v 1.145 -10.6 1348.74
vn 0.604996 -0.468012 -0.644162
v 1.515 -10.2 1348.8
vn 0.772786 -0.420848 -0.475067
v 2.04969 -10.8 1349.8
vn 0.82244 -0.565305 0.0634223
v 1.91844 -10.4 1358.2
vn 0.700714 -0.699749 -0.139108
v 1.545 -10.7672 1360.6
vn -0.837582 0.507897 0.201241
v 0.659064 -9.4 1363.6
vn -0.498288 0.652129 0.571347
v 0.545002 -9.78864 1365.2
vn -0.416833 0.682494 0.600377
v 0.945001 -9.72034 1365.4
vn -0.772904 0.566776 0.28528
v 0.618439 -10.4 1366
vn -0.845232 0.524375 0.10302
v 0.652814 -10.4 1366.4
vn -0.821024 0.543998 0.173162
v 0.855939 -10.2 1367.8
vn 0.0256316 0.780522 0.624603
v 1.545 -10.6 1372.97
vn -0.708197 0.651031 0.273159
v 1.945 -10.5525 1374.2
vn 0.3801 -0.765951 -0.518502
v 1.145 -7.698 1345.8
vn 0.0761083 -0.802208 -0.592173
v 1.945 -8 1346.12
vn -0.359963 -0.624494 -0.693134
v 1.345 -8.8 1347
vn 0.748369 -0.578629 -0.324241
v 1.745 -9.2 1348.07
vn -0.74322 0.597156 0.30171
v 0.545002 -7.78281 1360.6
vn -0.722064 0.592717 0.356806
v 0.945001 -7.69643 1361
vn -0.581266 0.714698 0.389021
v 1.145 -8.21094 1362.6
vn -0.907767 0.419269 -0.013165
v 0.812189 -9.2 1364.2
vn -0.744539 0.651149 0.147198
v 1.40281 -8.2 1363
vn -0.423769 0.657795 0.622676
v 1.345 -8.2 1364.07
vn 0.101544 0.71102 0.695802
v 1.57403 -8.2 1364
vn -0.84827 0.527076 -0.0512708
v 1.545 -7.89063 1363.2
vn -0.528632 0.82824 0.185922
v 1.945 -8.37969 1364.2
vn -0.71832 0.681398 0.140404
v 1.545 -9.02167 1366.6
vn -0.0624619 -0.887923 -0.455731
v 0.545002 -6.36719 1343.6
vn -0.0168843 -0.886258 -0.462884
v 1.345 -7.2 1345.03
vn -0.0840881 -0.884975 -0.457984
v 1.79083 -7.2 1345
vn 0.488346 -0.732373 -0.474497
v 1.345 -7.55781 1345.8
vn -0.709925 0.652507 0.265031
v 0.545002 -6.18548 1357.8
vn -0.397413 0.72307 0.565006
v 0.545002 -7.2 1359.08
vn -0.585313 0.697579 0.41327
v 0.545002 -6.4 1358.31
vn -0.29503 0.801494 0.520158
v 0.896564 -7 1359
vn 0.642266 0.494449 0.585675
v 0.745001 -6.70444 1358.4
vn 0.656351 0.513723 0.552533
v 0.745001 -6.19194 1358
vn -0.693969 0.68441 0.223584
v 1.545 -6.29844 1359.2
vn 0.0182023 0.880984 0.472795
v 1.945 -6.4 1359.25
vn -0.386174 0.831651 0.399031
v 1.345 -6.8 1359.88
vn -0.392674 0.836768 0.381611
v 1.745 -6.96094 1361
vn -0.109281 0.897744 0.426748
v 1.745 -6.59219 1359.6
vn -0.30546 0.834126 0.459269
v 1.745 -7.37969 1361.6
vn -0.555954 0.81097 0.182325
v 1.945 -7.395 1361.8
vn -0.211267 -0.907905 -0.362042
v 1.145 -4.73594 1340.2
vn -0.511383 -0.527511 -0.678395
v 1.345 -4.77344 1340.2
vn -0.0803228 -0.90409 -0.419725
v 0.705528 -4.8 1340.6
vn -0.286655 -0.802391 -0.523447
v 0.745001 -5.2 1341
vn -0.309903 -0.787959 -0.532053
v 0.945001 -4.8 1340.55
vn -0.0445414 -0.957076 -0.286395
v 1.145 -5.2 1340.92
vn -0.39039 -0.714912 -0.580083
v 1.31329 -5 1340.4
vn -0.00597953 -0.960514 -0.278166
v 1.545 -5.4 1341.6
vn -0.519739 -0.65613 -0.547142
v 1.745 -6 1341.98
vn -0.227543 -0.869678 -0.438047
v 1.945 -5.34531 1340.6
vn 0.127182 -0.987207 0.0961662
v 1.945 -5.28906 1340.8
vn -0.0789992 -0.903036 -0.422239
v 0.545002 -5.82656 1342.4
vn 0.068426 -0.905141 -0.419569
v 0.745001 -5.81094 1342.4
vn 0.0868532 -0.916936 -0.389467
v 1.1625 -5.6 1342
vn -0.119769 0.787689 0.604319
v 0.545002 -4.62344 1347.8
vn 0.200739 0.80044 0.564801
v 0.745001 -4.50781 1351
vn -0.455149 0.731727 0.507361
v 0.545002 -5.4 1352.62
vn -0.342655 0.636792 0.690712
v 0.745001 -4.79531 1351.6
vn -0.509472 0.730339 0.455019
v 0.945001 -5.23421 1352.8
vn -0.811289 0.503428 -0.297273
v 0.993439 -5 1353
vn -0.550705 0.818964 0.161314
v 1.46361 -4.6 1352
vn -0.911049 0.383727 -0.150809
v 0.737189 -5.6 1353.2
vn -0.533145 0.571648 0.623678
v 0.545002 -5.6 1354.53
vn -0.754273 0.649935 -0.0930413
v 0.945001 -4.806 1353.4
vn -0.373051 0.923626 -0.0880242
v 1.145 -4.81094 1353.2
vn -0.62475 0.584469 0.517768
v 1.21844 -4.8 1354.4
vn -0.585587 0.80584 0.0878054
v 1.545 -4.56406 1354.4
vn 0.11995 0.909965 0.396958
v 1.745 -4.63906 1354.6
vn -0.304768 0.948773 -0.0833453
v 1.79409 -4.6 1353.4
vn -0.221202 0.904266 0.365203
v 1.145 -5.11406 1355.6
vn 0.0726438 0.883473 0.462816
v 1.345 -4.90781 1355.2
vn -0.244423 0.912404 0.328292
v 1.345 -4.71094 1354.8
vn 0.547454 0.672575 0.497932
v 1.745 -4.96719 1355.2
vn -0.788878 0.608317 0.087306
v 0.745001 -5.8 1357.5
vn -0.895755 0.444003 0.0219908
v 0.777814 -5.6 1356.4
vn 0.643169 0.588101 0.490379
v 1.13094 -5.8 1357
vn -0.0138716 0.960446 0.278122
v 1.945 -5.28906 1356.6
vn -0.967566 -0.183642 -0.173472
v 1.545 -3.6 1327.14
vn 0.663401 -0.744334 -0.0765913
v 1.945 -3.34219 1326.6
vn -0.952863 -0.236523 -0.190024
v 1.345 -3.4 1328.14
vn 0.0534921 -0.798325 0.599846
v 1.345 -3 1329.02
vn 0.662689 -0.715253 0.221938
v 1.545 -3.49531 1328
vn -0.236274 -0.879765 -0.41254
v 1.90952 -3.2 1336.6
vn -0.772828 0.602494 0.199345
v 0.745001 -2.92344 1343.6
vn -0.106684 0.774041 0.624082
v 1.145 -3 1343.7
vn -0.891038 -0.0535651 -0.450758
v 0.843277 -3.2 1345.2
vn -0.12228 0.832529 0.540318
v 0.945001 -3.4 1346.17
vn -0.353528 0.634139 0.687667
v 0.945001 -3.00182 1345.8
vn -0.554833 0.819116 0.145634
v 1.345 -3.67969 1346.6
vn 0.225302 0.77787 0.586649
v 1.345 -2.90185 1345.4
vn -0.895338 0.184789 -0.405243
v 0.668439 -4.4 1348.2
vn -0.192505 0.855697 0.480338
v 0.745001 -4.2 1347.24
vn -0.841844 0.473502 -0.259025
v 0.777814 -4.2 1348
vn -0.324037 0.940519 0.102097
v 0.945001 -3.92969 1348.2
vn -0.501885 0.817613 0.282171
v 1.145 -3.87143 1347
vn -0.765521 0.631464 -0.123415
v 1.345 -3.4 1346.93
vn -0.718797 0.695189 0.00664664
v 1.345 -3.4 1347.53
vn -0.736775 0.676109 -0.00621959
v 1.41219 -3.4 1348
vn -0.390616 0.918867 0.0556949
v 1.74143 -3.2 1347.4
vn -0.772615 0.100201 -0.626918
v 0.545002 -4.1 1348.4
vn 0.481762 0.649383 0.588393
v 0.545002 -4.03906 1348.6
vn -0.910749 0.166082 -0.378091
v 0.621564 -3.8 1349.8
vn -0.753587 0.619068 -0.221046
v 0.699689 -3.6 1349.8
vn -0.217223 0.78285 0.583061
v 0.745001 -4.4 1349.26
vn -0.336874 0.930426 0.144303
v 0.745001 -4.02031 1348.4
vn -0.815894 0.102175 -0.569102
v 0.759287 -3.8 1349.6
vn -0.319205 0.928311 0.190647
v 0.945001 -4 1348.64
vn -0.676008 0.582588 -0.451226
v 0.945001 -3.47031 1349.6
vn -0.265276 0.960982 0.0783729
v 0.945001 -3.48689 1349.8
vn -0.907115 0.354188 -0.227362
v 1.145 -3.8 1349.07
vn -0.818734 0.355675 -0.450743
v 1.23371 -3.6 1349
vn -0.846767 0.515088 -0.132928
v 1.51167 -3.2 1348.4
vn 0.48458 0.588266 0.647398
v 1.745 -3.46935 1349
vn 0.409566 0.639359 0.65075
v 1.945 -3.6 1349
vn -0.106274 0.926167 0.36183
v 1.945 -3.30656 1348.8
vn -0.858816 -0.0613973 -0.508591
v 0.545002 -4.21304 1350
vn -0.934773 0.309205 -0.174907
v 0.584683 -3.8 1350
vn -0.625253 0.773059 0.106948
v 0.73389 -3.6 1350
vn 0.117895 0.77063 0.626283
v 0.745001 -3.85094 1350.2
vn 0.439203 0.612343 0.657372
v 0.945001 -3.8 1350.05
vn -0.391088 0.857565 0.334114
v 1.945 -3.8 1350.45
vn -0.505291 -0.838883 -0.202379
v 1.52781 -1.6 1323.8
vn -0.687037 -0.720337 -0.0953676
v 1.40906 -1.4 1323.6
vn -0.556427 -0.827005 -0.0803165
v 1.545 -1.61207 1324
vn -0.631824 -0.762826 -0.13746
v 1.545 -1.47656 1323.4
vn -0.369052 -0.899977 -0.232036
v 1.745 -1.68906 1323.8
vn 0.0339868 -0.920798 0.388557
v 1.745 -1.60469 1324
vn 0.077106 -0.778445 -0.622959
v 1.745 -1.7463 1324.2
vn -0.0876594 -0.873234 -0.479351
v 1.745 -1.48281 1323.4
vn 0.645284 -0.634122 -0.426025
v 1.945 -1.30755 1323.4
vn 0.653669 -0.697245 0.294222
v 2.05333 -1.4 1323.8
vn -0.802945 -0.55861 -0.207929
v 1.43406 -1.8 1325.4
vn -0.941886 -0.26449 -0.207112
v 1.64656 -2.6 1325.6
vn -0.945866 -0.2609 -0.193049
v 1.45281 -2.6 1326.6
vn -0.598034 -0.633068 0.491508
v 0.545002 -2.285 1330
vn -0.721366 -0.648075 -0.244192
v 0.745001 -2.59531 1329.6
vn 0.10971 -0.892993 0.436495
v 1.545 -1.77344 1330.6
vn 0.136331 -0.96111 0.240171
v 1.745 -1.82031 1330.4
vn -0.701707 -0.70774 0.0819234
v 0.545002 -1.55156 1331.2
vn 0.104568 -0.865181 0.490436
v 0.870001 -1.6 1331
vn -0.278996 -0.934625 -0.220537
v 1.945 -1.83594 1331.8
vn -0.235668 -0.957745 -0.164879
v 1.945 -1.8 1331.2
vn -0.657306 -0.743208 -0.124864
v 0.548336 -1.8 1332.6
vn -0.332018 -0.90002 -0.282361
v 0.945001 -2.21719 1333.8
vn -0.273169 -0.959481 -0.0691036
v 0.945001 -1.88594 1333
vn -0.458885 -0.850737 -0.256263
v 0.545002 -2.52031 1335.4
vn -0.395001 -0.846838 -0.356145
v 0.945001 -2.54531 1334.8
vn 0.0994203 -0.961324 0.256849
v 1.145 -2.47031 1335.2
vn -0.148352 -0.90044 -0.4089
v 0.545002 -2.64531 1336.2
vn 0.441727 -0.887488 -0.13131
v 0.545002 -2.53594 1336
vn 0.0505496 -0.967711 0.246942
v 0.745001 -2.37656 1335.6
vn 0.637766 -0.770136 0.0120297
v 0.745001 -2.37344 1335.8
vn -0.26112 -0.865903 -0.426647
v 0.945001 -2.8 1336.17
vn -0.844186 0.500337 0.192388
v 1.345 -1.26719 1340
vn -0.714413 0.687885 0.128173
v 1.145 -2.00508 1341.6
vn -0.800451 0.596223 0.0616234
v 1.145 -2 1341.99
vn -0.413269 0.890425 0.190664
v 1.545 -1.67344 1341.2
vn -0.784828 0.61916 0.0261903
v 1.545 -1.485 1341.8
vn 0.000996647 0.92821 0.372055
v 1.945 -1.4 1340.51
vn -0.6864 0.686032 0.241278
v 1.145 -2.4 1343.13
vn -0.532768 0.782162 0.32308
v 1.745 -2.18594 1342.8
vn -0.537448 0.826654 0.166708
v 1.90263 -2.2 1343.2
vn -0.889298 0.300602 -0.344656
v 0.945001 -2.8 1345.1
vn 0.203394 0.820436 0.534337
v 1.545 -2.66406 1345
vn -0.902621 0.40107 -0.156262
v 1.67156 -2.6 1343.6
vn -0.817714 0.559312 -0.136066
v 1.945 -2.15156 1343.8
vn -0.330743 -0.732831 -0.594616
v 0.945001 -0.4 1298.72
vn -0.886286 -0.398591 -0.235843
v 0.745001 -0.761819 1299.4
vn -0.336783 -0.754964 -0.562677
v 1.145 -0.845312 1299.2
vn -0.339895 -0.936802 0.0829052
v 1.545 -0.839682 1301.8
vn 0.506883 -0.842974 0.18018
v 1.545 -0.314062 1303.4
vn 0.357184 -0.927071 0.11384
v 1.89349 -0.2 1303.4
vn 0.359745 -0.929335 0.083187
v 1.945 -0.2 1303.18
vn -0.233061 -0.961488 0.145683
v 1.145 -0.2 1304.53
vn -0.329298 -0.940881 -0.0794061
v 0.545002 0.142188 1306.6
vn 0.411148 -0.874281 0.258049
v 0.695001 0.2 1306.2
vn -0.714526 -0.661551 0.227603
v 0.545002 0.214063 1306.2
vn 0.0136234 -0.997423 0.0704329
v 0.745001 0.085938 1306.6
vn -0.411127 -0.872443 0.26423
v 0.545002 0.185938 1307
vn 0.0313724 -0.859199 0.510679
v 0.745001 0.2 1306.85
vn 0.227872 -0.838727 0.494582
v 0.745001 0.360938 1307.4
vn 0.0449017 -0.943077 0.32953
v 1.145 0.235938 1307
vn 0.389927 -0.772773 0.500778
v 1.345 0.342188 1307.2
vn 0.0475149 -0.977753 -0.204305
v 1.145 0.304688 1320
vn -0.0631243 -0.908493 -0.413104
v 1.545 0.254688 1320.6
vn -0.134468 -0.904097 -0.405619
v 1.945 0.139063 1320.8
vn 0.0522236 -0.814648 -0.5776
v 0.945001 -0.710937 1322.2
vn 0.201456 -0.825449 -0.527304
v 1.01833 -0.8 1322.4
vn 0.0433643 -0.825953 -0.562068
v 1.145 -0.926785 1322.6
vn 0.622501 -0.421175 -0.659624
v 1.145 -0.567187 1322.4
vn -0.454994 -0.889648 0.0388108
v 0.745001 -0.757812 1323.8
vn 0.0820413 -0.830552 -0.550866
v 0.945001 -1.07344 1322.8
vn 0.04589 -0.806373 -0.589625
v 1.745 -1.2 1323.04
vn -0.540601 -0.820722 -0.184841
v 0.745001 -0.929687 1324.8
vn 0.79883 0.54919 -0.245479
v 0.868439 -0.2 1334.8
vn -0.462612 0.877539 0.12616
v 0.745001 0.360938 1334.8
vn 0.794737 0.554119 -0.247682
v 0.945001 -0.311364 1334.8
vn 0.210903 0.9775 0.00357508
v 1.13406 -0.4 1335.2
vn 0.794737 0.554119 -0.247682
v 0.945001 -0.2 1335.05
vn 0.898493 -0.341285 -0.276105
v 0.945001 0.001563 1334.8
vn 0.210903 0.9775 0.00357508
v 1.145 -0.4 1334.55
vn 0.781201 -0.296733 0.549249
v 1.14969 -0.2 1334.4
vn 0.552822 -0.100915 -0.827167
v 1.145 -0.2 1335.18
vn 0.333491 -0.762269 0.554733
v 1.145 0.089063 1334.8
vn 0 1 0
v 1.35594 -0.4 1334.8
vn -0.633026 -0.0314738 -0.77349
v 1.36844 -0.2 1335
vn -0.520777 0.834568 0.179691
v 0.745001 -0.310937 1337
vn -0.335892 0.833328 0.439023
v 0.945001 -0.035937 1336.4
vn -0.404178 0.801206 0.441258
v 0.945001 0.282813 1336
vn 0.163487 0.876239 0.453295
v 1.145 0 1336.25
vn -0.548586 0.818572 0.170272
v 1.345 0.107813 1337
vn -0.577327 0.665485 0.473099
v 1.145 -0.892187 1338.4
vn 0.449775 0.698924 0.556064
v 1.145 -0.351562 1337.8
vn -0.880326 0.33327 -0.337576
v 1.87469 0 1338
vn -0.841006 0.48815 0.233278
v 1.08855 -1.2 1339
vn -0.893209 0.338893 -0.295515
v 1.24031 -0.8 1339
vn -0.781827 -0.306606 -0.542899
v 1.11531 1.4 1297.6
vn 0.508162 -0.197799 0.83824
v 0.545002 0.4 1307.01
vn -0.442597 -0.891141 0.0998747
v 0.545002 0.6 1308.02
vn 0.400681 -0.682791 0.610942
v 1.02147 0.6 1307.6
vn 0.44265 -0.760474 0.475121
v 1.145 0.710526 1307.6
vn 0.0316592 -0.995412 -0.0902887
v 1.345 0.870313 1308.2
vn -0.00279779 -0.989061 -0.14748
v 0.745001 0.576563 1309.2
vn 0.102462 -0.993729 -0.0447749
v 1.745 0.870313 1309.6
vn 0.0168249 -0.996883 -0.0770787
v 1.945 0.726563 1308.4
vn 0.148555 -0.988108 -0.0396607
v 1.745 0.676563 1310.4
vn -0.0415857 -0.998784 -0.0264767
v 1.33466 0.8 1316
vn -0.00615808 -0.997194 -0.0746065
v 1.745 0.673438 1318
vn -0.0431692 -0.974892 -0.218455
v 1.745 0.435938 1320
vn -0.860988 0.506402 -0.0475077
v 0.665314 1.8 1325.6
vn -0.226982 0.942468 0.245423
v 1.945 1.87969 1326.6
vn -0.048663 0.985677 0.161469
v 0.745001 1.42344 1328.4
vn -0.238239 0.899095 0.367247
v 0.945001 1.97344 1329
vn 0.429216 0.614979 0.661494
v 1.545 1.6 1329.1
vn -0.280118 0.752121 0.59653
v 0.545002 1.4 1329.48
vn -0.394587 0.823804 0.406998
v 0.745001 1.23906 1330
vn -0.0146002 0.686443 0.727037
v 0.945001 1.85738 1329.2
vn 0.168737 0.549551 0.818243
v 1.145 1.07833 1329.6
vn -0.51073 0.859701 -0.00831273
v 1.145 1.51406 1330.2
vn 0.0763702 0.658793 0.748438
v 1.745 1.23594 1329.4
vn -0.336998 0.865638 -0.370273
v 1.745 1.50469 1329.8
vn 0.0423007 0.986153 0.160351
v 1.745 1.52969 1330
vn -0.381324 0.846468 0.371596
v 0.545002 0.754688 1331.8
vn -0.462714 0.857414 0.225248
v 0.945001 1.36607 1331
vn -0.233112 0.918787 0.318573
v 1.145 1.07031 1331.6
vn 0.0832705 0.906721 0.413427
v 1.145 1.2 1331.1
vn 0.865743 0.251263 0.432847
v 1.345 1.2 1333.31
vn -0.662815 0.746126 -0.0630198
v 1.345 1.48281 1333
vn 0.816693 0.300272 0.492798
v 1.545 1.2 1332.91
vn -0.70531 0.692667 0.150834
v 0.545002 0.401587 1334.2
vn 0.014552 0.752995 0.657865
v 0.945001 0.442188 1334.2
vn -0.333926 0.941619 0.042978
v 0.945001 0.4 1334.7
vn -0.444735 0.894941 -0.0359243
v 1.145 0.526563 1334.2
vn -0.522705 0.851063 -0.0497233
v 1.345 0.676563 1334.6
vn 0.0381375 0.965408 0.257941
v 1.545 0.642188 1334.8
vn -0.275953 0.950961 0.139723
v 1.945 0.414063 1335.2
vn -0.529799 0.840733 0.111722
v 0.945001 0.4 1335.62
vn -0.483572 0.8736 -0.0545974
v 1.945 0.439063 1335.6
vn -0.91875 -0.0811724 -0.386407
v 0.612189 2 1297.8
vn -0.786143 0.0196807 -0.617732
v 0.887189 2.6 1297.4
vn -0.466961 0.871294 -0.15098
v 1.145 3.2 1298.31
vn -0.315991 0.946569 -0.064476
v 0.745001 3.10156 1299.6
vn -0.721835 0.69132 0.0320947
v 1.145 2.99844 1300
vn -0.900032 0.290316 -0.325052
v 1.20281 3.2 1300.2
vn 0.0590717 0.795605 0.602929
v 1.545 3.34531 1299.2
vn -0.932465 0.13217 -0.336215
v 0.609064 2.6 1301.4
vn -0.893825 0.00383566 -0.4484
v 0.640314 3.2 1301.2
vn -0.394298 0.91714 -0.0581644
v 1.345 3.51094 1300.8
vn -0.657651 0.752323 0.0387993
v 0.713184 3.2 1302
vn -0.635745 0.768578 -0.071532
v 0.945001 3.4 1302.49
vn -0.521151 0.852996 -0.0282738
v 1.145 3.58906 1302.6
vn -0.366487 0.818493 0.442443
v 0.545002 3.56094 1305.2
vn -0.634403 0.75709 -0.15604
v 0.745001 3.47344 1305.6
vn -0.301035 0.947939 0.103875
v 0.945001 3.56094 1315.2
vn -0.151464 0.974731 0.164187
v 1.345 3.54844 1315.8
vn -0.299366 0.942723 0.147149
v 0.545002 3.03281 1317
vn -0.165368 0.945888 0.279195
v 0.545002 3 1317.19
vn -0.77383 0.552073 -0.310487
v 0.684064 3.2 1317.2
vn -0.790128 -0.320989 -0.522172
v 0.602814 3.4 1317.2
vn -0.433581 0.895131 0.103671
v 0.745001 3.12969 1317
vn -0.689394 -0.280066 -0.668056
v 0.745001 3.4 1317.05
vn -0.645598 0.733389 0.212941
v 0.545002 3.4371 1318.8
vn 0.413794 0.884151 0.216915
v 1.345 3.51719 1318.8
vn -0.376383 0.909652 -0.175695
v 1.545 3.55781 1318.8
vn -0.68901 0.682637 -0.243459
v 0.913854 3.4 1320.2
vn -0.647823 0.752505 -0.118581
v 0.859064 3.4 1320.4
vn -0.563845 0.786989 0.250455
v 0.841492 3.4 1320.6
vn -0.365635 0.845509 0.389135
v 0.945001 3.34531 1320.8
vn 0.333475 0.941607 0.0465911
v 1.145 3.54844 1319.6
vn 0.24085 0.914224 0.325863
v 1.145 3.52344 1320.4
vn -0.324807 0.874727 0.359656
v 0.945001 3.08594 1321.4
vn 0.133195 0.891385 0.433234
v 0.945001 3 1322.53
vn 0.249959 0.89779 0.362621
v 1.31605 3 1322.4
vn 0.168125 0.81495 0.554608
v 1.545 3.4 1321.76
vn 0.171175 0.95274 0.250969
v 1.945 2.88906 1322.2
vn -0.869472 0.475336 -0.134444
v 0.668439 2.6 1323
vn -0.675106 0.737203 -0.0276453
v 0.545002 2.67903 1323.6
vn -0.670693 0.663676 0.331217
v 0.545002 2.6 1323.93
vn -0.713629 0.699233 -0.0425086
v 0.801898 2.8 1323
vn 0.389237 0.831542 0.396274
v 0.945001 2.88906 1323.2
vn 0.367397 0.776515 0.511902
v 1.145 2.74219 1323.2
vn 0.358563 0.848786 0.38858
v 1.26387 2.8 1323
vn 0.136892 0.911688 0.387409
v 1.345 2.33281 1324
vn -0.692013 0.668539 -0.27235
v 1.545 2.6 1324.31
vn -0.677356 0.73547 -0.0165417
v 0.945001 2.146 1325
vn -0.783102 0.588142 -0.20209
v 1.10906 2.4 1325
vn 0.234136 0.896466 0.376203
v 1.745 2.6 1325.79
vn -0.918245 0.360728 -0.163405
v 0.593439 2 1326
vn -0.618725 0.778959 0.101991
v 0.745001 2.29844 1326.4
vn -0.258871 0.88947 0.376603
v 1.145 2.2 1326.91
vn 0.618109 0.604315 0.502737
v 1.745 2.2 1326.27
vn -0.0852768 0.952138 0.293532
v 1.945 2 1326.21
vn -0.685463 0.667904 -0.289905
v 1.945 2.2 1327.13
vn -0.123509 0.940538 0.316441
v 1.14727 2 1329
vn -0.759322 0.55608 -0.337942
v 1.40906 2 1328
vn -0.754559 0.560409 -0.341441
v 1.545 3.69844 1299.8
vn -0.397121 0.905716 -0.148235
v 1.945 3.74127 1300.6
vn -0.250288 0.963996 -0.0898217
v 1.945 3.72031 1301.8
vn -0.755125 0.590085 -0.285634
v 1.945 4.03594 1301
vn -0.722216 0.621335 -0.303886
v 1.22156 3.6 1303.2
vn -0.746641 0.625265 -0.227094
v 1.745 4 1302.58
vn -0.344163 0.897022 -0.277315
v 2.10929 3.8 1302
vn -0.650785 0.71785 -0.247326
v 1.13072 4 1304.6
vn 0.507311 0.637435 0.579925
v 0.945001 3.8 1309.98
vn -0.523768 0.85002 -0.0559699
v 1.08711 4 1308.4
vn -0.168683 0.983101 0.071128
v 1.345 4.25469 1309
vn 0.409461 0.776922 0.478262
v 1.545 4.21094 1309
vn 0.45929 0.728996 0.50756
v 1.745 3.87969 1309.2
vn -0.183387 0.976664 0.11179
v 0.709064 3.6 1311.4
vn -0.664236 0.735683 -0.132517
v 0.545002 3.8 1310.07
vn -0.406214 0.913778 0.000834823
v 1.75056 4 1311.2
vn 0.237271 0.880425 0.410553
v 1.945 3.94531 1311.2
vn -0.312325 0.945577 0.0913139
v 1.945 4.09531 1311
vn -0.490103 0.863666 0.117812
v 0.945001 3.66094 1313.6
vn -0.137097 0.989691 0.0414359
v 1.07577 3.6 1314.4
vn -0.271035 0.956704 -0.1061
v 1.345 3.67627 1314.4
vn -0.656723 0.72416 -0.210493
v 1.345 3.82381 1314.8
vn -0.617081 0.764163 -0.187794
v 1.945 3.8 1315.52
vn -0.646843 0.685959 -0.333249
v 1.945 4.03281 1316
vn -0.701484 0.430978 -0.567607
v 0.745001 3.64219 1317.2
vn -0.742553 0.472123 -0.475094
v 1.345 3.66137 1316.4
vn 0.19747 0.966082 0.166408
v 1.545 3.8 1317.71
vn -0.702384 0.591856 -0.395427
v 0.945001 3.63906 1319.2
vn -0.55214 0.814118 0.17987
v 0.945001 3.83594 1318.4
vn -0.638594 0.500029 -0.584952
v 0.887189 3.6 1320.4
vn -0.35021 0.926293 -0.139048
v 1.07046 3.6 1320.2
vn -0.252488 0.910453 0.327605
v 1.945 3.8 1320.31
vn -0.628585 0.77766 -0.011246
v 1.745 3.72969 1321.2
vn 0.857752 -0.380183 -0.34601
v 2.145 -16.3318 1372.4
vn 0.413188 -0.707426 -0.573432
v 2.545 -16.4298 1373.6
vn 0.360261 -0.798361 -0.482527
v 2.745 -16.4 1373.7
vn 0.844825 -0.499804 0.190965
v 2.81531 -16.2 1373.8
vn -0.393223 -0.276868 -0.876767
v 2.75362 -16 1373.4
vn 0.292939 -0.902085 -0.316907
v 2.945 -16.2297 1373.4
vn -0.32808 -0.279837 -0.90225
v 2.945 -15.8 1373.24
vn 0.536581 -0.482958 -0.691977
v 3.145 -15.8 1373.32
vn 0.822616 -0.452236 0.344653
v 3.20281 -15.8 1373.4
vn 0.853851 -0.422048 -0.304654
v 2.24031 -17 1374
vn 0.874398 -0.351904 0.334055
v 2.29344 -16.8 1375.4
vn 0.88955 -0.455142 0.0393222
v 2.545 -16.8 1374.79
vn 0.874824 -0.331558 0.353203
v 2.64344 -15.8 1375.2
vn 0.859231 -0.403743 0.314188
v 2.86531 -16 1374.8
vn 0.457276 -0.142123 -0.877895
v 2.145 -17 1377.99
vn 0.773996 -0.578405 0.257637
v 2.89656 -16.2 1378.6
vn 0.772979 -0.634408 0.00541492
v 3.345 -15.8 1377.46
vn 0.471869 -0.644248 0.601901
v 2.145 -16.1762 1379.6
vn -0.562713 -0.652319 0.507774
v 2.17591 -16 1379.8
vn -0.938627 -0.292072 0.183502
v 2.25281 -16 1380
vn -0.973057 -0.230528 0.00404628
v 2.24344 -16 1380.2
vn -0.781547 -0.0593596 0.621016
v 2.16219 -15.8 1379.8
vn -0.980575 0.0023139 0.196131
v 2.23406 -15.8 1380
vn 0.660823 -0.588233 0.466148
v 2.34969 -16.4 1379.2
vn -0.797045 -0.568689 0.203255
v 2.345 -16.1661 1379.8
vn -0.89193 -0.450448 -0.0394595
v 2.545 -16.6 1380.23
vn 0.860369 -0.210369 0.46423
v 2.64031 -16.4 1380.2
vn -0.0382672 -0.956865 0.288002
v 2.545 -16.1922 1379.6
vn 0.750529 0.0221698 0.660466
v 2.545 -16.2 1380.38
vn 0.474109 -0.744987 -0.469271
v 2.745 -16.0484 1379.4
vn 0.652309 -0.644138 -0.399474
v 2.84031 -16.2 1379.8
vn 0.900316 -0.0261007 0.434454
v 2.79031 -16 1380
vn 0.863278 -0.501982 -0.052595
v 2.18719 -14.4 1370.4
vn 0.451549 -0.593008 -0.666667
v 2.345 -14.4 1370.89
vn 0.540799 -0.577995 -0.611113
v 2.545 -14.6 1371.41
vn 0.801313 -0.590054 -0.0986576
v 3.12469 -14.4 1372
vn 0.359697 -0.62825 -0.689869
v 3.145 -14.4823 1371.6
vn 0.589959 -0.660667 -0.464185
v 2.945 -15.2 1373.07
vn 0.75595 -0.553843 -0.348995
v 3.69656 -15 1373.2
vn 0.80359 -0.595026 0.0137298
v 3.22913 -15.6 1374.4
vn 0.822323 -0.354974 0.444723
v 3.27781 -14.8 1374.8
vn 0.777883 -0.62805 -0.0212437
v 3.16219 -14.8 1375.2
vn 0.230708 -0.783175 -0.577417
v 3.545 -14.6328 1376.2
vn -0.400511 -0.143308 0.905016
v 2.345 -14.6792 1380
vn 0.761426 0.165051 0.626887
v 2.89344 -14.6 1379.6
vn 0.825309 -0.500103 0.262226
v 3.00594 -15.6 1379.4
vn -0.664894 -0.666688 -0.336813
v 2.145 -13.0016 1351.4
vn 0.406118 -0.863722 -0.298416
v 2.345 -13.1148 1352
vn 0.191026 -0.967264 -0.167059
v 2.145 -13.6234 1353.2
vn -0.0971116 -0.581248 -0.807911
v 3.145 -13 1369.12
vn 0.871952 -0.489588 -0.00199585
v 2.345 -13.9875 1370.4
vn 0.144648 -0.591481 -0.793238
v 2.545 -13.8 1369.69
vn 0.579601 -0.715938 -0.389223
v 2.66741 -13.8 1369.8
vn 0.51131 -0.641733 -0.571613
v 2.545 -13.8 1370.59
vn 0.377857 -0.924975 0.0405739
v 2.745 -13.7441 1369.6
vn -0.167285 -0.533744 -0.828935
v 2.745 -13.4 1369.43
vn 0.670918 -0.699701 -0.245535
v 2.745 -13.0597 1369.2
vn 0.514403 -0.818124 -0.257026
v 2.94031 -13.2 1370
vn 0.305217 -0.839563 -0.449419
v 3.14143 -13.6 1369.6
vn 0.506336 -0.852827 0.127712
v 2.945 -13.6 1369.8
vn -0.092002 -0.607067 -0.789307
v 3.145 -13.4917 1369.4
vn -0.0630022 -0.576057 -0.814978
v 3.145 -13.4 1369.31
vn 0.747987 -0.199814 0.632921
v 3.16643 -13.4 1369.6
vn 0.377557 -0.65878 -0.650738
v 3.32781 -13.4 1370.6
vn 0.116881 -0.656683 -0.745055
v 3.345 -13.4619 1369.4
vn -0.0444109 -0.570173 -0.820324
v 3.44188 -13.2 1369.2
vn 0.636249 -0.770692 0.0349436
v 3.39031 -13.2 1369.4
vn 0.373162 -0.661112 -0.650908
v 3.545 -13.8 1371.15
vn 0.555649 0.465769 0.688704
v 3.345 -12.5113 1378.2
vn 0.498968 0.404527 0.766413
v 2.345 -13.4 1379.61
vn 0.831574 -0.323176 -0.451711
v 2.52469 -12 1351.4
vn 0.903838 -0.254301 0.344105
v 2.68719 -11.4 1353
vn 0.951796 -0.169919 0.255365
v 2.47469 -12.4 1353.4
vn 0.547439 -0.753224 -0.364643
v 2.945 -11 1364.12
vn 0.241268 -0.945026 -0.220716
v 3.545 -10.8422 1363.8
vn 0.0569001 -0.950986 -0.303954
v 3.345 -11.4148 1365.6
vn -0.721198 0.576305 0.384377
v 2.145 -11.018 1375.2
vn 0.8797 0.0803607 0.468689
v 3.345 -11.2 1377.41
vn 0.205085 -0.659555 -0.723137
v 2.145 -9.8 1348.6
vn 0.711649 -0.494246 -0.499276
v 2.945 -10.1169 1350.4
vn 0.428619 -0.446689 -0.785338
v 3.145 -9.6 1350.1
vn 0.359631 -0.573552 -0.736005
v 3.145 -9.32419 1350
vn 0.115847 -0.459146 -0.880775
v 3.345 -9.6 1350.14
vn 0.890898 -0.450006 0.0616134
v 2.26844 -10.6 1355.6
vn 0.829054 -0.376691 0.413248
v 2.15594 -10.6 1355.8
vn 0.905412 -0.422625 0.0402081
v 2.345 -10.1192 1355
vn 0.876652 -0.300344 0.375865
v 2.72469 -9.8 1355.6
vn 0.826082 -0.264573 0.497584
v 2.55281 -9.8 1355.8
vn 0.848327 -0.0987467 0.520183
v 2.74656 -9.4 1355.6
vn 0.674636 -0.723744 0.14512
v 2.345 -9.88158 1358.8
vn 0.640164 -0.725352 0.253089
v 3.145 -9.45469 1358
vn 0.20622 -0.949985 -0.234523
v 3.345 -9.49531 1360.6
vn 0.34667 -0.904303 -0.249109
v 3.545 -9.25918 1359.6
vn 0.431658 -0.841023 -0.326116
v 2.745 -10.0266 1361.6
vn 0.397722 -0.859136 -0.32203
v 3.145 -10.3609 1363.2
vn 0.118618 -0.899622 -0.420251
v 3.345 -10.4119 1363.4
vn -0.140557 0.845732 0.514763
v 2.145 -9.21719 1367
vn -0.506663 0.837639 0.204094
v 2.545 -9.4 1367.74
vn -0.0663349 0.891075 0.448982
v 2.145 -10 1371.93
vn -0.69309 0.719475 0.0445112
v 2.145 -9.68983 1371.2
vn -0.786935 0.587741 -0.187865
v 3.145 -9.20833 1371.8
vn -0.131873 0.890797 0.434844
v 2.33848 -10.2 1372.4
vn -0.334034 0.877552 0.343982
v 2.345 -10.3234 1374
vn -0.577639 0.774217 0.25869
v 2.945 -9.94677 1374.4
vn -0.54847 0.804469 0.228058
v 3.545 -10.1422 1375.2
vn -0.387926 0.842238 0.374364
v 3.545 -9.6 1374.35
vn -0.689702 0.707785 0.152811
v 3.345 -10.4 1376.7
vn -0.740181 0.671935 -0.0252069
v 3.50906 -10.2 1376.2
vn 0.376126 0.514992 0.770268
v 3.345 -10.6 1377.25
vn 0.575917 -0.746588 -0.333057
v 2.145 -8 1346.28
vn 0.295233 -0.877897 -0.377007
v 2.21096 -7.8 1345.8
vn -0.153922 -0.804292 -0.573953
v 3.345 -8.12656 1346.6
vn -0.0736578 -0.740826 -0.667647
v 2.545 -8.51094 1347.2
vn 0.764999 -0.534118 0.359853
v 3.39754 -8 1348
vn 0.401426 -0.915671 0.0201042
v 3.545 -8.03594 1347.2
vn 0.621474 -0.748944 0.229899
v 3.545 -8 1347.69
vn 0.572667 -0.670845 -0.471188
v 2.80906 -8.6 1348.6
vn 0.73183 -0.497939 0.465275
v 3.73406 -8.8 1353.2
vn 0.744662 -0.506231 0.434981
v 3.545 -8.4 1353.73
vn 0.682172 -0.731124 0.00995288
v 3.545 -8.17031 1354.2
vn 0.81396 -0.563701 -0.140393
v 2.98094 -9.2 1355
vn 0.856765 -0.48917 0.163297
v 2.96219 -9.2 1355.2
vn 0.59348 -0.7881 -0.163337
v 3.345 -8.80469 1356.8
vn 0.412166 -0.881433 -0.230641
v 3.345 -9.08281 1359
vn -0.119535 0.907031 0.40374
v 2.145 -8.6 1366.19
vn -0.136168 0.918665 0.370826
v 3.145 -8.65156 1366
vn -0.741067 0.667133 -0.0758567
v 2.87242 -9 1368.2
vn 0.139554 0.872856 0.467597
v 3.545 -9.15469 1370
vn -0.73866 0.652031 -0.170989
v 3.36531 -9.2 1371.2
vn -0.731075 0.631527 -0.258268
v 3.71802 -8.8 1371
vn 0.0599224 0.899605 0.432573
v 3.71792 -8.8 1371.2
vn -0.0576176 -0.902375 -0.427082
v 3.145 -6.90781 1344.2
vn 0.594678 -0.77951 -0.196779
v 2.545 -7.54531 1346
vn -0.0281817 0.925414 0.377908
v 2.345 -6.07656 1358.6
vn -0.139575 0.939903 0.311609
v 2.545 -6.12344 1358.8
vn -0.183746 0.916204 0.356099
v 2.745 -6.54219 1360.6
vn -0.0181419 0.9676 0.251837
v 3.345 -6.76094 1361
vn -0.566405 0.821755 0.062484
v 2.145 -7.14844 1362.4
vn -0.458718 0.888521 0.0104636
v 2.345 -7.09844 1361.8
vn 0.0322523 0.86763 0.496164
v 2.345 -7.2 1362.66
vn -0.102995 0.976976 0.186843
v 3.145 -6.83594 1361.4
vn 0.0771642 -0.990049 -0.117679
v 2.945 -5.09531 1339.8
vn -0.294754 -0.85334 -0.430037
v 3.345 -4.72344 1338.8
vn 0.399889 -0.897645 0.185265
v 2.145 -5.24531 1340.6
vn 0.186502 -0.982435 -0.00614177
v 2.145 -5.21406 1340.8
vn -0.0425137 0.973101 0.226422
v 2.345 -5 1355.32
vn 0.0195646 0.965189 0.260822
v 2.545 -5.03281 1355.8
vn 0.0523893 0.973217 0.223841
v 2.945 -4.87969 1354.8
vn 0.120058 0.918928 0.375709
v 2.145 -5.30469 1356.6
vn 0.0496748 0.949498 0.309817
v 2.745 -5.32969 1356.4
vn -0.0610845 -0.992876 -0.102299
v 2.545 -3.08906 1335.8
vn -0.482856 -0.681836 -0.5495
v 2.745 -3.40156 1336.2
vn 0.02928 -0.999259 0.0249775
v 2.945 -3.04531 1335.8
vn -0.45215 -0.777768 -0.436621
v 3.345 -3.4 1335.61
vn -0.223034 -0.950651 -0.215684
v 3.545 -3.61406 1336.4
vn -0.129516 -0.938421 -0.3203
v 2.345 -3.8 1337.52
vn 0.154569 -0.978112 -0.139305
v 2.745 -3.74844 1337.6
vn -0.00369288 0.865128 0.501537
v 2.145 -2.89844 1345.4
vn 0.365565 0.810362 0.457904
v 3.145 -3.30156 1347.6
vn 0.460368 0.616931 0.638324
v 2.145 -3.53404 1348.8
vn 0.471293 0.69928 0.537485
v 2.345 -3.4 1348.51
vn 0.281545 0.849509 0.446168
v 2.745 -3.6 1348.53
vn -0.55224 0.810526 -0.195139
v 2.145 -3.80469 1350
vn -0.554757 0.792361 -0.253788
v 2.145 -3.67656 1350.4
vn -0.128968 0.966925 0.220054
v 2.345 -4.19219 1351.4
vn -0.565035 0.803606 -0.186956
v 2.345 -3.66406 1350
vn -0.0052636 0.982178 0.187879
v 3.145 -4.19219 1352.8
vn 0.488124 -0.872468 -0.023142
v 2.85581 -1.4 1324.2
vn 0.193121 -0.935126 -0.297059
v 2.945 -1.4 1324.26
vn 0.564822 -0.812456 0.144535
v 3.145 -1.22344 1324
vn 0.242826 -0.716561 -0.653893
v 2.345 -1.73594 1324.4
vn 0.135994 -0.606103 -0.783674
v 2.745 -1.83016 1324.6
vn 0.368377 -0.910214 -0.189231
v 2.745 -1.48644 1324.4
vn 0.519654 -0.820292 -0.238915
v 3.03719 -1.8 1325.2
vn 0.0227586 -0.589549 -0.807412
v 2.945 -1.6 1324.43
vn 0.611701 -0.79105 0.00791214
v 3.145 -2.26406 1327
vn 0.541938 -0.809644 0.225342
v 2.745 -2.4 1327.71
vn 0.334077 -0.854369 0.398053
v 2.345 -1.96406 1329.6
vn 0.0533428 -0.958181 0.281149
v 2.745 -1.77656 1330.4
vn -0.727799 -0.458319 -0.510149
v 2.745 -1.75833 1330.6
vn -0.449431 -0.814466 -0.366956
v 2.945 -1.95156 1330.6
vn 0.200427 -0.951134 0.23489
v 3.345 -1.68906 1329.6
vn -0.628329 -0.558106 -0.54196
v 2.631 -1.8 1330.8
vn -0.305104 -0.832823 -0.461863
v 2.545 -1.8 1330.87
vn -0.648077 -0.186939 -0.738275
v 2.545 -1.6 1330.83
vn -0.3712 -0.873063 -0.316182
v 2.745 -2.05781 1331.2
vn -0.31586 -0.916779 -0.244434
v 2.345 -2.30469 1332.4
vn -0.229213 -0.930193 -0.286709
v 2.145 -2.49344 1334
vn -0.105882 0.883296 0.456703
v 2.26924 -1.8 1342.2
vn -0.177275 0.945206 0.274152
v 3.345 -2.05156 1343.6
vn 0.202999 0.925329 0.320246
v 3.545 -2.73281 1346.4
vn -0.517229 -0.599684 -0.610617
v 2.145 -0.073437 1297.8
vn 0.435368 -0.899352 0.0402512
v 2.745 -0.070312 1300.8
vn 0.285406 -0.958301 -0.0142452
v 3.145 0.348438 1301.8
vn 0.291606 -0.95069 0.105614
v 3.345 0.392188 1301.4
vn 0.57634 -0.79259 0.199078
v 2.145 0 1302.37
vn 0.514226 -0.846583 0.137362
v 2.145 0.070313 1302.8
vn 0.615418 -0.637228 0.463897
v 2.145 0.2 1303.51
vn 0.153407 -0.9613 -0.22884
v 2.47714 0 1302.8
vn 0.068653 -0.891628 -0.447534
v 2.145 -0.580435 1322.2
vn 0.484207 -0.864832 -0.132699
v 2.51844 -0.6 1322.6
vn 0.612991 -0.789241 0.0366206
v 2.745 -0.357812 1322.6
vn 0.593454 -0.752388 0.285875
v 2.945 -0.26744 1322.4
vn 0.647084 -0.653577 0.392581
v 3.145 -0.320312 1322
vn 0.127909 -0.961089 -0.244842
v 3.145 -0.195312 1321.4
vn -0.436814 -0.535996 -0.722428
v 3.345 -0.4 1322.6
vn 0.484176 -0.874966 -0.00284254
v 3.345 -0.022448 1322.4
vn 0.624702 -0.712784 -0.318883
v 2.145 -1.07091 1323.4
vn 0.557511 -0.815856 0.153496
v 3.12425 -1.2 1324.2
vn -0.214407 -0.659133 -0.720814
v 2.945 -0.8 1323.18
vn 0.415189 -0.839946 -0.34944
v 2.945 -0.342187 1322.8
vn 0.0809139 -0.94513 -0.316516
v 3.345 -1.09844 1324
vn 0.27921 -0.835095 -0.473981
v 3.345 -0.8 1323.47
vn 0.180376 0.857723 0.481432
v 2.51333 0.2 1336
vn 0.157661 0.854201 0.495463
v 2.25864 -0.4 1338.6
vn -0.872434 0.385987 -0.299789
v 2.145 0.063636 1337.4
vn 0.412704 0.828847 0.377741
v 2.745 -0.005264 1337.6
vn 0.49624 0.75784 0.423586
v 3.145 -0.267187 1337.6
vn 0.43764 -0.894593 -0.0904135
v 3.145 0.420636 1297.4
vn 0.228564 -0.96824 -0.101343
v 3.345 0.457813 1298
vn 0.621165 -0.634367 0.460143
v 3.545 0.667188 1297.2
vn 0.525307 -0.761962 0.378769
v 3.545 0.673438 1302.6
vn 0.40432 -0.892767 0.198727
v 2.545 0.479688 1304.2
vn 0.200517 -0.979658 0.00793514
v 3.145 0.566666 1304.4
vn 0.188805 -0.981506 0.0315931
v 2.545 0.442188 1305.6
vn 0.0297995 -0.999111 -0.0298292
v 2.545 0.826563 1309
vn 0.323407 -0.908934 0.263146
v 2.745 0.829688 1311.2
vn -0.0453372 -0.993593 -0.103524
v 2.945 0.8 1310.1
vn 0.530662 -0.752992 0.389102
v 2.98667 1 1311.2
vn -0.0680144 -0.823168 -0.56371
v 3.145 0.821155 1311.4
vn 0.148907 -0.838525 -0.52412
v 3.545 0.892188 1311.4
vn 0.0835413 -0.995681 0.040509
v 3.545 1 1311.23
vn 0.199082 -0.970387 0.136806
v 2.345 0.876563 1312
vn 0.00554712 -0.999907 -0.0124684
v 2.345 0.779688 1314
vn -0.388746 -0.874637 -0.289632
v 3.545 0.495313 1315.8
vn 0.18203 -0.968666 0.168972
v 2.545 0.673438 1317.4
vn -0.00202635 -0.999017 -0.0442784
v 2.745 0.701563 1317.6
vn 0.252329 -0.925053 0.283913
v 3.345 0.701563 1316.6
vn -0.0211892 -0.9996 0.0187327
v 3.545 0.751563 1316.6
vn 0.576392 0.619755 0.532612
v 2.545 1.38594 1328.2
vn 0.0527499 0.953846 0.295626
v 3.545 1.90328 1328.4
vn -0.617785 0.748739 -0.240274
v 2.145 1.57451 1330.6
vn 0.531663 0.820871 0.208581
v 2.145 1.2 1332.07
vn -0.313186 0.949093 -0.0337048
v 2.545 1 1332.1
vn -0.200662 0.977861 0.0593577
v 2.545 1.03906 1333.2
vn 0.0737175 0.952323 0.29605
v 2.345 0.723438 1334.2
vn -0.205312 0.975592 0.0778924
v 2.545 0.6 1335.24
vn -0.430344 0.902309 -0.0253338
v 2.945 0.4 1335.79
vn -0.740142 -0.285521 -0.608825
v 2.60594 2.2 1295.2
vn 0.436816 0.833502 0.338329
v 3.545 3.50156 1317.4
vn 0.605555 0.629726 0.486568
v 2.145 3.38772 1321
vn -0.139396 0.990045 0.0194902
v 2.545 2.93906 1321.6
vn 0.416092 0.701456 0.578642
v 2.345 2.23281 1325.8
vn -0.54564 0.825004 -0.147126
v 2.545 2.31587 1326
vn -0.540208 0.813903 -0.213861
v 2.545 2.47969 1326.6
vn 0.484461 0.715179 0.503803
v 3.545 2.2 1326.34
vn -0.592601 0.725517 -0.349927
v 3.145 4.32909 1299
vn -0.212324 0.973183 0.0885086
v 3.145 4.4 1300.26
vn 0.787423 0.0112613 0.616311
v 3.345 4.2 1300.01
vn -0.53852 0.766478 -0.350011
v 3.545 3.84219 1300.2
vn -0.628324 0.677764 -0.381896
v 3.345 3.99531 1300.8
vn -0.761767 0.45599 -0.4602
v 3.6704 4.2 1300.4
vn -0.315257 0.91143 -0.2644
v 2.32326 4 1302.2
vn -0.30993 0.936187 -0.165823
v 2.545 4.06719 1302.2
vn -0.367501 0.923055 -0.113637
v 2.745 4.22656 1303
vn -0.106493 0.992163 0.0653598
v 3.345 4.57344 1303.4
vn -0.136236 0.990644 0.00806176
v 3.145 4.50469 1304.2
vn -0.184831 0.981498 -0.0499996
v 3.42278 4.4 1305.6
vn 0.3446 0.871584 0.348702
v 2.545 4.27969 1307.8
vn 0.264074 0.902144 0.341176
v 2.745 4.11406 1308
vn -0.536368 0.81429 -0.221902
v 2.745 4.2 1308.35
vn 0.0406866 0.990523 0.131179
v 2.945 4.38906 1307
vn -0.23579 0.971777 0.00722971
v 3.345 4.35156 1307
vn -0.512347 0.840354 -0.176937
v 3.545 4.50781 1307.2
vn -0.216835 0.975608 0.0342289
v 2.745 4.51406 1309.4
vn 0.642876 0.440569 0.626586
v 2.745 4.45156 1309.8
vn 0.233238 0.931685 0.2785
v 3.145 3.95469 1309.8
vn 0.547851 0.718536 0.428444
v 3.545 4.4 1308.72
vn 0.176009 0.949374 0.260212
v 2.345 3.84219 1311.2
vn -0.204532 0.967201 0.150626
v 2.545 4.37833 1310
vn 0.618666 0.550565 0.560474
v 2.745 4.16719 1310
vn -0.2411 0.969244 0.0493539
v 3.545 4.05156 1311.2
vn -0.141272 0.989631 0.02595
v 2.545 3.69844 1313
vn -0.626013 0.244275 -0.740566
v 3.345 3.92969 1312.4
vn -0.693292 0.188008 -0.6957
v 2.42613 4 1313.2
vn -0.169421 0.984971 -0.0336075
v 2.345 4.04844 1313.6
vn -0.327564 0.939074 -0.104119
v 2.65632 4 1314.2
vn -0.615195 0.736459 -0.281359
v 2.145 4.10156 1315.6
vn 0.40911 0.838195 0.360636
v 2.945 4 1315.24
vn 0.574734 0.700157 0.423628
v 3.545 3.8 1314.8
vn 0.325076 0.913131 0.246002
v 2.945 3.67969 1316.4
vn -0.409185 0.887963 -0.209974
v 3.145 3.8 1316.72
vn -0.545354 0.782495 -0.300486
v 2.345 3.88906 1318.2
vn 0.303474 0.929593 0.209188
v 2.745 3.62344 1318.8
vn -0.401475 0.863664 -0.3048
v 3.345 3.8 1318.43
vn 0.697649 0.679397 0.227388
v 3.345 3.86719 1318.8
vn 0.593685 0.790973 0.147986
v 3.545 3.67031 1318.6
vn -0.115426 -0.26724 -0.956692
v 3.805 -14.6 1372.8
vn 0.757953 -0.644203 0.102518
v 4.10906 -14.2 1373.2
vn 0.153622 -0.706085 -0.691263
v 4.345 -14.0879 1372.4
vn 0.830321 -0.346713 0.4363
v 3.78719 -14.8 1374.2
vn 0.226887 -0.767622 -0.599399
v 3.945 -15.1048 1377
vn 0.74597 -0.665971 -0.00327983
v 4.63719 -14.4 1376.8
vn 0.381736 -0.6758 -0.630533
v 3.945 -13.2 1370.73
vn 0.308181 -0.729139 -0.611049
v 3.945 -12.8766 1370.4
vn 0.194646 -0.739078 -0.644885
v 4.745 -12.8 1370.4
vn 0.310255 -0.839326 -0.446401
v 5.145 -12.6 1370.36
vn 0.420213 -0.771832 -0.477176
v 3.745 -13.8 1371.95
vn 0.678029 -0.733807 -0.0424768
v 3.88094 -13.6 1371.4
vn 0.454275 -0.790501 -0.410782
v 4.145 -13.3281 1371
vn 0.576383 -0.810367 -0.105302
v 4.92379 -13.6 1372
vn 0.0150316 -0.729121 -0.684219
v 4.745 -13.2024 1371.6
vn 0.813459 -0.364917 0.452902
v 4.28406 -13.8 1373.8
vn 0.763154 -0.638128 0.101921
v 4.39031 -14 1373.4
vn 0.653151 -0.755619 -0.0493427
v 4.545 -13.9581 1372.6
vn 0.600384 -0.799489 0.0188697
v 4.745 -13.7516 1373
vn 0.678818 -0.724187 0.121488
v 4.08719 -13.8 1374.2
vn 0.560496 -0.805804 -0.191114
v 4.145 -13.8 1374.55
vn 0.376381 -0.876069 -0.301396
v 4.745 -13.5109 1374.8
vn 0.447643 -0.85232 -0.270494
v 5.145 -13.5328 1375
vn 0.0666876 -0.914932 -0.39806
v 3.745 -11 1364.25
vn 0.232563 -0.928403 -0.289795
v 4.945 -11.9891 1367.8
vn 0.193937 -0.795171 -0.574535
v 4.745 -12.3078 1370
vn 0.767225 0.195622 0.610817
v 3.945 -12 1377.33
vn 0.0975438 -0.926511 -0.363404
v 4.145 -9.66406 1361.6
vn -0.143243 -0.912662 -0.382793
v 4.945 -9.73906 1361.8
vn 0.293808 -0.955706 -0.0174092
v 3.745 -10.7672 1363.4
vn 0.249713 -0.957666 -0.143246
v 3.945 -10.6922 1363.8
vn 0.107161 -0.919845 -0.377363
v 3.945 -10.1797 1362.8
vn 0.142161 -0.921348 -0.361813
v 4.145 -10.6359 1363.4
vn -0.0070932 -0.913319 -0.407183
v 4.545 -10.0078 1362.8
vn -0.126398 -0.900355 -0.416395
v 5.145 -10.6453 1363.4
vn 0.282936 0.793377 0.538981
v 3.745 -9.68281 1374.4
vn 0.436115 0.63186 0.640746
v 4.44685 -10.2 1375.4
vn -0.601036 0.797955 0.0449933
v 4.345 -9.51094 1374.2
vn 0.345686 0.723613 0.597398
v 4.745 -10.1578 1375.2
vn 0.425279 0.646508 0.633376
v 4.945 -9.6 1374.46
vn 0.5608 0.591419 0.579419
v 5.31031 -9.8 1374.4
vn -0.649206 0.759912 0.0326448
v 3.945 -9.67963 1375.8
vn 0.815924 0.25044 0.521103
v 4.145 -9.8 1375.62
vn 0.171547 0.742261 0.647781
v 4.545 -10.5484 1375.8
vn 0.777025 0.21354 0.592142
v 4.745 -10.6 1375.79
vn -0.135163 -0.913576 -0.383549
v 3.945 -7.65156 1345.6
vn 0.42804 -0.902903 -0.0393515
v 3.945 -7.78594 1346.2
vn 0.468724 -0.882924 -0.0272497
v 4.145 -7.68594 1346.4
vn 0.569364 -0.764669 0.301836
v 4.345 -7.72656 1346.4
vn 0.07102 -0.718104 -0.692303
v 3.745 -9.02 1349.8
vn 0.0932016 -0.829121 -0.551246
v 3.745 -8.4 1348.93
vn 0.107068 -0.830118 -0.547211
v 3.745 -8.07344 1348.6
vn -0.187649 -0.770467 -0.609235
v 4.345 -8.27969 1348.6
vn 0.413294 -0.910281 -0.0239897
v 4.83 -8.4 1349
vn 0.524984 -0.843534 0.113322
v 4.745 -8.2 1349.99
vn 0.00951021 -0.948248 -0.317387
v 5.145 -8.26719 1348.4
vn 0.306199 -0.948516 -0.0809945
v 5.145 -8.20781 1349.2
vn 0.836387 0.0409246 0.546609
v 3.75594 -9.2 1351.2
vn 0.246973 -0.969011 0.00471846
v 4.545 -8.21094 1350.8
vn 0.449844 -0.886327 0.109837
v 5.145 -7.90156 1350.8
vn 0.890501 -0.433182 0.139147
v 3.84969 -8.8 1351.8
vn 0.436684 -0.899358 0.0215127
v 4.745 -8.21719 1351.8
vn 0.352288 -0.926746 0.130516
v 4.945 -8 1352.8
vn 0.304066 -0.951213 -0.0523294
v 4.545 -7.62656 1354.2
vn 0.321474 -0.879763 0.350245
v 4.745 -7.64844 1353.4
vn 0.0663037 -0.937682 -0.34111
v 4.145 -8.22344 1356
vn 0.481256 -0.859321 -0.17309
v 4.345 -7.91094 1355.2
vn 0.665015 -0.714319 0.217951
v 4.145 -8.51094 1357.8
vn 0.674123 -0.655414 0.340575
v 4.745 -8.34844 1357
vn -0.2322 0.957837 0.169211
v 3.745 -7.69844 1363.8
vn -0.465225 0.879422 0.100915
v 3.745 -8.25781 1367.4
vn -0.274286 0.93975 0.20405
v 4.145 -8.23906 1366
vn -0.103824 0.935986 0.336379
v 4.345 -8.07344 1367.4
vn -0.631927 0.721978 -0.281809
v 4.545 -7.73281 1366.4
vn 0.01269 0.962512 0.270943
v 4.745 -7.68906 1366.6
vn 0.225646 0.900736 0.371159
v 4.945 -7.96719 1367
vn 0.436559 0.693673 0.572918
v 3.945 -8.47344 1368.8
vn 0.518482 0.663097 0.539887
v 4.545 -8.75469 1368.6
vn 0.577924 0.599613 0.553596
v 4.545 -8.42453 1368.2
vn 0.270366 0.857838 0.437054
v 4.545 -8.2 1367.98
vn -0.548519 0.802208 -0.235776
v 5.145 -8.6 1368.61
vn 0.315677 0.776389 0.545497
v 3.745 -8.82969 1369.4
vn -0.6202 0.754663 -0.214092
v 3.74656 -9 1370.6
vn 0.102608 0.950756 0.292463
v 5.145 -8.52344 1369.8
vn 0.0141353 0.9783 0.206709
v 5.145 -8.36719 1369.4
vn 0.0127467 0.914872 0.403542
v 3.745 -9.02344 1371.6
vn -0.443146 0.893146 0.0768875
v 3.945 -9.13594 1372
vn 0.136893 0.923221 0.359059
v 4.345 -8.8 1370.85
vn -0.356685 0.906896 0.224313
v 4.145 -8.7127 1372.6
vn -0.322737 0.936607 0.136411
v 4.345 -8.64844 1372.6
vn -0.331276 0.93243 0.14433
v 4.715 -9 1372.8
vn -0.41282 0.905214 0.100834
v 4.945 -9.05156 1373.4
vn 0.621585 0.521428 0.58459
v 4.945 -9.11207 1374
vn 0.214575 -0.950162 -0.226164
v 3.945 -6.07031 1341.6
vn -0.338937 -0.875666 -0.343991
v 5.145 -6.2873 1341.8
vn 0.441819 -0.887746 -0.129237
v 3.945 -6.22969 1342.8
vn -0.168519 -0.95036 -0.261568
v 5.0803 -7.4 1344.2
vn 0.593039 -0.673144 0.441795
v 4.60991 -7.4 1346.6
vn 0.602787 -0.787163 0.130466
v 4.745 -7.33906 1345.2
vn -0.177957 -0.950078 -0.256287
v 4.945 -7.57656 1345.6
vn 0.404811 -0.87538 0.264267
v 4.945 -7.25156 1346.4
vn -0.0199218 -0.991813 -0.126133
v 5.145 -7.6 1345.75
vn 0.638327 -0.697125 0.326428
v 4.545 -7.26406 1347
vn -0.337723 -0.793728 -0.505905
v 4.80077 -7.6 1347.6
vn -0.0993577 -0.966864 -0.235163
v 4.945 -7.26719 1346.8
vn 0.181549 0.934312 0.30676
v 5.145 -6.48594 1360.2
vn 0.307773 0.82561 0.47291
v 3.765 -7.2 1362.2
vn 0.411502 0.825676 0.38591
v 4.345 -7.48906 1362.2
vn 0.0333868 0.952638 0.302269
v 4.945 -7.6 1363.54
vn -0.161113 -0.981698 -0.101546
v 5.145 -4.98281 1338.4
vn -0.256335 -0.947067 -0.193277
v 5.145 -5 1338.65
vn 0.0459771 -0.984849 -0.16721
v 3.945 -5.29531 1340
vn -0.201453 -0.929408 -0.309219
v 4.145 -5 1338.82
vn -0.0269343 -0.968292 -0.248365
v 3.945 -5.30781 1340.4
vn 0.0219964 0.980861 0.193464
v 5.145 -4.67344 1353.6
vn 0.0187883 0.971936 0.234492
v 4.145 -5.12344 1355.4
vn -0.0239848 -0.98609 0.164473
v 4.545 -2.90781 1333
vn -0.149091 -0.981741 -0.118136
v 3.945 -3.14531 1334.4
vn -0.421587 -0.844953 -0.329117
v 4.39794 -3.2 1334.2
vn -0.397381 -0.835507 -0.379496
v 4.745 -4.31406 1336.8
vn 0.258642 -0.941943 -0.214119
v 4.345 -1.56613 1326.4
vn 0.0241971 -0.996108 -0.0847577
v 4.345 -1.77031 1328.4
vn -0.0928463 0.985713 0.140533
v 3.945 -1.27031 1341.4
vn -0.172527 0.984894 -0.0147999
v 3.945 -1.28906 1341.8
vn 0.463364 0.784156 0.412788
v 4.70214 -1.6 1341.6
vn 0.58618 0.686152 0.4308
v 4.745 -1.4 1341.29
vn 0.331757 0.874044 0.354942
v 5.145 -1.54219 1341
vn 0.230885 0.957182 0.174626
v 5.213 -1.4 1340.6
vn -0.0349882 0.927477 0.372238
v 3.945 -1.6 1342.53
vn -0.132912 0.926708 0.351492
v 3.945 -1.25781 1342.2
vn -0.0931184 0.986773 0.132695
v 4.545 -1.78594 1343
vn 0.502882 0.778548 0.375463
v 4.745 -2.06406 1343.4
vn 0.175236 0.981027 0.0829317
v 5.145 -2.27344 1343.4
vn 0.448951 0.81883 0.357715
v 5.145 -2.2 1343.08
vn 0.130531 0.940512 0.313687
v 3.745 -2.25781 1344.8
vn -0.152433 0.97353 0.170305
v 3.745 -2.02969 1343.6
vn 0.275012 0.936441 0.217824
v 4.945 -2.22656 1343.6
vn 0.0772391 0.995272 0.0588891
v 5.145 -2.25469 1343.6
vn 0.0390495 -0.985218 -0.166794
v 3.745 0.389063 1298.6
vn -0.0407985 -0.990792 -0.129097
v 4.545 0.367188 1298
vn 0.29281 -0.946079 0.138552
v 3.745 0.295313 1300.6
vn -0.343597 -0.892186 -0.293163
v 4.345 0.060938 1319.4
vn -0.450131 -0.84929 -0.275843
v 4.945 0.082813 1318.2
vn 0.104378 -0.986356 0.127311
v 4.745 0.2 1320.03
vn 0.585303 -0.751156 0.305261
v 3.745 0.101563 1321.8
vn 0.0893182 -0.982767 -0.161838
v 3.945 0 1321.23
vn -0.21248 -0.932995 -0.290469
v 4.145 -0.026562 1321.2
vn 0.0429239 -0.962389 0.268262
v 4.145 0.053226 1321.4
vn -0.151798 -0.943012 -0.296118
v 4.145 0.1 1321.6
vn -0.511807 -0.544362 -0.664623
v 4.52403 -0.8 1322.6
vn -0.200942 -0.732383 -0.650567
v 4.345 -0.317187 1322.2
vn -0.151577 -0.945823 -0.287129
v 4.345 -0.150793 1321.4
vn -0.230588 -0.932222 -0.27891
v 4.345 -0.2 1321.58
vn 0.00912422 -0.992735 0.119975
v 4.545 -0.339062 1322
vn 0.360058 -0.921747 -0.144014
v 4.545 -0.239062 1322.2
vn -0.752743 -0.136895 -0.643924
v 4.81643 -0.4 1322.2
vn -0.705444 -0.241188 -0.666466
v 5.02385 -0.6 1322
vn -0.713779 -0.220248 -0.664838
v 5.145 -0.389062 1321.8
vn -0.0150903 -0.890552 -0.454632
v 3.745 -1.2 1324.19
vn -0.512648 -0.715031 -0.475313
v 3.745 -0.8 1323.12
vn 0.342385 -0.929696 -0.135787
v 3.745 -0.479687 1323
vn -0.725155 0.377894 -0.575627
v 3.945 -0.8 1322.87
vn 0.360058 -0.921747 -0.144014
v 3.945 -0.598437 1323
vn 0.153487 -0.985903 -0.0666135
v 4.145 -0.785937 1323
vn 0.0862268 -0.958006 -0.273477
v 4.345 -0.920312 1323.6
vn 0.121123 -0.990398 -0.0666409
v 4.345 -0.760937 1323.2
vn 0.116882 -0.978782 -0.168297
v 4.345 -1.01094 1324.8
vn -0.204256 0.975472 -0.0820639
v 4.945 -0.020312 1335
vn 0.471092 0.823936 0.314965
v 3.745 -0.157812 1336.4
vn 0.52255 0.767154 0.372042
v 3.945 0 1335.68
vn -0.22164 0.973501 -0.0563182
v 4.145 -0.004687 1336.4
vn 0.215869 0.94968 0.226954
v 4.145 -0.042187 1336.8
vn 0.39376 0.86483 0.311484
v 4.345 -0.154687 1335.6
vn 0.0218895 0.999525 0.0216974
v 4.545 -0.001562 1336
vn 0.292865 0.856067 0.425887
v 3.745 -0.2 1337.53
vn 0.0937314 0.969537 0.226301
v 3.945 -0.954687 1339
vn -0.388095 0.879288 -0.276106
v 4.745 -0.889062 1339.2
vn -0.708587 -0.427887 -0.561086
v 3.77469 0.8 1295
vn -0.635448 -0.561975 -0.529519
v 3.745 1.32344 1294.6
vn 0.0837202 -0.994133 0.0684808
v 4.545 0.510938 1296.4
vn -0.0407125 -0.995236 -0.0885851
v 5.145 0.739063 1296.8
vn -0.399106 -0.823825 -0.402525
v 5.145 0.669492 1297
vn 0.184529 -0.982756 -0.0118436
v 3.745 0.485938 1298
vn 0.281743 -0.952261 0.117556
v 4.29955 0.6 1297.4
vn 0.205054 -0.978743 -0.0039695
v 4.345 0.626563 1297.6
vn -0.034435 -0.986517 -0.159995
v 4.945 0.6 1300.15
vn 0.228898 -0.973441 0.00431134
v 3.945 0.551563 1301.8
vn 0.578257 -0.676997 0.455295
v 5.145 0.794736 1300.6
vn 0.185542 -0.982633 0.00248628
v 4.145 0.789063 1302.8
vn -0.127136 -0.980546 -0.149556
v 3.945 0.751563 1309.8
vn 0.0385236 -0.997993 -0.0502565
v 3.945 1.04219 1308.6
vn 0.54585 -0.683485 0.484661
v 4.23719 1 1309.8
vn -0.60512 -0.620244 -0.499126
v 3.87887 0.8 1311
vn 0.0376952 -0.995069 0.0917395
v 3.945 0.870313 1311.2
vn 0.16567 -0.982788 0.0817416
v 4.545 1.06852 1310
vn 0.189159 -0.969941 0.153077
v 4.945 0.8 1312.77
vn 0.248525 -0.961496 0.117302
v 4.945 0.842188 1313
vn 0.362198 -0.893103 0.266795
v 5.145 0.879688 1312.8
vn 0.421034 -0.882297 0.210432
v 5.145 0.948438 1313
vn -0.164805 -0.975904 -0.143006
v 3.745 0.79516 1314.6
vn 0.280575 -0.959364 0.0299875
v 4.945 0.848438 1313.2
vn -0.372678 -0.846027 -0.381246
v 5.145 0.492188 1313.8
vn 0.185201 -0.962487 0.19829
v 4.745 0.557813 1315.2
vn -0.0249759 -0.996274 -0.0825517
v 4.745 0.557145 1315.6
vn 0.197048 -0.972072 0.127468
v 5.145 0.670313 1315
vn -0.385488 -0.862228 -0.328575
v 3.96919 0.6 1318.2
vn 0.368272 0.915532 0.161793
v 4.545 1.88906 1327.2
vn 0.454939 0.860954 0.22757
v 4.745 1.86094 1327
vn 0.0668175 0.997396 0.0271464
v 4.345 1.92656 1328.2
vn -0.110029 0.991401 -0.0708294
v 4.545 1.87656 1327.8
vn -0.0882067 0.995901 0.0200303
v 4.545 1.95156 1328.4
vn 0.0916791 0.973801 0.208102
v 4.145 1.82344 1329.6
vn 0.154049 0.956309 0.248479
v 4.945 1.54531 1329.4
vn 0.149772 0.962043 0.228126
v 4.545 1.43906 1331
vn -0.7861 -0.191168 -0.587794
v 5.05594 2.4 1291.8
vn -0.753325 0.387679 -0.531231
v 3.83406 3.2 1293.8
vn -0.795974 0.184314 -0.576588
v 3.945 2.6 1293.25
vn -0.66386 0.568341 -0.486084
v 4.745 3.40527 1292.6
vn 0.342796 0.910088 0.232876
v 4.145 3.03594 1318.8
vn -0.112249 0.99368 0.000421105
v 4.945 3.12656 1318.2
vn -0.655704 0.628273 -0.418718
v 3.84656 3.4 1320.2
vn -0.0980619 0.98309 0.154657
v 4.07938 3.2 1321.2
vn 0.132311 0.973184 0.188168
v 3.945 2.76406 1323.2
vn -0.170611 0.984932 -0.0283058
v 4.345 2.80781 1323.8
vn 0.131173 0.97777 0.16358
v 4.745 2 1325.9
vn 0.184242 0.94825 0.258606
v 5.09813 2 1325.8
vn 0.50869 0.82532 0.245115
v 4.545 2.07656 1326.8
vn 0.387086 0.913028 0.128624
v 4.745 2 1326.56
vn -0.312794 0.949367 0.0293813
v 5.145 2.09219 1327
vn -0.46155 0.882746 -0.0879253
v 5.30906 2.2 1326.2
vn 0.203077 0.968689 0.142833
v 4.15409 2 1327.6
vn -0.445704 0.857074 -0.258404
v 4.345 3.73281 1293.8
vn -0.412655 0.889224 -0.197475
v 3.745 3.82064 1295.8
vn -0.213736 0.971203 -0.105273
v 3.945 3.96094 1296
vn 0.175036 0.963503 0.202544
v 3.945 3.72344 1297.4
vn -0.30077 0.940614 -0.157424
v 4.145 4.54844 1298.4
vn -0.441853 0.849339 -0.288773
v 4.945 4.11639 1298.6
vn 0.788182 0.00936443 0.615371
v 4.145 4.2 1298.98
vn -0.345915 0.921391 -0.17715
v 4.145 4.44219 1301
vn -0.411054 0.891163 -0.191996
v 4.145 4.71833 1301.8
vn 0.409625 0.862691 0.296599
v 4.745 4.57656 1301.8
vn 0.0192033 0.998434 0.0525438
v 4.745 4.81719 1301.2
vn 0.392737 0.885862 0.246994
v 5.145 4.77344 1300.8
vn 0.252788 0.936627 0.242544
v 3.945 4.66094 1302.6
vn 0.07753 0.99402 0.0768987
v 4.345 4.43281 1303
vn -0.160743 0.986695 -0.0243756
v 5.145 4.74531 1304.6
vn -0.348575 0.935978 -0.0493957
v 3.99031 4.2 1309.8
vn 0.3337 0.864031 0.376955
v 4.70611 4.2 1309.6
vn -0.599019 0.718057 -0.354359
v 4.745 4.4 1309.96
vn -0.469457 0.825893 -0.312266
v 5.145 4.27969 1309.2
vn -0.377001 0.720239 0.582345
v 3.945 4.26094 1311.2
vn -0.288663 0.957193 0.0213563
v 4.145 4.24219 1310
vn -0.537456 0.804623 -0.252432
v 4.545 4.18281 1310
vn -0.360681 0.902036 -0.237149
v 4.745 4.40781 1311.4
vn -0.475235 0.825254 -0.305134
v 4.145 4.04219 1311.6
vn 0.534638 0.744989 0.398941
v 5.17516 4.2 1312.2
vn 0.371147 0.857115 0.357217
v 3.745 4.27031 1314
vn -0.458835 0.850784 -0.256198
v 4.945 4.10156 1314.6
vn -0.464878 0.838858 -0.283206
v 4.1125 4 1315.6
vn -0.391192 0.89458 -0.216092
v 4.345 3.89844 1315
vn 0.365099 0.86051 0.355283
v 4.745 3.79844 1315.6
vn -0.347711 0.88702 -0.303798
v 3.945 3.6 1317.32
vn 0.371186 0.877396 0.303969
v 4.745 3.71406 1316.8
vn -0.0915242 0.957501 0.273523
v 4.545 3.70156 1319.6
vn 0.509588 -0.839837 -0.187067
v 5.345 -12.4984 1370.8
vn -0.158076 -0.562848 -0.811304
v 5.545 -12.8 1370.94
vn 0.161831 -0.632345 -0.757595
v 5.745 -12.8 1370.9
vn 0.0206394 -0.399387 -0.91655
v 5.745 -12.6 1370.83
vn 0.136107 -0.62648 -0.767462
v 5.945 -12.6 1370.86
vn 0.469779 -0.839554 -0.272866
v 6.39031 -12.6 1371.2
vn 0.808089 -0.577524 0.116009
v 5.52469 -13.2 1375
vn 0.578416 -0.813315 -0.0628743
v 5.745 -13.0587 1374.4
vn 0.318443 -0.907388 -0.2743
v 5.745 -12.9547 1374
vn 0.656324 -0.571766 0.492263
v 5.345 -11.8172 1368.4
vn 0.126685 -0.990075 0.060848
v 6.145 -11.6391 1368.4
vn -0.0443588 -0.942668 -0.330772
v 6.145 -11.6328 1369
vn 0.114981 -0.987633 0.106585
v 6.345 -11.6578 1368
vn -0.261447 -0.852843 -0.452
v 6.545 -11.8 1369
vn 0.302891 -0.92534 -0.228042
v 5.345 -11.8609 1369.4
vn -0.0239748 -0.82542 -0.56401
v 5.345 -11.9516 1369.6
vn 0.204602 -0.91582 -0.345561
v 5.745 -12.4 1370.72
vn -0.0912305 -0.765583 -0.636836
v 5.81423 -12.2 1369.8
vn 0.383432 -0.91894 -0.0923564
v 5.945 -12.1578 1370.2
vn -0.194497 -0.788508 -0.583461
v 6.345 -12 1369.36
vn 0.217033 -0.965954 0.140815
v 6.745 -11.9797 1369.4
vn 0.336402 -0.89684 0.28725
v 6.745 -11.8516 1369.8
vn -0.136282 -0.611589 -0.77935
v 6.745 -11.9359 1370.2
vn 0.441661 -0.893849 -0.0772589
v 6.545 -12.3859 1372.8
vn 0.870814 -0.0489762 0.489167
v 5.82781 -12.4 1374.8
vn -0.0408597 -0.897294 -0.439539
v 5.345 -9.33281 1361
vn -0.403226 -0.720129 -0.564644
v 6.145 -9.72656 1361
vn -0.497172 -0.523049 -0.692272
v 6.145 -9.4 1360.76
vn -0.495025 -0.608444 -0.620279
v 6.545 -9.6 1360.55
vn -0.166901 -0.923985 -0.344088
v 5.345 -9.84844 1362.2
vn -0.199196 -0.92934 -0.310883
v 5.54024 -9.8 1361.6
vn -0.325157 -0.716258 -0.617453
v 5.545 -9.54531 1361.2
vn -0.295096 -0.762522 -0.575742
v 6.545 -10.1978 1361.8
vn -0.416964 -0.748289 -0.51595
v 6.145 -7.87778 1346.6
vn -0.178053 -0.968657 -0.173209
v 6.545 -7.84844 1346.4
vn -0.0563509 -0.991955 -0.11336
v 6.545 -7.86719 1346.6
vn 0.356606 -0.933576 0.0355944
v 5.79031 -8 1348
vn 0.194094 -0.941333 -0.276079
v 6.145 -7.76094 1348
vn 0.260425 -0.958579 -0.115345
v 6.345 -7.60556 1347.6
vn -0.165908 -0.837045 -0.521374
v 6.345 -7.8 1348.05
vn -0.304943 -0.786095 -0.537648
v 6.545 -7.83443 1348
vn -0.214423 -0.875764 -0.432504
v 6.545 -7.61552 1347.8
vn -0.149459 -0.930431 -0.334605
v 6.77834 -7.8 1347.8
vn -0.00334294 -0.951076 -0.308938
v 5.345 -8.2 1349.25
vn 0.532066 -0.835914 0.134735
v 5.345 -8 1348.82
vn 0.438948 -0.892285 0.105598
v 5.945 -7.87656 1348.4
vn -0.14924 -0.917842 -0.367822
v 6.145 -7.98594 1348.6
vn 0.325171 -0.9213 0.213236
v 6.145 -7.81094 1349.2
vn 0.373878 -0.879965 0.293047
v 5.545 -7.77969 1350.6
vn -0.290734 -0.825439 -0.483863
v 5.745 -8.05469 1351.2
vn 0.338814 -0.93701 0.0849606
v 5.745 -7.66719 1350.8
vn 0.118417 -0.975071 0.187654
v 5.945 -8.14844 1351.4
vn -0.202571 -0.948864 -0.24212
v 6.345 -8.02969 1350.6
vn 0.253454 -0.923653 0.287449
v 6.46452 -8 1351.2
vn 0.242289 -0.930085 0.276114
v 5.945 -7.88281 1351.8
vn 0.092474 -0.981914 0.16521
v 6.145 -7.61719 1352.8
vn -0.0342487 -0.998033 0.0525165
v 5.745 -7.62656 1353.2
vn 0.0729801 -0.997224 -0.0147959
v 6.745 -8.12439 1355
vn -0.133336 -0.900618 -0.413654
v 5.545 -8.72656 1359
vn -0.152981 -0.902719 -0.402114
v 6.345 -9.13906 1359.2
vn 0.09459 -0.994766 0.0386467
v 6.797 -9.2 1359.4
vn 0.0863007 -0.992223 -0.0897008
v 5.745 -9.16719 1360.6
vn -0.29647 -0.792261 -0.533317
v 6.145 -9.19219 1360.6
vn 0.463473 0.794142 0.393105
v 6.145 -8 1365.89
vn 0.649832 0.538735 0.536175
v 5.745 -8.44844 1366.8
vn -0.502103 0.788306 -0.355622
v 5.345 -8.40781 1368.6
vn -0.585114 0.749451 -0.309782
v 5.49031 -8.4 1368.4
vn -0.339213 0.920992 -0.191594
v 5.345 -8.31094 1368.8
vn -0.350638 0.931022 -0.101248
v 5.545 -8.33281 1368.6
vn -0.519673 0.79979 -0.300461
v 5.74692 -8.4 1368
vn 0.0717717 0.982662 0.170951
v 5.745 -8.32031 1368.8
vn -0.579505 0.802047 -0.14455
v 5.745 -8.17969 1368.4
vn -0.099288 0.994823 -0.0216493
v 5.945 -8.23906 1368
vn 0.0701137 0.983786 0.165074
v 5.945 -8.23594 1368.4
vn -0.00620701 0.999129 0.0412596
v 6.145 -8.22969 1368.2
vn -0.183695 0.982901 -0.0127565
v 6.545 -8.15781 1368.2
vn -0.450397 0.883597 -0.128058
v 5.545 -8.15781 1370.2
vn -0.284163 0.955275 -0.081861
v 5.945 -8.00156 1370.2
vn 0.176866 0.968028 0.177875
v 6.545 -8.6 1370.83
vn -0.137715 0.982044 0.128936
v 5.345 -8.83906 1372.8
vn -0.122301 -0.986731 -0.106791
v 6.875 -6.2 1339.4
vn -0.244406 -0.928501 -0.279556
v 6.745 -6.94219 1342
vn -0.138539 -0.975616 -0.170238
v 6.145 -7.54844 1344.4
vn -0.252176 -0.934626 -0.250763
v 6.345 -7.45156 1343.8
vn 0.277272 -0.947104 0.161601
v 5.345 -7.14844 1346.2
vn 0.632235 -0.620912 0.463408
v 5.545 -7.42453 1345.4
vn 0.472915 -0.82269 0.315488
v 5.745 -7.24531 1345.4
vn 0.367449 -0.905512 0.2122
v 5.745 -7.2 1345.59
vn 0.5233 -0.767387 0.370506
v 5.945 -7.17031 1345.2
vn -0.529369 -0.683382 -0.50275
v 6.19178 -7.6 1346.2
vn -0.476568 -0.788441 -0.3889
v 6.38719 -7.4 1345.8
vn 0.0811191 -0.9505 0.299949
v 5.745 -7.50469 1353.6
vn 0.0237899 -0.997086 -0.072485
v 6.1075 -7.4 1353.8
vn 0.239395 0.906032 0.348993
v 6.145 -6.6 1359.37
vn -0.265473 0.962476 0.0562509
v 6.74167 -6.6 1359.4
vn 0.476403 0.698651 0.533786
v 5.345 -7.10156 1360.8
vn 0.174924 0.94878 0.263092
v 5.545 -6.42969 1359.6
vn 0.473443 0.719676 0.507856
v 5.545 -6.58594 1360
vn -0.563009 0.738305 -0.371385
v 6.345 -7.6 1363.94
vn -0.669003 -0.599352 -0.439558
v 6.345 -4.8 1335.51
vn -0.422946 -0.851745 -0.309268
v 5.545 -5.00469 1337
vn -0.389396 -0.903012 -0.181493
v 5.945 -5.43281 1338.6
vn -0.337322 -0.902322 -0.268383
v 5.345 -5.26719 1339.2
vn -0.0381832 0.994122 0.10131
v 5.545 -4.6 1352.82
vn 0.0836958 0.972063 0.21929
v 6.545 -4.86406 1354.2
vn 0.0893054 0.947593 0.306743
v 5.545 -5.6 1357.43
vn 0.213614 0.9008 0.378059
v 5.745 -5.62969 1357.4
vn -0.386934 -0.879112 -0.278288
v 5.545 -3.97656 1334.4
vn -0.519519 -0.77609 -0.35747
v 6.745 -4.29219 1334.2
vn 0.177643 0.956545 0.231223
v 5.557 -3.4 1346.2
vn 0.0541041 0.99201 0.113969
v 6.145 -3.50469 1346.4
vn -0.121304 -0.962082 -0.244302
v 5.345 -1.47969 1326
vn -0.147691 -0.968047 -0.202666
v 5.745 -1.49531 1326.6
vn -0.389956 -0.835671 -0.386768
v 5.945 -1.8 1327.19
vn -0.306573 -0.914258 -0.26485
v 6.293 -2.2 1327.8
vn 0.0817819 0.996648 -0.0018826
v 6.145 -1.46406 1339.2
vn 0.0456548 0.992061 0.117177
v 5.545 -1.43281 1340.4
vn -0.0501335 0.985882 0.15976
v 5.545 -1.57031 1341
vn 0.104713 0.984699 0.139296
v 5.945 -1.44219 1340.8
vn 0.598815 0.701073 0.387192
v 6.745 -1.82895 1340.6
vn 0.11063 0.987064 0.11604
v 5.545 -2.24219 1343.2
vn 0.475066 0.771244 0.423669
v 5.545 -1.67895 1342
vn 0.181511 0.969158 0.166693
v 5.345 -2.25781 1343.6
vn 0.577196 -0.69316 0.431711
v 5.945 0.260938 1293.4
vn -0.107522 -0.994189 -0.00520567
v 5.545 0.204688 1319.2
vn 0.017324 -0.99855 0.0509732
v 6.145 0.157813 1318
vn 0.351443 -0.894853 0.275183
v 5.945 -0.501562 1322
vn -0.54606 -0.500359 -0.671908
v 6.545 -0.826562 1322
vn -0.244163 -0.966295 -0.0815956
v 6.745 -0.835937 1322.4
vn -0.334023 -0.936241 -0.109004
v 6.82962 -0.6 1321.6
vn -0.159707 -0.978723 -0.128825
v 5.545 -1.06094 1324.6
vn -0.149275 -0.906199 -0.395627
v 5.545 -1.2 1325.48
vn 0.0974286 -0.978089 0.183981
v 6.145 -1.11094 1324.8
vn -0.51637 -0.475026 -0.712539
v 6.345 -1.05156 1324.8
vn 0.329648 0.918307 0.219191
v 6.545 0.120313 1332.2
vn 0.418378 0.876394 0.238525
v 6.745 -0.2 1333.42
vn 0.169745 0.978207 0.119574
v 5.545 0 1334.52
vn 0.299021 0.932207 0.203905
v 5.745 -1.00469 1337.2
vn -0.572564 -0.712339 -0.405885
v 5.745 1.98594 1291.4
vn -0.665208 -0.586032 -0.462672
v 6.03694 1.8 1291.4
vn -0.0224855 -0.999416 0.0257332
v 6.745 0.579688 1294.2
vn -0.25587 -0.955818 -0.144716
v 6.07357 0.6 1296
vn 0.00676113 -0.997627 0.0685201
v 6.145 0.6 1295.61
vn 0.487875 -0.810023 0.325332
v 6.545 0.8 1297.86
vn 0.541794 -0.786012 0.297731
v 6.745 1.06719 1298.2
vn 0.0299061 -0.999366 -0.0193289
v 5.745 0.949125 1300.2
vn 0.0426547 -0.999084 -0.00348106
v 5.945 0.645313 1299.4
vn 0.462994 -0.83855 0.287177
v 6.145 0.876563 1298.8
vn 0.0563032 -0.997189 -0.0494311
v 6.345 1.00469 1299.6
vn 0.0555637 -0.998201 -0.0225283
v 6.47192 1 1299.8
vn 0.518365 -0.744708 0.420366
v 5.345 0.954236 1300.6
vn -0.0181907 -0.997562 0.0673706
v 5.545 0.942188 1300.6
vn 0.629488 -0.463176 0.623869
v 6.88042 1.4 1302.4
vn -0.0685107 -0.988157 -0.1373
v 5.945 1.10156 1304.4
vn 0.0191457 -0.999605 -0.0205523
v 5.745 1.06406 1306.8
vn -0.091612 -0.990537 -0.102192
v 6.345 1.16316 1307.8
vn 0.567623 -0.667581 0.481808
v 5.545 1.10156 1308.4
vn -0.139344 -0.978578 -0.151554
v 5.745 0.857813 1309.2
vn 0.124251 -0.985752 0.113379
v 6.345 0.845313 1311.4
vn -0.475435 -0.813393 -0.335192
v 5.945 0.8 1312.21
vn -0.181348 -0.974824 -0.129734
v 6.79237 0.4 1312
vn 0.189614 -0.956997 0.219551
v 5.545 0.559015 1314.4
vn -0.0817871 -0.992877 -0.0866349
v 5.745 0.620313 1315.8
vn 0.351117 0.89574 0.272703
v 5.345 0.745313 1331.8
vn 0.297908 0.917243 0.264415
v 5.545 1.17969 1330.8
vn 0.423867 0.857351 0.292037
v 5.37156 0.6 1332.8
vn -0.809445 0.00832561 -0.587136
v 6.25281 2.8 1290.2
vn 0.161559 0.978377 0.129139
v 6.9325 3.4 1315.8
vn -0.659745 0.596932 -0.456518
v 5.345 3.51667 1318.2
vn -0.0711278 0.996817 -0.0359962
v 6.745 2.91406 1322
vn 0.258671 0.90558 0.336175
v 6.13563 2.8 1323.2
vn 0.444134 0.852819 0.274671
v 6.145 2.16094 1324.4
vn 0.248945 0.941079 0.228904
v 5.345 2 1327.48
vn -0.284637 0.958365 0.0227826
v 5.545 2.29844 1326.2
vn -0.108155 0.985108 -0.133658
v 6.545 3.94844 1292
vn 0.113541 0.993147 0.0277029
v 6.78598 4 1293.8
vn 0.092657 0.989889 0.107395
v 5.945 4.03281 1294.2
vn 0.360502 0.907862 0.21407
v 6.145 4.22787 1296.8
vn 0.120647 0.988875 -0.0870077
v 6.745 4.15781 1297.2
vn 0.300558 0.929436 0.214043
v 6.145 4.47969 1300
vn -0.37151 0.898284 -0.234663
v 6.145 4.71719 1299
vn 0.231615 0.963214 0.136282
v 6.345 4.66094 1299
vn -0.228773 0.967411 -0.108533
v 5.545 4.77344 1302.6
vn 0.0379719 0.99862 0.0362684
v 5.745 4.79219 1302.6
vn 0.234609 0.937411 0.257332
v 6.145 4.57656 1305.4
vn -0.209389 0.977216 -0.0347096
v 6.345 4.52031 1305.6
vn -0.403704 0.903445 -0.144256
v 5.545 4.74219 1308
vn 0.314661 0.872527 0.373746
v 6.145 4.52969 1307.8
vn 0.336032 0.82569 0.453122
v 6.145 4.42969 1308
vn -0.404114 0.862113 -0.305702
v 6.545 4.61719 1308
vn 0.0690919 0.997049 -0.0334519
v 6.745 4.55469 1307.6
vn 0.137233 0.961835 0.236729
v 5.745 4.28281 1309.4
vn -0.269335 0.950596 -0.154359
v 5.745 4.25781 1309.8
vn -0.118868 0.992208 -0.0373432
v 5.545 4.49219 1311
vn 0.222303 0.950841 0.2156
v 5.545 3.72969 1315
vn 0.0510757 0.998605 0.0133836
v 5.745 3.72344 1315.2
vn 0.00719614 -0.990135 -0.139934
v 7.745 -11.5641 1365.8
vn -0.421214 -0.794669 -0.437127
v 7.945 -11.7578 1367.2
vn -0.431028 -0.774407 -0.463152
v 8.145 -11.6 1366.72
vn 0.147522 -0.978435 0.144577
v 8.145 -11.3641 1366.2
vn -0.423745 -0.812494 -0.400366
v 7.545 -11.8703 1368.4
vn -0.29235 -0.91894 -0.264726
v 7.545 -11.9734 1368.8
vn -0.0238148 -0.995362 0.0932018
v 7.545 -11.6047 1368
vn 0.0888804 -0.989569 0.113371
v 7.945 -11.9266 1369
vn -0.485403 -0.774998 -0.404675
v 8.145 -12.0672 1368
vn 0.0802651 -0.967122 0.241314
v 8.24083 -12 1368.6
vn -0.421741 -0.837177 -0.348237
v 8.145 -11.7672 1367.6
vn -0.160061 -0.892505 -0.421681
v 6.945 -11.9672 1369.2
vn 0.244063 -0.915227 -0.320613
v 7.145 -12.0484 1370.2
vn 0.163608 -0.954898 0.247797
v 7.145 -11.8766 1369.4
vn -0.0258974 -0.999172 -0.0313903
v 7.145 -11.8266 1369.6
vn 0.0264311 -0.996417 -0.0803448
v 7.545 -11.9078 1369.6
vn 0.405984 -0.892233 0.19773
v 8.145 -11.6859 1370.6
vn 0.800124 -0.369641 0.472406
v 7.32781 -11.4 1372.4
vn -0.263251 -0.960621 -0.0889221
v 8.345 -9.45781 1358.8
vn -0.185359 -0.944974 -0.269567
v 7.745 -9.56094 1359.6
vn -0.175042 -0.906233 -0.384841
v 6.945 -9.77344 1361.2
vn -0.674614 -0.145101 -0.723769
v 8.345 -10.2 1361.5
vn -0.0767154 -0.955245 -0.285694
v 7.145 -10.6672 1362.8
vn -0.0864886 -0.968773 -0.232377
v 8.345 -10.7516 1363
vn -0.34627 -0.924763 -0.157833
v 6.945 -7.85156 1345.4
vn 0.605021 -0.647951 0.462719
v 6.945 -7.8 1346.72
vn -0.0986319 -0.993237 -0.061255
v 7.345 -7.89531 1346
vn -0.171951 -0.900161 0.400178
v 7.345 -7.61148 1346.4
vn 0.17019 -0.979055 0.11174
v 6.945 -7.71094 1348
vn -0.245861 -0.921092 -0.301898
v 7.145 -7.65469 1347.2
vn 0.392546 -0.840373 0.37374
v 6.945 -7.66406 1349.4
vn -0.180534 -0.978987 -0.0948306
v 7.145 -7.72031 1349.6
vn -0.0466244 -0.998864 -0.00980252
v 7.945 -7.84531 1348.8
vn 0.265835 -0.956007 0.124027
v 6.945 -8.03594 1350.8
vn -0.000137945 -0.981111 -0.193447
v 7.145 -7.94531 1350
vn 0.355714 -0.867786 0.34701
v 7.145 -7.87344 1351
vn 0.119595 -0.990905 -0.0616713
v 7.345 -7.80469 1350.8
vn -0.0810283 -0.99653 0.0190284
v 7.345 -7.87344 1351
vn -0.0678387 -0.996689 -0.0448181
v 6.945 -7.68281 1352.4
vn 0.00661076 -0.999934 -0.0093834
v 7.545 -7.64844 1351.8
vn -0.0516006 -0.997562 0.0469734
v 7.745 -7.78594 1352.4
vn -0.0617824 -0.987733 -0.143413
v 7.95929 -7.8 1352.2
vn -0.143381 -0.937364 -0.317475
v 8.4675 -8 1354
vn 0.257617 -0.963191 0.0767907
v 7.145 -7.77031 1356.2
vn -0.0907826 -0.948308 0.304089
v 7.345 -7.99219 1355.8
vn -0.354413 -0.849956 -0.389829
v 7.745 -7.93281 1356
vn -0.212788 -0.883954 -0.41635
v 7.145 -8.31094 1357.2
vn -0.205681 -0.860617 -0.465868
v 7.145 -7.87885 1356.4
vn -0.211542 -0.917234 -0.337539
v 7.945 -8.81406 1357.4
vn -0.00457109 -0.970406 -0.241436
v 7.945 -8.89844 1357.8
vn 0.37283 -0.867675 -0.328844
v 8.345 -8.72656 1357.8
vn -0.0863428 -0.911147 -0.402935
v 7.745 -9.13906 1358.4
vn -0.124574 -0.888577 -0.441489
v 7.745 -8.97031 1358.2
vn 0.0960422 -0.994639 0.0383259
v 7.945 -9.15156 1358.6
vn -0.14398 -0.801117 -0.580932
v 8.145 -9.12031 1358.4
vn 0.198299 -0.946525 -0.254496
v 8.145 -8.96406 1358.2
vn 0.251642 -0.929069 0.271122
v 6.945 -9.10156 1359.6
vn -0.439621 -0.762122 -0.475292
v 6.945 -9.17344 1360
vn 0.226222 0.927187 0.298577
v 7.545 -8 1364.09
vn -0.11024 0.993367 -0.032711
v 6.945 -8.13594 1367.2
vn 0.509245 0.808587 0.294716
v 7.945 -8.4 1367.79
vn 0.104547 0.98561 0.132825
v 7.145 -8.6 1370.83
vn -0.536323 -0.798535 -0.273314
v 8.145 -6.24844 1337.8
vn 0.0868529 -0.994259 -0.0624914
v 6.945 -6.26406 1340
vn 0.163808 -0.972773 0.163947
v 7.345 -6.19844 1339
vn 0.136022 -0.988505 0.0660049
v 7.345 -6.15781 1339.2
vn -0.733797 -0.585162 -0.345149
v 7.345 -6.14844 1339.6
vn -0.66367 -0.667417 -0.337783
v 7.82781 -6.4 1339
vn -0.256452 -0.93374 -0.249723
v 7.145 -6.8 1340.72
vn -0.333117 -0.914788 -0.228466
v 7.745 -6.92031 1341
vn -0.16016 -0.964678 -0.209151
v 7.745 -7.46719 1342.8
vn 0.284021 -0.897466 0.337471
v 7.545 -7.22969 1343.6
vn -0.545495 -0.775327 -0.318281
v 7.545 -7.26719 1344
vn -0.76843 -0.409724 -0.491571
v 7.76844 -7.6 1344
vn -0.0796316 -0.98371 -0.161161
v 6.945 -7.6 1347.06
vn -0.209754 -0.954901 0.210158
v 7.345 -7.52344 1346.8
vn 0.14465 -0.747247 0.648613
v 7.69685 -7.4 1352.8
vn -0.177995 -0.871846 -0.456293
v 8.17313 -7.4 1352.8
vn -0.075243 0.982291 0.171591
v 7.545 -6.29531 1358.8
vn 0.336583 0.829064 0.446502
v 7.145 -7.02344 1360.6
vn 0.0861568 0.966294 0.242597
v 8.345 -7.06719 1359.8
vn -0.41788 -0.874203 -0.247274
v 7.545 -5.18906 1334.2
vn -0.263994 -0.955415 -0.132249
v 7.945 -5.43281 1334.8
vn -0.196428 -0.977264 -0.0798226
v 7.545 -5.42344 1335.8
vn 0.118655 0.969226 0.215688
v 8.045 -5 1353.8
vn -0.381101 -0.881975 -0.277277
v 7.545 -4.11094 1332.4
vn 0.139023 0.9853 0.0992819
v 7.145 -3.48594 1345
vn 0.38133 0.881638 0.278031
v 7.145 -3.3127 1344
vn 0.23529 0.961013 0.145235
v 7.545 -3.50469 1345.4
vn 0.219365 0.969495 0.109357
v 7.345 -3.89531 1347.4
vn 0.139992 0.982371 0.123895
v 7.545 -3.96406 1349.8
vn 0.19436 0.962226 0.190643
v 7.745 -4 1349.82
vn 0.13312 0.972174 0.192763
v 7.945 -4.26406 1350.6
vn -0.136423 -0.976812 0.165005
v 6.945 -1.35781 1324
vn 0.184937 -0.853713 0.486798
v 6.945 -1.22969 1324.2
vn 0.213549 -0.821512 0.528691
v 7.145 -1.33906 1324
vn 0.162617 -0.852711 0.496428
v 7.145 -1.20469 1324.2
vn -0.327882 -0.913536 -0.240719
v 7.745 -1.53906 1323.4
vn 0.254976 -0.78487 0.564771
v 7.745 -1.4 1323.56
vn -0.501728 -0.713668 -0.488823
v 7.76953 -1.4 1324
vn 0.292 -0.797491 0.527962
v 7.945 -1.45738 1323.4
vn 0.225394 -0.816015 0.532275
v 7.945 -1.33281 1323.6
vn 0.0835063 -0.925022 0.370622
v 8.345 -1.59219 1323
vn -0.39256 -0.900171 -0.188651
v 7.145 -1.51719 1325.2
vn -0.522904 -0.788486 -0.323824
v 7.345 -2.00794 1325.8
vn -0.559552 -0.714156 -0.420574
v 7.38618 -1.6 1324.6
vn -0.228277 -0.959957 -0.162392
v 7.745 -2.12344 1325.8
vn -0.661505 -0.61772 -0.425244
v 7.945 -2.01719 1324.4
vn -0.548175 -0.72548 -0.416152
v 6.945 -1.70469 1326
vn -0.494342 -0.80533 -0.327215
v 7.545 -2.6 1327.31
vn 0.360488 0.91201 0.19567
v 8.345 -2.38281 1339.4
vn 0.197444 0.973575 0.114751
v 7.145 -2.26406 1340.6
vn 0.380962 0.895486 0.230157
v 7.345 -2.4 1341.24
vn -0.226609 -0.960165 -0.163498
v 7.945 0.354688 1294.2
vn -0.648424 -0.342375 -0.679946
v 7.145 -0.645312 1320
vn -0.288799 -0.947915 -0.134357
v 7.745 -0.848437 1320.2
vn -0.432436 -0.850054 -0.300678
v 8.22879 -1 1320.2
vn -0.268933 -0.955335 -0.122517
v 8.345 -0.920312 1319.8
vn -0.0934482 -0.984643 -0.147466
v 6.945 -0.939062 1322.6
vn -0.115885 -0.992531 0.0381182
v 7.345 -0.835937 1322
vn -0.133932 -0.979945 -0.147548
v 7.345 -0.854998 1322.2
vn -0.0979027 -0.994406 -0.0396376
v 7.345 -0.926562 1322.6
vn -0.187272 -0.971747 -0.143652
v 7.345 -0.907812 1322.8
vn 0.538023 0.7593 0.366053
v 7.745 0.101667 1330.6
vn -0.697805 -0.566151 -0.438795
v 7.145 1.67656 1289.6
vn -0.698877 -0.525063 -0.485675
v 7.945 0.473999 1289.6
vn -0.127468 -0.99121 -0.0354172
v 6.945 0.517188 1294.4
vn 0.309637 -0.923742 0.225444
v 7.145 1.03594 1297.4
vn 0.0785281 -0.992983 0.0884237
v 7.345 1.07344 1301.6
vn -0.0767636 -0.99081 -0.111366
v 6.945 1.43594 1302.6
vn 0.0445361 -0.997594 0.0531318
v 7.945 1.11406 1305.4
vn -0.0590823 -0.997691 -0.0335074
v 7.745 0.523438 1312.8
vn -0.0659732 -0.994011 -0.0871195
v 7.945 0.560938 1312.6
vn -0.32664 -0.923273 -0.202174
v 8.345 0.517188 1312.2
vn -0.383401 -0.89012 -0.246355
v 7.145 0.439063 1314.4
vn -0.306655 -0.921355 -0.238887
v 7.745 0.429688 1313.2
vn -0.6749 0.500453 -0.54227
v 7.745 3 1288.33
vn -0.314226 0.903498 -0.291468
v 7.545 3.50156 1289.2
vn 0.248967 0.963136 0.101908
v 7.145 3.28906 1317.4
vn 0.238817 0.971038 -0.00711594
v 8.345 3 1316.67
vn 0.288704 0.947752 0.135707
v 8.345 3 1317.39
vn 0.236782 0.96523 0.110749
v 7.945 2.67656 1319.6
vn 0.570464 0.765675 0.297175
v 7.45281 2.6 1321.2
vn -0.020903 0.994291 -0.104638
v 7.745 3.66406 1291.2
vn -0.506424 0.773561 -0.38097
v 7.945 4 1291.96
vn -0.283356 0.927922 -0.24222
v 7.545 4.44531 1293.4
vn -0.0589504 0.99393 -0.0928873
v 7.945 4.48594 1298.4
vn 0.0586485 0.996728 0.0556192
v 7.945 4.69219 1303.8
vn -0.0490846 0.997395 0.0528567
v 7.545 4.34844 1309.8
vn 0.0177212 0.999842 -0.00125234
v 7.545 4.45781 1308.4
vn -0.0418365 -0.993488 0.105975
v 9.545 -11.5297 1365.2
vn -0.637919 -0.503754 -0.582487
v 9.745 -12.0547 1365.4
vn 0.0683562 -0.977087 0.201565
v 9.745 -11.6234 1364.4
vn -0.685899 -0.476533 -0.549963
v 9.745 -11.8 1365.23
vn 0.13701 -0.953914 0.266977
v 9.945 -12.0359 1365.4
vn -0.463078 -0.745536 -0.479307
v 8.745 -12.0891 1367.4
vn -0.393644 -0.839773 -0.373933
v 9.145 -12.2766 1367.4
vn 0.406786 -0.807866 0.426471
v 9.545 -12.2141 1367.2
vn -0.421862 -0.787835 -0.448718
v 9.745 -12.2828 1366.8
vn -0.27207 -0.890103 -0.365642
v 9.945 -12.1266 1366.4
vn 0.61649 -0.570973 0.542153
v 9.945 -12 1367
vn 0.651433 -0.498089 0.572313
v 9.945 -11.5422 1367.4
vn 0.194397 -0.980909 0.00524959
v 9.145 -11.6828 1368.2
vn 0.225003 -0.968283 0.108634
v 8.745 -11.8359 1369.2
vn -0.150216 -0.978072 -0.144259
v 8.745 -9.58594 1359
vn -0.392751 -0.727657 -0.562372
v 9.145 -9.78281 1358.4
vn -0.109613 -0.991668 -0.0676702
v 9.345 -9.57344 1359.2
vn -0.287751 -0.916264 -0.278676
v 9.945 -9.87143 1359.2
vn -0.168102 -0.935166 -0.311778
v 9.145 -9.89531 1360.4
vn -0.14608 -0.955722 -0.255452
v 9.545 -9.95645 1360.4
vn -0.127337 -0.970128 -0.206488
v 9.745 -10.4141 1361
vn -0.446332 -0.734052 -0.511815
v 8.545 -10.5766 1361.6
vn -0.68387 -0.0928281 -0.723674
v 8.71334 -10.4 1361.2
vn -0.484762 -0.848271 -0.213172
v 9.745 -7.85156 1340.2
vn -0.236353 -0.968641 -0.0766246
v 8.945 -8.04219 1342.8
vn -0.599708 -0.734009 -0.318718
v 9.145 -7.94068 1342
vn -0.422684 -0.787107 -0.449223
v 8.91329 -8 1346.2
vn -0.281797 -0.958244 -0.0485723
v 9.145 -7.91406 1347.2
vn -0.346539 -0.937162 -0.0404742
v 9.545 -8.11964 1347.2
vn -0.00598801 -0.985266 0.170924
v 9.945 -8.13594 1347.8
vn -0.229143 -0.972972 -0.0286145
v 9.345 -8.24844 1349.6
vn -0.322748 -0.926244 -0.194693
v 9.345 -8.16094 1349.2
vn -0.371062 -0.911284 -0.178532
v 9.945 -8.37344 1348.8
vn -0.0383072 -0.978393 -0.203175
v 8.745 -7.70781 1351.8
vn 0.117997 -0.991786 -0.0493727
v 8.945 -7.78906 1352.2
vn 0.0320291 -0.99526 0.0918292
v 9.145 -7.70156 1351.6
vn -0.273883 -0.928743 0.249851
v 9.145 -7.63281 1353
vn 0.106177 -0.994155 -0.0195584
v 8.545 -8.04219 1354.2
vn 0.334571 -0.765155 0.55009
v 8.745 -8.06406 1354
vn 0.334571 -0.765155 0.55009
v 8.745 -7.92031 1354.2
vn 0.341579 -0.932098 0.120483
v 8.745 -7.91719 1354.6
vn -0.00654176 -0.980889 0.194458
v 8.945 -8.13906 1355
vn -0.35537 -0.83161 -0.426775
v 9.345 -8.6 1356.13
vn 0.123734 -0.981487 0.146194
v 9.145 -8.87143 1356.8
vn -0.245626 -0.930378 -0.272149
v 9.945 -8.82344 1356.6
vn 0.383389 0.881974 0.274107
v 9.945 -8.55781 1364.8
vn -0.509848 -0.805303 -0.302558
v 8.945 -6.03 1335.6
vn -0.456051 -0.859851 -0.229509
v 9.745 -6.94531 1336.8
vn -0.22264 -0.969779 -0.099801
v 8.745 -6.91406 1338.8
vn 0.0788624 -0.991622 0.102302
v 9.545 -7.6 1351.86
vn 0.326219 0.828433 0.45528
v 9.145 -6.2 1357.85
vn -0.329317 -0.928316 -0.172568
v 9.545 -5.67656 1333.4
vn -0.290365 -0.947123 -0.136549
v 8.545 -5.49844 1334.8
vn -0.186899 -0.980151 -0.0661294
v 8.745 -5.52969 1334.2
vn 0.23856 0.95517 0.175324
v 9.145 -4.64531 1351
vn 0.175644 0.975992 0.128797
v 9.745 -4.82969 1352.2
vn 0.137933 0.956546 0.256895
v 9.945 -5.62969 1355.2
vn -0.211576 -0.974849 -0.0700405
v 9.945 -3.72969 1326.8
vn -0.211886 -0.969447 -0.123597
v 9.945 -3.73906 1327.2
vn -0.450594 -0.86115 -0.235343
v 8.73707 -3.4 1327.8
vn -0.405699 -0.88356 -0.233944
v 8.745 -3.8 1329.52
vn -0.496085 -0.80582 -0.323347
v 8.76334 -4.2 1330.8
vn 0.503497 0.812941 0.292605
v 9.345 -3 1339.49
vn 0.452207 0.877967 0.15711
v 9.96219 -4 1341.8
vn 0.368635 0.914941 0.164292
v 8.745 -3.52344 1342.8
vn -0.171098 -0.946229 0.274547
v 8.945 -1.26094 1319
vn -0.28426 -0.952415 -0.110012
v 9.945 -1.43276 1320
vn -0.538406 -0.785737 -0.304526
v 9.145 -1.69219 1322.4
vn -0.633672 -0.663888 -0.397131
v 9.545 -2 1322.22
vn -0.656121 -0.595909 -0.46303
v 8.56881 -1.6 1323.2
vn 0.461155 -0.753432 0.468697
v 9.945 -2.25323 1323
vn -0.657791 -0.529158 -0.536006
v 9.94969 -2.4 1323.6
vn -0.100949 -0.988139 -0.115715
v 9.945 -2.10781 1323.2
vn -0.583162 -0.540126 -0.606783
v 9.945 -2.17031 1323.4
vn -0.111166 -0.992813 0.044323
v 8.745 -2.15781 1324.4
vn -0.335294 -0.91223 -0.235402
v 8.945 -2.16094 1324.6
vn 0.419895 0.879325 0.224668
v 9.145 -1.26719 1332
vn -0.251709 -0.957964 -0.137651
v 8.945 0.251563 1312.2
vn -0.374518 -0.8925 -0.251356
v 9.3075 0.2 1312
vn -0.435276 -0.837228 -0.331034
v 9.945 -0.364062 1312.2
vn 0.0169704 -0.999111 0.0385899
v 9.61615 -1.2 1317.8
vn 0.292999 -0.833979 0.467579
v 8.945 -1.08906 1319.2
vn -0.477683 -0.778079 -0.407936
v 8.945 -1.02031 1319.4
vn 0.10416 -0.971986 0.210697
v 9.545 -1.17031 1318.6
vn -0.1612 -0.982224 -0.0961802
v 8.60889 -1.2 1320
vn -0.118146 -0.987454 0.104768
v 8.745 -1.2 1320.53
vn 0.484227 0.822597 0.298091
v 9.145 0.239063 1328.4
vn -0.689887 -0.584845 -0.426629
v 8.64656 1 1288
vn 0.104476 -0.987591 0.117251
v 9.745 0.4 1293.5
vn -0.0436442 -0.998917 0.016144
v 8.945 1.07031 1295.4
vn -0.022899 -0.999646 0.0135834
v 9.945 1.15469 1301.2
vn -0.179123 -0.977041 -0.115352
v 9.945 0.914063 1304
vn 0.0751408 0.996828 -0.0262428
v 9.145 3.58594 1288.8
vn 0.279368 0.956647 0.0823405
v 8.945 2.84219 1315.8
vn -0.437676 0.821659 -0.365125
v 8.545 3.71406 1290.8
vn -0.574748 0.699494 -0.424703
v 8.545 4.054 1291.2
vn 0.217829 0.971346 0.0950626
v 9.745 3.89844 1293.2
vn -0.412425 0.802761 -0.430674
v 9.945 3.92344 1293.6
vn -0.405781 0.827106 -0.388892
v 8.745 4.22969 1295.4
vn 0.17194 0.983735 0.0519889
v 9.745 4.11406 1295.4
vn -0.370495 0.851467 -0.37113
v 9.945 4.28281 1294.2
vn 0.316327 0.92679 0.202476
v 8.945 4.37656 1295.6
vn 0.0642008 0.997576 -0.0268304
v 9.945 4.54219 1297.6
vn -0.119028 0.984509 -0.128745
v 9.545 4.46094 1299.2
vn 0.283505 0.944071 0.168388
v 9.745 4.33594 1308.6
vn -0.213002 -0.885349 -0.413263
v 11.145 -12 1363.82
vn -0.720897 -0.602451 -0.342578
v 10.518 -12.2 1364.4
vn -0.112071 -0.993313 0.0277406
v 10.345 -11.9578 1365.4
vn -0.0635511 -0.997537 -0.0296765
v 10.745 -12.0766 1365.4
vn 0.712285 -0.455684 0.533856
v 10.945 -12 1365.67
vn -0.0609679 -0.998116 -0.00691841
v 11.345 -12.2 1364.8
vn 0.605233 -0.587641 0.537002
v 10.145 -12.161 1366.6
vn 0.107221 -0.983209 0.147661
v 10.345 -11.5172 1367.4
vn 0.383699 -0.886799 0.257608
v 10.545 -11.4859 1367.4
vn 0.318404 -0.901565 0.292916
v 10.745 -11.6141 1366.6
vn 0.808837 0.162335 0.565182
v 11.545 -11 1366.67
vn 0.331462 -0.928207 0.169013
v 10.345 -11.4672 1367.8
vn 0.660834 -0.61533 0.42973
v 10.6712 -11.2 1367.8
vn 0.165125 -0.96533 0.202168
v 10.945 -9.61719 1357.6
vn -0.309904 -0.910451 -0.273931
v 11.545 -9.89219 1358
vn -0.350306 -0.916159 -0.194779
v 11.1275 -10.6 1360.2
vn -0.286127 -0.911819 -0.294478
v 11.145 -10.8 1361.18
vn -0.538745 -0.556929 -0.632127
v 11.145 -10.3641 1360
vn -0.22501 -0.968661 -0.105193
v 11.545 -10.7891 1360.2
vn -0.458537 -0.888656 0.00582886
v 10.345 -8.45469 1345.2
vn -0.287809 -0.950223 0.119343
v 10.545 -8.46094 1345.8
vn -0.372754 -0.926883 0.0440677
v 10.145 -8.36094 1347.2
vn -0.576804 -0.735743 -0.354936
v 10.145 -8.24833 1348.2
vn -0.000449047 -0.83624 0.548363
v 10.345 -8.37031 1347.2
vn 0.144266 -0.814235 0.562324
v 10.345 -8.2 1347.37
vn 0.16509 -0.966985 0.194128
v 10.345 -8.10781 1347.6
vn -0.145943 -0.898438 0.414137
v 10.545 -8.36094 1347.2
vn -0.308178 -0.917899 0.249976
v 10.745 -8.37969 1347.4
vn -0.1964 -0.979802 -0.0376058
v 10.745 -7.8 1351.35
vn -0.250041 -0.959426 -0.130315
v 11.145 -8.25469 1352.4
vn -0.169122 -0.984583 0.0446524
v 11.345 -8.26406 1352.6
vn -0.255105 -0.912277 -0.320426
v 10.145 -8.26833 1354
vn -0.171909 -0.969574 -0.174279
v 10.145 -8.10469 1353.4
vn -0.154865 -0.975687 -0.155086
v 10.545 -8.10469 1353.4
vn -0.407292 -0.814532 -0.413099
v 10.945 -8.51719 1354.6
vn -0.55798 -0.582955 -0.590611
v 11.145 -8.8 1354.59
vn -0.478697 -0.65704 -0.582364
v 11.545 -8.6 1354.17
vn -0.289151 -0.933928 -0.210166
v 11.545 -8.37656 1353.2
vn -0.619703 -0.644125 -0.44841
v 10.945 -8.8 1355.01
vn 0.182389 0.938727 0.292448
v 10.145 -7.97344 1362.4
vn -0.18235 0.982724 -0.0316629
v 10.345 -7.92344 1362.8
vn 0.145133 0.978018 0.149724
v 11.345 -8.65469 1364
vn 0.177181 0.974763 0.135807
v 11.2247 -8.8 1365.2
vn -0.486881 -0.81573 -0.312301
v 10.545 -5.51094 1330.8
vn -0.635134 -0.676504 -0.372756
v 11.145 -6 1331.88
vn -0.387212 -0.892759 -0.230322
v 10.345 -5.74844 1332.6
vn 0.467383 0.878963 0.094749
v 11.345 -4.75781 1341.4
vn 0.36677 0.924305 0.105547
v 10.545 -4.62031 1348.4
vn 0.357837 0.929425 0.0901177
v 10.995 -5 1348.6
vn -0.0812655 0.995416 0.0504363
v 10.345 -5.64531 1355.4
vn -0.0805203 0.996267 -0.031131
v 10.345 -5.63281 1355.8
vn -0.382412 -0.892385 -0.239604
v 11.545 -3.19844 1322.6
vn -0.653476 -0.564925 -0.503814
v 10.545 -3 1323.39
vn -0.0771555 -0.995852 0.0482238
v 10.745 -3.09844 1323.8
vn -0.291911 -0.948496 -0.123057
v 10.745 -3.07656 1324
vn -0.133076 -0.987556 -0.0838118
v 10.145 -3.70781 1326.2
vn -0.370479 -0.903457 -0.215663
v 10.545 -3.66406 1326
vn 0.448985 0.862951 0.231796
v 10.745 -3.33594 1338
vn 0.324857 -0.864041 0.384578
v 10.745 -2.29219 1322.2
vn -0.379021 -0.884532 -0.271931
v 10.8531 -2.4 1322.4
vn -0.709238 -0.398309 -0.581663
v 11.145 -2.30806 1322
vn -0.678713 -0.414676 -0.60613
v 10.145 -2.11406 1323.2
vn -0.688919 -0.480812 -0.542411
v 10.6528 -2.6 1322.8
vn 0.344925 0.929183 0.132833
v 10.7879 -2 1332.8
vn -0.135777 -0.989664 -0.0461577
v 10.945 0.270313 1288.2
vn -0.133592 -0.989169 -0.0608055
v 11.145 0.167188 1308
vn -0.160056 -0.978848 -0.127433
v 10.945 -0.423437 1311.4
vn -0.269752 -0.933323 -0.236944
v 11.345 -0.264062 1311.2
vn 0.313998 -0.923582 0.220002
v 11.145 -0.307812 1311.6
vn -0.247087 -0.961531 -0.120023
v 10.145 -1 1316.78
vn -0.199136 -0.967751 -0.154283
v 11.545 0.582813 1304.8
vn 0.310233 0.936172 0.165342
v 10.345 2.97344 1312.6
vn 0.400521 0.895135 0.195743
v 10.145 2.53281 1316
vn -0.386017 0.864051 -0.323119
v 11.1373 3.6 1287
vn -0.467146 0.739387 -0.484852
v 10.145 4.02167 1293.6
vn 0.131282 0.983166 -0.127081
v 10.545 3.71406 1292.6
vn -0.421869 0.818988 -0.388954
v 11.1304 4.2 1292.8
vn -0.494694 0.731248 -0.469633
v 11.145 3.87091 1292.4
vn 0.187791 0.901929 0.38892
v 11.145 4.26406 1295.2
vn -0.109053 0.972833 -0.204217
v 11.345 4.19531 1295.2
vn 0.0578499 0.979981 0.190503
v 11.345 4.44219 1294.8
vn 0.205179 0.972938 0.106271
v 11.145 4.30781 1296.8
vn 0.304006 0.934509 0.185132
v 10.545 4.45156 1297.2
vn -0.102409 0.98916 -0.105234
v 10.145 4.66719 1299.2
vn -0.0665969 0.987035 -0.146038
v 11.145 4.14844 1305
vn 0.0862632 0.995846 -0.0291567
v 11.545 4.23594 1305.2
vn 0.504865 0.822689 0.261332
v 10.445 3.8 1308.6
vn -0.235264 -0.966199 -0.10541
v 12.745 -10.8891 1359.4
vn -0.209586 -0.968595 -0.133778
v 12.345 -10.8172 1360.2
vn -0.544549 -0.838518 0.0187865
v 12.545 -9.42969 1341.2
vn -0.600588 -0.781728 -0.167915
v 12.745 -9.6 1340.5
vn -0.700367 -0.67391 -0.235225
v 12.345 -9.4 1342.05
vn 0.0771631 -0.892665 0.444067
v 12.945 -9.90328 1342.6
vn -0.0577509 -0.944443 0.323561
v 12.945 -9.62656 1343
vn -0.544519 -0.828299 -0.131985
v 12.945 -9.6 1343.52
vn -0.0932356 -0.926873 0.363611
v 12.145 -9.39219 1343.6
vn -0.443654 -0.889005 0.113315
v 12.345 -9.27031 1344.6
vn -0.482158 -0.875966 -0.0143758
v 12.5664 -9.4 1343.8
vn -0.4981 -0.866555 0.031292
v 12.945 -9.73281 1344
vn -0.358908 -0.896896 -0.258385
v 11.745 -9.28596 1356
vn -0.195976 -0.955994 -0.218333
v 11.945 -9.27656 1355.6
vn -0.302326 -0.917548 -0.258273
v 12.0336 -9.4 1356
vn 0.395321 -0.91446 -0.0865059
v 11.945 -9.21842 1356.2
vn -0.905797 0.366946 0.211855
v 12.145 -9.24038 1356.2
vn 0.267358 0.914847 0.302614
v 12.345 -9.23269 1356
vn -0.0520739 0.995406 -0.0803436
v 12.545 -9.25192 1356
vn -0.393945 -0.851045 -0.347174
v 11.745 -9.61094 1357
vn -0.149594 -0.975356 -0.162178
v 12.945 -10.6 1357.3
vn 0.30958 -0.891533 0.330651
v 12.945 -10.5766 1357.8
vn -0.512582 -0.729629 -0.452661
v 13.0387 -10.4 1357
vn 0.212388 -0.947481 0.239105
v 11.945 -10.6297 1358.6
vn 0.126105 -0.967951 0.217183
v 12.345 -10.4047 1358.6
vn -0.580863 -0.604106 -0.545577
v 12.545 -10.4484 1358.6
vn -0.167011 -0.983096 -0.0750328
v 11.7835 -10.8 1359.8
vn 0.702808 0.463703 0.539481
v 12.558 -9.8 1364.4
vn -0.499596 -0.850577 -0.164083
v 12.4817 -9.2 1340.4
vn -0.276535 -0.960657 0.0257993
v 11.745 -8.91719 1342.4
vn -0.149236 -0.954805 0.257054
v 12.345 -9.01719 1345.6
vn -0.0490515 -0.996748 0.0639258
v 12.145 -8.46094 1352.4
vn 0.125899 -0.955291 0.267524
v 12.345 -8.44531 1352.4
vn -0.472098 -0.816208 -0.333058
v 12.345 -8.29844 1352.8
vn -0.157059 -0.987588 0.00126052
v 12.945 -8.44531 1352
vn -0.700219 -0.53376 -0.474124
v 12.945 -8.6 1352.53
vn -0.74834 -0.391072 -0.535771
v 13.145 -8.92031 1352.4
vn 0.123163 -0.991494 0.0420735
v 13.145 -8.82031 1353
vn -0.584044 -0.740135 -0.333306
v 13.145 -8.51719 1352
vn -0.255344 -0.948628 -0.186829
v 11.745 -8.85469 1354.4
vn 1 0 0
v 11.945 -9.2 1356.17
vn 0.168271 -0.601425 0.781007
v 12.145 -9.2 1356.13
vn 0.386745 -0.189312 0.902546
v 12.5432 -9 1356
vn -0.183511 0.96576 -0.183387
v 12.6184 -9.2 1356.2
vn 0.0719686 0.655358 -0.751882
v 12.545 -9.2 1356.27
vn 0.353221 -0.117733 0.928102
v 12.545 -8.6 1356.05
vn 0.150855 0.970444 0.188364
v 11.945 -8.67031 1363.6
vn -0.499838 -0.828855 -0.251319
v 12.545 -6.08281 1329.6
vn 0.241014 0.91198 0.331971
v 12.745 -7.32969 1359
vn -0.563525 -0.762618 -0.317573
v 12.6372 -5.8 1328.4
vn 0.289308 0.957024 0.0201508
v 11.745 -5.09531 1350.2
vn 0.420934 0.764605 0.48805
v 12.745 -5.92969 1354.2
vn -0.475288 -0.837449 -0.269777
v 12.545 -4.15 1324.6
vn -0.375518 -0.903544 -0.206384
v 13.1559 -1.4 1312.4
vn -0.271869 -0.950775 -0.14871
v 11.945 -1.27969 1313.6
vn -0.0659522 -0.997817 -0.00327458
v 12.145 -1.28281 1313.8
vn -0.31618 -0.93491 -0.161163
v 12.145 -1.29322 1314.2
vn -0.122768 -0.99228 0.0175563
v 11.745 -1.57969 1315.4
vn -0.33004 -0.936578 -0.117883
v 12.0375 -1.6 1316.2
vn -0.486735 -0.839804 -0.240453
v 12.145 -2 1316.75
vn -0.354613 -0.922023 -0.15532
v 12.745 -2.8 1318.36
vn -0.446364 -0.85983 -0.247895
v 11.745 -2.70469 1320.4
vn 0.27643 -0.896625 0.345905
v 11.745 -2.51094 1320.8
vn -0.777974 -0.258161 -0.572809
v 11.8309 -2.6 1321.2
vn 0.403569 0.899237 0.168835
v 12.545 -1.67969 1328.2
vn 0.48969 0.842041 0.226209
v 13.145 -2.34844 1329
vn -0.491598 -0.816013 -0.304063
v 12.345 0.182813 1283.6
vn -0.27138 -0.943325 -0.191024
v 11.945 0.067188 1308.6
vn 0.304662 -0.910255 0.280388
v 12.545 -0.404687 1309.6
vn -0.491574 -0.78111 -0.384995
v 12.945 -0.320312 1309.6
vn -0.530865 -0.717184 -0.451474
v 12.545 -0.779687 1310.8
vn -0.074059 -0.98113 0.178605
v 12.545 -0.717187 1311.2
vn -0.0612133 -0.994042 0.0901897
v 12.745 -0.792187 1310.8
vn -0.136797 -0.986884 0.0857063
v 12.945 -0.839062 1310.4
vn -0.637474 -0.687995 -0.346828
v 12.945 -0.8 1310.85
vn -0.218175 -0.829496 -0.514136
v 12.345 -0.623437 1311.6
vn -0.709436 -0.525664 -0.469445
v 12.545 1 1281.55
vn 0.581035 -0.683094 0.442473
v 11.945 0.854688 1291
vn -0.0416845 -0.998437 0.0372383
v 12.345 0.629688 1292.2
vn -0.101742 -0.994045 -0.0390304
v 12.545 0.995313 1299.6
vn -0.666563 0.548543 -0.504772
v 12.945 2.66719 1281.8
vn -0.112615 0.98632 -0.120381
v 11.945 3.36406 1285.2
vn -0.127053 0.981725 -0.141684
v 12.745 3.36719 1284.6
vn 0.0547748 0.998498 -0.00150861
v 11.745 3.88906 1288.4
vn 0.0598643 0.995693 0.0707907
v 12.345 3.66719 1290.2
vn -0.337998 0.899834 -0.275784
v 12.545 3.72656 1290.6
vn 0.00532608 0.99936 -0.0353688
v 12.745 4.2 1291.24
vn -0.274852 0.931549 -0.23806
v 12.345 4.39531 1293.4
vn 0.27083 0.956192 0.111118
v 11.745 4.04844 1295
vn -0.199562 0.92874 -0.312437
v 11.945 4.04844 1295.2
vn 0.53847 0.630447 0.559095
v 12.1569 4.4 1294.2
vn -0.28199 0.896533 -0.34163
v 12.4739 4.2 1295
vn 0.117301 0.992969 0.0158873
v 12.6486 4.4 1297.8
vn -0.277834 -0.922483 -0.268019
v 13.345 -11.2 1359.84
vn 0.585718 -0.723981 0.364398
v 13.345 -11.2391 1363.6
vn -0.347913 -0.928372 -0.130695
v 13.745 -9.36406 1336.8
vn -0.489799 -0.839795 -0.23418
v 14.5662 -9.8 1337.6
vn -0.541004 -0.799913 -0.259719
v 14.145 -9.97656 1339
vn -0.385292 -0.920177 0.069458
v 13.345 -10.2109 1341.8
vn -0.603873 -0.777691 -0.174738
v 13.345 -10.0141 1340.8
vn -0.0574348 -0.986611 0.152643
v 14.545 -10.7266 1340.4
vn -0.00313399 -0.940239 0.340501
v 13.945 -10.2828 1342.8
vn -0.0486334 -0.937153 0.345514
v 13.7224 -9.6 1344.2
vn -0.100454 -0.952742 0.286691
v 13.945 -9.54219 1344.4
vn -0.621365 -0.77995 -0.074726
v 14.145 -9.8 1344.61
vn -0.743925 -0.641447 -0.187407
v 14.4153 -10 1344.2
vn -0.624781 -0.780565 0.0191355
v 14.545 -10.2 1344.3
vn -0.426321 -0.894477 0.134767
v 14.545 -9.80781 1345.6
vn -0.466518 -0.884229 -0.0223416
v 14.5466 -9.8 1346.2
vn 0.507833 -0.466106 0.724466
v 14.745 -9.8 1346.68
vn -0.43819 -0.898831 0.00960473
v 14.4753 -9.8 1346.8
vn -0.445336 -0.889841 -0.0992856
v 14.545 -9.2102 1351.6
vn -0.395672 -0.872471 -0.286771
v 14.345 -9.37344 1353.2
vn -0.301461 -0.875881 -0.376767
v 14.545 -10.4984 1355.6
vn 0.0098474 -0.999739 -0.0205984
v 14.145 -10.6328 1356.4
vn -0.270213 -0.943389 -0.192358
v 13.345 -10.8 1358.14
vn -0.431965 -0.879885 -0.198009
v 13.695 -9.2 1335.8
vn -0.0906804 -0.976917 0.193418
v 13.945 -8.8 1347.95
vn -0.227332 -0.9738 -0.00580877
v 13.345 -8.21094 1350.2
vn 0.183491 -0.949133 0.255885
v 13.345 -8.87656 1352.6
vn 0.210276 -0.959484 0.18755
v 13.545 -8.74844 1352.8
vn -0.617382 -0.57072 -0.541403
v 13.745 -8.97656 1351.8
vn -0.163248 -0.981209 0.102854
v 14.145 -9.04844 1351.8
vn 0.169768 0.955871 0.23977
v 14.745 -8.08906 1359.2
vn 0.283066 0.90409 0.320149
v 13.745 -8.13281 1360
vn -0.577352 -0.805131 0.135752
v 14.545 -6.6 1325.96
vn -0.855797 -0.255031 -0.450079
v 14.8872 -6.4 1325
vn -0.67977 -0.606948 -0.411736
v 13.8934 -6.2 1327
vn -0.5198 -0.816733 -0.250511
v 14.12 -6.4 1327
vn -0.652952 -0.720109 -0.234726
v 14.2653 -6.4 1326.6
vn -0.851992 -0.323809 -0.411408
v 14.2684 -6.2 1326.4
vn -0.916124 -0.220922 -0.334529
v 14.345 -6.4 1326.3
vn -0.461426 -0.885797 -0.0494994
v 14.545 -6.52656 1326.4
vn -0.375068 -0.920707 -0.107808
v 14.545 -6.6 1327.06
vn -0.539176 -0.796097 -0.274808
v 13.345 -6.21719 1327.8
vn -0.711059 -0.558238 -0.42751
v 13.545 -6.62273 1328.6
vn -0.330741 -0.941732 -0.0612431
v 13.545 -6.28281 1327.8
vn -0.616409 -0.70611 -0.348496
v 14.145 -7 1328.01
vn 0.492447 0.870318 0.00654932
v 14.345 -6.4 1342.88
vn 0.257744 0.927767 0.269846
v 14.545 -6.72031 1356
vn -0.833258 -0.303463 -0.46216
v 14.8309 -6 1325.2
vn -0.591965 -0.720832 -0.360527
v 13.959 -5.8 1326.4
vn 0.467644 0.883238 0.0346276
v 13.345 -5.86406 1344.4
vn -0.192209 -0.978138 0.0793878
v 14.345 -3.02344 1317.6
vn -0.510142 -0.835499 -0.204194
v 14.745 -3.2 1317.46
vn 0.118617 -0.958355 0.259782
v 13.945 -2.92656 1318
vn -0.513191 -0.807852 -0.289847
v 14.345 -3.93281 1320
vn -0.616145 -0.69301 -0.374303
v 13.745 -1.4 1311.47
vn -0.388419 -0.887647 -0.247413
v 13.945 -1.22656 1310.8
vn -0.400273 -0.88744 -0.228542
v 14.545 -1.65469 1310.6
vn -0.329777 -0.928744 -0.169356
v 13.745 -1.73281 1312.8
vn -0.423259 -0.878224 -0.222652
v 14.745 -2.36406 1313
vn -0.431153 -0.88011 -0.198781
v 13.945 -2 1313.85
vn 0.185578 -0.923396 0.336006
v 13.745 -2.74844 1318.6
vn 0.628017 0.699389 0.341247
v 14.745 -2.11633 1324.2
vn 0.577559 0.761059 0.295321
v 13.345 -2.6 1329.47
vn -0.0117913 -0.999211 0.0379204
v 14.8758 0 1282.2
vn 0.0388836 -0.998055 0.0487249
v 14.145 0.039063 1284.4
vn -0.00798521 -0.998557 0.0531119
v 14.655 0.2 1285
vn -0.27118 -0.948424 -0.164178
v 13.745 0.126563 1305.6
vn -0.373048 -0.900849 -0.222052
v 13.945 -0.445312 1307.8
vn -0.385486 -0.885809 -0.258347
v 13.745 -1.11406 1310
vn 0.487327 0.838148 0.244988
v 13.3966 -0.2 1320
vn 0.478351 0.848354 0.226884
v 13.745 -0.517187 1320.2
vn -0.822509 -0.00716861 -0.568707
v 14.2934 1.2 1279
vn -0.425333 -0.872876 -0.239124
v 13.945 0.635938 1289
vn 0.418154 0.865072 0.277123
v 14.745 1.29219 1311
vn 0.565268 0.720545 0.401606
v 14.745 1.6 1310.55
vn 0.391083 0.894346 0.217256
v 14.545 0.557813 1316
vn -0.463719 0.823237 -0.327483
v 13.745 2.6 1280.54
vn -0.423245 0.835281 -0.350956
v 14.345 3.146 1280.8
vn -0.104725 0.989642 -0.0981871
v 14.345 4.15781 1289
vn 0.124439 0.987367 0.0980913
v 13.345 4.11719 1290.8
vn -0.166125 0.974122 -0.15326
v 13.745 4.44219 1292
vn 0.571907 0.65371 0.495566
v 13.745 3.93594 1292.8
vn 0.0782085 0.993311 0.0849469
v 13.745 4.45781 1292.6
vn 0.013372 0.99758 -0.0682259
v 14.145 3.81719 1292.8
vn -0.317408 0.8696 -0.378217
v 14.345 3.96719 1293
vn -0.159906 0.961284 -0.224419
v 13.745 4.22656 1294
vn 0.0897148 0.995914 0.0102892
v 13.945 4.26094 1296.6
vn -0.677851 -0.70699 -0.201704
v 15.945 -11 1341.82
vn -0.726463 -0.656663 -0.202596
v 15.545 -10.8828 1342.8
vn 0.251708 -0.860864 0.442218
v 15.0586 -10.6 1340.2
vn -0.501827 -0.828695 -0.247857
v 15.145 -10.6922 1338.8
vn 0.147015 -0.957718 0.247312
v 15.345 -10.6891 1339.8
vn -0.306136 -0.95074 0.0487355
v 15.745 -10.6922 1339.8
vn -0.214043 -0.963253 0.162262
v 15.545 -10.6609 1341.6
vn -0.31484 -0.9389 0.139079
v 15.345 -10.3283 1345.4
vn -0.0963646 -0.983889 0.150585
v 15.345 -10.2365 1346
vn 0.492172 -0.668699 0.557323
v 15.545 -10.2672 1345.6
vn 0.634964 -0.586711 0.502584
v 15.545 -10.2 1345.73
vn 0.613837 -0.423932 0.665947
v 15.595 -10 1345.8
vn 0.499184 -0.607081 0.618278
v 15.745 -10.2 1345.53
vn -0.395986 -0.877834 -0.269447
v 15.745 -10.5391 1355.2
vn 0.677371 0.221952 0.70136
v 15.545 -10 1361.14
vn 0.627197 -0.652461 0.425344
v 15.7498 -10.8 1360.2
vn 0.562195 -0.63907 0.524906
v 15.745 -10.2 1360.94
vn 0.660113 -0.604896 0.445367
v 16.145 -10.1345 1360.6
vn 0.74786 -0.0247502 0.663395
v 15.145 -10.2 1361.6
vn 0.570042 0.587779 0.57408
v 15.145 -9.54219 1361.2
vn -0.450342 -0.852247 -0.266208
v 16.345 -7.8 1327.56
vn 0.27696 0.91768 0.284881
v 14.945 -7.93281 1358.4
vn 0.314408 0.898459 0.306462
v 14.945 -8.23281 1359.6
vn -0.849205 -0.0681678 -0.523646
v 16.4059 -6.4 1322.6
vn -0.769067 -0.471529 -0.431505
v 16.345 -6.2 1322.64
vn -0.458788 -0.841375 -0.285659
v 15.945 -6.92031 1324.2
vn -0.500683 -0.804759 -0.318873
v 15.945 -7.36406 1325.6
vn -0.750691 -0.451345 -0.482442
v 15.2809 -7 1326.2
vn 0.350394 0.935728 0.0404566
v 15.745 -7.2 1342.03
vn 0.425099 0.836838 0.344954
v 16.145 -7.03594 1355.4
vn 0.540258 0.752412 0.376825
v 16.4716 -7.4 1355.6
vn -0.514466 -0.811991 -0.275674
v 14.945 -5.22656 1322.4
vn -0.660014 -0.67251 -0.334831
v 15.945 -6 1323.13
vn 0.502477 0.836803 0.217435
v 15.745 -5.6 1333.71
vn 0.489032 0.870807 0.0504299
v 15.945 -4.00781 1328.4
vn 0.359465 0.921877 -0.144663
v 16.145 -4.08906 1328.6
vn 0.346666 0.936738 -0.0484172
v 16.345 -4.27031 1328.2
vn 0.310764 0.913817 -0.261466
v 16.345 -4.2 1328.44
vn 0.3779 0.92342 -0.0669907
v 16.4743 -4.2 1328.6
vn -0.176324 -0.975884 -0.128684
v 15.945 -1.83281 1309.8
vn -0.417216 -0.861346 -0.289851
v 15.945 -1.99194 1310.4
vn -0.40919 -0.89407 -0.182214
v 15.545 -2.77969 1314.2
vn 0.486968 0.829619 0.27312
v 15.345 -1.52969 1321.8
vn 0.454125 0.871254 0.186245
v 15.145 -2.33906 1324
vn 0.0352989 -0.99416 0.101978
v 15.545 -0.095312 1283.2
vn 0.270561 -0.936399 0.223501
v 15.945 0.117188 1283.8
vn -0.00967057 -0.998827 0.0474443
v 15.345 0.307813 1287.4
vn -0.398483 -0.885211 -0.240027
v 15.545 0.296827 1286.8
vn -0.803193 0.281397 -0.525068
v 15.145 1.79773 1277.8
vn -0.643296 -0.64245 -0.416447
v 16.145 0.679688 1277
vn -0.555277 -0.750609 -0.358126
v 16.345 0.560376 1285.2
vn 0.0511762 -0.995896 0.0746478
v 14.945 0.867188 1295.6
vn 0.219732 0.970011 0.103907
v 15.745 0.448438 1314.8
vn -0.402109 0.861324 -0.310532
v 16.145 3.2 1278.79
vn 0.374598 0.905226 0.200606
v 16.3535 3.2 1301.4
vn -0.318461 0.914775 -0.248536
v 15.345 4.05781 1287.6
vn -0.144424 0.979549 -0.14009
v 15.345 4.30781 1289.6
vn 0.111662 0.993473 0.023312
v 15.745 4.41094 1290
vn 0.429946 0.837394 0.337517
v 16.145 3.66094 1290.4
vn 0.682814 0.455757 0.571009
v 16.2653 4 1289.8
vn 0.0446699 0.997693 -0.0511151
v 15.0283 4.2 1293.2
vn 0.0715818 0.997351 -0.0129166
v 16.145 3.89219 1293.4
vn 0.231934 0.96781 0.0977266
v 14.945 3.75781 1300.2
vn -0.143426 -0.989515 -0.0170103
v 17.545 -10.9547 1336.6
vn -0.524556 -0.808843 -0.265734
v 17.945 -11.1234 1336.6
vn -0.0684134 -0.987318 0.143256
v 16.545 -11.0984 1339.2
vn -0.0219298 -0.990214 0.137826
v 16.745 -11.0734 1339.4
vn -0.505751 -0.836478 -0.210999
v 17.145 -11.2 1339.38
vn -0.63554 -0.70754 -0.308992
v 16.945 -11.6 1340.58
vn 0.562157 -0.516879 0.645613
v 17.945 -11.2 1342.98
vn -0.239734 -0.90994 -0.338433
v 17.5379 -11 1356.6
vn -0.370584 -0.901275 -0.224436
v 17.145 -9.4 1330.18
vn 0.435164 -0.640679 0.632585
v 17.145 -10.4 1344.45
vn -0.295253 -0.940208 0.169807
v 17.145 -10.3047 1344.8
vn -0.308379 -0.936639 0.166161
v 17.145 -9.95156 1346.2
vn 0.821671 -0.493908 0.284449
v 17.4091 -10.2 1357.8
vn 0.706669 -0.605869 0.365434
v 16.545 -10.8 1358.62
vn 0.744811 -0.584323 0.322215
v 16.945 -10.4 1358.79
vn 0.803592 -0.470128 0.364993
v 16.945 -9.8 1359.57
vn 0.807985 0.470937 0.354089
v 17.2528 -9.6 1359
vn 0.597527 0.735539 0.319287
v 17.145 -9.462 1359
vn 0.666565 0.672993 0.320579
v 17.2191 -9.4 1358.6
vn 0.913589 -0.204685 0.351369
v 17.345 -9.57805 1358.6
vn 0.464136 0.798961 0.382413
v 16.5817 -9.4 1359.6
vn 0.696058 0.465761 0.546415
v 16.8999 -9.6 1359.6
vn 0.519274 0.786051 0.335378
v 17.145 -8.15469 1356.4
vn 0.530107 0.732702 0.426772
v 16.545 -9 1358.78
vn 0.521388 0.782792 0.339692
v 16.945 -9.2 1358.54
vn -0.563781 -0.734039 -0.3786
v 17.545 -7.05781 1322.8
vn -0.541228 -0.744899 -0.390124
v 16.545 -7.27833 1324.6
vn 0.411091 0.894365 0.176396
v 16.745 -7.36719 1341
vn 0.491351 0.839904 0.230513
v 17.345 -7.05469 1353.6
vn -0.512638 -0.800272 -0.311074
v 17.8474 -5.4 1317.6
vn -0.405703 -0.891943 -0.199607
v 16.945 -3.55156 1314
vn 0.546336 0.797077 0.257266
v 16.545 -3.95156 1326.2
vn 0.351997 0.930572 0.100669
v 16.745 -4.34844 1328
vn -0.458906 -0.830035 -0.316934
v 17.1528 -1.4 1305.6
vn -0.175909 -0.981708 -0.072835
v 17.345 -1.92344 1307
vn -0.292131 -0.938106 -0.186057
v 17.345 -1.88226 1308.4
vn 0.0623599 -0.994874 0.0796022
v 17.545 -2.43906 1309.8
vn -0.517609 -0.769891 -0.373295
v 16.945 -2.43585 1311
vn 0.639195 0.634254 0.434915
v 16.5497 -2.2 1321.6
vn 0.615666 0.685751 0.388202
v 16.745 -2.6 1321.69
vn 0.501675 0.829509 0.245431
v 16.545 -2.8 1323.31
vn -0.699052 -0.565719 -0.437365
v 17.5247 0 1275.8
vn -0.122551 -0.989548 -0.0759979
v 16.945 0.054688 1300.2
vn -0.422595 -0.86912 -0.256989
v 17.545 -0.4 1300.05
vn -0.413544 -0.831435 -0.371075
v 16.545 -1.06167 1305.4
vn -0.453423 -0.758466 -0.46812
v 17.145 -1.14844 1305.2
vn 0.46547 0.827419 0.314189
v 16.745 -0.592187 1315
vn 0.446707 -0.830611 0.332474
v 16.545 0.581632 1283.8
vn -0.149251 -0.98572 -0.0779726
v 16.745 0.676563 1284.2
vn -0.0196291 -0.999807 -0.000507283
v 17.145 0.554688 1290.8
vn 0.0656357 -0.995931 0.0617452
v 17.745 0.610938 1291
vn -0.0970554 -0.993884 -0.0526753
v 16.945 0.760938 1294.4
vn 0.256068 0.957374 0.133659
v 16.545 0.417188 1313.4
vn -0.86924 0.0334727 -0.493256
v 17.6122 2 1274.2
vn -0.332083 0.922227 -0.198035
v 16.945 3.08594 1277.2
vn -0.199564 0.973986 -0.107355
v 17.545 3.37656 1277.6
vn -0.00473926 0.999052 -0.0432666
v 16.745 4.22656 1288.2
vn 0.599544 0.674344 0.431052
v 16.945 4.2 1288.86
vn 0.337199 0.918488 0.206582
v 17.345 4.17656 1288.2
vn 0.622625 0.621192 0.475877
v 17.545 4 1288.25
vn -0.183987 0.964273 -0.190596
v 16.745 3.61406 1290
vn -0.338244 0.883496 -0.324077
v 17.945 3.98594 1289.6
vn 0.210328 0.969021 0.129459
v 16.545 3.92031 1292.6
vn -0.564633 -0.770988 -0.294562
v 18.945 -11.6266 1336
vn 0.226973 -0.943827 0.240153
v 19.145 -11.4609 1336.2
vn -0.319356 -0.937912 -0.135398
v 18.545 -11.8922 1341.8
vn 0.542695 -0.59945 0.588339
v 19.145 -11.6 1341.5
vn -0.216176 -0.972794 0.0833038
v 18.545 -11.9109 1342
vn -0.502371 -0.864578 -0.0113098
v 18.545 -11.2 1344.21
vn 0.152578 -0.826158 0.542386
v 18.945 -10.9513 1344.4
vn 0.00226983 -0.990697 0.136066
v 19.345 -11.3016 1352.4
vn -0.159394 -0.987046 0.018268
v 18.145 -10.9359 1354.2
vn -0.0304063 -0.997382 0.0656084
v 18.745 -11.0371 1354.2
vn -0.302374 -0.922708 -0.239124
v 18.945 -9.50469 1326.8
vn -0.0020293 -0.998805 -0.0488242
v 19.345 -9.57344 1327
vn -0.175782 -0.983111 -0.0509213
v 18.145 -9.53906 1328.4
vn 0.185913 -0.968127 0.167828
v 18.345 -9.45469 1328.6
vn 0.110627 -0.98911 0.0970715
v 18.3075 -9.4 1329.2
vn -0.409805 -0.866392 -0.285349
v 18.945 -9.86607 1329.8
vn 0.851146 -0.265296 0.452955
v 18.2434 -9.8 1356.6
vn -0.582473 -0.737427 -0.341945
v 18.445 -9.2 1326.8
vn 0.531043 0.792533 0.299808
v 18.745 -7.8 1338.4
vn 0.51096 0.795643 0.32538
v 19.345 -7.71094 1337.2
vn 0.686553 0.661436 0.301906
v 19.7153 -8.2 1350.6
vn 0.665259 0.651385 0.364867
v 18.3216 -9.2 1356.4
vn -0.63422 -0.66143 -0.400344
v 18.3662 -6.2 1319.2
vn -0.478594 -0.79692 -0.368601
v 18.745 -6.4 1318.97
vn -0.694407 -0.520901 -0.496448
v 18.3247 -6.6 1319.6
vn -0.373954 -0.886219 -0.273448
v 19.545 -7.25438 1320.2
vn -0.41224 -0.860827 -0.298388
v 18.745 -7.48281 1322
vn 0.337759 0.922639 0.186161
v 18.545 -6.68594 1332.6
vn 0.367353 0.916219 0.159982
v 19.345 -4.49219 1322.8
vn 0.518513 0.771362 0.368978
v 19.145 -5 1326.61
vn 0.54866 0.778331 0.305243
v 18.3608 -5.6 1328.8
vn 0.636595 0.618686 0.460406
v 19.545 -3 1318.25
vn -0.270001 -0.928393 -0.255315
v 18.545 -1.85469 1305
vn -0.474794 -0.803986 -0.358019
v 18.145 -1.98594 1305.6
vn -0.0174113 -0.999649 -0.0199554
v 18.945 -1.96094 1305.4
vn -0.368678 -0.896855 -0.244394
v 18.545 -2.56719 1308
vn 0.567393 -0.806955 0.16398
v 18.745 -2.42656 1308
vn 0.453636 -0.88548 0.100697
v 18.745 -2.42656 1308.2
vn -0.392742 -0.869987 -0.29812
v 19.147 -2.8 1308.2
vn 0.131973 -0.98488 0.112224
v 18.145 -2.55469 1308.6
vn -0.0778334 -0.99648 -0.0311301
v 18.345 -2.56406 1308.4
vn 0.265437 -0.940467 0.212287
v 18.345 -2.48281 1308.6
vn 0.126581 -0.989529 0.0693475
v 18.345 -2.47031 1308.8
vn 0.255076 -0.951631 0.171276
v 18.545 -2.48594 1308.4
vn -0.513277 -0.762882 -0.393139
v 18.9731 -2.8 1308.4
vn 0.508154 0.777165 0.371206
v 19.345 -2.54531 1318
vn 0.00160885 -0.998676 0.0514186
v 18.945 -0.610937 1274.8
vn 0.213485 -0.961824 0.171225
v 19.345 0.051563 1279
vn 0.0567237 -0.996459 0.0620683
v 18.145 0.195313 1284
vn -0.203557 -0.96636 -0.157203
v 19.545 0.073438 1293.4
vn 0.0131022 -0.999341 -0.0338623
v 19.545 0.254688 1295.2
vn 0.0941848 -0.989936 0.105626
v 18.145 0.076563 1296.2
vn -0.0734109 -0.997012 -0.0240512
v 18.145 0.167188 1296.8
vn -0.293231 -0.927113 -0.233402
v 19.545 0.142188 1295.8
vn -0.261473 -0.948978 -0.176274
v 18.145 -0.451562 1299.6
vn -0.427356 -0.863959 -0.266348
v 18.8024 -0.6 1299.6
vn -0.809196 -0.255528 -0.529063
v 19.5309 1 1271
vn 0.0404816 -0.995581 0.0847379
v 18.445 0.6 1285.4
vn -0.0100095 -0.998173 0.0595866
v 18.945 0.614063 1285.6
vn 0.0196199 -0.998358 0.0538171
v 19.145 0.620313 1285.8
vn 0.389265 0.888128 0.244339
v 19.345 1.70781 1303.6
vn -0.793361 0.356451 -0.493478
v 19.345 2.20469 1271.2
vn -0.0453141 0.998925 0.00977309
v 19.545 4.38906 1284.2
vn 0.465252 0.780976 0.416673
v 19.145 4 1286.25
vn -0.115254 0.9822 -0.148323
v 18.745 3.70469 1287.8
vn 0.0325597 0.999463 -0.00370782
v 19.545 3.73281 1289.4
vn -0.0206676 0.999342 -0.0298108
v 19.545 3.75156 1289.8
vn -0.274881 -0.934583 -0.225819
v 20.745 -10.8619 1329.4
vn -0.324005 -0.922854 -0.208236
v 20.745 -11.1484 1331.4
vn -0.410129 -0.875395 -0.255888
v 20.945 -11.4984 1331.8
vn 0.0827191 -0.996548 0.0070852
v 21.145 -11.6 1333.15
vn -0.517519 -0.785441 -0.339495
v 20.945 -11.5859 1334.4
vn 0.363041 -0.823821 0.43534
v 20.145 -12 1340.03
vn 0.029852 -0.934207 0.35548
v 19.745 -11.6 1341.11
vn -0.0715895 -0.970486 0.230285
v 20.3724 -11.8 1340.8
vn 0.54632 -0.628697 0.553421
v 20.545 -11.1391 1351.4
vn 0.58577 -0.591016 0.554593
v 21.145 -11.8 1350.06
vn 0.419673 -0.86772 0.266341
v 19.945 -11.0047 1353.4
vn -0.10319 -0.989934 -0.0968658
v 20.545 -9.36094 1326.4
vn -0.317267 -0.922039 -0.221776
v 19.745 -7.69844 1321.8
vn -0.499991 -0.784858 -0.366071
v 20.145 -8.39219 1323.4
vn -0.576208 -0.705597 -0.412452
v 20.4528 -8.8 1323.2
vn 0.356379 0.912701 0.199926
v 20.945 -8 1333.02
vn 0.1081 0.991408 -0.0736495
v 20.945 -7.91406 1334.4
vn 0.248465 0.960081 0.128487
v 20.145 -8.54219 1338.2
vn 0.27035 0.960719 0.0626877
v 20.145 -8.82656 1343.4
vn 0.193328 0.975761 -0.102544
v 20.345 -8.86719 1343.4
vn 0.413583 0.908675 0.0570866
v 21.145 -8.85156 1345
vn 0.548733 0.835387 0.0319409
v 21.145 -8.91406 1345.4
vn 0.348832 0.866257 -0.357653
v 21.303 -9 1345.6
vn 0.753318 0.561438 0.342489
v 21.145 -9.02031 1348.8
vn 0.0783596 0.988279 -0.131015
v 21.145 -8.95781 1349.4
vn 0.117163 0.987902 -0.101597
v 20.345 -8.74844 1350.4
vn 0.548463 0.805559 0.224193
v 19.745 -8.6 1352.38
vn -0.372996 -0.886746 -0.273048
v 19.945 -6.27344 1316.8
vn -0.366127 -0.882369 -0.295594
v 20.345 -7 1318.24
vn 0.183327 0.970744 0.155069
v 21.145 -7.01094 1328.4
vn 0.313457 0.921723 0.228411
v 20.945 -4.995 1322
vn -0.414615 -0.858858 -0.300761
v 20.145 -3.75781 1309.8
vn 0.403315 0.885103 0.232228
v 19.945 -3.37969 1318.4
vn 0.315892 0.935156 0.160298
v 19.945 -3.6 1319.69
vn 0.543185 0.74398 0.389157
v 20.5341 -4.2 1319.6
vn -0.250701 -0.95546 -0.155706
v 20.945 -2.02656 1302.6
vn -0.439044 -0.852604 -0.283385
v 20.345 -2.36406 1304.4
vn 0.326215 0.922461 0.20652
v 21.145 -1.75781 1312.6
vn -0.487037 -0.81705 -0.308584
v 20.345 -0.617187 1272
vn 0.193184 -0.963731 0.184125
v 20.945 -0.460937 1273.8
vn 0.470409 -0.798379 0.375907
v 20.145 0.338001 1278.8
vn -0.00624983 -0.998074 0.0617201
v 20.545 0.360938 1283
vn 0.106377 -0.992011 0.0678039
v 20.345 0.301563 1294
vn -0.283187 -0.93493 -0.2138
v 20.745 0.276563 1294
vn -0.392178 -0.875896 -0.281072
v 20.145 -0.351562 1296.2
vn -0.459957 -0.836439 -0.29801
v 19.745 -0.8 1298.47
vn -0.761417 -0.382655 -0.523278
v 20.2433 1.4 1269.8
vn -0.847403 -0.0538501 -0.528213
v 19.745 1.8 1270.27
vn 0.219366 -0.954714 0.200999
v 20.145 0.554688 1279.2
vn -0.263957 -0.951264 -0.159446
v 20.545 0.523438 1279.2
vn 0.125527 -0.983594 0.129561
v 20.145 0.4 1282.59
vn -0.0628333 -0.99773 -0.0242397
v 20.345 0.720313 1285.6
vn -0.0744369 -0.996736 -0.0312653
v 20.945 0.679688 1285
vn -0.225388 -0.963323 -0.145633
v 19.945 0.695313 1286.8
vn -0.149976 -0.985306 -0.0817225
v 20.545 0.510938 1286.6
vn 0.162422 0.982978 0.0858678
v 20.345 0.973438 1304.6
vn 0.547137 0.727125 0.414644
v 20.545 0.970313 1304
vn 0.405678 0.862318 0.30304
v 19.945 0.714063 1305.6
vn -0.466467 0.817464 -0.337878
v 20.545 2.4 1270.45
vn 0.187317 0.973639 0.130153
v 19.945 2.93594 1295.4
vn 0.302656 0.924968 0.229855
v 19.945 2.57969 1297.2
vn 0.286329 0.9433 0.16793
v 19.945 2.49844 1297.6
vn -0.0412424 0.999135 0.00531776
v 20.145 3.65469 1285.6
vn 0.272301 0.902315 0.334184
v 20.345 4.24531 1284.6
vn 0.510123 0.692048 0.510729
v 20.545 4 1284.82
vn -0.0790266 0.996421 0.0300091
v 20.745 3.70781 1285.4
vn -0.42485 -0.840003 -0.337486
v 22.745 -12.5047 1335
vn 0.174129 -0.983423 0.0505781
v 22.145 -12.5081 1337
vn -0.437249 -0.879207 -0.189232
v 21.545 -12.6 1337.52
vn -0.142727 -0.98576 -0.0889144
v 22.745 -12.6547 1338.8
vn -0.0388253 -0.989318 -0.14051
v 21.345 -10.8797 1329.4
vn -0.181647 -0.965096 -0.188666
v 21.745 -11.5203 1330.8
vn -0.363398 -0.895978 -0.255275
v 21.6061 -11.8 1333.8
vn -0.127899 -0.981844 -0.140085
v 22.545 -11.9609 1333.8
vn -0.40014 -0.883932 -0.241977
v 21.7478 -12.4 1336.4
vn 0.442768 -0.797961 0.408919
v 22.345 -12.2297 1337.2
vn -0.374938 -0.913609 -0.157289
v 22.345 -12.4 1337.94
vn -0.139872 -0.976789 0.162234
v 21.545 -12.4 1341.03
vn -0.0840051 -0.979578 0.182674
v 22.745 -11.9828 1342
vn -0.313852 -0.943869 -0.102998
v 22.745 -12.1141 1346
vn -0.476382 -0.828775 -0.293585
v 21.345 -11.8 1347.57
vn -0.591457 -0.706679 -0.388309
v 21.545 -12.1218 1347.8
vn -0.543511 -0.71343 -0.442282
v 21.745 -12.2766 1347.8
vn -0.451689 -0.828885 -0.33004
v 21.945 -12.0109 1347.2
vn 0.794667 0.106168 0.597689
v 21.345 -11.6 1349.78
vn 0.433497 -0.65714 0.616642
v 21.545 -12 1349.42
vn 0.433497 -0.65714 0.616642
v 21.545 -11.8 1349.63
vn 0.237047 -0.943087 0.233229
v 22.0568 -12 1349
vn 0.267609 -0.702623 0.659322
v 21.945 -12 1349.26
vn 0.805378 0.185038 0.56314
v 22.0434 -11.8 1349
vn -0.0151988 0.9952 -0.0966707
v 22.745 -9.36406 1343.6
vn 0.0899286 0.992758 -0.0796491
v 22.345 -9.34844 1347.4
vn 0.0965327 0.994399 -0.0430397
v 22.545 -9.27344 1347.6
vn 0.590174 0.760619 0.270471
v 22.5402 -9.4 1348.8
vn 0.832557 -0.211063 0.512153
v 21.545 -10.4 1351.4
vn 0.706439 0.602628 0.371191
v 22.1528 -10 1350.4
vn -0.277124 -0.927572 -0.250624
v 21.945 -7.82969 1318.6
vn 0.0272032 -0.993383 -0.111583
v 22.545 -7.8 1318.31
vn -0.323006 -0.89963 -0.293824
v 22.145 -8.72344 1320.6
vn -0.0330359 -0.98614 -0.162596
v 22.545 -8.94844 1321.8
vn 0.0189932 0.996635 -0.0797421
v 21.945 -8.32031 1332.6
vn -0.0534905 0.989557 -0.133848
v 22.745 -8.10156 1333.2
vn 0.359281 0.882746 0.302781
v 22.7642 -8.8 1339
vn 0.441763 0.896471 -0.0344274
v 21.345 -9.09219 1345.4
vn -0.0711376 0.890446 -0.449494
v 21.545 -9.07656 1345.6
vn -0.0509177 0.816417 -0.575213
v 21.545 -8.89219 1345.8
vn -0.220664 0.899565 -0.376948
v 21.745 -8.82969 1345.8
vn 0.552693 0.813641 0.180329
v 22.145 -8.81094 1346
vn 0.0423131 0.981373 -0.187395
v 21.545 -9.07031 1348.8
vn 0.190773 0.979539 -0.0640974
v 21.745 -9.04844 1349
vn 0.369204 0.899695 0.23289
v 21.345 -6.80781 1326.6
vn 0.101725 0.989246 0.105088
v 21.745 -6.84844 1326.6
vn 0.37269 0.899642 0.227479
v 21.745 -5.28906 1323.4
vn 0.490538 0.754299 0.436355
v 21.7561 -6 1324.4
vn -0.139219 -0.99019 0.0119365
v 21.345 -1.8 1300.14
vn -0.239782 -0.956716 -0.164924
v 21.745 -2.10781 1300.4
vn -0.382822 -0.89172 -0.241419
v 21.545 -2.46406 1303.2
vn -0.461743 -0.830639 -0.311178
v 21.766 -2.2 1302
vn 0.326119 0.910229 0.255206
v 22.545 -1.90156 1311
vn 0.199816 0.967073 0.157616
v 22.745 -2.07344 1312.4
vn 0.200385 -0.970711 0.132538
v 22.145 0.079688 1291.2
vn 0.00902936 -0.999886 0.0121065
v 22.745 0.239063 1291
vn -0.286263 -0.934643 -0.21094
v 21.345 -0.6 1295.89
vn -0.298258 -0.928895 -0.219537
v 21.345 -1.11406 1297.6
vn 0.319811 0.927937 0.19145
v 21.345 -0.179687 1307.8
vn -0.797367 0.216784 -0.563214
v 21.6278 1.8 1267.4
vn -0.772093 -0.321483 -0.548198
v 21.7754 1.6 1267.2
vn -0.703262 -0.520667 -0.484075
v 21.345 0.4 1269.02
vn -0.122499 -0.988631 -0.0871911
v 22.145 0.404688 1277.4
vn 0.21977 -0.956346 0.192621
v 22.745 0.514063 1281.4
vn 0.269138 0.947115 0.174752
v 21.545 0.895313 1302.8
vn 0.118813 0.992057 0.0413159
v 21.545 0.873438 1303.2
vn 0.279215 0.942969 0.18124
v 21.745 0.851563 1303.2
vn 0.226151 0.966065 0.124799
v 21.945 0.845313 1302.8
vn -0.747882 0.419462 -0.514513
v 21.745 2.2 1267.56
vn -0.292539 0.93916 -0.179997
v 21.945 2.29219 1267.8
vn 0.211129 0.958387 0.19214
v 22.145 2.95781 1293.8
vn -0.3424 0.9169 -0.205077
v 21.545 3.70781 1271.8
vn -0.198517 -0.932075 -0.303029
v 23.945 -11.2141 1328
vn 0.317435 -0.946762 0.0536439
v 24.345 -11.0422 1328
vn 0.127119 -0.991185 -0.0373364
v 22.945 -11.2609 1330.6
vn -0.335769 -0.891286 -0.304742
v 23.945 -11.2422 1329.8
vn -0.16257 -0.967931 -0.19152
v 24.145 -11.4859 1330.4
vn -0.0170351 -0.994086 -0.107255
v 24.345 -11.5109 1330.6
vn 0.285748 -0.945296 -0.157365
v 23.745 -11.6172 1331.8
vn 0.0713343 -0.995945 -0.0548119
v 22.945 -11.9172 1333
vn -0.226635 -0.943667 -0.241099
v 22.945 -11.9734 1333.4
vn -0.00649817 -0.988452 -0.151394
v 23.145 -11.8984 1332.4
vn -0.0372343 -0.975713 -0.215863
v 23.545 -11.8 1332.54
vn 0.159516 -0.976107 0.147546
v 24.345 -12.2734 1334.8
vn -0.31032 -0.949016 -0.0554091
v 23.945 -12.3234 1343.4
vn -0.201209 -0.976604 -0.0758889
v 23.545 -12.3391 1346
vn 0.0920294 -0.986766 0.133507
v 23.345 -12.3891 1346.8
vn 0.397497 -0.860917 0.317518
v 23.545 -12.2 1347.09
vn 0.828119 0.0845078 0.554146
v 23.6653 -11.8 1346.8
vn -0.236361 -0.927207 -0.290553
v 24.145 -9.6 1322.29
vn -0.277435 -0.920635 -0.2747
v 22.945 -10.6391 1327.2
vn -0.145161 -0.951324 -0.271867
v 23.945 -10.5828 1326
vn 0.175762 0.980479 0.0881348
v 23.945 -9.33281 1340.2
vn -0.383458 0.856418 -0.345699
v 23.145 -9.25781 1343.6
vn 0.59942 0.738755 0.308118
v 23.145 -9.40156 1345.6
vn 0.0999115 0.994966 -0.00774722
v 23.545 -9.37031 1346.6
vn 0.0123995 0.999376 -0.0330755
v 24.145 -9.52656 1345.2
vn 0.640008 0.600318 0.479592
v 23.2809 -9.6 1347.6
vn 0.543242 0.714723 0.440521
v 23.145 -9.37344 1347.4
vn 0.824786 -0.302724 0.477584
v 23.6747 -10.2 1347.6
vn 0.207947 0.973375 0.0964302
v 23.545 -9.43455 1347.2
vn 0.756518 -0.50439 0.416257
v 23.745 -10.4 1347.36
vn -0.559523 -0.699 -0.445346
v 24.345 -8 1316.4
vn -0.33778 -0.887335 -0.313914
v 23.1597 -9.2 1322.2
vn 0.344367 0.902674 0.258053
v 23.145 -8.55781 1333.8
vn 0.0222194 0.999707 0.0096293
v 23.945 -8.58281 1334.8
vn 0.306927 0.923481 0.230173
v 23.145 -9.08906 1339
vn 0.196228 0.979248 0.0506823
v 23.145 -9.10781 1339.6
vn -0.263778 0.922621 -0.281408
v 23.345 -9.08281 1343.8
vn -0.221889 -0.931941 -0.286796
v 24.145 -7.01406 1314.4
vn -0.266112 -0.915259 -0.302465
v 23.945 -7.50781 1316.2
vn 0.49582 0.72209 0.48244
v 22.945 -6.6 1324.34
vn 0.467393 0.727615 0.502116
v 22.9533 -6.2 1323.8
vn 0.32926 0.852623 0.405736
v 23.9167 -6.8 1323.4
vn 0.379765 0.696535 0.608783
v 23.9307 -6.6 1323.2
vn 0.0710712 0.916755 0.393077
v 24.345 -6.71094 1323.2
vn -0.068787 0.995448 0.0659606
v 24.345 -6.77656 1323.6
vn 0.386379 0.859896 0.333602
v 22.945 -6.75469 1324.6
vn 0.109143 0.979569 0.168913
v 23.945 -6.82344 1325
vn -0.23097 0.947991 -0.219011
v 23.4161 -7 1326.8
vn 0.27962 0.908222 0.311361
v 23.745 -7.10469 1326
vn 0.213816 0.943479 0.25324
v 23.945 -7.55781 1329
vn 0.16902 0.962656 0.211486
v 23.145 -4.77031 1317.6
vn 0.476128 0.777761 0.410353
v 22.945 -3.44531 1314.4
vn -0.253348 -0.90853 -0.332246
v 24.145 -2.26094 1298.8
vn -0.344348 -0.901847 -0.260951
v 23.345 -2.57031 1300.4
vn -0.176299 -0.970158 -0.166472
v 23.745 -2.65469 1300.6
vn 0.171238 -0.964229 0.202336
v 22.945 0.307813 1275.4
vn 0.0868594 -0.996151 0.0118123
v 24.345 0.367188 1276.6
vn 0.0871627 -0.995481 0.037694
v 22.945 0.232813 1278.4
vn -0.00143164 -0.999771 -0.0213515
v 23.745 0.354688 1278.2
vn -0.168381 -0.973128 -0.157063
v 22.945 0.170313 1280.2
vn 0.0405854 0.997954 0.0494072
v 24.345 0.2 1301.52
vn 0.00680987 0.999633 -0.0262045
v 23.545 -0.348437 1305
vn 0.314907 0.909567 0.271148
v 23.945 -0.467187 1305.4
vn 0.431484 0.809867 0.397413
v 24.145 1.52344 1296
vn 0.292328 0.931472 0.216573
v 23.345 1.05781 1299.4
vn 0.188232 0.96836 0.163851
v 23.3891 3.4 1288.4
vn 0.0833476 0.995555 0.0438637
v 23.545 2.82656 1291.8
vn 0.296029 0.911745 0.284759
v 23.1432 2.4 1293.8
vn 0.149827 0.978473 0.141925
v 23.945 2.06719 1295
vn 0.523086 0.665039 0.533014
v 24.145 2 1295.41
vn 0.0885307 0.988279 0.124364
v 24.345 2.03594 1295
vn 0.333437 0.905509 0.262437
v 23.345 2.00469 1296.2
vn 0.117044 0.987098 0.109263
v 23.745 2.02031 1295.6
vn 0.0512582 0.987471 0.149246
v 23.745 3.93906 1286
vn -0.07147 -0.990993 -0.113244
v 25.945 -12.4578 1334.6
vn 0.00240559 -0.997536 0.0701142
v 25.945 -12.6 1339.11
vn -0.0215471 -0.999672 0.0138689
v 25.545 -12.5453 1342.2
vn 0.102426 -0.990039 0.0965979
v 25.545 -12.4953 1343.4
vn -0.326542 -0.887085 -0.326267
v 24.745 -11.0254 1328.4
vn 0.397604 -0.910885 0.110449
v 25.545 -11.2703 1328.6
vn -0.538082 -0.743619 -0.396861
v 25.945 -11.6 1329.1
vn -0.332287 -0.900071 -0.281882
v 24.945 -11.5109 1329.2
vn -0.166355 -0.959786 -0.226135
v 24.545 -11.4953 1330.8
vn 0.803422 -0.321283 0.501288
v 24.945 -11.2 1344.79
vn 0.788321 0.218868 0.575019
v 25.145 -12 1344.73
vn 0.518325 -0.78049 0.349535
v 25.8037 -12.2 1343.8
vn 0.0881851 -0.981471 -0.17011
v 25.345 -10.7453 1326.4
vn -0.0669822 -0.970141 -0.233108
v 25.945 -10.6516 1326.2
vn -0.076859 0.995075 0.0625965
v 24.745 -9.27656 1339.6
vn -0.187641 0.978317 -0.0876714
v 24.945 -9.38281 1341
vn 0.0209101 0.997849 0.062132
v 25.145 -9.43281 1342.6
vn 0.150882 0.981147 0.120772
v 25.8033 -9.4 1342.6
vn 0.159844 0.985206 0.0617936
v 24.945 -9.53906 1345
vn 0.800275 -0.126753 0.586083
v 25.6841 -10.6 1344
vn 0.786879 -0.374583 0.490418
v 25.5872 -10.4 1344.2
vn 0.805886 -0.125978 0.578513
v 24.545 -10.8 1345.38
vn 0.843588 0.18055 0.505728
v 25.0559 -10 1345.4
vn -0.128766 -0.961844 -0.241404
v 24.545 -8.2 1316.74
vn 0.245801 0.916057 0.316894
v 25.545 -8 1328.87
vn 0.101107 0.980837 0.166542
v 25.945 -8.03281 1329
vn -0.00820668 0.995614 0.0931912
v 24.745 -8.58281 1332.2
vn -0.00688826 0.999503 0.030755
v 24.545 -8.6 1334.93
vn 0.363885 0.847514 0.386403
v 25.745 -8.65781 1335.6
vn 0.313559 0.914449 0.255858
v 25.145 -9.10469 1342
vn -0.285728 -0.911092 -0.297104
v 24.745 -6.02344 1309.8
vn -0.186758 -0.93884 -0.289312
v 24.945 -6.66094 1312.8
vn -0.285995 -0.896136 -0.339333
v 25.745 -6.61094 1312
vn 0.198156 0.912121 0.358845
v 25.145 -6.11094 1321.8
vn -0.125029 0.992113 0.00890564
v 24.945 -6.8 1325.55
vn 0.166905 0.951055 0.260073
v 25.145 -7.32656 1326.8
vn -0.160687 -0.97074 -0.17845
v 24.945 -4.73594 1306.6
vn 0.25399 0.91835 0.303517
v 24.545 -5.57969 1320.8
vn 0.292784 0.870706 0.395155
v 24.945 -5.84844 1321
vn 0.323778 0.874602 0.360887
v 25.745 -3.01094 1311.2
vn 0.373412 0.848205 0.375648
v 25.945 -4.08906 1313.4
vn 0.29269 0.926602 0.236098
v 25.345 -1.37969 1306
vn 0.363594 0.882414 0.298571
v 25.4256 -1.6 1307.2
vn 0.0595882 0.99538 0.0752858
v 25.745 -1.92656 1307.4
vn -0.0268767 0.998871 0.0391652
v 25.9835 -2 1308.4
vn 0.329855 0.896564 0.295582
v 24.545 -2.14219 1310.6
vn 0.14682 -0.98433 0.0976672
v 24.745 -0.673437 1268
vn 0.444976 -0.847368 0.289765
v 25.345 -0.379687 1268.2
vn 0.733091 -0.448622 0.51119
v 24.945 0.065958 1269.2
vn -0.0710654 -0.993228 -0.0919082
v 25.145 0.367188 1286.2
vn -0.187308 -0.946668 -0.262175
v 25.945 -1.09844 1292.2
vn 0.21325 0.954927 0.206493
v 25.345 0.2 1299.79
vn 0.129136 0.984295 0.120361
v 24.945 0.110938 1301.6
vn 0.39732 0.846628 0.35406
v 25.145 -0.454687 1302.2
vn 0.147015 0.979659 0.136581
v 25.745 -0.560937 1302
vn -0.299306 0.920259 -0.25207
v 25.945 -0.326562 1302.4
vn -0.079152 0.996571 -0.0240898
v 25.945 -0.248437 1302.8
vn 0.121722 -0.991393 0.048207
v 24.945 0.420313 1275.2
vn 0.176291 -0.981653 0.0726499
v 25.345 0.4 1277.58
vn 0.166916 -0.978309 0.122681
v 24.545 0.6 1279.05
vn -0.29817 0.936368 -0.185227
v 25.345 2.61094 1263.2
vn -0.455825 0.835897 -0.305779
v 25.345 2.68594 1263.8
vn -0.608757 0.675081 -0.41675
v 25.545 2.91137 1263.8
vn 0.0731848 0.975661 0.20671
v 25.345 3.30781 1287.6
vn -0.0617056 0.997133 0.0437906
v 24.545 4 1269.35
vn -0.228424 0.971785 -0.0587999
v 24.745 4 1269.67
vn -0.552673 0.791524 -0.26085
v 25.745 4.4 1268.79
vn -0.232649 0.971186 -0.0516955
v 25.945 4.63281 1270.4
vn -0.157911 0.987444 0.00431853
v 25.345 4.34219 1273.2
vn 0.437269 -0.862689 0.254094
v 26.545 -12.4391 1342.2
vn 0.0801757 -0.978723 -0.188871
v 26.745 -11.3734 1328.2
vn 0.125604 -0.990323 -0.0590209
v 27.345 -12.2672 1332.8
vn 0.747219 0.336933 0.572836
v 26.4809 -11.4 1342.4
vn 0.64487 -0.65677 0.390892
v 26.7497 -12 1342.6
vn -0.108614 -0.950072 -0.292517
v 27.545 -10.7422 1325.2
vn 0.347676 0.887072 0.303685
v 26.345 -9.27344 1341.2
vn 0.788175 0.0625865 0.612261
v 26.745 -10.8 1341.84
vn 0.655749 -0.668782 0.350319
v 26.9979 -10.6 1341.8
vn 0.697566 -0.51297 0.500264
v 27.345 -10.6 1341.2
vn 0.677989 -0.582995 0.447714
v 27.6434 -10.4 1341
vn 0.849932 0.00913318 0.526814
v 26.6591 -10 1342.6
vn 0.837516 -0.191981 0.511576
v 26.8653 -10.4 1342.4
vn -0.240014 -0.918939 -0.31296
v 26.745 -7.90469 1315.8
vn -0.160223 -0.942656 -0.292794
v 27.1117 -8.2 1316.2
vn -0.00868497 -0.971869 -0.235362
v 27.345 -8.54844 1317.2
vn 0.0690965 0.961364 0.266469
v 27.545 -7.68281 1327
vn -0.0908064 0.990868 0.0996771
v 26.345 -8.4 1331.8
vn -0.126587 0.988235 0.085834
v 26.545 -8.4 1332
vn 0.0759759 0.983055 0.166823
v 27.345 -8.25469 1333.2
vn -0.0109997 0.986723 0.162037
v 27.145 -8.8 1335.01
vn -0.474238 0.805363 -0.355653
v 26.345 -9.05156 1339.8
vn 0.0821424 0.954195 0.287689
v 26.345 -6.45781 1321.8
vn -0.01645 0.990776 0.134505
v 26.745 -6.67344 1322.4
vn -0.268004 0.95938 -0.0881139
v 27.345 -6.46406 1322.8
vn 0.0656248 0.96195 0.265228
v 26.345 -6.77969 1325
vn 0.107454 0.958747 0.263167
v 26.545 -7.25156 1326
vn 0.19776 -0.978068 0.0653672
v 26.745 -4.53906 1304.8
vn -0.435744 -0.797796 -0.416711
v 26.6067 -5 1306
vn 0.136958 0.954032 0.266581
v 26.745 -4.72344 1316
vn 0.111678 0.941236 0.318751
v 26.145 -5.82344 1320.4
vn 0.216339 0.883025 0.416491
v 26.945 -5.69844 1319.8
vn 0.310819 0.835969 0.452269
v 27.345 -5.8 1319.67
vn -0.215066 0.976575 -0.00686909
v 27.545 -4.2 1312.86
vn -0.0262242 0.984367 0.174166
v 26.345 -4.34219 1315.2
vn 0.120186 0.980854 0.153234
v 26.145 -1.53594 1306.2
vn 0.202239 0.947052 0.249384
v 27.545 -1.87031 1305.4
vn -0.0602168 0.998107 0.0125134
v 27.545 -1.87344 1306
vn -0.419866 -0.836506 -0.352095
v 27.345 -0.204687 1261.2
vn -0.0904585 -0.990719 -0.101456
v 26.145 -0.6 1264.5
vn 0.783979 -0.260817 0.56334
v 27.4059 0.2 1265.6
vn -0.206623 -0.95911 -0.193432
v 26.145 0.048438 1286.6
vn -0.193851 -0.950369 -0.243353
v 27.345 -0.460937 1288.8
vn 0.373241 0.824348 0.425608
v 27.145 -0.857812 1303
vn -0.77416 -0.101686 -0.624769
v 27.345 1.6 1260
vn 0.186002 -0.979722 0.0744871
v 27.345 0.679688 1266.6
vn 0.434697 0.734293 0.521395
v 27.52 1.8 1292.6
vn 0.191651 0.940028 0.282165
v 27.545 1.42969 1293.2
vn 0.179003 0.949395 0.258082
v 26.545 0.839063 1296.6
vn 0.0834026 0.969137 0.231984
v 27.145 0.857813 1296.2
vn -0.774967 0.206753 -0.597226
v 26.345 2.52031 1261.4
vn -0.27521 0.941471 -0.194659
v 27.545 2.8 1261.06
vn -0.705567 0.466201 -0.533697
v 26.5266 2.8 1262.4
vn 0.149747 0.96363 0.221342
v 27.345 2.42344 1290.2
vn 0.207277 0.948095 0.241148
v 26.145 2.56719 1290.8
vn 0.0858644 0.987253 0.134012
v 26.545 2.07656 1293
vn -0.357034 0.923917 -0.137495
v 26.145 4.61406 1268.6
vn -0.282919 0.954618 -0.0930661
v 26.545 4.73906 1270.2
vn 0.343229 -0.935867 0.0796679
v 28.945 -12.2203 1338.2
vn 0.776938 0.1926 0.599393
v 27.745 -11.2 1340.92
vn 0.801715 -0.0124275 0.597577
v 27.8497 -10.6 1340.6
vn 0.430386 0.857209 0.282773
v 27.8752 -9.8 1340.4
vn -0.273705 -0.903841 -0.328872
v 27.945 -7.62656 1314
vn -0.133864 0.979871 0.148099
v 28.145 -7.76094 1327.2
vn 0.113714 0.972838 0.201631
v 28.545 -8.80156 1337.6
vn -0.148996 -0.943446 -0.296159
v 27.745 -7.26719 1312
vn -0.0991333 -0.96435 -0.245361
v 28.745 -7.22969 1312.2
vn -0.14001 -0.945082 -0.295326
v 28.945 -7.40781 1312.6
vn -0.0878858 -0.963498 -0.25288
v 28.545 -5.92656 1307.8
vn -0.0433039 0.975375 0.21626
v 28.745 -4.65781 1316
vn -0.108241 -0.970197 -0.2168
v 29.145 -3.81719 1299.2
vn -0.230477 -0.930108 -0.285972
v 27.945 -4.00508 1301.2
vn 0.0996753 -0.990452 -0.0952388
v 28.745 -4.34531 1301.6
vn -0.27872 -0.89806 -0.340298
v 28.545 -4.36719 1303
vn 0.380314 -0.917374 0.117411
v 28.945 -4.2 1302.09
vn 0.215414 0.907584 0.360401
v 28.745 -2.99219 1309
vn 0.129198 0.946935 0.294316
v 28.545 -3.91094 1310.8
vn -0.192985 -0.944945 -0.264264
v 29.2969 -2.6 1295.2
vn 0.121733 0.968957 0.215182
v 28.745 -1.37344 1303.2
vn -0.102797 0.994672 -0.00782443
v 28.3013 -1.8 1305.4
vn 0.196342 0.93816 0.285142
v 29.145 -2.32031 1306
vn -0.0988466 -0.982012 -0.160878
v 28.945 -0.2 1259.67
vn -0.149837 -0.943287 -0.296242
v 28.145 -0.835937 1290.2
vn 0.279354 0.87978 0.38464
v 27.745 -0.364062 1299.4
vn 0.51113 0.648586 0.563989
v 27.745 0 1299.05
vn -0.199338 0.978773 -0.0476132
v 28.345 -0.354687 1299.4
vn 0.74298 -0.377168 0.552924
v 28.145 0.6 1264.76
vn 0.0640875 -0.996076 -0.0610356
v 28.345 1.07656 1279.6
vn -0.0890412 0.995511 0.0320715
v 29.145 0.6 1296.76
vn -0.0602591 0.996991 0.0487715
v 28.745 0.573438 1297.4
vn -0.453655 0.812324 -0.366506
v 29.145 2.68281 1258.4
vn -0.703218 0.462538 -0.539948
v 27.945 3.2 1260.73
vn 0.0417612 0.957046 0.286912
v 29.145 3.4 1285.68
vn -0.0351955 0.994767 0.0959207
v 28.745 4.92969 1266
vn -0.105177 0.994195 0.0226848
v 29.145 4.83281 1266
vn -0.511394 0.780071 -0.360507
v 29.145 4.98594 1266.6
vn 0.212341 0.913537 0.34693
v 28.545 4.43281 1281.2
vn -0.467154 0.840035 -0.275879
v 28.745 5.27344 1267.6
vn 0.0186473 0.982876 0.183322
v 28.545 5.2 1275.38
vn 0.62118 -0.730038 0.28492
v 29.345 -11.8 1338.58
vn 0.192266 -0.966806 -0.168288
v 30.145 -9.78281 1321.4
vn 0.226018 -0.956936 -0.18218
v 30.345 -10.6797 1326.4
vn 0.821473 0.0612757 0.566946
v 30.745 -9.4 1336.3
vn 0.00133726 -0.969544 -0.244913
v 30.1629 -8.2 1315.6
vn -0.20106 0.977589 0.0624116
v 29.345 -8.11719 1332
vn -0.100583 0.976048 0.192905
v 30.345 -8.46719 1335.4
vn -0.0362901 -0.968197 -0.247543
v 29.345 -6.04531 1308.4
vn 0.154914 -0.981375 -0.113597
v 30.745 -6.62656 1309.6
vn 0.0229224 -0.975854 -0.217216
v 30.545 -6.95781 1310.8
vn -0.164332 0.97423 0.154504
v 29.945 -6.02656 1319.8
vn -0.256972 0.958812 0.121019
v 30.145 -7.11719 1327
vn -0.189788 0.959861 0.206512
v 29.945 -7.34219 1328.2
vn -0.190866 -0.930923 -0.311372
v 29.345 -4.92656 1303.2
vn 0.243264 0.828645 0.504154
v 29.3582 -5.4 1317.8
vn -0.311086 0.939608 0.142699
v 30.345 -5.29219 1317.4
vn 0.042555 0.903364 0.426758
v 30.345 -5.2 1317.01
vn 0.359472 0.754905 0.548542
v 29.545 -5.69844 1318
vn -0.133111 0.966124 0.2211
v 29.745 -5.61719 1318.6
vn -0.125834 0.933446 0.335922
v 30.095 -5.8 1319.2
vn 0.0745213 0.943968 0.321512
v 29.345 -5.96719 1319.8
vn -0.466326 0.869545 -0.162578
v 30.145 -5.87031 1320
vn -0.24133 0.970284 0.0175864
v 30.545 -5.63594 1320.2
vn 0.435172 -0.895984 0.0885319
v 30.145 -3.82344 1300
vn -0.369636 -0.834737 -0.408147
v 30.545 -4.05469 1300.2
vn 0.00467813 0.970631 0.240528
v 29.745 -4.02656 1312.8
vn 0.0833011 0.974803 0.206932
v 29.345 -1.69531 1304
vn -0.0681916 -0.977053 -0.201785
v 30.145 -0.026562 1258
vn -0.507055 -0.646699 -0.569804
v 30.545 0.017188 1257.4
vn -0.0456474 -0.966068 -0.254223
v 30.545 0 1257.97
vn -0.459439 -0.682394 -0.568554
v 30.745 0.070313 1257.2
vn 0.351894 -0.92736 0.127175
v 30.745 0.132813 1257.4
vn 0.140716 -0.975786 -0.167453
v 30.745 0.126563 1257.6
vn -0.0263974 0.994712 0.0992552
v 29.745 0.023438 1299.2
vn 0.384667 0.80136 0.458098
v 29.945 -0.179687 1299.6
vn -0.614501 -0.480389 -0.625791
v 30.7007 0.6 1256.6
vn 0.692589 -0.506336 0.513755
v 30.545 0.4 1261.57
vn 0.217669 -0.970627 0.102487
v 30.145 0.810938 1264.4
vn 0.047078 -0.992842 -0.109764
v 30.145 0.6 1281.89
vn 0.25982 0.850947 0.45649
v 29.945 1.95156 1290.4
vn 0.080997 0.957768 0.2759
v 30.145 1.68906 1291.8
vn -0.0146463 0.977379 0.210986
v 30.145 1.81094 1290.8
vn -0.708352 -0.1755 -0.683694
v 30.145 2.2 1256.69
vn 0.228693 0.886339 0.402621
v 30.632 2.4 1289.4
vn -0.525474 0.755032 -0.392179
v 29.345 3.65781 1259.6
vn -0.334055 0.920517 -0.202622
v 29.945 4.47969 1261
vn -0.283858 0.944659 -0.16445
v 30.4867 4.8 1262.6
vn -0.344407 0.926542 -0.151343
v 30.345 4.94219 1278.4
vn 0.0778144 0.963301 0.256896
v 29.345 4.24219 1281
vn 0.172078 0.904054 0.391249
v 30.745 4.26094 1282.4
vn 0.0231507 0.97505 0.220775
v 29.745 4.32969 1283
vn -0.310533 0.938811 -0.149004
v 30.145 5.47656 1272
vn 0.353901 -0.933371 -0.0597753
v 31.545 -11.2422 1332.2
vn 0.149246 -0.972552 -0.178516
v 31.545 -8.09844 1315.6
vn -0.0960175 -0.937091 -0.33562
v 32.345 -8.13281 1315.8
vn 0.34734 0.818901 0.456899
v 31.345 -8.68906 1334.8
vn 0.175168 -0.978711 -0.106957
v 30.945 -6.58594 1308.8
vn -0.0935456 0.918776 0.383536
v 31.345 -6.78906 1327
vn -0.262422 0.945447 0.193042
v 32.345 -6.48594 1326.4
vn -0.0531745 0.944019 0.325578
v 32.145 -6.82969 1328.4
vn -0.154751 0.97408 0.164988
v 31.345 -7.4 1330.15
vn -0.567191 0.799123 -0.199239
v 31.345 -7.4 1331.08
vn -0.275611 0.956456 0.0960736
v 31.345 -7.29531 1331.4
vn 0.197992 0.884713 0.421997
v 32.145 -7.30156 1331.6
vn -0.143554 0.963938 0.224089
v 32.145 -7.02969 1330.8
vn -0.0595121 -0.964689 -0.25658
v 31.945 -5 1303.23
vn 0.00765912 -0.979267 -0.202428
v 31.945 -5.48281 1304.6
vn -0.182159 0.964525 0.191074
v 31.745 -5 1316.7
vn -0.268452 0.954773 0.127833
v 30.945 -5.52031 1318.8
vn -0.0582004 0.965962 0.252052
v 31.345 -5.51094 1319.6
vn -0.212598 0.959766 0.183443
v 31.545 -5.95469 1321.4
vn -0.155236 -0.945862 -0.28504
v 31.545 -3.49531 1298.2
vn 0.100086 -0.982261 -0.158577
v 31.545 -4.31406 1300.6
vn -0.10387 -0.950047 -0.294314
v 31.745 -4.4 1300.96
vn -0.217909 0.975105 0.0410682
v 31.745 -3.03906 1308.6
vn -0.0571412 0.952645 0.298666
v 31.745 -3.92344 1314.2
vn 0.0317995 0.914243 0.403916
v 32.345 -4.37031 1315
vn 0.223587 -0.97079 -0.0870368
v 31.145 0.254688 1256.6
vn 0.279196 -0.959811 -0.0284992
v 31.345 0.282813 1256.8
vn 0.18899 -0.98065 -0.0510666
v 31.545 0.342188 1256.4
vn -0.271532 -0.906275 -0.323938
v 31.945 0 1256.88
vn 0.00333487 -0.994493 -0.104751
v 30.945 0.173438 1257.4
vn 0.00168141 -0.995599 -0.093702
v 31.945 -0.220312 1258
vn 0.0879227 -0.995383 0.0385128
v 30.945 0.764063 1261.6
vn 0.162364 -0.983683 0.0774972
v 31.145 0.754688 1261.8
vn 0.298761 -0.950942 0.0803206
v 31.745 1.74844 1269.2
vn 0.0773487 -0.987835 -0.134901
v 31.345 0.767188 1281.2
vn 0.049803 -0.987076 -0.152319
v 31.545 0.757813 1282
vn -0.0329883 -0.957328 -0.287116
v 32.145 0.845313 1281.8
vn -0.0458472 -0.963251 -0.264663
v 31.945 0.476563 1282.8
vn 0.252682 0.864196 0.435105
v 31.545 1.70156 1291
vn 0.132416 0.938102 0.320047
v 32.145 1.61719 1290.8
vn 0.0467748 0.972979 0.226104
v 30.945 1.11905 1293.8
vn -0.0469508 0.994245 0.0962968
v 30.945 0.854688 1295.2
vn 0.289989 0.829093 0.478028
v 32.145 0.964063 1294.4
vn -0.528931 0.749872 -0.397396
v 30.9477 2.8 1256.4
vn -0.729721 0.414734 -0.543602
v 30.945 2.98281 1257
vn -0.668878 0.523893 -0.527388
v 31.0684 3.2 1257
vn -0.20394 0.972181 -0.115205
v 31.145 4.66094 1261
vn -0.407248 0.883444 -0.231679
v 30.945 5.14844 1264.6
vn -0.204598 0.978661 0.0190274
v 31.545 5.09844 1276.6
vn -0.209209 0.977421 0.0296678
v 31.145 4.63906 1279.4
vn 0.174819 0.909397 0.377406
v 31.345 4.89531 1278.6
vn 0.130059 0.925914 0.354639
v 31.145 4.6 1281.6
vn -0.448397 0.837672 -0.311842
v 31.745 5.22656 1261.6
vn -0.346707 0.915047 -0.206115
v 31.145 5.40469 1263.4
vn -0.49866 0.793804 -0.348157
v 31.9287 5.8 1264.4
vn -0.195603 0.980682 0.00160655
v 31.145 5.82031 1265.8
vn -0.215867 0.975448 0.0436118
v 31.745 5.48906 1267.6
vn -0.303272 0.948963 -0.0865756
v 31.745 5.65156 1270
vn -0.405831 0.900485 -0.156293
v 32.5158 5.4 1276
vn 0.529416 -0.845762 0.0663815
v 33.545 -10.3453 1331.6
vn 0.0520162 -0.960727 -0.272578
v 32.745 -7.66094 1314.6
vn 0.14843 0.88791 0.435413
v 32.545 -7.95781 1332.4
vn 0.827689 0.0261339 0.560579
v 32.7872 -9.2 1333.2
vn 0.830177 -0.0047872 0.55748
v 33.145 -8.4 1332.74
vn 0.819099 0.0524296 0.571252
v 33.345 -8 1332.41
vn 0.145622 -0.977795 -0.150705
v 33.545 -7.23281 1311.6
vn -0.516968 0.834779 -0.189441
v 32.545 -6.33519 1326.6
vn -0.539072 0.811202 -0.226612
v 32.545 -6.22344 1327
vn 0.146438 0.878633 0.454489
v 32.745 -6.92969 1328.4
vn 0.000357597 0.88287 0.469617
v 32.945 -6.57656 1327.8
vn -0.775486 0.578487 -0.252933
v 33.0466 -6.6 1328.6
vn -0.798735 0.516341 -0.308891
v 33.145 -6.40312 1328.6
vn -0.64067 0.76632 -0.0479066
v 33.345 -6.37119 1328
vn -0.0116596 0.94035 0.340008
v 32.945 -6.87344 1330.6
vn 0.301989 0.79533 0.525597
v 33.745 -7.6 1331.51
vn 0.028644 -0.982612 -0.183451
v 33.945 -5 1303.14
vn -0.280673 -0.86429 -0.417404
v 32.545 -5.34219 1304.8
vn -0.13533 -0.923498 -0.358938
v 33.745 -5.12344 1303.6
vn -0.123909 -0.927876 -0.3517
v 32.545 -5.71719 1305.4
vn 0.0370717 -0.976783 -0.211001
v 32.745 -5.86719 1306.2
vn -0.241017 -0.891286 -0.384083
v 33.745 -5.70781 1305.2
vn 0.149854 -0.985664 -0.0775319
v 33.945 -5.77031 1305.8
vn -0.313659 0.944114 0.101326
v 32.545 -4.62656 1317
vn -0.539614 0.834181 -0.113838
v 33.945 -5.49531 1323.2
vn -0.606975 0.763337 -0.221127
v 33.545 -5.40781 1324.6
vn -0.0597168 0.866919 0.494858
v 33.945 -5.55469 1324.8
vn -0.0389919 -0.968084 -0.247573
v 32.745 -3.07031 1296.2
vn 0.0607605 -0.987726 -0.143891
v 32.745 -3.88594 1298.2
vn 0.111887 -0.981855 -0.153106
v 33.945 -3.58281 1297.8
vn 0.0989168 -0.980728 -0.168485
v 33.945 -4.14844 1299.4
vn 0.259877 0.933029 0.24884
v 33.545 -2.83906 1307.2
vn 0.139305 0.858713 0.49316
v 32.745 -3.87031 1314.2
vn 0.0218019 0.910006 0.414022
v 33.545 -4.37031 1314.6
vn -0.419209 0.90768 -0.0194963
v 34.1311 -4 1314.6
vn 0.0784632 0.876704 0.474587
v 33.945 -3.8 1313.42
vn 0.052114 0.963467 0.262707
v 33.145 -2.67031 1306.8
vn 0.394501 0.916975 0.0593729
v 33.145 -2.65469 1307.2
vn -0.117065 0.980632 0.157026
v 33.145 -2.67031 1307.6
vn 0.205708 0.959413 0.192902
v 33.345 -2.71719 1307
vn 0.445741 0.892408 0.0701555
v 33.345 -2.77031 1307.4
vn -0.038317 0.992077 -0.119643
v 33.545 -2.67969 1307.6
vn -0.209279 0.969339 -0.128777
v 33.745 -2.69844 1307.4
vn -0.040465 0.987837 0.150136
v 33.945 -2.69219 1307.6
vn -0.264068 -0.946291 -0.18655
v 33.345 -0.098437 1255.4
vn 0.138157 0.930244 0.339941
v 33.545 -0.017187 1296.2
vn -0.149448 0.983588 0.10109
v 32.945 -0.335937 1298.4
vn 0.147507 0.904008 0.401261
v 33.345 -0.692187 1298.8
vn -0.769736 0.10861 -0.629055
v 33.545 0.8 1253.97
vn -0.744032 0.0263057 -0.667626
v 33.745 1.2 1253.85
vn -0.460152 -0.59567 -0.65836
v 32.945 1.41429 1254.4
vn -0.774101 -0.288505 -0.563501
v 33.2403 0.8 1254.6
vn -0.828968 0.155525 -0.537237
v 33.5778 1 1254
vn -0.796026 -0.0561631 -0.602651
v 33.545 1.2 1254.08
vn -0.626439 -0.391381 -0.674089
v 33.5569 1.4 1254
vn 0.30369 -0.930219 0.206073
v 33.745 0.904688 1258.2
vn 0.307803 -0.928532 0.207569
v 33.945 0.945313 1258.2
vn -0.316504 -0.845561 -0.429944
v 32.545 1.7339 1275.2
vn 0.191796 -0.981405 0.00758517
v 32.745 1.56094 1275.4
vn 0.121105 -0.991425 -0.0490978
v 32.545 1.61094 1276.6
vn 0.0799274 0.954936 0.285847
v 32.945 0.751563 1295.4
vn 0.301291 0.833291 0.463519
v 33.4672 0.6 1295.4
vn -0.574541 -0.482388 -0.661214
v 33.545 2 1253.4
vn -0.60212 0.628944 -0.491815
v 32.545 3.16094 1254.8
vn 0.0685106 0.93813 0.339438
v 32.8677 2.6 1288.2
vn -0.511395 0.735411 -0.444574
v 33.145 4.2 1255.98
vn -0.341814 0.911679 -0.228046
v 32.945 4.94844 1259.6
vn -0.068901 0.970735 0.230057
v 33.145 4.70781 1281
vn -0.206801 0.976946 -0.0530034
v 33.345 5.68594 1261.6
vn -0.533469 0.770956 -0.347903
v 33.916 6.2 1268
vn -0.449508 0.861746 -0.235236
v 32.945 6.15156 1269.4
vn -0.346193 0.923616 -0.164569
v 32.545 6.25469 1270.2
vn 0.0201303 0.964438 0.263542
v 33.545 5.26719 1276.6
vn 0.80805 0.141784 0.571797
v 34.145 -9.8 1331.53
vn 0.172663 -0.966559 -0.18961
v 34.145 -8.25781 1318.4
vn 0.36076 -0.932651 -0.00381855
v 35.345 -6.42656 1310
vn 0.0446749 -0.964395 -0.260667
v 35.545 -6.45781 1310.4
vn 0.747302 0.256953 0.612792
v 34.345 -7.6 1330.95
vn 0.216138 -0.965533 -0.14502
v 35.145 -4.69531 1301.2
vn 0.468253 -0.878715 0.0927335
v 35.3418 -4.6 1301.2
vn 0.432543 -0.900181 0.0508036
v 35.2321 -4.6 1301.6
vn 0.260848 -0.965263 -0.0150194
v 34.545 -4.90469 1302.2
vn 0.0265197 -0.968255 -0.248553
v 34.745 -4.82656 1302.6
vn 0.011564 -0.972682 -0.231853
v 34.545 -5.6 1304.45
vn 0.140802 -0.981799 -0.127456
v 34.945 -5.49531 1305
vn -0.0563994 -0.958451 -0.279626
v 35.145 -5.65781 1306.8
vn -0.303424 0.944402 0.126643
v 34.545 -4.47031 1319.2
vn -0.36984 0.918161 0.142119
v 34.545 -5.33281 1324.6
vn -0.182881 0.929647 0.319861
v 34.345 -5.92031 1327
vn -0.146243 0.93587 0.320564
v 34.945 -5.68594 1327.2
vn -0.22337 -0.892721 -0.391351
v 34.195 -3.2 1295.6
vn 0.435667 -0.8814 0.182562
v 34.345 -3.49844 1296.8
vn 0.00551798 -0.967838 -0.251512
v 34.545 -3.52031 1296.4
vn 0.520799 -0.827465 0.209928
v 34.545 -3.42656 1296.6
vn 0.0663038 -0.968076 -0.24173
v 35.345 -3.63906 1297
vn -0.150805 -0.924395 -0.35036
v 34.345 -3.91312 1298
vn -0.206231 0.973025 0.103401
v 34.345 -3.32656 1310.6
vn -0.181413 0.96818 0.172386
v 34.745 -3.06719 1311.8
vn -0.292559 0.933345 0.208031
v 34.5611 -3.8 1313.8
vn -0.255318 0.952539 0.165779
v 34.345 -4.4 1316.71
vn -0.643591 0.731742 -0.224375
v 35.145 -4.39219 1323.2
vn -0.0921916 -0.938364 -0.333128
v 34.745 -1.47344 1289.2
vn 0.109702 -0.978239 -0.176106
v 35.145 -2.35781 1292.4
vn 0.100033 0.914647 0.391681
v 35.145 -2.20469 1305.2
vn -0.381659 -0.774941 -0.503788
v 34.545 0.2 1253.84
vn 0.415212 -0.872543 0.257427
v 34.745 0.148334 1254.6
vn 0.0255028 -0.974735 -0.221903
v 34.345 0.164063 1284
vn -0.194831 0.975459 0.102573
v 35.145 0.270313 1296
vn -0.0632422 0.969588 0.236429
v 34.145 -0.707812 1299
vn -0.0983026 0.976947 0.189505
v 34.745 -1.09219 1300.2
vn -0.686238 -0.074318 -0.723571
v 34.1591 1 1253.4
vn 0.281859 -0.946091 0.159582
v 34.945 0.976563 1256.8
vn -0.118313 -0.942535 -0.312457
v 34.945 0.660938 1282
vn -0.214588 0.97567 0.0449406
v 34.545 1.8 1290.82
vn 0.0530181 0.956456 0.287021
v 34.145 1.04844 1293.2
vn -0.174705 0.983139 0.0540043
v 34.345 1.08906 1293.2
vn -0.630873 0.503609 -0.590235
v 35.145 2.8 1251.67
vn -0.0727913 0.973088 0.218633
v 35.545 2.08281 1289.4
vn -0.538957 0.68809 -0.485857
v 34.145 3.98889 1254.8
vn -0.318315 0.930988 -0.178707
v 35.145 5.15781 1257
vn -0.351462 0.91742 -0.186585
v 34.7402 6.2 1261
vn -0.108448 0.993612 0.0312012
v 35.545 6.30156 1261.4
vn -0.22277 0.971811 -0.0771783
v 34.545 6.12969 1263
vn -0.227814 0.973279 0.0287763
v 34.345 6.49219 1266
vn -0.425566 0.892195 -0.151268
v 34.945 6.42031 1266.6
vn -0.422589 0.903105 -0.0762883
v 35.545 6.78594 1266.6
vn -0.534728 0.772274 -0.343014
v 34.3016 6.6 1268
vn -0.059618 0.974419 0.216686
v 34.145 5.92969 1275
vn -0.279847 0.959935 -0.0144877
v 34.945 5.53906 1276
vn -0.249598 0.968219 0.0159091
v 34.7783 5.6 1276.8
vn -0.574503 0.790325 -0.212916
v 35.5617 6.8 1266.4
vn -0.296189 0.954939 -0.0190523
v 35.345 6.97969 1267.4
vn -0.478169 0.816203 -0.324295
v 35.4899 7 1267.2
vn 0.49204 -0.870432 -0.0156375
v 36.8155 -8.4 1325
vn 0.516517 -0.856277 0.000768057
v 36.745 -8.32344 1326.2
vn 0.797799 -0.503606 0.331508
v 36.7872 -8 1327.2
vn 0.634681 -0.764072 0.115645
v 36.945 -8.27656 1326.4
vn 0.218716 -0.966341 -0.135458
v 37.145 -6.01406 1311.2
vn 0.295569 -0.948157 -0.116775
v 36.145 -7.38906 1316.6
vn 0.117956 0.88056 0.459021
v 35.745 -6.10469 1327.8
vn -0.0862452 -0.929721 -0.358023
v 37.145 -4.45156 1300.8
vn 0.0692716 0.884486 0.461395
v 36.9662 -5.8 1327.2
vn 0.13839 -0.977999 -0.156098
v 36.345 -2.86719 1294.2
vn -0.0112965 -0.960234 -0.278967
v 36.345 -3.76719 1298.2
vn 0.37589 -0.92204 -0.0924636
v 35.745 -4.4 1300.76
vn 0.228185 -0.962001 -0.149955
v 36.145 -4.22656 1300.6
vn -0.318758 0.941433 0.109989
v 35.745 -3.8 1316.5
vn -0.270352 0.952982 0.136877
v 36.345 -3.70156 1316.6
vn -0.224157 0.951776 0.209466
v 35.995 -4.4 1319.6
vn -0.622969 0.757036 -0.196994
v 36.745 -3.78965 1320.6
vn -0.116677 0.910463 0.396792
v 36.145 -4.31176 1323.2
vn -0.103838 0.972308 0.209368
v 36.745 -1.92031 1304.2
vn 0.0388573 -0.989583 -0.13862
v 36.945 0.370313 1252
vn -0.540674 -0.502221 -0.674867
v 35.843 0.8 1252
vn 0.373831 -0.902117 0.21549
v 36.145 1.14531 1255.2
vn 0.313321 -0.939383 0.139249
v 35.945 1.09531 1256
vn 0.360957 -0.907359 0.215427
v 36.945 1.52656 1255.6
vn 0.328518 -0.933791 0.141808
v 36.945 1.55469 1256
vn -0.047137 -0.953906 -0.296382
v 36.145 1.4 1279.94
vn -0.0295358 0.972708 0.230144
v 35.945 1.29844 1292.8
vn 0.0930964 0.910603 0.402661
v 37.145 1.2 1292.49
vn -0.180185 0.971404 0.154624
v 35.745 0.504688 1294.6
vn 0.296385 0.74292 0.600188
v 36.945 0.673438 1295
vn -0.611299 -0.39827 -0.683882
v 36.145 2 1251.26
vn 0.279411 -0.956951 0.0785803
v 36.545 2.64531 1263
vn 0.276726 -0.957375 0.0828034
v 36.345 2.91406 1264.6
vn 0.200946 -0.979069 -0.0323324
v 36.145 2.73281 1270.6
vn 0.124479 -0.983406 -0.131974
v 36.145 2.28906 1274
vn -0.365464 0.928883 -0.0600985
v 35.745 2.12656 1289.6
vn -0.409338 0.905648 -0.110655
v 36.145 2.33594 1289.6
vn 0.193116 0.84649 0.496146
v 36.745 2.26852 1289.6
vn -0.0172132 0.949434 0.313495
v 36.945 3.92031 1284.4
vn -0.364873 0.907665 -0.207393
v 35.745 5.6 1257.38
vn 0.140984 0.861424 0.487926
v 36.745 6.51459 1273
vn -0.619761 0.64969 -0.440227
v 37.145 6.98906 1264.4
vn -0.641443 0.608878 -0.46671
v 36.3266 7.2 1265.8
vn -0.250171 0.968088 0.0147993
v 36.69 7.2 1266
vn -0.274176 0.958483 -0.0783422
v 37.085 7.4 1266.2
vn -0.208919 0.974862 0.0774375
v 35.945 6.89219 1268.4
vn -0.352553 0.934349 -0.0519471
v 37.145 6.8 1271.49
vn 0.262563 -0.934493 -0.240382
v 37.545 -7.8 1322.56
vn 0.251778 -0.957978 -0.13743
v 38.145 -6.56719 1314.8
vn 0.323218 -0.932572 -0.160748
v 37.945 -7.33906 1321.4
vn 0.210505 -0.93562 -0.283377
v 38.145 -7.32031 1321.6
vn 0.218779 -0.940213 -0.261026
v 38.545 -7.34531 1321.8
vn 0.644995 -0.751728 0.137429
v 38.745 -7 1322.34
vn -0.0167067 -0.964053 -0.265183
v 37.545 -5.19531 1304.2
vn 0.277766 -0.957016 -0.0834602
v 37.945 -5.43906 1307.2
vn -0.459451 0.888097 -0.013711
v 37.945 -3.47344 1317.8
vn -0.076094 0.931993 0.354398
v 38.545 -3 1316.56
vn 0.0971142 0.859125 0.502468
v 37.745 -4.12031 1324.2
vn -0.00361985 -0.944783 -0.327676
v 38.145 -1.8 1290.99
vn -0.012109 -0.951819 -0.30642
v 37.345 -2.47031 1292.6
vn 0.269294 -0.9509 -0.152545
v 37.545 -2.46406 1292.6
vn -0.00757837 -0.944824 -0.327489
v 37.545 -2.48906 1293.8
vn 0.245453 -0.955738 -0.162229
v 37.745 -2.28906 1293.2
vn -0.255767 0.953062 0.162034
v 38.745 -2.4 1312.23
vn -0.180869 -0.890198 -0.418131
v 38.145 -0.304687 1285.4
vn -0.112846 0.975915 0.186695
v 37.345 0.107813 1295.6
vn -0.109306 0.976538 0.18554
v 37.945 0.298438 1295.8
vn -0.0582409 0.969036 0.239955
v 38.145 0.048438 1296.4
vn -0.175432 0.960553 0.215781
v 38.745 -0.257812 1299.2
vn -0.0196236 0.939425 0.342192
v 37.945 -0.970312 1302
vn -0.51548 -0.550172 -0.656956
v 38.345 1.98959 1249.4
vn -0.560733 -0.390687 -0.730029
v 38.545 1.6 1249.47
vn 0.409864 -0.857083 0.312123
v 38.545 0.847541 1251.6
vn 0.392596 -0.881836 0.261217
v 38.4243 1.8 1254.8
vn -0.342018 -0.83304 -0.43482
v 37.545 1.61406 1278.6
vn 0.000224636 -0.97194 -0.235231
v 37.945 1.52969 1278.4
vn -0.134702 -0.914562 -0.381355
v 38.745 0.492188 1283.8
vn 0.0176686 0.956671 0.290634
v 37.345 1.86094 1290
vn -0.0972673 0.980024 0.17347
v 37.345 1.81406 1290.2
vn -0.208822 0.963682 0.166462
v 38.545 1.63281 1291.6
vn 0.294577 0.705348 0.644754
v 37.9353 0.6 1294.6
vn 0.184908 0.815608 0.548264
v 37.945 0.4 1294.79
vn 0.159812 0.803855 0.572955
v 38.345 0.620969 1294.4
vn -0.0612566 0.943155 0.326661
v 38.7888 0.6 1294.4
vn 0.512289 -0.80397 0.301983
v 37.745 2.2 1256.55
vn 0.336598 -0.932817 0.128665
v 38.145 2.72344 1258.4
vn -0.230422 0.970671 -0.0685839
v 37.945 4.21719 1250.2
vn -0.623043 0.523205 -0.581441
v 38.545 4.27656 1249.4
vn -0.402881 0.887322 -0.224382
v 38.745 4.35469 1249.8
vn -0.102574 0.969951 0.220621
v 38.145 4.81719 1282.2
vn -0.278481 0.960344 -0.0136827
v 38.345 6.77031 1274.2
vn -0.0935629 0.978938 0.181456
v 38.745 5.46094 1280.2
vn -0.237 0.969839 -0.0569479
v 38.545 7.46719 1264.2
vn -0.252955 0.965585 -0.0604862
v 37.945 7.55469 1265.6
vn -0.06581 0.922676 0.379919
v 38.745 7.6 1268.9
vn -0.39334 0.917732 -0.0552475
v 37.4614 7 1271.4
vn -0.419376 0.90394 -0.0837634
v 38.145 7.35469 1271
vn -0.180321 0.960841 0.210402
v 38.345 7.34844 1271.2
vn -0.460135 0.864425 -0.202598
v 38.545 7.37619 1270.4
vn 0.278458 -0.947255 -0.158645
v 39.545 -6.56406 1319.8
vn 0.418745 -0.907148 -0.0416607
v 38.945 -6.81719 1322.6
vn 0.768534 -0.480382 0.422598
v 39.8758 -6.6 1322.6
vn -0.0321634 -0.948895 -0.31395
v 40.345 -2.98906 1296.4
vn 0.134948 -0.97257 -0.189466
v 38.945 -4.17656 1300.2
vn -0.262786 0.945568 0.191949
v 39.145 -3.29531 1320.8
vn 0.775172 -0.0330924 0.630883
v 39.5854 -4.4 1323.6
vn 0.31409 -0.942711 -0.112439
v 38.9839 -1.6 1291
vn -0.310771 0.942793 0.120676
v 39.545 -2.29219 1314
vn -0.494267 0.853557 -0.16474
v 39.9924 -2 1314.2
vn -0.468127 0.883647 0.00500159
v 39.6966 -2.8 1321
vn -0.396564 0.904285 -0.158132
v 39.345 0.342188 1295.8
vn -0.114318 0.944987 0.30648
v 40.145 -0.048437 1299.6
vn -0.477513 -0.573169 -0.665927
v 38.945 1.95161 1249
vn -0.417894 -0.668626 -0.615064
v 40.1315 1.4 1248.4
vn 0.0924706 -0.993815 -0.0614928
v 39.145 0.901563 1250.2
vn -0.0815623 0.952322 0.293991
v 39.945 1.94219 1291.2
vn -0.17166 0.968559 0.180073
v 40.145 1.92344 1291.4
vn -0.167804 0.973763 0.153714
v 40.345 0.585938 1294.8
vn -0.64213 0.446858 -0.622886
v 39.145 3.4 1248.04
vn -0.528694 -0.563881 -0.634445
v 39.345 2.4 1248.13
vn 0.174877 -0.981657 0.0759441
v 40.345 3.49531 1259.6
vn -0.0193656 -0.947765 -0.318381
v 40.1796 3.2 1271.4
vn 0.0748646 -0.97757 -0.196855
v 40.3825 3 1271.8
vn -0.0761167 0.956426 0.281878
v 39.545 2.48281 1288.4
vn -0.49361 0.789862 -0.36396
v 39.1299 4.4 1249
vn -0.601475 0.55442 -0.575192
v 39.145 3.8 1248.31
vn -0.498429 0.77681 -0.384882
v 40.145 5.10167 1248.8
vn -0.422174 0.893603 -0.152456
v 38.945 4.37344 1249.4
vn 0.28528 -0.957402 0.0446821
v 39.945 3.72344 1266.2
vn -0.442016 0.833974 -0.330316
v 40.145 5.64219 1250
vn 0.103852 0.913034 0.394441
v 40.345 6.41476 1276.4
vn -0.172845 0.977052 0.124475
v 39.945 5.74219 1279.2
vn 0.0552997 0.915489 0.398525
v 39.145 5.4 1280.55
vn 0.0455743 0.911077 0.409709
v 39.345 5.2 1280.75
vn -0.0907387 0.915853 0.391126
v 40.145 5.6 1279.84
vn -0.0608689 0.91351 0.402236
v 40.345 5.38906 1280.2
vn -0.29503 0.944201 -0.14643
v 39.345 6.95156 1257.8
vn -0.271756 0.96037 -0.0619541
v 39.545 7.57969 1260.6
vn -0.162332 0.985177 0.0554563
v 38.945 7.68906 1265.6
vn -0.0450326 0.950093 0.308701
v 39.4763 8 1268.2
vn 0.150996 0.819133 0.553373
v 39.545 7.8 1268.47
vn 0.104564 0.875189 0.472346
v 39.745 7.67969 1268.6
vn -0.0509545 0.961655 0.269486
v 39.345 7.03281 1271
vn -0.415535 0.898807 -0.13956
v 39.745 7.15469 1271
vn -0.345804 0.936318 -0.0610554
v 40.345 7.52031 1271
vn -0.265337 0.961742 0.0681836
v 39.745 7.21094 1272.4
vn -0.0789567 0.980126 0.181985
v 40.345 7.12344 1272.4
vn 0.491684 -0.868442 0.0636848
v 40.945 -6.04844 1321.2
vn 0.159351 -0.976168 -0.14732
v 41.745 -4.74531 1306.6
vn 0.218869 -0.968211 -0.121097
v 41.745 -4.88906 1309.4
vn 0.35341 -0.933325 -0.0632891
v 40.945 -5.4 1312.23
vn 0.13881 -0.982632 -0.123147
v 41.945 -5.32344 1312.8
vn 0.24709 -0.96716 -0.0595616
v 41.545 -5.4 1315.66
vn 0.462427 -0.885633 0.0426084
v 40.945 -6 1319.38
vn 0.753303 -0.368125 0.544993
v 41.1028 -5.8 1321.4
vn 0.270709 -0.961689 -0.0432589
v 41.145 -4.4 1302.91
vn 0.746897 -0.263439 0.610529
v 41.345 -4.4 1321.73
vn 0.128403 -0.963995 -0.232864
v 40.545 -1.76094 1291.8
vn -0.426017 0.903948 -0.0372416
v 40.545 -1.65 1311
vn -0.314047 0.944327 0.0980858
v 40.745 -1.41406 1311.8
vn -0.123698 0.961651 0.244797
v 41.545 -1.32344 1312
vn -0.558952 0.809349 -0.180351
v 41.145 -1.85094 1314.6
vn 0.0425747 0.90738 0.41815
v 41.345 -1.57581 1313.4
vn 0.0562346 0.899771 0.432724
v 41.945 -1.58594 1313.2
vn -0.589115 0.784677 -0.192937
v 40.745 -1.72969 1316.2
vn -0.120192 0.961948 0.245379
v 41.545 -1.82031 1317.6
vn 0.0383094 0.942729 0.331353
v 41.745 -1.71094 1316.6
vn -0.0781125 0.925418 0.37081
v 41.8086 -1.8 1317.6
vn 0.141828 0.823189 0.549768
v 41.545 -1.83281 1319.4
vn -0.283463 0.931079 0.229655
v 40.945 -2.2 1320.11
vn 0.26099 0.737377 0.623024
v 41.2164 -2.2 1320
vn 0.230323 0.765513 0.600784
v 41.545 -2.32344 1320
vn 0.186906 0.763359 0.618344
v 41.6125 -2 1319.6
vn 0.513404 -0.705661 0.488322
v 41.745 1.44902 1249
vn 0.505204 -0.722294 0.472293
v 41.145 1.72954 1249.8
vn 0.110857 -0.986297 -0.122181
v 40.745 1.50156 1279.8
vn -0.488472 -0.598767 -0.634723
v 41.1705 2.2 1247.2
vn 0.46187 -0.8292 0.314807
v 41.545 2.29531 1251.4
vn 0.448894 -0.82646 0.339792
v 41.945 2.69844 1251.4
vn 0.183588 -0.979842 0.0787725
v 41.345 3.49531 1256.2
vn 0.158843 -0.984075 0.0797803
v 41.545 3.49531 1258.4
vn 0.241719 -0.965752 0.0943164
v 40.545 3.46406 1258.8
vn 0.282431 -0.958417 -0.0408641
v 40.745 3.10781 1271.8
vn 0.258739 -0.964747 -0.0481454
v 41.7236 2.8 1275.4
vn 0.264119 0.747708 0.60924
v 40.9161 3.2 1286.6
vn -0.0120207 0.935951 0.351925
v 41.345 3.06406 1286.6
vn -0.130049 0.949178 0.286614
v 41.345 3.18594 1287.2
vn -0.400661 0.900284 -0.170174
v 41.7536 3.2 1286.6
vn -0.0995884 0.955375 0.278102
v 41.945 3.02656 1288
vn 0.039047 0.896692 0.440929
v 40.945 2.57031 1289.8
vn -0.0356745 0.950486 0.308713
v 41.395 2.4 1290
vn 0.0228614 0.924552 0.38037
v 41.345 2.24844 1291
vn -0.587157 0.585919 -0.558521
v 41.945 4.85469 1246.4
vn -0.126122 0.983559 0.129245
v 40.745 5.94844 1277.8
vn -0.14708 0.914827 0.37611
v 40.545 5.82656 1279.6
vn -0.0322959 0.933988 0.355841
v 41.345 5.75469 1279.8
vn -0.128813 0.970733 0.202691
v 41.545 5.71406 1280
vn 0.0421841 0.904971 0.423376
v 40.745 5.30781 1281.4
vn -0.0861274 0.975555 0.202175
v 40.945 8.02344 1267.6
vn 0.182147 0.840796 0.509788
v 41.345 7.8 1268.96
vn 0.372072 0.614381 0.695772
v 41.345 8 1268.8
vn 0.0836611 0.919286 0.384596
v 41.545 8.32344 1268.4
vn -0.00294703 0.943974 0.330006
v 40.945 7.64531 1271.4
vn 0.176689 0.827423 0.533059
v 41.545 7.51719 1271.4
vn 0.0255133 0.913801 0.40536
v 40.945 7.33281 1271.8
vn -0.193889 0.980231 0.0394148
v 41.745 8.48906 1262.2
vn -0.10828 -0.954163 -0.279013
v 43.345 -4.44844 1307.6
vn 0.488448 -0.869734 0.0705805
v 42.545 -4.72031 1309.8
vn 0.394161 -0.917745 0.0487977
v 42.745 -4.71094 1309
vn 0.284417 -0.955597 -0.0770824
v 42.345 -4.67969 1311
vn 0.0522573 -0.975292 -0.214649
v 43.345 -4.43281 1310
vn 0.0786599 -0.949436 -0.303946
v 42.145 -4.86406 1311.6
vn 0.337969 -0.941076 0.0123975
v 43.345 -5.06094 1316.2
vn 0.480679 -0.869416 0.114293
v 43.7222 -4.8 1318.6
vn 0.161887 -0.983762 -0.0774898
v 43.145 -3.82656 1302.6
vn 0.466401 -0.881535 0.0732482
v 43.145 -4.36719 1309
vn 0.752904 -0.319974 0.57511
v 43.2966 -3.8 1319.4
vn 0.0934614 -0.958376 -0.26978
v 42.745 -2.58594 1295
vn -0.51405 0.824319 -0.237173
v 42.145 -1.23906 1312
vn -0.289884 0.945536 0.148085
v 43.145 -1.28281 1316.6
vn -0.568188 0.798959 -0.197046
v 42.145 -1.83281 1318.2
vn -0.646056 0.674049 -0.358148
v 42.5966 -1.4 1318.2
vn 0.0799049 -0.968629 -0.235315
v 43.2825 0 1287
vn 0.165062 -0.960631 -0.223479
v 42.945 -0.901562 1290.6
vn -0.528807 0.805383 -0.267809
v 43.345 -0.717187 1311.2
vn -0.0167292 0.893355 0.449039
v 43.345 -0.910937 1311.6
vn -0.0846164 0.902578 0.42213
v 43.545 -0.892187 1311.6
vn 0.27326 -0.944079 0.184511
v 42.145 1.26406 1248
vn -0.212876 0.957569 0.194281
v 42.745 1.46406 1292.8
vn -0.445689 0.888556 -0.108762
v 42.945 1.49844 1293
vn -0.0400969 0.931837 0.360654
v 43.145 1.10781 1297.4
vn -0.579297 -0.503325 -0.641154
v 43.545 3.2 1243.88
vn -0.50727 -0.603783 -0.614917
v 42.545 2.2 1246.04
vn 0.234142 -0.961937 0.140908
v 42.745 2.07344 1249
vn -0.00602753 -0.951867 -0.306453
v 42.145 2.8 1275.44
vn -0.23759 0.964774 0.112974
v 42.345 3.03594 1288.2
vn 0.304388 -0.943559 0.130552
v 42.9213 4 1259
vn 0.32608 -0.940957 0.09095
v 42.745 4.36094 1261.8
vn 0.130333 -0.986691 -0.0972338
v 43.145 4.15156 1265
vn -0.198201 0.976783 0.0813093
v 42.145 4.6 1283.78
vn -0.0238627 0.961569 0.273523
v 43.145 6.67656 1275.8
vn -0.300568 0.944973 -0.129168
v 43.145 6.54531 1276.6
vn 0.197897 0.774642 0.600639
v 43.545 5.4 1280.3
vn -0.27403 0.95866 -0.0766705
v 42.453 7 1252
vn -0.332247 0.932208 -0.143529
v 43.6774 7.4 1251.4
vn -0.280158 0.956132 -0.0855813
v 43.345 7.30781 1252.6
vn -0.219407 0.975136 0.0311667
v 43.545 8.26094 1268
vn -0.0738867 0.982042 0.173594
v 42.945 6.83906 1274.6
vn -0.277731 0.953841 -0.114249
v 43.345 8.75469 1258.6
vn -0.00632405 0.973082 0.230372
v 43.345 8.68594 1261.4
vn -0.231971 0.971619 -0.0463287
v 42.945 8.69531 1263.4
vn -0.311798 0.947049 -0.0766757
v 42.145 8.4 1266.94
vn 0.208149 0.825562 0.524521
v 42.545 8.4 1267.87
vn 0.381791 -0.924248 -0.000981014
v 43.945 -4.69844 1317.6
vn -0.420115 -0.787181 -0.451498
v 44.945 -3.91094 1305.2
vn 0.515225 -0.837187 0.183467
v 44.945 -4.30469 1316.8
vn 0.749128 -0.40407 0.524914
v 44.4091 -4.2 1318
vn 0.732854 -0.359907 0.577401
v 45.2064 -2.2 1318
vn 0.191841 -0.973283 -0.126163
v 44.745 -0.195312 1287.2
vn -0.258883 0.962243 0.0840656
v 44.945 0.139063 1307.2
vn -0.105266 0.965342 0.238818
v 45.145 -0.329687 1308.8
vn -0.261116 0.93228 0.250343
v 43.745 -0.629687 1311.2
vn -0.484983 0.871292 -0.0751133
v 43.945 -0.6 1311.6
vn -0.349433 0.936927 0.00802026
v 43.945 -0.326562 1313
vn 0.117958 0.877911 0.464067
v 44.345 -0.426562 1313.6
vn 0.286665 0.758852 0.584779
v 44.545 -0.6 1313.62
vn -0.0394289 0.954661 0.295071
v 44.745 -0.914062 1314.2
vn -0.603248 0.757063 -0.250891
v 45.145 -0.690164 1314
vn -0.446068 0.882548 -0.148769
v 43.945 -0.929687 1315.4
vn -0.116979 0.962969 0.242912
v 44.145 -0.851562 1316.6
vn 0.153552 0.877338 0.454643
v 44.145 -1 1317.28
vn -0.265192 -0.872684 -0.409995
v 43.745 1.48906 1245.8
vn 0.179161 -0.971817 -0.153207
v 43.745 1.26406 1280
vn -0.00281912 -0.956753 -0.290889
v 44.145 0.6 1283.57
vn 0.16904 -0.97702 -0.129836
v 44.945 0.6 1284.33
vn 0.539136 -0.697504 0.472038
v 44.545 2.6 1248.22
vn 0.00808298 -0.955295 -0.295545
v 45.3397 2.4 1276.2
vn -0.137158 0.963338 0.230579
v 44.745 2.45781 1290.4
vn -0.445681 0.883354 -0.1451
v 43.745 2 1292.81
vn -0.199971 0.965937 0.164245
v 44.145 2.24844 1293.4
vn -0.22139 0.967712 0.120501
v 44.745 2.04531 1294
vn 0.13559 -0.987592 -0.0792275
v 44.145 4.78906 1262.2
vn 0.0525605 -0.974749 -0.21703
v 43.745 4.15156 1268
vn -0.340853 -0.841534 -0.419094
v 44.145 3.8 1268.34
vn 0.0548226 -0.973679 -0.221232
v 44.545 3.67656 1269.2
vn 0.0121575 -0.978158 -0.207506
v 45.145 3.77969 1268.8
vn -0.169078 -0.911309 -0.375405
v 45.145 3.92031 1268.4
vn 0.244184 -0.969391 -0.0256137
v 44.745 3.62031 1270
vn -0.18038 0.983354 -0.0218692
v 44.145 4.87031 1282.2
vn -0.0284471 0.955631 0.293188
v 44.945 3.8 1286.8
vn -0.0540891 0.978298 0.200019
v 43.945 6.79531 1276.6
vn 0.0500538 0.949603 0.309434
v 44.145 6.46094 1277.2
vn -0.115595 0.985184 0.126688
v 44.2711 6.4 1277.6
vn 0.124081 0.877764 0.462747
v 44.345 6.05469 1279.2
vn -0.0820253 0.98243 0.16764
v 44.545 6.44531 1278
vn -0.16803 0.984598 0.0483089
v 44.745 5.31406 1280.4
vn -0.468145 0.808606 -0.356365
v 44.745 7.26981 1248.6
vn -0.288711 0.948576 -0.129804
v 44.145 7.32031 1249.6
vn -0.301447 0.940534 -0.156608
v 44.545 7.34219 1250
vn -0.297261 0.94808 -0.113054
v 44.945 7.64531 1251.4
vn -0.093241 0.986747 0.132803
v 44.345 8.27656 1268.8
vn -0.171643 0.984999 -0.0177833
v 44.545 8.92969 1258
vn -0.185499 0.981998 -0.0356374
v 44.7854 8.8 1261.6
vn -0.237512 0.970622 -0.0384795
v 44.945 8.4 1270.14
vn -0.121458 0.985294 0.120179
v 45.145 8.49844 1270.4
vn 0.280107 -0.958686 0.0496191
v 45.745 -4.49531 1313.4
vn 0.151795 -0.984692 -0.0856801
v 45.545 -3.41094 1300.8
vn -0.176829 -0.921712 -0.345222
v 46.345 -3.6 1303.32
vn -0.00405889 -0.984559 -0.175006
v 46.745 -3.07656 1302
vn 0.263916 -0.9645 0.00939073
v 46.745 -3.66094 1303.8
vn 0.374495 -0.919416 0.120117
v 45.745 -3.64531 1306
vn 0.455205 -0.860124 0.230165
v 46.7266 -3.6 1315.2
vn 0.0900247 -0.966519 -0.240284
v 45.945 -1.96719 1294.6
vn 0.732539 -0.305329 0.608409
v 46.1872 -2.6 1316.4
vn -0.265373 0.964139 0.0036654
v 45.6376 -0.2 1308.6
vn -0.349216 0.933027 -0.0866497
v 46.145 0.360938 1310.2
vn -0.138365 0.968753 0.205847
v 46.345 -0.285937 1312.6
vn -0.435746 0.874454 -0.213203
v 46.345 0 1312.99
vn -0.349493 0.936888 0.00976198
v 45.545 -0.226562 1315
vn 0.0887253 0.880729 0.465235
v 46.745 -0.167187 1315
vn 0.211594 0.817787 0.535212
v 45.345 -1.04844 1316.6
vn 0.418896 -0.826924 0.375131
v 46.745 1.80156 1244.4
vn 0.111728 -0.978362 -0.174139
v 45.345 1.99531 1280.2
vn -0.202093 -0.884865 -0.41973
v 45.545 1.87969 1280.4
vn -0.0248215 -0.961009 -0.2754
v 46.4922 1.2 1281.8
vn 0.388351 -0.919313 0.063622
v 46.345 0.439063 1286.6
vn -0.141207 0.9644 0.223594
v 45.345 1.32344 1296.8
vn -0.313415 0.949347 0.0226164
v 46.145 1.56094 1297.2
vn -0.0579539 0.957267 0.283341
v 46.345 0.432813 1307.2
vn -0.0441851 -0.932876 -0.357478
v 45.745 2.2 1276.38
vn -0.207725 0.971714 0.112344
v 46.345 2.6 1293.64
vn 0.0192229 -0.981219 -0.191935
v 45.545 4.73594 1265.4
vn -0.291352 -0.860512 -0.417891
v 46.145 4.62656 1265.2
vn -0.0686185 -0.957296 -0.280847
v 45.545 3.90156 1268.2
vn 0.191758 -0.975428 -0.10849
v 45.545 4.20156 1267.4
vn -0.0622459 -0.95403 -0.293176
v 46.145 4.35469 1267
vn -0.303577 -0.829416 -0.468946
v 46.545 4.30781 1266.8
vn 0.309312 -0.947437 0.0817932
v 46.745 4.2 1269.42
vn 0.348292 -0.93736 0.00706065
v 45.745 3.98281 1270.8
vn 0.243287 -0.968982 -0.0434256
v 46.745 4.34219 1270.4
vn 0.0898655 0.900924 0.424571
v 45.345 5.11406 1282.4
vn 0.032084 0.93059 0.364654
v 45.345 4.64531 1283.2
vn 0.28199 -0.955615 0.0853337
v 46.545 5.23906 1258.8
vn 0.246127 0.793172 0.557045
v 45.8515 5.8 1279
vn 0.214265 0.809421 0.546743
v 45.945 5.52344 1279.4
vn -0.146541 0.989071 0.016277
v 46.345 5.62344 1279
vn -0.156781 0.987592 0.00906006
v 46.545 5.35469 1281.2
vn -0.43178 0.84921 -0.303987
v 46.745 7.36094 1246.2
vn -0.42047 0.852767 -0.30983
v 45.345 7.88281 1251.4
vn 0.0152155 0.980278 0.197035
v 46.545 7.57656 1272.2
vn 0.0182395 0.957148 0.289025
v 46.345 7.14219 1274
vn -0.281806 0.938177 -0.201018
v 46.545 7.22969 1274.4
vn 0.030585 0.962189 0.27066
v 46.745 6.90469 1275.4
vn -0.297077 0.944688 -0.138962
v 46.545 9.29531 1257.6
vn -0.204959 0.972011 0.114832
v 46.745 9.45781 1258.2
vn -0.0962492 0.99186 0.0833646
v 45.945 9.15469 1262.4
vn -0.105276 0.984487 0.140364
v 45.545 8.72656 1266.2
vn 0.226855 -0.973686 0.0217209
v 47.345 -3.15781 1300.6
vn 0.0617087 -0.988731 -0.136391
v 48.145 -2.94531 1301
vn 0.382222 -0.91579 0.123433
v 48.345 -3.06271 1303.2
vn 0.125574 -0.987226 -0.0980656
v 46.945 -3.35781 1305.4
vn 0.416965 -0.879325 0.230059
v 48.1325 -3.8 1311.8
vn 0.269363 -0.96092 -0.0638486
v 47.545 -2.44219 1297.2
vn 0.0550114 -0.967204 -0.247973
v 47.345 -0.820312 1291.4
vn -0.0184011 -0.94544 -0.325278
v 47.945 -0.895312 1291.6
vn 0.100383 0.891428 0.441905
v 47.145 0.070313 1311.6
vn -0.241331 0.97044 -0.00216683
v 47.745 0.364063 1312.4
vn -0.0984401 0.977625 0.185901
v 47.545 0.251563 1313.8
vn 0.216518 0.772361 0.597142
v 47.745 -0.439062 1315
vn 0.634156 0.144432 0.759596
v 48.145 -0.6 1315.06
vn -0.00244775 -0.961077 -0.276268
v 47.145 0.4 1286.64
vn -0.411711 0.882985 -0.225457
v 47.945 1.96719 1295.2
vn -0.608206 0.679637 -0.410096
v 47.345 1.91754 1296
vn -0.232306 0.972514 0.0158034
v 47.345 0.667188 1305
vn -0.0921785 0.98325 0.157235
v 47.945 0.726563 1310
vn -0.480896 -0.681178 -0.552029
v 48.345 2.2 1240.95
vn 0.282961 -0.937843 0.200955
v 48.145 3.33906 1245.4
vn 0.417705 -0.854156 0.309742
v 47.945 3.38254 1246
vn 0.134504 -0.948029 -0.288355
v 47.745 2.95781 1274.6
vn 0.0298836 -0.936051 -0.350594
v 47.945 3.24844 1274
vn 0.19828 -0.971366 -0.130893
v 47.345 2.60469 1276.4
vn -0.238432 0.971098 0.0108654
v 46.945 3.07656 1291
vn -0.21158 0.976096 0.0496938
v 47.345 2.81476 1292.8
vn -0.221195 0.968737 -0.112344
v 48.145 2.09844 1295.4
vn -0.15538 0.973193 0.169566
v 47.345 2.01719 1296.4
vn -0.325845 0.932839 -0.153744
v 47.545 2.09219 1296
vn -0.0773022 0.985561 0.150642
v 47.945 2.05781 1296.2
vn -0.577354 -0.546456 -0.606669
v 47.0434 3.6 1240.2
vn -0.685662 0.338344 -0.644508
v 46.945 4.175 1240.2
vn -0.52848 0.69288 -0.490537
v 46.945 4.4 1240.51
vn -0.518631 0.705798 -0.482568
v 47.2981 5 1241
vn -0.147059 -0.936576 -0.318117
v 46.945 4.57656 1264.8
vn 0.381587 -0.919827 0.0911604
v 47.545 4.36719 1267
vn 0.222306 -0.97374 -0.0490862
v 47.545 4.54531 1267.6
vn 0.100236 -0.992821 -0.0652608
v 48.145 4.59531 1268.8
vn 0.0232171 -0.968171 -0.249212
v 47.145 4.30156 1270.8
vn -0.170905 0.980288 0.0991274
v 47.545 4.92969 1283.2
vn 0.196392 -0.980273 -0.0222596
v 48.1434 5.4 1261.8
vn -0.240986 0.957157 -0.160547
v 47.545 5.80781 1278.6
vn -0.408403 0.841185 -0.354423
v 48.345 7.45156 1244
vn -0.20267 0.979211 -0.00837736
v 47.945 8.27344 1248.6
vn 0.384434 0.715339 0.583525
v 48.145 8.2 1269.89
vn 0.055115 0.957372 0.283552
v 48.145 7.85156 1270.4
vn -0.0558582 0.994899 0.0839945
v 46.945 7.41719 1272.4
vn -0.331275 0.892616 -0.305768
v 48.1792 7.6 1272
vn 0.099292 0.905896 0.411697
v 48.145 7.6 1272.77
vn -0.0763667 0.984723 0.156491
v 48.345 7.74844 1272.4
vn 0.0681599 0.938972 0.337173
v 47.545 7.25469 1274.6
vn -0.0782311 0.992541 0.093501
v 47.945 7.33906 1273.4
vn 0.152582 0.903608 0.400263
v 48.345 7.2 1274.34
vn -0.19373 0.979609 0.0532448
v 47.145 9.63594 1257.8
vn 0.0494964 0.915772 0.398637
v 47.545 9.52969 1258.6
vn 0.24463 0.83797 0.487813
v 47.945 9.4 1258.59
vn 0.0193532 0.900267 0.434909
v 47.345 9.28906 1259
vn -0.285763 0.948574 -0.136185
v 48.145 9.24219 1258.8
vn -0.583637 0.474874 -0.658683
v 48.2111 9.4 1259.2
vn -0.52251 0.641287 -0.561902
v 48.5365 9.8 1259.2
vn -0.0735008 0.988306 0.133602
v 47.345 9.54844 1260.8
vn -0.0269041 -0.959269 -0.281209
v 49.745 -3.25469 1303.8
vn 0.254548 -0.966316 0.037934
v 49.545 -3.09219 1306.4
vn 0.326839 -0.938936 0.107587
v 49.545 -3.20781 1312
vn 0.281302 -0.955731 0.0863016
v 48.545 -1.53906 1293.4
vn -0.0456246 -0.947021 -0.317915
v 49.345 -1.36406 1294.4
vn 0.0655508 -0.956208 -0.285252
v 49.945 -1.69844 1295.2
vn 0.0282236 -0.957078 -0.288452
v 49.545 -1.77969 1296.8
vn 0.705201 -0.374065 0.602301
v 48.745 -1 1314.5
vn 0.160719 -0.98227 0.0965164
v 48.945 1.97656 1242.2
vn -0.364836 0.912644 -0.184324
v 49.745 0.689063 1310.6
vn 0.263868 0.788807 0.555119
v 50.075 0.4 1313
vn -0.446591 -0.728012 -0.52015
v 49.345 3.04531 1239
vn 0.509678 -0.689191 0.515019
v 49.345 2.17969 1242.2
vn 0.439815 -0.804463 0.399251
v 49.545 2.55781 1242.6
vn 0.0371513 -0.965516 -0.257679
v 48.945 3.41406 1273.8
vn 0.10664 -0.986243 -0.126302
v 49.945 3.12031 1274.2
vn 0.2329 -0.971623 -0.0413025
v 49.345 2.98906 1275.6
vn -0.138146 -0.926535 -0.349926
v 49.345 2.81719 1276.2
vn -0.0649294 -0.956469 -0.284518
v 48.545 2.30781 1278.2
vn -0.0752884 0.977664 0.196225
v 48.945 3.28281 1291.6
vn 0.0317309 0.931813 0.361548
v 49.145 2.93906 1293
vn 0.0582854 0.908258 0.414332
v 48.945 2.34531 1294
vn -0.678975 0.154595 -0.7177
v 49.745 4.2 1237.38
vn -0.499613 0.705804 -0.502223
v 49.745 4.67031 1237.8
vn 0.298505 -0.935862 0.187233
v 48.745 3.96719 1246.2
vn 0.432293 -0.85969 0.272131
v 48.545 3.98594 1248.6
vn 0.334199 -0.92491 0.181254
v 49.745 5.02656 1250.4
vn 0.364433 -0.917581 0.158849
v 48.945 5.11719 1263.4
vn -0.0238317 -0.969432 -0.244198
v 48.545 3.63594 1272.2
vn 0.234433 0.811301 0.535566
v 49.545 4.4 1284.39
vn -0.0111015 0.991027 0.133197
v 49.945 4.34531 1284.4
vn -0.0859329 0.987214 0.134255
v 49.945 4.4 1285.62
vn -0.00618435 0.956992 0.290047
v 49.945 3.76094 1287.2
vn -0.349263 0.889701 -0.294018
v 49.545 6.46406 1241
vn -0.484383 0.750308 -0.449901
v 49.145 6.63334 1242
vn -0.251796 0.940851 -0.226713
v 49.545 6.28281 1277.8
vn -0.0864429 0.977466 0.192582
v 48.545 5.68594 1280
vn -0.532149 0.56032 -0.634711
v 49.745 8.2 1244.19
vn -0.492584 0.738135 -0.460996
v 48.945 8 1244.75
vn -0.0201935 0.973122 0.229402
v 48.745 7.8 1270.95
vn -0.372561 0.83144 -0.412197
v 48.545 7.79844 1272
vn -0.150749 0.987679 -0.0420213
v 48.945 7.67969 1271.6
vn 0.087278 0.962792 0.255763
v 49.345 7.55469 1272.4
vn -0.0163678 0.995897 0.089002
v 49.745 7.58906 1272.4
vn 0.0739004 0.950674 0.301261
v 49.945 7.22969 1273.8
vn 0.0702553 0.968912 0.237219
v 49.145 6.92344 1275
vn 0.0452321 0.97765 0.205316
v 49.145 6.87344 1276
vn 0.006303 0.996345 0.0851929
v 49.745 6.91094 1275
vn -0.273423 0.955618 -0.109701
v 49.345 8.52344 1247
vn -0.326211 0.92269 -0.2055
v 49.745 8.59531 1247.4
vn 0.036296 0.955362 0.2932
v 49.345 9.96094 1256.6
vn -0.0898837 0.988246 0.123659
v 49.545 9.62344 1257.6
vn -0.384749 0.876052 -0.290692
v 49.945 9.74219 1257.8
vn -0.0240799 0.989771 0.140617
v 48.545 9.54219 1263
vn -0.172828 0.945428 -0.276218
v 49.345 8.62344 1268.2
vn 0.264384 0.859949 0.436564
v 48.545 8.71094 1269
vn 0.439533 0.788569 0.430081
v 49.0809 8.6 1268.8
vn 0.286711 0.866123 0.409423
v 49.545 8.4 1268.55
vn 0.284793 -0.958568 0.00633252
v 51.345 -2.92182 1303.8
vn 0.247403 -0.963972 0.0977202
v 50.145 -3.03281 1311
vn 0.629301 -0.199853 0.751025
v 50.945 -2.84844 1311.2
vn 0.455881 -0.847323 0.272426
v 50.145 -1.51094 1295.4
vn 0.20927 -0.977265 -0.0340478
v 50.145 -1.45469 1295.6
vn -0.0945243 -0.937858 -0.333897
v 50.545 -2.55469 1298
vn -0.0222032 -0.962785 -0.269355
v 50.145 -2.68281 1302
vn 0.685482 0.00409878 0.728078
v 51.545 -1.4 1310.74
vn 0.698859 -0.115008 0.705952
v 50.545 0 1313.04
vn 0.0656885 -0.984096 -0.165046
v 50.945 1.75781 1281.2
vn -0.0626416 -0.972395 -0.224777
v 50.945 0.989063 1284.4
vn 0.000606568 -0.981841 -0.189705
v 50.945 0.904688 1285.2
vn -0.00797102 0.944218 0.329224
v 51.345 1.48281 1303.8
vn 0.17633 -0.976208 -0.126198
v 50.545 3.36094 1274.4
vn 0.378196 -0.921243 0.0909929
v 50.745 3.33594 1273.6
vn -0.0726965 -0.960248 -0.269515
v 50.345 2.57344 1276.6
vn 0.0549853 -0.982334 -0.178874
v 50.545 2.11719 1278.4
vn -0.137402 0.980193 0.142624
v 50.545 2.63906 1293.2
vn 0.00860146 0.946799 0.321711
v 50.945 2.8 1292.67
vn 0.501748 -0.771434 0.391328
v 50.145 4.07969 1244.2
vn 0.0522416 -0.996882 0.0591417
v 50.745 4.07344 1244.8
vn 0.348657 -0.914106 0.207
v 50.545 4.97656 1247.6
vn -0.00986615 -0.971675 -0.236114
v 50.545 4.92031 1265.2
vn 0.10421 -0.988237 -0.111924
v 50.745 4.87344 1265.8
vn 0.341169 -0.927995 0.149761
v 50.945 5.06719 1266
vn -0.000645705 -0.975394 -0.220467
v 50.945 5 1267.17
vn 0.20043 0.769149 0.606826
v 51.145 4.96094 1283
vn 0.303417 0.515923 0.8011
v 51.545 4.8 1282.93
vn 0.13969 0.921877 0.361428
v 51.735 5 1282.8
vn 0.0937124 0.903826 0.417512
v 50.545 4.17656 1286.2
vn 0.41733 -0.885276 0.205236
v 51.545 5.51833 1260.6
vn -0.220849 -0.886229 -0.407214
v 50.545 5.26719 1262.6
vn 0.237404 0.773309 0.587906
v 51.545 6.27969 1276
vn -0.164304 0.971094 -0.17315
v 50.945 6.27969 1276.8
vn -0.0741736 0.988895 0.128785
v 50.145 6.37969 1278.2
vn 0.0771758 0.934309 0.34801
v 50.145 5.79219 1279.8
vn 0.198752 0.897151 0.394484
v 51.545 5.26719 1280.2
vn 0.0599365 0.975493 0.211708
v 51.545 5.26406 1282.2
vn -0.518772 0.678011 -0.520747
v 51.545 7.2 1240.07
vn -0.398952 0.823173 -0.404008
v 50.145 7.81719 1243.4
vn 0.00354272 0.998185 0.0601256
v 50.345 7.83281 1271.2
vn 0.0840086 0.979487 0.183163
v 50.545 7 1274.1
vn 0.170533 0.897312 0.407123
v 50.545 7.24531 1273.6
vn -0.54204 0.628155 -0.558223
v 50.345 8.62344 1244
vn -0.210167 0.977567 0.0139071
v 50.945 9.07031 1247.4
vn -0.439922 0.818489 -0.369519
v 51.145 9.16719 1247
vn -0.107069 0.994187 0.0113624
v 50.345 9.74844 1257.2
vn -0.250258 0.907755 -0.336677
v 50.345 9.8 1257.42
vn -0.0840627 0.975791 0.201904
v 50.545 9.74531 1257.2
vn -0.290303 0.855541 -0.428689
v 50.945 9.86406 1257.2
vn 0.2169 0.860006 0.461892
v 51.545 8.8 1266.76
vn 0.114123 0.946814 0.300864
v 50.545 8.62031 1267.6
vn -0.138148 0.989624 0.0394907
v 50.62 8.6 1267.8
vn -0.0142235 0.993005 0.117211
v 50.545 8.95469 1266.8
vn -0.315841 0.918442 -0.238136
v 51.0583 8.8 1268
vn 0.00732353 0.998099 0.0611908
v 51.145 8.60469 1267.4
vn -0.249401 0.894434 -0.371196
v 51.345 8.71719 1267.6
vn -0.2134 0.975529 -0.0529481
v 51.69 10.2 1250.8
vn -0.0580518 0.984224 0.167133
v 50.745 10.2578 1255.4
vn -0.0144703 0.959353 0.281836
v 51.145 10.0328 1255.8
vn -0.337267 0.84234 -0.420374
v 50.945 10.1109 1257.6
vn 0.193573 -0.981069 0.00568233
v 51.745 -3.25156 1307
vn 0.282927 -0.946591 0.154655
v 52.945 -2.92344 1307
vn 0.224862 -0.974094 -0.0240294
v 51.745 -2.07969 1298
vn 0.363757 -0.926118 0.0999329
v 51.745 -2.13906 1299.6
vn 0.295512 -0.954488 0.0403065
v 52.545 -2.56719 1303.4
vn 0.354748 -0.931918 0.0753816
v 53.145 -2.29844 1302.2
vn 0.426101 -0.861972 0.274667
v 52.745 -0.544644 1290
vn -0.0130446 -0.971602 -0.236263
v 52.945 -0.573437 1289.6
vn 0.430939 -0.856549 0.283928
v 52.945 -0.964062 1292.8
vn 0.688084 -0.409078 0.599329
v 52.345 0.364063 1311.2
vn 0.644282 -0.583518 0.494376
v 52.5765 0 1310
vn -0.20523 -0.933692 -0.293428
v 52.945 1.03594 1283.2
vn -0.0939461 0.991558 0.0893665
v 52.345 1.94844 1299.6
vn -0.123013 0.987899 -0.0944675
v 52.545 1.92656 1301
vn -0.122133 0.991708 0.0399718
v 51.945 1.55156 1304.8
vn -0.0505565 0.992139 0.114476
v 52.545 1.48281 1305.8
vn -0.103612 0.979644 0.171935
v 52.145 1.49531 1307.6
vn -0.182819 0.982886 -0.0226295
v 52.345 1.56094 1307
vn -0.20912 0.977712 -0.0186641
v 52.145 1.4 1309.53
vn 0.482754 0.547098 0.683836
v 51.945 0.6 1311.57
vn -0.107635 -0.957587 -0.267287
v 51.745 3.2 1273.4
vn 0.0221797 -0.978188 -0.206535
v 52.145 3.05781 1273.8
vn -0.0345813 -0.968804 -0.245402
v 52.945 2.85469 1275
vn 0.0717344 0.950388 0.302683
v 52.745 3.55781 1290.6
vn 0.0903394 0.974728 0.204314
v 53.145 3.21406 1291.4
vn 0.00602083 0.987661 0.156491
v 53.145 2.67031 1295.4
vn -0.069077 0.989164 0.12955
v 52.145 2.19219 1298.4
vn -0.166857 0.985699 -0.0236048
v 52.545 2.12344 1302
vn -0.647611 -0.224774 -0.728064
v 52.345 3.8 1235.14
vn 0.465157 -0.773229 0.430983
v 52.5402 3.6 1240.6
vn 0.313836 -0.91572 0.250924
v 52.345 4.13906 1243.6
vn 0.146045 -0.986437 0.0749175
v 52.745 5.02969 1245.2
vn 0.432648 -0.891086 0.13705
v 51.945 3.77656 1272.4
vn -0.40403 -0.774421 -0.486858
v 52.145 3.67031 1272.6
vn 0.0101367 0.995396 0.0953085
v 51.945 4.49844 1283
vn -0.0730797 0.99709 -0.0216865
v 52.145 4.50781 1283.2
vn 0.222842 0.844535 0.486932
v 51.745 4.08906 1285.8
vn 0.0847617 0.971587 0.220984
v 51.945 4.72969 1284.6
vn -0.486202 0.744618 -0.457331
v 52.145 6.48906 1238
vn 0.290762 -0.943551 0.158648
v 53.145 6.30469 1249.6
vn -0.00655221 -0.980686 -0.195481
v 52.345 6.24219 1257.8
vn -0.0201818 -0.973346 -0.228452
v 52.745 5.95469 1259.6
vn 0.167873 -0.984275 -0.054972
v 51.945 5.63906 1263
vn 0.324212 -0.936323 0.134853
v 52.345 5.52031 1265
vn 0.408896 0.527134 0.744939
v 52.145 5.70156 1278.6
vn 0.322007 0.652843 0.685644
v 52.2312 6.2 1278.2
vn -0.433767 0.812633 -0.389197
v 52.745 6.83594 1238.6
vn -0.258403 0.961979 -0.0884512
v 52.345 9.37344 1246.6
vn -0.326536 0.92498 -0.194388
v 52.545 9.45469 1246.6
vn 0.160221 0.918838 0.360646
v 52.545 9.02344 1266
vn -0.0160763 0.999059 0.0402829
v 52.945 9.05469 1265.6
vn -0.210612 0.973852 -0.0851811
v 52.745 10.4359 1252.8
vn -0.0864287 0.986754 0.137281
v 52.345 10.2 1255.43
vn -0.0515246 0.989168 0.137449
v 52.345 10.5141 1254.6
vn -0.30397 0.942949 -0.135828
v 52.0024 10.2 1256.2
vn -0.184208 0.912285 0.365791
v 52.145 10.1547 1256.4
vn -0.113416 0.934962 0.336129
v 52.345 10.1078 1256.6
vn -0.279907 0.944865 -0.16995
v 52.345 10.3172 1256.2
vn 0.116505 -0.987396 -0.107126
v 53.745 -1.58281 1297
vn 0.346913 -0.934564 0.0790096
v 54.545 -2 1300.35
vn -0.102302 -0.927964 -0.358353
v 54.745 -2.30156 1301.4
vn -0.271473 -0.866239 -0.419443
v 53.345 -2.56406 1302.8
vn -0.0937308 -0.961692 -0.25761
v 53.545 -2.63281 1302.8
vn 0.0546878 -0.99727 -0.0496249
v 53.745 -2.79844 1307.8
vn 0.584579 0.200654 0.786134
v 53.345 -2.4 1309.72
vn 0.19915 -0.969994 0.139463
v 53.945 -2.62969 1309.2
vn 0.505896 0.583251 0.635522
v 54.545 -2.07656 1308.6
vn -0.360416 -0.786007 -0.502289
v 53.345 -0.489474 1290.4
vn 0.425938 -0.872269 0.240255
v 53.345 -0.4 1289.44
vn 0.395634 -0.896246 0.200542
v 53.345 -0.248437 1290
vn -0.181097 -0.914192 -0.362571
v 53.545 -0.589062 1290.4
vn -0.336845 -0.787279 -0.516457
v 53.945 -0.357812 1289.8
vn -0.050667 -0.974316 -0.219411
v 53.745 -0.954687 1292.6
vn 0.626778 0.368363 0.686628
v 53.8825 -1.2 1308.4
vn 0.680818 -0.193545 0.706418
v 53.745 -0.564285 1308.6
vn -0.323438 -0.852883 -0.409852
v 54.7529 1.6 1280.4
vn -0.0906398 -0.970948 -0.221461
v 53.345 0.645313 1284.8
vn 0.157167 0.944638 0.288023
v 53.345 1.84219 1303.2
vn -0.224566 0.958417 -0.176087
v 53.945 1.74219 1303.4
vn 0.127168 0.937394 0.324223
v 53.545 1.61719 1309
vn 0.397051 0.688548 0.606837
v 53.7606 1.2 1309.8
vn 0.497807 0.564415 0.658502
v 53.945 1 1309.87
vn 0.539485 0.580222 0.610163
v 54.345 1.2 1309.22
vn 0.701526 -0.451968 0.550987
v 54.745 1 1308.91
vn 0.653751 -0.582166 0.483417
v 53.745 0.8 1310.05
vn -0.401633 -0.800923 -0.444087
v 53.545 2.95469 1235.2
vn 0.321588 -0.882485 0.343223
v 54.145 2.17344 1237.6
vn 0.50752 -0.689125 0.517233
v 54.3874 2.8 1238
vn -0.131146 -0.93566 -0.327629
v 54.745 3.51094 1272.4
vn -0.0382485 -0.975168 -0.218141
v 53.945 2.25156 1277.6
vn -0.0644198 0.997866 0.0106871
v 53.345 3.20781 1292
vn 0.156625 0.981146 0.11323
v 53.945 3.09844 1291.2
vn 0.117248 0.99091 0.0659649
v 54.345 3.29219 1291.8
vn -0.115755 0.989501 0.0865418
v 53.345 2.34844 1298.6
vn -0.115685 0.976536 -0.181645
v 54.545 2.04219 1298.4
vn -0.134072 0.990839 0.016227
v 53.945 2.08594 1299.4
vn 0.0168091 0.989871 0.140968
v 53.545 2.12344 1302
vn -0.576782 0.456854 -0.677205
v 53.945 4.8 1233.92
vn 0.385826 -0.826863 0.409188
v 53.345 3.87656 1240.4
vn 0.544931 -0.715484 0.437187
v 54.0403 4.8 1242.6
vn 0.517736 -0.754311 0.403688
v 54.145 5.08594 1243
vn 0.0848158 -0.98766 -0.131659
v 54.745 4.49844 1267.4
vn -0.321706 -0.939157 -0.120371
v 54.545 4.09483 1269.8
vn -0.437768 -0.789878 -0.429479
v 54.545 4.26719 1269.6
vn -0.459121 -0.828541 -0.320512
v 54.745 3.97031 1269.6
vn 0.359295 -0.930222 0.0747912
v 53.345 4.10469 1270.2
vn -0.0196771 -0.969986 -0.242364
v 54.145 4 1270.42
vn -0.215252 -0.974042 -0.0700651
v 54.745 3.97969 1270
vn -0.0793409 -0.972056 -0.220933
v 54.645 3.6 1272.2
vn 0.181319 0.951191 0.24972
v 54.545 4.6 1283.09
vn 0.0321548 0.991559 0.125609
v 53.745 4.25469 1287.2
vn 0.278423 0.927191 0.250593
v 54.345 4.07959 1287
vn 0.151323 0.957627 0.245054
v 53.345 4 1288.17
vn 0.184926 0.957114 0.223012
v 54.345 3.90781 1288.4
vn -0.579726 0.476368 -0.661053
v 54.745 5.2 1234.23
vn 0.208792 -0.977651 0.0245769
v 54.145 6.6 1251.43
vn 0.0559018 -0.981687 -0.182112
v 53.945 5.62969 1263.2
vn 0.143233 0.922754 0.357785
v 53.545 6.69219 1276.6
vn -0.3929 0.844309 -0.364378
v 54.545 8.24531 1239
vn 0.142777 0.926807 0.347338
v 53.745 7.91094 1269.6
vn 0.215992 0.825086 0.522092
v 53.745 7.65781 1270
vn -0.06802 0.994029 -0.0853214
v 53.945 7.68594 1270.2
vn 0.131653 0.912567 0.387154
v 53.745 6.81406 1274.4
vn -0.338161 0.914523 -0.222024
v 54.345 9.69844 1244.6
vn 0.202198 0.888805 0.411269
v 53.345 8.67344 1266
vn 0.325416 0.750971 0.574585
v 53.545 8.92292 1265.6
vn -0.171868 0.979049 -0.109197
v 53.745 8.66094 1266
vn 0.266492 0.813308 0.517216
v 54.145 8.8 1265.38
vn -0.195576 0.940261 -0.278674
v 54.545 8.97344 1266
vn -0.0207734 -0.960722 -0.276735
v 55.745 -1.68281 1299.8
vn 0.194031 -0.973873 -0.117999
v 55.945 -2.12344 1301.6
vn 0.060769 -0.992595 -0.105178
v 55.745 -2.37656 1305
vn 0.16345 -0.986209 -0.025987
v 55.745 -2.49844 1305.6
vn 0.195892 -0.978385 0.0662523
v 55.145 -2.52344 1308
vn 0.275739 -0.938418 0.208183
v 55.345 -2.42031 1308.2
vn 0.335101 0.794266 0.506802
v 55.345 -2.14219 1308
vn 0.445735 0.582558 0.679666
v 55.345 -2.2 1308.08
vn 0.305703 0.807235 0.504894
v 55.745 -2.07031 1307.6
vn 0.137435 0.900267 0.413076
v 55.745 -2.14844 1307.8
vn 0.24654 0.734621 0.632099
v 55.745 -2.2 1307.9
vn 0.353956 0.746922 0.56287
v 55.745 -1.6 1306.96
vn 0.18274 0.882881 0.432582
v 55.945 -2.09531 1307.6
vn 0.126674 0.880943 0.455953
v 55.945 -2.16094 1307.8
vn 0.486264 -0.79951 0.352606
v 56.145 -2.37593 1307.4
vn 0.420246 0.676205 0.605095
v 56.345 -2 1307.14
vn 0.391616 -0.889304 0.236167
v 55.745 0.010938 1286.8
vn 0.217561 -0.974647 0.052248
v 56.1353 0.2 1287
vn -0.105704 -0.934144 -0.340885
v 56.145 0.117188 1287.6
vn 0.63115 0.0153967 0.775508
v 55.145 0 1307.49
vn -0.217102 -0.91903 -0.329015
v 54.945 1.37656 1280.6
vn 0.0736373 0.987262 0.141033
v 56.345 1.93906 1300
vn -0.00971158 0.9998 0.0174856
v 56.145 1.84531 1301.4
vn -0.0777059 0.995607 -0.0522387
v 56.345 1.81719 1303.8
vn -0.0401817 0.994218 0.0995828
v 55.745 1.91406 1306.4
vn 0.590608 -0.661875 0.461631
v 55.282 1 1308.2
vn 0.642427 -0.339194 0.687194
v 55.345 0.4 1307.28
vn -0.120083 0.992651 -0.0149744
v 55.745 1.91406 1307.2
vn 0.370539 0.804772 0.463727
v 56.0666 1.6 1307.6
vn 0.648636 0.147877 0.746595
v 55.345 1.2 1308.41
vn -0.450473 -0.751747 -0.481612
v 55.8802 2.6 1234
vn -0.305481 -0.891075 -0.335658
v 56.145 2.08281 1234.4
vn -0.0892986 -0.957476 -0.274346
v 55.345 3.02344 1273.4
vn 0.167102 0.9779 0.125652
v 55.145 2.96406 1292
vn 0.0972805 0.991746 0.0835216
v 55.345 2.95781 1292.2
vn 0.180615 0.971587 0.15296
v 55.745 2.76719 1292.8
vn 0.0153247 0.999831 -0.0101362
v 55.345 2.57547 1296.2
vn 0.331454 0.761505 0.556999
v 54.945 2.48594 1297.6
vn -0.234209 0.914464 -0.330002
v 55.345 2.11094 1298.2
vn -0.363115 0.74174 -0.563888
v 56.145 2.37636 1298
vn -0.144198 0.970279 -0.194334
v 56.145 2.02344 1302
vn 0.0218373 0.992611 0.119357
v 56.345 2.12031 1302.8
vn -0.125197 0.989753 -0.0686603
v 54.945 2.13906 1305.6
vn 0.0444771 0.972154 0.230085
v 55.8657 2 1306
vn -0.462268 0.740912 -0.487194
v 56.1468 5 1232.2
vn -0.361749 -0.792204 -0.491478
v 55.545 4.50781 1268.2
vn 0.0671345 -0.990946 -0.116271
v 55.545 4.70469 1267.6
vn -0.101076 -0.95906 -0.264551
v 55.945 4.71094 1267.6
vn -0.36043 -0.836696 -0.412346
v 56.345 4.68906 1267.4
vn -0.0578946 -0.99015 -0.127482
v 55.745 3.92656 1269.4
vn 0.0162313 0.999785 -0.0129183
v 55.745 4.97656 1281.4
vn 0.194292 0.941267 0.276165
v 54.945 4.42031 1283.4
vn 0.180804 0.954273 0.238061
v 56.145 4.09219 1283.8
vn 0.256732 0.954917 0.14907
v 55.145 4.13594 1285.6
vn 0.0919587 0.991914 0.0874655
v 55.145 3.95781 1286.8
vn 0.15455 0.986934 -0.04556
v 55.545 3.95469 1286
vn 0.0844385 0.992652 -0.0866731
v 55.765 4 1286.2
vn -0.483407 0.736029 -0.473898
v 56.0006 6.6 1234.4
vn -0.0013819 -0.979756 -0.200192
v 55.945 6.72344 1254.4
vn 0.0794276 -0.994419 -0.0694407
v 55.345 5.96719 1262.4
vn -0.103164 -0.954834 -0.278655
v 56.145 5.93906 1262.2
vn 0.358844 0.431886 0.827469
v 54.945 5.8 1277.23
vn 0.358146 0.475188 0.803696
v 56.345 5.46346 1276.8
vn -0.0511407 0.962445 0.266615
v 56.345 5.42969 1277
vn -0.429164 0.820009 -0.378686
v 56.145 7.95156 1237
vn 0.313698 -0.922937 0.223115
v 56.345 6.8 1247.63
vn 0.0753771 0.979563 0.18648
v 55.545 8.09219 1267.8
vn -0.153841 0.934996 -0.319556
v 56.345 7.01406 1271.4
vn -0.0479765 0.998445 -0.0284034
v 56.145 7.11719 1271.8
vn -0.282946 0.938741 -0.196742
v 55.6164 8.6 1239
vn -0.303047 0.939669 -0.158695
v 55.345 9.69531 1243.4
vn 0.100431 0.967273 0.233018
v 56.345 9.80781 1260
vn 0.110614 0.961604 0.251161
v 54.945 9.12656 1264.4
vn -0.252031 0.944166 -0.212203
v 55.945 10.7703 1253.6
vn -0.321602 0.882183 -0.343986
v 56.1071 11 1253.8
vn 0.024061 0.922143 0.386101
v 55.745 10.7297 1255.2
vn 0.00181682 0.951221 0.308506
v 55.945 11.0703 1254.8
vn -0.0720014 0.984708 0.15864
v 55.345 10.6328 1255.6
vn 0.182512 -0.975445 -0.123275
v 56.745 -1.4 1297.61
vn 0.192618 -0.975431 -0.106924
v 57.145 -1.22344 1298
vn 0.102197 -0.966201 -0.236666
v 56.545 -1.51719 1299.2
vn 0.135096 -0.980539 -0.142452
v 57.545 -1.81719 1302.4
vn 0.108567 -0.981748 -0.156152
v 57.145 -2.16094 1303.8
vn 0.154506 -0.986785 -0.0488274
v 56.545 -2.21406 1305.8
vn 0.242672 -0.969892 0.0204772
v 56.945 -2.25781 1306
vn 0.476213 0.501028 0.722628
v 58.1213 -1.6 1305.8
vn 0.556923 -0.751229 0.354249
v 56.545 -2.2 1307.08
vn -0.0227538 -0.952124 -0.304863
v 57.945 0.245313 1287.2
vn 0.171448 -0.984629 0.0333394
v 57.345 -0.939062 1292
vn 0.421152 -0.879914 0.219962
v 57.545 -0.815255 1292.2
vn 0.353844 -0.934726 -0.032878
v 57.545 -0.767187 1292.6
vn 0.0452877 -0.952861 -0.300008
v 57.5917 -0.8 1292.8
vn 0.447317 -0.880474 0.157076
v 57.745 -0.610937 1292.4
vn 0.335719 -0.9309 0.143935
v 56.745 -1.12969 1294.4
vn 0.185857 -0.982253 -0.0252347
v 56.945 -0.729687 1295.6
vn -0.132461 -0.909049 -0.395075
v 57.745 -1.11094 1297.6
vn 0.655986 0.117385 0.745589
v 56.645 -1 1305.8
vn 0.0961145 -0.991672 -0.0857224
v 57.145 0.929688 1282.6
vn 0.0310113 -0.9834 -0.178784
v 57.945 0.4 1286.53
vn 0.0681455 0.992956 0.0969232
v 57.745 1.88906 1299.4
vn 0.638683 -0.018331 0.769252
v 57.345 0.425 1305.6
vn 0.412545 -0.805469 0.425473
v 57.945 1.06094 1305.6
vn 0.0579507 -0.985949 -0.15667
v 57.745 3.4 1271.53
vn 0.146751 0.989167 0.00369097
v 56.745 2.85469 1289.6
vn 0.32755 0.939279 0.102308
v 57.3075 2.8 1290.4
vn 0.051044 0.986256 0.157144
v 57.745 2.20781 1293.8
vn 0.0977063 0.991948 -0.0805823
v 56.945 2.4 1295.49
vn -0.0199911 0.999761 0.00879462
v 57.945 2.06094 1294.4
vn 0.167741 0.97882 0.117362
v 57.145 2.4 1296.09
vn 0.331989 0.768994 0.546289
v 57.345 2.02969 1296.6
vn -0.065232 0.982337 -0.175384
v 57.345 2.07969 1297
vn 0.0312262 0.999244 -0.0231683
v 57.945 2.01094 1296.6
vn 0.203301 0.922811 0.327243
v 57.945 2.24035 1296
vn 0.193883 0.952388 0.2353
v 56.545 2.23281 1298.6
vn 0.262525 0.951076 0.162895
v 56.945 2.09531 1298.6
vn 0.0577552 0.996708 0.056901
v 57.545 2.09219 1298.6
vn -0.274902 0.759513 -0.58955
v 57.545 2.33281 1297.2
vn 0.297334 0.933181 0.201904
v 57.545 2.32031 1297.4
vn -0.161954 0.941035 -0.297026
v 57.745 2 1298.12
vn 0.4964 0.823688 0.274089
v 57.745 2.20469 1297.4
vn 0.162877 0.937508 0.307491
v 57.145 2.00469 1302.6
vn -0.562648 0.442808 -0.698104
v 57.345 4.2 1231.01
vn -0.644039 -0.11282 -0.756627
v 56.9666 4.6 1231.6
vn 0.415374 -0.805375 0.42289
v 56.945 3.73906 1238
vn -0.00465431 -0.985592 -0.169077
v 56.745 4.92656 1265
vn -0.0610105 -0.985497 -0.158347
v 56.745 4.8 1266.5
vn -0.210449 -0.908481 -0.361073
v 56.945 4.41406 1267.2
vn 0.34196 0.770452 0.538022
v 57.345 5.04219 1279.2
vn -0.310343 0.779674 -0.543872
v 56.745 4.82064 1280.6
vn -0.353014 0.725695 -0.590548
v 57.6296 4.6 1279.8
vn 0.24855 0.950744 0.185224
v 56.545 4.17344 1282.6
vn -0.0379024 0.891435 -0.451561
v 57.145 4.2 1282.62
vn 0.390513 0.769057 0.506015
v 57.745 4.4 1281.52
vn 0.172181 0.978423 0.114204
v 56.545 4.01094 1283.8
vn 0.235915 0.908306 0.345434
v 56.545 4.37031 1283
vn 0.197258 0.948536 0.247727
v 57.545 3.94531 1283.2
vn -0.54773 0.606145 -0.576698
v 56.545 6.06719 1233
vn -0.42658 0.822163 -0.376933
v 56.945 6.67627 1233.4
vn -0.0129182 -0.99962 -0.024342
v 57.945 5.22656 1239.2
vn 0.330983 -0.892985 0.305003
v 57.145 5.24531 1239.6
vn 0.352556 -0.889781 0.289818
v 57.145 6.06094 1242.6
vn 0.278939 -0.934685 0.220356
v 57.745 6.76094 1245.8
vn -0.0339654 -0.975512 -0.217308
v 57.345 6.54844 1257
vn 0.0174607 -0.988972 -0.147068
v 56.945 6.06094 1260
vn 0.332485 -0.932607 0.140351
v 57.1728 6.2 1260
vn 0.272446 0.754301 0.59733
v 57.345 6.2 1275.75
vn -0.159112 0.855517 0.492721
v 56.545 5.54531 1276.8
vn 0.188422 0.650138 0.736082
v 56.545 5.8 1276.54
vn -0.035787 0.970816 0.237138
v 56.945 5.51719 1277
vn 0.146544 0.839904 0.522576
v 56.945 5.82656 1276.4
vn 0.22188 -0.974445 0.0350246
v 57.545 7.47656 1250.8
vn 0.0320943 -0.988577 -0.147263
v 57.745 7.50781 1250.8
vn 0.307296 -0.949356 0.0655176
v 56.945 6.87969 1255.4
vn 0.33938 -0.935738 0.095993
v 57.1662 6.8 1254.6
vn 0.0410819 0.983736 0.174861
v 56.945 7.76719 1268.8
vn -0.104438 0.957532 -0.268749
v 57.345 7.11719 1271.2
vn -0.0430504 0.998048 -0.0452483
v 57.745 7.03906 1270.8
vn -0.0282766 0.998824 -0.039389
v 56.685 7.2 1271.8
vn -0.370369 0.85999 -0.351061
v 56.745 8.898 1238.8
vn -0.404963 0.778602 -0.479357
v 57.945 9.81719 1239.4
vn -0.257515 0.954722 -0.148971
v 57.545 9.84844 1240
vn -0.026643 0.999607 0.00870794
v 57.145 9.73594 1260.2
vn 0.104431 0.958453 0.265446
v 57.145 9.71587 1260.4
vn 0.163674 0.979186 0.120024
v 57.345 9.49219 1261
vn 0.0540159 0.9943 -0.0919236
v 57.745 9.45469 1261.2
vn 0.146005 0.979698 0.137387
v 57.945 9.32656 1260.8
vn 0.046778 0.998577 0.025627
v 56.945 8.75781 1265
vn -0.227237 0.972869 -0.0434732
v 57.745 10.4922 1243
vn -0.230364 0.962006 -0.146549
v 57.345 10.8609 1245.8
vn -0.17907 0.979468 -0.0926126
v 58.09 11.4 1247.2
vn -0.0599167 0.991358 0.116705
v 57.545 11.2 1248.64
vn 0.0146528 0.978629 0.205111
v 57.145 11 1252.24
vn -0.0988062 0.994893 0.0206196
v 57.545 10.9859 1252.2
vn -0.116232 0.993206 -0.00558897
v 57.345 10.9422 1252.8
vn 0.294186 -0.955612 -0.0161501
v 58.745 -1.75781 1304
vn 0.325676 0.752782 0.572062
v 58.145 -1.39531 1305.6
vn 0.379152 -0.917658 0.118947
v 58.345 -1.79531 1305.4
vn -0.0710085 -0.943375 -0.324039
v 59.345 0.289063 1286.4
vn -0.185886 -0.905658 -0.381091
v 59.345 0.245313 1286.8
vn 0.0600988 -0.951895 -0.300474
v 59.545 -0.117187 1287.2
vn -0.207283 -0.83474 -0.510139
v 59.545 0 1286.99
vn -0.0873987 -0.943274 -0.320306
v 58.345 -0.298437 1288.2
vn 0.844894 0.532861 0.0470317
v 59.5341 0.2 1288.8
vn 0.679915 -0.729249 0.0768825
v 59.595 0 1289
vn 0.00472248 -0.964618 -0.263608
v 58.945 -0.664062 1290.2
vn 0.0306381 -0.858134 -0.512511
v 59.345 -0.2 1289.31
vn 0.18908 -0.852102 -0.488027
v 59.545 -0.4 1289.66
vn 0.500363 -0.702032 -0.506743
v 59.5863 -0.2 1289.4
vn 0.807917 -0.420164 -0.413198
v 59.6903 0 1289.4
vn 0.370214 -0.890179 0.265561
v 58.145 -0.732812 1291.8
vn 0.259408 -0.942822 0.209273
v 58.345 -0.8 1291.25
vn 0.289298 -0.956398 0.0401112
v 58.345 -0.620312 1292
vn 0.348872 -0.92055 0.175717
v 58.545 -0.535937 1291.6
vn 0.257481 -0.863617 0.433439
v 59.345 -0.426562 1291.4
vn -0.139517 -0.934258 -0.328174
v 58.145 -0.8 1292.59
vn 0.383711 -0.923247 0.0194863
v 59.5426 -0.2 1292.6
vn 0.906014 0.421877 0.0340272
v 59.5153 0 1292.6
vn 0.478919 -0.87495 0.0714035
v 59.145 -0.617187 1295.2
vn -0.0200031 -0.972343 -0.232699
v 59.145 -0.379687 1294.2
vn 0.18403 -0.964103 -0.191413
v 59.345 -0.526562 1294.6
vn 0.283055 -0.954274 -0.0961266
v 59.345 -0.348437 1294
vn 0.506898 -0.860054 -0.0579818
v 59.6205 -0.4 1294.6
vn 0.937226 0.347395 -0.0304191
v 59.6382 -0.2 1294
vn 0.886393 0.462829 0.00984329
v 59.6434 -0.2 1294.6
vn 0.623147 -0.778601 0.0739554
v 59.6309 -0.2 1295
vn 0.0914462 -0.96108 -0.260695
v 58.745 -0.945312 1296.8
vn 0.417735 -0.89512 0.155752
v 59.345 -0.748437 1297
vn 0.210553 -0.934176 -0.288067
v 59.345 -0.445312 1295.8
vn 0.162516 -0.921101 -0.353781
v 59.545 -0.6 1296.19
vn 0.600931 -0.765807 0.228958
v 59.545 -0.6 1297.11
vn 0.932683 -0.358534 -0.0394505
v 59.545 -0.312121 1295.6
vn 0.937676 0.347334 0.0111352
v 59.6966 -0.4 1296.6
vn 0.922843 0.385021 -0.0109023
v 59.5966 -0.2 1295.8
vn 0.24785 -0.957445 -0.147886
v 59.345 -0.617187 1297.8
vn 0.484009 -0.873271 0.0559723
v 59.545 -0.498437 1297.4
vn 0.942161 0.334258 0.0245818
v 59.6466 -0.4 1297.4
vn 0.269417 -0.949913 -0.158367
v 59.345 -1.12344 1300.2
vn 0.791973 0.461608 0.39962
v 59.4809 -0.4 1303.4
vn 0.620577 -0.439607 0.649331
v 58.345 0 1304.53
vn 0.521754 0.522685 0.67422
v 58.945 -0.8 1303.87
vn 0.770289 -0.0742931 0.633352
v 59.1205 0 1303.8
vn 0.971358 -0.214942 0.101313
v 59.145 0.161765 1303.6
vn 0.189312 0.779076 0.597664
v 59.345 -0.929687 1304
vn 0.273586 0.684327 0.675904
v 59.345 -0.427273 1303.6
vn 0.571657 0.675324 0.465989
v 59.545 -0.553448 1303.6
vn -0.0209229 -0.93758 -0.34714
v 58.8617 1.2 1282.4
vn 0.158704 -0.983319 -0.0888617
v 58.945 1.24219 1282.2
vn 0.231939 -0.948938 0.213827
v 59.145 1.29107 1282.2
vn 0.034694 -0.888624 -0.457322
v 59.145 1.2 1282.36
vn 0.728753 -0.0668404 -0.681507
v 59.1966 1.4 1282.4
vn 0.710781 0.641954 0.287551
v 59.1872 1.6 1282
vn -0.153366 -0.883754 -0.442106
v 59.345 0.979688 1282.6
vn 0.237761 -0.937715 0.253299
v 59.345 1.20476 1281.6
vn 0.773772 0.393892 0.49611
v 59.545 1.4 1281.34
vn -0.0578784 -0.954077 -0.293917
v 58.545 0.854688 1283.4
vn -0.107274 -0.950557 -0.291433
v 59.1718 0.6 1284
vn 0.965877 0.258206 -0.0202874
v 59.345 1.01021 1283
vn -0.0347865 -0.988617 -0.146379
v 58.145 0.504688 1285.8
vn -0.121175 -0.969792 -0.21171
v 58.545 0.476563 1285.6
vn 0.982794 0.183901 0.0171976
v 58.9809 1.6 1285.8
vn 0.278649 -0.958719 -0.0566749
v 59.145 0.673438 1284.4
vn -0.0437303 -0.97058 -0.236774
v 59.2075 0.6 1284.8
vn 0.75819 -0.651385 -0.0290784
v 59.2847 0.8 1284.4
vn 0.963177 -0.263369 0.0540997
v 59.2622 0.8 1284.8
vn 0.0988656 -0.961613 -0.255979
v 59.1975 0.8 1285.6
vn -0.0509127 -0.9624 -0.266823
v 59.345 0.53729 1285
vn 0 -0.954173 -0.299254
v 59.445 0.6 1284.8
vn 0.48566 -0.67494 0.555509
v 59.4028 0.6 1285
vn 0.93996 -0.341053 -0.0125527
v 58.9872 1.8 1286
vn -0.1727 -0.770432 -0.613685
v 59.1825 0.4 1286.2
vn -0.0482376 -0.501926 -0.863564
v 59.145 0.676087 1286
vn 0.809784 -0.582052 -0.0739249
v 59.2341 0.8 1286
vn 0.122975 -0.608875 -0.783676
v 59.4708 0.4 1286.2
vn 0.209574 -0.393567 -0.895089
v 59.5021 0.4 1286.8
vn 0.885817 -0.459731 -0.0630564
v 59.1997 1.8 1289.8
vn 0.692502 0.699735 -0.175533
v 59.145 1.8814 1289.8
vn 0.813628 -0.575029 -0.0857386
v 59.2418 1.8 1290.2
vn 0.996775 -0.0801943 -0.00281719
v 59.0434 1.4 1291
vn 0.790821 0.59239 0.153872
v 59.0337 1.8 1291
vn 0.507529 0.809645 -0.294771
v 58.945 1.82344 1293.2
vn 0.941137 0.337948 0.00723721
v 59.145 0.775861 1293.6
vn 0.996598 -0.061445 -0.0549208
v 59.145 1.61719 1292.6
vn 0.707092 0.707083 -0.00736667
v 59.1684 1.6 1293.2
vn 0.817597 -0.564323 -0.114347
v 59.1684 1.6 1293.6
vn 0.541358 0.728884 -0.419117
v 59.1497 1.8 1293.4
vn 0.429044 0.853063 -0.296993
v 59.145 1.98281 1293.8
vn 0.769042 -0.57245 -0.284386
v 59.3913 1.8 1293.8
vn 0.73997 -0.671639 -0.0366747
v 59.24 1.6 1294.8
vn 0.756652 -0.653122 -0.0301558
v 59.2559 1.6 1295.2
vn 0.909397 0.130602 0.394893
v 59.2841 1.8 1295.2
vn 0.823032 0.506481 0.257088
v 59.2159 1.8 1295.4
vn 0.642143 -0.76522 -0.0457306
v 59.4998 1.8 1294.8
vn 0.486042 0.795577 0.36169
v 58.62 1.8 1297
vn 0.441611 0.817262 0.37022
v 58.745 1.98906 1295.8
vn 0.95118 -0.307795 -0.0227773
v 59.1841 1.4 1296.2
vn 0.498665 0.855774 0.137779
v 59.145 1.66094 1296.6
vn -0.100337 0.950175 -0.295125
v 58.545 1.87344 1297.4
vn 0.190483 0.969348 -0.155177
v 58.745 1.89219 1297.4
vn 0.909959 -0.411467 -0.0516586
v 59.1247 1.2 1298.4
vn 0.451061 0.891283 -0.0464639
v 59.295 1.6 1298
vn -0.0847437 0.98305 -0.162578
v 58.345 1.8 1300.26
vn 0.145955 0.989289 -0.00212085
v 59.145 1.8 1299.5
vn 0.296722 0.951734 0.0784814
v 59.345 1.89531 1301.4
vn 0.434071 0.898362 -0.0672953
v 59.5709 1.8 1302.2
vn 0.635101 -0.0476108 0.77096
v 58.145 0.8 1304.96
vn 0.649726 -0.179048 0.738782
v 59.0184 0.4 1304.2
vn 0.325595 -0.874608 0.359235
v 58.945 1.17969 1305
vn 0.671009 -0.011113 0.741366
v 58.945 1.4 1305.05
vn 0.632629 -0.0642558 0.771785
v 59.345 0.898438 1304
vn 0.449939 -0.843552 0.293214
v 59.6497 1.2 1304.4
vn 0.721404 0.604457 0.337945
v 59.6841 1.6 1304
vn -0.419394 -0.788112 -0.450542
v 58.545 2.42969 1231.4
vn 0.495171 -0.670097 0.55297
v 58.345 2.6 1234.15
vn -0.17171 -0.98347 -0.0574602
v 59.3617 3.2 1234
vn 0.614895 0.717914 0.326349
v 59.7028 3 1277.6
vn 0.614781 0.727903 0.303648
v 59.2278 2.4 1280
vn 0.913492 -0.405909 0.0277448
v 59.2997 2.8 1279.8
vn 0.957349 -0.288933 0.000944143
v 59.0622 2.2 1282.6
vn 0.844439 -0.475544 0.24654
v 59.5941 2.8 1282.4
vn 0.610403 0.720612 0.328826
v 59.6647 3 1282.4
vn 0.0317396 0.846395 -0.531609
v 58.945 2.87344 1284.2
vn 0.573601 0.769557 0.280649
v 59.4314 2.8 1283.2
vn 0.285919 0.956015 -0.0654581
v 58.145 3.15469 1284.6
vn -0.00168109 0.854327 -0.519733
v 58.345 3.39844 1285
vn 0.490139 0.832357 0.258738
v 58.545 3.21406 1285.6
vn 0.74649 0.65334 0.126093
v 59.145 2.76512 1285.2
vn 0.849625 -0.526736 -0.0262052
v 59.4172 2.4 1284.8
vn 0.687533 0.722659 0.0711457
v 59.345 2.6 1284.42
vn 0.533777 0.823896 0.190466
v 59.145 2.2 1286.52
vn 0.338234 0.937721 0.0792281
v 58.545 2.12656 1290.2
vn 0.612278 0.780396 0.126879
v 59.1055 2 1289.4
vn 0.319055 0.947416 0.0246442
v 58.945 2.01094 1289.8
vn 0.207238 0.97826 0.00780212
v 58.945 2.05781 1290.2
vn 0.401491 0.900658 0.166194
v 58.9569 2 1290.6
vn 0.671247 0.735638 -0.0909124
v 59.1778 2 1290
vn 0.386382 0.916263 0.105692
v 58.145 2.22969 1291.4
vn 0.248882 0.965826 -0.0723727
v 58.345 2.17031 1293.6
vn -0.0421832 0.993183 0.108668
v 58.145 2.21406 1294
vn -0.072486 0.992634 -0.0970747
v 58.145 2.22344 1295
vn -0.0843913 0.996409 0.00690921
v 58.345 2.2 1294.15
vn 0.0262067 0.999601 -0.0105535
v 58.545 2.29531 1295.4
vn 0.368641 0.889164 0.271092
v 58.745 2.27031 1295.4
vn 0.279963 0.946394 -0.16112
v 58.945 2.15781 1294.2
vn 0.184512 0.981784 -0.0453298
v 58.945 2.22969 1295
vn 0.603378 0.788003 -0.12242
v 59.345 2.03281 1294.4
vn 0.70781 0.660262 0.251115
v 59.345 2.04844 1294.8
vn 0.304292 0.952003 0.0331312
v 58.545 2.00781 1296.4
vn 0.475216 0.853217 0.214919
v 58.5903 2 1296.6
vn -0.0474393 0.973891 -0.222005
v 58.145 2.10156 1298
vn 0.277302 0.954174 0.112494
v 58.4992 2 1298
vn 0.0314412 0.996562 -0.0766523
v 58.745 2.05156 1301.2
vn 0.0308375 0.99765 0.0611853
v 58.945 2.07031 1304
vn -0.0293868 -0.980463 -0.194496
v 58.345 5.04531 1264
vn 0.224172 -0.972081 0.0693264
v 58.745 5.08594 1264.2
vn -0.047829 -0.976262 -0.211247
v 58.545 3.68281 1270.2
vn 0.0450222 0.983725 0.17395
v 58.545 5.12656 1277.4
vn -0.00157007 0.995301 -0.0968207
v 58.345 4.6 1279.41
vn 0.156359 0.944038 0.29042
v 58.745 4.63281 1278.8
vn 0.255015 0.928098 0.271294
v 59.695 4.4 1280
vn 0.241666 0.958604 0.150585
v 58.345 3.84531 1281.8
vn 0.149931 0.883418 -0.443953
v 58.345 4.04603 1282.2
vn 0.357135 0.879976 0.313204
v 58.345 4.00469 1282.4
vn 0.281106 0.898541 -0.337051
v 58.545 3.87031 1282
vn 0.383889 0.848207 0.364929
v 58.9303 3.8 1281.2
vn 0.552034 0.764622 0.332584
v 58.745 3.87031 1282.2
vn 0.367973 0.928873 0.0423181
v 59.145 3.67656 1281.8
vn 0.333502 0.906194 0.25998
v 58.145 3.82969 1283.2
vn -0.156155 0.986407 -0.0511466
v 58.145 5.33906 1231.4
vn 0.352135 -0.897378 0.265921
v 58.2325 5.6 1240.4
vn 0.448001 -0.86665 0.219572
v 58.145 6.53281 1259.2
vn -0.0730862 -0.946966 -0.312911
v 59.545 5.6 1262.28
vn 0.277886 0.782258 0.557541
v 59.4181 5.6 1275.2
vn 0.121407 0.962484 0.24266
v 58.945 5.22344 1277.8
vn -0.0485804 0.992282 -0.114089
v 59.545 5.2 1277.31
vn -0.57092 0.471384 -0.672197
v 58.545 7.4 1233.03
vn 0.110055 -0.985539 -0.128844
v 59.545 7.62031 1250.2
vn 0.512915 -0.82996 0.219281
v 59.1302 7.4 1252.2
vn 0.256365 -0.966169 -0.0281764
v 59.145 7.28594 1251.8
vn 0.183601 0.896029 0.404255
v 58.745 7.2 1269.92
vn 0.0791814 0.974936 0.207917
v 58.945 7.47656 1269.6
vn 0.0142329 0.999471 -0.029228
v 58.945 7.10781 1270.8
vn 0.0361613 0.994208 0.101203
v 59.545 7.07969 1270
vn -0.411431 0.778039 -0.474742
v 58.545 9.56719 1238.6
vn -0.000932168 0.998699 0.0509931
v 58.745 9.86406 1259.6
vn 0.0118985 0.999835 -0.013738
v 59.545 9.77344 1258.8
vn -0.0393435 0.980534 -0.19237
v 58.145 9.44754 1261.2
vn 0.0559944 0.991635 0.116293
v 58.145 9.47031 1261.8
vn 0.135974 0.980277 0.143419
v 58.345 8.72031 1264.2
vn 0.148852 0.951633 0.268771
v 59.345 8.46094 1265.4
vn -0.302309 0.92589 -0.226579
v 59.345 10.8078 1241.4
vn -0.222244 0.971088 -0.0871539
v 59.545 10.8297 1242.6
vn -0.331476 0.906446 -0.261687
v 59.545 11.2234 1244.2
vn -0.257248 0.940028 -0.223988
v 59.145 11.2922 1245.8
vn -0.166836 0.983779 -0.0659126
v 58.945 11.3453 1248
vn -0.0969965 0.992973 0.0677962
v 58.745 11.2484 1249.2
vn -0.0440149 0.998623 0.0285422
v 59.345 11.3141 1249.2
vn -0.140245 0.989916 -0.0199678
v 58.345 11.0984 1252.2
vn -0.0547991 0.997814 0.0369423
v 58.545 11.3953 1250.8
vn -0.264433 0.92096 -0.286196
v 58.145 11.1047 1252.6
vn 0.0477513 0.980562 0.190312
v 58.945 10.5047 1257
vn 0.192714 -0.924445 -0.329035
v 59.7658 0 1287
vn 0.176882 -0.982279 -0.0619771
v 59.745 -0.112243 1287.6
vn 0.889809 -0.445968 0.0967048
v 59.745 0.034427 1288
vn 0.41912 -0.876548 0.236646
v 59.745 -0.635937 1290.6
vn 0.289174 -0.924307 -0.249069
v 59.7709 -0.6 1290.2
vn 0.747343 0.663194 0.0406518
v 59.8273 -0.2 1290.6
vn 0.544699 -0.838631 0.000645195
v 59.945 -0.541305 1290.4
vn 0.510275 -0.718376 -0.472816
v 59.945 -0.4 1289.95
vn 0.601416 -0.659512 0.450936
v 60.0037 -0.4 1290.6
vn 0.501989 -0.861171 0.0799498
v 59.7974 -0.2 1291
vn 0.472111 -0.88097 0.0316777
v 59.745 -0.6 1296.42
vn 0.392013 -0.903579 -0.172832
v 59.745 -0.592498 1298.4
vn 0.418469 -0.905218 -0.0739134
v 60.011 -1.2 1303
vn 0.92304 0.372082 0.0977373
v 60.0028 -1 1302.8
vn 0.660088 -0.460138 0.593765
v 59.945 -1.2 1304.08
vn 0.166815 -0.96339 0.209886
v 61.145 1.81719 1230.6
vn 0.294165 -0.92771 -0.229826
v 60.145 1.55079 1279.2
vn 0.246842 -0.954755 -0.165868
v 60.345 1.64546 1279.2
vn 0.744262 0.646281 0.168508
v 60.345 1.82656 1279.2
vn 0.310281 -0.655546 -0.688466
v 60.545 1.53 1279.4
vn 0.157969 -0.977616 0.13897
v 59.945 1.15469 1281
vn 0.104606 -0.975004 -0.19602
v 59.9593 1.2 1280.4
vn 0.588453 0.699384 0.405691
v 60.0401 1.4 1280.6
vn 0.821731 0.56497 0.0746162
v 60.4644 1.6 1279.6
vn 0.803801 -0.583542 -0.115681
v 59.7893 1.6 1301
vn 0.624852 -0.780598 0.0150767
v 59.7975 1.2 1304
vn -0.308827 -0.885696 -0.346654
v 60.545 2.96094 1228.2
vn -0.324888 -0.880469 -0.345284
v 59.745 2.67031 1229.8
vn -0.20882 -0.935371 -0.28544
v 60.745 2.67969 1229
vn 0.101256 -0.963522 -0.247735
v 60.945 3.32656 1272.4
vn -0.0855639 -0.935259 -0.343468
v 60.745 2.88906 1273.4
vn 0.101044 -0.968703 -0.226726
v 59.945 2.24844 1275.8
vn 0.659082 0.69678 0.283036
v 60.9684 3 1275.2
vn 0.283812 -0.911031 -0.299121
v 61.145 2.77656 1275
vn 0.957502 -0.284634 0.0466156
v 59.745 3.44231 1277.4
vn 0.221602 -0.949344 -0.222796
v 60.745 2.06094 1276.8
vn 0.647951 0.717396 0.255934
v 61.2182 2.2 1277
vn 0.638309 -0.755992 -0.145043
v 59.745 3.43281 1279.6
vn 0.625038 -0.761134 -0.173212
v 59.745 3 1281.64
vn 0.791426 -0.592361 0.150842
v 59.8604 3 1282
vn 0.576296 0.735464 0.356336
v 59.7975 3.2 1281.8
vn 0.602584 -0.789927 -0.113612
v 59.945 3.25 1281.2
vn 0.929764 0.111943 0.350724
v 59.945 3.41406 1281.2
vn -0.580968 0.503566 -0.639451
v 60.945 3.8 1227.67
vn -0.614832 0.381213 -0.690405
v 60.345 4.2 1228.6
vn 0.389092 -0.804416 0.448913
v 60.2607 5 1236.2
vn 0.166398 -0.963717 0.208716
v 60.345 5.17969 1236.6
vn 0.0130465 -0.973406 -0.228715
v 59.945 4.45156 1266.4
vn 0.0784726 -0.978101 -0.192768
v 60.745 4.56094 1266.4
vn 0.30284 -0.950877 0.0641979
v 59.945 3.97031 1269.6
vn 0.0254358 -0.978188 -0.206157
v 60.345 3.60156 1270.2
vn 0.952376 -0.29242 0.0864304
v 60.4872 5 1271.4
vn 0.507823 0.827679 0.23888
v 60.945 3.64219 1273
vn 0.56683 0.788023 0.240255
v 61.145 3.63906 1272.6
vn 0.637713 0.71478 0.287075
v 61.145 3.8 1272.1
vn 0.947897 -0.317317 0.0283134
v 60.0809 4.6 1274.6
vn 0.629869 -0.753371 -0.188937
v 60.345 4.8 1276.16
vn 0.0949983 0.992807 -0.0728709
v 60.545 5.1623 1276.6
vn 0.39446 -0.887816 -0.237033
v 60.745 4.97969 1276.4
vn 0.819017 0.199851 0.537839
v 60.745 5.09286 1276.4
vn 0.281159 0.921025 0.26956
v 60.745 5.12031 1277.2
vn 0.358301 -0.889368 -0.283981
v 60.945 4.8 1277.15
vn 0.460728 0.77993 0.423603
v 60.9812 5 1277.2
vn 0.345399 0.932367 0.10673
v 61.145 5.07258 1276.8
vn 0.761477 -0.402585 0.508014
v 61.1497 5 1277
vn 0.478077 -0.842772 -0.247341
v 60.145 3.81094 1279.2
vn 0.771283 -0.628894 -0.098057
v 60.145 4.05833 1278
vn 0.551336 -0.811246 -0.194702
v 60.345 4.07969 1278.6
vn 0.489169 -0.831868 -0.262126
v 60.3823 4 1279
vn 0.5857 0.755913 0.292491
v 60.3723 4.2 1279
vn 0.265276 0.856096 0.44354
v 60.345 4.47969 1278.6
vn 0.461658 -0.869008 -0.178039
v 60.545 4.18594 1278.6
vn 0.391047 -0.870132 -0.299922
v 60.545 4 1279.17
vn 0.454451 -0.865345 -0.211309
v 60.545 4.26719 1278.4
vn 0.996818 0 -0.0797107
v 60.545 4.26429 1278.6
vn 0.532019 -0.839182 -0.112827
v 60.5772 4.2 1278.8
vn 0.361611 0.801461 0.476338
v 60.545 4.79219 1278
vn 0.415444 -0.89379 -0.168958
v 60.745 4.36094 1278.4
vn 0.517564 0.757162 0.398538
v 60.145 4.2 1279.85
vn 0.601574 -0.786295 -0.140884
v 60.345 3.68281 1280
vn 0.77598 -0.630615 -0.0133784
v 60.345 3.67857 1280.2
vn 0.580849 0.741023 0.336896
v 60.345 4 1279.95
vn -0.301037 0.918284 -0.25716
v 59.945 5.52031 1229.4
vn -0.63176 0.215078 -0.744729
v 60.945 5.8 1229.34
vn -0.628219 0.117753 -0.769074
v 59.8654 6 1230.2
vn 0.350496 -0.872446 0.340573
v 60.145 5.76719 1238.6
vn -0.00774947 -0.984046 -0.177747
v 60.545 6.47656 1258
vn 0.273803 -0.954351 0.119357
v 59.945 5.24219 1262.8
vn 0.114149 -0.990477 -0.076973
v 59.745 5.32031 1263.8
vn 0.747163 -0.663612 -0.0369559
v 60.6747 5.6 1272.8
vn 0.367114 -0.915123 -0.166667
v 61.145 6.04219 1272.2
vn -0.173416 0.862139 -0.47607
v 60.745 6.37344 1273.4
vn 0.368761 0.821201 0.435482
v 60.945 6.27656 1274
vn 0.35681 -0.907131 -0.22316
v 61.145 5.57344 1274.4
vn 0.238552 -0.952824 -0.187669
v 60.945 5.2 1275.78
vn 0.173201 0.912308 0.371072
v 60.945 5.52031 1275.6
vn 0.819017 0.199851 0.537839
v 61.0641 5.4 1275.8
vn 0.0592893 0.977388 0.202972
v 61.145 5.68594 1275
vn -0.455749 0.748852 -0.481158
v 59.745 6.8 1231.24
vn -0.611885 0.0616561 -0.78854
v 59.745 7 1231.24
vn -0.445886 0.721184 -0.530169
v 60.945 7.59219 1231.2
vn -0.504239 0.604904 -0.616307
v 60.345 8 1231.79
vn -0.369914 0.828773 -0.41988
v 60.945 8.33175 1231.8
vn 0.172944 -0.984718 -0.0204905
v 59.8902 7.6 1251.2
vn 0.0127091 -0.985938 -0.166628
v 59.945 7.47656 1253
vn 0.0418485 0.984874 0.168145
v 61.245 7.2 1269.4
vn 0.0181994 0.996484 0.081781
v 59.945 7.08281 1270.2
vn -0.300192 0.917624 -0.26048
v 61.145 9.25156 1234.4
vn 0.148025 0.918468 0.366751
v 59.745 9.74746 1259.6
vn 0.12399 0.934718 0.333061
v 59.945 9.32969 1260.2
vn 0.233442 0.915526 0.327592
v 59.945 9.33281 1261.4
vn 0.205631 0.94485 0.254901
v 60.345 9.19844 1261.8
vn 0.0081111 0.991258 -0.13169
v 60.745 9.50156 1260.4
vn 0.10093 0.993809 -0.0464486
v 59.945 8.54844 1263.8
vn 0.103217 0.98684 0.12447
v 59.945 8.62344 1264.4
vn -0.132081 0.988377 -0.0752658
v 61.145 11.0703 1241
vn -0.147631 0.981759 0.11981
v 61.145 11.3453 1242
vn -0.202699 0.974384 -0.0974052
v 60.145 11.0516 1242.8
vn -0.310596 0.884816 -0.34732
v 60.545 11.2797 1243.2
vn -0.275138 0.880666 -0.385652
v 60.945 11.2203 1242.8
vn -0.317595 0.857544 -0.404662
v 60.945 11.4828 1243.2
vn -0.0736088 0.997149 0.0165934
v 61.145 11.5266 1246.2
vn -0.12733 0.96209 -0.241184
v 60.145 11.3891 1249.8
vn -0.0338751 0.995383 -0.089807
v 60.545 11.2984 1249.2
vn -0.0923911 0.994889 -0.0407412
v 60.145 11.3797 1251.2
vn -0.164158 0.966692 -0.196364
v 60.145 11.3484 1251.6
vn -0.193473 0.972058 -0.132935
v 60.345 11.3047 1250.8
vn -0.179954 0.928875 -0.323739
v 60.345 11.5391 1251.8
vn -0.0845308 0.99618 -0.0219175
v 60.545 11.3891 1251
vn -0.0329425 0.993619 -0.107868
v 60.545 11.3359 1251.4
vn 0.0104286 0.999895 0.010024
v 60.745 10.7516 1254
vn 0.238844 0.880425 0.409641
v 59.745 10.1109 1257.8
vn -0.0251249 0.993427 0.111681
v 60.745 11.6516 1246
vn -0.15628 0.98088 -0.115977
v 61.145 11.6766 1246.6
vn 0.46661 -0.700755 0.539647
v 61.945 2.93729 1231.4
vn 0.268733 -0.908283 0.320631
v 61.345 3.12969 1232.4
vn 0.210093 -0.972496 -0.100563
v 61.545 3.57031 1271.4
vn 0.121339 -0.938404 -0.323535
v 61.3606 3.2 1272.8
vn 0.111433 -0.938997 -0.325371
v 61.345 3.4 1272.32
vn 1 0 0
v 61.345 3.51379 1272.4
vn 0.474963 0.873356 0.107979
v 61.345 3.52031 1272.6
vn 0.842799 -0.359197 0.400833
v 61.3508 3.4 1273
vn 0.842799 -0.359197 0.400833
v 61.6361 3.4 1272.4
vn 0.50451 -0.804253 -0.314082
v 61.47 2.8 1274
vn 0.850892 0.268337 0.451639
v 61.545 3 1274.11
vn 0.50451 -0.804253 -0.314082
v 61.6096 3.2 1273.2
vn -0.747727 -0.0609293 -0.661204
v 61.945 3.6 1226.56
vn -0.67778 -0.0355081 -0.734407
v 62.345 4.6 1226.8
vn -0.0126456 -0.975049 -0.221629
v 62.745 4.62593 1266
vn -0.0352837 -0.963496 -0.265388
v 61.403 4.2 1267.6
vn -0.331926 -0.828436 -0.451131
v 62.4296 4.4 1267.2
vn 0.0759945 -0.971559 -0.224273
v 62.345 4.4 1267.26
vn 0.490156 0.845806 0.210617
v 62.345 4.70781 1267.2
vn 0.26443 0.475984 -0.838759
v 62.4221 4.6 1267.4
vn -0.62561 0.758393 0.1829
v 62.545 4.58 1267.2
vn -0.62561 0.758393 0.1829
v 62.545 4.53175 1267.4
vn 0.108828 -0.973295 -0.202123
v 62.6569 4.4 1267.6
vn 0.386021 0.920134 0.0658872
v 62.6361 4.6 1267
vn 0.611678 0.738349 0.284062
v 61.945 4 1269.89
vn 0.523834 0.798858 0.295673
v 62.0246 4.2 1269.2
vn 0.101686 -0.986839 -0.125734
v 62.145 3.925 1269.4
vn 0.0674562 -0.982327 -0.174593
v 62.345 4 1268.94
vn 0.556155 -0.757802 0.341215
v 62.4926 4 1269
vn 0.109943 0.760234 -0.640279
v 62.345 4.05439 1269
vn 1 0 0
v 61.545 3.67037 1271.4
vn 0.89408 0.354561 0.273693
v 61.545 3.8 1271.27
vn 0.258544 -0.960249 -0.105246
v 61.745 3.65156 1271.4
vn 0.977931 0.0160202 0.208312
v 61.345 3.6 1272.3
vn 0.106293 -0.960027 -0.258941
v 61.345 4.99219 1276.6
vn -0.633562 0.269586 -0.725205
v 62.5802 6.2 1228
vn 0.114562 -0.984388 -0.133629
v 62.545 5.83906 1260.8
vn 0.888265 -0.439424 0.133762
v 62.0716 6.6 1263.4
vn -0.0774178 -0.950668 -0.300394
v 62.345 5.44844 1262.8
vn 0.672826 0.707368 0.216646
v 61.9633 6 1264
vn 0.608777 0.74804 0.264247
v 62.145 5.70469 1264.4
vn 0.0730682 -0.984285 -0.160762
v 62.7575 5.2 1263.8
vn 0.484687 0.812209 0.324646
v 62.745 5.4 1264.25
vn 0.811756 0.551644 0.191682
v 61.4778 6.2 1265.8
vn 0.274033 -0.952089 -0.135766
v 62.345 6.75469 1269.2
vn 0.523537 0.83042 0.190557
v 61.345 6.2 1273.06
vn 0.151263 0.918735 0.364753
v 61.345 6.46406 1272.2
vn 0.248999 -0.949648 -0.190179
v 61.545 6 1272.93
vn 0.840945 0.522373 0.141204
v 61.545 6.2 1271.99
vn 0.292639 0.928685 0.227829
v 61.595 6.4 1272.2
vn 0.698339 0.274774 0.660925
v 61.972 6.2 1272.4
vn 0.601426 0.547085 0.582225
v 61.345 5.76909 1274.2
vn 0.213895 -0.952503 -0.216767
v 61.345 5.8 1273.6
vn 0.689814 0.65683 0.304519
v 61.4433 6 1273.8
vn 0.106908 -0.963629 -0.244928
v 61.545 5.77031 1273.8
vn 0.203202 0.930051 0.306127
v 61.3666 5.6 1275.2
vn 0.241025 -0.935563 -0.258125
v 61.545 5.40217 1275.2
vn 0.264256 0.869055 0.418225
v 61.6571 5.4 1275.4
vn 0.0926156 -0.994777 -0.0429061
v 61.945 8.17969 1246
vn 0.26829 -0.961355 0.0617756
v 61.345 7.03281 1255.4
vn 0.59607 0.754675 0.274164
v 62.8091 7 1259.8
vn 0.242856 0.908665 0.339631
v 62.545 7.97344 1265
vn 0.754786 -0.6529 0.0633997
v 61.7122 6.8 1266.6
vn 0.496382 -0.867156 -0.0405557
v 62.145 7.11406 1266.4
vn 0.321417 0.945704 -0.0483193
v 62.3794 7.4 1266.6
vn 0.378531 -0.679054 -0.628967
v 62.545 7.33704 1266.4
vn 0.378531 -0.679054 -0.628967
v 62.545 7.2 1266.55
vn 0.108198 0.991191 0.0763742
v 61.545 7.52656 1267.8
vn 0.375544 0.569823 0.730937
v 62.5644 7.4 1267.8
vn 0.673335 0.734529 0.0841897
v 62.9046 7.2 1267.6
vn 0.697006 0.640378 0.322642
v 62.345 7.2 1268.81
vn 0.123297 0.97383 0.190926
v 61.345 7.00469 1270.2
vn -0.207282 0.968221 -0.139937
v 62.745 9.44219 1234
vn -0.458659 0.695429 -0.553183
v 62.345 9.9 1235
vn -0.395563 0.828731 -0.395899
v 62.545 9.99531 1235
vn 0.0682483 0.99591 0.0591988
v 61.345 9.74219 1257.4
vn 0.153221 0.954919 0.254271
v 61.345 9.79844 1258.8
vn 0.307706 0.868934 0.387647
v 61.545 9.29531 1259.6
vn 0.0187254 0.955153 -0.295519
v 61.545 9.33906 1260
vn 0.249095 0.840236 0.481617
v 61.545 9.47377 1259.2
vn 0.15514 0.977151 0.145284
v 61.945 9.17031 1259.4
vn -0.0637727 0.956476 -0.284757
v 62.745 9.30469 1259.8
vn -0.254526 0.937868 -0.23584
v 61.545 10.4484 1237.8
vn -0.304799 0.904504 -0.29828
v 61.545 10.8641 1239.6
vn -0.240119 0.918425 -0.314386
v 62.545 11.2 1240.81
vn -0.38762 0.737318 -0.553275
v 61.545 11.2297 1241.6
vn -0.0998766 0.99494 -0.0109045
v 61.745 11.4 1243.39
vn -0.0317788 0.999253 0.0219813
v 61.345 11.5078 1249.6
vn 0.0895255 0.984906 0.148141
v 61.545 11.5016 1251.8
vn 0.0685096 0.99728 0.0271823
v 62.545 10.7141 1253.2
vn -0.213145 0.938501 -0.271636
v 61.745 11.8078 1244.2
vn 0.0561016 0.958317 0.280147
v 61.9843 11.6 1243
vn 0.0715649 0.976888 0.201418
v 62.545 11.7547 1246.2
vn 0.346113 -0.847308 0.402834
v 63.745 1.92969 1228.8
vn -0.645174 0.201699 -0.736932
v 63.3807 5 1225.8
vn -0.637815 0.389593 -0.664386
v 63.545 4.4193 1225.6
vn -0.489462 0.715756 -0.498116
v 63.545 5.72656 1226.2
vn 0.396192 -0.817709 0.417593
v 63.345 5.32031 1234.8
vn 0.0679034 -0.979933 -0.187403
v 63.745 6.4 1258.49
vn -0.814934 -0.288815 -0.502463
v 64.145 6.6 1257.56
vn 0.161433 -0.967926 -0.192505
v 63.545 6.32344 1258.8
vn -0.0199408 -0.926004 -0.376986
v 63.745 6.16719 1259.4
vn 0.160851 -0.975991 -0.146859
v 63.745 6.29623 1259.2
vn 0.276945 -0.942389 -0.18763
v 63.8055 6.4 1258.8
vn 0.598398 0.746372 0.291289
v 63.745 6.4 1259.44
vn 0.970154 0.151439 -0.189388
v 63.7743 6.6 1258.8
vn 0.610473 0.722167 0.325267
v 64.0018 6.2 1259.4
vn 0.605392 0.748613 0.270331
v 63.945 6.4 1258.92
vn 0.30096 -0.95289 0.0377382
v 63.0876 6 1260.6
vn 0.549162 0.786177 0.283455
v 62.9525 6.2 1261.4
vn -0.00254113 -0.95863 -0.284645
v 63.145 5.77344 1261.4
vn 0.853906 -0.427155 0.297294
v 63.2583 6 1261.4
vn 0.574658 0.761459 0.299914
v 63.2559 6.2 1260.8
vn -0.0866053 -0.955747 -0.281154
v 63.345 5.6 1261.96
vn 0.67575 0.152695 -0.721142
v 63.5145 6 1261
vn 0.535796 0.798559 0.274274
v 63.145 5.88594 1262
vn -0.0590984 -0.967199 -0.247048
v 63.345 5.52969 1262.2
vn 0.527704 0.806417 0.266873
v 63.545 5.58281 1262
vn 0.278176 -0.960307 -0.0207177
v 62.945 5.25 1264
vn 0.482736 0.839392 0.249774
v 62.945 5.4 1263.88
vn -0.515026 -0.573755 -0.636831
v 63.145 5.2 1263.88
vn -0.108941 0.820241 -0.561549
v 63.145 5.27656 1264
vn -0.613008 0.0960689 -0.784214
v 63.945 7.8 1228.06
vn -0.404752 0.835177 -0.372364
v 64.345 7.18281 1227.2
vn 0.100992 -0.994819 -0.0116444
v 63.945 8.07344 1248.4
vn 0.915193 0.172407 0.364277
v 63.9435 7.8 1255.6
vn 0.916332 -0.312466 0.250401
v 63.7466 8 1256
vn -0.814934 -0.288815 -0.502463
v 64.345 6.8 1257.12
vn 0.222496 -0.974277 -0.035783
v 63.9825 6.8 1257.2
vn 0.777002 -0.501828 0.380049
v 64.1117 7 1257.2
vn -0.814934 -0.288815 -0.502463
v 64.145 6.885 1257.4
vn 0.242609 0.765494 -0.595952
v 64.345 6.85873 1257.2
vn 0.640838 -0.767316 -0.0235346
v 63.2672 8 1259.4
vn 0.214128 0.959182 0.184713
v 63.49 8.2 1261.6
vn 0.655385 -0.754845 -0.0260767
v 63.5532 8 1261.4
vn 0.981873 0.138275 0.129633
v 63.5655 7.8 1263.4
vn 0.209376 0.967704 0.140394
v 63.545 8.13281 1263.2
vn 0.246156 0.922818 0.296333
v 62.945 7.41719 1266
vn -0.450312 0.687332 -0.569907
v 62.945 9.725 1234.4
vn -0.0349085 0.986373 0.160781
v 62.945 9.91719 1235.6
vn 0.171298 -0.978107 0.118165
v 64.145 8.41094 1242.6
vn 0.744479 -0.63979 0.190837
v 64.4341 8.8 1255.4
vn 0.600499 -0.799461 0.0162227
v 64.145 8.77656 1257
vn 0.107067 0.992006 0.0667842
v 64.3065 9.6 1255.8
vn 0.2858 0.864062 0.414385
v 62.945 9.42344 1258.6
vn 0.635781 -0.767341 -0.0834821
v 64.345 8.75469 1258.4
vn 0.601716 -0.798699 -0.00419631
v 64.345 8.8 1258.06
vn 0.367385 0.920539 0.132804
v 64.345 8.89355 1258.4
vn 0.417757 0.728498 0.542928
v 64.4891 9 1258.2
vn 0.197347 0.953278 0.228724
v 63.145 9.27344 1259
vn 0.521841 -0.85252 -0.02985
v 63.945 8.4 1259.82
vn 0.295445 0.920337 0.256304
v 63.945 8.4 1260.27
vn 0.349333 0.825306 0.443664
v 63.945 8.6 1259.88
vn 0.308788 0.913984 0.263218
v 64.2179 8.8 1259.4
vn -0.374516 0.792457 -0.481404
v 63.6206 10.4 1235.8
vn -0.218461 0.93593 -0.276241
v 63.745 10.6516 1236.4
vn -0.35961 0.837875 -0.410667
v 63.145 10.8453 1238.2
vn -0.435429 0.719363 -0.54122
v 63.145 11.0148 1238.4
vn -0.414887 0.717359 -0.5597
v 63.545 11.0927 1238.2
vn -0.0304653 0.964696 0.261597
v 63.545 11.1734 1238.6
vn -0.307245 0.900936 -0.306454
v 63.545 11.2 1238.35
vn -0.188574 0.905494 -0.380158
v 63.545 11.4703 1240.8
vn -0.138295 0.990367 -0.00692987
v 64.145 11.4797 1240.4
vn -0.173078 0.940066 -0.293804
v 62.945 11.5734 1241.2
vn 0.0456718 0.977492 0.20597
v 63.545 11.5828 1246.4
vn 0.0773228 0.978563 0.190882
v 63.745 11.2609 1247.2
vn 0.0187551 0.998244 -0.0561939
v 64.145 11.2359 1247.4
vn 0.121809 0.990859 0.0579688
v 63.745 11.3797 1250.2
vn 0.29572 0.918603 0.262143
v 64.145 11.2297 1250.6
vn 0.335236 0.786512 0.518667
v 63.145 10.8452 1252.2
vn 0.322701 0.894359 0.309815
v 63.745 11.2703 1251.2
vn -0.0330277 0.997128 0.06816
v 63.545 11.6047 1241.4
vn -0.0989874 0.986525 -0.130272
v 63.545 11.6422 1242
vn -0.157894 0.917561 -0.364899
v 63.7486 11.8 1243.4
vn 0.028071 0.997253 0.0685487
v 63.745 11.9141 1243.6
vn 0.0449943 0.97813 0.20307
v 62.945 11.7172 1245
vn 0.0325261 0.99103 0.129624
v 64.2363 11.6 1246.4
vn -0.373771 -0.812889 -0.446661
v 64.745 3.03594 1225
vn -0.444382 -0.770381 -0.457207
v 65.345 3.16719 1224.2
vn -0.509605 0.677937 -0.529815
v 64.745 7.17031 1226.6
vn -0.616121 0.115197 -0.779182
v 64.745 7.59616 1227.4
vn -0.0969024 -0.97332 -0.207986
v 65.345 7.85469 1251.6
vn -0.189377 -0.932771 -0.306717
v 65.745 7.63594 1251.6
vn 0.566694 0.755467 0.328829
v 65.545 7.97031 1252.8
vn 0.110393 -0.991989 -0.061402
v 65.745 7.39531 1253
vn 0.501398 0.788264 0.356707
v 65.8401 7.6 1253.4
vn 0.528045 0.776307 0.344262
v 64.7739 7.4 1255.2
vn -0.00581467 -0.987278 -0.158894
v 64.945 7.2 1255.11
vn 0.596495 0.689282 -0.411198
v 64.945 7.25192 1255.2
vn 0.0234908 -0.996378 -0.0817196
v 65.2478 7.2 1255.2
vn -0.224839 0.87576 -0.42719
v 65.345 7.20807 1254.8
vn -0.151261 -0.953502 -0.260679
v 65.545 7.16094 1254.8
vn -0.194671 -0.826155 -0.528745
v 65.545 7.2 1254.74
vn -0.140466 0.906347 -0.398503
v 65.545 7.23906 1254.8
vn 0.0869887 -0.980761 -0.174759
v 64.945 7.07857 1255.6
vn 0.242609 0.765494 -0.595952
v 64.545 6.8 1257.21
vn -0.379627 0.841257 -0.384928
v 65.745 8.50781 1227.8
vn 0.906076 -0.373375 0.199041
v 65.9653 9 1250.6
vn 0.941859 0.181155 0.282992
v 65.8716 8.6 1250.8
vn 0.921324 -0.218813 0.321377
v 65.2122 8.4 1252.8
vn 0.77899 -0.595471 0.19644
v 65.545 9.09318 1252.8
vn 0.109266 0.990217 0.0867854
v 65.2597 9.6 1254.6
vn 0.65411 -0.743091 0.141264
v 65.345 9.40385 1254.4
vn 0.584335 -0.811501 0.00447852
v 64.8773 9.2 1256.4
vn 0.263726 0.954951 0.13608
v 64.9738 9.4 1256.8
vn 0.335247 0.893828 0.297793
v 64.745 9.38393 1257.4
vn 0.501988 -0.864127 0.0359512
v 65.1561 9.2 1257.2
vn -0.160475 0.984584 -0.0695878
v 64.945 10.6984 1235.4
vn -0.277266 0.8966 -0.345299
v 65.545 11.4 1237.21
vn -0.0311524 0.990511 0.133856
v 65.545 11.4734 1237.8
vn 0.101139 0.973176 0.206639
v 64.545 11.5109 1242
vn 0.172869 0.96275 0.207913
v 65.545 11.5234 1245
vn 0.469277 0.801595 0.370438
v 64.745 10.9578 1250.6
vn 0.32097 0.864148 0.38759
v 64.945 11.2453 1250
vn 0.361347 0.861585 0.35651
v 65.145 10.6578 1250.6
vn 0.411882 0.81791 0.401716
v 64.9344 10.6 1251.2
vn 0.235614 0.971464 0.0272654
v 65.545 10.4828 1251
vn 0.202779 0.970723 0.12875
v 64.945 10.4859 1253
vn 0.341696 0.866845 0.363076
v 65.5888 10.2 1253.4
vn -0.142989 0.976687 0.160114
v 64.945 11.6578 1239.6
vn -0.0111859 0.93566 0.352726
v 65.745 11.6891 1239.8
vn 0.0196782 0.998102 0.0583553
v 65.745 11.6766 1240.8
vn -0.236349 0.892502 -0.384159
v 64.945 11.6297 1242.2
vn -0.0766964 0.99482 -0.0667202
v 65.145 11.7297 1242.4
vn -0.0293051 0.976961 -0.211396
v 65.345 11.7891 1242.8
vn 0.220013 0.915775 0.336082
v 64.945 11.6953 1245
vn 0.0801177 0.989507 0.120235
v 65.2758 11.8 1244.4
vn -0.139494 -0.979878 -0.142759
v 66.545 1.8 1224.94
vn -0.546552 0.663268 -0.511231
v 67.345 4.8 1221.89
vn 0.412084 -0.800284 0.435583
v 66.545 3.89219 1229.2
vn -0.485155 0.779997 -0.395259
v 66.145 6.28594 1224.4
vn -0.591241 0.548921 -0.590863
v 66.545 6.2 1223.85
vn -0.642629 0.528522 -0.554701
v 66.545 6.35246 1224
vn -0.466269 0.883752 0.0397101
v 66.545 6.4 1223.76
vn -0.6147 0.512128 -0.599891
v 66.745 6.48594 1224.2
vn 0.638913 -0.439676 0.631249
v 67.345 5.38846 1230.8
vn -0.519769 0.702579 -0.486028
v 67.345 7 1224.13
vn 0.28565 -0.920122 0.267918
v 66.345 7.00781 1236
vn 0.302855 -0.906129 0.295313
v 66.145 7.88281 1238.8
vn 0.164362 -0.986379 0.00652874
v 67.145 8.27969 1244.8
vn 0.122155 -0.99249 0.00639813
v 66.545 8.33281 1246.8
vn -0.0232092 -0.989591 -0.142025
v 67.145 8.33281 1247.4
vn -0.451751 -0.799035 -0.396817
v 66.345 7.78594 1250.6
vn 0.165306 -0.959698 -0.227276
v 66.945 7.88929 1250.6
vn 0.1099 -0.990677 0.0805068
v 67.0096 8 1250.6
vn -0.247829 -0.927935 -0.27842
v 67.345 7.92344 1249.2
vn 0.0532826 -0.987378 -0.149151
v 66.545 7.56094 1251.8
vn 0.661443 0.628946 0.408558
v 66.745 7.55781 1252
vn 0.0753138 -0.965813 -0.24806
v 66.945 7.78281 1250.8
vn 0.483951 0.81168 0.327059
v 66.945 7.86719 1251.2
vn -0.230273 0.964331 -0.130538
v 66.745 9.48281 1229.8
vn -0.37084 0.84361 -0.388331
v 67.145 9.57656 1229.8
vn -0.209614 0.975432 -0.0677788
v 66.745 9.92344 1231.6
vn 0.437253 0.893865 0.0990768
v 67.5796 9 1245.6
vn 0.702076 0.67087 0.238796
v 66.7653 9.2 1247.2
vn 0.925745 -0.337058 0.171431
v 66.5684 9.4 1248
vn 0.651381 -0.756309 0.060815
v 66.345 9.7625 1251.4
vn 0.628628 -0.773151 0.0840515
v 66.1802 9.8 1253
vn 0.681477 -0.71881 0.13748
v 66.145 9.8 1253.52
vn 0.605394 -0.791889 0.0800655
v 66.545 9.95156 1252.4
vn -0.415277 0.69019 -0.592606
v 66.335 10.4 1232.6
vn -0.353921 0.841236 -0.408733
v 66.945 10.0203 1231.8
vn -0.126785 0.990758 0.0482134
v 66.745 10.9872 1234.2
vn -0.432816 0.578715 -0.691202
v 67.145 10.8 1233.87
vn 0.0787104 0.935823 0.34357
v 66.7783 11.2 1238.2
vn 0.169071 0.949665 0.263726
v 66.545 11.5484 1239.8
vn 0.0636101 0.98856 0.136757
v 66.545 11.5609 1241.2
vn 0.177993 0.963267 0.201083
v 67.545 11.3141 1244
vn 0.12989 0.98162 0.139827
v 66.545 11.1016 1245.8
vn -0.0269932 0.989274 0.143553
v 66.545 11.2453 1245.4
vn -0.00861872 0.953528 0.301181
v 66.945 11.3141 1245.6
vn 0.117381 0.992235 0.0411245
v 67.345 11.2703 1244.8
vn 0.0472987 0.826137 0.561481
v 66.945 11.0422 1246
vn 0.486737 -0.873099 -0.0280187
v 67.545 10.4984 1247.4
vn 0.29839 0.917827 0.261834
v 66.945 11.0859 1248.8
vn 0.247371 0.918995 0.307012
v 66.7639 10.4 1250.2
vn 0.713693 -0.694471 0.0913872
v 66.945 10.1703 1250
vn 0.356012 -0.934363 -0.0148996
v 67.362 10.4 1249.2
vn 0.37682 0.801382 0.464536
v 67.345 10.6 1249.28
vn 0.397876 0.911394 0.105146
v 66.358 10.2 1251.2
vn 0.181324 0.982959 -0.0302142
v 66.345 10.3234 1251.8
vn 0.650306 -0.758998 0.0319989
v 66.632 10 1251.2
vn 0.634677 -0.772777 0.000149508
v 66.6341 10 1251.6
vn 0.536768 0.733647 0.416705
v 66.6318 10 1252
vn 0.418713 0.872499 -0.251844
v 66.6245 10.2 1251.6
vn 0.406597 0.813519 0.415771
v 66.745 10.2 1250.82
vn 0.314431 0.942686 0.111694
v 66.145 10.1328 1252.8
vn 0.678298 -0.46519 0.568779
v 66.1497 10 1253.2
vn 0.366206 0.907678 0.204974
v 66.545 10 1252.73
vn -0.0896829 0.986496 -0.13705
v 66.945 11.6047 1237
vn -0.134459 0.946343 -0.293862
v 66.82 11.8 1239.2
vn -0.128097 0.890616 -0.436341
v 67.145 11.7766 1239
vn 0.166234 0.913182 0.37211
v 67.345 11.6547 1239.2
vn 0.155467 0.889865 0.428918
v 66.145 11.6609 1239.8
vn 0.00656307 0.999864 -0.0151121
v 66.2093 11.6 1240
vn 0.161612 0.8449 0.509926
v 66.145 11.8141 1239.6
vn 0.292316 0.830223 0.474637
v 66.545 11.6578 1239.6
vn -0.0600526 0.980249 -0.188427
v 66.545 11.6422 1240.2
vn -0.160327 0.939247 -0.303498
v 66.345 11.8217 1241.6
vn 0.0226311 0.990444 0.136042
v 66.545 11.8141 1242.2
vn -0.474246 -0.727393 -0.495974
v 67.745 2.48215 1223
vn 0.603871 -0.418319 0.67849
v 69.2286 2.8 1225
vn -0.578017 0.524347 -0.625265
v 68.7569 5.6 1221.6
vn -0.612415 0.360689 -0.703456
v 68.745 6 1221.87
vn -0.254086 0.96438 -0.0735662
v 67.945 6.69531 1222.8
vn -0.604574 -0.226274 -0.763735
v 68.345 6.4075 1222
vn 0.611862 -0.49897 0.613721
v 68.745 5.70156 1229.6
vn -0.482566 0.747556 -0.456388
v 68.545 7.24531 1223.2
vn -0.474263 0.759242 -0.445674
v 68.8776 7.2 1222.8
vn -0.267559 -0.937125 -0.224075
v 68.745 8.23906 1239.4
vn 0.0392309 -0.992068 0.119428
v 67.745 8.37936 1240.8
vn -0.37422 -0.830178 -0.413236
v 67.745 7.94219 1248.8
vn 0.101587 -0.992793 0.0635806
v 67.745 7.95156 1249
vn -0.171801 -0.980278 -0.0976707
v 67.945 8.4 1240.03
vn 0.570157 0.799033 0.190964
v 69.145 9.18393 1241
vn 0.156168 -0.983839 0.0875925
v 67.745 8.53281 1241.4
vn 0.657653 0.717593 0.229244
v 68.345 9.6 1241.32
vn 0.492557 0.842349 0.218712
v 68.8106 9.2 1241.8
vn 0.149271 -0.985716 -0.0779935
v 69.145 8.8 1241.7
vn 0.553358 0.812198 0.18474
v 69.2365 9 1241.6
vn 0.559655 0.802456 0.207004
v 68.545 8.84531 1244.2
vn 0.569176 0.793148 0.216691
v 68.9981 8.8 1242.8
vn 0.124256 -0.991569 -0.0367491
v 68.545 8.60469 1245
vn 0.799277 -0.337047 0.49755
v 68.6272 8.6 1245.2
vn 0.299635 0.953092 -0.0428209
v 68.545 8.65781 1245.2
vn -0.0227132 -0.991821 -0.125603
v 68.7497 8.6 1245
vn 0.58789 0.741307 0.323806
v 68.745 8.60469 1245
vn 0.799277 -0.337047 0.49755
v 68.745 8.6 1245.01
vn 0.379433 0.921379 0.0842066
v 67.945 8.51667 1247
vn -0.040306 -0.981831 -0.185426
v 68.145 8.44286 1246.6
vn -0.0642569 -0.974631 -0.214394
v 68.345 8.42969 1246.6
vn 0.895744 0.218638 0.387092
v 67.8336 8.4 1247.8
vn 0.0488769 0.939191 0.339898
v 68.545 10.6391 1232.8
vn 0.0490766 0.997661 -0.0475877
v 68.945 11.4984 1235.8
vn 0.128511 0.980038 0.151693
v 67.945 11.5463 1237
vn 0.223251 0.972726 0.0629471
v 68.545 11.4078 1240.4
vn 0.965537 0.0239936 0.259158
v 67.9653 10 1242
vn 0.832365 -0.51659 0.200759
v 68.2153 10.4 1241.6
vn 0.513774 -0.851544 0.104445
v 68.745 10.9359 1241.6
vn 0.211333 0.939137 0.270849
v 68.5646 11.2 1243.6
vn 0.220979 0.934336 0.279616
v 68.945 11.3549 1243
vn 0.347137 -0.937387 0.028311
v 69.145 11.1203 1242.8
vn 0.653338 -0.754745 0.0592352
v 67.945 10.6391 1244.4
vn 0.249884 0.940142 0.231713
v 67.9557 11 1245.6
vn 0.550719 -0.83464 0.00920807
v 68.145 10.7828 1245.4
vn 0.165392 0.986081 0.0170367
v 67.745 10.9641 1247.4
vn 0.527904 -0.842701 -0.105699
v 68.0664 10.8 1247.6
vn 0.499165 0.816488 0.290142
v 67.9531 10.8 1248.4
vn 0.395403 -0.908458 -0.135498
v 68.145 10.6 1248.47
vn -0.142644 0.821162 -0.552581
v 68.345 11.7391 1241
vn 0.127751 0.983134 0.130869
v 68.145 11.6203 1242.6
vn -0.380665 -0.808856 -0.448158
v 69.745 1.96094 1221.8
vn -0.733483 -0.168773 -0.658422
v 70.1934 3 1219.8
vn -0.729232 -0.231692 -0.643847
v 70.745 2.8 1219.17
vn -0.470281 -0.748015 -0.468305
v 69.545 2.44844 1221.2
vn 0.353784 -0.840222 0.41093
v 69.945 3.24531 1224.6
vn 0.188436 -0.953172 0.236549
v 70.345 2.2193 1223.6
vn 0.347945 -0.837763 0.420818
v 70.745 3.27656 1224
vn -0.593239 0.0251871 -0.804632
v 70.3035 6.4 1220.6
vn 0.533746 -0.652748 0.53762
v 69.545 5.2 1228.44
vn 0.372911 -0.851964 0.367552
v 69.9396 6.2 1230.4
vn 0.195626 -0.956856 0.214844
v 70.545 8.28948 1238.2
vn 0.0746745 -0.993647 0.0842014
v 69.345 8.4 1237.93
vn 0.710594 -0.439272 0.549632
v 70.545 8.79 1238.6
vn 0.688736 0.683285 0.242415
v 70.635 8.8 1238.2
vn 0.662983 -0.526222 0.532488
v 70.745 8.6 1238.26
vn 0.217031 -0.963674 -0.155658
v 69.3891 9 1240.8
vn -0.16822 0.985118 -0.0352697
v 69.945 10.5422 1228.6
vn -0.141113 0.983786 -0.110693
v 70.545 10.8797 1230
vn -0.199044 0.974116 -0.107145
v 69.345 10.9984 1231.6
vn -0.129702 0.972233 0.194783
v 69.545 10.8766 1232
vn -0.163314 0.984975 0.0561398
v 70.145 11.0922 1231.6
vn -0.081181 0.996374 0.0254825
v 70.545 11.1859 1232.2
vn -0.091704 0.990527 -0.102208
v 70.745 11.0672 1233.6
vn 0.604812 0.795513 -0.0368938
v 70.745 11.1828 1234
vn 0.936998 -0.0998877 0.33475
v 69.745 10 1236.27
vn 0.785063 0.344724 0.514627
v 70.7789 11 1235.4
vn 0.241739 0.926259 0.289149
v 70.8063 11.2 1235.2
vn 0.682976 -0.714159 0.153367
v 69.8417 10.8 1237.2
vn 0.148118 0.967541 0.204759
v 70.02 11 1236.8
vn 0.644228 -0.762124 -0.0643165
v 70.0654 11 1237.2
vn -0.120244 0.89324 -0.433201
v 69.945 11.1413 1237.2
vn 0.178347 0.940372 -0.289641
v 70.345 11.2109 1237.2
vn 0.709277 -0.70328 0.0481987
v 70.345 11.2145 1237.4
vn 0.486818 0.867408 0.103013
v 70.1424 11.4 1238.8
vn 0.583138 -0.802526 0.126107
v 69.7634 11.2 1240.2
vn 0.268034 0.962496 -0.0419391
v 69.345 11.4641 1241.8
vn 0.179315 0.976065 0.123057
v 69.345 11.6797 1239.2
vn -0.00844489 0.998578 0.0526344
v 69.745 11.6 1238.77
vn -0.695436 0.31848 -0.644158
v 71.345 3.2 1218.51
vn 0.604013 -0.410815 0.682934
v 72.145 2.6 1222.29
vn -0.64275 0.27621 -0.714549
v 71.4059 5 1218.6
vn -0.580156 -0.505383 -0.638754
v 72.345 4.09219 1217.4
vn -0.687182 -0.120142 -0.716482
v 71.145 3.6 1218.96
vn 0.523725 -0.647662 0.553395
v 70.945 4.6 1225.61
vn 0.389331 -0.834803 0.389263
v 71.145 4.8 1225.75
vn -0.65523 0.130222 -0.744121
v 71.345 5.4 1218.72
vn 0.466171 -0.733215 0.495056
v 72.345 5.63594 1226.2
vn 0.330903 -0.895216 0.298484
v 71.545 6.57969 1229.6
vn 0.313626 -0.92245 0.225221
v 71.545 8 1235.42
vn -0.3851 -0.824877 -0.413855
v 71.345 8.32969 1236.8
vn -0.398524 0.813192 -0.424143
v 71.345 8.44902 1222.4
vn 0.726678 0.645062 0.236292
v 71.3091 9.4 1232.6
vn 0.225332 -0.957479 0.180163
v 71.345 8.44131 1235.8
vn 0.473709 -0.444709 0.760154
v 71.494 8.6 1235.8
vn -0.00134078 -0.998096 -0.0616615
v 71.145 8.52344 1236.6
vn 0.711351 -0.572699 0.407427
v 71.145 8.6 1237.59
vn 0.962776 0.193336 0.188903
v 71.345 8.57027 1236.6
vn -0.291977 0.949529 -0.114646
v 71.945 10.2891 1226
vn -0.500552 0.825097 -0.262035
v 72.145 10.3578 1226.4
vn -0.3547 0.918873 -0.172804
v 72.2302 10.4 1226
vn -0.416283 0.788292 -0.453104
v 72.145 10.5483 1226.6
vn -0.482788 0.853496 -0.196115
v 72.345 10.4922 1226.2
vn -0.485666 0.802423 -0.346764
v 72.345 10.5525 1226.4
vn -0.185423 0.972498 -0.140944
v 71.545 10.8453 1228.2
vn 0.437664 0.893684 0.0988913
v 70.9733 11 1233.8
vn 0.74766 -0.586381 0.311708
v 71.145 10.8 1233.9
vn 0.57336 -0.773223 0.270896
v 71.145 10.8922 1234.2
vn 0.368043 0.581462 -0.725566
v 71.145 11.2 1234.22
vn 0.51768 -0.804341 0.291619
v 71.145 11.1098 1234.8
vn 0.154568 0.987942 0.00889761
v 71.145 11.2578 1234.8
vn 0.94718 0.0173983 -0.32023
v 71.345 11.2 1234.81
vn -0.106165 -0.981198 -0.16118
v 73.485 1.8 1219.6
vn 0.171882 -0.962739 0.208782
v 73.145 1.96406 1221
vn -0.672388 -0.200178 -0.712617
v 73.72 3.2 1216
vn -0.569333 0.521917 -0.635188
v 72.745 4.4 1216.91
vn -0.624815 -0.0857045 -0.776054
v 73.2882 5.8 1217
vn -0.639592 0.0354612 -0.767896
v 73.7275 6.2 1216.6
vn -0.372627 0.924299 -0.0825857
v 72.945 5.97344 1217.4
vn -0.457143 0.766403 -0.451272
v 73.945 6.30156 1217.2
vn 0.489174 -0.714188 0.500644
v 73.745 5.2 1224.5
vn -0.551889 -0.0155041 -0.833773
v 72.745 7.4 1218.9
vn -0.402474 0.840611 -0.362473
v 72.945 7.54531 1219.2
vn -0.431947 0.784509 -0.444935
v 73.345 8.3623 1220.2
vn -0.439907 0.745088 -0.501325
v 74.1167 8.2 1219
vn 0.906417 -0.168314 0.387399
v 73.3341 9.8 1227.6
vn -0.175087 0.969924 -0.169092
v 73.545 10.6484 1225.4
vn -0.204944 0.959782 -0.191874
v 73.545 10.9016 1226.2
vn 0.15227 0.971868 0.179687
v 73.6497 10.8 1227.8
vn 0.817156 -0.428312 0.385752
v 73.945 10.4378 1227
vn 0.101452 0.989032 0.107349
v 72.945 10.7203 1229.2
vn 0.82643 -0.442065 0.348701
v 72.9497 10.6 1229.4
vn 0.767649 -0.541072 -0.343447
v 73.0907 10.8 1229.4
vn -0.32572 0.886499 -0.328672
v 72.945 11 1229.42
vn 0.912631 -0.0157748 0.408481
v 73.1968 10.6 1228.8
vn -0.403881 -0.203788 -0.891824
v 73.145 11 1229.33
vn -0.438973 0.850041 -0.291089
v 73.145 11.1184 1229.4
vn 0.65346 -0.719595 0.234889
v 73.2152 11 1229.8
vn -0.267513 0.931325 -0.247125
v 73.1892 11.2 1229.6
vn 0.723038 -0.681102 0.115395
v 73.345 11.07 1229.4
vn 0.609246 -0.754784 0.243144
v 72.945 11 1230.5
vn -0.016421 0.999834 0.00789626
v 72.945 11.2891 1230.2
vn 0.267943 0.896057 0.35396
v 72.945 11.2 1230.43
vn 0.65413 -0.694233 0.300256
v 73.145 11.1933 1230.4
vn 0.177582 0.98187 -0.0662945
v 73.145 11.2797 1230
vn 0.269466 0.943027 0.195161
v 73.145 11.2703 1230.2
vn 0.927708 -0.196668 -0.3173
v 73.345 11.2 1230.06
vn -0.613318 0.564512 -0.55242
v 74.745 3.4 1215.14
vn 0.500276 -0.670748 0.547559
v 75.345 3.57656 1220.8
vn -0.633628 0.404282 -0.6596
v 74.545 4.37258 1215.2
vn -0.453265 -0.649101 -0.610916
v 75.0184 4 1215.4
vn -0.420955 -0.634595 -0.64814
v 74.945 4.4 1214.99
vn -0.652254 0.44714 -0.61207
v 74.345 5.4 1215.96
vn 0.309817 -0.88763 0.340774
v 74.345 5.77969 1224.8
vn -0.552787 0.049766 -0.831835
v 74.1937 7 1218
vn 0.654948 0.731936 0.187919
v 75.345 7.78906 1225.6
vn 0.665047 0.716407 0.210887
v 75.3085 7.4 1227.6
vn 0.344157 -0.648601 0.678876
v 74.2392 7.8 1229.4
vn 0.324462 -0.808688 0.49066
v 74.945 7.3371 1228.6
vn -0.385351 0.849118 -0.361253
v 75.345 8.58281 1218.6
vn 0.861079 -0.250154 0.44268
v 75.2184 9.4 1223.4
vn 0.768204 0.605889 0.206786
v 74.4966 8.6 1225.6
vn -0.49143 0.548756 -0.676286
v 75.545 10.8078 1223.2
vn -0.280218 0.954321 -0.103679
v 74.945 10.7547 1223.8
vn 0.784934 -0.425755 0.450123
v 75.2812 10.6 1224.4
vn -0.185069 0.982623 -0.0141785
v 75.145 10.8 1224.12
vn -0.303303 0.939487 -0.159283
v 75.545 10.9547 1223.6
vn 0.000757233 0.999529 0.0306896
v 74.2013 11 1226.6
vn 0.818344 -0.434114 0.37664
v 74.345 10.2 1225.8
vn -0.0892283 0.968763 -0.23138
v 74.345 10.7547 1225.6
vn 0.548298 0.807119 -0.218925
v 74.5126 10.8 1226
vn -0.0948254 0.971006 -0.219442
v 74.345 10.9797 1226.2
vn 0.815466 -0.465089 0.34454
v 74.6563 10.6 1225.6
vn 0.775387 -0.546937 0.315651
v 74.545 10.6 1225.94
vn 0.758208 -0.515935 0.398663
v 74.545 10.8 1226.33
vn -0.631056 -0.26783 -0.728036
v 75.745 2.69219 1214.4
vn -0.247353 -0.916741 -0.313691
v 76.945 2.35156 1214
vn -0.717959 0.272743 -0.640427
v 77.145 5.04902 1212.8
vn -0.227704 0.936836 -0.265498
v 77.145 5.09844 1213
vn -0.583637 0.650007 -0.486681
v 76.945 6.16719 1213.8
vn -0.576362 -0.15677 -0.802016
v 77.145 5.6 1213.55
vn -0.64342 0.271575 -0.715722
v 75.745 5.2 1214.43
vn -0.578556 0.677242 -0.454551
v 75.745 5.6 1214.51
vn -0.590612 0.671939 -0.44685
v 75.9099 5.8 1214.6
vn -0.609248 -0.0471168 -0.791579
v 75.9815 6 1214.8
vn -0.594763 0.018191 -0.803695
v 76.145 5.8 1214.27
vn -0.597083 0.0879964 -0.797338
v 76.145 6.4 1214.67
vn -0.598485 0.286828 -0.748028
v 77.138 6.6 1214
vn 0.493633 -0.704477 0.509939
v 75.745 5.51177 1222.8
vn 0.489701 -0.738775 0.463037
v 76.345 5.37344 1222
vn 0.362151 -0.819781 0.443627
v 76.7292 6.4 1224
vn 0.881681 0.0554964 0.46857
v 76.745 6.79531 1224
vn 0.284832 -0.919089 0.272298
v 76.145 6.76094 1225.4
vn -0.583647 0.192391 -0.788886
v 76.6283 6.8 1214.4
vn -0.55127 0.594491 -0.585391
v 75.945 7.15156 1216.8
vn -0.427073 0.880983 -0.20366
v 76.945 7.13594 1215.6
vn 0.6251 0.780282 0.0202521
v 76.7623 6.8 1222
vn 0.337866 -0.876036 0.344103
v 76.345 6.8 1224.8
vn 0.679772 0.720785 0.135573
v 76.3925 7 1224.6
vn 0.161816 -0.986787 -0.00814505
v 76.0086 6.8 1225.2
vn 0.218469 -0.973217 -0.0715479
v 76.145 6.83061 1225.2
vn 0.673931 0.721778 0.15765
v 76.2932 7 1225.2
vn -0.451629 0.744127 -0.492247
v 76.3821 8.8 1218
vn -0.159435 0.966625 0.200542
v 76.745 9.31719 1218.8
vn -0.224323 0.969508 -0.0986574
v 76.945 9.98814 1220.2
vn 0.812373 -0.333321 0.478485
v 77.0028 9.8 1220.4
vn -0.229065 0.75749 -0.611342
v 75.8568 10.2 1222.4
vn -0.0761156 0.925724 -0.370462
v 75.745 10.9547 1223.4
vn -0.324926 0.861769 -0.389585
v 75.945 10.093 1222.2
vn 0.810118 -0.42409 0.404792
v 75.945 10.0636 1222.4
vn 0.0219696 0.835452 -0.549124
v 75.945 10.7 1223
vn 0.792474 -0.416771 0.445295
v 76.026 10.8 1223.4
vn 0.792903 -0.431802 0.429944
v 75.745 10.8 1223.9
vn -0.110851 0.987684 -0.110416
v 75.745 11.0047 1223.6
vn -0.203645 0.978148 0.0418959
v 75.745 11 1223.81
vn 0.852787 -0.207692 0.479185
v 75.9623 11 1223.6
vn 0.526436 -0.614795 0.587276
v 77.945 2.51094 1217
vn -0.572207 0.502937 -0.647792
v 77.745 4 1212.24
vn -0.635422 0.437258 -0.636431
v 77.945 4.18163 1212.2
vn -0.683516 0.107476 -0.72198
v 78.3369 4.6 1212
vn -0.578973 0.460496 -0.672855
v 78.6761 5 1211.8
vn -0.836332 0.509595 -0.202143
v 78.745 5 1211.52
vn -0.491364 -0.359897 -0.793118
v 77.345 4.82647 1212.8
vn -0.673055 0.127136 -0.728583
v 77.745 4.4 1212.6
vn -0.513111 0.266941 -0.815757
v 77.745 5 1212.62
vn 0.506145 -0.688986 0.518763
v 77.545 4.67344 1219.8
vn -0.483751 0.721149 -0.495913
v 77.345 5.4 1213.47
vn -0.372768 0.775894 -0.508951
v 77.745 5.2 1212.79
vn -0.536477 0.589508 -0.603881
v 78.145 5.6 1212.82
vn 0.907923 0.133964 0.397152
v 78.1184 6.6 1217.6
vn 0.623408 0.781653 0.0194995
v 78.0725 5.8 1220.2
vn 0.774375 0.59584 0.212882
v 77.9809 6 1218.8
vn 0.446336 -0.812203 0.375646
v 77.545 5.47031 1220.8
vn 0.445861 -0.84124 0.305815
v 77.6483 5.8 1221.6
vn 0.370459 -0.884216 0.284469
v 77.745 5.67969 1221.2
vn 0.759224 -0.649942 -0.0339849
v 77.8195 6 1221.6
vn 0.576953 -0.658093 0.483776
v 78.0802 5.6 1220.4
vn 0.597662 -0.762883 0.246597
v 77.945 5.67222 1220.8
vn 0.999611 0.0154554 -0.023202
v 78.0817 5.8 1220.6
vn 0.553879 -0.770155 0.316353
v 78.02 5.8 1221.2
vn 0.503668 -0.59822 0.623259
v 77.545 5.97344 1222.4
vn 0.6 0.799957 0.00826523
v 77.5595 6.2 1222.2
vn 0.432248 -0.758232 0.488105
v 77.5667 6.2 1222.6
vn 0.435621 -0.867235 0.241117
v 77.745 5.92344 1222
vn 0.674355 -0.723612 0.147076
v 77.8375 6 1222
vn -0.422959 0.881502 -0.209907
v 78.345 7.66406 1214.2
vn -0.569281 0.410057 -0.712581
v 77.4211 8 1216
vn -0.377021 0.868305 -0.322339
v 77.5256 8.6 1216.6
vn 0.896028 0.0140594 0.443775
v 78.6653 8.6 1216.8
vn -0.26016 0.905496 -0.335251
v 78.545 8.95781 1216
vn 0.0401337 0.869699 0.491949
v 78.545 8.87581 1216.2
vn -0.168354 0.980122 -0.104965
v 78.545 8.8 1216.83
vn 0.86676 -0.272097 0.417959
v 78.6341 8.8 1217
vn -0.30556 0.203139 -0.930252
v 78.545 9 1216.94
vn 0.830595 -0.339595 -0.441348
v 78.7158 9 1217
vn 0.824303 -0.208947 0.52618
v 78.745 9.2 1217.18
vn 0.293681 -0.548563 -0.782835
v 78.93 9.4 1216.8
vn -0.156179 0.960677 -0.229584
v 78.745 9.43281 1217
vn -0.416852 0.447559 -0.791154
v 77.345 8.62895 1217.2
vn -0.38681 0.184936 -0.903425
v 77.7369 9.2 1217.2
vn 0.843331 -0.215255 0.4924
v 77.8591 8.6 1218.2
vn -0.0544498 0.895625 0.441464
v 77.945 9.68594 1218.2
vn 0.042404 0.811184 0.583252
v 78.145 9.6 1218.3
vn 0.815819 -0.234775 0.528507
v 78.345 9.2 1217.79
vn -0.293932 0.860051 -0.417033
v 78.345 9.40781 1217.2
vn 0.325111 0.942621 -0.075951
v 78.345 9.44844 1217.8
vn 0.89724 0.0148582 0.441294
v 78.6355 9.4 1217.4
vn 0.102649 0.990724 0.0890464
v 78.545 9.42969 1217.4
vn 0.823991 -0.0829053 0.560504
v 78.545 9.42344 1217.6
vn -0.0675349 0.997443 -0.0233717
v 78.745 9.43594 1217.2
vn -0.533051 0.600735 -0.595797
v 77.345 9.48361 1219
vn 0.810378 -0.33169 0.482979
v 77.6591 9.4 1219
vn 0.798877 -0.387261 0.460245
v 77.6497 9.6 1219.2
vn -0.523313 0.650513 -0.550434
v 77.545 9.8 1219.1
vn 0.180343 0.742036 0.645646
v 77.345 10 1220.07
vn -0.276525 0.901127 -0.333923
v 77.545 10.0578 1219.4
vn -0.360502 0.712055 -0.602508
v 77.745 10 1219.21
vn -0.423124 -0.576687 -0.698855
v 80.145 3.2 1210.79
vn -0.270919 -0.87454 -0.402223
v 79.3575 2.8 1211.4
vn 0.649163 -0.507187 0.566876
v 80.345 2.28281 1214.4
vn -0.555573 -0.288517 -0.779805
v 78.945 3.8 1211.32
vn 0.827481 0.475592 0.298475
v 80.4591 4.2 1215.4
vn 0.741199 0.656035 0.142274
v 79.9942 4.4 1216.6
vn -0.635851 0.205852 -0.743854
v 80.345 5.67969 1210.2
vn -0.873468 0.438728 -0.211119
v 79.0704 5.4 1211
vn -0.238918 0.943124 0.23116
v 79.145 5.4 1211.25
vn -0.145158 0.956862 0.251683
v 79.345 5.4 1211.31
vn -0.578712 0.00153644 -0.81553
v 79.345 5.96875 1211.8
vn -0.490934 0.86969 -0.0512159
v 79.545 5.52969 1211.6
vn -0.619322 0.0765394 -0.781397
v 79.903 6.4 1211.4
vn -0.432931 0.756067 -0.49085
v 78.945 6.81476 1212.2
vn -0.416766 0.689807 -0.592008
v 79.345 6.97031 1212.2
vn -0.534637 0.62076 -0.573428
v 79.0961 7.2 1212.8
vn -0.331112 0.873511 -0.356852
v 79.3331 8 1213.4
vn 0.0285765 0.918599 -0.394155
v 80.345 8.10469 1213.2
vn 0.835767 -0.180277 0.518646
v 80.345 8 1213.72
vn 0.881368 -0.102452 0.461187
v 79.1091 7.4 1215.4
vn 0.806585 -0.313972 0.500841
v 79.4434 8 1215
vn -0.271509 0.889359 -0.367863
v 79.945 8.43281 1213.8
vn 0.197749 0.925321 -0.323538
v 80.1687 8.4 1213.8
vn -0.395651 0.786726 -0.473838
v 79.145 8.58837 1214.8
vn 0.825022 -0.230902 0.515774
v 79.545 8.6 1215.36
vn 0.00696272 0.96989 -0.243445
v 80.145 8.49219 1214.2
vn 0.84695 -0.0898574 0.524025
v 79.0059 8.6 1216.2
vn -0.166779 0.979671 -0.111484
v 78.945 8.8 1216.23
vn -0.0582191 0.778714 0.624671
v 79.1093 9 1216
vn 0.782483 -0.557542 -0.277249
v 78.945 9.32162 1217
vn -0.0619581 0.991253 -0.116523
v 78.945 9.44531 1217
vn -0.11696 0.951684 -0.283933
v 79.145 8.97656 1215.8
vn 0.690609 -0.348279 0.633846
v 81.4591 3.4 1213.8
vn -0.363297 -0.788837 -0.495733
v 80.545 3.60469 1210.4
vn -0.51485 -0.587672 -0.624156
v 80.545 3.8 1210.09
vn -0.71069 -0.0909353 -0.697604
v 81.145 4.17667 1209.4
vn -0.469122 -0.375098 -0.799517
v 81.345 5 1209.46
vn 0.815732 0.456625 0.355071
v 81.1966 4.8 1212.2
vn 0.861611 0.395717 0.317859
v 81.4778 3.6 1213.6
vn 0.745507 -0.413303 0.522877
v 80.7653 3.8 1215
vn 0.714697 -0.376247 0.589615
v 81.3684 3.6 1214
vn -0.417921 -0.474621 -0.774647
v 80.945 5.2 1209.55
vn -0.625037 0.0780371 -0.776685
v 80.945 5.65439 1209.6
vn -0.43242 0.782926 -0.447258
v 81.7674 6 1210
vn -0.456939 0.885678 -0.082344
v 81.745 6.57174 1210.6
vn -0.184554 0.102707 -0.977441
v 81.7746 6.6 1210.6
vn -0.257326 -0.885237 0.387477
v 81.945 6.6 1210.8
vn 0.853887 0.0596068 0.517034
v 81.3684 5.8 1211.4
vn 0.774632 -0.231642 0.588462
v 81.8591 6.4 1210.8
vn 0.692399 -0.335409 -0.638815
v 81.9433 6.6 1210.8
vn -0.760376 0.0580988 0.646879
v 81.945 6.60313 1210.8
vn -0.760376 0.0580988 0.646879
v 81.7898 6.8 1210.6
vn -0.280186 -0.277923 -0.918833
v 81.945 7.2 1210.32
vn -0.442017 0.361691 -0.820854
v 81.945 7.4 1210.33
vn -0.377697 0.729611 -0.570099
v 80.545 7.83281 1212
vn -0.539152 0.645249 -0.541266
v 80.945 7.725 1211.6
vn -0.120499 0.911625 0.392962
v 80.945 7.83281 1212.2
vn 0.708969 -0.228279 0.667272
v 81.145 7.6 1212.35
vn 0.304537 0.90747 -0.289407
v 81.145 7.8 1212.3
vn -0.484937 0.675584 -0.555358
v 81.545 7.50156 1210.8
vn -0.420041 0.896636 -0.140034
v 81.5974 8.2 1211.4
vn -0.311148 0.949866 0.0306882
v 81.545 8.2 1211.56
vn 0.0309551 0.891631 0.451704
v 81.745 8.11094 1211.8
vn -0.0201802 0.930578 0.365536
v 81.745 8.20781 1211.6
vn -0.355597 0.536897 -0.765044
v 81.945 8 1211.25
vn 0.107467 0.947619 0.30078
v 81.945 8.27031 1211.4
vn 0.8016 -0.244936 0.545384
v 80.6278 7.2 1212.8
vn 0.0518006 0.94496 -0.323059
v 80.545 7.99844 1212.4
vn 0.81041 -0.217889 0.543839
v 80.6153 7.8 1213.2
vn 0.314516 0.885063 -0.343138
v 80.6396 8 1213.2
vn 0.160917 0.964733 -0.208319
v 80.745 8.05156 1212.6
vn 0.11567 0.992078 -0.0490149
v 80.745 8.07656 1212.8
vn 0.777911 -0.244684 0.578778
v 80.945 8 1212.82
vn -0.290204 -0.853019 -0.433752
v 83.145 3.03906 1209.2
vn -0.137962 -0.959034 -0.247427
v 83.345 2.68281 1209.8
vn -0.26895 -0.864051 -0.425538
v 83.345 2.81187 1209.6
vn 0.902464 -0.415631 0.113182
v 83.4091 2.8 1210
vn 0.956079 -0.279309 0.088874
v 83.5184 3 1209.6
vn -0.240548 -0.914812 -0.324432
v 82.145 2.28906 1211.8
vn 0.695974 -0.360529 0.620998
v 83.0077 2.6 1211.6
vn -0.590047 0.420572 -0.689176
v 82.9929 4.8 1207.4
vn -0.705749 0.00526168 -0.708443
v 82.5543 4.4 1207.8
vn 0.928447 0.0989627 0.35804
v 83.7153 3.6 1209
vn -0.389602 0.770631 -0.504318
v 82.945 6.02969 1209
vn -0.500288 -0.343213 -0.794932
v 83.345 5.4 1208.03
vn -0.597691 0.452738 -0.66166
v 82.145 6.49844 1210
vn 0.742471 -0.242455 0.624462
v 82.145 6.4 1210.47
vn -0.185809 -0.135789 -0.973158
v 82.145 6.6 1210.53
vn 0.73948 -0.252914 0.623862
v 82.345 6.4 1210.24
vn 0.770562 -0.105169 0.628629
v 82.545 5.8 1209.72
vn -0.479103 0.582211 -0.65688
v 82.545 6.18853 1209.6
vn 0.159609 0.851253 -0.499893
v 82.545 6.42344 1210
vn 0.788373 0.3206 0.525056
v 83.0153 5.8 1209.2
vn -0.0548648 0.186863 -0.980853
v 82.145 7.4 1210.27
vn -0.147183 0.705387 -0.693373
v 82.145 7.62344 1210.4
vn 0.874209 -0.210312 -0.437639
v 82.345 7.6 1210.45
vn -0.431431 0.481786 -0.762725
v 82.145 8.10238 1211.2
vn -0.406692 0.718081 -0.564767
v 82.345 8 1211.01
vn 0.662902 -0.0707948 0.745352
v 82.4863 8 1211.2
vn 0.705981 0.540244 -0.45796
v 82.545 7.8 1211.08
vn -0.221412 -0.86307 -0.453968
v 83.745 3.02833 1208.8
vn -0.59835 -0.185052 -0.779572
v 83.945 3.56406 1207.8
vn -0.0429322 -0.780457 -0.623734
v 84.145 3.55306 1207.8
vn 0.579695 -0.812998 -0.0546639
v 83.745 3 1209.22
vn -0.595374 -0.210892 -0.775277
v 84.145 3.8 1207.58
vn 0.149517 -0.987351 -0.0527602
v 84.345 4.29365 1206.8
vn 0.308876 0.910933 -0.27349
v 84.345 5 1207.24
vn -0.440412 -0.686195 -0.578942
v 84.545 4.34531 1206.4
vn -0.550125 0.0785668 -0.831378
v 84.545 4.4 1206.34
vn 0.154874 -0.582511 -0.797932
v 84.745 4.4 1206.37
vn -0.411748 0.523907 -0.745644
v 84.745 4.6 1206.29
vn -0.743751 0.516073 0.424856
v 84.1226 3.8 1207.6
vn -0.857005 -0.160878 0.489551
v 84.085 4 1207.6
vn 0.807742 0.257505 0.530325
v 84.145 3.66765 1207.8
vn -0.743751 0.516073 0.424856
v 84.145 3.8 1207.64
vn -0.425302 0.795177 -0.432217
v 83.745 5.31094 1207.6
vn -0.112136 -0.829294 -0.547445
v 0.345001 -20.9078 1377.8
vn -0.413675 -0.840755 0.34929
v 0.345001 -20.9078 1377.8
vn 0.659597 -0.751605 -0.00470691
v 0.345001 -20.9078 1377.8
vn 0.524633 -0.719956 -0.45434
v 0.345001 -20.5117 1377.2
vn 0.0927513 -0.891499 -0.443425
v 0.005939 -19.2 1374.6
vn -0.575817 -0.609693 -0.544711
v 0.005939 -19.2 1374.6
vn 0.775276 -0.574615 -0.262231
v 0.345001 -19 1374.27
vn 0.0330457 -0.920038 -0.390433
v -0.090936 -20 1376
vn -0.253803 -0.887863 -0.383775
v 0.145001 -20.2206 1376.8
vn 0.721701 -0.62016 -0.307488
v 0.270001 -20.2 1376.6
vn -0.627555 -0.692053 0.356703
v -0.054999 -20.0463 1379.4
vn -0.798817 -0.496352 0.339892
v -0.054999 -19.6 1380.05
vn -0.626343 0.0649577 0.776836
v -0.054999 -19.6 1380.05
vn -0.626343 0.0649577 0.776836
v -0.054999 -19.2 1380.02
vn -0.412301 0.737833 0.534425
v -0.054999 -19.2 1380.02
vn 0.16216 0.744643 0.647465
v -0.054999 -19.2 1380.02
vn -0.0236565 0.32523 0.945339
v -0.054999 -19.2 1380.02
vn -0.626343 0.0649577 0.776836
v 0.145001 -19.8 1380.23
vn 0.686783 -0.523547 0.504211
v 0.145001 -19.8 1380.23
vn -0.0236565 0.32523 0.945339
v 0.145001 -19.8 1380.23
vn 0.74329 0.430566 0.511989
v 0.521564 -19.2 1379.6
vn 0.740247 0.671142 -0.0400367
v 0.521564 -19.2 1379.6
vn 0.77612 0.334422 0.534603
v 0.543439 -19 1379.4
vn 0.77612 0.334422 0.534603
v 0.345001 -19 1379.69
vn 0.740247 0.671142 -0.0400367
v 0.345001 -19 1379.69
vn -0.49045 -0.720346 -0.49047
v 0.105939 -18.2 1370.2
vn 0.274022 -0.945604 -0.175344
v 0.105939 -18.2 1370.2
vn -0.684611 -0.724887 -0.0764683
v 0.105939 -18.2 1370.2
vn -0.44965 -0.660421 -0.601381
v 0.118439 -17.8 1369.6
vn 0.274022 -0.945604 -0.175344
v 0.412189 -18 1369.6
vn 0.618297 -0.417976 -0.665587
v 0.412189 -18 1369.6
vn 0.950917 -0.205048 -0.23176
v 0.412189 -18 1369.6
vn 0.773759 -0.624631 -0.105514
v 0.412189 -18 1369.6
vn 0.274022 -0.945604 -0.175344
v 0.339119 -18.8 1373.8
vn -0.650393 -0.688656 -0.320534
v 0.339119 -18.8 1373.8
vn 0.712295 -0.668884 -0.212674
v 0.339119 -18.8 1373.8
vn -0.650393 -0.688656 -0.320534
v 0.145001 -18.6167 1373.8
vn -0.761684 -0.0169153 0.647728
v -0.176817 -18 1379.2
vn -0.412301 0.737833 0.534425
v -0.054999 -18.8 1379.47
vn -0.117702 0.302742 0.945777
v 0.046668 -18 1379.4
vn 0.0920921 0.205219 0.974374
v -0.054999 -17.4 1379.2
vn -0.0488065 0.265148 0.962972
v 0.145001 -18.8 1379.62
vn 0.800542 0.234656 0.551425
v 0.347085 -18.8 1379.6
vn 0.201896 -0.324782 0.923988
v 0.345001 -18.4 1379.68
vn -0.877694 0.233218 0.418643
v 0.345001 -17.8 1379.9
vn 0.298705 -0.157546 0.941252
v 0.345001 -17.8 1379.9
vn -0.873222 -0.36769 -0.319824
v 0.049689 -16.8 1368.8
vn -0.716875 -0.58449 -0.38008
v 0.145001 -16.3898 1368.2
vn -0.0708765 -0.8182 -0.570548
v 0.145001 -16.3898 1368.2
vn 0.681968 -0.411659 -0.60453
v 0.345001 -16.8256 1368.8
vn -0.209607 0.686548 0.696216
v -0.306561 -16 1378.6
vn -0.524767 0.246085 0.8149
v -0.306561 -16 1378.6
vn -0.780718 -0.0434698 0.62337
v -0.254999 -17.2 1379.13
vn -0.0117217 -0.116181 0.993159
v -0.254999 -16.5927 1379.2
vn 0.52659 0.291105 0.798724
v -0.254999 -16.5927 1379.2
vn -0.209607 0.686548 0.696216
v -0.254999 -16.5927 1379.2
vn 0.360588 0.149076 0.920735
v -0.054999 -17 1379.15
vn 0.341046 0.451775 0.824371
v -0.054999 -16.1261 1378.8
vn -0.524767 0.246085 0.8149
v -0.054999 -16.1261 1378.8
vn 0.739769 0.143382 0.657407
v -0.054999 -16.1261 1378.8
vn 0.290801 0.276594 0.915931
v -0.054999 -16.1261 1378.8
vn -0.684982 0.234244 0.689876
v 0.145001 -17 1379.09
vn -0.642663 0.230475 0.730661
v 0.145001 -16.8 1379.04
vn -0.706093 0.248673 0.663019
v 0.145001 -16.4 1378.89
vn -0.898041 0.411758 0.154846
v 0.145001 -16.4 1378.89
vn -0.482966 0.557493 0.675237
v 0.145001 -16.4 1378.89
vn -0.598315 -0.77707 0.195399
v 0.145001 -14.2953 1354.6
vn 0.598825 -0.755358 -0.266165
v 0.145001 -14.2953 1354.6
vn -0.597096 -0.703424 0.38558
v 0.145001 -14.1444 1355.2
vn 0.502953 -0.847013 -0.17207
v 0.345001 -14.2984 1355.2
vn 0.132873 -0.826258 0.547396
v 0.345001 -14.2984 1355.2
vn 0.76439 -0.610749 -0.206624
v 0.362189 -14.8 1365.2
vn -0.787255 -0.563148 -0.251183
v 0.145001 -15.2 1366.06
vn -0.120332 -0.904549 -0.409038
v 0.145001 -15.2 1366.06
vn -0.482945 0.658815 0.576824
v -0.390936 -14.8 1377.6
vn -0.921021 0.224639 0.31821
v -0.454999 -14.4967 1377.2
vn -0.477888 0.662841 0.576423
v -0.454999 -14.4967 1377.2
vn -0.86288 0.475493 0.171304
v -0.356922 -14.6 1377.4
vn 0.141182 0.694456 0.705548
v -0.356922 -14.6 1377.4
vn -0.524767 0.246085 0.8149
v -0.054999 -14.1389 1378.2
vn 0.322135 0.434179 0.84126
v -0.054999 -14.1389 1378.2
vn -0.945886 0.301405 0.120225
v 0.530939 -15.6 1379
vn 0.561011 -0.754807 -0.339901
v 0.302501 -13.8 1354
vn 0.132873 -0.826258 0.547396
v 0.345001 -13.6359 1356.2
vn 0.552379 -0.65012 0.521749
v 0.345001 -13.6359 1356.2
vn 0.437642 -0.897792 0.0493912
v 0.345001 -12.4734 1358
vn -0.44892 -0.808007 0.38157
v 0.345001 -12.4734 1358
vn -0.707263 -0.675893 -0.207241
v 0.345001 -12.4297 1360
vn -0.716098 -0.69254 -0.0871306
v 0.345001 -12.4203 1360.6
vn -0.37577 -0.872169 -0.313238
v 0.345001 -12.4703 1360.8
vn 0.577488 -0.717141 -0.390148
v 0.345001 -12.4703 1360.8
vn 0.606925 -0.779385 0.155565
v 0.345001 -12.4703 1360.8
vn -0.142623 -0.886583 -0.440033
v 0.145001 -12.7463 1361.6
vn 0.00380684 -0.821774 -0.569801
v 0.145001 -14 1363.41
vn 0.538241 -0.743364 -0.397122
v 0.145001 -14 1363.41
vn -0.938222 0.213837 0.272054
v -0.472186 -14 1376.8
vn -0.565664 0.576457 0.589679
v -0.472186 -14 1376.8
vn -0.565664 0.576457 0.589679
v -0.481561 -13.6 1376.4
vn -0.472811 0.66684 0.575998
v -0.254999 -14 1376.79
vn -0.565664 0.576457 0.589679
v -0.254999 -13.173 1376.2
vn 0.246659 0.605209 0.756889
v -0.254999 -13.173 1376.2
vn -0.579492 0.788416 0.206374
v -0.254999 -13.173 1376.2
vn -0.682596 0.679226 0.269658
v 0.345001 -13.3203 1376
vn -0.0120154 -0.783789 -0.620911
v 0.345001 -11.846 1349.6
vn -0.566224 -0.79649 -0.212119
v 0.345001 -11.846 1349.6
vn -0.980941 -0.18565 0.0573522
v 0.318439 -12.2 1351
vn -0.709129 -0.609371 -0.354687
v 0.152814 -11.8 1359.2
vn -0.44892 -0.808007 0.38157
v 0.152814 -11.8 1359.2
vn -0.703453 -0.676911 -0.216671
v -0.012811 -12 1360.2
vn -0.596403 0.715155 0.364496
v 0.427814 -12.2 1374.4
vn 0.381414 -0.64098 -0.666084
v 0.145001 -10.2 1348.25
vn -0.518272 -0.593442 -0.615809
v -0.425311 -8.4 1347
vn -0.31332 0.747193 0.586117
v 0.345001 -7.84844 1359.8
vn -0.959461 -0.191485 -0.206802
v -0.144061 -6.8 1345
vn 0.0395158 -0.848302 -0.528037
v 0.145001 -7 1344.69
vn -0.758416 0.324451 0.565276
v -0.200311 -6.6 1350.6
vn -0.621174 0.409272 0.668311
v -0.397186 -6.6 1352.4
vn -0.683679 0.621419 0.38265
v 0.262189 -6.8 1358.4
vn -0.841369 0.407548 0.354968
v 0.262189 -6.8 1358.4
vn -0.417185 0.79263 0.444629
v 0.446564 -4.8 1346.2
vn -0.95721 0.108472 -0.268296
v 0.071564 -4.6 1347.6
vn -0.361883 0.785135 0.502597
v 0.071564 -4.6 1347.6
vn -0.891341 0.300668 0.339279
v -0.219061 -5.4 1349.8
vn 0.288067 0.616492 0.732772
v -0.054999 -5 1349.88
vn -0.828058 -0.137026 -0.543639
v -0.054999 -4.6 1349.35
vn -0.863536 0.413105 -0.289222
v -0.054999 -4.6 1349.35
vn -0.183223 0.736743 0.650876
v 0.146697 -5.2 1348.4
vn -0.834033 -0.146468 -0.531918
v 0.280939 -5.2 1349
vn -0.90628 0.346252 -0.242417
v 0.145001 -4.42593 1349
vn -0.648724 0.48469 0.586714
v -0.187811 -5.2 1351.4
vn -0.866245 -0.115972 -0.485973
v 0.037189 -5.8 1351
vn -0.738561 0.644625 0.19745
v 0.037189 -5.8 1351
vn -0.965247 0.2064 0.160306
v -0.052915 -5.6 1350.2
vn -0.647259 0.719172 0.25268
v -0.052915 -5.6 1350.2
vn -0.703946 0.673821 0.224555
v 0.145001 -5.4 1350.14
vn -0.197884 0.464513 0.863174
v 0.145001 -5.4 1350.14
vn -0.457354 0.61231 0.644906
v 0.145001 -4.46739 1351
vn -0.0577641 0.856828 0.512356
v 0.145001 -4.46739 1351
vn -0.639319 0.52909 0.557975
v 0.024547 -5.4 1351.8
vn -0.932367 0.230217 0.278734
v 0.024547 -5.4 1351.8
vn -0.592705 0.776703 0.213152
v 0.024547 -5.4 1351.8
vn -0.605161 0.524529 0.598873
v 0.353774 -5.4 1354.2
vn -0.94793 0.285934 0.14025
v 0.002814 -4.2 1341.2
vn -0.651898 0.740589 0.162965
v 0.321564 -4 1346.4
vn -0.353528 0.634139 0.687667
v 0.321564 -4 1346.4
vn -0.786115 0.593894 0.171209
v 0.321564 -4 1346.4
vn -0.118994 0.808708 0.576049
v 0.345001 -4.2 1345.22
vn -0.539968 0.786689 0.299258
v 0.421564 -4 1346.8
vn 0.389904 0.636025 0.665918
v 0.145001 -4.28594 1349.2
vn -0.90628 0.346252 -0.242417
v 0.145001 -4.28594 1349.2
vn 0.0637852 0.907208 0.415818
v 0.145001 -4.28594 1349.2
vn -0.755503 0.0455509 -0.65356
v 0.345001 -4.025 1348.6
vn 0.0671038 0.954408 -0.290865
v 0.345001 -4.025 1348.6
vn 0.0637852 0.907208 0.415818
v 0.345001 -4.025 1348.6
vn -0.99357 0.0445206 0.104095
v -0.272186 -1.8 1327.8
vn -0.985111 -0.110408 0.13178
v 0.013423 -2.2 1329.6
vn -0.520668 -0.649748 0.553835
v 0.013423 -2.2 1329.6
vn -0.668615 -0.584365 0.45986
v -0.000311 -1.6 1330
vn 0.128044 -0.96222 -0.240287
v 0.345001 -2.58594 1336
vn -0.480135 0.700588 0.527869
v 0.184064 -1.4 1338.2
vn -0.18731 -0.976489 0.1067
v 0.345001 -0.389062 1301.4
vn -0.989455 -0.14078 -0.0340466
v -0.090936 -0.2 1303
vn -0.714526 -0.661551 0.227603
v -0.090936 -0.2 1303
vn -0.881512 -0.452919 -0.133421
v -0.054999 0.279688 1320.6
vn -0.43822 -0.783246 -0.441009
v -0.254999 -0.021667 1321.8
vn 0.0960706 -0.992044 0.0813604
v -0.054999 -0.8 1322.65
vn -0.222037 -0.959274 0.174621
v 0.145001 -0.854687 1322.4
vn -0.685321 0.677816 0.26627
v -0.147186 -0.2 1328.6
vn -0.883641 -0.465832 0.0466777
v 0.077814 -0.2 1334.8
vn -0.973931 0.136233 0.18138
v 0.077814 -0.2 1334.8
vn -0.58144 0.555845 0.594107
v 0.163967 -0.8 1335.2
vn -0.941492 -0.204323 0.268039
v 0.102814 -0.8 1337
vn -0.513608 0.764856 0.388848
v 0.068439 -0.6 1336.8
vn -0.58144 0.555845 0.594107
v 0.190314 -1.2 1335.6
vn -0.916194 -0.369588 -0.154899
v 0.277814 -1.2 1336.8
vn -0.998497 0.000306915 -0.0548113
v 0.227814 -1 1336.6
vn -0.787495 -0.580543 0.206935
v 0.330939 -0.6 1335.6
vn -0.991144 0.12852 -0.0333978
v 0.236073 -0.4 1335.8
vn -0.787495 -0.580543 0.206935
v 0.236073 -0.4 1335.8
vn -0.990108 0.138496 0.0224732
v 0.264049 -0.2 1335.8
vn -0.884103 -0.111775 0.453728
v 0.38151 -1 1335.6
vn -0.722173 0.690382 0.042879
v 0.38151 -1 1335.6
vn -0.986897 0.0550177 -0.151682
v 0.38151 -1 1335.6
vn -0.653481 -0.667338 0.357242
v 0.440314 -0.6 1335.8
vn -0.872095 -0.110257 0.476753
v 0.440314 -0.6 1335.8
vn -0.965048 0.216061 -0.148324
v 0.440314 -0.6 1335.8
vn -0.558692 0.733208 0.387645
v 0.277814 -0.8 1337.6
vn -0.673783 0.696292 0.247376
v 0.063967 1.6 1301.6
vn -0.668571 0.670575 0.32147
v -0.037811 1.8 1301
vn -0.714526 -0.661551 0.227603
v -0.003436 0.6 1305.6
vn -0.0153674 -0.776891 0.629448
v 0.215911 0.4 1307
vn -0.0155129 -0.772022 0.635407
v 0.145001 0.6 1307.25
vn -0.0156574 -0.767107 0.641329
v 0.145001 0.729508 1307.4
vn -0.470138 -0.879033 0.0791923
v 0.145001 0.729508 1307.4
vn 0.455044 -0.280028 0.845293
v 0.345001 0.4 1307.12
vn -0.0155129 -0.772022 0.635407
v 0.345001 0.6 1307.25
vn 0.408616 -0.506834 0.759047
v 0.345001 0.6 1307.25
vn -0.220277 -0.832795 0.507868
v 0.345001 0.6 1307.25
vn -0.491622 -0.86782 -0.0720812
v 0.345001 0.6 1307.25
vn -0.363334 -0.930792 0.0401723
v 0.145001 0.8 1309.03
vn -0.282675 -0.931074 -0.230643
v 0.145001 0.8 1309.03
vn 0.288872 -0.921649 0.259069
v 0.145001 0.8 1309.03
vn 0.0355979 -0.996278 0.0784993
v 0.116741 0.6 1312.4
vn 0.0241355 -0.999695 0.00527035
v 0.116741 0.6 1312.4
vn -0.186457 -0.981851 -0.0346689
v -0.254999 1.08776 1316.4
vn -0.77116 0.531609 0.350291
v -0.422186 1.6 1322.6
vn -0.510238 0.802377 0.309592
v 0.345001 1.55469 1325.4
vn -0.391642 0.79516 0.462966
v 0.509064 1.6 1327.4
vn -0.68748 0.726197 -0.00299781
v 0.509064 1.6 1327.4
vn -0.732282 0.673604 0.100101
v 0.293439 1.4 1328.4
vn -0.0503777 0.970589 0.235411
v 0.293439 1.4 1328.4
vn -0.68748 0.726197 -0.00299781
v 0.293439 1.4 1328.4
vn -0.0481806 0.998778 0.010968
v 0.345001 1.4 1328.78
vn -0.362484 0.816972 0.44851
v 0.083097 0.8 1330.2
vn -0.336552 0.762227 0.55294
v 0.345001 1.39074 1329.4
vn -0.0445267 0.998898 0.0148503
v 0.345001 1.39074 1329.4
vn -0.720997 0.623106 -0.303155
v 0.345001 1.39074 1329.4
vn -0.433136 0.813887 0.387273
v 0.024689 0.4 1331
vn -0.474479 0.857615 0.198411
v 0.266668 1 1331
vn -0.345426 0.836413 0.425551
v 0.345001 0.468628 1332.2
vn -0.525584 0.757054 0.388112
v 0.509064 3 1299.6
vn -0.458584 0.739341 0.493028
v -0.036632 2.8 1305.8
vn -0.920193 0.383747 -0.0773439
v -0.409686 2.6 1309
vn -0.672183 0.738879 0.047188
v -0.409686 2.6 1309
vn -0.413196 0.812614 -0.411008
v -0.254999 2.84844 1313.2
vn -0.816722 0.573326 0.0652945
v -0.503436 2.4 1315.2
vn -0.440763 0.887347 0.135442
v -0.054999 3.2 1314.93
vn 0.43618 0.720866 0.538609
v -0.054999 3.2 1316.07
vn -0.301665 0.953414 0
v -0.054999 3.2 1316.07
vn 0.43618 0.720866 0.538609
v 0.145001 3 1316.18
vn -0.250325 0.913821 0.319793
v 0.145001 3 1316.18
vn -0.440763 0.887347 0.135442
v 0.345001 3.32656 1315.4
vn -0.314193 0.936625 0.154971
v 0.345001 3.32656 1315.4
vn 0.0837402 0.943945 0.319304
v 0.345001 3.32656 1315.4
vn -0.788265 0.609788 -0.0824423
v -0.497186 2.4 1317.2
vn -0.578404 0.765993 0.28054
v -0.454999 2.61111 1317.8
vn -0.126862 0.991768 0.0173776
v -0.454999 2.61111 1317.8
vn -0.766984 0.416932 -0.487753
v -0.412811 2.8 1317.4
vn -0.694899 0.616798 0.369697
v -0.412811 2.8 1317.4
vn 0.359168 0.690834 0.627492
v -0.254999 2.82344 1316.6
vn -0.747721 0.288919 -0.597863
v -0.254999 2.85625 1317.2
vn 0.157338 0.652401 -0.741362
v -0.254999 2.85625 1317.2
vn -0.742186 0.46194 0.485563
v -0.254999 2.85625 1317.2
vn 0.224267 0.835512 0.501622
v -0.254999 2.8 1317.7
vn -0.792386 0.440921 0.421561
v -0.254999 3.08361 1317.4
vn 0.157338 0.652401 -0.741362
v -0.254999 3.08361 1317.4
vn 0.349165 0.734275 0.582172
v -0.254999 3.08361 1317.4
vn -0.748847 0.49134 -0.444762
v -0.0357 3 1317
vn 0 1 0
v -0.0357 3 1317
vn -0.592934 -0.452702 0.66595
v -0.0357 3 1317
vn 0 1 0
v -0.054999 3 1317.02
vn 0.61841 0.56044 -0.550888
v -0.054999 3 1317.02
vn 0.61841 0.56044 -0.550888
v 0.105939 3 1317.2
vn 0.605365 0.548618 0.576673
v 0.105939 3 1317.2
vn -0.742186 0.46194 0.485563
v -0.054999 3.17758 1317.2
vn 0.61841 0.56044 -0.550888
v -0.054999 3.17758 1317.2
vn 0.605365 0.548618 0.576673
v -0.054999 3.17758 1317.2
vn 0.42662 0.774458 0.46713
v -0.054999 3 1317.37
vn -0.742186 0.46194 0.485563
v -0.054999 3 1317.37
vn 0 1 0
v -0.054999 3 1317.37
vn 0.605365 0.548618 0.576673
v -0.054999 3 1317.37
vn -0.592934 -0.452702 0.66595
v -0.054999 3.2 1317.12
vn 0.359827 0.593094 0.720253
v -0.054999 3.2 1317.12
vn -0.495396 0.785214 -0.371513
v -0.054999 3.2 1317.12
vn -0.529541 0.837369 -0.135645
v 0.145001 2.8 1317.52
vn -0.939925 0.340151 -0.0289367
v 0.145001 2.8 1317.52
vn 0.140146 0.914493 0.379555
v 0.145001 3 1317.16
vn -0.592934 -0.452702 0.66595
v 0.145001 3 1317.16
vn 0.295587 0.598043 0.744965
v 0.145001 3 1317.16
vn -0.758748 0.43745 -0.482638
v 0.334064 3.2 1316.6
vn -0.653019 0.689126 -0.31412
v 0.345001 3.30156 1316.8
vn 0.027464 0.96375 0.26539
v 0.345001 3.30156 1316.8
vn 0.0284876 0.931343 0.363028
v -0.459686 2.6 1318.4
vn 0.123316 0.954164 0.272698
v -0.254999 2.62969 1318.2
vn -0.919689 0.392222 0.0182581
v 0.184064 3 1318.6
vn -0.864706 -0.351286 -0.359001
v 0.184064 3 1318.6
vn -0.974053 0.152247 0.167456
v -0.203436 2.6 1321
vn -0.749162 0.649745 0.128794
v -0.203436 2.6 1321
vn -0.875948 0.426869 0.224718
v -0.209686 3 1320.6
vn -0.81908 0.567052 0.0869527
v -0.054999 3.2541 1320.4
vn -0.702384 0.591856 -0.395427
v -0.054999 3.2541 1320.4
vn -0.194815 0.969508 0.148666
v -0.054999 3.2541 1320.4
vn 0.232381 0.746024 0.624057
v -0.054999 3.22344 1320.6
vn -0.194815 0.969508 0.148666
v -0.054999 3.22344 1320.6
vn -0.677968 0.71572 0.167643
v 0.145001 3 1320.76
vn -0.864084 -0.186693 -0.467445
v 0.237189 3.2 1319.8
vn -0.702384 0.591856 -0.395427
v 0.237189 3.2 1319.8
vn -0.49274 0.868484 0.0542434
v 0.237189 3.2 1319.8
vn -0.627708 0.77775 -0.0329729
v 0.345001 3 1320.67
vn -0.212015 0.924923 0.315541
v 0.345001 3 1320.67
vn -0.993325 0.0665091 -0.0942395
v -0.344061 2.2 1322.2
vn -0.714542 0.683667 0.148421
v -0.344061 2.2 1322.2
vn -0.427509 0.849361 0.309551
v -0.344061 2.2 1322.2
vn 0.246362 0.808852 0.533914
v -0.344061 2.2 1322.2
vn 0.158707 0.669401 0.725751
v -0.169061 2.6 1321.2
vn -0.714542 0.683667 0.148421
v -0.169061 2.6 1321.2
vn -0.395461 0.861925 0.317327
v 0.343439 2 1323.6
vn 0.555548 0.602808 0.572703
v 0.50707 2 1324.6
vn -0.0231926 0.887624 0.459984
v 0.50707 2 1324.6
vn -0.309892 0.813214 0.492595
v 0.345001 3.6 1305.01
vn 0.365408 0.776313 0.513629
v 0.345001 3.71719 1310.6
vn -0.561323 0.78396 0.265187
v 0.345001 3.6 1314.59
vn 0.0518613 0.97888 0.197749
v 0.345001 3.6 1314.59
vn 0.924421 -0.138044 -0.355514
v 0.624689 -20.6 1377.8
vn -0.104823 -0.991468 -0.0774774
v 1.145 -19.1328 1376.2
vn 0.508711 -0.836595 0.203277
v 1.345 -19.1383 1376
vn 0.951265 -0.258744 -0.167772
v 0.927814 -19.6 1378.2
vn 0.620459 -0.779286 -0.0879951
v 0.927814 -19.6 1378.2
vn 0.620459 -0.779286 -0.0879951
v 1.03719 -19.4 1377.2
vn 0.779054 -0.429538 -0.456697
v 1.62469 -19 1377.8
vn 0.788461 -0.502486 0.354735
v 1.62469 -19 1377.8
vn 0.673009 -0.217232 0.707015
v 0.545002 -19.2 1380.03
vn -0.0236565 0.32523 0.945339
v 0.545002 -19.2 1380.03
vn -0.0126811 0.862001 0.506748
v 0.545002 -19.2 1380.03
vn 0.740247 0.671142 -0.0400367
v 0.545002 -19.2 1380.03
vn 0.562178 -0.791358 -0.240225
v 1.19656 -17.4 1371.8
vn 0.287403 -0.791929 -0.538746
v 1.345 -17.3525 1372
vn 0.130459 -0.900714 -0.414361
v 1.345 -17.6 1372.41
vn 0.959854 -0.265886 -0.0893622
v 1.82156 -18.2 1374.2
vn 0.583227 -0.810039 0.0606946
v 1.82156 -18.2 1374.2
vn 0.855531 -0.0902367 -0.509828
v 1.23406 -18.4 1375.6
vn 0.706998 -0.421221 -0.56809
v 1.29031 -18.2 1375.6
vn 0.53856 -0.706858 -0.45859
v 1.55281 -18 1375.6
vn 0.882433 -0.328614 -0.336637
v 1.55281 -18 1375.6
vn 0.527806 0.00274249 -0.849361
v 1.58964 -17.6 1377.8
vn 0.908913 -0.379813 0.172101
v 1.58964 -17.6 1377.8
vn 0.852135 -0.43804 0.286334
v 1.83406 -18.6 1377.8
vn 0.806573 -0.455707 0.376526
v 2.13719 -17.6 1378.4
vn 0.192444 -0.553361 -0.810406
v 2.13719 -17.6 1378.4
vn -0.506836 -0.0401192 0.861109
v 0.745001 -17.8 1379.76
vn 0.222115 0.118584 0.967782
v 1.345 -17.4 1379.48
vn -0.229163 -0.482068 0.845633
v 1.545 -17.6 1379.42
vn 0.831985 -0.236657 -0.501791
v 2.05594 -16.8 1373.6
vn 0.385514 -0.550069 -0.740813
v 2.05594 -16.8 1373.6
vn 0.566843 -0.276111 -0.776177
v 2.07675 -16.6 1377.8
vn 0.199661 -0.623825 -0.755631
v 2.07675 -16.6 1377.8
vn 0.339151 0.177681 0.9238
v 0.545002 -17 1379.68
vn 0.41974 0.107282 0.901282
v 0.545002 -16.4 1379.71
vn -0.603534 -0.115319 0.788954
v 1.145 -17.2 1379.46
vn 0.620146 -0.124126 0.774605
v 1.545 -16.8 1379.87
vn -0.168352 -0.226837 0.959272
v 1.945 -16.4 1379.52
vn -0.411169 -0.651665 0.637395
v 1.945 -16.05 1379.6
vn -0.618878 -0.0870925 0.780644
v 1.945 -16.05 1379.6
vn 0.132873 -0.826258 0.547396
v 0.745001 -14.1016 1355.4
vn 0.694946 -0.604763 0.388987
v 0.745001 -14.1016 1355.4
vn 0.730685 -0.613842 -0.298828
v 1.04344 -14.2 1367.8
vn 0.744598 0.186571 0.640909
v 0.545002 -14.4 1377.75
vn 0.190901 0.506174 0.841038
v 0.745001 -14.5612 1377.8
vn -0.532805 0.135741 0.83528
v 0.950002 -15.6 1379.4
vn 0.292724 -0.0937882 0.951586
v 1.545 -15 1379.87
vn 0.236547 -0.173378 0.956026
v 1.945 -14.4 1379.87
vn -0.167172 -0.87611 -0.4522
v 0.545002 -12.85 1352.2
vn -0.960533 -0.246138 -0.129589
v 0.545002 -12.85 1352.2
vn 0.0193231 -0.973596 -0.22746
v 1.945 -13.6 1353.08
vn 0.181339 -0.983258 0.0179091
v 1.745 -13.6828 1353.8
vn 0.875569 -0.310032 0.370486
v 0.945001 -13.8717 1355.4
vn -0.442963 -0.819051 -0.364609
v 1.145 -13.7797 1354.8
vn 0.173943 -0.91139 -0.372978
v 1.145 -13.7797 1354.8
vn 0.733948 -0.60871 -0.301318
v 0.545002 -12.7444 1361.6
vn 0.342805 0.634008 0.693194
v 0.745001 -12.5656 1376.6
vn 0.600657 0.348469 0.71957
v 0.945001 -13.2 1376.83
vn -0.468971 0.633302 0.615626
v 0.945001 -13.2 1376.83
vn 0.265204 0.563556 0.78235
v 0.945001 -13.2 1376.83
vn -0.541041 0.613457 0.575279
v 1.345 -13.0724 1377
vn 0.479953 0.346426 0.805999
v 1.945 -13.7581 1380
vn -0.800718 0.289129 0.524647
v 1.945 -13.7581 1380
vn 0.384509 0.479875 0.788589
v 1.945 -13.3952 1379.8
vn 0.278309 -0.675856 -0.682469
v 0.945001 -11.427 1349.2
vn -0.251163 -0.567932 -0.783818
v 0.945001 -11.427 1349.2
vn 0.303896 -0.886698 -0.348444
v 1.345 -11.6953 1349.8
vn 0.835402 -0.339492 -0.43226
v 1.745 -11.4 1349.59
vn 0.141457 -0.570511 -0.809016
v 1.745 -11.4 1349.59
vn 0.232998 -0.901154 -0.365558
v 0.545002 -12.3078 1350.8
vn 0.174104 -0.792226 -0.584864
v 1.76445 -12.2 1350.6
vn 0.339686 -0.835897 -0.431149
v 1.745 -11.8984 1350
vn 0.689279 -0.458794 -0.560716
v 1.745 -11.8984 1350
vn 0.804138 -0.340511 -0.487251
v 2.00281 -12 1350.4
vn -0.561073 -0.717487 -0.412807
v 0.745001 -12.2234 1359
vn 0.437642 -0.897792 0.0493912
v 0.745001 -12.2234 1359
vn -0.44892 -0.808007 0.38157
v 0.745001 -12.2234 1359
vn 0.437642 -0.897792 0.0493912
v 0.905939 -12.2 1358
vn 0.657414 -0.705978 0.263443
v 0.545002 -12.3093 1360.8
vn 0.202993 -0.783975 -0.586666
v 1.945 -11.1317 1362.8
vn -0.596403 0.715155 0.364496
v 0.745001 -12 1374.53
vn -0.595031 0.619971 0.511444
v 0.745001 -11.5656 1374
vn 0.207892 0.693469 0.689842
v 0.745001 -11.5656 1374
vn 0.131679 0.675181 0.725804
v 1.545 -11.6 1375.37
vn -0.537679 0.684324 0.492547
v 1.945 -11.1349 1375
vn -0.507919 0.780646 0.364157
v 0.945001 -12.3794 1376.2
vn 0.132704 0.783996 0.606415
v 0.945001 -12.3794 1376.2
vn -0.361173 0.748456 0.556208
v 1.145 -12.4 1376.18
vn 0.499544 -0.508286 -0.701499
v 0.945001 -10.2 1348.31
vn 0.023198 -0.728387 -0.684774
v 0.945001 -10.2 1348.31
vn 0.436712 -0.686636 -0.581217
v 0.945001 -9.33269 1347.8
vn 0.310903 -0.722825 -0.617141
v 1.145 -9.8 1347.89
vn 0.498075 -0.71281 -0.493784
v 1.345 -9.46094 1347.6
vn 0.84433 -0.500172 -0.192185
v 1.545 -9.4 1347.71
vn -0.278328 -0.514522 -0.811049
v 0.545002 -10.2 1348.44
vn 0.210101 -0.712321 -0.669669
v 1.145 -10.6 1348.74
vn -0.0424956 -0.572886 -0.818533
v 1.515 -10.2 1348.8
vn 0.542401 -0.773251 -0.328457
v 1.91844 -10.4 1358.2
vn -0.949105 0.314309 -0.0202532
v 0.545002 -9.78864 1365.2
vn -0.75218 0.626026 0.205709
v 0.945001 -9.72034 1365.4
vn 0.0828402 0.656309 0.749931
v 0.945001 -9.72034 1365.4
vn -0.687928 0.713321 0.133893
v 1.545 -10.6 1372.97
vn -0.304747 0.870219 0.387101
v 1.945 -10.5525 1374.2
vn -0.09063 -0.67695 -0.730428
v 1.745 -9.2 1348.07
vn -0.84032 0.541489 0.0255464
v 1.345 -8.2 1364.07
vn 0.205341 0.672724 0.710828
v 1.345 -8.2 1364.07
vn -0.302633 0.864861 0.400536
v 1.345 -8.2 1364.07
vn 0.0664035 0.747468 0.660971
v 1.945 -8.37969 1364.2
vn -0.130301 0.79958 0.586253
v 1.545 -9.02167 1366.6
vn 0.536096 -0.764827 -0.357269
v 1.345 -7.2 1345.03
vn -0.546167 -0.781239 -0.30227
v 1.79083 -7.2 1345
vn -0.238631 -0.770843 -0.590641
v 1.345 -7.55781 1345.8
vn 0.583593 0.565073 0.583191
v 0.545002 -7.2 1359.08
vn 0.53838 0.552043 0.636706
v 0.545002 -6.4 1358.31
vn 0.453644 0.739729 0.496999
v 0.896564 -7 1359
vn -0.722069 0.669871 0.172885
v 0.896564 -7 1359
vn -0.296331 0.824975 0.481252
v 0.745001 -6.70444 1358.4
vn -0.428401 0.781416 0.453719
v 0.745001 -6.19194 1358
vn 0.0834374 0.885722 0.456656
v 1.545 -6.29844 1359.2
vn -0.176963 -0.943799 -0.279154
v 1.345 -4.77344 1340.2
vn -0.456614 -0.659362 -0.597282
v 1.545 -5.4 1341.6
vn 0.350761 -0.935364 0.0454045
v 1.545 -5.4 1341.6
vn 0.140367 -0.967258 -0.211445
v 1.745 -6 1341.98
vn 0.293956 -0.925513 0.238778
v 1.945 -5.34531 1340.6
vn -0.496498 -0.698991 -0.514686
v 1.1625 -5.6 1342
vn -0.819116 0.572343 0.0383682
v 0.545002 -4.62344 1347.8
vn -0.538109 0.824851 -0.173379
v 0.745001 -4.50781 1351
vn -0.340997 0.8777 0.336696
v 0.745001 -4.79531 1351.6
vn -0.888623 0.445417 -0.109332
v 0.945001 -5.23421 1352.8
vn -0.28204 0.909834 -0.304394
v 0.945001 -4.806 1353.4
vn -0.747381 0.663855 0.0268087
v 1.21844 -4.8 1354.4
vn 0.0365549 0.947149 0.318703
v 1.545 -4.56406 1354.4
vn -0.249502 0.960096 -0.126351
v 1.545 -4.56406 1354.4
vn 0.0947034 0.913353 0.396002
v 1.745 -4.96719 1355.2
vn -0.618272 0.742087 0.258933
v 1.745 -4.96719 1355.2
vn -0.00408057 0.940682 0.339265
v 0.745001 -5.8 1357.5
vn -0.507572 0.67961 0.529624
v 0.745001 -5.8 1357.5
vn 0.627407 0.607504 0.487135
v 0.745001 -5.8 1357.5
vn -0.245017 0.843755 0.47754
v 1.13094 -5.8 1357
vn -0.685842 0.699914 0.199351
v 1.945 -5.28906 1356.6
vn 0.6271 -0.773173 0.0946035
v 1.545 -3.6 1327.14
vn -0.36353 -0.924686 0.113142
v 1.545 -3.6 1327.14
vn -0.211656 -0.813981 -0.54096
v 1.545 -3.6 1327.14
vn -0.118201 -0.828692 -0.547081
v 1.945 -3.34219 1326.6
vn -0.249758 -0.926542 0.281319
v 1.345 -3.4 1328.14
vn 0.633255 -0.682433 0.365065
v 1.345 -3 1329.02
vn -0.242492 -0.91653 0.318072
v 1.545 -3.49531 1328
vn -0.0285562 0.740907 0.671
v 0.745001 -2.92344 1343.6
vn -0.353528 0.634139 0.687667
v 0.945001 -3.4 1346.17
vn -0.786115 0.593894 0.171209
v 0.945001 -3.00182 1345.8
vn 0.471042 0.621225 0.626257
v 0.945001 -3.00182 1345.8
vn -0.123076 0.93396 0.335515
v 0.945001 -3.00182 1345.8
vn -0.881014 0.35976 -0.307224
v 1.345 -3.67969 1346.6
vn -0.702394 0.685249 -0.192553
v 0.945001 -3.92969 1348.2
vn -0.894605 0.419535 -0.153858
v 1.145 -3.87143 1347
vn 4.31204e-005 0.956564 -0.291522
v 0.545002 -4.1 1348.4
vn -0.366508 0.919863 0.13973
v 0.545002 -4.1 1348.4
vn -0.536593 0.690586 -0.484932
v 0.545002 -4.1 1348.4
vn 4.31204e-005 0.956564 -0.291522
v 0.545002 -4.03906 1348.6
vn 0.0637852 0.907208 0.415818
v 0.545002 -4.03906 1348.6
vn -0.130206 0.821394 0.5553
v 0.545002 -4.03906 1348.6
vn -0.79021 0.594501 0.148787
v 0.745001 -4.4 1349.26
vn -0.766431 0.635908 0.0905801
v 0.945001 -4 1348.64
vn -0.210837 0.83777 0.503676
v 0.945001 -4 1348.64
vn -0.0670177 0.954414 -0.290866
v 0.945001 -4 1348.64
vn -0.205151 0.977261 -0.0536065
v 0.945001 -3.47031 1349.6
vn 0.502148 0.533232 0.680816
v 0.945001 -3.48689 1349.8
vn -0.218631 0.855626 0.469153
v 1.23371 -3.6 1349
vn -0.235198 0.920462 -0.312141
v 1.23371 -3.6 1349
vn -0.18397 0.939638 0.288505
v 1.51167 -3.2 1348.4
vn -0.0901432 0.98884 -0.118617
v 1.745 -3.46935 1349
vn -0.221514 0.854537 0.469785
v 1.745 -3.46935 1349
vn 0.506884 0.548248 0.665201
v 1.945 -3.30656 1348.8
vn -0.2827 0.850587 0.443376
v 0.584683 -3.8 1350
vn -0.627412 0.468071 0.622305
v 0.584683 -3.8 1350
vn -0.627412 0.468071 0.622305
v 0.73389 -3.6 1350
vn 0.391528 0.575805 0.717742
v 0.73389 -3.6 1350
vn -0.627412 0.468071 0.622305
v 0.745001 -3.85094 1350.2
vn -0.565149 0.783158 -0.259363
v 1.945 -3.8 1350.45
vn 0.0339868 -0.920798 0.388557
v 1.545 -1.61207 1324
vn 0.0301076 -0.815699 -0.577693
v 1.545 -1.61207 1324
vn -0.0283263 -0.906439 -0.421386
v 1.545 -1.47656 1323.4
vn 0.0339868 -0.920798 0.388557
v 1.745 -1.68906 1323.8
vn 0.653669 -0.697245 0.294222
v 1.745 -1.68906 1323.8
vn 0.640154 -0.682829 -0.352062
v 1.745 -1.68906 1323.8
vn 0.140164 -0.812763 -0.565482
v 1.745 -1.60469 1324
vn 0.653669 -0.697245 0.294222
v 1.745 -1.60469 1324
vn -0.440148 -0.884685 -0.153632
v 1.745 -1.7463 1324.2
vn -0.917956 -0.306709 -0.251567
v 1.745 -1.7463 1324.2
vn 0.612618 -0.683125 -0.397542
v 1.745 -1.48281 1323.4
vn 0.661661 -0.668004 -0.340551
v 2.05333 -1.4 1323.8
vn 0.209083 -0.797502 -0.565929
v 2.05333 -1.4 1323.8
vn -0.251091 -0.811634 -0.52745
v 1.64656 -2.6 1325.6
vn 0.198102 -0.836332 0.51118
v 0.545002 -2.285 1330
vn -0.434362 -0.803845 0.406402
v 0.745001 -2.59531 1329.6
vn -0.0829428 -0.862773 0.498742
v 0.745001 -2.59531 1329.6
vn 0.190156 -0.837671 0.512004
v 0.545002 -1.55156 1331.2
vn -0.15809 -0.983072 -0.0926118
v 0.545002 -1.55156 1331.2
vn -0.174595 -0.983588 -0.0455116
v 0.870001 -1.6 1331
vn -0.0545807 -0.835569 -0.546668
v 0.870001 -1.6 1331
vn -0.477841 -0.149006 -0.865716
v 1.945 -1.8 1331.2
vn -0.0545807 -0.835569 -0.546668
v 1.945 -1.8 1331.2
vn -0.209096 -0.922793 -0.323624
v 0.548336 -1.8 1332.6
vn -0.222303 -0.974916 0.0109959
v 0.548336 -1.8 1332.6
vn 0.428152 -0.903401 -0.023527
v 0.545002 -2.52031 1335.4
vn 0.170678 -0.946051 0.27542
v 0.545002 -2.52031 1335.4
vn 0.0589894 -0.986084 0.155433
v 0.945001 -2.54531 1334.8
vn -0.255816 -0.766398 -0.58923
v 0.545002 -2.53594 1336
vn 0.617767 -0.786348 -0.00442809
v 0.745001 -2.37656 1335.6
vn -0.32668 -0.701855 -0.632992
v 0.745001 -2.37344 1335.8
vn -0.128037 -0.991648 0.0154898
v 0.745001 -2.37344 1335.8
vn -0.193761 0.885027 0.423302
v 1.345 -1.26719 1340
vn -0.388095 0.879288 -0.276106
v 1.545 -1.67344 1341.2
vn -0.388095 0.879288 -0.276106
v 1.545 -1.485 1341.8
vn 1.41437e-005 0.893536 0.448991
v 1.545 -1.485 1341.8
vn 0.0298278 0.766578 0.641458
v 1.145 -2.4 1343.13
vn 0.0662755 0.773531 0.630283
v 1.745 -2.18594 1342.8
vn -0.786115 0.593894 0.171209
v 0.945001 -2.8 1345.1
vn -0.254336 0.929272 0.267892
v 0.945001 -2.8 1345.1
vn -0.0611948 0.925117 0.374719
v 1.545 -2.66406 1345
vn 0.395518 0.638864 0.659862
v 1.545 -2.66406 1345
vn -0.126384 0.931567 0.340895
v 1.945 -2.15156 1343.8
vn -0.419227 0.907608 -0.0222814
v 1.945 -2.15156 1343.8
vn -0.792856 -0.311646 -0.523694
v 0.945001 -0.4 1298.72
vn -0.41605 -0.745512 -0.520686
v 0.745001 -0.761819 1299.4
vn -0.314904 -0.94413 0.0972334
v 0.745001 -0.761819 1299.4
vn -0.189233 -0.981435 0.0312368
v 1.145 -0.845312 1299.2
vn 0.504186 -0.859094 -0.0880575
v 1.145 -0.845312 1299.2
vn 0.614853 -0.768312 0.17791
v 1.545 -0.839682 1301.8
vn -0.125154 -0.773826 -0.620911
v 1.545 -0.314062 1303.4
vn 0.661149 -0.556527 0.50315
v 1.89349 -0.2 1303.4
vn -0.143036 -0.767 -0.625501
v 1.945 -0.2 1303.18
vn 0.417614 -0.87759 0.235444
v 1.145 -0.2 1304.53
vn 0.690598 -0.561727 0.455563
v 1.145 -0.2 1304.53
vn 0.46739 -0.858195 0.212245
v 1.145 -0.2 1304.53
vn -0.138094 -0.983336 -0.118239
v 0.695001 0.2 1306.2
vn -0.214793 -0.976604 0.010426
v 0.545002 0.214063 1306.2
vn 0.536862 -0.0346107 0.84296
v 0.545002 0.185938 1307
vn 0.34742 -0.854037 0.387195
v 0.545002 0.185938 1307
vn 0.597147 -0.0329066 0.801456
v 0.745001 0.2 1306.85
vn -0.503115 -0.864204 0.00513193
v 0.745001 0.360938 1307.4
vn -0.453654 -0.872614 -0.180952
v 1.145 0.235938 1307
vn -0.0667298 -0.904929 -0.420299
v 1.945 0.139063 1320.8
vn 0.611233 -0.79027 -0.0432143
v 1.945 0.139063 1320.8
vn 0.0686037 -0.982629 0.172438
v 1.945 0.139063 1320.8
vn 0.77462 -0.421449 -0.471535
v 0.945001 -0.710937 1322.2
vn 0.611233 -0.79027 -0.0432143
v 0.945001 -0.710937 1322.2
vn 0.724728 -0.394304 -0.56506
v 1.01833 -0.8 1322.4
vn 0.531474 -0.41165 -0.740324
v 1.145 -0.926785 1322.6
vn -0.119269 -0.832523 -0.541
v 1.145 -0.567187 1322.4
vn 0.611233 -0.79027 -0.0432143
v 1.145 -0.567187 1322.4
vn -0.530568 -0.842561 0.0926716
v 0.945001 -1.07344 1322.8
vn 0.539435 -0.723708 -0.430415
v 1.745 -1.2 1323.04
vn -0.136443 -0.763344 -0.631419
v 1.745 -1.2 1323.04
vn 0.381697 -0.449173 -0.807806
v 1.745 -1.2 1323.04
vn 0.898493 -0.341285 -0.276105
v 0.868439 -0.2 1334.8
vn 0.752125 0.453939 0.477753
v 0.868439 -0.2 1334.8
vn 0.781201 -0.296733 0.549249
v 0.868439 -0.2 1334.8
vn 0.412316 0.911014 0.00698928
v 0.945001 -0.311364 1334.8
vn 0.746626 0.513301 0.423168
v 0.945001 -0.311364 1334.8
vn 0.790606 0.559021 -0.249873
v 1.13406 -0.4 1335.2
vn 0.552822 -0.100915 -0.827167
v 1.13406 -0.4 1335.2
vn -0.633026 -0.0314738 -0.77349
v 1.13406 -0.4 1335.2
vn -0.769516 0.474935 -0.426945
v 1.13406 -0.4 1335.2
vn 0.898493 -0.341285 -0.276105
v 0.945001 -0.2 1335.05
vn 0.552822 -0.100915 -0.827167
v 0.945001 -0.2 1335.05
vn 0.38751 -0.716693 -0.579817
v 0.945001 -0.2 1335.05
vn 0.358785 -0.735509 -0.574717
v 0.945001 0.001563 1334.8
vn 0.781201 -0.296733 0.549249
v 0.945001 0.001563 1334.8
vn 0.333491 -0.762269 0.554733
v 0.945001 0.001563 1334.8
vn 0.752125 0.453939 0.477753
v 1.145 -0.4 1334.55
vn -0.672251 0.462679 0.577934
v 1.145 -0.4 1334.55
vn 0.333491 -0.762269 0.554733
v 1.14969 -0.2 1334.4
vn 0.752709 0.391611 0.529216
v 1.14969 -0.2 1334.4
vn -0.672251 0.462679 0.577934
v 1.14969 -0.2 1334.4
vn -0.877361 -0.357647 0.319884
v 1.14969 -0.2 1334.4
vn 0.358785 -0.735509 -0.574717
v 1.145 -0.2 1335.18
vn -0.633026 -0.0314738 -0.77349
v 1.145 -0.2 1335.18
vn -0.442308 -0.715734 -0.540453
v 1.145 -0.2 1335.18
vn 0.329628 -0.753439 -0.568924
v 1.145 0.089063 1334.8
vn -0.442308 -0.715734 -0.540453
v 1.145 0.089063 1334.8
vn -0.84391 -0.439482 0.307688
v 1.145 0.089063 1334.8
vn -0.672251 0.462679 0.577934
v 1.35594 -0.4 1334.8
vn -0.769516 0.474935 -0.426945
v 1.35594 -0.4 1334.8
vn -0.903825 -0.272964 0.329533
v 1.35594 -0.4 1334.8
vn -0.442308 -0.715734 -0.540453
v 1.36844 -0.2 1335
vn -0.769516 0.474935 -0.426945
v 1.36844 -0.2 1335
vn -0.877361 -0.357647 0.319884
v 1.36844 -0.2 1335
vn 0.133111 0.889407 0.437306
v 0.745001 -0.310937 1337
vn 0.26326 0.806437 0.529485
v 0.945001 -0.035937 1336.4
vn 0.194641 0.889127 0.414208
v 0.945001 0.282813 1336
vn 0.293349 0.857913 0.421818
v 1.345 0.107813 1337
vn 0.313862 0.783921 0.535685
v 1.145 -0.892187 1338.4
vn -0.488692 0.736034 0.468439
v 1.145 -0.351562 1337.8
vn -0.00512682 0.905676 0.42394
v 1.87469 0 1338
vn -0.884878 0.369777 -0.283296
v 1.08855 -1.2 1339
vn 0.107218 0.880475 0.461809
v 1.08855 -1.2 1339
vn -0.371755 0.825539 0.424599
v 1.24031 -0.8 1339
vn -0.904082 0.343018 0.254899
v 1.24031 -0.8 1339
vn -0.204088 -0.7782 0.59393
v 0.545002 0.4 1307.01
vn 0.439765 -0.769578 0.462986
v 0.545002 0.6 1308.02
vn 0.112191 -0.991667 0.0633162
v 1.745 0.435938 1320
vn -0.727977 0.610117 -0.31274
v 1.945 1.87969 1326.6
vn 0.0783444 0.952682 0.2937
v 0.745001 1.42344 1328.4
vn -0.621514 0.750678 -0.224061
v 0.745001 1.42344 1328.4
vn 0.607615 0.611249 0.507128
v 0.745001 1.42344 1328.4
vn -0.699513 0.651107 -0.294518
v 0.945001 1.97344 1329
vn 0.454749 0.88509 0.0990933
v 0.545002 1.4 1329.48
vn -0.874201 0.352564 -0.333874
v 0.745001 1.23906 1330
vn -0.544736 0.836414 -0.0606095
v 0.745001 1.23906 1330
vn 0.454749 0.88509 0.0990933
v 0.745001 1.23906 1330
vn -0.253929 0.78261 -0.568367
v 0.745001 1.23906 1330
vn 0.454749 0.88509 0.0990933
v 1.145 1.07833 1329.6
vn -0.32816 0.770917 -0.545892
v 1.145 1.07833 1329.6
vn -0.304595 0.770683 -0.559705
v 1.145 1.51406 1330.2
vn -0.0146731 0.999312 0.0340603
v 1.145 1.51406 1330.2
vn 0.561436 0.687734 0.460229
v 1.745 1.23594 1329.4
vn -0.449222 0.801562 -0.394585
v 1.745 1.23594 1329.4
vn 0.258259 0.700969 0.664789
v 0.545002 0.754688 1331.8
vn 0.24877 0.853543 0.457798
v 0.945001 1.36607 1331
vn -0.631231 0.748738 -0.202336
v 1.145 1.07031 1331.6
vn 0.106711 0.733286 0.671494
v 1.345 1.2 1333.31
vn 0.531663 0.820871 0.208581
v 1.345 1.48281 1333
vn 0.014552 0.752995 0.657865
v 1.345 1.48281 1333
vn 0.783449 0.400951 0.474811
v 1.345 1.48281 1333
vn -0.0777385 0.765876 0.638271
v 0.545002 0.401587 1334.2
vn -0.118429 0.988127 0.0978796
v 0.545002 0.401587 1334.2
vn -0.314014 0.949312 0.0142344
v 0.945001 0.442188 1334.2
vn 0.840674 0.195099 0.505177
v 0.945001 0.442188 1334.2
vn 0.364536 0.79286 0.488351
v 0.945001 0.442188 1334.2
vn 0.0289783 0.966658 0.254425
v 1.345 0.676563 1334.6
vn 0.10054 0.949918 0.295885
v 0.945001 0.4 1335.62
vn 0.113826 0.91566 0.3855
v 1.945 0.439063 1335.6
vn -0.73825 0.59848 -0.31114
v 0.887189 2.6 1297.4
vn -0.150172 0.82686 0.541988
v 0.745001 3.10156 1299.6
vn -0.779016 0.594307 -0.199833
v 1.545 3.34531 1299.2
vn -0.326846 0.941699 -0.0798405
v 1.545 3.34531 1299.2
vn -0.605249 0.795738 0.0217788
v 0.640314 3.2 1301.2
vn 0.219456 0.948617 0.22796
v 1.345 3.51094 1300.8
vn 0.209573 0.909571 0.358832
v 1.145 3.58906 1302.6
vn -0.33054 0.853453 0.402941
v 0.745001 3.47344 1305.6
vn -0.639883 0.758349 -0.124321
v 0.945001 3.56094 1315.2
vn 0.394479 0.719152 0.57202
v 1.345 3.54844 1315.8
vn 0.28821 0.69492 0.658803
v 0.545002 3.03281 1317
vn -0.70569 0.660294 -0.25693
v 0.545002 3 1317.19
vn -0.790128 -0.320989 -0.522172
v 0.684064 3.2 1317.2
vn -0.948574 0.0611532 -0.310592
v 0.684064 3.2 1317.2
vn -0.88282 0.442336 -0.15801
v 0.602814 3.4 1317.2
vn -0.661724 0.388496 -0.641243
v 0.602814 3.4 1317.2
vn -0.73909 0.532525 -0.412508
v 0.745001 3.12969 1317
vn -0.851462 0.181525 -0.491997
v 0.745001 3.12969 1317
vn -0.800123 0.234529 -0.552086
v 0.745001 3.4 1317.05
vn -0.266817 0.958281 -0.102499
v 1.345 3.51719 1318.8
vn -0.955738 0.134401 -0.261729
v 0.913854 3.4 1320.2
vn -0.974992 0.137109 -0.174905
v 0.859064 3.4 1320.4
vn -0.986528 0.138731 -0.0866974
v 0.841492 3.4 1320.6
vn 0.247409 0.833119 0.494673
v 0.945001 3.34531 1320.8
vn -0.34657 0.929928 -0.122979
v 1.145 3.54844 1319.6
vn -0.212015 0.924923 0.315541
v 1.145 3.54844 1319.6
vn -0.692148 0.716189 -0.0894697
v 1.145 3.54844 1319.6
vn -0.287196 0.920156 0.266142
v 1.145 3.52344 1320.4
vn -0.342582 0.894683 -0.286669
v 1.145 3.52344 1320.4
vn -0.745245 0.666783 0.00334647
v 0.945001 3.08594 1321.4
vn -0.729326 0.682039 0.0539114
v 0.945001 3 1322.53
vn 0.691894 0.477194 0.54182
v 1.31605 3 1322.4
vn 0.689392 0.483139 0.539736
v 1.545 3.4 1321.76
vn 0.527483 0.641339 0.557177
v 0.545002 2.6 1323.93
vn -0.268704 0.936988 0.223274
v 0.545002 2.6 1323.93
vn -0.477914 0.871961 0.106222
v 0.945001 2.88906 1323.2
vn -0.549238 0.823231 -0.143624
v 1.345 2.33281 1324
vn -0.327255 0.944934 -0.00181992
v 1.545 2.6 1324.31
vn -0.68748 0.726197 -0.00299781
v 1.145 2.2 1326.91
vn -0.0462562 0.891183 0.451279
v 1.145 2.2 1326.91
vn 0.549415 0.65891 0.513791
v 1.145 2.2 1326.91
vn 0.584829 0.578318 0.568791
v 1.945 2 1326.21
vn 0.421376 0.708839 0.565676
v 1.14727 2 1329
vn -0.35142 0.930405 0.104167
v 1.545 3.69844 1299.8
vn 0.134744 0.977178 0.164215
v 1.545 3.69844 1299.8
vn -0.804296 0.423933 -0.4164
v 1.945 3.74127 1300.6
vn 0.0778774 0.927403 0.365867
v 1.945 3.72031 1301.8
vn 0.787084 0.00647047 0.616812
v 1.945 3.72031 1301.8
vn 0.358502 0.832748 0.421909
v 1.945 3.72031 1301.8
vn -0.0577129 0.970473 0.234203
v 1.945 4.03594 1301
vn -0.353849 0.935214 -0.0128438
v 1.22156 3.6 1303.2
vn -0.805137 0.176472 -0.566226
v 1.22156 3.6 1303.2
vn -0.805137 0.176472 -0.566226
v 1.745 4 1302.58
vn -0.315944 0.818217 -0.480314
v 1.745 4 1302.58
vn 0 1 0
v 1.745 4 1302.58
vn -0.805137 0.176472 -0.566226
v 2.10929 3.8 1302
vn -0.226602 0.889713 0.396312
v 1.13072 4 1304.6
vn -0.205051 0.974949 -0.0861898
v 1.13072 4 1304.6
vn 0.0264303 0.989314 0.143382
v 0.945001 3.8 1309.98
vn -0.371035 0.924496 -0.0874052
v 1.745 3.87969 1309.2
vn 0.246739 0.877302 0.411657
v 1.75056 4 1311.2
vn 0.41606 0.747334 0.51806
v 1.945 4.09531 1311
vn -0.470008 0.832394 -0.293621
v 0.945001 3.66094 1313.6
vn 0.108699 0.985041 0.13371
v 0.945001 3.66094 1313.6
vn -0.571972 0.781359 -0.249653
v 1.345 3.67627 1314.4
vn -0.753843 0.129915 -0.644083
v 1.345 3.67627 1314.4
vn 0.0645331 0.962104 0.264937
v 1.345 3.82381 1314.8
vn 0.14601 0.96026 0.237868
v 1.945 4.03281 1316
vn -0.739983 0.666096 -0.0934953
v 0.745001 3.64219 1317.2
vn -0.173368 0.984306 -0.0329427
v 0.745001 3.64219 1317.2
vn 0.352478 0.803665 0.479461
v 0.945001 3.63906 1319.2
vn -0.194815 0.969508 0.148666
v 0.945001 3.63906 1319.2
vn -0.543392 0.830237 0.124225
v 0.945001 3.63906 1319.2
vn 0.402678 0.894505 0.194196
v 0.945001 3.63906 1319.2
vn -0.212015 0.924923 0.315541
v 0.945001 3.63906 1319.2
vn -0.104871 0.984375 -0.141448
v 0.945001 3.83594 1318.4
vn 0.317618 0.920742 0.22661
v 0.945001 3.83594 1318.4
vn -0.974992 0.137109 -0.174905
v 0.887189 3.6 1320.4
vn -0.609767 0.625704 0.486496
v 0.887189 3.6 1320.4
vn 0.263704 0.887991 0.376738
v 0.887189 3.6 1320.4
vn -0.729047 0.570854 -0.377645
v 1.07046 3.6 1320.2
vn 0.248153 0.932 0.264188
v 1.07046 3.6 1320.2
vn -0.637213 0.76627 -0.0823949
v 1.945 3.8 1320.31
vn -0.351145 0.89006 -0.290673
v 1.945 3.8 1320.31
vn 0.0482239 0.99485 0.0891495
v 1.945 3.8 1320.31
vn 0.145598 0.826859 0.543236
v 1.745 3.72969 1321.2
vn 0.69095 0.506763 0.515538
v 1.745 3.72969 1321.2
vn 0.0482239 0.99485 0.0891495
v 1.745 3.72969 1321.2
vn -0.320609 -0.267137 -0.908762
v 2.545 -16.4298 1373.6
vn 0.816879 -0.460814 0.346929
v 2.745 -16.4 1373.7
vn 0.319437 -0.482435 -0.815608
v 2.75362 -16 1373.4
vn -0.354798 -0.295624 -0.886975
v 2.945 -16.2297 1373.4
vn 0.829055 -0.469552 0.303628
v 2.945 -16.2297 1373.4
vn 0.734469 -0.440682 -0.516096
v 2.945 -16.2297 1373.4
vn 0.345892 -0.329232 -0.878615
v 2.945 -16.2297 1373.4
vn 0.331577 -0.425053 -0.842251
v 2.945 -15.8 1373.24
vn 0.723957 -0.524851 -0.447681
v 3.20281 -15.8 1373.4
vn 0.456693 -0.661434 -0.594925
v 2.24031 -17 1374
vn 0.791763 -0.472248 0.387417
v 2.24031 -17 1374
vn 0.81966 -0.329292 -0.468747
v 2.145 -17 1377.99
vn 0.110428 -0.494406 -0.862188
v 2.145 -17 1377.99
vn 0.150643 -0.555496 -0.81776
v 3.345 -15.8 1377.46
vn -0.143688 -0.227733 0.963063
v 2.145 -16.1762 1379.6
vn -0.489603 -0.615474 0.617642
v 2.145 -16.1762 1379.6
vn -0.0382672 -0.956865 0.288002
v 2.145 -16.1762 1379.6
vn -0.815048 -0.0559203 0.576689
v 2.17591 -16 1379.8
vn -0.526339 -0.0507502 0.848759
v 2.24344 -16 1380.2
vn -0.0351819 -0.879718 0.474192
v 2.34969 -16.4 1379.2
vn -0.545964 -0.704237 -0.453843
v 2.345 -16.1661 1379.8
vn -0.0397977 -0.995136 0.0901111
v 2.345 -16.1661 1379.8
vn -0.545964 -0.704237 -0.453843
v 2.545 -16.6 1380.23
vn 0.270104 -0.831324 -0.485741
v 2.545 -16.6 1380.23
vn 0.825135 -0.316382 0.468033
v 2.545 -16.6 1380.23
vn -0.609645 -0.265536 0.746876
v 2.545 -16.6 1380.23
vn -0.545964 -0.704237 -0.453843
v 2.545 -16.1922 1379.6
vn 0.0624638 -0.838929 -0.540645
v 2.545 -16.1922 1379.6
vn 0.637166 -0.765829 0.0867511
v 2.545 -16.1922 1379.6
vn -0.526339 -0.0507502 0.848759
v 2.545 -16.2 1380.38
vn 0.693455 -0.691727 0.201576
v 2.745 -16.0484 1379.4
vn 0.927643 -0.200975 0.314782
v 2.84031 -16.2 1379.8
vn 0.820065 -0.557663 0.128474
v 3.145 -14.4823 1371.6
vn 0.224005 -0.415676 -0.881496
v 2.945 -15.2 1373.07
vn -0.296653 -0.256927 -0.919775
v 2.945 -15.2 1373.07
vn 0.820413 -0.418715 0.389359
v 3.69656 -15 1373.2
vn 0.186635 -0.71944 -0.669009
v 3.69656 -15 1373.2
vn 0.683346 -0.691434 -0.234432
v 3.69656 -15 1373.2
vn 0.669477 -0.730622 -0.134134
v 3.545 -14.6328 1376.2
vn 0.549921 0.251943 0.796311
v 2.345 -14.6792 1380
vn -0.965697 0.0955818 0.241441
v 2.345 -14.6792 1380
vn -0.409634 0.167255 0.896786
v 2.345 -14.6792 1380
vn 0.803474 -0.467526 -0.368577
v 3.00594 -15.6 1379.4
vn 0.917298 -0.0130932 0.397985
v 3.00594 -15.6 1379.4
vn 0.246825 -0.915933 -0.316455
v 2.145 -13.0016 1351.4
vn -0.000698425 -0.706604 -0.707609
v 2.145 -13.0016 1351.4
vn 0.858324 -0.325387 -0.39674
v 2.145 -13.0016 1351.4
vn 0.874485 -0.331513 -0.354084
v 2.345 -13.1148 1352
vn 0.98782 -0.0914783 0.125869
v 2.345 -13.1148 1352
vn 0.973302 -0.211348 0.0895255
v 2.145 -13.6234 1353.2
vn 0.583297 -0.810017 0.0603104
v 2.345 -13.9875 1370.4
vn 0.761209 -0.248697 0.598925
v 2.345 -13.9875 1370.4
vn 0.180444 -0.963231 -0.199065
v 2.545 -13.8 1369.69
vn 0.87008 -0.332871 0.363536
v 2.66741 -13.8 1369.8
vn 0.461997 -0.885607 -0.047518
v 2.66741 -13.8 1369.8
vn -0.215935 -0.433056 -0.87512
v 2.745 -13.7441 1369.6
vn 0.305217 -0.839563 -0.449419
v 2.745 -13.7441 1369.6
vn 0.0794828 -0.65984 -0.747191
v 2.745 -13.0597 1369.2
vn 0.738095 -0.384883 0.554149
v 2.94031 -13.2 1370
vn 0.713277 -0.0891635 0.695188
v 3.14143 -13.6 1369.6
vn 0.991065 -0.123888 -0.0494175
v 3.14143 -13.6 1369.6
vn 0.324165 -0.891682 0.315944
v 3.14143 -13.6 1369.6
vn 0.736276 -0.150311 0.659776
v 2.945 -13.6 1369.8
vn 0.305217 -0.839563 -0.449419
v 3.145 -13.4917 1369.4
vn 0.991065 -0.123888 -0.0494175
v 3.145 -13.4917 1369.4
vn 0.134841 -0.906119 0.400957
v 3.145 -13.4917 1369.4
vn 0.991065 -0.123888 -0.0494175
v 3.16643 -13.4 1369.6
vn 0.134841 -0.906119 0.400957
v 3.16643 -13.4 1369.6
vn 0.134841 -0.906119 0.400957
v 3.345 -13.4619 1369.4
vn 0.864896 -0.149639 0.479127
v 3.345 -13.4619 1369.4
vn 0.714952 -0.674458 0.184254
v 3.44188 -13.2 1369.2
vn 0.955048 -0.165236 0.24613
v 3.44188 -13.2 1369.2
vn 0.802878 -0.296684 0.517074
v 3.39031 -13.2 1369.4
vn 0.854652 0.124887 0.503958
v 2.345 -13.4 1379.61
vn 0.980853 -0.193013 0.0259478
v 2.52469 -12 1351.4
vn 0.611907 -0.673176 -0.415216
v 2.47469 -12.4 1353.4
vn 0.911977 -0.40593 -0.0593195
v 2.47469 -12.4 1353.4
vn 0.107797 -0.965196 -0.238278
v 2.945 -11 1364.12
vn -0.474531 -0.534258 -0.699563
v 2.945 -11 1364.12
vn 0.612299 -0.73536 -0.290406
v 3.345 -11.4148 1365.6
vn -0.94335 0.328882 -0.0438984
v 2.145 -11.018 1375.2
vn -0.549094 0.764215 0.338336
v 2.145 -11.018 1375.2
vn 0.865583 -0.416675 -0.277756
v 2.145 -9.8 1348.6
vn 0.815858 -0.4524 0.360152
v 2.145 -9.8 1348.6
vn 0.571384 -0.678169 -0.462177
v 2.145 -9.8 1348.6
vn 0.973285 -0.228604 -0.0213887
v 2.945 -10.1169 1350.4
vn 0.182476 -0.547224 -0.816853
v 2.945 -10.1169 1350.4
vn 0.604606 -0.676682 -0.420182
v 2.945 -10.1169 1350.4
vn 0.611907 -0.673176 -0.415216
v 3.345 -9.6 1350.14
vn 0.713693 -0.700287 -0.0155216
v 2.74656 -9.4 1355.6
vn 0.378107 -0.846845 -0.374017
v 3.145 -9.45469 1358
vn -0.477585 -0.537697 -0.694834
v 3.345 -10.4119 1363.4
vn 0.00311475 0.887736 0.460343
v 2.145 -9.68983 1371.2
vn -0.303861 0.889786 0.340515
v 3.145 -9.20833 1371.8
vn -0.798355 0.572593 -0.186459
v 2.33848 -10.2 1372.4
vn 0.265553 0.805879 0.529188
v 3.545 -10.1422 1375.2
vn 0.202969 0.822381 0.531501
v 3.545 -9.6 1374.35
vn 0.820707 0.222649 0.526182
v 3.345 -10.6 1377.25
vn -0.661683 0.704282 0.257221
v 3.345 -10.6 1377.25
vn 0.38643 -0.921679 -0.0343564
v 3.345 -8.12656 1346.6
vn 0.571384 -0.678169 -0.462177
v 2.545 -8.51094 1347.2
vn 0.446352 -0.894586 0.0220422
v 2.545 -8.51094 1347.2
vn 0.38983 -0.859365 -0.330944
v 3.39754 -8 1348
vn -0.172335 -0.848421 -0.500482
v 3.545 -8.03594 1347.2
vn 0.571384 -0.678169 -0.462177
v 3.545 -8 1347.69
vn 0.818862 -0.435954 0.373374
v 2.80906 -8.6 1348.6
vn 0.555031 -0.829992 0.0552691
v 3.73406 -8.8 1353.2
vn -0.492056 0.869873 -0.0346755
v 3.545 -9.15469 1370
vn -0.296056 0.955154 -0.00566656
v 3.71802 -8.8 1371
vn -0.743794 0.655663 -0.12991
v 3.71792 -8.8 1371.2
vn -0.290396 0.956907 -0.000143699
v 3.71792 -8.8 1371.2
vn 0.543369 -0.832379 -0.109069
v 3.145 -6.90781 1344.2
vn -0.129003 -0.819967 -0.557685
v 2.545 -7.54531 1346
vn 0.0409654 0.901236 0.431389
v 2.345 -7.09844 1361.8
vn -0.601632 -0.462068 -0.651561
v 2.945 -3.04531 1335.8
vn -0.404348 -0.798164 -0.446584
v 2.745 -3.74844 1337.6
vn -0.500918 0.839048 0.212318
v 2.145 -2.89844 1345.4
vn -0.798145 0.554316 -0.236006
v 2.145 -2.89844 1345.4
vn -0.532459 0.840534 -0.0999537
v 2.745 -3.6 1348.53
vn -0.36255 0.853979 0.373198
v 2.145 -3.67656 1350.4
vn 0.378265 0.851405 0.363352
v 2.145 -3.67656 1350.4
vn -0.110048 0.993637 -0.0239711
v 2.145 -3.67656 1350.4
vn -0.0777548 0.996966 0.00355584
v 2.345 -3.66406 1350
vn 0.439906 -0.590431 -0.676663
v 2.85581 -1.4 1324.2
vn 0.440354 -0.590684 -0.676151
v 2.945 -1.4 1324.26
vn -0.242739 -0.638658 -0.730201
v 2.945 -1.4 1324.26
vn 0.360272 -0.789373 -0.497085
v 3.145 -1.22344 1324
vn 0.556584 -0.830359 0.0267942
v 2.345 -1.73594 1324.4
vn 0.561554 -0.793788 -0.233575
v 2.745 -1.83016 1324.6
vn -0.0294842 -0.556635 -0.830234
v 2.745 -1.48644 1324.4
vn -0.63079 -0.772748 0.0704531
v 2.745 -1.77656 1330.4
vn -0.372099 -0.850362 -0.372059
v 2.745 -1.77656 1330.4
vn -0.63079 -0.772748 0.0704531
v 2.745 -1.75833 1330.6
vn -0.693341 -0.717633 0.0654281
v 2.945 -1.95156 1330.6
vn -0.337268 -0.892166 -0.300484
v 3.345 -1.68906 1329.6
vn -0.545505 -0.142164 -0.825962
v 2.545 -1.8 1330.87
vn -0.563839 -0.822473 0.0749866
v 2.545 -1.6 1330.83
vn 0.0392358 -0.918711 0.392977
v 2.545 -1.6 1330.83
vn -0.0545807 -0.835569 -0.546668
v 2.545 -1.6 1330.83
vn 0.465434 -0.88027 -0.09217
v 2.145 -0.073437 1297.8
vn 0.529648 -0.747656 0.400604
v 2.145 -0.073437 1297.8
vn 0.0589497 -0.99795 -0.0249273
v 2.145 -0.073437 1297.8
vn -0.158544 -0.81017 -0.564348
v 2.145 0.070313 1302.8
vn 0.345651 -0.937257 0.0455578
v 2.145 0.2 1303.51
vn 0.213523 -0.956402 -0.199258
v 3.145 -0.320312 1322
vn -0.0897314 -0.95704 -0.275721
v 3.345 -0.4 1322.6
vn 0.197936 -0.933154 0.300073
v 3.345 -0.4 1322.6
vn -0.570418 -0.390483 -0.722597
v 3.345 -0.022448 1322.4
vn -0.151798 -0.943012 -0.296118
v 3.345 -0.022448 1322.4
vn 0.222176 -0.862386 -0.454893
v 2.145 -1.07091 1323.4
vn -0.00165436 -0.634531 -0.772896
v 2.145 -1.07091 1323.4
vn 0.295494 -0.575978 -0.762189
v 3.12425 -1.2 1324.2
vn -0.010633 -0.886739 -0.462149
v 3.12425 -1.2 1324.2
vn 0.304645 -0.932341 -0.194762
v 2.945 -0.8 1323.18
vn -0.301553 -0.557784 -0.773268
v 2.945 -0.342187 1322.8
vn 0.523792 -0.838067 0.152599
v 3.345 -1.09844 1324
vn 0.477845 -0.764552 -0.432579
v 3.345 -1.09844 1324
vn -0.512648 -0.715031 -0.475313
v 3.345 -1.09844 1324
vn -0.398476 -0.798265 -0.451653
v 3.345 -0.8 1323.47
vn -0.637071 -0.269682 -0.722089
v 3.345 -0.8 1323.47
vn -0.853723 0.489757 -0.176904
v 2.51333 0.2 1336
vn -0.430344 0.902309 -0.0253338
v 2.51333 0.2 1336
vn -0.107057 0.993562 0.0370668
v 2.25864 -0.4 1338.6
vn -0.430344 0.902309 -0.0253338
v 2.145 0.063636 1337.4
vn -0.107059 0.993562 0.0370484
v 3.145 -0.267187 1337.6
vn 0.577196 -0.69316 0.431711
v 3.145 0.420636 1297.4
vn -0.393278 -0.860613 -0.323539
v 3.345 0.457813 1298
vn 0.482395 -0.869402 -0.106933
v 3.545 0.667188 1297.2
vn -0.274178 -0.948704 -0.157443
v 3.545 0.667188 1297.2
vn 0.155644 -0.98762 -0.0195148
v 3.545 0.673438 1302.6
vn -0.178602 -0.799573 -0.573397
v 2.98667 1 1311.2
vn 0 -1 0
v 2.98667 1 1311.2
vn 0.166331 -0.936641 0.308282
v 3.145 0.821155 1311.4
vn -0.656018 -0.640008 -0.400037
v 3.545 0.892188 1311.4
vn 0.0397812 -0.991861 0.120948
v 3.545 0.892188 1311.4
vn 0.0918382 -0.790016 -0.606168
v 3.545 1 1311.23
vn -0.668876 -0.558684 -0.490384
v 3.545 1 1311.23
vn -0.379915 -0.818483 -0.430987
v 2.345 0.876563 1312
vn 0.184322 -0.96043 0.208804
v 3.545 0.495313 1315.8
vn -0.425476 0.888632 -0.171182
v 2.545 1.38594 1328.2
vn 0.0628777 0.947619 0.313152
v 2.545 1.38594 1328.2
vn -0.263833 0.960544 -0.0880139
v 3.545 1.90328 1328.4
vn -0.661671 0.678212 -0.319718
v 3.545 1.90328 1328.4
vn 0.531663 0.820871 0.208581
v 2.145 1.57451 1330.6
vn -0.0350567 0.983975 0.174826
v 2.145 1.57451 1330.6
vn 0.761959 0.345859 0.54754
v 2.145 1.2 1332.07
vn 0.287935 0.849247 0.442576
v 2.145 1.2 1332.07
vn 0.365 0.793587 0.486821
v 2.545 1 1332.1
vn 0.141401 0.90431 0.402776
v 2.545 0.6 1335.24
vn 0.0874202 0.962654 0.256231
v 2.945 0.4 1335.79
vn -0.855432 0.386835 -0.344376
v 2.945 0.4 1335.79
vn -0.211282 0.967663 -0.137798
v 3.545 3.50156 1317.4
vn -0.650168 0.642773 -0.405123
v 2.545 2.93906 1321.6
vn -0.324697 0.939538 0.108812
v 2.345 2.23281 1325.8
vn -0.129236 0.98415 0.121435
v 2.545 2.47969 1326.6
vn 0.252547 0.910006 0.3288
v 2.545 2.47969 1326.6
vn 0.786973 0.0179484 0.616726
v 3.145 4.4 1300.26
vn 0.63622 0.662501 0.395369
v 3.145 4.4 1300.26
vn 0.426899 0.788554 0.442652
v 3.545 3.84219 1300.2
vn -0.272313 0.947589 -0.167097
v 3.6704 4.2 1300.4
vn -0.806612 0.346661 -0.478751
v 2.545 4.06719 1302.2
vn -0.14187 0.897389 0.41781
v 3.145 4.50469 1304.2
vn -0.374497 0.922939 -0.0890819
v 3.145 4.50469 1304.2
vn -0.526353 0.831621 -0.177084
v 2.745 4.11406 1308
vn 0.0304399 0.987556 0.154296
v 2.745 4.45156 1309.8
vn 0.569814 0.539738 0.619673
v 2.545 4.37833 1310
vn -0.377001 0.720239 0.582345
v 3.545 4.05156 1311.2
vn 0.269687 0.920988 0.281158
v 3.545 4.05156 1311.2
vn -0.305564 0.939988 -0.151831
v 3.545 4.05156 1311.2
vn -0.693292 0.188008 -0.6957
v 2.545 3.69844 1313
vn -0.533862 0.727137 -0.431582
v 2.545 3.69844 1313
vn -0.188159 0.965139 -0.181941
v 3.345 3.92969 1312.4
vn -0.264093 0.949655 -0.168555
v 2.42613 4 1313.2
vn -0.0167922 0.995793 0.0900849
v 2.145 4.10156 1315.6
vn 0.0791159 0.982112 0.170872
v 3.545 3.8 1314.8
vn -0.278812 0.953153 -0.117315
v 2.945 3.67969 1316.4
vn 0.337926 0.896533 0.286418
v 2.345 3.88906 1318.2
vn -0.368409 0.886868 -0.27882
v 2.745 3.62344 1318.8
vn 0.504682 0.861048 0.0623842
v 3.345 3.8 1318.43
vn -0.366257 0.901554 -0.230337
v 3.345 3.86719 1318.8
vn 0.0482239 0.99485 0.0891495
v 3.345 3.86719 1318.8
vn 0.602594 -0.56866 -0.559916
v 3.805 -14.6 1372.8
vn 0.208533 -0.70772 -0.675016
v 3.805 -14.6 1372.8
vn 0.646924 -0.744865 -0.163298
v 4.345 -14.0879 1372.4
vn 0.667339 -0.722605 -0.180278
v 3.945 -15.1048 1377
vn 0.819882 0.103955 0.563016
v 4.63719 -14.4 1376.8
vn 0.921604 -0.282743 0.2659
v 4.63719 -14.4 1376.8
vn -0.0738563 -0.73101 -0.678357
v 4.92379 -13.6 1372
vn 0.807164 -0.416194 0.418652
v 4.545 -13.9581 1372.6
vn 0.545861 -0.837543 -0.0236258
v 4.145 -9.66406 1361.6
vn -0.477585 -0.537697 -0.694834
v 3.745 -10.7672 1363.4
vn 0.240319 -0.732397 -0.637057
v 3.745 -10.7672 1363.4
vn -0.17155 -0.777005 -0.605668
v 3.945 -10.6922 1363.8
vn -0.480619 -0.541113 -0.690073
v 3.945 -10.1797 1362.8
vn 0.13539 -0.714619 -0.686286
v 3.945 -10.1797 1362.8
vn 0.168159 -0.587029 -0.791909
v 4.545 -10.0078 1362.8
vn 0.0534391 -0.837816 -0.543332
v 5.145 -10.6453 1363.4
vn 0.734306 0.40319 0.546106
v 3.945 -9.67963 1375.8
vn 0.266554 0.746602 0.609536
v 4.745 -10.6 1375.79
vn -0.210813 -0.89034 -0.40355
v 4.145 -7.68594 1346.4
vn -0.116732 -0.93508 -0.334662
v 4.345 -7.72656 1346.4
vn 0.619153 -0.669608 -0.410213
v 3.745 -9.02 1349.8
vn 0.742234 -0.669961 0.0155074
v 3.745 -9.02 1349.8
vn 0.369297 -0.905967 0.206985
v 4.745 -8.2 1349.99
vn 0.837491 -0.541221 0.0754256
v 3.75594 -9.2 1351.2
vn 0.803958 -0.554484 0.214938
v 4.545 -8.21094 1350.8
vn 0.448963 -0.870712 -0.200732
v 4.545 -8.21094 1350.8
vn 0.419721 -0.814 0.401545
v 4.545 -8.21094 1350.8
vn 0.516237 -0.853762 -0.067749
v 3.84969 -8.8 1351.8
vn -0.183037 -0.82843 -0.52934
v 4.745 -8.21719 1351.8
vn 0.432229 -0.780602 0.451484
v 4.945 -8 1352.8
vn 0.0254838 -0.92535 -0.378255
v 4.145 -8.51094 1357.8
vn 0.224888 -0.973948 -0.0291649
v 4.145 -8.51094 1357.8
vn 0.2286 -0.970362 -0.0783534
v 4.745 -8.34844 1357
vn 0.429044 0.860874 0.273528
v 3.745 -7.69844 1363.8
vn -0.671635 0.705047 -0.227628
v 4.145 -8.23906 1366
vn -0.269357 0.961225 0.0591033
v 4.545 -7.73281 1366.4
vn -0.280667 0.941779 0.185142
v 3.945 -8.47344 1368.8
vn -0.297041 0.954628 -0.0212641
v 4.545 -8.75469 1368.6
vn 0.176192 0.944247 0.278126
v 4.545 -8.75469 1368.6
vn -0.557561 0.809786 -0.182681
v 5.145 -8.52344 1369.8
vn -0.751436 0.630544 -0.194315
v 4.145 -8.7127 1372.6
vn 0.348574 0.771407 0.532379
v 4.345 -8.64844 1372.6
vn 0.373362 0.772546 0.513588
v 4.715 -9 1372.8
vn -0.356091 0.929735 0.0937627
v 4.945 -9.11207 1374
vn 0.173184 0.94629 0.273026
v 4.945 -9.11207 1374
vn -0.310268 -0.85728 -0.410858
v 3.945 -6.22969 1342.8
vn 0.708818 -0.648647 0.27719
v 5.0803 -7.4 1344.2
vn -0.313269 -0.877089 -0.364113
v 4.745 -7.33906 1345.2
vn -0.0240106 -0.998317 0.0527847
v 4.745 -7.33906 1345.2
vn 0.627389 -0.591062 0.50698
v 5.145 -7.6 1345.75
vn 0.00788915 -0.949386 -0.314013
v 4.545 -7.26406 1347
vn -0.284196 0.916385 0.281906
v 3.765 -7.2 1362.2
vn -0.319328 0.947247 0.027443
v 4.345 -7.48906 1362.2
vn -0.380058 -0.865823 -0.325434
v 4.545 -2.90781 1333
vn 0.486288 0.813929 0.317872
v 3.945 -1.27031 1341.4
vn 0.526403 0.654521 0.54268
v 3.945 -1.6 1342.53
vn 0.574204 0.631753 0.520747
v 3.945 -1.25781 1342.2
vn -0.226231 0.971113 -0.0758867
v 3.945 -1.25781 1342.2
vn 0.33811 0.873788 0.349537
v 3.745 -2.02969 1343.6
vn -0.605781 -0.58424 -0.540086
v 4.545 0.367188 1298
vn 0.0939934 -0.990207 0.103221
v 4.345 0.060938 1319.4
vn 0.0754026 -0.993963 0.0796985
v 4.945 0.082813 1318.2
vn -0.107808 -0.959746 -0.259354
v 4.745 0.2 1320.03
vn -0.151798 -0.943012 -0.296118
v 3.745 0.101563 1321.8
vn 0.0978066 -0.971657 0.215211
v 3.745 0.101563 1321.8
vn 0.614093 -0.711211 0.342154
v 3.945 0 1321.23
vn 0.00932851 -0.957374 0.288699
v 3.945 0 1321.23
vn -0.0675897 -0.926738 0.369578
v 4.145 -0.026562 1321.2
vn -0.687803 -0.674258 0.26889
v 4.145 -0.026562 1321.2
vn -0.697313 -0.683581 0.215574
v 4.145 0.053226 1321.4
vn -0.62548 -0.376962 -0.683136
v 4.145 0.1 1321.6
vn 0.109464 -0.967862 0.226409
v 4.145 0.1 1321.6
vn -0.778803 -0.627221 0.00770757
v 4.145 0.1 1321.6
vn -0.696671 -0.262184 -0.667764
v 4.52403 -0.8 1322.6
vn 0.109107 -0.989289 0.096968
v 4.52403 -0.8 1322.6
vn 0.389673 -0.914782 0.106433
v 4.345 -0.317187 1322.2
vn 0.360058 -0.921747 -0.144014
v 4.345 -0.317187 1322.2
vn 0.265215 -0.893247 0.363002
v 4.345 -0.317187 1322.2
vn -0.445917 -0.751019 -0.486959
v 4.345 -0.317187 1322.2
vn -0.754797 -0.648807 0.0965965
v 4.345 -0.150793 1321.4
vn -0.626205 -0.372272 -0.685041
v 4.345 -0.2 1321.58
vn -0.827017 -0.542767 -0.146447
v 4.345 -0.2 1321.58
vn -0.479658 -0.609359 -0.631356
v 4.545 -0.239062 1322.2
vn 0.203815 -0.87561 0.437912
v 4.545 -0.239062 1322.2
vn -0.405091 -0.683201 -0.607567
v 4.81643 -0.4 1322.2
vn 0.00898372 -0.963413 0.26787
v 5.145 -0.389062 1321.8
vn -0.466384 -0.786574 -0.404708
v 5.145 -0.389062 1321.8
vn 0.0271821 -0.564282 -0.825135
v 3.745 -1.2 1324.19
vn 0.433774 -0.888805 -0.147871
v 3.745 -1.2 1324.19
vn -0.432945 -0.315381 -0.844449
v 3.745 -0.8 1323.12
vn -0.725155 0.377894 -0.575627
v 3.745 -0.8 1323.12
vn -0.432945 -0.315381 -0.844449
v 3.745 -0.479687 1323
vn -0.445917 -0.751019 -0.486959
v 3.745 -0.479687 1323
vn 0.175899 -0.970873 -0.162678
v 3.945 -0.8 1322.87
vn -0.616299 -0.617124 -0.489217
v 3.945 -0.8 1322.87
vn 0.457499 0.487996 -0.74334
v 3.945 -0.8 1322.87
vn -0.598218 -0.535605 -0.596039
v 3.945 -0.598437 1323
vn -0.725155 0.377894 -0.575627
v 3.945 -0.598437 1323
vn -0.445917 -0.751019 -0.486959
v 3.945 -0.598437 1323
vn -0.203393 -0.342557 -0.917216
v 3.945 -0.598437 1323
vn 0.457499 0.487996 -0.74334
v 3.945 -0.598437 1323
vn 0.457499 0.487996 -0.74334
v 4.145 -0.785937 1323
vn -0.580658 -0.619365 -0.528415
v 4.145 -0.785937 1323
vn -0.274651 0.959521 -0.0623448
v 3.745 -0.157812 1336.4
vn -0.333445 0.919883 -0.20647
v 4.345 -0.154687 1335.6
vn -0.198206 0.978869 0.0502957
v 3.745 -0.2 1337.53
vn 0.134415 0.977691 0.161409
v 4.745 -0.889062 1339.2
vn -0.0636367 0.986955 0.147889
v 4.745 -0.889062 1339.2
vn -0.306618 -0.861295 -0.405163
v 4.345 0.626563 1297.6
vn 0.575372 -0.685723 0.445793
v 3.945 0.551563 1301.8
vn 0.561902 -0.660853 0.497533
v 3.945 0.751563 1309.8
vn 0.259051 -0.964297 0.0549829
v 3.945 0.751563 1309.8
vn 0.110871 -0.992328 0.054704
v 4.23719 1 1309.8
vn 0.181108 -0.944984 0.272407
v 3.87887 0.8 1311
vn -0.500759 -0.740726 -0.447845
v 4.545 1.06852 1310
vn -0.348741 -0.848264 -0.398532
v 5.145 0.948438 1313
vn -0.230637 -0.868517 -0.438732
v 4.945 0.848438 1313.2
vn 0.163479 -0.980092 0.112671
v 3.96919 0.6 1318.2
vn -0.53316 0.84309 -0.0702807
v 4.745 1.86094 1327
vn -0.630707 0.646708 -0.428926
v 4.945 3.12656 1318.2
vn -0.558295 0.77098 -0.306425
v 4.07938 3.2 1321.2
vn 0.187786 0.95901 0.212217
v 4.07938 3.2 1321.2
vn -0.426113 0.888523 -0.170158
v 4.745 2 1325.9
vn 0.540415 0.802754 0.252066
v 5.09813 2 1325.8
vn -0.514456 0.84415 -0.150818
v 5.09813 2 1325.8
vn -0.264916 0.962318 -0.0613518
v 4.545 2.07656 1326.8
vn -0.421967 0.865922 -0.268559
v 3.945 3.72344 1297.4
vn -0.769616 0.365849 -0.523303
v 3.945 3.72344 1297.4
vn 0.447381 0.830529 0.331771
v 4.145 4.54844 1298.4
vn 0.4953 0.752078 0.434806
v 4.145 4.2 1298.98
vn -0.514045 0.817494 -0.259732
v 4.70611 4.2 1309.6
vn -0.152405 0.988137 -0.0189273
v 4.70611 4.2 1309.6
vn 0.00628789 0.993266 0.115689
v 4.745 4.4 1309.96
vn -0.588757 0.732361 -0.342072
v 3.945 4.26094 1311.2
vn 0.370871 0.846852 0.381178
v 3.945 4.26094 1311.2
vn 0.00628789 0.993266 0.115689
v 3.945 4.26094 1311.2
vn 0.358709 0.837571 0.412072
v 4.145 4.24219 1310
vn -0.082831 0.985612 0.147337
v 4.145 4.04219 1311.6
vn -0.377001 0.720239 0.582345
v 4.145 4.04219 1311.6
vn 0.130248 0.970909 0.200924
v 4.145 4.04219 1311.6
vn 0.127472 0.974221 0.186132
v 5.17516 4.2 1312.2
vn 0.256066 0.926729 0.274961
v 4.945 4.10156 1314.6
vn 0.291018 0.913212 0.285225
v 4.1125 4 1315.6
vn -0.290047 0.926743 -0.23879
v 4.745 3.71406 1316.8
vn -0.616506 0.696183 -0.367763
v 4.545 3.70156 1319.6
vn 0.452603 0.804793 0.384004
v 4.545 3.70156 1319.6
vn 0.0901582 0.992742 -0.0795904
v 4.545 3.70156 1319.6
vn -0.200096 -0.516557 -0.832545
v 5.345 -12.4984 1370.8
vn 0.155899 -0.917823 -0.365097
v 5.345 -12.4984 1370.8
vn 0.70007 -0.673664 0.23681
v 6.39031 -12.6 1371.2
vn 0.301627 -0.952859 0.0328732
v 5.345 -11.8172 1368.4
vn -0.254359 -0.881591 -0.397616
v 6.345 -11.6578 1368
vn -0.0144477 -0.503505 -0.863872
v 5.745 -12.4 1370.72
vn 0.409404 -0.911573 -0.0377109
v 5.81423 -12.2 1369.8
vn 0.224355 -0.927959 -0.297586
v 5.945 -12.1578 1370.2
vn 0.459285 -0.845957 0.270952
v 5.945 -12.1578 1370.2
vn 0.154781 -0.986097 -0.0604625
v 6.345 -12 1369.36
vn 0.111226 -0.972388 -0.205159
v 6.745 -11.8516 1369.8
vn 0.0558418 -0.960203 -0.273662
v 6.745 -11.9359 1370.2
vn 0.804605 -0.537903 0.251537
v 6.545 -12.3859 1372.8
vn 0.151008 -0.987144 -0.0523696
v 6.145 -7.87778 1346.6
vn 0.65586 -0.563064 0.502798
v 5.79031 -8 1348
vn 0.579205 -0.619055 0.530371
v 6.345 -7.60556 1347.6
vn -0.486168 -0.6149 -0.620918
v 6.77834 -7.8 1347.8
vn 0.264877 -0.943431 0.199442
v 6.77834 -7.8 1347.8
vn 0.433229 -0.850009 0.299663
v 5.345 -8.2 1349.25
vn 0.0223193 -0.909379 -0.415368
v 5.345 -8 1348.82
vn -0.116184 -0.91363 -0.389592
v 5.945 -7.87656 1348.4
vn 0.433489 -0.879397 0.196848
v 6.145 -7.98594 1348.6
vn -0.0438314 -0.992746 -0.111954
v 6.145 -7.81094 1349.2
vn -0.46798 -0.623852 -0.625942
v 5.745 -7.66719 1350.8
vn -0.14736 -0.980701 -0.128495
v 5.745 -7.66719 1350.8
vn -0.136286 -0.942432 -0.305367
v 5.945 -8.14844 1351.4
vn 0.480118 -0.730767 0.485248
v 5.945 -8.14844 1351.4
vn 0.272359 -0.962173 -0.00664443
v 5.945 -8.14844 1351.4
vn -0.204911 -0.924545 -0.321291
v 6.345 -8.02969 1350.6
vn -0.0613194 -0.97439 0.216343
v 6.745 -8.12439 1355
vn -0.00584032 -0.875713 -0.482797
v 6.745 -8.12439 1355
vn 0.169851 0.94716 0.2721
v 5.745 -8.44844 1366.8
vn -0.363931 0.878711 0.308903
v 5.745 -8.32031 1368.8
vn 0.199141 0.965268 0.169116
v 5.745 -8.17969 1368.4
vn -0.578609 0.712139 -0.39758
v 5.945 -8.23906 1368
vn 0.482222 0.7856 0.387678
v 5.945 -8.00156 1370.2
vn 0.603458 -0.646 0.467464
v 6.145 -7.54844 1344.4
vn -0.239879 -0.936034 -0.257483
v 6.345 -7.45156 1343.8
vn 0.196343 -0.936818 0.289519
v 6.345 -7.45156 1343.8
vn -0.338226 -0.888384 -0.310447
v 5.345 -7.14844 1346.2
vn -0.251879 -0.957059 -0.143509
v 5.745 -7.2 1345.59
vn -0.19316 -0.967302 -0.164367
v 5.945 -7.17031 1345.2
vn 0.313716 -0.664187 0.678556
v 5.745 -7.50469 1353.6
vn -0.148254 0.968692 0.199138
v 5.345 -7.10156 1360.8
vn -0.155369 0.986012 -0.0603356
v 6.345 -7.6 1363.94
vn 0.100627 0.972171 0.211562
v 6.345 -7.6 1363.94
vn -0.046404 -0.937555 -0.344729
v 5.345 -5.26719 1339.2
vn -0.0571287 -0.998334 0.0080895
v 5.945 0.260938 1293.4
vn 0.0589497 -0.99795 -0.0249273
v 5.945 0.260938 1293.4
vn -0.383402 -0.880538 -0.278668
v 5.545 0.204688 1319.2
vn -0.196039 -0.969245 -0.148771
v 5.945 -0.501562 1322
vn -0.107479 -0.994183 0.00696978
v 5.945 -0.501562 1322
vn -0.365253 -0.674314 -0.641788
v 5.945 -0.501562 1322
vn -0.136467 -0.98761 0.0774805
v 6.545 -0.826562 1322
vn -0.54606 -0.500359 -0.671908
v 6.82962 -0.6 1321.6
vn 0.218205 -0.914527 0.340626
v 6.345 -1.05156 1324.8
vn -0.361672 -0.897265 -0.253198
v 6.345 -1.05156 1324.8
vn -0.093369 -0.918174 -0.385018
v 6.745 1.06719 1298.2
vn 0.0241032 -0.999704 0.00344796
v 6.745 1.06719 1298.2
vn 0.620943 -0.770701 0.143003
v 6.745 1.06719 1298.2
vn 0.443472 -0.795467 0.412996
v 5.745 0.949125 1300.2
vn 0.542039 -0.745803 0.387262
v 5.945 0.645313 1299.4
vn -0.187948 -0.893812 -0.407156
v 5.945 0.645313 1299.4
vn -0.156557 -0.91771 -0.3651
v 6.145 0.876563 1298.8
vn 0.559514 -0.779487 0.281681
v 6.345 1.00469 1299.6
vn -0.00996332 -0.999049 0.0424534
v 5.345 0.954236 1300.6
vn 0.14062 -0.964925 0.221686
v 6.88042 1.4 1302.4
vn 0.164978 -0.982814 0.0828151
v 5.545 1.10156 1308.4
vn -0.0158918 -0.995081 -0.0977861
v 5.545 1.10156 1308.4
vn -0.436506 -0.855502 -0.278529
v 6.345 0.845313 1311.4
vn -0.62532 0.641185 -0.44481
v 6.9325 3.4 1315.8
vn 0.118727 0.992809 -0.0153241
v 5.345 3.51667 1318.2
vn 0.664061 0.674428 0.322753
v 6.745 2.91406 1322
vn 0.412245 0.82517 0.386198
v 6.13563 2.8 1323.2
vn -0.401076 0.892664 -0.205644
v 6.145 2.16094 1324.4
vn 0.326651 0.936379 0.128429
v 5.545 2.29844 1326.2
vn -0.605775 0.674127 -0.422598
v 6.78598 4 1293.8
vn -0.417951 0.880391 -0.22412
v 6.145 4.22787 1296.8
vn -0.372975 0.84353 -0.386453
v 6.745 4.15781 1297.2
vn 0.28475 0.945697 0.156764
v 6.145 4.71719 1299
vn 0.25044 0.945038 -0.210198
v 6.145 4.71719 1299
vn -0.38709 0.833884 -0.393445
v 6.145 4.71719 1299
vn 0.35803 0.879456 0.313644
v 5.545 4.74219 1308
vn -0.0644034 0.995554 -0.0687408
v 6.145 4.52969 1307.8
vn -0.2693 0.957342 -0.104753
v 6.145 4.42969 1308
vn -0.478194 0.805734 -0.349462
v 6.145 4.42969 1308
vn 0.226127 0.949548 0.217313
v 6.545 4.61719 1308
vn 0.00628789 0.993266 0.115689
v 6.545 4.61719 1308
vn 0.111195 0.888837 0.444527
v 6.745 4.55469 1307.6
vn -0.400144 0.853643 -0.333433
v 6.745 4.55469 1307.6
vn 0.464637 0.816755 0.342088
v 5.545 4.49219 1311
vn 0.00634719 -0.98325 0.182152
v 7.945 -11.7578 1367.2
vn -0.31515 -0.864352 -0.391888
v 8.145 -11.3641 1366.2
vn 0.0248749 -0.990085 0.138253
v 7.545 -11.9734 1368.8
vn -0.405193 -0.767278 -0.497095
v 7.545 -11.6047 1368
vn 0.588413 -0.532505 0.608448
v 7.945 -11.9266 1369
vn -0.0667536 -0.990336 0.121564
v 8.145 -12.0672 1368
vn 0.116714 -0.981254 0.153358
v 6.945 -11.9672 1369.2
vn -0.165495 -0.588424 -0.791434
v 7.145 -12.0484 1370.2
vn 0.445364 -0.895344 0.00320269
v 7.145 -12.0484 1370.2
vn -0.221242 -0.914678 -0.338254
v 7.145 -12.0484 1370.2
vn -0.390696 -0.754099 -0.527912
v 8.345 -9.45781 1358.8
vn -0.570596 -0.533403 -0.624421
v 7.745 -9.56094 1359.6
vn -0.109508 -0.923027 -0.368821
v 8.345 -10.2 1361.5
vn -0.684165 -0.194169 -0.703006
v 7.145 -10.6672 1362.8
vn -0.38072 -0.776075 -0.502753
v 7.145 -10.6672 1362.8
vn -0.752494 -0.396202 -0.526096
v 6.945 -7.85156 1345.4
vn 0.615611 -0.659941 0.430699
v 7.345 -7.89531 1346
vn -0.127179 -0.808935 0.573977
v 7.345 -7.89531 1346
vn 0.542323 -0.761483 0.355006
v 7.345 -7.61148 1346.4
vn 0.135132 -0.975155 0.175535
v 6.945 -7.66406 1349.4
vn -0.180534 -0.978987 -0.0948306
v 6.945 -7.66406 1349.4
vn -0.456557 -0.728973 -0.510052
v 7.145 -7.72031 1349.6
vn 0.0699029 -0.91669 0.393438
v 7.945 -7.84531 1348.8
vn -0.213305 -0.975082 -0.0609539
v 7.945 -7.84531 1348.8
vn -0.530839 -0.738648 -0.415464
v 7.945 -7.84531 1348.8
vn -0.142317 -0.988095 -0.058429
v 7.945 -7.84531 1348.8
vn 0 -0.985339 -0.170606
v 7.145 -7.87344 1351
vn 0.215162 -0.689741 0.691348
v 7.745 -7.78594 1352.4
vn -0.206111 -0.86012 -0.466596
v 7.145 -7.77031 1356.2
vn -0.185892 -0.895683 0.403976
v 7.145 -7.77031 1356.2
vn 0.00206064 -0.969156 0.24644
v 7.745 -7.93281 1356
vn 0.360159 -0.838185 0.40955
v 7.945 -8.89844 1357.8
vn -0.450206 -0.733347 -0.509428
v 7.945 -8.89844 1357.8
vn -0.0646694 -0.99243 -0.10441
v 7.945 -8.89844 1357.8
vn -0.331165 -0.761658 -0.556962
v 8.345 -8.72656 1357.8
vn 0.241401 -0.914188 0.325554
v 8.345 -8.72656 1357.8
vn -0.353114 -0.87205 -0.338879
v 7.945 -9.15156 1358.6
vn 0.046547 -0.992991 -0.108635
v 8.145 -9.12031 1358.4
vn -0.0668599 -0.785324 -0.615465
v 8.145 -8.96406 1358.2
vn -0.130706 -0.97796 -0.162817
v 6.945 -9.10156 1359.6
vn 0.692941 0.477901 0.539855
v 7.545 -8 1364.09
vn 0.690269 0.503629 0.519507
v 7.145 -8.6 1370.83
vn 0.0834548 -0.990753 0.10698
v 8.145 -6.24844 1337.8
vn -0.36599 -0.792535 -0.487791
v 6.945 -6.26406 1340
vn -0.286525 -0.805168 -0.519237
v 7.345 -6.14844 1339.6
vn 0.115085 -0.993083 0.0232742
v 7.345 -6.14844 1339.6
vn -0.713548 -0.564864 -0.414462
v 7.145 -6.8 1340.72
vn 0.32142 -0.874701 0.362748
v 7.745 -7.46719 1342.8
vn -0.262874 -0.960618 -0.0900523
v 7.545 -7.22969 1343.6
vn 0.460998 -0.812182 0.357549
v 6.945 -7.6 1347.06
vn 0.31163 -0.927995 0.204237
v 7.345 -7.52344 1346.8
vn -0.230081 -0.884697 -0.405431
v 7.345 -7.52344 1346.8
vn 0.0746354 -0.99013 0.118622
v 7.69685 -7.4 1352.8
vn 0 -1 0
v 8.17313 -7.4 1352.8
vn -0.13994 -0.903267 0.405618
v 8.17313 -7.4 1352.8
vn 0.135195 -0.853105 0.503918
v 6.945 -1.35781 1324
vn -0.469603 -0.788676 -0.396815
v 6.945 -1.35781 1324
vn -0.367441 -0.88628 -0.281948
v 7.145 -1.20469 1324.2
vn 0.237866 -0.817359 0.524732
v 7.745 -1.53906 1323.4
vn -0.467409 -0.815227 -0.341956
v 7.945 -1.33281 1323.6
vn -0.247696 -0.938492 0.240582
v 7.945 -1.33281 1323.6
vn 0.0486684 -0.986598 0.155741
v 7.38618 -1.6 1324.6
vn -0.187191 -0.982262 -0.0110313
v 7.945 -2.01719 1324.4
vn -0.185398 -0.982254 -0.0283767
v 7.545 -2.6 1327.31
vn 0.666859 0.61304 0.423651
v 7.145 -2.26406 1340.6
vn 0.263765 -0.944324 0.196676
v 7.145 -0.645312 1320
vn -0.086413 -0.995452 0.0400918
v 7.145 -0.645312 1320
vn -0.213887 -0.976804 0.010282
v 7.145 -0.645312 1320
vn -0.497262 -0.789628 -0.359469
v 7.145 -0.645312 1320
vn 0.238016 -0.846599 0.476045
v 8.345 -0.920312 1319.8
vn 0.0589497 -0.99795 -0.0249273
v 7.945 0.473999 1289.6
vn 0.604461 -0.550587 0.575744
v 7.345 1.07344 1301.6
vn 0.314657 0.915367 0.251184
v 7.945 4.48594 1298.4
vn -0.31454 0.929869 -0.190809
v 7.945 4.69219 1303.8
vn 0.457355 0.821325 0.340956
v 7.545 4.45781 1308.4
vn -0.601313 -0.662168 -0.447164
v 9.545 -11.5297 1365.2
vn 0.0908282 -0.968774 0.230711
v 9.745 -12.0547 1365.4
vn -0.242589 -0.924349 -0.294497
v 9.745 -11.6234 1364.4
vn -0.596955 -0.800356 -0.0554519
v 9.745 -11.6234 1364.4
vn -0.427651 -0.694726 -0.578334
v 9.745 -11.6234 1364.4
vn 0.325736 -0.865332 0.380917
v 9.145 -12.2766 1367.4
vn -0.127575 -0.983209 0.13048
v 9.145 -12.2766 1367.4
vn 0.456977 -0.785092 0.418093
v 9.745 -12.2828 1366.8
vn 0.137354 -0.943983 -0.300048
v 9.745 -12.2828 1366.8
vn 0.18266 -0.970254 0.158879
v 9.945 -11.5422 1367.4
vn -0.00695871 -0.977716 0.209819
v 9.145 -9.78281 1358.4
vn -0.680976 -0.0416998 -0.731118
v 9.545 -9.95645 1360.4
vn -0.552463 -0.682404 -0.478654
v 9.545 -9.95645 1360.4
vn 0.29634 -0.896597 0.329085
v 9.745 -10.4141 1361
vn -0.472715 -0.549063 -0.689254
v 9.745 -10.4141 1361
vn 0.014992 -0.992428 -0.12191
v 8.545 -10.5766 1361.6
vn -0.110839 -0.987939 -0.108123
v 8.545 -10.5766 1361.6
vn 0.295777 -0.888455 0.350947
v 8.545 -10.5766 1361.6
vn -0.483942 -0.693865 -0.533246
v 8.71334 -10.4 1361.2
vn 0.228435 -0.922197 0.312042
v 9.745 -7.85156 1340.2
vn -0.155161 -0.98498 0.0757588
v 8.91329 -8 1346.2
vn -0.171951 -0.900161 0.400178
v 8.91329 -8 1346.2
vn -0.0551206 -0.855396 0.515034
v 8.945 -7.78906 1352.2
vn -0.25481 -0.921494 -0.293123
v 9.145 -7.63281 1353
vn 0.347842 -0.932707 0.0952031
v 9.145 -7.63281 1353
vn 0.443467 -0.727741 0.523192
v 8.545 -8.04219 1354.2
vn -0.216546 -0.938015 -0.270622
v 8.745 -8.06406 1354
vn 0.520358 -0.853922 0.00667025
v 8.745 -7.92031 1354.2
vn -0.126212 -0.991973 0.00774861
v 8.745 -7.92031 1354.2
vn -0.211087 -0.940575 -0.266011
v 8.745 -7.91719 1354.6
vn -0.18375 -0.895694 -0.40493
v 8.945 -8.13906 1355
vn -0.20948 -0.965305 -0.155899
v 8.945 -8.13906 1355
vn -0.0371756 -0.977794 -0.206244
v 9.345 -8.6 1356.13
vn 0.183432 -0.981616 0.0527472
v 8.945 -1.26094 1319
vn -0.452047 -0.841598 -0.295576
v 8.945 -1.26094 1319
vn 0.441968 -0.680255 0.584737
v 8.945 -1.26094 1319
vn -0.514818 -0.799214 -0.310192
v 9.945 -1.43276 1320
vn -0.195721 -0.9799 0.0385886
v 9.945 -1.43276 1320
vn 0.0511118 -0.971817 0.230128
v 9.145 -1.69219 1322.4
vn -0.166939 -0.974678 0.148774
v 8.56881 -1.6 1323.2
vn 0.504793 -0.698143 0.50772
v 9.945 -2.10781 1323.2
vn -0.189514 -0.937213 -0.292772
v 9.945 -2.17031 1323.4
vn 0.503726 -0.717783 0.480675
v 8.745 -2.15781 1324.4
vn -0.111282 -0.993683 0.0144871
v 9.945 -0.364062 1312.2
vn 0.206574 -0.922278 0.326698
v 9.945 -0.364062 1312.2
vn -0.218175 -0.829496 -0.514136
v 9.945 -0.364062 1312.2
vn -0.539967 -0.745922 -0.389917
v 9.61615 -1.2 1317.8
vn -0.0401279 -0.996379 0.0749545
v 8.945 -1.02031 1319.4
vn -0.691995 -0.294452 -0.659121
v 8.60889 -1.2 1320
vn -0.589048 -0.674399 -0.445207
v 8.60889 -1.2 1320
vn 0.644728 -0.608008 0.463306
v 9.745 0.4 1293.5
vn 0.0667538 0.993194 -0.0954459
v 9.945 3.92344 1293.6
vn -0.0431105 0.920467 0.388435
v 9.745 4.11406 1295.4
vn -0.263872 0.938098 -0.224375
v 9.745 4.11406 1295.4
vn -0.274017 0.9205 -0.278558
v 8.945 4.37656 1295.6
vn 0.250559 0.968046 -0.0103719
v 9.945 4.54219 1297.6
vn -0.407428 0.766076 -0.497122
v 9.945 4.54219 1297.6
vn -0.440401 -0.590459 -0.676317
v 10.518 -12.2 1364.4
vn 0.0711431 -0.990128 0.120773
v 10.518 -12.2 1364.4
vn 0.508348 -0.749086 0.424798
v 10.945 -12 1365.67
vn 0.16145 -0.974119 0.158193
v 10.945 -12 1365.67
vn 0.572319 -0.732895 0.367853
v 11.345 -12.2 1364.8
vn 0.117243 -0.98656 -0.113809
v 10.145 -12.161 1366.6
vn -0.514648 -0.531799 -0.672553
v 11.1275 -10.6 1360.2
vn -0.0353641 -0.999374 -0.00131265
v 11.145 -10.3641 1360
vn 0.0821594 -0.862417 0.499486
v 10.145 -8.36094 1347.2
vn -0.404812 -0.850869 0.334888
v 10.345 -8.2 1347.37
vn -0.403942 -0.84752 0.344298
v 10.345 -8.10781 1347.6
vn -0.587542 -0.722197 -0.365002
v 10.345 -8.10781 1347.6
vn -0.632755 -0.684408 -0.362225
v 10.745 -8.37969 1347.4
vn -0.119148 -0.990834 -0.0636596
v 10.745 -8.37969 1347.4
vn -0.588418 -0.731671 -0.344124
v 10.745 -8.37969 1347.4
vn -0.337352 -0.940958 0.0281337
v 10.745 -8.37969 1347.4
vn -0.20423 -0.78401 0.586189
v 10.745 -8.37969 1347.4
vn -0.0108487 -0.993262 0.115382
v 10.145 -8.26833 1354
vn 0.220997 -0.791872 0.569298
v 10.145 -8.10469 1353.4
vn -0.414623 -0.806975 -0.420571
v 10.945 -8.51719 1354.6
vn -0.107059 -0.992907 -0.0517114
v 11.145 -8.8 1354.59
vn -0.489298 -0.746495 -0.450924
v 11.545 -8.6 1354.17
vn -0.743029 -0.215463 -0.633627
v 11.545 -8.6 1354.17
vn 0.0143347 -0.999428 0.0306438
v 11.545 -8.37656 1353.2
vn -0.0638271 -0.996185 -0.0595147
v 10.945 -8.8 1355.01
vn -0.198053 0.977294 -0.075303
v 10.145 -7.97344 1362.4
vn -0.484816 0.814475 -0.318722
v 10.145 -7.97344 1362.4
vn 0.422707 0.834965 0.352353
v 10.345 -7.92344 1362.8
vn 0.706506 0.520494 0.479516
v 11.2247 -8.8 1365.2
vn 0.278265 0.871487 0.403829
v 10.345 -5.63281 1355.8
vn -0.282314 -0.951948 -0.118714
v 10.545 -3 1323.39
vn 0.145894 -0.986374 0.0760374
v 10.545 -3.66406 1326
vn -0.0308466 -0.987067 0.157313
v 10.745 -2.29219 1322.2
vn -0.379021 -0.884532 -0.271931
v 10.745 -2.29219 1322.2
vn -0.696889 -0.438036 -0.567864
v 10.8531 -2.4 1322.4
vn 0.058508 -0.979099 0.194789
v 11.145 -2.30806 1322
vn -0.219855 -0.903427 -0.368081
v 11.145 -2.30806 1322
vn -0.478554 -0.873262 -0.0916463
v 11.145 -2.30806 1322
vn -0.0311538 -0.996898 -0.0722731
v 10.145 -2.11406 1323.2
vn -0.524946 -0.834735 -0.166281
v 10.145 -2.11406 1323.2
vn 0.475446 0.853625 0.21278
v 10.7879 -2 1332.8
vn 0.360033 -0.888069 0.285849
v 10.945 -0.423437 1311.4
vn 0.385956 -0.881884 0.270774
v 11.345 -0.264062 1311.2
vn -0.218175 -0.829496 -0.514136
v 11.145 -0.307812 1311.6
vn -0.39452 -0.84972 -0.349757
v 11.145 -0.307812 1311.6
vn -0.252396 -0.959603 0.124335
v 11.145 -0.307812 1311.6
vn -0.579238 -0.703704 -0.411442
v 10.145 -1 1316.78
vn 0.422031 0.855573 0.299809
v 10.545 3.71406 1292.6
vn -0.26979 0.921776 -0.278466
v 10.545 3.71406 1292.6
vn -0.132581 0.970807 -0.199888
v 11.145 4.26406 1295.2
vn 0.439008 0.800138 0.408719
v 11.345 4.19531 1295.2
vn 0.395321 -0.91446 -0.0865059
v 11.745 -9.28596 1356
vn 0.233114 -0.967915 0.0937975
v 11.945 -9.27656 1355.6
vn 1 0 0
v 11.945 -9.27656 1355.6
vn -0.892562 -0.446954 0.0597077
v 11.945 -9.27656 1355.6
vn -0.352903 -0.88019 -0.317371
v 11.945 -9.27656 1355.6
vn 0.168271 -0.601425 0.781007
v 12.0336 -9.4 1356
vn -0.892562 -0.446954 0.0597077
v 12.0336 -9.4 1356
vn -0.905797 0.366946 0.211855
v 12.0336 -9.4 1356
vn -0.944931 -0.130371 -0.30018
v 12.0336 -9.4 1356
vn 0.0829949 0.755766 -0.649562
v 12.0336 -9.4 1356
vn 1 0 0
v 11.945 -9.21842 1356.2
vn -0.944931 -0.130371 -0.30018
v 11.945 -9.21842 1356.2
vn 0.0776828 0.707392 -0.70254
v 11.945 -9.21842 1356.2
vn -0.120973 -0.8186 -0.56148
v 11.945 -9.21842 1356.2
vn 0.343825 -0.0855695 0.935127
v 11.945 -9.21842 1356.2
vn 0.124515 -0.3462 -0.929861
v 11.945 -9.21842 1356.2
vn 0.0776828 0.707392 -0.70254
v 12.145 -9.24038 1356.2
vn 0.160757 0.97674 0.141902
v 12.145 -9.24038 1356.2
vn 0.456583 -0.388867 0.800196
v 12.345 -9.23269 1356
vn 0 0 1
v 12.345 -9.23269 1356
vn 0 0 1
v 12.545 -9.25192 1356
vn -0.9381 -0.0067758 0.346299
v 12.545 -9.25192 1356
vn 0.157486 -0.967074 0.199913
v 11.745 -9.61094 1357
vn -0.284463 -0.862649 -0.418232
v 11.745 -9.61094 1357
vn 0.533145 -0.804604 -0.261474
v 11.745 -9.61094 1357
vn -0.944931 -0.130371 -0.30018
v 11.745 -9.61094 1357
vn -0.544096 -0.631143 -0.552828
v 12.945 -10.6 1357.3
vn -0.308884 -0.944881 -0.108581
v 12.945 -10.5766 1357.8
vn -0.69658 0.0123483 -0.717373
v 13.0387 -10.4 1357
vn -0.290017 -0.955136 -0.0600414
v 12.545 -10.4484 1358.6
vn -0.57369 -0.57516 -0.583155
v 11.7835 -10.8 1359.8
vn -0.614278 -0.782234 -0.103791
v 11.745 -8.91719 1342.4
vn -0.792046 -0.57294 -0.210719
v 11.745 -8.91719 1342.4
vn 0.148381 -0.963592 0.222425
v 12.345 -8.29844 1352.8
vn -0.0223899 -0.996565 0.0797341
v 13.145 -8.92031 1352.4
vn -0.547012 -0.756675 -0.35808
v 13.145 -8.92031 1352.4
vn -0.411534 -0.769424 -0.488493
v 11.745 -8.85469 1354.4
vn 0.206533 -0.958764 0.195232
v 11.745 -8.85469 1354.4
vn 0.168271 -0.601425 0.781007
v 11.945 -9.2 1356.17
vn -0.892562 -0.446954 0.0597077
v 11.945 -9.2 1356.17
vn -0.120973 -0.8186 -0.56148
v 11.945 -9.2 1356.17
vn -0.905797 0.366946 0.211855
v 12.145 -9.2 1356.13
vn 0.422815 0.784807 0.453107
v 12.145 -9.2 1356.13
vn -0.120973 -0.8186 -0.56148
v 12.145 -9.2 1356.13
vn 0.402799 -0.225278 0.887132
v 12.145 -9.2 1356.13
vn 0 0 1
v 12.5432 -9 1356
vn -0.942528 -0.0212879 0.333449
v 12.5432 -9 1356
vn -0.942528 -0.0212879 0.333449
v 12.6184 -9.2 1356.2
vn -0.684053 -0.254511 -0.683591
v 12.6184 -9.2 1356.2
vn -0.124367 0.974817 -0.185107
v 12.545 -9.2 1356.27
vn 0.124515 -0.3462 -0.929861
v 12.545 -9.2 1356.27
vn -0.684053 -0.254511 -0.683591
v 12.545 -9.2 1356.27
vn 0.124515 -0.3462 -0.929861
v 12.545 -8.6 1356.05
vn -0.946583 -0.0357916 0.320468
v 12.545 -8.6 1356.05
vn -0.684053 -0.254511 -0.683591
v 12.545 -8.6 1356.05
vn 0.610541 0.64936 0.4534
v 11.945 -8.67031 1363.6
vn -0.241207 0.970473 -0.000704951
v 12.745 -7.32969 1359
vn 0.0787096 0.834726 -0.545011
v 11.745 -5.09531 1350.2
vn 0.127385 0.981398 0.143635
v 12.745 -5.92969 1354.2
vn -0.575805 -0.717757 -0.391501
v 11.745 -1.57969 1315.4
vn -0.173125 -0.984888 0.00480898
v 11.745 -2.70469 1320.4
vn 0.392583 -0.820348 0.415821
v 11.745 -2.70469 1320.4
vn -0.381113 -0.916417 -0.122197
v 11.745 -2.51094 1320.8
vn -0.381113 -0.916417 -0.122197
v 11.8309 -2.6 1321.2
vn -0.567222 -0.728977 -0.383212
v 11.8309 -2.6 1321.2
vn -0.769788 -0.327257 -0.548023
v 11.8309 -2.6 1321.2
vn 0.201927 -0.957284 0.206959
v 12.945 -0.320312 1309.6
vn -0.119871 -0.985097 0.12335
v 12.545 -0.779687 1310.8
vn -0.522772 -0.715273 -0.463782
v 12.945 -0.839062 1310.4
vn -0.0960344 -0.986732 0.130909
v 12.945 -0.8 1310.85
vn -0.10355 -0.9945 0.0157145
v 12.345 -0.623437 1311.6
vn -0.594005 -0.722518 -0.353731
v 12.345 -0.623437 1311.6
vn -0.1361 -0.976119 0.169317
v 12.345 -0.623437 1311.6
vn -0.227555 -0.966107 -0.121887
v 11.945 0.854688 1291
vn 0.170645 -0.974459 0.14598
v 11.945 0.854688 1291
vn 0.269613 0.954524 0.127251
v 12.4739 4.2 1295
vn 0.817358 -0.0547012 0.573527
v 13.345 -11.2391 1363.6
vn -0.636457 -0.728328 -0.253892
v 13.945 -10.2828 1342.8
vn -0.688235 -0.700658 -0.18818
v 13.945 -9.54219 1344.4
vn 0.322343 -0.63772 0.699577
v 14.4753 -9.8 1346.8
vn -0.20423 -0.78401 0.586189
v 14.4753 -9.8 1346.8
vn -0.579437 -0.605833 -0.545178
v 13.345 -10.8 1358.14
vn 0.461517 -0.551817 0.694622
v 13.945 -8.8 1347.95
vn -0.20423 -0.78401 0.586189
v 13.945 -8.8 1347.95
vn -0.455513 -0.875249 -0.162627
v 13.545 -8.74844 1352.8
vn -0.176668 -0.983214 0.0455846
v 13.745 -8.97656 1351.8
vn -0.779307 -0.498398 -0.379841
v 14.545 -6.6 1325.96
vn -0.0160566 -0.985955 0.16624
v 14.545 -6.6 1325.96
vn -0.536039 -0.844185 0.00366471
v 14.345 -6.4 1326.3
vn 0.0681593 -0.973649 0.217628
v 14.545 -6.52656 1326.4
vn -0.768226 -0.399344 -0.500353
v 14.545 -6.6 1327.06
vn -0.769788 -0.327257 -0.548023
v 14.745 -3.2 1317.46
vn 0.186826 -0.968989 0.161726
v 14.345 -3.93281 1320
vn -0.278088 -0.948028 -0.154627
v 14.745 -2.36406 1313
vn -0.700703 -0.585801 -0.407249
v 13.945 -2 1313.85
vn -0.278988 -0.948309 -0.151246
v 13.745 -2.74844 1318.6
vn -0.769788 -0.327257 -0.548023
v 13.745 -2.74844 1318.6
vn -0.40049 -0.916227 0.0116684
v 13.745 -2.74844 1318.6
vn 0.240145 -0.94815 0.208187
v 13.945 -0.445312 1307.8
vn -0.639352 -0.684939 -0.349409
v 13.745 -1.11406 1310
vn -0.286429 -0.95447 0.083336
v 13.745 -1.11406 1310
vn -0.811089 0.265913 -0.520985
v 13.745 2.6 1280.54
vn 0.716986 0.281018 0.637933
v 13.745 4.45781 1292.6
vn 0.474018 0.807936 0.350066
v 13.745 4.45781 1292.6
vn -0.311252 -0.927422 0.207391
v 15.545 -10.8828 1342.8
vn -0.339258 -0.939259 -0.0519184
v 15.745 -10.6922 1339.8
vn 0.32188 -0.639056 0.698571
v 15.345 -10.2365 1346
vn 0.721176 -0.420495 0.550535
v 15.345 -10.2365 1346
vn 0.0368674 -0.965351 0.258336
v 15.545 -10.2672 1345.6
vn 0.234168 -0.942468 0.238579
v 15.745 -10.5391 1355.2
vn -0.115293 -0.993332 -9.63556e-006
v 15.745 -10.5391 1355.2
vn 0.698343 -0.018747 0.715517
v 15.745 -10.2 1360.94
vn 0.649213 -0.105673 0.75323
v 16.145 -10.1345 1360.6
vn 0.696388 0.313646 0.6455
v 16.145 -10.1345 1360.6
vn 0.0681593 -0.973649 0.217628
v 15.945 -6.92031 1324.2
vn 0.589856 0.65703 0.469448
v 15.745 0.448438 1314.8
vn -0.584172 -0.759568 -0.286005
v 16.545 -11.0984 1339.2
vn -0.18815 -0.981085 0.0455279
v 16.945 -11.6 1340.58
vn -0.0218181 -0.99931 -0.03007
v 17.5379 -11 1356.6
vn 0.638212 -0.681022 0.359018
v 17.5379 -11 1356.6
vn 0.146313 -0.978572 0.144875
v 17.145 -9.4 1330.18
vn -0.152991 -0.954291 0.256754
v 17.145 -10.4 1344.45
vn 0.178108 -0.773785 0.607893
v 17.145 -9.95156 1346.2
vn 0.337928 -0.905819 0.255531
v 16.545 -10.8 1358.62
vn 0.819927 0.087871 0.565683
v 16.945 -9.8 1359.57
vn 0.898044 -0.334909 0.285223
v 17.2528 -9.6 1359
vn 0.773973 0.54711 0.318806
v 17.345 -9.57805 1358.6
vn 0.151701 -0.95172 0.266864
v 17.545 -7.05781 1322.8
vn -0.294606 -0.949795 -0.105345
v 17.545 -7.05781 1322.8
vn -0.115703 0.952411 -0.282005
v 17.345 -7.05469 1353.6
vn 0.136779 -0.990192 0.0284775
v 17.8474 -5.4 1317.6
vn -0.0750077 -0.996574 -0.034836
v 16.945 -2.43585 1311
vn -0.618244 -0.694485 -0.368056
v 16.945 0.054688 1300.2
vn -0.139219 -0.99019 0.0119365
v 16.545 -1.06167 1305.4
vn -0.139219 -0.99019 0.0119365
v 17.145 -1.14844 1305.2
vn -0.536336 0.779147 -0.324459
v 17.6122 2 1274.2
vn 0.181243 0.982354 0.0461677
v 17.945 3.98594 1289.6
vn 0.250451 -0.926892 0.279547
v 18.945 -11.6266 1336
vn -0.0714635 -0.995362 -0.0643955
v 18.945 -11.6266 1336
vn 0.637518 -0.474241 0.607179
v 18.545 -11.9109 1342
vn 0.218406 -0.787318 0.576567
v 18.545 -11.2 1344.21
vn 0.54632 -0.628697 0.553421
v 19.345 -11.3016 1352.4
vn -0.333385 -0.882644 -0.331351
v 18.3075 -9.4 1329.2
vn 0.173407 0.984363 0.0309913
v 19.345 -7.71094 1337.2
vn 0.86988 0.0433038 0.491359
v 18.3216 -9.2 1356.4
vn -0.0541726 0.994213 -0.0927624
v 19.345 -4.49219 1322.8
vn 0.47537 0.729005 0.492519
v 19.345 -4.49219 1322.8
vn 0.0111093 -0.996719 -0.080172
v 18.145 -1.98594 1305.6
vn 0.516701 -0.836828 0.180942
v 18.545 -2.56719 1308
vn -0.0133916 -0.99991 0
v 18.745 -2.42656 1308
vn -0.565109 -0.652315 -0.505111
v 18.745 -2.42656 1308.2
vn -0.0133916 -0.99991 0
v 18.745 -2.42656 1308.2
vn 0.359991 -0.897584 0.254458
v 18.345 -2.56406 1308.4
vn -0.590913 -0.742201 -0.316164
v 18.345 -2.47031 1308.8
vn -0.525816 -0.716783 -0.457973
v 18.545 -2.48594 1308.4
vn -0.362515 0.894411 -0.261938
v 19.345 2.20469 1271.2
vn 0.406949 -0.86071 0.305894
v 21.145 -11.6 1333.15
vn 0.0757267 -0.996024 0.0469132
v 20.945 -11.5859 1334.4
vn -0.497932 -0.856038 -0.138791
v 20.3724 -11.8 1340.8
vn 0.653324 -0.657244 0.375763
v 20.545 -11.1391 1351.4
vn 0.80684 0.0236311 0.590298
v 21.145 -11.8 1350.06
vn 0.0188761 -0.966299 0.256729
v 21.145 -11.8 1350.06
vn 0.54632 -0.628697 0.553421
v 21.145 -11.8 1350.06
vn 0.181852 0.980126 -0.0792676
v 21.145 -9.02031 1348.8
vn 0.67825 0.71086 0.186158
v 20.345 -8.74844 1350.4
vn -0.133037 0.974224 -0.182178
v 21.145 -7.01094 1328.4
vn 0.643698 0.557391 0.524373
v 19.945 -3.6 1319.69
vn 0.659245 -0.55258 0.509952
v 20.945 -0.460937 1273.8
vn 0.112935 0.993093 0.0318112
v 20.545 0.970313 1304
vn 0.193323 0.977426 0.0852382
v 19.945 0.714063 1305.6
vn 0.558223 0.645406 0.521381
v 20.145 3.65469 1285.6
vn 0.152773 -0.987682 0.0338436
v 22.745 -12.5047 1335
vn 0.525126 -0.712049 0.466079
v 22.145 -12.5081 1337
vn 0.52197 -0.714097 0.46649
v 21.545 -12.6 1337.52
vn 0.199977 -0.978062 0.0583418
v 21.545 -12.6 1337.52
vn -0.254243 -0.950679 -0.177681
v 22.345 -12.2297 1337.2
vn 0.0462332 -0.991841 0.118801
v 21.745 -12.2766 1347.8
vn 0.043922 -0.969586 0.240776
v 21.545 -12 1349.42
vn 0.717521 0.262228 0.645291
v 21.545 -11.8 1349.63
vn 0.860078 0.0573098 0.506933
v 22.0568 -12 1349
vn 0.807197 0.244965 0.537053
v 21.945 -12 1349.26
vn 0.193935 -0.968371 0.156991
v 21.945 -12 1349.26
vn 0.858258 -0.122514 0.498381
v 22.1528 -10 1350.4
vn 0.446921 0.744889 0.49538
v 21.945 -8.32031 1332.6
vn 0.450503 0.829421 0.330314
v 22.745 -8.10156 1333.2
vn 0.348031 0.936891 -0.033309
v 21.545 -8.89219 1345.8
vn 0.0313981 0.987353 -0.155399
v 22.145 -8.81094 1346
vn -0.40967 -0.849562 -0.332288
v 21.345 -1.8 1300.14
vn 0.544246 -0.774035 0.323521
v 21.545 -2.46406 1303.2
vn -0.0133916 -0.99991 0
v 21.545 -2.46406 1303.2
vn -0.676955 -0.570955 -0.464481
v 21.345 -0.6 1295.89
vn -0.30724 0.934624 -0.179114
v 21.745 2.2 1267.56
vn 0.317311 -0.9448 0.0816505
v 23.945 -11.2141 1328
vn 0.589585 -0.775409 0.226121
v 24.345 -11.5109 1330.6
vn 0.116676 -0.992399 -0.0391307
v 24.345 -11.5109 1330.6
vn 0.557792 -0.79481 0.23905
v 24.345 -11.5109 1330.6
vn 0.589585 -0.775409 0.226121
v 23.745 -11.6172 1331.8
vn -0.057879 -0.984379 -0.166275
v 23.745 -11.6172 1331.8
vn 0.589585 -0.775409 0.226121
v 23.145 -11.8984 1332.4
vn 0.533263 -0.711644 0.457377
v 24.345 -12.2734 1334.8
vn -0.131466 -0.980202 -0.148059
v 24.345 -12.2734 1334.8
vn -0.62141 -0.584579 -0.521649
v 23.945 -12.3234 1343.4
vn -0.509257 -0.711247 -0.484547
v 23.545 -12.3391 1346
vn 0.799623 0.182769 0.572013
v 23.545 -12.2 1347.09
vn 0.248486 0.963412 0.100464
v 23.145 -9.40156 1345.6
vn 0.193613 0.976706 0.0925152
v 23.145 -9.37344 1347.4
vn 0.744275 0.46645 0.477994
v 23.6747 -10.2 1347.6
vn 0.646145 0.538032 0.541312
v 23.545 -9.43455 1347.2
vn 0.287825 0.944397 0.15897
v 23.345 -9.08281 1343.8
vn 0.146952 0.940887 0.305182
v 23.4161 -7 1326.8
vn -0.255178 0.951665 -0.170934
v 23.745 -7.10469 1326
vn -0.361392 -0.901438 -0.238337
v 24.145 -2.26094 1298.8
vn 0.408351 -0.849996 0.332802
v 22.945 0.170313 1280.2
vn 0.0965083 0.988437 0.116956
v 24.145 2 1295.41
vn 0.605005 -0.790835 0.092454
v 25.945 -12.6 1339.11
vn 0.605005 -0.790835 0.092454
v 25.545 -12.5453 1342.2
vn 0.171142 -0.980661 -0.0949445
v 25.945 -11.6 1329.1
vn 0.532283 -0.821953 0.202653
v 24.945 -11.5109 1329.2
vn 0.81113 -0.0442981 0.583185
v 25.8037 -12.2 1343.8
vn 0.501248 0.759185 0.415196
v 25.145 -9.43281 1342.6
vn 0.719346 0.545918 0.429552
v 24.945 -9.53906 1345
vn 0.59374 0.444933 0.670453
v 25.145 -6.11094 1321.8
vn 0.488602 0.750543 0.444919
v 25.745 -1.92656 1307.4
vn 0.371286 0.867047 0.332228
v 25.9835 -2 1308.4
vn 0.751208 -0.36056 0.552886
v 25.345 -0.379687 1268.2
vn 0.331072 -0.93577 0.121348
v 24.945 0.065958 1269.2
vn 0.484781 0.711293 0.508968
v 24.945 0.110938 1301.6
vn -0.374342 0.869486 -0.322275
v 25.745 -0.560937 1302
vn -0.601586 0.6803 -0.418672
v 24.745 4 1269.67
vn 0.585232 -0.804101 0.104526
v 26.745 -11.3734 1328.2
vn -0.0215245 -0.992317 -0.121835
v 27.345 -12.2672 1332.8
vn 0.605005 -0.790835 0.092454
v 27.345 -12.2672 1332.8
vn 0.735859 0.366891 0.569125
v 26.7497 -12 1342.6
vn 0.787648 -0.167275 0.592984
v 26.7497 -12 1342.6
vn 0.438484 -0.89075 0.11957
v 27.545 -10.7422 1325.2
vn -0.521386 -0.763076 -0.381931
v 27.545 -10.7422 1325.2
vn -0.0496542 0.99625 0.0708493
v 26.345 -9.27344 1341.2
vn 0.617653 -0.719875 0.316679
v 26.745 -10.8 1341.84
vn 0.884029 0.112272 0.453748
v 27.6434 -10.4 1341
vn 0.0148643 0.995758 0.0908056
v 26.345 -9.05156 1339.8
vn -0.297937 -0.895792 -0.329833
v 26.745 -4.53906 1304.8
vn -0.336542 0.911821 -0.235204
v 26.345 2.52031 1261.4
vn -0.592359 0.615807 -0.519512
v 26.345 2.52031 1261.4
vn -0.720463 0.392638 -0.571637
v 27.545 2.8 1261.06
vn 0.45443 0.721734 0.522105
v 26.545 2.07656 1293
vn 0.845749 0.21448 0.488576
v 27.8752 -9.8 1340.4
vn -0.0853145 -0.972741 -0.215628
v 28.945 -4.2 1302.09
vn 0.216515 0.914576 0.341574
v 28.745 -1.37344 1303.2
vn 0.32799 0.891666 0.312018
v 28.3013 -1.8 1305.4
vn 0.28753 -0.944414 0.159403
v 28.145 0.6 1264.76
vn -0.320339 -0.843196 -0.431744
v 28.345 1.07656 1279.6
vn 0.462533 0.717621 0.520657
v 28.745 0.573438 1297.4
vn 0.830405 0.0560247 0.554337
v 29.345 -11.8 1338.58
vn 0.448115 0.760576 0.469805
v 30.745 -9.4 1336.3
vn 0.469943 0.730456 0.495568
v 30.345 -8.46719 1335.4
vn -0.465755 0.85792 -0.216901
v 29.945 -7.34219 1328.2
vn -0.342409 0.937018 0.0689356
v 29.545 -5.69844 1318
vn -0.00942504 -0.98022 -0.197688
v 30.145 -3.82344 1300
vn 0.343974 -0.92492 0.16188
v 30.145 -0.026562 1258
vn -0.0818801 -0.988559 -0.126674
v 30.545 0.017188 1257.4
vn 0.447099 -0.88449 0.133342
v 30.545 0.017188 1257.4
vn 0.336129 -0.932401 0.132838
v 30.745 0.070313 1257.2
vn -0.626 0.56753 -0.534821
v 30.145 2.2 1256.69
vn 0.0692305 0.96481 0.253672
v 30.345 4.94219 1278.4
vn -0.354247 -0.722354 -0.593898
v 31.145 0.254688 1256.6
vn -0.359231 -0.86453 -0.351485
v 31.345 0.282813 1256.8
vn -0.17924 -0.872883 -0.453815
v 31.545 0.342188 1256.4
vn -0.643592 -0.530887 -0.551316
v 31.945 0 1256.88
vn -0.0709509 0.987878 0.138072
v 32.145 0.964063 1294.4
vn -0.386598 0.884641 -0.260676
v 30.945 2.98281 1257
vn 0.0851786 0.963284 0.254613
v 31.145 5.40469 1263.4
vn 0.231918 0.860972 0.452704
v 33.345 -8 1332.41
vn -0.136711 0.924787 0.355076
v 32.545 -6.22344 1327
vn -0.575453 0.817823 -0.0044236
v 32.745 -6.92969 1328.4
vn -0.501702 0.856054 0.124363
v 32.945 -6.57656 1327.8
vn -0.508308 0.85219 -0.124078
v 33.145 -6.40312 1328.6
vn -0.136188 0.968268 0.209545
v 33.145 -6.40312 1328.6
vn -0.0718741 0.863722 0.498817
v 33.545 -5.40781 1324.6
vn -0.255368 0.91581 -0.309965
v 33.545 -2.83906 1307.2
vn -0.488894 0.867453 -0.0922433
v 33.545 -4.37031 1314.6
vn -0.285323 0.958171 -0.0223365
v 33.145 -2.67031 1306.8
vn -0.264414 0.964409 0.000369021
v 33.145 -2.65469 1307.2
vn 0.474221 0.879735 0.0343626
v 33.145 -2.67031 1307.6
vn 0.0211522 0.902487 -0.430197
v 33.145 -2.67031 1307.6
vn -0.0148671 0.916222 -0.400394
v 33.345 -2.77031 1307.4
vn -0.549887 -0.694661 -0.463756
v 33.345 -0.098437 1255.4
vn 0.224351 -0.970023 0.0933913
v 33.345 -0.098437 1255.4
vn 0.264769 0.836327 0.480057
v 32.945 -0.335937 1298.4
vn -0.537829 -0.678684 -0.500128
v 33.545 0.8 1253.97
vn -0.310011 -0.850345 -0.425214
v 32.745 1.56094 1275.4
vn -0.546062 0.714118 -0.43801
v 32.545 3.16094 1254.8
vn -0.24071 0.968733 -0.0601309
v 32.545 3.16094 1254.8
vn 0.73365 -0.633553 0.245698
v 34.145 -9.8 1331.53
vn -0.475772 0.875842 -0.0808782
v 34.345 -5.92031 1327
vn -0.389504 0.918417 0.0692542
v 34.345 -5.92031 1327
vn 0.566601 -0.762429 0.312514
v 34.545 -3.52031 1296.4
vn -0.0727256 0.904285 0.42069
v 35.145 -4.39219 1323.2
vn -0.657173 -0.21234 -0.723212
v 35.145 2.8 1251.67
vn 0.150509 -0.941383 -0.301901
v 36.745 -8.32344 1326.2
vn 0.82081 0.0868029 0.564567
v 36.7872 -8 1327.2
vn 0.672891 0.363664 0.644179
v 36.9662 -5.8 1327.2
vn 0.412069 -0.909377 0.0568575
v 36.345 -2.86719 1294.2
vn -0.175435 -0.932947 -0.314376
v 36.945 0.370313 1252
vn -0.151314 0.972178 0.178815
v 36.945 0.673438 1295
vn -0.319141 -0.843086 -0.432846
v 36.145 2.73281 1270.6
vn 0.0716418 0.914644 0.39786
v 36.145 2.33594 1289.6
vn -0.295836 0.954463 -0.0384937
v 37.145 6.98906 1264.4
vn -0.144374 0.970603 0.192577
v 36.3266 7.2 1265.8
vn 0.681296 -0.704692 0.198101
v 38.545 -7.34531 1321.8
vn 0.210115 0.815637 0.539062
v 37.745 -4.12031 1324.2
vn -0.255282 0.961996 -0.0969267
v 38.545 4.27656 1249.4
vn 0.136015 0.932668 0.334112
v 38.345 6.77031 1274.2
vn 0.323871 0.715302 0.619233
v 38.345 7.34844 1271.2
vn 0.759413 -0.55389 0.34132
v 39.8758 -6.6 1322.6
vn 0.300378 0.770521 0.562201
v 39.5854 -4.4 1323.6
vn -0.134534 0.947151 0.291214
v 39.9924 -2 1314.2
vn -0.660504 -0.198312 -0.72416
v 39.145 3.4 1248.04
vn -0.434042 0.882537 -0.180932
v 39.545 2.48281 1288.4
vn -0.406172 0.906147 -0.117993
v 39.745 7.67969 1268.6
vn 0.164096 0.871381 0.462351
v 39.745 7.21094 1272.4
vn -0.539795 0.828011 -0.151719
v 41.945 -1.58594 1313.2
vn -0.132386 0.96406 0.230352
v 40.745 -1.72969 1316.2
vn -0.620352 0.671792 -0.404795
v 41.545 -1.82031 1317.6
vn -0.259747 0.92951 0.261807
v 41.545 -1.83281 1319.4
vn -0.648063 0.689225 -0.324011
v 41.545 -1.83281 1319.4
vn 0.255734 0.749217 0.610961
v 40.945 -2.2 1320.11
vn -0.474585 0.826099 -0.303857
v 41.345 3.18594 1287.2
vn -0.350968 0.935741 -0.0347786
v 40.945 2.57031 1289.8
vn -0.219451 0.97161 0.0884021
v 41.545 7.51719 1271.4
vn 0.773808 -0.376434 0.509429
v 43.7222 -4.8 1318.6
vn -0.168338 0.969534 0.177952
v 42.145 -1.23906 1312
vn -0.107251 0.964926 0.239613
v 42.5966 -1.4 1318.2
vn -0.124573 0.952376 0.278318
v 43.345 -0.717187 1311.2
vn -0.558476 0.828851 -0.0333355
v 43.545 -0.892187 1311.6
vn -0.709101 0.184946 -0.680419
v 43.545 3.2 1243.88
vn -0.609955 0.649224 -0.454382
v 43.345 8.75469 1258.6
vn 0.112135 0.943126 0.312952
v 43.345 8.75469 1258.6
vn 0.531728 0.43314 0.727774
v 45.2064 -2.2 1318
vn -0.548278 0.787623 -0.281142
v 44.745 -0.914062 1314.2
vn -0.63747 0.66509 -0.388956
v 44.145 -0.851562 1316.6
vn -0.0420112 -0.955627 -0.291569
v 45.3397 2.4 1276.2
vn 0.281222 -0.958753 -0.0413237
v 43.745 4.15156 1268
vn -0.296618 -0.869135 -0.395755
v 43.745 4.15156 1268
vn 0.168246 -0.978088 -0.12263
v 44.145 3.8 1268.34
vn -0.0194526 0.947479 0.319225
v 44.945 3.8 1286.8
vn -0.435522 0.840203 -0.323078
v 44.945 7.64531 1251.4
vn -0.501324 0.691488 -0.520114
v 44.7854 8.8 1261.6
vn 0.157565 0.922206 0.353141
v 45.145 8.49844 1270.4
vn -0.172828 0.945428 -0.276218
v 45.145 8.49844 1270.4
vn 0.720686 -0.33777 0.605412
v 46.7266 -3.6 1315.2
vn -0.556277 0.758417 -0.339646
v 45.6376 -0.2 1308.6
vn -0.593875 0.696074 -0.403477
v 46.345 -0.285937 1312.6
vn -0.0323202 -0.952481 -0.30288
v 46.345 0.439063 1286.6
vn -0.611988 0.675528 -0.411257
v 46.145 1.56094 1297.2
vn -0.155763 0.986982 0.0400484
v 45.945 5.52344 1279.4
vn 0.279119 0.780223 0.559772
v 46.345 5.62344 1279
vn -0.214572 0.971035 -0.105121
v 46.345 7.14219 1274
vn -0.0155337 0.970109 0.242171
v 46.545 7.22969 1274.4
vn 0.327979 0.629454 0.704428
v 45.545 8.72656 1266.2
vn -0.210514 -0.886304 -0.412491
v 47.345 -3.15781 1300.6
vn 0.23241 0.781433 0.579092
v 48.145 -0.6 1315.06
vn -0.0691363 -0.987281 -0.143165
v 48.345 2.2 1240.95
vn 0.304568 -0.950073 0.0678268
v 46.945 4.57656 1264.8
vn 0.209734 0.847477 0.487641
v 48.145 9.24219 1258.8
vn -0.378507 0.880634 -0.284986
v 48.2111 9.4 1259.2
vn -0.113289 0.99099 0.0714385
v 48.5365 9.8 1259.2
vn 0.474641 -0.827201 0.300757
v 49.945 -1.69844 1295.2
vn -0.0387725 -0.992456 -0.116308
v 49.545 2.55781 1242.6
vn -0.0463432 -0.963433 -0.263912
v 49.345 2.81719 1276.2
vn -0.53911 -0.622867 -0.566918
v 49.345 2.81719 1276.2
vn -0.0335376 0.997621 0.0602253
v 49.745 4.67031 1237.8
vn 0.0463178 0.988101 0.146663
v 48.545 7.79844 1272
vn 0.219492 0.814156 0.537562
v 49.545 9.62344 1257.6
vn 0.274117 0.902436 0.332369
v 49.345 8.62344 1268.2
vn -0.172828 0.945428 -0.276218
v 48.545 8.71094 1269
vn 0.254887 -0.960711 0.10985
v 50.945 -2.84844 1311.2
vn 0.36663 -0.926223 0.0877144
v 50.545 -2.55469 1298
vn 0.443883 0.582647 0.680802
v 50.545 0 1313.04
vn -0.311177 -0.851087 -0.422871
v 50.545 3.36094 1274.4
vn -0.00385764 -0.999971 -0.00655748
v 50.145 4.07969 1244.2
vn 0.482774 -0.800877 0.354297
v 50.745 4.87344 1265.8
vn 0.311948 0.42006 0.852196
v 51.735 5 1282.8
vn 0.309593 -0.950724 0.0166198
v 50.545 5.26719 1262.6
vn -0.145598 0.984364 -0.0991389
v 51.545 6.27969 1276
vn -0.142819 0.955893 -0.256654
v 50.945 6.27969 1276.8
vn 0.460602 0.505745 0.72943
v 50.145 5.79219 1279.8
vn -0.0999469 0.993461 -0.0551929
v 51.545 5.26719 1280.2
vn -0.202921 0.976964 -0.0660628
v 50.345 8.62344 1244
vn -0.131362 0.984368 0.117318
v 51.145 9.16719 1247
vn -0.174009 0.932852 -0.31545
v 50.545 9.74531 1257.2
vn 0.109072 0.930174 0.350542
v 50.545 9.74531 1257.2
vn -0.403576 0.896998 -0.180336
v 50.545 9.74531 1257.2
vn -0.0938608 0.94983 0.298352
v 50.545 9.74531 1257.2
vn 0.172061 0.908772 0.380168
v 51.0583 8.8 1268
vn -0.0407788 0.988833 0.143343
v 50.945 10.1109 1257.6
vn -0.107111 -0.951902 -0.28707
v 51.745 -2.13906 1299.6
vn -0.158481 -0.948215 -0.275266
v 52.545 -2.56719 1303.4
vn -0.180972 -0.920234 -0.347015
v 53.145 -2.29844 1302.2
vn 0.450129 -0.850181 0.273087
v 52.945 -0.573437 1289.6
vn 0.0256162 -0.986067 -0.164367
v 52.945 -0.964062 1292.8
vn 0.297665 0.751392 0.588902
v 52.345 1.94844 1299.6
vn -0.424658 0.774522 -0.468808
v 52.345 1.56094 1307
vn 0.678695 -0.00221648 0.734417
v 51.945 0.6 1311.57
vn -0.603437 -0.515514 -0.608366
v 51.745 3.2 1273.4
vn -0.647057 -0.161858 -0.745063
v 52.345 3.8 1235.14
vn -0.149091 -0.942173 -0.300137
v 51.945 3.77656 1272.4
vn 0.352003 0.565776 0.745649
v 51.945 4.49844 1283
vn -0.400898 0.665904 -0.629168
v 52.145 4.50781 1283.2
vn -0.0810347 0.996709 -0.0021502
v 51.745 4.08906 1285.8
vn 0.379952 -0.915959 0.129055
v 52.745 5.95469 1259.6
vn -0.102683 -0.952498 -0.286714
v 51.945 5.63906 1263
vn 0.185111 0.943158 0.276018
v 52.145 5.70156 1278.6
vn -0.323468 0.944618 0.0553594
v 52.345 10.5141 1254.6
vn 0.0725388 0.898537 0.432863
v 52.345 10.5141 1254.6
vn -0.382368 0.845807 -0.372028
v 52.0024 10.2 1256.2
vn -0.199469 0.915473 0.349458
v 52.0024 10.2 1256.2
vn -0.30553 0.868902 -0.389437
v 52.345 10.1078 1256.6
vn -0.103462 0.85369 0.510401
v 52.345 10.3172 1256.2
vn 0.0394247 -0.971469 -0.233868
v 53.745 -1.58281 1297
vn 0.34799 -0.905253 0.243762
v 53.745 -1.58281 1297
vn 0.563829 -0.291459 0.772754
v 53.945 -2.62969 1309.2
vn -0.27056 -0.860594 -0.431481
v 53.345 -0.248437 1290
vn 0.0303274 -0.967367 -0.251556
v 53.745 -0.954687 1292.6
vn 0.755271 -0.175112 0.631586
v 53.945 1 1309.87
vn 0.670903 0.271757 0.689955
v 54.745 1 1308.91
vn 0.648225 -0.0882518 0.756317
v 53.745 0.8 1310.05
vn 0.408485 0.473497 0.780346
v 53.745 0.8 1310.05
vn 0.317997 0.726853 0.608738
v 53.345 2.34844 1298.6
vn 0.329244 0.74626 0.578528
v 54.545 2.04219 1298.4
vn -0.610992 -0.0694221 -0.788587
v 53.945 4.8 1233.92
vn -0.10351 -0.994489 -0.0166673
v 53.345 3.87656 1240.4
vn 0.240619 -0.954597 0.175631
v 54.145 5.08594 1243
vn -0.075759 -0.990768 -0.112423
v 54.145 5.08594 1243
vn -0.694934 -0.544791 -0.469329
v 54.545 4.09483 1269.8
vn -0.528743 -0.665273 -0.527108
v 54.145 4 1270.42
vn 0.424293 -0.855201 0.29767
v 53.945 5.62969 1263.2
vn -0.17253 0.929876 -0.324905
v 53.545 6.69219 1276.6
vn -0.0636925 0.995052 -0.0762541
v 53.745 7.65781 1270
vn -0.122496 0.992344 -0.0157702
v 54.145 8.8 1265.38
vn 0.170494 0.910715 0.376204
v 54.545 8.97344 1266
vn 0.588098 -0.232436 0.77467
v 55.345 -2.42031 1308.2
vn 0.405642 0.473143 0.782042
v 55.345 -2.42031 1308.2
vn 0.617774 -0.521087 0.588917
v 55.345 -2.42031 1308.2
vn 0.645202 -0.490193 0.586025
v 55.945 -2.16094 1307.8
vn 0.680156 0.498381 0.537591
v 55.945 -2.16094 1307.8
vn -0.0151531 -0.970339 -0.241274
v 55.745 0.010938 1286.8
vn 0.304556 0.852642 0.424555
v 55.745 1.91406 1307.2
vn 0.614645 0.336996 0.713194
v 56.0666 1.6 1307.6
vn 0.493089 -0.747445 0.445185
v 55.345 1.2 1308.41
vn 0.0438543 0.997868 0.0483264
v 54.945 2.48594 1297.6
vn 0.0544871 0.98524 0.162279
v 56.145 2.37636 1298
vn -0.639176 -0.155469 -0.753183
v 56.1468 5 1232.2
vn -0.0820847 0.894196 -0.440086
v 54.945 4.42031 1283.4
vn -0.128126 0.977906 0.165179
v 56.345 5.46346 1276.8
vn -0.281089 0.686834 0.67026
v 56.345 5.46346 1276.8
vn -0.142354 0.976141 -0.163963
v 56.345 5.42969 1277
vn 0.170403 0.905191 0.389349
v 56.345 7.01406 1271.4
vn -0.286711 0.868615 -0.404109
v 55.345 10.6328 1255.6
vn 0.383981 -0.907239 0.171689
v 56.545 -1.51719 1299.2
vn 0.658851 -0.461771 0.593871
v 58.1213 -1.6 1305.8
vn 0.621387 0.392002 0.67839
v 56.545 -2.2 1307.08
vn 0.657612 -0.463402 0.593974
v 56.545 -2.2 1307.08
vn -0.478935 -0.556657 -0.678789
v 57.945 0.245313 1287.2
vn -0.215477 -0.882794 -0.417426
v 57.745 -0.610937 1292.4
vn -0.0212321 -0.980498 -0.19538
v 56.745 -1.12969 1294.4
vn 0.434345 -0.876308 0.208396
v 57.945 0.4 1286.53
vn 0.00020665 0.998783 -0.0493252
v 57.345 2.02969 1296.6
vn -0.340979 0.706368 -0.620304
v 57.345 2.07969 1297
vn -0.251089 0.77327 -0.582244
v 57.945 2.01094 1296.6
vn 0.317343 0.945772 0.0693448
v 57.545 2.33281 1297.2
vn -0.515634 0.521497 -0.679826
v 56.9666 4.6 1231.6
vn 0.0292017 0.997438 0.0653002
v 57.6296 4.6 1279.8
vn -0.0427587 0.899177 -0.435491
v 56.545 4.17344 1282.6
vn -0.0555345 0.887255 -0.457924
v 56.545 4.37031 1283
vn -0.614939 0.0864176 -0.783825
v 56.945 6.67627 1233.4
vn 0.509157 -0.797787 0.322947
v 56.945 6.06094 1260
vn 0.658851 -0.461771 0.593871
v 58.345 -1.79531 1305.4
vn 0.575485 -0.812965 -0.0889126
v 59.345 0.289063 1286.4
vn 0.356458 -0.362117 -0.861283
v 59.345 0.245313 1286.8
vn 0.640565 -0.765317 -0.062987
v 59.345 0.245313 1286.8
vn 0.209574 -0.393567 -0.895089
v 59.545 0 1286.99
vn 0.970741 0.0645227 -0.231299
v 59.5341 0.2 1288.8
vn 0.894668 0.421255 0.148704
v 59.595 0 1289
vn 0.156766 -0.884738 -0.438934
v 59.595 0 1289
vn 0.868013 -0.451417 -0.206822
v 59.595 0 1289
vn 0.970741 0.0645227 -0.231299
v 59.595 0 1289
vn 0.120422 -0.992463 -0.0227128
v 59.345 -0.2 1289.31
vn 0.779888 -0.612666 0.128121
v 59.345 -0.2 1289.31
vn 0.970741 0.0645227 -0.231299
v 59.6903 0 1289.4
vn 0.802268 0.596873 -0.0103863
v 59.6903 0 1289.4
vn -0.252297 -0.899249 -0.357347
v 58.345 -0.620312 1292
vn 0.294667 -0.955408 0.0191606
v 59.345 -0.426562 1291.4
vn 0.695114 -0.52961 0.486138
v 59.345 -0.426562 1291.4
vn 0.394512 -0.918884 -0.00366238
v 58.145 -0.8 1292.59
vn 0.98987 0.134843 0.0444444
v 59.5426 -0.2 1292.6
vn 0.993432 -0.113879 0.0111976
v 59.6205 -0.4 1294.6
vn 0.446322 -0.881659 -0.153213
v 59.6382 -0.2 1294
vn 0.993457 -0.113882 -0.00864095
v 59.6382 -0.2 1294
vn 0.993432 -0.113879 0.0111976
v 59.6434 -0.2 1294.6
vn 0.875323 0.482447 0.0324621
v 59.6309 -0.2 1295
vn 0.993015 -0.113831 0.0310317
v 59.6309 -0.2 1295
vn 0.880539 -0.472461 0.0378325
v 59.6309 -0.2 1295
vn 0.964614 -0.236837 -0.115879
v 59.545 -0.6 1296.19
vn 0.605565 -0.593118 -0.530568
v 59.545 -0.6 1296.19
vn 0.330696 -0.903936 -0.271184
v 59.545 -0.312121 1295.6
vn 0.932683 -0.358534 -0.0394505
v 59.5966 -0.2 1295.8
vn 0.605565 -0.593118 -0.530568
v 59.5966 -0.2 1295.8
vn 0.707339 -0.701641 0.0858583
v 59.6466 -0.4 1297.4
vn 0.619514 -0.0723105 0.781648
v 58.945 -0.8 1303.87
vn 0.158888 0.903671 0.39766
v 58.945 -0.8 1303.87
vn -0.0617444 0.621694 0.780822
v 58.945 -0.8 1303.87
vn 0.899266 0.359009 0.249867
v 59.145 0.161765 1303.6
vn 0.713 0.0470941 0.699581
v 59.345 -0.427273 1303.6
vn 0.209123 -0.855592 -0.473529
v 59.145 1.29107 1282.2
vn 0.966597 -0.221864 -0.128321
v 59.145 1.29107 1282.2
vn 0.949359 0.0687723 0.306574
v 59.145 1.29107 1282.2
vn 0.728753 -0.0668404 -0.681507
v 59.145 1.2 1282.36
vn 0.965842 -0.226723 -0.12548
v 59.145 1.2 1282.36
vn 0.996424 0.0460843 -0.0708186
v 59.1966 1.4 1282.4
vn 0.99973 0.023184 -0.00165247
v 59.1872 1.6 1282
vn 0.907693 -0.0581901 0.41558
v 59.1872 1.6 1282
vn 0.728753 -0.0668404 -0.681507
v 59.345 0.979688 1282.6
vn 0.946258 0.322477 -0.0246019
v 59.345 0.979688 1282.6
vn 0.941789 -0.33523 0.0255748
v 59.345 0.979688 1282.6
vn 0.855535 0.0248457 0.517149
v 59.345 1.20476 1281.6
vn 0.677712 -0.724514 0.125641
v 59.1718 0.6 1284
vn 0.919943 -0.392048 -0.00151562
v 59.345 1.01021 1283
vn 0.477106 -0.757153 0.446194
v 58.545 0.476563 1285.6
vn 0.652832 -0.720374 -0.234248
v 59.2075 0.6 1284.8
vn 0.963177 -0.263369 0.0540997
v 59.2075 0.6 1284.8
vn 0 0 -1
v 59.2075 0.6 1284.8
vn 0.964052 0.256841 0.0680953
v 59.2847 0.8 1284.4
vn 0.963177 -0.263369 0.0540997
v 59.2847 0.8 1284.4
vn 0 0 -1
v 59.2622 0.8 1284.8
vn 0.883148 0.460449 0.0896461
v 59.2622 0.8 1284.8
vn 0.422018 -0.851436 0.311381
v 59.1975 0.8 1285.6
vn 0.921686 0.387495 0.0184977
v 59.1975 0.8 1285.6
vn 0.809784 -0.582052 -0.0739249
v 59.1975 0.8 1285.6
vn 0.543312 -0.500874 0.673749
v 59.345 0.53729 1285
vn 0.726547 -0.669796 0.153305
v 59.345 0.53729 1285
vn 0 0 -1
v 59.445 0.6 1284.8
vn 0.726547 -0.669796 0.153305
v 59.445 0.6 1284.8
vn 0.729313 0.666649 0.153888
v 59.445 0.6 1284.8
vn 0.758688 0.642293 0.108868
v 59.4028 0.6 1285
vn 0.726547 -0.669796 0.153305
v 59.4028 0.6 1285
vn 0.809784 -0.582052 -0.0739249
v 59.145 0.676087 1286
vn 0.0541672 -0.955808 -0.288959
v 59.145 0.676087 1286
vn 0.9055 0.423905 -0.0193274
v 59.2341 0.8 1286
vn 0.345219 -0.248135 -0.905126
v 59.2341 0.8 1286
vn 0.640565 -0.765317 -0.062987
v 59.4708 0.4 1286.2
vn 0.869468 0.491898 -0.0454045
v 59.4708 0.4 1286.2
vn 0.701046 -0.712175 -0.0366094
v 59.5021 0.4 1286.8
vn 0.809553 0.586864 0.0146387
v 59.5021 0.4 1286.8
vn 0.88322 0.457662 -0.102309
v 59.1997 1.8 1289.8
vn 0.960077 0.249156 0.127178
v 59.2418 1.8 1290.2
vn 0.581882 0.812013 -0.0452503
v 59.145 1.61719 1292.6
vn 0.938077 -0.345735 -0.0218698
v 59.1684 1.6 1293.2
vn 0.595424 0.595417 -0.539397
v 59.1684 1.6 1293.2
vn 0.995635 0.0933374 0
v 59.1684 1.6 1293.2
vn 0.995635 0.0933374 0
v 59.1684 1.6 1293.6
vn 0.995635 0.0933374 0
v 59.1497 1.8 1293.4
vn 0.784468 -0.40015 -0.473804
v 59.1497 1.8 1293.4
vn 0.699292 0.674015 -0.238106
v 59.3913 1.8 1293.8
vn 0.970311 -0.0254511 0.240517
v 59.2559 1.6 1295.2
vn 0.873469 -0.122836 0.471129
v 59.4998 1.8 1294.8
vn 0.8637 0.493518 0.102291
v 59.4998 1.8 1294.8
vn -0.00690075 0.978174 -0.207673
v 58.62 1.8 1297
vn 0.987499 0.157502 -0.00630964
v 59.1841 1.4 1296.2
vn 0.283343 0.94977 -0.132864
v 59.145 1.66094 1296.6
vn 0.98897 0.146716 0.0203387
v 59.145 1.66094 1296.6
vn 0.887549 -0.454329 -0.0764269
v 59.295 1.6 1298
vn 0.955411 0.28119 -0.0901257
v 59.295 1.6 1298
vn 0.535914 0.842148 0.0598665
v 59.5709 1.8 1302.2
vn 0.457995 -0.762513 0.456963
v 58.145 0.8 1304.96
vn 0.981318 0.0719094 0.178448
v 59.0184 0.4 1304.2
vn 0.842945 -0.414859 0.342543
v 59.0184 0.4 1304.2
vn 0.661646 -0.150978 0.73446
v 58.945 1.17969 1305
vn 0.572658 0.629372 0.525313
v 58.945 1.4 1305.05
vn 0.930634 -0.333939 0.149681
v 59.345 0.898438 1304
vn 0.450795 -0.849134 0.275235
v 59.345 0.898438 1304
vn 0.643091 -0.154194 0.750105
v 59.6497 1.2 1304.4
vn 0.799151 0.389351 0.458
v 59.6497 1.2 1304.4
vn 0.362833 -0.829228 0.425128
v 59.3617 3.2 1234
vn 0.990093 -0.0182214 0.139227
v 59.7028 3 1277.6
vn 0.637512 0.729029 0.249191
v 59.7028 3 1277.6
vn 0.992386 -0.0312873 0.119126
v 59.2278 2.4 1280
vn 0.897806 -0.316833 0.305878
v 59.6647 3 1282.4
vn 0.492674 0.867291 0.0712676
v 58.945 2.87344 1284.2
vn 0.876439 -0.47453 0.0817024
v 59.4314 2.8 1283.2
vn 0.541791 0.839808 0.0344171
v 58.345 3.39844 1285
vn 0.845538 0.512205 0.150702
v 59.4172 2.4 1284.8
vn 0.922511 -0.385608 0.0167272
v 59.145 2.2 1286.52
vn 0.864668 0.500183 0.0465499
v 59.145 2.2 1286.52
vn 0.46885 0.723853 -0.506178
v 58.945 2.01094 1289.8
vn -0.18104 0.811274 -0.555931
v 58.545 2.00781 1296.4
vn 0.461604 0.829445 0.314551
v 58.945 2.07031 1304
vn 0.592765 0.766168 0.248226
v 59.695 4.4 1280
vn 0.242719 0.967654 -0.0687936
v 58.345 3.84531 1281.8
vn 0.327166 0.925414 0.191237
v 58.345 4.04603 1282.2
vn 0.303059 0.903474 -0.303135
v 58.745 3.87031 1282.2
vn -0.490593 0.670594 -0.556437
v 58.145 5.33906 1231.4
vn -0.0825167 -0.965715 -0.246142
v 58.145 6.53281 1259.2
vn -0.0529846 -0.965769 -0.253935
v 59.545 5.6 1262.28
vn 0.353143 0.585039 0.730082
v 58.945 7.47656 1269.6
vn 0.00630022 0.992138 0.12499
v 58.545 9.56719 1238.6
vn -0.432848 0.67747 -0.594708
v 59.545 10.8297 1242.6
vn 0.0181487 0.9655 0.259771
v 59.545 11.2234 1244.2
vn 0.997794 -0.0623257 0.0228519
v 59.7658 0 1287
vn 0.0577207 -0.415687 -0.907674
v 59.7658 0 1287
vn 0.835347 0.549721 -0.00159018
v 59.7658 0 1287
vn 0.954878 -0.278846 0.10224
v 59.745 -0.112243 1287.6
vn 0.830436 0.55293 0.0681577
v 59.745 0.034427 1288
vn 0.957297 -0.275979 -0.0861323
v 59.945 -0.541305 1290.4
vn 0.957297 -0.275979 -0.0861323
v 59.945 -0.4 1289.95
vn 0.886691 0.455428 -0.0797796
v 59.945 -0.4 1289.95
vn 0.801817 0.59757 0.000278686
v 60.0037 -0.4 1290.6
vn 0.957297 -0.275979 -0.0861323
v 60.0037 -0.4 1290.6
vn 0.62418 -0.567621 0.536848
v 59.7974 -0.2 1291
vn 0.978737 0.133326 0.15588
v 59.7974 -0.2 1291
vn 0.761829 0.645274 0.0568989
v 59.7974 -0.2 1291
vn 0.605565 -0.593118 -0.530568
v 59.745 -0.6 1296.42
vn 0.97303 0.230615 0.00550664
v 59.745 -0.6 1296.42
vn 0.979552 0.196589 -0.0427793
v 59.745 -0.592498 1298.4
vn 0.999159 0.0410069 0.000128694
v 60.011 -1.2 1303
vn 0.417375 -0.906758 0.0598982
v 59.945 -1.2 1304.08
vn 0.337113 0.702707 0.626544
v 59.945 -1.2 1304.08
vn 0.993029 0.101144 0.0605317
v 59.945 -1.2 1304.08
vn 0.797913 0.589065 0.127821
v 59.945 -1.2 1304.08
vn 0.310281 -0.655546 -0.688466
v 60.145 1.55079 1279.2
vn 0.310281 -0.655546 -0.688466
v 60.345 1.64546 1279.2
vn 0.929459 0 0.368925
v 60.345 1.64546 1279.2
vn 0.707235 0 -0.706979
v 60.345 1.64546 1279.2
vn 0.929459 0 0.368925
v 60.345 1.82656 1279.2
vn 0.707235 0 -0.706979
v 60.345 1.82656 1279.2
vn 0.707235 0 -0.706979
v 60.545 1.53 1279.4
vn 0.789571 0.604343 0.106519
v 60.545 1.53 1279.4
vn 0.083943 -0.95987 -0.267589
v 60.545 1.53 1279.4
vn 0.773928 -0.575975 0.263228
v 60.545 1.53 1279.4
vn 0.922527 -0.0359673 0.384253
v 60.545 1.53 1279.4
vn 0.723728 0.351432 0.593896
v 59.945 1.15469 1281
vn 0.929118 -0.369738 -0.0058005
v 59.945 1.15469 1281
vn 0.866715 -0.481292 0.13101
v 59.9593 1.2 1280.4
vn 0.866715 -0.481292 0.13101
v 60.0401 1.4 1280.6
vn 0.922527 -0.0359673 0.384253
v 60.0401 1.4 1280.6
vn 0.490877 0.790447 0.366379
v 60.4644 1.6 1279.6
vn 0.922527 -0.0359673 0.384253
v 60.4644 1.6 1279.6
vn 0.641807 0.766578 -0.0210198
v 59.7893 1.6 1301
vn 0.92491 0.358449 0.126708
v 59.7975 1.2 1304
vn -0.699789 -0.111776 -0.70555
v 60.545 2.96094 1228.2
vn -0.477684 -0.600728 -0.641049
v 60.545 2.96094 1228.2
vn 0.472203 -0.871392 0.133042
v 59.945 2.24844 1275.8
vn 0.860282 0.415292 0.295716
v 61.145 2.77656 1275
vn 0.472203 -0.871392 0.133042
v 61.145 2.77656 1275
vn 0.844419 -0.466393 0.263503
v 61.145 2.77656 1275
vn 0.929459 0 0.368925
v 61.2182 2.2 1277
vn 0.34986 -0.917331 -0.190004
v 61.2182 2.2 1277
vn 0.952656 -0.00460232 -0.304017
v 59.745 3 1281.64
vn 0.90139 -0.389568 0.189033
v 59.745 3 1281.64
vn 0.609369 0.692068 0.386926
v 59.8604 3 1282
vn 0.952656 -0.00460232 -0.304017
v 59.8604 3 1282
vn 0.952656 -0.00460232 -0.304017
v 59.7975 3.2 1281.8
vn 0.955443 -0.198777 0.218212
v 59.7975 3.2 1281.8
vn 0.953148 -0.132567 0.271908
v 59.945 3.25 1281.2
vn 0.432414 0.819234 0.376662
v 59.945 3.41406 1281.2
vn -0.699789 -0.111776 -0.70555
v 60.945 3.8 1227.67
vn -0.515026 -0.573755 -0.636831
v 60.745 4.56094 1266.4
vn -0.284754 -0.889663 -0.356952
v 59.945 3.97031 1269.6
vn -0.331926 -0.828436 -0.451131
v 60.345 3.60156 1270.2
vn 0.802353 0.537526 0.259414
v 60.4872 5 1271.4
vn 0.0928465 0.987306 -0.128866
v 61.145 3.8 1272.1
vn 0.715228 0.38997 0.579975
v 60.545 5.1623 1276.6
vn 0.126256 0.925548 0.356959
v 60.545 5.1623 1276.6
vn 0.882925 0 0.469514
v 60.745 4.97969 1276.4
vn 0.851039 -0.517304 0.0901604
v 60.745 4.97969 1276.4
vn 0.316159 0 -0.948706
v 60.745 4.97969 1276.4
vn 0.316159 0 -0.948706
v 60.745 5.09286 1276.4
vn 0.206206 0.969764 -0.130527
v 60.745 5.09286 1276.4
vn 0.761477 -0.402585 0.508014
v 60.945 4.8 1277.15
vn 0.976208 -0.198972 0.0861869
v 60.945 4.8 1277.15
vn 0.731499 -0.291555 0.616365
v 60.9812 5 1277.2
vn 0.976208 -0.198972 0.0861869
v 60.9812 5 1277.2
vn 0.471099 0.825649 0.310434
v 61.1497 5 1277
vn 0.697929 0.0348507 0.715319
v 60.3823 4 1279
vn 0.727837 0.0363441 -0.684787
v 60.3823 4 1279
vn 0.697929 0.0348507 0.715319
v 60.3723 4.2 1279
vn 0.727837 0.0363441 -0.684787
v 60.3723 4.2 1279
vn 0.653319 0.684377 0.323731
v 60.345 4.47969 1278.6
vn 0.996818 0 -0.0797107
v 60.545 4.18594 1278.6
vn 0.727837 0.0363441 -0.684787
v 60.545 4 1279.17
vn 0.659973 0.731173 0.172688
v 60.545 4 1279.17
vn 0.831686 -0.555122 -0.0117769
v 60.545 4 1279.17
vn 0.950726 0.190341 0.244725
v 60.545 4 1279.17
vn 1 0 0
v 60.545 4.26719 1278.4
vn 0.424396 -0.905381 -0.0131404
v 60.545 4.26429 1278.6
vn 0.729134 0.677001 0.100168
v 60.545 4.26429 1278.6
vn 0.502398 0.466477 0.728008
v 60.545 4.26429 1278.6
vn 0.697929 0.0348507 0.715319
v 60.5772 4.2 1278.8
vn 0.987292 0 -0.158914
v 60.5772 4.2 1278.8
vn 0.617376 0.727199 0.300049
v 60.5772 4.2 1278.8
vn 0.512226 0.629935 0.583787
v 60.745 4.36094 1278.4
vn 0.976208 -0.198972 0.0861869
v 60.745 4.36094 1278.4
vn 0.91952 0.175832 0.351518
v 60.345 3.67857 1280.2
vn 0.904087 0.262367 0.337329
v 60.345 4 1279.95
vn -0.32852 0.907023 -0.263407
v 60.945 5.8 1229.34
vn -0.190922 -0.870837 -0.452981
v 59.945 5.24219 1262.8
vn 0.252382 0.947027 0.198603
v 60.745 6.37344 1273.4
vn 0.813495 -0.416813 0.405577
v 61.145 5.57344 1274.4
vn 0.851039 -0.517304 0.0901604
v 60.945 5.2 1275.78
vn 0.513423 -0.396207 0.761194
v 60.945 5.2 1275.78
vn 0.851039 -0.517304 0.0901604
v 61.0641 5.4 1275.8
vn 0.18677 0.901847 0.389602
v 61.0641 5.4 1275.8
vn 0.513423 -0.396207 0.761194
v 61.0641 5.4 1275.8
vn -0.611595 0.0465294 -0.789802
v 59.745 6.8 1231.24
vn -0.223747 0.969801 -0.0970706
v 60.945 8.33175 1231.8
vn -0.0714045 0.95231 -0.296659
v 59.945 9.32969 1260.2
vn -0.3948 0.698622 -0.596708
v 61.145 11.3453 1242
vn 0.00792618 0.928519 0.371201
v 60.945 11.4828 1243.2
vn 0.260059 0.826201 0.499761
v 60.745 10.7516 1254
vn 0.983339 0.0893505 0.158306
v 61.545 3.57031 1271.4
vn 0 0 -1
v 61.545 3.57031 1271.4
vn 0.50451 -0.804253 -0.314082
v 61.3606 3.2 1272.8
vn 0.842799 -0.359197 0.400833
v 61.3606 3.2 1272.8
vn 0.737466 0.495343 -0.459108
v 61.3606 3.2 1272.8
vn 0.977931 0.0160202 0.208312
v 61.345 3.4 1272.32
vn 0.227113 0.581019 -0.78156
v 61.345 3.4 1272.32
vn 0.438577 0.898216 -0.0292849
v 61.345 3.51379 1272.4
vn 0.748064 0.502587 0.433366
v 61.345 3.51379 1272.4
vn 0.227113 0.581019 -0.78156
v 61.345 3.51379 1272.4
vn 0.500895 0.834435 0.22983
v 61.3508 3.4 1273
vn 0.737466 0.495343 -0.459108
v 61.3508 3.4 1273
vn 0.111058 -0.917389 -0.382183
v 61.6361 3.4 1272.4
vn 0.441615 0.890807 0.106955
v 61.6361 3.4 1272.4
vn 0.227113 0.581019 -0.78156
v 61.6361 3.4 1272.4
vn -0.0272405 -0.949069 -0.313887
v 61.47 2.8 1274
vn 0.472203 -0.871392 0.133042
v 61.47 2.8 1274
vn 0.902324 -0.411436 0.128575
v 61.47 2.8 1274
vn 0.477184 0.847699 0.231737
v 61.545 3 1274.11
vn 0.902324 -0.411436 0.128575
v 61.545 3 1274.11
vn 0.737466 0.495343 -0.459108
v 61.6096 3.2 1273.2
vn 0.498519 0.842169 0.2055
v 61.6096 3.2 1273.2
vn 0.938051 -0.346367 -0.00951277
v 61.6096 3.2 1273.2
vn -0.445932 -0.710638 -0.544186
v 61.945 3.6 1226.56
vn -0.618729 0.496538 -0.60879
v 61.945 3.6 1226.56
vn -0.561517 -0.364772 -0.742725
v 61.945 3.6 1226.56
vn 0.524504 0.815207 0.245626
v 62.745 4.62593 1266
vn 0.592104 -0.804681 0.0436108
v 62.745 4.62593 1266
vn 0.971557 -0.197996 0.1299
v 62.745 4.62593 1266
vn 0.395674 -0.899536 0.185141
v 61.403 4.2 1267.6
vn 0.204786 -0.971866 -0.116358
v 62.4296 4.4 1267.2
vn -0.554004 0.355142 -0.752963
v 62.4296 4.4 1267.2
vn 0.759456 -0.486846 -0.431518
v 62.4296 4.4 1267.2
vn -0.331926 -0.828436 -0.451131
v 62.345 4.4 1267.26
vn 0.592104 -0.804681 0.0436108
v 62.345 4.4 1267.26
vn -0.62561 0.758393 0.1829
v 62.345 4.4 1267.26
vn -0.554004 0.355142 -0.752963
v 62.345 4.4 1267.26
vn 0.26443 0.475984 -0.838759
v 62.345 4.4 1267.26
vn 0.598271 0.158848 0.785391
v 62.345 4.4 1267.26
vn 0.914806 -0.0800676 -0.395878
v 62.345 4.4 1267.26
vn 0.598271 0.158848 0.785391
v 62.345 4.70781 1267.2
vn 0.914806 -0.0800676 -0.395878
v 62.345 4.70781 1267.2
vn 0.458144 0.840633 0.288862
v 62.4221 4.6 1267.4
vn 0.914806 -0.0800676 -0.395878
v 62.4221 4.6 1267.4
vn -0.554004 0.355142 -0.752963
v 62.545 4.58 1267.2
vn 0.759456 -0.486846 -0.431518
v 62.545 4.58 1267.2
vn 0.587283 0.786823 0.189756
v 62.545 4.58 1267.2
vn 0.26443 0.475984 -0.838759
v 62.545 4.53175 1267.4
vn 0.527784 0.814404 0.241228
v 62.545 4.53175 1267.4
vn 0.556505 0.781229 0.282812
v 62.6569 4.4 1267.6
vn 0.759456 -0.486846 -0.431518
v 62.6569 4.4 1267.6
vn 0.592104 -0.804681 0.0436108
v 62.6361 4.6 1267
vn 0.598271 0.158848 0.785391
v 62.6361 4.6 1267
vn 0.556155 -0.757802 0.341215
v 61.945 4 1269.89
vn -0.0543116 0.763741 -0.643234
v 62.0246 4.2 1269.2
vn 0.556155 -0.757802 0.341215
v 62.145 3.925 1269.4
vn 0.913879 0.261399 0.310638
v 62.145 3.925 1269.4
vn 0.68692 0.636331 0.351033
v 62.345 4 1268.94
vn 0.109943 0.760234 -0.640279
v 62.345 4 1268.94
vn 0.338179 0.917925 0.207481
v 62.4926 4 1269
vn 0.0587827 -0.989185 -0.134379
v 62.4926 4 1269
vn 0.271228 0.736199 -0.620037
v 62.4926 4 1269
vn 0.442664 0.860891 0.25083
v 62.345 4.05439 1269
vn 0.827765 0.396755 0.396725
v 61.545 3.67037 1271.4
vn 0 0 -1
v 61.545 3.67037 1271.4
vn 0.0928465 0.987306 -0.128866
v 61.545 3.67037 1271.4
vn 0.912699 0.0313333 0.40743
v 61.745 3.65156 1271.4
vn 0 0 -1
v 61.745 3.65156 1271.4
vn 0.0928465 0.987306 -0.128866
v 61.745 3.65156 1271.4
vn 0.527954 0.801591 0.280564
v 61.745 3.65156 1271.4
vn 0.617999 0.713404 0.330352
v 61.345 3.6 1272.3
vn 0.316159 0 -0.948706
v 61.345 4.99219 1276.6
vn 0.205428 0.966106 -0.15633
v 61.345 4.99219 1276.6
vn 0.772443 -0.503565 0.38698
v 61.345 4.99219 1276.6
vn 0.57707 0.771927 0.266681
v 61.345 4.99219 1276.6
vn 0.585272 -0.796948 0.149434
v 62.345 5.44844 1262.8
vn -0.580289 -0.31346 -0.751669
v 62.345 5.44844 1262.8
vn 0.972329 0.0522926 0.227689
v 61.9633 6 1264
vn 0.705411 -0.447662 -0.549541
v 62.7575 5.2 1263.8
vn 0.690905 -0.706796 0.151949
v 62.7575 5.2 1263.8
vn -0.107469 0.809158 -0.577679
v 62.745 5.4 1264.25
vn 0.819954 0.361533 0.443812
v 62.745 5.4 1264.25
vn 0.884214 -0.459036 0.0863225
v 61.4778 6.2 1265.8
vn 0.96472 0.0775688 0.251593
v 61.4778 6.2 1265.8
vn 0.780677 -0.616653 0.101405
v 62.345 6.75469 1269.2
vn 0.698339 0.274774 0.660925
v 61.345 6.2 1273.06
vn 0.0799062 0.992975 0.087263
v 61.345 6.46406 1272.2
vn 0.840945 0.522373 0.141204
v 61.345 6.46406 1272.2
vn 0.178865 0.698015 -0.693385
v 61.345 6.46406 1272.2
vn 0.698339 0.274774 0.660925
v 61.545 6 1272.93
vn 0.848876 -0.519107 0.0996871
v 61.545 6 1272.93
vn 0.731481 0.67643 0.0859009
v 61.545 6 1272.93
vn 0.246634 -0.954239 -0.169116
v 61.545 6.2 1271.99
vn 0.399691 0.621658 -0.673639
v 61.545 6.2 1271.99
vn 0.780677 -0.616653 0.101405
v 61.545 6.2 1271.99
vn 0.775233 0.519845 0.358852
v 61.545 6.2 1271.99
vn 0.326647 0.874868 0.357642
v 61.545 6.2 1271.99
vn 0.399691 0.621658 -0.673639
v 61.595 6.4 1272.2
vn 0.409304 0.839848 0.356547
v 61.972 6.2 1272.4
vn 0.23247 -0.949172 -0.212205
v 61.972 6.2 1272.4
vn 0.59854 0.511119 -0.616853
v 61.972 6.2 1272.4
vn 0.0361775 0.988043 0.149876
v 61.345 5.76909 1274.2
vn 0.41878 -0.822225 -0.385446
v 61.345 5.76909 1274.2
vn 0.813495 -0.416813 0.405577
v 61.345 5.76909 1274.2
vn 0.739089 0.66662 0.0967771
v 61.345 5.76909 1274.2
vn 0.848876 -0.519107 0.0996871
v 61.345 5.8 1273.6
vn 0.701154 0.310349 -0.641924
v 61.345 5.8 1273.6
vn 0.848876 -0.519107 0.0996871
v 61.4433 6 1273.8
vn 0.701154 0.310349 -0.641924
v 61.4433 6 1273.8
vn 0.813495 -0.416813 0.405577
v 61.545 5.77031 1273.8
vn 0.701154 0.310349 -0.641924
v 61.545 5.77031 1273.8
vn 0.831202 0.367912 0.416826
v 61.545 5.77031 1273.8
vn 0.734717 0.662677 -0.145085
v 61.3666 5.6 1275.2
vn 0.734717 0.662677 -0.145085
v 61.545 5.40217 1275.2
vn 0.513423 -0.396207 0.761194
v 61.6571 5.4 1275.4
vn 0.205989 -0.970412 -0.125976
v 61.6571 5.4 1275.4
vn 0.687342 0.619946 -0.378455
v 61.6571 5.4 1275.4
vn 0.975244 -0.118639 0.18661
v 62.8091 7 1259.8
vn 0.505442 0.828181 0.242168
v 62.8091 7 1259.8
vn 0.703459 -0.496061 0.508988
v 62.8091 7 1259.8
vn 0.907851 0.292072 0.300834
v 62.8091 7 1259.8
vn 0.378531 -0.679054 -0.628967
v 62.145 7.11406 1266.4
vn 0.357515 -0.932703 0.0474064
v 62.145 7.11406 1266.4
vn 0.739722 0.49368 0.457265
v 62.3794 7.4 1266.6
vn 0.710343 -0.236606 0.662895
v 62.3794 7.4 1266.6
vn 0.739722 0.49368 0.457265
v 62.545 7.33704 1266.4
vn 0.46482 -0.83385 0.297719
v 62.545 7.33704 1266.4
vn 0.710343 -0.236606 0.662895
v 62.545 7.33704 1266.4
vn 0.739722 0.49368 0.457265
v 62.545 7.2 1266.55
vn 0.314518 -0.939735 -0.134078
v 62.545 7.2 1266.55
vn 0.714707 0.655375 -0.244289
v 62.545 7.2 1266.55
vn 0.0645207 0.977124 0.202646
v 62.5644 7.4 1267.8
vn 0.343554 0.933673 0.101117
v 62.5644 7.4 1267.8
vn 0.37036 -0.920222 -0.12659
v 62.9046 7.2 1267.6
vn 0.780677 -0.616653 0.101405
v 62.9046 7.2 1267.6
vn 0.189033 0.944783 0.267678
v 62.345 7.2 1268.81
vn 0.840945 0.522373 0.141204
v 61.345 7.00469 1270.2
vn -0.00531486 0.991155 0.132605
v 62.545 9.99531 1235
vn 0.335871 0.795195 0.504832
v 61.345 9.74219 1257.4
vn 0.115487 0.987421 -0.107992
v 61.545 9.29531 1259.6
vn 0.353855 0.850006 0.390227
v 62.745 9.30469 1259.8
vn -0.0318522 0.971057 0.236716
v 61.545 10.8641 1239.6
vn -0.191388 0.827929 -0.527166
v 61.545 10.8641 1239.6
vn 0.970154 0.151439 -0.189388
v 63.745 6.4 1258.49
vn 0.826544 -0.505367 0.24785
v 63.745 6.4 1258.49
vn 0.144426 -0.92373 -0.354772
v 64.145 6.6 1257.56
vn -0.110751 -0.944817 -0.30831
v 64.145 6.6 1257.56
vn 0.826544 -0.505367 0.24785
v 64.145 6.6 1257.56
vn 0.703459 -0.496061 0.508988
v 64.145 6.6 1257.56
vn 0.509185 0.847005 0.152686
v 64.145 6.6 1257.56
vn 0.961203 -0.137464 -0.239151
v 64.145 6.6 1257.56
vn 0.696803 -0.450031 -0.558514
v 64.145 6.6 1257.56
vn -0.0728268 -0.838145 -0.540564
v 63.745 6.29623 1259.2
vn 0.720691 -0.63549 0.277049
v 63.745 6.29623 1259.2
vn 0.547802 0.766897 -0.334338
v 63.745 6.29623 1259.2
vn 0.970154 0.151439 -0.189388
v 63.8055 6.4 1258.8
vn 0.641614 0.100155 -0.760461
v 63.8055 6.4 1258.8
vn 0.720691 -0.63549 0.277049
v 63.745 6.4 1259.44
vn 0.547802 0.766897 -0.334338
v 63.745 6.4 1259.44
vn 0.826544 -0.505367 0.24785
v 63.7743 6.6 1258.8
vn 0.569955 0.787285 0.235232
v 63.7743 6.6 1258.8
vn 0.641614 0.100155 -0.760461
v 63.7743 6.6 1258.8
vn 0.29686 -0.95185 -0.0765245
v 64.0018 6.2 1259.4
vn 0.547802 0.766897 -0.334338
v 64.0018 6.2 1259.4
vn 0.252636 -0.934507 -0.250742
v 63.945 6.4 1258.92
vn 0.720691 -0.63549 0.277049
v 63.945 6.4 1258.92
vn 0.641614 0.100155 -0.760461
v 63.945 6.4 1258.92
vn 0.67575 0.152695 -0.721142
v 63.0876 6 1260.6
vn 0.783439 -0.567253 0.253864
v 63.145 5.77344 1261.4
vn 0.523368 0.80032 0.29253
v 63.2583 6 1261.4
vn 0.561354 -0.771637 0.299096
v 63.2559 6.2 1260.8
vn 0.67575 0.152695 -0.721142
v 63.2559 6.2 1260.8
vn -0.580289 -0.31346 -0.751669
v 63.345 5.6 1261.96
vn 0.188374 0.248574 -0.950119
v 63.345 5.6 1261.96
vn 0.495089 0.820714 0.285159
v 63.5145 6 1261
vn 0.262673 -0.923268 -0.280318
v 63.5145 6 1261
vn 0.776117 -0.388242 0.4969
v 63.5145 6 1261
vn 0.759545 -0.639313 0.119876
v 63.145 5.88594 1262
vn -0.580289 -0.31346 -0.751669
v 63.145 5.88594 1262
vn 0.188374 0.248574 -0.950119
v 63.145 5.88594 1262
vn 0.0303707 -0.973146 -0.228176
v 63.545 5.58281 1262
vn 0.188374 0.248574 -0.950119
v 63.545 5.58281 1262
vn 0.690905 -0.706796 0.151949
v 63.545 5.58281 1262
vn 0.705411 -0.447662 -0.549541
v 62.945 5.25 1264
vn -0.108941 0.820241 -0.561549
v 62.945 5.25 1264
vn 0.819954 0.361533 0.443812
v 62.945 5.25 1264
vn -0.515026 -0.573755 -0.636831
v 62.945 5.25 1264
vn 0.705411 -0.447662 -0.549541
v 62.945 5.4 1263.88
vn 0.819954 0.361533 0.443812
v 62.945 5.4 1263.88
vn 0.690905 -0.706796 0.151949
v 62.945 5.4 1263.88
vn -0.0217896 -0.963857 -0.265527
v 63.145 5.2 1263.88
vn -0.11037 0.831007 -0.545202
v 63.145 5.2 1263.88
vn 0.971557 -0.197996 0.1299
v 63.145 5.2 1263.88
vn 0.469725 0.80756 0.35666
v 63.145 5.27656 1264
vn 0.971557 -0.197996 0.1299
v 63.145 5.27656 1264
vn -0.379803 0.78308 -0.492479
v 63.945 7.8 1228.06
vn 0.593982 0.718576 0.361711
v 63.9435 7.8 1255.6
vn 0.242609 0.765494 -0.595952
v 64.345 6.8 1257.12
vn 0.144426 -0.92373 -0.354772
v 64.345 6.8 1257.12
vn -0.45496 0.702675 -0.547046
v 64.345 6.8 1257.12
vn -0.212123 -0.893304 -0.396248
v 63.9825 6.8 1257.2
vn 0.777002 -0.501828 0.380049
v 63.9825 6.8 1257.2
vn 0.696803 -0.450031 -0.558514
v 63.9825 6.8 1257.2
vn 0.593429 0.741313 0.313525
v 64.1117 7 1257.2
vn 0.961203 -0.137464 -0.239151
v 64.1117 7 1257.2
vn 0.696803 -0.450031 -0.558514
v 64.1117 7 1257.2
vn 0.39133 0.900599 0.189164
v 64.145 6.885 1257.4
vn -0.45496 0.702675 -0.547046
v 64.145 6.885 1257.4
vn 0.961203 -0.137464 -0.239151
v 64.145 6.885 1257.4
vn -0.45496 0.702675 -0.547046
v 64.345 6.85873 1257.2
vn 0.274457 0.949885 0.149636
v 64.345 6.85873 1257.2
vn 0.975932 0.153501 0.154903
v 63.49 8.2 1261.6
vn 0.987132 0.12263 0.102631
v 63.5532 8 1261.4
vn 0.257832 -0.961237 -0.0977037
v 63.5532 8 1261.4
vn 0.292613 -0.952934 -0.0793371
v 63.5655 7.8 1263.4
vn 0.976491 0.200109 0.0801416
v 63.545 8.13281 1263.2
vn 0.404008 -0.906734 0.120873
v 62.945 7.41719 1266
vn 0.710343 -0.236606 0.662895
v 62.945 7.41719 1266
vn 0.943067 0.212018 0.256268
v 62.945 7.41719 1266
vn -0.386561 0.758393 -0.524796
v 62.945 9.91719 1235.6
vn 0.941533 -0.161053 0.295934
v 64.345 8.75469 1258.4
vn 0.352861 0.696525 0.624774
v 64.345 8.89355 1258.4
vn 0.930389 0 0.366574
v 64.345 8.89355 1258.4
vn 0.763751 -0.634822 0.116984
v 64.4891 9 1258.2
vn 0.811406 0 0.584482
v 64.4891 9 1258.2
vn 0.95817 -0.204158 0.200574
v 63.945 8.4 1259.82
vn 0.546865 -0.836178 -0.0417871
v 63.945 8.4 1260.27
vn 0.947208 -0.0205905 0.319959
v 63.945 8.4 1260.27
vn 1 0 0
v 63.945 8.4 1260.27
vn 0.970937 -0.0670307 0.229755
v 63.945 8.6 1259.88
vn 0.948716 -0.202729 0.242566
v 64.2179 8.8 1259.4
vn 0.474149 0.667491 0.574142
v 63.745 11.2609 1247.2
vn -0.185085 0.852174 -0.489432
v 63.745 11.9141 1243.6
vn 0.474149 0.667491 0.574142
v 64.2363 11.6 1246.4
vn -0.633256 -0.197979 -0.748192
v 65.345 3.16719 1224.2
vn -0.452096 0.711711 -0.537658
v 64.745 7.59616 1227.4
vn 0.576268 -0.774966 0.259507
v 65.745 7.39531 1253
vn 0.754827 0.430399 0.494967
v 65.8401 7.6 1253.4
vn 0.576268 -0.774966 0.259507
v 65.8401 7.6 1253.4
vn 0.754827 0.430399 0.494967
v 64.7739 7.4 1255.2
vn 0.596495 0.689282 -0.411198
v 64.7739 7.4 1255.2
vn 0.754827 0.430399 0.494967
v 64.945 7.2 1255.11
vn 0.686487 -0.700459 0.195173
v 64.945 7.2 1255.11
vn 0.596495 0.689282 -0.411198
v 64.945 7.2 1255.11
vn -0.385691 0.792347 -0.472683
v 64.945 7.2 1255.11
vn 0.324552 0.891109 0.317159
v 64.945 7.25192 1255.2
vn -0.271426 0.888921 -0.368981
v 64.945 7.25192 1255.2
vn 0.160909 0.938328 0.306021
v 65.2478 7.2 1255.2
vn 0.802594 0 0.596525
v 65.2478 7.2 1255.2
vn -0.208221 -0.883657 -0.419279
v 65.345 7.20807 1254.8
vn 1 0 0
v 65.545 7.16094 1254.8
vn 0.802594 0 0.596525
v 65.545 7.16094 1254.8
vn -0.129438 0.835189 -0.534514
v 65.545 7.2 1254.74
vn 1 0 0
v 65.545 7.2 1254.74
vn 0.165005 0.962209 0.216627
v 65.545 7.23906 1254.8
vn 1 0 0
v 65.545 7.23906 1254.8
vn 0.802594 0 0.596525
v 65.545 7.23906 1254.8
vn 0.777002 -0.501828 0.380049
v 64.945 7.07857 1255.6
vn 0.477645 0.802369 0.357852
v 64.945 7.07857 1255.6
vn 0.144426 -0.92373 -0.354772
v 64.545 6.8 1257.21
vn 0.262308 0.957325 0.121338
v 64.545 6.8 1257.21
vn 0.703459 -0.496061 0.508988
v 64.545 6.8 1257.21
vn 0.733218 0.567919 0.373977
v 65.2122 8.4 1252.8
vn 0.408011 0.76691 0.495355
v 65.2597 9.6 1254.6
vn 0.769436 -0.260082 0.583375
v 65.2597 9.6 1254.6
vn 0.953183 0.263796 0.147829
v 65.2597 9.6 1254.6
vn 0.769436 -0.260082 0.583375
v 65.345 9.40385 1254.4
vn 0.953183 0.263796 0.147829
v 65.345 9.40385 1254.4
vn 0.925511 0.198339 -0.322633
v 64.8773 9.2 1256.4
vn 0.953183 0.263796 0.147829
v 64.9738 9.4 1256.8
vn 0.925511 0.198339 -0.322633
v 64.9738 9.4 1256.8
vn 0.779163 -0.615323 0.119509
v 64.9738 9.4 1256.8
vn 0.520854 0.775086 0.357705
v 65.1561 9.2 1257.2
vn 0.925511 0.198339 -0.322633
v 65.1561 9.2 1257.2
vn 0.233683 0.610673 0.756618
v 65.545 11.4734 1237.8
vn 0.491791 0.729768 0.474953
v 64.945 10.4859 1253
vn -0.154835 0.912263 -0.379213
v 64.945 11.6578 1239.6
vn -0.626875 -0.334661 -0.703583
v 67.345 4.8 1221.89
vn -0.596159 0.36626 -0.714456
v 67.345 4.8 1221.89
vn -0.652444 -0.312642 -0.690342
v 66.545 6.2 1223.85
vn -1 0 0
v 66.545 6.2 1223.85
vn -0.527707 0.848548 -0.0386229
v 66.545 6.35246 1224
vn -1 0 0
v 66.545 6.35246 1224
vn -0.645727 -0.362453 -0.67206
v 66.545 6.4 1223.76
vn -0.495545 0.708399 -0.502599
v 66.545 6.4 1223.76
vn -1 0 0
v 66.545 6.4 1223.76
vn -0.431126 0.886714 -0.16694
v 66.745 6.48594 1224.2
vn 0.200099 -0.588699 0.783195
v 66.345 7.00781 1236
vn 0.799277 -0.337047 0.49755
v 67.145 8.33281 1247.4
vn 0.517175 0.735465 0.437745
v 67.145 8.33281 1247.4
vn 0.424363 -0.88638 0.185056
v 67.145 8.33281 1247.4
vn 0.121988 -0.973478 -0.193547
v 66.345 7.78594 1250.6
vn 0.863674 -0.503803 -0.01582
v 66.945 7.88929 1250.6
vn 0.908196 -0.418488 0.00694483
v 67.0096 8 1250.6
vn 0.484512 0.831224 0.272607
v 67.0096 8 1250.6
vn 0.895744 0.218638 0.387092
v 67.345 7.92344 1249.2
vn -0.37422 -0.830178 -0.413236
v 67.345 7.92344 1249.2
vn 0.101587 -0.992793 0.0635806
v 67.345 7.92344 1249.2
vn 0.169697 -0.985193 0.0244515
v 67.345 7.92344 1249.2
vn 0.840969 -0.490558 0.228307
v 67.345 7.92344 1249.2
vn 0.108545 -0.98633 -0.123984
v 66.745 7.55781 1252
vn 0.919515 -0.384587 0.0811435
v 66.745 7.55781 1252
vn 0.453463 -0.832549 0.318173
v 66.745 7.55781 1252
vn 0.924852 -0.377876 -0.043116
v 66.945 7.78281 1250.8
vn 0.947153 -0.313873 0.0662237
v 66.945 7.86719 1251.2
vn 0.678298 -0.46519 0.568779
v 66.1802 9.8 1253
vn 0.994158 0.0845566 0.0670801
v 66.1802 9.8 1253
vn 0.437338 0.756041 0.486968
v 66.145 9.8 1253.52
vn 0.769436 -0.260082 0.583375
v 66.145 9.8 1253.52
vn 0.994158 0.0845566 0.0670801
v 66.145 9.8 1253.52
vn -0.122799 0.992211 0.0209205
v 66.335 10.4 1232.6
vn -0.477333 0.377315 -0.793591
v 66.745 10.9872 1234.2
vn -0.103602 0.805642 -0.583273
v 66.745 10.9872 1234.2
vn -0.103602 0.805642 -0.583273
v 67.145 10.8 1233.87
vn -0.0666822 0.993357 0.093782
v 67.145 10.8 1233.87
vn -0.146169 0.865512 -0.479087
v 66.7783 11.2 1238.2
vn -0.218027 0.81294 -0.539992
v 66.545 11.5609 1241.2
vn 0.474149 0.667491 0.574142
v 67.545 11.3141 1244
vn -0.237727 0.86448 0.442899
v 66.545 11.1016 1245.8
vn 0.078425 0.996154 0.0390831
v 66.945 11.0422 1246
vn 0.857846 0.343659 0.382099
v 66.7639 10.4 1250.2
vn 0.890666 0.196321 0.410088
v 66.945 10.1703 1250
vn 0.966509 -0.0942533 0.238697
v 66.945 10.1703 1250
vn 0.805956 -0.163839 0.568851
v 67.362 10.4 1249.2
vn 0.819646 -0.0544221 0.57028
v 67.345 10.6 1249.28
vn 0.536768 0.733647 0.416705
v 66.345 10.3234 1251.8
vn 0.548766 0.751795 -0.365596
v 66.632 10 1251.2
vn 0.504918 0.691724 0.516309
v 66.632 10 1251.2
vn 0.966509 -0.0942533 0.238697
v 66.632 10 1251.2
vn 0.998841 0.0478571 -0.00521976
v 66.632 10 1251.2
vn 0.998854 0.0478577 0.000247649
v 66.6341 10 1251.6
vn 0.302804 0.952695 0.026107
v 66.6318 10 1252
vn 0.672459 -0.738882 0.0430444
v 66.6318 10 1252
vn 0.998838 0.047857 0.00571505
v 66.6318 10 1252
vn 0.578829 0.733541 0.356194
v 66.6245 10.2 1251.6
vn 0.998854 0.0478577 0.000247649
v 66.6245 10.2 1251.6
vn 0.84411 0.502376 0.187339
v 66.745 10.2 1250.82
vn 0.966509 -0.0942533 0.238697
v 66.745 10.2 1250.82
vn 0.43371 0.79819 0.418077
v 66.1497 10 1253.2
vn 0.994158 0.0845566 0.0670801
v 66.1497 10 1253.2
vn 0.667888 -0.7363 0.108572
v 66.545 10 1252.73
vn 0.678298 -0.46519 0.568779
v 66.545 10 1252.73
vn 0.261551 0.860733 0.436726
v 66.82 11.8 1239.2
vn 0.178093 0.909301 0.376105
v 67.145 11.7766 1239
vn -0.125182 0.9614 -0.245028
v 66.145 11.8141 1239.6
vn -0.617801 -0.339602 -0.70922
v 68.745 6 1221.87
vn -0.473247 0.775685 -0.417552
v 67.945 6.69531 1222.8
vn -0.504141 0.701107 -0.504273
v 68.345 6.4075 1222
vn 0.205264 -0.952735 0.223971
v 68.745 5.70156 1229.6
vn 0.0950438 -0.990341 0.100955
v 68.745 8.23906 1239.4
vn 0.0932386 -0.994551 0.0466314
v 67.745 7.94219 1248.8
vn 0.984893 -0.172973 0.00811016
v 67.745 7.94219 1248.8
vn 0.984893 -0.172973 0.00811016
v 67.745 7.95156 1249
vn 0.690492 0.659366 0.297419
v 67.745 7.95156 1249
vn 0.924799 -0.349699 0.149859
v 69.145 8.8 1241.7
vn 0.924799 -0.349699 0.149859
v 69.2365 9 1241.6
vn 0.271726 -0.962374 0.00140364
v 68.9981 8.8 1242.8
vn 0.923869 -0.362366 0.123113
v 68.9981 8.8 1242.8
vn 0.604014 0.763202 0.229543
v 68.545 8.60469 1245
vn 0.115699 0.959979 -0.255058
v 68.545 8.60469 1245
vn 0 0 -1
v 68.545 8.60469 1245
vn 0.533796 0.75992 0.370922
v 68.6272 8.6 1245.2
vn 0.530156 0.753926 0.387982
v 68.545 8.65781 1245.2
vn -0.0163789 -0.987572 -0.156309
v 68.545 8.65781 1245.2
vn 0.424363 -0.88638 0.185056
v 68.7497 8.6 1245
vn 0 0 -1
v 68.7497 8.6 1245
vn 0.6759 0.675488 0.294746
v 68.7497 8.6 1245
vn 0 0.966469 -0.256783
v 68.745 8.60469 1245
vn 0 0 -1
v 68.745 8.60469 1245
vn 0.610444 0.725959 0.316769
v 68.745 8.6 1245.01
vn 0.424363 -0.88638 0.185056
v 68.745 8.6 1245.01
vn 0.534356 0.82382 0.189167
v 68.145 8.44286 1246.6
vn 0.0649614 0.986616 -0.149564
v 68.145 8.44286 1246.6
vn 0.895744 0.218638 0.387092
v 68.345 8.42969 1246.6
vn 0.229914 0.973038 0.0183315
v 68.345 8.42969 1246.6
vn -0.37422 -0.830178 -0.413236
v 67.8336 8.4 1247.8
vn 0.523294 0.818528 0.237013
v 67.8336 8.4 1247.8
vn 0.984893 -0.172973 0.00811016
v 67.8336 8.4 1247.8
vn -0.392334 0.695726 -0.601697
v 68.545 10.6391 1232.8
vn -0.282278 0.956864 -0.0687743
v 68.545 10.6391 1232.8
vn 0.233683 0.610673 0.756618
v 67.945 11.5463 1237
vn -0.140836 0.846098 -0.514084
v 68.545 11.4078 1240.4
vn 0.810576 0.0786393 0.58033
v 68.5646 11.2 1243.6
vn 0.654936 -0.755352 -0.0224083
v 68.5646 11.2 1243.6
vn 0.838668 0.454095 0.300723
v 68.5646 11.2 1243.6
vn 0.832072 0.328412 0.446992
v 68.945 11.3549 1243
vn 0.8793 0.184231 0.439192
v 69.145 11.1203 1242.8
vn 0.806065 -0.0491243 0.589785
v 67.945 10.6391 1244.4
vn 0.564763 0.817437 0.113314
v 67.9557 11 1245.6
vn 0.813457 0.558039 0.163952
v 68.145 10.7828 1245.4
vn 0.524415 0.848109 0.0754981
v 68.0664 10.8 1247.6
vn 0.627349 0.712213 0.314939
v 68.145 10.6 1248.47
vn 0.694653 -0.220589 0.684688
v 68.145 10.6 1248.47
vn 0.206189 0.978022 -0.0309822
v 68.345 11.7391 1241
vn -0.31264 -0.894687 -0.319049
v 70.745 2.8 1219.17
vn 0.614765 -0.384659 0.68855
v 69.945 3.24531 1224.6
vn 0.574634 -0.487541 0.657342
v 70.345 2.2193 1223.6
vn 0.714378 -0.508768 0.480437
v 70.545 8.28948 1238.2
vn 0.679173 0.702893 0.211342
v 70.545 8.79 1238.6
vn 0.787628 0.526022 0.320849
v 70.745 8.6 1238.26
vn 0.697374 0.680252 0.22567
v 69.3891 9 1240.8
vn 0.924918 -0.336726 0.176474
v 69.3891 9 1240.8
vn 0.808416 -0.367481 0.459806
v 69.3891 9 1240.8
vn 0.382182 -0.834069 0.397826
v 69.3891 9 1240.8
vn -0.478454 0.639535 -0.601729
v 69.945 10.5422 1228.6
vn -0.215568 0.604319 -0.767026
v 70.545 10.8797 1230
vn -0.373182 0.71171 -0.59515
v 70.545 11.1859 1232.2
vn -0.103602 0.805642 -0.583273
v 70.745 11.0672 1233.6
vn 0.222609 0.974234 -0.0362331
v 70.745 11.0672 1233.6
vn 0.368043 0.581462 -0.725566
v 70.745 11.1828 1234
vn -0.0147503 0.986051 -0.165787
v 70.745 11.1828 1234
vn 0.650522 -0.712694 0.262465
v 70.7789 11 1235.4
vn 0.853648 0 0.520851
v 70.7789 11 1235.4
vn 0.731645 0.429469 0.529388
v 70.8063 11.2 1235.2
vn 0.866812 0.166875 0.469882
v 69.8417 10.8 1237.2
vn 0.233683 0.610673 0.756618
v 70.02 11 1236.8
vn 0.24639 0.946796 0.207048
v 70.02 11 1236.8
vn -0.0923077 0.933279 -0.347086
v 70.02 11 1236.8
vn 0.850704 0.252276 0.46115
v 70.02 11 1236.8
vn 0.664715 -0.743282 -0.0754043
v 70.02 11 1236.8
vn 0.758426 0.646056 -0.0860348
v 70.02 11 1236.8
vn 0.758426 0.646056 -0.0860348
v 70.0654 11 1237.2
vn 0 0 -1
v 70.0654 11 1237.2
vn 0.758426 0.646056 -0.0860348
v 69.945 11.1413 1237.2
vn 0 0 -1
v 69.945 11.1413 1237.2
vn 0 0 -1
v 70.345 11.2109 1237.2
vn 0.602153 -0.798253 0.0142801
v 70.345 11.2109 1237.2
vn 0.620697 0.783925 -0.0140238
v 70.345 11.2145 1237.4
vn 0.893862 -0.409042 0.183563
v 70.1424 11.4 1238.8
vn 0.269924 0.949545 0.159703
v 69.7634 11.2 1240.2
vn 0.965416 0.116632 0.233172
v 69.7634 11.2 1240.2
vn 0.916726 0.284018 0.280974
v 69.345 11.4641 1241.8
vn 0.318318 0.947865 -0.0150404
v 69.745 11.6 1238.77
vn -0.512719 0.70347 -0.492188
v 71.345 5.4 1218.72
vn -0.422532 0.898147 -0.121652
v 71.345 5.4 1218.72
vn 0.324462 -0.808688 0.49066
v 71.545 6.57969 1229.6
vn -0.0845004 -0.987215 -0.135153
v 71.545 6.57969 1229.6
vn 0.341027 -0.523027 0.781117
v 71.545 8 1235.42
vn 0.994031 0.104512 -0.0313118
v 71.545 8 1235.42
vn 0.677788 0.679485 0.280898
v 71.545 8 1235.42
vn 0.0143014 -0.999687 -0.0205435
v 71.345 8.32969 1236.8
vn 0.968614 0.158937 0.191118
v 71.345 8.32969 1236.8
vn 0.701548 -0.600529 0.38366
v 71.345 8.32969 1236.8
vn 0.148075 -0.632358 -0.760393
v 71.345 8.32969 1236.8
vn 0.994031 0.104512 -0.0313118
v 71.3091 9.4 1232.6
vn 0.648017 0.7286 0.221848
v 71.3091 9.4 1232.6
vn 0.341027 -0.523027 0.781117
v 71.345 8.44131 1235.8
vn 0.724672 -0.680309 0.10968
v 71.345 8.44131 1235.8
vn 0.994031 0.104512 -0.0313118
v 71.494 8.6 1235.8
vn 0.955761 0.227498 0.186457
v 71.494 8.6 1235.8
vn 0.696528 0.704545 0.135884
v 71.494 8.6 1235.8
vn 0.724672 -0.680309 0.10968
v 71.494 8.6 1235.8
vn 0.148075 -0.632358 -0.760393
v 71.145 8.52344 1236.6
vn 0.66147 0.708124 0.247019
v 71.145 8.6 1237.59
vn 0.962776 0.193336 0.188903
v 71.145 8.6 1237.59
vn 0.225238 -0.961883 0.155075
v 71.345 8.57027 1236.6
vn 0.148075 -0.632358 -0.760393
v 71.345 8.57027 1236.6
vn 0.724672 -0.680309 0.10968
v 71.345 8.57027 1236.6
vn 0.591233 0.748843 0.299463
v 71.145 10.8 1233.9
vn 0.368043 0.581462 -0.725566
v 71.145 10.8 1233.9
vn 1 0 0
v 71.145 10.8 1233.9
vn 0.865641 0.174941 0.469106
v 71.145 10.8 1233.9
vn 0.986707 0.00881634 -0.162272
v 71.145 10.8922 1234.2
vn 0.146706 0.984358 -0.0975504
v 71.145 11.2 1234.22
vn 0.986707 0.00881634 -0.162272
v 71.145 11.2 1234.22
vn 0.853648 0 0.520851
v 71.145 11.1098 1234.8
vn -0.04086 0 0.999165
v 71.145 11.1098 1234.8
vn 0.617211 0.512636 0.596872
v 71.145 11.2578 1234.8
vn 0.853648 0 0.520851
v 71.145 11.2578 1234.8
vn -0.04086 0 0.999165
v 71.145 11.2578 1234.8
vn 0.379563 -0.869766 0.315339
v 71.345 11.2 1234.81
vn 0.280022 0.955314 -0.0946722
v 71.345 11.2 1234.81
vn -0.04086 0 0.999165
v 71.345 11.2 1234.81
vn 0.579134 -0.509153 0.636685
v 73.145 1.96406 1221
vn -0.579367 0.603744 -0.547565
v 73.72 3.2 1216
vn -0.666326 -0.256278 -0.700237
v 72.745 4.4 1216.91
vn -0.439927 0.865342 -0.240099
v 73.7275 6.2 1216.6
vn -0.262158 0.962326 0.0721209
v 73.945 6.30156 1217.2
vn -0.415759 0.818511 -0.396464
v 72.745 7.4 1218.9
vn -0.211443 0.966469 0.145702
v 73.345 8.3623 1220.2
vn -0.480382 0.611168 -0.629052
v 73.545 10.9016 1226.2
vn 0.886232 -0.0802994 0.456229
v 73.6497 10.8 1227.8
vn 0.679914 0.605635 0.413429
v 73.6497 10.8 1227.8
vn 0.816094 0.432048 0.383829
v 72.945 10.7203 1229.2
vn -0.215568 0.604319 -0.767026
v 72.945 10.7203 1229.2
vn 0.767649 -0.541072 -0.343447
v 72.945 10.7203 1229.2
vn 0.595088 0.497361 -0.63127
v 72.945 10.7203 1229.2
vn 0.76846 0.556149 0.316492
v 72.9497 10.6 1229.4
vn 0.767649 -0.541072 -0.343447
v 72.9497 10.6 1229.4
vn 0.651879 -0.724108 0.225213
v 73.0907 10.8 1229.4
vn 0.595088 0.497361 -0.63127
v 73.0907 10.8 1229.4
vn -0.403881 -0.203788 -0.891824
v 73.0907 10.8 1229.4
vn 0.425535 -0.400854 -0.811317
v 73.0907 10.8 1229.4
vn -0.215568 0.604319 -0.767026
v 72.945 11 1229.42
vn 0.595088 0.497361 -0.63127
v 72.945 11 1229.42
vn -0.403881 -0.203788 -0.891824
v 72.945 11 1229.42
vn -0.362861 0.475746 -0.801247
v 72.945 11 1229.42
vn -0.12386 0.506612 -0.853231
v 73.145 11 1229.33
vn 0.425535 -0.400854 -0.811317
v 73.145 11 1229.33
vn -0.12386 0.506612 -0.853231
v 73.145 11.1184 1229.4
vn 0.214694 0.886802 -0.409255
v 73.145 11.1184 1229.4
vn 0.821722 0.45294 0.345859
v 73.2152 11 1229.8
vn 0.927708 -0.196668 -0.3173
v 73.2152 11 1229.8
vn 0.214694 0.886802 -0.409255
v 73.1892 11.2 1229.6
vn 0.821722 0.45294 0.345859
v 73.1892 11.2 1229.6
vn 0.927708 -0.196668 -0.3173
v 73.1892 11.2 1229.6
vn 0.399165 0.906658 -0.136524
v 73.1892 11.2 1229.6
vn 0.122668 0.506687 -0.853358
v 73.345 11.07 1229.4
vn 0.214694 0.886802 -0.409255
v 73.345 11.07 1229.4
vn 0.821722 0.45294 0.345859
v 73.345 11.07 1229.4
vn 0.425535 -0.400854 -0.811317
v 73.345 11.07 1229.4
vn 0.865641 0.174941 0.469106
v 72.945 11 1230.5
vn 0.129498 0.346476 0.929077
v 72.945 11 1230.5
vn 0.865641 0.174941 0.469106
v 72.945 11.2 1230.43
vn 0.129498 0.346476 0.929077
v 72.945 11.2 1230.43
vn 0.129498 0.346476 0.929077
v 73.145 11.1933 1230.4
vn 0.228783 0.907455 0.352397
v 73.145 11.1933 1230.4
vn 0.563546 -0.764746 0.312376
v 73.345 11.2 1230.06
vn 0.430451 0.899594 0.0737796
v 73.345 11.2 1230.06
vn -0.648563 -0.137972 -0.748551
v 74.745 3.4 1215.14
vn -0.667507 -0.254171 -0.69988
v 74.545 4.37258 1215.2
vn -0.344534 -0.744722 -0.571564
v 74.545 4.37258 1215.2
vn -0.450087 -0.160585 -0.878427
v 74.545 4.37258 1215.2
vn -0.640639 0.486346 -0.594179
v 75.0184 4 1215.4
vn -0.450087 -0.160585 -0.878427
v 74.945 4.4 1214.99
vn -0.717959 0.272743 -0.640427
v 74.945 4.4 1214.99
vn -0.486281 0.717189 -0.49917
v 74.1937 7 1218
vn 0.922587 -0.0865402 0.375957
v 75.3085 7.4 1227.6
vn 0.416114 -0.883364 0.215678
v 74.2392 7.8 1229.4
vn 0.687678 0.674594 0.268369
v 74.2392 7.8 1229.4
vn 0.938008 0.0445647 0.343736
v 74.945 7.3371 1228.6
vn 0.740145 0.598451 0.306661
v 74.945 7.3371 1228.6
vn -0.27878 0.883431 -0.376605
v 75.545 10.8078 1223.2
vn 0.0281187 0.817753 0.574882
v 75.2812 10.6 1224.4
vn 0.624855 0.325322 0.709733
v 75.2812 10.6 1224.4
vn 0.555239 0.77981 0.289146
v 75.2812 10.6 1224.4
vn 0.0281187 0.817753 0.574882
v 75.145 10.8 1224.12
vn 0.493979 0.824845 0.274983
v 75.145 10.8 1224.12
vn 0.645052 0.70397 0.297211
v 74.2013 11 1226.6
vn 0.466746 0.835409 -0.29024
v 74.345 10.7547 1225.6
vn 0.429765 0.864945 0.259176
v 74.345 10.7547 1225.6
vn 0.985831 0.127586 0.108897
v 74.5126 10.8 1226
vn 0.610491 0.789151 -0.0673887
v 74.345 10.9797 1226.2
vn 0.427598 0.860584 -0.276685
v 74.6563 10.6 1225.6
vn 0.948862 0.062873 0.309368
v 74.6563 10.6 1225.6
vn 0.493979 0.824845 0.274983
v 74.6563 10.6 1225.6
vn 0.985831 0.127586 0.108897
v 74.545 10.6 1225.94
vn 0.670565 0.720397 0.177117
v 74.545 10.8 1226.33
vn 0.977706 0.186462 -0.0965548
v 74.545 10.8 1226.33
vn -0.376075 -0.821472 -0.428662
v 75.745 2.69219 1214.4
vn -0.207079 0.949748 -0.234726
v 77.145 5.04902 1212.8
vn -0.429098 -0.385613 -0.816809
v 77.145 5.04902 1212.8
vn -0.174969 0.642237 -0.746269
v 77.145 5.04902 1212.8
vn -0.450087 -0.160585 -0.878427
v 75.745 5.2 1214.43
vn -0.717959 0.272743 -0.640427
v 75.745 5.2 1214.43
vn -0.274907 0.898135 -0.343191
v 75.745 5.2 1214.43
vn -0.599212 0.0567596 -0.798576
v 75.745 5.6 1214.51
vn -0.602149 0.625325 -0.496372
v 75.9815 6 1214.8
vn -0.589932 0.678764 -0.437332
v 76.145 5.8 1214.27
vn 0.875913 -0.034993 0.481199
v 76.7292 6.4 1224
vn 0.638582 0.767356 0.0581217
v 76.745 6.79531 1224
vn 0.922587 -0.0865402 0.375957
v 76.145 6.76094 1225.4
vn 0.0624176 -0.970696 -0.232065
v 76.145 6.76094 1225.4
vn 0.733547 -0.641833 -0.223516
v 76.145 6.76094 1225.4
vn -0.445302 0.784961 -0.430745
v 76.6283 6.8 1214.4
vn 0.934475 0.0448864 0.353188
v 76.345 6.8 1224.8
vn 0.690894 -0.604513 0.396521
v 76.345 6.8 1224.8
vn 0.948794 0.0858366 0.304011
v 76.3925 7 1224.6
vn 0.690894 -0.604513 0.396521
v 76.145 6.83061 1225.2
vn 0.733547 -0.641833 -0.223516
v 76.145 6.83061 1225.2
vn 0.890131 -0.216047 0.401235
v 76.2932 7 1225.2
vn 0.690894 -0.604513 0.396521
v 76.2932 7 1225.2
vn 0.98435 -0.0670745 0.162961
v 76.2932 7 1225.2
vn 0.733547 -0.641833 -0.223516
v 76.2932 7 1225.2
vn 0.180343 0.742036 0.645646
v 76.945 9.98814 1220.2
vn 0.752622 0.574131 0.322387
v 76.945 9.98814 1220.2
vn 0.366556 0.920547 0.13502
v 76.945 9.98814 1220.2
vn 0.180343 0.742036 0.645646
v 77.0028 9.8 1220.4
vn 0.752622 0.574131 0.322387
v 77.0028 9.8 1220.4
vn 0.836945 0.541493 0.0794228
v 75.8568 10.2 1222.4
vn 0.727489 0.470676 -0.499223
v 75.8568 10.2 1222.4
vn 0.366556 0.920547 0.13502
v 75.945 10.093 1222.2
vn 0.836945 0.541493 0.0794228
v 75.945 10.093 1222.2
vn 0.752622 0.574131 0.322387
v 75.945 10.0636 1222.4
vn 0.366556 0.920547 0.13502
v 75.945 10.0636 1222.4
vn 0.836945 0.541493 0.0794228
v 75.945 10.0636 1222.4
vn 0.851175 0.360068 -0.381907
v 75.945 10.0636 1222.4
vn 0.833102 0.424686 -0.354378
v 75.945 10.7 1223
vn 0.875834 0.395774 -0.276185
v 76.026 10.8 1223.4
vn 0.641112 0.319783 0.697649
v 75.745 10.8 1223.9
vn 0.0281187 0.817753 0.574882
v 75.745 11 1223.81
vn 0.641112 0.319783 0.697649
v 75.745 11 1223.81
vn 0.091248 0.969873 -0.225875
v 75.9623 11 1223.6
vn 0.784973 0.544764 -0.295042
v 75.9623 11 1223.6
vn 0.657085 0.314103 0.685258
v 75.9623 11 1223.6
vn -0.638249 -0.236435 -0.732623
v 77.745 4 1212.24
vn -0.793774 0.57716 -0.191857
v 78.3369 4.6 1212
vn -0.836332 0.509595 -0.202143
v 78.6761 5 1211.8
vn -0.353046 0.873356 0.335571
v 78.6761 5 1211.8
vn -0.52376 0.851632 -0.0199658
v 78.6761 5 1211.8
vn -0.609596 -0.33549 -0.718219
v 78.745 5 1211.52
vn -0.559521 -0.0997242 -0.822795
v 77.345 5.4 1213.47
vn -0.60574 -0.165256 -0.778312
v 78.145 5.6 1212.82
vn 0.968361 0.194218 0.156705
v 78.0725 5.8 1220.2
vn 0.665308 0.746363 0.0175108
v 77.8195 6 1221.6
vn 0.620641 -0.531307 0.576643
v 77.8195 6 1221.6
vn 0.968361 0.194218 0.156705
v 78.0802 5.6 1220.4
vn 0.860868 -0.363069 0.356492
v 78.0802 5.6 1220.4
vn 0.818874 -0.529517 0.221489
v 78.0817 5.8 1220.6
vn 0.664536 0.746937 0.021848
v 78.0817 5.8 1220.6
vn 0.779694 0.621 0.0802299
v 78.02 5.8 1221.2
vn 0.421869 -0.849401 0.317087
v 77.545 5.97344 1222.4
vn 0.996669 -0.0795811 -0.0178302
v 77.545 5.97344 1222.4
vn 0.711066 0.439281 0.549015
v 77.545 5.97344 1222.4
vn 0.996669 -0.0795811 -0.0178302
v 77.5595 6.2 1222.2
vn 0.711066 0.439281 0.549015
v 77.5595 6.2 1222.2
vn 0.855522 -0.0341784 0.516637
v 77.5667 6.2 1222.6
vn 0.598812 0.800887 -0.00187885
v 77.5667 6.2 1222.6
vn 0.996669 -0.0795811 -0.0178302
v 77.5667 6.2 1222.6
vn 0.596961 0.802271 0.00030186
v 77.8375 6 1222
vn 0.711066 0.439281 0.549015
v 77.8375 6 1222
vn -0.0121204 0.837391 0.546469
v 77.5256 8.6 1216.6
vn 0.754855 0.518951 -0.401103
v 78.6653 8.6 1216.8
vn -0.00592728 0.884697 0.466129
v 78.545 8.95781 1216
vn -0.319812 0.435517 -0.841454
v 78.545 8.8 1216.83
vn 0.769164 0.379523 0.514149
v 78.545 8.8 1216.83
vn 0.754855 0.518951 -0.401103
v 78.545 8.8 1216.83
vn 0.830595 -0.339595 -0.441348
v 78.545 8.8 1216.83
vn 0.316088 0.436091 -0.842563
v 78.545 8.8 1216.83
vn 0.754855 0.518951 -0.401103
v 78.6341 8.8 1217
vn 0.830595 -0.339595 -0.441348
v 78.6341 8.8 1217
vn 0.316088 0.436091 -0.842563
v 78.545 9 1216.94
vn 0.293681 -0.548563 -0.782835
v 78.545 9 1216.94
vn 0.316088 0.436091 -0.842563
v 78.7158 9 1217
vn 0.293681 -0.548563 -0.782835
v 78.7158 9 1217
vn 0.820534 -0.44726 0.355924
v 78.7158 9 1217
vn 0.782483 -0.557542 -0.277249
v 78.7158 9 1217
vn -0.314844 -0.0192866 -0.948947
v 78.93 9.4 1216.8
vn -0.173042 0.933746 -0.313329
v 78.93 9.4 1216.8
vn 0.782483 -0.557542 -0.277249
v 78.93 9.4 1216.8
vn 0.997198 0 -0.0748051
v 78.93 9.4 1216.8
vn -0.232499 0.965588 -0.116553
v 77.345 8.62895 1217.2
vn -0.327321 0.860705 -0.389934
v 77.7369 9.2 1217.2
vn -0.383882 0.848666 -0.363869
v 77.945 9.68594 1218.2
vn 0.450101 0.889557 -0.0780909
v 77.945 9.68594 1218.2
vn 0.859855 -0.198615 0.47032
v 78.145 9.6 1218.3
vn 0.435197 0.895167 -0.0963312
v 78.145 9.6 1218.3
vn -0.232793 0.966727 -0.106053
v 78.145 9.6 1218.3
vn 0.233892 0.878613 0.416333
v 78.145 9.6 1218.3
vn 0.049749 0.998282 -0.0309553
v 78.345 9.40781 1217.2
vn 0.833326 -0.0265871 0.552142
v 78.345 9.44844 1217.8
vn 0.306773 0.934923 0.178353
v 78.6355 9.4 1217.4
vn 0.0779326 0.996956 -0.00231057
v 78.545 9.42344 1217.6
vn 0.801554 -0.0401257 0.596575
v 78.745 9.43594 1217.2
vn 0.295057 0.899217 0.323032
v 78.745 9.43594 1217.2
vn -0.251154 0.96661 -0.0508586
v 77.345 9.48361 1219
vn 0.0663379 0.249197 -0.966178
v 77.345 9.48361 1219
vn 0.233892 0.878613 0.416333
v 77.345 9.48361 1219
vn 0.0663379 0.249197 -0.966178
v 77.6591 9.4 1219
vn 0.233892 0.878613 0.416333
v 77.6591 9.4 1219
vn 0.90265 0.324712 -0.282462
v 77.6591 9.4 1219
vn 0.90265 0.324712 -0.282462
v 77.6497 9.6 1219.2
vn 0.583812 -0.114831 -0.803727
v 77.6497 9.6 1219.2
vn 0.0663379 0.249197 -0.966178
v 77.545 9.8 1219.1
vn 0.90265 0.324712 -0.282462
v 77.545 9.8 1219.1
vn 0.583812 -0.114831 -0.803727
v 77.545 9.8 1219.1
vn 0.228284 0.96195 0.150127
v 77.345 10 1220.07
vn 0.819376 -0.356855 0.44864
v 77.345 10 1220.07
vn 0.583812 -0.114831 -0.803727
v 77.745 10 1219.21
vn 0.446173 0.870699 0.20691
v 77.745 10 1219.21
vn 0.884329 -0.223112 0.410102
v 77.745 10 1219.21
vn -0.483491 -0.3783 -0.789383
v 79.3575 2.8 1211.4
vn 0.23923 -0.955297 0.173714
v 80.345 2.28281 1214.4
vn -0.608876 0.233181 -0.758219
v 78.945 3.8 1211.32
vn -0.476917 -0.623483 -0.619531
v 78.945 3.8 1211.32
vn -0.484913 -0.302169 -0.820703
v 78.945 3.8 1211.32
vn -0.636533 0.420427 -0.64658
v 78.945 3.8 1211.32
vn 0.873877 0.360299 0.326379
v 79.9942 4.4 1216.6
vn 0.75498 -0.408186 0.513215
v 79.9942 4.4 1216.6
vn -0.178973 0.983849 0.00316851
v 80.345 5.67969 1210.2
vn -0.552525 0.335711 -0.762899
v 79.0704 5.4 1211
vn -0.362307 0.925882 0.10713
v 79.0704 5.4 1211
vn -0.581355 -0.422428 -0.6954
v 79.0704 5.4 1211
vn -0.490934 0.86969 -0.0512159
v 79.345 5.4 1211.31
vn -0.48665 0.623265 -0.612137
v 79.345 5.4 1211.31
vn -0.266365 -0.455938 -0.849217
v 79.345 5.96875 1211.8
vn -0.508162 0.60032 -0.617565
v 79.545 5.52969 1211.6
vn -0.569579 0.111615 -0.814323
v 79.545 5.52969 1211.6
vn -0.389047 -0.21302 -0.89625
v 79.903 6.4 1211.4
vn -0.476131 0.565459 -0.673465
v 79.903 6.4 1211.4
vn -0.615688 0.0794744 -0.783972
v 78.945 6.81476 1212.2
vn 0.324302 0.909578 0.2598
v 80.345 8.10469 1213.2
vn 0.911334 0.409672 -0.0404722
v 80.345 8 1213.72
vn 0.836859 0.2758 0.472864
v 80.1687 8.4 1213.8
vn 0.911334 0.409672 -0.0404722
v 80.1687 8.4 1213.8
vn 0.785722 0.578049 0.220227
v 79.545 8.6 1215.36
vn 0.911334 0.409672 -0.0404722
v 80.145 8.49219 1214.2
vn 0.820302 0.423411 0.384484
v 80.145 8.49219 1214.2
vn 0.881039 -0.0930322 0.463805
v 80.145 8.49219 1214.2
vn 0.0544022 0.817507 0.573344
v 78.945 8.8 1216.23
vn 0.802348 0.228916 0.551212
v 78.945 8.8 1216.23
vn -0.0739309 0.98887 -0.129116
v 79.1093 9 1216
vn 0.802035 0.0880797 0.590747
v 79.1093 9 1216
vn 0.710214 0.702578 0.0444977
v 79.1093 9 1216
vn 0.728014 -0.518731 0.448235
v 78.945 9.32162 1217
vn 0.997198 0 -0.0748051
v 78.945 9.32162 1217
vn 0.677226 0 0.735775
v 78.945 9.32162 1217
vn 0.692637 -0.0237307 0.720896
v 78.945 9.44531 1217
vn 0.997198 0 -0.0748051
v 78.945 9.44531 1217
vn 0.785722 0.578049 0.220227
v 79.145 8.97656 1215.8
vn 0.8944 0.271636 0.355334
v 81.4591 3.4 1213.8
vn -0.568178 -0.21902 -0.793224
v 80.545 3.60469 1210.4
vn -0.42098 -0.711739 -0.56232
v 80.545 3.8 1210.09
vn 0.0317252 -0.993156 -0.112404
v 80.545 3.8 1210.09
vn -0.634912 0.404381 -0.658302
v 81.145 4.17667 1209.4
vn -0.510137 0.83368 -0.211514
v 81.145 4.17667 1209.4
vn 0.8775 0.28934 0.382459
v 80.7653 3.8 1215
vn 0.862907 0.401235 0.307248
v 81.3684 3.6 1214
vn -0.650375 -0.199633 -0.732912
v 80.945 5.2 1209.55
vn -0.605639 0.165578 -0.778322
v 80.945 5.2 1209.55
vn -0.279062 0.875056 -0.395477
v 80.945 5.65439 1209.6
vn -0.58862 0.574127 -0.569126
v 81.745 6.57174 1210.6
vn -0.18214 0.190431 -0.964656
v 81.745 6.57174 1210.6
vn -0.257326 -0.885237 0.387477
v 81.745 6.57174 1210.6
vn -0.593518 0.620535 0.512515
v 81.745 6.57174 1210.6
vn 0.466251 0.78496 0.407981
v 81.745 6.57174 1210.6
vn 0.701883 -0.271368 -0.658574
v 81.745 6.57174 1210.6
vn -0.10177 0.977033 -0.187215
v 81.745 6.57174 1210.6
vn -0.469901 0.133791 -0.872521
v 81.745 6.57174 1210.6
vn -0.593518 0.620535 0.512515
v 81.7746 6.6 1210.6
vn -0.760376 0.0580988 0.646879
v 81.7746 6.6 1210.6
vn -0.659961 -0.489569 0.569889
v 81.7746 6.6 1210.6
vn -0.593518 0.620535 0.512515
v 81.945 6.6 1210.8
vn -0.659961 -0.489569 0.569889
v 81.945 6.6 1210.8
vn 0.759599 -0.316314 0.56829
v 81.945 6.6 1210.8
vn 0.466251 0.78496 0.407981
v 81.8591 6.4 1210.8
vn 0.699263 -0.294464 -0.651401
v 81.8591 6.4 1210.8
vn 0.723144 -0.349238 0.595899
v 81.9433 6.6 1210.8
vn -0.659961 -0.489569 0.569889
v 81.945 6.60313 1210.8
vn 0.703046 -0.259671 -0.66204
v 81.945 6.60313 1210.8
vn 0.729558 -0.373951 0.572631
v 81.945 6.60313 1210.8
vn 0.711179 -0.139674 -0.688996
v 81.7898 6.8 1210.6
vn -0.284721 -0.304138 -0.909084
v 81.7898 6.8 1210.6
vn -0.463583 0.0910465 -0.881363
v 81.7898 6.8 1210.6
vn -0.14807 0.912689 0.380886
v 80.545 7.83281 1212
vn -0.352809 0.0926134 -0.931101
v 80.945 7.725 1211.6
vn 0.228825 0.923723 -0.307204
v 80.945 7.83281 1212.2
vn 0.940835 0.0938069 0.325623
v 81.145 7.6 1212.35
vn -0.0781528 0.884934 0.459112
v 81.145 7.8 1212.3
vn 0.546643 0.231804 0.804641
v 81.145 7.8 1212.3
vn 0.940835 0.0938069 0.325623
v 81.145 7.8 1212.3
vn -0.232236 0.298182 -0.925826
v 81.5974 8.2 1211.4
vn 0.592879 0.16064 0.789106
v 81.745 8.11094 1211.8
vn -0.262488 0.472031 -0.841598
v 81.945 8.27031 1211.4
vn 0.25528 0.850943 -0.459051
v 81.945 8.27031 1211.4
vn 0.842648 0.0259112 0.537842
v 80.6396 8 1213.2
vn 0.323481 0.910292 0.258318
v 80.6396 8 1213.2
vn 0.367069 0.928407 0.0576291
v 80.945 8 1212.82
vn 0.940835 0.0938069 0.325623
v 80.945 8 1212.82
vn -0.314033 -0.684094 -0.658331
v 83.345 2.68281 1209.8
vn 0.799661 -0.592452 -0.0976889
v 83.345 2.68281 1209.8
vn 0.343327 -0.938978 0.0211345
v 83.345 2.68281 1209.8
vn 0.376009 -0.924529 -0.0621629
v 83.345 2.81187 1209.6
vn 0.673666 -0.621047 -0.400593
v 83.345 2.81187 1209.6
vn 0.672961 -0.620397 0.402779
v 83.345 2.81187 1209.6
vn 0.800137 0.454148 0.39183
v 83.4091 2.8 1210
vn 0.672961 -0.620397 0.402779
v 83.5184 3 1209.6
vn 0.291917 -0.947898 0.127566
v 82.145 2.28906 1211.8
vn 0.795629 0.498458 0.344259
v 83.0077 2.6 1211.6
vn 0.364654 -0.920212 0.142258
v 83.0077 2.6 1211.6
vn 0.774287 -0.622024 0.116475
v 83.0077 2.6 1211.6
vn -0.400998 -0.736353 -0.544963
v 82.5543 4.4 1207.8
vn 0.757195 0.513789 0.403331
v 83.7153 3.6 1209
vn 0.773387 0.534068 0.341531
v 82.945 6.02969 1209
vn 0.292037 0.908322 -0.299442
v 82.945 6.02969 1209
vn -0.535937 0.546236 -0.643738
v 83.345 5.4 1208.03
vn -0.539306 0.0841868 -0.837891
v 83.345 5.4 1208.03
vn -0.10177 0.977033 -0.187215
v 82.145 6.49844 1210
vn 0.159609 0.851253 -0.499893
v 82.145 6.49844 1210
vn 0.179 0.954675 0.237812
v 82.145 6.49844 1210
vn 0.580862 0.799458 -0.153189
v 82.145 6.49844 1210
vn -0.257326 -0.885237 0.387477
v 82.145 6.4 1210.47
vn 0.466251 0.78496 0.407981
v 82.145 6.4 1210.47
vn -0.10177 0.977033 -0.187215
v 82.145 6.6 1210.53
vn 0.735868 -0.318247 0.597676
v 82.145 6.6 1210.53
vn 0.580862 0.799458 -0.153189
v 82.145 6.6 1210.53
vn 0.874209 -0.210312 -0.437639
v 82.145 6.6 1210.53
vn 0.179 0.954675 0.237812
v 82.345 6.4 1210.24
vn 0.580862 0.799458 -0.153189
v 82.345 6.4 1210.24
vn 1 0 0
v 82.545 5.8 1209.72
vn 0.159609 0.851253 -0.499893
v 82.545 6.18853 1209.6
vn 0.76152 0.384901 0.521478
v 82.545 6.18853 1209.6
vn 1 0 0
v 82.545 6.18853 1209.6
vn 0.179 0.954675 0.237812
v 82.545 6.42344 1210
vn 0.758627 -0.265983 0.594758
v 82.545 6.42344 1210
vn 1 0 0
v 82.545 6.42344 1210
vn 0.899144 0.188344 0.395053
v 83.0153 5.8 1209.2
vn 0.758364 -0.201906 -0.619772
v 82.145 7.4 1210.27
vn 0.251453 0.652292 -0.715043
v 82.345 7.6 1210.45
vn 0.715261 0.56782 -0.407409
v 82.345 7.6 1210.45
vn 0.270716 0.902398 -0.335248
v 82.145 8.10238 1211.2
vn 0.231442 0.790437 -0.567136
v 82.345 8 1211.01
vn 0.281221 0.937417 -0.205338
v 82.345 8 1211.01
vn 0.705981 0.540244 -0.45796
v 82.345 8 1211.01
vn 0.527517 0.664997 0.528682
v 82.4863 8 1211.2
vn 0.270716 0.902398 -0.335248
v 82.4863 8 1211.2
vn 0.694299 0.51083 -0.506953
v 82.4863 8 1211.2
vn 0.655808 -0.361165 0.66293
v 82.545 7.8 1211.08
vn 0.94926 -0.208904 -0.235084
v 82.545 7.8 1211.08
vn 0.579695 -0.812998 -0.0546639
v 83.745 3.02833 1208.8
vn -0.185647 -0.805826 -0.562298
v 83.945 3.56406 1207.8
vn 0.752087 -0.657579 -0.0442139
v 84.145 3.55306 1207.8
vn 0.995846 0 0.0910578
v 84.145 3.55306 1207.8
vn 0.672961 -0.620397 0.402779
v 83.745 3 1209.22
vn 0.917452 0.13392 0.374631
v 83.745 3 1209.22
vn -0.369388 -0.763009 -0.530442
v 84.145 3.8 1207.58
vn -0.0363604 -0.66099 -0.749513
v 84.145 3.8 1207.58
vn 0.94098 0.0876001 0.326929
v 84.145 3.8 1207.58
vn -0.378888 -0.790845 -0.480633
v 84.145 3.8 1207.58
vn 0.989401 0.145208 0
v 84.145 3.8 1207.58
vn -0.614943 -0.115438 -0.780076
v 84.145 3.8 1207.58
vn -0.390429 -0.730226 -0.560657
v 84.345 4.29365 1206.8
vn 0.977413 -0.112087 0.179166
v 84.345 4.29365 1206.8
vn 0.72214 -0.36688 0.586442
v 84.345 4.29365 1206.8
vn 0.925265 -0.047475 0.376339
v 84.345 5 1207.24
vn 0.72214 -0.36688 0.586442
v 84.345 5 1207.24
vn 0.932255 0.137296 0.334738
v 84.345 5 1207.24
vn 0.789311 0.522434 0.322568
v 84.345 5 1207.24
vn 0.149517 -0.987351 -0.0527602
v 84.545 4.34531 1206.4
vn 0.124193 -0.758394 -0.639856
v 84.545 4.34531 1206.4
vn -0.42098 -0.711739 -0.56232
v 84.545 4.4 1206.34
vn 0.154874 -0.582511 -0.797932
v 84.545 4.4 1206.34
vn 0.72214 -0.36688 0.586442
v 84.745 4.4 1206.37
vn 0.264697 -0.9643 0.00780454
v 84.745 4.4 1206.37
vn 0.932255 0.137296 0.334738
v 84.745 4.4 1206.37
vn 0.325418 0.912666 -0.247275
v 84.745 4.6 1206.29
vn 0.176749 -0.373504 -0.910634
v 84.745 4.6 1206.29
vn 0.932255 0.137296 0.334738
v 84.745 4.6 1206.29
vn -0.378888 -0.790845 -0.480633
v 84.1226 3.8 1207.6
vn -0.857005 -0.160878 0.489551
v 84.1226 3.8 1207.6
vn -0.614943 -0.115438 -0.780076
v 84.1226 3.8 1207.6
vn 0.95783 0.287337 0
v 84.085 4 1207.6
vn -0.614943 -0.115438 -0.780076
v 84.085 4 1207.6
vn 0.976643 0.0580062 0.20689
v 84.145 3.66765 1207.8
vn 0.914252 0.346221 0.210414
v 84.145 3.66765 1207.8
vn -0.743751 0.516073 0.424856
v 84.145 3.66765 1207.8
vn -0.378888 -0.790845 -0.480633
v 84.145 3.66765 1207.8
vn -0.857005 -0.160878 0.489551
v 84.145 3.8 1207.64
vn 0.995315 0.0966894 0
v 84.145 3.8 1207.64
vn -0.579174 0.50108 -0.643021
v 83.745 5.31094 1207.6
vn 0.308876 0.910933 -0.27349
v 83.745 5.31094 1207.6
f 6//6 1//1 9//9
f 2//2 4853//4853 4861//4861
f 9//9 1//1 11//11
f 14//14 4863//4863 4854//4854
f 10//10 6//6 9//9
f 4855//4855 4856//4856 372//372
f 372//372 373//373 4855//4855
f 373//373 388//388 4855//4855
f 3//3 5//5 42//42
f 4860//4860 4//4 7//7
f 4860//4860 4857//4857 4//4
f 374//374 4862//4862 4859//4859
f 22//22 4//4 4857//4857
f 5//5 24//24 42//42
f 5//5 8//8 24//24
f 10//10 8//8 5//5
f 7//7 4861//4861 4860//4860
f 6//6 10//10 5//5
f 2//2 4861//4861 7//7
f 8//8 10//10 24//24
f 9//9 11//11 10//10
f 11//11 12//12 10//10
f 12//12 13//13 10//10
f 10//10 13//13 26//26
f 4864//4864 4863//4863 14//14
f 4870//4870 4866//4866 4865//4865
f 4891//4891 4867//4867 29//29
f 4855//4855 388//388 4871//4871
f 388//388 390//390 4871//4871
f 4868//4868 18//18 4894//4894
f 18//18 33//33 4894//4894
f 392//392 15//15 390//390
f 15//15 4871//4871 390//390
f 17//17 16//16 390//390
f 392//392 16//16 393//393
f 390//390 16//16 392//392
f 392//392 393//393 15//15
f 15//15 5164//5164 4871//4871
f 4872//4872 5165//5165 4869//4869
f 4873//4873 4875//4875 4876//4876
f 5166//5166 18//18 4868//4868
f 5167//5167 4874//4874 4877//4877
f 4895//4895 4876//4876 4875//4875
f 19//19 92//92 20//20
f 21//21 4878//4878 4881//4881
f 21//21 4881//4881 38//38
f 4886//4886 4879//4879 4882//4882
f 23//23 3//3 42//42
f 19//19 23//23 42//42
f 4887//4887 4858//4858 4889//4889
f 4889//4889 4880//4880 4887//4887
f 24//24 71//71 42//42
f 10//10 25//25 24//24
f 10//10 26//26 25//25
f 26//26 27//27 25//25
f 28//28 46//46 25//25
f 4894//4894 30//30 26//26
f 31//31 26//26 30//30
f 31//31 32//32 26//26
f 27//27 26//26 32//32
f 28//28 25//25 27//27
f 4893//4893 4892//4892 52//52
f 4894//4894 34//34 30//30
f 34//34 4894//4894 33//33
f 30//30 34//34 31//31
f 31//31 34//34 35//35
f 35//35 36//36 31//31
f 4897//4897 32//32 31//31
f 27//27 32//32 55//55
f 34//34 33//33 422//422
f 34//34 422//422 423//423
f 34//34 423//423 4896//4896
f 423//423 4898//4898 4896//4896
f 436//436 32//32 4897//4897
f 40//40 65//65 445//445
f 40//40 64//64 65//65
f 92//92 62//62 37//37
f 4899//4899 20//20 37//37
f 4900//4900 4899//4899 39//39
f 39//39 4899//4899 37//37
f 62//62 4925//4925 4900//4900
f 62//62 39//39 37//37
f 62//62 4900//4900 39//39
f 38//38 41//41 21//21
f 4901//4901 41//41 38//38
f 4883//4883 4902//4902 445//445
f 445//445 4902//4902 40//40
f 92//92 37//37 20//20
f 92//92 19//19 67//67
f 42//42 70//70 69//69
f 19//19 42//42 67//67
f 42//42 71//71 70//70
f 71//71 24//24 72//72
f 24//24 43//43 72//72
f 24//24 45//45 43//43
f 25//25 44//44 24//24
f 4905//4905 47//47 44//44
f 4890//4890 4905//4905 44//44
f 24//24 44//44 45//45
f 44//44 47//47 45//45
f 47//47 43//43 45//45
f 28//28 48//48 46//46
f 48//48 4906//4906 46//46
f 4907//4907 4909//4909 49//49
f 49//49 50//50 4907//4907
f 51//51 4903//4903 4908//4908
f 50//50 4910//4910 4907//4907
f 52//52 4909//4909 4893//4893
f 52//52 53//53 4909//4909
f 53//53 49//49 4909//4909
f 53//53 54//54 49//49
f 54//54 50//50 49//49
f 54//54 4910//4910 50//50
f 80//80 4914//4914 27//27
f 55//55 80//80 27//27
f 4915//4915 4914//4914 80//80
f 4915//4915 80//80 4916//4916
f 32//32 436//436 55//55
f 436//436 437//437 56//56
f 55//55 436//436 56//56
f 55//55 57//57 4934//4934
f 55//55 56//56 57//57
f 56//56 437//437 57//57
f 437//437 451//451 57//57
f 57//57 451//451 4934//4934
f 58//58 82//82 83//83
f 82//82 58//58 59//59
f 82//82 59//59 108//108
f 4919//4919 60//60 4921//4921
f 61//61 91//91 4926//4926
f 4926//4926 91//91 63//63
f 62//62 61//61 4925//4925
f 65//65 64//64 4924//4924
f 92//92 67//67 66//66
f 66//66 67//67 94//94
f 67//67 68//68 94//94
f 68//68 67//67 42//42
f 97//97 68//68 42//42
f 69//69 70//70 99//99
f 70//70 71//71 99//99
f 74//74 102//102 100//100
f 72//72 4928//4928 4948//4948
f 75//75 4951//4951 4929//4929
f 43//43 73//73 72//72
f 75//75 4929//4929 4927//4927
f 73//73 4928//4928 72//72
f 73//73 76//76 4930//4930
f 73//73 43//43 76//76
f 76//76 43//43 78//78
f 4904//4904 4911//4911 4932//4932
f 76//76 78//78 77//77
f 54//54 449//449 4910//4910
f 5199//5199 79//79 4912//4912
f 79//79 4933//4933 4913//4913
f 4917//4917 4934//4934 475//475
f 482//482 459//459 107//107
f 480//480 84//84 5204//5204
f 5205//5205 81//81 4958//4958
f 83//83 82//82 108//108
f 84//84 58//58 83//83
f 5204//5204 84//84 83//83
f 4920//4920 4935//4935 444//444
f 4920//4920 444//444 4922//4922
f 60//60 85//85 4921//4921
f 4921//4921 85//85 86//86
f 85//85 468//468 86//86
f 492//492 87//87 490//490
f 88//88 87//87 492//492
f 89//89 88//88 492//492
f 90//90 61//61 113//113
f 90//90 113//113 112//112
f 4945//4945 4942//4942 469//469
f 4945//4945 4961//4961 4942//4942
f 90//90 91//91 61//61
f 62//62 113//113 61//61
f 469//469 4946//4946 4945//4945
f 4924//4924 4947//4947 5211//5211
f 5211//5211 470//470 4924//4924
f 62//62 92//92 113//113
f 113//113 92//92 122//122
f 66//66 93//93 92//92
f 93//93 66//66 95//95
f 95//95 66//66 94//94
f 95//95 94//94 96//96
f 96//96 116//116 95//95
f 96//96 97//97 116//116
f 68//68 96//96 94//94
f 68//68 97//97 96//96
f 42//42 69//69 97//97
f 97//97 69//69 501//501
f 98//98 500//500 501//501
f 69//69 98//98 501//501
f 69//69 99//99 98//98
f 98//98 99//99 500//500
f 103//103 117//117 101//101
f 71//71 72//72 101//101
f 4948//4948 101//101 72//72
f 101//101 99//99 71//71
f 4949//4949 4952//4952 4950//4950
f 100//100 102//102 4953//4953
f 101//101 117//117 99//99
f 4953//4953 102//102 104//104
f 104//104 504//504 4953//4953
f 4962//4962 4954//4954 5236//5236
f 105//105 102//102 4931//4931
f 105//105 104//104 102//102
f 105//105 504//504 104//104
f 76//76 4955//4955 4930//4930
f 77//77 471//471 76//76
f 77//77 78//78 471//471
f 79//79 5212//5212 4933//4933
f 106//106 123//123 124//124
f 4956//4956 4964//4964 118//118
f 106//106 4958//4958 123//123
f 4958//4958 125//125 123//123
f 4958//4958 81//81 125//125
f 480//480 5225//5225 4956//4956
f 4957//4957 482//482 107//107
f 83//83 126//126 81//81
f 81//81 126//126 142//142
f 5205//5205 83//83 81//81
f 108//108 119//119 83//83
f 108//108 59//59 109//109
f 4921//4921 86//86 109//109
f 109//109 110//110 108//108
f 110//110 109//109 86//86
f 4959//4959 111//111 4961//4961
f 5230//5230 111//111 4959//4959
f 112//112 113//113 121//121
f 112//112 121//121 110//110
f 111//111 4940//4940 4961//4961
f 4941//4941 4961//4961 4940//4940
f 4942//4942 4961//4961 4941//4941
f 4940//4940 111//111 5230//5230
f 4943//4943 493//493 5211//5211
f 113//113 122//122 121//121
f 92//92 114//114 122//122
f 93//93 114//114 92//92
f 114//114 93//93 115//115
f 93//93 530//530 115//115
f 95//95 530//530 93//93
f 531//531 530//530 95//95
f 95//95 532//532 531//531
f 500//500 95//95 116//116
f 116//116 97//97 501//501
f 99//99 117//117 505//505
f 521//521 479//479 4963//4963
f 5220//5220 4956//4956 118//118
f 126//126 83//83 127//127
f 127//127 83//83 119//119
f 108//108 120//120 156//156
f 121//121 120//120 110//110
f 110//110 120//120 108//108
f 115//115 530//530 528//528
f 114//114 115//115 5254//5254
f 124//124 123//123 135//135
f 535//535 512//512 4963//4963
f 125//125 142//142 140//140
f 142//142 125//125 81//81
f 127//127 119//119 128//128
f 119//119 153//153 128//128
f 119//119 108//108 129//129
f 108//108 152//152 129//129
f 108//108 130//130 152//152
f 119//119 129//129 153//153
f 129//129 152//152 153//153
f 108//108 156//156 130//130
f 120//120 121//121 157//157
f 121//121 539//539 131//131
f 121//121 122//122 539//539
f 122//122 540//540 539//539
f 132//132 577//577 549//549
f 134//134 133//133 132//132
f 549//549 4967//4967 132//132
f 133//133 118//118 4964//4964
f 4966//4966 124//124 160//160
f 124//124 135//135 160//160
f 135//135 161//161 160//160
f 118//118 133//133 134//134
f 4963//4963 4967//4967 535//535
f 135//135 123//123 136//136
f 135//135 136//136 137//137
f 136//136 123//123 138//138
f 135//135 137//137 162//162
f 137//137 136//136 168//168
f 125//125 139//139 123//123
f 123//123 139//139 138//138
f 125//125 140//140 139//139
f 140//140 142//142 141//141
f 141//141 142//142 183//183
f 140//140 141//141 139//139
f 187//187 4983//4983 142//142
f 126//126 143//143 142//142
f 126//126 127//127 143//143
f 127//127 144//144 4969//4969
f 127//127 145//145 144//144
f 188//188 4969//4969 144//144
f 4991//4991 187//187 143//143
f 143//143 187//187 142//142
f 128//128 145//145 127//127
f 145//145 128//128 146//146
f 144//144 145//145 146//146
f 128//128 148//148 146//146
f 146//146 148//148 147//147
f 144//144 146//146 188//188
f 146//146 147//147 4992//4992
f 151//151 189//189 147//147
f 151//151 191//191 189//189
f 128//128 153//153 148//148
f 150//150 148//148 153//153
f 150//150 149//149 148//148
f 148//148 151//151 147//147
f 149//149 151//151 148//148
f 149//149 150//150 587//587
f 150//150 155//155 193//193
f 192//192 587//587 150//150
f 150//150 193//193 192//192
f 194//194 4994//4994 155//155
f 149//149 191//191 151//151
f 153//153 152//152 154//154
f 152//152 155//155 154//154
f 152//152 130//130 155//155
f 153//153 154//154 150//150
f 154//154 155//155 150//150
f 130//130 194//194 155//155
f 156//156 194//194 130//130
f 157//157 600//600 120//120
f 600//600 156//156 120//120
f 158//158 600//600 157//157
f 553//553 600//600 4970//4970
f 121//121 131//131 4971//4971
f 157//157 121//121 158//158
f 4970//4970 4965//4965 554//554
f 554//554 555//555 4970//4970
f 553//553 4970//4970 555//555
f 132//132 133//133 159//159
f 132//132 159//159 569//569
f 132//132 569//569 577//577
f 195//195 4966//4966 160//160
f 160//160 161//161 165//165
f 135//135 162//162 161//161
f 163//163 161//161 162//162
f 162//162 168//168 166//166
f 164//164 163//163 162//162
f 166//166 164//164 162//162
f 163//163 165//165 161//161
f 164//164 165//165 163//163
f 167//167 166//166 168//168
f 165//165 164//164 199//199
f 166//166 199//199 164//164
f 169//169 167//167 168//168
f 199//199 166//166 167//167
f 198//198 169//169 171//171
f 198//198 171//171 200//200
f 167//167 169//169 198//198
f 137//137 168//168 162//162
f 176//176 170//170 138//138
f 136//136 138//138 169//169
f 169//169 168//168 136//136
f 138//138 171//171 169//169
f 171//171 138//138 200//200
f 138//138 4973//4973 200//200
f 200//200 4973//4973 201//201
f 172//172 4974//4974 4979//4979
f 172//172 580//580 617//617
f 172//172 4979//4979 580//580
f 139//139 141//141 173//173
f 174//174 4975//4975 4968//4968
f 4975//4975 174//174 175//175
f 138//138 139//139 176//176
f 139//139 177//177 176//176
f 173//173 178//178 139//139
f 4977//4977 178//178 173//173
f 185//185 179//179 4976//4976
f 202//202 175//175 174//174
f 179//179 5001//5001 4976//4976
f 203//203 4981//4981 5002//5002
f 5002//5002 4981//4981 4978//4978
f 139//139 178//178 4980//4980
f 179//179 185//185 629//629
f 4984//4984 5317//5317 4987//4987
f 180//180 641//641 4983//4983
f 4983//4983 187//187 180//180
f 4968//4968 184//184 174//174
f 181//181 641//641 180//180
f 180//180 187//187 181//181
f 187//187 182//182 181//181
f 4991//4991 4982//4982 187//187
f 642//642 641//641 181//181
f 186//186 642//642 181//181
f 182//182 186//186 181//181
f 141//141 183//183 4985//4985
f 4987//4987 4986//4986 4984//4984
f 4988//4988 174//174 184//184
f 4982//4982 4991//4991 4989//4989
f 5329//5329 4990//4990 644//644
f 4990//4990 581//581 644//644
f 147//147 190//190 4992//4992
f 191//191 190//190 189//189
f 189//189 190//190 147//147
f 191//191 584//584 582//582
f 191//191 582//582 190//190
f 4994//4994 194//194 588//588
f 192//192 193//193 589//589
f 678//678 159//159 216//216
f 195//195 159//159 4966//4966
f 195//195 160//160 196//196
f 160//160 165//165 681//681
f 198//198 200//200 197//197
f 201//201 197//197 200//200
f 5000//5000 4974//4974 612//612
f 4974//4974 172//172 612//612
f 617//617 612//612 172//172
f 5000//5000 612//612 4996//4996
f 616//616 5004//5004 625//625
f 616//616 178//178 5004//5004
f 5001//5001 179//179 626//626
f 5311//5311 5005//5005 5314//5314
f 5006//5006 5003//5003 5315//5315
f 231//231 205//205 204//204
f 5007//5007 292//292 235//235
f 205//205 232//232 208//208
f 205//205 208//208 204//204
f 231//231 232//232 205//205
f 208//208 232//232 719//719
f 661//661 208//208 719//719
f 204//204 208//208 206//206
f 661//661 206//206 208//208
f 5008//5008 207//207 5007//5007
f 207//207 292//292 5007//5007
f 292//292 207//207 241//241
f 664//664 239//239 5010//5010
f 207//207 239//239 241//241
f 5010//5010 5009//5009 660//660
f 664//664 5010//5010 660//660
f 5009//5009 5350//5350 660//660
f 239//239 664//664 240//240
f 240//240 237//237 239//239
f 240//240 209//209 242//242
f 240//240 664//664 209//209
f 212//212 211//211 209//209
f 209//209 668//668 210//210
f 209//209 664//664 668//668
f 210//210 212//212 209//209
f 672//672 671//671 212//212
f 212//212 671//671 217//217
f 212//212 210//210 672//672
f 211//211 213//213 214//214
f 212//212 213//213 211//211
f 213//213 4995//4995 215//215
f 214//214 213//213 215//215
f 211//211 214//214 249//249
f 213//213 217//217 216//216
f 195//195 213//213 159//159
f 213//213 216//216 159//159
f 217//217 213//213 212//212
f 215//215 4995//4995 250//250
f 250//250 249//249 214//214
f 250//250 214//214 215//215
f 250//250 4995//4995 251//251
f 195//195 252//252 5027//5027
f 195//195 218//218 252//252
f 674//674 216//216 5011//5011
f 5360//5360 675//675 5011//5011
f 674//674 5011//5011 675//675
f 218//218 261//261 252//252
f 195//195 196//196 218//218
f 219//219 693//693 263//263
f 263//263 693//693 220//220
f 5013//5013 699//699 221//221
f 5014//5014 270//270 268//268
f 5015//5015 702//702 5042//5042
f 699//699 5392//5392 221//221
f 5392//5392 700//700 270//270
f 222//222 270//270 700//700
f 222//222 704//704 273//273
f 270//270 222//222 273//273
f 704//704 276//276 273//273
f 222//222 700//700 704//704
f 5393//5393 743//743 5047//5047
f 223//223 709//709 228//228
f 224//224 226//226 230//230
f 283//283 224//224 230//230
f 283//283 5016//5016 225//225
f 226//226 224//224 227//227
f 225//225 224//224 283//283
f 5017//5017 223//223 228//228
f 5017//5017 228//228 224//224
f 227//227 224//224 229//229
f 227//227 712//712 717//717
f 712//712 227//227 229//229
f 229//229 224//224 228//228
f 231//231 230//230 226//226
f 231//231 204//204 230//230
f 230//230 284//284 283//283
f 5018//5018 232//232 231//231
f 5019//5019 232//232 5018//5018
f 5007//5007 233//233 230//230
f 234//234 233//233 5007//5007
f 233//233 234//234 288//288
f 5007//5007 235//235 234//234
f 235//235 292//292 294//294
f 296//296 292//292 241//241
f 296//296 241//241 236//236
f 236//236 238//238 296//296
f 236//236 239//239 237//237
f 236//236 237//237 238//238
f 241//241 239//239 236//236
f 240//240 242//242 237//237
f 243//243 237//237 242//242
f 238//238 237//237 243//243
f 238//238 243//243 299//299
f 299//299 296//296 238//238
f 242//242 209//209 211//211
f 244//244 242//242 211//211
f 242//242 244//244 243//243
f 244//244 299//299 243//243
f 244//244 775//775 299//299
f 245//245 244//244 211//211
f 211//211 249//249 245//245
f 259//259 5023//5023 5026//5026
f 255//255 244//244 245//245
f 775//775 244//244 721//721
f 244//244 258//258 721//721
f 255//255 245//245 5033//5033
f 258//258 782//782 721//721
f 257//257 253//253 246//246
f 5030//5030 246//246 248//248
f 256//256 5025//5025 247//247
f 5024//5024 248//248 246//246
f 253//253 5027//5027 246//246
f 5028//5028 250//250 251//251
f 246//246 5027//5027 254//254
f 5027//5027 252//252 254//254
f 254//254 5024//5024 246//246
f 5024//5024 254//254 261//261
f 254//254 252//252 261//261
f 253//253 257//257 260//260
f 256//256 5039//5039 732//732
f 256//256 247//247 5039//5039
f 5036//5036 5031//5031 5029//5029
f 256//256 732//732 5025//5025
f 5029//5029 5031//5031 5021//5021
f 5022//5022 5030//5030 5032//5032
f 250//250 5034//5034 249//249
f 5028//5028 5035//5035 250//250
f 5033//5033 5037//5037 255//255
f 5028//5028 5038//5038 5035//5035
f 5032//5032 5030//5030 248//248
f 782//782 258//258 5025//5025
f 737//737 5039//5039 5012//5012
f 262//262 263//263 784//784
f 262//262 219//219 263//263
f 265//265 264//264 263//263
f 266//266 784//784 263//263
f 5041//5041 5040//5040 301//301
f 266//266 263//263 264//264
f 784//784 266//266 300//300
f 267//267 301//301 5040//5040
f 265//265 267//267 5040//5040
f 269//269 267//267 265//265
f 220//220 5014//5014 263//263
f 5014//5014 268//268 263//263
f 263//263 268//268 265//265
f 265//265 268//268 269//269
f 269//269 268//268 303//303
f 268//268 270//270 303//303
f 270//270 273//273 271//271
f 271//271 273//273 274//274
f 271//271 274//274 272//272
f 274//274 275//275 272//272
f 275//275 278//278 272//272
f 276//276 277//277 273//273
f 5044//5044 5043//5043 5048//5048
f 5048//5048 5045//5045 5044//5044
f 743//743 5049//5049 5047//5047
f 744//744 5052//5052 5046//5046
f 278//278 279//279 272//272
f 278//278 280//280 279//279
f 5055//5055 5053//5053 748//748
f 279//279 280//280 281//281
f 279//279 281//281 317//317
f 282//282 317//317 281//281
f 5056//5056 752//752 5057//5057
f 282//282 343//343 322//322
f 223//223 5057//5057 752//752
f 282//282 342//342 343//343
f 284//284 362//362 342//342
f 282//282 284//284 342//342
f 281//281 5016//5016 282//282
f 282//282 5016//5016 283//283
f 284//284 282//282 283//283
f 230//230 287//287 284//284
f 365//365 363//363 5058//5058
f 5058//5058 287//287 285//285
f 365//365 5058//5058 285//285
f 285//285 287//287 365//365
f 233//233 365//365 287//287
f 365//365 233//233 286//286
f 286//286 367//367 365//365
f 286//286 366//366 367//367
f 286//286 233//233 366//366
f 233//233 287//287 230//230
f 288//288 366//366 233//233
f 366//366 5059//5059 368//368
f 234//234 235//235 288//288
f 5020//5020 755//755 5059//5059
f 235//235 289//289 834//834
f 294//294 290//290 235//235
f 290//290 289//289 235//235
f 294//294 291//291 5062//5062
f 294//294 295//295 291//291
f 5065//5065 757//757 5063//5063
f 292//292 293//293 294//294
f 292//292 296//296 293//293
f 295//295 294//294 293//293
f 5066//5066 5070//5070 760//760
f 5067//5067 760//760 762//762
f 760//760 5067//5067 5066//5066
f 296//296 299//299 297//297
f 299//299 298//298 297//297
f 296//296 297//297 298//298
f 5071//5071 5072//5072 768//768
f 5071//5071 768//768 769//769
f 5073//5073 5041//5041 301//301
f 301//301 267//267 788//788
f 267//267 269//269 791//791
f 791//791 269//269 303//303
f 303//303 304//304 302//302
f 794//794 302//302 795//795
f 795//795 302//302 304//304
f 270//270 305//305 303//303
f 303//303 305//305 304//304
f 304//304 305//305 369//369
f 369//369 845//845 304//304
f 270//270 271//271 305//305
f 307//307 306//306 305//305
f 369//369 305//305 306//306
f 307//307 798//798 306//306
f 798//798 307//307 308//308
f 5152//5152 5074//5074 797//797
f 1140//1140 798//798 308//308
f 307//307 305//305 308//308
f 1140//1140 308//308 850//850
f 272//272 279//279 309//309
f 271//271 272//272 305//305
f 272//272 309//309 305//305
f 5075//5075 308//308 305//305
f 5076//5076 850//850 308//308
f 311//311 850//850 5076//5076
f 311//311 855//855 850//850
f 279//279 310//310 309//309
f 310//310 311//311 309//309
f 370//370 311//311 312//312
f 311//311 370//370 855//855
f 279//279 317//317 310//310
f 310//310 5078//5078 313//313
f 311//311 310//310 312//312
f 312//312 310//310 313//313
f 312//312 313//313 859//859
f 314//314 315//315 5078//5078
f 5078//5078 316//316 314//314
f 315//315 314//314 316//316
f 5078//5078 315//315 313//313
f 316//316 317//317 318//318
f 315//315 5551//5551 5077//5077
f 371//371 316//316 318//318
f 5551//5551 315//315 316//316
f 371//371 5551//5551 316//316
f 317//317 282//282 322//322
f 317//317 322//322 323//323
f 323//323 318//318 317//317
f 323//323 319//319 318//318
f 320//320 327//327 339//339
f 327//327 319//319 323//323
f 5082//5082 5080//5080 5092//5092
f 5082//5082 321//321 5080//5080
f 5079//5079 5084//5084 5154//5154
f 5084//5084 5079//5079 5081//5081
f 5085//5085 5083//5083 799//799
f 320//320 339//339 5497//5497
f 5497//5497 339//339 862//862
f 5155//5155 5086//5086 860//860
f 5085//5085 799//799 860//860
f 324//324 322//322 343//343
f 322//322 324//324 325//325
f 328//328 326//326 5087//5087
f 328//328 5087//5087 5090//5090
f 5091//5091 5088//5088 329//329
f 329//329 5088//5088 346//346
f 5089//5089 5125//5125 5126//5126
f 323//323 5087//5087 327//327
f 328//328 5090//5090 330//330
f 5097//5097 5091//5091 329//329
f 5096//5096 5126//5126 337//337
f 5087//5087 326//326 327//327
f 331//331 5093//5093 332//332
f 5100//5100 326//326 328//328
f 5098//5098 335//335 5094//5094
f 5110//5110 5099//5099 337//337
f 332//332 5093//5093 334//334
f 5095//5095 5111//5111 5107//5107
f 5096//5096 337//337 5099//5099
f 339//339 327//327 326//326
f 5100//5100 5122//5122 326//326
f 333//333 5101//5101 5103//5103
f 333//333 338//338 5101//5101
f 5112//5112 338//338 333//333
f 5110//5110 337//337 5119//5119
f 336//336 5122//5122 5100//5100
f 5105//5105 5104//5104 5108//5108
f 5120//5120 5114//5114 5102//5102
f 5106//5106 5109//5109 5113//5113
f 801//801 5119//5119 802//802
f 5119//5119 337//337 802//802
f 340//340 5121//5121 5499//5499
f 340//340 341//341 5115//5115
f 5116//5116 5123//5123 339//339
f 340//340 5115//5115 5121//5121
f 5117//5117 349//349 5500//5500
f 341//341 340//340 5499//5499
f 339//339 5123//5123 862//862
f 342//342 362//362 347//347
f 5125//5125 344//344 345//345
f 5125//5125 342//342 344//344
f 344//344 342//342 347//347
f 345//345 5126//5126 5125//5125
f 344//344 347//347 345//345
f 337//337 345//345 347//347
f 337//337 5126//5126 345//345
f 347//347 362//362 348//348
f 348//348 5127//5127 347//347
f 348//348 350//350 5127//5127
f 5118//5118 347//347 5127//5127
f 350//350 348//348 807//807
f 807//807 348//348 360//360
f 5127//5127 350//350 351//351
f 351//351 350//350 807//807
f 362//362 353//353 352//352
f 360//360 362//362 352//352
f 355//355 352//352 354//354
f 352//352 353//353 354//354
f 5131//5131 5129//5129 364//364
f 5138//5138 355//355 356//356
f 355//355 354//354 356//356
f 357//357 5131//5131 364//364
f 5147//5147 359//359 5135//5135
f 5132//5132 5131//5131 357//357
f 355//355 5138//5138 352//352
f 359//359 358//358 5135//5135
f 868//868 5139//5139 5133//5133
f 358//358 5559//5559 5135//5135
f 5136//5136 5560//5560 5134//5134
f 362//362 360//360 348//348
f 5559//5559 358//358 361//361
f 361//361 358//358 359//359
f 5561//5561 807//807 5140//5140
f 5143//5143 353//353 284//284
f 284//284 353//353 362//362
f 5148//5148 5130//5130 5144//5144
f 5137//5137 5148//5148 5144//5144
f 5145//5145 5149//5149 816//816
f 359//359 5146//5146 361//361
f 821//821 365//365 367//367
f 821//821 5518//5518 365//365
f 368//368 823//823 366//366
f 367//367 823//823 822//822
f 367//367 366//366 823//823
f 821//821 367//367 822//822
f 845//845 369//369 848//848
f 5545//5545 5152//5152 797//797
f 854//854 312//312 856//856
f 312//312 859//859 856//856
f 384//384 388//388 373//373
f 5156//5156 372//372 5159//5159
f 374//374 4859//4859 4888//4888
f 372//372 4856//4856 4862//4862
f 374//374 375//375 4862//4862
f 375//375 383//383 4862//4862
f 4862//4862 383//383 385//385
f 376//376 377//377 374//374
f 374//374 377//377 375//375
f 375//375 377//377 378//378
f 378//378 383//383 375//375
f 376//376 374//374 379//379
f 379//379 381//381 380//380
f 379//379 380//380 376//376
f 376//376 380//380 377//377
f 377//377 380//380 5157//5157
f 378//378 5158//5158 383//383
f 385//385 383//383 386//386
f 374//374 402//402 379//379
f 379//379 402//402 408//408
f 379//379 408//408 381//381
f 382//382 5158//5158 381//381
f 383//383 5158//5158 382//382
f 417//417 386//386 383//383
f 382//382 381//381 412//412
f 384//384 389//389 388//388
f 372//372 4862//4862 385//385
f 5159//5159 372//372 385//385
f 5160//5160 5161//5161 387//387
f 5162//5162 385//385 386//386
f 5162//5162 386//386 419//419
f 415//415 5163//5163 5179//5179
f 388//388 389//389 390//390
f 389//389 384//384 391//391
f 389//389 391//391 390//390
f 384//384 17//17 391//391
f 391//391 17//17 390//390
f 17//17 384//384 424//424
f 394//394 395//395 396//396
f 394//394 4884//4884 430//430
f 5169//5169 397//397 5170//5170
f 5169//5169 398//398 397//397
f 4888//4888 4885//4885 5168//5168
f 5168//5168 401//401 4888//4888
f 5168//5168 5170//5170 401//401
f 399//399 406//406 397//397
f 397//397 398//398 399//399
f 5171//5171 399//399 400//400
f 399//399 398//398 874//874
f 4888//4888 401//401 374//374
f 374//374 403//403 402//402
f 374//374 401//401 403//403
f 405//405 403//403 401//401
f 404//404 403//403 405//405
f 403//403 404//404 402//402
f 402//402 404//404 409//409
f 407//407 404//404 405//405
f 404//404 407//407 410//410
f 404//404 410//410 409//409
f 401//401 5172//5172 405//405
f 397//397 401//401 5170//5170
f 5172//5172 401//401 397//397
f 407//407 405//405 5172//5172
f 410//410 407//407 414//414
f 407//407 5172//5172 885//885
f 433//433 407//407 884//884
f 885//885 5171//5171 400//400
f 885//885 884//884 407//407
f 402//402 5173//5173 408//408
f 408//408 5173//5173 411//411
f 413//413 411//411 5174//5174
f 411//411 5173//5173 5174//5174
f 411//411 381//381 408//408
f 381//381 411//411 412//412
f 417//417 383//383 382//382
f 417//417 382//382 412//412
f 417//417 412//412 434//434
f 411//411 413//413 412//412
f 412//412 413//413 434//434
f 413//413 5174//5174 5175//5175
f 433//433 413//413 5176//5176
f 414//414 407//407 433//433
f 433//433 434//434 413//413
f 5163//5163 415//415 384//384
f 416//416 419//419 386//386
f 416//416 386//386 417//417
f 416//416 417//417 418//418
f 416//416 5177//5177 420//420
f 417//417 434//434 5178//5178
f 420//420 421//421 419//419
f 5180//5180 415//415 5179//5179
f 419//419 416//416 420//420
f 888//888 420//420 5177//5177
f 5588//5588 421//421 420//420
f 17//17 424//424 422//422
f 33//33 17//17 422//422
f 424//424 423//423 422//422
f 423//423 424//424 425//425
f 423//423 425//425 4898//4898
f 425//425 5189//5189 4898//4898
f 424//424 427//427 425//425
f 426//426 452//452 425//425
f 415//415 424//424 384//384
f 427//427 424//424 415//415
f 427//427 426//426 425//425
f 426//426 439//439 452//452
f 427//427 415//415 429//429
f 426//426 427//427 429//429
f 5191//5191 428//428 441//441
f 439//439 426//426 5183//5183
f 441//441 428//428 5184//5184
f 5183//5183 426//426 429//429
f 429//429 415//415 5180//5180
f 4884//4884 5198//5198 430//430
f 394//394 431//431 395//395
f 398//398 395//395 431//431
f 431//431 874//874 398//398
f 400//400 399//399 432//432
f 400//400 5185//5185 883//883
f 399//399 874//874 432//432
f 433//433 886//886 434//434
f 886//886 915//915 434//434
f 5178//5178 434//434 435//435
f 5187//5187 888//888 5177//5177
f 5182//5182 437//437 436//436
f 425//425 438//438 5190//5190
f 475//475 4934//4934 476//476
f 425//425 452//452 438//438
f 438//438 452//452 5190//5190
f 5191//5191 440//440 5201//5201
f 440//440 453//453 5201//5201
f 5191//5191 441//441 453//453
f 440//440 5191//5191 453//453
f 5192//5192 429//429 442//442
f 456//456 5192//5192 442//442
f 443//443 456//456 5193//5193
f 5180//5180 897//897 429//429
f 429//429 897//897 442//442
f 897//897 891//891 442//442
f 5591//5591 443//443 5193//5193
f 4923//4923 5196//5196 4936//4936
f 5197//5197 466//466 464//464
f 65//65 4924//4924 445//445
f 4924//4924 470//470 445//445
f 447//447 5198//5198 930//930
f 430//430 5198//5198 447//447
f 446//446 430//430 447//447
f 5634//5634 446//446 447//447
f 448//448 394//394 430//430
f 394//394 448//448 431//431
f 908//908 431//431 448//448
f 4918//4918 5216//5216 450//450
f 449//449 5200//5200 472//472
f 54//54 5200//5200 449//449
f 5213//5213 79//79 5199//5199
f 5214//5214 450//450 5216//5216
f 451//451 476//476 4934//4934
f 5201//5201 451//451 437//437
f 451//451 5201//5201 453//453
f 451//451 455//455 476//476
f 453//453 441//441 454//454
f 454//454 455//455 453//453
f 454//454 457//457 455//455
f 455//455 451//451 453//453
f 5192//5192 456//456 5202//5202
f 456//456 5203//5203 5202//5202
f 443//443 5203//5203 456//456
f 477//477 455//455 457//457
f 917//917 477//477 457//457
f 5217//5217 5616//5616 943//943
f 5225//5225 480//480 5204//5204
f 5209//5209 480//480 458//458
f 483//483 920//920 458//458
f 920//920 460//460 458//458
f 5621//5621 922//922 5206//5206
f 4935//4935 5222//5222 444//444
f 5222//5222 5210//5210 444//444
f 461//461 466//466 463//463
f 462//462 5209//5209 458//458
f 467//467 461//461 463//463
f 460//460 462//462 458//458
f 463//463 466//466 5207//5207
f 463//463 5207//5207 922//922
f 922//922 5207//5207 5206//5206
f 5197//5197 464//464 4937//4937
f 467//467 465//465 5208//5208
f 464//464 465//465 4937//4937
f 464//464 466//466 461//461
f 5208//5208 461//461 467//467
f 465//465 467//467 487//487
f 467//467 463//463 487//487
f 4937//4937 465//465 468//468
f 465//465 491//491 468//468
f 491//491 86//86 468//468
f 470//470 497//497 496//496
f 445//445 470//470 496//496
f 5198//5198 496//496 947//947
f 471//471 509//509 76//76
f 511//511 5212//5212 473//473
f 5213//5213 473//473 5212//5212
f 474//474 473//473 5213//5213
f 474//474 511//511 473//473
f 508//508 474//474 5215//5215
f 508//508 511//511 474//474
f 5216//5216 5240//5240 5214//5214
f 5240//5240 5216//5216 950//950
f 475//475 476//476 5657//5657
f 5213//5213 5212//5212 79//79
f 455//455 478//478 476//476
f 5218//5218 478//478 455//455
f 943//943 5219//5219 5217//5217
f 4956//4956 5220//5220 480//480
f 480//480 5220//5220 481//481
f 522//522 481//481 5220//5220
f 481//481 484//484 480//480
f 480//480 484//484 483//483
f 485//485 5622//5622 5226//5226
f 480//480 483//483 458//458
f 5226//5226 5227//5227 485//485
f 5229//5229 5228//5228 5223//5223
f 944//944 5229//5229 5223//5223
f 5223//5223 524//524 944//944
f 465//465 487//487 486//486
f 486//486 958//958 489//489
f 957//957 958//958 486//486
f 488//488 486//486 487//487
f 957//957 486//486 488//488
f 486//486 491//491 465//465
f 489//489 491//491 486//486
f 491//491 489//489 525//525
f 5233//5233 5231//5231 4938//4938
f 4939//4939 5232//5232 4960//4960
f 490//490 491//491 525//525
f 490//490 494//494 492//492
f 494//494 5234//5234 4944//4944
f 494//494 4944//4944 492//492
f 494//494 495//495 5234//5234
f 493//493 495//495 5211//5211
f 526//526 5211//5211 495//495
f 494//494 490//490 525//525
f 495//495 494//494 525//525
f 525//525 526//526 495//495
f 498//498 470//470 5211//5211
f 5211//5211 526//526 498//498
f 967//967 498//498 526//526
f 497//497 947//947 496//496
f 497//497 470//470 498//498
f 501//501 500//500 116//116
f 499//499 532//532 95//95
f 499//499 95//95 500//500
f 500//500 99//99 505//505
f 503//503 533//533 502//502
f 506//506 534//534 503//503
f 5236//5236 5237//5237 4962//4962
f 504//504 502//502 5238//5238
f 76//76 503//503 4955//4955
f 105//105 502//502 504//504
f 503//503 502//502 4955//4955
f 506//506 503//503 76//76
f 506//506 76//76 509//509
f 509//509 510//510 506//506
f 507//507 506//506 5241//5241
f 506//506 507//507 534//534
f 5240//5240 534//534 507//507
f 509//509 471//471 510//510
f 5212//5212 511//511 5242//5242
f 5243//5243 5240//5240 507//507
f 5239//5239 5242//5242 511//511
f 521//521 4963//4963 512//512
f 513//513 5250//5250 514//514
f 515//515 514//514 5250//5250
f 5246//5246 521//521 512//512
f 516//516 513//513 514//514
f 516//516 515//515 517//517
f 516//516 517//517 518//518
f 516//516 514//514 515//515
f 519//519 5247//5247 5248//5248
f 518//518 517//517 537//537
f 537//537 517//517 515//515
f 5249//5249 538//538 522//522
f 986//986 520//520 5259//5259
f 513//513 5221//5221 5250//5250
f 522//522 5220//5220 5244//5244
f 5251//5251 5245//5245 5247//5247
f 5251//5251 5247//5247 519//519
f 522//522 523//523 481//481
f 522//522 538//538 523//523
f 5252//5252 5259//5259 520//520
f 5252//5252 520//520 5224//5224
f 952//952 5224//5224 520//520
f 5659//5659 524//524 5223//5223
f 952//952 520//520 986//986
f 114//114 527//527 122//122
f 542//542 527//527 114//114
f 529//529 528//528 530//530
f 5254//5254 542//542 114//114
f 528//528 529//529 544//544
f 5260//5260 542//542 5254//5254
f 530//530 531//531 5255//5255
f 548//548 547//547 531//531
f 531//531 532//532 548//548
f 970//970 998//998 5264//5264
f 970//970 971//971 999//999
f 532//532 499//499 548//548
f 499//499 970//970 5264//5264
f 500//500 971//971 499//499
f 499//499 971//971 970//970
f 971//971 500//500 1000//1000
f 1000//1000 500//500 973//973
f 500//500 505//505 973//973
f 505//505 5257//5257 973//973
f 972//972 5669//5669 533//533
f 533//533 5238//5238 502//502
f 533//533 503//503 972//972
f 534//534 974//974 503//503
f 512//512 535//535 552//552
f 984//984 536//536 551//551
f 984//984 983//983 536//536
f 5246//5246 512//512 552//552
f 515//515 5267//5267 537//537
f 537//537 5267//5267 536//536
f 537//537 536//536 518//518
f 5248//5248 536//536 519//519
f 519//519 536//536 983//983
f 5249//5249 983//983 538//538
f 540//540 562//562 539//539
f 122//122 527//527 540//540
f 540//540 541//541 562//562
f 540//540 527//527 541//541
f 527//527 542//542 543//543
f 541//541 527//527 543//543
f 542//542 546//546 543//543
f 542//542 5260//5260 546//546
f 5256//5256 545//545 5261//5261
f 1011//1011 543//543 546//546
f 5260//5260 1011//1011 546//546
f 5256//5256 5263//5263 545//545
f 5255//5255 531//531 547//547
f 547//547 548//548 998//998
f 577//577 551//551 549//549
f 551//551 4967//4967 549//549
f 4967//4967 550//550 535//535
f 551//551 550//550 4967//4967
f 5265//5265 552//552 535//535
f 536//536 5267//5267 551//551
f 5267//5267 550//550 551//551
f 558//558 557//557 601//601
f 556//556 5294//5294 5272//5272
f 601//601 5270//5270 598//598
f 554//554 4965//4965 556//556
f 556//556 5272//5272 554//554
f 557//557 5269//5269 5268//5268
f 557//557 558//558 5269//5269
f 553//553 555//555 5273//5273
f 539//539 5271//5271 131//131
f 5271//5271 539//539 559//559
f 539//539 561//561 559//559
f 561//561 563//563 5274//5274
f 560//560 1007//1007 5274//5274
f 560//560 5274//5274 563//563
f 563//563 1008//1008 560//560
f 563//563 562//562 1008//1008
f 1008//1008 1007//1007 560//560
f 539//539 562//562 561//561
f 563//563 561//561 562//562
f 1009//1009 562//562 564//564
f 564//564 562//562 541//541
f 543//543 564//564 541//541
f 543//543 1011//1011 565//565
f 543//543 565//565 564//564
f 565//565 1012//1012 1009//1009
f 1012//1012 565//565 1011//1011
f 565//565 1009//1009 564//564
f 1013//1013 1011//1011 5262//5262
f 545//545 1013//1013 5261//5261
f 678//678 566//566 570//570
f 570//570 567//567 572//572
f 570//570 566//566 5275//5275
f 1016//1016 5275//5275 566//566
f 1016//1016 572//572 567//567
f 572//572 1016//1016 575//575
f 678//678 568//568 159//159
f 568//568 570//570 159//159
f 568//568 678//678 570//570
f 577//577 569//569 571//571
f 569//569 159//159 570//570
f 569//569 572//572 571//571
f 572//572 569//569 570//570
f 579//579 571//571 573//573
f 5276//5276 574//574 5280//5280
f 575//575 571//571 572//572
f 5279//5279 576//576 571//571
f 576//576 573//573 571//571
f 1017//1017 1018//1018 5279//5279
f 5279//5279 1018//1018 576//576
f 1018//1018 5277//5277 576//576
f 578//578 551//551 577//577
f 577//577 571//571 578//578
f 551//551 578//578 579//579
f 578//578 571//571 579//579
f 5280//5280 574//574 5266//5266
f 177//177 5281//5281 176//176
f 616//616 5281//5281 177//177
f 580//580 620//620 617//617
f 5281//5281 616//616 5310//5310
f 178//178 616//616 4980//4980
f 4983//4983 641//641 635//635
f 4991//4991 583//583 4989//4989
f 4990//4990 5283//5283 581//581
f 5284//5284 191//191 587//587
f 582//582 584//584 586//586
f 190//190 582//582 586//586
f 5283//5283 4993//4993 190//190
f 585//585 5284//5284 587//587
f 190//190 586//586 5283//5283
f 5284//5284 585//585 586//586
f 586//586 585//585 590//590
f 587//587 191//191 149//149
f 587//587 192//192 585//585
f 588//588 591//591 4994//4994
f 588//588 194//194 591//591
f 589//589 585//585 192//192
f 156//156 600//600 5286//5286
f 585//585 5285//5285 590//590
f 600//600 597//597 5286//5286
f 589//589 193//193 592//592
f 193//193 5286//5286 592//592
f 5286//5286 597//597 592//592
f 5287//5287 597//597 593//593
f 590//590 5285//5285 5288//5288
f 593//593 1040//1040 5287//5287
f 594//594 590//590 5288//5288
f 156//156 591//591 194//194
f 595//595 600//600 599//599
f 597//597 600//600 595//595
f 595//595 5291//5291 5289//5289
f 597//597 595//595 596//596
f 5289//5289 596//596 595//595
f 596//596 5289//5289 597//597
f 5289//5289 593//593 597//597
f 1040//1040 593//593 5289//5289
f 602//602 1019//1019 5289//5289
f 5292//5292 553//553 5273//5273
f 600//600 553//553 599//599
f 598//598 5293//5293 601//601
f 5293//5293 558//558 601//601
f 5290//5290 5271//5271 5295//5295
f 5271//5271 559//559 5295//5295
f 1022//1022 602//602 5274//5274
f 659//659 603//603 605//605
f 658//658 603//603 659//659
f 607//607 5296//5296 604//604
f 607//607 604//604 1049//1049
f 659//659 605//605 661//661
f 5300//5300 5302//5302 5351//5351
f 5351//5351 5302//5302 606//606
f 5297//5297 5302//5302 5300//5300
f 1024//1024 608//608 678//678
f 1029//1029 566//566 678//678
f 1029//1029 678//678 608//608
f 609//609 681//681 165//165
f 165//165 199//199 609//609
f 688//688 690//690 611//611
f 4972//4972 610//610 4999//4999
f 4999//4999 610//610 5303//5303
f 198//198 611//611 690//690
f 4972//4972 686//686 610//610
f 686//686 4972//4972 690//690
f 690//690 167//167 198//198
f 613//613 4997//4997 5304//5304
f 611//611 197//197 688//688
f 5373//5373 4998//4998 5305//5305
f 198//198 197//197 611//611
f 620//620 614//614 617//617
f 5306//5306 612//612 615//615
f 5310//5310 621//621 5308//5308
f 617//617 615//615 612//612
f 615//615 617//617 1031//1031
f 617//617 614//614 5693//5693
f 621//621 5694//5694 5308//5308
f 618//618 616//616 625//625
f 5312//5312 630//630 619//619
f 618//618 5310//5310 616//616
f 618//618 5313//5313 5309//5309
f 630//630 632//632 619//619
f 5309//5309 623//623 618//618
f 5318//5318 623//623 5309//5309
f 622//622 621//621 5310//5310
f 5310//5310 618//618 622//622
f 618//618 623//623 622//622
f 622//622 623//623 624//624
f 637//637 624//624 623//623
f 622//622 624//624 621//621
f 179//179 5319//5319 5316//5316
f 179//179 629//629 5319//5319
f 630//630 5312//5312 632//632
f 5311//5311 5314//5314 5320//5320
f 631//631 641//641 627//627
f 628//628 631//631 627//627
f 627//627 642//642 628//628
f 642//642 643//643 628//628
f 628//628 643//643 634//634
f 4984//4984 635//635 5317//5317
f 641//641 631//631 635//635
f 636//636 635//635 631//631
f 636//636 631//631 628//628
f 636//636 628//628 633//633
f 628//628 634//634 5321//5321
f 5318//5318 635//635 623//623
f 645//645 638//638 5322//5322
f 5326//5326 5321//5321 634//634
f 5317//5317 635//635 5318//5318
f 581//581 638//638 645//645
f 635//635 636//636 637//637
f 623//623 635//635 637//637
f 5325//5325 5323//5323 5327//5327
f 5321//5321 5326//5326 5324//5324
f 5327//5327 640//640 5325//5325
f 639//639 638//638 581//581
f 639//639 5328//5328 638//638
f 1033//1033 5328//5328 639//639
f 640//640 1064//1064 5325//5325
f 641//641 642//642 627//627
f 5330//5330 5333//5333 5331//5331
f 5322//5322 5332//5332 645//645
f 645//645 5332//5332 644//644
f 581//581 645//645 644//644
f 5283//5283 646//646 581//581
f 5282//5282 5334//5334 1036//1036
f 586//586 1038//1038 5283//5283
f 1036//1036 5334//5334 1037//1037
f 646//646 5283//5283 5696//5696
f 1038//1038 586//586 590//590
f 650//650 647//647 648//648
f 647//647 649//649 719//719
f 719//719 649//649 657//657
f 647//647 719//719 648//648
f 648//648 5407//5407 650//650
f 647//647 651//651 649//649
f 5338//5338 652//652 5335//5335
f 5341//5341 653//653 5336//5336
f 649//649 5343//5343 657//657
f 5337//5337 654//654 647//647
f 647//647 654//654 651//651
f 717//717 718//718 654//654
f 654//654 5337//5337 717//717
f 5342//5342 5339//5339 656//656
f 5341//5341 1044//1044 653//653
f 5345//5345 5346//5346 5340//5340
f 5347//5347 1044//1044 5341//5341
f 5345//5345 5408//5408 655//655
f 655//655 5346//5346 5345//5345
f 653//653 5299//5299 5348//5348
f 5299//5299 5298//5298 5348//5348
f 5344//5344 658//658 657//657
f 658//658 659//659 657//657
f 661//661 719//719 657//657
f 657//657 659//659 661//661
f 607//607 1050//1050 5301//5301
f 5349//5349 5351//5351 606//606
f 662//662 665//665 5349//5349
f 1051//1051 1055//1055 5349//5349
f 1055//1055 663//663 5349//5349
f 663//663 662//662 5349//5349
f 5349//5349 606//606 1051//1051
f 663//663 1055//1055 1052//1052
f 1052//1052 662//662 663//663
f 665//665 5352//5352 5349//5349
f 5353//5353 666//666 5358//5358
f 1060//1060 5358//5358 666//666
f 5353//5353 5354//5354 667//667
f 667//667 666//666 5353//5353
f 669//669 210//210 1060//1060
f 670//670 210//210 5359//5359
f 1060//1060 210//210 670//670
f 5359//5359 1060//1060 670//670
f 5362//5362 673//673 5361//5361
f 673//673 676//676 5361//5361
f 1287//1287 676//676 673//673
f 669//669 672//672 210//210
f 1061//1061 672//672 669//669
f 1061//1061 5851//5851 672//672
f 5362//5362 1287//1287 673//673
f 216//216 674//674 678//678
f 675//675 5360//5360 5364//5364
f 678//678 674//674 5363//5363
f 5364//5364 677//677 675//675
f 5363//5363 5365//5365 678//678
f 5366//5366 676//676 1287//1287
f 5851//5851 678//678 5365//5365
f 5012//5012 196//196 737//737
f 740//740 737//737 196//196
f 196//196 679//679 740//740
f 196//196 160//160 679//679
f 680//680 679//679 160//160
f 680//680 160//160 681//681
f 681//681 682//682 680//680
f 683//683 682//682 681//681
f 680//680 682//682 5367//5367
f 5368//5368 5369//5369 1347//1347
f 5367//5367 682//682 684//684
f 682//682 5904//5904 684//684
f 5905//5905 5370//5370 1293//1293
f 681//681 609//609 685//685
f 5371//5371 5303//5303 610//610
f 5372//5372 5371//5371 610//610
f 681//681 685//685 683//683
f 686//686 690//690 687//687
f 5370//5370 5371//5371 1062//1062
f 5372//5372 1062//1062 5371//5371
f 5370//5370 1062//1062 1293//1293
f 615//615 689//689 5306//5306
f 691//691 687//687 690//690
f 688//688 691//691 690//690
f 5377//5377 5374//5374 5307//5307
f 5694//5694 621//621 1063//1063
f 5380//5380 692//692 694//694
f 5379//5379 693//693 219//219
f 694//694 692//692 1065//1065
f 5382//5382 695//695 5381//5381
f 5383//5383 5716//5716 1066//1066
f 5716//5716 1092//1092 1066//1066
f 5384//5384 5383//5383 1066//1066
f 5013//5013 5381//5381 699//699
f 695//695 699//699 5381//5381
f 5388//5388 5384//5384 696//696
f 1069//1069 5384//5384 1066//1066
f 1069//1069 696//696 5384//5384
f 1069//1069 1070//1070 696//696
f 5388//5388 696//696 697//697
f 698//698 697//697 696//696
f 1069//1069 1067//1067 1070//1070
f 5386//5386 1071//1071 5389//5389
f 1096//1096 701//701 5390//5390
f 1096//1096 5390//5390 5720//5720
f 5391//5391 703//703 700//700
f 700//700 5392//5392 5391//5391
f 699//699 5391//5391 5392//5392
f 703//703 1097//1097 707//707
f 1097//1097 1098//1098 707//707
f 705//705 5394//5394 703//703
f 703//703 704//704 700//700
f 5393//5393 5395//5395 743//743
f 5455//5455 705//705 707//707
f 703//703 707//707 705//705
f 706//706 707//707 708//708
f 1098//1098 708//708 707//707
f 709//709 754//754 228//228
f 228//228 754//754 710//710
f 717//717 712//712 713//713
f 713//713 714//714 717//717
f 229//229 711//711 712//712
f 5401//5401 715//715 5403//5403
f 5403//5403 715//715 5404//5404
f 1073//1073 5405//5405 5398//5398
f 5399//5399 5406//5406 5402//5402
f 229//229 710//710 711//711
f 710//710 229//229 228//228
f 714//714 718//718 717//717
f 5409//5409 5405//5405 1073//1073
f 5410//5410 5404//5404 715//715
f 1073//1073 1074//1074 5408//5408
f 5019//5019 716//716 232//232
f 716//716 5019//5019 5407//5407
f 719//719 232//232 716//716
f 716//716 5407//5407 648//648
f 719//719 716//716 648//648
f 5408//5408 1081//1081 655//655
f 655//655 1081//1081 5346//5346
f 1074//1074 1081//1081 5408//5408
f 720//720 724//724 722//722
f 725//725 5420//5420 5411//5411
f 721//721 782//782 777//777
f 726//726 5414//5414 723//723
f 5412//5412 5415//5415 5426//5426
f 724//724 5416//5416 722//722
f 728//728 5417//5417 5421//5421
f 5423//5423 5432//5432 5422//5422
f 727//727 5424//5424 5413//5413
f 729//729 5425//5425 5428//5428
f 5423//5423 5435//5435 5432//5432
f 5412//5412 5426//5426 5429//5429
f 731//731 5418//5418 5433//5433
f 5436//5436 5441//5441 5434//5434
f 723//723 730//730 726//726
f 5438//5438 5430//5430 5427//5427
f 5442//5442 5439//5439 5419//5419
f 5443//5443 5431//5431 5440//5440
f 5437//5437 5431//5431 5443//5443
f 5025//5025 732//732 733//733
f 5025//5025 734//734 782//782
f 5025//5025 733//733 734//734
f 5445//5445 5444//5444 735//735
f 735//735 5446//5446 5445//5445
f 732//732 5039//5039 736//736
f 783//783 732//732 736//736
f 5447//5447 738//738 1087//1087
f 5444//5444 781//781 735//735
f 5447//5447 1087//1087 5488//5488
f 738//738 5448//5448 1087//1087
f 783//783 781//781 732//732
f 737//737 5449//5449 5039//5039
f 736//736 5039//5039 5449//5449
f 5451//5451 741//741 739//739
f 5448//5448 5452//5452 1087//1087
f 5737//5737 5451//5451 1089//1089
f 5451//5451 739//739 1089//1089
f 5367//5367 5450//5450 5453//5453
f 679//679 5454//5454 740//740
f 1088//1088 5450//5450 5367//5367
f 1088//1088 5367//5367 684//684
f 742//742 784//784 1122//1122
f 219//219 742//742 5379//5379
f 262//262 742//742 219//219
f 742//742 262//262 784//784
f 5379//5379 742//742 1122//1122
f 5455//5455 707//707 5050//5050
f 5396//5396 5051//5051 5397//5397
f 5396//5396 5046//5046 5051//5051
f 744//744 5046//5046 5396//5396
f 5054//5054 5456//5456 746//746
f 745//745 706//706 708//708
f 706//706 745//745 5456//5456
f 745//745 746//746 5456//5456
f 747//747 5054//5054 746//746
f 708//708 746//746 745//745
f 746//746 708//708 1587//1587
f 6011//6011 747//747 746//746
f 5053//5053 747//747 748//748
f 750//750 749//749 748//748
f 750//750 748//748 747//747
f 1099//1099 749//749 750//750
f 749//749 751//751 748//748
f 751//751 5055//5055 748//748
f 5056//5056 1101//1101 1100//1100
f 751//751 1361//1361 5055//5055
f 1361//1361 1101//1101 5056//5056
f 1106//1106 5056//5056 1100//1100
f 1106//1106 1107//1107 5056//5056
f 1107//1107 752//752 5056//5056
f 753//753 752//752 1370//1370
f 223//223 752//752 753//753
f 223//223 753//753 709//709
f 754//754 709//709 753//753
f 711//711 710//710 754//754
f 755//755 830//830 5059//5059
f 830//830 755//755 831//831
f 755//755 235//235 833//833
f 5060//5060 835//835 834//834
f 834//834 833//833 235//235
f 5061//5061 5064//5064 5527//5527
f 5459//5459 756//756 837//837
f 840//840 838//838 5458//5458
f 5065//5065 5068//5068 757//757
f 5528//5528 5063//5063 757//757
f 758//758 5067//5067 762//762
f 5458//5458 5460//5460 5069//5069
f 758//758 762//762 839//839
f 840//840 5458//5458 5069//5069
f 5069//5069 5462//5462 840//840
f 759//759 5531//5531 762//762
f 759//759 763//763 765//765
f 1129//1129 5531//5531 759//759
f 1113//1113 759//759 5472//5472
f 5070//5070 761//761 760//760
f 5464//5464 296//296 298//298
f 764//764 5465//5465 5071//5071
f 5466//5466 5468//5468 5463//5463
f 5469//5469 5467//5467 5470//5470
f 769//769 764//764 5071//5071
f 763//763 762//762 760//760
f 5470//5470 766//766 5469//5469
f 763//763 759//759 762//762
f 766//766 5471//5471 767//767
f 5471//5471 5475//5475 767//767
f 771//771 767//767 5475//5475
f 5469//5469 766//766 5473//5473
f 771//771 770//770 1114//1114
f 5758//5758 5473//5473 766//766
f 771//771 1114//1114 767//767
f 5758//5758 766//766 767//767
f 5072//5072 770//770 768//768
f 5475//5475 5474//5474 771//771
f 768//768 770//770 771//771
f 773//773 5476//5476 299//299
f 5476//5476 773//773 1115//1115
f 1115//1115 5759//5759 5476//5476
f 5478//5478 1116//1116 5760//5760
f 775//775 773//773 299//299
f 5479//5479 5481//5481 776//776
f 5483//5483 778//778 1118//1118
f 772//772 5484//5484 774//774
f 776//776 5477//5477 5479//5479
f 1118//1118 778//778 779//779
f 772//772 774//774 5480//5480
f 5483//5483 1118//1118 1117//1117
f 1118//1118 5486//5486 1119//1119
f 5762//5762 774//774 5484//5484
f 5480//5480 774//774 5762//5762
f 5764//5764 5763//5763 5485//5485
f 5482//5482 777//777 5483//5483
f 777//777 782//782 779//779
f 777//777 5482//5482 721//721
f 5483//5483 777//777 778//778
f 777//777 779//779 778//778
f 5486//5486 5487//5487 5446//5446
f 5486//5486 5446//5446 780//780
f 5486//5486 780//780 1119//1119
f 5446//5446 1119//1119 780//780
f 5446//5446 735//735 1119//1119
f 735//735 781//781 1119//1119
f 1119//1119 781//781 1120//1120
f 781//781 783//783 1120//1120
f 1122//1122 784//784 785//785
f 300//300 5489//5489 784//784
f 787//787 786//786 300//300
f 786//786 5489//5489 300//300
f 786//786 787//787 1402//1402
f 1402//1402 5489//5489 786//786
f 5490//5490 301//301 790//790
f 301//301 5490//5490 5073//5073
f 788//788 267//267 789//789
f 788//788 5491//5491 301//301
f 1402//1402 787//787 1403//1403
f 787//787 5492//5492 1403//1403
f 789//789 5491//5491 788//788
f 789//789 841//841 5491//5491
f 791//791 303//303 792//792
f 302//302 5493//5493 303//303
f 5493//5493 302//302 794//794
f 789//789 791//791 792//792
f 841//841 789//789 792//792
f 267//267 791//791 789//789
f 5493//5493 794//794 795//795
f 5532//5532 5493//5493 793//793
f 5493//5493 795//795 793//793
f 842//842 793//793 795//795
f 304//304 5539//5539 796//796
f 796//796 795//795 304//304
f 5074//5074 5496//5496 797//797
f 5496//5496 5545//5545 797//797
f 5778//5778 5545//5545 5496//5496
f 370//370 312//312 854//854
f 5552//5552 5155//5155 860//860
f 860//860 799//799 861//861
f 800//800 5555//5555 5124//5124
f 801//801 863//863 800//800
f 863//863 801//801 805//805
f 802//802 805//805 801//801
f 5500//5500 803//803 5505//5505
f 349//349 803//803 5500//5500
f 804//804 806//806 5501//5501
f 5501//5501 5128//5128 804//804
f 5127//5127 351//351 5503//5503
f 341//341 5499//5499 5498//5498
f 865//865 5507//5507 5504//5504
f 5503//5503 351//351 5557//5557
f 866//866 863//863 5506//5506
f 5506//5506 5507//5507 866//866
f 5502//5502 5507//5507 5506//5506
f 807//807 869//869 351//351
f 808//808 5562//5562 814//814
f 871//871 5508//5508 5513//5513
f 5145//5145 812//812 5141//5141
f 5563//5563 5142//5142 5514//5514
f 811//811 810//810 5141//5141
f 812//812 811//811 5141//5141
f 813//813 812//812 5145//5145
f 5145//5145 816//816 813//813
f 5569//5569 810//810 870//870
f 5566//5566 5509//5509 5510//5510
f 5511//5511 5566//5566 5510//5510
f 812//812 813//813 5567//5567
f 810//810 5515//5515 5141//5141
f 5569//5569 5515//5515 810//810
f 5568//5568 5512//5512 815//815
f 872//872 813//813 816//816
f 5516//5516 813//813 872//872
f 818//818 819//819 817//817
f 818//818 817//817 825//825
f 873//873 5518//5518 5519//5519
f 817//817 819//819 5574//5574
f 5571//5571 5518//5518 873//873
f 1124//1124 5521//5521 5520//5520
f 818//818 827//827 820//820
f 1124//1124 818//818 820//820
f 5518//5518 821//821 5519//5519
f 5522//5522 5150//5150 826//826
f 824//824 5519//5519 821//821
f 5519//5519 824//824 5524//5524
f 824//824 821//821 822//822
f 824//824 822//822 5524//5524
f 5523//5523 5524//5524 822//822
f 5151//5151 828//828 826//826
f 826//826 825//825 5522//5522
f 5525//5525 368//368 830//830
f 827//827 826//826 828//828
f 827//827 818//818 825//825
f 827//827 825//825 826//826
f 830//830 829//829 5525//5525
f 828//828 820//820 827//827
f 828//828 1392//1392 820//820
f 5918//5918 5525//5525 829//829
f 755//755 833//833 831//831
f 833//833 834//834 831//831
f 368//368 5059//5059 830//830
f 5526//5526 831//831 834//834
f 829//829 830//830 831//831
f 5526//5526 834//834 832//832
f 1126//1126 832//832 5530//5530
f 834//834 835//835 832//832
f 836//836 5529//5529 5461//5461
f 5461//5461 5530//5530 836//836
f 5462//5462 1128//1128 838//838
f 5462//5462 838//838 840//840
f 5529//5529 836//836 832//832
f 5530//5530 832//832 836//836
f 837//837 756//756 5770//5770
f 838//838 1127//1127 5458//5458
f 1127//1127 838//838 1128//1128
f 5771//5771 758//758 839//839
f 1129//1129 5772//5772 5531//5531
f 841//841 1403//1403 5491//5491
f 5534//5534 795//795 844//844
f 796//796 844//844 795//795
f 847//847 1133//1133 843//843
f 5535//5535 5538//5538 5495//5495
f 845//845 848//848 846//846
f 843//843 796//796 5539//5539
f 5539//5539 847//847 843//843
f 5544//5544 5540//5540 5541//5541
f 5546//5546 5779//5779 1138//1138
f 1141//1141 1140//1140 850//850
f 1141//1141 850//850 851//851
f 851//851 850//850 855//855
f 851//851 855//855 370//370
f 5153//5153 852//852 851//851
f 849//849 852//852 5153//5153
f 852//852 849//849 853//853
f 5548//5548 856//856 1148//1148
f 5547//5547 370//370 854//854
f 5547//5547 854//854 5548//5548
f 5548//5548 854//854 856//856
f 5549//5549 5552//5552 857//857
f 1148//1148 856//856 858//858
f 5549//5549 857//857 5550//5550
f 1153//1153 1148//1148 858//858
f 1156//1156 5552//5552 860//860
f 1156//1156 860//860 861//861
f 5553//5553 862//862 1159//1159
f 1160//1160 1159//1159 800//800
f 862//862 5553//5553 5497//5497
f 5555//5555 800//800 1159//1159
f 1160//1160 800//800 863//863
f 863//863 866//866 1161//1161
f 866//866 864//864 1161//1161
f 863//863 1161//1161 1160//1160
f 866//866 5507//5507 865//865
f 865//865 864//864 866//866
f 5557//5557 351//351 869//869
f 5564//5564 867//867 5558//5558
f 5556//5556 5558//5558 867//867
f 867//867 1164//1164 5556//5556
f 1164//1164 867//867 808//808
f 869//869 807//807 5561//5561
f 867//867 5562//5562 808//808
f 5565//5565 5562//5562 867//867
f 809//809 5508//5508 871//871
f 809//809 871//871 1166//1166
f 5570//5570 5568//5568 815//815
f 5521//5521 1124//1124 5575//5575
f 889//889 5180//5180 890//890
f 431//431 908//908 874//874
f 5586//5586 5186//5186 875//875
f 876//876 5586//5586 875//875
f 876//876 875//875 879//879
f 5580//5580 5577//5577 878//878
f 5579//5579 875//875 5186//5186
f 909//909 432//432 874//874
f 909//909 911//911 432//432
f 5610//5610 5579//5579 5186//5186
f 877//877 5578//5578 5581//5581
f 5587//5587 5578//5578 877//877
f 5580//5580 878//878 880//880
f 880//880 878//878 5611//5611
f 877//877 5581//5581 882//882
f 5585//5585 5582//5582 881//881
f 881//881 5583//5583 5584//5584
f 1171//1171 880//880 5611//5611
f 5798//5798 881//881 5584//5584
f 881//881 5798//5798 5585//5585
f 5585//5585 5798//5798 912//912
f 877//877 882//882 5612//5612
f 400//400 883//883 885//885
f 884//884 885//885 887//887
f 877//877 885//885 883//883
f 887//887 886//886 884//884
f 877//877 887//887 885//885
f 913//913 887//887 877//877
f 886//886 887//887 1174//1174
f 913//913 1174//1174 887//887
f 884//884 886//886 433//433
f 5181//5181 5589//5589 5590//5590
f 5590//5590 5589//5589 5188//5188
f 889//889 890//890 1176//1176
f 889//889 1176//1176 919//919
f 889//889 897//897 5180//5180
f 892//892 5194//5194 5592//5592
f 892//892 5592//5592 898//898
f 892//892 898//898 893//893
f 898//898 894//894 893//893
f 895//895 5195//5195 5594//5594
f 5594//5594 893//893 895//895
f 893//893 896//896 895//895
f 893//893 894//894 896//896
f 895//895 896//896 5617//5617
f 896//896 894//894 5617//5617
f 894//894 898//898 899//899
f 5596//5596 901//901 5593//5593
f 5599//5599 5597//5597 5603//5603
f 5598//5598 5593//5593 901//901
f 5604//5604 903//903 5600//5600
f 5601//5601 900//900 902//902
f 897//897 5607//5607 5605//5605
f 905//905 918//918 902//902
f 5600//5600 903//903 904//904
f 900//900 5601//5601 5608//5608
f 903//903 5619//5619 904//904
f 900//900 5608//5608 905//905
f 900//900 905//905 902//902
f 897//897 889//889 5607//5607
f 889//889 919//919 5607//5607
f 5608//5608 5620//5620 905//905
f 5620//5620 918//918 905//905
f 5602//5602 5606//5606 5595//5595
f 430//430 446//446 906//906
f 448//448 430//430 906//906
f 5634//5634 925//925 446//446
f 448//448 906//906 924//924
f 446//446 925//925 926//926
f 446//446 926//926 906//906
f 906//906 5630//5630 924//924
f 448//448 907//907 908//908
f 908//908 910//910 874//874
f 909//909 874//874 5609//5609
f 911//911 909//909 1181//1181
f 1172//1172 877//877 5612//5612
f 911//911 1181//1181 5799//5799
f 886//886 1174//1174 914//914
f 913//913 877//877 1172//1172
f 915//915 886//886 914//914
f 1174//1174 1186//1186 914//914
f 1190//1190 914//914 1186//1186
f 915//915 914//914 1190//1190
f 915//915 435//435 434//434
f 5188//5188 916//916 1175//1175
f 435//435 915//915 5615//5615
f 457//457 5195//5195 895//895
f 917//917 457//457 895//895
f 5618//5618 5595//5595 5606//5606
f 902//902 918//918 5616//5616
f 943//943 5616//5616 918//918
f 5621//5621 921//921 922//922
f 5623//5623 944//944 5624//5624
f 5625//5625 5651//5651 5626//5626
f 5626//5626 946//946 463//463
f 5634//5634 923//923 935//935
f 935//935 923//923 939//939
f 939//939 923//923 1195//1195
f 1195//1195 940//940 5647//5647
f 924//924 927//927 448//448
f 448//448 927//927 907//907
f 5629//5629 928//928 5631//5631
f 931//931 927//927 924//924
f 5632//5632 925//925 929//929
f 929//929 925//925 5634//5634
f 927//927 937//937 907//907
f 928//928 933//933 5631//5631
f 5627//5627 5631//5631 933//933
f 934//934 5632//5632 929//929
f 936//936 5635//5635 5628//5628
f 936//936 5628//5628 5639//5639
f 5633//5633 5640//5640 932//932
f 929//929 935//935 934//934
f 5639//5639 5636//5636 936//936
f 5641//5641 5643//5643 5637//5637
f 935//935 929//929 5634//5634
f 908//908 907//907 937//937
f 935//935 939//939 938//938
f 934//934 935//935 938//938
f 5645//5645 5644//5644 5642//5642
f 5638//5638 933//933 928//928
f 5635//5635 936//936 5649//5649
f 5646//5646 5648//5648 5649//5649
f 5646//5646 5649//5649 936//936
f 927//927 1178//1178 937//937
f 5649//5649 1444//1444 5635//5635
f 5609//5609 1182//1182 909//909
f 1182//1182 1181//1181 909//909
f 937//937 941//941 910//910
f 908//908 937//937 910//910
f 910//910 941//941 1183//1183
f 1183//1183 941//941 937//937
f 918//918 942//942 943//943
f 943//943 982//982 5219//5219
f 944//944 5623//5623 5229//5229
f 5651//5651 946//946 5626//5626
f 1228//1228 945//945 946//946
f 463//463 946//946 487//487
f 487//487 946//946 945//945
f 497//497 498//498 947//947
f 1194//1194 949//949 5654//5654
f 5654//5654 1200//1200 948//948
f 948//948 1194//1194 5654//5654
f 948//948 1200//1200 1201//1201
f 5198//5198 947//947 5656//5656
f 478//478 5658//5658 476//476
f 5658//5658 478//478 980//980
f 1213//1213 951//951 5650//5650
f 1213//1213 5674//5674 951//951
f 980//980 478//478 5675//5675
f 5674//5674 5650//5650 951//951
f 524//524 990//990 955//955
f 524//524 953//953 944//944
f 5651//5651 5662//5662 946//946
f 524//524 954//954 953//953
f 954//954 524//524 955//955
f 5663//5663 954//954 956//956
f 956//956 954//954 955//955
f 956//956 955//955 1220//1220
f 5665//5665 5652//5652 5664//5664
f 5665//5665 5818//5818 5652//5652
f 945//945 5821//5821 1231//1231
f 487//487 945//945 959//959
f 992//992 959//959 945//945
f 992//992 945//945 991//991
f 957//957 488//488 959//959
f 488//488 487//487 959//959
f 958//958 957//957 960//960
f 994//994 957//957 959//959
f 958//958 960//960 961//961
f 958//958 961//961 489//489
f 960//960 962//962 961//961
f 962//962 489//489 961//961
f 957//957 994//994 960//960
f 962//962 960//960 995//995
f 960//960 994//994 995//995
f 996//996 525//525 489//489
f 526//526 525//525 963//963
f 963//963 525//525 964//964
f 963//963 997//997 526//526
f 964//964 1239//1239 963//963
f 965//965 967//967 526//526
f 526//526 966//966 965//965
f 997//997 966//966 526//526
f 1198//1198 967//967 965//965
f 965//965 966//966 1493//1493
f 5235//5235 967//967 1198//1198
f 968//968 498//498 5806//5806
f 947//947 498//498 968//968
f 1198//1198 969//969 968//968
f 969//969 947//947 968//968
f 5655//5655 5668//5668 5807//5807
f 1000//1000 973//973 1241//1241
f 1001//1001 5669//5669 972//972
f 975//975 1001//1001 972//972
f 1002//1002 1253//1253 5684//5684
f 5671//5671 1002//1002 5684//5684
f 974//974 1002//1002 5671//5671
f 503//503 975//975 972//972
f 503//503 974//974 5671//5671
f 976//976 5670//5670 5258//5258
f 976//976 1004//1004 5670//5670
f 534//534 5240//5240 950//950
f 5258//5258 5658//5658 976//976
f 976//976 5658//5658 977//977
f 979//979 977//977 978//978
f 1259//1259 977//977 979//979
f 5672//5672 1206//1206 5673//5673
f 1259//1259 979//979 1260//1260
f 1206//1206 5839//5839 5673//5673
f 5658//5658 978//978 977//977
f 980//980 978//978 5658//5658
f 978//978 980//980 981//981
f 981//981 1208//1208 978//978
f 983//983 984//984 1006//1006
f 1216//1216 985//985 5689//5689
f 5676//5676 1216//1216 1217//1217
f 1006//1006 538//538 983//983
f 986//986 5259//5259 5689//5689
f 5682//5682 5660//5660 989//989
f 5677//5677 5681//5681 5661//5661
f 986//986 5689//5689 985//985
f 989//989 5678//5678 5676//5676
f 987//987 5682//5682 989//989
f 988//988 5676//5676 1217//1217
f 5676//5676 988//988 989//989
f 990//990 5679//5679 1222//1222
f 1217//1217 1218//1218 988//988
f 988//988 1219//1219 989//989
f 990//990 524//524 5659//5659
f 1221//1221 955//955 990//990
f 1221//1221 990//990 1222//1222
f 945//945 1231//1231 991//991
f 5683//5683 5825//5825 1232//1232
f 993//993 959//959 992//992
f 1235//1235 993//993 992//992
f 959//959 993//993 994//994
f 991//991 1235//1235 992//992
f 1235//1235 1234//1234 993//993
f 994//994 1237//1237 995//995
f 5666//5666 995//995 1237//1237
f 5666//5666 1237//1237 996//996
f 993//993 1237//1237 994//994
f 1237//1237 1236//1236 996//996
f 996//996 489//489 5666//5666
f 996//996 5667//5667 5253//5253
f 1238//1238 963//963 1239//1239
f 997//997 963//963 1238//1238
f 545//545 5263//5263 1013//1013
f 1277//1277 1013//1013 5263//5263
f 5849//5849 547//547 1240//1240
f 1240//1240 547//547 998//998
f 998//998 1279//1279 1240//1240
f 999//999 1279//1279 998//998
f 999//999 998//998 970//970
f 1242//1242 999//999 971//971
f 1000//1000 5832//5832 971//971
f 1252//1252 5669//5669 1001//1001
f 1252//1252 1247//1247 5669//5669
f 973//973 5834//5834 1241//1241
f 1002//1002 974//974 5686//5686
f 1003//1003 1253//1253 1002//1002
f 5686//5686 1003//1003 1002//1002
f 976//976 1256//1256 1004//1004
f 551//551 1264//1264 1005//1005
f 1005//1005 984//984 551//551
f 5688//5688 1266//1266 1006//1006
f 5688//5688 1006//1006 984//984
f 5689//5689 5843//5843 1216//1216
f 1007//1007 1023//1023 5274//5274
f 1007//1007 1008//1008 1023//1023
f 1009//1009 1008//1008 562//562
f 1009//1009 1010//1010 1540//1540
f 1010//1010 1009//1009 5690//5690
f 1012//1012 1011//1011 1014//1014
f 1014//1014 1011//1011 1013//1013
f 1010//1010 1012//1012 1014//1014
f 1277//1277 1014//1014 1013//1013
f 1010//1010 1014//1014 1276//1276
f 1535//1535 1283//1283 1016//1016
f 1535//1535 1016//1016 1290//1290
f 1015//1015 575//575 1016//1016
f 574//574 5276//5276 1283//1283
f 1016//1016 1283//1283 1015//1015
f 1282//1282 1284//1284 5278//5278
f 5278//5278 1284//1284 551//551
f 1018//1018 1017//1017 1015//1015
f 1015//1015 1017//1017 5279//5279
f 1018//1018 1283//1283 5276//5276
f 1015//1015 1283//1283 1018//1018
f 1040//1040 590//590 594//594
f 1019//1019 1021//1021 1040//1040
f 1721//1721 1040//1040 1021//1021
f 1040//1040 5289//5289 1019//1019
f 1019//1019 602//602 1020//1020
f 1022//1022 1020//1020 602//602
f 1021//1021 1019//1019 1020//1020
f 1023//1023 1285//1285 1020//1020
f 1023//1023 1020//1020 1022//1022
f 1023//1023 1022//1022 5274//5274
f 678//678 5851//5851 1288//1288
f 1029//1029 608//608 1025//1025
f 1288//1288 1024//1024 678//678
f 1027//1027 1029//1029 1025//1025
f 1288//1288 1026//1026 1024//1024
f 1026//1026 608//608 1024//1024
f 1025//1025 5691//5691 1027//1027
f 608//608 5691//5691 1025//1025
f 1289//1289 1027//1027 5691//5691
f 1289//1289 1026//1026 1288//1288
f 1029//1029 1027//1027 1028//1028
f 566//566 1029//1029 1030//1030
f 5692//5692 1290//1290 566//566
f 1030//1030 1029//1029 1028//1028
f 1290//1290 1016//1016 566//566
f 5692//5692 1028//1028 1290//1290
f 1063//1063 615//615 1031//1031
f 621//621 624//624 1063//1063
f 1032//1032 1544//1544 1064//1064
f 1032//1032 1064//1064 1034//1034
f 1064//1064 624//624 5325//5325
f 1032//1032 1035//1035 1544//1544
f 1034//1034 1033//1033 1035//1035
f 639//639 1035//1035 1033//1033
f 639//639 581//581 1035//1035
f 5282//5282 1036//1036 5695//5695
f 5695//5695 1036//1036 1039//1039
f 1034//1034 5328//5328 1033//1033
f 1034//1034 1064//1064 5328//5328
f 1035//1035 5699//5699 1544//1544
f 1035//1035 1032//1032 1034//1034
f 1038//1038 5696//5696 5283//5283
f 1039//1039 1036//1036 1037//1037
f 1544//1544 5697//5697 1038//1038
f 5698//5698 1544//1544 5699//5699
f 1038//1038 590//590 1040//1040
f 594//594 5288//5288 1040//1040
f 5347//5347 5726//5726 1086//1086
f 1086//1086 1044//1044 5347//5347
f 1041//1041 1046//1046 5704//5704
f 1041//1041 1042//1042 1046//1046
f 1043//1043 1082//1082 1041//1041
f 1043//1043 1041//1041 5704//5704
f 5728//5728 5701//5701 5700//5700
f 5729//5729 1085//1085 1329//1329
f 1045//1045 5299//5299 653//653
f 653//653 1044//1044 1045//1045
f 1044//1044 5706//5706 1045//1045
f 5705//5705 1047//1047 604//604
f 604//604 1047//1047 1049//1049
f 5885//5885 1045//1045 1048//1048
f 1048//1048 1045//1045 5706//5706
f 1048//1048 5706//5706 5702//5702
f 5886//5886 1047//1047 5705//5705
f 5728//5728 1048//1048 5701//5701
f 5885//5885 1048//1048 5728//5728
f 5886//5886 1337//1337 1047//1047
f 1291//1291 1050//1050 1049//1049
f 1049//1049 1050//1050 607//607
f 1050//1050 1051//1051 5301//5301
f 1052//1052 665//665 662//662
f 1053//1053 1054//1054 1056//1056
f 1053//1053 1056//1056 1058//1058
f 5713//5713 5707//5707 5709//5709
f 665//665 1052//1052 5714//5714
f 5709//5709 5707//5707 5710//5710
f 5711//5711 1054//1054 5708//5708
f 667//667 1057//1057 1059//1059
f 666//666 667//667 1059//1059
f 1060//1060 666//666 1059//1059
f 5712//5712 5356//5356 1058//1058
f 5715//5715 5357//5357 5355//5355
f 1059//1059 1057//1057 1056//1056
f 1059//1059 1056//1056 1054//1054
f 5712//5712 1058//1058 1056//1056
f 1059//1059 1054//1054 1549//1549
f 1549//1549 1061//1061 1060//1060
f 1549//1549 5851//5851 1061//1061
f 1060//1060 1059//1059 1549//1549
f 1060//1060 1061//1061 669//669
f 1062//1062 687//687 1293//1293
f 1293//1293 687//687 5378//5378
f 1293//1293 5378//5378 1294//1294
f 686//686 687//687 1062//1062
f 5377//5377 5375//5375 1300//1300
f 5375//5375 5377//5377 5307//5307
f 689//689 615//615 1063//1063
f 1306//1306 1063//1063 1305//1305
f 1063//1063 624//624 1305//1305
f 5742//5742 5717//5717 1558//1558
f 1066//1066 1093//1093 1309//1309
f 1353//1353 1309//1309 1093//1093
f 1309//1309 1311//1311 1066//1066
f 1069//1069 1066//1066 1067//1067
f 1068//1068 1066//1066 1311//1311
f 1068//1068 1067//1067 1066//1066
f 1068//1068 1357//1357 1067//1067
f 1067//1067 1072//1072 5719//5719
f 5719//5719 1072//1072 5387//5387
f 5387//5387 5385//5385 5719//5719
f 697//697 698//698 1072//1072
f 1357//1357 697//697 1072//1072
f 5386//5386 5907//5907 1071//1071
f 5907//5907 1095//1095 1071//1071
f 1067//1067 1357//1357 1072//1072
f 5398//5398 1078//1078 1073//1073
f 1078//1078 1074//1074 1073//1073
f 1077//1077 1075//1075 1074//1074
f 1078//1078 5721//5721 1074//1074
f 1076//1076 1075//1075 1077//1077
f 1076//1076 1077//1077 1315//1315
f 1080//1080 1075//1075 1076//1076
f 1080//1080 1084//1084 1075//1075
f 1315//1315 1080//1080 1076//1076
f 1083//1083 1079//1079 1321//1321
f 1316//1316 5721//5721 1078//1078
f 5863//5863 1315//1315 1077//1077
f 1074//1074 1075//1075 1081//1081
f 5703//5703 1044//1044 1086//1086
f 1086//1086 5726//5726 5730//5730
f 1083//1083 5727//5727 5731//5731
f 1084//1084 1081//1081 1075//1075
f 5724//5724 1079//1079 5731//5731
f 1079//1079 1083//1083 5731//5731
f 5732//5732 1082//1082 1043//1043
f 5733//5733 5703//5703 1086//1086
f 1330//1330 5734//5734 5735//5735
f 5873//5873 1331//1331 5730//5730
f 1331//1331 1086//1086 5730//5730
f 5887//5887 5736//5736 5889//5889
f 5738//5738 5740//5740 1121//1121
f 1087//1087 5766//5766 5765//5765
f 1091//1091 1339//1339 1090//1090
f 5767//5767 1089//1089 739//739
f 5766//5766 5450//5450 1090//1090
f 1088//1088 1090//1090 5450//5450
f 1091//1091 1090//1090 1088//1088
f 1345//1345 1088//1088 684//684
f 5901//5901 5741//5741 5903//5903
f 5741//5741 5739//5739 5903//5903
f 1348//1348 1122//1122 1349//1349
f 1065//1065 1122//1122 1348//1348
f 1348//1348 1349//1349 1574//1574
f 1065//1065 692//692 1122//1122
f 1558//1558 1094//1094 5742//5742
f 5744//5744 1093//1093 1092//1092
f 1093//1093 1066//1066 1092//1092
f 5907//5907 1585//1585 1095//1095
f 1359//1359 5720//5720 5746//5746
f 1359//1359 701//701 1096//1096
f 5720//5720 1359//1359 1096//1096
f 1359//1359 703//703 5391//5391
f 1097//1097 703//703 1359//1359
f 1098//1098 1759//1759 708//708
f 751//751 1099//1099 1361//1361
f 751//751 749//749 1099//1099
f 1360//1360 1100//1100 1101//1101
f 1361//1361 1360//1360 1101//1101
f 1100//1100 1102//1102 1106//1106
f 1103//1103 5754//5754 5747//5747
f 1100//1100 1362//1362 1102//1102
f 5910//5910 1105//1105 5748//5748
f 5747//5747 5752//5752 1103//1103
f 5908//5908 1362//1362 1100//1100
f 5752//5752 1104//1104 1103//1103
f 5753//5753 1363//1363 5750//5750
f 5751//5751 1107//1107 1106//1106
f 5749//5749 5751//5751 1106//1106
f 1367//1367 1370//1370 1107//1107
f 1370//1370 752//752 1107//1107
f 1108//1108 753//753 1370//1370
f 753//753 5755//5755 1109//1109
f 1110//1110 1109//1109 1112//1112
f 1110//1110 1112//1112 754//754
f 5755//5755 1111//1111 1109//1109
f 1111//1111 1112//1112 1109//1109
f 1110//1110 753//753 1109//1109
f 1110//1110 754//754 753//753
f 754//754 1376//1376 711//711
f 1605//1605 1129//1129 1113//1113
f 759//759 1113//1113 1129//1129
f 5473//5473 5758//5758 5756//5756
f 5758//5758 5761//5761 1382//1382
f 1382//1382 5761//5761 5763//5763
f 1383//1383 1382//1382 5763//5763
f 1383//1383 5763//5763 5764//5764
f 1383//1383 1117//1117 1118//1118
f 5765//5765 5488//5488 1087//1087
f 785//785 1386//1386 1122//1122
f 1386//1386 5489//5489 1402//1402
f 1386//1386 1387//1387 1122//1122
f 1123//1123 5793//5793 1167//1167
f 1169//1169 1124//1124 1389//1389
f 1169//1169 1389//1389 1170//1170
f 1124//1124 1169//1169 5575//5575
f 1124//1124 820//820 1389//1389
f 1389//1389 820//820 1125//1125
f 820//820 1392//1392 1125//1125
f 5919//5919 5526//5526 832//832
f 1434//1434 1125//1125 1392//1392
f 756//756 1127//1127 5770//5770
f 5770//5770 1127//1127 1394//1394
f 1128//1128 1394//1394 1127//1127
f 1393//1393 832//832 1126//1126
f 1393//1393 5770//5770 1394//1394
f 5533//5533 5494//5494 1611//1611
f 5534//5534 844//844 1130//1130
f 1130//1130 5538//5538 1131//1131
f 1408//1408 1132//1132 5536//5536
f 5773//5773 5536//5536 1132//1132
f 1408//1408 5773//5773 1132//1132
f 1406//1406 1130//1130 1131//1131
f 1133//1133 847//847 1136//1136
f 847//847 5542//5542 1136//1136
f 1131//1131 5538//5538 5535//5535
f 5537//5537 5775//5775 5927//5927
f 1134//1134 1133//1133 1136//1136
f 1137//1137 1134//1134 1136//1136
f 1134//1134 5777//5777 1135//1135
f 5776//5776 1137//1137 1409//1409
f 1133//1133 1134//1134 1135//1135
f 1136//1136 5543//5543 5546//5546
f 1136//1136 5546//5546 1137//1137
f 1138//1138 1409//1409 5546//5546
f 1137//1137 5546//5546 1409//1409
f 1138//1138 5779//5779 1139//1139
f 1139//1139 1410//1410 1138//1138
f 1139//1139 1140//1140 1415//1415
f 1415//1415 1140//1140 1141//1141
f 1145//1145 1146//1146 1618//1618
f 1146//1146 1416//1416 1618//1618
f 852//852 853//853 1142//1142
f 853//853 1143//1143 1142//1142
f 851//851 852//852 1142//1142
f 1142//1142 1143//1143 1145//1145
f 1144//1144 5780//5780 5548//5548
f 1142//1142 1145//1145 851//851
f 1141//1141 851//851 1145//1145
f 1146//1146 1145//1145 1143//1143
f 1147//1147 5780//5780 1144//1144
f 1148//1148 1147//1147 1144//1144
f 1147//1147 1146//1146 5780//5780
f 1147//1147 1416//1416 1146//1146
f 1416//1416 1147//1147 1148//1148
f 1144//1144 5548//5548 1148//1148
f 1154//1154 1149//1149 5782//5782
f 5781//5781 1148//1148 1153//1153
f 1152//1152 1156//1156 1150//1150
f 1151//1151 1149//1149 1154//1154
f 1148//1148 5781//5781 1151//1151
f 1154//1154 1150//1150 1151//1151
f 5550//5550 857//857 1152//1152
f 857//857 5552//5552 1152//1152
f 1154//1154 5550//5550 1150//1150
f 5550//5550 1152//1152 1150//1150
f 1154//1154 5782//5782 5550//5550
f 1156//1156 1152//1152 5552//5552
f 5786//5786 1158//1158 1157//1157
f 1425//1425 5787//5787 5788//5788
f 1158//1158 5786//5786 5554//5554
f 1159//1159 5789//5789 5553//5553
f 5788//5788 1160//1160 1425//1425
f 1159//1159 5788//5788 5789//5789
f 5788//5788 1159//1159 1160//1160
f 1160//1160 1161//1161 1425//1425
f 1162//1162 1163//1163 1427//1427
f 5556//5556 1164//1164 1162//1162
f 1162//1162 1427//1427 5556//5556
f 1427//1427 5790//5790 5556//5556
f 1163//1163 1162//1162 1164//1164
f 1165//1165 809//809 1166//1166
f 1165//1165 5508//5508 809//809
f 5508//5508 1165//1165 5792//5792
f 5792//5792 1165//1165 1429//1429
f 1165//1165 1166//1166 1429//1429
f 5940//5940 5793//5793 1431//1431
f 5768//5768 5794//5794 1432//1432
f 815//815 5793//5793 5570//5570
f 1167//1167 5793//5793 815//815
f 5572//5572 5796//5796 5794//5794
f 1168//1168 5794//5794 5796//5796
f 1169//1169 1170//1170 5795//5795
f 5794//5794 1168//1168 1432//1432
f 5517//5517 5572//5572 5794//5794
f 5573//5573 5576//5576 5797//5797
f 1173//1173 5613//5613 5799//5799
f 1172//1172 1187//1187 913//913
f 5799//5799 1181//1181 1173//1173
f 5614//5614 5800//5800 1188//1188
f 5612//5612 5805//5805 1172//1172
f 5800//5800 1184//1184 1188//1188
f 913//913 1187//1187 1174//1174
f 1174//1174 1187//1187 1186//1186
f 1190//1190 1191//1191 915//915
f 915//915 1191//1191 1192//1192
f 5590//5590 5188//5188 1175//1175
f 915//915 1192//1192 5615//5615
f 916//916 1192//1192 1175//1175
f 5801//5801 1441//1441 1176//1176
f 1176//1176 890//890 5801//5801
f 1195//1195 923//923 5634//5634
f 1195//1195 5948//5948 940//940
f 1177//1177 937//937 1178//1178
f 927//927 931//931 1178//1178
f 1183//1183 1177//1177 1178//1178
f 931//931 1196//1196 1178//1178
f 1179//1179 1183//1183 1178//1178
f 1179//1179 1178//1178 1196//1196
f 1180//1180 1179//1179 1196//1196
f 1179//1179 1180//1180 1183//1183
f 1183//1183 1180//1180 1453//1453
f 1453//1453 1435//1435 1183//1183
f 1180//1180 1196//1196 1452//1452
f 1183//1183 1182//1182 5609//5609
f 1182//1182 1435//1435 1181//1181
f 937//937 1177//1177 1183//1183
f 1435//1435 1182//1182 1183//1183
f 1173//1173 1185//1185 5804//5804
f 1185//1185 1173//1173 1181//1181
f 1185//1185 1181//1181 1435//1435
f 5945//5945 1436//1436 1185//1185
f 5804//5804 1185//1185 1436//1436
f 1188//1188 1189//1189 1172//1172
f 1184//1184 1189//1189 1188//1188
f 1172//1172 1189//1189 1187//1187
f 1187//1187 1189//1189 1440//1440
f 1186//1186 1187//1187 5947//5947
f 5947//5947 1190//1190 1186//1186
f 1190//1190 1192//1192 1191//1191
f 1189//1189 1184//1184 1440//1440
f 1192//1192 1193//1193 1175//1175
f 5801//5801 1193//1193 1441//1441
f 1192//1192 1443//1443 1193//1193
f 1215//1215 5802//5802 1459//1459
f 5803//5803 1441//1441 1459//1459
f 918//918 5620//5620 5802//5802
f 1205//1205 949//949 1194//1194
f 949//949 1205//1205 1631//1631
f 1631//1631 1205//1205 1653//1653
f 5656//5656 930//930 5198//5198
f 1631//1631 1195//1195 949//949
f 1195//1195 5634//5634 949//949
f 5948//5948 1195//1195 1631//1631
f 1446//1446 1449//1449 5948//5948
f 5948//5948 1449//1449 931//931
f 931//931 1449//1449 1196//1196
f 1449//1449 1450//1450 1196//1196
f 1450//1450 1454//1454 1452//1452
f 1196//1196 1450//1450 1452//1452
f 5650//5650 1207//1207 1213//1213
f 943//943 942//942 1207//1207
f 942//942 1197//1197 1215//1215
f 1215//1215 1197//1197 5802//5802
f 942//942 918//918 5802//5802
f 5802//5802 1197//1197 942//942
f 5821//5821 5653//5653 5819//5819
f 997//997 5828//5828 1493//1493
f 997//997 1493//1493 966//966
f 965//965 1460//1460 1198//1198
f 1495//1495 1496//1496 965//965
f 1496//1496 1460//1460 965//965
f 1198//1198 1202//1202 969//969
f 1198//1198 1204//1204 1202//1202
f 1464//1464 1204//1204 1198//1198
f 1198//1198 1199//1199 1464//1464
f 1460//1460 1199//1199 1198//1198
f 1464//1464 1205//1205 1204//1204
f 1201//1201 1194//1194 948//948
f 5810//5810 5807//5807 5668//5668
f 5811//5811 1203//1203 5808//5808
f 1203//1203 1201//1201 1200//1200
f 5813//5813 1203//1203 5811//5811
f 1205//1205 1194//1194 5809//5809
f 1201//1201 1203//1203 5813//5813
f 5811//5811 5812//5812 5813//5813
f 977//977 1257//1257 976//976
f 5838//5838 1257//1257 977//977
f 1208//1208 1262//1262 1261//1261
f 1206//1206 5672//5672 5840//5840
f 5840//5840 5839//5839 1206//1206
f 1212//1212 1262//1262 1208//1208
f 5814//5814 1213//1213 1263//1263
f 1262//1262 1212//1212 5841//5841
f 1263//1263 1213//1213 1207//1207
f 978//978 1208//1208 1261//1261
f 1263//1263 1207//1207 1210//1210
f 1207//1207 5815//5815 1209//1209
f 1209//1209 1210//1210 1207//1207
f 1211//1211 1209//1209 5815//5815
f 1211//1211 1210//1210 1209//1209
f 1211//1211 1263//1263 1210//1210
f 981//981 1212//1212 1208//1208
f 5675//5675 1212//1212 980//980
f 980//980 1212//1212 981//981
f 5814//5814 5674//5674 1213//1213
f 942//942 1214//1214 1207//1207
f 1214//1214 5815//5815 1207//1207
f 5815//5815 1214//1214 942//942
f 5680//5680 5816//5816 5817//5817
f 1267//1267 1217//1217 1216//1216
f 1217//1217 5844//5844 1269//1269
f 1218//1218 1217//1217 1269//1269
f 1270//1270 1517//1517 1272//1272
f 989//989 1219//1219 1273//1273
f 1274//1274 1223//1223 1222//1222
f 1274//1274 1226//1226 1223//1223
f 1274//1274 1468//1468 1226//1226
f 1220//1220 955//955 1221//1221
f 1223//1223 1221//1221 1222//1222
f 1226//1226 1221//1221 1223//1223
f 1224//1224 1225//1225 5819//5819
f 1221//1221 1226//1226 1224//1224
f 1224//1224 1220//1220 1221//1221
f 1226//1226 1471//1471 1224//1224
f 1224//1224 1227//1227 1225//1225
f 1227//1227 1478//1478 1225//1225
f 1471//1471 1479//1479 1224//1224
f 1479//1479 1227//1227 1224//1224
f 5963//5963 1482//1482 5820//5820
f 1229//1229 5820//5820 1482//1482
f 5822//5822 5821//5821 1225//1225
f 5819//5819 1225//1225 5821//5821
f 5823//5823 1230//1230 5825//5825
f 5825//5825 1230//1230 1232//1232
f 1230//1230 1485//1485 1232//1232
f 1230//1230 5824//5824 1661//1661
f 5821//5821 5822//5822 1231//1231
f 1232//1232 1233//1233 5683//5683
f 1486//1486 1233//1233 1232//1232
f 991//991 5827//5827 1235//1235
f 1235//1235 1527//1527 1234//1234
f 1234//1234 1237//1237 993//993
f 1527//1527 1237//1237 1234//1234
f 1527//1527 1236//1236 1237//1237
f 1236//1236 5830//5830 5667//5667
f 5667//5667 996//996 1236//1236
f 999//999 1242//1242 1279//1279
f 5832//5832 1000//1000 1241//1241
f 1244//1244 5832//5832 1241//1241
f 1243//1243 1241//1241 1250//1250
f 1533//1533 5832//5832 1244//1244
f 1243//1243 1246//1246 1245//1245
f 1250//1250 1246//1246 1243//1243
f 5989//5989 5833//5833 1245//1245
f 5833//5833 1241//1241 1245//1245
f 1245//1245 1241//1241 1243//1243
f 1250//1250 1498//1498 1246//1246
f 1499//1499 1498//1498 1250//1250
f 1498//1498 1245//1245 1246//1246
f 1252//1252 1001//1001 1248//1248
f 1248//1248 1247//1247 1252//1252
f 5684//5684 1251//1251 5835//5835
f 1249//1249 1247//1247 1248//1248
f 1249//1249 1250//1250 1247//1247
f 5834//5834 1250//1250 1241//1241
f 1499//1499 1249//1249 1248//1248
f 1249//1249 1499//1499 1250//1250
f 1501//1501 1251//1251 1500//1500
f 1500//1500 1251//1251 1502//1502
f 1251//1251 1253//1253 1003//1003
f 1251//1251 5684//5684 1253//1253
f 1003//1003 1502//1502 1251//1251
f 5685//5685 5687//5687 1255//1255
f 1004//1004 1258//1258 1255//1255
f 1502//1502 5685//5685 1255//1255
f 1254//1254 1255//1255 1258//1258
f 1255//1255 1254//1254 1505//1505
f 976//976 1257//1257 1256//1256
f 1258//1258 1004//1004 1256//1256
f 5838//5838 1511//1511 1257//1257
f 1511//1511 1259//1259 1260//1260
f 1258//1258 1257//1257 1254//1254
f 1257//1257 1258//1258 1256//1256
f 1257//1257 1511//1511 5837//5837
f 1511//1511 1260//1260 1512//1512
f 5840//5840 1513//1513 5980//5980
f 5839//5839 5840//5840 5980//5980
f 1262//1262 1514//1514 1261//1261
f 1514//1514 1262//1262 5841//5841
f 1513//1513 1261//1261 1514//1514
f 1266//1266 5688//5688 1264//1264
f 1216//1216 5843//5843 1265//1265
f 1267//1267 1216//1216 1265//1265
f 5817//5817 5816//5816 1270//1270
f 1268//1268 1219//1219 5847//5847
f 5845//5845 1270//1270 5816//5816
f 1519//1519 1275//1275 1271//1271
f 5817//5817 1270//1270 1272//1272
f 5847//5847 1520//1520 1268//1268
f 1520//1520 1271//1271 1268//1268
f 5981//5981 1520//1520 5847//5847
f 1271//1271 1520//1520 1521//1521
f 1274//1274 1275//1275 5984//5984
f 1521//1521 1519//1519 1271//1271
f 1273//1273 987//987 989//989
f 5848//5848 1222//1222 5679//5679
f 1219//1219 1268//1268 1273//1273
f 1268//1268 1271//1271 1273//1273
f 1222//1222 5848//5848 1274//1274
f 5848//5848 1275//1275 1274//1274
f 5848//5848 1271//1271 1275//1275
f 1010//1010 1541//1541 1540//1540
f 1541//1541 1010//1010 1531//1531
f 1531//1531 1010//1010 1276//1276
f 1276//1276 1014//1014 1277//1277
f 1277//1277 1278//1278 1530//1530
f 1278//1278 1277//1277 5831//5831
f 1530//1530 1532//1532 1277//1277
f 1532//1532 1276//1276 1277//1277
f 1543//1543 1535//1535 1290//1290
f 1282//1282 1283//1283 1280//1280
f 1280//1280 1283//1283 1535//1535
f 1536//1536 1537//1537 1281//1281
f 1281//1281 1280//1280 1536//1536
f 1282//1282 1280//1280 1281//1281
f 1283//1283 1282//1282 5278//5278
f 551//551 1284//1284 5991//5991
f 1284//1284 1282//1282 1537//1537
f 1282//1282 1281//1281 1537//1537
f 551//551 5991//5991 1264//1264
f 5991//5991 1266//1266 1264//1264
f 1538//1538 1021//1021 1285//1285
f 1021//1021 1020//1020 1285//1285
f 1286//1286 1285//1285 1023//1023
f 1539//1539 1286//1286 1023//1023
f 1540//1540 1023//1023 1008//1008
f 1540//1540 1539//1539 1023//1023
f 1540//1540 1008//1008 1009//1009
f 1288//1288 5851//5851 1289//1289
f 1542//1542 1027//1027 1289//1289
f 1289//1289 5851//5851 1542//1542
f 1290//1290 1028//1028 1542//1542
f 1027//1027 1542//1542 1028//1028
f 1038//1038 1545//1545 1544//1544
f 1545//1545 1038//1038 1040//1040
f 1291//1291 1047//1047 1337//1337
f 1291//1291 1566//1566 1546//1546
f 1049//1049 1047//1047 1291//1291
f 1546//1546 1292//1292 1291//1291
f 1050//1050 1291//1291 1292//1292
f 1050//1050 1292//1292 1051//1051
f 1292//1292 1055//1055 1051//1051
f 1549//1549 5711//5711 1292//1292
f 1549//1549 1054//1054 5711//5711
f 1293//1293 1294//1294 1298//1298
f 1298//1298 5854//5854 1296//1296
f 1295//1295 1296//1296 5854//5854
f 1297//1297 1295//1295 1552//1552
f 1297//1297 1296//1296 1295//1295
f 1296//1296 1297//1297 1298//1298
f 1298//1298 1297//1297 1552//1552
f 1063//1063 1299//1299 689//689
f 1299//1299 1063//1063 1306//1306
f 5853//5853 5854//5854 5376//5376
f 1294//1294 5378//5378 5855//5855
f 1295//1295 5853//5853 5856//5856
f 1295//1295 5854//5854 5853//5853
f 5855//5855 1298//1298 1294//1294
f 1552//1552 1295//1295 5856//5856
f 1301//1301 1306//1306 1305//1305
f 1305//1305 1307//1307 1302//1302
f 1306//1306 1301//1301 1552//1552
f 1305//1305 1302//1302 1556//1556
f 1556//1556 1301//1301 1305//1305
f 1302//1302 1307//1307 1303//1303
f 1304//1304 1302//1302 1303//1303
f 1304//1304 1556//1556 1302//1302
f 1303//1303 1307//1307 1308//1308
f 1304//1304 1303//1303 1555//1555
f 1555//1555 1303//1303 1557//1557
f 1303//1303 1308//1308 1557//1557
f 1553//1553 1552//1552 1301//1301
f 624//624 1064//1064 1305//1305
f 1305//1305 1064//1064 1307//1307
f 1308//1308 1307//1307 1064//1064
f 1544//1544 1718//1718 1064//1064
f 1064//1064 1718//1718 1557//1557
f 1308//1308 1064//1064 1557//1557
f 1310//1310 1311//1311 1309//1309
f 1312//1312 711//711 1376//1376
f 5858//5858 1314//1314 5400//5400
f 1313//1313 1312//1312 1376//1376
f 1560//1560 1314//1314 5858//5858
f 5859//5859 1560//1560 5858//5858
f 1314//1314 1560//1560 1559//1559
f 5860//5860 1316//1316 1078//1078
f 5860//5860 1078//1078 5398//5398
f 5860//5860 1317//1317 1316//1316
f 1322//1322 1317//1317 5860//5860
f 5994//5994 1323//1323 5860//5860
f 1323//1323 1322//1322 5860//5860
f 1955//1955 1323//1323 5994//5994
f 5725//5725 5861//5861 1319//1319
f 1318//1318 5862//5862 5864//5864
f 5724//5724 5878//5878 1079//1079
f 5724//5724 5868//5868 5878//5878
f 5865//5865 1318//1318 5864//5864
f 1318//1318 5869//5869 5862//5862
f 1325//1325 1333//1333 5874//5874
f 5877//5877 5879//5879 5870//5870
f 5877//5877 5867//5867 5866//5866
f 5870//5870 5867//5867 5877//5877
f 1320//1320 5894//5894 5880//5880
f 1323//1323 1324//1324 5722//5722
f 1324//1324 5875//5875 5723//5723
f 1324//1324 5881//5881 5875//5875
f 5871//5871 1326//1326 1327//1327
f 1320//1320 5880//5880 5882//5882
f 1328//1328 1745//1745 1327//1327
f 1327//1327 1745//1745 5871//5871
f 6101//6101 1336//1336 5872//5872
f 1323//1323 1955//1955 1324//1324
f 1324//1324 5883//5883 5881//5881
f 1326//1326 1328//1328 1327//1327
f 5882//5882 5880//5880 5884//5884
f 1561//1561 1336//1336 6101//6101
f 6102//6102 1324//1324 1955//1955
f 6102//6102 5883//5883 1324//1324
f 1332//1332 5888//5888 5895//5895
f 5876//5876 5896//5896 5890//5890
f 5897//5897 5887//5887 5889//5889
f 1334//1334 1085//1085 5891//5891
f 5892//5892 5734//5734 1330//1330
f 1329//1329 1085//1085 1335//1335
f 5893//5893 5898//5898 5899//5899
f 1085//1085 1334//1334 1336//1336
f 5894//5894 1320//1320 5900//5900
f 1334//1334 5872//5872 1336//1336
f 1336//1336 1335//1335 1085//1085
f 5995//5995 1335//1335 1336//1336
f 5886//5886 1335//1335 1337//1337
f 5995//5995 1337//1337 1335//1335
f 1291//1291 1337//1337 1566//1566
f 1337//1337 1567//1567 1566//1566
f 1340//1340 1339//1339 1343//1343
f 1600//1600 1090//1090 1340//1340
f 1344//1344 1338//1338 5902//5902
f 1340//1340 1343//1343 1569//1569
f 1569//1569 5902//5902 1338//1338
f 1600//1600 1340//1340 1569//1569
f 1338//1338 1344//1344 1571//1571
f 1570//1570 1571//1571 1344//1344
f 1090//1090 1339//1339 1340//1340
f 5901//5901 5903//5903 1341//1341
f 1341//1341 5903//5903 1342//1342
f 5902//5902 5901//5901 1341//1341
f 1344//1344 5902//5902 1341//1341
f 1341//1341 1342//1342 1344//1344
f 684//684 5904//5904 1346//1346
f 1346//1346 1345//1345 684//684
f 1346//1346 1572//1572 1345//1345
f 1572//1572 1342//1342 1345//1345
f 1756//1756 1065//1065 1348//1348
f 1348//1348 1574//1574 1756//1756
f 1575//1575 1350//1350 5992//5992
f 1350//1350 5743//5743 5745//5745
f 1350//1350 5745//5745 5992//5992
f 1352//1352 1744//1744 5857//5857
f 1310//1310 1351//1351 1352//1352
f 1350//1350 1353//1353 1093//1093
f 1355//1355 1309//1309 1353//1353
f 1350//1350 1354//1354 1353//1353
f 1354//1354 1355//1355 1353//1353
f 1354//1354 1351//1351 1355//1355
f 1309//1309 5906//5906 1310//1310
f 1350//1350 1351//1351 1354//1354
f 1351//1351 1310//1310 5906//5906
f 1311//1311 1582//1582 1068//1068
f 1068//1068 6008//6008 1356//1356
f 1311//1311 1578//1578 1582//1582
f 1356//1356 1581//1581 1357//1357
f 1356//1356 1357//1357 1068//1068
f 1578//1578 1311//1311 1310//1310
f 6006//6006 1358//1358 5907//5907
f 1358//1358 1585//1585 5907//5907
f 6006//6006 1585//1585 1358//1358
f 1098//1098 1097//1097 1359//1359
f 1760//1760 747//747 6011//6011
f 1760//1760 750//750 747//747
f 750//750 1361//1361 1099//1099
f 750//750 1588//1588 1361//1361
f 1361//1361 1588//1588 1871//1871
f 1591//1591 1362//1362 5908//5908
f 5910//5910 6012//6012 1365//1365
f 1592//1592 1363//1363 5912//5912
f 1592//1592 5912//5912 6013//6013
f 1589//1589 6013//6013 5909//5909
f 5751//5751 5911//5911 1364//1364
f 1364//1364 1107//1107 5751//5751
f 1363//1363 5753//5753 5912//5912
f 1364//1364 1592//1592 1107//1107
f 5911//5911 1592//1592 1364//1364
f 1365//1365 1105//1105 5910//5910
f 1592//1592 1593//1593 1107//1107
f 1366//1366 1368//1368 1367//1367
f 1368//1368 1369//1369 1367//1367
f 1367//1367 1369//1369 1371//1371
f 1366//1366 1593//1593 1368//1368
f 1593//1593 1369//1369 1368//1368
f 1366//1366 1367//1367 1107//1107
f 1370//1370 1372//1372 1108//1108
f 1370//1370 5914//5914 1372//1372
f 1367//1367 1371//1371 1370//1370
f 5913//5913 1372//1372 5914//5914
f 1373//1373 1111//1111 5755//5755
f 1373//1373 1112//1112 1111//1111
f 5457//5457 1374//1374 1597//1597
f 1374//1374 1112//1112 1373//1373
f 1374//1374 754//754 1112//1112
f 1373//1373 5755//5755 1596//1596
f 1373//1373 1375//1375 1374//1374
f 1374//1374 1375//1375 1597//1597
f 1596//1596 1375//1375 1373//1373
f 1375//1375 1596//1596 1762//1762
f 5915//5915 5457//5457 1597//1597
f 1395//1395 6018//6018 5757//5757
f 5920//5920 5756//5756 5758//5758
f 1379//1379 1377//1377 1401//1401
f 1398//1398 1397//1397 1378//1378
f 1395//1395 1397//1397 1398//1398
f 1397//1397 1377//1377 1378//1378
f 1380//1380 1378//1378 1377//1377
f 5758//5758 1379//1379 1401//1401
f 1377//1377 1379//1379 1380//1380
f 1380//1380 1379//1379 1381//1381
f 1381//1381 1379//1379 1382//1382
f 1379//1379 5758//5758 1382//1382
f 1381//1381 1382//1382 1607//1607
f 1383//1383 1607//1607 1382//1382
f 1599//1599 1383//1383 1384//1384
f 1607//1607 1383//1383 1599//1599
f 1119//1119 1384//1384 1118//1118
f 1118//1118 1384//1384 1383//1383
f 1599//1599 1384//1384 1119//1119
f 1599//1599 5765//5765 1598//1598
f 1119//1119 1120//1120 1599//1599
f 1598//1598 5765//5765 5766//5766
f 5766//5766 1090//1090 1600//1600
f 1349//1349 1122//1122 1385//1385
f 1122//1122 1387//1387 1385//1385
f 1385//1385 1387//1387 1386//1386
f 1385//1385 1386//1386 1388//1388
f 1402//1402 1388//1388 1386//1386
f 1630//1630 1433//1433 1602//1602
f 1602//1602 1433//1433 1389//1389
f 1433//1433 1170//1170 1389//1389
f 1603//1603 5769//5769 1391//1391
f 1602//1602 1389//1389 1390//1390
f 1389//1389 1125//1125 1390//1390
f 5917//5917 5769//5769 1603//1603
f 5769//5769 5942//5942 1391//1391
f 5943//5943 5919//5919 1769//1769
f 1393//1393 5919//5919 832//832
f 1393//1393 1772//1772 5919//5919
f 1772//1772 1393//1393 1394//1394
f 1605//1605 5772//5772 1129//1129
f 6018//6018 1395//1395 1396//1396
f 1394//1394 5772//5772 1605//1605
f 5920//5920 5758//5758 5923//5923
f 1377//1377 1397//1397 1401//1401
f 1401//1401 5923//5923 5758//5758
f 1398//1398 1378//1378 5921//5921
f 1398//1398 1396//1396 1395//1395
f 1399//1399 1400//1400 5916//5916
f 1399//1399 5916//5916 1380//1380
f 1399//1399 1380//1380 1381//1381
f 5922//5922 5916//5916 1400//1400
f 1381//1381 1607//1607 1399//1399
f 1399//1399 1608//1608 1400//1400
f 1609//1609 1388//1388 1402//1402
f 1609//1609 1402//1402 1403//1403
f 1609//1609 1404//1404 1611//1611
f 5533//5533 1611//1611 1404//1404
f 1609//1609 1403//1403 1404//1404
f 1403//1403 841//841 1404//1404
f 1405//1405 1611//1611 5494//5494
f 793//793 842//842 5924//5924
f 5534//5534 1130//1130 5925//5925
f 1776//1776 1130//1130 1406//1406
f 5775//5775 1612//1612 5927//5927
f 1133//1133 1407//1407 6022//6022
f 5927//5927 1612//1612 5926//5926
f 5927//5927 5926//5926 5774//5774
f 1407//1407 1133//1133 1135//1135
f 5776//5776 1409//1409 1407//1407
f 1407//1407 1412//1412 1615//1615
f 1138//1138 1410//1410 1409//1409
f 1412//1412 1410//1410 1139//1139
f 1412//1412 1407//1407 1410//1410
f 1407//1407 1409//1409 1410//1410
f 1412//1412 1414//1414 1411//1411
f 1139//1139 1414//1414 1412//1412
f 1411//1411 1414//1414 1415//1415
f 1412//1412 1413//1413 6024//6024
f 1411//1411 1413//1413 1412//1412
f 1414//1414 1139//1139 1415//1415
f 1617//1617 1415//1415 1141//1141
f 1145//1145 1617//1617 1141//1141
f 1617//1617 1145//1145 1618//1618
f 1148//1148 1151//1151 1619//1619
f 1148//1148 1619//1619 1416//1416
f 1151//1151 1150//1150 1619//1619
f 1619//1619 1150//1150 1620//1620
f 1417//1417 1150//1150 1156//1156
f 1422//1422 1621//1621 1417//1417
f 1620//1620 1417//1417 1621//1621
f 1620//1620 1150//1150 1417//1417
f 1418//1418 1623//1623 5934//5934
f 1419//1419 5928//5928 1423//1423
f 5928//5928 1420//1420 6029//6029
f 5928//5928 1419//1419 1420//1420
f 5934//5934 1623//1623 6027//6027
f 1155//1155 1417//1417 1156//1156
f 1155//1155 1156//1156 5935//5935
f 5783//5783 5936//5936 1421//1421
f 1418//1418 5934//5934 5784//5784
f 1155//1155 1422//1422 1417//1417
f 1423//1423 5785//5785 5931//5931
f 1423//1423 5929//5929 5785//5785
f 5937//5937 1626//1626 5932//5932
f 1419//1419 1423//1423 5931//5931
f 1626//1626 5937//5937 1627//1627
f 1425//1425 1161//1161 1424//1424
f 1424//1424 5790//5790 1628//1628
f 1779//1779 5791//5791 5792//5792
f 1628//1628 5790//5790 1427//1427
f 1427//1427 1426//1426 6035//6035
f 1427//1427 1163//1163 1426//1426
f 5791//5791 1779//1779 5938//5938
f 1428//1428 1779//1779 1430//1430
f 1429//1429 1430//1430 5792//5792
f 1430//1430 1779//1779 5792//5792
f 1429//1429 1428//1428 1430//1430
f 1123//1123 1629//1629 1431//1431
f 5768//5768 1630//1630 1629//1629
f 5939//5939 5940//5940 1431//1431
f 5768//5768 1432//1432 5941//5941
f 1123//1123 1431//1431 5793//5793
f 5768//5768 5941//5941 1630//1630
f 1170//1170 1433//1433 5795//5795
f 5941//5941 1432//1432 1168//1168
f 1603//1603 1391//1391 5942//5942
f 6016//6016 5944//5944 1769//1769
f 5952//5952 1451//1451 5946//5946
f 5950//5950 1436//1436 5945//5945
f 5804//5804 1436//1436 1437//1437
f 1437//1437 1436//1436 1438//1438
f 1438//1438 1436//1436 5950//5950
f 1437//1437 1440//1440 1184//1184
f 1439//1439 1437//1437 1438//1438
f 1439//1439 1438//1438 5950//5950
f 1439//1439 1440//1440 1437//1437
f 1457//1457 1439//1439 5950//5950
f 1458//1458 1190//1190 5947//5947
f 1190//1190 1458//1458 1192//1192
f 1458//1458 1443//1443 1192//1192
f 1458//1458 1442//1442 1443//1443
f 1441//1441 1442//1442 5957//5957
f 1193//1193 1443//1443 1442//1442
f 1193//1193 1442//1442 1441//1441
f 1631//1631 1634//1634 5948//5948
f 1446//1446 5948//5948 1445//1445
f 1634//1634 1447//1447 5948//5948
f 5948//5948 1447//1447 1445//1445
f 1447//1447 1637//1637 1445//1445
f 1445//1445 1637//1637 1446//1446
f 1446//1446 1448//1448 1454//1454
f 1446//1446 6039//6039 1448//1448
f 1454//1454 1448//1448 1642//1642
f 6042//6042 1455//1455 5954//5954
f 1450//1450 1446//1446 1454//1454
f 1450//1450 1449//1449 1446//1446
f 1453//1453 1180//1180 5951//5951
f 5952//5952 5956//5956 1451//1451
f 5954//5954 1453//1453 5951//5951
f 1453//1453 5954//5954 1455//1455
f 5953//5953 1455//1455 1456//1456
f 5955//5955 5956//5956 5952//5952
f 1440//1440 1439//1439 1643//1643
f 1439//1439 1457//1457 6043//6043
f 6042//6042 1644//1644 1455//1455
f 1644//1644 1645//1645 1455//1455
f 1455//1455 1645//1645 1456//1456
f 1645//1645 5956//5956 5955//5955
f 6044//6044 1458//1458 5947//5947
f 1441//1441 5957//5957 1648//1648
f 1441//1441 1648//1648 1459//1459
f 1648//1648 1215//1215 1459//1459
f 1466//1466 1461//1461 1465//1465
f 965//965 1494//1494 1495//1495
f 1497//1497 1466//1466 1460//1460
f 1462//1462 1461//1461 1466//1466
f 1462//1462 1466//1466 1497//1497
f 1463//1463 1461//1461 1462//1462
f 1463//1463 1795//1795 1461//1461
f 1795//1795 1465//1465 1461//1461
f 1463//1463 1462//1462 1497//1497
f 1795//1795 1464//1464 1465//1465
f 1795//1795 1651//1651 1464//1464
f 1199//1199 1465//1465 1464//1464
f 1465//1465 1199//1199 1466//1466
f 1199//1199 1460//1460 1466//1466
f 1205//1205 1467//1467 1799//1799
f 1467//1467 1205//1205 1464//1464
f 1467//1467 1464//1464 1651//1651
f 1799//1799 1467//1467 1651//1651
f 1524//1524 1468//1468 1274//1274
f 1524//1524 1469//1469 1468//1468
f 1469//1469 1470//1470 5958//5958
f 1470//1470 1471//1471 5958//5958
f 1655//1655 1469//1469 1524//1524
f 1657//1657 1470//1470 1469//1469
f 1470//1470 1657//1657 1471//1471
f 1469//1469 1655//1655 1805//1805
f 1657//1657 1469//1469 1805//1805
f 1472//1472 1480//1480 1471//1471
f 1471//1471 1226//1226 5958//5958
f 1472//1472 1471//1471 1473//1473
f 1472//1472 1481//1481 5965//5965
f 1656//1656 5960//5960 5959//5959
f 1474//1474 1481//1481 1472//1472
f 1474//1474 1475//1475 1481//1481
f 1476//1476 1473//1473 1705//1705
f 6085//6085 5960//5960 1656//1656
f 1474//1474 1476//1476 1475//1475
f 1474//1474 1472//1472 1476//1476
f 1472//1472 1473//1473 1476//1476
f 1656//1656 5959//5959 6052//6052
f 1475//1475 1477//1477 1481//1481
f 5961//5961 1475//1475 1476//1476
f 5961//5961 1476//1476 1807//1807
f 5962//5962 1659//1659 5966//5966
f 6131//6131 1659//1659 5962//5962
f 5966//5966 1659//1659 1482//1482
f 1659//1659 1663//1663 5967//5967
f 1227//1227 5964//5964 1478//1478
f 5964//5964 5965//5965 1478//1478
f 1471//1471 1480//1480 1479//1479
f 5965//5965 1481//1481 1478//1478
f 5966//5966 1482//1482 5963//5963
f 1482//1482 6055//6055 1229//1229
f 1482//1482 6058//6058 6055//6055
f 1483//1483 1485//1485 1230//1230
f 1484//1484 5970//5970 5826//5826
f 1661//1661 1483//1483 1230//1230
f 1661//1661 1485//1485 1483//1483
f 1484//1484 5826//5826 5968//5968
f 1484//1484 1487//1487 5970//5970
f 1484//1484 5968//5968 5973//5973
f 1488//1488 1489//1489 5971//5971
f 1662//1662 5969//5969 6056//6056
f 5973//5973 5968//5968 6057//6057
f 5973//5973 1488//1488 5972//5972
f 1665//1665 5973//5973 6057//6057
f 1488//1488 1666//1666 1489//1489
f 5973//5973 1664//1664 1488//1488
f 1666//1666 1488//1488 1664//1664
f 1489//1489 5827//5827 5971//5971
f 1489//1489 1490//1490 5827//5827
f 1490//1490 1235//1235 5827//5827
f 1490//1490 1491//1491 1235//1235
f 1490//1490 1669//1669 1491//1491
f 1669//1669 1671//1671 1491//1491
f 1670//1670 1669//1669 1489//1489
f 1489//1489 1669//1669 1490//1490
f 1526//1526 1491//1491 1671//1671
f 1708//1708 1236//1236 1527//1527
f 1492//1492 5830//5830 1236//1236
f 1492//1492 1674//1674 5830//5830
f 1673//1673 1492//1492 1236//1236
f 1674//1674 5829//5829 5830//5830
f 6064//6064 1678//1678 5828//5828
f 5828//5828 1677//1677 1493//1493
f 1494//1494 965//965 1493//1493
f 1494//1494 1682//1682 1495//1495
f 1497//1497 1460//1460 1496//1496
f 1687//1687 1496//1496 1495//1495
f 6075//6075 1497//1497 1496//1496
f 6075//6075 1688//1688 1497//1497
f 1688//1688 1463//1463 1497//1497
f 1279//1279 1242//1242 5990//5990
f 1498//1498 1689//1689 5990//5990
f 5990//5990 1245//1245 1498//1498
f 5976//5976 5836//5836 1925//1925
f 1498//1498 1499//1499 6076//6076
f 6193//6193 1507//1507 1690//1690
f 1507//1507 1510//1510 1690//1690
f 1251//1251 1504//1504 5835//5835
f 1504//1504 1251//1251 1501//1501
f 1501//1501 1500//1500 1503//1503
f 1500//1500 1502//1502 1503//1503
f 1502//1502 1255//1255 1505//1505
f 6194//6194 5835//5835 1504//1504
f 1506//1506 1504//1504 1501//1501
f 1501//1501 1503//1503 1506//1506
f 1506//1506 1503//1503 5977//5977
f 1503//1503 1502//1502 1505//1505
f 6194//6194 1504//1504 5979//5979
f 5979//5979 1504//1504 1506//1506
f 5978//5978 1505//1505 1508//1508
f 1505//1505 1254//1254 1510//1510
f 1509//1509 1507//1507 5978//5978
f 5978//5978 1508//1508 1509//1509
f 1509//1509 1508//1508 1510//1510
f 1508//1508 1505//1505 1510//1510
f 1507//1507 1509//1509 1510//1510
f 1510//1510 5837//5837 1511//1511
f 6193//6193 1510//1510 1511//1511
f 6193//6193 1511//1511 1512//1512
f 1692//1692 1513//1513 1514//1514
f 1211//1211 6077//6077 1263//1263
f 5842//5842 1692//1692 1514//1514
f 1265//1265 1515//1515 1694//1694
f 1515//1515 1265//1265 1537//1537
f 1265//1265 6079//6079 1699//1699
f 1516//1516 1267//1267 1265//1265
f 1518//1518 1267//1267 1516//1516
f 1523//1523 1520//1520 5981//5981
f 1270//1270 5845//5845 5982//5982
f 5982//5982 1517//1517 1270//1270
f 1518//1518 5846//5846 1267//1267
f 1701//1701 1517//1517 5982//5982
f 6083//6083 1523//1523 5981//5981
f 1525//1525 5986//5986 1703//1703
f 1522//1522 1519//1519 1521//1521
f 1521//1521 1520//1520 1523//1523
f 5984//5984 1525//1525 1274//1274
f 1523//1523 1522//1522 1521//1521
f 5984//5984 5985//5985 1525//1525
f 5986//5986 1525//1525 5985//5985
f 1524//1524 1274//1274 1525//1525
f 6051//6051 1524//1524 1525//1525
f 1525//1525 1703//1703 6051//6051
f 1705//1705 1660//1660 1476//1476
f 1526//1526 1527//1527 1235//1235
f 1491//1491 1526//1526 1235//1235
f 5987//5987 6063//6063 1707//1707
f 1527//1527 1526//1526 6088//6088
f 1531//1531 1528//1528 1541//1541
f 1529//1529 1935//1935 1528//1528
f 1837//1837 1541//1541 1528//1528
f 1935//1935 1529//1529 1709//1709
f 1528//1528 1935//1935 1837//1837
f 1532//1532 1530//1530 1528//1528
f 1532//1532 1528//1528 1276//1276
f 1276//1276 1528//1528 1531//1531
f 5988//5988 1529//1529 1528//1528
f 1529//1529 5988//5988 5850//5850
f 1240//1240 1529//1529 5850//5850
f 1529//1529 1240//1240 1709//1709
f 1279//1279 1709//1709 1240//1240
f 1535//1535 1534//1534 1712//1712
f 1543//1543 1712//1712 1534//1534
f 1712//1712 1543//1543 1842//1842
f 1712//1712 1536//1536 1280//1280
f 1712//1712 1280//1280 1535//1535
f 1535//1535 1543//1543 1534//1534
f 1712//1712 1714//1714 1536//1536
f 5843//5843 1537//1537 1265//1265
f 1723//1723 1538//1538 1285//1285
f 1723//1723 1285//1285 1539//1539
f 1539//1539 1285//1285 1286//1286
f 1715//1715 1539//1539 1540//1540
f 1540//1540 1541//1541 1837//1837
f 1740//1740 5851//5851 1549//1549
f 1542//1542 5851//5851 1716//1716
f 1716//1716 1543//1543 1542//1542
f 1542//1542 1543//1543 1290//1290
f 1724//1724 1567//1567 1565//1565
f 6091//6091 1725//1725 1567//1567
f 1730//1730 1546//1546 1566//1566
f 1730//1730 1566//1566 1568//1568
f 1547//1547 1292//1292 1546//1546
f 1546//1546 1734//1734 1547//1547
f 1292//1292 1547//1547 1548//1548
f 1547//1547 1734//1734 1548//1548
f 1548//1548 1734//1734 1739//1739
f 1549//1549 1292//1292 1548//1548
f 1293//1293 1550//1550 1949//1949
f 5852//5852 6208//6208 5904//5904
f 1949//1949 1550//1550 1553//1553
f 1551//1551 1550//1550 1298//1298
f 1293//1293 1298//1298 1550//1550
f 1550//1550 1551//1551 1553//1553
f 1551//1551 1298//1298 1552//1552
f 1551//1551 1552//1552 1553//1553
f 1742//1742 1304//1304 1555//1555
f 1304//1304 1554//1554 1556//1556
f 1742//1742 1555//1555 1743//1743
f 1556//1556 1554//1554 1553//1553
f 1304//1304 6100//6100 1554//1554
f 1555//1555 1557//1557 1743//1743
f 1301//1301 1556//1556 1553//1553
f 1718//1718 1743//1743 1557//1557
f 5993//5993 5718//5718 6106//6106
f 1372//1372 1595//1595 1108//1108
f 1313//1313 1376//1376 1860//1860
f 6154//6154 1560//1560 5859//5859
f 2027//2027 1955//1955 5994//5994
f 1564//1564 5996//5996 6103//6103
f 5997//5997 5999//5999 1562//1562
f 1563//1563 5995//5995 5998//5998
f 5995//5995 1563//1563 1749//1749
f 5995//5995 1749//1749 1337//1337
f 1725//1725 6000//6000 1567//1567
f 1749//1749 1753//1753 1337//1337
f 1753//1753 1565//1565 1337//1337
f 1565//1565 1567//1567 1337//1337
f 1566//1566 1567//1567 6000//6000
f 1570//1570 1569//1569 1571//1571
f 1344//1344 1342//1342 1570//1570
f 1571//1571 1569//1569 1338//1338
f 1342//1342 1572//1572 1570//1570
f 1572//1572 1346//1346 5904//5904
f 1573//1573 1755//1755 1574//1574
f 1385//1385 1573//1573 1349//1349
f 1574//1574 1349//1349 1573//1573
f 1757//1757 1576//1576 1575//1575
f 1352//1352 1576//1576 1744//1744
f 1352//1352 1351//1351 1576//1576
f 1577//1577 1350//1350 1575//1575
f 1576//1576 1351//1351 1577//1577
f 1350//1350 1577//1577 1351//1351
f 1576//1576 1577//1577 1575//1575
f 1578//1578 1579//1579 1582//1582
f 6002//6002 6007//6007 6008//6008
f 1869//1869 1578//1578 1310//1310
f 1758//1758 1579//1579 1578//1578
f 6003//6003 1871//1871 1583//1583
f 6004//6004 6009//6009 6006//6006
f 1758//1758 1871//1871 6003//6003
f 1356//1356 6008//6008 6007//6007
f 1759//1759 1580//1580 1584//1584
f 6006//6006 6009//6009 6005//6005
f 1583//1583 1584//1584 1580//1580
f 6006//6006 6005//6005 1585//1585
f 1580//1580 1586//1586 6010//6010
f 1586//1586 1759//1759 6010//6010
f 1759//1759 5746//5746 6010//6010
f 1580//1580 1759//1759 1586//1586
f 1759//1759 1359//1359 5746//5746
f 1359//1359 1759//1759 1098//1098
f 6107//6107 1587//1587 708//708
f 1871//1871 1588//1588 1760//1760
f 750//750 1760//1760 1588//1588
f 1590//1590 6013//6013 1589//1589
f 1360//1360 1361//1361 1589//1589
f 1592//1592 6013//6013 1590//1590
f 1593//1593 1592//1592 1956//1956
f 1107//1107 1593//1593 1366//1366
f 1594//1594 1595//1595 1372//1372
f 5913//5913 1594//1594 1372//1372
f 5913//5913 6014//6014 1594//1594
f 6014//6014 1595//1595 1594//1594
f 1595//1595 1762//1762 1596//1596
f 1595//1595 1596//1596 5755//5755
f 1597//1597 1375//1375 1762//1762
f 1765//1765 1376//1376 1597//1597
f 1597//1597 1762//1762 1765//1765
f 2135//2135 1607//1607 1599//1599
f 1598//1598 1867//1867 1599//1599
f 1600//1600 1569//1569 1598//1598
f 5766//5766 1600//1600 1598//1598
f 1755//1755 1573//1573 1385//1385
f 1385//1385 1388//1388 1601//1601
f 1601//1601 1755//1755 1385//1385
f 1603//1603 6015//6015 5917//5917
f 1602//1602 6016//6016 1769//1769
f 1604//1604 1772//1772 1394//1394
f 1605//1605 1604//1604 1394//1394
f 6018//6018 1606//1606 1773//1773
f 6018//6018 1396//1396 1606//1606
f 2135//2135 2141//2141 1607//1607
f 5922//5922 1400//1400 6019//6019
f 1399//1399 1607//1607 1608//1608
f 6019//6019 1400//1400 1608//1608
f 1606//1606 6020//6020 2141//2141
f 2141//2141 6020//6020 1607//1607
f 1768//1768 1388//1388 1609//1609
f 1610//1610 1611//1611 1405//1405
f 1609//1609 1611//1611 1610//1610
f 1130//1130 6021//6021 5925//5925
f 1776//1776 6021//6021 1130//1130
f 1776//1776 5926//5926 1877//1877
f 5926//5926 1612//1612 1877//1877
f 1407//1407 1615//1615 6022//6022
f 1612//1612 6025//6025 1613//1613
f 1612//1612 1613//1613 1877//1877
f 1411//1411 1614//1614 1413//1413
f 6024//6024 1413//1413 1614//1614
f 1616//1616 6024//6024 1614//1614
f 1411//1411 1415//1415 1614//1614
f 1614//1614 1415//1415 1777//1777
f 1777//1777 1415//1415 1617//1617
f 1778//1778 1618//1618 1416//1416
f 1619//1619 1778//1778 1416//1416
f 1619//1619 1620//1620 1778//1778
f 1621//1621 6109//6109 1620//1620
f 1622//1622 2152//2152 6027//6027
f 1622//1622 6027//6027 1623//1623
f 2152//2152 6028//6028 1625//1625
f 6033//6033 1622//1622 1623//1623
f 1624//1624 6034//6034 6030//6030
f 1778//1778 6027//6027 2152//2152
f 1780//1780 6031//6031 1626//1626
f 2152//2152 1625//1625 1780//1780
f 6031//6031 1780//1780 1625//1625
f 6031//6031 5932//5932 1626//1626
f 5933//5933 6032//6032 5930//5930
f 6030//6030 1420//1420 1419//1419
f 1780//1780 1626//1626 1627//1627
f 6030//6030 1419//1419 1624//1624
f 1627//1627 1425//1425 1424//1424
f 1627//1627 1424//1424 1780//1780
f 1780//1780 1424//1424 1628//1628
f 5939//5939 1629//1629 1957//1957
f 1629//1629 5939//5939 1431//1431
f 1630//1630 1957//1957 1629//1629
f 1957//1957 1630//1630 1602//1602
f 1654//1654 1631//1631 1653//1653
f 1781//1781 1634//1634 1783//1783
f 1783//1783 1634//1634 1631//1631
f 1633//1633 5949//5949 6037//6037
f 5949//5949 1633//1633 1632//1632
f 6111//6111 1633//1633 6037//6037
f 6039//6039 1635//1635 1448//1448
f 1448//1448 1636//1636 1642//1642
f 6038//6038 1638//1638 6042//6042
f 6036//6036 1637//1637 1447//1447
f 1448//1448 1635//1635 1636//1636
f 1636//1636 1635//1635 1639//1639
f 6036//6036 1641//1641 1637//1637
f 1641//1641 1635//1635 6039//6039
f 1641//1641 1639//1639 1635//1635
f 6038//6038 1640//1640 1638//1638
f 6041//6041 1640//1640 6038//6038
f 1638//1638 1897//1897 1794//1794
f 5956//5956 1645//1645 6045//6045
f 6042//6042 1638//1638 1644//1644
f 1638//1638 1645//1645 1644//1644
f 1638//1638 1646//1646 1645//1645
f 1646//1646 6045//6045 1645//1645
f 6044//6044 1646//1646 1647//1647
f 1638//1638 1647//1647 1646//1646
f 1638//1638 1794//1794 1647//1647
f 1458//1458 6044//6044 1647//1647
f 1648//1648 5957//5957 1647//1647
f 1896//1896 1215//1215 1648//1648
f 1650//1650 1649//1649 1795//1795
f 1463//1463 1650//1650 1795//1795
f 6047//6047 1688//1688 6046//6046
f 1799//1799 1651//1651 1797//1797
f 1797//1797 1651//1651 1795//1795
f 1803//1803 6049//6049 1652//1652
f 6048//6048 1205//1205 1799//1799
f 6048//6048 1653//1653 1205//1205
f 1802//1802 6050//6050 6129//6129
f 6048//6048 1799//1799 1800//1800
f 1801//1801 1654//1654 6126//6126
f 1803//1803 1652//1652 6122//6122
f 6126//6126 1654//1654 1653//1653
f 1211//1211 1215//1215 1896//1896
f 1806//1806 1805//1805 1655//1655
f 1806//1806 6051//6051 1704//1704
f 6051//6051 1703//1703 1704//1704
f 1657//1657 1805//1805 6131//6131
f 6053//6053 6132//6132 1658//1658
f 1658//1658 6132//6132 1706//1706
f 1807//1807 1476//1476 1660//1660
f 1663//1663 1659//1659 6131//6131
f 6059//6059 1662//1662 6056//6056
f 6057//6057 6060//6060 1665//1665
f 6061//6061 1667//1667 1665//1665
f 6061//6061 1812//1812 1667//1667
f 1664//1664 5973//5973 1665//1665
f 1668//1668 1489//1489 6062//6062
f 1665//1665 1667//1667 1664//1664
f 1664//1664 1667//1667 1666//1666
f 1667//1667 1668//1668 6062//6062
f 1670//1670 1489//1489 1668//1668
f 1812//1812 1668//1668 1667//1667
f 1812//1812 1811//1811 1668//1668
f 1816//1816 1670//1670 1668//1668
f 1672//1672 1669//1669 1670//1670
f 1672//1672 1671//1671 1669//1669
f 1814//1814 1672//1672 1670//1670
f 1815//1815 1671//1671 1672//1672
f 1816//1816 1814//1814 1670//1670
f 1673//1673 1236//1236 1708//1708
f 1492//1492 1673//1673 1818//1818
f 5974//5974 1675//1675 6065//6065
f 1677//1677 1678//1678 1676//1676
f 1676//1676 1678//1678 6064//6064
f 1492//1492 1818//1818 1821//1821
f 1675//1675 6066//6066 6065//6065
f 5974//5974 6066//6066 1675//1675
f 1677//1677 1676//1676 1823//1823
f 1822//1822 6066//6066 5974//5974
f 1677//1677 5828//5828 1678//1678
f 1493//1493 1677//1677 1823//1823
f 1679//1679 1493//1493 1823//1823
f 1679//1679 1680//1680 1493//1493
f 1680//1680 1681//1681 1686//1686
f 1680//1680 1679//1679 6143//6143
f 6046//6046 6074//6074 6070//6070
f 1495//1495 1684//1684 1687//1687
f 1684//1684 1495//1495 1682//1682
f 1682//1682 1494//1494 1493//1493
f 1688//1688 6072//6072 6046//6046
f 1680//1680 1683//1683 1493//1493
f 1682//1682 1493//1493 1683//1683
f 1682//1682 6074//6074 1685//1685
f 6073//6073 1684//1684 1682//1682
f 1680//1680 1686//1686 1683//1683
f 6074//6074 1682//1682 1683//1683
f 1685//1685 6046//6046 6072//6072
f 6046//6046 1685//1685 6074//6074
f 6072//6072 1688//1688 6075//6075
f 6047//6047 1463//1463 1688//1688
f 1689//1689 5976//5976 1925//1925
f 1926//1926 6193//6193 1512//1512
f 6193//6193 1690//1690 1510//1510
f 1826//1826 5980//5980 1691//1691
f 5980//5980 1513//1513 1691//1691
f 1513//1513 1826//1826 1691//1691
f 1513//1513 1692//1692 1927//1927
f 1896//1896 6077//6077 1211//1211
f 1693//1693 1515//1515 1537//1537
f 1698//1698 1693//1693 1828//1828
f 1515//1515 1696//1696 1694//1694
f 1698//1698 1828//1828 6082//6082
f 1695//1695 1696//1696 1515//1515
f 1698//1698 6082//6082 1697//1697
f 1699//1699 6079//6079 6080//6080
f 6081//6081 1694//1694 1696//1696
f 1515//1515 6078//6078 1695//1695
f 1695//1695 6078//6078 1696//1696
f 1696//1696 6078//6078 6081//6081
f 1693//1693 1698//1698 1697//1697
f 1699//1699 1828//1828 1829//1829
f 1699//1699 1829//1829 1700//1700
f 1265//1265 1699//1699 1516//1516
f 1518//1518 1516//1516 1700//1700
f 1516//1516 1699//1699 1700//1700
f 1804//1804 1518//1518 1700//1700
f 6130//6130 6083//6083 5983//5983
f 6083//6083 1702//1702 1523//1523
f 6083//6083 6130//6130 1702//1702
f 1806//1806 1703//1703 1804//1804
f 6084//6084 1703//1703 5986//5986
f 1804//1804 1703//1703 6084//6084
f 1806//1806 1704//1704 1703//1703
f 6052//6052 6054//6054 1656//1656
f 6054//6054 6085//6085 1656//1656
f 6054//6054 6086//6086 6085//6085
f 1660//1660 6087//6087 1807//1807
f 1660//1660 1705//1705 6087//6087
f 6088//6088 6089//6089 1527//1527
f 6063//6063 6133//6133 1707//1707
f 6133//6133 6090//6090 1707//1707
f 1817//1817 6090//6090 6133//6133
f 1936//1936 1935//1935 1709//1709
f 6197//6197 1709//1709 1831//1831
f 1711//1711 1710//1710 1279//1279
f 1710//1710 1709//1709 1279//1279
f 1689//1689 2021//2021 5990//5990
f 1714//1714 1712//1712 1713//1713
f 1834//1834 1714//1714 1713//1713
f 1713//1713 1712//1712 1834//1834
f 1834//1834 1833//1833 1714//1714
f 1833//1833 1827//1827 1536//1536
f 1714//1714 1833//1833 1536//1536
f 1827//1827 1693//1693 1536//1536
f 1693//1693 1537//1537 1536//1536
f 1723//1723 1539//1539 1835//1835
f 1539//1539 1715//1715 1835//1835
f 1837//1837 1715//1715 1540//1540
f 1841//1841 5851//5851 1740//1740
f 5851//5851 1841//1841 1842//1842
f 1841//1841 1740//1740 1840//1840
f 1716//1716 5851//5851 1842//1842
f 1543//1543 1716//1716 1842//1842
f 1718//1718 1717//1717 1943//1943
f 1718//1718 1943//1943 1843//1843
f 1718//1718 1544//1544 1717//1717
f 1544//1544 1545//1545 1717//1717
f 1933//1933 1844//1844 1720//1720
f 1717//1717 1545//1545 1719//1719
f 1719//1719 1545//1545 1040//1040
f 1844//1844 1719//1719 1720//1720
f 1719//1719 1040//1040 1720//1720
f 1721//1721 1720//1720 1040//1040
f 1021//1021 1538//1538 1723//1723
f 1722//1722 1721//1721 1021//1021
f 1021//1021 1723//1723 1722//1722
f 1847//1847 1866//1866 1865//1865
f 6092//6092 6147//6147 1728//1728
f 6147//6147 1848//1848 1728//1728
f 1726//1726 1727//1727 6091//6091
f 6091//6091 1727//1727 1725//1725
f 6000//6000 1725//1725 1727//1727
f 6094//6094 1726//1726 6091//6091
f 6001//6001 6093//6093 1730//1730
f 6094//6094 1729//1729 1726//1726
f 1729//1729 1727//1727 1726//1726
f 6094//6094 1731//1731 1732//1732
f 1729//1729 6094//6094 1732//1732
f 1730//1730 1738//1738 1736//1736
f 1732//1732 1727//1727 1729//1729
f 6094//6094 1733//1733 1731//1731
f 1732//1732 1731//1731 1733//1733
f 6093//6093 6095//6095 1730//1730
f 6094//6094 6149//6149 1733//1733
f 1730//1730 6095//6095 1850//1850
f 6096//6096 1733//1733 6150//6150
f 6150//6150 1733//1733 6149//6149
f 1734//1734 1735//1735 1739//1739
f 1546//1546 1730//1730 1736//1736
f 6097//6097 1734//1734 1546//1546
f 1734//1734 1738//1738 1735//1735
f 1735//1735 6098//6098 1737//1737
f 6098//6098 1856//1856 1737//1737
f 1734//1734 1736//1736 1738//1738
f 1855//1855 1856//1856 6098//6098
f 1549//1549 1735//1735 1737//1737
f 1856//1856 1549//1549 1737//1737
f 1735//1735 1549//1549 1548//1548
f 1548//1548 1739//1739 1735//1735
f 1740//1740 1549//1549 1856//1856
f 1852//1852 1740//1740 1856//1856
f 1949//1949 1553//1553 1554//1554
f 1949//1949 1554//1554 6100//6100
f 1741//1741 1742//1742 1743//1743
f 1742//1742 1741//1741 6208//6208
f 1943//1943 1743//1743 1843//1843
f 1943//1943 1741//1741 1743//1743
f 1743//1743 1718//1718 1843//1843
f 1860//1860 1376//1376 1765//1765
f 1858//1858 1859//1859 1765//1765
f 1560//1560 6154//6154 1559//1559
f 1846//1846 1748//1748 6103//6103
f 6103//6103 1746//1746 1564//1564
f 1746//1746 1747//1747 1564//1564
f 1748//1748 1746//1746 6103//6103
f 1748//1748 1747//1747 1746//1746
f 1863//1863 1747//1747 1748//1748
f 5999//5999 6159//6159 1562//1562
f 6160//6160 1564//1564 1747//1747
f 1750//1750 1751//1751 5998//5998
f 5998//5998 1751//1751 1563//1563
f 1749//1749 1563//1563 1751//1751
f 1752//1752 1753//1753 1749//1749
f 5998//5998 1866//1866 1750//1750
f 1866//1866 1847//1847 1750//1750
f 1751//1751 1750//1750 1847//1847
f 1749//1749 1751//1751 1752//1752
f 1847//1847 1753//1753 1752//1752
f 6092//6092 1753//1753 6147//6147
f 1865//1865 1866//1866 5998//5998
f 1751//1751 1847//1847 1752//1752
f 6092//6092 1565//1565 1753//1753
f 1569//1569 1754//1754 1867//1867
f 1857//1857 1754//1754 1569//1569
f 1569//1569 1570//1570 1857//1857
f 1857//1857 1570//1570 1572//1572
f 1572//1572 2037//2037 1857//1857
f 2037//2037 1572//1572 5904//5904
f 1755//1755 1601//1601 2049//2049
f 1756//1756 1574//1574 1868//1868
f 1574//1574 1755//1755 1868//1868
f 1868//1868 1755//1755 2049//2049
f 1575//1575 2129//2129 1950//1950
f 1950//1950 1757//1757 1575//1575
f 1757//1757 1744//1744 1576//1576
f 1744//1744 1869//1869 1310//1310
f 2050//2050 1758//1758 1578//1578
f 1870//1870 1871//1871 1758//1758
f 1871//1871 1584//1584 1583//1583
f 1584//1584 1871//1871 1759//1759
f 1759//1759 1871//1871 6011//6011
f 1871//1871 1760//1760 6011//6011
f 1589//1589 1761//1761 1590//1590
f 1761//1761 2052//2052 1590//1590
f 6014//6014 1956//1956 1595//1595
f 1595//1595 1763//1763 1762//1762
f 1763//1763 1766//1766 1762//1762
f 1951//1951 1763//1763 1595//1595
f 1951//1951 1764//1764 1763//1763
f 1763//1763 1764//1764 1766//1766
f 1766//1766 1765//1765 1762//1762
f 1765//1765 1766//1766 1858//1858
f 2136//2136 2135//2135 1867//1867
f 2135//2135 1599//1599 1867//1867
f 1867//1867 1598//1598 1569//1569
f 2137//2137 1601//1601 1767//1767
f 1767//1767 1601//1601 1388//1388
f 1767//1767 1388//1388 1768//1768
f 1957//1957 1602//1602 1769//1769
f 1771//1771 5919//5919 1772//1772
f 1770//1770 1769//1769 1771//1771
f 1772//1772 2141//2141 1771//1771
f 1769//1769 5919//5919 1771//1771
f 6017//6017 1773//1773 1772//1772
f 1773//1773 6017//6017 6018//6018
f 1606//1606 2141//2141 1773//1773
f 1774//1774 1873//1873 1609//1609
f 1873//1873 1774//1774 2054//2054
f 2054//2054 1774//1774 1875//1875
f 1775//1775 1875//1875 1774//1774
f 1776//1776 1876//1876 1775//1775
f 1774//1774 1609//1609 1610//1610
f 1776//1776 1775//1775 6021//6021
f 1775//1775 1774//1774 6021//6021
f 1776//1776 1877//1877 2056//2056
f 1879//1879 1878//1878 6026//6026
f 1878//1878 6023//6023 6026//6026
f 1882//1882 6024//6024 1616//1616
f 1616//1616 1880//1880 1882//1882
f 1616//1616 1777//1777 1880//1880
f 1614//1614 1777//1777 1616//1616
f 1777//1777 1618//1618 1883//1883
f 1618//1618 1777//1777 1617//1617
f 6035//6035 1426//1426 6110//6110
f 1780//1780 5938//5938 1779//1779
f 1779//1779 1885//1885 1780//1780
f 1779//1779 5939//5939 1885//1885
f 1957//1957 1885//1885 5939//5939
f 1972//1972 1885//1885 1957//1957
f 1631//1631 1902//1902 6113//6113
f 1632//1632 1633//1633 1782//1782
f 1782//1782 1633//1633 6111//6111
f 1784//1784 1887//1887 1782//1782
f 1784//1784 1782//1782 6111//6111
f 1784//1784 6111//6111 1887//1887
f 6111//6111 6114//6114 1887//1887
f 1785//1785 6036//6036 6112//6112
f 1888//1888 6036//6036 1785//1785
f 1641//1641 1786//1786 1639//1639
f 1639//1639 1786//1786 1787//1787
f 1788//1788 1640//1640 6116//6116
f 1888//1888 1641//1641 6036//6036
f 1888//1888 1790//1790 1641//1641
f 1786//1786 1641//1641 1790//1790
f 1791//1791 6040//6040 1788//1788
f 1787//1787 1786//1786 1789//1789
f 6116//6116 6118//6118 1788//1788
f 1789//1789 1786//1786 1790//1790
f 1890//1890 1792//1792 1791//1791
f 6118//6118 1791//1791 1788//1788
f 6118//6118 1892//1892 1791//1791
f 1790//1790 1888//1888 1889//1889
f 1790//1790 1889//1889 6173//6173
f 1790//1790 6173//6173 6119//6119
f 6170//6170 1895//1895 6120//6120
f 1895//1895 1893//1893 6120//6120
f 1640//1640 6041//6041 6117//6117
f 1793//1793 1897//1897 1638//1638
f 1640//1640 1788//1788 1638//1638
f 1791//1791 1792//1792 6040//6040
f 6120//6120 1793//1793 1638//1638
f 1793//1793 6120//6120 1897//1897
f 1648//1648 1898//1898 1896//1896
f 6120//6120 1893//1893 1897//1897
f 1897//1897 1648//1648 1647//1647
f 1897//1897 1647//1647 1794//1794
f 6046//6046 1825//1825 1796//1796
f 1795//1795 1649//1649 6121//6121
f 6121//6121 1797//1797 1795//1795
f 6121//6121 1899//1899 1797//1797
f 1797//1797 1992//1992 1798//1798
f 6241//6241 1797//1797 1899//1899
f 1798//1798 1799//1799 1797//1797
f 1993//1993 1996//1996 6127//6127
f 1900//1900 1799//1799 1798//1798
f 1995//1995 6245//6245 6129//6129
f 1800//1800 1799//1799 1900//1900
f 1995//1995 6123//6123 1900//1900
f 1803//1803 6122//6122 6247//6247
f 1996//1996 6124//6124 6128//6128
f 1801//1801 1902//1902 1654//1654
f 1802//1802 6129//6129 6245//6245
f 1631//1631 1654//1654 1902//1902
f 1804//1804 2001//2001 1806//1806
f 1806//1806 2001//2001 1805//1805
f 2001//2001 6131//6131 1805//1805
f 1906//1906 1808//1808 6131//6131
f 1906//1906 1809//1809 1808//1808
f 6131//6131 1905//1905 1906//1906
f 6131//6131 1808//1808 1663//1663
f 1810//1810 6061//6061 1809//1809
f 6061//6061 1808//1808 1809//1809
f 1810//1810 1812//1812 6061//6061
f 1907//1907 1810//1810 1809//1809
f 1908//1908 1813//1813 1812//1812
f 1812//1812 1813//1813 1811//1811
f 2090//2090 1830//1830 1816//1816
f 2090//2090 1668//1668 1811//1811
f 1816//1816 1668//1668 2090//2090
f 1813//1813 2090//2090 1811//1811
f 1814//1814 1815//1815 1672//1672
f 1708//1708 6134//6134 1673//1673
f 1816//1816 1815//1815 1814//1814
f 1830//1830 1815//1815 1816//1816
f 1820//1820 6136//6136 1819//1819
f 6137//6137 1818//1818 1673//1673
f 6138//6138 1821//1821 1818//1818
f 1673//1673 1918//1918 6137//6137
f 6141//6141 5975//5975 6140//6140
f 6139//6139 1918//1918 6140//6140
f 1917//1917 6141//6141 6140//6140
f 1819//1819 6186//6186 1820//1820
f 6140//6140 1918//1918 1917//1917
f 6134//6134 1918//1918 1673//1673
f 1676//1676 6142//6142 1823//1823
f 6142//6142 1920//1920 1823//1823
f 1825//1825 6046//6046 6070//6070
f 6071//6071 6067//6067 1824//1824
f 1823//1823 1920//1920 6068//6068
f 6068//6068 1920//1920 1924//1924
f 1825//1825 6071//6071 1824//1824
f 1825//1825 1824//1824 6192//6192
f 6192//6192 1824//1824 6069//6069
f 2021//2021 1689//1689 1925//1925
f 1826//1826 6195//6195 5980//5980
f 2097//2097 1826//1826 1927//1927
f 1826//1826 1513//1513 1927//1927
f 1928//1928 1927//1927 1692//1692
f 1829//1829 1828//1828 1700//1700
f 1700//1700 1828//1828 1804//1804
f 1815//1815 1830//1830 6135//6135
f 1914//1914 6134//6134 1830//1830
f 1710//1710 1831//1831 1709//1709
f 1711//1711 2024//2024 1710//1710
f 2024//2024 1831//1831 1710//1710
f 1711//1711 5990//5990 6277//6277
f 1279//1279 5990//5990 1711//1711
f 5990//5990 2021//2021 6277//6277
f 1931//1931 1827//1827 1832//1832
f 1712//1712 1931//1931 1832//1832
f 1834//1834 1832//1832 1833//1833
f 1827//1827 1833//1833 1832//1832
f 1712//1712 1832//1832 1834//1834
f 1933//1933 1835//1835 1934//1934
f 1835//1835 1715//1715 1836//1836
f 1934//1934 1835//1835 1836//1836
f 1836//1836 1715//1715 1837//1837
f 1852//1852 1938//1938 1740//1740
f 1740//1740 1940//1940 1840//1840
f 1838//1838 1839//1839 1840//1840
f 1841//1841 1839//1839 2025//2025
f 1840//1840 1941//1941 1838//1838
f 1839//1839 1841//1841 1840//1840
f 1943//1943 1845//1845 2186//2186
f 1845//1845 1717//1717 1719//1719
f 1943//1943 1717//1717 1845//1845
f 1719//1719 1844//1844 1845//1845
f 1933//1933 1720//1720 1721//1721
f 1721//1721 1722//1722 1933//1933
f 1933//1933 1722//1722 1723//1723
f 1723//1723 1835//1835 1933//1933
f 2030//2030 1864//1864 1861//1861
f 1864//1864 6144//6144 1861//1861
f 2030//2030 2031//2031 1864//1864
f 1849//1849 1850//1850 1848//1848
f 1849//1849 2034//2034 1738//1738
f 2034//2034 1849//1849 6147//6147
f 1848//1848 6147//6147 1849//1849
f 6279//6279 1855//1855 6098//6098
f 1738//1738 1730//1730 1850//1850
f 1853//1853 1856//1856 1855//1855
f 1738//1738 1850//1850 1849//1849
f 1852//1852 1856//1856 1854//1854
f 6152//6152 1856//1856 1853//1853
f 1852//1852 1948//1948 1938//1938
f 6151//6151 6153//6153 1851//1851
f 1851//1851 1944//1944 6151//6151
f 1854//1854 1947//1947 1852//1852
f 1947//1947 1948//1948 1852//1852
f 6200//6200 6206//6206 1853//1853
f 6152//6152 1853//1853 6206//6206
f 6208//6208 1741//1741 1943//1943
f 2039//2039 5992//5992 1756//1756
f 5992//5992 2129//2129 1575//1575
f 5992//5992 2039//2039 2129//2129
f 2130//2130 1757//1757 1950//1950
f 1595//1595 1956//1956 1951//1951
f 1764//1764 1858//1858 1766//1766
f 1764//1764 1951//1951 1858//1858
f 1859//1859 1860//1860 1765//1765
f 1860//1860 1859//1859 2040//2040
f 1859//1859 1858//1858 2040//2040
f 2133//2133 1952//1952 1860//1860
f 1954//1954 6155//6155 6209//6209
f 2048//2048 6156//6156 6211//6211
f 6289//6289 1559//1559 6154//6154
f 6290//6290 2027//2027 5994//5994
f 6104//6104 6157//6157 6145//6145
f 1862//1862 6105//6105 6146//6146
f 1862//1862 6158//6158 6105//6105
f 1865//1865 6158//6158 1847//1847
f 6157//6157 6104//6104 6214//6214
f 1864//1864 1862//1862 6146//6146
f 1864//1864 6158//6158 1862//1862
f 2031//2031 6158//6158 1864//1864
f 6158//6158 2031//2031 1847//1847
f 6160//6160 1747//1747 1863//1863
f 2049//2049 1601//1601 2137//2137
f 2049//2049 2039//2039 1868//1868
f 2039//2039 1756//1756 1868//1868
f 1578//1578 6161//6161 2050//2050
f 2050//2050 1870//1870 1758//1758
f 6292//6292 2138//2138 1870//1870
f 1589//1589 1361//1361 1871//1871
f 1871//1871 2052//2052 1589//1589
f 2052//2052 1761//1761 1589//1589
f 1590//1590 1872//1872 1956//1956
f 1872//1872 2052//2052 1956//1956
f 1956//1956 1592//1592 1590//1590
f 2143//2143 1767//1767 1768//1768
f 1873//1873 2054//2054 1768//1768
f 1957//1957 1769//1769 1874//1874
f 1874//1874 1769//1769 1770//1770
f 1874//1874 1770//1770 1958//1958
f 1957//1957 1874//1874 1958//1958
f 1958//1958 1770//1770 1771//1771
f 1771//1771 2141//2141 1958//1958
f 2141//2141 1772//1772 1773//1773
f 2054//2054 1875//1875 1959//1959
f 1609//1609 1873//1873 1768//1768
f 1875//1875 1775//1775 1876//1876
f 1876//1876 1959//1959 1875//1875
f 1959//1959 1876//1876 1776//1776
f 1776//1776 2055//2055 1959//1959
f 2055//2055 1776//1776 2056//2056
f 1961//1961 1877//1877 6162//6162
f 1878//1878 1879//1879 1881//1881
f 1881//1881 1879//1879 6165//6165
f 1879//1879 6026//6026 6165//6165
f 1613//1613 6162//6162 1877//1877
f 1960//1960 1878//1878 1881//1881
f 1881//1881 1962//1962 1960//1960
f 2145//2145 1882//1882 1880//1880
f 1962//1962 1881//1881 2059//2059
f 2145//2145 2059//2059 1882//1882
f 6165//6165 2059//2059 1881//1881
f 1967//1967 1618//1618 1884//1884
f 1618//1618 1968//1968 1883//1883
f 1618//1618 1967//1967 1968//1968
f 1884//1884 1618//1618 1778//1778
f 1884//1884 1778//1778 1969//1969
f 1780//1780 2549//2549 2152//2152
f 2207//2207 1972//1972 1957//1957
f 6113//6113 1902//1902 2066//2066
f 1902//1902 1974//1974 2066//2066
f 1886//1886 6168//6168 6115//6115
f 1886//1886 1891//1891 6169//6169
f 6115//6115 2223//2223 1886//1886
f 1886//1886 2223//2223 1891//1891
f 6169//6169 1785//1785 6112//6112
f 1785//1785 6169//6169 1888//1888
f 1891//1891 1888//1888 6169//6169
f 1891//1891 1889//1889 1888//1888
f 1889//1889 1891//1891 6171//6171
f 6172//6172 2067//2067 6170//6170
f 2067//2067 1895//1895 6170//6170
f 1889//1889 6171//6171 6173//6173
f 1791//1791 1892//1892 1890//1890
f 1895//1895 1894//1894 1893//1893
f 1894//1894 1895//1895 2067//2067
f 2067//2067 1898//1898 1894//1894
f 1648//1648 1897//1897 1898//1898
f 1894//1894 1897//1897 1893//1893
f 1894//1894 1898//1898 1897//1897
f 1985//1985 6242//6242 1825//1825
f 1825//1825 6242//6242 1796//1796
f 6121//6121 6241//6241 1899//1899
f 1992//1992 1995//1995 1900//1900
f 1798//1798 1992//1992 1900//1900
f 1901//1901 1902//1902 1801//1801
f 1904//1904 1902//1902 1901//1901
f 1903//1903 6174//6174 6125//6125
f 1901//1901 1999//1999 1904//1904
f 1904//1904 1974//1974 1902//1902
f 1903//1903 6249//6249 6174//6174
f 1999//1999 1974//1974 1904//1904
f 2000//2000 6196//6196 1896//1896
f 2000//2000 1896//1896 6295//6295
f 6131//6131 2001//2001 2002//2002
f 2002//2002 1905//1905 6131//6131
f 1906//1906 2003//2003 1809//1809
f 1809//1809 2003//2003 1907//1907
f 1910//1910 6176//6176 1909//1909
f 1910//1910 1810//1810 6176//6176
f 1910//1910 1911//1911 1810//1810
f 1911//1911 1812//1812 1810//1810
f 1909//1909 6176//6176 2003//2003
f 1912//1912 1909//1909 2003//2003
f 1910//1910 1909//1909 1912//1912
f 1913//1913 6178//6178 6177//6177
f 1908//1908 6179//6179 6180//6180
f 1812//1812 6179//6179 1908//1908
f 1913//1913 1912//1912 2003//2003
f 1912//1912 1913//1913 6177//6177
f 1813//1813 1908//1908 6180//6180
f 6181//6181 2090//2090 1813//1813
f 1830//1830 2090//2090 1914//1914
f 6134//6134 1915//1915 1918//1918
f 1915//1915 1916//1916 1918//1918
f 1915//1915 6134//6134 1914//1914
f 1916//1916 1923//1923 1919//1919
f 1918//1918 1916//1916 1919//1919
f 1915//1915 2004//2004 1916//1916
f 1923//1923 1916//1916 2004//2004
f 1923//1923 1917//1917 1919//1919
f 1917//1917 1918//1918 1919//1919
f 6191//6191 6142//6142 6185//6185
f 6142//6142 6191//6191 1920//1920
f 1920//1920 1922//1922 1921//1921
f 1920//1920 1921//1921 1924//1924
f 2006//2006 6189//6189 6187//6187
f 6188//6188 2012//2012 6192//6192
f 6252//6252 1920//1920 6191//6191
f 1921//1921 1922//1922 6255//6255
f 6192//6192 2012//2012 1825//1825
f 1825//1825 2012//2012 1985//1985
f 6275//6275 6193//6193 1926//1926
f 6195//6195 1826//1826 2097//2097
f 2175//2175 2097//2097 1927//1927
f 2175//2175 1927//1927 2019//2019
f 1928//1928 2019//2019 1927//1927
f 6077//6077 1896//1896 6196//6196
f 1930//1930 2108//2108 1827//1827
f 1930//1930 2020//2020 2108//2108
f 1827//1827 2108//2108 1693//1693
f 1804//1804 1828//1828 2110//2110
f 2110//2110 1828//1828 1693//1693
f 2024//2024 6197//6197 1831//1831
f 1712//1712 1842//1842 1929//1929
f 1929//1929 2020//2020 1712//1712
f 2020//2020 1931//1931 1712//1712
f 1931//1931 2020//2020 1930//1930
f 1827//1827 1931//1931 1930//1930
f 1932//1932 1844//1844 1933//1933
f 1932//1932 1933//1933 2115//2115
f 1934//1934 2023//2023 2115//2115
f 1933//1933 1934//1934 2115//2115
f 1934//1934 1836//1836 2023//2023
f 1836//1836 1837//1837 2023//2023
f 2023//2023 1837//1837 1935//1935
f 1937//1937 1938//1938 1948//1948
f 6198//6198 1937//1937 6099//6099
f 1937//1937 1939//1939 6099//6099
f 1939//1939 1940//1940 6099//6099
f 1937//1937 1940//1940 1939//1939
f 1940//1940 1937//1937 2119//2119
f 1840//1840 2119//2119 1941//1941
f 1940//1940 2119//2119 1840//1840
f 2025//2025 1942//1942 2119//2119
f 6311//6311 6199//6199 1941//1941
f 6199//6199 1839//1839 1941//1941
f 1941//1941 1839//1839 1838//1838
f 2025//2025 1839//1839 1942//1942
f 1841//1841 2025//2025 1842//1842
f 2186//2186 1845//1845 1844//1844
f 2029//2029 6278//6278 6214//6214
f 6157//6157 6214//6214 6278//6278
f 2032//2032 1847//1847 2031//2031
f 6147//6147 2033//2033 2034//2034
f 1851//1851 6153//6153 6280//6280
f 6280//6280 1944//1944 1851//1851
f 1946//1946 2036//2036 1948//1948
f 2035//2035 6203//6203 1944//1944
f 1945//1945 6201//6201 6204//6204
f 1946//1946 1948//1948 6202//6202
f 6280//6280 2035//2035 1944//1944
f 6282//6282 6205//6205 6281//6281
f 1948//1948 1947//1947 6202//6202
f 1945//1945 6207//6207 6201//6201
f 1857//1857 2037//2037 2195//2195
f 2037//2037 5904//5904 6208//6208
f 2132//2132 2040//2040 1951//1951
f 1951//1951 2040//2040 1858//1858
f 1860//1860 2040//2040 2133//2133
f 6212//6212 1953//1953 2042//2042
f 2041//2041 6209//6209 6317//6317
f 6209//6209 2041//2041 6210//6210
f 2041//2041 6285//6285 6210//6210
f 2043//2043 6212//6212 2042//2042
f 6209//6209 6210//6210 1954//1954
f 2195//2195 1754//1754 1857//1857
f 1867//1867 1754//1754 2195//2195
f 1871//1871 2265//2265 2052//2052
f 2052//2052 1872//1872 1590//1590
f 2143//2143 1768//1768 2054//2054
f 2054//2054 1959//1959 2055//2055
f 1877//1877 6215//6215 2057//2057
f 2057//2057 2056//2056 1877//1877
f 1960//1960 1963//1963 1878//1878
f 1963//1963 6216//6216 1878//1878
f 1962//1962 1963//1963 1960//1960
f 1966//1966 6163//6163 1964//1964
f 6217//6217 1880//1880 1777//1777
f 1777//1777 1883//1883 1965//1965
f 6218//6218 1966//1966 1964//1964
f 6108//6108 6218//6218 1964//1964
f 6218//6218 6166//6166 2061//2061
f 2061//2061 6166//6166 2062//2062
f 6218//6218 2063//2063 1966//1966
f 2064//2064 2062//2062 6167//6167
f 6294//6294 1883//1883 1968//1968
f 1968//1968 1967//1967 6294//6294
f 1967//1967 1884//1884 2064//2064
f 1778//1778 2152//2152 2065//2065
f 1969//1969 1778//1778 2065//2065
f 2215//2215 1780//1780 1970//1970
f 2215//2215 2549//2549 1780//1780
f 1970//1970 1780//1780 1971//1971
f 1971//1971 2215//2215 1970//1970
f 1971//1971 1885//1885 2207//2207
f 1780//1780 1885//1885 1971//1971
f 1885//1885 1972//1972 2207//2207
f 2088//2088 1973//1973 1999//1999
f 2066//2066 1973//1973 2088//2088
f 2066//2066 1974//1974 1973//1973
f 6113//6113 2066//2066 6337//6337
f 6338//6338 2067//2067 6172//6172
f 1896//1896 1898//1898 2067//2067
f 6250//6250 1976//1976 1975//1975
f 6251//6251 2001//2001 1976//1976
f 6250//6250 1975//1975 2072//2072
f 1977//1977 6250//6250 2072//2072
f 1976//1976 2072//2072 1975//1975
f 2072//2072 2071//2071 1905//1905
f 2071//2071 1978//1978 1905//1905
f 1981//1981 1906//1906 1905//1905
f 1977//1977 1905//1905 6250//6250
f 1977//1977 2072//2072 1905//1905
f 1906//1906 1981//1981 1979//1979
f 1978//1978 1981//1981 1905//1905
f 1978//1978 1979//1979 1981//1981
f 1980//1980 1983//1983 1979//1979
f 1979//1979 1983//1983 1906//1906
f 1980//1980 1979//1979 2158//2158
f 1978//1978 2155//2155 1979//1979
f 2155//2155 6324//6324 1979//1979
f 1980//1980 1984//1984 1983//1983
f 1984//1984 2003//2003 1982//1982
f 1983//1983 1984//1984 1982//1982
f 1984//1984 2074//2074 2003//2003
f 1984//1984 1980//1980 6296//6296
f 1985//1985 2012//2012 1986//1986
f 6220//6220 1988//1988 6219//6219
f 6221//6221 2013//2013 6229//6229
f 6219//6219 1988//1988 6243//6243
f 1992//1992 1987//1987 2085//2085
f 6257//6257 6224//6224 2014//2014
f 6258//6258 6222//6222 6225//6225
f 6260//6260 6226//6226 1989//1989
f 6244//6244 6230//6230 6227//6227
f 6235//6235 6228//6228 6231//6231
f 6231//6231 2017//2017 6235//6235
f 2085//2085 1987//1987 6223//6223
f 6261//6261 6236//6236 1990//1990
f 6236//6236 1991//1991 1990//1990
f 6236//6236 6268//6268 1991//1991
f 1991//1991 6268//6268 2016//2016
f 1995//1995 1992//1992 2085//2085
f 6245//6245 1995//1995 2086//2086
f 1993//1993 2086//2086 2087//2087
f 2087//2087 1996//1996 1993//1993
f 2087//2087 1994//1994 1996//1996
f 1996//1996 1997//1997 6124//6124
f 6300//6300 6249//6249 1998//1998
f 1998//1998 6249//6249 1903//1903
f 6124//6124 1997//1997 6175//6175
f 1996//1996 1994//1994 1997//1997
f 6246//6246 6248//6248 1997//1997
f 1997//1997 6248//6248 6175//6175
f 6248//6248 6246//6246 2088//2088
f 1973//1973 1974//1974 1999//1999
f 1983//1983 1982//1982 1906//1906
f 1906//1906 1982//1982 2003//2003
f 1914//1914 2090//2090 2091//2091
f 2091//2091 1915//1915 1914//1914
f 1915//1915 2091//2091 2004//2004
f 2007//2007 2004//2004 2091//2091
f 2496//2496 2011//2011 2007//2007
f 2004//2004 6252//6252 6191//6191
f 2005//2005 6252//6252 2004//2004
f 2009//2009 6190//6190 2008//2008
f 2007//2007 2005//2005 2004//2004
f 2007//2007 6252//6252 2005//2005
f 2008//2008 6189//6189 2006//2006
f 6256//6256 6253//6253 2092//2092
f 2092//2092 2010//2010 6256//6256
f 2008//2008 2011//2011 2009//2009
f 2011//2011 2008//2008 2006//2006
f 2006//2006 2007//2007 2011//2011
f 2093//2093 2010//2010 2092//2092
f 6254//6254 6255//6255 1922//1922
f 2010//2010 1986//1986 2012//2012
f 2010//2010 2093//2093 1986//1986
f 6232//6232 6259//6259 6262//6262
f 6263//6263 6237//6237 2015//2015
f 6238//6238 6239//6239 6264//6264
f 6263//6263 2015//2015 6233//6233
f 2018//2018 6233//6233 2015//2015
f 6234//6234 6271//6271 6269//6269
f 6265//6265 6240//6240 6266//6266
f 6272//6272 6265//6265 6266//6266
f 6270//6270 6273//6273 6267//6267
f 2097//2097 2021//2021 6195//6195
f 2000//2000 6274//6274 6196//6196
f 2109//2109 2020//2020 2107//2107
f 1693//1693 2108//2108 2110//2110
f 2021//2021 2112//2112 6277//6277
f 2107//2107 2020//2020 2022//2022
f 1929//1929 2022//2022 2020//2020
f 2022//2022 1929//1929 2114//2114
f 1844//1844 1932//1932 2186//2186
f 2181//2181 2115//2115 2023//2023
f 6277//6277 1935//1935 1936//1936
f 6277//6277 2023//2023 1935//1935
f 2118//2118 2034//2034 2033//2033
f 2119//2119 1937//1937 6283//6283
f 1948//1948 6283//6283 1937//1937
f 2184//2184 1929//1929 2025//2025
f 1929//1929 1842//1842 2025//2025
f 2027//2027 2029//2029 1955//1955
f 2028//2028 2029//2029 2027//2027
f 2027//2027 2026//2026 2028//2028
f 2029//2029 2028//2028 2026//2026
f 2122//2122 2029//2029 2026//2026
f 6278//6278 2029//2029 2123//2123
f 2029//2029 2122//2122 2123//2123
f 2123//2123 2031//2031 2030//2030
f 2125//2125 2032//2032 2031//2031
f 2031//2031 2123//2123 2125//2125
f 2125//2125 2194//2194 2032//2032
f 2194//2194 6148//6148 2032//2032
f 2194//2194 2033//2033 6147//6147
f 2118//2118 2035//2035 6280//6280
f 2118//2118 2126//2126 2035//2035
f 6282//6282 6281//6281 6314//6314
f 2038//2038 2256//2256 6208//6208
f 2038//2038 6208//6208 2128//2128
f 6208//6208 2256//2256 2037//2037
f 2129//2129 2039//2039 2325//2325
f 6317//6317 6285//6285 2041//2041
f 2133//2133 2134//2134 2042//2042
f 6286//6286 6291//6291 6213//6213
f 2044//2044 6291//6291 6286//6286
f 6290//6290 2047//2047 6318//6318
f 2046//2046 2045//2045 6286//6286
f 6286//6286 6288//6288 2044//2044
f 6286//6286 2045//2045 6288//6288
f 6291//6291 2044//2044 6288//6288
f 2043//2043 2042//2042 6287//6287
f 6288//6288 2045//2045 2046//2046
f 2046//2046 6319//6319 6288//6288
f 6287//6287 2042//2042 2134//2134
f 6290//6290 6318//6318 2027//2027
f 1867//1867 2195//2195 2136//2136
f 2039//2039 2049//2049 2202//2202
f 2138//2138 2051//2051 1870//1870
f 1870//1870 2051//2051 1871//1871
f 2052//2052 2132//2132 1956//1956
f 1956//1956 2132//2132 1951//1951
f 2053//2053 2137//2137 1767//1767
f 2143//2143 2142//2142 2053//2053
f 2053//2053 1767//1767 2143//2143
f 2053//2053 6320//6320 2137//2137
f 2271//2271 2143//2143 2054//2054
f 2054//2054 2055//2055 2271//2271
f 2057//2057 6216//6216 2058//2058
f 2144//2144 2059//2059 2145//2145
f 2208//2208 2058//2058 1963//1963
f 1962//1962 2208//2208 1963//1963
f 2058//2058 6216//6216 1963//1963
f 2144//2144 2208//2208 1962//1962
f 2144//2144 1962//1962 2059//2059
f 2060//2060 6164//6164 1966//1966
f 2146//2146 2060//2060 1966//1966
f 6164//6164 2060//2060 2146//2146
f 2146//2146 1966//1966 2148//2148
f 2064//2064 1884//1884 2151//2151
f 2151//2151 1884//1884 1969//1969
f 1971//1971 2207//2207 2215//2215
f 1804//1804 2068//2068 2069//2069
f 2089//2089 2068//2068 1804//1804
f 1804//1804 2069//2069 2001//2001
f 2069//2069 2156//2156 2070//2070
f 1976//1976 2070//2070 2072//2072
f 2069//2069 1976//1976 2001//2001
f 2070//2070 1976//1976 2069//2069
f 2072//2072 2073//2073 2071//2071
f 2072//2072 2156//2156 2073//2073
f 2156//2156 2072//2072 2070//2070
f 2155//2155 2073//2073 2157//2157
f 2155//2155 1978//1978 2073//2073
f 2073//2073 1978//1978 2071//2071
f 1980//1980 6324//6324 6296//6296
f 2074//2074 2159//2159 2003//2003
f 2075//2075 2076//2076 2003//2003
f 1913//1913 2003//2003 2076//2076
f 6182//6182 6297//6297 2077//2077
f 2159//2159 2075//2075 2003//2003
f 2077//2077 2080//2080 6183//6183
f 2159//2159 2076//2076 2075//2075
f 2079//2079 2080//2080 2077//2077
f 2079//2079 2077//2077 2078//2078
f 2078//2078 2154//2154 2079//2079
f 6323//6323 2080//2080 2079//2079
f 2080//2080 2081//2081 6183//6183
f 2081//2081 2083//2083 6183//6183
f 2081//2081 2080//2080 2160//2160
f 2160//2160 2080//2080 6323//6323
f 2160//2160 2083//2083 2081//2081
f 6301//6301 6298//6298 2082//2082
f 2161//2161 2083//2083 2160//2160
f 6325//6325 2082//2082 6298//6298
f 2164//2164 6301//6301 2082//2082
f 2164//2164 2225//2225 6301//6301
f 6299//6299 6302//6302 6184//6184
f 2496//2496 2085//2085 2084//2084
f 6223//6223 6303//6303 2085//2085
f 2085//2085 2086//2086 1995//1995
f 2166//2166 2086//2086 2085//2085
f 2166//2166 2087//2087 2086//2086
f 2087//2087 6328//6328 1994//1994
f 2088//2088 6246//6246 6329//6329
f 6329//6329 2066//2066 2088//2088
f 2172//2172 2000//2000 2171//2171
f 2171//2171 2000//2000 6295//6295
f 2296//2296 2224//2224 2089//2089
f 2089//2089 2224//2224 2068//2068
f 1804//1804 2296//2296 2089//2089
f 2007//2007 2091//2091 2496//2496
f 6420//6420 2094//2094 2011//2011
f 2496//2496 2095//2095 6304//6304
f 2095//2095 2496//2496 2084//2084
f 2011//2011 2094//2094 2009//2009
f 2095//2095 6253//6253 6304//6304
f 2095//2095 2092//2092 6253//6253
f 2095//2095 2093//2093 2092//2092
f 2095//2095 2084//2084 6303//6303
f 2085//2085 6303//6303 2084//2084
f 2174//2174 2097//2097 2096//2096
f 2174//2174 2096//2096 2175//2175
f 2175//2175 2096//2096 2097//2097
f 2113//2113 2099//2099 2103//2103
f 2022//2022 2114//2114 2107//2107
f 2107//2107 2100//2100 2101//2101
f 2101//2101 2106//2106 2107//2107
f 2106//2106 2109//2109 2107//2107
f 2103//2103 2100//2100 2114//2114
f 2107//2107 2114//2114 2100//2100
f 2102//2102 2101//2101 2100//2100
f 2102//2102 2100//2100 2103//2103
f 2101//2101 2102//2102 2106//2106
f 2104//2104 2102//2102 2103//2103
f 2098//2098 2105//2105 6307//6307
f 6305//6305 2104//2104 2099//2099
f 6307//6307 2105//2105 2102//2102
f 2105//2105 2106//2106 2102//2102
f 2099//2099 2104//2104 2103//2103
f 2180//2180 2179//2179 2110//2110
f 2108//2108 6309//6309 2110//2110
f 2109//2109 2106//2106 2020//2020
f 6309//6309 2108//2108 2020//2020
f 2180//2180 2110//2110 6309//6309
f 2181//2181 1932//1932 2111//2111
f 2115//2115 2111//2111 1932//1932
f 2181//2181 2111//2111 2115//2115
f 2244//2244 2023//2023 6277//6277
f 2097//2097 2112//2112 2021//2021
f 1929//1929 2184//2184 2114//2114
f 2103//2103 2114//2114 2113//2113
f 6208//6208 1943//1943 2186//2186
f 2118//2118 2033//2033 2116//2116
f 2246//2246 2116//2116 2033//2033
f 2117//2117 2116//2116 2246//2246
f 2117//2117 2246//2246 2119//2119
f 6315//6315 6310//6310 6284//6284
f 2117//2117 2119//2119 6283//6283
f 2116//2116 2126//2126 2118//2118
f 6316//6316 2116//2116 2117//2117
f 2119//2119 2184//2184 2025//2025
f 2122//2122 2120//2120 2249//2249
f 2134//2134 2249//2249 2121//2121
f 2120//2120 2122//2122 2026//2026
f 2193//2193 2123//2123 2122//2122
f 2193//2193 2125//2125 2123//2123
f 2124//2124 2194//2194 2125//2125
f 6312//6312 6313//6313 2193//2193
f 2037//2037 2127//2127 2195//2195
f 2324//2324 2195//2195 2254//2254
f 2127//2127 2254//2254 2195//2195
f 2128//2128 2256//2256 2038//2038
f 2129//2129 2130//2130 1950//1950
f 2129//2129 2131//2131 2130//2130
f 2131//2131 1757//1757 2130//2130
f 1744//1744 2131//2131 2198//2198
f 1744//1744 1757//1757 2131//2131
f 2198//2198 1869//1869 1744//1744
f 2263//2263 6161//6161 2198//2198
f 2133//2133 2040//2040 2132//2132
f 2133//2133 2249//2249 2134//2134
f 2121//2121 2027//2027 2134//2134
f 2121//2121 2026//2026 2027//2027
f 2120//2120 2026//2026 2121//2121
f 2249//2249 2120//2120 2121//2121
f 2262//2262 2141//2141 2135//2135
f 2135//2135 2136//2136 2262//2262
f 2049//2049 2137//2137 2202//2202
f 2263//2263 2050//2050 6161//6161
f 2267//2267 2204//2204 2265//2265
f 2265//2265 2204//2204 2052//2052
f 2140//2140 2339//2339 1958//1958
f 1958//1958 2141//2141 2139//2139
f 2140//2140 1958//1958 2139//2139
f 2139//2139 2141//2141 2403//2403
f 2268//2268 2403//2403 2141//2141
f 2141//2141 2205//2205 2268//2268
f 2270//2270 2142//2142 2206//2206
f 2206//2206 2142//2142 2143//2143
f 2207//2207 1957//1957 2407//2407
f 2339//2339 1957//1957 1958//1958
f 2055//2055 2056//2056 2208//2208
f 2208//2208 2056//2056 2057//2057
f 2058//2058 2208//2208 2057//2057
f 2144//2144 2145//2145 2209//2209
f 6164//6164 2209//2209 2145//2145
f 2209//2209 6164//6164 2146//2146
f 2210//2210 2146//2146 2148//2148
f 2147//2147 2149//2149 2211//2211
f 2149//2149 2276//2276 2211//2211
f 2061//2061 2149//2149 2147//2147
f 2061//2061 2147//2147 6218//6218
f 2150//2150 2062//2062 2064//2064
f 2063//2063 2148//2148 1966//1966
f 2149//2149 2061//2061 2062//2062
f 2151//2151 2150//2150 2064//2064
f 2063//2063 6218//6218 2147//2147
f 2149//2149 2062//2062 2150//2150
f 2147//2147 6321//6321 2063//2063
f 2276//2276 2149//2149 2150//2150
f 2151//2151 2065//2065 2213//2213
f 2065//2065 2151//2151 1969//1969
f 2213//2213 2065//2065 2214//2214
f 2065//2065 2152//2152 2214//2214
f 2218//2218 2219//2219 2159//2159
f 2216//2216 2217//2217 6324//6324
f 6324//6324 2217//2217 6335//6335
f 2159//2159 2153//2153 6297//6297
f 2221//2221 2154//2154 2153//2153
f 2154//2154 6297//6297 2153//2153
f 2229//2229 2168//2168 2067//2067
f 2073//2073 2156//2156 2347//2347
f 2073//2073 2216//2216 2157//2157
f 2157//2157 6324//6324 2155//2155
f 2216//2216 6324//6324 2157//2157
f 6296//6296 6324//6324 6335//6335
f 2218//2218 2159//2159 2074//2074
f 6297//6297 2078//2078 2077//2077
f 2154//2154 2078//2078 6297//6297
f 2225//2225 2165//2165 2162//2162
f 2082//2082 6326//6326 2164//2164
f 2163//2163 6326//6326 2162//2162
f 6327//6327 2161//2161 2160//2160
f 2163//2163 2164//2164 6326//6326
f 2162//2162 2165//2165 2163//2163
f 2165//2165 2164//2164 2163//2163
f 2165//2165 2225//2225 2164//2164
f 2090//2090 6340//6340 2226//2226
f 2090//2090 2226//2226 2091//2091
f 2226//2226 2227//2227 2091//2091
f 2496//2496 2166//2166 2085//2085
f 6337//6337 2066//2066 6329//6329
f 2230//2230 2168//2168 2229//2229
f 2239//2239 2172//2172 2236//2236
f 2168//2168 2169//2169 2171//2171
f 2170//2170 2169//2169 2168//2168
f 6330//6330 6331//6331 2167//2167
f 2167//2167 6332//6332 2172//2172
f 2172//2172 2239//2239 2000//2000
f 2170//2170 2168//2168 2230//2230
f 2230//2230 2231//2231 2170//2170
f 2168//2168 2171//2171 6295//6295
f 2172//2172 2171//2171 2167//2167
f 2171//2171 6330//6330 2167//2167
f 2179//2179 2173//2173 2110//2110
f 2358//2358 2173//2173 2179//2179
f 2173//2173 1804//1804 2110//2110
f 1804//1804 2173//2173 2296//2296
f 2359//2359 2296//2296 2173//2173
f 2227//2227 2496//2496 2091//2091
f 2175//2175 2238//2238 2174//2174
f 6274//6274 2239//2239 2175//2175
f 2000//2000 2239//2239 6274//6274
f 2303//2303 2176//2176 2177//2177
f 2099//2099 2178//2178 6305//6305
f 2113//2113 2176//2176 2099//2099
f 2303//2303 2178//2178 2099//2099
f 2176//2176 2303//2303 2099//2099
f 2176//2176 2113//2113 2177//2177
f 2177//2177 2113//2113 2185//2185
f 2180//2180 2241//2241 2179//2179
f 2241//2241 2242//2242 2179//2179
f 6333//6333 6308//6308 6306//6306
f 6308//6308 6333//6333 6346//6346
f 6309//6309 2241//2241 2180//2180
f 6347//6347 2106//2106 2105//2105
f 2181//2181 2364//2364 2243//2243
f 2181//2181 2023//2023 2364//2364
f 2244//2244 6277//6277 2112//2112
f 2182//2182 2112//2112 2097//2097
f 2244//2244 2112//2112 2182//2182
f 2182//2182 2097//2097 2183//2183
f 2174//2174 2183//2183 2097//2097
f 2238//2238 2183//2183 2174//2174
f 2114//2114 2184//2184 2245//2245
f 2185//2185 2114//2114 2245//2245
f 2245//2245 2177//2177 2185//2185
f 2113//2113 2114//2114 2185//2185
f 2309//2309 6208//6208 2186//2186
f 2247//2247 2256//2256 2128//2128
f 2128//2128 6208//6208 2247//2247
f 2247//2247 6208//6208 2187//2187
f 2187//2187 6208//6208 2188//2188
f 2188//2188 6208//6208 2191//2191
f 2188//2188 2189//2189 2187//2187
f 2190//2190 2189//2189 2188//2188
f 2190//2190 2188//2188 2191//2191
f 2191//2191 2189//2189 2190//2190
f 6208//6208 2309//2309 2191//2191
f 2122//2122 2249//2249 2250//2250
f 2192//2192 2122//2122 2250//2250
f 2193//2193 2122//2122 2192//2192
f 6312//6312 2193//2193 2314//2314
f 2194//2194 2124//2124 2377//2377
f 2124//2124 2253//2253 2377//2377
f 2033//2033 2194//2194 2377//2377
f 2196//2196 2378//2378 2255//2255
f 2127//2127 2196//2196 2255//2255
f 2127//2127 2037//2037 2196//2196
f 2255//2255 2254//2254 2127//2127
f 2037//2037 2256//2256 2196//2196
f 2326//2326 2197//2197 2129//2129
f 2326//2326 2198//2198 2197//2197
f 2129//2129 2197//2197 2131//2131
f 2197//2197 2198//2198 2131//2131
f 2051//2051 2200//2200 2199//2199
f 2051//2051 2138//2138 2200//2200
f 2200//2200 2327//2327 2199//2199
f 2203//2203 2200//2200 2138//2138
f 2327//2327 2051//2051 2199//2199
f 2052//2052 2328//2328 2330//2330
f 2331//2331 2052//2052 2330//2330
f 2132//2132 2052//2052 2331//2331
f 2258//2258 2132//2132 2331//2331
f 2133//2133 2260//2260 2249//2249
f 2261//2261 2249//2249 2260//2260
f 6334//6334 2141//2141 2262//2262
f 2205//2205 2470//2470 2268//2268
f 2335//2335 2202//2202 2137//2137
f 2201//2201 2335//2335 2137//2137
f 2201//2201 2137//2137 6320//6320
f 2335//2335 2201//2201 6320//6320
f 2138//2138 2264//2264 2203//2203
f 6292//6292 2264//2264 2138//2138
f 2052//2052 2204//2204 2267//2267
f 2270//2270 2206//2206 2271//2271
f 2206//2206 2143//2143 2271//2271
f 2341//2341 2208//2208 2144//2144
f 2144//2144 2209//2209 2272//2272
f 2272//2272 2209//2209 2210//2210
f 2210//2210 2209//2209 2146//2146
f 2212//2212 2273//2273 6321//6321
f 2273//2273 2210//2210 6322//6322
f 2212//2212 2211//2211 2275//2275
f 2273//2273 2212//2212 2275//2275
f 6321//6321 2147//2147 2212//2212
f 2211//2211 2212//2212 2147//2147
f 2277//2277 2276//2276 2150//2150
f 2213//2213 2277//2277 2150//2150
f 2150//2150 2151//2151 2213//2213
f 6355//6355 2213//2213 2278//2278
f 2214//2214 2278//2278 2213//2213
f 2347//2347 2216//2216 2073//2073
f 2347//2347 2217//2217 2216//2216
f 2220//2220 2350//2350 2221//2221
f 2220//2220 2219//2219 2350//2350
f 2220//2220 2221//2221 2153//2153
f 2159//2159 2220//2220 2153//2153
f 2220//2220 2159//2159 2219//2219
f 6336//6336 2160//2160 6323//6323
f 6336//6336 2283//2283 2160//2160
f 2225//2225 2162//2162 2222//2222
f 2283//2283 6327//6327 2160//2160
f 6329//6329 2287//2287 6337//6337
f 2356//2356 6342//6342 6337//6337
f 6338//6338 2229//2229 2067//2067
f 2224//2224 2296//2296 2291//2291
f 2068//2068 2224//2224 2294//2294
f 2294//2294 2069//2069 2068//2068
f 2226//2226 2284//2284 2227//2227
f 6341//6341 6359//6359 2285//2285
f 2230//2230 2229//2229 2228//2228
f 2229//2229 2295//2295 2228//2228
f 2228//2228 2295//2295 2235//2235
f 2300//2300 2234//2234 6345//6345
f 2237//2237 6343//6343 2232//2232
f 2237//2237 2232//2232 2233//2233
f 2237//2237 2233//2233 2236//2236
f 2239//2239 2236//2236 2240//2240
f 2231//2231 2230//2230 6344//6344
f 2233//2233 2240//2240 2236//2236
f 6344//6344 2230//2230 2228//2228
f 2235//2235 6344//6344 2228//2228
f 6345//6345 2234//2234 2232//2232
f 2234//2234 2233//2233 2232//2232
f 2233//2233 2234//2234 2240//2240
f 2172//2172 2237//2237 2236//2236
f 2172//2172 6332//6332 2237//2237
f 2237//2237 6332//6332 6343//6343
f 2359//2359 2360//2360 2296//2296
f 1932//1932 2181//2181 2361//2361
f 2243//2243 2363//2363 2297//2297
f 2243//2243 2297//2297 2298//2298
f 2238//2238 2299//2299 2183//2183
f 2299//2299 2238//2238 2372//2372
f 2239//2239 2238//2238 2175//2175
f 2239//2239 2240//2240 2238//2238
f 2240//2240 2234//2234 2238//2238
f 2234//2234 2300//2300 2238//2238
f 2177//2177 2245//2245 2301//2301
f 2303//2303 2177//2177 2301//2301
f 2241//2241 2178//2178 2374//2374
f 2374//2374 2178//2178 2303//2303
f 2305//2305 2242//2242 2241//2241
f 2242//2242 2305//2305 2179//2179
f 2358//2358 2179//2179 2305//2305
f 2186//2186 1932//1932 2306//2306
f 2306//2306 1932//1932 2361//2361
f 2181//2181 2243//2243 6362//6362
f 2364//2364 2363//2363 2243//2243
f 2182//2182 2183//2183 2244//2244
f 2248//2248 2309//2309 2308//2308
f 2459//2459 2308//2308 2309//2309
f 2323//2323 2317//2317 2377//2377
f 2033//2033 2377//2377 2246//2246
f 2246//2246 2377//2377 2119//2119
f 2184//2184 2119//2119 2245//2245
f 2378//2378 2196//2196 2256//2256
f 2187//2187 2189//2189 2247//2247
f 2248//2248 2189//2189 2191//2191
f 2309//2309 2248//2248 2191//2191
f 6352//6352 2460//2460 6353//6353
f 2249//2249 2261//2261 6406//6406
f 2311//2311 2312//2312 2249//2249
f 2312//2312 2250//2250 2249//2249
f 2251//2251 2192//2192 2250//2250
f 2251//2251 2193//2193 2192//2192
f 2314//2314 2193//2193 2251//2251
f 2253//2253 2323//2323 2377//2377
f 2314//2314 2318//2318 6312//6312
f 2318//2318 2252//2252 6312//6312
f 6350//6350 2252//2252 2321//2321
f 2252//2252 2318//2318 2321//2321
f 2252//2252 6350//6350 6312//6312
f 2195//2195 2262//2262 2136//2136
f 2254//2254 2310//2310 2324//2324
f 2254//2254 2255//2255 2310//2310
f 2255//2255 2378//2378 2310//2310
f 2257//2257 2384//2384 2039//2039
f 2257//2257 2202//2202 2384//2384
f 2202//2202 2257//2257 2039//2039
f 2325//2325 2326//2326 2129//2129
f 2386//2386 2198//2198 2326//2326
f 2386//2386 2263//2263 2198//2198
f 2395//2395 2200//2200 2203//2203
f 2474//2474 2200//2200 2395//2395
f 2474//2474 2327//2327 2200//2200
f 2332//2332 2258//2258 2331//2331
f 2332//2332 2259//2259 6351//6351
f 6351//6351 2259//2259 2132//2132
f 2132//2132 2259//2259 2133//2133
f 2259//2259 2333//2333 2133//2133
f 6406//6406 2260//2260 2133//2133
f 2470//2470 2403//2403 2268//2268
f 2611//2611 2403//2403 2470//2470
f 2262//2262 2470//2470 6334//6334
f 2335//2335 6320//6320 2269//2269
f 2263//2263 2264//2264 6293//6293
f 2264//2264 2395//2395 2203//2203
f 2396//2396 2051//2051 2327//2327
f 2051//2051 2336//2336 1871//1871
f 2336//2336 2051//2051 2396//2396
f 2337//2337 1871//1871 2336//2336
f 2400//2400 2266//2266 2265//2265
f 2267//2267 2266//2266 2400//2400
f 2266//2266 2267//2267 2265//2265
f 2267//2267 2328//2328 2052//2052
f 2339//2339 2140//2140 2476//2476
f 2139//2139 2402//2402 2140//2140
f 2476//2476 2140//2140 2402//2402
f 2483//2483 6354//6354 2142//2142
f 2215//2215 2405//2405 2549//2549
f 2207//2207 2407//2407 2215//2215
f 1957//1957 2339//2339 2407//2407
f 2271//2271 2055//2055 2341//2341
f 2341//2341 2055//2055 2208//2208
f 2274//2274 2341//2341 2272//2272
f 2272//2272 2210//2210 2274//2274
f 2273//2273 2274//2274 2210//2210
f 2274//2274 2273//2273 2275//2275
f 2275//2275 2342//2342 2274//2274
f 2211//2211 2342//2342 2275//2275
f 2408//2408 2211//2211 2276//2276
f 2408//2408 2276//2276 2343//2343
f 2276//2276 2277//2277 2343//2343
f 2343//2343 6355//6355 2344//2344
f 2278//2278 2344//2344 6355//6355
f 2345//2345 2214//2214 2152//2152
f 2156//2156 2069//2069 2347//2347
f 2217//2217 2348//2348 2279//2279
f 6356//6356 2219//2219 2218//2218
f 6335//6335 2217//2217 2279//2279
f 6356//6356 2280//2280 2219//2219
f 2280//2280 6376//6376 2219//2219
f 2418//2418 2281//2281 6336//6336
f 2283//2283 6336//6336 2281//2281
f 2351//2351 2282//2282 6358//6358
f 2351//2351 2352//2352 2282//2282
f 6358//6358 2282//2282 2222//2222
f 2162//2162 6358//6358 2222//2222
f 2282//2282 2225//2225 2222//2222
f 2352//2352 2225//2225 2282//2282
f 6329//6329 2286//2286 2287//2287
f 6337//6337 2287//2287 2288//2288
f 2286//2286 2288//2288 2287//2287
f 2356//2356 2288//2288 2286//2286
f 2288//2288 2356//2356 6337//6337
f 2229//2229 2356//2356 2440//2440
f 2296//2296 2289//2289 2291//2291
f 2290//2290 2291//2291 2289//2289
f 6339//6339 2291//2291 2292//2292
f 2292//2292 2293//2293 6339//6339
f 2294//2294 6361//6361 2357//2357
f 2290//2290 2292//2292 2291//2291
f 2357//2357 2293//2293 2292//2292
f 2290//2290 2357//2357 2292//2292
f 6361//6361 2294//2294 2224//2224
f 2069//2069 2294//2294 2346//2346
f 6340//6340 2352//2352 2226//2226
f 6341//6341 2285//2285 2424//2424
f 2424//2424 2496//2496 2227//2227
f 2372//2372 2300//2300 2441//2441
f 2295//2295 2229//2229 2440//2440
f 2295//2295 2440//2440 6363//6363
f 2235//2235 2295//2295 6363//6363
f 2358//2358 2442//2442 2173//2173
f 2359//2359 2173//2173 2442//2442
f 2296//2296 2360//2360 2289//2289
f 2361//2361 2181//2181 2362//2362
f 2362//2362 2181//2181 6362//6362
f 2365//2365 2364//2364 2023//2023
f 2299//2299 2244//2244 2183//2183
f 2372//2372 2238//2238 2300//2300
f 2303//2303 2302//2302 2374//2374
f 2302//2302 2301//2301 2245//2245
f 2303//2303 2301//2301 2302//2302
f 2241//2241 2374//2374 2304//2304
f 2241//2241 2304//2304 2305//2305
f 2304//2304 2358//2358 2305//2305
f 2456//2456 2309//2309 2186//2186
f 2119//2119 2377//2377 2245//2245
f 2380//2380 2247//2247 2307//2307
f 2189//2189 2307//2307 2247//2247
f 2189//2189 2458//2458 2307//2307
f 2458//2458 2248//2248 2308//2308
f 2458//2458 2189//2189 2248//2248
f 2379//2379 2378//2378 2256//2256
f 6385//6385 2256//2256 2380//2380
f 2380//2380 2256//2256 2247//2247
f 2461//2461 2249//2249 6406//6406
f 2249//2249 2461//2461 2311//2311
f 2461//2461 2313//2313 2311//2311
f 6366//6366 2313//2313 2250//2250
f 6366//6366 2311//2311 2313//2313
f 2250//2250 2313//2313 2251//2251
f 2251//2251 2382//2382 2314//2314
f 2314//2314 2382//2382 2462//2462
f 2314//2314 2319//2319 2318//2318
f 6367//6367 2316//2316 6371//6371
f 2316//2316 2322//2322 6371//6371
f 2315//2315 2316//2316 6367//6367
f 6407//6407 2315//2315 6367//6367
f 2323//2323 6373//6373 6369//6369
f 2317//2317 2323//2323 6369//6369
f 2317//2317 6369//6369 2462//2462
f 6370//6370 6368//6368 6408//6408
f 2323//2323 2253//2253 6372//6372
f 6371//6371 2320//2320 2318//2318
f 2320//2320 2321//2321 2318//2318
f 6371//6371 2322//2322 2320//2320
f 2321//2321 2320//2320 2322//2322
f 2323//2323 6372//6372 6373//6373
f 2535//2535 2324//2324 2310//2310
f 2039//2039 2384//2384 2325//2325
f 2385//2385 2326//2326 2325//2325
f 2474//2474 2541//2541 2327//2327
f 2329//2329 2330//2330 2388//2388
f 2331//2331 2330//2330 2329//2329
f 2329//2329 2332//2332 2331//2331
f 2332//2332 2333//2333 2259//2259
f 2390//2390 2333//2333 2332//2332
f 2390//2390 2468//2468 2333//2333
f 6409//6409 2391//2391 2334//2334
f 2133//2133 2334//2334 2391//2391
f 2333//2333 2334//2334 2133//2133
f 2334//2334 2333//2333 2468//2468
f 2469//2469 6406//6406 2133//2133
f 2546//2546 2470//2470 2262//2262
f 2393//2393 2392//2392 2335//2335
f 2335//2335 2392//2392 2473//2473
f 2335//2335 2269//2269 2393//2393
f 2384//2384 2202//2202 2335//2335
f 2387//2387 2336//2336 2396//2396
f 2387//2387 2337//2337 2336//2336
f 2387//2387 2338//2338 2337//2337
f 2475//2475 2338//2338 2387//2387
f 2337//2337 2338//2338 1871//1871
f 2265//2265 1871//1871 2338//2338
f 2607//2607 2328//2328 2267//2267
f 2393//2393 2269//2269 2340//2340
f 6354//6354 2483//2483 6374//6374
f 2270//2270 2483//2483 2142//2142
f 2406//2406 2405//2405 2215//2215
f 2342//2342 2211//2211 6389//6389
f 2409//2409 2341//2341 2342//2342
f 2274//2274 2342//2342 2341//2341
f 2144//2144 2272//2272 2341//2341
f 2408//2408 2343//2343 2344//2344
f 2214//2214 2344//2344 2278//2278
f 2344//2344 2214//2214 2345//2345
f 2549//2549 2345//2345 2152//2152
f 2502//2502 2416//2416 2346//2346
f 2346//2346 2416//2416 2347//2347
f 2069//2069 2346//2346 2347//2347
f 2348//2348 2349//2349 6357//6357
f 2347//2347 2348//2348 2217//2217
f 6356//6356 6375//6375 2280//2280
f 2349//2349 6376//6376 2280//2280
f 2221//2221 2350//2350 2418//2418
f 2420//2420 2281//2281 2418//2418
f 2281//2281 2414//2414 2283//2283
f 2414//2414 2281//2281 2420//2420
f 2351//2351 6358//6358 6392//6392
f 2421//2421 2353//2353 2351//2351
f 2226//2226 2352//2352 2353//2353
f 2284//2284 2226//2226 6377//6377
f 6377//6377 2423//2423 2284//2284
f 2353//2353 2352//2352 2351//2351
f 2422//2422 2423//2423 6377//6377
f 2285//2285 6359//6359 2423//2423
f 2426//2426 2166//2166 2496//2496
f 2166//2166 2427//2427 2428//2428
f 2426//2426 2427//2427 2166//2166
f 2432//2432 2355//2355 2431//2431
f 2430//2430 6379//6379 6397//6397
f 2286//2286 6329//6329 6380//6380
f 6396//6396 6380//6380 6329//6329
f 6360//6360 6381//6381 2354//2354
f 6378//6378 2356//2356 2286//2286
f 2513//2513 2356//2356 6378//6378
f 2357//2357 2290//2290 2445//2445
f 2294//2294 2357//2357 2515//2515
f 2515//2515 2357//2357 2445//2445
f 2294//2294 2515//2515 2346//2346
f 2502//2502 2346//2346 2515//2515
f 6401//6401 6363//6363 2440//2440
f 2360//2360 2290//2290 2289//2289
f 2446//2446 2361//2361 2362//2362
f 2582//2582 2306//2306 2361//2361
f 2361//2361 6402//6402 2582//2582
f 2297//2297 2363//2363 2298//2298
f 2363//2363 2516//2516 2298//2298
f 2584//2584 2363//2363 2517//2517
f 2363//2363 2364//2364 2585//2585
f 2363//2363 2585//2585 2517//2517
f 2364//2364 2365//2365 2504//2504
f 2504//2504 2365//2365 2366//2366
f 2366//2366 2449//2449 2504//2504
f 2023//2023 2366//2366 2365//2365
f 2366//2366 2023//2023 2367//2367
f 2366//2366 2367//2367 2449//2449
f 2449//2449 2368//2368 2450//2450
f 2367//2367 2368//2368 2449//2449
f 2450//2450 2368//2368 2451//2451
f 2023//2023 2368//2368 2367//2367
f 2451//2451 2368//2368 6276//6276
f 2244//2244 2506//2506 2453//2453
f 2506//2506 2244//2244 2299//2299
f 2369//2369 2506//2506 2299//2299
f 6382//6382 2371//2371 2370//2370
f 2370//2370 2371//2371 2455//2455
f 6382//6382 2370//2370 2455//2455
f 2372//2372 6383//6383 2299//2299
f 6383//6383 2369//2369 2299//2299
f 2371//2371 2372//2372 2455//2455
f 2588//2588 2373//2373 2245//2245
f 2373//2373 2302//2302 2245//2245
f 2374//2374 2358//2358 2304//2304
f 2358//2358 2374//2374 2442//2442
f 2309//2309 2456//2456 2459//2459
f 2375//2375 2456//2456 2306//2306
f 2456//2456 2186//2186 2306//2306
f 2380//2380 2307//2307 2534//2534
f 2534//2534 6364//6364 2656//2656
f 2376//2376 2656//2656 6365//6365
f 2376//2376 2307//2307 2458//2458
f 2458//2458 2308//2308 2459//2459
f 2598//2598 2535//2535 2378//2378
f 2535//2535 2310//2310 2378//2378
f 2313//2313 2461//2461 2381//2381
f 2382//2382 2381//2381 2462//2462
f 2251//2251 2313//2313 2381//2381
f 2382//2382 2251//2251 2381//2381
f 2262//2262 2383//2383 2464//2464
f 2262//2262 2195//2195 2383//2383
f 2383//2383 2195//2195 2324//2324
f 2604//2604 2325//2325 2384//2384
f 2604//2604 2385//2385 2325//2325
f 2386//2386 2394//2394 2263//2263
f 2326//2326 2539//2539 2386//2386
f 2541//2541 2396//2396 2327//2327
f 2542//2542 2396//2396 2541//2541
f 2396//2396 2542//2542 2387//2387
f 2328//2328 2466//2466 2330//2330
f 2466//2466 2388//2388 2330//2330
f 2466//2466 2467//2467 2388//2388
f 2467//2467 2389//2389 2388//2388
f 2390//2390 2389//2389 2668//2668
f 2389//2389 2467//2467 2668//2668
f 2332//2332 2329//2329 2388//2388
f 2332//2332 2388//2388 2389//2389
f 2390//2390 2332//2332 2389//2389
f 2390//2390 2668//2668 2468//2468
f 2133//2133 2391//2391 2469//2469
f 2468//2468 2469//2469 2391//2391
f 2262//2262 2464//2464 2546//2546
f 2464//2464 2600//2600 2546//2546
f 2393//2393 2472//2472 2392//2392
f 2393//2393 2471//2471 2472//2472
f 2335//2335 2473//2473 2384//2384
f 2472//2472 2473//2473 2392//2392
f 2539//2539 2394//2394 2386//2386
f 2539//2539 2395//2395 2394//2394
f 2394//2394 2264//2264 2263//2263
f 2264//2264 2394//2394 2395//2395
f 2475//2475 2397//2397 2338//2338
f 2400//2400 2397//2397 2398//2398
f 2475//2475 2398//2398 2397//2397
f 2265//2265 2399//2399 2400//2400
f 2338//2338 2397//2397 2265//2265
f 2397//2397 2399//2399 2265//2265
f 2399//2399 2397//2397 2400//2400
f 2607//2607 2267//2267 2400//2400
f 2139//2139 2401//2401 6387//6387
f 2403//2403 2478//2478 2139//2139
f 2139//2139 2478//2478 2401//2401
f 6387//6387 2401//2401 2478//2478
f 2340//2340 2471//2471 2393//2393
f 2404//2404 6374//6374 2483//2483
f 2404//2404 2481//2481 6374//6374
f 2270//2270 2271//2271 2483//2483
f 2406//2406 2215//2215 2407//2407
f 2406//2406 2407//2407 2551//2551
f 2551//2551 2407//2407 2552//2552
f 2552//2552 2407//2407 2339//2339
f 2410//2410 2725//2725 2409//2409
f 2342//2342 6389//6389 2410//2410
f 2725//2725 2410//2410 6389//6389
f 2342//2342 2410//2410 2409//2409
f 2411//2411 2408//2408 2344//2344
f 2420//2420 2412//2412 2414//2414
f 2413//2413 6393//6393 6390//6390
f 2495//2495 2413//2413 6390//6390
f 2559//2559 2423//2423 2415//2415
f 2348//2348 2347//2347 2502//2502
f 2347//2347 2416//2416 2502//2502
f 2502//2502 2417//2417 2348//2348
f 2484//2484 2417//2417 2502//2502
f 2417//2417 2349//2349 2348//2348
f 6376//6376 2349//2349 2486//2486
f 2493//2493 2419//2419 2418//2418
f 2420//2420 2419//2419 2492//2492
f 2412//2412 2420//2420 2492//2492
f 2493//2493 2491//2491 2419//2419
f 2491//2491 2492//2492 2419//2419
f 2419//2419 2420//2420 2418//2418
f 6391//6391 2421//2421 6392//6392
f 6418//6418 2421//2421 6391//6391
f 6419//6419 2558//2558 6394//6394
f 6392//6392 2421//2421 2351//2351
f 2558//2558 2415//2415 6394//6394
f 2415//2415 2422//2422 6394//6394
f 6394//6394 2422//2422 6377//6377
f 2423//2423 2422//2422 2415//2415
f 2559//2559 2424//2424 2423//2423
f 2285//2285 2423//2423 2424//2424
f 2426//2426 2425//2425 2429//2429
f 2497//2497 2429//2429 2425//2425
f 2426//2426 2496//2496 2425//2425
f 2429//2429 6421//6421 2428//2428
f 2426//2426 2428//2428 2427//2427
f 2429//2429 2428//2428 2426//2426
f 2430//2430 2579//2579 6378//6378
f 6395//6395 6396//6396 6329//6329
f 2431//2431 2434//2434 2432//2432
f 6399//6399 2430//2430 6397//6397
f 6395//6395 6400//6400 6396//6396
f 2430//2430 6378//6378 6379//6379
f 6400//6400 6395//6395 2433//2433
f 2430//2430 6399//6399 2435//2435
f 2435//2435 6399//6399 6398//6398
f 2437//2437 2508//2508 6423//6423
f 6423//6423 6382//6382 2437//2437
f 2438//2438 2508//2508 2437//2437
f 2511//2511 6401//6401 2513//2513
f 2439//2439 2441//2441 6425//6425
f 2441//2441 2439//2439 2372//2372
f 2440//2440 2356//2356 2513//2513
f 2513//2513 6401//6401 2440//2440
f 2442//2442 2522//2522 2443//2443
f 2443//2443 2359//2359 2442//2442
f 2522//2522 2359//2359 2443//2443
f 2522//2522 2514//2514 2359//2359
f 2514//2514 2444//2444 2360//2360
f 2360//2360 2444//2444 2290//2290
f 2360//2360 2359//2359 2514//2514
f 2444//2444 2445//2445 2290//2290
f 2362//2362 6362//6362 2447//2447
f 2298//2298 2516//2516 6403//6403
f 2446//2446 2362//2362 2447//2447
f 2516//2516 2363//2363 2584//2584
f 2585//2585 2364//2364 2448//2448
f 2364//2364 2504//2504 2519//2519
f 2449//2449 2436//2436 2504//2504
f 2520//2520 2505//2505 2452//2452
f 2506//2506 2587//2587 6427//6427
f 2436//2436 2449//2449 2450//2450
f 2244//2244 6404//6404 2023//2023
f 2452//2452 2451//2451 6348//6348
f 2452//2452 6348//6348 6405//6405
f 2505//2505 2436//2436 2450//2450
f 2450//2450 2451//2451 2452//2452
f 2452//2452 2505//2505 2450//2450
f 2520//2520 2452//2452 6405//6405
f 2453//2453 2506//2506 6427//6427
f 2437//2437 6382//6382 2454//2454
f 2454//2454 6382//6382 2455//2455
f 2437//2437 2454//2454 2438//2438
f 2438//2438 2454//2454 2455//2455
f 2455//2455 2439//2439 2438//2438
f 2372//2372 2439//2439 2455//2455
f 2373//2373 2588//2588 2302//2302
f 2521//2521 2522//2522 2442//2442
f 2588//2588 2521//2521 2374//2374
f 2374//2374 2521//2521 2442//2442
f 2523//2523 2459//2459 2529//2529
f 2523//2523 2524//2524 2459//2459
f 2529//2529 2459//2459 2456//2456
f 2457//2457 2529//2529 2456//2456
f 2457//2457 2456//2456 2375//2375
f 2530//2530 2457//2457 2375//2375
f 2530//2530 2375//2375 2532//2532
f 2534//2534 2656//2656 2661//2661
f 2595//2595 2656//2656 2376//2376
f 2377//2377 2317//2317 2697//2697
f 2380//2380 2598//2598 6385//6385
f 2378//2378 2379//2379 2598//2598
f 6406//6406 2536//2536 2461//2461
f 6430//6430 2537//2537 2463//2463
f 2381//2381 6430//6430 2463//2463
f 2461//2461 6430//6430 2381//2381
f 2381//2381 2463//2463 2462//2462
f 2537//2537 2538//2538 2462//2462
f 2537//2537 2462//2462 2463//2463
f 2464//2464 2383//2383 2465//2465
f 2383//2383 2324//2324 2465//2465
f 2465//2465 2324//2324 2603//2603
f 2603//2603 2324//2324 2535//2535
f 2473//2473 2472//2472 2665//2665
f 2473//2473 2665//2665 2384//2384
f 2539//2539 2326//2326 2385//2385
f 2542//2542 2543//2543 2387//2387
f 2607//2607 2466//2466 2328//2328
f 2544//2544 6388//6388 2610//2610
f 2403//2403 2611//2611 6445//6445
f 2395//2395 2539//2539 2474//2474
f 2400//2400 2398//2398 2617//2617
f 2617//2617 2607//2607 2400//2400
f 2547//2547 2555//2555 2339//2339
f 2339//2339 2555//2555 2552//2552
f 2339//2339 2476//2476 2548//2548
f 2476//2476 6387//6387 2477//2477
f 2478//2478 2477//2477 6387//6387
f 2476//2476 2477//2477 2478//2478
f 2548//2548 2476//2476 2479//2479
f 2476//2476 2478//2478 2479//2479
f 2609//2609 2479//2479 2478//2478
f 2403//2403 2609//2609 2478//2478
f 2340//2340 2480//2480 2471//2471
f 6410//6410 6374//6374 2481//2481
f 2619//2619 2404//2404 2620//2620
f 2404//2404 2619//2619 2481//2481
f 2404//2404 2483//2483 2771//2771
f 2482//2482 2405//2405 2406//2406
f 2406//2406 2551//2551 2482//2482
f 2271//2271 2341//2341 2626//2626
f 2725//2725 2408//2408 2411//2411
f 2409//2409 2725//2725 2341//2341
f 2411//2411 2344//2344 2557//2557
f 2549//2549 2557//2557 2345//2345
f 6390//6390 2628//2628 2629//2629
f 2629//2629 2495//2495 6390//6390
f 2415//2415 2558//2558 2559//2559
f 2497//2497 2496//2496 2561//2561
f 2561//2561 2498//2498 2497//2497
f 2484//2484 2503//2503 2570//2570
f 2570//2570 2485//2485 6411//6411
f 2503//2503 2484//2484 2502//2502
f 6411//6411 2486//2486 2349//2349
f 2486//2486 6411//6411 2485//2485
f 2485//2485 2571//2571 2486//2486
f 2562//2562 2486//2486 2571//2571
f 6411//6411 2349//2349 2417//2417
f 6376//6376 2486//2486 2487//2487
f 2486//2486 2562//2562 2487//2487
f 2488//2488 2493//2493 2487//2487
f 2487//2487 2565//2565 2488//2488
f 2488//2488 2565//2565 2489//2489
f 2418//2418 2487//2487 2493//2493
f 2350//2350 2487//2487 2418//2418
f 2493//2493 2490//2490 2494//2494
f 6415//6415 6417//6417 6412//6412
f 2566//2566 2494//2494 6416//6416
f 6416//6416 6413//6413 2566//2566
f 2493//2493 2488//2488 2489//2489
f 2566//2566 2412//2412 2494//2494
f 2494//2494 2491//2491 2493//2493
f 2494//2494 2492//2492 2491//2491
f 2492//2492 2494//2494 2412//2412
f 2497//2497 2425//2425 2496//2496
f 2497//2497 2498//2498 6395//6395
f 2561//2561 2499//2499 2498//2498
f 2561//2561 2569//2569 2499//2499
f 2498//2498 2433//2433 6395//6395
f 2435//2435 2579//2579 2430//2430
f 6398//6398 6422//6422 2435//2435
f 6422//6422 2500//2500 2435//2435
f 2579//2579 2435//2435 2500//2500
f 2499//2499 2433//2433 2498//2498
f 2515//2515 2501//2501 2502//2502
f 2647//2647 2518//2518 2504//2504
f 2573//2573 2572//2572 2504//2504
f 2573//2573 2504//2504 2436//2436
f 2648//2648 2573//2573 2505//2505
f 2573//2573 2436//2436 2505//2505
f 2574//2574 6423//6423 2508//2508
f 2506//2506 6438//6438 2587//2587
f 2508//2508 2438//2438 2507//2507
f 2507//2507 2438//2438 2512//2512
f 2576//2576 2508//2508 2507//2507
f 2580//2580 6426//6426 6425//6425
f 2510//2510 2439//2439 2509//2509
f 2439//2439 6424//6424 2438//2438
f 6425//6425 2509//2509 2439//2439
f 2509//2509 6426//6426 2510//2510
f 2512//2512 2438//2438 6424//6424
f 2578//2578 2513//2513 6378//6378
f 2578//2578 2511//2511 2513//2513
f 6425//6425 6426//6426 2509//2509
f 2692//2692 2581//2581 2514//2514
f 2444//2444 2514//2514 2581//2581
f 2581//2581 2445//2445 2444//2444
f 2515//2515 2445//2445 2640//2640
f 2447//2447 2583//2583 2446//2446
f 2584//2584 2583//2583 2516//2516
f 2516//2516 2583//2583 6403//6403
f 2584//2584 2517//2517 2585//2585
f 2586//2586 2448//2448 2518//2518
f 2646//2646 2585//2585 2448//2448
f 2364//2364 2518//2518 2448//2448
f 2518//2518 2364//2364 2519//2519
f 2518//2518 2519//2519 2504//2504
f 2505//2505 2520//2520 2648//2648
f 6458//6458 6427//6427 2587//2587
f 2588//2588 2374//2374 2302//2302
f 2521//2521 2588//2588 2589//2589
f 2521//2521 2589//2589 2692//2692
f 2521//2521 2692//2692 2522//2522
f 2596//2596 2524//2524 2591//2591
f 2525//2525 2524//2524 2523//2523
f 2526//2526 6440//6440 2524//2524
f 2526//2526 2524//2524 2525//2525
f 2527//2527 2526//2526 2525//2525
f 2526//2526 2527//2527 2649//2649
f 2649//2649 2591//2591 2526//2526
f 2527//2527 2525//2525 2528//2528
f 2527//2527 2528//2528 2649//2649
f 2530//2530 2528//2528 2457//2457
f 2529//2529 2525//2525 2523//2523
f 2529//2529 2457//2457 2525//2525
f 2528//2528 2525//2525 2457//2457
f 2650//2650 2530//2530 2532//2532
f 6429//6429 6384//6384 2531//2531
f 6428//6428 2375//2375 2593//2593
f 2375//2375 2306//2306 2593//2593
f 2592//2592 6429//6429 2531//2531
f 2652//2652 2592//2592 6428//6428
f 2306//2306 2533//2533 2593//2593
f 2582//2582 2533//2533 2306//2306
f 2377//2377 2594//2594 2245//2245
f 2245//2245 2655//2655 2588//2588
f 2458//2458 2596//2596 2595//2595
f 2595//2595 2376//2376 2458//2458
f 2596//2596 2459//2459 2524//2524
f 2458//2458 2459//2459 2596//2596
f 2538//2538 2317//2317 2462//2462
f 2704//2704 2697//2697 2317//2317
f 2538//2538 2537//2537 2536//2536
f 2465//2465 2601//2601 2464//2464
f 2465//2465 2603//2603 2601//2601
f 2597//2597 2603//2603 2535//2535
f 2666//2666 2604//2604 2384//2384
f 2540//2540 2542//2542 2541//2541
f 2615//2615 2540//2540 2541//2541
f 2540//2540 2616//2616 2542//2542
f 2616//2616 2543//2543 2542//2542
f 6431//6431 2475//2475 2387//2387
f 2616//2616 2617//2617 6431//6431
f 2466//2466 2607//2607 2467//2467
f 2668//2668 2467//2467 2607//2607
f 2469//2469 2468//2468 2668//2668
f 2669//2669 2469//2469 2668//2668
f 2611//2611 2470//2470 2545//2545
f 2546//2546 2545//2545 2470//2470
f 2671//2671 2472//2472 2471//2471
f 2474//2474 2615//2615 2541//2541
f 2617//2617 2475//2475 6431//6431
f 2617//2617 2398//2398 2475//2475
f 2617//2617 2714//2714 2607//2607
f 2339//2339 2548//2548 2547//2547
f 2555//2555 2547//2547 2553//2553
f 2479//2479 2609//2609 2548//2548
f 2677//2677 2471//2471 2480//2480
f 2677//2677 2671//2671 2471//2471
f 6410//6410 2481//2481 2619//2619
f 2618//2618 6410//6410 2619//2619
f 2681//2681 2621//2621 2549//2549
f 2405//2405 2550//2550 2549//2549
f 2550//2550 2405//2405 2482//2482
f 2681//2681 2482//2482 2551//2551
f 2552//2552 2556//2556 6432//6432
f 6432//6432 2682//2682 2554//2554
f 6432//6432 2554//2554 2552//2552
f 2556//2556 2552//2552 2555//2555
f 2555//2555 6432//6432 2556//2556
f 2271//2271 2622//2622 2483//2483
f 2622//2622 2271//2271 2623//2623
f 2271//2271 2626//2626 2684//2684
f 2725//2725 2411//2411 2557//2557
f 2344//2344 2345//2345 2557//2557
f 2621//2621 2557//2557 2549//2549
f 2559//2559 2560//2560 2424//2424
f 2560//2560 2561//2561 2424//2424
f 2627//2627 2561//2561 2560//2560
f 2570//2570 2571//2571 2485//2485
f 2565//2565 2571//2571 2632//2632
f 2565//2565 2487//2487 2562//2562
f 2565//2565 2562//2562 2571//2571
f 6436//6436 6453//6453 2563//2563
f 6414//6414 6436//6436 2563//2563
f 6453//6453 2566//2566 2563//2563
f 2564//2564 2412//2412 2566//2566
f 2566//2566 6454//6454 2564//2564
f 2563//2563 2566//2566 6413//6413
f 6435//6435 2628//2628 6390//6390
f 6449//6449 2558//2558 6419//6419
f 2561//2561 2496//2496 2424//2424
f 2500//2500 6422//6422 2630//2630
f 2634//2634 2500//2500 2630//2630
f 2567//2567 2500//2500 2634//2634
f 2579//2579 2500//2500 2567//2567
f 2627//2627 2569//2569 2561//2561
f 2568//2568 2630//2630 6422//6422
f 2568//2568 6422//6422 6437//6437
f 2503//2503 2502//2502 2501//2501
f 2691//2691 2647//2647 2572//2572
f 2691//2691 2572//2572 6458//6458
f 6458//6458 2572//2572 2573//2573
f 2575//2575 2688//2688 2633//2633
f 2633//2633 2587//2587 6438//6438
f 6455//6455 2574//2574 2575//2575
f 2575//2575 2576//2576 2688//2688
f 2575//2575 2574//2574 2508//2508
f 2579//2579 2578//2578 6378//6378
f 2575//2575 2508//2508 2576//2576
f 2577//2577 2579//2579 2567//2567
f 2578//2578 2579//2579 2577//2577
f 2580//2580 2578//2578 2638//2638
f 2638//2638 6464//6464 2580//2580
f 2638//2638 2578//2578 2577//2577
f 2578//2578 2580//2580 2511//2511
f 2580//2580 6439//6439 6426//6426
f 2507//2507 2512//2512 2576//2576
f 6464//6464 6439//6439 2580//2580
f 2692//2692 2445//2445 2581//2581
f 2641//2641 2515//2515 2640//2640
f 2515//2515 2641//2641 2501//2501
f 2642//2642 2501//2501 2641//2641
f 2582//2582 2583//2583 2643//2643
f 2582//2582 2446//2446 2583//2583
f 2643//2643 2583//2583 2584//2584
f 2645//2645 2585//2585 2646//2646
f 2585//2585 2644//2644 2584//2584
f 2585//2585 2645//2645 2644//2644
f 2646//2646 2448//2448 2586//2586
f 2647//2647 2504//2504 2572//2572
f 2589//2589 2590//2590 2692//2692
f 2590//2590 2589//2589 2695//2695
f 2514//2514 2522//2522 2692//2692
f 2649//2649 2659//2659 2591//2591
f 2649//2649 2528//2528 2530//2530
f 6429//6429 2651//2651 2650//2650
f 2651//2651 6429//6429 2592//2592
f 2652//2652 6428//6428 2593//2593
f 2653//2653 2593//2593 2533//2533
f 2643//2643 2533//2533 2582//2582
f 2594//2594 2654//2654 6349//6349
f 2699//2699 2654//2654 2594//2594
f 6459//6459 2655//2655 2245//2245
f 2655//2655 6459//6459 2700//2700
f 2658//2658 2595//2595 2596//2596
f 2596//2596 2657//2657 2658//2658
f 2657//2657 2596//2596 2591//2591
f 2538//2538 2704//2704 2317//2317
f 2377//2377 2697//2697 2698//2698
f 2594//2594 2377//2377 2698//2698
f 2535//2535 2598//2598 2597//2597
f 2534//2534 2598//2598 2380//2380
f 2599//2599 2546//2546 2600//2600
f 2599//2599 2600//2600 2662//2662
f 2600//2600 2464//2464 6441//6441
f 2602//2602 2601//2601 2603//2603
f 2384//2384 2665//2665 2666//2666
f 2605//2605 2385//2385 2604//2604
f 6443//6443 2606//2606 6386//6386
f 6444//6444 2615//2615 2385//2385
f 2539//2539 2385//2385 2615//2615
f 2540//2540 2615//2615 2616//2616
f 2607//2607 2714//2714 2668//2668
f 2669//2669 6406//6406 2469//2469
f 6406//6406 2669//2669 2608//2608
f 2704//2704 6406//6406 2608//2608
f 2715//2715 2609//2609 2544//2544
f 2544//2544 2610//2610 2716//2716
f 2609//2609 6388//6388 2544//2544
f 2710//2710 2612//2612 2712//2712
f 2611//2611 6470//6470 6445//6445
f 2710//2710 2611//2611 2612//2612
f 2613//2613 6446//6446 2545//2545
f 2612//2612 2611//2611 2545//2545
f 2545//2545 2546//2546 2614//2614
f 2614//2614 2546//2546 2759//2759
f 2712//2712 6446//6446 2613//2613
f 2613//2613 2545//2545 2614//2614
f 2539//2539 2615//2615 2474//2474
f 2616//2616 2714//2714 2617//2617
f 6463//6463 2553//2553 2547//2547
f 6463//6463 2547//2547 2673//2673
f 2547//2547 2548//2548 2674//2674
f 2548//2548 2675//2675 2674//2674
f 2548//2548 2609//2609 2675//2675
f 6460//6460 6410//6410 2618//2618
f 2678//2678 2618//2618 2619//2619
f 2619//2619 2679//2679 6462//6462
f 2620//2620 2679//2679 2619//2619
f 6460//6460 2618//2618 2678//2678
f 2550//2550 2681//2681 2549//2549
f 2550//2550 2482//2482 2681//2681
f 2680//2680 2551//2551 2552//2552
f 2554//2554 2682//2682 2552//2552
f 2624//2624 2623//2623 2625//2625
f 2622//2622 2623//2623 2772//2772
f 2830//2830 2624//2624 2683//2683
f 2830//2830 6447//6447 2624//2624
f 2683//2683 2624//2624 2625//2625
f 2625//2625 2623//2623 2271//2271
f 2625//2625 2271//2271 2684//2684
f 2833//2833 2684//2684 2626//2626
f 6433//6433 6450//6450 6434//6434
f 2628//2628 6435//6435 2632//2632
f 2558//2558 6449//6449 2559//2559
f 2685//2685 2627//2627 2560//2560
f 2631//2631 2627//2627 2726//2726
f 2630//2630 2686//2686 2634//2634
f 6451//6451 6471//6471 2686//2686
f 6452//6452 2568//2568 6437//6437
f 2568//2568 6451//6451 2630//2630
f 2631//2631 2569//2569 2627//2627
f 6451//6451 2686//2686 2630//2630
f 2642//2642 2570//2570 2503//2503
f 2503//2503 2501//2501 2642//2642
f 2635//2635 6456//6456 2636//2636
f 2636//2636 2637//2637 2635//2635
f 2634//2634 2687//2687 2636//2636
f 2687//2687 2637//2637 2636//2636
f 2577//2577 2567//2567 2639//2639
f 2638//2638 2577//2577 2639//2639
f 2635//2635 2567//2567 6456//6456
f 2635//2635 2639//2639 2567//2567
f 2639//2639 6464//6464 2638//2638
f 2637//2637 2639//2639 2635//2635
f 6457//6457 6464//6464 2639//2639
f 2692//2692 2693//2693 2445//2445
f 2445//2445 2693//2693 2640//2640
f 2647//2647 2586//2586 2518//2518
f 2586//2586 2647//2647 2646//2646
f 2691//2691 2732//2732 2647//2647
f 6458//6458 2633//2633 2691//2691
f 6458//6458 2587//2587 2633//2633
f 2590//2590 2695//2695 2692//2692
f 2659//2659 2649//2649 2743//2743
f 2530//2530 2650//2650 2649//2649
f 6475//6475 2649//2649 2744//2744
f 2736//2736 2649//2649 2650//2650
f 2736//2736 2650//2650 2651//2651
f 2651//2651 2592//2592 2652//2652
f 2795//2795 2652//2652 2593//2593
f 2593//2593 2653//2653 2795//2795
f 2643//2643 2653//2653 2533//2533
f 2795//2795 2653//2653 2643//2643
f 2796//2796 2795//2795 2643//2643
f 2699//2699 2701//2701 2654//2654
f 6465//6465 2700//2700 6459//6459
f 2739//2739 2655//2655 2700//2700
f 2589//2589 2588//2588 2695//2695
f 2739//2739 2588//2588 2655//2655
f 2595//2595 2658//2658 2656//2656
f 2743//2743 2658//2658 2659//2659
f 2657//2657 2591//2591 2658//2658
f 2591//2591 2659//2659 2658//2658
f 2699//2699 2594//2594 2698//2698
f 2661//2661 2660//2660 2534//2534
f 2660//2660 2661//2661 2800//2800
f 2800//2800 2661//2661 2751//2751
f 6406//6406 2704//2704 2536//2536
f 2704//2704 2538//2538 2536//2536
f 2546//2546 2599//2599 2670//2670
f 2670//2670 2599//2599 2705//2705
f 2599//2599 2662//2662 2705//2705
f 2705//2705 2662//2662 2600//2600
f 2663//2663 2601//2601 2664//2664
f 2601//2601 2602//2602 2664//2664
f 2663//2663 2600//2600 6441//6441
f 2597//2597 6442//6442 2603//2603
f 2665//2665 2808//2808 2666//2666
f 2666//2666 2808//2808 2604//2604
f 2605//2605 2604//2604 2808//2808
f 2606//2606 6443//6443 2667//2667
f 2813//2813 2669//2669 2668//2668
f 6470//6470 2611//2611 2711//2711
f 2611//2611 2710//2710 2711//2711
f 2613//2613 2614//2614 2759//2759
f 2546//2546 2760//2760 2759//2759
f 2670//2670 2760//2760 2546//2546
f 2671//2671 2761//2761 2472//2472
f 2667//2667 2713//2713 2606//2606
f 6468//6468 2672//2672 6444//6444
f 2672//2672 2615//2615 6444//6444
f 2673//2673 2547//2547 2674//2674
f 2766//2766 2674//2674 2675//2675
f 2609//2609 2676//2676 2675//2675
f 2717//2717 6460//6460 2678//2678
f 2718//2718 2679//2679 2620//2620
f 2679//2679 2718//2718 6462//6462
f 2770//2770 2718//2718 2620//2620
f 2770//2770 2620//2620 2771//2771
f 2620//2620 2404//2404 2771//2771
f 2681//2681 2551//2551 2680//2680
f 2680//2680 2719//2719 2681//2681
f 2680//2680 2682//2682 2769//2769
f 2680//2680 2552//2552 2682//2682
f 2673//2673 2769//2769 6463//6463
f 2830//2830 2772//2772 6447//6447
f 2830//2830 2683//2683 2720//2720
f 2720//2720 2683//2683 2625//2625
f 2833//2833 2724//2724 2684//2684
f 2557//2557 2621//2621 2774//2774
f 2560//2560 2629//2629 2685//2685
f 2628//2628 2728//2728 2629//2629
f 2778//2778 2685//2685 2629//2629
f 2685//2685 2726//2726 2627//2627
f 2837//2837 2726//2726 2685//2685
f 2686//2686 6471//6471 2910//2910
f 2686//2686 2687//2687 2634//2634
f 2686//2686 2729//2729 2687//2687
f 2632//2632 2727//2727 2628//2628
f 2688//2688 6472//6472 2633//2633
f 2633//2633 6472//6472 2691//2691
f 2729//2729 6464//6464 2687//2687
f 2687//2687 6464//6464 6457//6457
f 2641//2641 2689//2689 2694//2694
f 2641//2641 2640//2640 2689//2689
f 2689//2689 2693//2693 2694//2694
f 2642//2642 2730//2730 2570//2570
f 2643//2643 2584//2584 2690//2690
f 2690//2690 2584//2584 2737//2737
f 2737//2737 2584//2584 2644//2644
f 2737//2737 2644//2644 2645//2645
f 2645//2645 2646//2646 2731//2731
f 2731//2731 2646//2646 2647//2647
f 2647//2647 2788//2788 2731//2731
f 2733//2733 2692//2692 2695//2695
f 2782//2782 2734//2734 2692//2692
f 2734//2734 2735//2735 2692//2692
f 2782//2782 2692//2692 2856//2856
f 2693//2693 2692//2692 2735//2735
f 2735//2735 2694//2694 2693//2693
f 2640//2640 2693//2693 2689//2689
f 2796//2796 2690//2690 2737//2737
f 2796//2796 2643//2643 2690//2690
f 2750//2750 2739//2739 2700//2700
f 2739//2739 2695//2695 2588//2588
f 2696//2696 2656//2656 2658//2658
f 2740//2740 2696//2696 2658//2658
f 2743//2743 2740//2740 2658//2658
f 2649//2649 2746//2746 2744//2744
f 2746//2746 2649//2649 2736//2736
f 2749//2749 2701//2701 2699//2699
f 6465//6465 6476//6476 2700//2700
f 2597//2597 2598//2598 2702//2702
f 2534//2534 2703//2703 2598//2598
f 2703//2703 2534//2534 2660//2660
f 2598//2598 2703//2703 2702//2702
f 2670//2670 2705//2705 2882//2882
f 2663//2663 2752//2752 6466//6466
f 2663//2663 6466//6466 2600//2600
f 2664//2664 2602//2602 2706//2706
f 2664//2664 2752//2752 2663//2663
f 2664//2664 2706//2706 2752//2752
f 2707//2707 6442//6442 2597//2597
f 6442//6442 2707//2707 6467//6467
f 2665//2665 2472//2472 2761//2761
f 2708//2708 2808//2808 2665//2665
f 6443//6443 2762//2762 2667//2667
f 2815//2815 2608//2608 2669//2669
f 2949//2949 2608//2608 2815//2815
f 2704//2704 2608//2608 2709//2709
f 2709//2709 2608//2608 2949//2949
f 2951//2951 2712//2712 2952//2952
f 2711//2711 2710//2710 2820//2820
f 2820//2820 6470//6470 2711//2711
f 2820//2820 2710//2710 2951//2951
f 2710//2710 2712//2712 2951//2951
f 2952//2952 2712//2712 2759//2759
f 2759//2759 2712//2712 2613//2613
f 2768//2768 2761//2761 2671//2671
f 2762//2762 2713//2713 2667//2667
f 2615//2615 2763//2763 3055//3055
f 2763//2763 2615//2615 2672//2672
f 2615//2615 3055//3055 2616//2616
f 2765//2765 2769//2769 2673//2673
f 2673//2673 2674//2674 2765//2765
f 2674//2674 2767//2767 2765//2765
f 2767//2767 2674//2674 2766//2766
f 2676//2676 2817//2817 2675//2675
f 2818//2818 2676//2676 2609//2609
f 2818//2818 2609//2609 2715//2715
f 2716//2716 2715//2715 2544//2544
f 2671//2671 2677//2677 2768//2768
f 6481//6481 6461//6461 2717//2717
f 2718//2718 2823//2823 6462//6462
f 2770//2770 2823//2823 2718//2718
f 6462//6462 2823//2823 2822//2822
f 2621//2621 2681//2681 2719//2719
f 2719//2719 2680//2680 2769//2769
f 2483//2483 2622//2622 2772//2772
f 2772//2772 2771//2771 2483//2483
f 2720//2720 2625//2625 2721//2721
f 2831//2831 2830//2830 2720//2720
f 2720//2720 2721//2721 2905//2905
f 2905//2905 6489//6489 2720//2720
f 2684//2684 2721//2721 2625//2625
f 2684//2684 2724//2724 2722//2722
f 2721//2721 2684//2684 2722//2722
f 2833//2833 2626//2626 2834//2834
f 2626//2626 2341//2341 2777//2777
f 2774//2774 2621//2621 2776//2776
f 2557//2557 2774//2774 2723//2723
f 2777//2777 2341//2341 2725//2725
f 2629//2629 2728//2728 2778//2778
f 2726//2726 2837//2837 6511//6511
f 2727//2727 2632//2632 2780//2780
f 2840//2840 2686//2686 2910//2910
f 2840//2840 2729//2729 2686//2686
f 2730//2730 2571//2571 2570//2570
f 2730//2730 2779//2779 2571//2571
f 2632//2632 2571//2571 2780//2780
f 2785//2785 2645//2645 2731//2731
f 2647//2647 2732//2732 2788//2788
f 2789//2789 2788//2788 2732//2732
f 2781//2781 6473//6473 6472//6472
f 2691//2691 6472//6472 6473//6473
f 2854//2854 2692//2692 2733//2733
f 2856//2856 2692//2692 2854//2854
f 2921//2921 2642//2642 2641//2641
f 2735//2735 2921//2921 2641//2641
f 2641//2641 2694//2694 2735//2735
f 2737//2737 2645//2645 2738//2738
f 2783//2783 2737//2737 2738//2738
f 2785//2785 2738//2738 2645//2645
f 2695//2695 2791//2791 2792//2792
f 2740//2740 2743//2743 2742//2742
f 6475//6475 2741//2741 2742//2742
f 2801//2801 2696//2696 2740//2740
f 2802//2802 2741//2741 2744//2744
f 2802//2802 2742//2742 2741//2741
f 2802//2802 2744//2744 2793//2793
f 2740//2740 2742//2742 2801//2801
f 6475//6475 2744//2744 2741//2741
f 2745//2745 2744//2744 2736//2736
f 2736//2736 2794//2794 2745//2745
f 2745//2745 2794//2794 2744//2744
f 2793//2793 2744//2744 2794//2794
f 2746//2746 2736//2736 2744//2744
f 2747//2747 2651//2651 2748//2748
f 2748//2748 2651//2651 2652//2652
f 2736//2736 2651//2651 2747//2747
f 2747//2747 2794//2794 2736//2736
f 2748//2748 2794//2794 2747//2747
f 2795//2795 2748//2748 2652//2652
f 2697//2697 6476//6476 2698//2698
f 6476//6476 2699//2699 2698//2698
f 6476//6476 2797//2797 2700//2700
f 2700//2700 2797//2797 2750//2750
f 2800//2800 2751//2751 2875//2875
f 2661//2661 2656//2656 2751//2751
f 2751//2751 2656//2656 2696//2696
f 2943//2943 2938//2938 2704//2704
f 2946//2946 6466//6466 2752//2752
f 2707//2707 2752//2752 6467//6467
f 2707//2707 2597//2597 2702//2702
f 2707//2707 2702//2702 2873//2873
f 2754//2754 2761//2761 2756//2756
f 2665//2665 2753//2753 2708//2708
f 2708//2708 2753//2753 2755//2755
f 2708//2708 2755//2755 2808//2808
f 2665//2665 6478//6478 2753//2753
f 2753//2753 2758//2758 2755//2755
f 6480//6480 2757//2757 6479//6479
f 2757//2757 2758//2758 6479//6479
f 6479//6479 2758//2758 6477//6477
f 2804//2804 2807//2807 6480//6480
f 6480//6480 2807//2807 2757//2757
f 2807//2807 2758//2758 2757//2757
f 2755//2755 2758//2758 2808//2808
f 2762//2762 2605//2605 2942//2942
f 2669//2669 2813//2813 2815//2815
f 2709//2709 2943//2943 2704//2704
f 2943//2943 2709//2709 2949//2949
f 2670//2670 2882//2882 2760//2760
f 2882//2882 2705//2705 2883//2883
f 2761//2761 2768//2768 2887//2887
f 2754//2754 2665//2665 2761//2761
f 2892//2892 2713//2713 2762//2762
f 2892//2892 2762//2762 2942//2942
f 6468//6468 2809//2809 2672//2672
f 2809//2809 2810//2810 2672//2672
f 2810//2810 2763//2763 2672//2672
f 2811//2811 2714//2714 2616//2616
f 2811//2811 3003//3003 2714//2714
f 2714//2714 2812//2812 2764//2764
f 2714//2714 2764//2764 2668//2668
f 2764//2764 2813//2813 2668//2668
f 2812//2812 2813//2813 2764//2764
f 2813//2813 2814//2814 2815//2815
f 2766//2766 2675//2675 2817//2817
f 2819//2819 2818//2818 2715//2715
f 2819//2819 2715//2715 2716//2716
f 6481//6481 2717//2717 2821//2821
f 2900//2900 6481//6481 2821//2821
f 6488//6488 2717//2717 2678//2678
f 2823//2823 2770//2770 2902//2902
f 2765//2765 2901//2901 2769//2769
f 2901//2901 2719//2719 2769//2769
f 2902//2902 2770//2770 2771//2771
f 2824//2824 2771//2771 2772//2772
f 2825//2825 2905//2905 2721//2721
f 2721//2721 2722//2722 2825//2825
f 2826//2826 2557//2557 2773//2773
f 6482//6482 2557//2557 2723//2723
f 2828//2828 6482//6482 2723//2723
f 2774//2774 2828//2828 2723//2723
f 2827//2827 2774//2774 2776//2776
f 2827//2827 2776//2776 2966//2966
f 2829//2829 2776//2776 2775//2775
f 2776//2776 2621//2621 2719//2719
f 2719//2719 2775//2775 2776//2776
f 2834//2834 2626//2626 2777//2777
f 2835//2835 2834//2834 2777//2777
f 2777//2777 2725//2725 2908//2908
f 2908//2908 2725//2725 3015//3015
f 2778//2778 2837//2837 2685//2685
f 2779//2779 2780//2780 2571//2571
f 2780//2780 2779//2779 2838//2838
f 2839//2839 2789//2789 2781//2781
f 2729//2729 2841//2841 2842//2842
f 6472//6472 6490//6490 2781//2781
f 6490//6490 2839//2839 2781//2781
f 6473//6473 2781//2781 2789//2789
f 2841//2841 2729//2729 2840//2840
f 2857//2857 2782//2782 2856//2856
f 2920//2920 2859//2859 2857//2857
f 2857//2857 2859//2859 2734//2734
f 2782//2782 2857//2857 2734//2734
f 2921//2921 2735//2735 2734//2734
f 2642//2642 2922//2922 2730//2730
f 2783//2783 2784//2784 2863//2863
f 2738//2738 2784//2784 2783//2783
f 2844//2844 2784//2784 6474//6474
f 2845//2845 2844//2844 6474//6474
f 2924//2924 2784//2784 2844//2844
f 2844//2844 2845//2845 2924//2924
f 2738//2738 2785//2785 6491//6491
f 2786//2786 2785//2785 2731//2731
f 2787//2787 2786//2786 2731//2731
f 2788//2788 2787//2787 2731//2731
f 2789//2789 2851//2851 2788//2788
f 2790//2790 2788//2788 2851//2851
f 2799//2799 2695//2695 2739//2739
f 2792//2792 2733//2733 2695//2695
f 2792//2792 2853//2853 2733//2733
f 2853//2853 2854//2854 2733//2733
f 2742//2742 2802//2802 2801//2801
f 2870//2870 2802//2802 2793//2793
f 2794//2794 2795//2795 2793//2793
f 6498//6498 2793//2793 2860//2860
f 2793//2793 2795//2795 2860//2860
f 2936//2936 2860//2860 2795//2795
f 2794//2794 2748//2748 2795//2795
f 2697//2697 2797//2797 6476//6476
f 2864//2864 2797//2797 2697//2697
f 2739//2739 2865//2865 2798//2798
f 2739//2739 2750//2750 2865//2865
f 2798//2798 2866//2866 2799//2799
f 2695//2695 2799//2799 2932//2932
f 2798//2798 2799//2799 2739//2739
f 2873//2873 2702//2702 2703//2703
f 2703//2703 2660//2660 6499//6499
f 2660//2660 2800//2800 6499//6499
f 2880//2880 2751//2751 2696//2696
f 2802//2802 2869//2869 2801//2801
f 2938//2938 2697//2697 2704//2704
f 2946//2946 2752//2752 2707//2707
f 2873//2873 2946//2946 2707//2707
f 2804//2804 6480//6480 2803//2803
f 6483//6483 2756//2756 2761//2761
f 2804//2804 2803//2803 2805//2805
f 6485//6485 2806//2806 6484//6484
f 2808//2808 2807//2807 2806//2806
f 2806//2806 2807//2807 6484//6484
f 2881//2881 2808//2808 2806//2806
f 2888//2888 6504//6504 6486//6486
f 2758//2758 2807//2807 2808//2808
f 2942//2942 2808//2808 6505//6505
f 2942//2942 2605//2605 2808//2808
f 2995//2995 2949//2949 2815//2815
f 2760//2760 2882//2882 2898//2898
f 2760//2760 2898//2898 2759//2759
f 6466//6466 2884//2884 6506//6506
f 6466//6466 2946//2946 2884//2884
f 6486//6486 2887//2887 2888//2888
f 2899//2899 2887//2887 2768//2768
f 2761//2761 2887//2887 6483//6483
f 6483//6483 2887//2887 6485//6485
f 2806//2806 6485//6485 2887//2887
f 2892//2892 2809//2809 6468//6468
f 2994//2994 3055//3055 2763//2763
f 2811//2811 2616//2616 3055//3055
f 2895//2895 2896//2896 2714//2714
f 6469//6469 2894//2894 6508//6508
f 2896//2896 2812//2812 2714//2714
f 2812//2812 2896//2896 3004//3004
f 3092//3092 2812//2812 3004//3004
f 2813//2813 3092//3092 2814//2814
f 2815//2815 2814//2814 3092//3092
f 2816//2816 2817//2817 2901//2901
f 2901//2901 2766//2766 2816//2816
f 2817//2817 2816//2816 2766//2766
f 2817//2817 2676//2676 2954//2954
f 2676//2676 2818//2818 2954//2954
f 2954//2954 2818//2818 2950//2950
f 2950//2950 2818//2818 6487//6487
f 6487//6487 2818//2818 2819//2819
f 2716//2716 6487//6487 2819//2819
f 2821//2821 2717//2717 6488//6488
f 2900//2900 2821//2821 6488//6488
f 6509//6509 2822//2822 2823//2823
f 6509//6509 2823//2823 2902//2902
f 3008//3008 2719//2719 2901//2901
f 2767//2767 2901//2901 2765//2765
f 2903//2903 2824//2824 2772//2772
f 2772//2772 2830//2830 2903//2903
f 2774//2774 2827//2827 2909//2909
f 2909//2909 2828//2828 2774//2774
f 2827//2827 2966//2966 2909//2909
f 2776//2776 2829//2829 2966//2966
f 2966//2966 2829//2829 2904//2904
f 2904//2904 2829//2829 2775//2775
f 2830//2830 2831//2831 2905//2905
f 2903//2903 2830//2830 2905//2905
f 2825//2825 2957//2957 2905//2905
f 2825//2825 2722//2722 2832//2832
f 2957//2957 2825//2825 2832//2832
f 2832//2832 2722//2722 2724//2724
f 2833//2833 2832//2832 2724//2724
f 2960//2960 2834//2834 2835//2835
f 2907//2907 2835//2835 2777//2777
f 2908//2908 2907//2907 2777//2777
f 3016//3016 2725//2725 2826//2826
f 2826//2826 2725//2725 2557//2557
f 2773//2773 2836//2836 2826//2826
f 2628//2628 2911//2911 2728//2728
f 2852//2852 2839//2839 6490//6490
f 2914//2914 2852//2852 6490//6490
f 2914//2914 2841//2841 2840//2840
f 2842//2842 2841//2841 2914//2914
f 2859//2859 2921//2921 2734//2734
f 2921//2921 3073//3073 2642//2642
f 2730//2730 2922//2922 2843//2843
f 2730//2730 2843//2843 2779//2779
f 2779//2779 2843//2843 2912//2912
f 2838//2838 2779//2779 2912//2912
f 2780//2780 2838//2838 2913//2913
f 2974//2974 6448//6448 2727//2727
f 2784//2784 2924//2924 2863//2863
f 6491//6491 2847//2847 2925//2925
f 2847//2847 2785//2785 2846//2846
f 2786//2786 2846//2846 2785//2785
f 6492//6492 2786//2786 2787//2787
f 2787//2787 2848//2848 6492//6492
f 6491//6491 2785//2785 2847//2847
f 6493//6493 6492//6492 2850//2850
f 6492//6492 2848//2848 2850//2850
f 2850//2850 2848//2848 2849//2849
f 2787//2787 2849//2849 2848//2848
f 6512//6512 2850//2850 6494//6494
f 2851//2851 6513//6513 6495//6495
f 6493//6493 2850//2850 6512//6512
f 2790//2790 2851//2851 6495//6495
f 2787//2787 2788//2788 2849//2849
f 6495//6495 2788//2788 2790//2790
f 2851//2851 2789//2789 2839//2839
f 2839//2839 2852//2852 2978//2978
f 2914//2914 6519//6519 2852//2852
f 2792//2792 2791//2791 2853//2853
f 2853//2853 2791//2791 2918//2918
f 2854//2854 2853//2853 2855//2855
f 2855//2855 2856//2856 2854//2854
f 2855//2855 2919//2919 2856//2856
f 2858//2858 2919//2919 2920//2920
f 2855//2855 2853//2853 2919//2919
f 2919//2919 2857//2857 2856//2856
f 2857//2857 2858//2858 2920//2920
f 2857//2857 2919//2919 2858//2858
f 2920//2920 2921//2921 2859//2859
f 2860//2860 2871//2871 6498//6498
f 2795//2795 2796//2796 2936//2936
f 2923//2923 2936//2936 2796//2796
f 2923//2923 2796//2796 2737//2737
f 2861//2861 2985//2985 2737//2737
f 2862//2862 2861//2861 2737//2737
f 2783//2783 6496//6496 2737//2737
f 6496//6496 2783//2783 2863//2863
f 2939//2939 2864//2864 2697//2697
f 2939//2939 3028//3028 2864//2864
f 2927//2927 2797//2797 2864//2864
f 2928//2928 2866//2866 2865//2865
f 2929//2929 2865//2865 2927//2927
f 2750//2750 2797//2797 2927//2927
f 2927//2927 2865//2865 2750//2750
f 2798//2798 2865//2865 2866//2866
f 2867//2867 2695//2695 2932//2932
f 2867//2867 2791//2791 2695//2695
f 2868//2868 2874//2874 2877//2877
f 2879//2879 2988//2988 6497//6497
f 6497//6497 2878//2878 2879//2879
f 2878//2878 2751//2751 2880//2880
f 2880//2880 2696//2696 2933//2933
f 2933//2933 2696//2696 2801//2801
f 2934//2934 2933//2933 2801//2801
f 2801//2801 2869//2869 2934//2934
f 2802//2802 2870//2870 2872//2872
f 2872//2872 2869//2869 2802//2802
f 2872//2872 2935//2935 2934//2934
f 2872//2872 2870//2870 2935//2935
f 2871//2871 2860//2860 3033//3033
f 2860//2860 2936//2936 3033//3033
f 2939//2939 2697//2697 2938//2938
f 6499//6499 2800//2800 6500//6500
f 2800//2800 2875//2875 6500//6500
f 2940//2940 2873//2873 2876//2876
f 2874//2874 2876//2876 2873//2873
f 2877//2877 2874//2874 6501//6501
f 2940//2940 2876//2876 2868//2868
f 2868//2868 2876//2876 2874//2874
f 2878//2878 6497//6497 6503//6503
f 2878//2878 6503//6503 6502//6502
f 2875//2875 2751//2751 2878//2878
f 2940//2940 2868//2868 2988//2988
f 2879//2879 2878//2878 2880//2880
f 3046//3046 2938//2938 2943//2943
f 2944//2944 2882//2882 2883//2883
f 2945//2945 2884//2884 2946//2946
f 2886//2886 2885//2885 2889//2889
f 2990//2990 2885//2885 2947//2947
f 2886//2886 2947//2947 2885//2885
f 2888//2888 2887//2887 2891//2891
f 2891//2891 2887//2887 2899//2899
f 6504//6504 2888//2888 6507//6507
f 2891//2891 2890//2890 2888//2888
f 2885//2885 2888//2888 2889//2889
f 2889//2889 2890//2890 2886//2886
f 2888//2888 2890//2890 2889//2889
f 2890//2890 2891//2891 2886//2886
f 2948//2948 2893//2893 2892//2892
f 2810//2810 2892//2892 2893//2893
f 2892//2892 2810//2810 2809//2809
f 2894//2894 6469//6469 6523//6523
f 6523//6523 6508//6508 2894//2894
f 3003//3003 3004//3004 2895//2895
f 2895//2895 3004//3004 2896//2896
f 2901//2901 2817//2817 2954//2954
f 2952//2952 2759//2759 2897//2897
f 2898//2898 2897//2897 2759//2759
f 6481//6481 2900//2900 2953//2953
f 6516//6516 2899//2899 2768//2768
f 3057//3057 2953//2953 2900//2900
f 3055//3055 3001//3001 2811//2811
f 2766//2766 2901//2901 2767//2767
f 2955//2955 6509//6509 2902//2902
f 3099//3099 2902//2902 2771//2771
f 2771//2771 2903//2903 2956//2956
f 2771//2771 2824//2824 2903//2903
f 2904//2904 2775//2775 2719//2719
f 3009//3009 2903//2903 2905//2905
f 3009//3009 2905//2905 2957//2957
f 2957//2957 2832//2832 2833//2833
f 2957//2957 2833//2833 2958//2958
f 2833//2833 2959//2959 2958//2958
f 2834//2834 2960//2960 2833//2833
f 2963//2963 2906//2906 2907//2907
f 2906//2906 2835//2835 2907//2907
f 3015//3015 2907//2907 2908//2908
f 2725//2725 3016//3016 3015//3015
f 2826//2826 2836//2836 3016//3016
f 2836//2836 2773//2773 2964//2964
f 2964//2964 6482//6482 2828//2828
f 2909//2909 2964//2964 2828//2828
f 2971//2971 2837//2837 2778//2778
f 2972//2972 6511//6511 2973//2973
f 2837//2837 2973//2973 6511//6511
f 3018//3018 3120//3120 2728//2728
f 2840//2840 2910//2910 6518//6518
f 3075//3075 2914//2914 2840//2840
f 2912//2912 3024//3024 2913//2913
f 2912//2912 2913//2913 2838//2838
f 2913//2913 2727//2727 2780//2780
f 2974//2974 2911//2911 2628//2628
f 2851//2851 2976//2976 2926//2926
f 2839//2839 2978//2978 2976//2976
f 2976//2976 2851//2851 2839//2839
f 6519//6519 2914//2914 3075//3075
f 2980//2980 3127//3127 2915//2915
f 2791//2791 2980//2980 2915//2915
f 2915//2915 2918//2918 2791//2791
f 2915//2915 2916//2916 2918//2918
f 2918//2918 2916//2916 2917//2917
f 2982//2982 2917//2917 2916//2916
f 2917//2917 2919//2919 2918//2918
f 2915//2915 2982//2982 2916//2916
f 2982//2982 2919//2919 2917//2917
f 2981//2981 2982//2982 2915//2915
f 2918//2918 2919//2919 2853//2853
f 3073//3073 2921//2921 2920//2920
f 2922//2922 3073//3073 3023//3023
f 3073//3073 2922//2922 2642//2642
f 2737//2737 2985//2985 2923//2923
f 2923//2923 2985//2985 3026//3026
f 2861//2861 2862//2862 2937//2937
f 2987//2987 6496//6496 2863//2863
f 2863//2863 2924//2924 2987//2987
f 2924//2924 6491//6491 2925//2925
f 2987//2987 2924//2924 2925//2925
f 6515//6515 6496//6496 2987//2987
f 6513//6513 2851//2851 2926//2926
f 3029//3029 2929//2929 2927//2927
f 3029//3029 2979//2979 2929//2929
f 2865//2865 6514//6514 2928//2928
f 2866//2866 2928//2928 2930//2930
f 2930//2930 2928//2928 6514//6514
f 3031//3031 2932//2932 2866//2866
f 6520//6520 2930//2930 6514//6514
f 2931//2931 2932//2932 3031//3031
f 6520//6520 2866//2866 2930//2930
f 6520//6520 3031//3031 2866//2866
f 2867//2867 2932//2932 2931//2931
f 2932//2932 2799//2799 2866//2866
f 3127//3127 2867//2867 2931//2931
f 3127//3127 2980//2980 2867//2867
f 2980//2980 2791//2791 2867//2867
f 2872//2872 2934//2934 2869//2869
f 6498//6498 2871//2871 2935//2935
f 2935//2935 2871//2871 3033//3033
f 2934//2934 2935//2935 3033//3033
f 2983//2983 3128//3128 2936//2936
f 3033//3033 2936//2936 3128//3128
f 2936//2936 2923//2923 2983//2983
f 2923//2923 2984//2984 2983//2983
f 2864//2864 3028//3028 2927//2927
f 6507//6507 2941//2941 6504//6504
f 2989//2989 2941//2941 6507//6507
f 2941//2941 6521//6521 6504//6504
f 2942//2942 6505//6505 2989//2989
f 2998//2998 2882//2882 2944//2944
f 3035//3035 3051//3051 2884//2884
f 3035//3035 2884//2884 2945//2945
f 2886//2886 2891//2891 3000//3000
f 3000//3000 2891//2891 2899//2899
f 2990//2990 2989//2989 6507//6507
f 2886//2886 3000//3000 2947//2947
f 2948//2948 2892//2892 2942//2942
f 2991//2991 2948//2948 2942//2942
f 2991//2991 2992//2992 2948//2948
f 2992//2992 2893//2893 2948//2948
f 2993//2993 2810//2810 2893//2893
f 2994//2994 2763//2763 2810//2810
f 2949//2949 3045//3045 2943//2943
f 3045//3045 2949//2949 2995//2995
f 3047//3047 2951//2951 2952//2952
f 3047//3047 2952//2952 2996//2996
f 2996//2996 2952//2952 2897//2897
f 2996//2996 2897//2897 2997//2997
f 2898//2898 2997//2997 2897//2897
f 2882//2882 2997//2997 2898//2898
f 2899//2899 6516//6516 3089//3089
f 3000//3000 2899//2899 3089//3089
f 2953//2953 3057//3057 3088//3088
f 3090//3090 3003//3003 3002//3002
f 3003//3003 2811//2811 3002//3002
f 3006//3006 2950//2950 6487//6487
f 3006//3006 3005//3005 2950//2950
f 3005//3005 2954//2954 2950//2950
f 6529//6529 6510//6510 3056//3056
f 3056//3056 6510//6510 3058//3058
f 2955//2955 2902//2902 3099//3099
f 3058//3058 6509//6509 2955//2955
f 3099//3099 2771//2771 2956//2956
f 2719//2719 3008//3008 3059//3059
f 3009//3009 2956//2956 2903//2903
f 2959//2959 2833//2833 2960//2960
f 2961//2961 2969//2969 2962//2962
f 2962//2962 2967//2967 2961//2961
f 2963//2963 2907//2907 2968//2968
f 2969//2969 2961//2961 2906//2906
f 2961//2961 2835//2835 2906//2906
f 2969//2969 2906//2906 2963//2963
f 2969//2969 2963//2963 2968//2968
f 3065//3065 3016//3016 2836//2836
f 2964//2964 3065//3065 2836//2836
f 2909//2909 3010//3010 2964//2964
f 3065//3065 2964//2964 3010//3010
f 2965//2965 2909//2909 2966//2966
f 3015//3015 2968//2968 2907//2907
f 2969//2969 2968//2968 3014//3014
f 3017//3017 2728//2728 3019//3019
f 2728//2728 3017//3017 2970//2970
f 2778//2778 2728//2728 2970//2970
f 2971//2971 2778//2778 2970//2970
f 2971//2971 2973//2973 2837//2837
f 3071//3071 2840//2840 6518//6518
f 3024//3024 2727//2727 2913//2913
f 2912//2912 2843//2843 3125//3125
f 2912//2912 3125//3125 3024//3024
f 2974//2974 2727//2727 3024//3024
f 2728//2728 2911//2911 2975//2975
f 2975//2975 2911//2911 3119//3119
f 2728//2728 2975//2975 3018//3018
f 3075//3075 2840//2840 3071//3071
f 2915//2915 3127//3127 2981//2981
f 2982//2982 2977//2977 2919//2919
f 3187//3187 2920//2920 2977//2977
f 3072//3072 2977//2977 2982//2982
f 2977//2977 3072//3072 3187//3187
f 2920//2920 2919//2919 2977//2977
f 2920//2920 3187//3187 3073//3073
f 2843//2843 2922//2922 3023//3023
f 3023//3023 3125//3125 2843//2843
f 2985//2985 2861//2861 3025//3025
f 2926//2926 2976//2976 2978//2978
f 3127//3127 2982//2982 2981//2981
f 3127//3127 3072//3072 2982//2982
f 2984//2984 2923//2923 3077//3077
f 3025//3025 2861//2861 2986//2986
f 2937//2937 2986//2986 2861//2861
f 3134//3134 3025//3025 2986//2986
f 2937//2937 3134//3134 2986//2986
f 6540//6540 6515//6515 2987//2987
f 2938//2938 3242//3242 2939//2939
f 2979//2979 3029//3029 3030//3030
f 3031//3031 6520//6520 3032//3032
f 3028//3028 3029//3029 2927//2927
f 3030//3030 3032//3032 6520//6520
f 2931//2931 3031//3031 3127//3127
f 3038//3038 2873//2873 3039//3039
f 3296//3296 3039//3039 2988//2988
f 3039//3039 2873//2873 2940//2940
f 2940//2940 2988//2988 3039//3039
f 3034//3034 2938//2938 3046//3046
f 3034//3034 3242//3242 2938//2938
f 2884//2884 2999//2999 6506//6506
f 2884//2884 3051//3051 2999//2999
f 3036//3036 3035//3035 2945//2945
f 3037//3037 3036//3036 2945//2945
f 2945//2945 2946//2946 3037//3037
f 3041//3041 2990//2990 3000//3000
f 2947//2947 3000//3000 2990//2990
f 2989//2989 2990//2990 3083//3083
f 2989//2989 2991//2991 2942//2942
f 3042//3042 2991//2991 2989//2989
f 2993//2993 2992//2992 2991//2991
f 2994//2994 2810//2810 2993//2993
f 2992//2992 2993//2993 2893//2893
f 3054//3054 3055//3055 2994//2994
f 2995//2995 2815//2815 3092//3092
f 3044//3044 3045//3045 2995//2995
f 3007//3007 2820//2820 2951//2951
f 3007//3007 2951//2951 3047//3047
f 2997//2997 2882//2882 2998//2998
f 3049//3049 2997//2997 2998//2998
f 6522//6522 2944//2944 2883//2883
f 6535//6535 3089//3089 6516//6516
f 3151//3151 3002//3002 2811//2811
f 3151//3151 2811//2811 3001//3001
f 2812//2812 3092//3092 2813//2813
f 3007//3007 6524//6524 2820//2820
f 2956//2956 3009//3009 3099//3099
f 2958//2958 3106//3106 2957//2957
f 3106//3106 2958//2958 2959//2959
f 3107//3107 2960//2960 2835//2835
f 3107//3107 2835//2835 2961//2961
f 3060//3060 2966//2966 2904//2904
f 2959//2959 2960//2960 3107//3107
f 2961//2961 2967//2967 3011//3011
f 2967//2967 3012//3012 3011//3011
f 6526//6526 2967//2967 2962//2962
f 2962//2962 3013//3013 6526//6526
f 3014//3014 3013//3013 2962//2962
f 3062//3062 6526//6526 3013//3013
f 2962//2962 2969//2969 3014//3014
f 3014//3014 2968//2968 3015//3015
f 3108//3108 3014//3014 3015//3015
f 3017//3017 3021//3021 2970//2970
f 6527//6527 3022//3022 2970//2970
f 2970//2970 3022//3022 2971//2971
f 3119//3119 3018//3018 2975//2975
f 3122//3122 3019//3019 3120//3120
f 3120//3120 3019//3019 2728//2728
f 3069//3069 3019//3019 3122//3122
f 3019//3019 3020//3020 3017//3017
f 3020//3020 3021//3021 3017//3017
f 3069//3069 3020//3020 3019//3019
f 3069//3069 3021//3021 3020//3020
f 3070//3070 2971//2971 3022//3022
f 3117//3117 6517//6517 3070//3070
f 3117//3117 3071//3071 2971//2971
f 2973//2973 6532//6532 2972//2972
f 2973//2973 2971//2971 3071//3071
f 3023//3023 3073//3073 3125//3125
f 2978//2978 6533//6533 3027//3027
f 3027//3027 2926//2926 2978//2978
f 3078//3078 3077//3077 2923//2923
f 3025//3025 3026//3026 2985//2985
f 6540//6540 2987//2987 3135//3135
f 3074//3074 2987//2987 2925//2925
f 2987//2987 3074//3074 3135//3135
f 6513//6513 3079//3079 3074//3074
f 6513//6513 2926//2926 3079//3079
f 2926//2926 3027//3027 3079//3079
f 3028//3028 3030//3030 3029//3029
f 3030//3030 3076//3076 3032//3032
f 3030//3030 3028//3028 3076//3076
f 3127//3127 3031//3031 3032//3032
f 2988//2988 2879//2879 2880//2880
f 3129//3129 3128//3128 2983//2983
f 6534//6534 2923//2923 3026//3026
f 3051//3051 3035//3035 3053//3053
f 3053//3053 3036//3036 3087//3087
f 3036//3036 3053//3053 3035//3035
f 3087//3087 3036//3036 3037//3037
f 2946//2946 3080//3080 3037//3037
f 2946//2946 2873//2873 3038//3038
f 2933//2933 2988//2988 2880//2880
f 3082//3082 3041//3041 3040//3040
f 3083//3083 2990//2990 3041//3041
f 3040//3040 3041//3041 3000//3000
f 3084//3084 2989//2989 3083//3083
f 3043//3043 3054//3054 2994//2994
f 3048//3048 3047//3047 2996//2996
f 3093//3093 3047//3047 3048//3048
f 3048//3048 2996//2996 3093//3093
f 3093//3093 2996//2996 3158//3158
f 3158//3158 2996//2996 2997//2997
f 3049//3049 3158//3158 2997//2997
f 3049//3049 2998//2998 2944//2944
f 3049//3049 2944//2944 6522//6522
f 3050//3050 2999//2999 3051//3051
f 3051//3051 3052//3052 3050//3050
f 3050//3050 3161//3161 2999//2999
f 3052//3052 3161//3161 3050//3050
f 3051//3051 3053//3053 3052//3052
f 3052//3052 3053//3053 3161//3161
f 3082//3082 3040//3040 3089//3089
f 3040//3040 3000//3000 3089//3089
f 3148//3148 3055//3055 3054//3054
f 3055//3055 3151//3151 3001//3001
f 3002//3002 3151//3151 3090//3090
f 3003//3003 3208//3208 3004//3004
f 3008//3008 2901//2901 2954//2954
f 3047//3047 3093//3093 3007//3007
f 3310//3310 6524//6524 3007//3007
f 6529//6529 3056//3056 3058//3058
f 2955//2955 3099//3099 3096//3096
f 3095//3095 3057//3057 3094//3094
f 3094//3094 6529//6529 3097//3097
f 3097//3097 6529//6529 3058//3058
f 2955//2955 3096//3096 3058//3058
f 3103//3103 2719//2719 3059//3059
f 3099//3099 3009//3009 3267//3267
f 3106//3106 3009//3009 2957//2957
f 3010//3010 2909//2909 3112//3112
f 3112//3112 2909//2909 2965//2965
f 2904//2904 2719//2719 3101//3101
f 3101//3101 2719//2719 3061//3061
f 3107//3107 2961//2961 6525//6525
f 3107//3107 6525//6525 3218//3218
f 3011//3011 3012//3012 6554//6554
f 6555//6555 6526//6526 3062//3062
f 3062//3062 3063//3063 3175//3175
f 3062//3062 3013//3013 3014//3014
f 3063//3063 3014//3014 3108//3108
f 3062//3062 3014//3014 3063//3063
f 3063//3063 3108//3108 3175//3175
f 3108//3108 3015//3015 3220//3220
f 3220//3220 3015//3015 3109//3109
f 3016//3016 3064//3064 3015//3015
f 3016//3016 3111//3111 3064//3064
f 3109//3109 3015//3015 3064//3064
f 6537//6537 3016//3016 3068//3068
f 3066//3066 3016//3016 3065//3065
f 3067//3067 3066//3066 3010//3010
f 3068//3068 3016//3016 3066//3066
f 3171//3171 3066//3066 3067//3067
f 3171//3171 6531//6531 3010//3010
f 3066//3066 3065//3065 3010//3010
f 3120//3120 3121//3121 3122//3122
f 3123//3123 3022//3022 6527//6527
f 3069//3069 3123//3123 3021//3021
f 3022//3022 3123//3123 3070//3070
f 3124//3124 3071//3071 3117//3117
f 3071//3071 3124//3124 3126//3126
f 3075//3075 3071//3071 3126//3126
f 3125//3125 2974//2974 3024//3024
f 2974//2974 3184//3184 3118//3118
f 3187//3187 3333//3333 3073//3073
f 3190//3190 3074//3074 3079//3079
f 3028//3028 3244//3244 3076//3076
f 3244//3244 3192//3192 3076//3076
f 3076//3076 3192//3192 3032//3032
f 3077//3077 2983//2983 2984//2984
f 3129//3129 2983//2983 3077//3077
f 3078//3078 3188//3188 3077//3077
f 3133//3133 3026//3026 3025//3025
f 3025//3025 3131//3131 6539//6539
f 3134//3134 3131//3131 3025//3025
f 3079//3079 3027//3027 3139//3139
f 3242//3242 3292//3292 2939//2939
f 3087//3087 3037//3037 3080//3080
f 2946//2946 3249//3249 3248//3248
f 3249//3249 2946//2946 3038//3038
f 3250//3250 3249//3249 3038//3038
f 3081//3081 3038//3038 3039//3039
f 3081//3081 3039//3039 3296//3296
f 3200//3200 3081//3081 3296//3296
f 2933//2933 3296//3296 2988//2988
f 3041//3041 3146//3146 3083//3083
f 3084//3084 3042//3042 2989//2989
f 3084//3084 3197//3197 3042//3042
f 3144//3144 2991//2991 3042//3042
f 2993//2993 3147//3147 2994//2994
f 3147//3147 3043//3043 2994//2994
f 2943//2943 3045//3045 3153//3153
f 2943//2943 3153//3153 3204//3204
f 3246//3246 2943//2943 3204//3204
f 6559//6559 3145//3145 2943//2943
f 3085//3085 6522//6522 3086//3086
f 3053//3053 3087//3087 3247//3247
f 3198//3198 3247//3247 3087//3087
f 3080//3080 2946//2946 3248//3248
f 6535//6535 3201//3201 3089//3089
f 3146//3146 3082//3082 3089//3089
f 3041//3041 3082//3082 3146//3146
f 3095//3095 3088//3088 3057//3057
f 3399//3399 3146//3146 3089//3089
f 3147//3147 3054//3054 3043//3043
f 3412//3412 3055//3055 3148//3148
f 3055//3055 3149//3149 3151//3151
f 3090//3090 3206//3206 3003//3003
f 3003//3003 3207//3207 3098//3098
f 3004//3004 3091//3091 3092//3092
f 3005//3005 3006//3006 3209//3209
f 3154//3154 3310//3310 3007//3007
f 3155//3155 3154//3154 3007//3007
f 3007//3007 3093//3093 3155//3155
f 3093//3093 3158//3158 3156//3156
f 3049//3049 6522//6522 3085//3085
f 3085//3085 3086//3086 3160//3160
f 3095//3095 3162//3162 3088//3088
f 3095//3095 3094//3094 3096//3096
f 3097//3097 3096//3096 3094//3094
f 3097//3097 3058//3058 3096//3096
f 3251//3251 3003//3003 3098//3098
f 3105//3105 3059//3059 3166//3166
f 3105//3105 3103//3103 3059//3059
f 2904//2904 3163//3163 3100//3100
f 3101//3101 3163//3163 2904//2904
f 3260//3260 3101//3101 3164//3164
f 3103//3103 3102//3102 2719//2719
f 2719//2719 3102//3102 3061//3061
f 3105//3105 3102//3102 3103//3103
f 3061//3061 3102//3102 3101//3101
f 3102//3102 3105//3105 3104//3104
f 3104//3104 3101//3101 3102//3102
f 3164//3164 3104//3104 3105//3105
f 3164//3164 3101//3101 3104//3104
f 3164//3164 3105//3105 3165//3165
f 3059//3059 3008//3008 3167//3167
f 3555//3555 3106//3106 2959//2959
f 3062//3062 3175//3175 3218//3218
f 3175//3175 3108//3108 3219//3219
f 3168//3168 3220//3220 3109//3109
f 3168//3168 3110//3110 3111//3111
f 3168//3168 3109//3109 3110//3110
f 3168//3168 6537//6537 3068//3068
f 3064//3064 3111//3111 3110//3110
f 3110//3110 3109//3109 3064//3064
f 3171//3171 3010//3010 3170//3170
f 3068//3068 3066//3066 3221//3221
f 3221//3221 3066//3066 3171//3171
f 3112//3112 3169//3169 3010//3010
f 2966//2966 3113//3113 2965//2965
f 3113//3113 3112//3112 2965//2965
f 3169//3169 3170//3170 3010//3010
f 3114//3114 3113//3113 2966//2966
f 3169//3169 3112//3112 3216//3216
f 3216//3216 3112//3112 3113//3113
f 3216//3216 3113//3113 3114//3114
f 2966//2966 3115//3115 3114//3114
f 2966//2966 3060//3060 3115//3115
f 3116//3116 6538//6538 6530//6530
f 3184//3184 2974//2974 3125//3125
f 2911//2911 2974//2974 3118//3118
f 3118//3118 3119//3119 2911//2911
f 3018//3018 3178//3178 3120//3120
f 3181//3181 3121//3121 3120//3120
f 3182//3182 3123//3123 3069//3069
f 3182//3182 3069//3069 3122//3122
f 3073//3073 3333//3333 3334//3334
f 3184//3184 3125//3125 3276//3276
f 3228//3228 3193//3193 3127//3127
f 3127//3127 3187//3187 3072//3072
f 3127//3127 3193//3193 3187//3187
f 3033//3033 3229//3229 2934//2934
f 3128//3128 3229//3229 3033//3033
f 3229//3229 3128//3128 3129//3129
f 3129//3129 3077//3077 3130//3130
f 3077//3077 6549//6549 3130//3130
f 3133//3133 3132//3132 3026//3026
f 3026//3026 3132//3132 6534//6534
f 3233//3233 3131//3131 3134//3134
f 3135//3135 3136//3136 6540//6540
f 3074//3074 3137//3137 3135//3135
f 3135//3135 3137//3137 3189//3189
f 3142//3142 3240//3240 3138//3138
f 3137//3137 3074//3074 3189//3189
f 3141//3141 3240//3240 3142//3142
f 3189//3189 3074//3074 3190//3190
f 6528//6528 3141//3141 6544//6544
f 6544//6544 3141//3141 3140//3140
f 6542//6542 3079//3079 3139//3139
f 3140//3140 3138//3138 6544//6544
f 3138//3138 3141//3141 3142//3142
f 3141//3141 3138//3138 3140//3140
f 2939//2939 3292//3292 3028//3028
f 3243//3243 3244//3244 3028//3028
f 3127//3127 3032//3032 3192//3192
f 3038//3038 3081//3081 3200//3200
f 3083//3083 3146//3146 3202//3202
f 3143//3143 3042//3042 3197//3197
f 3143//3143 3144//3144 3042//3042
f 3203//3203 2993//2993 2991//2991
f 3144//3144 3203//3203 2991//2991
f 6559//6559 3046//3046 3145//3145
f 3145//3145 3046//3046 2943//2943
f 3053//3053 3247//3247 3161//3161
f 3087//3087 3080//3080 3199//3199
f 3080//3080 3248//3248 3199//3199
f 3198//3198 3087//3087 3199//3199
f 3054//3054 3147//3147 3148//3148
f 3245//3245 3147//3147 2993//2993
f 3412//3412 3149//3149 3055//3055
f 3150//3150 3151//3151 3149//3149
f 3150//3150 3090//3090 3151//3151
f 3092//3092 3091//3091 3252//3252
f 3091//3091 3004//3004 3252//3252
f 6560//6560 3152//3152 3092//3092
f 3152//3152 2995//2995 3092//3092
f 6560//6560 2995//2995 3152//3152
f 2995//2995 6561//6561 3044//3044
f 3155//3155 3310//3310 3154//3154
f 3157//3157 3155//3155 6536//6536
f 6545//6545 3157//3157 6536//6536
f 6545//6545 3366//3366 3157//3157
f 3366//3366 3156//3156 3158//3158
f 3205//3205 3366//3366 3158//3158
f 3205//3205 3158//3158 3049//3049
f 3049//3049 3085//3085 3159//3159
f 3159//3159 3085//3085 3160//3160
f 3049//3049 6546//6546 3205//3205
f 3159//3159 3160//3160 3259//3259
f 3160//3160 3086//3086 3161//3161
f 3161//3161 3086//3086 6522//6522
f 3088//3088 3162//3162 6553//6553
f 3162//3162 3095//3095 3096//3096
f 3545//3545 3162//3162 3096//3096
f 2954//2954 3005//3005 3209//3209
f 3209//3209 6524//6524 3310//3310
f 3217//3217 3100//3100 3163//3163
f 3217//3217 3163//3163 3210//3210
f 3165//3165 3105//3105 3166//3166
f 3212//3212 3167//3167 3008//3008
f 3318//3318 3269//3269 3106//3106
f 3555//3555 2959//2959 3107//3107
f 3168//3168 3221//3221 3220//3220
f 3068//3068 3221//3221 3168//3168
f 3221//3221 3171//3171 3441//3441
f 3441//3441 3171//3171 3222//3222
f 3170//3170 3222//3222 3171//3171
f 3326//3326 3169//3169 3216//3216
f 6577//6577 3170//3170 3169//3169
f 6577//6577 3222//3222 3170//3170
f 3114//3114 3115//3115 3172//3172
f 3114//3114 3172//3172 3216//3216
f 3174//3174 6538//6538 3116//3116
f 3172//3172 6538//6538 3174//3174
f 3173//3173 3172//3172 3174//3174
f 3174//3174 3273//3273 6547//6547
f 3273//3273 3174//3174 3116//3116
f 3116//3116 3060//3060 3273//3273
f 3274//3274 2904//2904 3100//3100
f 2904//2904 3274//3274 3060//3060
f 3119//3119 3176//3176 3178//3178
f 3119//3119 3178//3178 3018//3018
f 3178//3178 3185//3185 3177//3177
f 3120//3120 3179//3179 3181//3181
f 3177//3177 3120//3120 3178//3178
f 3181//3181 3179//3179 3180//3180
f 3120//3120 3177//3177 3179//3179
f 3121//3121 3181//3181 3180//3180
f 3179//3179 3177//3177 3180//3180
f 3182//3182 3223//3223 3123//3123
f 3123//3123 3223//3223 3070//3070
f 3070//3070 3223//3223 3117//3117
f 3223//3223 3183//3183 3117//3117
f 3183//3183 3124//3124 3117//3117
f 3119//3119 3118//3118 3278//3278
f 3176//3176 3119//3119 3278//3278
f 3185//3185 3180//3180 3177//3177
f 3186//3186 3124//3124 3283//3283
f 3126//3126 3124//3124 3186//3186
f 3227//3227 3126//3126 3186//3186
f 3227//3227 3186//3186 3283//3283
f 3126//3126 3227//3227 3075//3075
f 3333//3333 3187//3187 3193//3193
f 3233//3233 3232//3232 3131//3131
f 3135//3135 3236//3236 3136//3136
f 3190//3190 3239//3239 3189//3189
f 3191//3191 6558//6558 3190//3190
f 3239//3239 6550//6550 3240//3240
f 3290//3290 3240//3240 3141//3141
f 3190//3190 3079//3079 6543//6543
f 3191//3191 3190//3190 6543//6543
f 6550//6550 3138//3138 3240//3240
f 3339//3339 3027//3027 6556//6556
f 6579//6579 3141//3141 6528//6528
f 6556//6556 3027//3027 6533//6533
f 3028//3028 3292//3292 3293//3293
f 3293//3293 3243//3243 3028//3028
f 3228//3228 3127//3127 3192//3192
f 3192//3192 3462//3462 3228//3228
f 3343//3343 2933//2933 2934//2934
f 3188//3188 3078//3078 3194//3194
f 3229//3229 3129//3129 3130//3130
f 3132//3132 3195//3195 6551//6551
f 3231//3231 6551//6551 3195//3195
f 3196//3196 3231//3231 3195//3195
f 6551//6551 3231//3231 3284//3284
f 6551//6551 6534//6534 3132//3132
f 3196//3196 3195//3195 3133//3133
f 6552//6552 6539//6539 3131//3131
f 3195//3195 3132//3132 3133//3133
f 3131//3131 3232//3232 6552//6552
f 3136//3136 3235//3235 3234//3234
f 3136//3136 3234//3234 6540//6540
f 3233//3233 6540//6540 3234//3234
f 6557//6557 6541//6541 3238//3238
f 3135//3135 3189//3189 3238//3238
f 3238//3238 3189//3189 3288//3288
f 3288//3288 3189//3189 3239//3239
f 3202//3202 3241//3241 3083//3083
f 3084//3084 3083//3083 3241//3241
f 3291//3291 3197//3197 3084//3084
f 3143//3143 3197//3197 3291//3291
f 3144//3144 3143//3143 3291//3291
f 3242//3242 3034//3034 3299//3299
f 3247//3247 3198//3198 3199//3199
f 3248//3248 3247//3247 3199//3199
f 3399//3399 3089//3089 3201//3201
f 3202//3202 3146//3146 3399//3399
f 3147//3147 3245//3245 3148//3148
f 3307//3307 3045//3045 3257//3257
f 3307//3307 3153//3153 3045//3045
f 3153//3153 3365//3365 3204//3204
f 3204//3204 3365//3365 3246//3246
f 6563//6563 3205//3205 6546//6546
f 3160//3160 3247//3247 3259//3259
f 3247//3247 3160//3160 3161//3161
f 3150//3150 3206//3206 3090//3090
f 3003//3003 3206//3206 3207//3207
f 3207//3207 3312//3312 3098//3098
f 3312//3312 3251//3251 3098//3098
f 3251//3251 3208//3208 3003//3003
f 3424//3424 3265//3265 3008//3008
f 3258//3258 3209//3209 3316//3316
f 3258//3258 3008//3008 3209//3209
f 3008//3008 2954//2954 3209//3209
f 3258//3258 3424//3424 3008//3008
f 3316//3316 3209//3209 3310//3310
f 3155//3155 3157//3157 3366//3366
f 3163//3163 3101//3101 3211//3211
f 3211//3211 3101//3101 3260//3260
f 3260//3260 3164//3164 3165//3165
f 3321//3321 3211//3211 3260//3260
f 3262//3262 3261//3261 3165//3165
f 3166//3166 3167//3167 3263//3263
f 3262//3262 3165//3165 3166//3166
f 3166//3166 3059//3059 3167//3167
f 3212//3212 3263//3263 3167//3167
f 3099//3099 3267//3267 3096//3096
f 3096//3096 3267//3267 3266//3266
f 3213//3213 3215//3215 3214//3214
f 3213//3213 3009//3009 3215//3215
f 3009//3009 3213//3213 3267//3267
f 3215//3215 3009//3009 3106//3106
f 3215//3215 3106//3106 3269//3269
f 3318//3318 3106//3106 3555//3555
f 3326//3326 3216//3216 3270//3270
f 3270//3270 3216//3216 3172//3172
f 3274//3274 3273//3273 3060//3060
f 3100//3100 3217//3217 3372//3372
f 3219//3219 3324//3324 3175//3175
f 3326//3326 3441//3441 3222//3222
f 3225//3225 3223//3223 3182//3182
f 3225//3225 3183//3183 3223//3223
f 3226//3226 6548//6548 3225//3225
f 3282//3282 3276//3276 3125//3125
f 3276//3276 3118//3118 3184//3184
f 3278//3278 3224//3224 3176//3176
f 3176//3176 3279//3279 3178//3178
f 3280//3280 3178//3178 3279//3279
f 3178//3178 3280//3280 3185//3185
f 3280//3280 3180//3180 3185//3185
f 3124//3124 3226//3226 3283//3283
f 6548//6548 3226//3226 3124//3124
f 3073//3073 3334//3334 3282//3282
f 3073//3073 3282//3282 3125//3125
f 3290//3290 3141//3141 6579//6579
f 3338//3338 3290//3290 6579//6579
f 3193//3193 3228//3228 3295//3295
f 3193//3193 3340//3340 3333//3333
f 2934//2934 3229//3229 3343//3343
f 3229//3229 3130//3130 3230//3230
f 6549//6549 3230//3230 3130//3130
f 3230//3230 6549//6549 3284//3284
f 3194//3194 6569//6569 3188//3188
f 3231//3231 6552//6552 3232//3232
f 3284//3284 3231//3231 3232//3232
f 3284//3284 3232//3232 3285//3285
f 3285//3285 3232//3232 3233//3233
f 3234//3234 3344//3344 3233//3233
f 3335//3335 3344//3344 3234//3234
f 3335//3335 3234//3234 3235//3235
f 3236//3236 3235//3235 3136//3136
f 3236//3236 3335//3335 3235//3235
f 6557//6557 3238//3238 3288//3288
f 3237//3237 6557//6557 3288//3288
f 3290//3290 3239//3239 3240//3240
f 3241//3241 3396//3396 3084//3084
f 3202//3202 3345//3345 3241//3241
f 6580//6580 3396//3396 3241//3241
f 3396//3396 3291//3291 3084//3084
f 6559//6559 3299//3299 3046//3046
f 3299//3299 3034//3034 3046//3046
f 3350//3350 3292//3292 3242//3242
f 3462//3462 3192//3192 3244//3244
f 3296//3296 2933//2933 3297//3297
f 3345//3345 3202//3202 3399//3399
f 3250//3250 3038//3038 3300//3300
f 3300//3300 3038//3038 3200//3200
f 3358//3358 6553//6553 3162//3162
f 3150//3150 3414//3414 3206//3206
f 3252//3252 3004//3004 3301//3301
f 6561//6561 3302//3302 3253//3253
f 3004//3004 3208//3208 3301//3301
f 6561//6561 3301//3301 3302//3302
f 3253//3253 3044//3044 6561//6561
f 3253//3253 3045//3045 3044//3044
f 6562//6562 3254//3254 3045//3045
f 3254//3254 3257//3257 3045//3045
f 3255//3255 3257//3257 3254//3254
f 3256//3256 3255//3255 3254//3254
f 3308//3308 3153//3153 3307//3307
f 3311//3311 3310//3310 3155//3155
f 3311//3311 3155//3155 3366//3366
f 3205//3205 6563//6563 3366//3366
f 3261//3261 3260//3260 3165//3165
f 3261//3261 3322//3322 3260//3260
f 3261//3261 3262//3262 3322//3322
f 3322//3322 3262//3262 3264//3264
f 3264//3264 3262//3262 3166//3166
f 3166//3166 3263//3263 3264//3264
f 3212//3212 3008//3008 3314//3314
f 3314//3314 3263//3263 3212//3212
f 3008//3008 3265//3265 6573//6573
f 3266//3266 3267//3267 3489//3489
f 3213//3213 3214//3214 3268//3268
f 3267//3267 3213//3213 3268//3268
f 3436//3436 3268//3268 3214//3214
f 3436//3436 3214//3214 3215//3215
f 3269//3269 3436//3436 3215//3215
f 3441//3441 3326//3326 3270//3270
f 3270//3270 3172//3172 3173//3173
f 3273//3273 3270//3270 6547//6547
f 3217//3217 3319//3319 3372//3372
f 3319//3319 3217//3217 3320//3320
f 3210//3210 3320//3320 3217//3217
f 3163//3163 3320//3320 3210//3210
f 3324//3324 3218//3218 3175//3175
f 3219//3219 3108//3108 3272//3272
f 3220//3220 6565//6565 3108//3108
f 3220//3220 3221//3221 3441//3441
f 3332//3332 3327//3327 3276//3276
f 3276//3276 3278//3278 3118//3118
f 3277//3277 3176//3176 3224//3224
f 3224//3224 3278//3278 3277//3277
f 3277//3277 3279//3279 3176//3176
f 3330//3330 3180//3180 3280//3280
f 3388//3388 3121//3121 3180//3180
f 3275//3275 3225//3225 3182//3182
f 3275//3275 3281//3281 3225//3225
f 3226//3226 3225//3225 3281//3281
f 6568//6568 3283//3283 3226//3226
f 3282//3282 3334//3334 3514//3514
f 3395//3395 3227//3227 3283//3283
f 3455//3455 3228//3228 3462//3462
f 3340//3340 3193//3193 6571//6571
f 3230//3230 3298//3298 3229//3229
f 3230//3230 3284//3284 3458//3458
f 3458//3458 3298//3298 3230//3230
f 3521//3521 3284//3284 3285//3285
f 3233//3233 3344//3344 3285//3285
f 3236//3236 3286//3286 3335//3335
f 3237//3237 6570//6570 6557//6557
f 3523//3523 3335//3335 3286//3286
f 3237//3237 3287//3287 6570//6570
f 3397//3397 6570//6570 3287//3287
f 3523//3523 3286//3286 3397//3397
f 3287//3287 3288//3288 3337//3337
f 3237//3237 3288//3288 3287//3287
f 3290//3290 3289//3289 3239//3239
f 3289//3289 3288//3288 3239//3239
f 3289//3289 3337//3337 3288//3288
f 3244//3244 3243//3243 3294//3294
f 3296//3296 3297//3297 3341//3341
f 3354//3354 3355//3355 3297//3297
f 3354//3354 3297//3297 2933//2933
f 3343//3343 3229//3229 3298//3298
f 3399//3399 3201//3201 3357//3357
f 3401//3401 3203//3203 3144//3144
f 3203//3203 6586//6586 2993//2993
f 3412//3412 3148//3148 3347//3347
f 3416//3416 3246//3246 3365//3365
f 3299//3299 6559//6559 3349//3349
f 3299//3299 3349//3349 3348//3348
f 3348//3348 3350//3350 3299//3299
f 3299//3299 3350//3350 3242//3242
f 3404//3404 3292//3292 3403//3403
f 3247//3247 3419//3419 3259//3259
f 3351//3351 3617//3617 3247//3247
f 3351//3351 3247//3247 3248//3248
f 3248//3248 3249//3249 3351//3351
f 3408//3408 3300//3300 3200//3200
f 3358//3358 3357//3357 6553//6553
f 3162//3162 3359//3359 3358//3358
f 3359//3359 3162//3162 3360//3360
f 3414//3414 3150//3150 3149//3149
f 3312//3312 3207//3207 3206//3206
f 3622//3622 3208//3208 3251//3251
f 3302//3302 3301//3301 3547//3547
f 3253//3253 3302//3302 3361//3361
f 6581//6581 3305//3305 3304//3304
f 3256//3256 3303//3303 3255//3255
f 3304//3304 6562//6562 6581//6581
f 6562//6562 3304//3304 3254//3254
f 3254//3254 3304//3304 3305//3305
f 3254//3254 3305//3305 3256//3256
f 3256//3256 3305//3305 3303//3303
f 3303//3303 3305//3305 3306//3306
f 3303//3303 3257//3257 3255//3255
f 3307//3307 3257//3257 3363//3363
f 3307//3307 3309//3309 3308//3308
f 3309//3309 3365//3365 3308//3308
f 3308//3308 3365//3365 3153//3153
f 3424//3424 3258//3258 3316//3316
f 3481//3481 3310//3310 3311//3311
f 3418//3418 3259//3259 3419//3419
f 3313//3313 3263//3263 3314//3314
f 3315//3315 6573//6573 3368//3368
f 6574//6574 3313//3313 3314//3314
f 3368//3368 6573//6573 3265//3265
f 3424//3424 3316//3316 3481//3481
f 3310//3310 3481//3481 3316//3316
f 3096//3096 3266//3266 3317//3317
f 3426//3426 3317//3317 3266//3266
f 3267//3267 3268//3268 3796//3796
f 3796//3796 3268//3268 3436//3436
f 3436//3436 3269//3269 3370//3370
f 3373//3373 3319//3319 3320//3320
f 3163//3163 3321//3321 6575//6575
f 3211//3211 3321//3321 3163//3163
f 3378//3378 6575//6575 3321//3321
f 3322//3322 6576//6576 3260//3260
f 3271//3271 3218//3218 3323//3323
f 3323//3323 3218//3218 3324//3324
f 3324//3324 3219//3219 3383//3383
f 3272//3272 3384//3384 3219//3219
f 3387//3387 3220//3220 3325//3325
f 3220//3220 3441//3441 3325//3325
f 4015//4015 3387//3387 3325//3325
f 3273//3273 3499//3499 3270//3270
f 3499//3499 3273//3273 3274//3274
f 3278//3278 3328//3328 3277//3277
f 3276//3276 3327//3327 3278//3278
f 3278//3278 3327//3327 3328//3328
f 3509//3509 3277//3277 3328//3328
f 3329//3329 3330//3330 3279//3279
f 3279//3279 3330//3330 3280//3280
f 3180//3180 3330//3330 3388//3388
f 3121//3121 3275//3275 3122//3122
f 3275//3275 3121//3121 3389//3389
f 3122//3122 3275//3275 3182//3182
f 3507//3507 3331//3331 3275//3275
f 3507//3507 3447//3447 3331//3331
f 3447//3447 3275//3275 3331//3331
f 3275//3275 3390//3390 3281//3281
f 3283//3283 6568//6568 3448//3448
f 3281//3281 3390//3390 6594//6594
f 3391//3391 3392//3392 3282//3282
f 3332//3332 3276//3276 3282//3282
f 3334//3334 3333//3333 3514//3514
f 3523//3523 3344//3344 3335//3335
f 3336//3336 3287//3287 3337//3337
f 3525//3525 3287//3287 3336//3336
f 3525//3525 3336//3336 3337//3337
f 3525//3525 3397//3397 3287//3287
f 3398//3398 3337//3337 3289//3289
f 3398//3398 3338//3338 6579//6579
f 3338//3338 3398//3398 3289//3289
f 3290//3290 3338//3338 3289//3289
f 6556//6556 3395//3395 3339//3339
f 3396//3396 3400//3400 3291//3291
f 3400//3400 3144//3144 3291//3291
f 3405//3405 3243//3243 3293//3293
f 3294//3294 3243//3243 3406//3406
f 3455//3455 3295//3295 3228//3228
f 3341//3341 6572//6572 3342//3342
f 3342//3342 6572//6572 3355//3355
f 3355//3355 3341//3341 3342//3342
f 3354//3354 2933//2933 3356//3356
f 3341//3341 3355//3355 3353//3353
f 3356//3356 2933//2933 3343//3343
f 3343//3343 3298//3298 3534//3534
f 3594//3594 3401//3401 3144//3144
f 3245//3245 2993//2993 3401//3401
f 3536//3536 3148//3148 3245//3245
f 3536//3536 3346//3346 3148//3148
f 3536//3536 3347//3347 3346//3346
f 3347//3347 3148//3148 3346//3346
f 3402//3402 3348//3348 3349//3349
f 3416//3416 3349//3349 3246//3246
f 3402//3402 3350//3350 3348//3348
f 3403//3403 3350//3350 3402//3402
f 3416//3416 3402//3402 3349//3349
f 3403//3403 3292//3292 3350//3350
f 3405//3405 3292//3292 3404//3404
f 3405//3405 3293//3293 3292//3292
f 6587//6587 3406//3406 3243//3243
f 3461//3461 3294//3294 3406//3406
f 3407//3407 3249//3249 3250//3250
f 3407//3407 3351//3351 3249//3249
f 3352//3352 3250//3250 3300//3300
f 3407//3407 3250//3250 3352//3352
f 3300//3300 3408//3408 3352//3352
f 3200//3200 3409//3409 3408//3408
f 3200//3200 3296//3296 3463//3463
f 3463//3463 3296//3296 3341//3341
f 3463//3463 3341//3341 3353//3353
f 3356//3356 3355//3355 3354//3354
f 3353//3353 3355//3355 3356//3356
f 3411//3411 3358//3358 3359//3359
f 3359//3359 3360//3360 3411//3411
f 3414//3414 3149//3149 3413//3413
f 3208//3208 3622//3622 3367//3367
f 3367//3367 3301//3301 3208//3208
f 3303//3303 3306//3306 3477//3477
f 3306//3306 3305//3305 3477//3477
f 6601//6601 3362//3362 3303//3303
f 3303//3303 3362//3362 3257//3257
f 3362//3362 3363//3363 3257//3257
f 3364//3364 3309//3309 3307//3307
f 3309//3309 3364//3364 3365//3365
f 3416//3416 3365//3365 3364//3364
f 3475//3475 3419//3419 3247//3247
f 3360//3360 3162//3162 3545//3545
f 3312//3312 3206//3206 3622//3622
f 3367//3367 3547//3547 3301//3301
f 6574//6574 3478//3478 3313//3313
f 3313//3313 3629//3629 3263//3263
f 6602//6602 3315//3315 3368//3368
f 3423//3423 3368//3368 3265//3265
f 3422//3422 3096//3096 3369//3369
f 3096//3096 3317//3317 3369//3369
f 3426//3426 3266//3266 3489//3489
f 3371//3371 3443//3443 3100//3100
f 3372//3372 3371//3371 3100//3100
f 3427//3427 3372//3372 3319//3319
f 3373//3373 3427//3427 3319//3319
f 3373//3373 3320//3320 3376//3376
f 3375//3375 3320//3320 3378//3378
f 3376//3376 3320//3320 3375//3375
f 3374//3374 3373//3373 3376//3376
f 3375//3375 3378//3378 3430//3430
f 3374//3374 3376//3376 3428//3428
f 3430//3430 3376//3376 3375//3375
f 3377//3377 6576//6576 3322//3322
f 3377//3377 3322//3322 3379//3379
f 3431//3431 3430//3430 3378//3378
f 3379//3379 3431//3431 3377//3377
f 3378//3378 3321//3321 3431//3431
f 3431//3431 6576//6576 3377//3377
f 3218//3218 3555//3555 3107//3107
f 3558//3558 3323//3323 3380//3380
f 3558//3558 3271//3271 3323//3323
f 3380//3380 3324//3324 3381//3381
f 3324//3324 3383//3383 3381//3381
f 3323//3323 3324//3324 3380//3380
f 3381//3381 3439//3439 3380//3380
f 6591//6591 3381//3381 3382//3382
f 3381//3381 6582//6582 3382//3382
f 6591//6591 3382//3382 6582//6582
f 6582//6582 3383//3383 3219//3219
f 3386//3386 3385//3385 6565//6565
f 6582//6582 3381//3381 3383//3383
f 3272//3272 6583//6583 3384//3384
f 3386//3386 6565//6565 3220//3220
f 6584//6584 3220//3220 3387//3387
f 3325//3325 3441//3441 4015//4015
f 6566//6566 3496//3496 3499//3499
f 3443//3443 3274//3274 3100//3100
f 6593//6593 3442//3442 6567//6567
f 3327//3327 3509//3509 3328//3328
f 3509//3509 3279//3279 3277//3277
f 3330//3330 3452//3452 3388//3388
f 3121//3121 3388//3388 3446//3446
f 3389//3389 3121//3121 3446//3446
f 3446//3446 3511//3511 3389//3389
f 6615//6615 3275//3275 3389//3389
f 6615//6615 3507//3507 3275//3275
f 3447//3447 3390//3390 3275//3275
f 3283//3283 3448//3448 3453//3453
f 3447//3447 6594//6594 3390//3390
f 3282//3282 3393//3393 3332//3332
f 3450//3450 3332//3332 3449//3449
f 3449//3449 3332//3332 6585//6585
f 3450//3450 3394//3394 3332//3332
f 3327//3327 3332//3332 3394//3394
f 3510//3510 3330//3330 3329//3329
f 3452//3452 3330//3330 6614//6614
f 3583//3583 3333//3333 3457//3457
f 3454//3454 3339//3339 3395//3395
f 3294//3294 3529//3529 3244//3244
f 3244//3244 3529//3529 3462//3462
f 3455//3455 3340//3340 6571//6571
f 3455//3455 3333//3333 3340//3340
f 3457//3457 3333//3333 3456//3456
f 3519//3519 3343//3343 3520//3520
f 3520//3520 3343//3343 3534//3534
f 3521//3521 3285//3285 3344//3344
f 3523//3523 3397//3397 3525//3525
f 3667//3667 3345//3345 3399//3399
f 3399//3399 3357//3357 3667//3667
f 6580//6580 3667//3667 3396//3396
f 3400//3400 3594//3594 3144//3144
f 3403//3403 3460//3460 3404//3404
f 3527//3527 3406//3406 6587//6587
f 3527//3527 3461//3461 3406//3406
f 3529//3529 3294//3294 3461//3461
f 3617//3617 3351//3351 3407//3407
f 3407//3407 3352//3352 3408//3408
f 3464//3464 3408//3408 3409//3409
f 3464//3464 3409//3409 3463//3463
f 3464//3464 3530//3530 3408//3408
f 3200//3200 3463//3463 3409//3409
f 3353//3353 3356//3356 3463//3463
f 3463//3463 3356//3356 3532//3532
f 3410//3410 3358//3358 3411//3411
f 3358//3358 3410//3410 3357//3357
f 3360//3360 3545//3545 3411//3411
f 3465//3465 3412//3412 3347//3347
f 3466//3466 3149//3149 3412//3412
f 3414//3414 3413//3413 3467//3467
f 6581//6581 3415//3415 3305//3305
f 3415//3415 3548//3548 3305//3305
f 3305//3305 3548//3548 3477//3477
f 3363//3363 3362//3362 6628//6628
f 6601//6601 6628//6628 3362//3362
f 3363//3363 3468//3468 3307//3307
f 3468//3468 3469//3469 3307//3307
f 3364//3364 3307//3307 3470//3470
f 3470//3470 3307//3307 6599//6599
f 3416//3416 3364//3364 3471//3471
f 3470//3470 3471//3471 3364//3364
f 3482//3482 3481//3481 3311//3311
f 3366//3366 6605//6605 3311//3311
f 6563//6563 3483//3483 3366//3366
f 3417//3417 6563//6563 3418//3418
f 3417//3417 3472//3472 6563//6563
f 3483//3483 6563//6563 3472//3472
f 3418//3418 3541//3541 3417//3417
f 3247//3247 3420//3420 3475//3475
f 3421//3421 3545//3545 3096//3096
f 3421//3421 3096//3096 3422//3422
f 3622//3622 3251//3251 3312//3312
f 3622//3622 3547//3547 3367//3367
f 6581//6581 3476//3476 3415//3415
f 3476//3476 6628//6628 3415//3415
f 3549//3549 3363//3363 6628//6628
f 3479//3479 6602//6602 3368//3368
f 3629//3629 3434//3434 3263//3263
f 3479//3479 3368//3368 3423//3423
f 3423//3423 3265//3265 3480//3480
f 3480//3480 3265//3265 3424//3424
f 3483//3483 6605//6605 3366//3366
f 3369//3369 3317//3317 3426//3426
f 3425//3425 3426//3426 3489//3489
f 3485//3485 3369//3369 3426//3426
f 3426//3426 3425//3425 3485//3485
f 3425//3425 3489//3489 3795//3795
f 3425//3425 3795//3795 3485//3485
f 3445//3445 3371//3371 3372//3372
f 3498//3498 3445//3445 3372//3372
f 3445//3445 3498//3498 3497//3497
f 3373//3373 3429//3429 3427//3427
f 3427//3427 3498//3498 3372//3372
f 3702//3702 3429//3429 3486//3486
f 3486//3486 6590//6590 3376//3376
f 3373//3373 3374//3374 3429//3429
f 3429//3429 3374//3374 3428//3428
f 3486//3486 3376//3376 3430//3430
f 3428//3428 3486//3486 3429//3429
f 3379//3379 3322//3322 3432//3432
f 3432//3432 3431//3431 3379//3379
f 3487//3487 3488//3488 3433//3433
f 3322//3322 3433//3433 3432//3432
f 3488//3488 3432//3432 3433//3433
f 3264//3264 3263//3263 3434//3434
f 3433//3433 3322//3322 3435//3435
f 3435//3435 3322//3322 3434//3434
f 3322//3322 3264//3264 3434//3434
f 3433//3433 3435//3435 3704//3704
f 3704//3704 3435//3435 3434//3434
f 3370//3370 3437//3437 3436//3436
f 3437//3437 3370//3370 3269//3269
f 3555//3555 3269//3269 3318//3318
f 3438//3438 3380//3380 3439//3439
f 3494//3494 3505//3505 3438//3438
f 3386//3386 3440//3440 3385//3385
f 3440//3440 3384//3384 6583//6583
f 3439//3439 3384//3384 3440//3440
f 3506//3506 3440//3440 3386//3386
f 3438//3438 3439//3439 3492//3492
f 3439//3439 3440//3440 3492//3492
f 3440//3440 3506//3506 3493//3493
f 6613//6613 6584//6584 3387//3387
f 3499//3499 3441//3441 3270//3270
f 6592//6592 3497//3497 3496//3496
f 3496//3496 6566//6566 6592//6592
f 3371//3371 3444//3444 3443//3443
f 3444//3444 6592//6592 3443//3443
f 3445//3445 6592//6592 3444//3444
f 3445//3445 3444//3444 3371//3371
f 3497//3497 6592//6592 3445//3445
f 3504//3504 3558//3558 3380//3380
f 3438//3438 3504//3504 3380//3380
f 3508//3508 3447//3447 3507//3507
f 3392//3392 3393//3393 3282//3282
f 3515//3515 3450//3450 3449//3449
f 3515//3515 3449//3449 6585//6585
f 3579//3579 6578//6578 3394//3394
f 3451//3451 6578//6578 3579//3579
f 6595//6595 3509//3509 3327//3327
f 3509//3509 3565//3565 3279//3279
f 3452//3452 6614//6614 6637//6637
f 6637//6637 3446//3446 3452//3452
f 3446//3446 3388//3388 3452//3452
f 3279//3279 3510//3510 3329//3329
f 3279//3279 3565//3565 3510//3510
f 3512//3512 3511//3511 3446//3446
f 3514//3514 3333//3333 3583//3583
f 3282//3282 3514//3514 3391//3391
f 6596//6596 3398//3398 6579//6579
f 3453//3453 3581//3581 3283//3283
f 3517//3517 3395//3395 3283//3283
f 3596//3596 3455//3455 3462//3462
f 3456//3456 3583//3583 3457//3457
f 3533//3533 3343//3343 3519//3519
f 3458//3458 3603//3603 3298//3298
f 3298//3298 3603//3603 3534//3534
f 3522//3522 3521//3521 3344//3344
f 3524//3524 3344//3344 3523//3523
f 3524//3524 3522//3522 3344//3344
f 3660//3660 3523//3523 3525//3525
f 3525//3525 3337//3337 3586//3586
f 3586//3586 3337//3337 3398//3398
f 6596//6596 3526//3526 3398//3398
f 3245//3245 3401//3401 3594//3594
f 3245//3245 3594//3594 3536//3536
f 3460//3460 3539//3539 3404//3404
f 3539//3539 3459//3459 3404//3404
f 3459//3459 3405//3405 3404//3404
f 6622//6622 6588//6588 3540//3540
f 6588//6588 6597//6597 3540//3540
f 3540//3540 6597//6597 6624//6624
f 3528//3528 3461//3461 3527//3527
f 3529//3529 3461//3461 3595//3595
f 3531//3531 3530//3530 3464//3464
f 3531//3531 3464//3464 3597//3597
f 3597//3597 3464//3464 3463//3463
f 3597//3597 3463//3463 3532//3532
f 3356//3356 3343//3343 3532//3532
f 3410//3410 3535//3535 3357//3357
f 3410//3410 3411//3411 3604//3604
f 3411//3411 3545//3545 3621//3621
f 3536//3536 3465//3465 3347//3347
f 3537//3537 3149//3149 3466//3466
f 3412//3412 6598//6598 3466//3466
f 3537//3537 3413//3413 3149//3149
f 3468//3468 3623//3623 3469//3469
f 6629//6629 3623//3623 3468//3468
f 6599//6599 3550//3550 3470//3470
f 3550//3550 3471//3471 3470//3470
f 3472//3472 3474//3474 3483//3483
f 3418//3418 3542//3542 3541//3541
f 3472//3472 3417//3417 3473//3473
f 3473//3473 6600//6600 3472//3472
f 3542//3542 3418//3418 3419//3419
f 3419//3419 3475//3475 3544//3544
f 3542//3542 3419//3419 3544//3544
f 3543//3543 3544//3544 3475//3475
f 3247//3247 3617//3617 3420//3420
f 3543//3543 3475//3475 3420//3420
f 6627//6627 3420//3420 3617//3617
f 3553//3553 3421//3421 3422//3422
f 3546//3546 3622//3622 3206//3206
f 3694//3694 3361//3361 3302//3302
f 3302//3302 3547//3547 3694//3694
f 3361//3361 3694//3694 3476//3476
f 3468//3468 3363//3363 6629//6629
f 6654//6654 3550//3550 6599//6599
f 3478//3478 3629//3629 3313//3313
f 6603//6603 3423//3423 3480//3480
f 3480//3480 3424//3424 3481//3481
f 6604//6604 3551//3551 3552//3552
f 3481//3481 3482//3482 6630//6630
f 3369//3369 3484//3484 3422//3422
f 3485//3485 3705//3705 3369//3369
f 3498//3498 3427//3427 3429//3429
f 3432//3432 3488//3488 3431//3431
f 3430//3430 3431//3431 3628//3628
f 3433//3433 3704//3704 3487//3487
f 3704//3704 3703//3703 3487//3487
f 6675//6675 3488//3488 3487//3487
f 3629//3629 3704//3704 3434//3434
f 6606//6606 3267//3267 3796//3796
f 3269//3269 3555//3555 3490//3490
f 3491//3491 3437//3437 6564//6564
f 6607//6607 3269//3269 3490//3490
f 3437//3437 3491//3491 3630//3630
f 3554//3554 3630//3630 6607//6607
f 3490//3490 3554//3554 6607//6607
f 3490//3490 3555//3555 3554//3554
f 3555//3555 3218//3218 3503//3503
f 3492//3492 3494//3494 3438//3438
f 3492//3492 3440//3440 3493//3493
f 3492//3492 3493//3493 6608//6608
f 3495//3495 6608//6608 3493//3493
f 3387//3387 4015//4015 6613//6613
f 3557//3557 3499//3499 3556//3556
f 3441//3441 3499//3499 3708//3708
f 3708//3708 3499//3499 3557//3557
f 3499//3499 3496//3496 3556//3556
f 3501//3501 3497//3497 3498//3498
f 3496//3496 3497//3497 3501//3501
f 3501//3501 3498//3498 3502//3502
f 3502//3502 3498//3498 3500//3500
f 3503//3503 3218//3218 3271//3271
f 3560//3560 3558//3558 3504//3504
f 3505//3505 3494//3494 6631//6631
f 6632//6632 3504//3504 3505//3505
f 3438//3438 3505//3505 3504//3504
f 3506//3506 3495//3495 3493//3493
f 3638//3638 3570//3570 3447//3447
f 3579//3579 3394//3394 3450//3450
f 3509//3509 6595//6595 6641//6641
f 6637//6637 3714//3714 3446//3446
f 3569//3569 3507//3507 6615//6615
f 6615//6615 6616//6616 3568//3568
f 6615//6615 3568//3568 3569//3569
f 3447//3447 3508//3508 3638//3638
f 3570//3570 3572//3572 3447//3447
f 3572//3572 6594//6594 3447//3447
f 3571//3571 3453//3453 3448//3448
f 3571//3571 3580//3580 3453//3453
f 6617//6617 3513//3513 3391//3391
f 6617//6617 3576//3576 3513//3513
f 3513//3513 3576//3576 3391//3391
f 3576//3576 3392//3392 3391//3391
f 6617//6617 3575//3575 3576//3576
f 3574//3574 3392//3392 6640//6640
f 3574//3574 3577//3577 3392//3392
f 3392//3392 3577//3577 3393//3393
f 3579//3579 3450//3450 6618//6618
f 6618//6618 3393//3393 3577//3577
f 6618//6618 3577//3577 3579//3579
f 3581//3581 3453//3453 3580//3580
f 3517//3517 3662//3662 3661//3661
f 3517//3517 3283//3283 3581//3581
f 3517//3517 3516//3516 3395//3395
f 3516//3516 3454//3454 3395//3395
f 3591//3591 3516//3516 3517//3517
f 3661//3661 3591//3591 3517//3517
f 3456//3456 3333//3333 3455//3455
f 3583//3583 3456//3456 3518//3518
f 3284//3284 3603//3603 3458//3458
f 3521//3521 3584//3584 3603//3603
f 3521//3521 3603//3603 3284//3284
f 3521//3521 3522//3522 3677//3677
f 3659//3659 3522//3522 3524//3524
f 3524//3524 3523//3523 3678//3678
f 6621//6621 3454//3454 3516//3516
f 3398//3398 3526//3526 3587//3587
f 3586//3586 3398//3398 3587//3587
f 6644//6644 6621//6621 3516//3516
f 6645//6645 3587//3587 3526//3526
f 3357//3357 3535//3535 3592//3592
f 3592//3592 3667//3667 3357//3357
f 3667//3667 3593//3593 3396//3396
f 3928//3928 3594//3594 3400//3400
f 3527//3527 3613//3613 3528//3528
f 6622//6622 3540//3540 6653//6653
f 3613//3613 3615//3615 3528//3528
f 3528//3528 3615//3615 3461//3461
f 3615//3615 3595//3595 3461//3461
f 3529//3529 3596//3596 3462//3462
f 3620//3620 3530//3530 3531//3531
f 3343//3343 3533//3533 3532//3532
f 3533//3533 3671//3671 3532//3532
f 3600//3600 3672//3672 3533//3533
f 3519//3519 3600//3600 3533//3533
f 3603//3603 3520//3520 3534//3534
f 3536//3536 3605//3605 3465//3465
f 6649//6649 3466//3466 6598//6598
f 3929//3929 3466//3466 6649//6649
f 3759//3759 3537//3537 3466//3466
f 3607//3607 3467//3467 3606//3606
f 3606//3606 3413//3413 3537//3537
f 3467//3467 3413//3413 3606//3606
f 6650//6650 3538//3538 3467//3467
f 3414//3414 3467//3467 3538//3538
f 6650//6650 3414//3414 3538//3538
f 3696//3696 3416//3416 3471//3471
f 3471//3471 3695//3695 3696//3696
f 3416//3416 3608//3608 3402//3402
f 3608//3608 3682//3682 3612//3612
f 3608//3608 3403//3403 3402//3402
f 3608//3608 3612//3612 3460//3460
f 3460//3460 3612//3612 3539//3539
f 3612//3612 3682//3682 3539//3539
f 6624//6624 3682//3682 3610//3610
f 3608//3608 3460//3460 3403//3403
f 3610//3610 3540//3540 6624//6624
f 6653//6653 3540//3540 3610//3610
f 6625//6625 6600//6600 3473//3473
f 6625//6625 3473//3473 3417//3417
f 3686//3686 3542//3542 3616//3616
f 3542//3542 3544//3544 3616//3616
f 3544//3544 3543//3543 3688//3688
f 3688//3688 3687//3687 3544//3544
f 6627//6627 3617//3617 3688//3688
f 3407//3407 3619//3619 3617//3617
f 3407//3407 3408//3408 3530//3530
f 3545//3545 3421//3421 3553//3553
f 3546//3546 3414//3414 3776//3776
f 3414//3414 3546//3546 3206//3206
f 3695//3695 3471//3471 3550//3550
f 6654//6654 3695//3695 3550//3550
f 3480//3480 3481//3481 3624//3624
f 3480//3480 6655//6655 6603//6603
f 3698//3698 3552//3552 3551//3551
f 3422//3422 3484//3484 3553//3553
f 3369//3369 3705//3705 3625//3625
f 3705//3705 3485//3485 3794//3794
f 3430//3430 3627//3627 3626//3626
f 6656//6656 3430//3430 3628//3628
f 3626//3626 3486//3486 3430//3430
f 3485//3485 3795//3795 3998//3998
f 3630//3630 3554//3554 3555//3555
f 3631//3631 3496//3496 3501//3501
f 3632//3632 3496//3496 3631//3631
f 3632//3632 3556//3556 3496//3496
f 3635//3635 3502//3502 3500//3500
f 3558//3558 3503//3503 3271//3271
f 6609//6609 3559//3559 3560//3560
f 3559//3559 3561//3561 3709//3709
f 3709//3709 6633//6633 3710//3710
f 6610//6610 3561//3561 3559//3559
f 3562//3562 6634//6634 6611//6611
f 3562//3562 6611//6611 3563//3563
f 6608//6608 3495//3495 6635//6635
f 3495//3495 3506//3506 6635//6635
f 3710//3710 6633//6633 3564//3564
f 6636//6636 6634//6634 3562//3562
f 3563//3563 6636//6636 3562//3562
f 3566//3566 3512//3512 3446//3446
f 3566//3566 3446//3446 3714//3714
f 3568//3568 6616//6616 3636//3636
f 3569//3569 3568//3568 3567//3567
f 3568//3568 3636//3636 3567//3567
f 3566//3566 3636//3636 3512//3512
f 3569//3569 3637//3637 3507//3507
f 3638//3638 3508//3508 3507//3507
f 3571//3571 3573//3573 3580//3580
f 3448//3448 6639//6639 3571//3571
f 3570//3570 3640//3640 3572//3572
f 3575//3575 6617//6617 3652//3652
f 3733//3733 6664//6664 3514//3514
f 3653//3653 3576//3576 3575//3575
f 3653//3653 3575//3575 3652//3652
f 3577//3577 3574//3574 6640//6640
f 6640//6640 3578//3578 3577//3577
f 3578//3578 3654//3654 3577//3577
f 3654//3654 3578//3578 6640//6640
f 3817//3817 3579//3579 3577//3577
f 3662//3662 3517//3517 3581//3581
f 3581//3581 3655//3655 3662//3662
f 3456//3456 3455//3455 3596//3596
f 3518//3518 3582//3582 3656//3656
f 3456//3456 3582//3582 3518//3518
f 3583//3583 4047//4047 3514//3514
f 3519//3519 3657//3657 3602//3602
f 3519//3519 3674//3674 3601//3601
f 3520//3520 3657//3657 3519//3519
f 3520//3520 3603//3603 3657//3657
f 3658//3658 3584//3584 3521//3521
f 3658//3658 3521//3521 3585//3585
f 3677//3677 3585//3585 3521//3521
f 3603//3603 3584//3584 3658//3658
f 3676//3676 3585//3585 3677//3677
f 6620//6620 3678//3678 3659//3659
f 3663//3663 3525//3525 3586//3586
f 6645//6645 3588//3588 3587//3587
f 3587//3587 3589//3589 3586//3586
f 3587//3587 3588//3588 3589//3589
f 3590//3590 3591//3591 3661//3661
f 3591//3591 3590//3590 6642//6642
f 6643//6643 3589//3589 3588//3588
f 3664//3664 3586//3586 3589//3589
f 3665//3665 3589//3589 6643//6643
f 3665//3665 6666//6666 3589//3589
f 3593//3593 3400//3400 3396//3396
f 3593//3593 3928//3928 3400//3400
f 6801//6801 3605//3605 3536//3536
f 6801//6801 3536//3536 3594//3594
f 3595//3595 3738//3738 3668//3668
f 3668//3668 3529//3529 3595//3595
f 3596//3596 3529//3529 3668//3668
f 3739//3739 3620//3620 3598//3598
f 3620//3620 3531//3531 3598//3598
f 3531//3531 3597//3597 3598//3598
f 3597//3597 3532//3532 3599//3599
f 3739//3739 3598//3598 3597//3597
f 3739//3739 3597//3597 3599//3599
f 3669//3669 3599//3599 3532//3532
f 3671//3671 3533//3533 3672//3672
f 6619//6619 6647//6647 3673//3673
f 3673//3673 6646//6646 6619//6619
f 3600//3600 6668//6668 3672//3672
f 3674//3674 3519//3519 3602//3602
f 3674//3674 3602//3602 3675//3675
f 6669//6669 3602//3602 3657//3657
f 3680//3680 3604//3604 3411//3411
f 3606//3606 3775//3775 3607//3607
f 3774//3774 6651//6651 3775//3775
f 3608//3608 3416//3416 3696//3696
f 3608//3608 3696//3696 3760//3760
f 3611//3611 3614//3614 3609//3609
f 3610//3610 3611//3611 6652//6652
f 3682//3682 3681//3681 3610//3610
f 3611//3611 3685//3685 3614//3614
f 3610//3610 3681//3681 3611//3611
f 3613//3613 3609//3609 3615//3615
f 6653//6653 3610//3610 6652//6652
f 3609//3609 3614//3614 3615//3615
f 3595//3595 3615//3615 3970//3970
f 6625//6625 3763//3763 6600//6600
f 3544//3544 3687//3687 3616//3616
f 3688//3688 3770//3770 3687//3687
f 3688//3688 3617//3617 3689//3689
f 3619//3619 3618//3618 3617//3617
f 3618//3618 3689//3689 3617//3617
f 3690//3690 3618//3618 3619//3619
f 3618//3618 3690//3690 3689//3689
f 3690//3690 3619//3619 3620//3620
f 3690//3690 3691//3691 3689//3689
f 3620//3620 3619//3619 3407//3407
f 3620//3620 3407//3407 3530//3530
f 3984//3984 3414//3414 6650//6650
f 3414//3414 3984//3984 3776//3776
f 3776//3776 3777//3777 3546//3546
f 3701//3701 3546//3546 3777//3777
f 3622//3622 3546//3546 3701//3701
f 3786//3786 3547//3547 3622//3622
f 6628//6628 3476//3476 3694//3694
f 3694//3694 3789//3789 6628//6628
f 3788//3788 3549//3549 6628//6628
f 6654//6654 3780//3780 3695//3695
f 3478//3478 4196//4196 3629//3629
f 4107//4107 6603//6603 6655//6655
f 3479//3479 7023//7023 6602//6602
f 6924//6924 7023//7023 3479//3479
f 3552//3552 3624//3624 3481//3481
f 3697//3697 3552//3552 3698//3698
f 3483//3483 3971//3971 3784//3784
f 3553//3553 3484//3484 3700//3700
f 3700//3700 3484//3484 3369//3369
f 3486//3486 3626//3626 3702//3702
f 6656//6656 3628//3628 3790//3790
f 3702//3702 3626//3626 3790//3790
f 3790//3790 3626//3626 3627//3627
f 3790//3790 3628//3628 3431//3431
f 3793//3793 3704//3704 3629//3629
f 3794//3794 3485//3485 4224//4224
f 3795//3795 6606//6606 3796//3796
f 3796//3796 3436//3436 3706//3706
f 3706//3706 3436//3436 3437//3437
f 3441//3441 3707//3707 4015//4015
f 3708//3708 3557//3557 3556//3556
f 3632//3632 3634//3634 3708//3708
f 3632//3632 3708//3708 3556//3556
f 3802//3802 3708//3708 3634//3634
f 3633//3633 3631//3631 3501//3501
f 3633//3633 3501//3501 3502//3502
f 3631//3631 3634//3634 3632//3632
f 6657//6657 3631//3631 3633//3633
f 3635//3635 3633//3633 3502//3502
f 4130//4130 6658//6658 6612//6612
f 3429//3429 4130//4130 6612//6612
f 3633//3633 3635//3635 6657//6657
f 3802//3802 6657//6657 3635//3635
f 3498//3498 3429//3429 3500//3500
f 3804//3804 3555//3555 3503//3503
f 3805//3805 3503//3503 3806//3806
f 3503//3503 3558//3558 4010//4010
f 4013//4013 3560//3560 3559//3559
f 4013//4013 3558//3558 3560//3560
f 4013//4013 3559//3559 3807//3807
f 3559//3559 3709//3709 3807//3807
f 3711//3711 6636//6636 3563//3563
f 3712//3712 3710//3710 3564//3564
f 3715//3715 3566//3566 3714//3714
f 3636//3636 3715//3715 3716//3716
f 3715//3715 3636//3636 3566//3566
f 3567//3567 3637//3637 3569//3569
f 3567//3567 3716//3716 3637//3637
f 3567//3567 3636//3636 3716//3716
f 3717//3717 3507//3507 3637//3637
f 3718//3718 3639//3639 3638//3638
f 3570//3570 3638//3638 3639//3639
f 3640//3640 3570//3570 3639//3639
f 3719//3719 3640//3640 3639//3639
f 3720//3720 3650//3650 3640//3640
f 3719//3719 3720//3720 3640//3640
f 3640//3640 3641//3641 3572//3572
f 3571//3571 6639//6639 6659//6659
f 3643//3643 3573//3573 3571//3571
f 3643//3643 3642//3642 3573//3573
f 6660//6660 3646//3646 3643//3643
f 6660//6660 3643//3643 3571//3571
f 3646//3646 3642//3642 3643//3643
f 3573//3573 3642//3642 3644//3644
f 3642//3642 3645//3645 3644//3644
f 3646//3646 3645//3645 3642//3642
f 3644//3644 3580//3580 3573//3573
f 3650//3650 3641//3641 3640//3640
f 6660//6660 3649//3649 3646//3646
f 3644//3644 3648//3648 3647//3647
f 3648//3648 3644//3644 3649//3649
f 3644//3644 3645//3645 3649//3649
f 3649//3649 3645//3645 3646//3646
f 3647//3647 3580//3580 3644//3644
f 3648//3648 3651//3651 3647//3647
f 3649//3649 3651//3651 3648//3648
f 6662//6662 6661//6661 3650//3650
f 6662//6662 3650//3650 3722//3722
f 6679//6679 3651//3651 6663//6663
f 3577//3577 3654//3654 3817//3817
f 3653//3653 3654//3654 6640//6640
f 3724//3724 6641//6641 3820//3820
f 3724//3724 3509//3509 6641//6641
f 3830//3830 3565//3565 3727//3727
f 3580//3580 3732//3732 3581//3581
f 3921//3921 3655//3655 3581//3581
f 3732//3732 3580//3580 3647//3647
f 3921//3921 3662//3662 3655//3655
f 3656//3656 3583//3583 3518//3518
f 4046//4046 3582//3582 3456//3456
f 3582//3582 4046//4046 3656//3656
f 3656//3656 4047//4047 3583//3583
f 3656//3656 4046//4046 4047//4047
f 3657//3657 3603//3603 3917//3917
f 3917//3917 3603//3603 3658//3658
f 3658//3658 3585//3585 3676//3676
f 3522//3522 3756//3756 3677//3677
f 3756//3756 3522//3522 3659//3659
f 3523//3523 3660//3660 3679//3679
f 3660//3660 3525//3525 3663//3663
f 6667//6667 3590//3590 3661//3661
f 3967//3967 3660//3660 3663//3663
f 3586//3586 3664//3664 6665//6665
f 3664//3664 6814//6814 6665//6665
f 3926//3926 6814//6814 3664//3664
f 3665//3665 3923//3923 6666//6666
f 3667//3667 3666//3666 3927//3927
f 3666//3666 3592//3592 4043//4043
f 3666//3666 3667//3667 3592//3592
f 3928//3928 6801//6801 3594//3594
f 3668//3668 3738//3738 3596//3596
f 3595//3595 3970//3970 3738//3738
f 3456//3456 3596//3596 4046//4046
f 3944//3944 3620//3620 3739//3739
f 3669//3669 3739//3739 3599//3599
f 3739//3739 3669//3669 3670//3670
f 3670//3670 3669//3669 3532//3532
f 3740//3740 3739//3739 3670//3670
f 3740//3740 3670//3670 3671//3671
f 3670//3670 3532//3532 3671//3671
f 3743//3743 3741//3741 3671//3671
f 6647//6647 3745//3745 3673//3673
f 3657//3657 3749//3749 6669//6669
f 3678//3678 3523//3523 3679//3679
f 3679//3679 3967//3967 3678//3678
f 3660//3660 3967//3967 3679//3679
f 3604//3604 3535//3535 3410//3410
f 4098//4098 3680//3680 3411//3411
f 3758//3758 6648//6648 6670//6670
f 3759//3759 3606//3606 3537//3537
f 3760//3760 3968//3968 3682//3682
f 3761//3761 3682//3682 3968//3968
f 3608//3608 3760//3760 3682//3682
f 3683//3683 3681//3681 3682//3682
f 3761//3761 3683//3683 3682//3682
f 3684//3684 3681//3681 3683//3683
f 3684//3684 3762//3762 3681//3681
f 3683//3683 3761//3761 3684//3684
f 3684//3684 3761//3761 3762//3762
f 3611//3611 3762//3762 3685//3685
f 3762//3762 3611//3611 3681//3681
f 3685//3685 3970//3970 3614//3614
f 3685//3685 3762//3762 3970//3970
f 3614//3614 3970//3970 3615//3615
f 3541//3541 3542//3542 3973//3973
f 3973//3973 3763//3763 6625//6625
f 3483//3483 3474//3474 3763//3763
f 3975//3975 3616//3616 3766//3766
f 3766//3766 3616//3616 3687//3687
f 3688//3688 3689//3689 3769//3769
f 3938//3938 3689//3689 3691//3691
f 3691//3691 3692//3692 3938//3938
f 3692//3692 3691//3691 3690//3690
f 3690//3690 3620//3620 3692//3692
f 3940//3940 3692//3692 3620//3620
f 3772//3772 3621//3621 3545//3545
f 3772//3772 3545//3545 3693//3693
f 3787//3787 3547//3547 3786//3786
f 3694//3694 3787//3787 3993//3993
f 3993//3993 3789//3789 3694//3694
f 3788//3788 6628//6628 3789//3789
f 3549//3549 3788//3788 4120//4120
f 3780//3780 3696//3696 3695//3695
f 3779//3779 3623//3623 6629//6629
f 3793//3793 3629//3629 4196//4196
f 3781//3781 3552//3552 3783//3783
f 6630//6630 3699//3699 6672//6672
f 3699//3699 6630//6630 3482//3482
f 3697//3697 3783//3783 3552//3552
f 3698//3698 3783//3783 3697//3697
f 6673//6673 3782//3782 3783//3783
f 3782//3782 6672//6672 3699//3699
f 3784//3784 6674//6674 6605//6605
f 6605//6605 3483//3483 3784//3784
f 3988//3988 3971//3971 3483//3483
f 3763//3763 3988//3988 3483//3483
f 3700//3700 3545//3545 3553//3553
f 3700//3700 3369//3369 3625//3625
f 3694//3694 3547//3547 3787//3787
f 3995//3995 3431//3431 3488//3488
f 3994//3994 3488//3488 6675//6675
f 3703//3703 3704//3704 3793//3793
f 3700//3700 3625//3625 4123//4123
f 3625//3625 3705//3705 4123//4123
f 3705//3705 3794//3794 4123//4123
f 4224//4224 3485//3485 3998//3998
f 3706//3706 3437//3437 4005//4005
f 4005//4005 3437//3437 3630//3630
f 3441//3441 3798//3798 3707//3707
f 3799//3799 3798//3798 3441//3441
f 3441//3441 4002//4002 3800//3800
f 4002//4002 3441//3441 3708//3708
f 4130//4130 3802//3802 3635//3635
f 3805//3805 3804//3804 3503//3503
f 3807//3807 3709//3709 3809//3809
f 4014//4014 3709//3709 3710//3710
f 3809//3809 3709//3709 4014//4014
f 4143//4143 4014//4014 3710//3710
f 4143//4143 3710//3710 3712//3712
f 3563//3563 3713//3713 3711//3711
f 3712//3712 6636//6636 3711//3711
f 3711//3711 3713//3713 4015//4015
f 4015//4015 3713//3713 6613//6613
f 6676//6676 6635//6635 3506//3506
f 3833//3833 3715//3715 3714//3714
f 3731//3731 3716//3716 3715//3715
f 3637//3637 3852//3852 3717//3717
f 3716//3716 3852//3852 3637//3637
f 3717//3717 3638//3638 3507//3507
f 3717//3717 3718//3718 3638//3638
f 3852//3852 3718//3718 3717//3717
f 3639//3639 3810//3810 3719//3719
f 3639//3639 3718//3718 3810//3810
f 3720//3720 3719//3719 3810//3810
f 6679//6679 3721//3721 3651//3651
f 3721//3721 3811//3811 3651//3651
f 3651//3651 3811//3811 3647//3647
f 3720//3720 3810//3810 3812//3812
f 3812//3812 3722//3722 3720//3720
f 6680//6680 6695//6695 6678//6678
f 3650//3650 3720//3720 3722//3722
f 6664//6664 3733//3733 3870//3870
f 3723//3723 3654//3654 3734//3734
f 3734//3734 3654//3654 3653//3653
f 3654//3654 3723//3723 3817//3817
f 3820//3820 6641//6641 3821//3821
f 3724//3724 3725//3725 3509//3509
f 3826//3826 3724//3724 3820//3820
f 3825//3825 3728//3728 3725//3725
f 3825//3825 3725//3725 3724//3724
f 3827//3827 3728//3728 3825//3825
f 3509//3509 3726//3726 3565//3565
f 3726//3726 3727//3727 3565//3565
f 3725//3725 3726//3726 3509//3509
f 3728//3728 3726//3726 3725//3725
f 3728//3728 3727//3727 3726//3726
f 6682//6682 3830//3830 3727//3727
f 3836//3836 3729//3729 3831//3831
f 3830//3830 6682//6682 6709//6709
f 6712//6712 3831//3831 3729//3729
f 3830//3830 6683//6683 3565//3565
f 3836//3836 3730//3730 3729//3729
f 3730//3730 6638//6638 3729//3729
f 3836//3836 3834//3834 3730//3730
f 6637//6637 3730//3730 3714//3714
f 3843//3843 3731//3731 3715//3715
f 3921//3921 3581//3581 3854//3854
f 3662//3662 3921//3921 3736//3736
f 3924//3924 3736//3736 3921//3921
f 4032//4032 4037//4037 4047//4047
f 4047//4047 3733//3733 3514//3514
f 3861//3861 3870//3870 3733//3733
f 3871//3871 6664//6664 3870//3870
f 3652//3652 6744//6744 3653//3653
f 3873//3873 3734//3734 3653//3653
f 3747//3747 3962//3962 6685//6685
f 3963//3963 3750//3750 3908//3908
f 3965//3965 3657//3657 3735//3735
f 3735//3735 3657//3657 3917//3917
f 3965//3965 3735//3735 3917//3917
f 3916//3916 3658//3658 3676//3676
f 3916//3916 3676//3676 3966//3966
f 3676//3676 3677//3677 3966//3966
f 3756//3756 3918//3918 3677//3677
f 3918//3918 3756//3756 3659//3659
f 3924//3924 3920//3920 3736//3736
f 3920//3920 3662//3662 3736//3736
f 6796//6796 3926//3926 3664//3664
f 6792//6792 3737//3737 3662//3662
f 6667//6667 3737//3737 3922//3922
f 6795//6795 3923//3923 3665//3665
f 3737//3737 6667//6667 3662//3662
f 6667//6667 3661//3661 3662//3662
f 3592//3592 3535//3535 4042//4042
f 3927//3927 3666//3666 4043//4043
f 4042//4042 4043//4043 3592//3592
f 3928//3928 3593//3593 4031//4031
f 4151//4151 3759//3759 6801//6801
f 3938//3938 3982//3982 3689//3689
f 3939//3939 3938//3938 3692//3692
f 3940//3940 6808//6808 3692//3692
f 3944//3944 3940//3940 3620//3620
f 3739//3739 3740//3740 3944//3944
f 3944//3944 3740//3740 3946//3946
f 3740//3740 3671//3671 3951//3951
f 3951//3951 3671//3671 3952//3952
f 3952//3952 3671//3671 3741//3741
f 3741//3741 3743//3743 3953//3953
f 3672//3672 3743//3743 3671//3671
f 6668//6668 3742//3742 3672//3672
f 3742//3742 3743//3743 3672//3672
f 3743//3743 3742//3742 3744//3744
f 3743//3743 3744//3744 3954//3954
f 3744//3744 3742//3742 6668//6668
f 6685//6685 3601//3601 3746//3746
f 3601//3601 3674//3674 3746//3746
f 6685//6685 3746//3746 3747//3747
f 3673//3673 3745//3745 3744//3744
f 6686//6686 3675//3675 3752//3752
f 3745//3745 3748//3748 3744//3744
f 6687//6687 6686//6686 3752//3752
f 6685//6685 3962//3962 3909//3909
f 3954//3954 3744//3744 3748//3748
f 3909//3909 3748//3748 3745//3745
f 3750//3750 3749//3749 3657//3657
f 3750//3750 3753//3753 3749//3749
f 3749//3749 3753//3753 6669//6669
f 3674//3674 3675//3675 6686//6686
f 3754//3754 3750//3750 3751//3751
f 6688//6688 6669//6669 3753//3753
f 3750//3750 3755//3755 3753//3753
f 6688//6688 3753//3753 3755//3755
f 3755//3755 3750//3750 3963//3963
f 3964//3964 3754//3754 3751//3751
f 3965//3965 3751//3751 3657//3657
f 3964//3964 3751//3751 3965//3965
f 3751//3751 3750//3750 3657//3657
f 3758//3758 6670//6670 4163//4163
f 3757//3757 3535//3535 3604//3604
f 6689//6689 3757//3757 3604//3604
f 3759//3759 3466//3466 6801//6801
f 3606//3606 3759//3759 3775//3775
f 3761//3761 4260//4260 3762//3762
f 3765//3765 6626//6626 3764//3764
f 6690//6690 3973//3973 3542//3542
f 3764//3764 6626//6626 3686//3686
f 3972//3972 3765//3765 3764//3764
f 3972//3972 3764//3764 3686//3686
f 3972//3972 3973//3973 6690//6690
f 6692//6692 6691//6691 6671//6671
f 3767//3767 6691//6691 6692//6692
f 6816//6816 6691//6691 3767//3767
f 6816//6816 3767//3767 3976//3976
f 3767//3767 6692//6692 3976//3976
f 3770//3770 3977//3977 6817//6817
f 3768//3768 3616//3616 6816//6816
f 3979//3979 3768//3768 6816//6816
f 3982//3982 3688//3688 3769//3769
f 3982//3982 3769//3769 3689//3689
f 3977//3977 3770//3770 3688//3688
f 3771//3771 3688//3688 3982//3982
f 3977//3977 3688//3688 3771//3771
f 3982//3982 3977//3977 3771//3771
f 4098//4098 6589//6589 3983//3983
f 3621//3621 3772//3772 4100//4100
f 4099//4099 3621//3621 4100//4100
f 3411//3411 3621//3621 6819//6819
f 6819//6819 3621//3621 4099//4099
f 4100//4100 3772//3772 4185//4185
f 3772//3772 3693//3693 3773//3773
f 3772//3772 3773//3773 4114//4114
f 4062//4062 3774//3774 3775//3775
f 4247//4247 3774//3774 4062//4062
f 4247//4247 6651//6651 3774//3774
f 4387//4387 3777//3777 3776//3776
f 3779//3779 6629//6629 3778//3778
f 6629//6629 4120//4120 3778//3778
f 3780//3780 6694//6694 3985//3985
f 3985//3985 3696//3696 3780//3780
f 6694//6694 3780//3780 6654//6654
f 3696//3696 3968//3968 3760//3760
f 6924//6924 3624//3624 4108//4108
f 3785//3785 3781//3781 3783//3783
f 3781//3781 4108//4108 3624//3624
f 3781//3781 3624//3624 3552//3552
f 3987//3987 3781//3781 3785//3785
f 3784//3784 3971//3971 3785//3785
f 4108//4108 3781//3781 3987//3987
f 3782//3782 3699//3699 3784//3784
f 3783//3783 3782//3782 3785//3785
f 3782//3782 3784//3784 3785//3785
f 3992//3992 3789//3789 3993//3993
f 3788//3788 3789//3789 3992//3992
f 3995//3995 3702//3702 3790//3790
f 3790//3790 3431//3431 3995//3995
f 3994//3994 6675//6675 3792//3792
f 3792//3792 3703//3703 3791//3791
f 3793//3793 3791//3791 3703//3703
f 3791//3791 3793//3793 3996//3996
f 3792//3792 3791//3791 3996//3996
f 4000//4000 3707//3707 3797//3797
f 3797//3797 3707//3707 3798//3798
f 4000//4000 3797//3797 3999//3999
f 3999//3999 3797//3797 3798//3798
f 3799//3799 3441//3441 3800//3800
f 3801//3801 3799//3799 3800//3800
f 3801//3801 3798//3798 3799//3799
f 4001//4001 3801//3801 3800//3800
f 4001//4001 3800//3800 4002//4002
f 4002//4002 3708//3708 4127//4127
f 4003//4003 3802//3802 4130//4130
f 3802//3802 4003//4003 3708//3708
f 3702//3702 4130//4130 3429//3429
f 3630//3630 3803//3803 4005//4005
f 3803//3803 3630//3630 3555//3555
f 3804//3804 4007//4007 3555//3555
f 3503//3503 4010//4010 3806//3806
f 3558//3558 4011//4011 4010//4010
f 4011//4011 3558//3558 4013//4013
f 4014//4014 3808//3808 3809//3809
f 3808//3808 3807//3807 3809//3809
f 4237//4237 4013//4013 3807//3807
f 3711//3711 4015//4015 4146//4146
f 6936//6936 3712//3712 3711//3711
f 3810//3810 3852//3852 4028//4028
f 3852//3852 3810//3810 3718//3718
f 6678//6678 6695//6695 4030//4030
f 6843//6843 3812//3812 3810//3810
f 6844//6844 3811//3811 3721//3721
f 3817//3817 3814//3814 3816//3816
f 6697//6697 3889//3889 6699//6699
f 3723//3723 3885//3885 3813//3813
f 3813//3813 3814//3814 3723//3723
f 3816//3816 3815//3815 3817//3817
f 3815//3815 4017//4017 3817//3817
f 3885//3885 3886//3886 3888//3888
f 3813//3813 3885//3885 3888//3888
f 6698//6698 6696//6696 6768//6768
f 6770//6770 6698//6698 6768//6768
f 3815//3815 3816//3816 4016//4016
f 4016//4016 4017//4017 3815//3815
f 3817//3817 3723//3723 3814//3814
f 4017//4017 3579//3579 3817//3817
f 4017//4017 6705//6705 3579//3579
f 6829//6829 4018//4018 6706//6706
f 4018//4018 3819//3819 6706//6706
f 6701//6701 6830//6830 3818//3818
f 3822//3822 3820//3820 3821//3821
f 3820//3820 4019//4019 3826//3826
f 3826//3826 4019//4019 3829//3829
f 3820//3820 3822//3822 4020//4020
f 3822//3822 3821//3821 3823//3823
f 4020//4020 4019//4019 3820//3820
f 4023//4023 4020//4020 3822//3822
f 4023//4023 3822//3822 3823//3823
f 3821//3821 6702//6702 3823//3823
f 3823//3823 6703//6703 3824//3824
f 6700//6700 6707//6707 6704//6704
f 3832//3832 4021//4021 3818//3818
f 3826//3826 3825//3825 3724//3724
f 3828//3828 3827//3827 3825//3825
f 3828//3828 3825//3825 3826//3826
f 3829//3829 3828//3828 3826//3826
f 3827//3827 3828//3828 6710//6710
f 6710//6710 4025//4025 3831//3831
f 3896//3896 3832//3832 3818//3818
f 4019//4019 6836//6836 6711//6711
f 6712//6712 3827//3827 3831//3831
f 6710//6710 3831//3831 3827//3827
f 3832//3832 3838//3838 6713//6713
f 3838//3838 3832//3832 3896//3896
f 6715//6715 3836//3836 3831//3831
f 6837//6837 3832//3832 6713//6713
f 3714//3714 3730//3730 3834//3834
f 3835//3835 3833//3833 3714//3714
f 3836//3836 3835//3835 3834//3834
f 3714//3714 3834//3834 3835//3835
f 3836//3836 3837//3837 3835//3835
f 3837//3837 3833//3833 3835//3835
f 3840//3840 3833//3833 3837//3837
f 3836//3836 6715//6715 3837//3837
f 3839//3839 3896//3896 6718//6718
f 6718//6718 3896//3896 3848//3848
f 6714//6714 6716//6716 6717//6717
f 6719//6719 6714//6714 6717//6717
f 3846//3846 6720//6720 6724//6724
f 3839//3839 3838//3838 3896//3896
f 3716//3716 3731//3731 3841//3841
f 3731//3731 3843//3843 3841//3841
f 3843//3843 3715//3715 3833//3833
f 3843//3843 3833//3833 3840//3840
f 3844//3844 3841//3841 3843//3843
f 4026//4026 3841//3841 3844//3844
f 4026//4026 3842//3842 3841//3841
f 3842//3842 6677//6677 3841//3841
f 3840//3840 6723//6723 3843//3843
f 3842//3842 3850//3850 6677//6677
f 3842//3842 4026//4026 3845//3845
f 6723//6723 3844//3844 3843//3843
f 3845//3845 3850//3850 3842//3842
f 6724//6724 6721//6721 3846//3846
f 6722//6722 6725//6725 6839//6839
f 6840//6840 3848//3848 3847//3847
f 3847//3847 3851//3851 6840//6840
f 4026//4026 6726//6726 3845//3845
f 3848//3848 3896//3896 3847//3847
f 3896//3896 3851//3851 3847//3847
f 3849//3849 4027//4027 3716//3716
f 3716//3716 3850//3850 3849//3849
f 3851//3851 3896//3896 6841//6841
f 3850//3850 3845//3845 6726//6726
f 4027//4027 3850//3850 6726//6726
f 3849//3849 3850//3850 4027//4027
f 3716//3716 4027//4027 3852//3852
f 4027//4027 4028//4028 3852//3852
f 3896//3896 3914//3914 3857//3857
f 3896//3896 6730//6730 4029//4029
f 3896//3896 4029//4029 6841//6841
f 3859//3859 3860//3860 3853//3853
f 3853//3853 4029//4029 6730//6730
f 3855//3855 3732//3732 3647//3647
f 3854//3854 3581//3581 3856//3856
f 3581//3581 3732//3732 3856//3856
f 3858//3858 3647//3647 3811//3811
f 3856//3856 3732//3732 6727//6727
f 3856//3856 3921//3921 3854//3854
f 6728//6728 3647//3647 3858//3858
f 6729//6729 3858//3858 3859//3859
f 3856//3856 6727//6727 6731//6731
f 6730//6730 6793//6793 3856//3856
f 6844//6844 3858//3858 3811//3811
f 3860//3860 3859//3859 3858//3858
f 6731//6731 3853//3853 3856//3856
f 3853//3853 6730//6730 3856//3856
f 3860//3860 3858//3858 6844//6844
f 3667//3667 4031//4031 3593//3593
f 4033//4033 4032//4032 4047//4047
f 3931//3931 3866//3866 3930//3930
f 4036//4036 3733//3733 4037//4037
f 3866//3866 3869//3869 3930//3930
f 3869//3869 4038//4038 3930//3930
f 4037//4037 3733//3733 4047//4047
f 3733//3733 3862//3862 3861//3861
f 3861//3861 3862//3862 3864//3864
f 3867//3867 3861//3861 3864//3864
f 3733//3733 3868//3868 3862//3862
f 3868//3868 3863//3863 3862//3862
f 3864//3864 3862//3862 6732//6732
f 3865//3865 6740//6740 6735//6735
f 6736//6736 6733//6733 6737//6737
f 6733//6733 6738//6738 6737//6737
f 6738//6738 3933//3933 6737//6737
f 3868//3868 3733//3733 4036//4036
f 3872//3872 6741//6741 6737//6737
f 3869//3869 6739//6739 6743//6743
f 3869//3869 6743//6743 6858//6858
f 6743//6743 6739//6739 6734//6734
f 3867//3867 3870//3870 3861//3861
f 3867//3867 3871//3871 3870//3870
f 3875//3875 3933//3933 3884//3884
f 6745//6745 6744//6744 6742//6742
f 3876//3876 6744//6744 3878//3878
f 3933//3933 3875//3875 6750//6750
f 3872//3872 6737//6737 3933//3933
f 6744//6744 6745//6745 3878//3878
f 3933//3933 6750//6750 3872//3872
f 6744//6744 3876//3876 3653//3653
f 3873//3873 3653//3653 3876//3876
f 3734//3734 3873//3873 3874//3874
f 3874//3874 3873//3873 3876//3876
f 3734//3734 3880//3880 3723//3723
f 3877//3877 3874//3874 3876//3876
f 6746//6746 6754//6754 6684//6684
f 3877//3877 3881//3881 3874//3874
f 3883//3883 6746//6746 6757//6757
f 6747//6747 3876//3876 3878//3878
f 6748//6748 6751//6751 3879//3879
f 3882//3882 3881//3881 3877//3877
f 6759//6759 6749//6749 6752//6752
f 6746//6746 3883//3883 6754//6754
f 6755//6755 6762//6762 6753//6753
f 6764//6764 6756//6756 3887//3887
f 3875//3875 6753//6753 6750//6750
f 6753//6753 3875//3875 6755//6755
f 6755//6755 3875//3875 6766//6766
f 6763//6763 6758//6758 6760//6760
f 6753//6753 6762//6762 6761//6761
f 3723//3723 3880//3880 6765//6765
f 3885//3885 6681//6681 3886//3886
f 3875//3875 3884//3884 3893//3893
f 3893//3893 3884//3884 3890//3890
f 3884//3884 6810//6810 3890//3890
f 6766//6766 3875//3875 3893//3893
f 3886//3886 6767//6767 3888//3888
f 6766//6766 6771//6771 6769//6769
f 3818//3818 6771//6771 6766//6766
f 3818//3818 6766//6766 3893//3893
f 3949//3949 3951//3951 3894//3894
f 3818//3818 3893//3893 3896//3896
f 3946//3946 3891//3891 6772//6772
f 3950//3950 3949//3949 3894//3894
f 3892//3892 3893//3893 3890//3890
f 3894//3894 3893//3893 6773//6773
f 3891//3891 3950//3950 6772//6772
f 6772//6772 3950//3950 6773//6773
f 3950//3950 3894//3894 6773//6773
f 3893//3893 3894//3894 3897//3897
f 3901//3901 3895//3895 3952//3952
f 3896//3896 3893//3893 3910//3910
f 3952//3952 3895//3895 6774//6774
f 3898//3898 6774//6774 3895//3895
f 3899//3899 3893//3893 6775//6775
f 3910//3910 3893//3893 3899//3899
f 6775//6775 3893//3893 3897//3897
f 6776//6776 3895//3895 3900//3900
f 6777//6777 6779//6779 6778//6778
f 3899//3899 6780//6780 3902//3902
f 3900//3900 3895//3895 3901//3901
f 6781//6781 3900//3900 3901//3901
f 3957//3957 3909//3909 3961//3961
f 3909//3909 3906//3906 3961//3961
f 3903//3903 3910//3910 3899//3899
f 3904//3904 3910//3910 3903//3903
f 3903//3903 3907//3907 3904//3904
f 3905//3905 6782//6782 6783//6783
f 6782//6782 3905//3905 3906//3906
f 6781//6781 3901//3901 3960//3960
f 3906//3906 3905//3905 3961//3961
f 3907//3907 3899//3899 3902//3902
f 3903//3903 3899//3899 3907//3907
f 3960//3960 6784//6784 6781//6781
f 6784//6784 3961//3961 3905//3905
f 3896//3896 3910//3910 3914//3914
f 3963//3963 3911//3911 3962//3962
f 3963//3963 3908//3908 3911//3911
f 6787//6787 3913//3913 3915//3915
f 3962//3962 3911//3911 3906//3906
f 3962//3962 3906//3906 3909//3909
f 3914//3914 3910//3910 6789//6789
f 6786//6786 6782//6782 6788//6788
f 6786//6786 6788//6788 6790//6790
f 6788//6788 6782//6782 3906//3906
f 6785//6785 3750//3750 3912//3912
f 3964//3964 3912//3912 3754//3754
f 3912//3912 3750//3750 3754//3754
f 3913//3913 3912//3912 3964//3964
f 6787//6787 6785//6785 3913//3913
f 6785//6785 3912//3912 3913//3913
f 3915//3915 3913//3913 3965//3965
f 3915//3915 3965//3965 3917//3917
f 4040//4040 3914//3914 6789//6789
f 3917//3917 3658//3658 3916//3916
f 3917//3917 3916//3916 3966//3966
f 3917//3917 3966//3966 3918//3918
f 3915//3915 3917//3917 3918//3918
f 6865//6865 3915//3915 3918//3918
f 4041//4041 3914//3914 4040//4040
f 3659//3659 3919//3919 3918//3918
f 3857//3857 6797//6797 6794//6794
f 3914//3914 6797//6797 3857//3857
f 6798//6798 3914//3914 4041//4041
f 3919//3919 6865//6865 3918//3918
f 6798//6798 3737//3737 6792//6792
f 6798//6798 3922//3922 3737//3737
f 6798//6798 3925//3925 3922//3922
f 6799//6799 3923//3923 6795//6795
f 6800//6800 3926//3926 6796//6796
f 3926//3926 6791//6791 6814//6814
f 4041//4041 3925//3925 6798//6798
f 6866//6866 3926//3926 6800//6800
f 3667//3667 3927//3927 4377//4377
f 3928//3928 4150//4150 6801//6801
f 4066//4066 4045//4045 3596//3596
f 4045//4045 4046//4046 3596//3596
f 4050//4050 6804//6804 6802//6802
f 3932//3932 6804//6804 4050//4050
f 4082//4082 3932//3932 4050//4050
f 4082//4082 4053//4053 3932//3932
f 6738//6738 6804//6804 3933//3933
f 6804//6804 3932//3932 3933//3933
f 3932//3932 4053//4053 3933//3933
f 4056//4056 3981//3981 3980//3980
f 3935//3935 3980//3980 3937//3937
f 6807//6807 3933//3933 3934//3934
f 4054//4054 3933//3933 4053//4053
f 3933//3933 4055//4055 3934//3934
f 4055//4055 6805//6805 3934//3934
f 6807//6807 3934//3934 6805//6805
f 6877//6877 3980//3980 3935//3935
f 6877//6877 4056//4056 3980//3980
f 3938//3938 3939//3939 3936//3936
f 3937//3937 3982//3982 3938//3938
f 3884//3884 3933//3933 3942//3942
f 3937//3937 6806//6806 3943//3943
f 6806//6806 3937//3937 3938//3938
f 6807//6807 3942//3942 3933//3933
f 6809//6809 3937//3937 3943//3943
f 3941//3941 3940//3940 3944//3944
f 6806//6806 6808//6808 3943//3943
f 6808//6808 3940//3940 3941//3941
f 3941//3941 3943//3943 6808//6808
f 6810//6810 3884//3884 3942//3942
f 3941//3941 6809//6809 3943//3943
f 6809//6809 3941//3941 3944//3944
f 3946//3946 6772//6772 6811//6811
f 3951//3951 3945//3945 3740//3740
f 3945//3945 3946//3946 3740//3740
f 3945//3945 3947//3947 3946//3946
f 3947//3947 3945//3945 3948//3948
f 3948//3948 3945//3945 3949//3949
f 3945//3945 3951//3951 3949//3949
f 3947//3947 3891//3891 3946//3946
f 3891//3891 6812//6812 3950//3950
f 3950//3950 3947//3947 3948//3948
f 3949//3949 3950//3950 3948//3948
f 3952//3952 3894//3894 3951//3951
f 6774//6774 3894//3894 3952//3952
f 3952//3952 3741//3741 3953//3953
f 3959//3959 3958//3958 3952//3952
f 3901//3901 3952//3952 3958//3958
f 3743//3743 3955//3955 3953//3953
f 3955//3955 3743//3743 3954//3954
f 3955//3955 3952//3952 3953//3953
f 3955//3955 3959//3959 3952//3952
f 3959//3959 3955//3955 3954//3954
f 3956//3956 3954//3954 3748//3748
f 3954//3954 3956//3956 3959//3959
f 3959//3959 3956//3956 3957//3957
f 3909//3909 3957//3957 3748//3748
f 3748//3748 3957//3957 3956//3956
f 3958//3958 3959//3959 3960//3960
f 3961//3961 3960//3960 3959//3959
f 3957//3957 3961//3961 3959//3959
f 3960//3960 3901//3901 3958//3958
f 3961//3961 6784//6784 3960//3960
f 3752//3752 6813//6813 6687//6687
f 3963//3963 6688//6688 3755//3755
f 6688//6688 3963//3963 3962//3962
f 3965//3965 3913//3913 3964//3964
f 3966//3966 3677//3677 3918//3918
f 3919//3919 3659//3659 3678//3678
f 3919//3919 3678//3678 3967//3967
f 3757//3757 6689//6689 4060//4060
f 3758//3758 4163//4163 4060//4060
f 4060//4060 4059//4059 3757//3757
f 3535//3535 3757//3757 4059//4059
f 4061//4061 3775//3775 3759//3759
f 4062//4062 3775//3775 4061//4061
f 3969//3969 3761//3761 3968//3968
f 4103//4103 3969//3969 3968//3968
f 3970//3970 3762//3762 4063//4063
f 4064//4064 3970//3970 4063//4063
f 4165//4165 3738//3738 3970//3970
f 6966//6966 4065//4065 3738//3738
f 4065//4065 3596//3596 3738//3738
f 3971//3971 3989//3989 4073//4073
f 3972//3972 4086//4086 3973//3973
f 3974//3974 4086//4086 3972//3972
f 3973//3973 3988//3988 3763//3763
f 4086//4086 3988//3988 3973//3973
f 4092//4092 3988//3988 4086//4086
f 6905//6905 6815//6815 4085//4085
f 3974//3974 3972//3972 3686//3686
f 3768//3768 3686//3686 3616//3616
f 3768//3768 3979//3979 4094//4094
f 4094//4094 3974//3974 3768//3768
f 3686//3686 3768//3768 3974//3974
f 3976//3976 3978//3978 6816//6816
f 3978//3978 3976//3976 6818//6818
f 3977//3977 3980//3980 6817//6817
f 6816//6816 3978//3978 3981//3981
f 3977//3977 3937//3937 3980//3980
f 6818//6818 3981//3981 3978//3978
f 3979//3979 6816//6816 3981//3981
f 3977//3977 3982//3982 3937//3937
f 4247//4247 4101//4101 6650//6650
f 6650//6650 4101//4101 3984//3984
f 4101//4101 3776//3776 3984//3984
f 4209//4209 3985//3985 6694//6694
f 3696//3696 4332//4332 4102//4102
f 3986//3986 3696//3696 4102//4102
f 3986//3986 3968//3968 3696//3696
f 4104//4104 3761//3761 3969//3969
f 4260//4260 3761//3761 4104//4104
f 3793//3793 4196//4196 4221//4221
f 3987//3987 3785//3785 3971//3971
f 4201//4201 4108//4108 3987//3987
f 3989//3989 3971//3971 3988//3988
f 4115//4115 6693//6693 4272//4272
f 3693//3693 3545//3545 3990//3990
f 3990//3990 3545//3545 4117//4117
f 4117//4117 3545//3545 3700//3700
f 3990//3990 4116//4116 3693//3693
f 6931//6931 6693//6693 4115//4115
f 4116//4116 3773//3773 3693//3693
f 3773//3773 4116//4116 4346//4346
f 4290//4290 3786//3786 3622//3622
f 3993//3993 4119//4119 3992//3992
f 3991//3991 3993//3993 3787//3787
f 3788//3788 3992//3992 4119//4119
f 4331//4331 3778//3778 4120//4120
f 4331//4331 4332//4332 3696//3696
f 4004//4004 3702//3702 4211//4211
f 3488//3488 3994//3994 6822//6822
f 4218//4218 6822//6822 3994//3994
f 3994//3994 3792//3792 3996//3996
f 7068//7068 3994//3994 3997//3997
f 3997//3997 3994//3994 3996//3996
f 4225//4225 3707//3707 4000//4000
f 4124//4124 3999//3999 3798//3798
f 4124//4124 3798//3798 3801//3801
f 4126//4126 4002//4002 4127//4127
f 4127//4127 3708//3708 4003//4003
f 4129//4129 4003//4003 4130//4130
f 4129//4129 4130//4130 4286//4286
f 4129//4129 4283//4283 4003//4003
f 4004//4004 4130//4130 3702//3702
f 4004//4004 4286//4286 4130//4130
f 4306//4306 3796//3796 4005//4005
f 4005//4005 3796//3796 3706//3706
f 4005//4005 3803//3803 4006//4006
f 4006//4006 3803//3803 3555//3555
f 4006//4006 3555//3555 4007//4007
f 3805//3805 4008//4008 3804//3804
f 4148//4148 4008//4008 3805//3805
f 4148//4148 3806//3806 4137//4137
f 3806//3806 4009//4009 4137//4137
f 4148//4148 3805//3805 3806//3806
f 4010//4010 4009//4009 3806//3806
f 4140//4140 3808//3808 4012//4012
f 4012//4012 3808//3808 4014//4014
f 4012//4012 4014//4014 4141//4141
f 4140//4140 4012//4012 4141//4141
f 3808//3808 4237//4237 3807//3807
f 3808//3808 4142//4142 4237//4237
f 4142//4142 3808//3808 4140//4140
f 4143//4143 4141//4141 4014//4014
f 4143//4143 3712//3712 4238//4238
f 6936//6936 4238//4238 3712//3712
f 7075//7075 4147//4147 3707//3707
f 4015//4015 3707//3707 4147//4147
f 4028//4028 6843//6843 3810//3810
f 4018//4018 6829//6829 6826//6826
f 6827//6827 6699//6699 3889//3889
f 6830//6830 6828//6828 6771//6771
f 3818//3818 6830//6830 6771//6771
f 4022//4022 4019//4019 4020//4020
f 4023//4023 4022//4022 4020//4020
f 4022//4022 4024//4024 4019//4019
f 4024//4024 6836//6836 4019//4019
f 4023//4023 3823//3823 3824//3824
f 6708//6708 4021//4021 6834//6834
f 4021//4021 6708//6708 3818//3818
f 6831//6831 6832//6832 6835//6835
f 6834//6834 6833//6833 6708//6708
f 6834//6834 4021//4021 6838//6838
f 6838//6838 4021//4021 3832//3832
f 6841//6841 4029//4029 6842//6842
f 3860//3860 4029//4029 3853//3853
f 6845//6845 6842//6842 4029//4029
f 6846//6846 4029//4029 3860//3860
f 4377//4377 4031//4031 3667//3667
f 4051//4051 4047//4047 4049//4049
f 4051//4051 4033//4033 4047//4047
f 6803//6803 4034//4034 4052//4052
f 6847//6847 6848//6848 4035//4035
f 4039//4039 4034//4034 6803//6803
f 6851//6851 6849//6849 6873//6873
f 6853//6853 6850//6850 6852//6852
f 6854//6854 4034//4034 4039//4039
f 6858//6858 4038//4038 3869//3869
f 6859//6859 6860//6860 6861//6861
f 4037//4037 4032//4032 6855//6855
f 6861//6861 6860//6860 6856//6856
f 4038//4038 6863//6863 3930//3930
f 6864//6864 6862//6862 6857//6857
f 6866//6866 6865//6865 3919//3919
f 6866//6866 3919//3919 3926//3926
f 6867//6867 6623//6623 6883//6883
f 6883//6883 4162//4162 6867//6867
f 4042//4042 4044//4044 4043//4043
f 4043//4043 4044//4044 3927//3927
f 4042//4042 4327//4327 4044//4044
f 4044//4044 4327//4327 3927//3927
f 4243//4243 3928//3928 4031//4031
f 4243//4243 4150//4150 3928//3928
f 4150//4150 4151//4151 6801//6801
f 4152//4152 4045//4045 4066//4066
f 4070//4070 4068//4068 4069//4069
f 4154//4154 4153//4153 4045//4045
f 4155//4155 6942//6942 4183//4183
f 6944//6944 4069//4069 4156//4156
f 7007//7007 4069//4069 6945//6945
f 4046//4046 4153//4153 4047//4047
f 4153//4153 4046//4046 4045//4045
f 4161//4161 4159//4159 6939//6939
f 4153//4153 6952//6952 4047//4047
f 6803//6803 4048//4048 4068//4068
f 4160//4160 4048//4048 6870//6870
f 4048//4048 6955//6955 4068//4068
f 4052//4052 4048//4048 6803//6803
f 4067//4067 4071//4071 6802//6802
f 4050//4050 6802//6802 4071//4071
f 4049//4049 6874//6874 4051//4051
f 6874//6874 4033//4033 4051//4051
f 4057//4057 4095//4095 4096//4096
f 4058//4058 6881//6881 6920//6920
f 4055//4055 3933//3933 4054//4054
f 4057//4057 4054//4054 4053//4053
f 6879//6879 6878//6878 6875//6875
f 4056//4056 6882//6882 3981//3981
f 6880//6880 6876//6876 6881//6881
f 6881//6881 4058//4058 6880//6880
f 4244//4244 4163//4163 6670//6670
f 4062//4062 4061//4061 4247//4247
f 4379//4379 4247//4247 4061//4061
f 4379//4379 4061//4061 3759//3759
f 4165//4165 4064//4064 4167//4167
f 3970//3970 4064//4064 4165//4165
f 3596//3596 6885//6885 4066//4066
f 4190//4190 6887//6887 4070//4070
f 4067//4067 4105//4105 4071//4071
f 4069//4069 7007//7007 4070//4070
f 6803//6803 4068//4068 4070//4070
f 6887//6887 6803//6803 4070//4070
f 4072//4072 4071//4071 4105//4105
f 4109//4109 4074//4074 4072//4072
f 4075//4075 6891//6891 4112//4112
f 4109//4109 4110//4110 4074//4074
f 6926//6926 6928//6928 6892//6892
f 4071//4071 4072//4072 4050//4050
f 4072//4072 4082//4082 4050//4050
f 4072//4072 4074//4074 4077//4077
f 6889//6889 4075//4075 4112//4112
f 4073//4073 3988//3988 4076//4076
f 4076//4076 3988//3988 4092//4092
f 4093//4093 4072//4072 4077//4077
f 4074//4074 4184//4184 4077//4077
f 7008//7008 6893//6893 6894//6894
f 7009//7009 6895//6895 4073//4073
f 4092//4092 4078//4078 4076//4076
f 4080//4080 6898//6898 6896//6896
f 6918//6918 4078//4078 4092//4092
f 4079//4079 7009//7009 4073//4073
f 4079//4079 4073//4073 4076//4076
f 4080//4080 6896//6896 7010//7010
f 6897//6897 6899//6899 6919//6919
f 4076//4076 6900//6900 4079//4079
f 6900//6900 4076//4076 4078//4078
f 6815//6815 4094//4094 4085//4085
f 4053//4053 4082//4082 4083//4083
f 4083//4083 4081//4081 4053//4053
f 4083//4083 4084//4084 4081//4081
f 4082//4082 4072//4072 4083//4083
f 4084//4084 4088//4088 4081//4081
f 4087//4087 4091//4091 4083//4083
f 4084//4084 4083//4083 4091//4091
f 6901//6901 6915//6915 6903//6903
f 6907//6907 6902//6902 6904//6904
f 6908//6908 4094//4094 4097//4097
f 4083//4083 4089//4089 4087//4087
f 4083//4083 4072//4072 4089//4089
f 4090//4090 6906//6906 6911//6911
f 4094//4094 6908//6908 4085//4085
f 4072//4072 4093//4093 4089//4089
f 4089//4089 4093//4093 6912//6912
f 6916//6916 6906//6906 4090//4090
f 6905//6905 6917//6917 6913//6913
f 6917//6917 6905//6905 4085//4085
f 4092//4092 4086//4086 6918//6918
f 6918//6918 4086//4086 6914//6914
f 3981//3981 6882//6882 3979//3979
f 4094//4094 3979//3979 6882//6882
f 4053//4053 4095//4095 4057//4057
f 4081//4081 4095//4095 4053//4053
f 4088//4088 4095//4095 4081//4081
f 6921//6921 4058//4058 6920//6920
f 4097//4097 4094//4094 6882//6882
f 4095//4095 6909//6909 4096//4096
f 6920//6920 6910//6910 6921//6921
f 4098//4098 3983//3983 6922//6922
f 3680//3680 4098//4098 4246//4246
f 4246//4246 4098//4098 6922//6922
f 4100//4100 4185//4185 4099//4099
f 4548//4548 4387//4387 3776//3776
f 3986//3986 6923//6923 3968//3968
f 4104//4104 4258//4258 4260//4260
f 4258//4258 4104//4104 3969//3969
f 4260//4260 4188//4188 3762//3762
f 4190//4190 4193//4193 6887//6887
f 7019//7019 4105//4105 4067//4067
f 4198//4198 7073//7073 7024//7024
f 4213//4213 4106//4106 4105//4105
f 4072//4072 4105//4105 4109//4109
f 4105//4105 4106//4106 4109//4109
f 4195//4195 6924//6924 4108//4108
f 4106//4106 4202//4202 4109//4109
f 4108//4108 4203//4203 4195//4195
f 4201//4201 4203//4203 4108//4108
f 6929//6929 3971//3971 6890//6890
f 7038//7038 3987//3987 3971//3971
f 7038//7038 3971//3971 4113//4113
f 4111//4111 4113//4113 3971//3971
f 6929//6929 4111//4111 3971//3971
f 4206//4206 4109//4109 7039//7039
f 4205//4205 4111//4111 4207//4207
f 4207//4207 4111//4111 6929//6929
f 6927//6927 7051//7051 6930//6930
f 4205//4205 4113//4113 4111//4111
f 3988//3988 4073//4073 3989//3989
f 6931//6931 4115//4115 4272//4272
f 4116//4116 4117//4117 4118//4118
f 4116//4116 3990//3990 4117//4117
f 4118//4118 4117//4117 3700//3700
f 3701//3701 3777//3777 4387//4387
f 3622//3622 3701//3701 4290//4290
f 4388//4388 3701//3701 4387//4387
f 3786//3786 4208//4208 3787//3787
f 4208//4208 3991//3991 3787//3787
f 4208//4208 4119//4119 3991//3991
f 3991//3991 4119//4119 3993//3993
f 3788//3788 4119//4119 4120//4120
f 4119//4119 4331//4331 4120//4120
f 4209//4209 3778//3778 4331//4331
f 3779//3779 3778//3778 4209//4209
f 6820//6820 4331//4331 3696//3696
f 4286//4286 4004//4004 4211//4211
f 4287//4287 4211//4211 3702//3702
f 3702//3702 3995//3995 4217//4217
f 4214//4214 3702//3702 4217//4217
f 7068//7068 3997//3997 4121//4121
f 3996//3996 4221//4221 4122//4122
f 4221//4221 4121//4121 4122//4122
f 4121//4121 3997//3997 4122//4122
f 4122//4122 3997//3997 3996//3996
f 4221//4221 3996//3996 3793//3793
f 4118//4118 3700//3700 4123//4123
f 4222//4222 4123//4123 3794//3794
f 7074//7074 6823//6823 4289//4289
f 7156//7156 3998//3998 4304//4304
f 3801//3801 4125//4125 4229//4229
f 3801//3801 4229//4229 4124//4124
f 4124//4124 4000//4000 3999//3999
f 4128//4128 4228//4228 6933//6933
f 4125//4125 4227//4227 4229//4229
f 7076//7076 6933//6933 4228//4228
f 4226//4226 4000//4000 4124//4124
f 4001//4001 6933//6933 3801//3801
f 6933//6933 4001//4001 4128//4128
f 4128//4128 4001//4001 4002//4002
f 4002//4002 4126//4126 4128//4128
f 4126//4126 4127//4127 4301//4301
f 4283//4283 4127//4127 4003//4003
f 4283//4283 4301//4301 4127//4127
f 4283//4283 4129//4129 4286//4286
f 4304//4304 3998//3998 3795//3795
f 3795//3795 3796//3796 4232//4232
f 4232//4232 4304//4304 3795//3795
f 4232//4232 3796//3796 4306//4306
f 4306//4306 4005//4005 4233//4233
f 4132//4132 4006//4006 4133//4133
f 4233//4233 4005//4005 4131//4131
f 4005//4005 4006//4006 4131//4131
f 4233//4233 4131//4131 4234//4234
f 4234//4234 4131//4131 4006//4006
f 4235//4235 6824//6824 6934//6934
f 4007//4007 4134//4134 4006//4006
f 4133//4133 4006//4006 4134//4134
f 4135//4135 4133//4133 4134//4134
f 4135//4135 4134//4134 4136//4136
f 4134//4134 4007//4007 4136//4136
f 4135//4135 4136//4136 4322//4322
f 4236//4236 6825//6825 3804//3804
f 4236//4236 3804//3804 4008//4008
f 4236//4236 4008//4008 4240//4240
f 4137//4137 4009//4009 4149//4149
f 4149//4149 4009//4009 4010//4010
f 4139//4139 4013//4013 4138//4138
f 4013//4013 4139//4139 4011//4011
f 4316//4316 4138//4138 4237//4237
f 4316//4316 4139//4139 4138//4138
f 4237//4237 4138//4138 4013//4013
f 4237//4237 4142//4142 4144//4144
f 4142//4142 4140//4140 4144//4144
f 4144//4144 4140//4140 4145//4145
f 4140//4140 4141//4141 4145//4145
f 4143//4143 4145//4145 4141//4141
f 4143//4143 4238//4238 4145//4145
f 4144//4144 4145//4145 4237//4237
f 4240//4240 4008//4008 4148//4148
f 6960//6960 4327//4327 6868//6868
f 4379//4379 4151//4151 4150//4150
f 4045//4045 4152//4152 4182//4182
f 6940//6940 4158//4158 4157//4157
f 4154//4154 4045//4045 4182//4182
f 6942//6942 7003//7003 4183//4183
f 6947//6947 4156//4156 4069//4069
f 4068//4068 6947//6947 4069//4069
f 4153//4153 4154//4154 6949//6949
f 6950//6950 4156//4156 6947//6947
f 6948//6948 6957//6957 6941//6941
f 6951//6951 6943//6943 6946//6946
f 4156//4156 6950//6950 6944//6944
f 6869//6869 6953//6953 6871//6871
f 6872//6872 6954//6954 6956//6956
f 6958//6958 4068//4068 6955//6955
f 6958//6958 6947//6947 4068//4068
f 6956//6956 6954//6954 6959//6959
f 6870//6870 4048//4048 4052//4052
f 6961//6961 4059//4059 4245//4245
f 4245//4245 4059//4059 4060//4060
f 4163//4163 4244//4244 4245//4245
f 4060//4060 4163//4163 4245//4245
f 4379//4379 3759//3759 4151//4151
f 3762//3762 4188//4188 4063//4063
f 4191//4191 4064//4064 4063//4063
f 4191//4191 4268//4268 4064//4064
f 4164//4164 4167//4167 4064//4064
f 4168//4168 6963//6963 4190//4190
f 4173//4173 6963//6963 4168//4168
f 4165//4165 4066//4066 6885//6885
f 4190//4190 4070//4070 4175//4175
f 4165//4165 4167//4167 4066//4066
f 4190//4190 4175//4175 4168//4168
f 6970//6970 4166//4166 6886//6886
f 6967//6967 4172//4172 4066//4066
f 6964//6964 6988//6988 6971//6971
f 4170//4170 6972//6972 4171//4171
f 6981//6981 6968//6968 6973//6973
f 6984//6984 6974//6974 4169//4169
f 6986//6986 6985//6985 6979//6979
f 6975//6975 6989//6989 6977//6977
f 6980//6980 6976//6976 6978//6978
f 4175//4175 6979//6979 4168//4168
f 6979//6979 4175//4175 6986//6986
f 6987//6987 6969//6969 6982//6982
f 6986//6986 6983//6983 6985//6985
f 4066//4066 4176//4176 4152//4152
f 4172//4172 4177//4177 4066//4066
f 4176//4176 4066//4066 4177//4177
f 6986//6986 4175//4175 6994//6994
f 4179//4179 6995//6995 6991//6991
f 4174//4174 4175//4175 4070//4070
f 4178//4178 6990//6990 6992//6992
f 4174//4174 6996//6996 6999//6999
f 4174//4174 6999//6999 4175//4175
f 4176//4176 4177//4177 6997//6997
f 6998//6998 6995//6995 4179//4179
f 4180//4180 6937//6937 4181//4181
f 4181//4181 4070//4070 7000//7000
f 7001//7001 7004//7004 6938//6938
f 6888//6888 7005//7005 7002//7002
f 4181//4181 6937//6937 6993//6993
f 4181//4181 4174//4174 4070//4070
f 4181//4181 6993//6993 4174//4174
f 7006//7006 4070//4070 7007//7007
f 7011//7011 4079//4079 6900//6900
f 4185//4185 3772//3772 4329//4329
f 4273//4273 4329//4329 3772//3772
f 4101//4101 4548//4548 3776//3776
f 4250//4250 4252//4252 6821//6821
f 4103//4103 4258//4258 3969//3969
f 4258//4258 4103//4103 4186//4186
f 7089//7089 4251//4251 3986//3986
f 4186//4186 6923//6923 3986//3986
f 4251//4251 4186//4186 3986//3986
f 4259//4259 4190//4190 4265//4265
f 7105//7105 7114//7114 7012//7012
f 4188//4188 4263//4263 4063//4063
f 4263//4263 4191//4191 4063//4063
f 7013//7013 7115//7115 7109//7109
f 4190//4190 4269//4269 4267//4267
f 4190//4190 4189//4189 4193//4193
f 7014//7014 4187//4187 7020//7020
f 7019//7019 4187//4187 4212//4212
f 4210//4210 4189//4189 4190//4190
f 4192//4192 4190//4190 6963//6963
f 7120//7120 7015//7015 7124//7124
f 7121//7121 7017//7017 4271//4271
f 7125//7125 7018//7018 7122//7122
f 4192//4192 6963//6963 7130//7130
f 4192//4192 4269//4269 4190//4190
f 4105//4105 7019//7019 4212//4212
f 4213//4213 4105//4105 4212//4212
f 4213//4213 4194//4194 7029//7029
f 4197//4197 4202//4202 4106//4106
f 4213//4213 7029//7029 4106//4106
f 7022//7022 7026//7026 4200//4200
f 6924//6924 4195//4195 7035//7035
f 7023//7023 6924//6924 4199//4199
f 7036//7036 4197//4197 4106//4106
f 7025//7025 7034//7034 7030//7030
f 4106//4106 7029//7029 7036//7036
f 7035//7035 4199//4199 6924//6924
f 7034//7034 7037//7037 7030//7030
f 4202//4202 4204//4204 4109//4109
f 7046//7046 7040//7040 6925//6925
f 7044//7044 7042//7042 7027//7027
f 7047//7047 7043//7043 7045//7045
f 4203//4203 4201//4201 7048//7048
f 7028//7028 4195//4195 4203//4203
f 4206//4206 4110//4110 4109//4109
f 7050//7050 7041//7041 7049//7049
f 4113//4113 4205//4205 7038//7038
f 7052//7052 4110//4110 4206//4206
f 7049//7049 7053//7053 7050//7050
f 4273//4273 3772//3772 4114//4114
f 3773//3773 4346//4346 7132//7132
f 4116//4116 4118//4118 4622//4622
f 4290//4290 4208//4208 3786//3786
f 4119//4119 4274//4274 4331//4331
f 4209//4209 4331//4331 3985//3985
f 4187//4187 7014//7014 7054//7054
f 4187//4187 4213//4213 4212//4212
f 4211//4211 4287//4287 4286//4286
f 7058//7058 4215//4215 4216//4216
f 7062//7062 7060//7060 7065//7065
f 4287//4287 3702//3702 4214//4214
f 7153//7153 7063//7063 7059//7059
f 7154//7154 7061//7061 7064//7064
f 4217//4217 3995//3995 7069//7069
f 4217//4217 7069//7069 4214//4214
f 7066//7066 4194//4194 4213//4213
f 7069//7069 4220//4220 4219//4219
f 7070//7070 4194//4194 7066//7066
f 7031//7031 7021//7021 7071//7071
f 4219//4219 4214//4214 7069//7069
f 4220//4220 7032//7032 4219//4219
f 7072//7072 4121//4121 4221//4221
f 4221//4221 7033//7033 7072//7072
f 7068//7068 4121//4121 7072//7072
f 4288//4288 4222//4222 3794//3794
f 4288//4288 3794//3794 4223//4223
f 4410//4410 4288//4288 4223//4223
f 4223//4223 4224//4224 4410//4410
f 3794//3794 4224//4224 4223//4223
f 4225//4225 4000//4000 4293//4293
f 4293//4293 4000//4000 4226//4226
f 4229//4229 4294//4294 4226//4226
f 4226//4226 4124//4124 4229//4229
f 4228//4228 4230//4230 7076//7076
f 4230//4230 4229//4229 4227//4227
f 4231//4231 4228//4228 4128//4128
f 4230//4230 4294//4294 4229//4229
f 7077//7077 4128//4128 4126//4126
f 4299//4299 4294//4294 4230//4230
f 4230//4230 4228//4228 4231//4231
f 4299//4299 4230//4230 4231//4231
f 4305//4305 4304//4304 4232//4232
f 4307//4307 4306//4306 4233//4233
f 4312//4312 4233//4233 4234//4234
f 4311//4311 4234//4234 4313//4313
f 4234//4234 6824//6824 4235//4235
f 4133//4133 4135//4135 4322//4322
f 4313//4313 4234//4234 4235//4235
f 4313//4313 4235//4235 6934//6934
f 4236//4236 6935//6935 6825//6825
f 4010//4010 4011//4011 4242//4242
f 4242//4242 4011//4011 4315//4315
f 4315//4315 4011//4011 4139//4139
f 4237//4237 4238//4238 4317//4317
f 4238//4238 4237//4237 4145//4145
f 4239//4239 4146//4146 4015//4015
f 4238//4238 6936//6936 4319//4319
f 4015//4015 4367//4367 4239//4239
f 4015//4015 4368//4368 4367//4367
f 4368//4368 4015//4015 4147//4147
f 4368//4368 4147//4147 7075//7075
f 4322//4322 4136//4136 4241//4241
f 4236//4236 4241//4241 6935//6935
f 4376//4376 4137//4137 4149//4149
f 4324//4324 4148//4148 4325//4325
f 4148//4148 4137//4137 4325//4325
f 4325//4325 4137//4137 4376//4376
f 4324//4324 4240//4240 4148//4148
f 4149//4149 4010//4010 4242//4242
f 4377//4377 4243//4243 4031//4031
f 6960//6960 4328//4328 4327//4327
f 3927//3927 4327//4327 4450//4450
f 4450//4450 4377//4377 3927//3927
f 4378//4378 6961//6961 4245//4245
f 4452//4452 4378//4378 4245//4245
f 7123//7123 4270//4270 6884//6884
f 4164//4164 4064//4064 7127//7127
f 4099//4099 4185//4185 4384//4384
f 4185//4185 4329//4329 4384//4384
f 4246//4246 6922//6922 7223//7223
f 4337//4337 3986//3986 4102//4102
f 4344//4344 3986//3986 4337//4337
f 4278//4278 3986//3986 4344//4344
f 4277//4277 4249//4249 4280//4280
f 7134//7134 4281//4281 4345//4345
f 7135//7135 7196//7196 7082//7082
f 4250//4250 6821//6821 4248//4248
f 7083//7083 4248//4248 6821//6821
f 4253//4253 4250//4250 4248//4248
f 7080//7080 4255//4255 7092//7092
f 7084//7084 7096//7096 7081//7081
f 7137//7137 7083//7083 6821//6821
f 7197//7197 7143//7143 7055//7055
f 7198//7198 7056//7056 7085//7085
f 7097//7097 7086//7086 4210//4210
f 4262//4262 4254//4254 4210//4210
f 4256//4256 4254//4254 4262//4262
f 4210//4210 4257//4257 7097//7097
f 4210//4210 4254//4254 4257//4257
f 4251//4251 7089//7089 7099//7099
f 7099//7099 4186//4186 4251//4251
f 4253//4253 7101//7101 4250//4250
f 7102//7102 7094//7094 7090//7090
f 7101//7101 4252//4252 4250//4250
f 7100//7100 7091//7091 7095//7095
f 7103//7103 7093//7093 7098//7098
f 4262//4262 4210//4210 4259//4259
f 4190//4190 4259//4259 4210//4210
f 7105//7105 4261//4261 7114//7114
f 4265//4265 7106//7106 4259//4259
f 4186//4186 7099//7099 4258//4258
f 4258//4258 7099//7099 7107//7107
f 7104//7104 7108//7108 4264//4264
f 4262//4262 4259//4259 7111//7111
f 4266//4266 4263//4263 7117//7117
f 7116//7116 7118//7118 7110//7110
f 4258//4258 7112//7112 4260//4260
f 4261//4261 7105//7105 7113//7113
f 4259//4259 7106//7106 7111//7111
f 4266//4266 4191//4191 4263//4263
f 7126//7126 7016//7016 7119//7119
f 4190//4190 4267//4267 4265//4265
f 7117//7117 4191//4191 4266//4266
f 7121//7121 4271//4271 7128//7128
f 6965//6965 7129//7129 7131//7131
f 7469//7469 4346//4346 4116//4116
f 3701//3701 4388//4388 4290//4290
f 4465//4465 4208//4208 4290//4290
f 4465//4465 4119//4119 4208//4208
f 4276//4276 4275//4275 4349//4349
f 4275//4275 4276//4276 7057//7057
f 7054//7054 4276//4276 4187//4187
f 7194//7194 4279//4279 7138//7138
f 7055//7055 7140//7140 7133//7133
f 7136//7136 7144//7144 7146//7146
f 7133//7133 7140//7140 7195//7195
f 4276//4276 4282//4282 4187//4187
f 4292//4292 4282//4282 4276//4276
f 7087//7087 7141//7141 7145//7145
f 7088//7088 7139//7139 7142//7142
f 7055//7055 7143//7143 7140//7140
f 7143//7143 7197//7197 7147//7147
f 4187//4187 4282//4282 4284//4284
f 7163//7163 4284//4284 4282//4282
f 4282//4282 4300//4300 7163//7163
f 7149//7149 7148//7148 7152//7152
f 7149//7149 7164//7164 7148//7148
f 4187//4187 4284//4284 4213//4213
f 7152//7152 4285//4285 7149//7149
f 7150//7150 7151//7151 7059//7059
f 7151//7151 7153//7153 7059//7059
f 4285//4285 7152//7152 7155//7155
f 4219//4219 7067//7067 4214//4214
f 4517//4517 4123//4123 4222//4222
f 4411//4411 4222//4222 4288//4288
f 4411//4411 4402//4402 4222//4222
f 4288//4288 4410//4410 4411//4411
f 4351//4351 4225//4225 4293//4293
f 7200//7200 4368//4368 7075//7075
f 4292//4292 4276//4276 4291//4291
f 4292//4292 4291//4291 4352//4352
f 4294//4294 4355//4355 4226//4226
f 4293//4293 4226//4226 4355//4355
f 4292//4292 4296//4296 4282//4282
f 4296//4296 4295//4295 4282//4282
f 4295//4295 4300//4300 4282//4282
f 4294//4294 4303//4303 4297//4297
f 4294//4294 7158//7158 4298//4298
f 4294//4294 4298//4298 4355//4355
f 7157//7157 7167//7167 7162//7162
f 4296//4296 4356//4356 7160//7160
f 7159//7159 7157//7157 7161//7161
f 7160//7160 4295//4295 4296//4296
f 7167//7167 7157//7157 7159//7159
f 4126//4126 4302//4302 7077//7077
f 4299//4299 7077//7077 4302//4302
f 7165//7165 7162//7162 7166//7166
f 4126//4126 4301//4301 4302//4302
f 4299//4299 4302//4302 4303//4303
f 7162//7162 7167//7167 7166//7166
f 4299//4299 4303//4303 4294//4294
f 4305//4305 4232//4232 4306//4306
f 4310//4310 4306//4306 4307//4307
f 4310//4310 4307//4307 4233//4233
f 4308//4308 4306//4306 4310//4310
f 4310//4310 7078//7078 4309//4309
f 4309//4309 7078//7078 4414//4414
f 4310//4310 4309//4309 4359//4359
f 4306//4306 4308//4308 4358//4358
f 4308//4308 4310//4310 4358//4358
f 4358//4358 4310//4310 4359//4359
f 4234//4234 4311//4311 4312//4312
f 4233//4233 4312//4312 4369//4369
f 4312//4312 4311//4311 4444//4444
f 4444//4444 4311//4311 4313//4313
f 4132//4132 4133//4133 4321//4321
f 4360//4360 4241//4241 4236//4236
f 4242//4242 4361//4361 4375//4375
f 4361//4361 4242//4242 4314//4314
f 4314//4314 4242//4242 4315//4315
f 4139//4139 4316//4316 4315//4315
f 4317//4317 4495//4495 4237//4237
f 4317//4317 4238//4238 4320//4320
f 4495//4495 4317//4317 4424//4424
f 4317//4317 4320//4320 4318//4318
f 4318//4318 4363//4363 4317//4317
f 4319//4319 4320//4320 4238//4238
f 4365//4365 4320//4320 4319//4319
f 4365//4365 4362//4362 4320//4320
f 4318//4318 4320//4320 4362//4362
f 6936//6936 4366//4366 4365//4365
f 4366//4366 4146//4146 4239//4239
f 4365//4365 4319//4319 6936//6936
f 4132//4132 4321//4321 4313//4313
f 4321//4321 4133//4133 4322//4322
f 4360//4360 4322//4322 4241//4241
f 4371//4371 4313//4313 4321//4321
f 4323//4323 4236//4236 4240//4240
f 7169//7169 4323//4323 4240//4240
f 4242//4242 4376//4376 4149//4149
f 4375//4375 4376//4376 4242//4242
f 4314//4314 4315//4315 4326//4326
f 4328//4328 4450//4450 4327//4327
f 4504//4504 4450//4450 4328//4328
f 4245//4245 4244//4244 4453//4453
f 4245//4245 4453//4453 4452//4452
f 4246//4246 4453//4453 4244//4244
f 4244//4244 3680//3680 4246//4246
f 7223//7223 4380//4380 4246//4246
f 4381//4381 4246//4246 4380//4380
f 4381//4381 4453//4453 4246//4246
f 4509//4509 4385//4385 4247//4247
f 4456//4456 4247//4247 4385//4385
f 4456//4456 4101//4101 4247//4247
f 6931//6931 4272//4272 4330//4330
f 7132//7132 4346//4346 7172//7172
f 4273//4273 4114//4114 7172//7172
f 4465//4465 4290//4290 4460//4460
f 4465//4465 4468//4468 4119//4119
f 4391//4391 4331//4331 4274//4274
f 4398//4398 4396//4396 4332//4332
f 7133//7133 4336//4336 4333//4333
f 4333//4333 7199//7199 7133//7133
f 4336//4336 4335//4335 4333//4333
f 4332//4332 4396//4396 4102//4102
f 7178//7178 7174//7174 7176//7176
f 4337//4337 4102//4102 4334//4334
f 4334//4334 4102//4102 4396//4396
f 7179//7179 7173//7173 7175//7175
f 4333//4333 4335//4335 4399//4399
f 4338//4338 7180//7180 7177//7177
f 4336//4336 7195//7195 7182//7182
f 4336//4336 7133//7133 7195//7195
f 4337//4337 4339//4339 4344//4344
f 7183//7183 4340//4340 7181//7181
f 7184//7184 7182//7182 7195//7195
f 7186//7186 4342//4342 4341//4341
f 4337//4337 7186//7186 4341//4341
f 4339//4339 4337//4337 4341//4341
f 4343//4343 7189//7189 4340//4340
f 7184//7184 7191//7191 7182//7182
f 7183//7183 4343//4343 4340//4340
f 7187//7187 7190//7190 7192//7192
f 7188//7188 7193//7193 7185//7185
f 4551//4551 4346//4346 7469//7469
f 4118//4118 4123//4123 4400//4400
f 4400//4400 4123//4123 4401//4401
f 4401//4401 4123//4123 7341//7341
f 4347//4347 4350//4350 4349//4349
f 4348//4348 7199//7199 4333//4333
f 4348//4348 4347//4347 4349//4349
f 4350//4350 4347//4347 4426//4426
f 4406//4406 4407//4407 4350//4350
f 4349//4349 4350//4350 4276//4276
f 4408//4408 4352//4352 4350//4350
f 4407//4407 4408//4408 4350//4350
f 4291//4291 4276//4276 4350//4350
f 4350//4350 4352//4352 4291//4291
f 4368//4368 7200//7200 7244//7244
f 7201//7201 7203//7203 7245//7245
f 4352//4352 4353//4353 4292//4292
f 7209//7209 4354//4354 4355//4355
f 7206//7206 7204//7204 7202//7202
f 4351//4351 4293//4293 4354//4354
f 4356//4356 4292//4292 4353//4353
f 7210//7210 7205//7205 7207//7207
f 4353//4353 4352//4352 7208//7208
f 4356//4356 4296//4296 4292//4292
f 7209//7209 4355//4355 4298//4298
f 4293//4293 4355//4355 4354//4354
f 4304//4304 4357//4357 4412//4412
f 7247//7247 7074//7074 4289//4289
f 4357//4357 4304//4304 4305//4305
f 4305//4305 4306//4306 4358//4358
f 4358//4358 4359//4359 4439//4439
f 4439//4439 4305//4305 4358//4358
f 7252//7252 7079//7079 4441//4441
f 7079//7079 7213//7213 4441//4441
f 4322//4322 4360//4360 4321//4321
f 4371//4371 4321//4321 4360//4360
f 4360//4360 4236//4236 4416//4416
f 4236//4236 4372//4372 7253//7253
f 4416//4416 4371//4371 4360//4360
f 4326//4326 4361//4361 4314//4314
f 4315//4315 4419//4419 4417//4417
f 4326//4326 4417//4417 4361//4361
f 7254//7254 7170//7170 7168//7168
f 4315//4315 4418//4418 4419//4419
f 4316//4316 4237//4237 4495//4495
f 4418//4418 4315//4315 4316//4316
f 4424//4424 4317//4317 4363//4363
f 4362//4362 4363//4363 4318//4318
f 4363//4363 4362//4362 4364//4364
f 4363//4363 4364//4364 4424//4424
f 4429//4429 4425//4425 4364//4364
f 4362//4362 4365//4365 4364//4364
f 4429//4429 4364//4364 4366//4366
f 4364//4364 4365//4365 4366//4366
f 4430//4430 4366//4366 4239//4239
f 4367//4367 4430//4430 4239//4239
f 7262//7262 7212//7212 4433//4433
f 4436//4436 7268//7268 4367//4367
f 4436//4436 4367//4367 4368//4368
f 4438//4438 7268//7268 4436//4436
f 4438//4438 4436//4436 4368//4368
f 4444//4444 4313//4313 4447//4447
f 4447//4447 4313//4313 4371//4371
f 4445//4445 4369//4369 4370//4370
f 4370//4370 4369//4369 4312//4312
f 4312//4312 4444//4444 4370//4370
f 4370//4370 4443//4443 4445//4445
f 4443//4443 4370//4370 4444//4444
f 4236//4236 4323//4323 4372//4372
f 4448//4448 4372//4372 4373//4373
f 4372//4372 4323//4323 4373//4373
f 4325//4325 4376//4376 4324//4324
f 4374//4374 4373//4373 4323//4323
f 4374//4374 4323//4323 7169//7169
f 4324//4324 4376//4376 4500//4500
f 4417//4417 4500//4500 4376//4376
f 4361//4361 4376//4376 4375//4375
f 4361//4361 4417//4417 4376//4376
f 4243//4243 4377//4377 4506//4506
f 7333//7333 4150//4150 4243//4243
f 4505//4505 4379//4379 4150//4150
f 7214//7214 7171//7171 6962//6962
f 4509//4509 4247//4247 4379//4379
f 4454//4454 4383//4383 7223//7223
f 7282//7282 7220//7220 4455//4455
f 7282//7282 7216//7216 7220//7220
f 7283//7283 7284//7284 7221//7221
f 4381//4381 4380//4380 4382//4382
f 7218//7218 4380//4380 7223//7223
f 4383//4383 7218//7218 7223//7223
f 7217//7217 7219//7219 7222//7222
f 4456//4456 4385//4385 4509//4509
f 4384//4384 4329//4329 4386//4386
f 4346//4346 4551//4551 7172//7172
f 4551//4551 4273//4273 7172//7172
f 4512//4512 4290//4290 4388//4388
f 4387//4387 4512//4512 4388//4388
f 4389//4389 4119//4119 4468//4468
f 4274//4274 4119//4119 4389//4389
f 4389//4389 4390//4390 4274//4274
f 4390//4390 4391//4391 4274//4274
f 4391//4391 4480//4480 4395//4395
f 4481//4481 7232//7232 7310//7310
f 7312//7312 4461//4461 7233//7233
f 7234//7234 7287//7287 4462//4462
f 4462//4462 4394//4394 7234//7234
f 4392//4392 4332//4332 4331//4331
f 4395//4395 4331//4331 4391//4391
f 7235//7235 4393//4393 7228//7228
f 4395//4395 4392//4392 4331//4331
f 7228//7228 4393//4393 4398//4398
f 7230//7230 7229//7229 7236//7236
f 7240//7240 7229//7229 7230//7230
f 4399//4399 4335//4335 4397//4397
f 4396//4396 7237//7237 4334//4334
f 7237//7237 4396//4396 4398//4398
f 4398//4398 4332//4332 7228//7228
f 7238//7238 7240//7240 7241//7241
f 7230//7230 7241//7241 7240//7240
f 4333//4333 4399//4399 7231//7231
f 7173//7173 7239//7239 7175//7175
f 7469//7469 6932//6932 4558//4558
f 4559//4559 4118//4118 4561//4561
f 4587//4587 4118//4118 4400//4400
f 4558//4558 6932//6932 4559//4559
f 4561//4561 4118//4118 4587//4587
f 4587//4587 4400//4400 4401//4401
f 7341//7341 7417//7417 4401//4401
f 4222//4222 4402//4402 4517//4517
f 4463//4463 4460//4460 4290//4290
f 4512//4512 4463//4463 4290//4290
f 4465//4465 4516//4516 4468//4468
f 4466//4466 4404//4404 4403//4403
f 4470//4470 4466//4466 4403//4403
f 4404//4404 4405//4405 4348//4348
f 4403//4403 4404//4404 4474//4474
f 4347//4347 4348//4348 4405//4405
f 4333//4333 7231//7231 4404//4404
f 4404//4404 4348//4348 4333//4333
f 4347//4347 4405//4405 4426//4426
f 7313//7313 4404//4404 7231//7231
f 4406//4406 4350//4350 4426//4426
f 4432//4432 7269//7269 4406//4406
f 7269//7269 4409//4409 4406//4406
f 4431//4431 4406//4406 4426//4426
f 4432//4432 4406//4406 4431//4431
f 7277//7277 4409//4409 7269//7269
f 7242//7242 7278//7278 4437//4437
f 4368//4368 7244//7244 7275//7275
f 7276//7276 7246//7246 7243//7243
f 4409//4409 4407//4407 4406//4406
f 4407//4407 4409//4409 7277//7277
f 4410//4410 4519//4519 4411//4411
f 4289//4289 4519//4519 7247//7247
f 4289//4289 4520//4520 4519//4519
f 4523//4523 4412//4412 4357//4357
f 7248//7248 4413//4413 4304//4304
f 4523//4523 4357//4357 4305//4305
f 4305//4305 4483//4483 4523//4523
f 4305//4305 4439//4439 4483//4483
f 4439//4439 4359//4359 4484//4484
f 4484//4484 4483//4483 4439//4439
f 4414//4414 4359//4359 4309//4309
f 4532//4532 7252//7252 4441//4441
f 4442//4442 4415//4415 4538//4538
f 4415//4415 4444//4444 4447//4447
f 4415//4415 4447//4447 4538//4538
f 4485//4485 4371//4371 4416//4416
f 4419//4419 4421//4421 4417//4417
f 4419//4419 7255//7255 4420//4420
f 4419//4419 4420//4420 4421//4421
f 4420//4420 7255//7255 4422//4422
f 4420//4420 4422//4422 4493//4493
f 4426//4426 4405//4405 4492//4492
f 4421//4421 4420//4420 4493//4493
f 4421//4421 4493//4493 4417//4417
f 4418//4418 4316//4316 7256//7256
f 4495//4495 7256//7256 4316//4316
f 7256//7256 4495//4495 7325//7325
f 4423//4423 4427//4427 4426//4426
f 4428//4428 4497//4497 4424//4424
f 4427//4427 4423//4423 4498//4498
f 7328//7328 4497//4497 4428//4428
f 4425//4425 4429//4429 4435//4435
f 4425//4425 4428//4428 4364//4364
f 4428//4428 4424//4424 4364//4364
f 7258//7258 7261//7261 7257//7257
f 7257//7257 7273//7273 7258//7258
f 7258//7258 7260//7260 7261//7261
f 7261//7261 7260//7260 7329//7329
f 4429//4429 4366//4366 4434//4434
f 4429//4429 4434//4434 7263//7263
f 4429//4429 7264//7264 4435//4435
f 4433//4433 7271//7271 7262//7262
f 4430//4430 4434//4434 4366//4366
f 7274//7274 7265//7265 7259//7259
f 7266//7266 7272//7272 7267//7267
f 7272//7272 7270//7270 7267//7267
f 4368//4368 7275//7275 4438//4438
f 4440//4440 7213//7213 7281//7281
f 4445//4445 4446//4446 7279//7279
f 4415//4415 7279//7279 4446//4446
f 4441//4441 7213//7213 4440//4440
f 4442//4442 7280//7280 7279//7279
f 4442//4442 7279//7279 4415//4415
f 4532//4532 4441//4441 7369//7369
f 4442//4442 4538//4538 7280//7280
f 4415//4415 4445//4445 4443//4443
f 4444//4444 4415//4415 4443//4443
f 4446//4446 4445//4445 4415//4415
f 4537//4537 4447//4447 4371//4371
f 4448//4448 7253//7253 4372//4372
f 4500//4500 4373//4373 4374//4374
f 4449//4449 4448//4448 4373//4373
f 4500//4500 4449//4449 4373//4373
f 4499//4499 7253//7253 4448//4448
f 7330//7330 4449//4449 4500//4500
f 4449//4449 7330//7330 4448//4448
f 4374//4374 4324//4324 4500//4500
f 4490//4490 4500//4500 4417//4417
f 4506//4506 4377//4377 4573//4573
f 4377//4377 4450//4450 4501//4501
f 4501//4501 4450//4450 4504//4504
f 7333//7333 4451//4451 4150//4150
f 4150//4150 4451//4451 7332//7332
f 4543//4543 7171//7171 7214//7214
f 4543//4543 7214//7214 4542//4542
f 7282//7282 4455//4455 4508//4508
f 4452//4452 4453//4453 4508//4508
f 4547//4547 4456//4456 4509//4509
f 4548//4548 4101//4101 4510//4510
f 4386//4386 7283//7283 4384//4384
f 7283//7283 4386//4386 4458//4458
f 4457//4457 4458//4458 4386//4386
f 4457//4457 4583//4583 4458//4458
f 4551//4551 4583//4583 4457//4457
f 4551//4551 4457//4457 4386//4386
f 4458//4458 4583//4583 7283//7283
f 4329//4329 4273//4273 4551//4551
f 4386//4386 4329//4329 4551//4551
f 4459//4459 4460//4460 4463//4463
f 4511//4511 4460//4460 7286//7286
f 7289//7289 7288//7288 7314//7314
f 7231//7231 7290//7290 7313//7313
f 4463//4463 4512//4512 4459//4459
f 4466//4466 4525//4525 4486//4486
f 4511//4511 4465//4465 4460//4460
f 4552//4552 4466//4466 4464//4464
f 7337//7337 4464//4464 4469//4469
f 4405//4405 4404//4404 4486//4486
f 4486//4486 4404//4404 4466//4466
f 4471//4471 4467//4467 4466//4466
f 4466//4466 4467//4467 4464//4464
f 7293//7293 4389//4389 4468//4468
f 7291//7291 7338//7338 7292//7292
f 4471//4471 4469//4469 4467//4467
f 4467//4467 4469//4469 4464//4464
f 4466//4466 4470//4470 4471//4471
f 4389//4389 7293//7293 4472//4472
f 4389//4389 4472//4472 4390//4390
f 7295//7295 4471//4471 4470//4470
f 4472//4472 4391//4391 4390//4390
f 4474//4474 7296//7296 4403//4403
f 7295//7295 4470//4470 4403//4403
f 4477//4477 4473//4473 7225//7225
f 7299//7299 7226//7226 7298//7298
f 7298//7298 7306//7306 4476//4476
f 7298//7298 4476//4476 7299//7299
f 4474//4474 7304//7304 7296//7296
f 4391//4391 4472//4472 4475//4475
f 7227//7227 7301//7301 7307//7307
f 7302//7302 7297//7297 7305//7305
f 7303//7303 4476//4476 7306//7306
f 4391//4391 7300//7300 4479//4479
f 4404//4404 4478//4478 7308//7308
f 4404//4404 7308//7308 4474//4474
f 7309//7309 4478//4478 7311//7311
f 7313//7313 7311//7311 4478//4478
f 4404//4404 7313//7313 4478//4478
f 4480//4480 4391//4391 4479//4479
f 4518//4518 4402//4402 4411//4411
f 4518//4518 4411//4411 4519//4519
f 4289//4289 4482//4482 4520//4520
f 7344//7344 7250//7250 7249//7249
f 7156//7156 4304//4304 7315//7315
f 4413//4413 7315//7315 4304//4304
f 4359//4359 4414//4414 4529//4529
f 7211//7211 7352//7352 7317//7317
f 7353//7353 4483//4483 4484//4484
f 4531//4531 7354//7354 7252//7252
f 7252//7252 4532//4532 4531//4531
f 4525//4525 4487//4487 4486//4486
f 7318//7318 7253//7253 4499//4499
f 4537//4537 4371//4371 4485//4485
f 4488//4488 4487//4487 4528//4528
f 4488//4488 4528//4528 4535//4535
f 4537//4537 4485//4485 7366//7366
f 4487//4487 4492//4492 4405//4405
f 4487//4487 4405//4405 4486//4486
f 4488//4488 4492//4492 4487//4487
f 4536//4536 4485//4485 7330//7330
f 7330//7330 4500//4500 4536//4536
f 4491//4491 4488//4488 4535//4535
f 4489//4489 4490//4490 4417//4417
f 4489//4489 4417//4417 4493//4493
f 7323//7323 7319//7319 7324//7324
f 7323//7323 7322//7322 7319//7319
f 4488//4488 4491//4491 4492//4492
f 4536//4536 4500//4500 4490//4490
f 7323//7323 7367//7367 7368//7368
f 7322//7322 7323//7323 7368//7368
f 4423//4423 4426//4426 4492//4492
f 4492//4492 4494//4494 4423//4423
f 4496//4496 4423//4423 4494//4494
f 4494//4494 4492//4492 7320//7320
f 7327//7327 7326//7326 7325//7325
f 7325//7325 7326//7326 7321//7321
f 7325//7325 4495//4495 7327//7327
f 4424//4424 7327//7327 4495//4495
f 4496//4496 4498//4498 4423//4423
f 7328//7328 7327//7327 4497//4497
f 4497//4497 7327//7327 4424//4424
f 4538//4538 4447//4447 4537//4537
f 4502//4502 4503//4503 4504//4504
f 4504//4504 4328//4328 4502//4502
f 7171//7171 4543//4543 4502//4502
f 4503//4503 4502//4502 4539//4539
f 4502//4502 4543//4543 4539//4539
f 4572//4572 4501//4501 4504//4504
f 7332//7332 4451//4451 7333//7333
f 7333//7333 4540//4540 7332//7332
f 4507//4507 4379//4379 4505//4505
f 4507//4507 4608//4608 4379//4379
f 4505//4505 4676//4676 4507//4507
f 7215//7215 4541//4541 4575//4575
f 4541//4541 7215//7215 4546//4546
f 4545//4545 4379//4379 4544//4544
f 4608//4608 4544//4544 4379//4379
f 4508//4508 4614//4614 4452//4452
f 4581//4581 4508//4508 4455//4455
f 7284//7284 7283//7283 7415//7415
f 4547//4547 4613//4613 7285//7285
f 4613//4613 4101//4101 7285//7285
f 4510//4510 4101//4101 4613//4613
f 4657//4657 4548//4548 4510//4510
f 4555//4555 4550//4550 4459//4459
f 7377//7377 4511//4511 7286//7286
f 7334//7334 4515//4515 4513//4513
f 4466//4466 4552//4552 4525//4525
f 4459//4459 4512//4512 4555//4555
f 4552//4552 4464//4464 7335//7335
f 7339//7339 7334//7334 4513//4513
f 4464//4464 7337//7337 7335//7335
f 4514//4514 7335//7335 7336//7336
f 7335//7335 4514//4514 4552//4552
f 7334//7334 4556//4556 4515//4515
f 7390//7390 4552//4552 4514//4514
f 7390//7390 4514//4514 7336//7336
f 7340//7340 4465//4465 4511//4511
f 7291//7291 7292//7292 7294//7294
f 4518//4518 4517//4517 4402//4402
f 4521//4521 4601//4601 4519//4519
f 4601//4601 4521//4521 4522//4522
f 4601//4601 4518//4518 4519//4519
f 4519//4519 4520//4520 4521//4521
f 4522//4522 7251//7251 7345//7345
f 7343//7343 7315//7315 4413//4413
f 4521//4521 4520//4520 4522//4522
f 4522//4522 4520//4520 7316//7316
f 4522//4522 7345//7345 4565//4565
f 4525//4525 4566//4566 4528//4528
f 7345//7345 4524//4524 4565//4565
f 4565//4565 4524//4524 7395//7395
f 7396//7396 7346//7346 4568//4568
f 7400//7400 7347//7347 4570//4570
f 7347//7347 4523//4523 4483//4483
f 4570//4570 4483//4483 4527//4527
f 4483//4483 4570//4570 7347//7347
f 4526//4526 7355//7355 7351//7351
f 7350//7350 4526//4526 7404//7404
f 4487//4487 4525//4525 4528//4528
f 4530//4530 4528//4528 7356//7356
f 7358//7358 7357//7357 7360//7360
f 4530//4530 4533//4533 4528//4528
f 7359//7359 7361//7361 7362//7362
f 4533//4533 4530//4530 7363//7363
f 4535//4535 4528//4528 4533//4533
f 7364//7364 4532//4532 4534//4534
f 4533//4533 7365//7365 4535//4535
f 4537//4537 7366//7366 4534//4534
f 4534//4534 4532//4532 7369//7369
f 4537//4537 4534//4534 7369//7369
f 4536//4536 7366//7366 4485//4485
f 4503//4503 4539//4539 4574//4574
f 4504//4504 7331//7331 4572//4572
f 4676//4676 4540//4540 7410//7410
f 4540//4540 7333//7333 7410//7410
f 4540//4540 4676//4676 7332//7332
f 4507//4507 4676//4676 4608//4608
f 7214//7214 7412//7412 4542//4542
f 4544//4544 4685//4685 4545//4545
f 4545//4545 4509//4509 4379//4379
f 4378//4378 4452//4452 7370//7370
f 4508//4508 4581//4581 4614//4614
f 7370//7370 4452//4452 7463//7463
f 4657//4657 4510//4510 4613//4613
f 4617//4617 7372//7372 4618//4618
f 7465//7465 4549//4549 4548//4548
f 4387//4387 4548//4548 4549//4549
f 4387//4387 4553//4553 4512//4512
f 4553//4553 4555//4555 4512//4512
f 7224//7224 7374//7374 7383//7383
f 7383//7383 7374//7374 4554//4554
f 7378//7378 4557//4557 7391//7391
f 4552//4552 4585//4585 4525//4525
f 7381//7381 7385//7385 7375//7375
f 7334//7334 7379//7379 4556//4556
f 7391//7391 4557//4557 7386//7386
f 4552//4552 7390//7390 7387//7387
f 4553//4553 7392//7392 4555//4555
f 7389//7389 7393//7393 7380//7380
f 7394//7394 7384//7384 7388//7388
f 7469//7469 4558//4558 4560//4560
f 4560//4560 4558//4558 4559//4559
f 4562//4562 4560//4560 4559//4559
f 4562//4562 4559//4559 4563//4563
f 4563//4563 4559//4559 4561//4561
f 4563//4563 4561//4561 4587//4587
f 4562//4562 4563//4563 4587//4587
f 4587//4587 4517//4517 4564//4564
f 4564//4564 4517//4517 4518//4518
f 4587//4587 4564//4564 4518//4518
f 4602//4602 4601//4601 7395//7395
f 4585//4585 4566//4566 4525//4525
f 4522//4522 4565//4565 4601//4601
f 4565//4565 7395//7395 4601//4601
f 4567//4567 4528//4528 4566//4566
f 4567//4567 7348//7348 4528//4528
f 7401//7401 7399//7399 7397//7397
f 7399//7399 7401//7401 4571//4571
f 7348//7348 4567//4567 4569//4569
f 4567//4567 7407//7407 4569//4569
f 7400//7400 4570//4570 7408//7408
f 7405//7405 7349//7349 7402//7402
f 7355//7355 4526//4526 7350//7350
f 4483//4483 7353//7353 4527//4527
f 7406//7406 7403//7403 7409//7409
f 4572//4572 4377//4377 4501//4501
f 4572//4572 4573//4573 4377//4377
f 4635//4635 4503//4503 4574//4574
f 4575//4575 4541//4541 4609//4609
f 4543//4543 4542//4542 4610//4610
f 4542//4542 7412//7412 7457//7457
f 4609//4609 4541//4541 4641//4641
f 4685//4685 4544//4544 4608//4608
f 4580//4580 4509//4509 4545//4545
f 4577//4577 4576//4576 4541//4541
f 4644//4644 4576//4576 4577//4577
f 4541//4541 4576//4576 4644//4644
f 7413//7413 4578//4578 4705//4705
f 4577//4577 4541//4541 4546//4546
f 7413//7413 7371//7371 4578//4578
f 7370//7370 7463//7463 4579//4579
f 4578//4578 7371//7371 7414//7414
f 4580//4580 4547//4547 4509//4509
f 4648//4648 4693//4693 4547//4547
f 4580//4580 4648//4648 4547//4547
f 4693//4693 4613//4613 4547//4547
f 7415//7415 4582//4582 4707//4707
f 7415//7415 7283//7283 4582//4582
f 4583//4583 4582//4582 7283//7283
f 4583//4583 4584//4584 4582//4582
f 7382//7382 7466//7466 4616//4616
f 7466//7466 7382//7382 7376//7376
f 4735//4735 4583//4583 4551//4551
f 4621//4621 4585//4585 4552//4552
f 7469//7469 4560//4560 4623//4623
f 4586//4586 4623//4623 4560//4560
f 4625//4625 4623//4623 4586//4586
f 4587//4587 4560//4560 4562//4562
f 4586//4586 4560//4560 4587//4587
f 4587//4587 4627//4627 4631//4631
f 4586//4586 4587//4587 4629//4629
f 4585//4585 4628//4628 4589//4589
f 4625//4625 4586//4586 4629//4629
f 4629//4629 4587//4587 4631//4631
f 4588//4588 4518//4518 4590//4590
f 4587//4587 4518//4518 4627//4627
f 4627//4627 4518//4518 4588//4588
f 4594//4594 4585//4585 4589//4589
f 7420//7420 4594//4594 7418//7418
f 7418//7418 4594//4594 4589//4589
f 4589//4589 4634//4634 7418//7418
f 7419//7419 7484//7484 7475//7475
f 4601//4601 4593//4593 4518//4518
f 7342//7342 7430//7430 7421//7421
f 4596//4596 4593//4593 4601//4601
f 4598//4598 4596//4596 4601//4601
f 4598//4598 4601//4601 4604//4604
f 4594//4594 4591//4591 4585//4585
f 4566//4566 4585//4585 4591//4591
f 7424//7424 4594//4594 7420//7420
f 7422//7422 4592//4592 7425//7425
f 7426//7426 4566//4566 4591//4591
f 7427//7427 7423//7423 7431//7431
f 4595//4595 7428//7428 7432//7432
f 7434//7434 7433//7433 7436//7436
f 4597//4597 7426//7426 4599//4599
f 7444//7444 7434//7434 7436//7436
f 7445//7445 7437//7437 7440//7440
f 7446//7446 7441//7441 7438//7438
f 7429//7429 7435//7435 7447//7447
f 4600//4600 4566//4566 7426//7426
f 7450//7450 7398//7398 7448//7448
f 4597//4597 4600//4600 7426//7426
f 4597//4597 4603//4603 4600//4600
f 7449//7449 7452//7452 7451//7451
f 4604//4604 4601//4601 4605//4605
f 7442//7442 4606//4606 7439//7439
f 4603//4603 4597//4597 7454//7454
f 7455//7455 4604//4604 4605//4605
f 7453//7453 7455//7455 4605//4605
f 4601//4601 7453//7453 4605//4605
f 7453//7453 4601//4601 4602//4602
f 7443//7443 4604//4604 7455//7455
f 4539//4539 4607//4607 7411//7411
f 7456//7456 4635//4635 4574//4574
f 7331//7331 7486//7486 4636//4636
f 7460//7460 4607//4607 4539//4539
f 4636//4636 4572//4572 7331//7331
f 7458//7458 4611//4611 4610//4610
f 4542//4542 7458//7458 4610//4610
f 7490//7490 7461//7461 7459//7459
f 4678//4678 4607//4607 7460//7460
f 4678//4678 4677//4677 4607//4607
f 7460//7460 4539//4539 4543//4543
f 7494//7494 4642//4642 4612//4612
f 4612//4612 7493//7493 4641//4641
f 4577//4577 4653//4653 4646//4646
f 7494//7494 4612//4612 4541//4541
f 4705//4705 4578//4578 7414//7414
f 4705//4705 7414//7414 4655//4655
f 4541//4541 4612//4612 4641//4641
f 7501//7501 7413//7413 4705//4705
f 4654//4654 4655//4655 4579//4579
f 7463//7463 4654//4654 4579//4579
f 4685//4685 4580//4580 4545//4545
f 4649//4649 4580//4580 4685//4685
f 4649//4649 4648//4648 4580//4580
f 4618//4618 7372//7372 4652//4652
f 4718//4718 4582//4582 4584//4584
f 4707//4707 4582//4582 7578//7578
f 4706//4706 4654//4654 4614//4614
f 4614//4614 4581//4581 4706//4706
f 4718//4718 4584//4584 4662//4662
f 4619//4619 4584//4584 4583//4583
f 4585//4585 4689//4689 4620//4620
f 4615//4615 4661//4661 4621//4621
f 4621//4621 7382//7382 4615//4615
f 7382//7382 4616//4616 4615//4615
f 4661//4661 4615//4615 4616//4616
f 7464//7464 7467//7467 7498//7498
f 7498//7498 7507//7507 7464//7464
f 4616//4616 7466//7466 7468//7468
f 4662//4662 4584//4584 4619//4619
f 4619//4619 4583//4583 4662//4662
f 4668//4668 4551//4551 4666//4666
f 4551//4551 7469//7469 4666//4666
f 4670//4670 4666//4666 7469//7469
f 4670//4670 7469//7469 4667//4667
f 4667//4667 4626//4626 4673//4673
f 4667//4667 7469//7469 4626//4626
f 4585//4585 4620//4620 4628//4628
f 4624//4624 4628//4628 4620//4620
f 7469//7469 4623//4623 4626//4626
f 4624//4624 4620//4620 4672//4672
f 4626//4626 4623//4623 4674//4674
f 4674//4674 4623//4623 4625//4625
f 7470//7470 7527//7527 7473//7473
f 4674//4674 4673//4673 4626//4626
f 7526//7526 7528//7528 7471//7471
f 4589//4589 4628//4628 4633//4633
f 4630//4630 7476//7476 7479//7479
f 4633//4633 4634//4634 4589//4589
f 7484//7484 7479//7479 7475//7475
f 7484//7484 4630//4630 7479//7479
f 4633//4633 4628//4628 4632//4632
f 4630//4630 7480//7480 7476//7476
f 7481//7481 7478//7478 7483//7483
f 7483//7483 7478//7478 7485//7485
f 4628//4628 4624//4624 4632//4632
f 7482//7482 7472//7472 7474//7474
f 7477//7477 7482//7482 7474//7474
f 4636//4636 7486//7486 4738//4738
f 4636//4636 4811//4811 4572//4572
f 4635//4635 7456//7456 7532//7532
f 7491//7491 4637//4637 7462//7462
f 4740//4740 4635//4635 7532//7532
f 4638//4638 7487//7487 7492//7492
f 4682//4682 4610//4610 4611//4611
f 4682//4682 4611//4611 7488//7488
f 4638//4638 7492//7492 4687//4687
f 7492//7492 4686//4686 4687//4687
f 4683//4683 4678//4678 7460//7460
f 7488//7488 4684//4684 4682//4682
f 4687//4687 4684//4684 7489//7489
f 7487//7487 4638//4638 4687//4687
f 7493//7493 7538//7538 4641//4641
f 7493//7493 4645//4645 4640//4640
f 7538//7538 7493//7493 4640//4640
f 4639//4639 4750//4750 7495//7495
f 4639//4639 4647//4647 4752//4752
f 7494//7494 4643//4643 4642//4642
f 4644//4644 4577//4577 4646//4646
f 4642//4642 4643//4643 7495//7495
f 7495//7495 4643//4643 7494//7494
f 4639//4639 7495//7495 7494//7494
f 4647//4647 4646//4646 4653//4653
f 4639//4639 7494//7494 4647//4647
f 4644//4644 4646//4646 4647//4647
f 4647//4647 4653//4653 4752//4752
f 4689//4689 4621//4621 4691//4691
f 4685//4685 4692//4692 4649//4649
f 4692//4692 4693//4693 4649//4649
f 4693//4693 4648//4648 4649//4649
f 4700//4700 4702//4702 4613//4613
f 4657//4657 4659//4659 4548//4548
f 4613//4613 4650//4650 4657//4657
f 4657//4657 4660//4660 4659//4659
f 4651//4651 7502//7502 7496//7496
f 4613//4613 4702//4702 4650//4650
f 7496//7496 7553//7553 4651//4651
f 7554//7554 4656//4656 7497//7497
f 4659//4659 7499//7499 7373//7373
f 4659//4659 4660//4660 7499//7499
f 7415//7415 4707//4707 4706//4706
f 4621//4621 4689//4689 4585//4585
f 7497//7497 4656//4656 4621//4621
f 4621//4621 4658//4658 7497//7497
f 7508//7508 7505//7505 7503//7503
f 4661//4661 4658//4658 4621//4621
f 7504//7504 7502//7502 4651//4651
f 7502//7502 7504//7504 7509//7509
f 7506//7506 7510//7510 7500//7500
f 4721//4721 7416//7416 4663//4663
f 4662//4662 4583//4583 7580//7580
f 4722//4722 4721//4721 4663//4663
f 4735//4735 4730//4730 4583//4583
f 7592//7592 4663//4663 7416//7416
f 4735//4735 4551//4551 4664//4664
f 4720//4720 4665//4665 4620//4620
f 7511//7511 7514//7514 4734//4734
f 4730//4730 4735//4735 4733//4733
f 4735//4735 4736//4736 4733//4733
f 4664//4664 4551//4551 4668//4668
f 4689//4689 4720//4720 4620//4620
f 4669//4669 4620//4620 4665//4665
f 7520//7520 7515//7515 7512//7512
f 4664//4664 7603//7603 4735//4735
f 7518//7518 7521//7521 7513//7513
f 7519//7519 7516//7516 7522//7522
f 4669//4669 4672//4672 4620//4620
f 4671//4671 4675//4675 4672//4672
f 4671//4671 4672//4672 4669//4669
f 4667//4667 7529//7529 4670//4670
f 7529//7529 4667//4667 4673//4673
f 7523//7523 7517//7517 7524//7524
f 7525//7525 7523//7523 7524//7524
f 7524//7524 7530//7530 7525//7525
f 7526//7526 7531//7531 7528//7528
f 7529//7529 4673//4673 4674//4674
f 4676//4676 4739//4739 4608//4608
f 4678//4678 7610//7610 4677//4677
f 4679//4679 7610//7610 4678//4678
f 4679//4679 4683//4683 4684//4684
f 4680//4680 4679//4679 4684//4684
f 7534//7534 4681//4681 7533//7533
f 4683//4683 4610//4610 4682//4682
f 4682//4682 4684//4684 4683//4683
f 4683//4683 4679//4679 4678//4678
f 4739//4739 4685//4685 4608//4608
f 4688//4688 4680//4680 4684//4684
f 7534//7534 4744//4744 4681//4681
f 4688//4688 4687//4687 4686//4686
f 4640//4640 4645//4645 4747//4747
f 4747//4747 4645//4645 7627//7627
f 4688//4688 4684//4684 4687//4687
f 7538//7538 4640//4640 7539//7539
f 7539//7539 4640//4640 4747//4747
f 4691//4691 4656//4656 4742//4742
f 4691//4691 4621//4621 4656//4656
f 4739//4739 4696//4696 4685//4685
f 4690//4690 4742//4742 4656//4656
f 7543//7543 7614//7614 7540//7540
f 4739//4739 7615//7615 4696//4696
f 4692//4692 4694//4694 4693//4693
f 4613//4613 4693//4693 4703//4703
f 4685//4685 4696//4696 4692//4692
f 4692//4692 4697//4697 4694//4694
f 4693//4693 4704//4704 4703//4703
f 4697//4697 4692//4692 4696//4696
f 4697//4697 4699//4699 4694//4694
f 4699//4699 4693//4693 4694//4694
f 4704//4704 4693//4693 4695//4695
f 4656//4656 7556//7556 7541//7541
f 4701//4701 7556//7556 4656//4656
f 4698//4698 7543//7543 7540//7540
f 4697//4697 7544//7544 7545//7545
f 4699//4699 4697//4697 7545//7545
f 7546//7546 4690//4690 4656//4656
f 7541//7541 7546//7546 4656//4656
f 7547//7547 7546//7546 7541//7541
f 4699//4699 7542//7542 4693//4693
f 4703//4703 7548//7548 4613//4613
f 7555//7555 7549//7549 7551//7551
f 7554//7554 4701//4701 4656//4656
f 7548//7548 4703//4703 4704//4704
f 7550//7550 7557//7557 7552//7552
f 4705//4705 4752//4752 7501//7501
f 4750//4750 4639//4639 4752//4752
f 4758//4758 4705//4705 4655//4655
f 4758//4758 4655//4655 4654//4654
f 4760//4760 4654//4654 4706//4706
f 4707//4707 4760//4760 4706//4706
f 4689//4689 4784//4784 4756//4756
f 4711//4711 4707//4707 7578//7578
f 4764//4764 4707//4707 4711//4711
f 7636//7636 4710//4710 7558//7558
f 4718//4718 4713//4713 7561//7561
f 4713//4713 4718//4718 4719//4719
f 4708//4708 4712//4712 4689//4689
f 4760//4760 4707//4707 4709//4709
f 7560//7560 7558//7558 4710//4710
f 7579//7579 4724//4724 4717//4717
f 4689//4689 4756//4756 4708//4708
f 7637//7637 7562//7562 4708//4708
f 7563//7563 7566//7566 7559//7559
f 4714//4714 7567//7567 7564//7564
f 7568//7568 7570//7570 7565//7565
f 7571//7571 7569//7569 4716//4716
f 7574//7574 4713//4713 4719//4719
f 4715//4715 4712//4712 7572//7572
f 7575//7575 7579//7579 4717//4717
f 4717//4717 7586//7586 4729//4729
f 4708//4708 4763//4763 7637//7637
f 4763//4763 4708//4708 4756//4756
f 7560//7560 7636//7636 4765//4765
f 4710//4710 7636//7636 7560//7560
f 4768//4768 4760//4760 4709//4709
f 7638//7638 4768//4768 4709//4709
f 7573//7573 7576//7576 4766//4766
f 7641//7641 4715//4715 7572//7572
f 7575//7575 4717//4717 4767//4767
f 4715//4715 7644//7644 7590//7590
f 4729//4729 4767//4767 4717//4717
f 4662//4662 4719//4719 4718//4718
f 7579//7579 4662//4662 7580//7580
f 7582//7582 4731//4731 4720//4720
f 7579//7579 7580//7580 4724//4724
f 7586//7586 7581//7581 4725//4725
f 7583//7583 4725//4725 7581//7581
f 4720//4720 4723//4723 7582//7582
f 4723//4723 7587//7587 7582//7582
f 4689//4689 4712//4712 4720//4720
f 4712//4712 4715//4715 4723//4723
f 4720//4720 4712//4712 4723//4723
f 4728//4728 7587//7587 4723//4723
f 4728//4728 4723//4723 4715//4715
f 4727//4727 7586//7586 7589//7589
f 4725//4725 7589//7589 7586//7586
f 4728//4728 4715//4715 4726//4726
f 7588//7588 7591//7591 4727//4727
f 4727//4727 4729//4729 7586//7586
f 7589//7589 7588//7588 4727//4727
f 4715//4715 7590//7590 4726//4726
f 4665//4665 4720//4720 4731//4731
f 4663//4663 7592//7592 7584//7584
f 7600//7600 7595//7595 7593//7593
f 7594//7594 7596//7596 7585//7585
f 4732//4732 4665//4665 4731//4731
f 7604//7604 4665//4665 4732//4732
f 7601//7601 7598//7598 7597//7597
f 7599//7599 7602//7602 7605//7605
f 7603//7603 7606//7606 4735//4735
f 4732//4732 7607//7607 7604//7604
f 4635//4635 4740//4740 7608//7608
f 7608//7608 4740//4740 4737//4737
f 7611//7611 4771//4771 4770//4770
f 4740//4740 7648//7648 4737//4737
f 4636//4636 4738//4738 4811//4811
f 7609//7609 4573//4573 4572//4572
f 4739//4739 4676//4676 7410//7410
f 4773//4773 7612//7612 4778//4778
f 7610//7610 4679//4679 7655//7655
f 4679//4679 7537//7537 7655//7655
f 4739//4739 4776//4776 7615//7615
f 4742//4742 7653//7653 4741//4741
f 4742//4742 4741//4741 4691//4691
f 7656//7656 7617//7617 4743//4743
f 7535//7535 4746//4746 4745//4745
f 7616//7616 7618//7618 4745//4745
f 4745//4745 7618//7618 7535//7535
f 7655//7655 7537//7537 7619//7619
f 7620//7620 7536//7536 4748//4748
f 7616//7616 4745//4745 4746//4746
f 7623//7623 4680//4680 4688//4688
f 4747//4747 7627//7627 4749//4749
f 7624//7624 7539//7539 4747//4747
f 7625//7625 4789//4789 7622//7622
f 4756//4756 4784//4784 4803//4803
f 4784//4784 4689//4689 4774//4774
f 4751//4751 7626//7626 4750//4750
f 4796//4796 7626//7626 4751//4751
f 4752//4752 4796//4796 4751//4751
f 4791//4791 4752//4752 4753//4753
f 4791//4791 4753//4753 4804//4804
f 4752//4752 4751//4751 4750//4750
f 4705//4705 4753//4753 4752//4752
f 4753//4753 4705//4705 4758//4758
f 4754//4754 4753//4753 4758//4758
f 4806//4806 4754//4754 4759//4759
f 7692//7692 7630//7630 4755//4755
f 4755//4755 4803//4803 4805//4805
f 4755//4755 4757//4757 4803//4803
f 4757//4757 4756//4756 4803//4803
f 4759//4759 4754//4754 4758//4758
f 4759//4759 4758//4758 4762//4762
f 7629//7629 7631//7631 7633//7633
f 4758//4758 4654//4654 4760//4760
f 4758//4758 4760//4760 4762//4762
f 4763//4763 4757//4757 4761//4761
f 4760//4760 4768//4768 4762//4762
f 4761//4761 4757//4757 4755//4755
f 7632//7632 7634//7634 7646//7646
f 7635//7635 4761//4761 4755//4755
f 4763//4763 4756//4756 4757//4757
f 4763//4763 7639//7639 7637//7637
f 7645//7645 7642//7642 7577//7577
f 7643//7643 7644//7644 4715//4715
f 4763//4763 4761//4761 7639//7639
f 7640//7640 7632//7632 7646//7646
f 4737//4737 7648//7648 4838//4838
f 4812//4812 7696//7696 4737//4737
f 4737//4737 7696//7696 7608//7608
f 4815//4815 4572//4572 4811//4811
f 4739//4739 4769//4769 4777//4777
f 7654//7654 7647//7647 4775//4775
f 4739//4739 4816//4816 4769//4769
f 4775//4775 7647//7647 7705//7705
f 4776//4776 4739//4739 4777//4777
f 4771//4771 4772//4772 4818//4818
f 4771//4771 7611//7611 4772//4772
f 4778//4778 4821//4821 4773//4773
f 7651//7651 7613//7613 7712//7712
f 7612//7612 4773//4773 4821//4821
f 7654//7654 4775//4775 4774//4774
f 4691//4691 4741//4741 7654//7654
f 7653//7653 7654//7654 4741//4741
f 4691//4691 4774//4774 4689//4689
f 4691//4691 7654//7654 4774//4774
f 4780//4780 7616//7616 4746//4746
f 4781//4781 7620//7620 4748//4748
f 4779//4779 7656//7656 4743//4743
f 4780//4780 7621//7621 7658//7658
f 4779//4779 7713//7713 7656//7656
f 7657//7657 7616//7616 4780//4780
f 4820//4820 7657//7657 4780//4780
f 7658//7658 4822//4822 4780//4780
f 4785//4785 4826//4826 4823//4823
f 4824//4824 7659//7659 4782//4782
f 4783//4783 7660//7660 7718//7718
f 7669//7669 7666//7666 7661//7661
f 7719//7719 7662//7662 7672//7672
f 7673//7673 7663//7663 4786//4786
f 7667//7667 4787//4787 4788//4788
f 7668//7668 7670//7670 7675//7675
f 4786//4786 7663//7663 7676//7676
f 7678//7678 7676//7676 7663//7663
f 7714//7714 7664//7664 7720//7720
f 4823//4823 7721//7721 7671//7671
f 7721//7721 7677//7677 7671//7671
f 7622//7622 4789//4789 7679//7679
f 7665//7665 7624//7624 4747//4747
f 4747//4747 7680//7680 7665//7665
f 4803//4803 4784//4784 4785//4785
f 4784//4784 4826//4826 4785//4785
f 4794//4794 7674//7674 7677//7677
f 4794//4794 4785//4785 7674//7674
f 4789//4789 4824//4824 7679//7679
f 4790//4790 4796//4796 4831//4831
f 7679//7679 4824//4824 4782//4782
f 7721//7721 4794//4794 7677//7677
f 4789//4789 4830//4830 4824//4824
f 4830//4830 4789//4789 4790//4790
f 4831//4831 4830//4830 4790//4790
f 4831//4831 4796//4796 4834//4834
f 4792//4792 4796//4796 4752//4752
f 4791//4791 4792//4792 4752//4752
f 4799//4799 7681//7681 4793//4793
f 7683//7683 4791//4791 4804//4804
f 7683//7683 4804//4804 4795//4795
f 7681//7681 4799//4799 4798//4798
f 4799//4799 4793//4793 7685//7685
f 4792//4792 4791//4791 4798//4798
f 4789//4789 7625//7625 4790//4790
f 4796//4796 4790//4790 7626//7626
f 4794//4794 7689//7689 7686//7686
f 4803//4803 4785//4785 4794//4794
f 4792//4792 4798//4798 4797//4797
f 4797//4797 4798//4798 4802//4802
f 4802//4802 4798//4798 4800//4800
f 4799//4799 4800//4800 4798//4798
f 4796//4796 4792//4792 4801//4801
f 4794//4794 4835//4835 7689//7689
f 4801//4801 7682//7682 7688//7688
f 4801//4801 7688//7688 7690//7690
f 4799//4799 4802//4802 4800//4800
f 4834//4834 4796//4796 4801//4801
f 4799//4799 7741//7741 4802//4802
f 4833//4833 4801//4801 7690//7690
f 4809//4809 4805//4805 4803//4803
f 7692//7692 4805//4805 4809//4809
f 4755//4755 4805//4805 7692//7692
f 4807//4807 4804//4804 4753//4753
f 4807//4807 4753//4753 4808//4808
f 4808//4808 4753//4753 4754//4754
f 7693//7693 7694//7694 7628//7628
f 4795//4795 4804//4804 4807//4807
f 7694//7694 4795//4795 4807//4807
f 7694//7694 4807//4807 4808//4808
f 7694//7694 4808//4808 7628//7628
f 4809//4809 4803//4803 4794//4794
f 7684//7684 7687//7687 7695//7695
f 4810//4810 7747//7747 4837//4837
f 4837//4837 4812//4812 4810//4810
f 4840//4840 7699//7699 7746//7746
f 4737//4737 7747//7747 4810//4810
f 4810//4810 4812//4812 4737//4737
f 7700//7700 4814//4814 7697//7697
f 7697//7697 4814//4814 4813//4813
f 4819//4819 4813//4813 4814//4814
f 7709//7709 4774//4774 7702//7702
f 7701//7701 7750//7750 7703//7703
f 7751//7751 4819//4819 4814//4814
f 7609//7609 4572//4572 7704//7704
f 7704//7704 7706//7706 7609//7609
f 7705//7705 7702//7702 4774//4774
f 7706//7706 7704//7704 7698//7698
f 7707//7707 7697//7697 4813//4813
f 7705//7705 4774//4774 4775//4775
f 4817//4817 4845//4845 4818//4818
f 4817//4817 4847//4847 4845//4845
f 4847//4847 4817//4817 4852//4852
f 4838//4838 7648//7648 4841//4841
f 7752//7752 4770//4770 4771//4771
f 7767//7767 7649//7649 7708//7708
f 4817//4817 4818//4818 4772//4772
f 4852//4852 4817//4817 7652//7652
f 7712//7712 7786//7786 7651//7651
f 7709//7709 4850//4850 4774//4774
f 7712//7712 7657//7657 4820//4820
f 7786//7786 7712//7712 4820//4820
f 4826//4826 4825//4825 4823//4823
f 4780//4780 4822//4822 4827//4827
f 7727//7727 7715//7715 4828//4828
f 7724//7724 7730//7730 7716//7716
f 4823//4823 4825//4825 7721//7721
f 7725//7725 7717//7717 7722//7722
f 4784//4784 4774//4774 4850//4850
f 4780//4780 4827//4827 4820//4820
f 7731//7731 4825//4825 4826//4826
f 4826//4826 4784//4784 4850//4850
f 4826//4826 4829//4829 7728//7728
f 7728//7728 4829//4829 7710//7710
f 7726//7726 7729//7729 7732//7732
f 4826//4826 4850//4850 4829//4829
f 7734//7734 4832//4832 7723//7723
f 7735//7735 4830//4830 4831//4831
f 7735//7735 4831//4831 7738//7738
f 4834//4834 4801//4801 4833//4833
f 7742//7742 7739//7739 7737//7737
f 7691//7691 7742//7742 7737//7737
f 4836//4836 7740//7740 7743//7743
f 4836//4836 7736//7736 7740//7740
f 4794//4794 7744//7744 4835//4835
f 7744//7744 4794//4794 7721//7721
f 7745//7745 7723//7723 4832//4832
f 7751//7751 7780//7780 4819//4819
f 7753//7753 4839//4839 7747//7747
f 4839//4839 4837//4837 7747//7747
f 7746//7746 7748//7748 4840//4840
f 7772//7772 7787//7787 4843//4843
f 7767//7767 4844//4844 7649//7649
f 7765//7765 4842//4842 7650//7650
f 7752//7752 4771//4771 7758//7758
f 7733//7733 7754//7754 7761//7761
f 7761//7761 7754//7754 7759//7759
f 7768//7768 4846//4846 7766//7766
f 4846//4846 7768//7768 7773//7773
f 7762//7762 7760//7760 7769//7769
f 7765//7765 7770//7770 4842//4842
f 7771//7771 7774//7774 7763//7763
f 7781//7781 7754//7754 7733//7733
f 4851//4851 4848//4848 7782//7782
f 7755//7755 7783//7783 7775//7775
f 7749//7749 7780//7780 7751//7751
f 7776//7776 7784//7784 4849//4849
f 7785//7785 7780//7780 7749//7749
f 7785//7785 7749//7749 7756//7756
f 7785//7785 7756//7756 7778//7778
f 7757//7757 7777//7777 7779//7779
f 7787//7787 7711//7711 4843//4843
f 4829//4829 7764//7764 7710//7710
