# Wavafront OBJ file of BodyParts3D
# BodyParts3D, Copyright(C) 2010-2011 The Database Center for Life Science licensed under CC Attribution-Share Alike 2.1 Japan.
vn 0.605153 -0.794319 0.053355
v -21.1311 -73.6635 1101.09
vn 0.99187 -0.113646 0.0572659
v -20.0406 -71.78 1101.78
vn 0.646555 -0.503955 0.572709
v -20.3587 -71.7278 1102.79
vn 0.877854 -0.280269 0.388358
v -20.1689 -71.5075 1102.7
vn 0.427938 -0.500705 0.752438
v -20.6571 -71.6413 1103.09
vn 0.987778 -0.0674084 0.140539
v -20.0838 -71.3491 1102.53
vn 0.698866 -0.262367 0.665394
v -20.3607 -71.2622 1103.09
vn 0.906675 -0.0942067 0.411177
v -20.1311 -71.0628 1102.77
vn 0.947645 -0.285494 -0.143048
v -20.5378 -72.5063 1099.43
vn 0.984476 0.0170228 -0.17469
v -20.5243 -72.0548 1099.25
vn 0.812197 -0.558167 0.169662
v -20.265 -72.6832 1101.28
vn 0.876688 -0.468334 -0.109915
v -20.3373 -72.8372 1100.73
vn 0.971686 -0.233901 -0.0334068
v -20.1311 -72.3741 1101.16
vn 0.970165 -0.147499 -0.192415
v -20.1829 -72.3825 1100.83
vn 0.986942 0.0221715 -0.159543
v -20.0967 -71.7288 1101.21
vn 0.583004 -0.70853 0.397607
v -21.113 -73.4234 1101.62
vn 0.494324 -0.63457 0.594108
v -21.0501 -72.9262 1102.2
vn 0.827405 -0.466016 0.313417
v -20.1676 -72.2409 1101.88
vn 0.0357634 -0.723897 0.68898
v -22.4445 -72.7238 1103.03
vn 0.948277 -0.155324 0.276849
v -20.3893 -72.4751 1097.11
vn 0.707476 -0.705746 -0.0374308
v -20.9182 -73.0496 1098.88
vn 0.82573 -0.537937 0.169685
v -20.8534 -73.0342 1097.95
vn 0.370109 -0.753763 0.543011
v -21.4972 -73.5286 1101.84
vn 0.161617 -0.843317 0.512539
v -21.7659 -73.758 1101.64
vn 0.339507 -0.892917 0.295693
v -21.634 -73.9083 1101.22
vn -0.0482565 -0.886497 0.460211
v -22.0715 -73.9053 1101.4
vn -0.0171731 -0.961998 0.272517
v -22.2948 -74.1713 1100.77
vn 0.709311 -0.692097 0.133713
v -20.4173 -73.6405 1094.77
vn 0.960697 -0.223367 0.164827
v -20.2374 -73.0584 1095.92
vn 0.897871 -0.437766 -0.0467835
v -20.1647 -73.3264 1094.48
vn 0.966424 -0.218925 0.134523
v -20.0226 -72.896 1094.62
vn 0.541555 -0.80613 0.238479
v -20.9571 -73.6763 1096.35
vn 0.744054 -0.63274 0.214531
v -20.4143 -73.3011 1096.02
vn 0.500125 -0.834826 0.230089
v -21.5952 -73.9 1096.65
vn 0.571066 -0.808707 0.140981
v -21.6748 -73.6231 1098.08
vn 0.536361 -0.822046 0.1912
v -21.3084 -73.6468 1097.1
vn 0.508851 -0.860714 0.015575
v -22.4455 -74.2171 1098.97
vn -0.0469109 -0.993105 0.107436
v -23.1158 -74.4299 1099.24
vn 0.316689 -0.936551 0.15027
v -22.6908 -74.4244 1098.3
vn -0.556098 -0.810645 0.18333
v -23.5992 -74.2541 1099.2
vn 0.326022 -0.944957 0.02766
v -22.2303 -74.2145 1100.32
vn -0.33808 -0.820997 0.46007
v -22.7961 -74.0196 1100.86
vn -0.376264 -0.85607 0.354357
v -23.1386 -74.1606 1100.25
vn -0.252737 -0.937231 0.240253
v -23.1827 -74.3427 1099.69
vn -0.566449 -0.71835 0.403867
v -23.3052 -73.9806 1100.39
vn -0.467124 -0.846937 0.253956
v -23.4106 -74.2807 1099.56
vn -0.621448 -0.721329 0.305756
v -23.5795 -74.0964 1099.71
vn 0.649497 -0.759645 -0.0330555
v -20.5045 -73.771 1094.21
vn 0.432196 -0.901733 0.00913741
v -21.3883 -74.2607 1094.31
vn 0.744771 -0.596997 -0.29818
v -20.6689 -73.7788 1093.62
vn 0.52443 -0.844285 -0.110257
v -21.1587 -74.1789 1093.5
vn 0.331553 -0.943427 0.00426972
v -21.51 -74.3364 1093.74
vn 0.673193 -0.582936 -0.45497
v -21.1069 -74.0676 1093.3
vn 0.473979 -0.868857 0.142941
v -21.6988 -74.4077 1095.31
vn 0.54006 -0.828207 0.149695
v -22.0177 -74.2858 1096.42
vn 0.402391 -0.914987 -0.0296586
v -21.9721 -74.5706 1094.63
vn 0.298892 -0.952491 0.0585204
v -22.4389 -74.7384 1095.03
vn 0.40555 -0.908862 0.097464
v -22.857 -74.6984 1097.19
vn 0.138207 -0.979729 0.145015
v -23.1061 -74.8017 1097.02
vn 0.349138 -0.933446 0.0823475
v -22.9421 -74.7729 1096.16
vn -0.184891 -0.979039 0.0854265
v -23.399 -74.8219 1096.83
vn -0.272713 -0.93336 0.233382
v -23.4793 -74.7182 1097.28
vn -0.507598 -0.849649 0.142972
v -23.6772 -74.6994 1096.91
vn -0.07505 -0.978414 0.192546
v -23.177 -74.5023 1098.22
vn -0.445601 -0.875327 0.187732
v -23.6765 -74.4028 1097.96
vn 0.458465 -0.857432 -0.233709
v -21.5738 -74.3104 1092.97
vn 0.325126 -0.94267 -0.0752752
v -21.6564 -74.3729 1093.16
vn 0.168667 -0.984084 -0.0559495
v -21.8626 -74.4326 1093.5
vn 0.280618 -0.951432 -0.126609
v -22.0639 -74.5002 1093.85
vn 0.168323 -0.978027 -0.123005
v -21.8393 -74.4105 1093.03
vn 0.190335 -0.952217 -0.238862
v -22.603 -74.6875 1093.97
vn 0.253848 -0.964114 -0.0777464
v -22.4024 -74.7372 1094.57
vn 0.120658 -0.992598 0.0138506
v -23.2086 -74.8877 1095.01
vn 0.971358 -0.000145293 0.237621
v -20.1314 -69.7861 1102.93
vn 0.816594 -0.014277 0.577036
v -20.2167 -69.5317 1103.15
vn 0.527413 0.0423941 0.848551
v -20.6721 -69.702 1103.56
vn 0.658705 0.119271 0.742888
v -20.403 -69.1066 1103.32
vn 0.989606 0.0539715 -0.133294
v -20.1119 -70.4958 1101.89
vn 0.633952 -0.117598 0.764379
v -20.6166 -70.6769 1103.48
vn 0.443141 -0.277425 0.852444
v -20.8375 -70.7826 1103.6
vn 0.497115 -0.0840817 0.863601
v -20.799 -70.5039 1103.63
vn 0.350156 -0.109673 0.930249
v -21.4608 -70.3365 1103.95
vn 0.178977 -0.237563 0.954741
v -23.0459 -70.6344 1104.35
vn -0.0504901 -0.214874 0.975336
v -23.309 -70.3816 1104.42
vn 0.922068 -0.0247366 0.386237
v -20.5013 -70.7164 1097.73
vn -0.470099 -0.696222 0.542478
v -23.1076 -72.3544 1103.1
vn 0.264997 -0.414066 0.870819
v -22.4023 -71.4033 1103.94
vn -0.0969264 -0.61524 0.782358
v -22.9112 -71.7732 1103.82
vn 0.00639872 -0.437954 0.898975
v -22.9865 -71.244 1104.14
vn -0.31527 -0.590624 0.742811
v -23.2603 -71.4715 1103.95
vn -0.0629138 -0.326191 0.943208
v -23.169 -70.8169 1104.31
vn -0.291257 -0.446567 0.846019
v -23.4615 -71.0479 1104.15
vn -0.50062 -0.574283 0.647749
v -23.8372 -71.1076 1103.9
vn -0.614549 -0.63178 0.472423
v -23.9816 -71.3104 1103.5
vn -0.224597 -0.302823 0.926204
v -23.4731 -70.5005 1104.37
vn 0.935613 -0.0848039 0.34269
v -19.6439 -71.478 1094.07
vn 0.983389 0.0109406 0.181182
v -19.5875 -71.2622 1093.84
vn 0.976668 -0.0241919 0.213387
v -19.5699 -71.0463 1093.69
vn 0.991212 -0.0584409 0.118677
v -20.6094 -72.1531 1098.22
vn -0.662481 -0.628212 0.408006
v -24.3172 -71.8957 1102.17
vn 0.808317 -0.501299 -0.308743
v -20.0989 -72.5974 1093.16
vn 0.946727 -0.252318 0.200106
v -19.7295 -71.9309 1093.96
vn 0.97536 -0.167829 0.143202
v -19.5999 -71.6151 1093.84
vn 0.940384 -0.106989 0.32285
v -19.8289 -71.7701 1094.32
vn 0.960745 -0.276038 -0.0277926
v -19.617 -71.7223 1093.57
vn 0.992202 -0.116458 0.0444051
v -19.5498 -71.3074 1093.43
vn 0.88472 -0.388714 -0.257239
v -19.7229 -71.6385 1092.8
vn 0.965268 -0.213678 -0.150328
v -19.5667 -71.2215 1092.94
vn -0.710028 -0.646303 0.279557
v -24.476 -73.1749 1099.74
vn 0.670334 -0.591152 -0.448545
v -20.511 -72.9271 1092.85
vn 0.550527 -0.601124 -0.579284
v -20.8406 -73.0599 1092.63
vn 0.747521 -0.536374 -0.391811
v -20.3176 -72.519 1092.54
vn 0.647738 -0.417082 -0.637556
v -21.5518 -73.243 1092.15
vn 0.5209 -0.687206 -0.506371
v -20.6058 -72.524 1092.12
vn 0.46363 -0.567714 -0.680256
v -21.4078 -72.9139 1092.04
vn -0.673791 -0.720244 0.16509
v -24.3648 -73.9722 1097.53
vn 0.477697 -0.798795 -0.365693
v -21.9721 -74.2749 1092.24
vn 0.776174 -0.322265 -0.54194
v -21.7164 -73.8312 1092.21
vn 0.701646 -0.44036 -0.560157
v -21.9623 -74.0288 1091.95
vn 0.406001 -0.700545 -0.586856
v -22.1643 -74.1735 1091.89
vn 0.0579591 -0.938126 -0.341409
v -22.3757 -74.2802 1091.98
vn 0.726684 -0.199582 -0.657341
v -22.0097 -73.8507 1091.81
vn 0.611481 -0.326993 -0.720532
v -22.1651 -73.9095 1091.68
vn 0.382603 -0.51923 -0.764209
v -22.3965 -73.9281 1091.53
vn 0.126189 -0.749583 -0.64977
v -22.6621 -74.0802 1091.58
vn -0.107674 -0.891123 -0.440801
v -22.8322 -74.1523 1091.7
vn -0.308403 -0.933674 -0.182047
v -22.9453 -74.1766 1091.87
vn 0.651115 -0.248657 -0.717091
v -21.7517 -73.1644 1091.92
vn 0.640368 -0.0905301 -0.762714
v -22.159 -73.5049 1091.62
vn 0.542869 -0.196882 -0.816413
v -22.4294 -73.7317 1091.42
vn -0.00869611 -0.692319 -0.721539
v -22.8518 -73.984 1091.47
vn -0.279136 -0.828597 -0.485293
v -23.022 -74.0561 1091.59
vn 0.513911 -0.0599054 -0.855749
v -22.5176 -73.5613 1091.35
vn 0.298785 -0.396412 -0.868093
v -22.6732 -73.6786 1091.28
vn -0.505758 -0.817343 -0.275971
v -23.291 -73.9558 1091.68
vn 0.0190573 -0.975473 -0.219292
v -22.4594 -74.4376 1093.36
vn -0.0658105 -0.988725 -0.134504
v -22.3613 -74.3723 1092.46
vn -0.267995 -0.949192 -0.164967
v -22.9491 -74.2234 1092.59
vn -0.0998344 -0.903082 -0.417703
v -23.3625 -74.2131 1092.81
vn -0.388205 -0.872115 -0.297845
v -23.5021 -73.9324 1092.27
vn -0.234919 -0.829975 -0.505919
v -23.9337 -74.0714 1092.7
vn -0.00247572 -0.994939 -0.100454
v -23.3878 -74.872 1094.41
vn 0.0408591 -0.934054 -0.354787
v -23.3263 -74.7169 1093.74
vn -0.147863 -0.962523 -0.227345
v -23.6852 -74.7869 1093.99
vn -0.328273 -0.94399 -0.0334613
v -23.8633 -74.7951 1094.36
vn -0.168086 -0.892908 -0.417687
v -23.9243 -74.6172 1093.61
vn -0.642809 -0.765716 0.0217975
v -24.2862 -74.5685 1094.36
vn -0.428808 -0.878016 -0.212631
v -24.0884 -74.6144 1093.75
vn -0.433524 -0.800298 -0.414222
v -24.1524 -74.4832 1093.48
vn -0.674952 -0.699594 -0.234538
v -24.6017 -74.2082 1093.71
vn 0.998339 0.0188168 -0.0544532
v -20.0636 -68.2379 1102.15
vn 0.377097 0.26422 0.887685
v -20.9365 -68.6468 1103.52
vn 0.921093 0.112199 0.372825
v -20.1533 -67.6472 1102.69
vn 0.644417 0.227332 0.7301
v -20.3083 -67.4513 1102.86
vn 0.976553 0.169126 0.133193
v -20.1768 -67.2268 1102.49
vn 0.83052 0.265645 0.48956
v -20.2434 -67.2121 1102.69
vn 0.991931 0.0069066 -0.126593
v -20.7784 -68.7767 1099.2
vn 0.351807 0.125685 0.927596
v -22.8209 -69.158 1104.44
vn 0.160193 -0.0841732 0.98349
v -23.209 -69.5382 1104.57
vn -0.0764263 -0.140256 0.987161
v -23.5498 -69.5036 1104.58
vn -0.249091 -0.210882 0.945242
v -23.8831 -69.7424 1104.47
vn 0.160632 0.125951 0.978945
v -23.2898 -69.0917 1104.58
vn -0.00998925 -0.0183006 0.999783
v -23.5011 -69.2196 1104.6
vn -0.178742 -0.0712911 0.98131
v -23.6857 -69.3424 1104.58
vn -0.0597767 0.127467 0.99004
v -23.6285 -69.0567 1104.59
vn -0.340636 -0.0856084 0.93629
v -24.1396 -69.417 1104.45
vn 0.179446 0.380986 0.907
v -23.278 -68.6275 1104.45
vn -0.255647 0.0479751 0.965579
v -23.9268 -69.014 1104.53
vn -0.10004 0.278841 0.955113
v -23.8458 -68.7238 1104.5
vn -0.393599 0.0297274 0.918802
v -24.1962 -68.9658 1104.43
vn 0.972067 -0.0587493 0.227233
v -20.2772 -68.9428 1095.43
vn 0.858831 -0.0703167 0.507409
v -20.292 -69.9414 1097.48
vn 0.980261 -0.0443319 0.192676
v -20.2284 -69.9129 1097.28
vn 0.839251 -0.00659354 0.543705
v -20.573 -69.2906 1097.86
vn 0.640029 -0.0692304 0.765226
v -20.4273 -69.2181 1097.72
vn 0.999649 0.0125614 -0.0233106
v -20.2194 -69.2119 1096.4
vn 0.993173 0.00636255 0.116478
v -20.2172 -68.6724 1097.44
vn -0.653579 -0.528346 0.541927
v -24.2084 -70.8916 1103.75
vn -0.456492 -0.377122 0.80585
v -24.1817 -70.2493 1104.22
vn -0.764048 -0.460721 0.451627
v -24.8491 -70.4566 1103.22
vn -0.488248 -0.205351 0.848201
v -24.4321 -69.648 1104.28
vn -0.685952 -0.357131 0.633978
v -24.6616 -69.867 1104.02
vn -0.491909 -0.0298086 0.870136
v -24.4004 -69.3671 1104.34
vn -0.649141 -0.0978532 0.754348
v -24.7658 -69.4249 1104.07
vn 0.93338 -0.0229081 0.358159
v -19.6425 -70.7813 1093.91
vn 0.99141 -0.094926 0.0899713
v -19.4394 -70.6331 1093.34
vn 0.960049 -0.0208136 0.279058
v -19.5033 -70.2244 1093.83
vn 0.993618 0.0928384 -0.0640694
v -19.4352 -70.053 1093.41
vn 0.933413 0.016246 0.358437
v -20.1281 -70.2544 1095.12
vn -0.72499 -0.558427 0.403173
v -24.7028 -70.9621 1102.85
vn -0.808562 -0.452966 0.375565
v -25.4093 -70.3362 1102.27
vn 0.901736 -0.301684 -0.309609
v -19.7199 -71.2637 1092.37
vn 0.812327 -0.422948 -0.401546
v -20.0496 -71.5894 1091.95
vn 0.959965 -0.0790847 -0.268724
v -19.5818 -70.6878 1092.36
vn 0.871621 -0.253833 -0.419339
v -19.8496 -71.0017 1091.84
vn 0.930036 0.160241 -0.33069
v -19.6885 -70.3339 1092.1
vn 0.888994 0.0299182 -0.456941
v -19.8449 -70.5389 1091.72
vn 0.837315 -0.16024 -0.522712
v -20.1365 -70.8574 1091.24
vn 0.834682 0.285352 -0.471042
v -19.8582 -69.9919 1091.94
vn 0.810121 0.124619 -0.572864
v -20.2637 -70.5073 1091.02
vn -0.750218 -0.567093 0.339969
v -25.2567 -72.1193 1099.98
vn -0.813437 -0.528645 0.2426
v -25.6983 -71.8173 1099.41
vn 0.680336 -0.544525 -0.490546
v -20.5764 -71.8532 1091.32
vn 0.290414 -0.761788 -0.579084
v -21.149 -72.213 1091.32
vn 0.423516 -0.686243 -0.591358
v -20.9327 -71.9174 1091.01
vn 0.771659 -0.370696 -0.516843
v -20.4607 -71.3692 1091.03
vn 0.613463 -0.519823 -0.594514
v -20.7498 -71.5996 1090.86
vn 0.662508 -0.370182 -0.651189
v -20.628 -71.3016 1090.77
vn 0.432497 -0.524849 -0.73313
v -20.9494 -71.5381 1090.64
vn 0.234269 -0.705762 -0.668594
v -21.4421 -71.8339 1090.7
vn 0.732252 -0.109102 -0.672238
v -20.5961 -70.8336 1090.6
vn 0.495335 -0.301803 -0.814591
v -20.8835 -71.0636 1090.43
vn -0.769317 -0.622832 0.142235
v -25.3508 -73.0116 1097.02
vn 0.508498 -0.261013 -0.82055
v -22.0481 -72.9342 1091.65
vn -0.170044 -0.661954 -0.730001
v -23.1785 -73.7472 1091.29
vn 0.122419 -0.392325 -0.911644
v -23.0274 -73.4594 1091.1
vn 0.244723 -0.666815 -0.703895
v -22.1429 -72.5779 1091.37
vn -0.117779 -0.427318 -0.896397
v -23.3634 -73.2068 1090.99
vn 0.235117 -0.239074 -0.942106
v -23.4059 -72.783 1090.84
vn -0.21359 -0.357992 -0.908967
v -23.7041 -72.7264 1090.83
vn -0.79307 -0.608912 -0.0163222
v -25.6651 -73.0261 1094.16
vn -0.456922 -0.723739 -0.517131
v -23.3297 -73.8034 1091.43
vn -0.281567 -0.582301 -0.762657
v -23.3176 -73.6085 1091.22
vn -0.54695 -0.635439 -0.545035
v -23.5824 -73.5047 1091.3
vn -0.440642 -0.517287 -0.733655
v -23.5577 -73.2991 1091.1
vn -0.50097 -0.45739 -0.734727
v -23.9597 -72.6148 1090.93
vn -0.564953 -0.743742 -0.357319
v -23.6569 -73.6814 1091.72
vn -0.514378 -0.735215 -0.441444
v -24.2743 -73.4767 1092.07
vn -0.541938 -0.626215 -0.560498
v -24.0424 -73.2385 1091.53
vn -0.462593 -0.600039 -0.652656
v -24.7005 -72.8833 1091.63
vn -0.691347 -0.669489 -0.271705
v -25.0671 -73.577 1093.49
vn 0.956253 0.215541 0.197796
v -20.3793 -66.0055 1102.02
vn 0.774857 0.339635 0.533147
v -20.5337 -65.9939 1102.41
vn 0.457207 0.395652 0.796506
v -20.6722 -66.0394 1102.56
vn 0.98022 -0.197701 0.0090929
v -20.4399 -66.34 1099.28
vn 0.999274 -0.0116942 -0.0362509
v -20.3373 -66.0678 1100.83
vn 0.19629 0.412191 0.889701
v -21.5762 -66.26 1102.92
vn 0.210111 0.424242 0.880836
v -22.4903 -67.8402 1103.73
vn 0.838419 -0.0647816 0.541162
v -20.2871 -67.7172 1097.75
vn 0.517227 -0.128526 0.846142
v -20.4609 -67.9628 1097.85
vn 0.65571 -0.14052 0.741821
v -20.6643 -67.8193 1097.97
vn 0.645645 -0.140816 0.750542
v -20.4205 -67.4248 1097.94
vn 0.928475 -0.0667268 0.365351
v -20.307 -67.1448 1097.81
vn 0.79389 -0.244368 0.556798
v -20.564 -67.2192 1098.12
vn 0.879675 -0.249737 0.404727
v -20.3672 -66.7995 1098.06
vn 0.995255 -0.0584834 0.0777667
v -20.2758 -67.075 1097.11
vn 0.959601 -0.105885 0.26068
v -20.7707 -67.8327 1098.16
vn 0.986687 -0.144214 -0.0751715
v -20.6868 -67.2858 1099.04
vn 0.929506 -0.294057 0.222595
v -20.5718 -66.8619 1098.4
vn 0.962726 -0.196683 0.185675
v -20.3756 -66.1894 1098.61
vn 0.0929206 0.516777 0.851062
v -23.2587 -67.362 1103.65
vn -0.27765 0.219885 0.93518
v -24.1356 -68.6795 1104.43
vn -0.470169 0.13002 0.872947
v -24.3948 -68.6293 1104.32
vn -0.0512913 0.490249 0.870072
v -24.1221 -68.1354 1104.21
vn -0.249155 0.410199 0.877302
v -24.458 -67.9923 1104.09
vn -0.415875 0.363896 0.833443
v -24.7137 -67.9415 1103.97
vn -0.157912 0.560829 0.812733
v -24.563 -67.638 1103.83
vn 0.968369 0.122499 0.217383
v -19.6941 -68.5262 1094.16
vn 0.990686 0.127824 0.0469391
v -19.8741 -67.5717 1094.16
vn 0.953402 0.24496 -0.17612
v -19.9615 -67.3632 1093.63
vn 0.933659 -0.0482762 0.354893
v -19.9839 -68.4869 1094.95
vn -0.785554 -0.30517 0.538308
v -25.0742 -69.4827 1103.68
vn -0.575067 0.144057 0.805323
v -25.03 -68.1771 1103.84
vn -0.707637 -0.00576229 0.706552
v -25.5255 -68.3472 1103.47
vn 0.983315 0.177609 -0.0393252
v -19.6056 -68.8485 1093.69
vn 0.945499 0.22055 -0.239562
v -19.6345 -68.9615 1093.35
vn 0.747888 0.354901 -0.560989
v -20.3662 -70.0649 1091.07
vn 0.684372 0.372704 -0.626679
v -20.4775 -69.5632 1091.35
vn 0.502524 0.038591 -0.863701
v -20.901 -70.605 1090.35
vn 0.361161 -0.212614 -0.907942
v -21.2649 -70.8755 1090.2
vn 0.658177 0.291152 -0.694286
v -20.7631 -70.2163 1090.54
vn 0.446015 0.0849025 -0.89099
v -22.2687 -69.9061 1089.76
vn -0.841048 -0.522496 0.14013
v -26.6442 -71.005 1097.4
vn 0.172218 -0.533947 -0.827793
v -22.0194 -71.3672 1090.14
vn 0.155488 -0.419517 -0.894332
v -22.9502 -70.8484 1089.69
vn 0.323742 -0.167742 -0.931157
v -22.6592 -70.4306 1089.64
vn -0.0936683 -0.592368 -0.800204
v -23.4971 -70.9332 1089.73
vn 0.101431 -0.450067 -0.887215
v -23.2625 -72.0189 1090.61
vn -0.126818 -0.27432 -0.95324
v -23.6381 -72.2309 1090.7
vn -0.340326 -0.291637 -0.893938
v -23.8821 -72.3649 1090.77
vn -0.126536 -0.506552 -0.852874
v -23.5077 -71.9367 1090.57
vn -0.43843 -0.375961 -0.816353
v -24.1343 -72.2505 1090.86
vn -0.262717 -0.367328 -0.892217
v -23.9966 -71.9597 1090.71
vn -0.308628 -0.501991 -0.807932
v -24.3984 -71.9368 1090.81
vn -0.618687 -0.660878 -0.424814
v -25.9408 -72.1089 1091.9
vn -0.523318 -0.581182 -0.62319
v -25.8162 -71.7054 1091.3
vn -0.70506 -0.543259 -0.455806
v -26.0572 -71.7664 1091.63
vn -0.698346 -0.675406 -0.236936
v -25.8249 -72.5661 1092.65
vn -0.848697 -0.518335 -0.105077
v -26.276 -72.0372 1092.91
vn -0.810472 -0.530504 -0.248394
v -26.1057 -72.1061 1092.28
vn 0.744243 0.425795 0.514588
v -20.6187 -65.1848 1101.97
vn 0.454469 0.534135 0.712852
v -20.8165 -64.84 1101.88
vn 0.152752 0.58565 0.796041
v -21.113 -64.7627 1101.95
vn 0.399241 0.67325 0.622367
v -20.885 -64.2724 1101.42
vn -0.0249906 0.730024 0.682965
v -21.2485 -64.4361 1101.66
vn 0.831089 0.4492 0.327888
v -20.6784 -64.0555 1100.86
vn 0.971974 -0.11456 0.205288
v -20.1805 -65.5288 1098.01
vn 0.994884 0.0053123 0.100888
v -20.2637 -64.6327 1098.75
vn 0.978715 0.199617 -0.047642
v -20.1262 -64.5369 1097.03
vn 0.0509057 0.505145 0.861532
v -21.968 -65.8225 1102.72
vn -0.109048 0.792021 0.600676
v -23.0142 -64.9829 1101.91
vn -0.0668148 0.645866 0.760521
v -23.4731 -65.5946 1102.52
vn 0.989721 -0.0428798 0.136434
v -19.948 -66.0223 1096.61
vn 0.971569 0.205284 -0.117951
v -19.9773 -65.6535 1096.24
vn 0.874581 0.370826 -0.312403
v -20.2039 -65.5854 1095.23
vn 0.724732 0.495024 -0.479285
v -20.3797 -65.5193 1094.98
vn 0.895853 0.308661 -0.319649
v -20.0794 -67.2862 1093.29
vn 0.831915 0.445453 -0.330891
v -20.1047 -66.5661 1094.15
vn -0.818231 -0.251773 0.516825
v -26.2252 -68.2909 1102.6
vn 0.742244 0.308214 -0.595044
v -21.0191 -67.6049 1091.63
vn 0.726705 0.491962 -0.479451
v -20.7121 -66.921 1092.5
vn 0.617713 0.273837 -0.737186
v -21.4221 -68.0322 1091.02
vn 0.700061 0.354225 -0.620031
v -21.5447 -67.044 1091.3
vn 0.561835 0.311138 -0.766508
v -22.6097 -68.86 1089.85
vn 0.580357 0.265349 -0.76992
v -22.6457 -68.0426 1090.21
vn 0.231456 -0.257007 -0.938283
v -23.203 -70.3351 1089.45
vn 0.0394717 -0.417387 -0.907871
v -23.4097 -70.4622 1089.46
vn -0.157561 -0.504201 -0.849091
v -24.0427 -70.3694 1089.45
vn 0.0765059 -0.291714 -0.953441
v -23.6858 -69.9557 1089.25
vn 0.318856 -0.0744114 -0.944878
v -23.5951 -69.6613 1089.21
vn -0.835217 -0.5496 -0.0187665
v -27.217 -70.4472 1095.41
vn -0.32957 -0.574409 -0.749292
v -25.1941 -70.6562 1090.13
vn -0.592195 -0.544955 -0.593573
v -26.5113 -70.316 1090.79
vn -0.785841 -0.517518 -0.338571
v -26.7249 -70.354 1091.13
vn -0.857579 -0.492115 -0.149602
v -26.9253 -70.4246 1092.2
vn 0.750259 0.58826 0.301765
v -20.6818 -63.3897 1099.72
vn 0.274183 0.845653 0.457924
v -20.9746 -63.4236 1100.26
vn 0.775439 0.597205 0.205038
v -20.6861 -63.0943 1099.03
vn 0.541471 0.768298 0.34136
v -20.842 -63.0776 1099.42
vn 0.398031 0.760356 0.513254
v -20.9079 -63.7372 1100.75
vn -0.0459882 0.798856 0.599762
v -21.2545 -63.8868 1100.99
vn 0.0124259 0.844399 0.535571
v -21.0913 -63.6357 1100.64
vn 0.972283 0.232033 0.0287491
v -20.2674 -63.8622 1097.99
vn 0.929966 0.350094 -0.112237
v -20.2411 -64.0551 1097.25
vn 0.900053 0.435218 -0.0221446
v -20.422 -63.4105 1098.19
vn 0.843613 0.504851 -0.182875
v -20.4176 -63.548 1097.69
vn 0.855732 0.513094 0.0667601
v -20.5782 -63.145 1098.61
vn 0.746189 0.647262 -0.155739
v -20.7727 -62.868 1098.28
vn 0.722364 0.688989 0.0590345
v -20.7992 -62.8196 1098.51
vn 0.937351 0.316948 0.144627
v -20.4554 -63.4822 1098.89
vn -0.176242 0.86988 0.460704
v -21.8718 -63.167 1099.67
vn 0.512495 0.825984 0.234732
v -21.0049 -62.6662 1098.64
vn 0.128804 0.903445 0.408896
v -21.2396 -62.7218 1098.96
vn -0.107186 0.875111 0.471902
v -22.574 -63.264 1099.5
vn 0.882147 0.403133 -0.243518
v -20.2918 -64.3277 1096.39
vn 0.760837 0.491543 -0.423689
v -20.3858 -64.5262 1095.9
vn 0.677735 0.638096 -0.36539
v -20.5604 -64.0207 1096.33
vn 0.651992 0.547529 -0.524517
v -20.9773 -64.3267 1095.3
vn -0.0694565 0.836045 0.544246
v -23.6988 -64.1224 1100.37
vn 0.0103668 0.825508 0.564296
v -24.0299 -64.7428 1101.53
vn -0.116604 0.698536 0.706011
v -24.2137 -65.1959 1102.09
vn -0.222057 0.629052 0.744972
v -25.1452 -65.0971 1101.75
vn 0.623436 0.603343 -0.497298
v -21.1926 -65.0753 1094.34
vn -0.488085 0.398812 0.776352
v -26.6969 -66.4193 1102.05
vn -0.690898 0.125725 0.711936
v -26.8216 -66.6113 1102.02
vn -0.415879 0.455472 0.78714
v -27.0266 -65.9018 1101.49
vn 0.478857 0.803944 -0.352661
v -21.9015 -65.5961 1092.86
vn 0.572098 0.644551 -0.507206
v -22.5471 -65.2963 1092.72
vn -0.772752 -0.0650738 0.631363
v -27.0726 -67.1092 1101.69
vn -0.599978 0.248992 0.760282
v -27.4193 -65.9647 1101.27
vn 0.584385 0.373011 -0.720664
v -22.4483 -66.2686 1090.82
vn 0.600671 0.329374 -0.728496
v -22.8204 -66.5939 1090.45
vn 0.530591 0.633977 -0.562624
v -22.6257 -65.8404 1090.98
vn 0.449907 0.565379 -0.691325
v -23.0875 -66.0354 1090.59
vn 0.555557 0.143646 -0.818977
v -23.7656 -68.0332 1089.25
vn 0.23651 -0.172812 -0.956138
v -24.4146 -68.7821 1088.91
vn -0.173483 -0.478939 -0.860535
v -25.5819 -68.7806 1088.9
vn -0.786773 -0.597112 -0.15635
v -28.0705 -69.0328 1093.58
vn 0.524414 0.851105 -0.0247006
v -21.1111 -62.5705 1098.34
vn 0.543618 0.790947 -0.28086
v -21.1571 -62.5935 1098.06
vn 0.269011 0.961557 -0.0551454
v -21.3549 -62.473 1098.19
vn -0.1885 0.955891 0.225254
v -22.1569 -62.5119 1097.67
vn 0.257361 0.939668 0.225366
v -21.1862 -62.5629 1098.53
vn -0.0872762 0.965615 0.244891
v -21.4701 -62.4838 1098.36
vn -0.0219753 0.953354 0.301053
v -22.8274 -62.7062 1098.19
vn 0.610647 0.681389 -0.403509
v -22.0344 -63.3947 1095.22
vn 0.431957 0.859849 -0.272164
v -22.2685 -62.5445 1096.63
vn 0.148379 0.988749 0.0189607
v -22.448 -62.4531 1096.77
vn 0.521482 0.837448 -0.163518
v -22.685 -62.4559 1096.13
vn 0.127561 0.823609 0.552627
v -24.5091 -63.5957 1099.67
vn 0.0375248 0.837598 0.544997
v -23.9872 -63.0002 1098.87
vn 0.0637985 0.775062 0.628656
v -25.6385 -63.4945 1099.93
vn 0.662393 0.449277 -0.599488
v -22.3402 -64.7225 1093.44
vn 0.645075 0.622598 -0.443001
v -23.2478 -65.2222 1091.94
vn 0.716318 0.445814 -0.536785
v -23.3785 -64.6975 1092.35
vn 0.704753 0.464791 -0.535997
v -23.237 -63.9457 1092.95
vn 0.267632 0.878313 -0.396155
v -22.8108 -65.6842 1091.05
vn 0.290082 0.690839 -0.662264
v -22.8926 -65.7918 1090.88
vn 0.295413 0.782295 -0.548403
v -23.1685 -65.7724 1090.81
vn 0.523866 0.692387 -0.49615
v -23.3973 -65.7371 1090.67
vn 0.595865 0.565391 -0.570331
v -23.6421 -65.9985 1090.07
vn 0.629095 0.613208 -0.477719
v -23.8586 -65.5778 1090.29
vn 0.282425 0.928106 -0.242602
v -22.9148 -65.5783 1091.48
vn 0.267586 0.894083 -0.359183
v -23.1287 -65.6308 1091.1
vn 0.519666 0.78043 -0.347673
v -23.3325 -65.4052 1091.48
vn 0.503431 0.765249 -0.401187
v -23.3882 -65.5931 1090.94
vn 0.733018 0.540226 -0.413328
v -23.5714 -64.9972 1091.71
vn 0.709848 0.587179 -0.389021
v -23.8492 -65.1259 1091
vn 0.655161 0.407043 -0.636459
v -24.0372 -66.1495 1089.54
vn 0.728121 0.333699 -0.598736
v -24.6912 -65.7008 1089.09
vn -0.84993 -0.483977 0.208289
v -28.7871 -67.2983 1096.97
vn 0.428253 -0.0990021 -0.898219
v -25.4771 -66.9259 1088.25
vn 0.161005 -0.318882 -0.934019
v -26.2038 -66.953 1088.03
vn -0.450788 -0.577267 -0.680848
v -26.4307 -67.7049 1088.49
vn -0.566849 -0.582904 -0.582156
v -27.224 -68.7565 1090.03
vn -0.735699 -0.596196 -0.321398
v -27.8981 -68.3441 1090.38
vn -0.747475 -0.628747 -0.214379
v -28.6808 -67.5556 1091.43
vn 0.38771 0.917446 0.0893005
v -23.2211 -62.2099 1096.3
vn 0.230858 0.920265 0.315939
v -23.6344 -62.2474 1097.25
vn 0.750172 0.5786 -0.3201
v -23.8414 -62.4003 1093.66
vn 0.654666 0.74376 -0.135028
v -24.0402 -61.6907 1094.87
vn 0.498894 0.86329 0.0763918
v -24.1967 -61.586 1095.27
vn 0.19172 0.7749 0.602307
v -26.2313 -62.4864 1098.7
vn -0.121936 0.618977 0.775886
v -27.8279 -63.4032 1099.75
vn 0.796386 0.382691 -0.468314
v -24.059 -63.1547 1092.34
vn -0.352373 0.431777 0.830302
v -28.6903 -63.7621 1099.68
vn 0.7462 0.484005 -0.457083
v -24.3851 -64.9295 1090.27
vn 0.798642 0.406692 -0.443591
v -24.3763 -64.203 1091.08
vn 0.631336 0.083864 -0.770962
v -25.7617 -65.682 1088.05
vn -0.515717 -0.631467 -0.579038
v -28.159 -67.4977 1089.59
vn -0.740245 -0.638029 -0.212028
v -29.4868 -66.3297 1090.58
vn 0.280883 0.808343 0.517385
v -25.3988 -61.4725 1096.94
vn 0.743496 0.652174 -0.147928
v -24.612 -61.3605 1093.82
vn 0.653196 0.757098 0.0117026
v -24.9389 -60.9827 1094.14
vn 0.483756 0.838986 0.249163
v -25.0251 -61.2566 1095.99
vn 0.0531707 0.705775 0.706438
v -28.2925 -61.89 1098.43
vn 0.803413 0.300537 -0.514009
v -26.5716 -63.3276 1087.71
vn 0.35208 -0.207203 -0.912747
v -27.0765 -64.7859 1087.16
vn -0.817187 -0.576049 -0.0193255
v -30.4783 -65.76 1092.19
vn -0.840036 -0.533949 0.0961114
v -30.7917 -65.1592 1093.28
vn -0.322174 -0.581508 -0.747029
v -28.2955 -64.8134 1087.16
vn 0.792187 0.601333 -0.104108
v -25.6376 -60.3189 1092.81
vn 0.696246 0.704667 0.136697
v -25.8233 -60.0781 1093.2
vn 0.537938 0.751761 0.381416
v -26.6472 -60.0348 1095.59
vn 0.190132 0.698574 0.689814
v -27.8152 -60.8916 1097.4
vn 0.845874 0.364799 -0.389125
v -25.7433 -61.2061 1090.77
vn -0.0997734 0.556149 0.825072
v -29.3941 -61.6513 1098.23
vn -0.495201 0.256145 0.83016
v -30.4911 -61.9233 1097.97
vn -0.689532 0.0134321 0.72413
v -31.2275 -61.5779 1097.34
vn -0.852457 -0.386103 0.35248
v -31.679 -62.4646 1096.08
vn -0.00892298 -0.43201 -0.901824
v -28.4631 -63.6334 1086.47
vn -0.665089 -0.65008 -0.367495
v -30.0109 -65.0356 1088.46
vn -0.488623 -0.642826 -0.589934
v -30.1581 -64.3493 1087.72
vn -0.74657 -0.63312 -0.204432
v -31.0361 -64.7931 1090.74
vn -0.817206 -0.227931 0.52936
v -31.7283 -61.5661 1096.75
vn -0.849662 -0.458192 0.261027
v -32.8832 -61.6378 1093.82
vn -0.842981 -0.512111 0.164699
v -32.9323 -61.8907 1093.03
vn -0.435092 -0.613699 -0.658839
v -30.9812 -62.6976 1086.67
vn 0.636338 0.682268 0.359977
v -28.5254 -57.3242 1093.26
vn 0.499544 0.697142 0.514246
v -28.3914 -58.1358 1094.46
vn 0.394832 0.69734 0.598184
v -29.6202 -57.9769 1095.15
vn 0.198825 0.624376 0.755396
v -30.5408 -57.956 1095.53
vn -0.316847 -0.56731 -0.76011
v -31.4656 -61.0878 1085.59
vn -0.675653 -0.622453 -0.395025
v -31.7371 -62.3218 1086.96
vn 0.76052 0.617662 0.200259
v -28.0222 -57.0266 1091.44
vn 0.875435 0.470297 -0.111508
v -27.9354 -57.095 1091
vn 0.769799 0.126091 -0.625708
v -29.5049 -58.9969 1085.13
vn 0.495432 -0.141252 -0.857085
v -30.1458 -59.2824 1084.67
vn 0.147191 -0.365227 -0.919209
v -30.6824 -59.6475 1084.57
vn -0.157065 -0.508469 -0.846635
v -31.124 -60.3175 1084.93
vn -0.525905 -0.595099 -0.607686
v -32.7429 -59.975 1085.39
vn -0.80839 -0.58214 -0.0872834
v -34.1634 -60.3797 1089.76
vn 0.32379 0.638835 0.69789
v -30.9799 -55.9386 1094.04
vn 0.49185 0.659673 0.568257
v -30.5314 -55.5893 1093.4
vn 0.851309 0.164706 -0.49814
v -29.6815 -57.2823 1085.48
vn 0.89185 0.279785 -0.355421
v -29.6781 -55.9077 1085.97
vn 0.794688 0.101674 -0.598442
v -30.3755 -57.2913 1084.37
vn 0.571574 0.657287 0.4912
v -31.0436 -54.2582 1092.27
vn 0.392019 0.654813 0.646173
v -31.6996 -53.9011 1092.37
vn -0.560212 0.130719 0.81797
v -34.7923 -56.1811 1093.99
vn -0.286292 0.365393 0.885734
v -34.5211 -55.2691 1093.83
vn -0.84151 -0.319251 0.435822
v -35.4163 -57.0646 1092.96
vn -0.756925 -0.122929 0.641836
v -35.358 -56.1415 1093.48
vn 0.663947 -0.0307646 -0.747147
v -30.851 -56.9957 1083.86
vn -0.855263 -0.466324 0.225981
v -35.7366 -57.7392 1091.28
vn 0.230598 -0.319825 -0.918987
v -31.843 -57.2486 1083.43
vn -0.847972 -0.524554 0.0760724
v -36.0792 -57.5477 1090.09
vn 0.219872 0.601739 0.767832
v -32.8418 -53.7743 1092.75
vn 0.849009 0.122823 -0.513905
v -31.1444 -53.7304 1083.85
vn 0.729904 -0.0252151 -0.683084
v -32.0098 -54.2156 1082.69
vn -0.85752 -0.401537 0.321601
v -36.5768 -56.0396 1091.31
vn -0.865199 -0.447375 0.226466
v -37.0921 -55.6521 1090.33
vn -0.140031 -0.517627 -0.84407
v -33.8158 -55.5222 1082.58
vn -0.713307 -0.586611 -0.38351
v -35.5366 -56.972 1085.67
vn -0.796475 -0.575249 -0.186323
v -36.1128 -57.2602 1087.68
vn 0.898768 0.420958 -0.122521
v -31.103 -51.5194 1087.23
vn -0.0161337 0.509174 0.860513
v -35.1472 -53.055 1092.58
vn -0.20952 0.399884 0.892297
v -36.1116 -52.7531 1092.31
vn 0.856382 0.0891943 -0.508581
v -31.8743 -52.7347 1082.88
vn -0.366477 0.295663 0.882201
v -36.4562 -53.0934 1092.33
vn 0.45187 -0.215244 -0.865727
v -32.6282 -54.1409 1082.2
vn -0.344809 -0.568668 -0.746809
v -34.3226 -55.5508 1082.74
vn 0.143171 -0.399267 -0.905587
v -33.6833 -54.593 1082.08
vn -0.569776 -0.593704 -0.568217
v -35.2682 -55.2954 1083.13
vn 0.515276 0.632976 0.577781
v -33.7005 -50.1998 1089.85
vn 0.39118 0.593042 0.703761
v -34.6929 -50.5381 1090.87
vn 0.913238 0.264409 -0.309974
v -32.1895 -51.4966 1082.73
vn -0.873433 -0.401854 0.275007
v -38.1782 -53.8041 1089.69
vn -0.866534 -0.342626 0.362941
v -38.4314 -52.8538 1090.13
vn -0.827816 -0.221145 0.515573
v -38.1339 -52.7047 1090.87
vn -0.843049 -0.536102 -0.0431582
v -38.5322 -53.6878 1088.27
vn -0.876952 -0.450226 0.168085
v -38.446 -53.7401 1088.77
vn 0.915882 0.392789 -0.0829287
v -32.6986 -48.6705 1085.15
vn 0.882661 0.221787 -0.414391
v -33.0351 -49.6868 1081.41
vn 0.781147 0.12957 -0.610755
v -33.1261 -49.7917 1081.25
vn -0.520745 0.195015 0.83114
v -37.9417 -51.2942 1091.07
vn -0.655786 0.106526 0.747394
v -38.621 -50.6631 1090.45
vn -0.706112 -0.00757548 0.70806
v -38.2794 -51.8086 1090.88
vn 0.832211 0.0698442 -0.550043
v -32.8218 -50.7571 1081.52
vn 0.688259 -0.0322675 -0.724747
v -33.0231 -50.696 1081.31
vn 0.579022 -0.126571 -0.805428
v -33.9252 -50.8631 1080.66
vn -0.154308 -0.558961 -0.81471
v -35.7299 -51.9181 1080.59
vn 0.0733896 -0.48365 -0.872179
v -35.3114 -51.435 1080.3
vn 0.363079 -0.314096 -0.877221
v -34.795 -50.8866 1080.21
vn -0.762664 -0.582215 -0.281725
v -38.2081 -53.1272 1085.15
vn -0.40466 -0.605527 -0.685265
v -36.3971 -51.9547 1080.88
vn 0.797896 0.55283 0.240294
v -33.3893 -47.3786 1086.03
vn 0.394415 0.586071 0.707783
v -36.0558 -47.4373 1089.16
vn 0.0738505 0.526003 0.84727
v -36.8253 -48.4213 1090.02
vn 0.2142 0.568718 0.794152
v -36.5432 -47.4437 1089.35
vn -0.160713 0.435363 0.885794
v -37.6816 -49.1369 1090.34
vn 0.918395 0.31189 -0.243463
v -33.5326 -48.2086 1081.65
vn 0.845391 0.231356 -0.481444
v -33.692 -48.5019 1080.96
vn -0.352893 0.334408 0.873864
v -38.1274 -49.8442 1090.5
vn 0.719152 0.0602693 -0.692235
v -33.9887 -48.8213 1080.49
vn -0.887089 -0.364303 0.283472
v -39.6288 -51.3572 1088.49
vn -0.790801 -0.060728 0.609054
v -39.3278 -50.5869 1089.68
vn -0.873008 -0.228474 0.430879
v -39.4995 -50.7949 1089.32
vn -0.584244 -0.617238 -0.52695
v -37.2603 -51.6303 1081.34
vn -0.678176 -0.608817 -0.411607
v -38.4773 -51.1354 1082.31
vn -0.689336 -0.637826 -0.343502
v -39.0705 -50.8399 1082.94
vn 0.602561 0.59165 0.535604
v -34.9292 -45.7635 1086.45
vn 0.528697 0.591168 0.609097
v -35.8021 -46.3711 1088
vn 0.349047 0.62185 0.701048
v -36.4618 -46.2019 1088.33
vn 0.885292 0.176834 -0.430101
v -34.0456 -47.5459 1080.77
vn 0.931356 0.266358 -0.248251
v -34.0339 -46.9064 1081.26
vn 0.799907 0.108246 -0.59028
v -34.3117 -47.8595 1080.25
vn -0.86036 -0.203339 0.467369
v -40.6186 -48.6628 1088.01
vn -0.185327 -0.60503 -0.774334
v -37.2943 -48.9305 1078.74
vn -0.396938 -0.675911 -0.620955
v -37.9453 -49.1942 1079.26
vn -0.580179 -0.666095 -0.468732
v -38.9445 -49.6524 1080.74
vn 0.645459 0.629302 0.432853
v -35.0668 -44.1451 1084.62
vn 0.549621 0.644488 0.531556
v -35.8715 -44.8803 1086.44
vn 0.480336 0.673969 0.561287
v -36.6222 -44.3473 1086.51
vn 0.50055 0.633146 0.590403
v -36.1239 -45.3205 1087.2
vn 0.358581 0.66841 0.65165
v -36.8005 -45.1655 1087.51
vn 0.224937 0.648452 0.727264
v -37.1558 -45.487 1087.97
vn 0.107351 0.584687 0.804125
v -37.5954 -46.1043 1088.58
vn -0.0976194 0.505189 0.85747
v -38.5033 -46.3838 1088.74
vn 0.804913 0.0424139 -0.591876
v -34.8784 -45.6541 1079.71
vn 0.916377 0.251593 -0.311375
v -34.7753 -44.9891 1080.09
vn -0.250289 0.42174 0.871488
v -39.1521 -46.7703 1088.82
vn -0.397974 0.347215 0.849152
v -40.1433 -46.0947 1088.16
vn -0.534337 0.234062 0.812219
v -40.3325 -46.6848 1088.26
vn 0.720561 -0.00473657 -0.693375
v -35.9613 -46.1791 1078.52
vn -0.789498 -0.0370051 0.612637
v -41.0729 -47.0769 1087.65
vn -0.682596 0.105094 0.723199
v -40.8508 -46.8051 1087.87
vn 0.564716 -0.185984 -0.804056
v -36.3883 -46.7981 1078.15
vn -0.773224 -0.61325 -0.161397
v -41.23 -49.1799 1084.91
vn -0.883901 -0.37794 0.275463
v -41.3023 -48.8451 1086.26
vn -0.86321 -0.497984 0.0829444
v -41.3327 -49.0543 1085.59
vn -0.601931 -0.700549 -0.383289
v -39.8657 -48.4526 1080.06
vn 0.384732 0.699837 0.601838
v -37.2954 -43.2655 1085.73
vn 0.923614 0.363517 -0.121628
v -34.8976 -44.2252 1081.33
vn 0.888654 0.458425 0.0118629
v -35.368 -43.0032 1082.34
vn 0.290722 -0.407684 -0.865606
v -37.8208 -46.474 1077.25
vn -0.0528854 -0.602872 -0.796083
v -38.3467 -47.4005 1077.77
vn -0.675781 -0.68493 -0.272379
v -41.3421 -48.0567 1082.14
vn -0.824072 -0.561405 0.075696
v -42.5722 -47.3117 1084.04
vn -0.693065 -0.697414 -0.182415
v -42.6176 -47.1213 1083.06
vn 0.812527 0.559399 0.16393
v -35.7027 -42.5482 1082.96
vn 0.612495 0.681005 0.40135
v -36.1056 -42.2342 1083.22
vn 0.498162 0.728285 0.47057
v -36.7453 -41.6787 1083.12
vn 0.503313 0.691987 0.517523
v -36.7034 -42.1979 1083.81
vn 0.403243 0.724904 0.558489
v -38.0058 -41.8453 1084.48
vn 0.0532272 0.616106 0.785863
v -39.5967 -43.6533 1086.87
vn 0.246099 0.684178 0.686539
v -38.4773 -42.953 1085.98
vn 0.886643 0.314103 -0.339418
v -36.1635 -42.6216 1078.47
vn -0.576218 0.239818 0.781319
v -41.2614 -44.8908 1087.08
vn -0.118991 0.53196 0.838367
v -40.1898 -43.9737 1087.06
vn -0.257047 0.458789 0.850552
v -40.6828 -44.0557 1087
vn -0.441578 0.365309 0.819486
v -41.4297 -43.8995 1086.59
vn 0.744113 -0.0390122 -0.666913
v -36.7426 -43.5326 1077.4
vn -0.69125 0.12187 0.712265
v -42.314 -44.5938 1086.11
vn 0.666771 -0.124024 -0.73487
v -37.2958 -44.7252 1077.03
vn -0.854739 -0.414896 0.3119
v -43.184 -46.0979 1084.46
vn -0.283834 -0.693863 -0.661809
v -40.0483 -46.3882 1077.28
vn -0.452199 -0.733086 -0.508036
v -40.7502 -46.2544 1077.58
vn -0.83849 -0.505031 0.204643
v -43.7092 -45.7116 1083.5
vn 0.898845 0.396906 -0.185859
v -36.1865 -41.8991 1079.33
vn 0.867304 0.46169 -0.186082
v -36.5674 -41.197 1079.18
vn 0.852002 0.523498 -0.00645343
v -36.3007 -41.316 1080.79
vn 0.654845 0.701402 0.281447
v -37.1062 -40.4324 1081.35
vn 0.279801 0.713415 0.642456
v -38.8966 -41.792 1084.91
vn 0.152362 0.679324 0.717848
v -40.1915 -41.9513 1085.49
vn 0.859378 0.265084 -0.437264
v -36.9673 -41.7277 1077.31
vn 0.843935 0.144535 -0.516608
v -36.538 -42.5816 1077.7
vn 0.879213 0.394246 -0.267498
v -36.5283 -41.5801 1078.6
vn -0.136596 0.558471 0.8182
v -40.8266 -42.8054 1086.19
vn -0.00862035 0.639815 0.768481
v -40.749 -42.0223 1085.61
vn -0.21421 0.556107 0.803031
v -41.5588 -42.0645 1085.52
vn -0.41263 0.428651 0.803738
v -42.2138 -42.2432 1085.37
vn -0.298214 0.477799 0.826303
v -41.2403 -43.1267 1086.29
vn 0.474244 -0.322158 -0.819333
v -38.7806 -44.0368 1075.79
vn -0.829161 -0.23628 0.506621
v -44.316 -44.0678 1083.69
vn 0.156524 -0.570236 -0.806431
v -40.0022 -44.6082 1075.62
vn -0.602384 -0.74441 -0.288074
v -44.0653 -44.8848 1080.23
vn -0.214407 -0.744807 -0.631896
v -41.2503 -44.4294 1075.54
vn -0.547272 -0.750979 -0.369492
v -41.678 -45.6146 1077.55
vn 0.823334 0.561249 -0.084382
v -37.1885 -40.0446 1079.4
vn 0.75291 0.653419 0.0785493
v -37.3721 -39.8148 1079.8
vn 0.582798 0.753358 0.304628
v -37.7397 -39.5726 1080.56
vn 0.417888 0.766624 0.487502
v -38.7844 -40.2974 1082.95
vn 0.292275 0.746326 0.597975
v -39.4835 -40.3462 1083.47
vn 0.155494 0.71028 0.68653
v -40.444 -41.0979 1084.7
vn 0.862325 0.396767 -0.314597
v -37.0936 -40.9273 1077.81
vn -0.045737 0.662593 0.747582
v -41.6654 -40.7043 1084.45
vn -0.310382 0.534851 0.785874
v -42.5734 -41.0235 1084.47
vn 0.837193 0.286478 -0.465873
v -37.8172 -40.8558 1076.24
vn 0.794735 0.100983 -0.598497
v -37.8283 -41.1194 1076.14
vn -0.558937 0.298961 0.773441
v -42.9893 -42.3891 1084.94
vn -0.644884 0.217016 0.732822
v -43.6239 -42.2114 1084.36
vn -0.521277 0.37669 0.765751
v -43.3504 -41.335 1084.23
vn -0.73474 0.0621548 0.675495
v -44.5435 -42.5382 1083.5
vn -0.813515 -0.553434 0.178619
v -44.8396 -44.3882 1081.97
vn -0.832197 -0.448987 0.325359
v -44.8812 -43.956 1082.72
vn -0.444211 -0.780454 -0.439964
v -42.2623 -44.5994 1076.33
vn -0.538982 -0.789183 -0.294431
v -43.6626 -44.6009 1078.58
vn -0.754136 -0.656167 0.0268911
v -45.1126 -44.2337 1080.85
vn -0.609365 -0.773392 -0.174753
v -45.045 -44.2179 1080.41
vn 0.725808 0.687778 0.0128495
v -38.1562 -38.8838 1078.68
vn 0.653663 0.742569 0.145997
v -38.2224 -38.9123 1079.61
vn 0.465284 0.817519 0.339371
v -38.8193 -38.5057 1079.76
vn 0.566749 0.808987 0.156001
v -38.9536 -38.2487 1079.22
vn 0.391856 0.800941 0.452706
v -39.1235 -39.2177 1081.42
vn 0.286045 0.787863 0.545389
v -40.5879 -39.4848 1082.87
vn 0.795563 0.592707 -0.125608
v -37.9831 -39.1352 1078.28
vn 0.842703 0.488315 -0.226716
v -38.0029 -39.3635 1077.51
vn 0.71163 0.701067 -0.0457035
v -38.6341 -38.4042 1077.95
vn 0.799797 0.558435 -0.220172
v -38.7272 -38.5799 1076.66
vn 0.157916 0.742697 0.650741
v -41.2177 -39.7308 1083.4
vn 0.0224106 0.731364 0.681619
v -42.1061 -39.5686 1083.34
vn -0.172338 0.652205 0.738192
v -42.5869 -39.8156 1083.54
vn 0.836372 0.423275 -0.34831
v -38.5893 -39.1299 1076.15
vn -0.392686 0.525469 0.754771
v -43.7501 -39.914 1083.16
vn 0.730329 -0.0459788 -0.681547
v -39.1634 -40.4024 1074.66
vn -0.64868 0.25143 0.718329
v -44.6755 -40.8032 1082.95
vn 0.609416 -0.239861 -0.755698
v -39.879 -41.7136 1074.23
vn -0.76824 -0.600263 0.222465
v -45.7294 -43.4175 1081.28
vn -0.807657 -0.434213 0.398935
v -46.0321 -42.7624 1081.65
vn -0.808954 -0.39175 0.438322
v -46.5845 -42.2765 1081.11
vn 0.0522167 -0.726692 -0.684976
v -42.5493 -41.9975 1073.07
vn -0.361807 -0.838395 -0.407663
v -43.8415 -42.8864 1074.56
vn -0.156038 -0.787201 -0.59663
v -43.2947 -42.5252 1073.74
vn -0.508425 -0.824096 -0.249739
v -45.9321 -42.9728 1078.05
vn -0.68632 -0.722239 0.0856525
v -45.7345 -43.6335 1080.52
vn -0.710599 -0.697535 0.0921626
v -46.4941 -43.0643 1079.86
vn 0.725404 0.669284 -0.160771
v -39.1118 -38.0657 1076.72
vn 0.132351 0.792415 0.595451
v -41.7514 -38.673 1082.22
vn 0.290458 0.830964 0.474481
v -41.6718 -38.1225 1081.37
vn 0.12777 0.841528 0.524885
v -42.4599 -37.7328 1081.01
vn -0.0390185 0.753048 0.656808
v -42.6555 -38.893 1082.59
vn 0.802101 0.178042 -0.570031
v -39.3683 -39.3304 1074.55
vn 0.789776 0.521956 -0.322205
v -39.3466 -38.3266 1075.44
vn 0.818061 0.363149 -0.445981
v -39.5778 -38.7212 1074.55
vn -0.244149 0.664191 0.70657
v -43.4653 -38.9358 1082.5
vn -0.43391 0.54072 0.720656
v -44.5423 -39.2049 1082.2
vn -0.541362 0.412896 0.732423
v -44.5845 -39.862 1082.59
vn 0.772509 0.0432215 -0.633531
v -40.1184 -39.3501 1073.53
vn 0.695802 -0.142502 -0.703955
v -40.5924 -40.2528 1073.13
vn -0.789471 -0.156719 0.593443
v -46.6051 -42.0235 1081.18
vn 0.439342 -0.44152 -0.782329
v -42.039 -40.6681 1072.27
vn -0.278397 -0.862921 -0.421737
v -44.9305 -41.8979 1073.49
vn -0.156493 -0.822944 -0.546144
v -44.409 -41.558 1072.66
vn 0.603751 0.796795 0.0245534
v -40.5769 -36.8009 1076.6
vn 0.374244 0.860932 0.344582
v -40.7086 -37.0964 1078.48
vn 0.474478 0.859986 0.187869
v -41.1859 -36.5022 1077.28
vn 0.336261 0.887056 0.316322
v -41.4745 -36.5325 1077.81
vn 0.253596 0.865112 0.432746
v -42.0631 -37.2713 1080.01
vn 0.020476 0.808677 0.587896
v -43.0887 -37.8223 1081.23
vn 0.126342 0.872765 0.471507
v -43.0905 -36.9704 1079.88
vn -0.0124601 0.840588 0.541531
v -43.7844 -37.0853 1080.15
vn -0.128608 0.767523 0.627988
v -43.8929 -37.8449 1081.19
vn -0.34195 0.649114 0.6795
v -44.9649 -37.8759 1080.86
vn -0.617455 0.339859 0.709398
v -46.1328 -39.0862 1080.92
vn -0.751966 0.0221569 0.658829
v -47.9413 -40.57 1079.7
vn -0.820108 -0.358335 0.446115
v -48.3246 -40.7188 1079.15
vn -0.501889 -0.84681 -0.176125
v -47.7273 -41.3062 1075.72
vn -0.676732 -0.734509 0.0503072
v -48.5358 -41.0437 1077.59
vn 0.650862 0.753272 -0.0946555
v -42.0392 -35.7665 1073.91
vn 0.257415 0.90862 0.328859
v -43.0598 -35.765 1077.14
vn 0.219583 0.892741 0.393443
v -43.0976 -36.1936 1078.27
vn 0.0494718 0.884169 0.46454
v -44.478 -36.0475 1078.37
vn -0.207959 0.771366 0.601455
v -45.5532 -36.7106 1079.3
vn -0.407971 0.64206 0.64909
v -46.7434 -37.0444 1079.03
vn -0.53888 0.480536 0.691876
v -46.6033 -37.9534 1079.86
vn 0.543451 -0.40223 -0.736799
v -43.3772 -38.9499 1070.49
vn 0.626863 -0.251701 -0.737353
v -43.1183 -37.967 1070.26
vn -0.691555 0.212844 0.690253
v -48.9156 -39.5477 1078.5
vn -0.650379 0.320566 0.688654
v -48.4859 -38.5275 1078.53
vn 0.308572 -0.646107 -0.698089
v -44.4992 -39.7857 1070.39
vn 0.0599316 -0.810461 -0.582718
v -45.4836 -39.6603 1070.02
vn -0.651468 -0.755961 0.0641191
v -49.6384 -40.1372 1076.27
vn -0.536021 -0.842191 -0.0582798
v -49.5537 -40.2074 1075.83
vn 0.220453 -0.778322 -0.587891
v -45.6495 -39.1148 1069.22
vn -0.124319 -0.873323 -0.471012
v -46.1666 -40.3642 1071.19
vn -0.262204 -0.91499 -0.306663
v -47.6394 -40.6384 1072.64
vn -0.393445 -0.899538 -0.18982
v -48.1392 -40.6873 1073.53
vn -0.438051 -0.893746 -0.0965907
v -49.3723 -40.1528 1074.74
vn 0.386694 0.894566 0.224099
v -42.7574 -35.2935 1075.45
vn 0.551297 0.832988 0.0469278
v -42.7156 -35.2148 1074.76
vn 0.272806 0.920071 0.28115
v -43.51 -34.9033 1075.01
vn 0.70449 0.670581 -0.232411
v -42.9077 -35.4568 1071.7
vn 0.132157 0.913582 0.384582
v -44.7661 -35.2769 1076.83
vn -0.0836459 0.849951 0.52018
v -45.4826 -35.9828 1078.22
vn -0.039413 0.888829 0.45654
v -45.692 -35.4193 1077.19
vn -0.159228 0.849653 0.502729
v -46.4306 -35.6296 1077.42
vn -0.250705 0.778263 0.57572
v -46.3664 -36.0723 1078.13
vn 0.765855 0.292336 -0.572717
v -43.3914 -36.259 1069.93
vn 0.802883 0.274438 -0.52921
v -42.7082 -36.5933 1070.72
vn 0.765254 0.513711 -0.387927
v -42.835 -35.7924 1071.22
vn 0.765714 0.40825 -0.497006
v -43.1475 -35.9496 1070.48
vn -0.394914 0.699935 0.595091
v -47.1861 -36.1886 1077.83
vn -0.522707 0.557698 0.644787
v -47.9518 -36.6723 1077.77
vn 0.752243 0.0598133 -0.656165
v -43.4885 -36.6399 1069.67
vn 0.518886 -0.535211 -0.666564
v -45.4645 -38.2433 1068.39
vn -0.73991 -0.592012 0.319461
v -50.5663 -39.2151 1076.36
vn -0.785293 -0.0442907 0.617538
v -50.0311 -39.1369 1077.2
vn 0.420333 -0.694653 -0.583761
v -46.2962 -38.2117 1067.74
vn 0.20945 -0.841587 -0.497857
v -46.8198 -38.5097 1067.85
vn 0.017079 -0.898285 -0.439082
v -47.034 -39.5864 1069.76
vn -0.380311 -0.922654 -0.0638176
v -49.9938 -39.7937 1073.9
vn -0.365065 -0.929282 0.0562273
v -50.7032 -39.5956 1074.44
vn -0.299067 -0.953529 -0.0366148
v -50.5535 -39.5676 1073.33
vn -0.594301 -0.796938 0.108149
v -50.0647 -39.8563 1075.59
vn -0.465515 -0.885022 -0.00567288
v -50.1562 -39.8324 1075
vn -0.548912 -0.793198 0.263689
v -51.1647 -39.1896 1075.16
vn -0.782554 -0.242515 0.573407
v -51.219 -38.8386 1075.66
vn -0.187538 -0.943651 -0.272677
v -49.1537 -39.8242 1071.04
vn -0.318966 -0.941198 -0.111384
v -49.3614 -39.969 1071.86
vn 0.451779 0.88601 0.104313
v -43.8007 -34.4785 1073.67
vn 0.603821 0.793411 -0.0768078
v -43.588 -34.6529 1072.57
vn 0.479265 0.877295 0.0256531
v -44.2261 -34.2103 1072.94
vn 0.289049 0.937023 0.196058
v -44.3721 -34.1916 1073.34
vn 0.542295 0.837907 -0.0618673
v -44.4046 -34.1316 1071.87
vn 0.166384 0.933587 0.317381
v -45.0575 -34.4572 1074.81
vn 0.108807 0.946272 0.304516
v -45.7092 -34.2377 1074.41
vn 0.0102629 0.920446 0.390734
v -45.5711 -34.9047 1076.12
vn -0.15182 0.875104 0.459503
v -46.9219 -35.174 1076.43
vn 0.610111 0.778268 -0.148538
v -44.3537 -34.2301 1071.41
vn -0.276235 0.798652 0.53465
v -47.247 -35.6751 1077.13
vn -0.3044 0.798074 0.520019
v -48.5167 -35.0173 1075.43
vn 0.767662 0.208376 -0.606032
v -44.1729 -36.0098 1069.06
vn 0.742326 0.535345 -0.402937
v -44.9845 -34.6398 1069.01
vn 0.713953 -0.165877 -0.680261
v -44.7144 -36.5512 1068.35
vn -0.616485 0.428623 0.660476
v -50.1962 -37.4959 1076.39
vn 0.669677 -0.418642 -0.613409
v -46.151 -37.327 1067.05
vn -0.707688 0.27771 0.649658
v -51.3903 -37.5802 1075.22
vn 0.302049 -0.836446 -0.457301
v -48.2111 -37.7931 1065.84
vn 0.120311 -0.929413 -0.34888
v -49.1272 -38.6305 1067.33
vn -0.207012 -0.972222 -0.109224
v -50.6372 -39.5069 1071.1
vn -0.282428 -0.958039 0.0489423
v -52.053 -39.1955 1073.63
vn -0.381722 -0.91814 0.106336
v -52.8779 -38.9991 1072.66
vn -0.547723 -0.756348 0.357682
v -52.2601 -38.917 1074.2
vn -0.467389 -0.852512 0.234033
v -52.3051 -39.081 1073.72
vn -0.0544723 -0.969379 -0.239453
v -50.2735 -38.9283 1068.26
vn -0.13486 -0.990732 -0.0162306
v -52.7681 -39.1839 1070.26
vn 0.221335 0.952984 0.206962
v -45.8265 -33.5096 1072.01
vn 0.395198 0.916853 0.0565514
v -45.6906 -33.4226 1071.13
vn 0.00181542 0.942772 0.333432
v -47.5592 -33.4401 1072.36
vn -0.0824102 0.91384 0.397625
v -47.7746 -33.9315 1073.61
vn -0.191 0.87731 0.440279
v -48.4673 -34.2622 1074.1
vn -0.293127 0.831709 0.471527
v -49.6357 -34.4346 1073.82
vn -0.503258 0.608787 0.613278
v -50.1382 -35.6252 1075.02
vn -0.39466 0.741952 0.541988
v -50.2005 -34.7452 1073.9
vn 0.80299 0.280393 -0.525916
v -46.1576 -34.931 1066.82
vn 0.808222 0.00618272 -0.588846
v -46.6389 -35.7356 1065.91
vn 0.489853 -0.690672 -0.531993
v -47.922 -37.3433 1065.35
vn 0.373503 -0.848203 -0.375563
v -49.7801 -37.4801 1063.9
vn 0.197473 -0.947378 -0.251952
v -50.5215 -38.1797 1065.28
vn -0.473552 -0.85807 0.198658
v -53.2863 -38.8389 1072.4
vn -0.656851 -0.595574 0.462427
v -54.2214 -38.3832 1071.73
vn -0.362018 -0.889706 0.278148
v -54.3326 -38.6513 1071.02
vn 0.0808169 -0.980864 -0.177126
v -51.9126 -38.816 1067.46
vn 0.0251048 -0.996004 0.0857092
v -54.2203 -39.1907 1068.12
vn 0.277344 0.955518 0.100332
v -46.6382 -33.0111 1070.33
vn 0.608422 0.763673 -0.215931
v -46.9961 -32.925 1067.94
vn 0.477843 0.876668 -0.0558454
v -46.3992 -33.0929 1069.51
vn 0.11171 0.96544 0.235472
v -47.1588 -32.9806 1070.73
vn -0.0274563 0.952949 0.301886
v -48.1487 -33.0178 1071.06
vn -0.120573 0.919756 0.373511
v -48.6182 -33.6131 1072.63
vn -0.155993 0.921734 0.355066
v -49.4429 -33.2471 1071.39
vn -0.230374 0.883367 0.408155
v -49.6455 -33.638 1072.21
vn -0.357056 0.810886 0.463655
v -51.3399 -34.1006 1072.04
vn -0.467783 0.68741 0.55556
v -51.5635 -34.8669 1073.01
vn 0.848451 0.186183 -0.495446
v -47.808 -34.453 1064.32
vn -0.508702 0.672692 0.537315
v -52.3725 -34.6651 1072.04
vn -0.604579 0.512568 0.609719
v -51.8144 -35.4233 1073.35
vn 0.805941 -0.194513 -0.559128
v -48.7002 -35.2091 1062.76
vn -0.67903 0.424092 0.59922
v -53.4681 -35.679 1071.76
vn 0.579686 -0.64748 -0.494706
v -49.1788 -36.8091 1063.4
vn 0.655911 -0.495923 -0.569071
v -49.1287 -36.1751 1062.78
vn 0.681622 -0.524943 -0.509732
v -49.857 -36.3834 1062.05
vn -0.770401 -0.0829251 0.632144
v -54.6111 -37.9837 1071.39
vn -0.499397 -0.704762 0.503898
v -55.506 -38.3933 1070.18
vn -0.761776 0.126994 0.635271
v -55.8896 -37.7178 1069.94
vn 0.305996 -0.927945 -0.212801
v -51.9188 -37.8866 1062.73
vn 0.202602 -0.970891 -0.12776
v -53.5044 -38.7703 1065.24
vn -0.152343 -0.937617 0.312516
v -56.0676 -39.0596 1068.41
vn 0.323425 -0.933754 -0.153293
v -54.1815 -38.4834 1061.93
vn 0.03614 -0.982375 0.183393
v -56.2633 -39.4211 1067.03
vn 0.187087 -0.982326 0.00577913
v -56.1459 -39.4892 1066.12
vn 0.290886 -0.951195 -0.103026
v -55.7104 -39.1105 1063.06
vn -0.220887 -0.892225 0.393883
v -57.8731 -39.5488 1066.46
vn 0.333618 0.942708 -0.00117432
v -47.6543 -32.5697 1068.04
vn 0.151843 0.980006 0.128576
v -48.2144 -32.5075 1068.9
vn 0.388159 0.917791 -0.0836216
v -47.9332 -32.5047 1067.14
vn 0.630422 0.725668 -0.275635
v -48.0507 -32.6302 1066.08
vn 0.26595 0.962458 -0.0542751
v -48.9493 -32.2213 1066.04
vn 0.17418 0.983577 0.0472948
v -49.267 -32.1647 1067.06
vn 0.021977 0.988007 0.15284
v -49.737 -32.1928 1067.72
vn 0.0316301 0.974379 0.222679
v -48.7792 -32.5197 1069.27
vn -0.0866726 0.956555 0.27837
v -49.9475 -32.5577 1069.24
vn -0.19849 0.926105 0.32083
v -50.8129 -32.7486 1069.39
vn -0.26263 0.884317 0.386016
v -51.0506 -33.1265 1070.16
vn 0.464841 0.859036 -0.214429
v -48.8574 -32.3847 1065.11
vn -0.46791 0.739127 0.484512
v -52.8716 -34.2791 1071.02
vn -0.350543 0.840876 0.412367
v -52.5349 -33.7252 1070.35
vn 0.788967 0.452723 -0.41542
v -48.9701 -33.3251 1063.04
vn -0.608833 0.572818 0.548819
v -53.755 -34.6984 1070.63
vn -0.43544 0.795029 0.42228
v -53.2944 -33.8316 1069.85
vn -0.561555 0.670734 0.484533
v -54.0693 -34.3005 1069.78
vn -0.749576 0.249937 0.612917
v -55.8214 -36.9447 1069.79
vn 0.555475 -0.72102 -0.414219
v -51.2935 -36.7499 1060.6
vn -0.780699 -0.0858153 0.618987
v -56.8423 -38.1385 1068.82
vn -0.791083 0.213452 0.573259
v -57.0677 -37.4329 1068.33
vn 0.426015 -0.853312 -0.300617
v -52.9997 -37.5742 1060.13
vn 0.376751 -0.897379 -0.229715
v -53.9065 -38.0273 1060.22
vn -0.657967 -0.427145 0.620182
v -58.3208 -39.1706 1066.71
vn -0.793768 0.0439357 0.606632
v -58.4007 -38.7385 1066.67
vn -0.0693006 -0.962637 0.261777
v -58.5599 -39.8458 1065.26
vn -0.287508 -0.866597 0.407858
v -59.0111 -39.7766 1065.22
vn -0.543968 -0.635782 0.547613
v -59.1191 -39.4889 1065.61
vn -0.766045 -0.192512 0.613281
v -59.1453 -39.2191 1065.75
vn -0.201354 -0.924716 0.323042
v -59.3955 -39.9848 1064.47
vn -0.432942 -0.779405 0.452868
v -59.9272 -39.882 1064.27
vn 0.338225 -0.935706 -0.100289
v -58.7171 -39.8543 1060.56
vn 0.256774 -0.966329 -0.0165968
v -59.5658 -40.3085 1062.62
vn 0.0486903 -0.988291 0.1446
v -60.4818 -40.4942 1062.01
vn 0.073619 0.997145 0.0167878
v -50.2481 -31.9944 1065.72
vn -0.107435 0.968936 0.222756
v -50.8014 -32.2023 1067.53
vn -0.0595838 0.99058 0.123294
v -51.0379 -32.0365 1066.43
vn -0.264207 0.913659 0.308904
v -52.0247 -32.5402 1067.91
vn -0.189817 0.953743 0.233118
v -51.7158 -32.2562 1067.18
vn -0.28922 0.886554 0.361073
v -51.9082 -32.9655 1069.15
vn 0.259222 0.95866 -0.117363
v -50.2587 -32.0691 1063.77
vn -0.161942 0.974446 0.15566
v -52.1599 -32.089 1065.94
vn -0.310323 0.905674 0.288886
v -52.8006 -32.6204 1067.41
vn -0.354303 0.864247 0.357138
v -52.9848 -33.1615 1068.68
vn -0.477922 0.784 0.396149
v -54.2615 -33.8203 1068.75
vn -0.390556 0.85835 0.332719
v -53.617 -33.0827 1067.8
vn 0.820702 0.371012 -0.43451
v -49.698 -33.5158 1061.37
vn 0.753901 0.510699 -0.413304
v -50.1581 -33.2288 1060.79
vn 0.693357 0.628381 -0.352694
v -50.2355 -32.9573 1061.05
vn -0.553422 0.738936 0.384314
v -55.2758 -34.0414 1067.83
vn -0.457763 0.825079 0.331207
v -54.5746 -33.3963 1067.39
vn -0.689374 0.486788 0.536471
v -55.6501 -35.1754 1068.79
vn -0.605105 0.646709 0.464344
v -55.1943 -34.4236 1068.56
vn 0.851591 0.0386555 -0.52278
v -50.4374 -34.1707 1059.82
vn -0.655315 0.623036 0.427068
v -55.9956 -34.5087 1067.55
vn -0.729181 0.482603 0.48517
v -56.8144 -35.5369 1067.49
vn -0.765003 0.351033 0.53995
v -56.8501 -36.3799 1068.08
vn 0.536264 -0.769543 -0.346735
v -54.6963 -37.2091 1056.67
vn 0.653752 -0.621928 -0.431062
v -53.9082 -36.3575 1056.31
vn -0.800957 0.240941 0.548102
v -59.1234 -37.3672 1065.27
vn 0.395439 -0.900261 -0.182095
v -57.0027 -38.8818 1058.38
vn -0.811687 0.0987324 0.575687
v -59.7525 -38.8491 1064.92
vn 0.464561 -0.84729 -0.257453
v -56.8116 -38.3425 1056.63
vn -0.664525 -0.521584 0.535123
v -60.7301 -39.9117 1063.33
vn -0.803265 -0.199819 0.561104
v -61.0333 -39.6828 1063.07
vn -0.844258 -0.0620347 0.532335
v -61.728 -39.4171 1062.07
vn -0.181665 -0.951727 0.247414
v -61.0239 -40.4833 1061.91
vn -0.429893 -0.818879 0.380301
v -61.2484 -40.3492 1062.06
vn -0.721923 -0.495147 0.483381
v -61.6197 -40.1332 1061.91
vn -0.226159 -0.942928 0.244416
v -62.5862 -40.84 1058.93
vn -0.487068 -0.784332 0.384173
v -62.5493 -40.5973 1059.71
vn -0.269948 0.935353 0.228567
v -53.0039 -32.3139 1066.1
vn 0.135266 0.987005 -0.0867407
v -51.9503 -32.0101 1061.24
vn 0.00991348 0.999838 -0.0150028
v -52.9569 -31.9154 1062.3
vn -0.077173 0.994754 0.0671543
v -52.8424 -31.9465 1063.83
vn -0.212918 0.966136 0.145761
v -53.6447 -32.1608 1064.5
vn -0.321995 0.918648 0.228923
v -54.3528 -32.4093 1064.74
vn -0.375445 0.882392 0.283594
v -54.3374 -32.7458 1065.92
vn 0.573577 0.754561 -0.318822
v -52.0544 -32.6184 1058.44
vn 0.364696 0.907346 -0.209094
v -52.2466 -32.2419 1059.33
vn -0.535889 0.774254 0.33668
v -56.4366 -33.3493 1064.51
vn 0.822892 0.116342 -0.556159
v -52.3161 -33.7088 1056.9
vn 0.82672 0.248071 -0.50497
v -51.8657 -33.4596 1057.65
vn 0.772223 0.378206 -0.510521
v -52.1536 -33.2394 1057.33
vn 0.636074 0.660275 -0.399307
v -52.1416 -32.863 1057.76
vn 0.7176 -0.535241 -0.445609
v -54.4601 -36.0354 1055.02
vn 0.76753 -0.42199 -0.482516
v -54.4803 -35.3243 1054.25
vn 0.65507 -0.643306 -0.396283
v -54.9137 -36.4929 1054.92
vn 0.640452 -0.681749 -0.353609
v -56.3054 -36.7894 1053.02
vn 0.494657 -0.849738 -0.182373
v -58.1527 -38.7286 1055.24
vn -0.765865 -0.367491 0.527637
v -63.254 -40.1863 1059.24
vn -0.822746 -0.0257146 0.567827
v -63.4149 -39.293 1059.27
vn 0.517202 -0.845921 -0.130077
v -60.1519 -39.2543 1051.96
vn 0.45238 -0.888641 -0.0752957
v -61.6587 -40.3628 1054.01
vn -0.619926 -0.569337 0.539951
v -64.4461 -40.4535 1057.45
vn 0.377653 -0.923531 -0.0668429
v -63.0955 -41.1361 1055.17
vn 0.104452 -0.989237 0.102466
v -63.6793 -41.3116 1055.75
vn -0.11132 -0.961634 0.250736
v -64.1343 -41.3046 1055.94
vn -0.316726 -0.862332 0.395054
v -64.5882 -41.1552 1056.15
vn 0.350771 -0.936072 0.0270046
v -64.5994 -41.717 1052.93
vn 0.14238 -0.969204 0.200925
v -65.0697 -41.6693 1054.33
vn 0.851638 -0.507413 0.131318
v -78.4619 -61.8891 1012.28
vn 0.744445 -0.618464 0.251602
v -79.3089 -62.2114 1014.6
vn 0.456119 -0.807663 0.373678
v -79.9638 -62.1988 1015.88
vn 0.438019 -0.836556 0.32911
v -79.8713 -62.5552 1014.93
vn 0.675418 -0.655182 0.338449
v -79.4823 -61.9767 1015.49
vn 0.0836621 -0.932038 0.352569
v -80.4006 -62.3549 1015.83
vn 0.273394 -0.860391 0.430096
v -80.2259 -62.1698 1016.2
vn 0.776358 -0.607073 0.169504
v -78.9224 -62.5292 1012.39
vn 0.67196 -0.727961 0.136171
v -79.2359 -62.8812 1012.39
vn 0.60638 -0.793639 -0.0493942
v -79.3313 -62.9986 1011.83
vn 0.518777 -0.85374 0.0447052
v -79.4997 -63.1184 1012.19
vn 0.404283 -0.909656 -0.0952951
v -79.722 -63.2279 1011.79
vn 0.234244 -0.972169 -0.00410211
v -79.9151 -63.3085 1012.14
vn 0.761025 -0.648658 0.00913786
v -78.8711 -62.5515 1011.93
vn 0.626605 -0.748805 -0.216004
v -79.1908 -62.8344 1011.45
vn 0.405424 -0.86832 -0.285749
v -79.5701 -63.0819 1011.42
vn 0.155048 -0.965598 -0.20876
v -79.9065 -63.2629 1011.67
vn 0.844963 -0.526908 -0.0916833
v -78.63 -62.2191 1011.64
vn 0.731707 -0.630339 -0.25938
v -78.9464 -62.5072 1011.16
vn 0.470428 -0.84556 0.252439
v -79.7194 -63.0815 1013.26
vn 0.392567 -0.911957 0.119267
v -79.795 -63.2302 1012.71
vn 0.0914855 -0.953211 0.288129
v -80.2749 -63.1083 1013.63
vn 0.200444 -0.958468 0.202881
v -80.0018 -63.2477 1013.01
vn 0.00512646 -0.993148 0.116754
v -80.2697 -63.3263 1012.64
vn 0.130889 -0.915528 -0.380363
v -79.9704 -63.1025 1011.16
vn -0.0788957 -0.993741 -0.0790871
v -80.4309 -63.3393 1012.05
vn -0.103943 0.993487 0.0466752
v -53.6029 -31.933 1062.37
vn -0.306043 0.935172 0.178299
v -55.1462 -32.3436 1063.27
vn -0.421512 0.86762 0.26375
v -55.9758 -32.785 1063.66
vn 0.642931 0.58686 -0.492173
v -53.1228 -32.9149 1056.27
vn 0.42747 0.855693 -0.291648
v -52.6795 -32.4472 1057.81
vn 0.222881 0.957477 -0.183202
v -53.3355 -32.1532 1058.16
vn 0.485512 0.786145 -0.382433
v -53.2357 -32.6616 1056.54
vn -0.205943 0.972814 0.10593
v -55.5419 -32.1349 1061.11
vn 0.471505 0.761759 -0.444304
v -53.8334 -32.817 1055.58
vn 0.292873 0.901405 -0.318896
v -53.8456 -32.4779 1056.34
vn 0.163826 0.956604 -0.240975
v -54.3713 -32.2242 1056.76
vn 0.825169 -0.0835417 -0.558674
v -54.0672 -34.0588 1054.32
vn 0.76996 0.272545 -0.576959
v -54.2352 -33.7165 1054.15
vn 0.59418 0.588384 -0.548411
v -54.7669 -33.4317 1053.73
vn -0.626518 0.690473 0.361555
v -59.7792 -34.2913 1061.04
vn -0.82742 0.191854 0.527795
v -62.2024 -37.8232 1060.9
vn -0.798628 0.329183 0.503817
v -62.0404 -37.2428 1060.85
vn -0.76624 0.418312 0.487741
v -61.4306 -36.5013 1061.24
vn -0.828522 0.290793 0.47853
v -63.0771 -37.58 1059.34
vn 0.624847 -0.737292 -0.25684
v -58.455 -37.4636 1050.11
vn 0.585894 -0.792196 -0.170743
v -59.3582 -38.5624 1051.34
vn -0.828482 0.206533 0.52054
v -63.811 -38.5204 1058.52
vn -0.753543 -0.281172 0.594234
v -64.6466 -40.085 1057.46
vn -0.823948 0.147678 0.547084
v -65.057 -39.2599 1056.93
vn 0.631625 -0.754536 -0.178115
v -61.0614 -39.2892 1048.71
vn 0.467483 -0.883473 -0.0305942
v -63.4544 -41.1364 1051.55
vn -0.192528 -0.892462 0.407977
v -65.523 -41.396 1055.04
vn -0.457348 -0.702259 0.545586
v -66.1388 -41.2544 1054.89
vn -0.756949 -0.26141 0.59891
v -66.617 -40.8717 1054.69
vn 0.568203 -0.81902 -0.0796918
v -63.8639 -41.1316 1047.17
vn 0.522266 -0.851587 -0.0451438
v -63.9076 -41.2396 1048.58
vn 0.367828 -0.926707 0.0769133
v -66.5979 -42.69 1050.56
vn -0.511276 -0.627429 0.587308
v -68.6051 -42.5578 1051.47
vn 0.726019 -0.649944 0.224651
v -77.5201 -57.8026 1018.71
vn 0.408319 -0.765752 0.496889
v -79.3957 -57.9815 1021.85
vn 0.782062 -0.572258 0.24678
v -77.9672 -58.6738 1017.83
vn 0.825801 -0.53735 0.171196
v -77.7129 -58.6311 1017.03
vn 0.806824 -0.574402 0.13819
v -77.1882 -57.6895 1017.72
vn 0.63166 -0.698649 0.335999
v -78.746 -58.4482 1020.27
vn 0.89369 -0.4315 0.122989
v -77.1343 -58.7485 1013.51
vn 0.863467 -0.475789 0.167481
v -77.4202 -58.6657 1015.03
vn 0.930061 -0.312788 -0.192745
v -77.5498 -59.8796 1011.65
vn 0.893288 -0.430118 0.130522
v -77.8774 -60.6554 1012.56
vn 0.848448 -0.492582 0.193648
v -78.6285 -60.66 1015.63
vn 0.52969 -0.724529 0.441005
v -80.0032 -61.1951 1017.67
vn 0.23512 -0.841941 0.485648
v -80.4252 -60.9715 1018.4
vn -0.229324 -0.890423 0.393137
v -82.6386 -60.84 1019.18
vn 0.245065 -0.816023 0.523498
v -82.708 -59.9824 1021.18
vn 0.909418 -0.414571 -0.0330139
v -77.9563 -60.9333 1011.75
vn 0.879232 -0.398234 -0.261458
v -78.1721 -61.1876 1011.09
vn 0.828921 -0.311801 -0.464403
v -78.2882 -60.9441 1010.56
vn 0.717923 -0.161322 -0.677172
v -78.3436 -60.7217 1010.39
vn 0.873136 -0.224962 -0.432464
v -77.8171 -59.996 1010.91
vn 0.557034 -0.051263 -0.828906
v -78.5568 -60.6628 1010.2
vn 0.0815053 -0.911292 0.403614
v -81.1541 -61.8422 1017.08
vn -0.00209491 -0.901059 0.433691
v -82.2712 -61.8427 1017.36
vn -0.4404 -0.830417 0.341255
v -82.7005 -61.7387 1017.41
vn -0.841528 -0.520872 0.143258
v -82.8777 -61.7229 1016.98
vn 0.566562 -0.679757 -0.465766
v -79.2165 -62.541 1010.75
vn 0.807084 -0.498911 -0.315759
v -78.6342 -61.9596 1010.95
vn 0.686644 -0.525834 -0.502015
v -78.8976 -62.0176 1010.53
vn 0.46906 -0.549482 -0.691413
v -79.2176 -62.2502 1010.42
vn 0.283564 -0.676841 -0.679321
v -79.6105 -62.5004 1010.41
vn 0.159675 -0.473701 -0.866089
v -79.6653 -62.2909 1010.25
vn 0.751181 -0.377403 -0.541567
v -78.5157 -61.304 1010.46
vn 0.536317 -0.386472 -0.750335
v -78.9519 -61.6501 1010.2
vn 0.279077 -0.390845 -0.87713
v -79.3108 -61.8937 1010.14
vn 0.00861918 -0.341556 -0.939822
v -79.8191 -61.9787 1010.1
vn 0.552652 -0.193867 -0.81055
v -78.7662 -61.0651 1010.11
vn 0.058891 -0.245019 -0.967728
v -79.5271 -61.467 1009.95
vn 0.312848 -0.19814 -0.928906
v -79.1792 -61.1319 1009.92
vn -0.183654 -0.224248 -0.957071
v -80.0432 -61.6471 1010.03
vn 0.439907 -0.77918 -0.446498
v -79.4227 -62.7512 1010.85
vn -0.136359 -0.969698 0.202711
v -81.6788 -62.966 1013.72
vn -0.35998 -0.92393 0.129491
v -82.1398 -62.795 1014.15
vn -0.943401 -0.315996 -0.100701
v -82.7042 -62.0985 1014.38
vn 0.00980934 -0.938251 0.345816
v -81.6364 -62.4203 1015.51
vn -0.144696 -0.943664 0.297592
v -82.337 -62.1416 1016.55
vn -0.137493 -0.950842 0.277479
v -82.2043 -62.5595 1015.13
vn -0.535306 -0.836202 0.119221
v -82.4382 -62.5709 1014.74
vn -0.642591 -0.747801 0.166944
v -82.7247 -62.0617 1016.31
vn -0.830511 -0.556981 0.00477771
v -82.6079 -62.3873 1014.89
vn -0.944121 -0.329598 0.000577024
v -82.915 -61.7812 1015.98
vn 0.0130971 -0.564986 -0.824997
v -79.8867 -62.4535 1010.32
vn -0.185583 -0.368557 -0.910892
v -80.1426 -62.1546 1010.2
vn 0.202659 -0.830039 -0.519582
v -79.8694 -62.8756 1010.77
vn -0.106961 -0.948869 -0.296998
v -80.4968 -63.2345 1011.54
vn -0.080432 -0.867119 -0.491565
v -80.2944 -63.0211 1010.97
vn -0.0138209 -0.753632 -0.657152
v -80.1299 -62.7746 1010.6
vn -0.347584 -0.823552 -0.448273
v -80.7589 -63.0142 1011.15
vn -0.210247 -0.577623 -0.788764
v -80.3104 -62.665 1010.51
vn -0.344172 -0.671271 -0.656461
v -80.638 -62.7986 1010.77
vn -0.582126 -0.555717 -0.593555
v -81.0307 -62.7314 1011.01
vn -0.41785 -0.368388 -0.830477
v -80.5315 -62.3396 1010.41
vn -0.576732 -0.360281 -0.733197
v -80.8527 -62.4679 1010.68
vn -0.701203 -0.303774 -0.645008
v -81.3311 -62.402 1011.1
vn -0.321679 -0.918791 -0.228793
v -80.9169 -63.1904 1011.76
vn -0.226206 -0.973569 0.0315421
v -81.5088 -63.1176 1012.84
vn -0.389487 -0.914454 -0.109882
v -81.8272 -63.0196 1012.65
vn -0.594616 -0.791784 -0.139678
v -82.0688 -62.8963 1012.75
vn -0.571485 -0.676947 -0.46384
v -81.5042 -62.8463 1011.67
vn -0.560615 -0.764475 -0.318259
v -81.8512 -62.9034 1012.24
vn -0.797858 -0.499245 -0.337903
v -82.1222 -62.7563 1012.49
vn -0.728711 -0.507263 -0.46007
v -81.934 -62.7396 1012.13
vn -0.767629 -0.326675 -0.551388
v -81.8088 -62.5204 1011.75
vn -0.859565 -0.240456 -0.45092
v -82.0118 -62.5495 1012.1
vn -0.388829 -0.920533 0.0378337
v -81.9456 -62.9778 1013.06
vn -0.597757 -0.80167 -0.00353234
v -82.1265 -62.8682 1012.98
vn -0.819836 -0.559085 -0.123664
v -82.2618 -62.7322 1012.89
vn -0.940604 -0.15279 -0.303181
v -82.3857 -62.3254 1012.86
vn 0.0582769 0.993612 -0.0966408
v -54.6469 -32.098 1057.32
vn 0.0161917 0.989856 -0.141145
v -55.6778 -32.1773 1056.41
vn -0.0408333 0.998571 -0.03448
v -55.7758 -32.0647 1058.06
vn -0.151094 0.988141 0.0273589
v -56.8274 -32.1537 1058.34
vn -0.270567 0.956403 0.109937
v -57.401 -32.2862 1058.45
vn -0.382027 0.905053 0.186905
v -58.0115 -32.6129 1059.23
vn 0.371006 0.818678 -0.438316
v -54.7966 -33.0705 1054.2
vn 0.079197 0.967 -0.242153
v -56.5192 -32.4978 1054.62
vn -0.099789 0.993374 -0.0570069
v -56.9715 -32.2099 1056.55
vn -0.445519 0.878047 0.174774
v -58.9638 -32.8757 1058.34
vn -0.357949 0.927484 0.107919
v -58.2586 -32.4927 1057.87
vn -0.238386 0.970866 0.0243121
v -58.0151 -32.3706 1057.31
vn -0.52187 0.80868 0.271456
v -59.1202 -33.5242 1060.52
vn 0.396444 0.775668 -0.491092
v -57.0041 -33.8625 1051.07
vn -0.731875 0.540701 0.41473
v -62.3797 -35.68 1058.72
vn 0.726733 0.331736 -0.601507
v -57.9715 -35.0984 1048.84
vn -0.789674 0.412258 0.454377
v -62.9098 -36.8114 1059.07
vn 0.831962 -0.0864479 -0.548057
v -57.9047 -35.5477 1048.85
vn -0.806758 0.368285 0.462069
v -63.5445 -36.9962 1058.08
vn 0.702955 -0.64978 -0.289206
v -59.5842 -37.5961 1047.68
vn 0.759977 -0.543387 -0.356603
v -59.3987 -37.1587 1047.34
vn -0.814225 0.271102 0.513362
v -65.51 -38.5857 1055.96
vn -0.831278 0.244541 0.499175
v -66.7728 -39.1413 1054.18
vn -0.830075 -0.0186154 0.557341
v -66.6821 -40.4222 1054.68
vn 0.693123 -0.690933 -0.205406
v -62.2482 -39.5991 1045.73
vn 0.733283 -0.639917 -0.229788
v -62.2653 -39.2601 1044.55
vn -0.845239 0.107812 0.523399
v -67.3428 -40.15 1053.62
vn 0.759172 -0.619415 -0.199956
v -63.265 -39.8636 1042.88
vn 0.592873 -0.802736 -0.0641669
v -64.4069 -41.4041 1045.34
vn 0.666314 -0.739266 -0.0975267
v -64.8819 -41.5319 1042.84
vn -0.818558 -0.0817492 0.568578
v -69.5268 -42.4065 1050.49
vn 0.517618 -0.854831 0.0365594
v -66.9614 -43.0272 1045.68
vn -0.111496 -0.89225 0.43756
v -69.528 -43.5394 1049.31
vn -0.434692 -0.692162 0.576155
v -70.2852 -43.6146 1048.77
vn 0.441786 -0.893851 0.0765223
v -69.2797 -44.1756 1046
vn 0.28537 -0.933128 0.218713
v -69.3777 -44.063 1047.65
vn -0.6987 -0.385321 0.602782
v -70.7457 -43.5033 1048.45
vn -0.62465 -0.505812 0.594951
v -71.2881 -44.1324 1047.42
vn 0.61324 -0.789807 -0.0119092
v -67.7653 -43.7083 1040.97
vn 0.581569 -0.808641 0.0887529
v -68.2956 -44.0872 1042.52
vn 0.398852 -0.893377 0.206866
v -70.8194 -45.205 1045.13
vn -0.336539 -0.768749 0.543845
v -71.2108 -44.4052 1047.16
vn 0.698747 -0.714694 0.0310708
v -69.6813 -45.7427 1037.22
vn 0.371441 -0.883571 0.28519
v -72.0536 -46.4828 1042.49
vn -0.0114063 -0.887958 0.459783
v -72.5993 -46.122 1043.64
vn 0.213738 -0.901014 0.377477
v -74.216 -48.3143 1039.67
vn -0.0425166 -0.862848 0.503672
v -74.2072 -47.9336 1040.45
vn 0.63838 -0.761232 0.114003
v -72.5009 -48.4344 1034.21
vn -0.0591325 -0.867444 0.494008
v -75.5118 -49.1254 1038.26
vn 0.719157 -0.68691 0.104729
v -73.2147 -49.8554 1028.98
vn 0.456647 -0.857319 0.237652
v -76.1797 -51.4345 1032.7
vn 0.548677 -0.796366 0.254469
v -75.7883 -52.029 1029.97
vn 0.345555 -0.897564 0.27381
v -76.2567 -52.0597 1030.64
vn 0.297807 -0.907873 0.29509
v -76.6958 -51.5239 1033.09
vn 0.834469 -0.543982 0.0880085
v -74.0864 -51.3216 1026.06
vn 0.732686 -0.654393 0.186927
v -75.0867 -52.4007 1026.98
vn 0.363229 -0.869014 0.335976
v -76.4659 -52.4589 1029.73
vn 0.340094 -0.876601 0.340451
v -77.8457 -52.6074 1030.52
vn 0.267995 -0.9052 0.329834
v -78.1148 -52.2233 1032.09
vn 0.00153874 -0.87326 0.487252
v -78.4016 -52.1551 1032.4
vn 0.590944 -0.746788 0.30511
v -75.8718 -53.1815 1026.87
vn 0.421502 -0.821218 0.384625
v -76.68 -53.388 1027.78
vn 0.386152 -0.820207 0.422076
v -78.3105 -53.6602 1028.64
vn 0.226829 -0.878364 0.420744
v -79.4861 -53.5362 1030.09
vn 0.267947 -0.846697 0.459683
v -79.491 -54.3349 1028.53
vn 0.879382 -0.473811 0.0468052
v -75.2133 -54.1892 1020.14
vn 0.949799 -0.297832 -0.095805
v -75.0386 -53.7627 1019.83
vn 0.684137 -0.685438 0.249262
v -76.5146 -55.6241 1022.28
vn 0.398164 -0.812388 0.426017
v -78.3766 -55.8997 1024.69
vn 0.764644 -0.621291 0.171219
v -76.5307 -56.2115 1020.51
vn 0.327915 -0.815354 0.477148
v -80.1223 -56.5269 1024.47
vn 0.117519 -0.827587 0.548899
v -81.3686 -55.484 1027.43
vn 0.958502 -0.2768 -0.0682377
v -75.9345 -55.6981 1015.84
vn 0.97562 -0.0885724 -0.200799
v -76.0204 -55.7026 1015.14
vn 0.890152 -0.448346 0.0813362
v -76.5814 -57.3893 1014.51
vn 0.846812 -0.51932 0.11496
v -76.9682 -57.5334 1016.43
vn 0.943522 -0.328869 -0.0401386
v -76.906 -58.3365 1012.74
vn 0.940275 -0.18877 -0.283284
v -77.0096 -58.4409 1012.17
vn 0.950871 -0.0936924 -0.295068
v -76.832 -57.7388 1012.37
vn 0.969763 -0.176476 -0.16857
v -76.6325 -57.4227 1013.02
vn 0.954175 -0.00498332 -0.299209
v -76.6633 -57.2511 1012.83
vn 0.86209 0.0666288 -0.502355
v -77.0483 -57.7626 1011.87
vn 0.825938 0.246063 -0.507227
v -76.7853 -56.9001 1012.59
vn 0.674013 0.342554 -0.654495
v -77.2435 -57.4255 1011.75
vn 0.171891 -0.8243 0.539429
v -82.7754 -59.2032 1022.44
vn -0.854766 -0.405582 0.32385
v -83.196 -59.2203 1022.21
vn -0.0709944 -0.801257 0.594093
v -83.0957 -59.0259 1022.67
vn -0.986458 -0.0292518 0.161386
v -83.1898 -58.5819 1022.71
vn 0.902018 -0.163072 -0.399714
v -77.4095 -59.1059 1011.41
vn 0.850623 -0.0220033 -0.525316
v -77.2721 -58.2553 1011.5
vn 0.676344 0.128564 -0.72528
v -77.5627 -58.2988 1011.12
vn 0.68577 0.246792 -0.684699
v -77.3372 -57.8058 1011.49
vn -0.996935 0.0179375 -0.0761522
v -83.2867 -59.7842 1018.65
vn -0.0575837 -0.903357 0.425005
v -82.872 -60.0781 1021.06
vn -0.320267 -0.81581 0.481542
v -83.0682 -59.8461 1021.45
vn -0.667608 -0.703342 0.24415
v -83.1582 -60.1132 1020.7
vn -0.798902 -0.52517 0.293174
v -83.2173 -59.6744 1021.52
vn -0.951584 -0.294397 0.0884203
v -83.2664 -59.8981 1020.83
vn -0.977487 -0.168263 0.127307
v -83.3042 -59.5333 1021.34
vn -0.999313 0.0368062 0.00445247
v -83.3354 -59.2231 1020.76
vn 0.752001 -0.0378559 -0.658074
v -77.8227 -59.5352 1010.81
vn 0.535133 0.0521274 -0.843158
v -78.4697 -60.0966 1010.26
vn 0.468532 0.152568 -0.870173
v -78.2294 -59.1388 1010.5
vn 0.212142 0.190172 -0.958556
v -79.1256 -59.8354 1010.03
vn -0.0754416 0.288966 -0.954362
v -79.324 -59.6279 1010.06
vn 0.133476 0.298994 -0.944874
v -78.9142 -58.8831 1010.31
vn -0.997517 -0.0151268 -0.0687786
v -83.1236 -60.4675 1016.73
vn -0.767151 -0.604254 0.215305
v -83.1247 -60.5451 1019.09
vn -0.975428 -0.220257 0.00517185
v -83.1831 -60.5341 1018.38
vn -0.424568 -0.175527 -0.888219
v -80.3718 -61.5807 1010.12
vn 0.363279 0.0315876 -0.931145
v -79.0598 -60.5596 1009.94
vn 0.0900386 -0.0326929 -0.995402
v -79.3965 -60.799 1009.84
vn -0.146501 -0.072991 -0.986514
v -79.7439 -61.0104 1009.87
vn -0.361377 -0.0694364 -0.929831
v -80.2245 -61.2724 1010.01
vn 0.109158 0.135456 -0.984752
v -79.3496 -60.5153 1009.87
vn -0.552904 0.0203527 -0.832996
v -80.4408 -61.1278 1010.13
vn -0.120826 0.15902 -0.979854
v -79.6955 -60.4817 1009.89
vn -0.379396 0.101979 -0.919597
v -80.0475 -60.6837 1009.96
vn -0.539056 0.156754 -0.827555
v -80.4443 -60.62 1010.19
vn -0.401979 0.266471 -0.876017
v -79.9758 -59.9642 1010.09
vn -0.649752 0.106932 -0.752587
v -80.7972 -60.7748 1010.43
vn -0.785339 0.0697472 -0.615125
v -81.4101 -61.0066 1010.98
vn -0.877992 0.133714 -0.45962
v -81.618 -60.9331 1011.34
vn -0.615057 0.202296 -0.76209
v -80.7733 -60.244 1010.51
vn -0.772094 0.19014 -0.606397
v -81.3716 -60.4636 1011.07
vn -0.976659 -0.084292 -0.197565
v -82.7826 -61.7069 1014.2
vn -0.976994 0.102698 -0.186912
v -82.8185 -60.4066 1014.51
vn -0.929759 0.119065 -0.348385
v -82.5763 -60.2305 1013.72
vn -0.987702 -0.128456 -0.0891276
v -82.9669 -61.4551 1015.5
vn -0.583731 -0.140879 -0.799632
v -80.7247 -61.7356 1010.36
vn -0.680575 -0.163571 -0.714186
v -81.1739 -61.9006 1010.78
vn -0.778545 -0.0984789 -0.619814
v -81.4842 -61.7643 1011.08
vn -0.674546 -0.0148191 -0.738084
v -81.096 -61.395 1010.65
vn -0.883422 -0.00950556 -0.468481
v -81.9091 -61.8384 1011.77
vn -0.186763 0.980917 -0.05405
v -57.8349 -32.3449 1056.22
vn -0.0700908 0.987298 -0.142586
v -57.7138 -32.494 1054.58
vn 0.190805 0.918771 -0.34562
v -57.9471 -33.1401 1051.93
vn -0.0156911 0.971539 -0.236359
v -58.9539 -32.972 1052.28
vn -0.184383 0.976254 -0.113719
v -60.0022 -33.0662 1052.57
vn 0.166864 0.91577 -0.365406
v -59.2171 -33.6297 1050.09
vn -0.326734 0.94509 0.00711785
v -61.0561 -33.2698 1053.8
vn -0.445436 0.888907 0.106915
v -61.7406 -33.6135 1054.29
vn -0.542881 0.81574 0.199623
v -62.1883 -34.0642 1055.41
vn -0.618642 0.74983 0.2346
v -63.0721 -34.6884 1055.25
vn -0.64416 0.70262 0.302297
v -62.7221 -34.8998 1056.66
vn 0.614328 0.551808 -0.564012
v -60.1315 -35.7893 1045.96
vn 0.4613 0.753149 -0.469009
v -60.4409 -35.1337 1046.46
vn -0.663963 0.70182 0.258074
v -64.4807 -35.5305 1053.99
vn -0.764558 0.515284 0.387212
v -65.2726 -36.9486 1055.02
vn -0.713898 0.614161 0.336387
v -64.9638 -36.3957 1054.8
vn -0.711954 0.634929 0.299977
v -65.6691 -36.458 1053.36
vn -0.80205 0.38441 0.457105
v -65.8933 -37.8983 1054.87
vn 0.852506 -0.258346 -0.454412
v -61.0015 -37.2934 1044.32
vn 0.793112 0.207141 -0.57277
v -60.9263 -36.7295 1044.4
vn -0.765991 0.542263 0.345265
v -66.9887 -37.4615 1052.16
vn -0.798802 0.449482 0.399852
v -67.2776 -38.2395 1052.61
vn 0.844628 -0.387727 -0.369149
v -63.3769 -38.8378 1040.64
vn 0.806049 -0.503095 -0.311738
v -63.0593 -39.0159 1041.64
vn -0.837245 0.323803 0.44065
v -68.9502 -39.5488 1050.59
vn 0.816357 -0.520523 -0.250236
v -64.3306 -40.4122 1040.42
vn 0.858691 -0.412529 -0.304088
v -64.2602 -39.7496 1039.58
vn -0.852755 0.186155 0.488012
v -69.436 -40.4539 1050.22
vn -0.863833 0.113421 0.490844
v -71.3606 -42.2109 1047.4
vn 0.803739 -0.571556 -0.165312
v -66.5091 -42.2934 1036.86
vn 0.723435 -0.685673 -0.0805805
v -66.8578 -42.8422 1037.54
vn -0.82777 -0.147866 0.541233
v -71.7917 -43.8709 1046.85
vn 0.701479 -0.71269 -0.000414535
v -67.9976 -43.9096 1037.4
vn -0.602881 -0.529839 0.596495
v -73.9687 -46.5356 1042.25
vn -0.803035 -0.215345 0.555663
v -74.463 -46.2436 1041.77
vn 0.840339 -0.520336 -0.151925
v -69.7145 -45.3912 1031.54
vn 0.769255 -0.635994 -0.0613087
v -69.8606 -45.7861 1032.59
vn 0.802455 -0.595049 -0.044525
v -70.6632 -46.6898 1031
vn 0.74312 -0.669101 0.00873705
v -70.8543 -47.0101 1033.26
vn -0.828684 -0.147988 0.539798
v -75.6553 -47.0605 1039.78
vn -0.836478 -0.149913 0.527096
v -77.0061 -48.6325 1037.22
vn -0.387655 -0.7021 0.59731
v -75.8754 -48.7393 1038.69
vn -0.734947 -0.339192 0.587198
v -76.1006 -48.6827 1038.52
vn 0.817027 -0.576569 -0.00595761
v -72.229 -48.6947 1028.05
vn -0.247888 -0.804108 0.540335
v -77.1175 -50.3144 1035.87
vn 0.919108 -0.342978 -0.193923
v -73.0121 -49.392 1024.07
vn -0.82329 -0.165907 0.542834
v -79.1398 -51.1423 1033.07
vn 0.91895 -0.386894 -0.0764478
v -73.7515 -50.9767 1023.17
vn -0.487369 -0.618304 0.616581
v -79.005 -51.5786 1032.97
vn 0.948122 -0.151266 -0.279614
v -74.2197 -51.1746 1021.15
vn 0.904319 -0.426416 0.0193874
v -74.2601 -52.1374 1022.7
vn -0.153236 -0.794716 0.58732
v -80.0282 -53.1219 1030.76
vn -0.701784 -0.382182 0.601196
v -80.4636 -52.8963 1030.68
vn -0.862337 -0.0800451 0.499967
v -80.5603 -52.7276 1030.62
vn -0.916626 0.152915 0.369342
v -80.6654 -52.3733 1030.36
vn -0.91163 0.00274393 0.411003
v -80.9665 -52.9684 1029.8
vn 0.92312 0.13526 -0.359937
v -75.3928 -52.9527 1017.75
vn 0.969276 -0.0538202 -0.240016
v -75.0739 -53.1085 1018.73
vn -0.942738 0.2865 0.170774
v -81.8462 -53.7418 1027.34
vn -0.940973 0.181787 0.285524
v -81.5454 -53.696 1028.51
vn -0.811267 -0.277147 0.514815
v -82.1003 -55.4229 1027.12
vn -0.920821 -0.119116 0.37135
v -82.3978 -55.8301 1026.33
vn -0.924431 -0.0158575 0.381019
v -82.0056 -54.7676 1027.48
vn -0.96956 0.104116 0.221613
v -82.4739 -55.4703 1026.03
vn -0.958216 0.204981 0.199512
v -82.0579 -54.4033 1027.14
vn 0.927378 0.131672 -0.350189
v -76.0904 -55.0669 1014.92
vn 0.791718 0.340496 -0.507193
v -76.2444 -54.7012 1014.82
vn -0.984653 0.160364 0.0688598
v -82.803 -56.2503 1024.48
vn -0.550052 -0.575587 0.605096
v -82.2765 -56.2689 1026.26
vn -0.900785 -0.218086 0.375531
v -82.7236 -56.8799 1025.09
vn -0.979248 0.0475258 0.197017
v -82.7029 -56.3264 1025.25
vn -0.970851 0.213749 0.108439
v -82.5223 -55.1929 1025.37
vn 0.553224 0.487845 -0.675241
v -77.301 -56.8869 1012.04
vn 0.295121 0.60989 -0.735485
v -78.0362 -56.3723 1012.01
vn -0.00208858 0.680336 -0.732897
v -78.6138 -56.147 1012.15
vn -0.976061 0.215234 -0.0312879
v -83.0358 -57.2544 1021.82
vn 0.443778 0.480831 -0.756216
v -77.8021 -57.4518 1011.3
vn 0.426255 0.363688 -0.828274
v -78.034 -57.9148 1010.91
vn 0.223343 0.370486 -0.901587
v -78.4515 -58.2573 1010.62
vn 0.0588131 0.579218 -0.813049
v -78.5869 -57.1839 1011.24
vn -0.219767 0.6234 -0.750383
v -79.058 -56.8994 1011.55
vn -0.955163 0.251781 -0.155786
v -83.0552 -58.8594 1017.91
vn -0.977328 0.19573 -0.080748
v -83.2288 -58.729 1019.64
vn -0.297567 0.353587 -0.886809
v -79.8422 -59.2233 1010.3
vn -0.00955208 0.457352 -0.889235
v -78.9275 -58.3361 1010.53
vn -0.145817 0.399751 -0.904951
v -79.2916 -58.5608 1010.46
vn -0.233525 0.5297 -0.815404
v -79.4177 -58.2262 1010.66
vn -0.343685 0.432773 -0.83342
v -79.8827 -58.6815 1010.57
vn -0.491785 0.367158 -0.78952
v -80.3634 -58.9493 1010.69
vn -0.434093 0.495515 -0.752348
v -80.1381 -58.3194 1010.91
vn -0.589968 0.405826 -0.698028
v -80.6114 -58.6111 1011.06
vn -0.766363 0.331348 -0.550361
v -81.0668 -58.6756 1011.49
vn -0.378771 0.581199 -0.720237
v -80.0223 -57.7127 1011.3
vn -0.548838 0.503571 -0.667227
v -80.7542 -57.6532 1011.81
vn -0.917989 0.269945 -0.290562
v -82.3337 -58.9743 1013.79
vn -0.981924 0.131201 -0.136427
v -83.0404 -59.3067 1017.17
vn -0.661951 0.286921 -0.692457
v -80.843 -59.5555 1010.79
vn -0.848015 0.232694 -0.476156
v -81.488 -59.8274 1011.56
vn -0.135794 0.969093 -0.205957
v -61.2819 -33.822 1049.4
vn -0.296311 0.951182 -0.0863286
v -61.9646 -33.6934 1050.99
vn -0.511888 0.853092 0.101015
v -62.6932 -34.0693 1053.63
vn -0.428176 0.903326 0.0258421
v -62.2721 -33.7698 1052.72
vn -0.596993 0.782204 0.178204
v -63.9082 -34.8236 1053.24
vn 0.277976 0.869303 -0.408708
v -61.3403 -34.749 1046.42
vn 0.533476 0.683455 -0.498291
v -61.4245 -35.4386 1044.84
vn 0.308549 0.854222 -0.418452
v -61.6036 -35.2689 1044.97
vn 0.0587547 0.945664 -0.319792
v -61.935 -34.789 1046.03
vn 0.658 0.503198 -0.560203
v -61.9472 -36.1517 1043.48
vn 0.462368 0.714001 -0.525756
v -62.3659 -36.0059 1043.18
vn 0.168237 0.885803 -0.432492
v -62.856 -35.8356 1043.13
vn 0.116748 0.920954 -0.371771
v -62.2429 -35.3004 1044.56
vn 0.865321 -0.112677 -0.48839
v -63.4258 -38.4728 1040.29
vn 0.296831 0.812101 -0.502377
v -63.7946 -36.7948 1040.95
vn 0.401647 0.734576 -0.546881
v -64.1592 -37.3025 1039.96
vn -0.799661 0.484609 0.354536
v -69.2004 -39.0802 1049.58
vn 0.793302 0.224108 -0.566082
v -64.282 -38.4132 1038.92
vn 0.634933 0.512203 -0.578366
v -64.0786 -37.5619 1039.73
vn 0.879188 -0.188842 -0.437456
v -64.8978 -39.5579 1037.98
vn -0.822731 0.444206 0.354676
v -70.7128 -39.9755 1047.29
vn 0.831705 0.110485 -0.544114
v -65.6682 -39.4423 1036.61
vn 0.696615 0.393867 -0.599664
v -65.6133 -39.0929 1036.85
vn -0.868866 0.247607 0.428675
v -71.7779 -41.5299 1046.37
vn -0.850578 0.362748 0.380698
v -71.6058 -40.9476 1046.31
vn -0.824234 0.473757 0.310149
v -71.4818 -40.2764 1045.79
vn 0.856305 0.041158 -0.514827
v -66.6778 -40.6115 1034.77
vn 0.740036 0.301683 -0.601111
v -66.8599 -40.5339 1034.52
vn -0.855777 0.396002 0.332908
v -72.4681 -41.2428 1044.56
vn -0.876253 0.0511587 0.479128
v -73.3927 -43.7018 1044.02
vn -0.883548 0.293427 0.365025
v -73.6108 -42.6204 1043.1
vn 0.893749 -0.236919 -0.380897
v -68.8293 -43.3986 1031.38
vn 0.870127 -0.404596 -0.281393
v -69.0939 -44.3362 1031.56
vn -0.89986 0.216735 0.37852
v -74.9423 -44.2882 1041.03
vn 0.872136 0.00163445 -0.489261
v -69.8133 -43.8072 1029.47
vn -0.906539 0.271526 0.323204
v -75.8891 -45.1579 1039.18
vn 0.910203 -0.264851 -0.318409
v -70.3247 -45.0979 1028.74
vn -0.918736 0.301151 0.255407
v -76.4216 -45.598 1037.93
vn -0.894431 0.0430731 0.445127
v -76.2963 -46.5098 1038.79
vn -0.91945 0.180105 0.349534
v -76.4719 -46.2566 1038.33
vn 0.894101 -0.0244931 -0.447195
v -71.4874 -46.2594 1026.28
vn -0.918082 0.169679 0.358238
v -78.6307 -49.5957 1033.92
vn 0.926537 -0.167757 -0.336729
v -73.1993 -49.1746 1023.26
vn 0.905576 -0.0319699 -0.422977
v -73.3124 -48.3908 1022.79
vn 0.80515 0.212498 -0.553695
v -74.3355 -48.9634 1020.86
vn -0.899374 0.396979 0.183123
v -79.4989 -49.6389 1031.04
vn -0.901811 0.40427 0.152653
v -80.6199 -51.1555 1028.92
vn -0.870759 0.480139 0.106042
v -80.0275 -50.1279 1029.43
vn 0.702965 0.366719 -0.609391
v -75.6594 -50.8986 1018.26
vn 0.895468 0.106536 -0.432189
v -75.0556 -51.2692 1019.09
vn -0.917604 0.384699 0.10005
v -81.2207 -52.0574 1027.47
vn -0.922582 0.283572 0.261591
v -80.8571 -52.2093 1029.61
vn -0.929788 0.309702 0.198942
v -81.1666 -52.4493 1028.66
vn 0.819666 0.296326 -0.490243
v -75.8189 -52.291 1017.17
vn 0.562041 0.522488 -0.641183
v -76.0351 -51.3207 1017.6
vn 0.0253526 0.759092 -0.650489
v -77.2026 -52.2017 1016.2
vn -0.903148 0.424089 -0.0668678
v -81.9159 -53.2924 1023.23
vn -0.94626 0.312662 0.0826753
v -82.208 -54.1084 1025.37
vn -0.915452 0.40224 0.0122713
v -81.9248 -53.2621 1024.44
vn 0.590563 0.49602 -0.636553
v -76.5605 -53.8583 1015.01
vn 0.261726 0.662529 -0.701822
v -77.1652 -53.2249 1015.11
vn 0.0213348 0.718752 -0.694939
v -77.6478 -53.4594 1014.8
vn -0.180755 0.761496 -0.622456
v -77.8855 -53.1412 1015.17
vn -0.822509 0.513591 -0.244343
v -81.5008 -53.8062 1019.56
vn -0.934162 0.340472 -0.106867
v -82.1474 -54.2497 1021.75
vn -0.958605 0.284729 -0.00257877
v -82.457 -54.7724 1024.4
vn -0.22825 0.721367 -0.653859
v -78.8339 -54.6631 1013.65
vn -0.433023 0.728403 -0.530961
v -79.5637 -53.741 1015.23
vn -0.904337 0.380455 -0.193464
v -81.912 -54.5246 1019.69
vn -0.941001 0.30627 -0.14393
v -82.3267 -55.5653 1019.78
vn -0.201368 0.674231 -0.710537
v -79.1279 -56.046 1012.32
vn -0.662047 0.626746 -0.410954
v -80.3256 -54.8648 1014.61
vn -0.770738 0.55677 -0.30979
v -80.7499 -54.6595 1015.81
vn -0.363364 0.646368 -0.670951
v -79.6934 -56.1916 1012.43
vn -0.53322 0.602313 -0.59405
v -80.569 -56.6943 1012.53
vn -0.72831 0.532059 -0.43183
v -81.1232 -57.0512 1012.86
vn -0.772472 0.533455 -0.344548
v -81.1742 -56.4325 1013.87
vn -0.487994 0.66987 -0.559585
v -80.1844 -55.8583 1013.12
vn -0.65623 0.601119 -0.456091
v -80.6561 -56.1526 1013.27
vn -0.700991 0.47326 -0.533514
v -80.9547 -57.4189 1012.2
vn -0.824152 0.399011 -0.40195
v -81.4946 -57.5048 1013.05
vn -0.854601 0.436502 -0.281289
v -81.7982 -57.4692 1013.83
vn -0.137433 0.962835 -0.23251
v -63.404 -35.0434 1045.42
vn -0.264589 0.95358 -0.143801
v -65.0203 -35.2413 1046.18
vn -0.435039 0.900397 0.00513446
v -65.7002 -35.3826 1047.67
vn -0.546371 0.831565 0.0998911
v -66.3788 -35.8539 1049.11
vn -0.042819 0.948353 -0.314314
v -64.2135 -35.6457 1043.5
vn -0.369679 0.925886 -0.0779315
v -65.843 -35.5001 1046.35
vn -0.468679 0.883334 -0.00778757
v -66.7038 -35.8919 1046.72
vn -0.540738 0.838873 0.062401
v -67.3439 -36.3061 1047.23
vn -0.177147 0.954408 -0.240258
v -65.4082 -36.0452 1042.68
vn -0.300757 0.938481 -0.169701
v -66.6117 -36.1456 1043.6
vn -0.522731 0.852474 -0.00639224
v -68.1652 -36.7336 1044.71
vn -0.66388 0.726654 0.176741
v -68.8991 -37.4292 1047.31
vn -0.747443 0.600796 0.283499
v -68.9063 -37.6704 1048
vn -0.352958 0.91802 -0.18072
v -67.6021 -36.6758 1042.66
vn -0.413403 0.905329 -0.0973532
v -67.7604 -36.5921 1043.53
vn -0.427995 0.888663 -0.164617
v -68.1347 -36.8736 1042.78
vn -0.507812 0.858135 -0.0757079
v -68.5389 -37.0062 1043.47
vn -0.624359 0.779012 0.0575924
v -69.0366 -37.3615 1045.77
vn 0.319438 0.7756 -0.54443
v -65.775 -38.2506 1037.58
vn 0.142695 0.871266 -0.469611
v -66.2397 -37.9945 1037.8
vn -0.238909 0.924791 -0.296116
v -67.5597 -37.5821 1038.7
vn -0.0821372 0.918683 -0.386361
v -67.4344 -37.7219 1038.28
vn -0.0426106 0.934679 -0.352929
v -66.693 -37.1835 1039.54
vn -0.273657 0.930899 -0.241948
v -67.1512 -37.1713 1039.73
vn -0.595735 0.802999 -0.0171009
v -69.4343 -37.612 1043.31
vn -0.784839 0.55924 0.266981
v -70.3635 -38.9061 1046.43
vn -0.736059 0.660385 0.148692
v -70.5753 -38.7795 1045.34
vn 0.487865 0.627051 -0.607285
v -66.0333 -38.9504 1036.54
vn 0.245306 0.795293 -0.554378
v -66.3145 -38.5421 1036.87
vn 0.0572572 0.870943 -0.488038
v -67.6452 -38.6562 1036.33
vn -0.746999 0.655376 0.111689
v -71.8276 -39.7598 1043.21
vn -0.683026 0.728941 0.0460564
v -71.162 -39.0793 1043.19
vn -0.799681 0.581744 0.148611
v -72.7495 -40.7858 1042.74
vn -0.806784 0.543887 0.230838
v -72.394 -40.619 1043.71
vn -0.0417227 0.872807 -0.486279
v -68.6307 -39.4631 1034.87
vn -0.726366 0.687099 0.0169477
v -72.491 -40.3036 1041.02
vn -0.854864 0.446222 0.264752
v -73.3012 -41.8029 1042.99
vn 0.523255 0.561612 -0.640933
v -68.246 -41.2006 1032.62
vn 0.212621 0.781153 -0.58702
v -68.7208 -40.6612 1032.97
vn -0.018885 0.851778 -0.523562
v -69.0708 -40.4206 1033.26
vn -0.769987 0.63805 -0.00331132
v -74.0459 -42.0403 1039.33
vn -0.881872 0.396947 0.254431
v -74.4879 -43.0807 1041.1
vn -0.84071 0.509089 0.184485
v -73.8511 -42.1235 1041.63
vn -0.838626 0.531772 0.117999
v -74.1705 -42.3478 1040.67
vn -0.796626 0.598172 0.0870454
v -73.7778 -41.7937 1040.74
vn 0.677013 0.399466 -0.618126
v -70.09 -43.5795 1029.17
vn -0.882278 0.436034 0.17737
v -76.0356 -44.8449 1038.2
vn 0.357658 0.697485 -0.620963
v -70.6016 -43.8403 1028.51
vn 0.0413713 0.834515 -0.54943
v -71.6881 -43.53 1028.54
vn -0.843488 0.532628 0.0695406
v -76.1685 -44.8437 1037.15
vn 0.794458 0.22698 -0.563308
v -71.3446 -45.3388 1026.6
vn 0.506734 0.584066 -0.634104
v -71.654 -45.0925 1026.42
vn 0.146287 0.805568 -0.574161
v -72.1615 -44.6877 1026.65
vn -0.0981411 0.859312 -0.501947
v -72.9739 -44.7691 1026.6
vn 0.749857 0.309508 -0.584739
v -72.9762 -47.2086 1023.61
vn 0.489769 0.602766 -0.62992
v -72.7761 -46.358 1024.43
vn 0.275498 0.741829 -0.611385
v -73.4076 -46.7293 1023.65
vn 0.0569446 0.827108 -0.559151
v -73.6565 -46.4011 1024.03
vn 0.188078 0.785661 -0.589375
v -74.1124 -47.5647 1022.26
vn -0.27709 0.859908 -0.428695
v -75.3458 -47.0584 1023.35
vn -0.844022 0.530541 0.0784456
v -78.9718 -48.7718 1031.48
vn 0.63512 0.46098 -0.619774
v -74.2894 -48.471 1021.19
vn 0.328761 0.688044 -0.646925
v -74.6557 -48.5565 1020.83
vn 0.0291449 0.810527 -0.584976
v -74.9653 -48.3508 1021.01
vn -0.097789 0.847225 -0.522156
v -75.0212 -47.8588 1021.76
vn -0.548408 0.797605 -0.251146
v -76.401 -47.4696 1023.59
vn -0.630629 0.754385 -0.182237
v -78.0756 -48.0429 1026.09
vn 0.5717 0.488818 -0.65895
v -74.6915 -48.9258 1020.47
vn 0.391519 0.614072 -0.685294
v -75.2917 -49.5659 1019.54
vn 0.0784677 0.766714 -0.637175
v -75.4945 -49.226 1019.84
vn -0.166374 0.817816 -0.550906
v -75.9955 -49.1459 1020.01
vn -0.308459 0.833349 -0.458674
v -76.4882 -48.5411 1021.23
vn -0.438058 0.825323 -0.356296
v -76.4849 -48.0086 1022.26
vn -0.570785 0.772937 -0.277079
v -77.4513 -48.5608 1022.54
vn -0.603785 0.764399 -0.226139
v -77.9484 -48.7373 1023.17
vn -0.657923 0.728489 -0.190898
v -79.1244 -49.3438 1024.53
vn -0.810387 0.585876 -0.00476099
v -80.2261 -50.187 1026.63
vn -0.764277 0.643812 -0.0372397
v -79.6282 -49.4229 1026.86
vn -0.822839 0.566717 0.0420395
v -79.9262 -49.8424 1028.56
vn -0.369897 0.802139 -0.468774
v -77.4181 -49.7643 1019.75
vn -0.502834 0.784756 -0.362374
v -77.9342 -49.8537 1020.14
vn -0.634317 0.735171 -0.239092
v -78.619 -49.4494 1022.66
vn -0.773362 0.623347 -0.115543
v -80.3071 -50.4638 1024.85
vn -0.701163 0.687165 -0.190197
v -80.0989 -50.4824 1023.77
vn -0.707308 0.695035 -0.129002
v -79.7308 -49.7549 1025.3
vn -0.868857 0.494028 0.0320026
v -80.7485 -50.9836 1026.44
vn -0.818731 0.5725 -0.0438659
v -80.5086 -50.6236 1025.71
vn -0.768619 0.636076 -0.0680629
v -80.0595 -50.0037 1026.03
vn -0.264589 0.798444 -0.540815
v -77.2319 -50.2695 1018.84
vn -0.546826 0.749766 -0.372601
v -78.5608 -50.7679 1019.14
vn -0.610271 0.739136 -0.285039
v -78.6154 -50.0682 1020.89
vn -0.650055 0.701038 -0.293213
v -79.1003 -50.745 1020.25
vn -0.678071 0.69286 -0.245284
v -79.6894 -50.7024 1021.82
vn -0.820552 0.557052 -0.128016
v -80.8909 -51.4458 1023.87
vn -0.752692 0.628978 -0.194531
v -80.4535 -51.038 1023.23
vn -0.852319 0.520451 -0.0517998
v -80.8765 -51.2591 1024.87
vn -0.711564 0.651578 -0.26291
v -80.1742 -51.648 1020.67
vn -0.787159 0.579156 -0.212035
v -81.26 -52.7258 1021.3
vn -0.279071 0.778766 -0.561821
v -78.3171 -52.3055 1016.45
vn -0.593179 0.693946 -0.40814
v -79.4943 -52.9854 1016.34
vn -0.435472 0.766522 -0.472025
v -78.9006 -52.1535 1017.06
vn -0.635574 0.692695 -0.34091
v -79.3887 -52.1529 1017.72
vn -0.739989 0.610764 -0.281752
v -80.5742 -52.7814 1019.06
vn -0.863716 0.478058 -0.159545
v -81.679 -53.2306 1021.69
vn -0.695799 0.632426 -0.340444
v -80.1509 -53.5079 1016.58
vn -0.416805 0.885619 -0.204824
v -68.7866 -37.839 1039.82
vn -0.464523 0.861452 -0.205226
v -69.8053 -38.5179 1039.08
vn -0.633261 0.772254 -0.0510419
v -71.0164 -38.9182 1041.17
vn -0.524391 0.841419 -0.13049
v -70.3335 -38.4374 1040.94
vn -0.142474 0.903935 -0.40324
v -68.3011 -38.5237 1036.65
vn -0.346387 0.892282 -0.289567
v -68.5715 -38.4816 1036.97
vn -0.252622 0.889086 -0.381717
v -68.7758 -38.8886 1036.06
vn -0.410691 0.862125 -0.296771
v -69.0494 -38.9758 1036.12
vn -0.493572 0.838437 -0.231105
v -71.3019 -39.8253 1037.24
vn -0.55975 0.813422 -0.158193
v -71.421 -39.6202 1038.4
vn -0.664829 0.741831 -0.0876876
v -71.893 -39.8388 1039.28
vn -0.26357 0.871493 -0.413558
v -69.8586 -40.1379 1034.01
vn -0.609689 0.773751 -0.172014
v -72.1463 -40.3777 1037.36
vn -0.515535 0.817507 -0.256722
v -72.4226 -41.2834 1034.65
vn -0.694796 0.7115 -0.105006
v -73.9949 -42.2288 1036.19
vn -0.464705 0.831957 -0.303145
v -73.19 -43.6033 1029.27
vn -0.781314 -0.267642 0.563841
v -52.2601 -38.917 1074.2
vn -0.831339 -0.389153 0.39678
v -83.0957 -59.0259 1022.67
f 2//2 4//4 18//18
f 6//6 4//4 2//2
f 78//78 6//6 2//2
f 78//78 2//2 15//15
f 3//3 18//18 4//4
f 4//4 7//7 3//3
f 17//17 3//3 5//5
f 8//8 75//75 7//7
f 4//4 6//6 8//8
f 7//7 4//4 8//8
f 7//7 5//5 3//3
f 7//7 80//80 5//5
f 80//80 7//7 79//79
f 79//79 81//81 80//80
f 13//13 18//18 11//11
f 11//11 12//12 13//13
f 16//16 11//11 18//18
f 11//11 1//1 12//12
f 16//16 1//1 11//11
f 2//2 18//18 13//13
f 13//13 12//12 14//14
f 14//14 12//12 9//9
f 15//15 2//2 13//13
f 15//15 14//14 10//10
f 15//15 13//13 14//14
f 9//9 10//10 14//14
f 12//12 1//1 21//21
f 9//9 12//12 21//21
f 16//16 18//18 17//17
f 17//17 23//23 16//16
f 17//17 18//18 3//3
f 17//17 19//19 23//23
f 17//17 5//5 19//19
f 5//5 87//87 19//19
f 87//87 88//88 19//19
f 29//29 22//22 33//33
f 29//29 20//20 22//22
f 22//22 9//9 21//21
f 22//22 21//21 36//36
f 21//21 35//35 36//36
f 22//22 99//99 9//9
f 20//20 99//99 22//22
f 99//99 10//10 9//9
f 21//21 1//1 37//37
f 1//1 41//41 37//37
f 21//21 37//37 35//35
f 1//1 16//16 25//25
f 16//16 23//23 25//25
f 23//23 24//24 25//25
f 23//23 19//19 24//24
f 25//25 24//24 26//26
f 24//24 19//19 26//26
f 26//26 27//27 25//25
f 25//25 41//41 1//1
f 25//25 27//27 41//41
f 27//27 26//26 42//42
f 42//42 26//26 19//19
f 86//86 42//42 19//19
f 86//86 100//100 45//45
f 48//48 50//50 30//30
f 29//29 33//33 28//28
f 33//33 32//32 28//28
f 30//30 29//29 28//28
f 28//28 32//32 54//54
f 30//30 28//28 48//48
f 28//28 54//54 48//48
f 31//31 29//29 30//30
f 33//33 22//22 32//32
f 36//36 32//32 22//22
f 32//32 36//36 34//34
f 32//32 34//34 54//54
f 39//39 55//55 37//37
f 35//35 37//37 55//55
f 39//39 58//58 55//55
f 36//36 35//35 34//34
f 35//35 55//55 34//34
f 37//37 41//41 38//38
f 37//37 38//38 39//39
f 27//27 44//44 38//38
f 38//38 44//44 46//46
f 38//38 64//64 39//39
f 38//38 46//46 40//40
f 38//38 40//40 65//65
f 65//65 40//40 116//116
f 40//40 109//109 116//116
f 38//38 41//41 27//27
f 43//43 27//27 42//42
f 42//42 86//86 45//45
f 45//45 43//43 42//42
f 43//43 45//45 46//46
f 43//43 44//44 27//27
f 44//44 43//43 46//46
f 47//47 46//46 45//45
f 45//45 109//109 47//47
f 46//46 47//47 40//40
f 47//47 109//109 40//40
f 50//50 51//51 53//53
f 51//51 50//50 48//48
f 54//54 49//49 48//48
f 48//48 49//49 51//51
f 49//49 52//52 51//51
f 51//51 52//52 67//67
f 56//56 69//69 49//49
f 67//67 52//52 68//68
f 52//52 49//49 69//69
f 51//51 66//66 53//53
f 51//51 67//67 66//66
f 69//69 68//68 52//52
f 55//55 60//60 54//54
f 54//54 34//34 55//55
f 54//54 60//60 57//57
f 49//49 54//54 56//56
f 54//54 57//57 56//56
f 56//56 57//57 72//72
f 56//56 72//72 69//69
f 58//58 39//39 59//59
f 59//59 62//62 61//61
f 55//55 58//58 60//60
f 58//58 59//59 60//60
f 61//61 62//62 63//63
f 64//64 59//59 39//39
f 64//64 38//38 65//65
f 64//64 62//62 59//59
f 62//62 65//65 63//63
f 62//62 64//64 65//65
f 65//65 116//116 63//63
f 116//116 147//147 63//63
f 70//70 66//66 67//67
f 67//67 68//68 70//70
f 72//72 71//71 69//69
f 72//72 57//57 73//73
f 57//57 60//60 73//73
f 59//59 73//73 60//60
f 73//73 142//142 72//72
f 142//142 73//73 61//61
f 73//73 59//59 61//61
f 7//7 75//75 79//79
f 81//81 79//79 76//76
f 76//76 79//79 75//75
f 82//82 81//81 76//76
f 82//82 76//76 158//158
f 78//78 151//151 6//6
f 74//74 6//6 151//151
f 77//77 76//76 75//75
f 153//153 75//75 74//74
f 153//153 77//77 75//75
f 152//152 76//76 77//77
f 158//158 76//76 152//152
f 74//74 151//151 153//153
f 15//15 10//10 78//78
f 8//8 6//6 74//74
f 74//74 75//75 8//8
f 5//5 80//80 87//87
f 82//82 80//80 81//81
f 80//80 82//82 87//87
f 82//82 83//83 87//87
f 89//89 87//87 83//83
f 158//158 159//159 82//82
f 91//91 83//83 84//84
f 84//84 95//95 91//91
f 84//84 161//161 95//95
f 20//20 85//85 99//99
f 173//173 172//172 20//20
f 85//85 20//20 172//172
f 10//10 99//99 157//157
f 87//87 89//89 88//88
f 19//19 88//88 86//86
f 89//89 90//90 88//88
f 90//90 86//86 88//88
f 89//89 83//83 91//91
f 89//89 92//92 90//90
f 92//92 89//89 91//91
f 93//93 90//90 92//92
f 86//86 93//93 94//94
f 93//93 86//86 90//90
f 100//100 86//86 94//94
f 95//95 179//179 92//92
f 91//91 95//95 92//92
f 92//92 179//179 93//93
f 178//178 94//94 93//93
f 190//190 94//94 178//178
f 190//190 100//100 94//94
f 103//103 96//96 102//102
f 96//96 189//189 104//104
f 102//102 96//96 104//104
f 103//103 97//97 96//96
f 97//97 103//103 106//106
f 97//97 106//106 98//98
f 96//96 97//97 185//185
f 186//186 185//185 98//98
f 98//98 185//185 97//97
f 186//186 98//98 106//106
f 189//189 29//29 104//104
f 20//20 29//29 173//173
f 100//100 109//109 45//45
f 201//201 109//109 100//100
f 112//112 193//193 107//107
f 112//112 203//203 193//193
f 192//192 193//193 195//195
f 101//101 30//30 50//50
f 101//101 107//107 30//30
f 30//30 105//105 102//102
f 112//112 107//107 101//101
f 102//102 105//105 103//103
f 105//105 30//30 107//107
f 106//106 103//103 105//105
f 108//108 105//105 107//107
f 106//106 105//105 108//108
f 108//108 194//194 186//186
f 186//186 106//106 108//108
f 108//108 107//107 192//192
f 192//192 107//107 193//193
f 29//29 31//31 104//104
f 31//31 30//30 102//102
f 102//102 104//104 31//31
f 202//202 109//109 201//201
f 114//114 203//203 112//112
f 110//110 101//101 50//50
f 50//50 53//53 110//110
f 53//53 111//111 110//110
f 101//101 110//110 112//112
f 110//110 114//114 112//112
f 110//110 111//111 114//114
f 114//114 111//111 115//115
f 113//113 115//115 111//111
f 53//53 113//113 111//111
f 113//113 118//118 128//128
f 53//53 118//118 113//113
f 115//115 204//204 114//114
f 113//113 128//128 115//115
f 116//116 109//109 213//213
f 116//116 213//213 147//147
f 117//117 53//53 66//66
f 66//66 70//70 117//117
f 137//137 117//117 70//70
f 117//117 119//119 118//118
f 53//53 117//117 118//118
f 120//120 119//119 117//117
f 121//121 120//120 117//117
f 137//137 121//121 117//117
f 127//127 137//137 138//138
f 118//118 119//119 122//122
f 122//122 119//119 123//123
f 123//123 119//119 120//120
f 125//125 120//120 121//121
f 121//121 137//137 127//127
f 122//122 129//129 128//128
f 128//128 118//118 122//122
f 123//123 120//120 124//124
f 124//124 120//120 125//125
f 126//126 125//125 121//121
f 121//121 127//127 126//126
f 129//129 122//122 123//123
f 129//129 123//123 130//130
f 130//130 123//123 124//124
f 124//124 134//134 130//130
f 134//134 124//124 125//125
f 134//134 125//125 131//131
f 132//132 131//131 126//126
f 131//131 125//125 126//126
f 127//127 132//132 126//126
f 214//214 129//129 133//133
f 133//133 129//129 130//130
f 133//133 130//130 134//134
f 132//132 127//127 135//135
f 115//115 128//128 214//214
f 128//128 129//129 214//214
f 134//134 131//131 216//216
f 216//216 131//131 215//215
f 222//222 215//215 132//132
f 215//215 131//131 132//132
f 136//136 70//70 68//68
f 69//69 136//136 68//68
f 71//71 136//136 69//69
f 142//142 71//71 72//72
f 136//136 71//71 143//143
f 143//143 71//71 142//142
f 136//136 137//137 70//70
f 138//138 137//137 136//136
f 139//139 136//136 143//143
f 138//138 136//136 139//139
f 139//139 143//143 146//146
f 139//139 140//140 138//138
f 127//127 138//138 140//140
f 141//141 139//139 146//146
f 140//140 135//135 127//127
f 140//140 139//139 141//141
f 227//227 135//135 140//140
f 61//61 145//145 142//142
f 143//143 142//142 144//144
f 145//145 144//144 142//142
f 143//143 144//144 146//146
f 148//148 144//144 145//145
f 145//145 63//63 147//147
f 148//148 146//146 144//144
f 148//148 145//145 147//147
f 149//149 146//146 148//148
f 149//149 148//148 150//150
f 148//148 147//147 150//150
f 147//147 221//221 150//150
f 141//141 146//146 149//149
f 228//228 149//149 150//150
f 61//61 63//63 145//145
f 147//147 213//213 221//221
f 222//222 132//132 135//135
f 141//141 149//149 228//228
f 234//234 154//154 156//156
f 236//236 151//151 248//248
f 153//153 151//151 155//155
f 153//153 154//154 77//77
f 154//154 152//152 77//77
f 153//153 155//155 156//156
f 156//156 154//154 153//153
f 151//151 78//78 157//157
f 248//248 151//151 157//157
f 158//158 152//152 167//167
f 152//152 238//238 167//167
f 159//159 83//83 82//82
f 160//160 84//84 159//159
f 84//84 83//83 159//159
f 160//160 161//161 84//84
f 159//159 158//158 162//162
f 159//159 162//162 163//163
f 160//160 159//159 163//163
f 163//163 164//164 160//160
f 161//161 160//160 164//164
f 158//158 167//167 162//162
f 163//163 162//162 165//165
f 164//164 165//165 168//168
f 164//164 163//163 165//165
f 168//168 166//166 164//164
f 166//166 161//161 164//164
f 167//167 165//165 162//162
f 170//170 166//166 168//168
f 170//170 183//183 166//166
f 251//251 254//254 167//167
f 251//251 167//167 238//238
f 254//254 169//169 167//167
f 167//167 169//169 165//165
f 169//169 168//168 165//165
f 253//253 183//183 170//170
f 169//169 254//254 252//252
f 168//168 169//169 252//252
f 252//252 170//170 168//168
f 261//261 258//258 259//259
f 176//176 173//173 29//29
f 171//171 176//176 29//29
f 246//246 176//176 171//171
f 239//239 172//172 173//173
f 239//239 173//173 177//177
f 172//172 239//239 175//175
f 174//174 172//172 175//175
f 85//85 172//172 174//174
f 99//99 85//85 174//174
f 177//177 173//173 176//176
f 99//99 174//174 247//247
f 78//78 10//10 157//157
f 161//161 179//179 95//95
f 180//180 190//190 178//178
f 179//179 178//178 93//93
f 181//181 179//179 161//161
f 182//182 178//178 179//179
f 166//166 181//181 161//161
f 184//184 182//182 181//181
f 182//182 179//179 181//181
f 180//180 178//178 182//182
f 183//183 181//181 166//166
f 183//183 184//184 181//181
f 262//262 182//182 184//184
f 262//262 180//180 182//182
f 253//253 184//184 183//183
f 180//180 262//262 191//191
f 196//196 188//188 194//194
f 266//266 196//196 199//199
f 187//187 185//185 186//186
f 186//186 188//188 187//187
f 261//261 185//185 187//187
f 96//96 185//185 189//189
f 188//188 186//186 194//194
f 187//187 188//188 265//265
f 265//265 188//188 266//266
f 266//266 188//188 196//196
f 261//261 187//187 258//258
f 187//187 265//265 258//258
f 189//189 171//171 29//29
f 189//189 185//185 171//171
f 190//190 201//201 100//100
f 191//191 201//201 190//190
f 201//201 191//191 202//202
f 191//191 440//440 202//202
f 180//180 191//191 190//190
f 108//108 192//192 194//194
f 194//194 192//192 195//195
f 193//193 206//206 195//195
f 196//196 194//194 197//197
f 197//197 194//194 195//195
f 195//195 206//206 198//198
f 211//211 198//198 206//206
f 198//198 197//197 195//195
f 200//200 198//198 211//211
f 197//197 200//200 199//199
f 196//196 197//197 199//199
f 200//200 197//197 198//198
f 199//199 200//200 267//267
f 271//271 200//200 211//211
f 267//267 200//200 271//271
f 203//203 114//114 205//205
f 114//114 204//204 205//205
f 203//203 206//206 193//193
f 207//207 206//206 203//203
f 205//205 207//207 203//203
f 205//205 204//204 210//210
f 210//210 204//204 217//217
f 211//211 206//206 208//208
f 206//206 207//207 208//208
f 205//205 209//209 207//207
f 210//210 209//209 205//205
f 274//274 210//210 217//217
f 212//212 211//211 208//208
f 208//208 209//209 212//212
f 207//207 209//209 208//208
f 209//209 210//210 274//274
f 212//212 209//209 274//274
f 269//269 271//271 211//211
f 269//269 211//211 212//212
f 269//269 212//212 270//270
f 212//212 274//274 270//270
f 270//270 274//274 276//276
f 217//217 204//204 115//115
f 202//202 213//213 109//109
f 221//221 213//213 273//273
f 274//274 217//217 278//278
f 133//133 134//134 216//216
f 223//223 216//216 215//215
f 215//215 222//222 223//223
f 115//115 214//214 217//217
f 219//219 133//133 216//216
f 218//218 216//216 223//223
f 219//219 214//214 133//133
f 219//219 216//216 218//218
f 220//220 219//219 218//218
f 217//217 214//214 278//278
f 278//278 214//214 219//219
f 220//220 278//278 219//219
f 279//279 278//278 220//220
f 220//220 280//280 279//279
f 220//220 226//226 280//280
f 227//227 140//140 228//228
f 228//228 140//140 141//141
f 150//150 231//231 228//228
f 150//150 221//221 231//231
f 222//222 135//135 227//227
f 223//223 222//222 224//224
f 222//222 227//227 224//224
f 225//225 218//218 223//223
f 225//225 223//223 224//224
f 220//220 218//218 225//225
f 225//225 224//224 229//229
f 224//224 227//227 229//229
f 225//225 229//229 226//226
f 226//226 220//220 225//225
f 282//282 226//226 230//230
f 227//227 228//228 229//229
f 230//230 229//229 228//228
f 230//230 226//226 229//229
f 230//230 228//228 285//285
f 285//285 228//228 288//288
f 228//228 231//231 288//288
f 231//231 221//221 288//288
f 155//155 236//236 232//232
f 156//156 232//232 233//233
f 156//156 155//155 232//232
f 291//291 233//233 232//232
f 233//233 291//291 234//234
f 152//152 154//154 234//234
f 234//234 156//156 233//233
f 298//298 235//235 250//250
f 235//235 236//236 248//248
f 151//151 236//236 155//155
f 236//236 235//235 298//298
f 236//236 298//298 232//232
f 237//237 238//238 152//152
f 234//234 237//237 152//152
f 300//300 238//238 237//237
f 300//300 251//251 238//238
f 300//300 302//302 257//257
f 240//240 175//175 239//239
f 241//241 175//175 240//240
f 243//243 239//239 177//177
f 239//239 242//242 240//240
f 242//242 241//241 240//240
f 242//242 239//239 243//243
f 243//243 177//177 246//246
f 242//242 244//244 241//241
f 241//241 244//244 247//247
f 242//242 243//243 244//244
f 243//243 245//245 244//244
f 297//297 243//243 246//246
f 243//243 297//297 245//245
f 245//245 250//250 249//249
f 244//244 245//245 249//249
f 247//247 244//244 249//249
f 297//297 250//250 245//245
f 297//297 246//246 303//303
f 99//99 247//247 157//157
f 247//247 248//248 157//157
f 250//250 235//235 249//249
f 248//248 249//249 235//235
f 249//249 248//248 247//247
f 257//257 254//254 251//251
f 257//257 251//251 300//300
f 252//252 254//254 255//255
f 255//255 253//253 252//252
f 253//253 170//170 252//252
f 255//255 256//256 253//253
f 256//256 263//263 253//253
f 263//263 184//184 253//253
f 255//255 254//254 257//257
f 255//255 257//257 256//256
f 354//354 263//263 256//256
f 354//354 256//256 257//257
f 304//304 259//259 260//260
f 260//260 265//265 307//307
f 260//260 259//259 265//265
f 185//185 261//261 171//171
f 261//261 259//259 303//303
f 171//171 261//261 303//303
f 246//246 171//171 303//303
f 304//304 303//303 259//259
f 241//241 174//174 175//175
f 247//247 174//174 241//241
f 177//177 176//176 246//246
f 264//264 184//184 263//263
f 354//354 264//264 263//263
f 264//264 262//262 184//184
f 309//309 191//191 262//262
f 310//310 199//199 268//268
f 307//307 199//199 311//311
f 199//199 310//310 311//311
f 259//259 258//258 265//265
f 307//307 266//266 199//199
f 266//266 307//307 265//265
f 271//271 268//268 267//267
f 199//199 267//267 268//268
f 310//310 268//268 312//312
f 268//268 271//271 314//314
f 314//314 271//271 269//269
f 269//269 270//270 276//276
f 272//272 269//269 276//276
f 312//312 268//268 314//314
f 272//272 276//276 320//320
f 273//273 213//213 202//202
f 274//274 275//275 276//276
f 277//277 275//275 274//274
f 276//276 275//275 316//316
f 320//320 276//276 316//316
f 275//275 317//317 316//316
f 317//317 275//275 277//277
f 277//277 281//281 322//322
f 278//278 279//279 281//281
f 280//280 283//283 279//279
f 226//226 282//282 280//280
f 282//282 283//283 280//280
f 274//274 278//278 281//281
f 279//279 283//283 281//281
f 283//283 282//282 284//284
f 274//274 281//281 277//277
f 283//283 322//322 281//281
f 322//322 283//283 284//284
f 321//321 289//289 221//221
f 321//321 221//221 273//273
f 230//230 284//284 282//282
f 230//230 322//322 284//284
f 322//322 230//230 286//286
f 285//285 286//286 230//230
f 285//285 288//288 290//290
f 286//286 285//285 287//287
f 287//287 285//285 290//290
f 221//221 289//289 288//288
f 290//290 288//288 289//289
f 340//340 296//296 232//232
f 296//296 340//340 326//326
f 292//292 234//234 291//291
f 293//293 234//234 292//292
f 234//234 293//293 237//237
f 294//294 293//293 292//292
f 291//291 232//232 296//296
f 296//296 294//294 291//291
f 291//291 294//294 292//292
f 295//295 293//293 294//294
f 330//330 294//294 296//296
f 331//331 301//301 295//295
f 331//331 295//295 294//294
f 326//326 330//330 296//296
f 330//330 331//331 294//294
f 293//293 300//300 237//237
f 299//299 303//303 304//304
f 345//345 299//299 304//304
f 334//334 299//299 345//345
f 298//298 250//250 297//297
f 333//333 298//298 303//303
f 297//297 303//303 298//298
f 340//340 298//298 333//333
f 299//299 333//333 303//303
f 232//232 298//298 340//340
f 293//293 302//302 300//300
f 295//295 302//302 293//293
f 301//301 302//302 295//295
f 304//304 308//308 305//305
f 305//305 308//308 306//306
f 345//345 304//304 305//305
f 351//351 257//257 302//302
f 301//301 351//351 302//302
f 257//257 351//351 352//352
f 308//308 304//304 260//260
f 308//308 260//260 307//307
f 308//308 307//307 311//311
f 308//308 311//311 353//353
f 353//353 306//306 308//308
f 352//352 354//354 257//257
f 264//264 309//309 262//262
f 264//264 359//359 309//309
f 311//311 310//310 313//313
f 191//191 309//309 440//440
f 359//359 440//440 309//309
f 313//313 310//310 312//312
f 361//361 312//312 315//315
f 314//314 269//269 272//272
f 315//315 312//312 314//314
f 315//315 314//314 365//365
f 272//272 365//365 314//314
f 401//401 273//273 202//202
f 401//401 430//430 273//273
f 318//318 317//317 277//277
f 318//318 277//277 322//322
f 316//316 319//319 320//320
f 316//316 317//317 319//319
f 319//319 317//317 318//318
f 318//318 322//322 367//367
f 319//319 318//318 367//367
f 365//365 272//272 320//320
f 365//365 320//320 366//366
f 366//366 320//320 319//319
f 319//319 367//367 366//366
f 289//289 321//321 325//325
f 368//368 325//325 321//321
f 430//430 321//321 273//273
f 286//286 287//287 323//323
f 324//324 287//287 290//290
f 322//322 286//286 323//323
f 323//323 287//287 324//324
f 290//290 325//325 324//324
f 289//289 325//325 290//290
f 337//337 339//339 328//328
f 326//326 340//340 328//328
f 328//328 329//329 326//326
f 341//341 332//332 327//327
f 327//327 326//326 329//329
f 343//343 341//341 327//327
f 329//329 343//343 327//327
f 328//328 342//342 329//329
f 329//329 342//342 343//343
f 330//330 326//326 327//327
f 332//332 330//330 327//327
f 332//332 331//331 330//330
f 331//331 332//332 341//341
f 336//336 345//345 347//347
f 334//334 333//333 299//299
f 334//334 336//336 333//333
f 336//336 334//334 345//345
f 337//337 340//340 335//335
f 340//340 333//333 335//335
f 333//333 336//336 335//335
f 337//337 328//328 340//340
f 338//338 337//337 335//335
f 338//338 336//336 347//347
f 335//335 336//336 338//338
f 338//338 339//339 337//337
f 338//338 347//347 370//370
f 338//338 369//369 339//339
f 339//339 342//342 328//328
f 339//339 369//369 342//342
f 338//338 370//370 369//369
f 369//369 373//373 342//342
f 376//376 370//370 347//347
f 373//373 343//343 342//342
f 373//373 374//374 343//343
f 341//341 301//301 331//331
f 349//349 301//301 341//341
f 344//344 349//349 341//341
f 349//349 350//350 301//301
f 305//305 306//306 346//346
f 346//346 345//345 305//305
f 345//345 346//346 347//347
f 346//346 306//306 348//348
f 346//346 348//348 347//347
f 348//348 306//306 353//353
f 347//347 348//348 376//376
f 350//350 351//351 301//301
f 350//350 352//352 351//351
f 311//311 357//357 353//353
f 358//358 353//353 357//357
f 348//348 353//353 358//358
f 358//358 383//383 348//348
f 355//355 264//264 354//354
f 352//352 356//356 354//354
f 354//354 356//356 360//360
f 355//355 354//354 360//360
f 361//361 311//311 313//313
f 355//355 359//359 264//264
f 360//360 359//359 355//355
f 361//361 313//313 312//312
f 362//362 361//361 315//315
f 399//399 362//362 365//365
f 311//311 361//361 363//363
f 357//357 311//311 363//363
f 364//364 363//363 361//361
f 364//364 361//361 362//362
f 363//363 387//387 357//357
f 388//388 363//363 364//364
f 388//388 387//387 363//363
f 364//364 362//362 391//391
f 362//362 315//315 365//365
f 440//440 401//401 202//202
f 367//367 403//403 366//366
f 402//402 365//365 366//366
f 404//404 367//367 322//322
f 404//404 322//322 323//323
f 404//404 323//323 405//405
f 406//406 323//323 324//324
f 405//405 323//323 406//406
f 324//324 325//325 406//406
f 405//405 406//406 420//420
f 370//370 371//371 369//369
f 369//369 371//371 373//373
f 370//370 376//376 377//377
f 374//374 373//373 371//371
f 370//370 377//377 371//371
f 377//377 378//378 371//371
f 378//378 374//374 371//371
f 372//372 374//374 378//378
f 374//374 341//341 343//343
f 341//341 374//374 372//372
f 341//341 372//372 375//375
f 378//378 375//375 372//372
f 375//375 344//344 341//341
f 344//344 375//375 409//409
f 381//381 349//349 344//344
f 378//378 409//409 375//375
f 377//377 376//376 379//379
f 378//378 377//377 379//379
f 379//379 408//408 378//378
f 378//378 408//408 409//409
f 381//381 344//344 409//409
f 422//422 381//381 409//409
f 380//380 349//349 381//381
f 350//350 349//349 380//380
f 380//380 382//382 350//350
f 382//382 352//352 350//350
f 348//348 386//386 376//376
f 395//395 358//358 357//357
f 357//357 387//387 393//393
f 385//385 358//358 384//384
f 384//384 358//358 395//395
f 358//358 385//385 383//383
f 386//386 383//383 385//385
f 385//385 384//384 397//397
f 386//386 348//348 383//383
f 415//415 386//386 385//385
f 394//394 387//387 389//389
f 389//389 387//387 388//388
f 364//364 389//389 388//388
f 396//396 394//394 389//389
f 396//396 389//389 390//390
f 389//389 364//364 390//390
f 391//391 390//390 364//364
f 392//392 390//390 391//391
f 396//396 390//390 392//392
f 399//399 391//391 362//362
f 392//392 398//398 396//396
f 399//399 392//392 391//391
f 399//399 417//417 392//392
f 417//417 398//398 392//392
f 395//395 393//393 394//394
f 395//395 357//357 393//393
f 387//387 394//394 393//393
f 395//395 394//394 396//396
f 397//397 384//384 395//395
f 395//395 396//396 398//398
f 397//397 395//395 398//398
f 397//397 418//418 385//385
f 418//418 397//397 398//398
f 415//415 385//385 418//418
f 417//417 418//418 398//398
f 419//419 399//399 365//365
f 399//399 400//400 417//417
f 417//417 400//400 427//427
f 365//365 402//402 419//419
f 406//406 325//325 368//368
f 404//404 405//405 420//420
f 407//407 406//406 368//368
f 379//379 412//412 408//408
f 412//412 379//379 411//411
f 409//409 408//408 425//425
f 422//422 380//380 381//381
f 422//422 409//409 425//425
f 413//413 382//382 380//380
f 422//422 413//413 380//380
f 376//376 410//410 379//379
f 410//410 376//376 386//386
f 415//415 410//410 386//386
f 379//379 410//410 411//411
f 414//414 352//352 382//382
f 426//426 414//414 382//382
f 426//426 382//382 413//413
f 416//416 352//352 414//414
f 352//352 416//416 356//356
f 416//416 360//360 356//356
f 360//360 416//416 438//438
f 360//360 438//438 359//359
f 440//440 446//446 401//401
f 399//399 419//419 400//400
f 427//427 400//400 419//419
f 403//403 402//402 366//366
f 367//367 441//441 403//403
f 402//402 403//403 428//428
f 403//403 441//441 428//428
f 419//419 402//402 428//428
f 368//368 444//444 407//407
f 321//321 430//430 429//429
f 431//431 367//367 404//404
f 404//404 420//420 431//431
f 420//420 406//406 442//442
f 421//421 442//442 406//406
f 406//406 407//407 421//421
f 421//421 407//407 444//444
f 410//410 423//423 411//411
f 411//411 423//423 424//424
f 432//432 424//424 423//423
f 424//424 432//432 433//433
f 412//412 425//425 408//408
f 425//425 451//451 422//422
f 411//411 424//424 412//412
f 412//412 424//424 425//425
f 433//433 425//425 424//424
f 425//425 434//434 451//451
f 422//422 435//435 413//413
f 413//413 435//435 426//426
f 437//437 414//414 426//426
f 436//436 415//415 418//418
f 436//436 410//410 415//415
f 432//432 410//410 436//436
f 432//432 423//423 410//410
f 439//439 359//359 438//438
f 437//437 416//416 414//414
f 416//416 437//437 438//438
f 435//435 437//437 426//426
f 445//445 440//440 359//359
f 439//439 445//445 359//359
f 427//427 418//418 417//417
f 441//441 367//367 431//431
f 442//442 421//421 444//444
f 368//368 321//321 444//444
f 444//444 321//321 429//429
f 451//451 435//435 422//422
f 437//437 435//435 452//452
f 437//437 452//452 487//487
f 418//418 427//427 436//436
f 440//440 445//445 472//472
f 427//427 419//419 457//457
f 427//427 457//457 436//436
f 419//419 428//428 458//458
f 401//401 446//446 447//447
f 401//401 447//447 430//430
f 443//443 431//431 420//420
f 441//441 431//431 460//460
f 443//443 420//420 442//442
f 454//454 443//443 442//442
f 442//442 444//444 454//454
f 433//433 434//434 425//425
f 434//434 449//449 450//450
f 433//433 449//449 434//434
f 434//434 450//450 451//451
f 452//452 435//435 451//451
f 448//448 431//431 443//443
f 441//441 459//459 428//428
f 441//441 460//460 459//459
f 431//431 448//448 453//453
f 448//448 443//443 454//454
f 444//444 462//462 454//454
f 444//444 429//429 462//462
f 449//449 464//464 450//450
f 451//451 450//450 464//464
f 436//436 456//456 432//432
f 433//433 432//432 455//455
f 455//455 449//449 433//433
f 432//432 456//456 455//455
f 481//481 440//440 472//472
f 446//446 440//440 481//481
f 460//460 431//431 453//453
f 462//462 429//429 430//430
f 449//449 468//468 464//464
f 463//463 451//451 464//464
f 451//451 463//463 452//452
f 438//438 437//437 471//471
f 436//436 457//457 465//465
f 466//466 436//436 465//465
f 473//473 472//472 445//445
f 457//457 467//467 465//465
f 457//457 419//419 458//458
f 474//474 457//457 458//458
f 475//475 447//447 446//446
f 458//458 428//428 459//459
f 459//459 460//460 483//483
f 483//483 460//460 453//453
f 461//461 453//453 448//448
f 448//448 454//454 461//461
f 453//453 492//492 483//483
f 461//461 492//492 453//453
f 462//462 477//477 485//485
f 430//430 477//477 462//462
f 455//455 468//468 449//449
f 469//469 464//464 468//468
f 469//469 463//463 464//464
f 469//469 478//478 463//463
f 463//463 478//478 452//452
f 487//487 452//452 478//478
f 466//466 497//497 456//456
f 436//436 466//466 456//456
f 471//471 470//470 438//438
f 470//470 439//439 438//438
f 479//479 465//465 467//467
f 439//439 473//473 445//445
f 467//467 457//457 474//474
f 447//447 477//477 430//430
f 477//477 447//447 475//475
f 458//458 459//459 491//491
f 476//476 491//491 459//459
f 493//493 476//476 459//459
f 461//461 454//454 484//484
f 494//494 461//461 484//484
f 462//462 485//485 454//454
f 517//517 468//468 455//455
f 486//486 456//456 497//497
f 437//437 487//487 471//471
f 466//466 465//465 479//479
f 479//479 497//497 466//466
f 470//470 473//473 439//439
f 500//500 472//472 473//473
f 473//473 470//470 508//508
f 480//480 467//467 474//474
f 491//491 480//480 474//474
f 458//458 491//491 474//474
f 467//467 480//480 479//479
f 481//481 475//475 446//446
f 493//493 491//491 476//476
f 493//493 459//459 483//483
f 492//492 461//461 494//494
f 484//484 454//454 485//485
f 477//477 501//501 485//485
f 456//456 517//517 455//455
f 468//468 495//495 469//469
f 495//495 496//496 469//469
f 478//478 469//469 496//496
f 496//496 519//519 478//478
f 478//478 519//519 487//487
f 488//488 471//471 487//487
f 490//490 470//470 471//471
f 499//499 472//472 500//500
f 475//475 481//481 482//482
f 499//499 481//481 472//472
f 516//516 492//492 494//494
f 482//482 477//477 475//475
f 503//503 486//486 497//497
f 468//468 517//517 495//495
f 471//471 488//488 490//490
f 488//488 524//524 490//490
f 497//497 489//489 509//509
f 479//479 489//489 497//497
f 506//506 490//490 524//524
f 490//490 506//506 470//470
f 480//480 489//489 479//479
f 509//509 489//489 480//480
f 482//482 481//481 498//498
f 502//502 482//482 498//498
f 516//516 483//483 492//492
f 485//485 515//515 484//484
f 515//515 485//485 501//501
f 530//530 484//484 515//515
f 501//501 477//477 502//502
f 502//502 477//477 482//482
f 486//486 503//503 517//517
f 517//517 456//456 486//486
f 520//520 519//519 496//496
f 488//488 487//487 521//521
f 488//488 521//521 524//524
f 509//509 504//504 497//497
f 506//506 508//508 470//470
f 500//500 473//473 508//508
f 510//510 509//509 480//480
f 510//510 480//480 491//491
f 491//491 511//511 510//510
f 481//481 499//499 498//498
f 499//499 500//500 528//528
f 494//494 484//484 530//530
f 529//529 494//494 530//530
f 516//516 494//494 529//529
f 517//517 532//532 495//495
f 495//495 532//532 496//496
f 487//487 519//519 521//521
f 504//504 509//509 510//510
f 505//505 504//504 510//510
f 503//503 497//497 504//504
f 523//523 504//504 505//505
f 527//527 500//500 508//508
f 527//527 528//528 500//500
f 507//507 508//508 506//506
f 527//527 508//508 507//507
f 525//525 505//505 510//510
f 523//523 505//505 525//525
f 526//526 498//498 499//499
f 513//513 493//493 483//483
f 511//511 491//491 514//514
f 491//491 493//493 514//514
f 513//513 483//483 512//512
f 514//514 493//493 513//513
f 559//559 515//515 501//501
f 502//502 498//498 526//526
f 483//483 516//516 512//512
f 530//530 515//515 531//531
f 542//542 532//532 517//517
f 571//571 542//542 517//517
f 532//532 533//533 496//496
f 533//533 518//518 496//496
f 520//520 496//496 518//518
f 518//518 533//533 534//534
f 534//534 520//520 518//518
f 503//503 522//522 564//564
f 521//521 552//552 524//524
f 522//522 503//503 504//504
f 504//504 523//523 522//522
f 535//535 523//523 537//537
f 525//525 555//555 537//537
f 555//555 525//525 511//511
f 511//511 525//525 510//510
f 537//537 523//523 525//525
f 526//526 499//499 528//528
f 528//528 538//538 560//560
f 527//527 556//556 528//528
f 528//528 560//560 526//526
f 512//512 539//539 513//513
f 560//560 502//502 526//526
f 559//559 501//501 561//561
f 561//561 501//501 502//502
f 539//539 512//512 516//516
f 516//516 529//529 541//541
f 529//529 530//530 541//541
f 530//530 531//531 541//541
f 515//515 559//559 531//531
f 517//517 503//503 571//571
f 532//532 545//545 533//533
f 545//545 534//534 533//533
f 521//521 519//519 549//549
f 548//548 520//520 534//534
f 548//548 519//519 520//520
f 547//547 548//548 534//534
f 548//548 549//549 519//519
f 521//521 549//549 552//552
f 522//522 523//523 536//536
f 536//536 523//523 535//535
f 564//564 522//522 536//536
f 551//551 536//536 535//535
f 550//550 535//535 537//537
f 551//551 535//535 550//550
f 527//527 507//507 557//557
f 554//554 507//507 506//506
f 554//554 557//557 507//507
f 524//524 554//554 506//506
f 555//555 511//511 558//558
f 550//550 537//537 555//555
f 556//556 538//538 528//528
f 538//538 605//605 560//560
f 557//557 556//556 527//527
f 511//511 514//514 558//558
f 514//514 566//566 558//558
f 566//566 514//514 513//513
f 560//560 561//561 502//502
f 539//539 516//516 540//540
f 567//567 513//513 539//539
f 516//516 541//541 540//540
f 562//562 541//541 531//531
f 543//543 545//545 532//532
f 542//542 543//543 532//532
f 543//543 544//544 545//545
f 544//544 546//546 545//545
f 544//544 543//543 542//542
f 545//545 546//546 534//534
f 546//546 547//547 534//534
f 565//565 503//503 564//564
f 576//576 549//549 548//548
f 576//576 548//548 547//547
f 564//564 536//536 551//551
f 524//524 553//553 554//554
f 553//553 524//524 552//552
f 605//605 538//538 556//556
f 558//558 566//566 604//604
f 559//559 561//561 569//569
f 561//561 560//560 569//569
f 569//569 560//560 586//586
f 587//587 567//567 539//539
f 587//587 539//539 540//540
f 531//531 559//559 568//568
f 568//568 559//559 570//570
f 570//570 559//559 569//569
f 542//542 574//574 544//544
f 563//563 546//546 544//544
f 574//574 563//563 544//544
f 571//571 503//503 565//565
f 546//546 563//563 577//577
f 577//577 547//547 546//546
f 547//547 577//577 576//576
f 576//576 580//580 549//549
f 553//553 579//579 554//554
f 554//554 579//579 557//557
f 549//549 581//581 552//552
f 549//549 580//580 581//581
f 552//552 581//581 553//553
f 585//585 555//555 558//558
f 550//550 555//555 585//585
f 584//584 556//556 557//557
f 585//585 558//558 604//604
f 604//604 566//566 606//606
f 606//606 566//566 567//567
f 605//605 586//586 560//560
f 566//566 513//513 567//567
f 540//540 541//541 588//588
f 608//608 567//567 587//587
f 588//588 541//541 562//562
f 607//607 568//568 570//570
f 531//531 568//568 562//562
f 562//562 568//568 607//607
f 542//542 571//571 572//572
f 593//593 572//572 571//571
f 593//593 573//573 572//572
f 573//573 574//574 572//572
f 572//572 574//574 542//542
f 563//563 574//574 575//575
f 592//592 564//564 590//590
f 592//592 565//565 564//564
f 565//565 592//592 571//571
f 573//573 575//575 574//574
f 594//594 577//577 563//563
f 575//575 594//594 563//563
f 577//577 594//594 595//595
f 595//595 576//576 577//577
f 576//576 595//595 600//600
f 576//576 600//600 599//599
f 590//590 564//564 551//551
f 597//597 551//551 550//550
f 578//578 551//551 597//597
f 578//578 590//590 551//551
f 553//553 582//582 579//579
f 576//576 599//599 580//580
f 580//580 599//599 581//581
f 581//581 582//582 553//553
f 581//581 599//599 603//603
f 603//603 582//582 581//581
f 597//597 550//550 583//583
f 583//583 550//550 585//585
f 557//557 579//579 584//584
f 604//604 606//606 672//672
f 586//586 626//626 589//589
f 586//586 589//589 569//569
f 605//605 626//626 586//586
f 567//567 608//608 606//606
f 587//587 540//540 588//588
f 609//609 588//588 562//562
f 587//587 588//588 608//608
f 562//562 607//607 609//609
f 570//570 569//569 629//629
f 569//569 589//589 629//629
f 592//592 590//590 591//591
f 610//610 592//592 591//591
f 592//592 610//610 611//611
f 592//592 611//611 593//593
f 592//592 593//593 571//571
f 593//593 613//613 573//573
f 613//613 575//575 573//573
f 614//614 575//575 613//613
f 575//575 614//614 594//594
f 615//615 595//595 594//594
f 595//595 615//615 600//600
f 596//596 578//578 597//597
f 578//578 596//596 616//616
f 598//598 590//590 578//578
f 616//616 598//598 578//578
f 590//590 598//598 591//591
f 598//598 616//616 591//591
f 601//601 599//599 600//600
f 599//599 601//601 603//603
f 601//601 602//602 603//603
f 582//582 602//602 621//621
f 601//601 618//618 602//602
f 603//603 602//602 582//582
f 620//620 597//597 583//583
f 596//596 597//597 620//620
f 624//624 556//556 584//584
f 624//624 605//605 556//556
f 621//621 579//579 582//582
f 579//579 622//622 584//584
f 622//622 579//579 621//621
f 624//624 584//584 622//622
f 648//648 585//585 604//604
f 648//648 604//604 672//672
f 652//652 606//606 608//608
f 672//672 606//606 652//652
f 608//608 588//588 627//627
f 630//630 607//607 570//570
f 589//589 625//625 629//629
f 589//589 626//626 625//625
f 627//627 588//588 609//609
f 609//609 628//628 627//627
f 609//609 607//607 628//628
f 631//631 610//610 637//637
f 610//610 631//631 611//611
f 632//632 611//611 631//631
f 611//611 632//632 612//612
f 611//611 612//612 593//593
f 612//612 633//633 635//635
f 612//612 635//635 613//613
f 635//635 636//636 613//613
f 613//613 593//593 612//612
f 636//636 614//614 613//613
f 614//614 615//615 594//594
f 614//614 641//641 615//615
f 636//636 641//641 614//614
f 591//591 616//616 638//638
f 610//610 591//591 638//638
f 638//638 637//637 610//610
f 641//641 617//617 615//615
f 615//615 617//617 600//600
f 617//617 601//601 600//600
f 601//601 617//617 618//618
f 596//596 619//619 616//616
f 619//619 596//596 620//620
f 619//619 620//620 663//663
f 583//583 585//585 646//646
f 646//646 620//620 583//583
f 621//621 623//623 622//622
f 623//623 602//602 618//618
f 602//602 623//623 621//621
f 648//648 646//646 585//585
f 671//671 605//605 624//624
f 630//630 570//570 629//629
f 629//629 649//649 656//656
f 650//650 605//605 671//671
f 650//650 626//626 605//605
f 626//626 649//649 625//625
f 650//650 649//649 626//626
f 629//629 625//625 649//649
f 654//654 652//652 608//608
f 654//654 608//608 653//653
f 608//608 627//627 653//653
f 653//653 627//627 628//628
f 628//628 607//607 630//630
f 628//628 630//630 655//655
f 629//629 656//656 630//630
f 612//612 632//632 633//633
f 632//632 634//634 633//633
f 632//632 631//631 634//634
f 660//660 633//633 676//676
f 676//676 633//633 634//634
f 660//660 635//635 633//633
f 636//636 635//635 660//660
f 616//616 644//644 638//638
f 640//640 638//638 644//644
f 638//638 640//640 637//637
f 631//631 637//637 639//639
f 637//637 640//640 639//639
f 639//639 634//634 631//631
f 659//659 641//641 636//636
f 659//659 636//636 660//660
f 659//659 642//642 641//641
f 617//617 641//641 642//642
f 643//643 617//617 642//642
f 642//642 662//662 643//643
f 666//666 645//645 643//643
f 666//666 643//643 662//662
f 643//643 618//618 617//617
f 643//643 645//645 618//618
f 644//644 616//616 619//619
f 663//663 665//665 619//619
f 619//619 665//665 644//644
f 663//663 620//620 646//646
f 647//647 622//622 623//623
f 624//624 622//622 647//647
f 618//618 645//645 623//623
f 645//645 668//668 623//623
f 670//670 646//646 648//648
f 671//671 651//651 650//650
f 651//651 657//657 650//650
f 653//653 628//628 655//655
f 630//630 657//657 655//655
f 630//630 656//656 657//657
f 650//650 657//657 649//649
f 649//649 657//657 656//656
f 644//644 664//664 640//640
f 664//664 713//713 658//658
f 640//640 664//664 658//658
f 640//640 658//658 639//639
f 639//639 675//675 634//634
f 676//676 634//634 677//677
f 692//692 676//676 678//678
f 679//679 676//676 692//692
f 661//661 659//659 660//660
f 660//660 676//676 679//679
f 679//679 661//661 660//660
f 659//659 661//661 680//680
f 681//681 682//682 661//661
f 681//681 661//661 679//679
f 682//682 680//680 661//661
f 659//659 662//662 642//642
f 680//680 662//662 659//659
f 662//662 680//680 683//683
f 665//665 664//664 644//644
f 721//721 664//664 665//665
f 645//645 667//667 668//668
f 662//662 683//683 666//666
f 666//666 667//667 645//645
f 683//683 684//684 666//666
f 623//623 668//668 647//647
f 668//668 667//667 696//696
f 696//696 685//685 668//668
f 669//669 646//646 670//670
f 698//698 725//725 670//670
f 663//663 646//646 669//669
f 669//669 670//670 725//725
f 720//720 663//663 669//669
f 665//665 663//663 720//720
f 668//668 685//685 647//647
f 670//670 648//648 698//698
f 648//648 672//672 698//698
f 651//651 671//671 687//687
f 687//687 657//657 651//651
f 686//686 624//624 647//647
f 686//686 671//671 624//624
f 688//688 655//655 657//657
f 688//688 657//657 689//689
f 652//652 654//654 674//674
f 674//674 654//654 653//653
f 673//673 674//674 653//653
f 653//653 655//655 688//688
f 634//634 675//675 677//677
f 658//658 675//675 639//639
f 677//677 678//678 676//676
f 677//677 710//710 678//678
f 678//678 691//691 692//692
f 691//691 678//678 710//710
f 679//679 692//692 681//681
f 682//682 683//683 680//680
f 692//692 693//693 681//681
f 682//682 681//681 693//693
f 682//682 694//694 683//683
f 715//715 694//694 682//682
f 666//666 684//684 667//667
f 684//684 696//696 667//667
f 694//694 684//684 683//683
f 720//720 669//669 725//725
f 647//647 685//685 699//699
f 696//696 700//700 685//685
f 685//685 700//700 699//699
f 697//697 698//698 672//672
f 686//686 687//687 671//671
f 728//728 687//687 686//686
f 657//657 687//687 689//689
f 699//699 686//686 647//647
f 706//706 652//652 674//674
f 701//701 672//672 652//652
f 702//702 701//701 652//652
f 674//674 673//673 706//706
f 653//653 688//688 708//708
f 673//673 653//653 708//708
f 704//704 688//688 689//689
f 673//673 707//707 706//706
f 708//708 707//707 673//673
f 658//658 690//690 675//675
f 713//713 690//690 658//658
f 675//675 711//711 677//677
f 675//675 690//690 711//711
f 711//711 710//710 677//677
f 692//692 691//691 714//714
f 714//714 693//693 692//692
f 716//716 715//715 693//693
f 693//693 715//715 682//682
f 720//720 721//721 665//665
f 664//664 721//721 713//713
f 695//695 684//684 694//694
f 684//684 695//695 696//696
f 718//718 694//694 715//715
f 695//695 724//724 696//696
f 755//755 725//725 698//698
f 698//698 697//697 755//755
f 758//758 728//728 699//699
f 699//699 728//728 686//686
f 699//699 700//700 758//758
f 672//672 701//701 697//697
f 705//705 701//701 702//702
f 697//697 701//701 726//726
f 726//726 701//701 705//705
f 702//702 652//652 706//706
f 703//703 689//689 727//727
f 687//687 727//727 689//689
f 704//704 689//689 703//703
f 704//704 703//703 735//735
f 703//703 727//727 735//735
f 702//702 706//706 731//731
f 731//731 706//706 739//739
f 705//705 702//702 731//731
f 707//707 739//739 706//706
f 707//707 708//708 739//739
f 739//739 708//708 740//740
f 688//688 704//704 708//708
f 708//708 704//704 709//709
f 709//709 704//704 736//736
f 709//709 732//732 708//708
f 732//732 709//709 736//736
f 704//704 735//735 736//736
f 710//710 712//712 691//691
f 714//714 691//691 712//712
f 746//746 714//714 712//712
f 716//716 693//693 714//714
f 742//742 713//713 750//750
f 713//713 787//787 750//750
f 713//713 742//742 690//690
f 690//690 742//742 711//711
f 741//741 710//710 711//711
f 711//711 742//742 741//741
f 741//741 712//712 710//710
f 714//714 746//746 748//748
f 716//716 714//714 748//748
f 748//748 749//749 716//716
f 717//717 715//715 716//716
f 751//751 718//718 717//717
f 717//717 716//716 749//749
f 749//749 751//751 717//717
f 695//695 694//694 718//718
f 717//717 718//718 715//715
f 695//695 718//718 723//723
f 695//695 723//723 724//724
f 725//725 719//719 720//720
f 721//721 720//720 722//722
f 722//722 720//720 719//719
f 721//721 787//787 713//713
f 700//700 696//696 756//756
f 718//718 751//751 723//723
f 696//696 724//724 756//756
f 722//722 719//719 753//753
f 719//719 725//725 753//753
f 753//753 725//725 755//755
f 756//756 758//758 700//700
f 757//757 755//755 726//726
f 755//755 697//697 726//726
f 726//726 705//705 729//729
f 687//687 728//728 727//727
f 729//729 757//757 726//726
f 729//729 705//705 730//730
f 730//730 705//705 731//731
f 766//766 731//731 739//739
f 708//708 732//732 740//740
f 733//733 732//732 736//736
f 732//732 734//734 740//740
f 734//734 732//732 733//733
f 737//737 735//735 727//727
f 736//736 735//735 737//737
f 736//736 737//737 733//733
f 738//738 727//727 728//728
f 738//738 737//737 727//727
f 737//737 738//738 764//764
f 804//804 1488//1488 738//738
f 760//760 731//731 766//766
f 761//761 766//766 739//739
f 739//739 740//740 761//761
f 734//734 761//761 740//740
f 734//734 733//733 762//762
f 742//742 745//745 743//743
f 750//750 745//745 742//742
f 741//741 742//742 743//743
f 744//744 741//741 743//743
f 741//741 744//744 712//712
f 746//746 712//712 744//744
f 747//747 746//746 744//744
f 744//744 768//768 747//747
f 748//748 747//747 770//770
f 748//748 746//746 747//747
f 748//748 771//771 749//749
f 722//722 754//754 721//721
f 721//721 754//754 787//787
f 787//787 788//788 750//750
f 750//750 788//788 745//745
f 788//788 769//769 745//745
f 745//745 769//769 743//743
f 743//743 769//769 744//744
f 769//769 768//768 744//744
f 771//771 772//772 749//749
f 723//723 751//751 752//752
f 752//752 751//751 749//749
f 772//772 752//752 749//749
f 776//776 722//722 753//753
f 753//753 755//755 777//777
f 722//722 776//776 754//754
f 774//774 724//724 723//723
f 775//775 774//774 723//723
f 724//724 774//774 756//756
f 777//777 755//755 757//757
f 776//776 753//753 777//777
f 728//728 758//758 738//738
f 757//757 729//729 778//778
f 738//738 758//758 833//833
f 738//738 833//833 804//804
f 759//759 730//730 760//760
f 759//759 729//729 730//730
f 729//729 759//759 778//778
f 779//779 778//778 759//759
f 730//730 731//731 760//760
f 762//762 761//761 734//734
f 762//762 733//733 765//765
f 762//762 765//765 763//763
f 762//762 763//763 767//767
f 762//762 767//767 761//761
f 733//733 737//737 765//765
f 737//737 764//764 765//765
f 765//765 764//764 782//782
f 782//782 1488//1488 804//804
f 760//760 766//766 784//784
f 761//761 767//767 766//766
f 784//784 766//766 767//767
f 767//767 763//763 781//781
f 763//763 765//765 781//781
f 768//768 769//769 786//786
f 768//768 789//789 747//747
f 789//789 768//768 786//786
f 789//789 770//770 747//747
f 770//770 771//771 748//748
f 791//791 771//771 770//770
f 773//773 752//752 772//772
f 772//772 771//771 791//791
f 773//773 775//775 752//752
f 775//775 723//723 752//752
f 756//756 774//774 798//798
f 775//775 795//795 774//774
f 795//795 798//798 774//774
f 756//756 798//798 758//758
f 757//757 778//778 802//802
f 776//776 777//777 796//796
f 777//777 757//757 799//799
f 802//802 778//778 801//801
f 799//799 757//757 802//802
f 760//760 779//779 759//759
f 778//778 779//779 801//801
f 779//779 760//760 780//780
f 780//780 760//760 784//784
f 781//781 783//783 767//767
f 782//782 781//781 765//765
f 781//781 782//782 783//783
f 783//783 782//782 805//805
f 835//835 782//782 804//804
f 835//835 805//805 782//782
f 780//780 807//807 779//779
f 807//807 780//780 808//808
f 784//784 767//767 808//808
f 784//784 808//808 780//780
f 767//767 785//785 808//808
f 767//767 783//783 785//785
f 783//783 809//809 785//785
f 785//785 811//811 812//812
f 785//785 809//809 811//811
f 786//786 769//769 788//788
f 786//786 816//816 789//789
f 788//788 815//815 786//786
f 816//816 786//786 815//815
f 788//788 787//787 815//815
f 822//822 789//789 816//816
f 789//789 822//822 790//790
f 770//770 789//789 790//790
f 790//790 791//791 770//770
f 793//793 791//791 792//792
f 790//790 792//792 791//791
f 791//791 793//793 772//772
f 772//772 793//793 773//773
f 829//829 776//776 796//796
f 754//754 776//776 829//829
f 787//787 754//754 818//818
f 794//794 773//773 793//793
f 775//775 773//773 794//794
f 775//775 794//794 795//795
f 797//797 795//795 794//794
f 798//798 795//795 797//797
f 796//796 777//777 799//799
f 800//800 758//758 798//798
f 800//800 833//833 758//758
f 803//803 799//799 802//802
f 803//803 802//802 801//801
f 803//803 801//801 834//834
f 801//801 779//779 834//834
f 833//833 806//806 804//804
f 804//804 806//806 835//835
f 833//833 836//836 806//806
f 835//835 806//806 836//836
f 807//807 837//837 779//779
f 837//837 834//834 779//779
f 807//807 838//838 837//837
f 838//838 807//807 810//810
f 785//785 812//812 808//808
f 813//813 808//808 812//812
f 783//783 805//805 809//809
f 809//809 814//814 811//811
f 809//809 805//805 814//814
f 813//813 807//807 808//808
f 813//813 812//812 848//848
f 812//812 811//811 849//849
f 811//811 841//841 849//849
f 811//811 814//814 841//841
f 787//787 817//817 815//815
f 754//754 829//829 818//818
f 787//787 818//818 817//817
f 818//818 826//826 817//817
f 826//826 819//819 817//817
f 819//819 820//820 817//817
f 817//817 820//820 815//815
f 820//820 816//816 815//815
f 821//821 816//816 820//820
f 816//816 821//821 822//822
f 823//823 822//822 821//821
f 790//790 822//822 823//823
f 792//792 790//790 823//823
f 824//824 792//792 823//823
f 792//792 825//825 793//793
f 825//825 792//792 824//824
f 825//825 794//794 793//793
f 825//825 824//824 855//855
f 828//828 825//825 855//855
f 859//859 831//831 828//828
f 828//828 855//855 859//859
f 830//830 798//798 797//797
f 830//830 797//797 827//827
f 794//794 825//825 828//828
f 797//797 794//794 827//827
f 794//794 828//828 827//827
f 800//800 798//798 830//830
f 800//800 867//867 833//833
f 800//800 830//830 867//867
f 827//827 828//828 831//831
f 867//867 830//830 832//832
f 831//831 832//832 827//827
f 830//830 827//827 832//832
f 796//796 799//799 869//869
f 872//872 833//833 867//867
f 872//872 836//836 833//833
f 834//834 874//874 803//803
f 807//807 813//813 810//810
f 839//839 805//805 835//835
f 840//840 839//839 835//835
f 835//835 875//875 840//840
f 836//836 875//875 835//835
f 847//847 813//813 848//848
f 814//814 842//842 841//841
f 812//812 849//849 848//848
f 842//842 843//843 846//846
f 842//842 814//814 843//843
f 877//877 844//844 840//840
f 839//839 814//814 805//805
f 843//843 814//814 839//839
f 840//840 844//844 839//839
f 844//844 843//843 839//839
f 875//875 877//877 840//840
f 876//876 838//838 810//810
f 838//838 876//876 878//878
f 847//847 876//876 810//810
f 813//813 847//847 810//810
f 841//841 845//845 849//849
f 846//846 845//845 842//842
f 842//842 845//845 841//841
f 849//849 845//845 882//882
f 883//883 882//882 845//845
f 846//846 879//879 883//883
f 845//845 846//846 883//883
f 846//846 843//843 879//879
f 879//879 843//843 844//844
f 819//819 826//826 856//856
f 850//850 819//819 856//856
f 850//850 820//820 819//819
f 821//821 820//820 850//850
f 851//851 821//821 852//852
f 823//823 821//821 851//851
f 852//852 854//854 851//851
f 852//852 821//821 850//850
f 854//854 852//852 857//857
f 823//823 851//851 824//824
f 853//853 855//855 824//824
f 824//824 851//851 854//854
f 854//854 853//853 824//824
f 859//859 855//855 853//853
f 853//853 858//858 859//859
f 818//818 829//829 864//864
f 826//826 818//818 864//864
f 850//850 856//856 888//888
f 826//826 895//895 856//856
f 858//858 854//854 887//887
f 861//861 859//859 858//858
f 858//858 853//853 854//854
f 854//854 857//857 887//887
f 893//893 861//861 858//858
f 860//860 831//831 859//859
f 861//861 860//860 859//859
f 866//866 860//860 861//861
f 832//832 831//831 860//860
f 860//860 868//868 832//832
f 867//867 832//832 868//868
f 829//829 796//796 862//862
f 862//862 796//796 869//869
f 864//864 829//829 862//862
f 898//898 862//862 869//869
f 862//862 898//898 863//863
f 864//864 862//862 863//863
f 826//826 894//894 895//895
f 826//826 864//864 894//894
f 865//865 860//860 866//866
f 860//860 865//865 868//868
f 870//870 868//868 865//865
f 870//870 867//867 868//868
f 870//870 871//871 867//867
f 871//871 872//872 867//867
f 871//871 870//870 1067//1067
f 872//872 875//875 836//836
f 902//902 799//799 803//803
f 874//874 834//834 873//873
f 874//874 902//902 803//803
f 874//874 901//901 902//902
f 903//903 901//901 874//874
f 873//873 834//834 837//837
f 837//837 838//838 878//878
f 878//878 876//876 905//905
f 876//876 847//847 911//911
f 877//877 880//880 844//844
f 880//880 879//879 844//844
f 880//880 884//884 879//879
f 884//884 883//883 879//879
f 880//880 877//877 881//881
f 881//881 884//884 880//880
f 877//877 958//958 881//881
f 848//848 911//911 847//847
f 912//912 911//911 848//848
f 849//849 912//912 848//848
f 882//882 912//912 849//849
f 885//885 912//912 882//882
f 882//882 883//883 885//885
f 885//885 883//883 886//886
f 886//886 883//883 884//884
f 881//881 906//906 884//884
f 907//907 906//906 881//881
f 958//958 907//907 881//881
f 911//911 905//905 876//876
f 852//852 850//850 890//890
f 890//890 850//850 889//889
f 891//891 887//887 857//857
f 890//890 857//857 852//852
f 856//856 895//895 888//888
f 888//888 889//889 850//850
f 890//890 891//891 857//857
f 889//889 943//943 890//890
f 891//891 890//890 943//943
f 950//950 944//944 891//891
f 892//892 887//887 891//891
f 944//944 892//892 891//891
f 945//945 892//892 944//944
f 887//887 893//893 858//858
f 893//893 887//887 892//892
f 945//945 866//866 893//893
f 866//866 861//861 893//893
f 896//896 866//866 945//945
f 893//893 892//892 945//945
f 898//898 899//899 863//863
f 863//863 899//899 900//900
f 900//900 894//894 863//863
f 947//947 895//895 894//894
f 900//900 947//947 894//894
f 894//894 864//864 863//863
f 866//866 896//896 865//865
f 870//870 865//865 896//896
f 957//957 870//870 896//896
f 898//898 897//897 899//899
f 899//899 897//897 955//955
f 898//898 869//869 897//897
f 899//899 946//946 900//900
f 949//949 900//900 946//946
f 900//900 949//949 947//947
f 870//870 957//957 1067//1067
f 869//869 799//799 954//954
f 902//902 954//954 799//799
f 904//904 901//901 903//903
f 901//901 904//904 902//902
f 873//873 903//903 874//874
f 903//903 873//873 904//904
f 902//902 904//904 1073//1073
f 873//873 837//837 878//878
f 904//904 873//873 878//878
f 877//877 875//875 958//958
f 905//905 909//909 908//908
f 905//905 908//908 963//963
f 909//909 905//905 911//911
f 906//906 886//886 884//884
f 907//907 965//965 906//906
f 964//964 907//907 958//958
f 909//909 968//968 908//908
f 912//912 885//885 913//913
f 885//885 886//886 913//913
f 913//913 886//886 914//914
f 906//906 910//910 886//886
f 910//910 914//914 886//886
f 965//965 910//910 906//906
f 911//911 912//912 915//915
f 911//911 915//915 909//909
f 913//913 914//914 969//969
f 970//970 914//914 910//910
f 914//914 970//970 969//969
f 909//909 915//915 968//968
f 913//913 969//969 916//916
f 915//915 912//912 916//916
f 913//913 916//916 912//912
f 921//921 987//987 919//919
f 987//987 988//988 923//923
f 918//918 924//924 917//917
f 934//934 917//917 930//930
f 917//917 924//924 930//930
f 918//918 921//921 920//920
f 921//921 919//919 920//920
f 919//919 922//922 920//920
f 919//919 923//923 922//922
f 987//987 923//923 919//919
f 922//922 923//923 997//997
f 924//924 925//925 930//930
f 926//926 931//931 930//930
f 930//930 925//925 926//926
f 925//925 927//927 926//926
f 925//925 937//937 927//927
f 928//928 926//926 927//927
f 927//927 929//929 928//928
f 927//927 937//937 929//929
f 933//933 928//928 929//929
f 934//934 930//930 935//935
f 935//935 930//930 931//931
f 931//931 926//926 932//932
f 926//926 928//928 932//932
f 932//932 928//928 933//933
f 942//942 933//933 929//929
f 932//932 933//933 941//941
f 941//941 933//933 1029//1029
f 1015//1015 931//931 932//932
f 925//925 924//924 918//918
f 925//925 918//918 936//936
f 918//918 920//920 936//936
f 925//925 936//936 937//937
f 922//922 938//938 920//920
f 936//936 939//939 937//937
f 920//920 938//938 936//936
f 938//938 939//939 936//936
f 939//939 940//940 937//937
f 939//939 938//938 940//940
f 938//938 1016//1016 940//940
f 937//937 940//940 929//929
f 942//942 929//929 940//940
f 1040//1040 942//942 940//940
f 938//938 922//922 1016//1016
f 1030//1030 941//941 1029//1029
f 942//942 1029//1029 933//933
f 1029//1029 942//942 1039//1039
f 942//942 1040//1040 1039//1039
f 947//947 948//948 895//895
f 895//895 948//948 888//888
f 888//888 1053//1053 889//889
f 943//943 950//950 891//891
f 946//946 951//951 949//949
f 955//955 946//946 899//899
f 949//949 952//952 947//947
f 947//947 952//952 948//948
f 951//951 952//952 949//949
f 953//953 948//948 952//952
f 953//953 1053//1053 948//948
f 1053//1053 888//888 948//948
f 1053//1053 1055//1055 889//889
f 889//889 1055//1055 943//943
f 1058//1058 1065//1065 945//945
f 896//896 945//945 1065//1065
f 957//957 896//896 1065//1065
f 955//955 956//956 946//946
f 951//951 946//946 956//956
f 1059//1059 951//951 956//956
f 1059//1059 952//952 951//951
f 897//897 869//869 954//954
f 897//897 954//954 955//955
f 871//871 960//960 872//872
f 872//872 960//960 875//875
f 960//960 871//871 1067//1067
f 902//902 1073//1073 1070//1070
f 1070//1070 954//954 902//902
f 875//875 959//959 958//958
f 875//875 960//960 959//959
f 960//960 1069//1069 959//959
f 960//960 1067//1067 1069//1069
f 878//878 962//962 904//904
f 962//962 878//878 905//905
f 904//904 962//962 1073//1073
f 905//905 963//963 962//962
f 1071//1071 961//961 1069//1069
f 958//958 961//961 964//964
f 958//958 959//959 961//961
f 1069//1069 961//961 959//959
f 1071//1071 964//964 961//961
f 967//967 962//962 963//963
f 907//907 971//971 965//965
f 964//964 966//966 907//907
f 907//907 1076//1076 971//971
f 966//966 1076//1076 907//907
f 1074//1074 966//966 964//964
f 1071//1071 1074//1074 964//964
f 967//967 1072//1072 962//962
f 971//971 970//970 910//910
f 910//910 965//965 971//971
f 963//963 972//972 967//967
f 908//908 968//968 973//973
f 908//908 973//973 963//963
f 963//963 973//973 972//972
f 968//968 1087//1087 973//973
f 916//916 974//974 915//915
f 968//968 915//915 974//974
f 1087//1087 968//968 974//974
f 967//967 972//972 1081//1081
f 973//973 1087//1087 1084//1084
f 969//969 970//970 975//975
f 916//916 1085//1085 1088//1088
f 1085//1085 916//916 969//969
f 1085//1085 969//969 975//975
f 916//916 1087//1087 974//974
f 1088//1088 1087//1087 916//916
f 980//980 1122//1122 976//976
f 1120//1120 981//981 1122//1122
f 1120//1120 1113//1113 981//981
f 1113//1113 1121//1121 981//981
f 1121//1121 977//977 981//981
f 1123//1123 977//977 1121//1121
f 1122//1122 981//981 976//976
f 976//976 981//981 978//978
f 980//980 978//978 979//979
f 1128//1128 980//980 979//979
f 976//976 978//978 980//980
f 981//981 921//921 978//978
f 1123//1123 990//990 977//977
f 985//985 983//983 986//986
f 982//982 1127//1127 983//983
f 982//982 983//983 985//985
f 1129//1129 982//982 985//985
f 986//986 983//983 1128//1128
f 1127//1127 1128//1128 983//983
f 918//918 978//978 921//921
f 978//978 986//986 979//979
f 1128//1128 979//979 986//986
f 981//981 977//977 987//987
f 977//977 988//988 987//987
f 1146//1146 988//988 990//990
f 1141//1141 984//984 995//995
f 991//991 1129//1129 985//985
f 986//986 978//978 918//918
f 921//921 981//981 987//987
f 989//989 988//988 1146//1146
f 1148//1148 989//989 1146//1146
f 917//917 934//934 991//991
f 934//934 992//992 991//991
f 1002//1002 992//992 934//934
f 1007//1007 992//992 1002//1002
f 992//992 984//984 991//991
f 1007//1007 993//993 992//992
f 992//992 995//995 984//984
f 1007//1007 994//994 993//993
f 995//995 992//992 993//993
f 1011//1011 994//994 1007//1007
f 994//994 995//995 993//993
f 996//996 994//994 1011//1011
f 996//996 1011//1011 1163//1163
f 1153//1153 1141//1141 995//995
f 994//994 1153//1153 995//995
f 996//996 1154//1154 994//994
f 1154//1154 996//996 1163//1163
f 986//986 917//917 985//985
f 917//917 986//986 918//918
f 917//917 991//991 985//985
f 997//997 1019//1019 922//922
f 1020//1020 1019//1019 997//997
f 988//988 997//997 923//923
f 997//997 998//998 1020//1020
f 988//988 998//998 997//997
f 1020//1020 998//998 999//999
f 1020//1020 999//999 1023//1023
f 988//988 989//989 998//998
f 998//998 989//989 999//999
f 1000//1000 1023//1023 999//999
f 999//999 1160//1160 1000//1000
f 1160//1160 1161//1161 1000//1000
f 989//989 1160//1160 999//999
f 1002//1002 934//934 935//935
f 935//935 931//931 1001//1001
f 931//931 1015//1015 1001//1001
f 1015//1015 1005//1005 1001//1001
f 1028//1028 1005//1005 1015//1015
f 1002//1002 935//935 1003//1003
f 1003//1003 1001//1001 1004//1004
f 935//935 1001//1001 1003//1003
f 1001//1001 1005//1005 1004//1004
f 1007//1007 1002//1002 1003//1003
f 1003//1003 1004//1004 1008//1008
f 1009//1009 1008//1008 1004//1004
f 1004//1004 1006//1006 1009//1009
f 1005//1005 1006//1006 1004//1004
f 1005//1005 1026//1026 1006//1006
f 1008//1008 1007//1007 1003//1003
f 1012//1012 1009//1009 1010//1010
f 1009//1009 1006//1006 1010//1010
f 1011//1011 1007//1007 1008//1008
f 1011//1011 1008//1008 1013//1013
f 1008//1008 1009//1009 1013//1013
f 1009//1009 1012//1012 1013//1013
f 1163//1163 1011//1011 1013//1013
f 1013//1013 1012//1012 1164//1164
f 1164//1164 1012//1012 1165//1165
f 1012//1012 1014//1014 1165//1165
f 1014//1014 1012//1012 1010//1010
f 1014//1014 1010//1010 1027//1027
f 1162//1162 1014//1014 1027//1027
f 1014//1014 1166//1166 1165//1165
f 1015//1015 932//932 1028//1028
f 941//941 1028//1028 932//932
f 1019//1019 1021//1021 922//922
f 1019//1019 1020//1020 1021//1021
f 1021//1021 1016//1016 922//922
f 1021//1021 1017//1017 1016//1016
f 1022//1022 1017//1017 1021//1021
f 1017//1017 1022//1022 1050//1050
f 1022//1022 1024//1024 1051//1051
f 1051//1051 1050//1050 1022//1022
f 1051//1051 1024//1024 1018//1018
f 1051//1051 1018//1018 1052//1052
f 1178//1178 1052//1052 1018//1018
f 1020//1020 1022//1022 1021//1021
f 1022//1022 1023//1023 1024//1024
f 1022//1022 1020//1020 1023//1023
f 1023//1023 1025//1025 1024//1024
f 1018//1018 1024//1024 1025//1025
f 1161//1161 1159//1159 1025//1025
f 1000//1000 1025//1025 1023//1023
f 1161//1161 1025//1025 1000//1000
f 1005//1005 1028//1028 1031//1031
f 1005//1005 1031//1031 1026//1026
f 1027//1027 1006//1006 1026//1026
f 1027//1027 1026//1026 1033//1033
f 1027//1027 1033//1033 1036//1036
f 1010//1010 1006//1006 1027//1027
f 1028//1028 941//941 1030//1030
f 1032//1032 1030//1030 1029//1029
f 1030//1030 1031//1031 1028//1028
f 1034//1034 1031//1031 1030//1030
f 1033//1033 1031//1031 1034//1034
f 1034//1034 1030//1030 1032//1032
f 1032//1032 1029//1029 1039//1039
f 1031//1031 1033//1033 1026//1026
f 1036//1036 1033//1033 1034//1034
f 1036//1036 1034//1034 1037//1037
f 1037//1037 1034//1034 1035//1035
f 1035//1035 1034//1034 1032//1032
f 1043//1043 1032//1032 1039//1039
f 1032//1032 1043//1043 1035//1035
f 1162//1162 1027//1027 1036//1036
f 1162//1162 1036//1036 1182//1182
f 1037//1037 1182//1182 1036//1036
f 1182//1182 1037//1037 1183//1183
f 1183//1183 1037//1037 1038//1038
f 1037//1037 1035//1035 1038//1038
f 1183//1183 1038//1038 1184//1184
f 1184//1184 1038//1038 1047//1047
f 1016//1016 1040//1040 940//940
f 1040//1040 1041//1041 1039//1039
f 1041//1041 1040//1040 1049//1049
f 1040//1040 1016//1016 1049//1049
f 1039//1039 1041//1041 1044//1044
f 1044//1044 1041//1041 1042//1042
f 1049//1049 1042//1042 1041//1041
f 1049//1049 1050//1050 1042//1042
f 1039//1039 1044//1044 1043//1043
f 1044//1044 1042//1042 1045//1045
f 1045//1045 1042//1042 1051//1051
f 1035//1035 1043//1043 1047//1047
f 1047//1047 1043//1043 1046//1046
f 1046//1046 1043//1043 1044//1044
f 1045//1045 1046//1046 1044//1044
f 1047//1047 1046//1046 1048//1048
f 1045//1045 1048//1048 1046//1046
f 1048//1048 1045//1045 1052//1052
f 1045//1045 1051//1051 1052//1052
f 1047//1047 1038//1038 1035//1035
f 1048//1048 1052//1052 1186//1186
f 1048//1048 1186//1186 1047//1047
f 1016//1016 1017//1017 1049//1049
f 1017//1017 1050//1050 1049//1049
f 1051//1051 1042//1042 1050//1050
f 1189//1189 953//953 952//952
f 1054//1054 1053//1053 953//953
f 1054//1054 1055//1055 1053//1053
f 1061//1061 1054//1054 1188//1188
f 1055//1055 1054//1054 1061//1061
f 1056//1056 1055//1055 1061//1061
f 943//943 1056//1056 950//950
f 950//950 1057//1057 944//944
f 1056//1056 943//943 1055//1055
f 1056//1056 1057//1057 950//950
f 1063//1063 1058//1058 1057//1057
f 1058//1058 1063//1063 1062//1062
f 1064//1064 1057//1057 1056//1056
f 944//944 1058//1058 945//945
f 1058//1058 944//944 1057//1057
f 1059//1059 1189//1189 952//952
f 1189//1189 1190//1190 1060//1060
f 953//953 1060//1060 1054//1054
f 1188//1188 1054//1054 1060//1060
f 1189//1189 1060//1060 953//953
f 1060//1060 1190//1190 1188//1188
f 1056//1056 1061//1061 1064//1064
f 1061//1061 1188//1188 1187//1187
f 1187//1187 1064//1064 1061//1061
f 1063//1063 1057//1057 1064//1064
f 1062//1062 1063//1063 1194//1194
f 1065//1065 1058//1058 1062//1062
f 1065//1065 1062//1062 1195//1195
f 1062//1062 1194//1194 1195//1195
f 956//956 1066//1066 1059//1059
f 1059//1059 1066//1066 1189//1189
f 1067//1067 957//957 1197//1197
f 957//957 1065//1065 1197//1197
f 955//955 954//954 1070//1070
f 955//955 1068//1068 956//956
f 1068//1068 955//955 1070//1070
f 1067//1067 1071//1071 1069//1069
f 1197//1197 1202//1202 1067//1067
f 956//956 1068//1068 1198//1198
f 1068//1068 1206//1206 1198//1198
f 1206//1206 1068//1068 1070//1070
f 1067//1067 1204//1204 1071//1071
f 1073//1073 1205//1205 1070//1070
f 1073//1073 962//962 1072//1072
f 1071//1071 1204//1204 1074//1074
f 1204//1204 1075//1075 1074//1074
f 1075//1075 966//966 1074//1074
f 1073//1073 1072//1072 1077//1077
f 1072//1072 967//967 1077//1077
f 966//966 1079//1079 1076//1076
f 966//966 1075//1075 1079//1079
f 1073//1073 1077//1077 1078//1078
f 1073//1073 1078//1078 1210//1210
f 1077//1077 967//967 1081//1081
f 1079//1079 971//971 1076//1076
f 1080//1080 1210//1210 1078//1078
f 1081//1081 1082//1082 1077//1077
f 1080//1080 1078//1078 1077//1077
f 972//972 973//973 1081//1081
f 971//971 975//975 970//970
f 1080//1080 1077//1077 1082//1082
f 973//973 1084//1084 1081//1081
f 971//971 1083//1083 975//975
f 1083//1083 1089//1089 975//975
f 1082//1082 1217//1217 1080//1080
f 1084//1084 1091//1091 1081//1081
f 1082//1082 1081//1081 1091//1091
f 1087//1087 1092//1092 1084//1084
f 1085//1085 975//975 1086//1086
f 1089//1089 1086//1086 975//975
f 1089//1089 1083//1083 1218//1218
f 1215//1215 1218//1218 1083//1083
f 1084//1084 1092//1092 1091//1091
f 1087//1087 1093//1093 1092//1092
f 1087//1087 1088//1088 1093//1093
f 1094//1094 1085//1085 1086//1086
f 1086//1086 1090//1090 1094//1094
f 1090//1090 1086//1086 1089//1089
f 1218//1218 1090//1090 1089//1089
f 1220//1220 1094//1094 1090//1090
f 1218//1218 1220//1220 1090//1090
f 1091//1091 1092//1092 1219//1219
f 1088//1088 1097//1097 1093//1093
f 1085//1085 1094//1094 1097//1097
f 1220//1220 1097//1097 1094//1094
f 1221//1221 1220//1220 1218//1218
f 1093//1093 1096//1096 1092//1092
f 1093//1093 1097//1097 1096//1096
f 1088//1088 1085//1085 1097//1097
f 1219//1219 1092//1092 1095//1095
f 1092//1092 1096//1096 1103//1103
f 1225//1225 1095//1095 1100//1100
f 1219//1219 1095//1095 1225//1225
f 1100//1100 1095//1095 1092//1092
f 1092//1092 1103//1103 1100//1100
f 1097//1097 1098//1098 1096//1096
f 1097//1097 1099//1099 1098//1098
f 1099//1099 1101//1101 1098//1098
f 1101//1101 1099//1099 1228//1228
f 1099//1099 1097//1097 1228//1228
f 1220//1220 1228//1228 1097//1097
f 1100//1100 1103//1103 1104//1104
f 1101//1101 1228//1228 1231//1231
f 1102//1102 1230//1230 1225//1225
f 1104//1104 1102//1102 1100//1100
f 1225//1225 1100//1100 1102//1102
f 1112//1112 1101//1101 1231//1231
f 1230//1230 1102//1102 1108//1108
f 1108//1108 1107//1107 1230//1230
f 1096//1096 1098//1098 1103//1103
f 1098//1098 1106//1106 1103//1103
f 1104//1104 1113//1113 1108//1108
f 1102//1102 1104//1104 1108//1108
f 1103//1103 1106//1106 1105//1105
f 1103//1103 1105//1105 1104//1104
f 1106//1106 1098//1098 1111//1111
f 1106//1106 1111//1111 1105//1105
f 1101//1101 1112//1112 1098//1098
f 1098//1098 1112//1112 1111//1111
f 1107//1107 1108//1108 1122//1122
f 1104//1104 1109//1109 1114//1114
f 1104//1104 1105//1105 1109//1109
f 1105//1105 1110//1110 1109//1109
f 1110//1110 1114//1114 1109//1109
f 1105//1105 1111//1111 1110//1110
f 1110//1110 1111//1111 1116//1116
f 1112//1112 1116//1116 1111//1111
f 1113//1113 1104//1104 1114//1114
f 1115//1115 1114//1114 1110//1110
f 1116//1116 1115//1115 1110//1110
f 1116//1116 1117//1117 1115//1115
f 1116//1116 1112//1112 1238//1238
f 1118//1118 1119//1119 1237//1237
f 1237//1237 1107//1107 1118//1118
f 1108//1108 1120//1120 1122//1122
f 1108//1108 1113//1113 1120//1120
f 1113//1113 1114//1114 1121//1121
f 1115//1115 1117//1117 1114//1114
f 1116//1116 1238//1238 1117//1117
f 1118//1118 1107//1107 1122//1122
f 1125//1125 1119//1119 1118//1118
f 1244//1244 1119//1119 1125//1125
f 1114//1114 1117//1117 1121//1121
f 1124//1124 1117//1117 1238//1238
f 1238//1238 1255//1255 1124//1124
f 980//980 1118//1118 1122//1122
f 1121//1121 1117//1117 1123//1123
f 1123//1123 1117//1117 1124//1124
f 1124//1124 1137//1137 1123//1123
f 1124//1124 1255//1255 1139//1139
f 1124//1124 1139//1139 1137//1137
f 1132//1132 1133//1133 1126//1126
f 1126//1126 1125//1125 1132//1132
f 1128//1128 1118//1118 980//980
f 1256//1256 1489//1489 1255//1255
f 1127//1127 1118//1118 1128//1128
f 1125//1125 1118//1118 1127//1127
f 1129//1129 1125//1125 1127//1127
f 990//990 1123//1123 1137//1137
f 1256//1256 1140//1140 1489//1489
f 984//984 1141//1141 1130//1130
f 1129//1129 984//984 1130//1130
f 1129//1129 1130//1130 1131//1131
f 1129//1129 1132//1132 1125//1125
f 1132//1132 1129//1129 1131//1131
f 1130//1130 1141//1141 1142//1142
f 1133//1133 1132//1132 1131//1131
f 1131//1131 1130//1130 1134//1134
f 1134//1134 1130//1130 1142//1142
f 1135//1135 1133//1133 1131//1131
f 1131//1131 1134//1134 1135//1135
f 1144//1144 1134//1134 1142//1142
f 1134//1134 1136//1136 1135//1135
f 1136//1136 1134//1134 1144//1144
f 1135//1135 1136//1136 1259//1259
f 1259//1259 1136//1136 1263//1263
f 1136//1136 1144//1144 1263//1263
f 1129//1129 1127//1127 982//982
f 988//988 977//977 990//990
f 1137//1137 1147//1147 990//990
f 990//990 1147//1147 1146//1146
f 1137//1137 1139//1139 1147//1147
f 1149//1149 1147//1147 1138//1138
f 1138//1138 1147//1147 1489//1489
f 1149//1149 1138//1138 1151//1151
f 1140//1140 1138//1138 1489//1489
f 1140//1140 1152//1152 1151//1151
f 1140//1140 1151//1151 1138//1138
f 1262//1262 1152//1152 1140//1140
f 1129//1129 991//991 984//984
f 1142//1142 1141//1141 1153//1153
f 1143//1143 1142//1142 1153//1153
f 1144//1144 1142//1142 1143//1143
f 1155//1155 1143//1143 1153//1153
f 1144//1144 1143//1143 1264//1264
f 1155//1155 1264//1264 1143//1143
f 1264//1264 1155//1155 1265//1265
f 1263//1263 1144//1144 1264//1264
f 1265//1265 1155//1155 1158//1158
f 1148//1148 1160//1160 989//989
f 1148//1148 1161//1161 1160//1160
f 1150//1150 1145//1145 1161//1161
f 1152//1152 1145//1145 1150//1150
f 1145//1145 1152//1152 1269//1269
f 1262//1262 1269//1269 1152//1152
f 1147//1147 1148//1148 1146//1146
f 1147//1147 1149//1149 1148//1148
f 1149//1149 1150//1150 1148//1148
f 1148//1148 1150//1150 1161//1161
f 1149//1149 1151//1151 1150//1150
f 1152//1152 1150//1150 1151//1151
f 1153//1153 994//994 1154//1154
f 1156//1156 1154//1154 1163//1163
f 1155//1155 1153//1153 1154//1154
f 1155//1155 1154//1154 1156//1156
f 1158//1158 1155//1155 1156//1156
f 1158//1158 1156//1156 1157//1157
f 1172//1172 1270//1270 1157//1157
f 1169//1169 1172//1172 1157//1157
f 1282//1282 1179//1179 1159//1159
f 1179//1179 1282//1282 1281//1281
f 1282//1282 1159//1159 1161//1161
f 1161//1161 1145//1145 1282//1282
f 1164//1164 1163//1163 1013//1013
f 1014//1014 1162//1162 1166//1166
f 1164//1164 1167//1167 1163//1163
f 1165//1165 1169//1169 1164//1164
f 1168//1168 1166//1166 1162//1162
f 1168//1168 1170//1170 1166//1166
f 1167//1167 1156//1156 1163//1163
f 1156//1156 1167//1167 1169//1169
f 1167//1167 1164//1164 1169//1169
f 1169//1169 1165//1165 1170//1170
f 1165//1165 1166//1166 1170//1170
f 1170//1170 1168//1168 1171//1171
f 1156//1156 1169//1169 1157//1157
f 1169//1169 1170//1170 1172//1172
f 1172//1172 1170//1170 1171//1171
f 1176//1176 1172//1172 1171//1171
f 1171//1171 1168//1168 1173//1173
f 1176//1176 1171//1171 1173//1173
f 1177//1177 1176//1176 1173//1173
f 1177//1177 1173//1173 1174//1174
f 1175//1175 1177//1177 1174//1174
f 1186//1186 1175//1175 1174//1174
f 1176//1176 1177//1177 1283//1283
f 1175//1175 1284//1284 1177//1177
f 1172//1172 1176//1176 1283//1283
f 1284//1284 1283//1283 1177//1177
f 1052//1052 1180//1180 1186//1186
f 1175//1175 1186//1186 1180//1180
f 1180//1180 1284//1284 1175//1175
f 1180//1180 1281//1281 1284//1284
f 1178//1178 1018//1018 1181//1181
f 1180//1180 1052//1052 1178//1178
f 1180//1180 1178//1178 1179//1179
f 1281//1281 1180//1180 1179//1179
f 1181//1181 1025//1025 1159//1159
f 1181//1181 1018//1018 1025//1025
f 1159//1159 1179//1179 1181//1181
f 1181//1181 1179//1179 1178//1178
f 1185//1185 1182//1182 1183//1183
f 1185//1185 1183//1183 1184//1184
f 1186//1186 1184//1184 1047//1047
f 1182//1182 1168//1168 1162//1162
f 1168//1168 1182//1182 1185//1185
f 1184//1184 1174//1174 1185//1185
f 1186//1186 1174//1174 1184//1184
f 1173//1173 1168//1168 1185//1185
f 1174//1174 1173//1173 1185//1185
f 1193//1193 1063//1063 1064//1064
f 1066//1066 1192//1192 1189//1189
f 1188//1188 1190//1190 1191//1191
f 1189//1189 1192//1192 1190//1190
f 1190//1190 1285//1285 1191//1191
f 1286//1286 1191//1191 1285//1285
f 1188//1188 1191//1191 1187//1187
f 1193//1193 1187//1187 1191//1191
f 1064//1064 1187//1187 1193//1193
f 1194//1194 1063//1063 1193//1193
f 1066//1066 1290//1290 1192//1192
f 1293//1293 1190//1190 1192//1192
f 1200//1200 1196//1196 1289//1289
f 1196//1196 1195//1195 1289//1289
f 1065//1065 1195//1195 1197//1197
f 1197//1197 1195//1195 1196//1196
f 1198//1198 1066//1066 956//956
f 1199//1199 1066//1066 1198//1198
f 1066//1066 1199//1199 1290//1290
f 1293//1293 1192//1192 1290//1290
f 1196//1196 1200//1200 1197//1197
f 1202//1202 1201//1201 1067//1067
f 1197//1197 1200//1200 1202//1202
f 1200//1200 1203//1203 1202//1202
f 1067//1067 1201//1201 1204//1204
f 1202//1202 1203//1203 1201//1201
f 1206//1206 1070//1070 1205//1205
f 1294//1294 1198//1198 1206//1206
f 1291//1291 1198//1198 1294//1294
f 1201//1201 1208//1208 1204//1204
f 1206//1206 1205//1205 1298//1298
f 1207//1207 1201//1201 1203//1203
f 1208//1208 1201//1201 1207//1207
f 1208//1208 1211//1211 1204//1204
f 1204//1204 1211//1211 1075//1075
f 1073//1073 1210//1210 1205//1205
f 1298//1298 1205//1205 1209//1209
f 1205//1205 1210//1210 1209//1209
f 1075//1075 1211//1211 1079//1079
f 1209//1209 1210//1210 1212//1212
f 1212//1212 1210//1210 1080//1080
f 1214//1214 1083//1083 1079//1079
f 1211//1211 1214//1214 1079//1079
f 1211//1211 1208//1208 1301//1301
f 1209//1209 1213//1213 1304//1304
f 1298//1298 1209//1209 1304//1304
f 1083//1083 971//971 1079//1079
f 1083//1083 1214//1214 1215//1215
f 1212//1212 1213//1213 1209//1209
f 1212//1212 1080//1080 1217//1217
f 1212//1212 1217//1217 1216//1216
f 1214//1214 1211//1211 1308//1308
f 1214//1214 1308//1308 1215//1215
f 1216//1216 1213//1213 1212//1212
f 1082//1082 1091//1091 1217//1217
f 1217//1217 1091//1091 1219//1219
f 1314//1314 1218//1218 1215//1215
f 1223//1223 1216//1216 1217//1217
f 1213//1213 1216//1216 1222//1222
f 1314//1314 1221//1221 1218//1218
f 1216//1216 1223//1223 1222//1222
f 1219//1219 1223//1223 1217//1217
f 1225//1225 1223//1223 1219//1219
f 1221//1221 1314//1314 1226//1226
f 1222//1222 1223//1223 1224//1224
f 1321//1321 1317//1317 1222//1222
f 1224//1224 1223//1223 1225//1225
f 1228//1228 1220//1220 1229//1229
f 1229//1229 1220//1220 1221//1221
f 1226//1226 1229//1229 1221//1221
f 1314//1314 1323//1323 1226//1226
f 1226//1226 1227//1227 1229//1229
f 1226//1226 1323//1323 1227//1227
f 1327//1327 1321//1321 1232//1232
f 1321//1321 1222//1222 1232//1232
f 1227//1227 1233//1233 1229//1229
f 1227//1227 1323//1323 1233//1233
f 1224//1224 1225//1225 1230//1230
f 1222//1222 1224//1224 1230//1230
f 1235//1235 1228//1228 1229//1229
f 1235//1235 1231//1231 1228//1228
f 1233//1233 1235//1235 1229//1229
f 1323//1323 1326//1326 1233//1233
f 1222//1222 1230//1230 1232//1232
f 1230//1230 1234//1234 1232//1232
f 1112//1112 1231//1231 1235//1235
f 1234//1234 1236//1236 1232//1232
f 1236//1236 1327//1327 1232//1232
f 1107//1107 1234//1234 1230//1230
f 1234//1234 1107//1107 1237//1237
f 1238//1238 1112//1112 1235//1235
f 1238//1238 1235//1235 1239//1239
f 1233//1233 1239//1239 1235//1235
f 1334//1334 1236//1236 1244//1244
f 1236//1236 1234//1234 1119//1119
f 1241//1241 1242//1242 1240//1240
f 1233//1233 1240//1240 1239//1239
f 1326//1326 1240//1240 1233//1233
f 1326//1326 1241//1241 1240//1240
f 1234//1234 1237//1237 1119//1119
f 1236//1236 1119//1119 1244//1244
f 1240//1240 1242//1242 1239//1239
f 1241//1241 1336//1336 1242//1242
f 1336//1336 1246//1246 1242//1242
f 1337//1337 1246//1246 1336//1336
f 1251//1251 1245//1245 1342//1342
f 1239//1239 1255//1255 1238//1238
f 1249//1249 1239//1239 1242//1242
f 1246//1246 1249//1249 1242//1242
f 1246//1246 1251//1251 1249//1249
f 1245//1245 1251//1251 1246//1246
f 1339//1339 1338//1338 1253//1253
f 1244//1244 1125//1125 1126//1126
f 1244//1244 1126//1126 1252//1252
f 1252//1252 1126//1126 1133//1133
f 1243//1243 1244//1244 1252//1252
f 1258//1258 1342//1342 1350//1350
f 1255//1255 1247//1247 1248//1248
f 1239//1239 1247//1247 1255//1255
f 1239//1239 1249//1249 1247//1247
f 1247//1247 1249//1249 1248//1248
f 1249//1249 1250//1250 1248//1248
f 1251//1251 1250//1250 1249//1249
f 1251//1251 1258//1258 1250//1250
f 1135//1135 1252//1252 1133//1133
f 1243//1243 1252//1252 1338//1338
f 1338//1338 1252//1252 1253//1253
f 1253//1253 1252//1252 1135//1135
f 1339//1339 1253//1253 1344//1344
f 1258//1258 1350//1350 1254//1254
f 1350//1350 1262//1262 1254//1254
f 1255//1255 1248//1248 1256//1256
f 1257//1257 1256//1256 1248//1248
f 1257//1257 1140//1140 1256//1256
f 1258//1258 1257//1257 1250//1250
f 1250//1250 1257//1257 1248//1248
f 1254//1254 1140//1140 1257//1257
f 1258//1258 1254//1254 1257//1257
f 1344//1344 1135//1135 1259//1259
f 1135//1135 1344//1344 1253//1253
f 1260//1260 1261//1261 1345//1345
f 1254//1254 1262//1262 1140//1140
f 1263//1263 1260//1260 1259//1259
f 1344//1344 1259//1259 1260//1260
f 1345//1345 1344//1344 1260//1260
f 1266//1266 1261//1261 1260//1260
f 1261//1261 1266//1266 1267//1267
f 1354//1354 1268//1268 1269//1269
f 1354//1354 1269//1269 1262//1262
f 1262//1262 1349//1349 1354//1354
f 1263//1263 1264//1264 1266//1266
f 1266//1266 1264//1264 1265//1265
f 1266//1266 1265//1265 1271//1271
f 1266//1266 1260//1260 1263//1263
f 1271//1271 1273//1273 1266//1266
f 1266//1266 1273//1273 1267//1267
f 1279//1279 1267//1267 1273//1273
f 1358//1358 1267//1267 1279//1279
f 1145//1145 1269//1269 1268//1268
f 1145//1145 1268//1268 1282//1282
f 1265//1265 1158//1158 1271//1271
f 1271//1271 1158//1158 1272//1272
f 1158//1158 1157//1157 1272//1272
f 1270//1270 1172//1172 1275//1275
f 1271//1271 1272//1272 1273//1273
f 1157//1157 1270//1270 1272//1272
f 1272//1272 1270//1270 1274//1274
f 1272//1272 1274//1274 1273//1273
f 1270//1270 1275//1275 1274//1274
f 1274//1274 1275//1275 1276//1276
f 1273//1273 1276//1276 1279//1279
f 1273//1273 1274//1274 1276//1276
f 1277//1277 1276//1276 1275//1275
f 1276//1276 1277//1277 1280//1280
f 1277//1277 1278//1278 1280//1280
f 1279//1279 1276//1276 1280//1280
f 1359//1359 1358//1358 1279//1279
f 1279//1279 1280//1280 1359//1359
f 1364//1364 1280//1280 1278//1278
f 1359//1359 1280//1280 1364//1364
f 1281//1281 1278//1278 1284//1284
f 1281//1281 1365//1365 1278//1278
f 1366//1366 1365//1365 1281//1281
f 1366//1366 1281//1281 1353//1353
f 1353//1353 1281//1281 1268//1268
f 1268//1268 1281//1281 1282//1282
f 1275//1275 1172//1172 1283//1283
f 1277//1277 1275//1275 1283//1283
f 1283//1283 1284//1284 1278//1278
f 1283//1283 1278//1278 1277//1277
f 1285//1285 1190//1190 1293//1293
f 1191//1191 1286//1286 1193//1193
f 1286//1286 1288//1288 1193//1193
f 1288//1288 1194//1194 1193//1193
f 1195//1195 1194//1194 1287//1287
f 1194//1194 1288//1288 1287//1287
f 1289//1289 1195//1195 1287//1287
f 1368//1368 1369//1369 1286//1286
f 1369//1369 1287//1287 1288//1288
f 1369//1369 1288//1288 1286//1286
f 1289//1289 1287//1287 1370//1370
f 1369//1369 1370//1370 1287//1287
f 1293//1293 1367//1367 1285//1285
f 1285//1285 1368//1368 1286//1286
f 1368//1368 1285//1285 1367//1367
f 1291//1291 1199//1199 1198//1198
f 1292//1292 1199//1199 1291//1291
f 1199//1199 1292//1292 1290//1290
f 1292//1292 1293//1293 1290//1290
f 1293//1293 1292//1292 1297//1297
f 1293//1293 1371//1371 1367//1367
f 1293//1293 1297//1297 1371//1371
f 1289//1289 1378//1378 1200//1200
f 1289//1289 1370//1370 1378//1378
f 1200//1200 1378//1378 1203//1203
f 1291//1291 1295//1295 1292//1292
f 1295//1295 1291//1291 1294//1294
f 1296//1296 1297//1297 1292//1292
f 1295//1295 1296//1296 1292//1292
f 1297//1297 1296//1296 1371//1371
f 1207//1207 1203//1203 1379//1379
f 1203//1203 1378//1378 1379//1379
f 1303//1303 1295//1295 1294//1294
f 1299//1299 1386//1386 1296//1296
f 1294//1294 1206//1206 1303//1303
f 1299//1299 1296//1296 1295//1295
f 1303//1303 1300//1300 1295//1295
f 1300//1300 1299//1299 1295//1295
f 1300//1300 1386//1386 1299//1299
f 1207//1207 1379//1379 1301//1301
f 1208//1208 1207//1207 1301//1301
f 1298//1298 1304//1304 1306//1306
f 1303//1303 1206//1206 1302//1302
f 1302//1302 1206//1206 1298//1298
f 1302//1302 1298//1298 1306//1306
f 1394//1394 1300//1300 1303//1303
f 1301//1301 1305//1305 1211//1211
f 1310//1310 1305//1305 1392//1392
f 1392//1392 1305//1305 1301//1301
f 1302//1302 1306//1306 1307//1307
f 1302//1302 1307//1307 1303//1303
f 1303//1303 1307//1307 1394//1394
f 1306//1306 1304//1304 1311//1311
f 1306//1306 1312//1312 1307//1307
f 1312//1312 1306//1306 1311//1311
f 1310//1310 1313//1313 1309//1309
f 1313//1313 1310//1310 1400//1400
f 1308//1308 1314//1314 1215//1215
f 1309//1309 1211//1211 1305//1305
f 1211//1211 1309//1309 1308//1308
f 1305//1305 1310//1310 1309//1309
f 1311//1311 1304//1304 1319//1319
f 1309//1309 1313//1313 1308//1308
f 1315//1315 1308//1308 1313//1313
f 1308//1308 1315//1315 1314//1314
f 1304//1304 1213//1213 1316//1316
f 1319//1319 1304//1304 1316//1316
f 1312//1312 1311//1311 1319//1319
f 1312//1312 1319//1319 1412//1412
f 1314//1314 1315//1315 1318//1318
f 1313//1313 1403//1403 1315//1315
f 1222//1222 1317//1317 1213//1213
f 1317//1317 1316//1316 1213//1213
f 1318//1318 1323//1323 1314//1314
f 1315//1315 1408//1408 1318//1318
f 1321//1321 1316//1316 1317//1317
f 1417//1417 1412//1412 1319//1319
f 1320//1320 1324//1324 1323//1323
f 1318//1318 1320//1320 1323//1323
f 1318//1318 1408//1408 1320//1320
f 1408//1408 1413//1413 1320//1320
f 1325//1325 1319//1319 1321//1321
f 1417//1417 1319//1319 1325//1325
f 1319//1319 1316//1316 1321//1321
f 1322//1322 1326//1326 1324//1324
f 1322//1322 1413//1413 1330//1330
f 1320//1320 1322//1322 1324//1324
f 1413//1413 1322//1322 1320//1320
f 1325//1325 1321//1321 1327//1327
f 1324//1324 1326//1326 1323//1323
f 1330//1330 1326//1326 1322//1322
f 1417//1417 1325//1325 1421//1421
f 1328//1328 1325//1325 1327//1327
f 1325//1325 1329//1329 1421//1421
f 1330//1330 1336//1336 1326//1326
f 1326//1326 1336//1336 1241//1241
f 1325//1325 1328//1328 1329//1329
f 1329//1329 1333//1333 1434//1434
f 1328//1328 1327//1327 1236//1236
f 1332//1332 1330//1330 1427//1427
f 1445//1445 1332//1332 1427//1427
f 1328//1328 1236//1236 1334//1334
f 1329//1329 1328//1328 1334//1334
f 1434//1434 1333//1333 1435//1435
f 1331//1331 1452//1452 1335//1335
f 1452//1452 1332//1332 1445//1445
f 1336//1336 1330//1330 1331//1331
f 1331//1331 1330//1330 1332//1332
f 1452//1452 1331//1331 1332//1332
f 1334//1334 1338//1338 1333//1333
f 1333//1333 1338//1338 1339//1339
f 1435//1435 1333//1333 1339//1339
f 1244//1244 1243//1243 1334//1334
f 1329//1329 1334//1334 1333//1333
f 1337//1337 1331//1331 1335//1335
f 1335//1335 1245//1245 1337//1337
f 1343//1343 1335//1335 1452//1452
f 1246//1246 1337//1337 1245//1245
f 1337//1337 1336//1336 1331//1331
f 1243//1243 1338//1338 1334//1334
f 1340//1340 1339//1339 1345//1345
f 1340//1340 1435//1435 1339//1339
f 1341//1341 1343//1343 1462//1462
f 1342//1342 1245//1245 1335//1335
f 1343//1343 1342//1342 1335//1335
f 1350//1350 1341//1341 1349//1349
f 1343//1343 1350//1350 1342//1342
f 1350//1350 1343//1343 1341//1341
f 1251//1251 1342//1342 1258//1258
f 1345//1345 1339//1339 1344//1344
f 1340//1340 1346//1346 1347//1347
f 1345//1345 1346//1346 1340//1340
f 1340//1340 1347//1347 1465//1465
f 1347//1347 1352//1352 1465//1465
f 1353//1353 1349//1349 1470//1470
f 1353//1353 1470//1470 1348//1348
f 1261//1261 1346//1346 1345//1345
f 1261//1261 1351//1351 1346//1346
f 1351//1351 1347//1347 1346//1346
f 1347//1347 1351//1351 1352//1352
f 1352//1352 1351//1351 1362//1362
f 1352//1352 1362//1362 1356//1356
f 1366//1366 1353//1353 1348//1348
f 1366//1366 1348//1348 1357//1357
f 1349//1349 1353//1353 1354//1354
f 1349//1349 1262//1262 1350//1350
f 1261//1261 1267//1267 1355//1355
f 1261//1261 1355//1355 1351//1351
f 1351//1351 1358//1358 1362//1362
f 1361//1361 1356//1356 1363//1363
f 1357//1357 1361//1361 1366//1366
f 1361//1361 1357//1357 1356//1356
f 1353//1353 1268//1268 1354//1354
f 1358//1358 1355//1355 1267//1267
f 1355//1355 1358//1358 1351//1351
f 1358//1358 1359//1359 1362//1362
f 1360//1360 1365//1365 1361//1361
f 1361//1361 1365//1365 1366//1366
f 1360//1360 1359//1359 1364//1364
f 1362//1362 1359//1359 1363//1363
f 1363//1363 1360//1360 1361//1361
f 1359//1359 1360//1360 1363//1363
f 1356//1356 1362//1362 1363//1363
f 1360//1360 1364//1364 1365//1365
f 1278//1278 1365//1365 1364//1364
f 1372//1372 1369//1369 1368//1368
f 1371//1371 1375//1375 1367//1367
f 1367//1367 1375//1375 1368//1368
f 1372//1372 1373//1373 1369//1369
f 1371//1371 1296//1296 1389//1389
f 1375//1375 1371//1371 1389//1389
f 1376//1376 1368//1368 1375//1375
f 1368//1368 1376//1376 1372//1372
f 1372//1372 1376//1376 1381//1381
f 1381//1381 1373//1373 1372//1372
f 1369//1369 1373//1373 1374//1374
f 1381//1381 1377//1377 1373//1373
f 1370//1370 1369//1369 1374//1374
f 1370//1370 1374//1374 1378//1378
f 1296//1296 1386//1386 1389//1389
f 1375//1375 1390//1390 1376//1376
f 1380//1380 1376//1376 1390//1390
f 1376//1376 1380//1380 1381//1381
f 1381//1381 1383//1383 1377//1377
f 1373//1373 1377//1377 1374//1374
f 1377//1377 1384//1384 1374//1374
f 1377//1377 1391//1391 1384//1384
f 1392//1392 1379//1379 1378//1378
f 1374//1374 1384//1384 1378//1378
f 1389//1389 1390//1390 1375//1375
f 1380//1380 1390//1390 1382//1382
f 1380//1380 1382//1382 1381//1381
f 1381//1381 1382//1382 1383//1383
f 1382//1382 1475//1475 1383//1383
f 1383//1383 1475//1475 1391//1391
f 1377//1377 1383//1383 1391//1391
f 1391//1391 1398//1398 1384//1384
f 1301//1301 1379//1379 1392//1392
f 1378//1378 1384//1384 1393//1393
f 1385//1385 1386//1386 1300//1300
f 1385//1385 1300//1300 1394//1394
f 1385//1385 1395//1395 1386//1386
f 1472//1472 1390//1390 1387//1387
f 1390//1390 1389//1389 1387//1387
f 1386//1386 1388//1388 1389//1389
f 1477//1477 1387//1387 1388//1388
f 1387//1387 1389//1389 1388//1388
f 1387//1387 1477//1477 1472//1472
f 1391//1391 1475//1475 1474//1474
f 1398//1398 1391//1391 1474//1474
f 1393//1393 1398//1398 1397//1397
f 1393//1393 1384//1384 1398//1398
f 1400//1400 1310//1310 1392//1392
f 1393//1393 1392//1392 1378//1378
f 1400//1400 1392//1392 1393//1393
f 1400//1400 1393//1393 1397//1397
f 1394//1394 1395//1395 1385//1385
f 1405//1405 1395//1395 1394//1394
f 1388//1388 1386//1386 1396//1396
f 1386//1386 1395//1395 1396//1396
f 1396//1396 1395//1395 1405//1405
f 1388//1388 1476//1476 1477//1477
f 1476//1476 1388//1388 1396//1396
f 1396//1396 1401//1401 1476//1476
f 1398//1398 1402//1402 1397//1397
f 1394//1394 1307//1307 1312//1312
f 1396//1396 1405//1405 1401//1401
f 1474//1474 1482//1482 1402//1402
f 1399//1399 1397//1397 1402//1402
f 1402//1402 1411//1411 1399//1399
f 1402//1402 1398//1398 1474//1474
f 1399//1399 1400//1400 1397//1397
f 1404//1404 1312//1312 1412//1412
f 1312//1312 1404//1404 1394//1394
f 1404//1404 1405//1405 1394//1394
f 1401//1401 1405//1405 1406//1406
f 1483//1483 1401//1401 1406//1406
f 1409//1409 1403//1403 1399//1399
f 1408//1408 1403//1403 1409//1409
f 1409//1409 1399//1399 1411//1411
f 1400//1400 1403//1403 1313//1313
f 1408//1408 1315//1315 1403//1403
f 1403//1403 1400//1400 1399//1399
f 1404//1404 1412//1412 1414//1414
f 1414//1414 1405//1405 1404//1404
f 1415//1415 1406//1406 1405//1405
f 1406//1406 1415//1415 1483//1483
f 1402//1402 1407//1407 1411//1411
f 1402//1402 1482//1482 1407//1407
f 1410//1410 1408//1408 1409//1409
f 1411//1411 1410//1410 1409//1409
f 1410//1410 1411//1411 1407//1407
f 1407//1407 1486//1486 1444//1444
f 1486//1486 1482//1482 1484//1484
f 1486//1486 1433//1433 1444//1444
f 1486//1486 1407//1407 1482//1482
f 1416//1416 1410//1410 1407//1407
f 1410//1410 1416//1416 1413//1413
f 1444//1444 1416//1416 1407//1407
f 1413//1413 1408//1408 1410//1410
f 1419//1419 1415//1415 1414//1414
f 1412//1412 1417//1417 1418//1418
f 1418//1418 1414//1414 1412//1412
f 1415//1415 1405//1405 1414//1414
f 1416//1416 1330//1330 1413//1413
f 1419//1419 1414//1414 1418//1418
f 1419//1419 1418//1418 1423//1423
f 1424//1424 1419//1419 1423//1423
f 1419//1419 1424//1424 1420//1420
f 1419//1419 1420//1420 1415//1415
f 1415//1415 1420//1420 1483//1483
f 1427//1427 1416//1416 1444//1444
f 1418//1418 1417//1417 1421//1421
f 1422//1422 1418//1418 1421//1421
f 1423//1423 1418//1418 1422//1422
f 1330//1330 1416//1416 1427//1427
f 1421//1421 1329//1329 1428//1428
f 1422//1422 1421//1421 1428//1428
f 1422//1422 1425//1425 1423//1423
f 1425//1425 1424//1424 1423//1423
f 1420//1420 1426//1426 1483//1483
f 1483//1483 1426//1426 1487//1487
f 1329//1329 1434//1434 1428//1428
f 1422//1422 1428//1428 1429//1429
f 1429//1429 1428//1428 1434//1434
f 1429//1429 1425//1425 1422//1422
f 1429//1429 1430//1430 1425//1425
f 1425//1425 1430//1430 1431//1431
f 1431//1431 1424//1424 1425//1425
f 1430//1430 1437//1437 1431//1431
f 1420//1420 1424//1424 1431//1431
f 1420//1420 1431//1431 1426//1426
f 1426//1426 1431//1431 1438//1438
f 1487//1487 1426//1426 1439//1439
f 1487//1487 1439//1439 1432//1432
f 1432//1432 1441//1441 1433//1433
f 1441//1441 1442//1442 1433//1433
f 1445//1445 1427//1427 1444//1444
f 1429//1429 1434//1434 1435//1435
f 1429//1429 1435//1435 1436//1436
f 1430//1430 1429//1429 1436//1436
f 1437//1437 1430//1430 1436//1436
f 1431//1431 1437//1437 1438//1438
f 1426//1426 1438//1438 1439//1439
f 1439//1439 1447//1447 1440//1440
f 1441//1441 1432//1432 1440//1440
f 1432//1432 1439//1439 1440//1440
f 1441//1441 1440//1440 1448//1448
f 1441//1441 1448//1448 1442//1442
f 1442//1442 1450//1450 1451//1451
f 1442//1442 1451//1451 1433//1433
f 1454//1454 1444//1444 1451//1451
f 1444//1444 1454//1454 1443//1443
f 1433//1433 1451//1451 1444//1444
f 1443//1443 1445//1445 1444//1444
f 1452//1452 1445//1445 1443//1443
f 1340//1340 1436//1436 1435//1435
f 1437//1437 1436//1436 1340//1340
f 1446//1446 1437//1437 1455//1455
f 1437//1437 1446//1446 1438//1438
f 1438//1438 1446//1446 1447//1447
f 1439//1439 1438//1438 1447//1447
f 1457//1457 1448//1448 1440//1440
f 1447//1447 1457//1457 1440//1440
f 1442//1442 1448//1448 1450//1450
f 1451//1451 1450//1450 1449//1449
f 1454//1454 1453//1453 1443//1443
f 1443//1443 1453//1453 1452//1452
f 1454//1454 1449//1449 1453//1453
f 1462//1462 1453//1453 1449//1449
f 1449//1449 1454//1454 1451//1451
f 1456//1456 1468//1468 1458//1458
f 1455//1455 1467//1467 1446//1446
f 1446//1446 1456//1456 1447//1447
f 1447//1447 1456//1456 1457//1457
f 1456//1456 1446//1446 1467//1467
f 1457//1457 1456//1456 1458//1458
f 1458//1458 1459//1459 1457//1457
f 1459//1459 1463//1463 1461//1461
f 1457//1457 1459//1459 1448//1448
f 1459//1459 1458//1458 1463//1463
f 1459//1459 1461//1461 1450//1450
f 1448//1448 1459//1459 1450//1450
f 1341//1341 1462//1462 1460//1460
f 1449//1449 1460//1460 1462//1462
f 1461//1461 1449//1449 1450//1450
f 1461//1461 1460//1460 1449//1449
f 1343//1343 1452//1452 1462//1462
f 1453//1453 1462//1462 1452//1452
f 1437//1437 1340//1340 1455//1455
f 1340//1340 1465//1465 1455//1455
f 1455//1455 1465//1465 1467//1467
f 1456//1456 1467//1467 1468//1468
f 1458//1458 1468//1468 1463//1463
f 1463//1463 1469//1469 1464//1464
f 1468//1468 1469//1469 1463//1463
f 1460//1460 1470//1470 1341//1341
f 1470//1470 1460//1460 1464//1464
f 1461//1461 1464//1464 1460//1460
f 1463//1463 1464//1464 1461//1461
f 1470//1470 1349//1349 1341//1341
f 1468//1468 1466//1466 1471//1471
f 1467//1467 1466//1466 1468//1468
f 1471//1471 1357//1357 1469//1469
f 1471//1471 1469//1469 1468//1468
f 1357//1357 1348//1348 1469//1469
f 1469//1469 1348//1348 1464//1464
f 1470//1470 1464//1464 1348//1348
f 1352//1352 1467//1467 1465//1465
f 1467//1467 1352//1352 1466//1466
f 1466//1466 1352//1352 1356//1356
f 1466//1466 1356//1356 1471//1471
f 1356//1356 1357//1357 1471//1471
f 1390//1390 1472//1472 1382//1382
f 1472//1472 1477//1477 1473//1473
f 1476//1476 1478//1478 1477//1477
f 1473//1473 1477//1477 1480//1480
f 1481//1481 1473//1473 1480//1480
f 1472//1472 1475//1475 1382//1382
f 1472//1472 1473//1473 1475//1475
f 1475//1475 1473//1473 1481//1481
f 1481//1481 1474//1474 1475//1475
f 1401//1401 1483//1483 1478//1478
f 1478//1478 1483//1483 1479//1479
f 1476//1476 1401//1401 1478//1478
f 1477//1477 1478//1478 1479//1479
f 1480//1480 1477//1477 1479//1479
f 1479//1479 1485//1485 1480//1480
f 1474//1474 1481//1481 1482//1482
f 1483//1483 1485//1485 1479//1479
f 1480//1480 1485//1485 1484//1484
f 1482//1482 1481//1481 1484//1484
f 1480//1480 1484//1484 1481//1481
f 1487//1487 1485//1485 1483//1483
f 1484//1484 1485//1485 1433//1433
f 1484//1484 1433//1433 1486//1486
f 1433//1433 1485//1485 1487//1487
f 1432//1432 1433//1433 1487//1487
