# Wavafront OBJ file of BodyParts3D
# BodyParts3D, Copyright(C) 2010-2011 The Database Center for Life Science licensed under CC Attribution-Share Alike 2.1 Japan.
vn 0.802795 -0.467563 0.370008
v -19.8538 -48.8165 1203.34
vn 0.666586 -0.591255 0.453961
v -20.0675 -50.1597 1201.98
vn 0.319302 -0.730472 0.603702
v -20.3188 -50.3329 1202.01
vn 0.89949 -0.395204 0.186363
v -19.8243 -50.8377 1200.19
vn 0.955935 -0.274127 0.105086
v -19.6811 -50.6983 1199.58
vn 0.932411 -0.314737 0.177625
v -19.7183 -50.2641 1200.82
vn 0.844879 -0.450575 0.288377
v -19.8753 -50.4473 1201.15
vn 0.571992 -0.672363 0.469844
v -20.1709 -50.735 1201.35
vn -0.0121394 -0.793591 0.608331
v -20.7312 -51.5222 1200.64
vn 0.973349 -0.22923 -0.00677535
v -19.1393 -49.3242 1194.82
vn 0.925916 -0.374604 0.0484917
v -19.8448 -51.7338 1198.16
vn 0.884159 -0.438485 0.161227
v -19.9808 -51.931 1198.49
vn 0.753075 -0.619611 0.221269
v -20.2211 -52.2557 1198.7
vn 0.797074 -0.535934 0.278294
v -20.1811 -51.729 1199.77
vn 0.566928 -0.723272 0.394298
v -20.3836 -51.9348 1199.81
vn 0.447665 -0.825393 0.343981
v -20.4781 -52.3721 1199.02
vn 0.299178 -0.800165 0.519835
v -20.5859 -51.9437 1199.97
vn 0.273318 -0.857226 0.436417
v -20.6045 -52.1815 1199.57
vn 0.0295848 -0.855375 0.517163
v -20.7885 -52.0955 1199.78
vn 0.0156002 -0.898973 0.437726
v -20.9176 -52.3564 1199.31
vn -0.293764 -0.797872 0.526406
v -21.0207 -52.0823 1199.74
vn -0.499045 -0.649286 0.573918
v -21.1074 -51.3494 1200.66
vn -0.564712 -0.65435 0.502918
v -21.2704 -51.6698 1200.12
vn 0.919993 -0.311927 -0.237307
v -19.337 -49.4043 1193.67
vn 0.899404 -0.40154 -0.172737
v -19.542 -50.7609 1195.08
vn 0.943935 -0.301451 -0.134585
v -19.3217 -49.9377 1194.64
vn 0.817495 -0.490551 -0.301765
v -19.9126 -51.0137 1194.25
vn 0.885135 -0.389122 -0.255185
v -19.5416 -50.2381 1194.11
vn 0.949008 -0.274431 -0.155153
v -19.2118 -49.3818 1194.25
vn 0.886856 -0.459523 -0.0482115
v -19.7959 -51.5997 1196.25
vn 0.819672 -0.554672 -0.1431
v -19.9273 -51.7621 1195.84
vn 0.791703 -0.605124 -0.0838557
v -20.0396 -51.9751 1196.17
vn 0.965101 -0.26109 0.0202722
v -19.4827 -50.7854 1196.1
vn 0.928704 -0.367574 -0.0489765
v -19.5967 -51.1035 1195.86
vn 0.878717 -0.456775 -0.138612
v -19.7501 -51.3953 1195.63
vn 0.66724 -0.725083 -0.170427
v -20.221 -52.1041 1195.76
vn 0.953113 -0.296358 -0.0612201
v -19.4343 -50.5827 1195.48
vn 0.789627 -0.556777 -0.257854
v -20.0032 -51.5294 1194.93
vn 0.832628 -0.548466 0.0769079
v -20.0412 -52.1409 1198.09
vn 0.856914 -0.514887 -0.0242678
v -20.0016 -52.0763 1197.64
vn 0.750845 -0.660415 -0.00917026
v -20.234 -52.4063 1197.85
vn 0.681804 -0.724932 -0.0980633
v -20.3276 -52.4499 1197.28
vn 0.567755 -0.817614 -0.0957156
v -20.6258 -52.7359 1197.48
vn 0.502908 -0.841006 -0.199481
v -20.6974 -52.6501 1196.74
vn 0.361739 -0.924502 -0.12017
v -20.9632 -52.9046 1197.23
vn 0.606956 -0.774797 0.176898
v -20.4113 -52.5228 1198.46
vn 0.299046 -0.927772 0.223185
v -20.6857 -52.7338 1198.21
vn 0.573825 -0.818779 0.0180394
v -20.575 -52.7167 1197.77
vn 0.225147 -0.912872 0.340548
v -20.7699 -52.577 1198.77
vn 0.377597 -0.925957 0.00501879
v -20.8504 -52.8702 1197.55
vn 0.299737 -0.947313 0.112939
v -20.873 -52.87 1197.79
vn -0.0484588 -0.935493 0.350007
v -21.0371 -52.6248 1198.67
vn -0.0256065 -0.963869 0.265142
v -21.1423 -52.8903 1197.91
vn 0.0387375 -0.991525 0.124005
v -21.15 -52.9423 1197.62
vn 0.0993304 -0.994985 0.0117561
v -21.1371 -52.9591 1197.37
vn -0.282343 -0.865054 0.414686
v -21.209 -52.4749 1198.96
vn -0.322875 -0.885446 0.334269
v -21.308 -52.7188 1198.28
vn -0.368743 -0.895258 0.250082
v -21.3627 -52.8665 1197.82
vn -0.313893 -0.948464 0.0434467
v -21.369 -52.9547 1197.26
vn -0.281959 -0.950526 0.130378
v -21.3772 -52.93 1197.52
vn -0.521807 -0.733509 0.435525
v -21.3917 -52.3798 1198.97
vn -0.540862 -0.772246 0.333322
v -21.4617 -52.5472 1198.53
vn -0.594143 -0.758521 0.267656
v -21.5034 -52.6685 1198.11
vn -0.619039 -0.767811 0.165098
v -21.5481 -52.8219 1197.5
vn -0.679878 -0.603804 0.416156
v -21.5069 -52.162 1199.14
vn -0.720534 -0.604588 0.339565
v -21.5842 -52.338 1198.71
vn -0.719918 -0.637038 0.275502
v -21.6198 -52.4292 1198.45
vn -0.756751 -0.619242 0.209444
v -21.6626 -52.5574 1197.99
vn -0.79151 -0.597433 0.128782
v -21.688 -52.6713 1197.45
vn 0.692156 -0.599479 -0.401926
v -20.2876 -51.2104 1193.71
vn 0.447253 -0.734412 -0.510494
v -20.6733 -51.491 1193.62
vn 0.631333 -0.71494 -0.300466
v -20.4836 -52.0878 1194.89
vn 0.391923 -0.896732 -0.205593
v -20.6091 -52.2921 1195.22
vn 0.0847015 -0.981534 -0.171512
v -20.8426 -52.4089 1195.55
vn 0.618911 -0.684586 -0.385085
v -20.4134 -51.8467 1194.55
vn -0.0929162 -0.967192 -0.236447
v -21.0609 -52.3815 1195.46
vn 0.333828 -0.86936 -0.364379
v -20.8696 -52.2114 1194.64
vn -0.0298043 -0.979241 -0.200496
v -20.9845 -52.3292 1195.02
vn 0.414547 -0.775983 -0.475395
v -20.7603 -51.865 1194.13
vn 0.092766 -0.879798 -0.466208
v -21.0278 -52.1207 1194.36
vn -0.132555 -0.94161 -0.309515
v -21.0972 -52.1999 1194.54
vn 0.291174 -0.933229 -0.210479
v -21.0696 -52.8866 1196.93
vn 0.307179 -0.92428 -0.226599
v -20.7482 -52.4342 1195.83
vn -0.0291263 -0.968715 -0.246459
v -21.2965 -52.909 1196.81
vn -0.0851131 -0.990411 -0.108819
v -21.3438 -52.9506 1197.02
vn 0.211213 -0.930853 -0.298165
v -21.172 -52.775 1196.44
vn 0.0530647 -0.949619 -0.308883
v -21.0352 -52.4395 1195.69
vn -0.490125 -0.864309 -0.112905
v -21.5342 -52.8758 1196.97
vn -0.245138 -0.929566 -0.275345
v -21.4513 -52.8125 1196.54
vn 0.00848275 -0.927206 -0.374455
v -21.3372 -52.6961 1196.16
vn -0.788255 -0.61431 0.0357487
v -21.6918 -52.7176 1197.17
vn -0.671403 -0.728328 -0.136956
v -21.6643 -52.7372 1196.74
vn -0.058097 -0.925931 -0.373197
v -21.3337 -52.4079 1195.57
vn -0.225353 -0.87898 -0.42025
v -21.4725 -52.5663 1195.92
vn -0.379089 -0.864072 -0.331166
v -21.5341 -52.6323 1196.1
vn -0.592173 -0.803985 0.0542196
v -21.5501 -52.8619 1197.24
vn 0.965126 -0.177571 0.192358
v -18.6125 -44.4222 1203.14
vn 0.947757 -0.19239 0.254447
v -18.9916 -45.6245 1203.79
vn 0.911735 -0.148892 0.382846
v -19.1373 -45.421 1204.34
vn 0.942001 -0.149854 0.300297
v -18.7833 -44.4996 1203.77
vn 0.815671 -0.130253 0.563662
v -19.512 -45.7876 1204.97
vn 0.837919 -0.072309 0.540983
v -19.2696 -45.0936 1204.72
vn 0.687239 -0.133472 0.714065
v -19.8198 -45.8347 1205.3
vn 0.551667 -0.187389 0.812741
v -20.0091 -45.8469 1205.45
vn 0.991308 -0.131433 0.00582507
v -18.332 -44.3518 1200.79
vn 0.975192 -0.206078 0.0808281
v -18.5365 -45.4358 1200.83
vn 0.975369 -0.189242 0.11333
v -18.5003 -44.6928 1202
vn 0.942021 -0.25406 0.219202
v -19.1276 -46.6633 1203.39
vn 0.964138 -0.241228 0.11067
v -19.0125 -46.7023 1202.67
vn 0.966793 -0.205302 0.152192
v -18.8481 -45.8207 1202.89
vn 0.760385 -0.421232 0.494347
v -19.7496 -47.8474 1204.19
vn 0.877164 -0.313385 0.363831
v -19.5672 -47.2339 1204.37
vn 0.542376 -0.492299 0.680786
v -19.8549 -47.5269 1204.58
vn 0.891616 -0.223399 0.393845
v -19.4427 -46.5817 1204.55
vn 0.752319 -0.350978 0.557522
v -19.6702 -47.1741 1204.61
vn 0.555951 -0.418254 0.718319
v -19.8303 -47.1491 1204.8
vn 0.730083 -0.235102 0.641643
v -19.6821 -46.5127 1204.98
vn 0.235025 -0.536105 0.810774
v -20.0838 -47.401 1204.79
vn 0.548706 -0.326201 0.76975
v -19.8592 -46.5384 1205.13
vn 0.356981 -0.441111 0.823399
v -20.0667 -46.9736 1205.04
vn 0.00544307 -0.506546 0.862196
v -20.264 -46.8884 1205.14
vn -0.287018 -0.534177 0.795157
v -20.4402 -47.1829 1204.92
vn 0.123345 -0.415493 0.901194
v -20.2597 -46.4858 1205.35
vn -0.330116 -0.468838 0.819276
v -20.4467 -46.7933 1205.15
vn 0.978924 -0.199618 0.0431427
v -18.7267 -46.5445 1199.86
vn 0.910961 -0.333748 0.24241
v -19.5706 -48.1263 1203.36
vn 0.510498 -0.633067 0.581909
v -20.002 -48.8615 1203.5
vn 0.877218 -0.356008 0.322098
v -19.6663 -47.9562 1203.92
vn 0.496732 -0.562332 0.66109
v -19.9364 -48.0638 1204.23
vn 0.728093 -0.48742 0.481978
v -19.8083 -48.2024 1203.96
vn 0.0727109 -0.715188 0.695139
v -20.2915 -48.9924 1203.51
vn 0.162648 -0.662784 0.730933
v -20.175 -48.3718 1204.07
vn -0.240341 -0.650095 0.720842
v -20.4151 -48.7847 1203.7
vn -0.32252 -0.650411 0.687711
v -20.5575 -49.0388 1203.41
vn 0.125591 -0.597117 0.792262
v -20.2141 -48.0212 1204.38
vn -0.244282 -0.602926 0.759478
v -20.3782 -48.3012 1204.13
vn -0.498232 -0.539601 0.678672
v -20.6249 -48.3245 1203.99
vn -0.55633 -0.534812 0.635982
v -20.8228 -48.6868 1203.52
vn -0.546561 -0.484643 0.682929
v -20.7322 -47.6997 1204.36
vn -0.713443 -0.410739 0.567708
v -20.9904 -48.1761 1203.72
vn 0.996226 -0.0857058 -0.0137487
v -18.7114 -46.7072 1197.76
vn 0.997754 -0.00123892 -0.0669795
v -18.6756 -45.4414 1197.49
vn -0.172164 -0.721722 0.67043
v -20.5951 -49.9623 1202.46
vn -0.5003 -0.597955 0.626219
v -20.8194 -49.5195 1202.78
vn -0.69883 -0.464858 0.543639
v -21.1885 -49.3754 1202.52
vn -0.816449 -0.377662 0.436787
v -21.4919 -49.5502 1201.9
vn -0.833765 -0.325758 0.445777
v -21.4242 -48.5905 1202.79
vn 0.983581 0.0629593 -0.169129
v -18.8998 -46.3757 1193.57
vn 0.99622 -0.00579917 -0.0866679
v -18.7556 -46.9952 1194.55
vn 0.993862 -0.110129 -0.0104477
v -18.7333 -47.3361 1195.63
vn -0.393408 -0.670685 0.628818
v -20.8545 -50.4401 1201.82
vn -0.641129 -0.535597 0.549626
v -21.1223 -50.0911 1201.94
vn -0.775221 -0.442392 0.450913
v -21.4837 -50.377 1201.15
vn -0.879906 -0.321249 0.350092
v -21.6973 -49.977 1201.06
vn 0.959472 -0.142424 -0.243164
v -19.0611 -47.5947 1193.06
vn 0.960886 -0.0538015 -0.271668
v -19.0759 -47.0996 1192.83
vn 0.921949 -0.02768 -0.386321
v -19.1738 -46.746 1192.48
vn 0.96134 0.059243 -0.268915
v -19.0967 -46.4033 1192.71
vn 0.97829 -0.171235 -0.116733
v -18.9626 -48.3277 1194.2
vn 0.953509 -0.222428 -0.20334
v -19.1185 -48.5268 1193.51
vn 0.981897 -0.0658652 -0.177595
v -18.8763 -47.0738 1193.69
vn -0.769712 -0.487254 0.412464
v -21.5654 -51.8345 1199.48
vn -0.901758 -0.326999 0.282674
v -21.8474 -51.582 1199.07
vn -0.675433 -0.537703 0.504644
v -21.3204 -51.3322 1200.44
vn 0.922344 -0.144449 -0.358352
v -19.3143 -47.7288 1192.36
vn 0.883995 -0.225905 -0.409291
v -19.5203 -48.3265 1192.18
vn 0.83264 -0.31232 -0.457347
v -19.7237 -48.5849 1191.93
vn 0.833026 -0.203602 -0.514407
v -19.8216 -48.2313 1191.58
vn 0.872284 -0.109177 -0.476656
v -19.5034 -47.5114 1191.89
vn 0.86877 -0.374916 -0.323538
v -19.5183 -49.5334 1193.26
vn 0.921751 -0.250719 -0.295831
v -19.263 -48.6804 1193.11
vn 0.877656 -0.316046 -0.360325
v -19.4428 -48.8738 1192.77
vn 0.825989 -0.395639 -0.401511
v -19.7529 -49.3387 1192.5
vn -0.921306 -0.375418 0.10127
v -22.2048 -51.5951 1197.58
vn -0.808862 -0.4803 0.339197
v -21.6486 -52.0178 1199.07
vn -0.84195 -0.477735 0.250777
v -21.7512 -52.266 1198.4
vn -0.866932 -0.474436 0.152775
v -21.8045 -52.3804 1197.88
vn -0.872829 -0.479236 0.0922102
v -21.833 -52.4675 1197.31
vn -0.916545 -0.346973 0.198883
v -22.0835 -51.7221 1197.99
vn 0.756487 -0.432387 -0.490682
v -20.1569 -49.3517 1191.76
vn 0.73156 -0.390431 -0.558913
v -20.2092 -49.049 1191.44
vn 0.578338 -0.527737 -0.622108
v -20.4837 -49.5127 1191.49
vn 0.752641 -0.302266 -0.58495
v -20.1766 -48.5855 1191.21
vn 0.541978 -0.464817 -0.700147
v -20.6068 -49.0323 1191.01
vn 0.33508 -0.600265 -0.726225
v -20.7491 -49.2349 1191.08
vn 0.771423 -0.499231 -0.394557
v -20.0996 -50.4187 1192.99
vn 0.719402 -0.516053 -0.464919
v -20.243 -50.0878 1192.35
vn 0.498354 -0.668032 -0.552609
v -20.6042 -50.6406 1192.57
vn 0.600226 -0.566903 -0.564225
v -20.4269 -49.8739 1191.88
vn 0.218307 -0.723125 -0.655311
v -20.8889 -50.3954 1192.13
vn 0.367763 -0.648121 -0.666851
v -20.6559 -49.7572 1191.59
vn 0.102881 -0.701938 -0.704768
v -20.9955 -50.218 1191.92
vn 0.00471248 -0.739338 -0.673318
v -21.1954 -50.4803 1192.18
vn 0.173194 -0.667584 -0.72411
v -20.8827 -49.7441 1191.49
vn -0.056732 -0.704258 -0.707674
v -21.4912 -50.2248 1191.94
vn -0.115403 -0.729742 -0.673913
v -21.6807 -50.4694 1192.21
vn 0.0740551 -0.837581 -0.541271
v -21.2186 -51.7643 1193.72
vn 0.154712 -0.768927 -0.620336
v -21.1526 -51.3701 1193.21
vn -0.215191 -0.797065 -0.564252
v -21.6431 -51.3681 1193.23
vn -0.544643 -0.769344 -0.333877
v -21.9411 -51.3986 1193.58
vn -0.465708 -0.755885 -0.460167
v -21.9953 -51.1698 1193.18
vn -0.278677 -0.916492 -0.287021
v -21.41 -52.2167 1195.13
vn -0.369268 -0.858214 -0.356524
v -21.4203 -51.9909 1194.25
vn -0.475571 -0.812946 -0.336082
v -21.8263 -52.0887 1195.26
vn -0.729229 -0.649114 -0.216508
v -22.0895 -51.778 1195.06
vn -0.581937 -0.759468 -0.290788
v -21.7037 -52.522 1196.08
vn -0.273718 -0.870152 -0.409774
v -21.5332 -52.3486 1195.51
vn -0.875893 -0.482099 0.0197831
v -21.919 -52.3618 1196.9
vn -0.798809 -0.590773 -0.113541
v -21.888 -52.3982 1196.32
vn -0.896755 -0.442064 -0.0202629
v -22.2938 -51.5986 1195.57
vn 0.987178 0.158422 -0.0195261
v -18.3101 -42.1981 1202.02
vn 0.968243 0.245706 0.0462026
v -18.3774 -41.8885 1202.39
vn 0.931424 0.33711 0.137138
v -18.4993 -41.637 1202.86
vn 0.95789 0.280078 -0.0632625
v -18.4544 -41.6695 1201.49
vn 0.892911 0.447959 0.0452056
v -18.5399 -41.4135 1202.28
vn 0.97389 -0.0900518 0.208398
v -18.358 -43.0304 1203.04
vn 0.948487 -0.122384 0.292225
v -18.4703 -43.2435 1203.37
vn 0.944661 -0.0208906 0.327383
v -18.4422 -42.724 1203.42
vn 0.880947 -0.00652257 0.473171
v -18.6019 -42.9054 1203.75
vn 0.993023 0.0858032 0.0808926
v -18.2709 -42.6564 1202.53
vn 0.952215 0.190755 0.238537
v -18.4122 -42.2588 1203.19
vn 0.945096 0.108111 0.308393
v -18.4368 -42.3864 1203.36
vn 0.891749 0.0877335 0.443944
v -18.493 -42.4929 1203.53
vn 0.980014 0.058129 0.190245
v -18.3558 -42.4906 1203.08
vn 0.905408 0.205086 0.371721
v -18.4787 -42.2614 1203.41
vn 0.967841 0.204208 0.146911
v -18.4024 -41.9772 1202.85
vn 0.797839 0.180649 0.575168
v -18.7233 -42.2012 1203.84
vn 0.856838 0.480396 0.187211
v -18.6245 -41.4346 1203.06
vn 0.917835 0.298879 0.261249
v -18.5593 -41.6792 1203.2
vn 0.852598 0.309491 0.421059
v -18.6131 -41.7318 1203.4
vn 0.825653 0.449865 0.340468
v -18.6703 -41.4695 1203.27
vn 0.892547 -0.0702932 0.445443
v -18.6888 -43.5296 1203.86
vn 0.801992 0.0459437 0.595565
v -18.801 -43.0604 1204.07
vn 0.668488 0.14116 0.730204
v -19.4303 -42.7718 1204.69
vn 0.544055 0.113543 0.831331
v -20.3082 -43.9536 1205.63
vn 0.989727 -0.123398 0.0722042
v -18.2603 -43.5051 1201.8
vn 0.997834 -0.0123298 -0.0646191
v -18.247 -43.423 1201.35
vn 0.99975 0.0221539 0.00292983
v -18.2296 -42.9873 1201.86
vn 0.982786 0.142454 -0.117638
v -18.353 -42.424 1200.93
vn 0.97314 -0.166265 0.159228
v -18.3895 -43.6007 1202.7
vn 0.989954 -0.0679629 0.123985
v -18.2815 -42.9905 1202.59
vn 0.717867 -0.0462313 0.694643
v -19.7791 -45.406 1205.31
vn 0.63776 -0.0838598 0.765657
v -19.9018 -45.5758 1205.41
vn 0.483685 -0.121921 0.866709
v -20.103 -45.587 1205.56
vn 0.248828 -0.315057 0.915873
v -20.211 -46.0236 1205.51
vn 0.744315 0.0249788 0.667361
v -19.4212 -44.5545 1204.95
vn 0.615572 -0.0166851 0.787904
v -19.9934 -45.333 1205.5
vn 0.267435 -0.23041 0.935623
v -20.3028 -45.7814 1205.6
vn -0.0463918 -0.325434 0.944426
v -20.4273 -45.975 1205.55
vn 0.385982 -0.051116 0.921089
v -20.2337 -45.3043 1205.65
vn 0.0495133 -0.207728 0.976933
v -20.3832 -45.5247 1205.68
vn -0.426941 -0.322486 0.844822
v -20.6004 -45.8684 1205.55
vn 0.575903 0.0594502 0.815354
v -20.0809 -44.7238 1205.55
vn -0.126181 -0.154023 0.979977
v -20.6256 -45.1454 1205.74
vn -0.398117 -0.262597 0.878946
v -20.727 -45.3085 1205.66
vn -0.644963 -0.293192 0.705735
v -20.8995 -45.5987 1205.44
vn 0.253469 -0.00473078 0.967332
v -20.5432 -44.6492 1205.79
vn -0.55088 -0.210553 0.807588
v -20.9356 -44.8887 1205.65
vn -0.777586 -0.253586 0.575373
v -21.2234 -45.0029 1205.3
vn -0.212884 -0.407706 0.887951
v -20.4461 -46.395 1205.37
vn -0.641516 -0.41512 0.645083
v -20.7586 -46.9364 1204.85
vn -0.551901 -0.393452 0.735256
v -20.6904 -46.4154 1205.22
vn -0.717344 -0.333907 0.611493
v -20.9069 -46.4025 1205.01
vn -0.811825 -0.31109 0.494129
v -21.4715 -46.6597 1203.99
vn 0.933971 0.271838 -0.231955
v -19.3217 -43.7702 1193.89
vn 0.985214 0.119114 -0.12315
v -18.9547 -44.9005 1194.97
vn -0.908631 -0.261053 0.325947
v -21.9382 -48.8288 1201.36
vn 0.896039 0.27281 -0.35027
v -19.3902 -44.7726 1192.71
vn 0.75495 0.330183 -0.566594
v -19.6188 -44.816 1192.23
vn 0.964158 0.171413 -0.202526
v -19.0879 -45.4236 1193.27
vn 0.855779 0.211424 -0.472167
v -19.3794 -45.5548 1192.24
vn 0.815759 0.160787 -0.555594
v -19.517 -45.8031 1191.94
vn 0.76322 0.142972 -0.630123
v -19.8259 -46.3401 1191.42
vn 0.70198 0.273008 -0.657792
v -19.7027 -45.3558 1191.89
vn 0.577521 0.375575 -0.724854
v -19.839 -44.8075 1192.02
vn 0.860749 0.00732609 -0.508977
v -19.4924 -46.8826 1191.83
vn 0.908879 0.0940382 -0.40632
v -19.234 -46.0502 1192.38
vn 0.864618 0.0624865 -0.498529
v -19.3699 -46.2965 1192.08
vn 0.937995 0.167689 -0.303391
v -19.2232 -45.6398 1192.58
vn 0.754395 -0.0219206 -0.656055
v -20.2151 -47.3708 1190.84
vn 0.711873 0.1222 -0.691596
v -20.159 -46.906 1190.94
vn 0.607695 0.0964442 -0.788293
v -20.5553 -47.1921 1190.52
vn 0.60781 0.289395 -0.739471
v -20.3447 -46.4588 1190.88
vn 0.59614 0.227384 -0.770009
v -20.5148 -46.7461 1190.65
vn 0.492764 0.236892 -0.837296
v -20.8035 -46.7109 1190.47
vn 0.521227 0.337815 -0.783712
v -20.7295 -46.3335 1190.66
vn 0.821213 -0.0968015 -0.562351
v -19.8291 -47.4528 1191.36
vn 0.76947 -0.180884 -0.612533
v -20.2032 -48.0679 1190.97
vn 0.812302 0.00790561 -0.583183
v -19.7573 -46.9693 1191.42
vn -0.927363 -0.345697 0.143149
v -23.152 -49.109 1196.67
vn 0.488267 -0.0390554 -0.87182
v -20.7592 -47.5198 1190.36
vn 0.424431 0.0709625 -0.902675
v -21.0475 -47.2372 1190.22
vn 0.292139 -0.15022 -0.944504
v -21.2913 -47.6126 1190.15
vn 0.322341 -0.468752 -0.822416
v -20.7828 -48.6278 1190.65
vn 0.26238 -0.556014 -0.788673
v -20.8453 -49.0389 1190.89
vn 0.123833 -0.63108 -0.76577
v -20.9668 -49.2065 1190.99
vn 0.563585 -0.323781 -0.759959
v -20.6357 -48.3973 1190.62
vn 0.0453165 -0.573047 -0.818269
v -21.0526 -48.9928 1190.82
vn 0.65097 -0.115981 -0.750191
v -20.5072 -47.8458 1190.57
vn 0.405783 -0.227658 -0.885162
v -20.8685 -48.0481 1190.37
vn 0.171819 -0.401438 -0.899625
v -21.0716 -48.3446 1190.42
vn -0.02805 -0.666939 -0.744584
v -21.2882 -49.6364 1191.36
vn -0.165417 -0.693051 -0.701653
v -21.8707 -50.0729 1191.84
vn -0.4316 -0.707027 -0.560209
v -22.6743 -49.8063 1191.87
vn -0.166694 -0.648295 -0.742918
v -22.5033 -48.9515 1190.92
vn -0.615356 -0.695113 -0.371693
v -22.2546 -50.8525 1192.99
vn -0.311844 -0.729047 -0.609298
v -22.1413 -50.4166 1192.28
vn -0.733488 -0.636734 -0.237835
v -22.9384 -49.7793 1192.26
vn 0.675502 0.352572 0.647604
v -19.7954 -40.7973 1204.38
vn 0.754069 0.485994 0.441803
v -19.8209 -40.1602 1203.97
vn 0.605635 0.261403 0.751582
v -19.8557 -41.2207 1204.61
vn 0.533095 0.241828 0.810758
v -20.7765 -41.3965 1205.34
vn 0.754805 0.655944 0.00246314
v -18.9655 -40.765 1201
vn 0.781952 0.617792 0.0829699
v -18.875 -40.9791 1202.69
vn 0.812532 0.582327 0.0261978
v -18.7556 -41.0502 1201.95
vn 0.756296 0.654118 0.0120986
v -19.4651 -40.3027 1201.79
vn 0.753635 0.363685 0.547511
v -19.1341 -41.276 1203.91
vn 0.665847 0.248876 0.703356
v -19.3752 -41.638 1204.35
vn 0.581077 0.197548 0.789509
v -20.24 -42.438 1205.26
vn 0.434475 0.118921 0.892798
v -20.6829 -43.3952 1205.77
vn -0.23571 -0.105202 0.966112
v -20.9831 -43.8366 1205.82
vn 0.183983 0.0580698 0.981212
v -21.094 -42.8987 1205.85
vn 0.45651 0.183695 0.870548
v -20.9583 -42.3472 1205.72
vn -0.116674 -0.0417156 0.992294
v -21.5053 -42.1026 1205.86
vn -0.57987 -0.217289 0.785199
v -21.5837 -42.5469 1205.75
vn -0.765688 -0.281179 0.578498
v -21.8069 -42.9395 1205.33
vn 0.831049 0.494877 -0.253878
v -19.1685 -41.0604 1198.47
vn 0.741584 0.637418 -0.209168
v -19.4189 -40.6864 1198.58
vn 0.878157 0.473872 -0.0654622
v -18.7079 -41.154 1200.71
vn 0.941278 0.301921 -0.151127
v -18.7633 -41.3874 1199.65
vn 0.84078 0.520633 -0.148426
v -18.9599 -40.9532 1199.61
vn 0.868896 0.451447 -0.203015
v -18.9925 -41.0758 1199.09
vn 0.753068 0.648739 -0.109661
v -19.0791 -40.7146 1199.97
vn 0.698435 0.641047 -0.318195
v -19.8045 -41.2102 1196.37
vn 0.935626 0.281476 -0.213015
v -18.8744 -41.6876 1198.7
vn 0.715931 0.635936 -0.288146
v -19.4684 -40.8292 1198.1
vn 0.817518 0.484133 -0.311896
v -19.5959 -41.6718 1196.08
vn 0.759487 0.540181 -0.362469
v -19.6294 -43.1551 1193.72
vn 0.828741 0.410298 -0.380583
v -19.6228 -43.5865 1193.19
vn 0.727567 0.45346 -0.5148
v -19.723 -43.7901 1192.81
vn 0.598293 0.452591 -0.661216
v -19.8485 -44.0239 1192.48
vn 0.4917 0.451866 -0.744344
v -20.0729 -44.418 1192.07
vn 0.627896 0.589519 -0.508147
v -19.7657 -43.4438 1193.12
vn 0.505133 0.54034 -0.672958
v -20.1005 -43.6561 1192.57
vn 0.49204 0.411748 -0.767047
v -20.8747 -45.3985 1191.03
vn 0.447517 0.479933 -0.754581
v -20.8836 -44.2166 1191.71
vn -0.907657 -0.339056 0.247386
v -23.9556 -47.2053 1196.01
vn 0.198708 -0.227465 -0.953297
v -22.0162 -47.2668 1189.9
vn 0.299725 -0.0287684 -0.953592
v -22.2441 -46.734 1189.77
vn 0.383383 0.140137 -0.912896
v -22.2158 -46.4804 1189.8
vn 0.161152 -0.170667 -0.972061
v -22.4607 -46.8572 1189.72
vn -0.0538801 -0.533155 -0.8443
v -22.7045 -47.8935 1190.16
vn 0.0486611 -0.371742 -0.92706
v -22.5123 -47.2848 1189.84
vn -0.19017 -0.598541 -0.778193
v -23.2852 -48.0061 1190.33
vn -0.111477 -0.490449 -0.864311
v -23.1347 -47.4682 1189.94
vn -0.359132 -0.665103 -0.654722
v -23.6456 -48.1427 1190.58
vn -0.273119 -0.589102 -0.760503
v -23.636 -47.8055 1190.27
vn -0.854097 -0.520106 0.00289244
v -23.5311 -49.0389 1193.4
vn 0.767681 0.636375 0.0754574
v -19.928 -39.7004 1203.17
vn 0.729604 0.683854 0.0047242
v -20.4145 -39.0886 1202.28
vn 0.708713 0.701344 0.0764304
v -20.6128 -38.9109 1203.04
vn 0.661026 0.739393 0.127839
v -20.7919 -38.7781 1203.28
vn 0.683351 0.458709 0.567994
v -20.0248 -40.0695 1204.18
vn 0.781268 0.578968 0.233273
v -19.8556 -39.8982 1203.6
vn 0.728489 0.582716 0.360201
v -20.0399 -39.7743 1203.83
vn 0.738046 0.635416 0.227012
v -20.1181 -39.595 1203.64
vn 0.649856 0.572214 0.500259
v -20.5834 -39.4252 1204.28
vn 0.606194 0.446327 0.658271
v -20.743 -39.619 1204.6
vn 0.681269 0.653843 0.329185
v -20.4693 -39.3088 1203.89
vn 0.708568 0.678055 0.195379
v -20.5287 -39.0888 1203.48
vn 0.595061 0.328787 0.73335
v -20.3766 -40.5123 1204.77
vn 0.458383 0.250118 0.852834
v -21.5582 -40.7025 1205.61
vn 0.543793 0.39919 0.738198
v -21.2982 -39.6494 1205.07
vn 0.484084 0.307192 0.819326
v -21.5033 -39.9205 1205.33
vn 0.237277 0.242949 0.940572
v -21.8469 -40.388 1205.66
vn -0.211476 0.114649 0.970636
v -22.1307 -40.4397 1205.7
vn 0.297125 0.175025 0.93866
v -21.6617 -41.191 1205.79
vn 0.73473 0.67652 -0.0499274
v -19.6771 -40.0334 1200.75
vn 0.772894 0.633439 -0.0372737
v -20.2411 -39.3081 1200.97
vn 0.66378 0.747201 -0.0329715
v -20.4998 -39.0289 1201.01
vn -0.621672 -0.0970881 0.777238
v -22.3603 -40.7983 1205.6
vn -0.3706 -0.151071 0.916424
v -21.6934 -41.9668 1205.83
vn -0.560604 -0.188229 0.806407
v -22.0299 -41.4109 1205.75
vn -0.160458 0.0262924 0.986692
v -21.9388 -41.2353 1205.82
vn -0.521443 -0.0762443 0.849873
v -22.0889 -41.1012 1205.77
vn -0.707436 -0.240879 0.664464
v -22.2591 -41.3885 1205.54
vn 0.749779 0.642843 -0.156796
v -19.7036 -40.3576 1198.74
vn 0.739894 0.598649 -0.306881
v -19.89 -40.3504 1198.17
vn 0.762158 0.612661 -0.209194
v -20.4393 -39.2714 1198.65
vn 0.594719 0.645034 -0.479834
v -20.5407 -39.5182 1197.98
vn 0.638923 0.756596 -0.139066
v -20.5832 -39.0881 1198.88
vn 0.602656 0.7313 -0.319384
v -20.6172 -39.2123 1198.36
vn -0.852984 -0.307819 0.421505
v -22.3524 -43.1614 1204.35
vn 0.561822 0.740297 -0.369211
v -20.2864 -40.8455 1196.27
vn 0.661074 0.650805 -0.373409
v -20.3038 -40.3434 1197.41
vn 0.568759 0.67816 -0.465415
v -20.9756 -39.934 1197.05
vn 0.624855 0.661474 -0.41474
v -20.0331 -41.2536 1195.89
vn -0.900806 -0.302127 0.311878
v -23.2911 -44.3385 1200.78
vn 0.619449 0.58396 -0.524666
v -20.9405 -42.2555 1193.22
vn 0.680187 0.63571 -0.36499
v -21.0707 -41.6164 1193.93
vn -0.859981 -0.369898 0.351579
v -23.8993 -44.8149 1198.66
vn 0.555483 0.515365 -0.652562
v -21.3833 -42.2414 1192.82
vn 0.461121 0.478595 -0.747204
v -22.1404 -43.1684 1191.69
vn -0.823688 -0.459685 0.332005
v -24.2888 -46.6945 1195.64
vn 0.463181 0.467242 -0.753093
v -22.3355 -44.7198 1190.56
vn -0.842124 -0.518507 0.148245
v -24.196 -47.7845 1193.76
vn 0.440301 0.320785 -0.838589
v -23.0516 -45.5559 1189.63
vn -0.0146938 -0.343215 -0.939142
v -24.0081 -46.2799 1189.45
vn 0.321234 0.223058 -0.920355
v -23.8826 -45.1539 1189.39
vn 0.252576 0.0523813 -0.966158
v -23.8973 -45.3964 1189.34
vn 0.0328941 -0.19365 -0.980519
v -24.2179 -45.8786 1189.32
vn -0.217617 -0.369395 -0.903432
v -24.3563 -46.075 1189.4
vn -0.280691 -0.545316 -0.789837
v -24.1183 -47.109 1189.94
vn -0.473388 -0.609572 -0.635866
v -24.3026 -47.3447 1190.22
vn -0.650746 -0.643052 -0.40375
v -24.5941 -47.3642 1190.57
vn -0.173358 -0.45875 -0.87149
v -24.1373 -46.4608 1189.54
vn -0.375486 -0.501086 -0.779694
v -24.5784 -46.3748 1189.63
vn -0.669482 -0.593427 -0.446809
v -24.9185 -46.7977 1190.24
vn -0.590962 -0.679304 -0.435098
v -24.0451 -47.986 1190.73
vn -0.745652 -0.632002 -0.211129
v -24.6414 -47.4058 1190.78
vn 0.655164 0.755486 0.00103514
v -20.8807 -38.647 1202.56
vn 0.662683 0.748626 0.0202391
v -21.6763 -37.9703 1202.8
vn 0.636398 0.71825 0.281273
v -21.0248 -38.6981 1203.72
vn 0.584051 0.678308 0.445851
v -21.3428 -38.7237 1204.31
vn 0.536734 0.540943 0.647532
v -21.5588 -38.9746 1204.83
vn 0.432026 0.616305 0.658424
v -22.1889 -38.4519 1204.83
vn 0.438346 0.427438 0.790664
v -21.8347 -39.3271 1205.25
vn 0.226722 0.318523 0.920402
v -22.0528 -39.6204 1205.49
vn -0.0893767 0.213485 0.972849
v -22.2914 -39.9626 1205.59
vn -0.413365 0.0878206 0.906321
v -22.423 -40.1619 1205.58
vn 0.391039 0.518291 0.760568
v -22.0485 -38.9324 1205.12
vn 0.128679 0.420245 0.898241
v -22.2566 -39.2094 1205.37
vn -0.184846 0.258687 0.94811
v -22.4361 -39.4662 1205.45
vn 0.248427 0.536907 0.806235
v -22.3785 -38.6965 1205.1
vn 0.696917 0.71706 0.011492
v -21.125 -38.5443 1200.68
vn 0.714285 0.693651 0.0929746
v -21.5918 -38.096 1201.02
vn 0.730872 0.682074 0.0245199
v -21.7904 -37.7529 1200.36
vn 0.659704 0.751437 -0.0115787
v -21.4856 -38.2364 1201.5
vn -0.740602 -0.221104 0.634525
v -22.7838 -40.761 1205.16
vn -0.771466 -0.298393 0.561962
v -23.1946 -41.1062 1204.47
vn 0.531833 0.775185 -0.340943
v -20.9586 -38.9933 1198.34
vn 0.665924 0.734293 -0.131757
v -21.2335 -38.5275 1199.36
vn 0.631343 0.69942 -0.334989
v -21.8547 -38.0156 1199.19
vn 0.492346 0.762671 -0.419438
v -21.7899 -39.7718 1196.45
vn 0.456809 0.697471 -0.552142
v -22.3375 -39.0115 1197.25
vn 0.594154 0.718863 -0.360857
v -21.7556 -40.2187 1195.52
vn 0.591443 0.765016 -0.254845
v -22.0198 -39.8236 1195.92
vn 0.700633 0.690025 -0.181601
v -22.5127 -39.5227 1195.49
vn 0.685212 0.516098 -0.513933
v -21.7402 -41.2459 1193.27
vn 0.617364 0.40745 -0.672939
v -22.2474 -40.9533 1192.93
vn 0.759149 0.582073 -0.291348
v -22.3281 -40.2549 1193.54
vn -0.836743 -0.401669 0.372186
v -24.5674 -43.6777 1198.22
vn -0.774369 -0.447686 0.447135
v -25.0699 -43.433 1197.49
vn 0.527699 0.361366 -0.768731
v -22.9406 -41.7619 1191.96
vn -0.817553 -0.402123 0.412193
v -24.5055 -44.808 1197.35
vn 0.490252 0.475345 -0.730547
v -23.2576 -43.5011 1190.79
vn 0.492283 0.414843 -0.765221
v -23.4342 -42.6036 1191.23
vn -0.778585 -0.458991 0.42794
v -25.774 -44.4219 1195.36
vn 0.500341 0.440323 -0.745503
v -23.8453 -44.5391 1189.67
vn 0.0547464 -0.0421551 -0.99761
v -24.3497 -45.352 1189.26
vn -0.149172 -0.218517 -0.964364
v -24.5467 -45.6404 1189.3
vn 0.183684 0.11186 -0.9766
v -24.3924 -45.0475 1189.27
vn -0.33065 -0.347108 -0.877603
v -24.8312 -45.6868 1189.39
vn -0.532254 -0.537462 -0.654095
v -24.9128 -46.4672 1189.92
vn -0.460136 -0.455066 -0.762358
v -24.8876 -46.1035 1189.64
vn 0.697147 0.713504 0.0699861
v -22.8449 -36.8832 1202.12
vn 0.279654 0.568602 0.773618
v -22.9349 -37.7663 1204.61
vn 0.0761118 0.447023 0.891278
v -23.2194 -37.8126 1204.7
vn -0.158458 0.251834 0.95471
v -23.2399 -38.1894 1204.85
vn -0.345399 0.15767 0.925116
v -23.3872 -38.4075 1204.86
vn -0.498 -0.0310358 0.866621
v -23.6484 -38.4482 1204.75
vn -0.293449 0.0879993 0.951916
v -23.6767 -38.1263 1204.73
vn 0.711747 0.631147 -0.308332
v -22.7147 -37.0783 1199.37
vn 0.694426 0.69527 -0.185399
v -21.9312 -37.668 1199.86
vn 0.721017 0.69146 -0.0449143
v -22.372 -37.1864 1200.16
vn 0.738778 0.670705 0.0660453
v -22.9111 -36.7524 1201.16
vn 0.70486 0.707659 0.0488996
v -22.0885 -37.6672 1201.53
vn -0.6838 -0.242681 0.68813
v -23.6866 -39.6446 1204.47
vn 0.537112 0.645554 -0.542927
v -22.4845 -38.4344 1197.71
vn -0.776992 -0.445758 0.444503
v -24.75 -39.599 1203.08
vn 0.707295 0.685103 -0.174265
v -22.9744 -38.9995 1196.3
vn 0.548699 0.740231 -0.38857
v -22.6107 -39.1084 1196.87
vn 0.594923 0.584855 -0.551372
v -22.6692 -38.7809 1197.21
vn 0.714145 0.60318 -0.355205
v -22.9268 -38.8589 1196.79
vn -0.736449 -0.533199 0.416343
v -25.7354 -41.3007 1198.88
vn 0.702409 0.425518 -0.570576
v -22.9868 -39.8715 1192.86
vn -0.770745 -0.490403 0.406763
v -25.1518 -42.7361 1198.11
vn -0.721013 -0.53195 0.444037
v -26.1945 -41.8291 1197.41
vn 0.594709 0.284521 -0.75191
v -23.8862 -40.2574 1191.87
vn 0.504362 0.222979 -0.834206
v -24.2994 -40.5636 1191.49
vn 0.530399 0.426538 -0.732627
v -24.5379 -42.1253 1190.74
vn 0.496823 0.321411 -0.80614
v -24.5185 -41.307 1191.14
vn -0.790382 -0.517536 0.327801
v -27.002 -43.5062 1194.1
vn 0.419446 0.32284 -0.848433
v -25.6787 -42.9256 1189.38
vn 0.524757 0.399971 -0.751434
v -25.6696 -42.5171 1189.58
vn -0.802106 -0.584505 0.122394
v -26.8086 -44.5925 1192.14
vn -0.201875 -0.197463 -0.959299
v -25.4964 -44.5045 1189.24
vn -0.478221 -0.400389 -0.781661
v -25.8829 -44.6853 1189.46
vn -0.788716 -0.602274 -0.12326
v -26.2213 -45.3875 1190.67
vn -0.608576 -0.500658 -0.615611
v -26.147 -45.0179 1189.91
vn -0.709724 -0.554826 -0.43412
v -26.3613 -44.9449 1190.1
vn -0.790763 -0.612105 0.00455
v -26.6671 -44.8725 1191.26
vn 0.662891 0.716956 0.215752
v -24.0441 -35.5524 1200.9
vn 0.616285 0.76572 0.184024
v -23.8888 -36.112 1203.08
vn 0.557613 0.778993 0.286771
v -24.4188 -35.7787 1203.27
vn 0.44007 0.670258 0.597572
v -23.8369 -36.6267 1204.07
vn 0.143204 0.472859 0.869423
v -24.1921 -36.7545 1204.33
vn -0.405272 -0.0701255 0.911502
v -24.5862 -37.3318 1204.42
vn 0.553921 0.744669 0.372343
v -23.9795 -36.1886 1203.49
vn -0.25523 0.148482 0.955411
v -24.6193 -37.0158 1204.42
vn 0.342821 0.663767 0.664746
v -24.3378 -36.2828 1204.03
vn -0.470485 -0.0711042 0.879538
v -25.0282 -36.9194 1204.24
vn -0.603907 -0.234076 0.761909
v -25.1224 -37.0739 1204.15
vn 0.47247 0.753453 0.457254
v -24.5316 -35.8929 1203.65
vn -0.0247519 0.423459 0.905577
v -24.9195 -36.3971 1204.19
vn 0.770835 0.493633 -0.402666
v -23.2311 -36.552 1199.1
vn 0.790355 0.583987 -0.185195
v -23.2237 -36.3484 1199.55
vn 0.748069 0.661229 0.0562989
v -23.6479 -35.8079 1200.08
vn -0.698983 -0.392183 0.59801
v -25.932 -37.7079 1203.05
vn 0.769346 0.470151 -0.43251
v -23.9518 -36.571 1197.9
vn 0.822311 0.533502 -0.19794
v -24.3434 -37.0185 1196.29
vn 0.726865 0.545133 -0.417729
v -23.855 -37.3861 1197.07
vn -0.732547 -0.546025 0.406486
v -26.5258 -38.9621 1200.46
vn 0.798819 0.588888 -0.122879
v -24.0229 -37.8272 1194.95
vn 0.744771 0.418133 -0.520079
v -24.3389 -38.3095 1192.29
vn -0.744512 -0.521905 0.416313
v -27.5637 -41.1242 1196.15
vn 0.521919 0.0990464 -0.847225
v -25.2752 -39.137 1191.17
vn -0.749762 -0.512022 0.419155
v -27.3075 -41.9264 1195.54
vn 0.551592 0.373049 -0.746043
v -25.7772 -40.7004 1190.61
vn 0.491548 0.223847 -0.84159
v -25.7573 -40.279 1190.79
vn -0.800692 -0.544496 0.249833
v -27.2306 -43.5914 1193.32
vn 0.228825 0.137452 -0.963715
v -26.268 -42.7312 1189.22
vn 0.0270267 -0.0171285 -0.999488
v -26.5641 -42.8137 1189.17
vn 0.121154 -0.0121381 -0.992559
v -26.7655 -42.3852 1189.15
vn -0.126166 -0.158691 -0.979234
v -26.9207 -42.6128 1189.19
vn 0.381166 0.224432 -0.896851
v -26.6949 -41.9031 1189.22
vn -0.353787 -0.333824 -0.873726
v -27.1835 -42.6295 1189.26
vn 0.205253 0.0582595 -0.976973
v -26.9609 -41.9495 1189.12
vn -0.0533343 -0.143101 -0.98827
v -27.098 -42.1555 1189.11
vn -0.618584 -0.489773 -0.614391
v -27.5051 -43.0404 1189.75
vn 0.631822 0.754485 0.177631
v -24.7851 -35.1176 1201.45
vn 0.234038 0.662519 0.711544
v -25.1162 -35.6524 1203.76
vn -0.295697 0.25728 0.919984
v -25.7452 -35.873 1203.85
vn -0.0765238 0.453944 0.887738
v -25.6067 -35.6505 1203.79
vn -0.519175 -0.0251028 0.854299
v -25.8786 -36.0541 1203.81
vn 0.832957 0.44899 -0.323405
v -24.896 -34.2699 1198.25
vn 0.815469 0.467771 -0.340881
v -24.8658 -35.8312 1196.97
vn 0.853884 0.44056 -0.27711
v -25.266 -35.4447 1196.45
vn 0.821385 0.380006 -0.425349
v -24.9085 -35.1582 1197.59
vn -0.712098 -0.534456 0.455272
v -26.9061 -37.5137 1201.77
vn 0.851751 0.502055 -0.149871
v -25.0086 -36.4661 1194.28
vn 0.861407 0.477691 -0.172595
v -25.5483 -35.2384 1195.71
vn 0.808219 0.498967 -0.312753
v -25.2518 -36.7241 1192.43
vn -0.743282 -0.535509 0.400951
v -27.1445 -39.6082 1198.55
vn 0.671216 0.242105 -0.70061
v -25.173 -37.8222 1191.61
vn 0.792519 0.33783 -0.507724
v -25.7736 -36.5324 1191.53
vn 0.58279 0.323518 -0.745448
v -27.4232 -40.0131 1189.56
vn 0.606273 0.228196 -0.761813
v -27.4038 -39.1949 1189.96
vn 0.586911 0.312164 -0.747054
v -26.6836 -39.8933 1190.28
vn 0.514251 0.0972144 -0.852112
v -26.6474 -39.4613 1190.44
vn -0.786372 -0.503879 0.357386
v -29.0258 -40.7397 1193.61
vn 0.379856 0.171265 -0.909053
v -27.927 -40.4695 1189.07
vn 0.537146 0.362268 -0.761732
v -27.053 -40.9509 1189.38
vn -0.0245831 -0.1361 -0.99039
v -28.1731 -40.8478 1189
vn -0.798381 -0.592976 -0.104725
v -28.3116 -42.6431 1190.73
vn -0.749336 -0.589812 -0.301028
v -28.3788 -42.4364 1190.31
vn 0.555042 0.775315 0.301356
v -26.6443 -33.4965 1201.49
vn 0.442966 0.778008 0.445517
v -26.4228 -34.1214 1202.5
vn 0.219955 0.728133 0.649186
v -26.5629 -34.282 1202.85
vn -0.322172 0.352588 0.878571
v -27.3121 -34.3174 1202.75
vn 0.416572 0.803446 0.425373
v -26.9215 -33.4916 1201.86
vn 0.318492 0.792487 0.520122
v -27.0538 -33.6389 1202.22
vn 0.123812 0.75191 0.647535
v -27.1323 -33.7336 1202.38
vn -0.0968084 0.587413 0.803476
v -27.2497 -33.8869 1202.54
vn -0.116327 0.492751 0.86236
v -26.3899 -34.7073 1203.19
vn -0.42729 0.193127 0.883247
v -26.8007 -34.9607 1203.16
vn 0.771079 0.631574 0.080946
v -25.4653 -33.2693 1198.39
vn 0.696543 0.680988 0.226018
v -25.905 -32.8214 1198.44
vn 0.895339 0.410594 -0.172569
v -26.1109 -34.3007 1195.34
vn 0.88652 0.360829 -0.289628
v -25.9064 -34.2444 1196.16
vn 0.900795 0.404194 -0.158729
v -26.4976 -34.1144 1192.97
vn 0.867654 0.484582 -0.111158
v -25.8028 -34.9989 1194.91
vn -0.70246 -0.589947 0.398136
v -28.0191 -37.6307 1199.76
vn 0.870349 0.411806 -0.270016
v -26.303 -35.0738 1191.9
vn 0.853443 0.322929 -0.409087
v -26.4978 -35.0768 1191.35
vn -0.720358 -0.611287 0.327738
v -28.7496 -37.8782 1197.96
vn -0.782784 -0.492158 0.380829
v -29.7276 -38.6925 1194.78
vn 0.692591 0.103859 -0.713814
v -27.5005 -36.0674 1189.77
vn 0.565696 -0.0554752 -0.822746
v -27.4487 -36.7168 1189.81
vn 0.563894 0.168629 -0.808448
v -28.4467 -39.0412 1189.12
vn -0.800796 -0.571446 0.179373
v -29.7437 -40.636 1191.57
vn -0.150093 -0.279042 -0.948477
v -28.8599 -40.0588 1188.89
vn 0.0886412 -0.127269 -0.9879
v -28.8805 -39.7314 1188.83
vn 0.313462 -0.0698702 -0.947027
v -29.0794 -38.9406 1188.76
vn -0.324851 -0.407244 -0.853595
v -29.1519 -40.1151 1188.99
vn -0.216012 -0.390249 -0.895011
v -29.1987 -39.835 1188.88
vn -0.546126 -0.550669 -0.631277
v -29.4876 -40.2097 1189.28
vn -0.419247 -0.538181 -0.731158
v -29.4676 -39.8549 1188.99
vn -0.662633 -0.636529 -0.394651
v -30.159 -40.0392 1189.82
vn -0.796137 -0.604944 0.0144183
v -29.4943 -41.0674 1191.07
vn -0.754856 -0.642434 -0.132173
v -29.8559 -40.6031 1190.4
vn 0.558424 0.753959 0.345989
v -26.9021 -32.0867 1198.63
vn 0.444977 0.805938 0.390459
v -27.4581 -31.7977 1198.79
vn 0.610156 0.72987 0.308219
v -26.78 -33.0853 1200.65
vn 0.437432 0.808988 0.392672
v -27.1491 -33.1592 1201.44
vn 0.27271 0.849468 0.4517
v -27.6236 -32.809 1201.16
vn 0.216354 0.803617 0.554428
v -27.3482 -33.3813 1201.98
vn -0.0997649 0.659363 0.745176
v -27.7282 -33.551 1202.21
vn -0.303091 0.440004 0.8453
v -27.8606 -33.7373 1202.29
vn 0.224117 0.829652 0.511321
v -27.5759 -33.0489 1201.55
vn 0.0460353 0.779028 0.625296
v -27.7342 -33.2404 1201.88
vn -0.457459 0.223398 0.860711
v -28.2078 -33.9038 1202.2
vn 0.0619314 0.820777 0.567881
v -27.9645 -32.9124 1201.45
vn -0.349833 0.433454 0.830502
v -28.3865 -33.4746 1201.94
vn 0.878501 0.434176 -0.199319
v -26.1257 -32.4419 1197.29
vn -0.677512 -0.412023 0.609274
v -29.1544 -35.0994 1201.17
vn -0.573714 0.0135263 0.818944
v -28.9419 -33.9664 1201.75
vn -0.485773 0.225019 0.844625
v -28.9581 -33.6302 1201.7
vn 0.942735 0.283355 -0.175953
v -26.5004 -33.4696 1194.97
vn 0.937448 0.325618 -0.123146
v -26.9567 -31.5758 1195.11
vn 0.942482 0.261682 -0.207966
v -26.8454 -32.848 1193.44
vn 0.923711 0.321945 -0.207628
v -27.0882 -33.2941 1192.06
vn 0.946527 0.21359 -0.241796
v -27.1856 -32.6572 1192.41
vn 0.973643 0.181895 -0.1376
v -27.3217 -32.6511 1191.81
vn -0.680119 -0.631904 0.371665
v -29.8961 -36.1948 1198.68
vn 0.904984 0.241434 -0.350305
v -27.045 -34.1338 1190.85
vn 0.966475 0.156897 -0.203246
v -27.3257 -33.1174 1190.64
vn 0.874898 0.00857797 -0.484232
v -27.5509 -33.5517 1189.93
vn -0.731273 -0.610705 0.303775
v -30.5102 -36.7839 1195.83
vn -0.684084 -0.668818 0.291054
v -30.0794 -36.6453 1197.43
vn 0.797151 0.139602 -0.587419
v -27.3726 -34.6944 1190.13
vn 0.708271 -0.0540533 -0.703868
v -28.2531 -35.0851 1189.13
vn 0.548962 -0.288981 -0.784303
v -28.9336 -35.4391 1188.65
vn 0.426399 -0.202751 -0.881519
v -28.7799 -36.5516 1189.17
vn 0.559589 0.070172 -0.825794
v -29.3801 -36.8106 1188.86
vn -0.787614 -0.606133 0.110751
v -30.9335 -39.2354 1190.74
vn -0.072601 -0.41404 -0.907359
v -29.9772 -38.8451 1188.56
vn -0.389064 -0.615645 -0.685282
v -30.5137 -38.8825 1188.79
vn -0.556201 -0.665282 -0.498037
v -30.7349 -39.1422 1189.3
vn -0.759042 -0.648712 -0.0550189
v -31.1795 -38.9847 1189.93
vn -0.693948 -0.671804 -0.259067
v -31.1491 -38.9718 1189.7
vn 0.330254 0.842358 0.42587
v -28.2214 -31.4625 1198.87
vn 0.198989 0.864897 0.460822
v -28.8516 -31.2994 1198.91
vn 0.0934713 0.838632 0.536618
v -28.5707 -32.1444 1200.33
vn -0.174766 0.658315 0.732174
v -28.7759 -33.0187 1201.51
vn -0.367862 0.435337 0.821681
v -29.221 -32.9782 1201.32
vn 0.676373 0.703462 0.218314
v -27.3915 -30.5947 1196.22
vn 0.53766 0.765454 0.353557
v -27.598 -30.5084 1196.42
vn 0.818552 0.572282 0.0496508
v -27.4426 -30.3995 1195.55
vn 0.332228 0.823505 0.459852
v -28.059 -30.4176 1196.76
vn -0.648462 -0.236938 0.723434
v -29.6229 -33.9654 1201.19
vn 0.969371 0.201152 -0.140915
v -27.3768 -30.8401 1192.81
vn -0.685669 -0.43219 0.585721
v -30.7232 -34.3197 1199.96
vn -0.679239 -0.555942 0.479128
v -30.8402 -34.5435 1199.61
vn 0.907125 0.264374 -0.327462
v -27.6747 -31.1289 1190.25
vn 0.757761 0.372366 -0.535856
v -27.913 -30.8154 1190.05
vn 0.881963 0.354467 -0.310635
v -27.8145 -30.5849 1190.4
vn 0.977512 0.134721 -0.162238
v -27.506 -31.7167 1190.49
vn 0.953957 0.251601 -0.163286
v -27.5638 -31.0867 1190.82
vn -0.683042 -0.650312 0.332488
v -30.648 -35.9555 1197.7
vn -0.681733 -0.606435 0.409238
v -31.2055 -34.6353 1198.94
vn 0.866028 0.0734232 -0.494576
v -27.7008 -32.3526 1189.65
vn 0.909272 0.167956 -0.380809
v -27.6157 -31.8114 1189.99
vn 0.764707 0.0942504 -0.637449
v -27.9717 -32.4466 1189.26
vn 0.787146 0.203377 -0.582271
v -27.8624 -31.8765 1189.54
vn 0.798777 0.289632 -0.527322
v -27.7821 -31.341 1189.89
vn 0.947386 0.0677205 -0.312848
v -27.5183 -32.497 1190.04
vn 0.824037 -0.0261854 -0.565931
v -27.7454 -33.1336 1189.57
vn -0.691593 -0.675946 0.254551
v -30.7175 -36.1954 1197
vn 0.759583 -0.0126221 -0.650288
v -28.4954 -33.3244 1188.6
vn 0.708871 -0.0685175 -0.702002
v -28.6872 -33.6377 1188.41
vn 0.692138 0.0516792 -0.719912
v -28.8235 -33.1312 1188.25
vn 0.774164 -0.0842303 -0.627356
v -28.3712 -33.8454 1188.78
vn 0.639077 -0.0887623 -0.764004
v -29.1251 -33.6178 1188
vn 0.36002 -0.534982 -0.764317
v -29.2277 -35.53 1188.52
vn 0.679763 -0.156491 -0.716542
v -28.8846 -34.3133 1188.31
vn 0.616798 -0.205705 -0.759767
v -29.334 -34.6629 1188.01
vn 0.50752 -0.382265 -0.772203
v -29.6905 -34.8594 1187.8
vn 0.378091 -0.497654 -0.780633
v -29.8983 -34.9931 1187.75
vn 0.538184 -0.225286 -0.81216
v -29.8008 -34.6777 1187.66
vn 0.222959 -0.671863 -0.706321
v -30.131 -35.4715 1188.13
vn 0.343871 -0.46741 -0.814421
v -30.2525 -35.6391 1188.23
vn 0.201175 -0.680206 -0.704874
v -30.1526 -35.1824 1187.81
vn 0.245899 -0.600941 -0.760528
v -30.3474 -35.4409 1188.05
vn 0.389208 -0.41601 -0.821859
v -30.4947 -35.6524 1188.11
vn 0.501037 -0.153222 -0.851754
v -30.5767 -35.7738 1188.12
vn 0.562353 0.0581355 -0.824851
v -30.9995 -36.0916 1187.75
vn 0.397887 -0.39681 -0.827181
v -30.835 -35.3908 1187.84
vn -0.78394 -0.561262 0.265374
v -31.4147 -38.3939 1191.42
vn 0.375864 -0.146524 -0.915017
v -31.5655 -36.3735 1187.45
vn -0.543069 -0.690211 -0.47821
v -32.1751 -37.4011 1188.34
vn -0.666244 -0.686114 -0.292177
v -32.1365 -37.6564 1188.72
vn 0.801398 0.581955 0.138166
v -28.1734 -29.1252 1193.4
vn 0.163795 0.860977 0.48155
v -28.8176 -30.3953 1197.17
vn -0.566872 0.0390165 0.822881
v -31.276 -32.5753 1200
vn -0.0565483 0.742912 0.666996
v -30.9034 -31.6876 1199.74
vn -0.259291 0.545605 0.796921
v -31.0158 -31.8397 1199.86
vn -0.460511 0.256502 0.849786
v -31.2862 -32.2318 1199.95
vn 0.879023 0.47491 -0.0421824
v -28.422 -28.3831 1191.66
vn 0.921195 0.383863 -0.0636271
v -27.9139 -29.3861 1192.15
vn 0.888008 0.459735 0.00928461
v -28.158 -28.8625 1192.05
vn 0.895992 0.390565 -0.211325
v -28.1861 -28.9498 1191.48
vn -0.697525 -0.347937 0.626418
v -31.9282 -33.293 1199.23
vn -0.680577 -0.328001 0.655156
v -31.0808 -33.7644 1199.89
vn -0.702144 -0.483848 0.522385
v -31.4856 -34.1023 1199.19
vn 0.788984 0.348065 -0.506314
v -28.2402 -29.7554 1190.4
vn -0.69916 -0.643964 0.310622
v -32.578 -34.2168 1196.99
vn 0.677514 0.290312 -0.675791
v -28.6284 -31.6634 1188.79
vn 0.699342 0.281021 -0.657227
v -29.2134 -31.1082 1188.54
vn 0.81899 0.160973 -0.550766
v -29.0866 -30.1195 1189.01
vn 0.762346 0.0834326 -0.641769
v -29.5681 -30.9468 1188.25
vn 0.652804 0.148877 -0.742754
v -29.6576 -32.644 1187.56
vn 0.66746 0.232512 -0.707415
v -30.1044 -31.484 1187.54
vn -0.722997 -0.637648 0.265858
v -32.0047 -35.476 1194.97
vn 0.624922 -0.0305504 -0.78009
v -29.7198 -33.116 1187.48
vn 0.295966 -0.522972 -0.799315
v -31.1627 -34.3075 1186.79
vn 0.506966 -0.187793 -0.841261
v -31.317 -35.4629 1187.58
vn 0.217225 -0.596147 -0.772931
v -31.1879 -34.9546 1187.42
vn -0.757515 -0.652755 -0.00903556
v -32.778 -37.0755 1189.25
vn -0.0550645 -0.507722 -0.859759
v -32.6715 -35.766 1187.02
vn -0.339157 -0.635028 -0.694055
v -32.0332 -36.9166 1187.68
vn -0.43056 -0.685216 -0.58745
v -32.7804 -36.2332 1187.46
vn -0.708946 -0.681183 -0.182715
v -32.8764 -36.9218 1188.79
vn 0.640159 0.7035 0.30868
v -28.8999 -27.9186 1192.23
vn 0.622681 0.734483 0.269822
v -28.9087 -28.4591 1193.69
vn 0.129323 0.779785 0.612545
v -30.3725 -28.3237 1194.58
vn 0.119685 0.805107 0.580929
v -29.7299 -29.3895 1195.8
vn 0.145843 0.825007 0.54598
v -30.4677 -29.6914 1196.29
vn 0.0983555 0.834711 0.541833
v -31.8644 -30.7256 1198.57
vn -0.353965 0.389467 0.850309
v -31.6739 -31.763 1199.59
vn -0.531809 0.117389 0.838689
v -32.0438 -31.9668 1199.47
vn -0.456387 0.2879 0.841917
v -32.4123 -31.4663 1199.13
vn -0.0348073 0.765874 0.642048
v -32.5492 -30.6554 1198.54
vn -0.243558 0.572994 0.782533
v -32.655 -30.7965 1198.66
vn 0.86951 0.350776 -0.347718
v -28.9496 -27.9165 1190.44
vn 0.866598 0.488335 -0.102647
v -28.8624 -27.6547 1191.11
vn 0.751787 0.636394 0.17268
v -29.0044 -27.4543 1191.43
vn 0.84317 0.467291 -0.265902
v -29.4441 -26.9038 1190.28
vn 0.794437 0.589068 0.147878
v -28.5642 -28.1836 1191.99
vn -0.652992 -0.15563 0.741203
v -32.4679 -32.2861 1199.11
vn 0.861026 0.186941 -0.472956
v -29.5727 -28.7511 1188.41
vn 0.854451 0.295789 -0.427109
v -29.7523 -28.2798 1188.33
vn 0.866569 0.245503 -0.434496
v -28.8125 -28.8292 1190.05
vn -0.705019 -0.593519 0.38818
v -32.7432 -33.6196 1197.77
vn 0.81413 0.0700058 -0.576447
v -29.6818 -29.3044 1188.11
vn 0.767089 -0.00211961 -0.641538
v -30.3382 -29.6714 1187.28
vn 0.815617 0.189197 -0.546785
v -29.8778 -28.5137 1188
vn 0.870224 0.0904674 -0.484279
v -29.3163 -29.411 1188.67
vn 0.744605 -0.0416035 -0.666207
v -30.6076 -30.7662 1187.04
vn 0.730447 -0.0313759 -0.682248
v -30.952 -29.9561 1186.58
vn 0.725208 0.0809719 -0.683752
v -30.4494 -31.311 1187.23
vn 0.707884 -0.00712022 -0.706293
v -31.4533 -31.1289 1186.18
vn 0.661015 0.0421808 -0.749186
v -30.9219 -32.4832 1186.53
vn -0.769486 -0.632141 0.0910403
v -34.0064 -35.5776 1189.52
vn 0.304782 -0.312609 -0.899657
v -33.0713 -34.6166 1186.42
vn -0.0948184 -0.592326 -0.8001
v -33.8875 -34.402 1186.2
vn -0.643073 -0.71937 -0.262609
v -34.2992 -35.19 1187.58
vn 0.425209 0.791974 0.438149
v -30.8376 -26.1486 1191.56
vn 0.495209 0.774395 0.393802
v -29.9703 -27.2697 1192.6
vn 0.263042 0.794955 0.546677
v -30.47 -27.5267 1193.48
vn 0.149842 0.780276 0.607221
v -31.2096 -28.7557 1195.2
vn 0.191891 0.770152 0.608312
v -32.1689 -28.073 1194.63
vn 0.739202 0.65768 -0.145043
v -30.3259 -25.8824 1189.68
vn 0.770375 0.636999 0.027488
v -29.5902 -26.6129 1190.62
vn 0.60123 0.742774 0.294635
v -29.7758 -26.4912 1190.86
vn 0.776618 0.621442 -0.103313
v -29.7149 -26.478 1190.31
vn 0.656594 0.750019 0.0797268
v -30.144 -26.0379 1190.18
vn 0.524566 0.805015 0.277093
v -30.3821 -25.9667 1190.62
vn -0.136859 0.645991 0.750976
v -33.8341 -30.1278 1197.73
vn 0.819244 0.403596 -0.40737
v -30.518 -26.5182 1188.15
vn 0.812361 0.291092 -0.505307
v -30.7377 -26.9484 1187.44
vn 0.775253 0.188724 -0.602798
v -30.9495 -27.7249 1186.78
vn 0.776011 0.0845782 -0.625023
v -30.4243 -28.7074 1187.23
vn 0.742643 0.0877675 -0.663911
v -30.9508 -28.4797 1186.64
vn 0.749223 0.028827 -0.66169
v -30.7706 -29.2892 1186.78
vn 0.680041 -0.0456377 -0.731752
v -31.8359 -29.4754 1185.67
vn 0.708548 0.0453134 -0.704206
v -31.6427 -28.8691 1185.86
vn 0.691934 -0.0159897 -0.721784
v -32.408 -30.564 1185.29
vn 0.439629 -0.312345 -0.84212
v -33.0137 -32.183 1184.87
vn 0.249311 -0.446788 -0.8592
v -33.1642 -32.404 1184.9
vn 0.00829247 -0.538387 -0.842657
v -33.36 -32.3383 1184.85
vn 0.662452 -0.0401908 -0.748026
v -32.9086 -31.304 1184.79
vn 0.315366 -0.343115 -0.884769
v -33.4361 -31.5981 1184.47
vn -0.262319 -0.599068 -0.75651
v -33.7186 -32.151 1184.78
vn 0.721271 -0.0843563 -0.687497
v -33.0608 -30.7722 1184.61
vn 0.580229 -0.200061 -0.7895
v -33.3728 -31.2992 1184.42
vn -0.0132296 -0.630728 -0.775891
v -33.0096 -32.8605 1185.22
vn 0.185019 -0.471893 -0.862024
v -33.5434 -33.5706 1185.85
vn -0.152972 -0.565824 -0.810211
v -33.9056 -32.3912 1185.06
vn 0.138978 -0.387819 -0.911198
v -34.3405 -32.6543 1185.21
vn -0.73337 -0.679066 -0.032216
v -34.801 -34.7701 1188.09
vn -0.755403 -0.623748 0.200758
v -35.339 -33.9003 1189.56
vn 0.0959555 -0.518639 -0.849592
v -34.0501 -33.959 1185.87
vn -0.349985 -0.715503 -0.60462
v -35.1122 -33.6945 1186.03
vn 0.276233 0.816615 0.50679
v -31.2682 -26.0449 1191.67
vn 0.590005 0.80364 0.0778284
v -30.7329 -25.5227 1189.69
vn 0.603362 0.794784 -0.0653566
v -30.8677 -25.4309 1189.18
vn 0.734992 0.62776 -0.256326
v -30.9015 -25.5546 1188.66
vn 0.501841 0.857969 0.109749
v -31.2416 -25.192 1189.64
vn 0.373859 0.843613 0.385416
v -31.1823 -25.6555 1190.92
vn 0.48822 0.839047 0.240084
v -30.971 -25.4514 1190.13
vn 0.40961 0.869285 0.276701
v -31.3219 -25.2509 1190.07
vn 0.234834 0.76961 0.593762
v -33.4013 -26.7756 1193.52
vn 0.182439 0.79288 0.581427
v -33.0038 -28.4626 1195.53
vn -0.590277 0.0142051 0.807076
v -34.5897 -30.5571 1197.5
vn -0.42631 0.300055 0.853362
v -34.6011 -30.215 1197.45
vn -0.666358 -0.168757 0.726284
v -34.9076 -30.7074 1197.21
vn -0.179218 0.473944 0.862124
v -34.5787 -29.8326 1197.33
vn -0.548296 -0.00262846 0.83628
v -35.5192 -29.7741 1196.88
vn 0.78985 0.324598 -0.520359
v -31.1822 -26.5807 1186.96
vn -0.6758 -0.303824 0.671555
v -35.2038 -30.8317 1196.88
vn -0.706099 -0.472304 0.527593
v -36.1791 -30.5971 1195.9
vn 0.745959 0.249649 -0.61743
v -31.3849 -26.9488 1186.51
vn 0.711836 0.157155 -0.684538
v -31.7023 -27.4959 1186
vn -0.7044 -0.6573 0.267911
v -35.321 -31.9342 1195.5
vn 0.717949 0.14831 -0.680113
v -32.6087 -27.6474 1185.08
vn 0.75067 -0.0197977 -0.660381
v -32.6073 -28.9975 1184.96
vn 0.728075 -0.0835402 -0.680388
v -33.5248 -29.4469 1183.71
vn 0.351455 -0.123908 -0.927969
v -33.7673 -29.1093 1183.48
vn 0.728057 0.165968 -0.665122
v -33.3648 -28.0627 1184.03
vn 0.599769 0.0555124 -0.798246
v -33.7883 -28.7788 1183.45
vn 0.776626 -0.134232 -0.615495
v -33.1485 -30.252 1184.4
vn 0.460566 -0.241913 -0.854024
v -33.6419 -29.6288 1183.66
vn 0.152092 -0.276763 -0.948826
v -34.0436 -30.2246 1183.7
vn -0.234477 -0.192419 -0.952888
v -34.2528 -30.1718 1183.7
vn 0.118989 -0.198153 -0.972922
v -33.9048 -29.3158 1183.48
vn 0.115727 -0.463015 -0.878763
v -33.8235 -31.2891 1184.21
vn 0.294745 -0.353196 -0.887906
v -33.8173 -30.5921 1183.89
vn -0.30345 -0.563156 -0.768618
v -34.1822 -31.1018 1184.15
vn -0.408337 -0.529479 -0.743581
v -34.445 -31.4322 1184.59
vn -0.105061 -0.495182 -0.862413
v -34.144 -30.716 1183.88
vn -0.124993 -0.37698 -0.917749
v -34.7126 -31.4498 1184.71
vn -0.127768 -0.342808 -0.930676
v -34.196 -30.4448 1183.76
vn -0.351434 -0.446472 -0.822895
v -34.3135 -30.6058 1183.86
vn -0.49203 -0.502362 -0.711013
v -34.409 -30.7292 1184
vn -0.405558 -0.244879 -0.880657
v -34.3499 -30.308 1183.76
vn -0.561753 -0.324709 -0.760919
v -34.461 -30.458 1183.88
vn -0.639088 -0.405872 -0.653325
v -34.6349 -30.676 1184.18
vn -0.493118 -0.417377 -0.763303
v -34.805 -30.8875 1184.48
vn -0.566851 -0.113213 -0.816004
v -34.4792 -30.1293 1183.8
vn -0.331743 -0.351463 -0.875455
v -35.0713 -30.9029 1184.6
vn -0.477132 -0.262993 -0.838558
v -34.9862 -30.4375 1184.4
vn 0.423881 0.0801137 -0.902168
v -35.4172 -31.0636 1184.53
vn -0.231819 -0.503636 -0.832232
v -34.3123 -31.926 1184.88
vn 0.393523 -0.0968328 -0.914201
v -35.1634 -31.6114 1184.66
vn -0.752259 -0.653654 0.0827243
v -36.344 -33.0875 1187.8
vn 0.362682 -0.264578 -0.893566
v -34.8371 -32.3361 1184.94
vn -0.581307 -0.755751 -0.301533
v -36.3426 -32.9579 1186.11
vn 0.446978 0.884055 0.136594
v -32.7642 -24.2715 1188.94
vn 0.540424 0.840441 -0.0400135
v -32.8544 -24.1425 1188.21
vn 0.158597 0.729008 0.665879
v -34.8197 -27.8854 1195.5
vn 0.761558 0.497354 -0.415534
v -32.1266 -25.1165 1186.58
vn 0.738781 0.367265 -0.565084
v -32.2412 -25.3373 1186.23
vn 0.647426 0.736246 -0.196931
v -32.176 -24.7383 1187.19
vn 0.657405 0.671329 -0.34225
v -32.375 -24.7443 1186.66
vn 0.676637 0.537491 -0.503254
v -32.6189 -24.8104 1186.18
vn 0.574534 0.692206 -0.436763
v -32.9293 -24.5499 1186.12
vn 0.525499 0.843058 -0.114469
v -33.0033 -24.1156 1187.38
vn 0.559799 0.789097 -0.252887
v -33.0348 -24.2787 1186.56
vn 0.685316 0.26546 -0.678139
v -32.5905 -25.567 1185.71
vn 0.687758 0.39858 -0.606732
v -32.5862 -25.1644 1185.92
vn 0.622404 0.51496 -0.589431
v -32.8793 -24.8875 1185.8
vn 0.616989 0.393214 -0.681694
v -33.0181 -25.1372 1185.5
vn 0.578391 0.312133 -0.753682
v -33.4832 -25.5474 1184.93
vn 0.550863 0.573315 -0.606515
v -33.1941 -24.6366 1185.72
vn 0.53081 0.441699 -0.723286
v -33.3957 -25.0033 1185.26
vn -0.703178 -0.592978 0.392325
v -36.4753 -30.7632 1195.27
vn 0.652126 0.270365 -0.708262
v -33.2409 -26.6801 1184.72
vn 0.47122 0.328093 -0.818723
v -33.6981 -26.6833 1184.35
vn -0.264195 0.224847 -0.937894
v -34.3541 -26.9815 1184.13
vn 0.159994 0.281282 -0.946194
v -34.1003 -26.5697 1184.23
vn 0.479391 0.285101 -0.830001
v -33.8359 -28.4801 1183.47
vn 0.00968513 0.175031 -0.984515
v -33.941 -28.6374 1183.39
vn -0.26418 -0.0859276 -0.960638
v -34.0978 -28.8738 1183.43
vn 0.532264 0.3364 -0.776872
v -33.6519 -27.7786 1183.89
vn -0.542337 0.152911 -0.826129
v -34.2041 -28.6604 1183.5
vn 0.164147 0.38578 -0.907871
v -33.8919 -27.3964 1183.95
vn -0.307604 0.334935 -0.890617
v -34.1219 -27.728 1183.82
vn -0.559128 0.216919 -0.800201
v -34.3521 -27.7171 1183.96
vn -0.442406 0.0780898 -0.893409
v -34.667 -27.4163 1184.24
vn -0.535782 0.0363048 -0.843576
v -35.4394 -28.9857 1184.5
vn -0.316298 0.0161245 -0.948523
v -35.6051 -29.1377 1184.59
vn -0.226244 -0.0448193 -0.973039
v -35.7082 -28.9221 1184.61
vn -0.728015 -0.669207 0.148848
v -37.0667 -31.5956 1190.45
vn -0.289037 -0.21291 -0.933342
v -35.5039 -30.456 1184.56
vn 0.640313 0.136543 -0.755881
v -35.7863 -30.9195 1184.27
vn -0.516765 -0.0753118 -0.852809
v -35.3469 -29.5858 1184.46
vn 0.571176 0.176981 -0.801521
v -35.7567 -30.4865 1184.43
vn 0.102621 0.111153 -0.988491
v -35.7602 -29.7375 1184.58
vn 0.666974 0.237323 -0.706274
v -36.0769 -29.8864 1184.29
vn 0.0147348 0.0223892 -0.999641
v -35.8602 -29.1459 1184.64
vn 0.440923 0.201186 -0.874706
v -35.9773 -29.3278 1184.59
vn 0.353058 0.0185785 -0.935417
v -36.0237 -29.0277 1184.61
vn 0.49179 -0.144344 -0.858666
v -35.9854 -31.2415 1184.1
vn -0.704542 -0.707332 -0.0574675
v -36.8856 -32.5305 1186.6
vn 0.407724 0.86779 0.284081
v -33.9057 -23.7822 1188.93
vn 0.520242 0.853807 0.0190494
v -33.9104 -23.5855 1187.77
vn 0.240457 0.794323 0.557882
v -34.5171 -25.3575 1192.03
vn 0.259131 0.783018 0.56545
v -35.5076 -25.331 1192.34
vn 0.197015 0.733794 0.650178
v -36.7374 -26.4798 1194.64
vn -0.060189 0.541053 0.838832
v -37.2358 -27.4539 1195.62
vn 0.527955 0.842753 -0.10503
v -33.7126 -23.7252 1187.28
vn 0.584542 0.765974 -0.267571
v -34.2477 -23.5753 1186.23
vn 0.61255 0.777491 -0.142448
v -34.384 -23.3502 1186.67
vn 0.480358 0.527907 -0.700408
v -33.8812 -24.6429 1185.17
vn 0.514739 0.447785 -0.731118
v -34.6158 -24.3086 1184.94
vn 0.442362 0.326932 -0.835124
v -34.8632 -24.7302 1184.58
vn 0.567025 0.626386 -0.534905
v -34.1953 -23.9519 1185.61
vn 0.425253 0.364704 -0.828342
v -33.9646 -25.5795 1184.61
vn -0.0963376 0.0232989 -0.995076
v -34.7301 -26.406 1184.28
vn 0.216171 0.214938 -0.952403
v -34.4845 -25.6578 1184.38
vn 0.0881814 -0.143582 -0.985702
v -35.221 -26.4047 1184.3
vn 0.333681 0.153494 -0.930106
v -34.9905 -25.322 1184.33
vn 0.210709 0.00581393 -0.977531
v -35.2318 -25.6945 1184.25
vn 0.0546459 -0.322498 -0.944991
v -35.7525 -26.4723 1184.26
vn 0.317351 -0.181663 -0.930745
v -35.6532 -25.9164 1184.12
vn 0.412228 0.0113051 -0.911011
v -35.4115 -25.24 1184.18
vn 0.157532 -0.406642 -0.899903
v -35.9962 -26.1285 1184.09
vn -0.0361118 -0.153502 -0.987488
v -35.3813 -26.998 1184.39
vn 0.0178358 -0.191449 -0.981341
v -36.4874 -26.8209 1184.39
vn 0.229688 -0.0126945 -0.973181
v -36.6326 -27.0365 1184.4
vn 0.0456052 -0.0802041 -0.995735
v -35.7762 -27.9364 1184.53
vn 0.314373 0.0174287 -0.94914
v -36.3884 -27.7694 1184.41
vn 0.642051 0.202309 -0.739487
v -36.2643 -29.0437 1184.45
vn 0.56741 0.15291 -0.809113
v -36.7142 -28.2849 1184.21
vn 0.636268 0.021166 -0.771177
v -36.8786 -30.1135 1183.39
vn 0.34269 -0.355097 -0.869753
v -37.1356 -30.5048 1183.34
vn 0.518413 -0.154998 -0.840966
v -37.1144 -30.1237 1183.22
vn -0.71006 -0.7038 0.0219139
v -38.8284 -30.5259 1185.56
vn 0.332978 0.829412 0.448555
v -35.7368 -23.1824 1189.22
vn 0.660692 0.710385 -0.242569
v -34.7189 -23.2001 1186.1
vn 0.523483 0.833506 0.176727
v -35.036 -22.7407 1187.52
vn 0.612036 0.785018 -0.0957042
v -35.1576 -22.6341 1186.97
vn -0.63373 -0.359636 0.684871
v -38.7857 -28.0676 1194.72
vn 0.601693 0.291804 -0.743516
v -35.0839 -24.3248 1184.6
vn 0.664671 0.420534 -0.617547
v -34.9299 -23.6594 1185.08
vn 0.726062 0.530226 -0.437829
v -34.9691 -23.3088 1185.38
vn 0.744402 0.198607 -0.637512
v -35.4173 -23.7405 1184.48
vn 0.760011 0.35513 -0.544303
v -35.4106 -23.335 1184.69
vn 0.521576 0.157501 -0.838541
v -35.3469 -24.7652 1184.27
vn 0.676082 0.0452358 -0.735436
v -35.6195 -24.4637 1184.1
vn 0.525902 -0.118607 -0.842235
v -36.0346 -25.1279 1183.8
vn 0.59815 -0.292674 -0.746028
v -36.3609 -24.5768 1183.37
vn 0.0505899 -0.375736 -0.925345
v -36.5613 -26.5742 1184.33
vn 0.1491 -0.214057 -0.965375
v -36.6454 -26.6961 1184.35
vn 0.0848678 -0.509476 -0.856289
v -36.6316 -26.3339 1184.18
vn 0.188194 -0.372495 -0.908752
v -36.7882 -26.5531 1184.28
vn 0.351707 -0.0929266 -0.931486
v -36.9366 -26.7726 1184.3
vn 0.30801 -0.367572 -0.877508
v -37.1728 -26.4181 1184.13
vn 0.560508 0.0837804 -0.8239
v -37.3262 -26.6531 1184.09
vn 0.286289 -0.452197 -0.844723
v -36.832 -25.2663 1183.48
vn 0.232516 -0.589972 -0.77322
v -37.4915 -25.5212 1183.47
vn 0.718952 0.264954 -0.642579
v -38.0949 -27.9914 1182.76
vn 0.695834 0.320582 -0.642684
v -38.0585 -27.2509 1183.24
vn 0.65728 0.135397 -0.741384
v -38.6824 -28.2342 1182.08
vn -0.550636 -0.780297 -0.296542
v -39.3775 -29.7779 1183.7
vn -0.636687 -0.756741 -0.148234
v -39.4563 -29.8334 1184.14
vn 0.320781 0.796879 0.51194
v -37.4108 -22.6948 1189.65
vn 0.171562 0.735921 0.654971
v -39.2942 -24.3236 1192.88
vn 0.426087 0.837809 0.341359
v -36.1135 -22.1503 1187.55
vn -0.0498268 0.554969 0.830377
v -39.7034 -25.8264 1194.36
vn -0.444204 0.0465812 0.894714
v -39.9894 -26.2443 1194.43
vn -0.564094 -0.182235 0.80535
v -40.2312 -26.2618 1194.28
vn -0.65596 -0.348839 0.669348
v -40.6155 -26.5334 1193.83
vn -0.377498 0.186398 0.907056
v -40.5454 -25.6544 1194.12
vn 0.745673 0.516089 -0.421455
v -36.9136 -22.1208 1183.26
vn -0.703897 -0.667742 0.242178
v -41.4152 -26.9717 1192.15
vn -0.692345 -0.525911 0.494041
v -40.2815 -27.5563 1193.43
vn -0.673181 -0.44932 0.587315
v -40.4648 -27.0643 1193.67
vn 0.739414 0.149616 -0.656416
v -37.1822 -23.007 1182.43
vn 0.703162 0.0177071 -0.71081
v -37.3572 -23.3001 1182.21
vn 0.74946 0.41701 -0.514211
v -37.1543 -22.1787 1182.81
vn 0.682865 0.0914915 -0.724793
v -37.6068 -22.9712 1181.99
vn 0.705402 -0.0988421 -0.701882
v -36.8856 -23.9911 1182.7
vn 0.489209 -0.447892 -0.748377
v -37.0357 -24.2211 1182.66
vn 0.777979 0.259221 -0.572322
v -36.6615 -22.7634 1183.16
vn 0.748888 0.063402 -0.659657
v -36.9361 -23.3403 1182.65
vn 0.392059 -0.545063 -0.741077
v -37.5408 -24.2827 1182.39
vn 0.623717 -0.210709 -0.752715
v -37.4375 -23.7938 1182.16
vn 0.616611 -0.0837871 -0.782797
v -37.5868 -23.5781 1182.01
vn 0.483958 -0.344169 -0.80457
v -37.6757 -23.8069 1181.99
vn 0.451956 -0.235499 -0.860393
v -37.7973 -23.6396 1181.87
vn 0.273589 -0.482443 -0.832105
v -37.9641 -23.8843 1181.91
vn 0.131982 -0.635176 -0.761007
v -38.0894 -24.0586 1182
vn 0.118123 -0.619868 -0.775764
v -38.4208 -25.1473 1182.99
vn 0.556563 -0.00373101 -0.830797
v -38.8576 -25.7868 1183.09
vn 0.232757 -0.49328 -0.838152
v -38.7565 -25.2805 1183.01
vn 0.685093 0.305669 -0.661221
v -38.4782 -26.4321 1183.25
vn 0.720633 0.302673 -0.623761
v -39.1804 -26.7798 1182.08
vn 0.319418 -0.343033 -0.883346
v -40.0525 -27.5105 1181.14
vn 0.575243 -0.0255638 -0.817583
v -39.9345 -27.3056 1181.16
vn 0.0111963 -0.605081 -0.796085
v -40.4001 -27.6364 1181.15
vn -0.435989 -0.780648 -0.447774
v -39.9908 -28.7003 1182.26
vn 0.296082 0.779478 0.552041
v -38.9522 -22.3705 1190.11
vn 0.397761 0.830182 0.390621
v -37.9744 -20.9692 1187.08
vn 0.439964 0.855299 0.27367
v -38.1612 -20.6062 1186.44
vn -0.550759 -0.0521382 0.833035
v -40.7969 -25.6835 1193.99
vn -0.632553 -0.23921 0.736651
v -40.8886 -25.8351 1193.89
vn -0.682161 -0.31881 0.65804
v -41.1848 -25.9594 1193.55
vn -0.641105 -0.148333 0.752982
v -41.1649 -25.538 1193.73
vn -0.224393 0.445057 0.866932
v -41.046 -24.9981 1193.69
vn -0.453007 0.206202 0.867333
v -41.1944 -25.2176 1193.71
vn -0.690605 -0.254381 0.677019
v -41.7397 -25.3681 1193.23
vn 0.71085 0.618822 -0.334294
v -37.2019 -21.8382 1183.13
vn 0.637774 0.725876 -0.257581
v -37.805 -21.3046 1182.92
vn -0.728579 -0.570406 0.379223
v -41.6886 -26.4994 1192.47
vn -0.710946 -0.482441 0.51167
v -41.3098 -26.5901 1193
vn -0.712962 -0.33441 0.616324
v -41.8869 -25.6279 1192.96
vn 0.716003 0.255641 -0.649606
v -37.4939 -22.3968 1182.27
vn 0.651633 0.162543 -0.740914
v -37.7785 -22.7676 1181.87
vn 0.700348 0.559068 -0.443797
v -37.7224 -21.6032 1182.52
vn 0.688428 0.402237 -0.60355
v -37.8395 -21.827 1182.18
vn 0.641998 0.300157 -0.70551
v -38.1296 -21.9441 1181.83
vn 0.584313 0.173497 -0.792765
v -38.377 -22.3656 1181.47
vn 0.654554 0.53998 -0.529132
v -38.0723 -21.4361 1182.22
vn 0.634312 0.66824 -0.38872
v -38.1802 -21.2096 1182.37
vn 0.611015 0.43455 -0.661685
v -38.3491 -21.5372 1181.85
vn 0.560106 0.307675 -0.769167
v -38.6243 -22.0129 1181.39
vn 0.587741 0.620119 -0.519628
v -38.3822 -21.1794 1182.13
vn 0.577302 -0.033003 -0.815864
v -37.9296 -23.1273 1181.71
vn 0.260036 -0.359472 -0.896192
v -38.1894 -23.522 1181.67
vn 0.546516 0.0290117 -0.836946
v -38.1949 -22.8172 1181.53
vn 0.415979 -0.169107 -0.893512
v -38.318 -23.0085 1181.48
vn 0.0864246 -0.435921 -0.895826
v -38.866 -23.1706 1181.38
vn 0.432721 -0.0482337 -0.900237
v -38.5834 -22.6963 1181.31
vn 0.244285 -0.257894 -0.934781
v -38.7209 -22.9028 1181.31
vn 0.495181 0.148154 -0.856064
v -38.7582 -22.236 1181.23
vn 0.345259 -0.00576503 -0.93849
v -39.0146 -22.2708 1181.11
vn 0.0649396 -0.544983 -0.835928
v -38.5716 -23.7216 1181.71
vn 0.130547 -0.550745 -0.824401
v -39.6108 -24.4583 1182.32
vn 0.276035 -0.414477 -0.867187
v -40.3061 -24.085 1181.95
vn 0.39623 -0.271373 -0.877131
v -39.5071 -24.9949 1182.61
vn 0.752683 0.385304 -0.533862
v -40.1448 -25.7371 1181.52
vn 0.597387 0.0551782 -0.800053
v -40.3907 -24.5669 1182.03
vn -0.66251 -0.747563 0.0472289
v -42.5127 -27.0029 1184.67
vn -0.270078 -0.754603 -0.598023
v -40.9596 -27.3919 1181.03
vn -0.650184 -0.756669 -0.068652
v -41.8172 -27.665 1182.99
vn -0.556958 -0.798319 -0.229096
v -41.8496 -27.4768 1182.07
vn 0.536802 0.843703 0.00295567
v -39.2831 -19.8402 1185.59
vn -0.668896 -0.149663 0.728134
v -42.2776 -24.7565 1192.89
vn -0.747303 -0.44073 0.497288
v -42.5202 -25.4979 1192.21
vn -0.723122 -0.298753 0.622768
v -42.4357 -25.0294 1192.63
vn -0.750529 -0.566205 0.340762
v -43.3285 -25.0934 1191.26
vn 0.551813 0.521826 -0.650538
v -38.6579 -21.2791 1181.75
vn 0.494886 0.420376 -0.760508
v -38.8076 -21.5419 1181.48
vn 0.556938 0.736148 -0.384586
v -38.6681 -20.852 1182.29
vn 0.494225 0.596804 -0.632113
v -38.9848 -21.0427 1181.7
vn 0.384916 0.383536 -0.839488
v -39.2998 -21.587 1181.19
vn 0.440201 0.485493 -0.755327
v -39.3003 -21.1901 1181.41
vn 0.477525 0.375448 -0.794361
v -40.129 -21.0104 1181.08
vn 0.431021 0.271913 -0.860398
v -39.0634 -21.9736 1181.13
vn 0.174616 -0.159488 -0.971634
v -39.2951 -22.3346 1181.03
vn 0.064188 -0.379989 -0.922761
v -39.5192 -22.6594 1181.11
vn 0.269291 0.108737 -0.9569
v -39.3258 -22.0156 1181.02
vn 0.0988244 -0.242802 -0.965029
v -39.764 -22.31 1180.99
vn 0.227197 -0.361864 -0.904122
v -40.4542 -22.2564 1180.89
vn 0.392176 0.266217 -0.880526
v -40.1478 -21.4303 1180.9
vn 0.28331 -0.109111 -0.952801
v -40.371 -21.7812 1180.78
vn 0.416132 -0.280797 -0.864863
v -40.783 -22.0442 1180.69
vn 0.0796247 -0.525843 -0.846847
v -40.2466 -23.6629 1181.71
vn 0.162691 -0.454083 -0.87598
v -40.5353 -22.7151 1181.1
vn -0.660006 -0.739264 0.133723
v -43.1524 -26.127 1187.27
vn 0.497806 -0.140437 -0.855843
v -40.8307 -24.0489 1181.72
vn 0.66478 0.17546 -0.726141
v -40.8883 -24.2627 1181.67
vn 0.739821 0.396709 -0.543403
v -40.9583 -24.3883 1181.52
vn 0.290066 -0.469059 -0.834173
v -40.875 -23.5357 1181.49
vn 0.405702 -0.332751 -0.851283
v -41.0405 -23.7647 1181.53
vn 0.772417 0.422744 -0.473982
v -41.4191 -24.4794 1180.57
vn 0.421667 -0.401099 -0.813214
v -41.1893 -23.5212 1181.34
vn 0.578728 -0.126176 -0.805701
v -41.2857 -23.7968 1181.39
vn 0.555143 -0.289522 -0.779739
v -41.4467 -23.5463 1181.21
vn 0.738143 0.154022 -0.656828
v -41.5047 -23.7869 1181.19
vn 0.786407 0.431019 -0.442479
v -41.5602 -23.8951 1181.01
vn 0.395541 -0.467128 -0.790784
v -41.2722 -23.093 1181.04
vn 0.624503 -0.236883 -0.744233
v -41.7796 -23.3769 1180.9
vn 0.69923 0.187121 -0.689973
v -41.4051 -25.5453 1180.1
vn 0.73407 0.269073 -0.623491
v -41.2757 -25.0191 1180.42
vn 0.236112 -0.452576 -0.859899
v -41.8789 -25.9996 1179.87
vn -0.104832 -0.710344 -0.696004
v -42.0932 -26.2862 1180.11
vn 0.497855 -0.176061 -0.849201
v -41.8277 -25.5751 1179.74
vn -0.449441 -0.805331 -0.386581
v -42.5625 -26.5303 1180.76
vn -0.303856 -0.80581 -0.508273
v -43.1925 -25.7641 1179.89
vn 0.32596 0.809729 0.487943
v -41.248 -20.2076 1188.24
vn 0.24341 0.770396 0.589272
v -42.318 -20.5595 1189.3
vn 0.15406 0.719633 0.677048
v -41.8741 -21.8854 1190.77
vn 0.128802 0.719318 0.682635
v -42.8962 -21.2709 1190.39
vn -0.0506814 0.609841 0.790901
v -43.6726 -22.2802 1191.47
vn -0.635758 0.000422788 0.771888
v -44.0718 -22.8657 1191.55
vn -0.793058 -0.400633 0.45886
v -44.712 -23.6107 1190.46
vn -0.712874 -0.198402 0.672642
v -43.9054 -23.336 1191.65
vn -0.77044 -0.490416 0.407326
v -44.3073 -24.0679 1190.72
vn -0.756061 -0.336148 0.561583
v -44.3295 -23.6971 1190.99
vn -0.742727 -0.208096 0.636438
v -44.3204 -23.2887 1191.19
vn 0.563573 0.518155 -0.643352
v -40.2158 -20.361 1181.41
vn 0.567928 0.672627 -0.474374
v -40.273 -20.0341 1181.73
vn 0.598676 0.354794 -0.718128
v -40.6646 -20.3541 1181.02
vn -0.746531 -0.614092 0.256091
v -44.2657 -24.4575 1190.12
vn 0.497466 0.262183 -0.826914
v -40.4602 -21.1766 1180.82
vn 0.457696 0.00992241 -0.889053
v -40.6581 -21.4971 1180.65
vn 0.587338 -0.0704319 -0.806272
v -41.1539 -21.5465 1180.36
vn 0.57527 0.146743 -0.804693
v -41.0809 -21.0615 1180.43
vn 0.514541 -0.382303 -0.767524
v -41.5173 -22.107 1180.24
vn 0.546145 -0.315976 -0.775812
v -42.1782 -21.7262 1179.56
vn 0.768863 0.0778509 -0.634657
v -42.8889 -22.7861 1179.59
vn 0.798908 0.182908 -0.572967
v -41.9492 -23.4191 1180.72
vn 0.807879 0.321237 -0.494104
v -42.0906 -23.4193 1180.47
vn 0.744501 -0.0692592 -0.664019
v -42.0671 -23.2379 1180.59
vn 0.509166 -0.441988 -0.73851
v -42.0244 -22.8396 1180.43
vn 0.644466 0.0472545 -0.763171
v -42.9627 -24.4646 1178.87
vn 0.751676 0.252501 -0.609284
v -43.3879 -23.015 1178.83
vn -0.556255 -0.816857 -0.152725
v -44.1538 -25.5769 1181.02
vn 0.4487 -0.272965 -0.850975
v -42.9525 -24.808 1178.92
vn 0.204685 -0.534575 -0.81996
v -43.2406 -24.8831 1178.85
vn -0.100554 -0.747896 -0.656155
v -43.5485 -24.9693 1178.91
vn -0.43274 -0.829914 -0.352106
v -43.4905 -25.7946 1180.23
vn 0.320202 0.807506 0.495383
v -43.1249 -18.7715 1187.15
vn -0.230761 0.479621 0.846589
v -44.082 -22.1792 1191.33
vn -0.178439 0.545268 0.81905
v -44.1601 -21.9522 1191.17
vn -0.435055 0.321868 0.840909
v -44.3036 -22.1573 1191.24
vn -0.296353 0.503495 0.811584
v -44.3713 -21.9127 1191.09
vn -0.0157942 0.658659 0.752275
v -44.3094 -21.4969 1190.78
vn 0.581741 0.795758 -0.168364
v -42.0342 -18.2409 1182.92
vn -0.710111 -0.0379753 0.703064
v -44.5216 -22.5608 1191.16
vn -0.7844 -0.260354 0.562967
v -44.8494 -23.0639 1190.6
vn 0.672069 0.536017 -0.51089
v -41.6699 -19.3187 1180.84
vn 0.702944 0.260508 -0.66182
v -42.7594 -19.7018 1179.29
vn 0.656575 0.155372 -0.738084
v -42.0309 -20.7548 1179.69
vn -0.701501 -0.678982 0.216517
v -45.5375 -23.7673 1187.73
vn 0.5679 -0.253731 -0.783013
v -43.3634 -21.0732 1178.58
vn 0.669087 0.0304953 -0.742558
v -43.2577 -20.5492 1178.58
vn 0.592731 -0.309719 -0.743468
v -42.9998 -22.2493 1179.37
vn 0.687396 -0.0663361 -0.723247
v -43.7607 -22.0835 1178.67
vn -0.578065 -0.815128 -0.0375011
v -45.5861 -24.4977 1180.48
vn 0.4743 -0.257643 -0.84182
v -44.5509 -23.3586 1177.58
vn -0.0586922 -0.744742 -0.664766
v -44.9336 -23.8926 1177.85
vn -0.237921 -0.809882 -0.536176
v -44.9094 -24.1722 1178.21
vn 0.0773413 0.674868 0.733874
v -44.7232 -19.7887 1189.1
vn -0.0634741 0.631758 0.772562
v -45.7979 -19.5843 1188.96
vn -0.73828 -0.205507 0.642425
v -46.4886 -21.3432 1189.02
vn -0.306972 0.424786 0.85166
v -45.9681 -20.1556 1189.31
vn 0.664635 0.686328 -0.29532
v -43.3363 -17.8608 1180.28
vn 0.641472 0.717657 -0.271074
v -42.7989 -18.0337 1181.14
vn -0.745679 -0.575695 0.335467
v -46.4858 -22.5741 1188.06
vn -0.787515 -0.375002 0.489075
v -46.3048 -22.1902 1188.86
vn -0.679984 -0.681822 0.269705
v -47.4407 -22.4403 1186.15
vn 0.717184 0.133384 -0.684
v -44.0128 -19.5698 1177.94
vn 0.736633 0.286452 -0.612631
v -44.1713 -18.6924 1178.05
vn 0.676872 -0.1389 -0.722877
v -44.9915 -21.1139 1177.38
vn 0.624306 -0.0687868 -0.778145
v -45.5541 -22.2802 1176.71
vn 0.45517 -0.345793 -0.820517
v -46.2262 -22.0306 1176.19
vn 0.318513 -0.458572 -0.829615
v -45.9115 -22.5997 1176.61
vn 0.138045 -0.643318 -0.75305
v -46.3417 -22.534 1176.44
vn -0.173736 -0.841021 -0.512347
v -46.6921 -22.9746 1177.04
vn -0.320181 -0.880311 -0.350053
v -47.0122 -23.0426 1177.35
vn -0.320928 -0.853064 -0.411446
v -46.023 -23.6745 1177.96
vn -0.437803 -0.869845 -0.227371
v -46.3093 -23.6851 1178.33
vn 0.445485 0.876692 0.181535
v -45.0827 -16.3443 1183.57
vn -0.552932 0.157007 0.8183
v -46.4879 -20.2333 1189.08
vn -0.636744 -0.126284 0.760664
v -47.0928 -20.0995 1188.65
vn -0.727321 -0.495575 0.474773
v -48.0093 -21.3426 1186.97
vn 0.723936 0.537804 -0.43207
v -45.091 -17.5544 1177.69
vn -0.662542 -0.690023 0.291387
v -48.5655 -21.6733 1185.33
vn -0.626411 -0.766833 0.139913
v -48.3111 -22.1218 1184.65
vn 0.712963 0.0734021 -0.697349
v -45.4298 -19.0425 1176.58
vn 0.658681 -0.0958177 -0.746297
v -45.3084 -19.4884 1176.68
vn -0.569241 -0.820683 0.0494345
v -48.545 -22.359 1180.27
vn 0.657814 -0.107362 -0.745489
v -47.1562 -20.6327 1175.18
vn -0.402141 -0.892705 -0.203374
v -48.2955 -22.4347 1177.09
vn -0.504783 -0.862087 -0.044711
v -48.2764 -22.602 1178.3
vn 0.349846 -0.504345 -0.789458
v -47.4527 -21.4287 1175.28
vn 0.0660879 -0.756351 -0.650819
v -47.8872 -21.6913 1175.43
vn -0.0220193 0.602122 0.798101
v -47.0789 -18.3307 1188.06
vn 0.111266 0.711858 0.693454
v -47.1617 -17.7909 1187.57
vn -0.129085 0.591418 0.795966
v -47.5625 -17.996 1187.76
vn -0.147863 0.513563 0.845216
v -47.3322 -18.6837 1188.24
vn -0.561502 0.0386742 0.826571
v -47.7813 -19.2985 1188.19
vn -0.388823 0.320832 0.863645
v -47.7736 -18.637 1188.06
vn -0.689139 -0.362894 0.627212
v -49.2498 -19.961 1186.54
vn 0.66592 0.70051 -0.256585
v -46.2458 -15.903 1178.26
vn -0.680626 -0.536309 0.49912
v -49.2903 -20.4487 1186.11
vn 0.725039 0.0173339 -0.688489
v -46.864 -18.7346 1175.14
vn 0.698964 -0.107916 -0.706968
v -47.0206 -19.1243 1175.02
vn 0.565371 -0.259692 -0.78289
v -47.7402 -20.4788 1174.67
vn 0.654102 -0.212547 -0.72593
v -47.7104 -19.7267 1174.49
vn 0.70057 -0.245728 -0.66994
v -48.1353 -19.2741 1173.91
vn 0.189418 -0.718409 -0.669335
v -49.0893 -20.7407 1174.14
vn -0.0232732 -0.845706 -0.533142
v -49.3613 -21.0866 1174.57
vn -0.154527 -0.873317 -0.461994
v -48.7343 -21.8192 1175.72
vn -0.311385 -0.901975 -0.299132
v -49.0401 -21.863 1176.05
vn 0.49391 0.868039 0.0506107
v -46.8169 -15.1855 1181.6
vn 0.37117 0.875267 0.310067
v -47.9164 -15.0678 1183.71
vn 0.321 0.837844 0.44156
v -47.2777 -15.7806 1184.87
vn 0.226827 0.789351 0.570504
v -48.2497 -16.0046 1185.79
vn 0.164694 0.817692 0.551593
v -48.7358 -15.6743 1185.5
vn 0.0208421 0.72683 0.686501
v -48.9032 -15.8814 1185.81
vn 0.598112 0.787309 -0.149688
v -46.543 -15.5007 1179.07
vn 0.69676 0.634713 -0.334162
v -46.6838 -16.0085 1176.96
vn 0.591576 0.785401 -0.182162
v -47.0534 -15.3421 1177.81
vn -0.666869 -0.377829 0.642286
v -50.8324 -18.8003 1185.58
vn 0.71429 0.534487 -0.451788
v -47.7122 -15.9628 1175.21
vn 0.730855 0.520343 -0.441695
v -46.6567 -16.4153 1176.39
vn 0.653133 0.689665 -0.312697
v -47.656 -15.3727 1176.2
vn 0.762322 0.165341 -0.625722
v -47.6461 -17.4319 1174.49
vn 0.750056 0.387991 -0.535611
v -47.6839 -16.3265 1174.93
vn -0.526894 -0.847276 0.0671264
v -50.3978 -21.16 1179.84
vn 0.768789 -0.0162966 -0.639295
v -47.9291 -18.2936 1173.98
vn 0.760473 -0.104868 -0.640846
v -48.685 -18.4658 1172.99
vn 0.782989 0.0643284 -0.618701
v -48.7048 -18.1339 1172.95
vn -0.477413 -0.876999 0.0543128
v -51.4103 -20.8002 1177.55
vn 0.661316 -0.32194 -0.677507
v -48.8344 -18.7032 1172.89
vn 0.550812 -0.404845 -0.729868
v -48.5599 -19.6364 1173.76
vn 0.361256 -0.559711 -0.7458
v -49.0745 -20.3947 1173.84
vn 0.452627 -0.5319 -0.715689
v -49.4553 -19.6032 1173.1
vn 0.343582 -0.621918 -0.703682
v -50.3252 -19.8476 1172.8
vn -0.225183 -0.917493 -0.32787
v -50.1693 -21.1482 1174.91
vn -0.381836 -0.914707 -0.132332
v -50.1906 -21.3892 1176.03
vn 0.437116 0.889961 0.129996
v -48.9787 -14.0347 1181.52
vn 0.377072 0.894831 0.238943
v -49.3664 -14.0239 1182.35
vn 0.246905 0.842408 0.478943
v -48.7063 -15.342 1184.94
vn 0.28139 0.87224 0.40002
v -49.3177 -14.5828 1183.82
vn 0.186005 0.851346 0.490522
v -49.8307 -14.5804 1184.09
vn -0.101496 0.654309 0.749385
v -49.317 -16.1086 1185.99
vn 0.528648 0.846868 -0.0578502
v -48.0926 -14.4323 1179.69
vn 0.474884 0.879471 0.0318658
v -48.5103 -14.1904 1180.64
vn -0.640838 -0.225228 0.733893
v -50.7449 -18.2562 1185.91
vn -0.423218 0.254516 0.869545
v -51.0076 -16.8346 1185.79
vn -0.552015 -0.0372492 0.833002
v -51.2472 -17.2044 1185.7
vn -0.615138 -0.284392 0.735341
v -51.7618 -17.6738 1185.24
vn -0.636443 -0.527433 0.56281
v -51.391 -19.0085 1184.84
vn -0.571436 -0.753775 0.324476
v -52.8067 -19.2887 1182.29
vn -0.509577 -0.849111 0.139071
v -51.8256 -20.2391 1180.73
vn 0.746043 -0.00457138 -0.665883
v -50.1536 -17.608 1171.27
vn 0.520624 -0.486211 -0.701819
v -49.9734 -18.3757 1171.71
vn 0.658464 -0.265893 -0.704078
v -49.9543 -17.9449 1171.53
vn 0.565686 -0.460524 -0.684044
v -50.5985 -17.9495 1170.97
vn 0.451713 -0.568526 -0.687556
v -50.7512 -18.1702 1171.03
vn 0.185323 -0.768393 -0.612559
v -51.5603 -19.2739 1171.79
vn -0.229235 -0.94707 -0.224745
v -52.2696 -20.3739 1174.11
vn 0.886677 0.168328 0.430662
v -116.419 -130.91 1066.11
vn 0.840196 0.149176 0.521361
v -116.94 -131.524 1067.28
vn 0.792701 0.120903 0.597501
v -117.379 -131.734 1067.97
vn 0.957125 0.171028 0.233795
v -115.737 -130.254 1064.03
vn 0.990836 -0.0903379 0.100412
v -115.672 -130.35 1063.76
vn 0.844235 -0.503827 -0.182828
v -115.666 -130.263 1063.3
vn 0.992096 0.0748132 0.100737
v -115.643 -130.081 1063.42
vn 0.983867 -0.163903 -0.0717028
v -115.622 -130.004 1062.97
vn 0.779874 -0.576662 -0.243427
v -115.683 -130.016 1062.68
vn 0.678147 -0.683313 -0.270555
v -115.74 -130.123 1062.84
vn 0.946654 -0.0330398 0.320554
v -116.153 -131.272 1065.53
vn 0.922209 -0.386547 -0.0106223
v -115.831 -130.82 1064.42
vn 0.923822 -0.373005 0.086135
v -115.985 -131.16 1064.93
vn 0.648094 -0.714567 -0.263378
v -116.101 -131.269 1064.8
vn 0.958092 0.0457301 0.282788
v -115.83 -130.618 1064.53
vn 0.939759 -0.153795 0.305286
v -116.665 -132.082 1066.85
vn 0.689359 -0.70321 -0.174013
v -116.331 -131.692 1065.46
vn 0.896961 0.0491952 0.439365
v -116.708 -131.856 1066.95
vn 0.416283 -0.83538 -0.358954
v -116.78 -131.93 1065.37
vn 0.908767 -0.106228 0.403558
v -116.82 -132.267 1067.17
vn 0.864651 -0.101522 0.492008
v -116.998 -132.436 1067.5
vn 0.896486 -0.419698 0.142008
v -116.755 -132.363 1066.9
vn 0.876048 -0.378101 0.299298
v -116.986 -132.641 1067.39
vn 0.83134 -0.286615 0.476158
v -117.297 -132.866 1067.87
vn 0.636633 -0.763379 -0.109323
v -117.064 -132.786 1067.27
vn 0.717262 -0.643957 0.266185
v -117.455 -133.101 1067.91
vn 0.370694 -0.873628 -0.315214
v -117.276 -132.841 1067.14
vn 0.836833 0.0451138 0.545597
v -117.062 -132.196 1067.6
vn 0.802325 -0.072766 0.592435
v -117.332 -132.645 1067.98
vn 0.417194 -0.886522 -0.200069
v -117.614 -133.194 1067.79
vn 0.760926 0.0338042 0.647957
v -117.477 -132.204 1068.16
vn 0.730996 -0.0950849 0.675724
v -117.602 -132.753 1068.29
vn 0.763211 -0.285318 0.579744
v -117.554 -132.982 1068.19
vn 0.711127 -0.315144 0.628476
v -118.162 -133.349 1068.7
vn 0.704721 -0.575895 0.414382
v -118.327 -133.58 1068.74
vn 0.530981 -0.84656 -0.037359
v -118.323 -133.636 1068.46
vn 0.667827 -0.327433 0.668427
v -118.634 -133.663 1069.06
vn 0.680047 -0.633209 0.369572
v -118.657 -133.845 1068.94
vn 0.59237 -0.671373 0.445373
v -119.016 -134.09 1069.14
vn 0.556069 -0.829881 0.0456599
v -119.128 -134.212 1069.02
vn 0.291603 0.900615 0.322273
v -49.838 -14.0285 1182.88
vn 0.201237 0.876474 0.437376
v -50.0766 -14.279 1183.64
vn 0.0889566 0.813297 0.575008
v -50.568 -14.5607 1184.25
vn -0.220063 0.535314 0.815482
v -51.3895 -15.3258 1184.95
vn 0.488512 0.870555 -0.059073
v -49.1273 -13.8779 1179.02
vn 0.436972 0.897228 0.0635333
v -49.941 -13.4346 1180.39
vn 0.36246 0.910566 0.198726
v -50.4061 -13.3443 1181.23
vn -0.327949 0.372921 0.867974
v -52.3913 -15.3958 1184.68
vn -0.603856 -0.409474 0.683877
v -53.5755 -17.271 1183.96
vn 0.542529 0.82608 -0.152491
v -50.3157 -13.6512 1175.05
vn 0.609124 0.743692 -0.275483
v -50.3496 -13.826 1174.17
vn -0.595107 -0.588227 0.547574
v -53.8422 -17.7575 1183.34
vn 0.70218 0.572407 -0.423432
v -49.965 -14.8718 1173.07
vn -0.496165 -0.830199 0.254144
v -53.7913 -19.0861 1181.18
vn -0.449611 -0.889477 0.0817364
v -53.3843 -19.7093 1177.74
vn 0.709648 -0.0605832 -0.701947
v -51.0131 -17.1929 1170.34
vn 0.75741 0.347753 -0.552628
v -50.6969 -15.8939 1171
vn 0.744866 0.157234 -0.648423
v -50.9189 -16.2851 1170.58
vn 0.628891 -0.309946 -0.713042
v -51.2327 -17.5395 1170.22
vn 0.454243 -0.56655 -0.68752
v -51.3648 -17.7356 1170.23
vn 0.648205 -0.194163 -0.736296
v -51.3335 -17.3461 1170.06
vn 0.558926 -0.372144 -0.74102
v -51.4601 -17.5396 1170.03
vn 0.562109 -0.252944 -0.787434
v -51.5739 -17.3252 1169.86
vn 0.41808 -0.508299 -0.752889
v -51.7043 -17.5598 1169.88
vn 0.647809 -0.0427809 -0.760601
v -51.5784 -16.981 1169.8
vn 0.248657 -0.733507 -0.632564
v -52.8946 -18.2271 1169.98
vn -0.0476487 -0.90627 -0.420005
v -53.1572 -19.4422 1171.94
vn -0.374274 -0.927193 0.0152375
v -53.0767 -20.1574 1174.6
vn 0.0971081 -0.858138 -0.504152
v -53.3483 -18.8044 1170.7
vn 0.895719 0.22625 0.382751
v -116.184 -130.306 1065.3
vn 0.884404 0.300547 0.357073
v -116.44 -129.585 1065.34
vn 0.750392 0.127151 0.648648
v -117.97 -131.409 1068.63
vn 0.809211 0.150212 0.567991
v -117.925 -129.934 1068.22
vn 0.749396 0.0610954 0.659297
v -118.524 -131.583 1069.28
vn 0.778893 0.10904 0.617605
v -118.502 -130.681 1069.04
vn 0.784111 0.0367626 0.619531
v -118.952 -131.251 1069.77
vn 0.924758 0.379333 0.0304762
v -115.81 -127.68 1059.65
vn 0.952851 0.237555 0.188793
v -115.844 -128.55 1061.16
vn 0.954377 0.25029 0.162849
v -115.711 -128.131 1060.12
vn 0.983124 0.180597 0.0292055
v -115.652 -129.696 1062.62
vn 0.975346 -0.208673 -0.0718016
v -115.722 -129.376 1061.26
vn 0.97155 0.200937 0.125358
v -115.756 -129.12 1061.39
vn 0.935665 0.324862 0.137827
v -115.975 -128.9 1062.67
vn 0.907963 0.284143 0.308002
v -115.893 -130.005 1064.35
vn 0.941164 0.289146 0.174939
v -115.725 -129.83 1063.52
vn 0.507174 -0.794549 -0.333866
v -116.162 -130.379 1062.75
vn 0.674497 -0.120597 0.728361
v -118.711 -132.482 1069.44
vn 0.608704 -0.430832 0.66623
v -118.981 -133.934 1069.24
vn 0.516957 -0.566421 0.641813
v -119.195 -134.114 1069.29
vn 0.528985 -0.284194 0.79963
v -119.083 -133.698 1069.41
vn 0.35642 -0.432846 0.828015
v -119.59 -134.074 1069.52
vn 0.318718 -0.432195 0.843579
v -120.436 -133.27 1070.19
vn 0.972868 0.228596 0.035653
v -115.585 -128.224 1059.45
vn 0.96365 -0.107583 -0.24455
v -115.605 -128.264 1059.17
vn 0.935021 0.349525 -0.0597322
v -115.646 -128.04 1059.28
vn 0.913406 0.34033 -0.223305
v -115.722 -127.956 1058.88
vn 0.86758 0.250037 -0.429868
v -115.77 -128.055 1058.69
vn 0.891539 -0.430008 -0.142306
v -115.665 -129.035 1060.47
vn 0.998475 -0.0529847 0.0155015
v -115.569 -128.523 1059.79
vn 0.772235 -0.566287 -0.288049
v -115.637 -128.675 1059.68
vn 0.699296 -0.661201 -0.27166
v -115.89 -129.685 1061.39
vn 0.467306 -0.815667 -0.341046
v -116.541 -129.815 1060.62
vn 0.375505 -0.856068 -0.355166
v -116.645 -130.594 1062.65
vn 0.340371 -0.866589 -0.364927
v -117.785 -130.908 1062.44
vn 0.386961 -0.854581 -0.346342
v -118.904 -132.869 1065.6
vn 0.518509 -0.760454 0.390971
v -119.266 -134.264 1069.17
vn 0.511698 -0.857517 0.0531987
v -119.396 -134.374 1069.05
vn 0.420704 -0.679287 0.601313
v -119.462 -134.276 1069.32
vn 0.415093 -0.771018 0.482938
v -119.547 -134.418 1069.21
vn 0.270089 -0.603553 0.750184
v -119.765 -134.353 1069.39
vn 0.29483 -0.745562 0.597672
v -119.864 -134.522 1069.25
vn 0.351539 -0.845687 0.40154
v -119.983 -134.665 1069.11
vn 0.197112 -0.672862 0.713024
v -120.113 -134.512 1069.37
vn 0.493477 -0.869466 -0.022562
v -120.43 -134.957 1068.74
vn 0.290286 -0.894574 0.339811
v -120.588 -134.995 1068.89
vn 0.0974291 -0.761865 0.640366
v -120.574 -134.875 1069.08
vn -0.0223092 -0.635255 0.77198
v -120.537 -134.391 1069.52
vn -0.0121676 -0.813164 0.581907
v -120.92 -135.06 1068.85
vn -0.178221 -0.688453 0.703043
v -120.976 -134.729 1069.19
vn 0.509891 -0.796676 -0.324528
v -120.056 -133.402 1065.25
vn 0.573753 -0.763435 -0.296605
v -120.507 -134.58 1067.65
vn 0.629711 -0.70117 -0.334402
v -120.759 -135.131 1068.48
vn 0.157694 -0.931855 0.32677
v -120.901 -135.181 1068.64
vn 0.197508 -0.904227 0.378635
v -121.104 -135.242 1068.51
vn 0.186377 -0.888076 0.420221
v -121.357 -135.467 1068.26
vn -0.107454 -0.784258 0.611059
v -121.185 -135.104 1068.75
vn 0.6409 -0.688351 -0.339735
v -121.445 -135.295 1067.56
vn -0.236889 -0.799131 0.552516
v -121.644 -135.507 1068.16
vn 0.666455 -0.627621 -0.402405
v -121.721 -135.686 1067.71
vn 0.616031 -0.722561 -0.313707
v -121.854 -135.636 1067.43
vn 0.0353414 0.787692 0.615055
v -52.1843 -13.7994 1183.42
vn 0.424307 0.905342 0.0178768
v -51.8365 -12.4673 1178.79
vn 0.373116 0.915582 0.149979
v -51.0669 -12.9188 1180.41
vn 0.297729 0.919241 0.257593
v -51.3375 -12.9029 1180.79
vn 0.387071 0.917617 0.0903028
v -51.5617 -12.642 1179.83
vn 0.313913 0.926958 0.205443
v -51.8193 -12.6039 1180.23
vn 0.254139 0.922209 0.291451
v -52.1568 -12.6627 1180.79
vn 0.216939 0.907395 0.359962
v -51.7063 -13.2583 1182.18
vn 0.128849 0.860408 0.493047
v -52.2229 -13.544 1183.04
vn -0.109499 0.681612 0.723475
v -52.88 -14.0685 1183.69
vn 0.0173104 0.805817 0.591912
v -52.9038 -13.4672 1183.01
vn -0.45978 0.142259 0.876564
v -53.4863 -15.9262 1184.37
vn -0.260064 0.512637 0.818273
v -52.83 -14.663 1184.14
vn -0.384101 0.302127 0.87246
v -53.5903 -15.4266 1184.2
vn -0.566486 -0.152194 0.809895
v -53.6845 -16.2926 1184.25
vn -0.520839 -0.798011 0.303158
v -55.2158 -18.3758 1180.54
vn -0.555641 -0.736152 0.38645
v -54.4293 -18.5226 1181.55
vn -0.553096 -0.697455 0.455678
v -54.8399 -17.989 1181.89
vn 0.739519 0.446374 -0.503848
v -51.4483 -14.8683 1170.65
vn -0.422682 -0.889542 0.173363
v -54.9327 -18.8293 1179.52
vn 0.724844 0.321861 -0.609103
v -52.1112 -14.8874 1169.76
vn 0.693449 0.121134 -0.71025
v -52.5879 -15.7089 1168.99
vn 0.606909 -0.126249 -0.78468
v -52.7738 -16.3788 1168.82
vn 0.50448 -0.304719 -0.807865
v -53.0053 -16.7333 1168.76
vn -0.247114 -0.964212 -0.0960775
v -54.9783 -19.477 1172.83
vn -0.322113 -0.944846 0.059237
v -55.7148 -19.2362 1173.63
vn 0.284368 -0.653213 -0.701747
v -53.3551 -17.5711 1169.13
vn -0.0911789 -0.949813 -0.299234
v -54.3312 -19.3678 1171.94
vn 0.0127681 -0.921411 -0.388379
v -54.9335 -18.9528 1170.88
vn 0.904243 0.290916 0.312591
v -117.364 -127.891 1066.37
vn 0.867625 0.222187 0.444815
v -117.495 -128.355 1067.05
vn 0.820787 0.0764317 0.566098
v -119.378 -128.905 1070.14
vn 0.649662 -0.185633 0.737211
v -120.249 -130.434 1071.13
vn 0.941155 0.32148 0.104301
v -116.618 -125.836 1061.83
vn 0.893972 0.4327 -0.116552
v -116.53 -125.994 1060.57
vn 0.944471 0.238356 0.226188
v -116.522 -126.476 1062.27
vn 0.917576 0.327286 0.225695
v -116.554 -127.813 1063.51
vn 0.51567 -0.276294 0.811015
v -120.238 -131.564 1070.79
vn 0.855356 0.49398 -0.156048
v -115.931 -127.495 1059.17
vn 0.677567 0.438812 -0.590209
v -116.865 -127.692 1057.3
vn 0.547697 0.599828 -0.583296
v -117.115 -127.322 1057.38
vn 0.807764 0.466446 -0.360479
v -115.846 -127.791 1058.78
vn 0.688721 -0.591111 -0.419823
v -116.299 -128.354 1058.03
vn 0.766579 -0.446583 -0.461433
v -116.258 -128.163 1057.91
vn 0.69001 -0.532588 -0.490139
v -116.45 -128.306 1057.74
vn 0.79651 0.312886 -0.517372
v -116.327 -127.905 1057.86
vn 0.676745 -0.49203 -0.547653
v -116.474 -128.146 1057.56
vn 0.770798 0.551388 -0.319127
v -116.222 -127.258 1058.75
vn 0.760455 0.308662 -0.571345
v -116.588 -127.988 1057.45
vn 0.723647 0.529453 -0.442735
v -116.444 -127.292 1058.26
vn 0.686114 0.498297 -0.530045
v -116.747 -127.467 1057.64
vn 0.621939 0.599655 -0.503593
v -116.95 -126.998 1057.91
vn 0.722225 0.267662 -0.637768
v -116.862 -128.086 1057.07
vn 0.685096 0.313528 -0.657528
v -117 -127.938 1056.99
vn 0.620098 -0.438738 -0.650374
v -117.085 -128.081 1056.88
vn 0.68496 0.245768 -0.685877
v -117.289 -128.053 1056.64
vn 0.562681 0.530644 -0.633883
v -117.297 -127.665 1056.88
vn 0.582582 0.411284 -0.701031
v -117.433 -127.912 1056.57
vn 0.530286 -0.540735 -0.652995
v -117.515 -128.051 1056.45
vn 0.551716 -0.679988 -0.482935
v -116.631 -128.383 1057.61
vn 0.531988 -0.609866 -0.587411
v -117.231 -128.285 1056.87
vn 0.44334 -0.830672 -0.336799
v -118.75 -131.197 1062.07
vn 0.49179 -0.81214 -0.31396
v -119.819 -131.612 1061.59
vn 0.48977 -0.800376 -0.345722
v -119.669 -131.894 1062.51
vn -0.448415 -0.685564 0.573521
v -121.819 -135.402 1068.16
vn -0.452311 -0.775337 0.440759
v -121.928 -135.617 1067.8
vn -0.574144 -0.664564 0.47824
v -122.55 -134.625 1068.44
vn -0.646041 -0.666033 0.372869
v -122.843 -134.787 1067.8
vn -0.60866 -0.651894 0.452291
v -122.879 -134.391 1068.39
vn 0.550956 -0.754103 -0.357457
v -121.645 -133.304 1062.79
vn 0.620436 -0.716079 -0.319828
v -121.857 -134.784 1065.39
vn 0.328163 -0.885513 -0.328902
v -122.499 -135.607 1066.13
vn 0.439633 -0.853978 -0.278288
v -122.368 -135.453 1065.84
vn 0.201914 -0.949863 -0.238729
v -122.657 -135.517 1065.85
vn -0.612558 -0.788392 0.0566622
v -122.674 -135.508 1066.1
vn 0.278743 -0.925776 -0.255422
v -122.62 -135.493 1065.63
vn 0.396986 -0.835087 -0.380831
v -122.485 -135.154 1064.88
vn -0.542219 -0.826921 -0.148998
v -122.796 -135.394 1065.61
vn -0.253029 -0.911111 -0.32535
v -122.712 -135.328 1065.18
vn -0.453977 -0.842531 -0.289908
v -122.839 -135.185 1064.95
vn -0.760757 -0.63448 0.136687
v -123.112 -135.046 1066.23
vn -0.693737 -0.720214 0.00460579
v -123.113 -135.136 1065.6
vn 0.0736286 -0.988871 -0.12928
v -122.357 -135.628 1067.08
vn 0.249573 0.929745 0.270716
v -52.6359 -12.3594 1180.23
vn 0.328317 0.934117 0.140119
v -52.5006 -12.2456 1179.61
vn 0.248745 0.938838 0.238136
v -53.1229 -12.0693 1179.66
vn 0.0991162 0.870535 0.482022
v -53.2745 -13.0183 1182.33
vn 0.161767 0.910489 0.38058
v -53.2788 -12.7434 1181.73
vn 0.200702 0.924051 0.325344
v -53.0467 -12.504 1180.97
vn 0.0748296 0.891391 0.447014
v -53.8101 -12.772 1181.97
vn -0.0476601 0.774405 0.630892
v -53.6706 -13.2859 1182.75
vn 0.0195026 0.839855 0.542461
v -53.9606 -12.9503 1182.3
vn 0.44256 0.895973 -0.0370468
v -52.4904 -12.1787 1177.38
vn 0.392334 0.919514 0.0238378
v -52.9263 -11.9677 1178.3
vn -0.544583 0.0184491 0.838504
v -55.8769 -15.0039 1182.87
vn -0.582512 -0.578587 0.570891
v -55.5449 -17.1799 1182.12
vn 0.509227 0.845522 -0.160564
v -52.5987 -12.6052 1172.91
vn 0.689629 0.563942 -0.454293
v -53.5393 -13.4582 1169.06
vn 0.393552 -0.538985 -0.744723
v -54.7608 -16.573 1167.74
vn 0.310446 -0.668717 -0.675604
v -55.3816 -17.1086 1167.93
vn 0.227062 -0.769803 -0.596528
v -55.4741 -17.8687 1168.71
vn 0.246388 -0.809931 -0.532264
v -56.352 -17.7186 1168.13
vn 0.147124 -0.873026 -0.464951
v -56.5331 -18.0297 1168.63
vn 0.894673 0.24287 0.374931
v -119.021 -125.739 1068.57
vn 0.852821 0.159922 0.497114
v -118.92 -127.28 1069
vn 0.859356 0.0728422 0.506164
v -120.031 -126.74 1070.8
vn 0.924244 0.356458 0.136785
v -117.135 -124.486 1062.1
vn 0.530263 -0.340835 0.776307
v -121.007 -130.47 1071.76
vn 0.777778 -0.0272686 0.627947
v -120.577 -128.657 1071.73
vn 0.822826 0.488049 -0.291144
v -116.892 -125.486 1060.22
vn 0.918214 0.301263 0.257144
v -116.912 -125.336 1062.48
vn 0.920152 0.391558 -0.00150585
v -117.109 -124.485 1061.6
vn 0.285435 -0.501741 0.816568
v -121.709 -131.418 1071.65
vn 0.138764 -0.551366 0.822642
v -121.895 -131.749 1071.48
vn 0.0863096 -0.624246 0.776446
v -122.608 -130.469 1072.53
vn 0.796451 0.527473 -0.2957
v -116.824 -125.802 1059.86
vn 0.701927 0.571527 -0.425035
v -117.258 -125.492 1059.45
vn 0.754714 0.525309 -0.393011
v -117.204 -125.274 1059.85
vn 0.565158 0.594985 -0.57148
v -117.805 -125.616 1058.6
vn 0.67001 0.539477 -0.509953
v -117.639 -124.843 1059.64
vn -0.647486 -0.623805 0.437755
v -123.315 -133.49 1069.01
vn 0.411764 0.545309 -0.730129
v -117.596 -127.792 1056.55
vn 0.405715 0.623003 -0.668778
v -117.633 -127.28 1057
vn 0.294873 0.432958 -0.85182
v -117.929 -127.961 1056.29
vn 0.143857 0.541022 -0.828614
v -118.297 -127.774 1056.32
vn -0.741526 -0.623876 0.246814
v -123.281 -134.485 1067.4
vn -0.710427 -0.609134 0.352489
v -123.238 -134.21 1068.08
vn -0.781008 -0.558444 0.279581
v -123.544 -134.015 1067.72
vn -0.821797 -0.543494 0.171068
v -123.61 -134.121 1067.2
vn -0.883816 -0.451083 0.124068
v -124.042 -133.398 1066.99
vn 0.445033 -0.516382 -0.731639
v -118.421 -128.37 1056.01
vn 0.166845 0.420179 -0.891971
v -118.57 -128.226 1056.01
vn 0.197119 0.142578 -0.969957
v -118.949 -128.45 1055.85
vn 0.42946 -0.585498 -0.687573
v -118.813 -128.598 1055.95
vn -0.0466043 0.365475 -0.929654
v -119.536 -128.608 1055.76
vn 0.143004 -0.105717 -0.98406
v -119.782 -128.986 1055.69
vn 0.354077 -0.623365 -0.697169
v -119.963 -129.245 1055.78
vn -0.199446 0.349825 -0.915338
v -119.856 -128.719 1055.77
vn -0.255786 0.25375 -0.932837
v -120.1 -129.095 1055.69
vn 0.438083 -0.815698 -0.377782
v -118.943 -129.627 1057.83
vn -0.612657 -0.743572 -0.267867
v -123.18 -134.967 1064.91
vn -0.648565 -0.74481 -0.156915
v -123.219 -134.995 1065.13
vn -0.814923 -0.579498 0.00906418
v -123.378 -134.827 1065.4
vn -0.824846 -0.547038 -0.14275
v -123.462 -134.645 1064.96
vn -0.782366 -0.578543 -0.230635
v -123.391 -134.601 1064.51
vn -0.857507 -0.507935 0.0817608
v -123.623 -134.36 1066.11
vn -0.896489 -0.441006 -0.0426779
v -123.715 -134.245 1065.32
vn -0.898659 -0.4111 -0.152997
v -123.772 -133.952 1064.7
vn -0.915665 -0.401795 0.0109127
v -124.059 -133.495 1066.08
vn 0.44122 -0.756408 -0.482879
v -120.75 -129.898 1056.06
vn 0.491106 -0.800938 -0.342511
v -121.412 -131.329 1058.22
vn 0.50774 -0.776508 -0.373142
v -122.379 -131.903 1058.19
vn 0.567785 -0.759301 -0.317934
v -122.318 -132.414 1059.45
vn 0.535033 -0.768989 -0.34985
v -122.886 -132.763 1059.23
vn 0.578146 -0.754418 -0.310806
v -122.357 -133.237 1061.49
vn 0.580193 -0.754349 -0.307136
v -122.769 -133.409 1060.94
vn -0.55181 -0.774915 -0.308242
v -123.307 -133.499 1061.08
vn 0.509583 -0.789265 -0.342616
v -123.048 -133.245 1060.15
vn -0.395112 -0.791061 -0.467023
v -123.108 -133.025 1059.74
vn -0.600585 -0.718124 -0.351561
v -123.227 -133.15 1060.11
vn 0.504922 -0.778509 -0.372796
v -122.681 -134.152 1062.8
vn -0.157301 -0.914618 -0.372466
v -122.932 -134.176 1062.7
vn 0.318838 -0.884283 -0.341154
v -122.934 -133.653 1061.23
vn -0.402377 -0.871 -0.281872
v -123.198 -133.664 1061.35
vn -0.73218 -0.661296 -0.163098
v -123.438 -133.598 1061.78
vn -0.672068 -0.705875 -0.223752
v -123.363 -133.547 1061.34
vn -0.834143 -0.527773 -0.160192
v -123.537 -133.406 1061.59
vn -0.773484 -0.583498 -0.247493
v -123.466 -133.362 1061.14
vn -0.603222 -0.75384 -0.260477
v -123.156 -134.119 1062.88
vn -0.831641 -0.527125 -0.174675
v -123.486 -133.845 1063.13
vn 0.187292 0.934498 0.302712
v -53.8186 -11.9788 1179.89
vn 0.137999 0.922022 0.361706
v -54.3604 -12.2686 1180.98
vn -0.0491356 0.822561 0.56655
v -54.5864 -12.8186 1182.08
vn -0.170964 0.698107 0.695282
v -54.789 -13.0853 1182.34
vn -0.268924 0.568376 0.777579
v -55.1533 -13.5882 1182.64
vn 0.332541 0.939086 0.0867996
v -54.2248 -11.4242 1177.74
vn 0.232921 0.947593 0.218667
v -54.7596 -11.3813 1178.52
vn 0.0597885 0.901013 0.429652
v -55.5859 -11.9609 1180.58
vn -0.354053 0.439835 0.825343
v -55.6595 -13.9724 1182.68
vn -0.457343 0.252941 0.85256
v -55.7705 -14.4681 1182.86
vn 0.448671 0.889199 -0.0895456
v -54.0385 -11.5726 1174.72
vn 0.411366 0.910993 -0.0294801
v -54.2793 -11.3897 1175.97
vn -0.541593 -0.623698 0.563629
v -58.466 -16.3449 1180.06
vn 0.655805 0.660311 -0.365937
v -53.6852 -12.8379 1169.81
vn 0.551964 0.801632 -0.229613
v -53.5282 -12.3993 1171.25
vn -0.479344 -0.778304 0.405551
v -58.585 -17.052 1178.91
vn 0.648966 0.650109 -0.395223
v -54.3023 -12.8022 1168.81
vn 0.59908 0.736083 -0.315096
v -54.7021 -12.2555 1169.14
vn 0.698722 -0.0268762 -0.714888
v -55.3111 -14.6369 1166.52
vn 0.52098 -0.511744 -0.683153
v -55.4915 -16.2938 1167.07
vn 0.561701 -0.308009 -0.767869
v -55.085 -15.3498 1166.86
vn 0.666627 -0.296393 -0.68393
v -55.6321 -15.1466 1166.31
vn -0.265745 -0.962335 0.0573709
v -58.816 -18.3904 1171.88
vn 0.647191 -0.444397 -0.619399
v -56.3084 -15.4957 1165.81
vn 0.4729 -0.67579 -0.565398
v -56.947 -16.4158 1166.07
vn 0.359286 -0.703136 -0.613607
v -56.2238 -17.3059 1167.67
vn 0.312585 -0.787882 -0.530596
v -57.3505 -17.2637 1166.91
vn 0.0694474 -0.924752 -0.37418
v -57.1425 -18.1586 1168.77
vn -0.0332747 -0.957862 -0.285296
v -57.2096 -18.442 1169.59
vn -0.136921 -0.978747 -0.152669
v -57.7893 -18.5493 1170.26
vn 0.779985 -0.0937729 0.618732
v -121.887 -126.531 1073.57
vn 0.927752 0.345086 0.142094
v -118.213 -122.207 1063.13
vn 0.925425 0.280187 0.255116
v -118.255 -122.847 1064.26
vn 0.902122 0.150203 0.404494
v -119.443 -125.154 1069.2
vn 0.920206 0.197218 0.338121
v -119.275 -124.69 1068.53
vn 0.836421 -0.0110511 0.547975
v -120.818 -126.487 1072.09
vn 0.683469 -0.179192 0.707644
v -121.677 -128.536 1073.04
vn 0.582595 -0.338221 0.739046
v -122.419 -128.814 1073.54
vn 0.709961 -0.182623 0.68015
v -122.25 -127.653 1073.78
vn 0.774374 0.532713 -0.341412
v -118.018 -123.005 1061.17
vn 0.86253 0.472153 -0.18197
v -117.507 -123.649 1061.58
vn 0.358781 -0.509827 0.78189
v -122.657 -129.32 1073.4
vn 0.756212 0.512041 -0.407379
v -117.86 -123.569 1060.7
vn 0.620443 0.543196 -0.565676
v -118.372 -123.722 1059.86
vn 0.673795 0.558381 -0.483953
v -118.248 -123.05 1060.7
vn -0.35975 -0.681485 0.637305
v -123.519 -131.225 1071.64
vn -0.136858 -0.671109 0.728617
v -123.482 -130.301 1072.59
vn 0.504177 0.566088 -0.652189
v -118.882 -123.829 1059.3
vn -0.481238 -0.667565 0.568126
v -123.93 -131.57 1070.96
vn -0.68908 -0.607174 0.395612
v -124.07 -131.863 1070.37
vn -0.817409 -0.518375 0.251256
v -124.605 -131.205 1070.31
vn 0.369151 0.590605 -0.717575
v -119.187 -125.199 1058.03
vn 0.193127 0.574852 -0.795139
v -119.713 -125.284 1057.81
vn 0.0272292 0.518848 -0.854433
v -119.448 -127.268 1056.53
vn -0.171826 0.450445 -0.876114
v -120.254 -127.376 1056.53
vn -0.930497 -0.365957 0.0158104
v -124.333 -132.804 1066.49
vn -0.950255 -0.303854 -0.0684719
v -124.569 -132.104 1066.17
vn -0.341754 0.357122 -0.869292
v -121.027 -128.183 1056.4
vn -0.454115 0.289906 -0.842457
v -121.46 -128.636 1056.44
vn -0.57946 0.195833 -0.791123
v -121.92 -128.616 1056.74
vn -0.939201 -0.312285 -0.142756
v -124.087 -132.3 1062.27
vn -0.957324 -0.259184 -0.127886
v -124.465 -131.457 1063.26
vn -0.95651 -0.202168 -0.210278
v -124.229 -131.473 1061.85
vn -0.922756 -0.364474 -0.125218
v -123.991 -133.032 1063.86
vn -0.935982 -0.341743 -0.0845564
v -124.081 -133.298 1065.18
vn -0.193814 -0.113952 -0.974398
v -120.763 -129.7 1055.84
vn 0.380318 -0.763314 -0.522216
v -120.989 -130.012 1056.02
vn -0.363886 0.202857 -0.909085
v -120.811 -129.403 1055.86
vn -0.358115 0.0908666 -0.929246
v -120.961 -129.624 1055.89
vn -0.496023 0.18992 -0.847285
v -121.2 -129.598 1056.02
vn -0.280325 -0.141099 -0.949478
v -121.128 -129.865 1055.94
vn 0.390399 -0.767473 -0.508501
v -121.129 -130.193 1056.22
vn 0.451117 -0.79029 -0.414651
v -121.329 -130.456 1056.48
vn 0.318183 -0.728395 -0.606795
v -121.321 -130.139 1056.06
vn 0.368726 -0.76155 -0.532994
v -121.498 -130.384 1056.19
vn -0.482055 0.0159682 -0.875995
v -121.508 -130.041 1056.13
vn -0.470737 -0.148658 -0.869659
v -121.73 -130.356 1056.25
vn -0.540141 -0.324427 -0.776528
v -122.11 -130.871 1056.64
vn -0.620958 0.103334 -0.777002
v -121.877 -130.192 1056.37
vn -0.671237 -0.0448713 -0.739883
v -122.127 -130.54 1056.56
vn -0.718279 -0.151179 -0.679132
v -122.336 -130.818 1056.81
vn -0.797518 -0.00462332 -0.603278
v -122.51 -130.317 1057.01
vn -0.708459 0.103712 -0.69809
v -122.407 -129.656 1056.93
vn 0.110743 -0.830829 -0.545399
v -122.553 -131.751 1057.69
vn -0.284147 -0.743586 -0.60526
v -122.652 -131.558 1057.5
vn -0.782924 -0.4018 -0.474959
v -122.795 -131.723 1057.85
vn -0.772701 -0.200995 -0.602108
v -122.522 -131.056 1057.09
vn -0.873504 -0.175595 -0.454045
v -122.759 -131.342 1057.58
vn -0.874394 -0.0636172 -0.481029
v -122.998 -129.981 1057.73
vn -0.407557 -0.728825 -0.550191
v -123 -132.598 1059.02
vn -0.630016 -0.603105 -0.489228
v -123.164 -132.784 1059.44
vn -0.922382 -0.178005 -0.342821
v -123.428 -131.673 1059.34
vn -0.84683 -0.452673 -0.279226
v -123.415 -133.033 1060.34
vn -0.776455 -0.505441 -0.376361
v -123.264 -132.892 1059.74
vn -0.92732 -0.293641 -0.232061
v -123.611 -132.889 1060.84
vn -0.914433 -0.287075 -0.285307
v -123.473 -132.77 1060.21
vn -0.894431 -0.271714 -0.355197
v -123.316 -132.621 1059.62
vn -0.940044 -0.193442 -0.280889
v -123.87 -131.65 1060.66
vn -0.890899 -0.438912 -0.116855
v -123.708 -133.22 1062.12
vn -0.897245 -0.399145 -0.188772
v -123.598 -133.144 1061.2
vn 0.135244 0.933442 0.332257
v -55.5442 -11.6467 1179.77
vn 0.376366 0.926434 -0.00830411
v -55.5898 -10.8281 1175.67
vn -0.488342 0.122543 0.864005
v -58.277 -13.9381 1181.21
vn -0.36944 0.397555 0.839919
v -58.3412 -13.1072 1180.9
vn -0.559513 -0.492989 0.666264
v -58.7241 -15.9843 1180.15
vn -0.547297 -0.239135 0.802048
v -58.8297 -14.6985 1180.78
vn 0.492603 0.846833 -0.200539
v -55.3498 -11.7337 1169.31
vn -0.37938 -0.880448 0.284398
v -60.123 -17.2156 1176.72
vn 0.734036 0.217632 -0.643294
v -55.5776 -13.5749 1166.48
vn 0.755957 0.0608908 -0.651783
v -55.9734 -14.2578 1165.84
vn 0.739922 -0.206433 -0.640235
v -56.3851 -14.9354 1165.4
vn 0.710374 -0.355266 -0.607581
v -56.9302 -15.1036 1164.8
vn 0.73821 -0.199051 -0.644535
v -57.0297 -14.9151 1164.59
vn 0.409031 -0.766419 -0.495273
v -58.4272 -15.9983 1164.09
vn 0.639963 -0.492132 -0.59013
v -58.0323 -15.4246 1163.82
vn 0.342666 -0.798236 -0.495378
v -58.0058 -16.6969 1165.66
vn 0.225072 -0.861247 -0.455627
v -59.1462 -16.8675 1165.28
vn 0.0380466 -0.958098 -0.283901
v -59.3535 -17.8662 1167.64
vn -0.0536538 -0.984608 -0.166339
v -59.8344 -18.068 1168.56
vn 0.893224 0.0349911 0.448248
v -121.182 -122.279 1072.53
vn 0.832482 -0.0833171 0.547752
v -122.527 -124.814 1074.75
vn 0.94326 0.272504 0.189742
v -119.121 -120.457 1064.95
vn 0.935528 0.206943 0.286292
v -119.119 -121.413 1065.92
vn 0.578447 -0.355222 0.734314
v -123.305 -127.221 1075.03
vn 0.707335 -0.243458 0.663631
v -123.245 -126.131 1075.43
vn 0.492687 -0.413007 0.765953
v -123.761 -126.619 1075.67
vn 0.219399 -0.561908 0.797573
v -123.989 -126.975 1075.57
vn -0.0142993 -0.609701 0.792503
v -124.32 -126.701 1075.82
vn 0.897338 0.441118 -0.0141005
v -118.665 -121.17 1063.25
vn 0.838523 0.518464 -0.167554
v -118.796 -120.973 1063.05
vn 0.747462 0.588864 -0.307473
v -119.084 -120.724 1062.67
vn 0.418634 -0.4777 0.772366
v -123.522 -127.417 1075.07
vn 0.189145 -0.593377 0.782386
v -123.84 -127.55 1075.11
vn -0.0816377 -0.661492 0.745495
v -124.272 -127.45 1075.2
vn -0.338397 -0.67862 0.651891
v -124.91 -127.742 1074.7
vn 0.67689 0.582496 -0.450019
v -118.553 -122.348 1061.12
vn 0.686128 0.600947 -0.409989
v -118.826 -121.567 1061.76
vn 0.565445 0.625246 -0.537902
v -119.286 -121.614 1061.1
vn 0.461079 0.634958 -0.619867
v -119.629 -121.837 1060.57
vn 0.787935 0.545684 -0.285285
v -118.315 -122.208 1061.82
vn 0.547343 0.594403 -0.589152
v -119.19 -122.294 1060.46
vn 0.336121 0.586672 -0.736776
v -119.835 -123.045 1059.38
vn 0.421357 0.608407 -0.672531
v -119.653 -122.304 1060.1
vn -0.62983 -0.62756 0.457692
v -124.675 -129.961 1072.08
vn -0.767361 -0.556465 0.318597
v -124.891 -130.172 1071.35
vn 0.212034 0.567606 -0.795528
v -120.07 -123.452 1058.99
vn 0.080507 0.541351 -0.836934
v -120.688 -124.087 1058.45
vn -0.88348 -0.44592 0.143587
v -124.966 -130.696 1069.96
vn -0.934746 -0.353727 0.0335764
v -125.17 -130.396 1069.05
vn -0.954087 -0.298976 -0.0182069
v -125.401 -129.77 1068.82
vn -0.0254832 0.490822 -0.870887
v -120.561 -125.483 1057.6
vn -0.110498 0.441707 -0.890329
v -121.13 -125.211 1057.78
vn -0.0689949 0.506547 -0.859447
v -121.061 -124.701 1058.06
vn -0.25818 0.391326 -0.883293
v -121.407 -126.036 1057.47
vn -0.96601 -0.226974 -0.123722
v -124.968 -130.03 1064.34
vn -0.656545 0.167594 -0.735433
v -122.37 -128.407 1057.15
vn -0.820447 0.0366188 -0.570549
v -122.998 -129.114 1057.71
vn -0.906313 -0.0407066 -0.420643
v -123.417 -129.201 1058.48
vn -0.863238 0.0414974 -0.503088
v -123.29 -127.921 1058.25
vn -0.938505 -0.13813 -0.316431
v -123.859 -130.543 1060.03
vn -0.938094 -0.0838435 -0.336079
v -123.812 -129.604 1059.58
vn -0.951289 -0.1206 -0.283735
v -124.234 -129.936 1060.95
vn -0.91996 -0.130318 -0.369718
v -123.506 -130.425 1059
vn 0.168384 0.951495 0.257497
v -56.6651 -10.7131 1177.5
vn 0.0729311 0.919615 0.38599
v -57.246 -11.3127 1179.4
vn 0.108235 0.939853 0.323978
v -57.4996 -10.781 1178.07
vn -0.00309001 0.878967 0.476873
v -58.1478 -11.2192 1179.28
vn -0.115037 0.79449 0.596282
v -58.3199 -11.4278 1179.59
vn -0.228017 0.622325 0.748812
v -58.6191 -11.8201 1179.98
vn 0.279499 0.952381 0.121861
v -56.4521 -10.5448 1176.43
vn -0.345432 0.242294 0.906626
v -59.126 -13.2224 1180.61
vn -0.432811 -0.0355895 0.900782
v -59.5146 -13.813 1180.55
vn -0.246586 0.432308 0.867355
v -58.9314 -12.5918 1180.42
vn -0.54448 -0.394426 0.74025
v -60.6939 -14.6177 1179.56
vn -0.565468 -0.473183 0.675532
v -60.9172 -15.0104 1179.15
vn -0.429042 -0.792935 0.43264
v -61.3333 -16.2385 1177.46
vn 0.70387 0.465745 -0.53633
v -56.674 -12.3764 1165.82
vn 0.611092 0.689102 -0.389493
v -57.3935 -11.6265 1165.78
vn 0.5459 0.778936 -0.30863
v -57.6914 -11.3136 1165.96
vn 0.76722 -0.0217565 -0.641015
v -57.865 -14.4711 1163.61
vn 0.768952 0.145837 -0.62245
v -57.7352 -13.8765 1163.85
vn 0.679639 -0.381555 -0.626503
v -58.9147 -14.9144 1162.45
vn 0.739433 -0.165917 -0.652466
v -58.8422 -14.6363 1162.42
vn 0.765532 0.0599419 -0.640599
v -58.9724 -14.1226 1162.25
vn 0.766141 0.190788 -0.6137
v -58.7895 -13.3832 1162.62
vn 0.735404 -0.258771 -0.626273
v -58.2049 -14.8883 1163.31
vn -0.130672 -0.991193 -0.0214812
v -60.9213 -17.9733 1168.6
vn -0.208071 -0.974121 0.0882895
v -61.6482 -17.8197 1169.61
vn 0.495226 -0.65732 -0.56805
v -59.2251 -15.3893 1162.54
vn 0.274411 -0.842029 -0.464419
v -59.4046 -15.7617 1163
vn 0.14381 -0.900713 -0.40992
v -60.9747 -16.8084 1164.44
vn 0.936164 0.140398 0.322312
v -121.476 -119.785 1072.54
vn 0.951867 0.283085 0.117521
v -119.952 -118.309 1066.28
vn 0.944904 0.199139 0.259808
v -119.808 -119.952 1067.43
vn 0.193236 -0.53889 0.819913
v -124.849 -124.322 1077.51
vn 0.922695 0.384776 0.0241007
v -119.342 -119.716 1064.76
vn 0.838673 0.514947 -0.177361
v -119.462 -119.637 1063.99
vn 0.231835 -0.527776 0.817132
v -124.262 -126.172 1076.18
vn 0.60837 0.642272 -0.466232
v -119.51 -120.732 1061.94
vn -0.269158 -0.634099 0.724895
v -124.747 -127.025 1075.46
vn -0.578365 -0.638407 0.507868
v -125.39 -127.795 1074.23
vn -0.472769 -0.619142 0.627019
v -125.24 -127.07 1075.17
vn -0.613643 -0.577647 0.5383
v -125.676 -127.049 1074.76
vn 0.468468 0.661017 -0.586169
v -119.949 -120.713 1061.53
vn 0.357846 0.652011 -0.668452
v -120.259 -121.293 1060.71
vn 0.356446 0.680415 -0.640298
v -120.646 -120.292 1061.52
vn -0.816845 -0.518185 0.253473
v -125.745 -128.135 1072.99
vn -0.875905 -0.44447 0.187714
v -125.972 -127.743 1072.97
vn -0.930602 -0.358084 0.0758665
v -126.105 -127.48 1072.81
vn -0.96369 -0.266517 -0.0164624
v -126.244 -127.099 1072.45
vn -0.777625 -0.526489 0.343669
v -125.754 -127.665 1073.82
vn -0.900549 -0.392833 0.186262
v -126.222 -126.928 1073.61
vn 0.317565 0.620868 -0.716712
v -120.178 -121.992 1060.1
vn 0.222865 0.599824 -0.768467
v -120.511 -122.159 1059.84
vn 0.239429 0.637042 -0.732702
v -120.542 -121.8 1060.13
vn 0.134911 0.615989 -0.776116
v -120.887 -121.982 1059.89
vn 0.0316214 0.583541 -0.811468
v -121.445 -122.107 1059.74
vn 0.115894 0.568364 -0.814574
v -120.63 -123.181 1059.06
vn -0.027546 0.545697 -0.83753
v -121.609 -122.784 1059.28
vn -0.147981 0.499416 -0.85363
v -121.903 -123.071 1059.13
vn -0.148377 0.521222 -0.840423
v -122.022 -122.65 1059.4
vn -0.244518 0.476736 -0.844354
v -122.257 -122.978 1059.27
vn -0.978867 -0.14767 -0.141469
v -125.707 -126.973 1065.72
vn -0.971512 -0.224135 -0.0769969
v -125.503 -129.179 1067.84
vn -0.197301 0.452889 -0.869462
v -121.571 -124.726 1058.1
vn -0.409424 0.37649 -0.83104
v -122.252 -124.997 1058.2
vn -0.618075 0.297302 -0.727732
v -123.072 -124.981 1058.76
vn -0.787982 0.163453 -0.593605
v -123.739 -124.914 1059.49
vn -0.974984 -0.188577 -0.11766
v -125.275 -128.983 1065.04
vn -0.767706 0.123664 -0.628757
v -123.191 -127.129 1058.24
vn -0.61555 0.238817 -0.751043
v -122.913 -126.073 1058.22
vn -0.924762 -0.0227237 -0.379868
v -123.869 -127.971 1059.46
vn -0.884265 0.0485501 -0.464456
v -123.851 -126.257 1059.43
vn -0.950835 -0.0539725 -0.304958
v -124.588 -127.493 1061.41
vn -0.934954 -0.00768417 -0.354684
v -124.31 -126.618 1060.53
vn -0.96457 -0.103877 -0.242515
v -124.98 -128.404 1062.98
vn -0.970598 -0.161185 -0.178771
v -125.107 -128.966 1063.86
vn -0.0559184 0.864203 0.500026
v -60.2531 -10.5245 1177.93
vn 0.0395322 0.927656 0.371337
v -60.1117 -10.3634 1177.57
vn -0.304404 0.25588 0.917531
v -60.5296 -12.8309 1180.09
vn -0.267204 0.437644 0.858528
v -60.53 -12.4832 1179.96
vn -0.280544 0.630594 0.723634
v -61.0759 -11.9921 1179.48
vn 0.393849 0.915751 -0.079266
v -58.1341 -9.92296 1172.71
vn 0.351681 0.935294 -0.0393093
v -58.7269 -9.65783 1173.08
vn 0.327951 0.944303 0.0271928
v -58.2348 -9.82296 1174.48
vn -0.503207 -0.243947 0.829019
v -60.8259 -13.6668 1179.91
vn -0.390483 0.0685174 0.918057
v -60.6841 -13.0659 1180.07
vn -0.501908 -0.0886033 0.860371
v -61.0273 -13.2383 1179.89
vn -0.582062 -0.275872 0.764918
v -61.2988 -13.6887 1179.58
vn -0.421168 0.191834 0.886464
v -60.9493 -12.7059 1179.89
vn -0.51756 0.0814893 0.851758
v -61.3035 -12.9412 1179.73
vn -0.593763 -0.117535 0.79601
v -61.406 -13.1058 1179.65
vn -0.388433 0.348346 0.853097
v -61.1773 -12.3926 1179.68
vn -0.399864 0.465064 0.789826
v -61.2992 -12.184 1179.52
vn -0.506594 0.262256 0.821331
v -61.4349 -12.4289 1179.56
vn -0.602919 0.0253889 0.797399
v -61.6702 -12.7942 1179.46
vn -0.642196 -0.180157 0.745069
v -61.9513 -13.2562 1179.17
vn -0.614372 -0.353566 0.705364
v -61.8296 -13.8219 1179.07
vn 0.428358 0.892276 -0.142665
v -57.739 -10.7072 1168.17
vn -0.499619 -0.654947 0.566944
v -62.3728 -15.6016 1177.41
vn 0.474086 0.852902 -0.218636
v -58.3355 -10.7456 1166.43
vn -0.257719 -0.947302 0.190262
v -63.1529 -16.968 1173.41
vn 0.735924 0.324653 -0.594152
v -59.1453 -12.5092 1162.53
vn 0.664515 0.549085 -0.506878
v -59.5964 -11.71 1162.58
vn 0.729953 0.155789 -0.665506
v -59.3385 -13.6191 1161.91
vn 0.70867 0.268069 -0.652629
v -59.4946 -12.7389 1162.01
vn 0.678675 0.148942 -0.719178
v -60.2475 -13.2632 1161.08
vn -0.181809 -0.974302 0.132968
v -63.9924 -17.1885 1170.37
vn 0.617834 -0.381416 -0.687607
v -60.0296 -14.7435 1161.27
vn 0.480932 -0.625404 -0.614471
v -60.3843 -15.0242 1161.19
vn 0.696069 -0.0171789 -0.717769
v -59.8929 -14.178 1161.23
vn 0.492811 -0.546958 -0.676738
v -60.5868 -14.8936 1160.92
vn 0.337657 -0.767379 -0.545085
v -60.7098 -15.0639 1161.02
vn 0.3974 -0.642414 -0.655269
v -60.8433 -14.9311 1160.78
vn 0.607316 -0.203754 -0.767888
v -61.1374 -14.352 1160.21
vn 0.214125 -0.869288 -0.445521
v -61.059 -15.5022 1161.61
vn 0.201056 -0.855518 -0.477143
v -61.7437 -15.1885 1160.71
vn 0.156506 -0.895795 -0.416002
v -62.5562 -16.4252 1163.16
vn 0.955154 0.0764703 0.286065
v -122.254 -117.87 1074.27
vn 0.886129 -0.0860839 0.455373
v -123.058 -120.82 1076.25
vn 0.923917 0.023541 0.381867
v -122.621 -119.444 1075.47
vn 0.965341 0.23726 0.108743
v -120.489 -116.696 1067.16
vn 0.948231 0.12562 0.291682
v -120.793 -117.604 1069.13
vn 0.942657 0.154639 0.295776
v -121.1 -118.361 1070.25
vn 0.464789 -0.451495 0.761658
v -124.743 -123.182 1078.15
vn 0.763205 -0.255085 0.593674
v -124.568 -122.563 1078.33
vn 0.150082 -0.580151 0.800563
v -125.276 -122.917 1078.56
vn -0.087015 -0.609753 0.7878
v -125.529 -123.002 1078.49
vn 0.830783 0.502333 -0.23971
v -119.96 -118.413 1064.95
vn 0.914841 0.398497 -0.0653129
v -119.927 -118.282 1065.54
vn -0.384356 -0.614789 0.688698
v -125.859 -124.004 1077.49
vn 0.704315 0.594735 -0.387597
v -120.091 -118.729 1064.11
vn -0.952576 -0.296491 0.068496
v -126.407 -126.437 1073.51
vn -0.973996 -0.220897 -0.0503663
v -126.664 -125.401 1072.46
vn 0.214043 0.665888 -0.714687
v -121.031 -120.565 1061.08
vn -0.12133 0.555681 -0.822495
v -122.168 -121.854 1059.95
vn 0.00868116 0.621959 -0.783002
v -122.124 -120.785 1060.72
vn -0.33172 0.473115 -0.816164
v -122.921 -121.677 1060.26
vn -0.503773 0.387149 -0.772223
v -123.356 -121.834 1060.4
vn -0.21452 0.547954 -0.808534
v -122.94 -120.904 1060.74
vn -0.222394 0.512051 -0.829666
v -122.348 -122.372 1059.65
vn -0.610019 0.337088 -0.717111
v -123.744 -122.06 1060.6
vn -0.713258 0.261268 -0.650386
v -124.044 -122.564 1060.67
vn -0.84352 0.142733 -0.517784
v -124.209 -123.564 1060.54
vn -0.920998 0.0416286 -0.387337
v -124.642 -123.349 1061.46
vn -0.967853 -0.0678309 -0.242197
v -125.682 -125.049 1064.8
vn -0.89715 0.0535864 -0.438464
v -124.179 -125.03 1060.22
vn 0.0141357 0.939024 0.343562
v -60.508 -9.99501 1176.59
vn -0.173343 0.782157 0.598483
v -60.6473 -10.7186 1178.13
vn -0.0971299 0.873783 0.476517
v -60.6859 -10.4632 1177.76
vn -0.050052 0.919894 0.388961
v -60.9079 -10.16 1177.07
vn 0.286771 0.957883 0.0148992
v -59.9339 -9.24108 1173.25
vn 0.190832 0.966732 0.170329
v -59.8217 -9.33245 1174.01
vn 0.105706 0.953563 0.282035
v -59.7853 -9.73834 1175.56
vn -0.21124 0.824948 0.524251
v -61.9496 -10.271 1177.01
vn -0.313995 0.718226 0.620933
v -62.6431 -11.2102 1177.92
vn -0.598893 0.194338 0.776891
v -61.9126 -12.4567 1179.23
vn -0.652883 -0.00979591 0.757395
v -62.125 -12.7945 1179.09
vn -0.473456 0.482786 0.73672
v -61.8992 -12.0333 1179.07
vn 0.362949 0.925699 -0.106533
v -59.3127 -9.52338 1171.87
vn -0.620171 -0.270256 0.736444
v -63.3032 -13.6396 1177.81
vn -0.637418 -0.11486 0.761909
v -63.6366 -13.0553 1177.69
vn 0.376805 0.912355 -0.160084
v -60.207 -9.99323 1165.64
vn 0.499722 0.816804 -0.288286
v -59.7041 -10.4794 1164.65
vn 0.419837 0.874422 -0.243151
v -60.2606 -10.2393 1164.46
vn -0.346024 -0.873163 0.343298
v -64.2663 -16.2982 1174.38
vn 0.625155 0.60327 -0.495224
v -60.6229 -11.1393 1161.93
vn 0.584186 0.64324 -0.494944
v -60.9884 -10.9909 1161.67
vn 0.583192 0.708422 -0.397525
v -60.0836 -10.9124 1163.01
vn 0.563695 0.709925 -0.422201
v -60.894 -10.7902 1162.09
vn -0.300681 -0.894373 0.331191
v -65.8212 -16.2892 1173.04
vn 0.670168 0.436411 -0.600351
v -60.2774 -11.7509 1161.73
vn 0.640005 0.491727 -0.590421
v -61.2117 -11.4253 1160.96
vn 0.674558 0.0320393 -0.737527
v -61.1758 -13.6838 1160.16
vn -0.0186452 -0.996513 -0.0813336
v -64.3832 -17.6372 1166.15
vn -0.132252 -0.987657 0.0839183
v -64.6474 -17.6102 1166.54
vn -0.141348 -0.978961 0.147159
v -65.3184 -17.2454 1168.45
vn 0.534355 -0.471759 -0.701362
v -62.9023 -14.2416 1158.93
vn 0.27616 -0.836295 -0.473652
v -62.8677 -14.8246 1159.63
vn 0.36739 -0.722488 -0.585692
v -62.9154 -14.5847 1159.24
vn 0.21942 -0.884448 -0.411833
v -64.271 -16.2295 1161.95
vn 0.148372 -0.93064 -0.334508
v -63.7136 -17.2424 1164.42
vn 0.967312 0.0162829 0.253065
v -122.828 -116.005 1076.06
vn 0.862357 -0.210645 0.4604
v -124.821 -119.104 1080.42
vn 0.918507 -0.176807 0.353672
v -124.523 -117.43 1080.5
vn 0.800356 -0.322592 0.505336
v -125.148 -118.613 1081.3
vn 0.936795 -0.0628767 0.344182
v -123.367 -118.104 1077.39
vn 0.630321 -0.419419 0.653287
v -125.219 -120.339 1080.29
vn 0.441825 -0.5179 0.73251
v -125.439 -120.533 1080.33
vn 0.518814 -0.500693 0.69292
v -125.397 -120.167 1080.56
vn 0.245674 -0.590239 0.768936
v -125.752 -120.487 1080.5
vn 0.961908 0.0487687 0.268987
v -121.299 -115.248 1070.15
vn 0.954252 0.0814155 0.287706
v -121.712 -116.807 1071.59
vn 0.298641 -0.565812 0.768551
v -125.467 -121.255 1079.83
vn -0.105558 -0.64694 0.755199
v -125.975 -121.277 1079.86
vn -0.502758 -0.614228 0.608242
v -126.612 -121.579 1079.28
vn 0.841924 0.476087 -0.253977
v -120.692 -116.355 1066.53
vn 0.626055 0.601006 -0.496837
v -121.083 -116.757 1065.23
vn 0.381806 0.651854 -0.655218
v -122.042 -116.419 1064.8
vn 0.487469 0.654557 -0.577866
v -121.266 -117.541 1064.21
vn 0.292703 0.668275 -0.683911
v -121.873 -117.807 1063.57
vn -0.445259 0.449926 -0.774152
v -123.619 -120.226 1061.44
vn -0.149783 0.603397 -0.783247
v -123.498 -118.957 1062.27
vn -0.331724 0.531089 -0.779682
v -123.692 -119.273 1062.09
vn -0.574835 0.392531 -0.717973
v -124.277 -119.429 1062.34
vn -0.122473 0.89043 0.438332
v -62.1 -9.87299 1176.16
vn -0.230691 0.825216 0.515557
v -62.7276 -10.0652 1176.26
vn 0.284612 0.95821 -0.0287839
v -61.0588 -8.91732 1171.9
vn 0.194961 0.975738 0.0996263
v -61.3564 -8.86964 1172.79
vn 0.313283 0.94284 -0.113608
v -61.2322 -8.92986 1171.05
vn -0.608841 0.128578 0.782803
v -63.9477 -12.0886 1177.46
vn -0.554658 0.350577 0.754619
v -64.5651 -11.284 1176.72
vn 0.332913 0.930621 -0.15203
v -61.2278 -9.07733 1169.96
vn 0.328268 0.933967 -0.141229
v -62.057 -9.11187 1168.12
vn -0.555576 -0.477269 0.680844
v -65.6769 -14.9949 1175.2
vn -0.582294 -0.379961 0.718724
v -65.678 -14.2011 1175.64
vn 0.353774 0.910942 -0.212199
v -61.6318 -9.81552 1163.83
vn -0.434046 -0.750917 0.497722
v -65.5842 -15.6788 1174.57
vn 0.496197 0.771531 -0.398157
v -61.2743 -10.6635 1161.82
vn 0.471293 0.819818 -0.325241
v -60.995 -10.5176 1162.49
vn 0.399717 0.870212 -0.288021
v -62.3261 -9.99765 1162.11
vn -0.389852 -0.778842 0.491346
v -67.1567 -15.6567 1173.22
vn 0.584961 0.59557 -0.550561
v -61.892 -11.0261 1160.61
vn 0.520499 0.720504 -0.458208
v -61.9529 -10.7014 1160.96
vn -0.181628 -0.962977 0.199218
v -67.3677 -16.6659 1170.08
vn 0.668283 0.301889 -0.679898
v -61.8554 -12.1747 1159.88
vn 0.622895 0.440041 -0.646812
v -62.5701 -11.4608 1159.53
vn 0.612573 0.350109 -0.708645
v -63.1661 -11.7138 1158.87
vn -0.113691 -0.979125 0.168487
v -67.3477 -17.0308 1168.12
vn 0.651502 0.0686929 -0.75553
v -62.4551 -13.1853 1159.08
vn 0.631605 -0.144472 -0.761711
v -62.9866 -13.675 1158.65
vn 0.649909 0.220256 -0.727396
v -62.9014 -12.4222 1158.83
vn -0.0963793 -0.99015 0.101561
v -66.6714 -17.5013 1165.41
vn 0.495075 -0.532487 -0.686556
v -64.6613 -14.1598 1157.39
vn 0.414533 -0.711432 -0.567475
v -64.9488 -14.37 1157.39
vn 0.267293 -0.871913 -0.410271
v -64.8175 -14.6927 1158.03
vn 0.234603 -0.876789 -0.419765
v -65.7203 -16.3021 1161.23
vn 0.102244 -0.976589 -0.18926
v -66.3194 -17.2923 1163.16
vn 0.206667 -0.899083 -0.385926
v -66.3128 -17.0377 1162.3
vn 0.975597 -0.00569273 0.219493
v -122.749 -113.324 1075.09
vn 0.978795 -0.00838033 0.204672
v -123.161 -113.647 1077.49
vn 0.72381 -0.410603 0.554531
v -125.417 -117.094 1082.8
vn 0.476831 -0.552274 0.683832
v -125.82 -117.702 1082.76
vn 0.961609 -0.0138572 0.274074
v -121.951 -113.85 1072.4
vn 0.963174 0.0090558 0.268726
v -122.207 -114.773 1073.01
vn 0.169243 -0.640847 0.74878
v -126.108 -118.173 1082.49
vn -0.465263 -0.636162 0.61549
v -127.292 -118.585 1081.73
vn -0.202418 -0.675091 0.709421
v -126.669 -118.3 1082.34
vn 0.877255 0.426726 -0.219837
v -121.46 -113.594 1068.99
vn 0.977434 0.0784612 0.196131
v -121.554 -113.895 1070.79
vn 0.954942 0.293036 -0.0470717
v -121.341 -113.817 1069.17
vn -0.345928 -0.644842 0.681552
v -126.611 -120.302 1080.53
vn 0.272948 0.661777 -0.698248
v -122.891 -114.988 1065.77
vn -0.975071 -0.221344 -0.0156038
v -127.828 -120.899 1076.22
vn 0.216978 0.649649 -0.728613
v -122.916 -116.294 1064.58
vn -0.982274 -0.155565 -0.104578
v -127.813 -120.379 1074.56
vn 0.068535 0.64923 -0.757499
v -123.191 -117.187 1063.76
vn -0.419503 0.507814 -0.752425
v -124.635 -117.507 1063.76
vn -0.604084 0.405223 -0.686204
v -124.853 -117.702 1063.8
vn -0.773791 0.265618 -0.575061
v -125.337 -117.811 1064.27
vn -0.865745 0.152388 -0.476721
v -125.614 -118.65 1064.42
vn -0.931391 0.0461271 -0.361087
v -125.92 -119.022 1065.07
vn -0.753545 0.257902 -0.604695
v -124.785 -119.522 1062.8
vn -0.95305 -0.0135098 -0.302513
v -126.122 -120.198 1065.57
vn -0.97932 -0.0928133 -0.179774
v -126.592 -122.075 1067.78
vn -0.970354 -0.0595718 -0.23423
v -126.499 -121.584 1067.13
vn -0.107558 0.873428 0.474927
v -64.8217 -9.11438 1174.04
vn -0.212892 0.787257 0.578708
v -64.8986 -9.83956 1175.11
vn -0.368193 0.605146 0.705855
v -65.2243 -10.2466 1175.48
vn 0.242585 0.969827 -0.0242368
v -63.2575 -8.34894 1170.67
vn 0.168555 0.982304 0.0816537
v -63.9884 -8.2111 1171.16
vn -0.587197 0.107442 0.802282
v -65.2241 -11.9422 1176.45
vn -0.601891 -0.0605964 0.796276
v -65.8834 -12.6268 1175.99
vn -0.573036 -0.160505 0.803659
v -66.0741 -12.9387 1175.8
vn -0.529281 0.03613 0.847677
v -66.2893 -12.171 1175.73
vn -0.474107 0.322223 0.819387
v -66.0424 -11.0833 1175.63
vn -0.562682 -0.338596 0.75415
v -66.5049 -13.6634 1175.24
vn -0.47127 -0.545428 0.693118
v -67.8339 -14.7727 1173.68
vn -0.452972 -0.394995 0.799247
v -67.8464 -13.5951 1174.37
vn 0.439775 0.826106 -0.352346
v -62.6127 -10.194 1161.17
vn 0.44391 0.793907 -0.415518
v -63.7135 -10.1932 1159.86
vn 0.373092 0.877854 -0.300291
v -63.9897 -9.77073 1160.59
vn -0.221161 -0.912894 0.343093
v -68.7809 -16.2901 1170.38
vn 0.528776 0.655395 -0.539308
v -63.2425 -10.6128 1159.69
vn 0.568391 0.516236 -0.64065
v -63.4163 -10.9462 1159.17
vn -0.127731 -0.960827 0.24596
v -68.8726 -16.5623 1169.43
vn 0.590459 0.386375 -0.70857
v -64.4424 -11.5675 1157.86
vn 0.606956 0.221345 -0.763289
v -64.8515 -12.2662 1157.24
vn 0.639959 0.0439788 -0.76715
v -64.3456 -13.3136 1157.44
vn 0.602296 -0.173058 -0.779289
v -64.6581 -13.8132 1157.22
vn 0.60149 0.0880309 -0.794015
v -64.8419 -13.008 1157.08
vn -0.0185516 -0.99253 0.120584
v -68.0504 -17.456 1164.77
vn 0.00394656 -0.999985 -0.0036779
v -68.2433 -17.5017 1163.9
vn 0.855163 -0.315294 0.411444
v -125.493 -113.524 1085.52
vn 0.948606 -0.180577 0.259881
v -124.774 -111.675 1084.9
vn 0.671833 -0.470433 0.572131
v -125.879 -113.704 1086.01
vn 0.980113 -0.0318306 0.195873
v -123.24 -110.885 1077.75
vn 0.976195 -0.0563387 0.20945
v -123.466 -112.049 1079.26
vn 0.474584 -0.564923 0.675005
v -126.156 -114.255 1085.82
vn 0.203401 -0.65919 0.723945
v -126.552 -114.725 1085.61
vn -0.16127 -0.686283 0.709231
v -127.121 -114.866 1085.49
vn -0.00928956 -0.674817 0.737926
v -126.638 -116.547 1084.04
vn -0.369225 -0.649591 0.664609
v -127.573 -116.098 1084.16
vn 0.886169 0.407359 -0.220821
v -122.292 -110.297 1071.87
vn 0.948812 0.301742 -0.0933168
v -122.249 -110.026 1072.91
vn 0.970746 -0.0178229 0.239446
v -122.358 -111.303 1074.15
vn -0.209448 -0.676015 0.706495
v -126.912 -116.604 1083.95
vn -0.382937 -0.663412 0.64284
v -127.368 -117.002 1083.36
vn -0.565666 -0.611459 0.553298
v -127.769 -116.897 1083.17
vn -0.564409 -0.594285 0.572946
v -127.863 -116.215 1083.81
vn -0.694773 -0.53469 0.481038
v -128.024 -116.532 1083.26
vn 0.777252 0.515147 -0.361252
v -122.445 -110.647 1071.02
vn 0.642153 0.594786 -0.4836
v -122.74 -110.372 1070.9
vn -0.807699 -0.464747 0.362811
v -128.338 -117.201 1081.86
vn -0.696206 -0.550256 0.460994
v -128.028 -117.415 1082.24
vn -0.985156 -0.171255 0.0117818
v -128.504 -117.568 1079.3
vn -0.897225 -0.381178 0.222913
v -128.018 -119.203 1079.86
vn 0.495898 0.643384 -0.583217
v -122.473 -112.918 1068.21
vn 0.422075 0.659814 -0.621689
v -122.893 -112.796 1068.01
vn 0.292343 0.674273 -0.678153
v -123.466 -112.622 1067.86
vn 0.117189 0.672462 -0.730795
v -124.206 -113.089 1067.2
vn -0.980262 -0.197696 0.00142156
v -128.276 -118.865 1077.92
vn -0.989345 -0.139984 -0.0400104
v -128.45 -117.869 1077.89
vn -0.959015 -0.269649 0.0870665
v -128.143 -119.28 1079.01
vn 0.143544 0.66178 -0.735827
v -123.455 -114.722 1065.85
vn -0.0609022 0.639565 -0.766321
v -124.773 -114.06 1066.33
vn -0.986045 -0.152872 -0.0659217
v -128.218 -118.972 1076.62
vn -0.986151 -0.105981 -0.127573
v -128.154 -118.569 1075.41
vn -0.293952 0.571711 -0.765989
v -125.054 -114.522 1066.04
vn -0.971856 -0.0372182 -0.232616
v -127.211 -117.661 1069.27
vn 0.171299 0.984985 -0.0214706
v -65.529 -7.89089 1169.44
vn 0.082626 0.968823 0.23357
v -64.7109 -8.19592 1171.59
vn 0.12485 0.987521 0.0959989
v -65.1892 -7.9685 1170.48
vn -0.32949 0.479423 0.813382
v -66.6611 -10.6187 1175.1
vn -0.364374 0.314047 0.876702
v -66.9358 -11.0198 1175.17
vn -0.260935 0.658218 0.70616
v -66.9408 -10.0151 1174.55
vn -0.415344 0.110392 0.902941
v -66.9479 -11.7458 1175.35
vn 0.260077 0.960225 -0.101629
v -64.4074 -8.26147 1167.91
vn -0.466027 -0.194964 0.863022
v -67.3884 -12.4403 1175.09
vn 0.300145 0.942963 -0.143993
v -64.6098 -8.51692 1165.65
vn 0.281451 0.942398 -0.180752
v -65.47 -8.73391 1162.85
vn -0.445033 -0.654853 0.61083
v -69.0216 -14.8341 1172.86
vn -0.461075 -0.554149 0.693057
v -69.8038 -14.1594 1172.95
vn 0.302624 0.918356 -0.255032
v -64.9563 -9.36609 1160.72
vn 0.330852 0.915236 -0.229956
v -64.1024 -9.42462 1161.64
vn -0.33033 -0.788481 0.518825
v -69.9436 -15.5589 1171.25
vn -0.411393 -0.683416 0.603074
v -69.7605 -14.9443 1172.12
vn 0.364937 0.857701 -0.362175
v -64.4771 -9.89365 1159.69
vn -0.162503 -0.934855 0.315656
v -70.2041 -16.3326 1169.59
vn -0.203635 -0.883472 0.421913
v -71.0268 -16.062 1169.84
vn 0.560288 0.462799 -0.686946
v -65.13 -11.1769 1157.53
vn 0.55788 0.382173 -0.736691
v -65.2784 -11.4382 1157.25
vn 0.51434 0.568116 -0.642416
v -65.7632 -10.6794 1157.38
vn -0.0438531 -0.975229 0.216806
v -70.1481 -16.9703 1167.08
vn -0.0978382 -0.955466 0.278409
v -70.5587 -16.6774 1168.31
vn 0.563799 0.0422972 -0.824828
v -67.1908 -13.0991 1155.38
vn 0.255264 -0.88905 -0.380039
v -68.7331 -16.1553 1159.38
vn 0.271956 -0.894739 -0.354235
v -69.2821 -16.6612 1160.1
vn 0.110584 -0.992392 -0.0541215
v -71.1963 -17.6653 1162.89
vn 0.0672967 -0.989948 0.124393
v -71.2694 -17.5922 1164.18
vn 0.520342 -0.296051 -0.800998
v -67.4062 -13.7964 1155.32
vn 0.431057 -0.527393 -0.732152
v -68.0612 -14.0779 1155.07
vn 0.347596 -0.733564 -0.584004
v -68.1827 -14.2456 1155.17
vn 0.163179 -0.955391 -0.246172
v -70.1091 -17.3057 1161.36
vn 0.674747 -0.504133 0.539042
v -126.218 -110.15 1089.62
vn 0.986135 -0.0364988 0.161883
v -123.142 -106.951 1078.51
vn 0.991301 -0.0480223 0.122543
v -123.612 -107.577 1080.96
vn 0.985019 -0.0781766 0.153706
v -123.745 -109.088 1081.81
vn 0.988256 -0.0335088 0.149087
v -123.444 -109.425 1079.24
vn 0.354013 -0.634114 0.68744
v -126.627 -113.585 1086.73
vn -0.0265164 -0.706802 0.706914
v -127.013 -113.817 1086.59
vn -0.238835 -0.684044 0.689233
v -127.333 -113.53 1086.81
vn -0.295992 -0.666206 0.684513
v -127.565 -113.096 1087.15
vn 0.988722 0.133135 0.0685864
v -122.698 -108.081 1075.05
vn 0.9584 0.26834 -0.0972781
v -122.778 -107.688 1074.74
vn 0.985488 0.0030419 0.169718
v -122.815 -109.352 1076.3
vn -0.279384 -0.691202 0.666472
v -127.606 -114.024 1086.21
vn -0.645877 -0.569963 0.507922
v -128.237 -113.922 1085.84
vn -0.460066 -0.63017 0.62548
v -128.07 -113.596 1086.37
vn -0.464229 -0.641193 0.611035
v -127.808 -114.831 1085.24
vn -0.717528 -0.517986 0.465665
v -128.287 -114.902 1084.62
vn -0.868029 -0.391744 0.305062
v -128.597 -114.687 1084.23
vn -0.981168 -0.181775 0.0653235
v -128.758 -115.7 1081.75
vn -0.816283 -0.440188 0.374056
v -128.28 -116.626 1082.71
vn 0.368924 0.67379 -0.640236
v -123.761 -110.59 1069.8
vn 0.479073 0.652835 -0.586767
v -123.338 -110.231 1070.46
vn -0.990621 -0.136523 -0.00559431
v -128.707 -116.224 1079.71
vn -0.929999 -0.309206 0.198731
v -128.449 -117.02 1081.72
vn -0.976109 -0.207496 0.0644656
v -128.546 -117.078 1080.82
vn 0.19991 0.686451 -0.699158
v -124.262 -110.646 1069.52
vn -0.017339 0.675978 -0.736717
v -125.103 -111.275 1068.78
vn -0.992727 -0.111794 -0.0446721
v -128.617 -116.628 1078.27
vn -0.991474 -0.073113 -0.10786
v -128.501 -116.774 1076.98
vn -0.460856 0.51848 -0.720271
v -125.463 -114.126 1066.54
vn -0.590677 0.457584 -0.664618
v -125.832 -113.773 1067.07
vn -0.752111 0.315441 -0.578641
v -126.167 -114.035 1067.27
vn -0.950495 0.076334 -0.301218
v -127.094 -114.856 1068.89
vn -0.97337 -0.00841056 -0.229086
v -127.436 -116.051 1070.07
vn -0.979839 0.00407946 -0.199749
v -127.646 -115.48 1071.05
vn -0.96892 0.0322431 -0.245262
v -127.368 -115.196 1069.83
vn -0.913082 0.106739 -0.393558
v -126.563 -115.332 1067.36
vn -0.857139 0.217054 -0.467119
v -126.412 -114.554 1067.37
vn -0.952415 0.0253224 -0.303749
v -126.996 -115.71 1068.45
vn -0.924419 0.116248 -0.363229
v -126.856 -114.977 1068.18
vn -0.983644 -0.0503969 -0.17293
v -127.633 -117.051 1071.18
vn 0.100955 0.99328 0.0565929
v -66.245 -7.79499 1169.83
vn 0.0444435 0.982954 0.178399
v -66.8198 -7.83464 1170.54
vn -0.0233873 0.937823 0.346324
v -67.3694 -8.13769 1171.63
vn -0.103841 0.913222 0.394009
v -67.9489 -8.24807 1171.79
vn -0.0434529 0.9615 0.27135
v -67.6344 -7.90736 1170.87
vn -0.240356 0.743083 0.624546
v -67.6234 -9.65898 1173.92
vn -0.33977 0.471866 0.813572
v -68.4158 -10.4134 1174.38
vn -0.310923 0.684284 0.659607
v -68.3997 -10.0652 1174.08
vn 0.200929 0.975185 -0.0929577
v -66.2991 -7.89065 1167.23
vn 0.154256 0.985772 -0.0667725
v -67.1813 -7.71867 1167.41
vn -0.429965 0.523024 0.735919
v -69.1405 -10.4497 1174.02
vn -0.385974 0.21731 0.896549
v -68.4425 -11.1494 1174.65
vn -0.414251 -0.00703226 0.910135
v -68.8154 -11.7212 1174.55
vn -0.452616 0.103027 0.885734
v -69.6116 -11.5024 1174.15
vn -0.450458 0.324355 0.831794
v -69.481 -10.94 1174.09
vn -0.517199 0.247994 0.819149
v -70.1152 -11.2054 1173.81
vn 0.229988 0.964405 -0.130494
v -65.6477 -8.17243 1166.11
vn 0.173472 0.977837 -0.117229
v -67.1508 -7.82193 1166.36
vn -0.446306 -0.461943 0.766433
v -69.8362 -13.4032 1173.46
vn -0.448227 -0.143468 0.882332
v -69.798 -12.165 1174.03
vn -0.479447 -0.351621 0.804048
v -70.0732 -12.6198 1173.73
vn -0.514264 -0.175004 0.839587
v -70.1949 -12.0541 1173.83
vn -0.512243 0.0289348 0.858353
v -70.2329 -11.7439 1173.84
vn -0.571129 -0.261767 0.778004
v -70.6154 -12.3691 1173.46
vn -0.581925 -0.0960141 0.807555
v -70.5773 -11.926 1173.6
vn 0.240346 0.949573 -0.201357
v -66.3133 -8.61217 1162.27
vn 0.226466 0.961633 -0.154839
v -66.7173 -8.3857 1162.97
vn -0.447092 -0.600682 0.66279
v -70.5029 -14.1801 1172.43
vn -0.497721 -0.47239 0.727408
v -70.5498 -13.4412 1172.96
vn 0.247965 0.930385 -0.269995
v -67.1285 -9.18968 1159.04
vn -0.254079 -0.806083 0.534485
v -71.0684 -15.6725 1170.45
vn 0.438066 0.73856 -0.512471
v -66.2137 -10.2353 1157.51
vn 0.38327 0.779214 -0.495913
v -67.369 -9.97034 1156.97
vn 0.340798 0.857024 -0.386479
v -66.853 -9.66152 1157.97
vn 0.50607 0.469493 -0.723512
v -67.0608 -10.956 1156.2
vn 0.443947 0.653907 -0.612631
v -67.422 -10.3631 1156.44
vn 0.421026 0.635199 -0.647502
v -67.9552 -10.4992 1155.93
vn -0.0184465 -0.955357 0.294877
v -71.8196 -16.8671 1167.36
vn -0.103753 -0.912702 0.395235
v -73.168 -16.6132 1167.87
vn 0.561141 0.243484 -0.791098
v -67.722 -12.0821 1155.23
vn 0.03254 -0.973655 0.225692
v -72.4846 -17.3941 1165.48
vn 0.534731 -0.261758 -0.803458
v -68.6355 -13.5519 1154.5
vn 0.583917 0.0685901 -0.808911
v -68.8109 -12.7366 1154.35
vn 0.333737 -0.806488 -0.488055
v -69.2344 -14.5163 1155.03
vn 0.409541 -0.642418 -0.647746
v -69.0257 -14.1234 1154.59
vn 0.3066 -0.888091 -0.342478
v -70.377 -16.2017 1157.82
vn 0.0988828 -0.977895 0.184237
v -73.6118 -17.8709 1163.67
vn 0.497956 -0.528413 -0.687618
v -69.8109 -13.9416 1153.82
vn 0.304512 -0.863203 -0.402682
v -69.9027 -15.2752 1156.05
vn 0.319712 -0.912499 -0.255205
v -72.4572 -17.2373 1158.52
vn 0.22111 -0.972852 -0.0683325
v -73.4056 -17.9079 1161.23
vn 0.700645 -0.508398 0.500627
v -125.876 -105.829 1093.24
vn 0.957553 -0.199038 0.208509
v -124.87 -105.216 1091.03
vn 0.989976 -0.0602667 0.12773
v -123.971 -105.737 1085.62
vn 0.993274 -0.0145905 0.114864
v -123.892 -105.319 1085.13
vn 0.842544 -0.37731 0.384392
v -125.579 -108.173 1090.29
vn 0.20546 -0.67349 0.710068
v -126.802 -107.54 1092.46
vn -0.123915 -0.675646 0.726737
v -127.218 -108.246 1091.86
vn 0.991866 -0.0184066 0.125946
v -123.534 -105.028 1081.68
vn 0.888641 0.355801 -0.289348
v -123.311 -104.885 1076.87
vn 0.995666 0.0684333 0.0629723
v -123.038 -106.012 1077.33
vn 0.967089 0.229792 -0.109246
v -123.178 -105.039 1077.31
vn -0.667173 -0.533407 0.51996
v -128.368 -112.886 1086.77
vn 0.852974 0.430567 -0.295038
v -123.019 -106.921 1074.94
vn -0.778946 -0.461951 0.424081
v -128.612 -112.948 1086.33
vn -0.878545 -0.367357 0.305301
v -128.784 -112.882 1086.02
vn -0.951042 -0.250809 0.180595
v -128.922 -112.775 1085.65
vn -0.985767 -0.15343 0.0687164
v -129.16 -112.186 1084.56
vn 0.673851 0.561224 -0.480575
v -123.35 -107.57 1073.52
vn 0.538805 0.626448 -0.563252
v -123.548 -108.013 1072.81
vn 0.405711 0.660563 -0.631708
v -124.233 -108.017 1072.25
vn 0.248801 0.682763 -0.686974
v -124.891 -107.508 1072.45
vn -0.99264 -0.121004 0.00490571
v -129.078 -113.477 1082.1
vn -0.923048 -0.317923 0.21658
v -128.799 -113.82 1084.73
vn -0.957225 -0.247315 0.150185
v -128.91 -113.703 1084.32
vn -0.992035 -0.0157779 -0.124974
v -128.929 -112.949 1079.3
vn -0.995496 -0.0731413 -0.0603134
v -129.061 -113.215 1080.74
vn -0.386308 0.583745 -0.714148
v -126.29 -109.851 1070.34
vn -0.674854 0.420475 -0.606442
v -126.736 -110.432 1070.3
vn -0.79454 0.316189 -0.518393
v -126.903 -111.056 1070.12
vn -0.909503 0.175853 -0.37667
v -127.297 -111.566 1070.66
vn -0.281969 0.612471 -0.738494
v -125.49 -111.508 1068.64
vn -0.959063 0.0815543 -0.271194
v -127.47 -112.318 1070.91
vn -0.975234 0.0407903 -0.21738
v -127.638 -113.87 1071.21
vn -0.986112 -0.00591422 -0.165977
v -127.966 -114.41 1072.77
vn -0.18517 0.818097 0.544453
v -68.4242 -8.54123 1172.16
vn 0.0952953 0.995292 -0.0177019
v -67.8839 -7.60126 1167.9
vn -0.0209489 0.986534 0.162212
v -68.1612 -7.72376 1169.97
vn 0.0546428 0.99703 0.054275
v -67.9529 -7.6023 1168.63
vn -0.0650299 0.988056 0.139704
v -69.2345 -7.63324 1169.01
vn -0.183081 0.868744 0.46018
v -68.9333 -8.28871 1171.56
vn -0.0986979 0.962272 0.253556
v -68.7749 -7.85364 1170.37
vn -0.155644 0.929125 0.335414
v -69.0256 -8.11295 1171.11
vn -0.239983 0.865988 0.438716
v -69.4013 -8.28712 1171.34
vn -0.26135 0.787865 0.557642
v -69.3458 -8.51373 1171.74
vn -0.362929 0.701564 0.613262
v -69.8914 -8.92628 1172.01
vn -0.503668 0.443 0.741667
v -70.0643 -10.7858 1173.65
vn -0.432409 0.600197 0.672894
v -69.8668 -10.1679 1173.33
vn -0.469925 0.567911 0.675757
v -70.3809 -10.2448 1173.05
vn 0.120018 0.989943 -0.0748853
v -68.0517 -7.64293 1166.79
vn 0.0117032 0.998829 0.0469332
v -68.8641 -7.55712 1168.22
vn -0.61329 0.285065 0.736623
v -71.2854 -11.246 1172.95
vn -0.563182 0.334306 0.755688
v -70.5156 -11.1155 1173.5
vn -0.600649 0.10701 0.792319
v -70.8366 -11.6086 1173.41
vn -0.624209 -0.13714 0.769126
v -71.3585 -12.0867 1172.96
vn 0.115867 0.988003 -0.1021
v -68.9229 -7.64226 1165.65
vn -0.647668 0.0329992 0.761208
v -71.8488 -11.7739 1172.58
vn 0.181117 0.959795 -0.214452
v -68.2554 -8.32692 1161.52
vn 0.138494 0.977212 -0.160863
v -68.2382 -8.22025 1162.09
vn -0.595445 -0.248892 0.763871
v -72.9299 -12.8166 1171.47
vn -0.353721 -0.676083 0.64637
v -72.9098 -15.1775 1170.11
vn -0.452841 -0.521158 0.723415
v -73.1811 -14.8328 1170.24
vn -0.497514 -0.395485 0.772056
v -73.5127 -13.807 1170.63
vn 0.307719 0.85926 -0.408633
v -67.9538 -9.57715 1157.26
vn 0.261595 0.911024 -0.318752
v -68.2843 -9.26145 1157.8
vn 0.245605 0.895869 -0.370265
v -68.7729 -9.34402 1157.21
vn 0.193139 0.940627 -0.279138
v -69.1442 -9.10718 1157.63
vn -0.226099 -0.759082 0.61047
v -73.9697 -15.8392 1168.87
vn 0.360058 0.768936 -0.528295
v -67.8966 -9.94791 1156.62
vn 0.279725 0.846393 -0.453181
v -68.4617 -9.68283 1156.7
vn 0.303222 0.786226 -0.538429
v -68.6476 -9.95754 1156.12
vn -0.0223111 -0.916602 0.399178
v -74.2175 -16.9639 1166.93
vn -0.11887 -0.863713 0.489764
v -74.6207 -16.639 1167.51
vn 0.0583636 -0.953329 0.296238
v -74.1314 -17.4308 1165.69
vn 0.147532 -0.986955 0.0644602
v -73.8589 -18.0474 1162.45
vn 0.589479 0.0864507 -0.803145
v -70.0625 -12.9164 1153.37
vn 0.559678 -0.182178 -0.808438
v -70.3763 -13.4175 1153.14
vn 0.538433 0.0653659 -0.840129
v -71.0095 -12.9619 1152.7
vn 0.420073 -0.685264 -0.594939
v -70.4408 -14.1765 1153.64
vn 0.329555 -0.86299 -0.382939
v -72.5541 -15.9912 1155.4
vn 0.317922 -0.854924 -0.409914
v -72.9025 -15.4011 1153.8
vn 0.403245 -0.817789 -0.410627
v -73.5936 -16.903 1156.41
vn 0.316825 -0.948265 -0.0203944
v -75.7514 -18.4863 1159.79
vn 0.504613 -0.614394 0.606535
v -126.079 -102.759 1096.64
vn 0.996699 -0.0584492 0.0563493
v -124.017 -101.817 1088.57
vn 0.549295 -0.580034 0.601527
v -126.3 -105.78 1093.82
vn 0.995838 -0.0110435 0.0904735
v -123.895 -103.515 1084.97
vn -0.775954 -0.432008 0.459635
v -128.811 -108.647 1090.34
vn -0.358962 -0.634555 0.68446
v -127.621 -108.541 1091.46
vn -0.603824 -0.550052 0.576923
v -128.463 -109.619 1089.87
vn -0.911961 -0.304489 0.274978
v -129.173 -109.415 1088.74
vn 0.756107 0.483244 -0.441337
v -123.609 -104.655 1076.46
vn -0.975261 -0.183606 0.123102
v -129.281 -109.839 1087.59
vn 0.567075 0.585563 -0.57926
v -124.066 -104.7 1075.8
vn 0.286275 0.652497 -0.701637
v -125.066 -104.851 1074.95
vn 0.113772 0.678949 -0.725317
v -125.372 -106.661 1073.17
vn -0.996051 -0.0238241 -0.0855215
v -129.182 -111.571 1081.36
vn -0.996319 -0.0853037 -0.00848303
v -129.231 -111.995 1082.87
vn -0.576424 0.504585 -0.642751
v -126.871 -108.462 1071.86
vn -0.894698 0.225274 -0.385703
v -127.624 -108.823 1072.81
vn -0.777808 0.356391 -0.517687
v -127.279 -108.03 1072.67
vn -0.960614 0.0981127 -0.25999
v -127.912 -109.009 1073.58
vn -0.983514 0.0313963 -0.178083
v -128.309 -110.579 1075.02
vn -0.156165 0.958223 0.239627
v -70.2009 -7.88645 1169.67
vn -0.315754 0.786703 0.53047
v -70.405 -8.55594 1171.22
vn 0.0474008 0.998572 -0.0246605
v -69.2209 -7.52172 1167.06
vn -0.13508 0.97697 0.165178
v -70.2687 -7.70688 1168.73
vn -0.0643186 0.995096 0.0751523
v -70.0364 -7.55288 1167.7
vn -0.159421 0.975746 0.150017
v -71.2134 -7.77019 1168.25
vn -0.232113 0.916758 0.325081
v -70.9819 -8.18562 1170.14
vn -0.323207 0.831299 0.452194
v -71.397 -8.39348 1170.33
vn -0.21056 0.949981 0.230653
v -71.1745 -7.94738 1169.18
vn -0.450621 0.606201 0.655333
v -71.6714 -9.55968 1171.56
vn -0.385441 0.713256 0.585408
v -71.2544 -8.89095 1171.13
vn -0.471924 0.627325 0.619476
v -72.1962 -9.31515 1170.95
vn -0.530209 0.524099 0.666482
v -72.2768 -9.67643 1171.21
vn -0.421524 0.725787 0.543647
v -72.2029 -8.7345 1170.26
vn -0.545297 0.463516 0.69843
v -72.0292 -10.003 1171.65
vn 0.0660498 0.991039 -0.116099
v -70.5071 -7.58822 1164.65
vn -0.647802 0.162907 0.744187
v -73.3043 -11.5699 1171.29
vn -0.593337 0.409756 0.692857
v -72.6392 -10.1867 1171.25
vn 0.11728 0.970942 -0.208605
v -69.1697 -8.28718 1161.11
vn 0.0602085 0.983123 -0.172752
v -70.3208 -8.09625 1161.68
vn -0.630993 -0.116852 0.766937
v -73.1216 -12.3766 1171.42
vn -0.559758 -0.201089 0.803887
v -74.1207 -13.2792 1170.43
vn 0.0739141 0.961299 -0.265409
v -70.2633 -8.97294 1157.46
vn -0.362907 -0.590133 0.721139
v -74.6946 -15.4515 1168.92
vn 0.192991 0.859473 -0.47335
v -70.5457 -9.64542 1155.69
vn 0.190749 0.897418 -0.397813
v -69.9133 -9.29638 1156.65
vn 0.073231 0.932006 -0.354966
v -70.881 -9.33549 1156.25
vn 0.54216 0.252479 -0.801447
v -71.013 -12.2128 1152.85
vn 0.512562 0.170072 -0.841639
v -72.0783 -12.4416 1152.14
vn 0.463614 0.416467 -0.782059
v -72.2814 -11.6177 1152.34
vn 0.143672 -0.959397 0.242725
v -77.3586 -18.4284 1163.6
vn 0.0123391 -0.897111 0.441632
v -78.0163 -18.1709 1164.45
vn 0.474565 -0.483112 -0.735793
v -72.0866 -13.9024 1152.26
vn 0.445162 -0.592618 -0.671294
v -72.2323 -14.1112 1152.33
vn 0.476039 -0.479194 -0.737401
v -72.3372 -13.9299 1152.13
vn 0.452707 -0.613061 -0.647467
v -72.7381 -14.174 1152.05
vn 0.532775 -0.316509 -0.78484
v -72.5942 -13.624 1151.83
vn 0.532699 -0.0508289 -0.844777
v -72.8439 -13.2951 1151.61
vn 0.405851 -0.713124 -0.571611
v -72.7278 -14.4774 1152.39
vn 0.2227 -0.967993 0.115735
v -76.7462 -18.6177 1162.02
vn 0.492017 -0.603536 -0.627426
v -73.6528 -14.1736 1151.37
vn 0.382208 -0.803811 -0.455856
v -74.0511 -15.0163 1152.22
vn 0.382211 -0.819119 -0.427737
v -74.4974 -16.2763 1154.57
vn 0.464182 -0.798176 -0.383992
v -75.4264 -17.6573 1155.87
vn 0.405745 -0.891944 -0.199516
v -75.8135 -18.1213 1156.69
vn 0.486188 -0.840259 -0.23997
v -77.3225 -18.5737 1155.47
vn 0.984844 -0.164168 0.0559513
v -123.913 -96.86 1094.7
vn 0.952075 -0.251039 0.174735
v -124.489 -97.741 1098.22
vn 0.503393 -0.60845 0.613501
v -125.854 -98.8457 1100.48
vn 0.98682 -0.135314 0.0887439
v -124.093 -99.2111 1092.78
vn 0.318009 -0.666418 0.674356
v -126.298 -101.183 1098.38
vn 0.999464 -0.0122317 0.0303788
v -123.999 -98.5616 1088.15
vn -0.0340813 -0.687695 0.725199
v -127.006 -104.081 1095.75
vn -0.305078 -0.640801 0.704487
v -127.6 -104.29 1095.38
vn -0.548024 -0.556315 0.624647
v -128.237 -104.195 1095.02
vn 0.971686 0.194542 -0.134088
v -123.751 -99.3561 1082.02
vn -0.855549 -0.339053 0.391253
v -129.126 -105.09 1092.9
vn 0.903047 0.314009 -0.293094
v -123.826 -99.937 1081.03
vn 0.799004 0.421319 -0.42905
v -124.003 -100.315 1080.22
vn 0.99815 0.0418904 0.0440763
v -123.598 -100.929 1081.7
vn -0.968986 -0.169789 0.179548
v -129.454 -105.462 1091.5
vn -0.916892 -0.278036 0.286365
v -129.228 -108.246 1089.81
vn -0.998421 -0.0559936 0.00438833
v -129.608 -107.338 1086.59
vn -0.977171 -0.164327 0.134663
v -129.418 -107.888 1089.18
vn -0.995283 0.0112561 -0.0963594
v -129.508 -106.753 1084.44
vn -0.996727 -0.0803056 0.00933735
v -129.54 -108.316 1086.32
vn -0.998328 -0.041276 -0.0404607
v -129.57 -107.72 1085.63
vn -0.992164 -0.113143 0.0529995
v -129.454 -108.976 1087.04
vn -0.588543 0.502505 -0.633329
v -127.344 -105.068 1075.07
vn -0.386531 0.809549 0.441841
v -72.6172 -8.56376 1169.66
vn -0.100951 0.991975 0.0761163
v -71.4261 -7.5552 1166.26
vn -0.0223235 0.998964 -0.0396572
v -71.2383 -7.51944 1165.1
vn -0.137535 0.989954 0.0327978
v -71.8714 -7.5609 1165.54
vn -0.179214 0.976942 0.116048
v -72.3049 -7.74134 1166.74
vn -0.239285 0.955355 0.17332
v -72.853 -7.9513 1167.37
vn -0.228805 0.968807 0.0951944
v -73.0451 -7.85066 1166.33
vn -0.312761 0.892452 0.32513
v -72.8913 -8.34272 1168.9
vn -0.420694 0.806218 0.415967
v -73.2578 -8.58304 1169.1
vn -0.28261 0.928285 0.241698
v -73.0838 -8.17614 1168.15
vn -0.369765 0.874939 0.31266
v -73.7361 -8.42268 1168.2
vn -0.551958 0.523466 0.649096
v -72.9492 -9.66275 1170.65
vn -0.49634 0.635489 0.591439
v -72.8921 -9.25599 1170.33
vn -0.467551 0.717687 0.516063
v -73.1029 -8.77756 1169.56
vn -0.536281 0.605694 0.587825
v -73.5457 -9.30804 1169.81
vn 0.00660349 0.987514 -0.157393
v -71.4715 -7.67236 1163.9
vn -0.114537 0.990406 -0.0773147
v -72.3364 -7.65957 1164.25
vn -0.102873 0.984255 -0.143736
v -72.8463 -7.81923 1163.42
vn -0.202772 0.979075 0.0171932
v -72.5892 -7.67265 1165.13
vn -0.621978 0.211033 0.754061
v -75.1887 -11.691 1169.64
vn -0.606792 0.0221911 0.794551
v -75.0495 -12.5496 1169.87
vn -0.0156761 0.978751 -0.204451
v -71.5899 -8.41591 1159.89
vn -0.0381033 0.964512 -0.261276
v -72.0509 -9.1885 1156.71
vn -0.50509 -0.266678 0.820833
v -77.6724 -14.559 1167.87
vn -0.381856 -0.556809 0.737665
v -77.6039 -16.0252 1167.14
vn -0.430407 -0.454139 0.780069
v -78.1075 -15.6864 1167.09
vn 0.218238 0.813097 -0.539672
v -73.1136 -10.5635 1153.05
vn -0.0179039 0.941174 -0.337448
v -73.3363 -10.0117 1154.13
vn 0.0678998 0.892086 -0.446735
v -73.4702 -10.3167 1153.39
vn -0.262962 -0.688169 0.676221
v -77.9231 -17.0139 1166.12
vn 0.358563 0.657716 -0.662452
v -72.542 -11.2601 1152.44
vn 0.281381 0.672795 -0.684231
v -73.5336 -11.3589 1151.87
vn 0.180739 0.79864 -0.574028
v -73.7881 -10.9522 1152.26
vn -0.0971602 -0.821585 0.561746
v -78.4228 -17.9464 1164.81
vn 0.380851 0.50992 -0.77132
v -73.7581 -11.753 1151.46
vn 0.55639 -0.480979 -0.677561
v -74.619 -14.2607 1150.61
vn 0.56339 -0.116623 -0.817919
v -74.8435 -13.9099 1150.28
vn 0.508168 -0.671729 -0.539022
v -75.4887 -14.651 1150.23
vn 0.436047 -0.808119 -0.395988
v -75.5243 -15.2945 1151.36
vn 0.431533 -0.81177 -0.393456
v -75.8903 -15.9142 1152.35
vn 0.506458 -0.766385 -0.395163
v -77.3051 -16.5837 1152.06
vn 0.522849 -0.721234 -0.454368
v -76.5521 -17.2537 1154.06
vn 0.53703 -0.752632 -0.380978
v -77.2573 -18.2382 1154.68
vn 0.576897 -0.677896 -0.455683
v -78.2769 -17.8753 1152.89
vn 0.600187 -0.700537 -0.386036
v -79.1084 -19.1166 1153.56
vn 0.532424 -0.828419 -0.173918
v -79.3699 -19.518 1154.22
vn 0.446469 -0.892761 -0.060356
v -79.2524 -19.7103 1156.44
vn 0.873468 -0.383756 0.299642
v -124.761 -95.8515 1101.68
vn 0.324391 -0.639754 0.696768
v -125.956 -97.2184 1102.07
vn 0.137611 -0.650682 0.746777
v -126.05 -96.5351 1102.71
vn 0.669254 -0.531907 0.51882
v -125.608 -97.3802 1101.68
vn -0.00677171 -0.663396 0.748238
v -126.439 -98.0989 1101.38
vn -0.279508 -0.625148 0.728742
v -126.776 -97.781 1101.59
vn 0.276004 -0.669724 0.689414
v -126.197 -99.3058 1100.23
vn 0.997388 -0.0717655 -0.00817515
v -123.864 -96.7259 1092.78
vn 0.999314 0.00990064 -0.0356919
v -123.882 -94.8866 1087.51
vn 0.999109 -0.034963 -0.0236393
v -123.931 -96.2259 1090.51
vn 0.982368 0.143717 -0.119577
v -123.953 -96.0521 1084.8
vn 0.8491 0.360944 -0.38568
v -124.151 -95.953 1084.13
vn 0.999531 0.0276425 0.0131621
v -123.861 -97.4255 1085.33
vn -0.763087 -0.416755 0.493977
v -128.7 -102.573 1095.84
vn -0.852106 -0.327618 0.408145
v -128.961 -102.257 1095.64
vn -0.915279 -0.248512 0.317027
v -129.17 -102.278 1095.12
vn 0.899333 0.311638 -0.306727
v -123.959 -98.1087 1082.41
vn 0.753638 0.44895 -0.480076
v -124.238 -97.83 1082.15
vn -0.979747 -0.128825 0.153298
v -129.543 -103.966 1092.31
vn -0.996805 -0.0493719 0.0627872
v -129.712 -102.993 1091.52
vn -0.935786 -0.226292 0.270364
v -129.302 -104.631 1092.83
vn 0.635459 0.526117 -0.565149
v -124.579 -99.3225 1080.38
vn -0.992929 -0.0938484 0.072701
v -129.638 -105.658 1089.79
vn -0.999795 -0.0160386 -0.0123368
v -129.755 -103.98 1088.92
vn 0.0688186 0.654415 -0.752998
v -126.013 -101.068 1078.03
vn -0.998491 -0.00448152 -0.0547298
v -129.621 -105.874 1085.89
vn -0.212188 0.633195 -0.744339
v -126.928 -103.022 1076.5
vn -0.947902 0.148559 -0.281802
v -128.48 -103.528 1078.18
vn -0.989989 0.0314442 -0.137596
v -128.976 -104.728 1080.29
vn -0.977422 0.0722688 -0.198553
v -128.669 -104.372 1078.62
vn -0.343396 0.908085 0.239711
v -74.0032 -8.35032 1167.61
vn -0.303512 0.941035 0.149446
v -74.0081 -8.16507 1166.71
vn -0.282827 0.957276 0.0602618
v -73.7754 -7.99453 1165.65
vn -0.349329 0.928209 0.128053
v -74.7637 -8.39563 1166.47
vn -0.505577 0.707924 0.49319
v -74.786 -9.07144 1168.35
vn -0.453451 0.813393 0.364382
v -74.8529 -8.86418 1167.93
vn -0.395383 0.885987 0.24228
v -74.8647 -8.56314 1167.09
vn -0.543973 0.720217 0.430559
v -75.5803 -9.19949 1167.65
vn -0.421145 0.883791 0.203837
v -75.3817 -8.665 1166.53
vn -0.482144 0.826081 0.291766
v -75.8293 -9.0075 1166.88
vn -0.613166 0.352142 0.707123
v -75.6806 -10.3591 1168.71
vn -0.568485 0.625605 0.534268
v -75.6114 -9.59971 1168.16
vn -0.162383 0.978116 -0.130082
v -74.1941 -8.20754 1162.06
vn -0.231098 0.972372 -0.0329486
v -73.8011 -7.9546 1163.9
vn -0.322867 0.944953 0.0531079
v -75.1489 -8.40359 1165.02
vn -0.610169 0.333882 0.718482
v -76.1579 -10.7376 1168.49
vn -0.603058 0.48485 0.633437
v -76.1688 -10.1179 1168.11
vn -0.627143 0.388008 0.675382
v -76.5768 -10.6869 1168.1
vn -0.0902253 0.978293 -0.186554
v -73.3365 -8.25741 1161.17
vn -0.151443 0.974198 -0.167343
v -74.6575 -8.45137 1160.94
vn -0.614487 0.218937 0.757939
v -78.1217 -12.581 1167.56
vn -0.0916114 0.971264 -0.219669
v -74.1589 -8.86788 1158.67
vn -0.53451 -0.216272 0.817023
v -78.6399 -14.629 1167.24
vn -0.573344 -0.0477796 0.817921
v -78.4945 -14.0155 1167.45
vn -0.605429 0.105121 0.788926
v -78.2018 -13.184 1167.64
vn -0.117795 0.959779 -0.254852
v -74.9443 -9.56805 1156.14
vn 0.0390832 0.865352 -0.499638
v -74.463 -10.8604 1152.27
vn -0.0958355 0.920152 -0.379652
v -75.0571 -10.5464 1153
vn 0.147192 0.774747 -0.6149
v -74.4675 -11.3308 1151.58
vn -0.000940843 0.862229 -0.506517
v -75.7679 -11.5101 1151.12
vn -0.0254236 -0.842501 0.538094
v -80.6746 -19.0113 1162.97
vn -0.188365 -0.661456 0.725944
v -81.6487 -18.5853 1163.33
vn 0.365533 0.473764 -0.801207
v -75.5822 -12.4716 1150.13
vn 0.50036 0.156231 -0.851606
v -75.3863 -13.3042 1149.94
vn 0.451733 0.328287 -0.829557
v -75.2131 -12.6366 1150.24
vn 0.244597 0.661599 -0.708844
v -75.6081 -12.1051 1150.4
vn 0.542852 -0.104689 -0.833278
v -76.5096 -14.3556 1149.21
vn 0.580015 -0.406136 -0.706141
v -76.6964 -14.6426 1149.16
vn 0.490526 0.0914302 -0.866617
v -76.9191 -13.9042 1148.96
vn 0.305773 -0.939182 0.156336
v -81.3968 -20.279 1159.64
vn 0.189179 -0.920963 0.340646
v -81.3422 -19.9023 1161.14
vn 0.548708 -0.704249 -0.450503
v -76.714 -15.0151 1149.45
vn 0.590014 -0.553332 -0.587969
v -77.345 -15.2689 1149.01
vn 0.571907 -0.238812 -0.784787
v -77.5924 -14.9612 1148.61
vn 0.507051 0.0277742 -0.861469
v -77.7407 -14.4691 1148.48
vn 0.544709 -0.773803 -0.323297
v -77.8174 -16.3097 1150.71
vn 0.589261 -0.704936 -0.394763
v -78.832 -17.2846 1151.2
vn 0.362214 -0.927526 0.0921783
v -80.8175 -20.3111 1157.88
vn 0.609487 -0.584964 -0.535111
v -78.2487 -15.7106 1148.58
vn 0.562795 -0.746599 -0.354756
v -78.5005 -16.1717 1148.96
vn 0.565604 -0.768572 -0.298981
v -79.4554 -16.9892 1149.56
vn 0.624252 -0.646249 -0.438944
v -79.3993 -18.5877 1152.46
vn 0.592906 -0.707367 -0.38483
v -80.3849 -17.8769 1149.88
vn 0.633298 -0.622556 -0.459737
v -80.7328 -19.2821 1151.44
vn 0.618697 -0.622809 -0.478878
v -81.0796 -18.8685 1150.5
vn 0.581631 -0.76906 -0.26505
v -81.4296 -20.5326 1152.42
vn 0.633288 -0.642107 -0.432025
v -81.8918 -20.3167 1151.06
vn 0.904446 -0.362069 0.225573
v -123.183 -88.2647 1107.48
vn 0.755537 -0.487835 0.437242
v -124.002 -90.2655 1106.97
vn 0.955462 -0.268869 0.121663
v -123.336 -91.2183 1102.45
vn 0.930417 -0.315067 0.187233
v -123.665 -91.6124 1103.84
vn 0.515176 -0.585571 0.62586
v -124.806 -92.1842 1106
vn 0.211125 -0.627347 0.749575
v -125.276 -92.3251 1106.15
vn -0.170089 -0.578083 0.798054
v -125.678 -92.1782 1106.26
vn 0.993225 -0.106773 -0.0458621
v -122.987 -89.7908 1099.14
vn 0.982316 -0.185571 0.0248716
v -123.189 -91.3469 1100.43
vn -0.369947 -0.538091 0.757362
v -126.469 -93.544 1104.98
vn -0.0777281 -0.625793 0.776107
v -126.167 -95.4832 1103.61
vn -0.541589 -0.472344 0.695394
v -127.07 -94.5979 1103.89
vn -0.233708 -0.604673 0.761414
v -126.487 -96.0333 1103.11
vn -0.448162 -0.537658 0.714195
v -127.088 -95.8533 1102.97
vn -0.584909 -0.47022 0.660889
v -127.41 -95.6111 1102.91
vn 0.996597 -0.0594743 -0.057078
v -123.573 -92.0225 1093.56
vn -0.482751 -0.550331 0.681239
v -127.47 -97.3558 1101.57
vn -0.652385 -0.448681 0.610802
v -127.842 -97.2161 1101.31
vn 0.997989 -0.0370756 -0.0514039
v -123.734 -92.7871 1090.79
vn -0.592599 -0.514265 0.619966
v -127.778 -98.3315 1100.52
vn -0.768325 -0.38515 0.511211
v -128.292 -97.6493 1100.42
vn -0.719874 -0.440181 0.536677
v -128.242 -99.6202 1098.91
vn 0.945641 0.200597 -0.255977
v -124.039 -93.199 1086.88
vn 0.793159 0.376823 -0.478438
v -124.336 -93.3917 1086.05
vn -0.828913 -0.341255 0.443226
v -128.823 -100.335 1097.41
vn -0.900066 -0.255328 0.353112
v -129.052 -99.9816 1097.15
vn 0.651062 0.490911 -0.5789
v -124.773 -93.8105 1085.13
vn -0.942663 -0.185859 0.277203
v -129.284 -100.079 1096.39
vn -0.97784 -0.0990912 0.184417
v -129.435 -99.6901 1096.04
vn -0.991002 -0.0701522 0.113992
v -129.589 -101.377 1094
vn -0.964617 -0.157706 0.211288
v -129.494 -101.368 1094.62
vn -0.999859 0.016706 0.0014399
v -129.764 -101.503 1090.82
vn -0.997472 0.0415779 -0.0576275
v -129.709 -101.622 1088.51
vn 0.0322494 0.650544 -0.758784
v -126.352 -97.8968 1080.72
vn -0.189752 0.631182 -0.752066
v -127.113 -97.9343 1080.73
vn -0.64633 0.473615 -0.598287
v -127.82 -100.041 1079.45
vn -0.922507 0.237346 -0.30438
v -128.617 -100.32 1080.68
vn -0.996067 0.0293191 -0.0836136
v -129.585 -103.206 1086.16
vn -0.412637 0.573836 -0.70742
v -127.349 -100.712 1078.54
vn -0.963776 0.121918 -0.237218
v -128.728 -102.164 1079.84
vn -0.918038 0.207328 -0.337965
v -128.463 -101.962 1079.07
vn -0.833679 0.329991 -0.442814
v -128.347 -101.305 1079.25
vn -0.933695 0.197556 -0.298639
v -128.61 -101.561 1079.73
vn -0.961462 0.155146 -0.22698
v -128.778 -101.289 1080.56
vn -0.981884 0.0835766 -0.170057
v -128.911 -102.027 1080.84
vn -0.23052 0.96886 -0.0903954
v -75.3775 -8.4403 1162.12
vn -0.309775 0.94991 -0.041355
v -76.1357 -8.6691 1161.89
vn -0.296156 0.955135 -0.00281581
v -75.4505 -8.42944 1162.85
vn -0.343071 0.938783 0.0314602
v -76.3076 -8.73969 1163.47
vn -0.401221 0.907096 0.127275
v -77.2333 -9.16394 1164.62
vn -0.636373 0.317753 0.702896
v -78.1658 -12.0664 1167.33
vn -0.155878 0.966122 -0.205694
v -75.2508 -8.82711 1159.44
vn -0.228219 0.963275 -0.141482
v -76.0782 -8.8288 1160.31
vn -0.231725 0.954734 -0.186512
v -76.673 -9.23503 1158.79
vn -0.615761 0.225986 0.75483
v -80.8555 -13.7802 1165.59
vn -0.197223 0.952834 -0.230676
v -76.7626 -9.79684 1156.41
vn -0.510126 -0.216495 0.832407
v -80.4984 -15.0329 1165.91
vn -0.575202 0.0314556 0.817407
v -81.0412 -14.4272 1165.57
vn -0.169819 0.944201 -0.282216
v -76.8006 -10.2869 1154.6
vn -0.359123 -0.402242 0.842159
v -82.5852 -17.3421 1163.89
vn 0.413425 0.315245 -0.854225
v -77.2863 -13.3604 1148.92
vn 0.255167 0.605862 -0.753539
v -77.194 -12.8105 1149.24
vn 0.0865548 0.791675 -0.604781
v -77.5166 -12.5285 1149.47
vn 0.0517169 -0.820959 0.568641
v -83.5278 -20.2354 1161.18
vn -0.0834163 -0.699386 0.70986
v -83.7721 -19.7875 1161.75
vn 0.250408 0.588193 -0.768977
v -78.9903 -13.454 1148.15
vn 0.333398 0.431755 -0.838113
v -79.1532 -13.7327 1147.9
vn 0.173065 -0.869396 0.462816
v -83.429 -20.5274 1160.66
vn 0.601757 -0.229332 -0.765046
v -79.1203 -15.5554 1147.62
vn 0.633889 -0.419152 -0.649997
v -79.4687 -16.089 1147.54
vn 0.560962 -0.0905872 -0.82287
v -79.5884 -15.5716 1147.28
vn 0.494708 0.139366 -0.857812
v -79.6571 -14.9424 1147.27
vn 0.443872 0.084941 -0.892055
v -80.1101 -15.2963 1146.97
vn 0.611727 -0.709533 -0.349789
v -79.5302 -16.5223 1148.02
vn 0.35464 -0.909442 0.217131
v -84.4994 -21.7245 1158.34
vn 0.261876 -0.905243 0.334599
v -84.4041 -21.4811 1159.05
vn 0.619348 -0.714089 -0.326321
v -81.5394 -18.7204 1149.61
vn 0.618177 -0.741944 -0.25957
v -81.0023 -17.8704 1148.58
vn 0.614957 -0.628248 -0.476584
v -81.6916 -17.7847 1146.54
vn 0.601257 -0.74464 -0.289829
v -81.775 -18.0171 1146.87
vn 0.432427 -0.896655 0.0949603
v -84.2042 -22.2699 1153.95
vn 0.64879 -0.600685 -0.467171
v -83.6656 -21.1056 1149.78
vn 0.618191 -0.719916 -0.315533
v -83.8797 -21.4479 1149.99
vn 0.491293 -0.870823 -0.0173025
v -85.0957 -22.7961 1152.43
vn 0.47074 -0.879411 0.0709935
v -85.7052 -23.1091 1153.23
vn 0.548865 -0.823643 -0.142689
v -85.7235 -22.9452 1150.29
vn 0.93424 -0.327493 0.141225
v -121.714 -82.9538 1110.17
vn 0.843743 -0.434486 0.31515
v -122.492 -84.6781 1110.34
vn 0.988273 -0.134354 -0.072559
v -122.105 -84.6635 1102.46
vn 0.963715 -0.257459 0.0704909
v -122.35 -86.6458 1106.01
vn 0.39221 -0.596631 0.700145
v -124.369 -89.1896 1108.36
vn 0.177792 -0.603921 0.776962
v -124.605 -89.1585 1108.49
vn -0.145138 -0.562436 0.814003
v -125.098 -89.1618 1108.49
vn -0.376831 -0.497617 0.781266
v -125.616 -89.2386 1108.26
vn -0.383596 -0.5123 0.768377
v -126.206 -91.8684 1106.26
vn -0.509154 -0.457597 0.728949
v -126.535 -91.6348 1106.21
vn -0.6686 -0.364636 0.648085
v -126.909 -91.4966 1105.97
vn 0.993578 -0.0473977 -0.102742
v -123.218 -87.991 1094.75
vn -0.554024 -0.448778 0.701182
v -126.96 -93.1893 1104.9
vn -0.646249 -0.40385 0.647509
v -127.246 -93.6989 1104.32
vn -0.856106 -0.238189 0.458639
v -128.239 -93.9247 1102.87
vn -0.758784 -0.317814 0.568543
v -127.757 -93.4223 1103.91
vn -0.685866 -0.399576 0.608216
v -127.706 -95.3371 1102.79
vn -0.794358 -0.312058 0.521168
v -128.055 -94.7717 1102.71
vn -0.878404 -0.232528 0.417537
v -128.469 -95.1629 1101.73
vn -0.933233 -0.155978 0.323647
v -128.776 -94.5887 1101.27
vn 0.980933 0.0797854 -0.177211
v -123.834 -90.3023 1089.64
vn -0.789625 -0.339312 0.511233
v -128.225 -95.8959 1101.74
vn -0.95748 -0.134852 0.255045
v -128.984 -95.9277 1099.89
vn 0.867011 0.280602 -0.411769
v -124.216 -90.2992 1088.52
vn -0.991994 0.00369963 0.126234
v -129.238 -95.4322 1098.79
vn -0.892535 -0.245948 0.37801
v -128.673 -96.7663 1100.33
vn -0.994736 -0.0230722 0.0998383
v -129.529 -98.8013 1095.74
vn 0.364368 0.599712 -0.712447
v -125.779 -93.9685 1084.29
vn -0.998325 0.0578483 -0.000916898
v -129.616 -97.4616 1093.18
vn -0.998808 0.00222878 0.0487621
v -129.677 -99.4678 1093.53
vn -0.995231 0.0792195 -0.05691
v -129.629 -98.9128 1090.08
vn -0.378352 0.596052 -0.708217
v -127.426 -97.0977 1081.56
vn -0.547715 0.538285 -0.640514
v -127.686 -97.2649 1081.59
vn -0.75008 0.421844 -0.50934
v -128.136 -97.0499 1082.26
vn -0.940149 0.219367 -0.260764
v -128.785 -97.774 1083.31
vn -0.879291 0.306958 -0.364175
v -128.428 -97.8837 1082.15
vn -0.971857 0.142081 -0.1879
v -128.969 -99.1223 1082.96
vn -0.990671 0.0725042 -0.115389
v -129.134 -99.9824 1083.41
vn -0.463178 0.86166 0.207385
v -78.1964 -9.59942 1164.42
vn -0.503478 0.815228 0.286206
v -78.5396 -9.85295 1164.62
vn -0.36018 0.932522 -0.0259412
v -78.1227 -9.40359 1161.04
vn -0.379337 0.924673 0.03292
v -78.6616 -9.60461 1162.68
vn -0.478606 0.865662 0.146855
v -79.3087 -9.94553 1163.2
vn -0.510022 0.825341 0.242261
v -79.2574 -10.1297 1164.12
vn -0.553125 0.759455 0.342463
v -79.5914 -10.4238 1164.3
vn -0.611706 0.632108 0.475663
v -80.0642 -11.0784 1164.72
vn -0.542972 0.807263 0.231318
v -80.1004 -10.4401 1163.3
vn -0.631241 0.422785 0.650221
v -80.273 -11.8664 1165.18
vn -0.300934 0.946917 -0.113079
v -77.8749 -9.35966 1160.12
vn -0.353637 0.93097 -0.0907495
v -78.825 -9.73279 1159.76
vn -0.423934 0.905369 0.0242388
v -79.9201 -10.1435 1161.79
vn -0.585099 0.740905 0.329725
v -80.4757 -10.8185 1163.66
vn -0.613321 0.373119 0.696146
v -81.7617 -13.0848 1164.55
vn -0.631057 0.498641 0.594242
v -81.8383 -12.2963 1163.95
vn -0.280424 0.942591 -0.18134
v -77.9351 -9.76599 1157.88
vn -0.594413 0.234216 0.769296
v -82.0159 -14.1586 1164.83
vn -0.235998 0.943017 -0.234572
v -78.7184 -10.6192 1154.95
vn -0.467515 -0.126655 0.874864
v -83.7829 -16.2231 1163.74
vn -0.1576 0.90533 -0.394386
v -80.0518 -12.6201 1149.73
vn -0.187594 -0.584513 0.789401
v -84.3063 -19.0462 1162.28
vn -0.283832 -0.454693 0.844212
v -85.3944 -18.4655 1162.35
vn 0.0819359 0.765231 -0.63852
v -79.1593 -13.328 1148.24
vn 0.139638 0.663089 -0.7354
v -79.2551 -13.499 1148.04
vn -0.00652666 0.784238 -0.620426
v -79.7353 -13.4878 1148.02
vn -0.083935 0.868781 -0.488031
v -79.811 -13.1627 1148.53
vn 0.35697 0.290732 -0.88772
v -80.221 -14.7177 1147.05
vn 0.212443 0.52782 -0.822359
v -80.113 -14.149 1147.34
vn 0.0584259 0.70079 -0.710971
v -80.2281 -13.9312 1147.51
vn 0.0921222 0.629765 -0.771304
v -81.016 -14.4557 1146.95
vn 0.0727053 -0.809997 0.58191
v -85.8756 -21.3635 1159.91
vn -0.0453946 -0.718747 0.693788
v -86.3683 -20.9282 1160.42
vn 0.231115 0.425137 -0.875125
v -81.1909 -14.7488 1146.73
vn 0.269506 -0.885416 0.378688
v -86.1101 -22.3108 1158.28
vn 0.158927 -0.840545 0.517906
v -86.8649 -22.282 1158.7
vn 0.0435455 -0.783028 0.620461
v -87.1826 -21.9476 1159.24
vn 0.546438 -0.203941 -0.812289
v -81.5043 -17.1115 1146.3
vn 0.509933 -0.311795 -0.801719
v -82.3766 -17.7371 1145.92
vn 0.463921 -0.0719366 -0.882951
v -82.1298 -17.0023 1145.91
vn 0.361211 0.107 -0.926325
v -82.5695 -16.587 1145.73
vn 0.590053 -0.429313 -0.68376
v -81.8774 -17.6755 1146.26
vn 0.555423 -0.550861 -0.622943
v -82.0737 -17.9236 1146.28
vn 0.445762 -0.879479 0.166771
v -86.7465 -23.2002 1156.13
vn 0.343595 -0.876823 0.336339
v -87.2957 -23.2594 1156.93
vn 0.242384 -0.851045 0.465803
v -87.9946 -23.1715 1157.66
vn 0.130026 -0.800659 0.584841
v -88.2669 -23.0119 1158.01
vn 0.417533 -0.132225 -0.89899
v -82.8839 -17.4445 1145.58
vn 0.51488 -0.719723 -0.465723
v -82.8731 -18.4546 1146.1
vn 0.471161 -0.447041 -0.760369
v -82.8623 -18.1153 1145.8
vn 0.475068 -0.673627 -0.56616
v -83.7794 -18.7607 1145.75
vn 0.490837 -0.42681 -0.759547
v -83.9138 -18.4151 1145.38
vn 0.564287 -0.749651 -0.345837
v -83.535 -19.7524 1148.08
vn 0.532868 -0.726277 -0.434251
v -84.4683 -19.9703 1147.27
vn 0.63339 -0.610527 -0.475472
v -84.3416 -20.4341 1148.07
vn 0.662077 -0.606131 -0.440748
v -84.9548 -21.8212 1148.76
vn 0.493575 -0.868088 0.0529761
v -87.6931 -24.2372 1152.15
vn 0.487911 -0.863561 0.127303
v -88.1058 -24.2723 1154.21
vn 0.627218 -0.583241 -0.516166
v -86.1654 -21.1866 1146.78
vn 0.678888 -0.635527 -0.367719
v -86.657 -22.9431 1147.83
vn 0.647997 -0.723471 -0.238094
v -87.1025 -23.4718 1148.08
vn 0.682585 -0.516222 -0.517293
v -86.6393 -22.6668 1147.49
vn 0.591995 -0.796674 -0.121873
v -87.1459 -23.7689 1149.15
vn 0.526918 -0.849513 -0.0261761
v -87.7164 -24.2899 1150.85
vn 0.759639 -0.533822 0.37146
v -121.235 -78.5508 1115.66
vn 0.572957 -0.609029 0.548456
v -121.51 -78.6549 1115.97
vn 0.957493 -0.288242 0.0111417
v -120.319 -77.9873 1112.63
vn 0.900722 -0.395223 0.180275
v -120.877 -79.161 1113.72
vn 0.699708 -0.533886 0.474736
v -122.345 -82.5928 1112.59
vn 0.503544 -0.592407 0.628886
v -122.686 -82.653 1112.9
vn 0.179946 -0.606521 0.774436
v -122.936 -82.3069 1113.36
vn 0.974943 -0.221859 -0.0162509
v -121.182 -81.3305 1108.56
vn -0.0172018 -0.561657 0.827191
v -123.585 -83.3767 1112.66
vn -0.131562 -0.561482 0.816963
v -123.878 -83.058 1112.83
vn 0.98188 -0.113666 -0.151631
v -121.242 -80.2397 1104.86
vn 0.00544874 -0.586922 0.809625
v -123.811 -84.5674 1111.82
vn -0.100954 -0.568644 0.816366
v -123.921 -84.3438 1111.97
vn -0.249554 -0.532173 0.809021
v -124.601 -85.4916 1111.05
vn -0.499071 -0.432036 0.751181
v -125.579 -86.7666 1109.79
vn -0.650933 -0.351302 0.672959
v -126.031 -86.764 1109.41
vn -0.587754 -0.401107 0.702608
v -126.036 -88.3601 1108.54
vn 0.987563 -0.0482792 -0.149625
v -122.489 -83.1938 1098.57
vn -0.838138 -0.202398 0.506516
v -127.217 -88.4965 1107.11
vn -0.79367 -0.261861 0.549106
v -127.38 -89.9686 1106.21
vn -0.868479 -0.199564 0.453782
v -128.038 -91.9691 1104.21
vn -0.937338 -0.0906194 0.336431
v -128.27 -91.0674 1103.99
vn 0.966809 0.0815402 -0.242139
v -123.593 -87.1946 1092
vn 0.833538 0.277497 -0.477713
v -123.804 -86.6675 1091.69
vn -0.92099 -0.144887 0.361643
v -128.382 -92.6317 1103.16
vn -0.95291 -0.0915565 0.289101
v -128.68 -93.0679 1102.16
vn -0.979708 -0.0030683 0.200404
v -128.662 -92.1477 1102.44
vn 0.631403 0.454845 -0.62805
v -124.507 -86.7567 1090.74
vn -0.972316 -0.0711636 0.222569
v -128.948 -94.5611 1100.68
vn -0.994895 0.0885397 0.0484289
v -129.134 -92.4467 1097.25
vn -0.993518 0.113573 -0.00485415
v -129.242 -92.9962 1094.87
vn -0.993856 0.105471 -0.0335436
v -129.376 -94.6423 1093.12
vn -0.996327 0.0852349 0.0082123
v -129.409 -94.6961 1094.59
vn -0.997531 0.0471908 0.0520057
v -129.431 -95.7278 1096.52
vn 0.0040257 0.638057 -0.769979
v -126.774 -93.1929 1084.76
vn -0.249346 0.622598 -0.741754
v -127.295 -93.2278 1084.82
vn -0.97504 0.154044 -0.159899
v -128.939 -95.3816 1086.1
vn -0.551083 0.797588 0.245278
v -82.9243 -11.8511 1161.42
vn -0.585072 0.738571 0.334969
v -83.4309 -12.3249 1161.67
vn -0.559032 0.132779 0.818445
v -83.8642 -15.2533 1163.69
vn -0.608994 0.315407 0.727767
v -84.0837 -14.8883 1163.41
vn -0.617698 0.434055 0.655779
v -85.05 -14.6158 1162.38
vn -0.28972 0.93601 -0.199869
v -82.3649 -12.0049 1153.27
vn -0.367724 -0.26309 0.891943
v -85.5348 -17.5247 1162.71
vn -0.453369 -0.21099 0.865991
v -86.305 -17.6306 1162.34
vn -0.480842 -0.0561577 0.875007
v -86.3514 -17.3305 1162.36
vn -0.577495 0.0944011 0.810918
v -86.618 -17.0218 1162.18
vn -0.358811 -0.346473 0.866725
v -85.9842 -17.8743 1162.4
vn -0.193185 0.919568 -0.342162
v -80.8206 -12.2408 1151.09
vn -0.259553 0.930829 -0.257274
v -82.4776 -12.339 1152.02
vn -0.536836 -0.0764461 0.840216
v -86.6983 -17.5155 1162.13
vn -0.201471 -0.557566 0.805314
v -87.0547 -20.4525 1160.68
vn -0.393852 -0.36176 0.844992
v -88.0805 -19.3998 1160.84
vn -0.344936 -0.425267 0.83676
v -88.1868 -20.3639 1160.33
vn -0.0575904 0.801689 -0.59496
v -81.9895 -14.4493 1146.93
vn -0.03805 0.73724 -0.674559
v -83.3287 -15.0896 1146.21
vn -0.143064 0.833408 -0.533821
v -83.4836 -14.9195 1146.46
vn -0.0183937 -0.712211 0.701725
v -87.9814 -22.0637 1159.1
vn -0.183612 -0.554252 0.811844
v -89.2592 -22.0612 1158.95
vn 0.283212 0.277494 -0.918035
v -82.6661 -15.9838 1145.83
vn 0.147144 0.469434 -0.87062
v -83.1043 -15.5324 1145.89
vn 0.0113745 0.631913 -0.774955
v -83.4903 -15.3668 1145.96
vn -0.144647 0.75349 -0.64135
v -83.9705 -15.2384 1146.14
vn 0.000936592 -0.646987 0.762501
v -90.0931 -23.2781 1157.87
vn 0.406254 0.0154646 -0.913629
v -84.3568 -17.5337 1144.99
vn 0.327002 0.216891 -0.919798
v -84.5643 -17.1124 1144.98
vn 0.213373 0.401055 -0.890857
v -84.4357 -16.5192 1145.22
vn 0.461498 -0.210932 -0.8617
v -84.0779 -18.1614 1145.2
vn 0.257751 -0.830369 0.494016
v -89.2664 -24.0428 1156.82
vn 0.123563 -0.754982 0.643999
v -89.6591 -23.7158 1157.39
vn 0.524786 -0.323131 -0.787519
v -84.8029 -18.5855 1144.87
vn 0.540221 -0.578294 -0.611341
v -85.4141 -19.1483 1144.76
vn 0.513039 -0.159486 -0.843418
v -85.6846 -18.5161 1144.32
vn 0.55043 -0.700644 -0.454009
v -85.6396 -19.7032 1145.35
vn 0.603983 -0.630506 -0.487512
v -86.3335 -19.7399 1144.5
vn 0.597365 -0.417402 -0.684785
v -86.377 -19.4228 1144.15
vn 0.629713 -0.640591 -0.439437
v -86.8099 -20.5361 1145.08
vn 0.697255 -0.453836 -0.554859
v -86.9876 -21.7669 1146.32
vn 0.669811 -0.554404 -0.493953
v -87.0304 -21.4502 1145.97
vn 0.411857 -0.854128 0.317553
v -91.4555 -26.0991 1154.37
vn 0.696201 -0.578879 -0.424503
v -87.6631 -21.3866 1144.96
vn 0.705881 -0.503719 -0.497996
v -87.8279 -21.9029 1145.34
vn 0.716733 -0.416334 -0.559428
v -88.177 -22.4652 1145.36
vn 0.724617 -0.46837 -0.505528
v -88.2388 -23.7664 1146.11
vn 0.574143 -0.818398 0.0241752
v -89.3318 -25.3519 1150.13
vn 0.529496 -0.82224 0.208702
v -91.7997 -26.7549 1152.82
vn 0.732695 -0.490016 -0.472274
v -88.7255 -22.63 1144.76
vn 0.694608 -0.658525 -0.289592
v -88.5677 -24.229 1146.2
vn 0.653235 -0.743925 -0.140927
v -89.7085 -25.4607 1146.73
vn 0.618961 -0.784713 0.0333515
v -90.3853 -26.1457 1149.05
vn 0.61313 -0.783102 0.104032
v -91.3292 -26.7584 1150.78
vn 0.712053 -0.678379 -0.18106
v -90.1578 -25.5699 1145.44
vn 0.740989 -0.550175 -0.385023
v -90.2233 -25.4351 1144.98
vn 0.669964 -0.741548 -0.0354241
v -91.1253 -26.7581 1146.84
vn 0.758301 -0.60616 -0.239894
v -91.5942 -26.7784 1144.08
vn 0.663751 -0.741143 0.100711
v -92.918 -28.3655 1148.61
vn 0.741149 -0.664009 -0.0989442
v -92.2671 -27.7314 1144.99
vn 0.765206 -0.542601 0.346473
v -118.517 -70.7989 1121.83
vn 0.644052 -0.5988 0.476063
v -118.966 -71.1281 1122.19
vn 0.886127 -0.434744 0.160555
v -118.691 -72.4871 1118.78
vn 0.150271 -0.668133 0.728709
v -120.575 -73.729 1120.53
vn 0.941423 -0.336872 0.0154644
v -118.965 -73.6607 1116.22
vn 0.250932 -0.673115 0.695665
v -121.177 -76.0181 1118.48
vn 0.0119866 -0.652487 0.757705
v -121.353 -75.4757 1119
vn -0.204601 -0.602043 0.771805
v -121.793 -75.8137 1118.67
vn 0.238501 -0.654512 0.717448
v -121.734 -78.212 1116.64
vn -0.00682595 -0.644469 0.7646
v -122.17 -78.1055 1116.82
vn -0.172029 -0.597394 0.783279
v -122.706 -79.4379 1115.67
vn -0.422439 -0.483059 0.766942
v -123.708 -79.9466 1114.9
vn -0.646011 -0.349726 0.6785
v -125.016 -81.4282 1113.08
vn -0.740453 -0.289739 0.606449
v -126.38 -86.5954 1109.11
vn 0.963868 0.037816 -0.263684
v -122.721 -80.8633 1097
vn 0.888782 0.169644 -0.42578
v -122.861 -80.5186 1096.69
vn -0.958405 -0.011094 0.285194
v -127.414 -85.5289 1107.53
vn -0.919678 -0.101691 0.379278
v -127.534 -87.5439 1106.84
vn -0.902502 -0.135958 0.408664
v -127.644 -88.9037 1106.17
vn -0.974958 0.0129349 0.222013
v -127.951 -87.8387 1105.46
vn 0.62041 0.42295 -0.660458
v -124.038 -83.0779 1093.64
vn -0.989815 0.0853785 0.113918
v -128.354 -89.6066 1103.52
vn -0.9911 0.130202 0.0276995
v -128.787 -89.516 1098.37
vn -0.992553 0.0906699 0.0813431
v -128.711 -89.7568 1099.98
vn 0.404528 0.547764 -0.732333
v -125.036 -86.8869 1090.22
vn 0.102619 0.604853 -0.789697
v -126.333 -87.0798 1089.63
vn -0.57696 0.529025 -0.622294
v -127.712 -89.477 1088.26
vn -0.923133 0.259314 -0.283869
v -128.5 -90.603 1088.76
vn -0.781645 0.413543 -0.466919
v -128.044 -89.7402 1088.46
vn -0.98244 0.145443 -0.116868
v -128.798 -91.321 1089.47
vn -0.6042 0.666593 0.436573
v -84.5979 -13.1741 1161.39
vn -0.413456 0.909696 -0.0388195
v -84.2931 -12.1647 1157.57
vn -0.455494 0.889995 0.0208351
v -84.8018 -12.401 1158.2
vn -0.590011 0.726041 0.353202
v -85.7993 -13.4631 1160.16
vn -0.55743 0.793509 0.244164
v -85.8061 -13.2235 1159.53
vn -0.619145 0.578832 0.530672
v -85.2799 -14.0006 1161.61
vn -0.38906 0.914974 -0.107027
v -84.4906 -12.4042 1155.57
vn -0.462815 0.886316 -0.0156954
v -85.0523 -12.5369 1157.5
vn -0.450562 0.890565 -0.0623571
v -85.2192 -12.6907 1156.07
vn -0.496401 0.86363 0.0879225
v -85.6381 -12.8657 1158.3
vn -0.596075 0.301553 0.744151
v -86.589 -16.2756 1161.97
vn -0.333114 0.926748 -0.173705
v -83.9044 -12.4851 1153.53
vn -0.614801 0.370984 0.695982
v -87.8516 -16.4671 1161.02
vn -0.617969 0.261682 0.741375
v -88.2388 -17.0576 1160.94
vn -0.249884 0.916508 -0.312362
v -84.0664 -13.3548 1150.19
vn -0.308705 0.920035 -0.241324
v -84.3287 -13.2174 1150.9
vn -0.459078 -0.245212 0.853884
v -88.6022 -19.1036 1160.68
vn -0.538644 -0.0831949 0.838416
v -88.841 -18.7408 1160.59
vn -0.213689 0.902361 -0.374275
v -83.9486 -13.896 1148.68
vn -0.457687 -0.12883 0.87973
v -90.1869 -19.7867 1159.66
vn -0.175867 0.880688 -0.43984
v -83.7221 -14.3975 1147.49
vn -0.237943 0.885643 -0.398772
v -84.5708 -14.2687 1148.17
vn -0.354147 -0.327704 0.875894
v -90.3299 -20.3973 1159.45
vn -0.114093 0.76711 -0.631288
v -85.0569 -15.9237 1145.64
vn -0.224168 0.846204 -0.483413
v -85.1255 -14.9898 1147
vn 0.0322403 0.615131 -0.787765
v -85.0008 -16.2541 1145.3
vn -0.0949361 -0.549595 0.830019
v -91.4884 -23.081 1157.92
vn 0.0672441 -0.674803 0.734928
v -92.7362 -25.16 1156.42
vn -0.0954003 -0.546122 0.832256
v -93.171 -24.6553 1156.81
vn 0.577857 -0.188956 -0.793962
v -87.1427 -19.6963 1143.63
vn 0.485325 0.0552339 -0.872587
v -87.3108 -18.8723 1143.46
vn 0.263764 -0.789136 0.554701
v -92.4432 -25.96 1155.44
vn 0.69588 -0.555146 -0.455593
v -87.6894 -20.5549 1143.65
vn 0.676311 -0.336463 -0.655284
v -87.5832 -20.1407 1143.43
vn 0.618259 -0.0987135 -0.779751
v -87.6119 -19.7139 1143.29
vn 0.752292 -0.437603 -0.492505
v -88.4361 -20.8976 1142.85
vn 0.761521 -0.537661 -0.361949
v -88.4557 -21.4607 1143.53
vn 0.412208 -0.813551 0.410145
v -93.5235 -27.2938 1153.98
vn 0.289029 -0.77407 0.563274
v -94.1758 -27.2901 1154.43
vn 0.807614 -0.402552 -0.430942
v -89.0128 -21.5618 1142.45
vn 0.74641 -0.186348 -0.638864
v -88.8572 -20.9766 1142.35
vn 0.80929 -0.332927 -0.483951
v -89.8864 -22.2895 1141.37
vn 0.760311 -0.244409 -0.601823
v -90.4404 -22.5682 1140.7
vn 0.783446 -0.526709 -0.329833
v -90.1479 -22.8016 1141.47
vn 0.739621 -0.418892 -0.526773
v -90.1902 -24.5361 1144.25
vn 0.770382 -0.506532 -0.387216
v -90.8825 -24.2896 1143.05
vn 0.517924 -0.792318 0.32247
v -94.6513 -28.8147 1152.08
vn 0.410656 -0.768932 0.490005
v -95.7403 -29.2015 1152.6
vn 0.780454 -0.421447 -0.461815
v -90.5325 -22.8478 1140.75
vn 0.775569 -0.464895 -0.427041
v -91.4117 -26.4151 1143.87
vn 0.600697 -0.776243 0.191339
v -93.8372 -28.8506 1150.17
vn 0.590517 -0.76241 0.264615
v -95.2873 -29.9818 1150.11
vn 0.541899 -0.756332 0.366481
v -96.3037 -30.3111 1151.21
vn 0.806069 -0.501116 -0.31486
v -92.0061 -25.4569 1142.11
vn 0.639167 -0.739845 0.209988
v -94.5952 -29.8302 1148.75
vn 0.684855 -0.713562 0.147661
v -94.7694 -30.2672 1147.67
vn 0.618157 -0.726559 0.29999
v -96.4146 -31.0406 1149.73
vn 0.791813 -0.513768 -0.330263
v -93.4156 -28.4652 1142.52
vn 0.790838 -0.438419 -0.42704
v -93.4686 -27.7095 1141.66
vn 0.769636 -0.612485 -0.180341
v -93.1072 -28.3679 1143.22
vn 0.76024 -0.641661 -0.10152
v -93.7615 -29.2424 1143.68
vn 0.753877 -0.656615 -0.0229548
v -93.9452 -29.5897 1144.91
vn 0.72758 -0.6856 0.0240606
v -94.6241 -30.3415 1145.93
vn 0.678259 -0.693072 0.244164
v -96.1657 -31.4813 1148.01
vn 0.645789 -0.684925 0.337393
v -97.3254 -32.0999 1149.21
vn 0.787231 -0.42629 -0.445582
v -94.1577 -28.8639 1141.44
vn 0.785697 -0.594515 -0.170973
v -94.1056 -29.4219 1142.41
vn 0.794577 -0.538893 -0.279719
v -94.5481 -29.7706 1141.75
vn 0.778576 -0.626918 -0.0281794
v -95.6625 -31.581 1143.98
vn 0.756911 -0.650061 0.0671319
v -96.1415 -32.1252 1144.96
vn 0.722787 -0.678644 0.130463
v -95.9061 -31.676 1146.33
vn 0.657519 -0.683197 0.317664
v -97.9056 -33.0921 1148.37
vn 0.726699 -0.661972 0.183579
v -97.5658 -33.5466 1146.26
vn 0.673517 -0.700298 0.236554
v -98.0778 -34.084 1146.22
vn 0.667887 -0.694711 0.267028
v -98.0054 -33.5258 1147.57
vn 0.618555 -0.720673 0.313081
v -98.6289 -33.8825 1148.09
vn 0.779164 -0.626821 0.000362007
v -97.2152 -33.5762 1143.63
vn 0.759857 -0.643502 0.0923177
v -97.4268 -33.7608 1144.69
vn 0.749223 -0.661821 0.0256516
v -97.658 -34.1067 1143.88
vn 0.706426 -0.684895 0.178556
v -97.9233 -34.1493 1145.49
vn 0.700088 -0.701455 0.133554
v -98.429 -34.797 1144.89
vn 0.657609 -0.723134 0.211251
v -98.6923 -34.803 1145.77
vn 0.629075 -0.727467 0.273964
v -99.1072 -34.9049 1146.53
vn 0.809237 -0.540598 -0.229976
v -97.3141 -33.3053 1140.96
vn 0.780374 -0.617619 -0.0977925
v -97.6275 -33.9602 1141.96
vn 0.748844 -0.660928 -0.0490635
v -98.2652 -34.7927 1142.7
vn 0.769238 -0.61839 -0.160834
v -98.3294 -34.583 1140.77
vn 0.822305 -0.510627 0.251146
v -114.269 -59.7481 1129.59
vn 0.913697 -0.402971 0.0526494
v -113.698 -59.2271 1127.89
vn 0.879951 -0.455362 0.135398
v -114.017 -59.7876 1128.43
vn 0.527532 -0.617106 0.583859
v -116.428 -63.4001 1128.52
vn 0.929743 -0.367648 0.0203298
v -115.277 -63.35 1124.55
vn 0.94879 -0.30037 -0.0978594
v -115.208 -62.6687 1120.94
vn 0.883039 -0.439591 0.16432
v -116.053 -65.0761 1124.72
vn 0.824426 -0.493977 0.27624
v -116.499 -65.2478 1125.93
vn 0.610201 -0.61537 0.498973
v -117.326 -66.204 1126.26
vn 0.458134 -0.639998 0.616859
v -117.437 -65.6297 1127.03
vn 0.261854 -0.637655 0.724451
v -117.738 -65.6052 1127.22
vn 0.90408 -0.410772 0.117926
v -116.517 -66.6461 1123.11
vn 0.857394 -0.466295 0.217819
v -116.595 -66.3814 1124.23
vn 0.814134 -0.504912 0.286793
v -116.955 -67.0207 1124.21
vn 0.743602 -0.555776 0.371711
v -117.289 -66.7291 1125.47
vn 0.388678 -0.664585 0.638166
v -117.891 -66.7092 1126.22
vn 0.590311 -0.618584 0.518543
v -118.49 -69.4218 1123.63
vn 0.310731 -0.65842 0.685514
v -119.019 -69.4392 1124.02
vn 0.0685762 -0.643997 0.761948
v -119.284 -69.0452 1124.43
vn 0.462241 -0.648692 0.604592
v -119.201 -70.8649 1122.73
vn 0.207301 -0.658117 0.723815
v -119.513 -70.6789 1123.08
vn -0.00402651 -0.636979 0.770871
v -119.98 -71.0502 1122.81
vn -0.170253 -0.593137 0.786894
v -120.038 -70.3244 1123.37
vn 0.962781 -0.232383 -0.138024
v -117.748 -69.1214 1114.82
vn -0.00969179 -0.654933 0.755625
v -120.868 -73.8071 1120.48
vn -0.108791 -0.620382 0.776718
v -120.773 -72.8142 1121.31
vn -0.335882 -0.545628 0.767771
v -121.3 -72.9012 1121.09
vn -0.520274 -0.457702 0.720989
v -121.952 -72.8238 1120.76
vn -0.20967 -0.608735 0.765167
v -121.542 -74.5508 1119.76
vn -0.409075 -0.525237 0.746179
v -122.119 -74.3319 1119.65
vn 0.969073 -0.170402 -0.178497
v -118.863 -71.7955 1111.52
vn -0.616344 -0.396453 0.680401
v -123.608 -76.9608 1116.81
vn -0.79297 -0.238248 0.560747
v -124.794 -77.8981 1114.95
vn 0.962551 -0.018396 -0.270476
v -121.956 -77.3259 1099.87
vn -0.976731 0.101314 0.189028
v -126.835 -81.9353 1109.08
vn -0.884512 -0.129436 0.448201
v -126.613 -83.9041 1109.88
vn -0.970786 0.052663 0.234096
v -127.15 -83.7871 1108.39
vn -0.984655 0.0846878 0.152585
v -127.536 -85.212 1106.89
vn 0.717642 0.336937 -0.609478
v -123.304 -80.9446 1095.78
vn -0.989389 0.118589 0.0839456
v -128.156 -86.2382 1101.99
vn 0.385756 0.519351 -0.76254
v -125.09 -82.4957 1093.34
vn -0.261617 0.597843 -0.75772
v -126.921 -87.239 1089.54
vn -0.962628 0.229707 -0.143464
v -128.428 -88.0731 1091.23
vn -0.931681 0.278117 -0.233714
v -128.339 -88.042 1090.79
vn -0.986483 0.150564 -0.0646662
v -128.673 -89.1825 1091.75
vn -0.987109 0.156585 -0.0331263
v -128.538 -88.076 1092.69
vn -0.880113 0.32999 -0.341333
v -128.213 -88.6793 1089.73
vn -0.958173 0.216824 -0.186795
v -128.577 -89.6036 1090.05
vn -0.539495 0.832842 0.123768
v -86.1589 -13.2 1158.37
vn -0.504536 0.862942 0.0278123
v -86.0184 -13.0589 1157.76
vn -0.488546 0.872149 -0.0260785
v -85.9796 -13.0469 1157.03
vn -0.538651 0.840996 0.0508034
v -87.1825 -13.7519 1157.32
vn -0.581662 0.793153 0.18049
v -87.4748 -14.0797 1158.26
vn -0.624108 0.494249 0.605151
v -88.1017 -15.7306 1160.31
vn -0.605443 0.687786 0.400486
v -87.7006 -14.7401 1159.54
vn -0.621509 0.608052 0.493964
v -88.1313 -15.4227 1159.96
vn -0.611841 0.73212 0.299419
v -88.1677 -14.8753 1158.99
vn -0.632292 0.669539 0.389773
v -88.451 -15.3153 1159.37
vn -0.359133 0.911777 -0.199215
v -85.7 -13.5597 1151.57
vn -0.390213 0.909059 -0.146099
v -85.5365 -13.2065 1153.11
vn -0.44732 0.888864 -0.0991202
v -86.9103 -13.7973 1153.39
vn -0.5181 0.855038 -0.0219583
v -87.7738 -14.1073 1156.08
vn -0.658107 0.61654 0.432172
v -89.162 -15.9168 1159.2
vn -0.663202 0.525376 0.533051
v -89.2855 -16.2702 1159.44
vn -0.651641 0.396053 0.646921
v -89.2133 -16.7999 1159.93
vn -0.2912 0.906895 -0.304539
v -85.6864 -14.1609 1149.22
vn -0.399899 0.897435 -0.186257
v -87.1059 -14.3413 1150.72
vn -0.413557 0.897607 -0.152556
v -86.9529 -13.9811 1152.26
vn -0.560907 0.0276538 0.827417
v -89.9358 -18.6493 1159.87
vn -0.629101 0.223409 0.744527
v -90.8737 -18.3281 1159.1
vn -0.691369 0.485977 0.534636
v -90.4419 -17.2147 1158.86
vn -0.354484 0.901607 -0.247882
v -86.42 -14.3296 1149.54
vn -0.311527 0.880654 -0.356931
v -86.8281 -14.906 1148.26
vn -0.380679 0.885338 -0.266945
v -87.4884 -14.9424 1148.94
vn -0.395571 0.891969 -0.218895
v -87.3799 -14.7117 1149.62
vn -0.431428 0.882803 -0.185817
v -88.1761 -14.8999 1150.4
vn -0.416377 0.881598 -0.222295
v -88.1293 -15.1434 1149.28
vn -0.307263 0.852573 -0.422739
v -88.0472 -16.0171 1146.8
vn -0.371506 0.867517 -0.330752
v -88.5813 -15.8422 1147.66
vn -0.232113 -0.390821 0.89072
v -93.0616 -23.29 1157.54
vn -0.0285297 0.725435 -0.687699
v -87.7057 -17.5666 1143.91
vn -0.188252 0.809241 -0.556498
v -87.8583 -17.3935 1144.16
vn -0.328624 0.837209 -0.437135
v -88.9636 -17.0221 1145.53
vn -0.170019 -0.45833 0.872369
v -93.0858 -24.1141 1157.15
vn -0.262816 -0.415102 0.870987
v -93.7137 -23.9659 1157.07
vn -0.363511 -0.271229 0.891232
v -93.9458 -23.1767 1157.33
vn 0.35665 0.323217 -0.876545
v -88.136 -18.6882 1143.13
vn 0.0928694 0.622016 -0.777477
v -89.1143 -18.7293 1142.82
vn -0.0830645 -0.560058 0.824279
v -94.7919 -26.156 1155.58
vn -0.197242 -0.43087 0.880595
v -95.8934 -26.3863 1155.24
vn 0.588982 0.163319 -0.791472
v -89.0892 -20.2475 1142.19
vn 0.311973 0.529782 -0.788672
v -90.0344 -19.8932 1141.74
vn -0.0465911 0.772395 -0.633431
v -90.3516 -19.6034 1141.96
vn 0.150761 -0.694658 0.703364
v -95.6132 -27.9547 1154.14
vn -0.00647418 -0.553286 0.832966
v -96.542 -27.853 1154.33
vn 0.741394 -0.0434253 -0.669663
v -90.063 -21.8732 1141
vn 0.64815 0.139457 -0.748634
v -90.408 -21.7002 1140.69
vn 0.586656 0.186049 -0.788176
v -90.9521 -21.8493 1140.21
vn 0.505675 0.377659 -0.775672
v -90.5798 -20.8388 1140.82
vn 0.255607 0.619378 -0.742318
v -90.8584 -20.5097 1140.91
vn 0.392193 0.436431 -0.809761
v -91.3158 -21.3011 1140.16
vn 0.278669 -0.733266 0.620213
v -95.6995 -28.5391 1153.52
vn 0.17593 -0.640935 0.747162
v -97.0531 -29.1132 1153.42
vn 0.667012 0.00730162 -0.745011
v -90.881 -22.4756 1140.21
vn 0.728879 -0.150335 -0.667934
v -91.6128 -23.2886 1139.61
vn 0.31163 -0.687771 0.655635
v -97.6897 -30.1431 1152.66
vn 0.797332 -0.452064 -0.399876
v -91.5939 -23.8596 1139.93
vn 0.638173 0.0679 -0.766893
v -92.1804 -23.11 1139.11
vn 0.824686 -0.348992 -0.445081
v -92.8131 -25.0162 1138.7
vn 0.782281 -0.5713 -0.248301
v -93.3926 -26.0467 1138.6
vn 0.78106 -0.556046 -0.28418
v -93.5355 -26.9975 1140.52
vn 0.582911 -0.702581 0.408159
v -97.5668 -31.7264 1150.31
vn 0.469726 -0.701097 0.536489
v -98.5358 -31.7461 1151.36
vn 0.355268 -0.646 0.675625
v -99.2561 -31.8941 1151.69
vn 0.785512 -0.327337 -0.525187
v -93.6912 -25.9264 1137.77
vn 0.752945 -0.148845 -0.641029
v -93.7129 -25.6136 1137.62
vn 0.738624 -0.318423 -0.594173
v -94.1274 -26.2693 1137.37
vn 0.694304 -0.143777 -0.705174
v -94.1309 -25.9257 1137.25
vn 0.81171 -0.449377 -0.373077
v -93.4766 -25.8996 1138.14
vn 0.743647 -0.621276 -0.246992
v -94.5482 -27.3747 1138.57
vn 0.614779 -0.692782 0.376962
v -98.6905 -33.4851 1149.04
vn 0.545899 -0.688393 0.477608
v -99.4409 -33.5399 1149.97
vn 0.443568 -0.687946 0.574437
v -100.297 -33.9053 1150.31
vn 0.33066 -0.64287 0.690928
v -100.529 -33.5871 1150.79
vn 0.771189 -0.520012 -0.367225
v -94.5338 -27.0583 1137.49
vn 0.770865 -0.521795 -0.365373
v -95.7724 -29.0889 1139.03
vn 0.543562 -0.72932 0.415491
v -99.6505 -34.2083 1149.18
vn 0.429623 -0.732403 0.528214
v -100.708 -34.6162 1149.72
vn 0.317439 -0.713691 0.624401
v -101.454 -34.747 1150.05
vn 0.746962 -0.636229 -0.19303
v -96.1531 -28.8118 1137.25
vn 0.772754 -0.427903 -0.468775
v -96.8888 -31.1255 1139.12
vn 0.493595 -0.742022 0.453615
v -101.875 -36.2016 1148.27
vn 0.808262 -0.421146 -0.41152
v -97.9082 -33.1465 1139.12
vn 0.793327 -0.35418 -0.495166
v -97.9733 -32.7511 1138.7
vn 0.585759 -0.736205 0.338954
v -101.803 -37.1066 1146.53
vn 0.776284 -0.424883 -0.46568
v -98.7959 -32.6109 1137.38
vn 0.828216 -0.445731 -0.339679
v -98.1226 -33.6218 1139.14
vn 0.792931 -0.485179 -0.368594
v -98.4878 -34.0495 1138.87
vn 0.791907 -0.384256 -0.474585
v -98.3792 -33.5565 1138.55
vn 0.795866 -0.549225 -0.254853
v -98.2982 -34.1338 1139.53
vn 0.644841 -0.708865 0.285815
v -102.037 -37.9512 1144.93
vn 0.780397 -0.418597 -0.464497
v -99.4742 -34.9118 1138.03
vn 0.788945 -0.532517 -0.30658
v -99.2929 -35.0461 1138.54
vn 0.792206 -0.602439 -0.0973501
v -100.328 -36.8183 1140.33
vn 0.763536 -0.645124 -0.028789
v -100.261 -36.9389 1141.8
vn 0.793404 -0.608112 0.0266411
v -100.849 -37.6755 1141.36
vn 0.720103 -0.686378 0.101665
v -100.788 -37.504 1142.49
vn 0.677052 -0.708544 0.198913
v -101.02 -37.5311 1143.38
vn 0.707855 -0.671205 0.220057
v -101.92 -38.5975 1142.85
vn 0.578591 -0.705673 0.408972
v -103.81 -39.2285 1145.61
vn 0.807071 -0.350599 -0.475096
v -100.072 -35.4202 1137.46
vn 0.809448 -0.508796 -0.293123
v -100.278 -36.1088 1137.72
vn 0.842421 -0.380058 -0.381945
v -100.858 -36.4278 1136.77
vn 0.74683 -0.649657 0.142095
v -101.67 -38.5827 1141.97
vn 0.828752 -0.535841 -0.161385
v -102.265 -39.7397 1139.27
vn 0.74249 -0.619442 0.254951
v -105.9 -44.0431 1139.66
vn 0.677044 -0.655493 0.334574
v -106.888 -44.2323 1141.61
vn 0.804811 -0.590023 0.064441
v -105.465 -44.2198 1137.49
vn 0.855326 -0.476089 -0.204344
v -105.762 -44.4309 1136.22
vn 0.668577 -0.646424 0.367615
v -109.12 -47.851 1139.51
vn 0.861493 -0.486052 -0.146912
v -106.98 -46.5057 1135.74
vn 0.817807 -0.570805 0.0733048
v -107.132 -46.7833 1136.52
vn 0.77271 -0.606855 0.186132
v -107.743 -47.5424 1136.81
vn 0.715014 -0.636577 0.289007
v -108.793 -48.3876 1137.85
vn 0.658598 -0.669191 0.344139
v -109.336 -48.8514 1138.09
vn 0.859838 -0.496274 -0.119959
v -108.287 -48.3391 1134.33
vn 0.890475 -0.404796 -0.207834
v -107.836 -47.5607 1134.48
vn 0.798394 -0.598602 0.0651445
v -108.358 -48.5643 1135.69
vn 0.830224 -0.554604 -0.0560545
v -108.183 -48.3026 1134.91
vn 0.563046 -0.700881 0.437887
v -109.996 -49.1835 1138.6
vn 0.915438 -0.376891 -0.141163
v -108.253 -47.8917 1133.09
vn 0.910466 -0.396354 -0.118135
v -108.751 -48.7949 1132.09
vn 0.831094 -0.555928 0.0150324
v -109.387 -49.9925 1134.64
vn 0.765903 -0.614169 0.190233
v -109.544 -50.0163 1135.82
vn 0.688187 -0.646677 0.328949
v -110.101 -50.1142 1137.01
vn 0.549159 -0.694811 0.464395
v -110.772 -50.6895 1137.13
vn 0.890123 -0.448376 -0.0814799
v -109.071 -49.415 1131.84
vn 0.859458 -0.508107 0.0562088
v -109.966 -50.9322 1134.09
vn 0.822858 -0.547769 0.151176
v -110.348 -51.4505 1134.63
vn 0.751294 -0.590452 0.294827
v -110.665 -51.6174 1135.39
vn 0.653274 -0.614284 0.442593
v -111.462 -52.4495 1135.55
vn 0.48505 -0.643815 0.591802
v -111.671 -52.2039 1136.1
vn 0.896204 -0.44248 -0.0320766
v -109.721 -50.6029 1131.11
vn 0.777276 -0.551541 0.302727
v -111.853 -53.8184 1134.34
vn 0.612441 -0.60018 0.514491
v -112.271 -53.9711 1134.81
vn 0.427518 -0.614438 0.663095
v -112.761 -54.3265 1134.88
vn 0.873185 -0.475206 0.108286
v -112.156 -55.4206 1131.27
vn 0.929896 -0.337347 -0.146598
v -111.771 -54.487 1127.14
vn 0.918636 -0.392486 -0.0454202
v -111.63 -54.3994 1128.32
vn 0.905592 -0.422863 0.0330261
v -112.04 -55.3162 1130.38
vn 0.639373 -0.612798 0.464414
v -113.679 -57.3164 1132.51
vn 0.491588 -0.634674 0.596264
v -114.085 -57.528 1132.7
vn 0.316391 -0.632931 0.706609
v -114.239 -57.3591 1132.95
vn 0.503263 -0.640371 0.580217
v -114.544 -58.601 1131.87
vn 0.947034 -0.284649 -0.148669
v -112.822 -56.6814 1124.95
vn 0.938143 -0.337159 -0.078812
v -112.915 -57.1953 1125.62
vn 0.717332 -0.578463 0.38835
v -114.387 -59.2594 1130.82
vn 0.265512 -0.624096 0.734852
v -115.474 -59.8445 1131.24
vn 0.927459 -0.373706 -0.0127825
v -113.255 -58.1737 1126.67
vn -0.217477 -0.49772 0.83963
v -117.269 -61.5714 1130.05
vn 0.948689 -0.275927 -0.154447
v -114.066 -59.7922 1122.6
vn 0.938128 -0.34166 -0.0564296
v -114.208 -60.4799 1123.51
vn 0.236731 -0.6184 0.74936
v -116.985 -63.5323 1128.72
vn 0.00510422 -0.582652 0.812706
v -118.012 -64.8247 1127.86
vn -0.335935 -0.468747 0.81696
v -118.654 -64.2956 1128.03
vn 0.953452 -0.225201 -0.200534
v -115.331 -62.3136 1119.57
vn 0.0679575 -0.640008 0.765357
v -118.137 -65.8523 1127.1
vn -0.243 -0.540921 0.805205
v -118.627 -65.4559 1127.31
vn -0.487283 -0.435987 0.756618
v -119.397 -65.1635 1127.16
vn -0.462767 -0.471432 0.750732
v -121.059 -70.4579 1122.86
vn -0.664099 -0.352292 0.659441
v -122.265 -71.378 1121.34
vn -0.792132 -0.228392 0.566007
v -122.453 -70.5368 1121.51
vn 0.943206 -0.0213075 -0.331525
v -119.248 -67.7018 1107.63
vn -0.866422 -0.151457 0.475788
v -123.753 -73.6993 1118.22
vn -0.934533 -0.0248112 0.35501
v -124.015 -73.4038 1117.76
vn 0.951977 -0.0350757 -0.304153
v -119.656 -69.1939 1106.58
vn 0.922808 0.0314578 -0.383973
v -119.665 -68.5003 1106.45
vn 0.820097 0.172563 -0.545584
v -120.577 -70.5265 1104.31
vn 0.84705 0.189905 -0.49643
v -121.78 -74.6646 1100.74
vn -0.985276 0.160125 0.059928
v -127.098 -80.2052 1105.14
vn -0.985074 0.127952 0.115139
v -127.154 -81.3734 1106.22
vn 0.516406 0.432436 -0.739137
v -123.921 -77.6446 1097.13
vn -0.985843 0.167636 -0.00351405
v -127.433 -80.9143 1098.28
vn -0.987325 0.154449 0.0365464
v -127.83 -83.7271 1101.54
vn -0.102651 0.564696 -0.81889
v -125.908 -79.8339 1094.9
vn 0.0775315 0.566969 -0.820082
v -125.845 -81.349 1093.89
vn -0.265109 0.5694 -0.77814
v -126.255 -81.2123 1094.01
vn -0.724746 0.459366 -0.513543
v -127.171 -82.4764 1093.73
vn -0.864526 0.365434 -0.34504
v -127.399 -82.6122 1094.05
vn -0.529249 0.535964 -0.657752
v -126.923 -82.7484 1093.19
vn -0.582825 0.807864 0.0875778
v -88.829 -14.8418 1156.93
vn -0.62821 0.751726 0.20065
v -89.3393 -15.3813 1157.65
vn -0.657159 0.683128 0.318557
v -89.8699 -15.9972 1158.06
vn -0.690821 0.595516 0.410033
v -90.2979 -16.6817 1158.48
vn -0.679314 0.377006 0.629603
v -91.2497 -18.219 1158.67
vn -0.446734 0.883402 -0.141528
v -88.3186 -14.7365 1151.69
vn -0.503682 0.859337 -0.0885736
v -88.878 -14.992 1152.03
vn -0.482408 0.862866 -0.150814
v -89.0132 -15.2205 1151.02
vn -0.578808 0.815273 0.017658
v -91.0852 -16.2693 1154.05
vn -0.543238 0.838733 -0.037677
v -90.7939 -16.0848 1153.28
vn -0.614193 0.782242 0.104234
v -90.9647 -16.2816 1155.36
vn -0.641377 0.751228 0.15586
v -92.0879 -17.237 1155.55
vn -0.671943 0.696154 0.252708
v -91.9794 -17.3473 1156.3
vn -0.422485 0.870951 -0.250898
v -88.5429 -15.5115 1148.62
vn -0.456716 0.866629 -0.20091
v -89.0314 -15.5642 1149.37
vn -0.501308 0.848643 -0.168807
v -90.031 -16.0108 1149.9
vn -0.526692 0.841312 -0.121616
v -90.4214 -16.0759 1150.94
vn -0.559083 0.826402 -0.0669791
v -91.388 -16.5294 1152.5
vn -0.376115 0.847617 -0.374277
v -89.2394 -16.388 1147.04
vn -0.426241 0.857426 -0.288339
v -89.3704 -16.2437 1147.56
vn -0.437682 0.837789 -0.326411
v -89.7243 -16.5493 1147.22
vn -0.476276 0.852204 -0.216585
v -89.8518 -16.1988 1148.62
vn -0.47067 0.841315 -0.265817
v -89.9269 -16.5049 1147.66
vn -0.533952 0.815656 -0.222711
v -90.8064 -16.8346 1148.32
vn -0.53011 0.831113 -0.16803
v -91.1083 -16.7618 1149.47
vn -0.557996 0.820641 -0.12324
v -91.4909 -16.8322 1150.52
vn -0.710414 0.435061 0.553204
v -94.5468 -20.6585 1156.49
vn -0.498805 -0.0493577 0.865308
v -94.0886 -22.2806 1157.4
vn -0.573838 0.0785987 0.815188
v -94.3528 -21.969 1157.22
vn -0.656438 0.216444 0.722662
v -94.5578 -21.5774 1156.97
vn -0.407832 0.827494 -0.38591
v -89.7408 -16.8416 1146.54
vn -0.48155 0.818758 -0.312643
v -90.691 -17.215 1146.89
vn -0.513192 -0.124241 0.849234
v -94.5049 -22.9462 1157.1
vn -0.455603 -0.235048 0.858591
v -95.0805 -23.8861 1156.54
vn -0.602443 0.0160703 0.798
v -94.6749 -22.4802 1157.01
vn -0.693626 0.279923 0.663721
v -95.2396 -21.9391 1156.45
vn -0.391956 0.8314 -0.393884
v -91.1094 -18.899 1143.73
vn -0.453443 0.81705 -0.356115
v -92.2397 -18.955 1144.92
vn -0.438994 -0.177726 0.880737
v -96.9783 -25.4462 1155.23
vn -0.310549 0.836795 -0.450926
v -90.9224 -19.4334 1142.5
vn 0.11229 0.677076 -0.727296
v -91.674 -21.1023 1140.17
vn -0.272186 0.844278 -0.461638
v -91.8906 -20.5927 1140.88
vn -0.156471 0.790787 -0.591754
v -92.1002 -20.9847 1140.33
vn -0.361489 0.817084 -0.44911
v -92.5262 -20.9774 1140.62
vn -0.399765 0.833191 -0.382075
v -92.5492 -20.6588 1141.29
vn -0.460195 0.805039 -0.374342
v -93.3082 -21.2812 1140.83
vn 0.0232575 -0.5103 0.859682
v -98.2692 -29.4808 1153.32
vn -0.182928 -0.354422 0.917018
v -99.3012 -29.1887 1153.35
vn 0.497279 0.258796 -0.828093
v -92.789 -22.9806 1138.69
vn 0.137021 0.603251 -0.785693
v -93.3807 -22.7891 1138.53
vn -0.231806 0.76758 -0.597567
v -93.9591 -22.9374 1138.42
vn -0.422953 0.793157 -0.438193
v -94.2011 -22.815 1138.79
vn 0.177263 -0.584894 0.791503
v -99.039 -30.7369 1152.58
vn -0.0648587 -0.438291 0.89649
v -100.245 -31.0929 1152.47
vn 0.259409 0.473688 -0.841621
v -94.1571 -23.6974 1137.73
vn 0.344824 0.354873 -0.869
v -94.5191 -24.298 1137.32
vn -0.0130917 0.634054 -0.773178
v -94.434 -23.7568 1137.65
vn 0.262764 -0.606005 0.750808
v -100.098 -32.4652 1151.57
vn 0.105776 -0.542722 0.833225
v -100.441 -32.2057 1151.85
vn -0.224207 -0.359615 0.905764
v -101.088 -31.2855 1152.25
vn 0.575419 0.0944992 -0.812381
v -94.0555 -25.4378 1137.31
vn 0.438122 0.210128 -0.874011
v -95.1316 -25.6796 1136.62
vn 0.108846 0.512517 -0.851751
v -94.8817 -24.5018 1137.12
vn 0.229726 0.399848 -0.887326
v -95.1604 -24.9609 1136.82
vn 0.201413 -0.607353 0.768476
v -100.992 -33.5136 1151.02
vn 0.0288376 -0.547602 0.836242
v -101.602 -33.7003 1150.98
vn 0.507949 0.13509 -0.850728
v -95.636 -26.4925 1136.21
vn 0.372678 0.307392 -0.875569
v -95.847 -26.0755 1136.21
vn 0.313831 -0.678077 0.664622
v -101.18 -34.2404 1150.46
vn 0.184657 -0.652349 0.73508
v -101.542 -34.4232 1150.41
vn -0.128866 -0.469412 0.873525
v -102.175 -33.8422 1150.86
vn 0.59083 -0.0564868 -0.804816
v -96.5591 -27.9739 1135.5
vn 0.467692 0.130236 -0.874244
v -96.5143 -27.1671 1135.55
vn 0.441999 0.0496513 -0.895641
v -96.939 -27.8428 1135.27
vn 0.419663 0.266551 -0.86766
v -96.469 -26.7153 1135.67
vn 0.741331 -0.444194 -0.503111
v -96.5829 -28.7899 1135.79
vn 0.716198 -0.352202 -0.602507
v -96.4724 -28.5226 1135.75
vn 0.651544 -0.215286 -0.727422
v -96.5525 -28.3217 1135.56
vn 0.546014 -0.139126 -0.826144
v -96.7871 -28.3305 1135.39
vn 0.361182 -0.737076 0.571198
v -102.454 -35.9744 1149.09
vn 0.215659 -0.698574 0.682265
v -102.537 -35.6766 1149.49
vn 0.0202387 -0.59851 0.800859
v -102.89 -35.4302 1149.79
vn 0.0702028 -0.654293 0.752976
v -103.149 -35.8647 1149.45
vn -0.0888273 -0.571031 0.816109
v -103.35 -35.7913 1149.5
vn -0.199651 -0.476119 0.856417
v -103.272 -35.2587 1149.85
vn 0.640791 -0.264643 -0.72066
v -96.795 -28.6957 1135.48
vn 0.468329 0.0218853 -0.883283
v -97.6347 -28.5876 1134.91
vn 0.253839 -0.705826 0.661343
v -103.753 -37.3198 1148.14
vn 0.0804892 -0.666513 0.741135
v -103.892 -37.1309 1148.36
vn -0.0603382 -0.616931 0.784701
v -103.607 -36.2244 1149.16
vn -0.249081 -0.49872 0.830203
v -103.984 -36.0487 1149.21
vn -0.147719 -0.555338 0.8184
v -104.573 -37.0463 1148.39
vn 0.773246 -0.552193 -0.311727
v -98.4665 -31.2843 1136.27
vn 0.80578 -0.49795 -0.320569
v -99.1723 -32.2304 1136.15
vn 0.685086 -0.34174 -0.643328
v -99.1425 -31.2041 1134.23
vn 0.73043 -0.463801 -0.501359
v -99.1066 -31.3721 1134.4
vn 0.766296 -0.565987 -0.304055
v -99.674 -32.2136 1134.41
vn 0.430234 -0.706301 0.562172
v -104.011 -38.7552 1146.57
vn 0.299027 -0.672635 0.676865
v -105.14 -39.658 1146.28
vn 0.0710149 -0.614552 0.785673
v -105.436 -38.8956 1147.04
vn 0.798484 -0.444005 -0.40655
v -100.709 -33.6463 1134.12
vn 0.794513 -0.362979 -0.486822
v -100.278 -34.706 1136.75
vn 0.855261 -0.367875 -0.36496
v -100.63 -35.0436 1136.36
vn 0.834258 -0.332244 -0.440031
v -101.721 -35.7818 1134.2
vn 0.230289 -0.641275 0.731938
v -106.369 -41.2673 1145.32
vn 0.788872 -0.270935 -0.551611
v -102.243 -36.0329 1133.48
vn 0.824171 -0.283038 -0.490541
v -102.552 -37.4327 1133.63
vn 0.826825 -0.470657 -0.307965
v -102.818 -38.422 1133.95
vn 0.834047 -0.426142 -0.350383
v -103.913 -39.3699 1132.73
vn 0.803368 -0.249487 -0.5407
v -103.822 -38.5497 1132.39
vn 0.809819 -0.527289 -0.257214
v -103.636 -39.4903 1133.72
vn 0.605423 -0.674144 0.423076
v -107.589 -44.4838 1142.39
vn 0.00806234 -0.572016 0.820203
v -109.195 -44.7114 1143.09
vn 0.42562 -0.677592 0.599763
v -108.893 -45.7659 1142.06
vn 0.197519 -0.654144 0.730124
v -109.484 -46.0205 1142.08
vn -0.0732804 -0.580665 0.810838
v -109.905 -45.8967 1142.23
vn 0.844584 -0.47433 -0.248374
v -105.784 -43.2259 1134.12
vn 0.583087 -0.669164 0.460683
v -109.346 -47.7908 1139.94
vn 0.459777 -0.70238 0.543384
v -109.703 -47.8405 1140.25
vn 0.301647 -0.698358 0.649081
v -110.051 -47.8284 1140.48
vn 0.180273 -0.696808 0.694233
v -110.371 -47.939 1140.49
vn 0.0787245 -0.664414 0.743207
v -110.473 -47.2666 1141.14
vn -0.153242 -0.580603 0.799636
v -110.757 -47.3347 1141.08
vn -0.0892505 -0.650399 0.754331
v -110.92 -47.6133 1140.83
vn 0.862293 -0.429117 -0.268904
v -106.16 -42.3912 1130.63
vn 0.848035 -0.273356 -0.453996
v -106.272 -42.2248 1130.17
vn 0.862765 -0.464685 -0.199258
v -106.749 -43.885 1131.78
vn 0.884711 -0.370732 -0.282566
v -107.345 -43.9643 1129.18
vn 0.87404 -0.424372 -0.236563
v -107.634 -46.2053 1133.08
vn 0.912728 -0.36217 -0.189107
v -108.04 -46.6312 1132.14
vn 0.36245 -0.742464 0.563362
v -110.889 -49.8072 1138.58
vn 0.235861 -0.729895 0.641578
v -110.953 -49.3681 1139.14
vn 0.0649246 -0.71482 0.696288
v -111.335 -49.5949 1138.98
vn -0.0828473 -0.691597 0.717516
v -111.617 -49.6601 1138.91
vn -0.209016 -0.630597 0.747435
v -111.848 -49.2259 1139.25
vn 0.258871 -0.728302 0.634478
v -111.556 -50.8635 1137.53
vn 0.0164584 -0.727705 0.685693
v -111.829 -50.5063 1137.99
vn 0.0128656 -0.667101 0.744856
v -112.158 -51.04 1137.47
vn -0.164902 -0.656951 0.735679
v -112.321 -50.4817 1137.96
vn 0.919583 -0.311937 -0.238876
v -109.098 -47.2589 1127.75
vn 0.924219 -0.344692 -0.164338
v -109.113 -48.7803 1129.91
vn 0.212342 -0.63143 0.745793
v -112.323 -52.1585 1136.5
vn -0.0397018 -0.582311 0.811996
v -112.832 -52.182 1136.53
vn -0.204411 -0.572805 0.793795
v -112.875 -51.4375 1137.06
vn -0.179773 -0.506268 0.84343
v -113.212 -52.0092 1136.59
vn -0.216976 -0.47036 0.855385
v -113.851 -53.4643 1135.66
vn 0.21678 -0.600297 0.769838
v -113.125 -54.2892 1135.09
vn -0.0260299 -0.542289 0.839789
v -113.658 -53.9447 1135.4
vn 0.0134708 -0.572515 0.819784
v -114.337 -56.2845 1133.82
vn -0.209272 -0.497677 0.841738
v -114.741 -55.3454 1134.37
vn -0.365043 -0.441222 0.819797
v -115.263 -55.4252 1134.13
vn -0.35396 -0.419174 0.836065
v -115.089 -54.7367 1134.58
vn -0.258957 -0.478393 0.839095
v -115.767 -58.267 1132.33
vn -0.379147 -0.421539 0.823743
v -116.278 -57.5401 1132.52
vn 0.88618 -0.0725126 -0.457633
v -112.798 -53.2048 1121.16
vn 0.93162 -0.223905 -0.286271
v -112.286 -52.6547 1122.22
vn -0.51914 -0.336804 0.785529
v -117.117 -58.167 1131.77
vn -0.373183 -0.416004 0.829262
v -117.529 -60.8154 1130.37
vn -0.500726 -0.34607 0.793416
v -117.855 -60.5776 1130.31
vn -0.60466 -0.270098 0.749289
v -118.072 -60.1679 1130.32
vn 0.884067 -0.025893 -0.466643
v -113.66 -54.9763 1119.72
vn 0.912838 -0.0254821 -0.407525
v -114.855 -57.2405 1117.37
vn 0.937567 -0.160121 -0.308756
v -114.58 -57.6067 1118.3
vn -0.498029 -0.380535 0.779205
v -119.234 -64.0897 1127.84
vn -0.641881 -0.303935 0.703997
v -119.691 -64.0929 1127.48
vn -0.623891 -0.277269 0.730672
v -119.27 -62.9828 1128.28
vn -0.756779 -0.200576 0.622137
v -119.965 -63.7929 1127.31
vn -0.7317 -0.193543 0.653572
v -119.702 -62.9557 1127.86
vn 0.926993 -0.0703751 -0.368418
v -115.244 -58.3609 1116.55
vn -0.694928 -0.298533 0.654182
v -120.222 -65.0212 1126.53
vn -0.833749 -0.133639 0.535726
v -120.647 -64.2335 1126.24
vn 0.837676 0.0655042 -0.542225
v -116.881 -60.4338 1113.24
vn 0.945974 -0.152594 -0.286091
v -116.494 -61.4682 1114.2
vn 0.904522 -0.0330666 -0.425143
v -116.57 -60.7876 1113.79
vn -0.936901 0.0270564 0.348546
v -121.756 -66.1096 1123.71
vn -0.858122 -0.122495 0.49862
v -121.296 -66.5371 1124.59
vn 0.875066 0.0615791 -0.48007
v -117.353 -62.0029 1112.33
vn 0.930279 -0.0799422 -0.358037
v -117.087 -62.3607 1112.91
vn -0.882749 -0.108251 0.457205
v -122.816 -70.4273 1120.94
vn -0.930973 -0.00543049 0.365048
v -122.972 -70.0814 1120.64
vn 0.852201 0.148041 -0.501834
v -119.828 -67.709 1106.32
vn -0.969981 0.0973229 0.222856
v -124.391 -73.2498 1116.41
vn 0.719622 0.294486 -0.628826
v -121.589 -70.3603 1103.23
vn -0.97691 0.174711 0.122975
v -125.423 -73.7659 1110.84
vn -0.976359 0.137088 0.167121
v -125.437 -74.9622 1111.92
vn -0.975038 0.214316 0.0580388
v -125.804 -74.383 1108.04
vn 0.646467 0.340336 -0.682826
v -122.407 -71.8164 1101.59
vn -0.981043 0.175535 0.0821133
v -126.425 -77.1069 1107.21
vn -0.980353 0.142969 0.135894
v -126.288 -77.4183 1108.87
vn -0.976467 0.214049 0.0263615
v -126.454 -76.1931 1101.66
vn -0.600681 0.528542 -0.599855
v -125.936 -76.2584 1097.58
vn -0.755184 0.455788 -0.471121
v -126.2 -76.8175 1097.4
vn -0.952187 0.284509 -0.111329
v -126.625 -77.0032 1098.6
vn -0.887989 0.375258 -0.265813
v -126.469 -76.8726 1097.99
vn -0.973776 0.227364 -0.00818325
v -126.581 -76.6235 1099.85
vn 0.225253 0.516747 -0.825974
v -125.159 -77.3685 1096.63
vn -0.0580986 0.565474 -0.822717
v -125.448 -77.0455 1096.8
vn -0.860911 0.380814 -0.337362
v -126.664 -78.1755 1096.91
vn -0.933134 0.300996 -0.196627
v -126.826 -78.3552 1097.24
vn -0.972642 0.226811 -0.050243
v -126.852 -77.8755 1098.76
vn -0.98205 0.188404 0.00904457
v -127.102 -79.073 1098.97
vn -0.293572 0.567338 -0.769379
v -126.077 -78.8855 1095.62
vn -0.469143 0.540691 -0.698254
v -126.166 -78.5231 1095.94
vn -0.928412 0.296679 -0.22368
v -127.13 -80.1232 1096.09
vn -0.972404 0.218304 -0.082304
v -127.301 -80.4409 1096.59
vn -0.618502 0.782299 0.0739187
v -92.04 -16.996 1154.2
vn -0.600004 0.799841 -0.0157908
v -93.0205 -17.6828 1152.59
vn -0.587427 0.803462 -0.0968393
v -92.9719 -17.7304 1151.58
vn -0.62786 0.777553 -0.0346784
v -93.7874 -18.3 1152.13
vn -0.632188 0.773543 0.0443829
v -93.544 -18.1063 1153.11
vn -0.658614 0.750916 0.0485057
v -94.2629 -18.7025 1152.94
vn -0.653647 0.744668 0.134965
v -93.7593 -18.4325 1154.34
vn -0.683369 0.712125 0.160887
v -94.6675 -19.2434 1154.21
vn -0.707558 0.639715 0.30021
v -94.8256 -19.57 1154.7
vn -0.716624 0.533769 0.448932
v -95.2178 -20.4224 1155.3
vn -0.56744 0.805683 -0.169961
v -92.3908 -17.7168 1149.08
vn -0.732927 0.443417 0.515946
v -95.7798 -21.2675 1155.31
vn -0.733874 0.542767 0.408452
v -96.2397 -21.1194 1154.42
vn -0.748157 0.473828 0.464488
v -96.9554 -21.9033 1154.12
vn -0.662132 0.144823 0.73526
v -96.3471 -22.9749 1155.66
vn -0.733408 0.346356 0.584936
v -96.7268 -22.8728 1155.22
vn -0.509867 0.801794 -0.311708
v -94.1823 -20.4016 1144.2
vn -0.415387 -0.125721 0.900915
v -99.9598 -28.7216 1153.25
vn -0.503244 0.790265 -0.349609
v -96.0214 -23.2364 1140.21
vn -0.516012 0.794942 -0.319059
v -96.0773 -22.7118 1141.7
vn -0.274116 -0.259893 0.925914
v -100.859 -30.5306 1152.57
vn -0.473881 -0.0805925 0.876893
v -101.432 -30.316 1152.37
vn -0.377559 0.765067 -0.521652
v -95.2467 -24.0876 1137.57
vn -0.35783 -0.239631 0.902516
v -101.328 -30.9033 1152.31
vn -0.490028 -0.130984 0.861809
v -101.738 -30.8084 1152.13
vn -0.603699 0.013873 0.797092
v -102.287 -30.2098 1151.81
vn -0.116498 0.635621 -0.76316
v -95.462 -24.6523 1137.01
vn -0.264165 -0.390178 0.882031
v -102.522 -33.232 1151.07
vn -0.411044 -0.256379 0.874822
v -102.93 -32.7373 1151.11
vn -0.556409 -0.0830254 0.82675
v -102.927 -31.9797 1151.24
vn -0.569592 -0.132826 0.811124
v -103.265 -32.5283 1150.95
vn -0.637316 -0.0372606 0.769702
v -103.454 -32.0912 1150.85
vn 0.138377 0.514184 -0.846443
v -96.2813 -26.0095 1136.09
vn 0.273951 0.434448 -0.858025
v -96.5419 -26.447 1135.75
vn -0.110732 0.651969 -0.750116
v -96.3047 -25.6401 1136.35
vn -0.358189 0.749069 -0.557311
v -97.2715 -26.1236 1136.22
vn -0.486104 -0.254094 0.836146
v -104.018 -34.1438 1150.08
vn 0.293098 0.335213 -0.895391
v -96.7278 -26.753 1135.55
vn 0.30515 0.236223 -0.922541
v -96.9293 -27.0779 1135.39
vn 0.0862754 0.546721 -0.832858
v -96.8164 -26.5035 1135.66
vn 0.120951 0.45099 -0.884296
v -97.001 -26.8081 1135.46
vn -0.137704 0.649497 -0.747791
v -97.1114 -26.5845 1135.62
vn 0.0328477 0.48361 -0.874667
v -97.4782 -27.1909 1135.21
vn -0.294444 0.710253 -0.639408
v -97.8315 -26.9321 1135.5
vn -0.418333 0.749509 -0.513063
v -98.3532 -27.0688 1135.68
vn -0.311606 -0.425968 0.849384
v -103.979 -35.2477 1149.64
vn -0.342396 -0.373294 0.862216
v -103.788 -34.5376 1150.04
vn -0.430156 -0.354356 0.8303
v -104.746 -35.3493 1149.26
vn -0.577603 -0.188584 0.794236
v -105.103 -34.794 1149.19
vn 0.249944 0.2719 -0.9293
v -98.3753 -28.2437 1134.67
vn -0.128969 0.622144 -0.772207
v -98.7516 -28.0665 1134.72
vn -0.337212 -0.415645 0.844706
v -105.183 -36.4796 1148.49
vn -0.563369 -0.229752 0.793618
v -106.169 -36.5713 1147.9
vn 0.593831 -0.148632 -0.790742
v -99.3172 -30.8566 1133.94
vn -0.138803 -0.507918 0.850149
v -106.005 -39.0317 1146.91
vn 0.635118 -0.144895 -0.758703
v -100.385 -31.7539 1133.33
vn 0.509594 0.15465 -0.846403
v -101.098 -31.4814 1132.81
vn 0.725597 -0.394294 -0.563952
v -100.408 -32.5319 1133.63
vn 0.637598 -0.0258717 -0.769934
v -102.404 -33.2329 1131.66
vn 0.760875 -0.375624 -0.529128
v -102.149 -34.684 1132.85
vn 0.734151 -0.2914 -0.613276
v -102.061 -33.4844 1132.06
vn -0.137786 -0.498245 0.856018
v -107.472 -41.4573 1145.28
vn -0.506733 -0.253911 0.823864
v -108.384 -40.227 1145.5
vn 0.755381 -0.358316 -0.548643
v -103.059 -34.6068 1131.46
vn 0.810878 -0.351098 -0.468196
v -104.027 -36.0975 1131.17
vn 0.783258 -0.33385 -0.524454
v -103.656 -35.072 1130.91
vn 0.770392 -0.332853 -0.543787
v -103.668 -35.9814 1131.66
vn 0.798142 -0.237373 -0.553736
v -104.125 -36.5896 1131.31
vn 0.82713 -0.285409 -0.484146
v -104.861 -37.1556 1130.43
vn -0.328579 -0.402167 0.854574
v -109.909 -43.9139 1143.34
vn -0.477002 -0.330253 0.814495
v -110.688 -44.8251 1142.54
vn -0.597403 -0.209778 0.774018
v -110.634 -43.9649 1142.87
vn -0.272164 -0.470047 0.839632
v -110.185 -45.5621 1142.37
vn -0.392949 -0.426943 0.814439
v -111.216 -46.1055 1141.67
vn -0.614228 -0.234803 0.753386
v -111.119 -45.1048 1142.14
vn 0.847188 -0.233877 -0.477047
v -106.193 -39.1166 1129.19
vn -0.279221 -0.561541 0.778914
v -111.109 -47.5255 1140.86
vn -0.266644 -0.509764 0.81795
v -110.872 -46.7186 1141.46
vn -0.358606 -0.488721 0.795333
v -111.296 -47.0378 1141.1
vn -0.528882 -0.431167 0.731012
v -111.864 -47.2158 1140.67
vn -0.565416 -0.32366 0.75865
v -111.542 -46.266 1141.39
vn -0.679283 -0.276122 0.67995
v -112.223 -46.6618 1140.61
vn -0.38067 -0.538001 0.752094
v -111.596 -47.9616 1140.33
vn 0.866038 -0.211683 -0.452956
v -107.715 -43.858 1128.28
vn 0.862894 -0.184593 -0.470467
v -108.401 -42.6603 1126.65
vn -0.401455 -0.516033 0.756666
v -113.09 -50.5862 1137.58
vn -0.648732 -0.31522 0.692663
v -113.726 -49.6948 1137.66
vn -0.352852 -0.437777 0.82695
v -113.652 -51.5521 1136.7
vn -0.578434 -0.296764 0.759832
v -114.458 -51.3448 1136.33
vn 0.883546 -0.139201 -0.44718
v -110.058 -45.9273 1124.77
vn 0.892705 -0.221219 -0.392607
v -109.314 -46.6445 1126.48
vn -0.452964 -0.340686 0.823867
v -114.435 -52.4676 1135.92
vn -0.734139 -0.173012 0.656587
v -115.099 -51.3313 1135.73
vn 0.900829 -0.158323 -0.404277
v -110.254 -48.2376 1124.89
vn -0.485451 -0.348917 0.80162
v -115.586 -54.7875 1134.29
vn 0.880141 -0.145048 -0.452011
v -111.71 -48.7658 1122.39
vn 0.868909 -0.102802 -0.484178
v -111.646 -50.6587 1122.86
vn 0.856036 -0.10486 -0.506169
v -112.112 -49.9683 1122.02
vn -0.471023 -0.378535 0.796774
v -115.85 -55.6262 1133.75
vn -0.596883 -0.278324 0.752507
v -116.305 -55.2296 1133.59
vn -0.710256 -0.169735 0.683174
v -116.749 -55.217 1133.2
vn -0.829093 -0.0071344 0.559065
v -116.992 -54.8794 1132.97
vn 0.856933 -0.0544512 -0.512543
v -112.461 -51.1689 1121.62
vn 0.882105 -0.130225 -0.452694
v -112.687 -50.6228 1121.13
vn -0.82006 -0.0675434 0.568278
v -117.754 -56.5655 1131.7
vn 0.8812 -0.0679218 -0.467838
v -113.789 -52.6458 1119.46
vn 0.889936 -0.0448654 -0.453873
v -114.742 -53.7456 1117.63
vn 0.881819 -0.0224257 -0.471054
v -114.13 -54.0447 1118.94
vn -0.712495 -0.190834 0.675228
v -118.736 -60.1467 1129.73
vn 0.886487 0.00707346 -0.4627
v -115.181 -55.5333 1116.95
vn 0.854235 0.0361172 -0.518631
v -115.357 -54.4263 1116.45
vn -0.948549 0.124161 0.291272
v -120.195 -60.2688 1126.75
vn 0.86361 0.024694 -0.503555
v -115.888 -55.688 1115.56
vn -0.923917 0.0618092 0.377567
v -120.347 -62.0702 1126.92
vn -0.854882 -0.0546871 0.515932
v -120.134 -62.5735 1127.37
vn 0.882765 0.0458414 -0.467573
v -115.541 -57.6795 1115.95
vn -0.949695 0.0981842 0.297388
v -120.836 -63.1764 1125.81
vn -0.909952 -0.0105158 0.414579
v -120.833 -63.8606 1125.93
vn 0.840208 0.0818768 -0.536047
v -116.96 -57.9544 1113.47
vn -0.964995 0.150736 0.214625
v -121.464 -62.6958 1123.26
vn -0.957088 0.106832 0.269387
v -121.771 -65.2735 1123.42
vn 0.79352 0.142693 -0.591579
v -117.613 -60.5771 1112.2
vn -0.965172 0.198205 0.170756
v -122.439 -64.6374 1119.68
vn -0.962939 0.10988 0.246323
v -122.777 -67.8309 1120.74
vn -0.96986 0.218499 0.107837
v -123.178 -66.0388 1117.03
vn -0.970596 0.163757 0.176429
v -123.094 -66.9973 1118.8
vn 0.774663 0.243076 -0.583791
v -119.877 -63.8717 1107.67
vn 0.730762 0.252304 -0.634295
v -120.692 -65.705 1105.93
vn -0.963993 0.262376 0.0433202
v -124.297 -68.8847 1111.86
vn 0.625031 0.333502 -0.705771
v -121.271 -65.9377 1105.23
vn -0.972728 0.220398 0.0722852
v -124.601 -70.0996 1111.79
vn 0.5146 0.392587 -0.762274
v -122.057 -66.8994 1104.15
vn 0.670987 0.290071 -0.682375
v -122.172 -68.6687 1103.22
vn 0.46732 0.421322 -0.777239
v -122.933 -68.8049 1102.53
vn 0.0940372 0.565886 -0.819103
v -123.194 -68.4487 1102.64
vn 0.214024 0.513649 -0.830878
v -123.437 -69.6596 1101.83
vn -0.1748 0.598216 -0.782037
v -123.632 -69.5789 1101.87
vn -0.540495 0.58849 -0.601286
v -123.863 -69.2204 1102.29
vn 0.421665 0.438042 -0.793926
v -123.432 -70.449 1101.38
vn 0.00315572 0.576759 -0.816908
v -123.787 -70.2458 1101.39
vn -0.203533 0.60265 -0.771613
v -124.248 -71.0073 1100.88
vn -0.724062 0.530428 -0.440886
v -124.707 -71.363 1100.94
vn -0.446809 0.608864 -0.655474
v -124.344 -70.673 1101.25
vn -0.850929 0.447015 -0.275859
v -124.919 -71.5093 1101.26
vn 0.244712 0.505941 -0.827128
v -123.933 -71.6962 1100.44
vn -0.947038 0.315293 -0.0608961
v -125.65 -73.015 1101.82
vn -0.910711 0.379316 -0.163477
v -125.516 -72.9229 1100.93
vn -0.967504 0.252279 0.0170686
v -125.769 -73.4134 1102.55
vn -0.0500088 0.578323 -0.814274
v -124.861 -74.0621 1098.72
vn -0.488151 0.578458 -0.653525
v -125.211 -73.8391 1099.04
vn -0.291858 0.574747 -0.764516
v -125.154 -74.5215 1098.43
vn -0.750628 0.486276 -0.447318
v -125.812 -75.1057 1098.55
vn -0.95633 0.285228 -0.0638594
v -126.319 -75.5781 1099.81
vn -0.894805 0.384182 -0.227439
v -126.014 -74.9755 1099.28
vn -0.735243 0.596244 0.32235
v -97.6392 -22.0114 1153
vn -0.603495 0.787635 -0.124192
v -97.4946 -21.6456 1147.98
vn -0.685985 0.725223 0.0589599
v -98.736 -22.5826 1150.65
vn -0.75985 0.428715 0.488703
v -99.3084 -23.9818 1152.36
vn -0.749676 0.55217 0.36482
v -98.9322 -23.2097 1152.22
vn -0.715442 0.675228 0.17947
v -99.0343 -22.9594 1151.3
vn -0.781358 0.471024 0.409411
v -99.4765 -23.7785 1151.89
vn -0.751369 0.616707 0.234769
v -99.4041 -23.3889 1151.39
vn -0.596049 0.784297 -0.172058
v -98.1157 -22.3753 1146.52
vn -0.654267 0.755775 -0.0271753
v -98.9188 -22.7258 1149.22
vn -0.647965 0.755488 -0.096841
v -99.0558 -23.0058 1147.23
vn -0.688099 0.725594 -0.00566655
v -99.6938 -23.4286 1149.21
vn -0.76095 0.622692 0.182236
v -100.285 -24.1858 1150.52
vn -0.789696 0.53926 0.29254
v -100.489 -24.5351 1150.73
vn -0.760372 0.367507 0.535513
v -100.228 -25.9524 1152.57
vn -0.704081 0.250063 0.664633
v -100.416 -26.5584 1152.65
vn -0.575191 0.779779 -0.247184
v -98.3852 -23.0519 1144.75
vn -0.639438 0.748834 -0.174259
v -99.5147 -23.6467 1145.89
vn -0.520392 0.79269 -0.317545
v -97.8112 -23.572 1142.2
vn -0.786488 0.391844 0.477383
v -101.94 -27.5153 1151.13
vn -0.619834 0.0999724 0.778338
v -101.981 -29.3624 1151.97
vn -0.688518 0.21634 0.6922
v -101.853 -28.8056 1151.96
vn -0.724197 0.237412 0.647436
v -102.23 -29.0475 1151.64
vn -0.746345 0.303227 0.592472
v -102.044 -28.4118 1151.59
vn -0.775667 0.313724 0.547648
v -102.452 -28.7348 1151.21
vn -0.718175 0.184001 0.671095
v -102.633 -29.6818 1151.42
vn -0.787326 0.273468 0.552569
v -103.423 -30.2402 1150.66
vn -0.751188 0.166774 0.638673
v -103.575 -30.8304 1150.68
vn -0.802358 0.216826 0.556065
v -104.238 -31.2718 1149.94
vn -0.823772 0.293219 0.485203
v -104.229 -30.7926 1149.71
vn -0.665185 0.0424361 0.745471
v -103.252 -31.0302 1151.04
vn -0.738445 0.0846102 0.668984
v -103.976 -31.4781 1150.35
vn -0.496761 0.779682 -0.381214
v -99.0507 -26.1251 1138.15
vn -0.553245 0.774619 -0.306408
v -100.534 -26.3777 1139.83
vn -0.458476 0.775092 -0.434777
v -98.8573 -26.8751 1136.49
vn -0.777168 0.089761 0.622858
v -105.858 -33.8246 1148.49
vn -0.678504 -0.062152 0.731963
v -105.694 -34.6428 1148.74
vn -0.843677 0.25227 0.473888
v -106.307 -33.7784 1147.8
vn -0.685471 -0.0737257 0.724357
v -106.947 -36.3548 1147.3
vn 0.199915 0.457327 -0.866537
v -101.329 -30.638 1133.01
vn -0.212192 0.739775 -0.63852
v -101.252 -30.1594 1133.42
vn -0.378615 0.772967 -0.50909
v -101.588 -30.1616 1133.66
vn -0.313001 0.80633 -0.501859
v -102.707 -31.385 1132.44
vn -0.466779 0.807272 -0.361149
v -103.206 -31.2715 1133.28
vn -0.820667 0.133249 0.555653
v -108.352 -37.5729 1145.78
vn 0.549225 0.150401 -0.822029
v -102.772 -33.0874 1131.4
vn 0.484112 0.220579 -0.846747
v -103.066 -32.812 1131.28
vn 0.09176 0.648002 -0.756091
v -102.865 -32.0902 1131.66
vn 0.420451 0.342131 -0.840338
v -103.037 -32.379 1131.43
vn 0.229617 0.500652 -0.83464
v -103.292 -32.4124 1131.3
vn -0.101399 0.747488 -0.65649
v -103.494 -32.3404 1131.36
vn -0.77156 0.0289535 0.635497
v -109.44 -39.7327 1144.61
vn -0.668145 -0.10691 0.73631
v -109.071 -40.2332 1144.95
vn 0.596171 0.0426703 -0.801723
v -103.512 -33.9105 1130.82
vn 0.722501 -0.177909 -0.668087
v -103.799 -34.7348 1130.61
vn -0.849357 0.125164 0.512763
v -111.235 -41.9945 1142.33
vn -0.777443 -0.00837928 0.628897
v -110.933 -42.5869 1142.82
vn 0.525737 0.129375 -0.840752
v -105.005 -35.2163 1129.61
vn -0.852018 0.0624168 0.519778
v -111.496 -42.7531 1142.03
vn -0.898605 0.117291 0.42279
v -111.808 -42.6508 1141.44
vn -0.703173 -0.122312 0.700419
v -111.129 -43.6579 1142.5
vn 0.82518 -0.259277 -0.501849
v -105.407 -37.1473 1129.42
vn 0.710502 -0.000244351 -0.703695
v -105.649 -36.9904 1129.05
vn -0.893193 0.0872344 0.441131
v -112.483 -44.3145 1140.43
vn -0.717086 -0.151643 0.680288
v -111.764 -45.1087 1141.56
vn -0.824248 -0.0479231 0.564198
v -112.161 -45.0397 1141.06
vn -0.828035 -0.00226164 0.560672
v -111.699 -43.8805 1141.78
vn 0.839329 -0.178929 -0.513334
v -106.617 -38.5598 1127.79
vn 0.693846 0.114627 -0.710942
v -106.817 -38.2208 1127.53
vn 0.872447 -0.268979 -0.408028
v -106.836 -39.7255 1128.29
vn -0.717582 -0.187256 0.670829
v -111.963 -45.8275 1141.17
vn -0.77462 -0.154521 0.61326
v -112.486 -46.3488 1140.42
vn 0.84859 -0.21188 -0.48477
v -107.461 -40.0581 1127.05
vn -0.740058 -0.238497 0.628834
v -112.587 -46.9088 1140.12
vn -0.843433 -0.0654356 0.533235
v -113.241 -46.9179 1139.21
vn 0.708557 0.0125476 -0.705542
v -108.239 -40.5511 1126.11
vn -0.830819 -0.0647772 0.55276
v -113.904 -48.0872 1137.95
vn -0.747414 -0.193209 0.635643
v -113.744 -48.5663 1138.06
vn -0.807947 -0.149319 0.570022
v -113.5 -47.7508 1138.65
vn 0.554732 0.180632 -0.812185
v -109.523 -41.9202 1124.83
vn 0.605692 0.178548 -0.775409
v -110.132 -43.2974 1124.12
vn -0.777348 -0.140618 0.613153
v -114.745 -49.9105 1136.56
vn -0.880531 0.00363667 0.473974
v -115.125 -49.8213 1136.03
vn -0.902565 0.0819114 0.42269
v -115.06 -48.6658 1135.99
vn -0.934354 0.139268 0.328004
v -115.301 -48.9521 1135.46
vn -0.685203 -0.244582 0.686059
v -114.326 -49.9521 1137
vn 0.756018 0.0171317 -0.654326
v -110.057 -43.9194 1124.12
vn 0.85686 -0.155917 -0.491407
v -109.933 -44.1609 1124.32
vn -0.840809 -0.0383563 0.539971
v -115.503 -51.2358 1135.2
vn -0.919491 0.0891648 0.382867
v -115.788 -50.5446 1134.58
vn 0.566947 0.276195 -0.776071
v -111.596 -45.3636 1122.42
vn -0.888563 0.102288 0.447206
v -116.425 -52.2346 1133.58
vn 0.870126 -0.0992748 -0.482727
v -111.482 -47.0476 1122.26
vn 0.773865 0.0633466 -0.630175
v -111.581 -46.8515 1122.1
vn -0.866363 0.07679 0.493475
v -117.005 -53.909 1132.86
vn -0.925514 0.178116 0.334214
v -116.893 -52.1338 1132.41
vn 0.53588 0.322015 -0.780473
v -112.525 -46.9358 1121.13
vn 0.889298 -0.149379 -0.432244
v -112.078 -48.6792 1121.5
vn 0.845954 -0.0555726 -0.530353
v -112.133 -48.1609 1121.27
vn 0.775545 0.0463258 -0.62959
v -112.323 -48.1162 1121.01
vn 0.687416 0.168515 -0.706444
v -112.275 -47.6616 1121.13
vn -0.8706 0.0476697 0.489677
v -117.311 -54.8342 1132.45
vn -0.903188 0.105859 0.415987
v -117.611 -54.7402 1131.85
vn -0.901964 0.139056 0.408808
v -117.291 -53.8243 1132.27
vn 0.528346 0.286562 -0.799208
v -113.307 -48.2482 1120.13
vn 0.806421 -0.0316188 -0.590496
v -113.164 -49.8977 1119.91
vn 0.662183 0.163377 -0.731315
v -112.878 -48.6765 1120.33
vn -0.883906 0.0305463 0.466666
v -117.946 -56.164 1131.39
vn -0.927608 0.179187 0.327772
v -118.072 -54.6237 1130.66
vn 0.869649 -0.108549 -0.481588
v -113.372 -50.7716 1119.71
vn 0.745059 0.0864812 -0.661368
v -113.538 -50.1562 1119.44
vn 0.529788 0.306131 -0.790954
v -113.863 -49.5619 1119.31
vn -0.944594 0.226613 0.237464
v -118.551 -54.9305 1129.28
vn -0.919087 0.0911923 0.383357
v -118.355 -56.0696 1130.5
vn -0.952193 0.221821 0.210058
v -119.258 -56.4401 1127.77
vn -0.950987 0.275456 0.140528
v -119.306 -56.2278 1127.18
vn -0.942973 0.154037 0.295084
v -118.984 -56.7941 1129.03
vn 0.805704 0.0959767 -0.584491
v -115.139 -53.2644 1116.99
vn 0.529039 0.338344 -0.77823
v -115.19 -51.8199 1117.39
vn 0.443148 0.437922 -0.782205
v -115.768 -52.4062 1116.76
vn 0.734856 0.199536 -0.648207
v -115.75 -54.3313 1115.92
vn 0.64981 0.263948 -0.712796
v -115.481 -53.0886 1116.68
vn 0.612259 0.326009 -0.720317
v -116.014 -53.6215 1115.96
vn -0.954632 0.160939 0.250553
v -120.128 -59.146 1126.41
vn -0.959075 0.204795 0.195533
v -120.464 -59.3474 1125.15
vn 0.436353 0.454795 -0.776375
v -116.558 -53.7705 1115.48
vn 0.778967 0.155647 -0.607441
v -116.262 -55.5915 1115.01
vn -0.952848 0.280273 0.116309
v -120.517 -58.8253 1123.88
vn -0.943165 0.326417 0.0623888
v -120.356 -58.1594 1123.33
vn -0.961642 0.159707 0.223021
v -120.888 -60.9129 1124.54
vn -0.962398 0.225273 0.151794
v -120.804 -60.0068 1124.09
vn 0.452816 0.478777 -0.75215
v -117.365 -55.5519 1114.01
vn 0.175239 0.621776 -0.763338
v -117.618 -55.5824 1113.88
vn 0.639882 0.310972 -0.702742
v -116.76 -55.6857 1114.44
vn -0.94183 0.33508 0.0260376
v -120.83 -59.2378 1121.48
vn -0.966862 0.207429 0.148831
v -121.176 -60.9858 1123.1
vn -0.957472 0.273959 0.0905223
v -121.094 -60.1763 1122.09
vn 0.629515 0.227928 -0.742806
v -117.626 -57.5796 1112.8
vn 0.666186 0.281239 -0.690725
v -117.442 -56.8781 1113.22
vn 0.566973 0.311059 -0.762747
v -117.827 -57.1511 1112.77
vn 0.566518 0.384472 -0.728862
v -117.736 -56.6027 1113.1
vn 0.429433 0.456098 -0.779463
v -117.973 -56.6144 1112.93
vn 0.190915 0.609837 -0.769188
v -118.148 -56.5106 1112.93
vn 0.747853 0.152984 -0.645997
v -117.195 -57.6082 1113.22
vn 0.582412 0.280601 -0.762928
v -118.208 -58.1717 1112.18
vn 0.682995 0.234756 -0.691669
v -118.043 -59.0419 1112.06
vn -0.936946 0.347328 0.0386616
v -121.769 -61.7793 1118.59
vn 0.591847 0.36837 -0.716952
v -118.764 -58.7321 1111.5
vn 0.389372 0.479659 -0.786331
v -119.277 -58.4258 1111.33
vn -0.958791 0.26581 0.100322
v -122.429 -63.833 1118.38
vn 0.688444 0.325057 -0.648369
v -119.124 -60.1682 1110.35
vn 0.554538 0.442571 -0.704711
v -119.345 -59.7628 1110.37
vn 0.285611 0.585069 -0.759026
v -119.742 -59.652 1110.17
vn -0.92483 0.380364 -0.00347556
v -122.048 -62.0631 1113.26
vn -0.935175 0.352464 0.0348977
v -122.173 -62.4348 1115.51
vn -0.955037 0.284577 0.0831916
v -122.748 -64.5145 1117.34
vn -0.963204 0.228998 0.140707
v -122.957 -65.5698 1117.9
vn -0.205256 0.698507 -0.685534
v -120.744 -60.9481 1108.95
vn -0.948318 0.316642 0.0207296
v -122.755 -64.0166 1114.34
vn -0.959743 0.274129 0.0612186
v -123.092 -65.2854 1115.73
vn 0.662021 0.356352 -0.659349
v -120.342 -63.1317 1107.46
vn 0.653108 0.378557 -0.655854
v -119.996 -62.1112 1108.43
vn 0.525575 0.47972 -0.702595
v -120.304 -61.8516 1108.34
vn 0.174259 0.65153 -0.738338
v -120.871 -62.0281 1107.91
vn 0.541074 0.435884 -0.719197
v -120.789 -63.1219 1107.07
vn 0.359319 0.57349 -0.736206
v -120.877 -62.8723 1107.19
vn 0.303499 0.546982 -0.780191
v -121.03 -63.1394 1106.92
vn 0.0297918 0.673226 -0.738836
v -121.247 -62.6879 1107.23
vn -0.423653 0.694555 -0.581474
v -121.532 -62.6431 1107.37
vn -0.776302 0.552438 -0.303591
v -121.864 -62.9063 1107.57
vn 0.485871 0.428085 -0.762018
v -121.567 -65.2669 1105.33
vn 0.375954 0.464619 -0.80174
v -122.05 -66.0956 1104.57
vn 0.268275 0.533714 -0.801984
v -122.057 -65.7074 1104.81
vn 0.161864 0.549914 -0.819387
v -122.395 -66.2791 1104.34
vn -0.133285 0.656627 -0.742345
v -122.271 -65.2515 1105.11
vn -0.447404 0.646687 -0.617759
v -122.59 -65.5376 1104.98
vn -0.841161 0.488446 -0.232097
v -122.754 -65.3218 1105.53
vn -0.636448 0.621097 -0.457353
v -122.697 -65.413 1105.25
vn -0.895496 0.425423 -0.130776
v -123.595 -66.8063 1105.8
vn 0.243634 0.534147 -0.809524
v -122.471 -66.8088 1103.99
vn -0.123801 0.627561 -0.768661
v -122.924 -67.1627 1103.69
vn -0.432143 0.639107 -0.636235
v -122.967 -66.665 1104.16
vn -0.928973 0.366891 -0.0490013
v -124.179 -68.2287 1105.48
vn -0.175827 0.649636 -0.739634
v -123.223 -68.085 1102.92
vn -0.314985 0.613872 -0.723841
v -123.42 -68.387 1102.72
vn -0.734955 0.548512 -0.398718
v -123.546 -67.8023 1103.5
vn -0.565441 0.60667 -0.558775
v -123.579 -68.2274 1102.99
vn -0.919633 0.378107 -0.10635
v -124.395 -68.9788 1104.45
vn -0.874147 0.442355 -0.200472
v -124.147 -68.5777 1104.04
vn -0.948971 0.314765 -0.0194103
v -124.556 -69.3036 1104.95
vn -0.828352 0.481604 -0.286166
v -124.133 -69.0778 1103
vn -0.737507 0.532544 -0.415307
v -123.97 -69.0958 1102.57
vn -0.729876 0.677381 0.091847
v -100.41 -24.2083 1149.94
vn -0.674125 0.729259 -0.117206
v -100.08 -23.9896 1146.69
vn -0.688634 0.722418 -0.0624141
v -100.158 -23.9752 1147.42
vn -0.715595 0.698498 0.00492489
v -100.462 -24.1892 1148.92
vn -0.770942 0.618113 0.153575
v -101.256 -25.1139 1149.54
vn -0.749843 0.659709 0.0501984
v -101.24 -25.0336 1149.09
vn -0.705571 0.703043 -0.0888885
v -100.714 -24.5895 1146.81
vn -0.684701 0.715129 -0.140621
v -101.05 -25.1154 1145.6
vn -0.723637 0.689365 -0.0335514
v -101.172 -24.9501 1147.9
vn -0.801896 0.443648 0.400174
v -102.748 -27.4381 1149.53
vn -0.729308 0.680577 -0.0701826
v -102.874 -26.8611 1146.52
vn -0.791425 0.590448 0.15817
v -102.805 -26.8766 1148.56
vn -0.809404 0.497259 0.312406
v -102.982 -27.2434 1148.78
vn -0.75639 0.654028 0.0110146
v -103.025 -26.9952 1147.13
vn -0.822626 0.516721 0.237248
v -103.674 -27.9641 1148.04
vn -0.82044 0.446361 0.357268
v -103.484 -28.1289 1148.8
vn -0.594071 0.762931 -0.25498
v -100.764 -26.1816 1140.84
vn -0.760605 0.64788 -0.0416108
v -103.658 -27.7545 1146.4
vn -0.798309 0.599115 0.0613514
v -103.965 -28.1261 1147.06
vn -0.85794 0.470207 0.206987
v -104.436 -28.835 1147.19
vn -0.849026 0.418412 0.322624
v -104.17 -28.8531 1148.06
vn -0.816061 0.372007 0.44233
v -103.903 -29.646 1149.5
vn -0.860652 0.356886 0.363194
v -104.354 -30.1329 1149.02
vn -0.589785 0.759099 -0.275541
v -102.31 -27.8824 1139.4
vn -0.724226 0.681516 -0.105032
v -104.42 -29.0653 1142.28
vn -0.631323 0.743653 -0.220028
v -103.389 -28.6699 1139.71
vn -0.67912 0.714564 -0.167912
v -104.192 -29.3008 1139.98
vn -0.844515 0.527632 0.0916436
v -106.494 -31.508 1144.2
vn -0.870731 0.429617 0.239285
v -106.635 -31.9903 1144.87
vn -0.86553 0.374221 0.33289
v -106.626 -33.0956 1146.52
vn -0.872101 0.328772 0.36242
v -107.711 -35.1149 1145.87
vn -0.877724 0.392343 0.275077
v -107.414 -33.8581 1145.21
vn -0.469602 0.776248 -0.42061
v -103.333 -30.739 1134.53
vn -0.546671 0.766754 -0.336511
v -103.846 -30.5256 1135.67
vn -0.601757 0.750217 -0.273976
v -104.268 -30.3719 1136.82
vn -0.623123 0.726581 -0.289478
v -105.508 -31.823 1135.6
vn -0.669401 0.710783 -0.216078
v -106.009 -31.7944 1136.95
vn -0.866564 0.248334 0.432894
v -109.037 -37.2771 1144.53
vn -0.5216 0.788046 -0.326982
v -104.408 -31.9922 1133.31
vn -0.894811 0.401997 0.194196
v -110.005 -37.2138 1141.33
vn -0.885765 0.282086 0.368576
v -110.088 -38.7082 1143.16
vn -0.885679 0.362684 0.289884
v -109.55 -37.4875 1143.41
vn -0.853574 0.174626 0.490834
v -109.953 -39.2654 1143.72
vn -0.388529 0.821834 -0.416694
v -104.354 -32.794 1131.12
vn -0.490936 0.805758 -0.331264
v -104.891 -33.1704 1130.9
vn -0.314632 0.780137 -0.540734
v -104.808 -33.2792 1130.63
vn -0.569308 0.784999 -0.244265
v -105.418 -33.3984 1131.28
vn -0.616411 0.751228 -0.235995
v -105.628 -33.2922 1132.25
vn -0.90085 0.346198 0.261946
v -110.372 -38.5683 1142.16
vn -0.878905 0.210446 0.428064
v -110.476 -39.7574 1142.95
vn -0.904926 0.284309 0.316665
v -110.537 -39.4284 1142.6
vn 0.251241 0.401294 -0.880818
v -105.271 -34.5093 1129.65
vn -0.131223 0.68627 -0.715412
v -105.023 -33.6894 1130.23
vn -0.552646 0.769271 -0.32063
v -105.378 -33.5802 1130.69
vn -0.440141 0.768612 -0.464232
v -105.319 -33.6731 1130.42
vn -0.567793 0.742128 -0.35617
v -105.681 -33.9695 1130.33
vn -0.41583 0.736705 -0.533246
v -105.702 -34.2057 1129.93
vn -0.240874 0.651193 -0.719671
v -105.753 -34.4996 1129.63
vn -0.627691 0.734096 -0.259049
v -105.763 -33.8082 1130.89
vn -0.645829 0.706045 -0.290527
v -106.245 -34.4717 1130.28
vn -0.553604 0.709333 -0.436312
v -106.059 -34.5056 1129.85
vn -0.685472 0.693972 -0.220297
v -106.426 -34.3888 1131
vn -0.919191 0.354048 0.172446
v -111.178 -39.5687 1140.45
vn -0.656735 0.690277 -0.303671
v -106.912 -35.3533 1129.72
vn -0.7251 0.654076 -0.215442
v -107.366 -35.2695 1131.32
vn -0.879032 0.140652 0.455544
v -111.574 -42.2158 1141.79
vn -0.905842 0.224568 0.359193
v -111.578 -41.7278 1141.56
vn 0.473519 0.314345 -0.82278
v -106.249 -36.0975 1128.76
vn -0.0544077 0.644588 -0.762592
v -106.604 -35.8958 1128.77
vn -0.344828 0.764291 -0.544934
v -107.11 -36.1157 1128.69
vn -0.453051 0.723653 -0.520644
v -107.096 -35.856 1129.06
vn -0.611872 0.71116 -0.346212
v -107.763 -36.8084 1128.24
vn -0.735899 0.642055 -0.214984
v -108.476 -37.1437 1129.48
vn -0.774833 0.609324 -0.168397
v -109.076 -37.6597 1130.17
vn -0.803315 0.576926 -0.147787
v -109.833 -38.0943 1132.59
vn 0.492832 0.341305 -0.800392
v -107.146 -37.6322 1127.41
vn 0.473434 0.249307 -0.844812
v -107.414 -38.0783 1127.09
vn 0.217933 0.558169 -0.800595
v -107.397 -37.263 1127.49
vn 0.187359 0.480498 -0.856749
v -107.657 -37.699 1127.15
vn -0.165997 0.687573 -0.706886
v -107.767 -37.4754 1127.31
vn -0.122241 0.585939 -0.801082
v -107.953 -37.7735 1127.1
vn -0.467121 0.734769 -0.491845
v -107.883 -37.1756 1127.73
vn -0.67354 0.670306 -0.311503
v -108.123 -37.3568 1127.76
vn -0.450564 0.677793 -0.581024
v -108.214 -37.7433 1127.25
vn -0.758664 0.616646 -0.210185
v -109.089 -38.0605 1128.93
vn 0.478104 0.244015 -0.843726
v -108.279 -39.4904 1126.26
vn 0.193285 0.435081 -0.879401
v -108.61 -39.2583 1126.21
vn -0.134811 0.602349 -0.786767
v -108.711 -39.0232 1126.35
vn -0.70015 0.640666 -0.315178
v -109.345 -39.1939 1126.65
vn -0.890727 0.452038 0.0476046
v -113.075 -42.8271 1134.94
vn -0.909834 0.393068 0.133043
v -113.078 -43.007 1135.84
vn -0.469588 0.67348 -0.570887
v -109.49 -39.7411 1126.02
vn -0.869417 0.493219 0.0291484
v -113.484 -43.4489 1133.89
vn 0.275815 0.406319 -0.871109
v -109.426 -40.6111 1125.28
vn -0.0611653 0.55977 -0.826388
v -109.705 -40.6734 1125.2
vn -0.358931 0.654501 -0.665429
v -109.997 -40.7826 1125.19
vn -0.614273 0.655475 -0.439342
v -110.114 -40.6509 1125.46
vn -0.842354 0.533926 -0.0732306
v -113.915 -44.3737 1131.14
vn -0.88611 0.46087 0.0490673
v -114.711 -45.6236 1132.83
vn -0.864299 0.502332 -0.0254977
v -114.403 -45.056 1132.29
vn -0.898286 0.414449 0.145993
v -114.674 -45.7648 1134.01
vn -0.912104 0.388806 0.129982
v -114.996 -46.3187 1133.51
vn -0.925649 0.265599 0.269503
v -114.681 -47.3041 1136.18
vn 0.280524 0.40588 -0.869809
v -110.654 -42.6253 1124.04
vn -0.146955 0.597571 -0.788234
v -110.939 -42.6948 1123.97
vn -0.464327 0.64739 -0.604389
v -111.039 -42.3454 1124.32
vn -0.739787 0.612944 -0.277515
v -111.205 -42.0753 1125.15
vn -0.792082 0.584574 -0.175726
v -112.624 -43.5002 1126.45
vn -0.823223 0.556332 -0.113135
v -113.614 -44.3173 1128.8
vn -0.897014 0.44029 0.0388614
v -115.418 -46.9251 1131.76
vn -0.930666 0.255835 0.261551
v -115.128 -47.7561 1134.96
vn -0.919921 0.320865 0.225368
v -115.147 -47.0233 1134.11
vn -0.933504 0.235239 0.270617
v -115.193 -48.3419 1135.36
vn -0.381108 0.634256 -0.672664
v -111.276 -42.9753 1123.85
vn -0.146689 0.611265 -0.777713
v -111.305 -43.2997 1123.56
vn -0.548679 0.6501 -0.525662
v -111.481 -42.9827 1124
vn -0.781277 0.586809 -0.212746
v -112.344 -43.6115 1125
vn -0.817312 0.555617 -0.152613
v -114.225 -45.698 1126.72
vn -0.8484 0.52393 -0.075601
v -114.798 -46.0054 1129.55
vn -0.896636 0.442704 -0.00752998
v -115.914 -47.8826 1130.48
vn -0.874027 0.48476 -0.0329189
v -115.425 -46.9358 1130.75
vn -0.92332 0.364109 0.122086
v -116.028 -48.4105 1132.22
vn -0.918061 0.390945 0.0657739
v -116.093 -48.3004 1131.1
vn -0.93529 0.191758 0.297425
v -115.768 -49.2296 1134.05
vn -0.935636 0.219356 0.276528
v -116.202 -49.5099 1132.96
vn -0.929309 0.300773 0.214291
v -115.999 -48.649 1132.83
vn 0.290766 0.458307 -0.839887
v -111.97 -45.2125 1122.26
vn 0.0246268 0.590382 -0.806748
v -112.264 -45.3049 1122.12
vn -0.619028 0.65165 -0.438356
v -112.505 -44.8081 1122.74
vn -0.801797 0.566018 -0.191691
v -114.007 -46.1243 1124.31
vn -0.842132 0.52695 -0.114617
v -115.04 -46.8064 1127.22
vn -0.868835 0.489864 -0.0718302
v -115.416 -47.1689 1128.6
vn -0.898623 0.43801 -0.0249619
v -116.429 -48.9712 1129.37
vn -0.94019 0.287089 0.183366
v -116.559 -49.6806 1131.68
vn -0.922847 0.381779 0.0509768
v -116.525 -49.2331 1130.44
vn 0.278462 0.485662 -0.828608
v -112.768 -46.5565 1121.2
vn -0.34286 0.669443 -0.659009
v -112.842 -45.8508 1121.79
vn 0.416219 0.400724 -0.8162
v -112.766 -46.9519 1120.97
vn -0.167172 0.637897 -0.751759
v -113.226 -46.9162 1120.91
vn -0.522158 0.658628 -0.541813
v -113.58 -47.0464 1120.96
vn -0.723654 0.60833 -0.325974
v -113.933 -47.2955 1121.16
vn -0.781015 0.57835 -0.235642
v -114.161 -47.1284 1122.15
vn -0.918484 0.39534 0.0096098
v -117.576 -51.5031 1127.65
vn 0.308613 0.424773 -0.851073
v -113.469 -48.1285 1120.1
vn 0.256594 0.47888 -0.839544
v -114.015 -49.0324 1119.48
vn 0.0320416 0.552919 -0.832619
v -113.74 -48.1807 1120
vn -0.327042 0.638217 -0.696938
v -114.099 -48.2766 1120.02
vn -0.936339 0.33986 0.0881212
v -118.1 -52.9499 1128.35
vn -0.129589 0.630556 -0.765249
v -114.297 -49.0975 1119.41
vn -0.488375 0.675422 -0.552535
v -114.611 -49.0642 1119.59
vn -0.676194 0.633297 -0.376426
v -114.767 -49.104 1119.74
vn -0.759952 0.598205 -0.254211
v -115.309 -49.5152 1120.26
vn -0.825515 0.540808 -0.161406
v -116.809 -50.9239 1122.29
vn -0.945964 0.289283 0.146517
v -118.65 -54.5386 1128.2
vn -0.93965 0.333491 0.0764349
v -118.894 -54.6939 1126.48
vn 0.0977726 0.620284 -0.77826
v -116.025 -52.4425 1116.64
vn -0.493462 0.682039 -0.539739
v -116.436 -52.3782 1116.85
vn 0.0542108 0.651299 -0.756883
v -116.659 -53.5354 1115.61
vn -0.299089 0.707963 -0.639793
v -116.321 -52.5251 1116.6
vn -0.612478 0.674804 -0.411716
v -116.829 -52.8511 1116.65
vn -0.399644 0.720007 -0.56734
v -117.097 -53.7638 1115.5
vn -0.927546 0.373447 0.0139888
v -120.224 -57.7244 1122.37
vn -0.187598 0.719804 -0.668348
v -117.906 -55.6586 1113.79
vn -0.599106 0.698223 -0.391862
v -118.148 -55.374 1114.34
vn -0.885229 0.459113 -0.0747344
v -119.701 -56.7699 1118.12
vn -0.912238 0.408816 -0.0262891
v -120.097 -57.5138 1119.27
vn -0.16148 0.738741 -0.65436
v -118.199 -56.173 1113.25
vn -0.705106 0.678444 -0.20625
v -119.098 -56.9075 1113.03
vn -0.00983803 0.677146 -0.735783
v -118.921 -57.4146 1112.12
vn -0.254906 0.753815 -0.605628
v -119.208 -57.4856 1112.06
vn -0.364995 0.770771 -0.522198
v -118.996 -57.1068 1112.5
vn -0.843509 0.530522 -0.0838986
v -119.772 -57.8222 1113.2
vn -0.577727 0.742694 -0.33858
v -119.471 -57.4996 1112.26
vn -0.100977 0.70412 -0.702865
v -119.616 -58.1829 1111.45
vn -0.374611 0.726801 -0.575697
v -120.102 -58.7084 1111.03
vn -0.54499 0.72454 -0.421933
v -120.029 -58.3099 1111.54
vn -0.819086 0.568114 -0.0796474
v -120.317 -58.6029 1111.74
vn -0.685705 0.642653 -0.34177
v -120.281 -58.7326 1111.18
vn -0.0207499 0.679763 -0.733139
v -120.034 -59.3319 1110.34
vn -0.484048 0.677594 -0.553682
v -120.343 -59.1383 1110.67
vn -0.89513 0.441175 -0.0640907
v -121.29 -60.5 1111.22
vn -0.727847 0.588254 -0.352414
v -120.562 -59.3336 1110.71
vn -0.844319 0.504245 -0.181279
v -120.766 -59.4852 1111.03
vn -0.702718 0.597218 -0.386675
v -121.124 -60.982 1109.26
vn -0.862673 0.469838 -0.187211
v -121.403 -61.2277 1109.74
vn -0.795237 0.606137 -0.013965
v -106.512 -31.4734 1142.45
vn -0.769659 0.635034 -0.066004
v -106.724 -31.9001 1140.34
vn -0.803319 0.591294 -0.0710694
v -107.286 -32.6543 1139.9
vn -0.820051 0.572211 -0.00955224
v -107.325 -32.5977 1141.93
vn -0.729731 0.651837 -0.2064
v -106.721 -32.5393 1136.95
vn -0.783434 0.605599 -0.139574
v -107.291 -33.1289 1137.36
vn -0.74117 0.65832 -0.131458
v -106.761 -32.2468 1138.36
vn -0.860977 0.502739 0.077275
v -108.884 -34.983 1141.36
vn -0.880097 0.43363 0.193374
v -109.207 -35.7377 1141.79
vn -0.782576 0.595481 -0.181597
v -107.602 -33.8157 1136.32
vn -0.818805 0.562235 -0.115975
v -108.422 -34.511 1138.06
vn -0.885659 0.450291 0.113343
v -109.681 -36.3157 1140.73
vn -0.86295 0.505214 -0.00869618
v -109.783 -36.4065 1139.87
vn -0.902912 0.419169 0.0951164
v -110.17 -37.2625 1140.47
vn -0.844418 0.531494 -0.0668745
v -112.552 -41.9696 1133.21
vn 0.183681 -0.0477606 -0.981825
v -35.0713 -30.9029 1184.6
vn 0.354221 0.121628 -0.927218
v -35.5039 -30.456 1184.56
vn 0.788483 -0.42982 -0.439942
v -115.77 -128.055 1058.69
vn 0.385399 -0.910892 0.147457
v -120.759 -135.131 1068.48
vn 0.481536 -0.875942 0.0291296
v -121.721 -135.686 1067.71
vn -0.127588 -0.943084 0.307107
v -121.721 -135.686 1067.71
vn 0.147747 -0.960623 -0.235319
v -121.721 -135.686 1067.71
vn 0.0736286 -0.988871 -0.12928
v -121.854 -135.636 1067.43
vn 0.837184 0.136083 -0.529721
v -116.258 -128.163 1057.91
vn 0.812184 0.16391 -0.559903
v -116.474 -128.146 1057.56
vn 0.613792 -0.502056 -0.609261
v -116.862 -128.086 1057.07
vn 0.706134 0.14853 -0.692325
v -117.085 -128.081 1056.88
vn 0.597337 -0.489573 -0.635222
v -117.289 -128.053 1056.64
vn 0.473939 0.326586 -0.817755
v -117.515 -128.051 1056.45
vn -0.0017806 -0.999778 -0.0209726
v -122.499 -135.607 1066.13
vn -0.496601 -0.867556 0.0271026
v -122.499 -135.607 1066.13
vn -0.559518 -0.826966 -0.0553692
v -122.657 -135.517 1065.85
vn -0.458045 -0.866948 -0.196458
v -122.62 -135.493 1065.63
vn -0.600089 -0.771986 0.209594
v -122.357 -135.628 1067.08
vn 0.302496 0.233309 -0.924155
v -118.421 -128.37 1056.01
vn 0.131109 -0.38416 -0.91391
v -120.1 -129.095 1055.69
vn -0.204851 -0.828026 -0.521929
v -122.886 -132.763 1059.23
vn -0.269371 -0.882972 -0.384448
v -123.048 -133.245 1060.15
vn 0.315678 -0.595712 -0.738563
v -120.763 -129.7 1055.84
vn 0.0150027 -0.45492 -0.890406
v -120.989 -130.012 1056.02
vn 0.0597897 -0.420503 -0.905319
v -121.321 -130.139 1056.06
vn -0.419231 -0.135643 -0.89769
v -121.321 -130.139 1056.06
vn -0.332317 -0.265778 -0.904946
v -121.498 -130.384 1056.19
vn 0.0401756 -0.776622 -0.628684
v -122.11 -130.871 1056.64
vn -0.758177 -0.305416 -0.576098
v -122.652 -131.558 1057.5
f 1//1 7//7 126//126
f 126//126 7//7 6//6
f 7//7 1//1 2//2
f 1//1 127//127 2//2
f 2//2 8//8 7//7
f 8//8 2//2 3//3
f 127//127 3//3 2//2
f 143//143 9//9 3//3
f 9//9 143//143 151//151
f 6//6 4//4 5//5
f 6//6 7//7 4//4
f 7//7 14//14 4//4
f 14//14 7//7 8//8
f 8//8 3//3 9//9
f 9//9 151//151 22//22
f 10//10 29//29 159//159
f 10//10 37//37 26//26
f 10//10 109//109 5//5
f 10//10 5//5 33//33
f 5//5 11//11 33//33
f 11//11 12//12 39//39
f 11//11 39//39 40//40
f 12//12 13//13 39//39
f 11//11 5//5 12//12
f 14//14 13//13 12//12
f 4//4 14//14 12//12
f 4//4 12//12 5//5
f 8//8 15//15 14//14
f 8//8 17//17 15//15
f 15//15 17//17 18//18
f 14//14 15//15 13//13
f 15//15 16//16 13//13
f 18//18 20//20 16//16
f 18//18 16//16 15//15
f 18//18 17//17 19//19
f 17//17 9//9 19//19
f 18//18 19//19 20//20
f 19//19 21//21 20//20
f 21//21 19//19 9//9
f 21//21 56//56 20//20
f 21//21 61//61 56//56
f 23//23 61//61 21//21
f 23//23 65//65 61//61
f 164//164 162//162 23//23
f 162//162 65//65 23//23
f 162//162 175//175 65//65
f 8//8 9//9 17//17
f 22//22 21//21 9//9
f 22//22 23//23 21//21
f 164//164 23//23 22//22
f 26//26 28//28 29//29
f 159//159 29//29 160//160
f 160//160 29//29 24//24
f 29//29 28//28 24//24
f 24//24 28//28 170//170
f 26//26 37//37 25//25
f 29//29 10//10 26//26
f 27//27 186//186 28//28
f 28//28 25//25 27//27
f 38//38 27//27 25//25
f 27//27 38//38 70//70
f 26//26 25//25 28//28
f 170//170 28//28 186//186
f 27//27 70//70 186//186
f 34//34 33//33 11//11
f 34//34 11//11 30//30
f 30//30 32//32 31//31
f 37//37 33//33 34//34
f 37//37 34//34 25//25
f 25//25 34//34 35//35
f 34//34 30//30 35//35
f 30//30 31//31 35//35
f 25//25 35//35 38//38
f 35//35 31//31 38//38
f 38//38 31//31 36//36
f 36//36 31//31 32//32
f 37//37 10//10 33//33
f 13//13 46//46 39//39
f 40//40 39//39 41//41
f 39//39 46//46 41//41
f 46//46 48//48 41//41
f 41//41 48//48 42//42
f 42//42 48//48 43//43
f 11//11 40//40 30//30
f 30//30 40//40 32//32
f 41//41 32//32 40//40
f 41//41 42//42 32//32
f 42//42 43//43 44//44
f 48//48 50//50 43//43
f 32//32 42//42 36//36
f 44//44 36//36 42//42
f 43//43 45//45 44//44
f 50//50 45//45 43//43
f 36//36 44//44 83//83
f 44//44 86//86 83//83
f 45//45 50//50 55//55
f 85//85 45//45 55//55
f 85//85 82//82 45//45
f 85//85 55//55 59//59
f 59//59 96//96 85//85
f 16//16 46//46 13//13
f 16//16 49//49 46//46
f 16//16 20//20 49//49
f 46//46 47//47 48//48
f 49//49 47//47 46//46
f 48//48 47//47 51//51
f 48//48 51//51 50//50
f 52//52 47//47 49//49
f 52//52 49//49 20//20
f 47//47 52//52 53//53
f 54//54 50//50 51//51
f 51//51 53//53 54//54
f 51//51 47//47 53//53
f 50//50 54//54 55//55
f 56//56 52//52 20//20
f 53//53 52//52 57//57
f 57//57 52//52 56//56
f 53//53 57//57 58//58
f 53//53 58//58 54//54
f 60//60 54//54 58//58
f 54//54 60//60 55//55
f 55//55 60//60 59//59
f 61//61 62//62 56//56
f 62//62 57//57 56//56
f 63//63 58//58 57//57
f 62//62 63//63 57//57
f 63//63 64//64 58//58
f 96//96 59//59 64//64
f 59//59 60//60 64//64
f 64//64 60//60 58//58
f 65//65 66//66 61//61
f 66//66 62//62 61//61
f 66//66 67//67 62//62
f 63//63 67//67 68//68
f 67//67 63//63 62//62
f 64//64 68//68 69//69
f 68//68 64//64 63//63
f 69//69 96//96 64//64
f 69//69 91//91 96//96
f 175//175 176//176 66//66
f 175//175 66//66 65//65
f 176//176 67//67 66//66
f 176//176 68//68 67//67
f 68//68 177//177 69//69
f 176//176 177//177 68//68
f 177//177 178//178 69//69
f 178//178 91//91 69//69
f 75//75 70//70 38//38
f 70//70 75//75 71//71
f 71//71 75//75 79//79
f 70//70 188//188 186//186
f 71//71 188//188 70//70
f 71//71 79//79 197//197
f 197//197 79//79 80//80
f 197//197 80//80 203//203
f 75//75 38//38 72//72
f 72//72 38//38 36//36
f 73//73 72//72 36//36
f 36//36 83//83 73//73
f 73//73 83//83 74//74
f 87//87 74//74 83//83
f 73//73 74//74 78//78
f 74//74 76//76 78//78
f 76//76 74//74 87//87
f 79//79 75//75 77//77
f 75//75 72//72 77//77
f 72//72 73//73 77//77
f 77//77 73//73 78//78
f 76//76 87//87 93//93
f 77//77 78//78 81//81
f 78//78 76//76 202//202
f 76//76 93//93 202//202
f 79//79 77//77 80//80
f 80//80 77//77 81//81
f 81//81 78//78 202//202
f 93//93 207//207 202//202
f 80//80 81//81 203//203
f 86//86 44//44 82//82
f 44//44 45//45 82//82
f 90//90 83//83 86//86
f 84//84 82//82 85//85
f 86//86 82//82 84//84
f 84//84 85//85 88//88
f 85//85 96//96 88//88
f 90//90 87//87 83//83
f 90//90 86//86 89//89
f 86//86 84//84 89//89
f 84//84 88//88 89//89
f 90//90 89//89 95//95
f 95//95 89//89 92//92
f 89//89 88//88 92//92
f 91//91 92//92 88//88
f 93//93 87//87 94//94
f 87//87 90//90 94//94
f 94//94 90//90 95//95
f 91//91 208//208 92//92
f 178//178 208//208 91//91
f 92//92 206//206 95//95
f 204//204 94//94 206//206
f 94//94 95//95 206//206
f 93//93 94//94 207//207
f 94//94 204//204 207//207
f 91//91 88//88 96//96
f 240//240 97//97 107//107
f 110//110 107//107 97//97
f 240//240 107//107 236//236
f 97//97 100//100 98//98
f 98//98 100//100 99//99
f 97//97 98//98 110//110
f 114//114 98//98 99//99
f 100//100 232//232 99//99
f 102//102 99//99 232//232
f 232//232 246//246 102//102
f 102//102 101//101 99//99
f 101//101 114//114 99//99
f 102//102 242//242 101//101
f 101//101 117//117 114//114
f 101//101 103//103 117//117
f 101//101 242//242 103//103
f 117//117 103//103 104//104
f 117//117 104//104 119//119
f 245//245 119//119 104//104
f 119//119 245//245 123//123
f 102//102 246//246 242//242
f 243//243 103//103 242//242
f 104//104 103//103 243//243
f 260//260 123//123 245//245
f 125//125 106//106 109//109
f 236//236 105//105 237//237
f 110//110 109//109 106//106
f 110//110 106//106 107//107
f 107//107 106//106 105//105
f 105//105 236//236 107//107
f 110//110 98//98 108//108
f 108//108 109//109 110//110
f 6//6 109//109 108//108
f 114//114 108//108 98//98
f 108//108 126//126 6//6
f 114//114 112//112 108//108
f 115//115 111//111 112//112
f 115//115 113//113 111//111
f 128//128 108//108 112//112
f 111//111 128//128 112//112
f 118//118 135//135 113//113
f 113//113 129//129 111//111
f 129//129 113//113 135//135
f 114//114 115//115 112//112
f 116//116 113//113 115//115
f 116//116 118//118 113//113
f 118//118 122//122 135//135
f 114//114 117//117 115//115
f 117//117 119//119 115//115
f 119//119 116//116 115//115
f 119//119 120//120 116//116
f 120//120 118//118 116//116
f 139//139 136//136 122//122
f 123//123 120//120 119//119
f 120//120 123//123 121//121
f 120//120 121//121 118//118
f 118//118 121//121 122//122
f 124//124 121//121 123//123
f 124//124 122//122 121//121
f 261//261 139//139 122//122
f 261//261 140//140 139//139
f 260//260 124//124 123//123
f 261//261 122//122 124//124
f 105//105 106//106 125//125
f 142//142 237//237 105//105
f 125//125 141//141 105//105
f 141//141 142//142 105//105
f 5//5 109//109 6//6
f 126//126 128//128 1//1
f 130//130 127//127 1//1
f 130//130 129//129 127//127
f 132//132 131//131 127//127
f 131//131 143//143 3//3
f 127//127 131//131 3//3
f 128//128 126//126 108//108
f 128//128 130//130 1//1
f 128//128 111//111 130//130
f 111//111 129//129 130//130
f 135//135 132//132 129//129
f 127//127 129//129 132//132
f 132//132 133//133 131//131
f 143//143 131//131 134//134
f 131//131 133//133 134//134
f 144//144 143//143 134//134
f 136//136 132//132 135//135
f 136//136 133//133 132//132
f 138//138 144//144 134//134
f 133//133 138//138 134//134
f 135//135 122//122 136//136
f 137//137 133//133 136//136
f 137//137 138//138 133//133
f 140//140 138//138 137//137
f 140//140 145//145 138//138
f 139//139 137//137 136//136
f 139//139 140//140 137//137
f 264//264 147//147 140//140
f 140//140 147//147 145//145
f 266//266 237//237 142//142
f 150//150 142//142 141//141
f 125//125 150//150 141//141
f 144//144 151//151 143//143
f 144//144 152//152 151//151
f 138//138 145//145 144//144
f 144//144 145//145 152//152
f 146//146 152//152 145//145
f 147//147 146//146 145//145
f 267//267 146//146 147//147
f 267//267 154//154 146//146
f 393//393 267//267 147//147
f 270//270 266//266 148//148
f 158//158 279//279 270//270
f 148//148 158//158 270//270
f 125//125 10//10 150//150
f 159//159 150//150 10//10
f 149//149 142//142 150//150
f 149//149 150//150 159//159
f 161//161 149//149 159//159
f 149//149 266//266 142//142
f 161//161 148//148 149//149
f 148//148 266//266 149//149
f 10//10 125//125 109//109
f 152//152 22//22 151//151
f 152//152 153//153 22//22
f 154//154 153//153 146//146
f 146//146 153//153 152//152
f 156//156 161//161 155//155
f 165//165 157//157 156//156
f 156//156 155//155 165//165
f 156//156 148//148 161//161
f 156//156 158//158 148//148
f 158//158 156//156 157//157
f 155//155 159//159 160//160
f 155//155 160//160 171//171
f 155//155 161//161 159//159
f 153//153 162//162 164//164
f 163//163 175//175 162//162
f 163//163 162//162 153//153
f 154//154 163//163 153//153
f 267//267 163//163 154//154
f 153//153 164//164 22//22
f 166//166 172//172 167//167
f 171//171 172//172 166//166
f 172//172 173//173 167//167
f 169//169 157//157 165//165
f 166//166 169//169 165//165
f 165//165 171//171 166//166
f 155//155 171//171 165//165
f 166//166 167//167 168//168
f 173//173 180//180 167//167
f 169//169 166//166 168//168
f 167//167 183//183 168//168
f 169//169 276//276 157//157
f 168//168 183//183 288//288
f 169//169 168//168 287//287
f 168//168 288//288 287//287
f 288//288 280//280 287//287
f 171//171 160//160 24//24
f 170//170 171//171 24//24
f 186//186 173//173 170//170
f 170//170 172//172 171//171
f 170//170 173//173 172//172
f 173//173 186//186 187//187
f 187//187 180//180 173//173
f 174//174 210//210 208//208
f 210//210 174//174 290//290
f 175//175 163//163 176//176
f 163//163 179//179 176//176
f 179//179 177//177 176//176
f 174//174 178//178 177//177
f 174//174 208//208 178//178
f 179//179 174//174 177//177
f 290//290 174//174 179//179
f 163//163 290//290 179//179
f 181//181 167//167 180//180
f 180//180 182//182 181//181
f 181//181 183//183 167//167
f 184//184 183//183 181//181
f 181//181 182//182 184//184
f 185//185 184//184 182//182
f 295//295 184//184 185//185
f 288//288 183//183 297//297
f 183//183 184//184 297//297
f 297//297 184//184 294//294
f 294//294 184//184 295//295
f 296//296 295//295 185//185
f 186//186 188//188 187//187
f 188//188 189//189 187//187
f 189//189 180//180 187//187
f 188//188 191//191 189//189
f 191//191 188//188 190//190
f 180//180 189//189 182//182
f 191//191 182//182 189//189
f 190//190 192//192 191//191
f 193//193 192//192 190//190
f 191//191 185//185 182//182
f 194//194 185//185 191//191
f 296//296 185//185 194//194
f 192//192 194//194 191//191
f 192//192 193//193 195//195
f 195//195 193//193 196//196
f 302//302 296//296 194//194
f 194//194 192//192 302//302
f 192//192 195//195 302//302
f 302//302 195//195 303//303
f 195//195 196//196 303//303
f 307//307 303//303 196//196
f 198//198 188//188 71//71
f 197//197 198//198 71//71
f 198//198 190//190 188//188
f 193//193 190//190 198//198
f 193//193 198//198 199//199
f 197//197 199//199 198//198
f 199//199 197//197 203//203
f 199//199 203//203 200//200
f 205//205 200//200 203//203
f 193//193 199//199 196//196
f 307//307 199//199 201//201
f 201//201 199//199 200//200
f 200//200 205//205 306//306
f 307//307 196//196 199//199
f 307//307 201//201 306//306
f 201//201 200//200 306//306
f 205//205 308//308 306//306
f 202//202 207//207 204//204
f 81//81 202//202 203//203
f 204//204 203//203 202//202
f 203//203 204//204 205//205
f 209//209 210//210 205//205
f 205//205 210//210 358//358
f 358//358 308//308 205//205
f 92//92 208//208 209//209
f 209//209 206//206 92//92
f 210//210 209//209 208//208
f 205//205 204//204 206//206
f 206//206 209//209 205//205
f 220//220 212//212 226//226
f 211//211 212//212 220//220
f 212//212 213//213 226//226
f 214//214 212//212 211//211
f 228//228 213//213 215//215
f 213//213 212//212 215//215
f 215//215 212//212 214//214
f 228//228 364//364 231//231
f 364//364 228//228 314//314
f 314//314 228//228 215//215
f 240//240 216//216 217//217
f 241//241 216//216 240//240
f 232//232 100//100 217//217
f 223//223 227//227 219//219
f 218//218 223//223 219//219
f 227//227 234//234 233//233
f 219//219 227//227 233//233
f 218//218 216//216 224//224
f 217//217 216//216 218//218
f 219//219 217//217 218//218
f 232//232 217//217 219//219
f 233//233 232//232 219//219
f 220//220 224//224 241//241
f 216//216 241//241 224//224
f 221//221 225//225 222//222
f 225//225 227//227 223//223
f 222//222 225//225 223//223
f 227//227 318//318 234//234
f 221//221 224//224 226//226
f 222//222 224//224 221//221
f 218//218 224//224 222//222
f 223//223 218//218 222//222
f 220//220 226//226 224//224
f 229//229 230//230 225//225
f 221//221 229//229 225//225
f 225//225 230//230 227//227
f 229//229 221//221 226//226
f 226//226 213//213 229//229
f 227//227 230//230 317//317
f 228//228 231//231 229//229
f 231//231 317//317 230//230
f 229//229 231//231 230//230
f 229//229 213//213 228//228
f 317//317 231//231 310//310
f 232//232 233//233 246//246
f 246//246 233//233 234//234
f 234//234 318//318 319//319
f 235//235 234//234 319//319
f 335//335 330//330 239//239
f 329//329 214//214 330//330
f 237//237 238//238 236//236
f 238//238 220//220 241//241
f 236//236 238//238 241//241
f 241//241 240//240 236//236
f 211//211 220//220 238//238
f 237//237 239//239 238//238
f 238//238 239//239 211//211
f 239//239 214//214 211//211
f 330//330 214//214 239//239
f 240//240 217//217 97//97
f 100//100 97//97 217//217
f 247//247 242//242 246//246
f 247//247 243//243 242//242
f 244//244 243//243 247//247
f 244//244 104//104 243//243
f 244//244 248//248 104//104
f 248//248 245//245 104//104
f 245//245 248//248 249//249
f 245//245 249//249 260//260
f 250//250 244//244 247//247
f 244//244 250//250 251//251
f 251//251 248//248 244//244
f 249//249 248//248 251//251
f 251//251 252//252 249//249
f 252//252 260//260 249//249
f 252//252 262//262 260//260
f 234//234 253//253 246//246
f 253//253 247//247 246//246
f 247//247 253//253 250//250
f 250//250 254//254 251//251
f 235//235 253//253 234//234
f 257//257 250//250 253//253
f 250//250 257//257 254//254
f 251//251 254//254 255//255
f 251//251 255//255 252//252
f 255//255 256//256 252//252
f 263//263 252//252 256//256
f 252//252 263//263 262//262
f 257//257 253//253 235//235
f 258//258 255//255 254//254
f 256//256 259//259 263//263
f 258//258 256//256 255//255
f 321//321 254//254 257//257
f 321//321 258//258 254//254
f 258//258 259//259 256//256
f 321//321 325//325 258//258
f 325//325 259//259 258//258
f 239//239 237//237 266//266
f 335//335 239//239 266//266
f 262//262 124//124 260//260
f 262//262 261//261 124//124
f 262//262 263//263 261//261
f 263//263 264//264 261//261
f 261//261 264//264 140//140
f 259//259 264//264 263//263
f 393//393 264//264 259//259
f 335//335 266//266 265//265
f 393//393 147//147 264//264
f 266//266 270//270 265//265
f 269//269 268//268 271//271
f 341//341 269//269 275//275
f 340//340 268//268 269//269
f 341//341 275//275 342//342
f 270//270 279//279 268//268
f 279//279 271//271 268//268
f 265//265 270//270 268//268
f 398//398 163//163 267//267
f 273//273 272//272 278//278
f 273//273 274//274 272//272
f 269//269 271//271 274//274
f 274//274 271//271 272//272
f 283//283 274//274 273//273
f 275//275 269//269 274//274
f 275//275 274//274 283//283
f 275//275 283//283 345//345
f 342//342 275//275 345//345
f 277//277 157//157 278//278
f 277//277 158//158 157//157
f 278//278 157//157 276//276
f 158//158 277//277 279//279
f 277//277 278//278 272//272
f 278//278 276//276 273//273
f 273//273 289//289 281//281
f 276//276 289//289 273//273
f 279//279 277//277 271//271
f 277//277 272//272 271//271
f 280//280 281//281 289//289
f 282//282 281//281 280//280
f 282//282 280//280 299//299
f 281//281 283//283 273//273
f 284//284 283//283 281//281
f 282//282 284//284 281//281
f 282//282 299//299 291//291
f 345//345 283//283 286//286
f 286//286 284//284 285//285
f 286//286 283//283 284//284
f 285//285 284//284 282//282
f 285//285 282//282 292//292
f 292//292 282//282 291//291
f 276//276 169//169 289//289
f 287//287 289//289 169//169
f 280//280 289//289 287//287
f 280//280 288//288 299//299
f 292//292 291//291 293//293
f 293//293 291//291 300//300
f 294//294 295//295 298//298
f 295//295 296//296 298//298
f 298//298 296//296 302//302
f 299//299 288//288 297//297
f 297//297 300//300 299//299
f 300//300 297//297 301//301
f 297//297 294//294 301//301
f 301//301 294//294 298//298
f 298//298 302//302 305//305
f 299//299 300//300 291//291
f 293//293 300//300 301//301
f 298//298 305//305 352//352
f 348//348 293//293 301//301
f 301//301 298//298 352//352
f 305//305 302//302 303//303
f 304//304 305//305 303//303
f 304//304 303//303 307//307
f 305//305 304//304 356//356
f 306//306 308//308 304//304
f 304//304 307//307 306//306
f 309//309 318//318 317//317
f 309//309 311//311 318//318
f 310//310 309//309 317//317
f 371//371 311//311 309//309
f 309//309 310//310 363//363
f 312//312 319//319 311//311
f 371//371 312//312 311//311
f 374//374 312//312 371//371
f 316//316 313//313 378//378
f 215//215 329//329 315//315
f 315//315 314//314 215//215
f 329//329 215//215 214//214
f 315//315 329//329 313//313
f 313//313 314//314 315//315
f 314//314 313//313 316//316
f 359//359 314//314 316//316
f 359//359 364//364 314//314
f 316//316 378//378 379//379
f 318//318 227//227 317//317
f 310//310 231//231 364//364
f 311//311 319//319 318//318
f 312//312 323//323 319//319
f 312//312 377//377 323//323
f 320//320 319//319 323//323
f 320//320 235//235 319//319
f 257//257 235//235 320//320
f 322//322 257//257 320//320
f 321//321 257//257 322//322
f 322//322 320//320 323//323
f 377//377 322//322 323//323
f 324//324 322//322 377//377
f 321//321 322//322 324//324
f 324//324 325//325 321//321
f 382//382 325//325 324//324
f 327//327 332//332 335//335
f 328//328 332//332 327//327
f 328//328 327//327 336//336
f 387//387 328//328 388//388
f 388//388 328//328 336//336
f 332//332 330//330 335//335
f 331//331 329//329 330//330
f 331//331 330//330 332//332
f 333//333 329//329 331//331
f 313//313 329//329 333//333
f 333//333 331//331 328//328
f 328//328 331//331 332//332
f 313//313 333//333 378//378
f 387//387 333//333 328//328
f 333//333 387//387 378//378
f 326//326 259//259 325//325
f 393//393 259//259 326//326
f 327//327 335//335 337//337
f 336//336 327//327 334//334
f 334//334 327//327 337//337
f 335//335 265//265 338//338
f 337//337 338//338 397//397
f 334//334 337//337 397//397
f 337//337 335//335 338//338
f 393//393 398//398 267//267
f 343//343 399//399 400//400
f 265//265 268//268 339//339
f 343//343 338//338 339//339
f 338//338 265//265 339//339
f 400//400 338//338 343//343
f 339//339 268//268 340//340
f 340//340 269//269 341//341
f 343//343 339//339 340//340
f 344//344 341//341 342//342
f 343//343 340//340 344//344
f 344//344 340//340 341//341
f 346//346 344//344 342//342
f 403//403 344//344 346//346
f 402//402 343//343 344//344
f 402//402 344//344 403//403
f 346//346 342//342 345//345
f 405//405 346//346 345//345
f 405//405 345//345 407//407
f 403//403 346//346 405//405
f 398//398 347//347 163//163
f 407//407 345//345 286//286
f 407//407 286//286 285//285
f 285//285 292//292 350//350
f 163//163 347//347 290//290
f 290//290 358//358 210//210
f 347//347 406//406 290//290
f 406//406 358//358 290//290
f 404//404 406//406 347//347
f 292//292 293//293 349//349
f 350//350 292//292 349//349
f 293//293 348//348 349//349
f 350//350 349//349 410//410
f 349//349 351//351 410//410
f 349//349 348//348 351//351
f 351//351 348//348 353//353
f 408//408 351//351 353//353
f 285//285 350//350 407//407
f 407//407 350//350 410//410
f 351//351 411//411 410//410
f 351//351 408//408 411//411
f 348//348 301//301 353//353
f 352//352 305//305 354//354
f 301//301 352//352 353//353
f 353//353 352//352 355//355
f 352//352 354//354 355//355
f 354//354 305//305 356//356
f 408//408 353//353 355//355
f 356//356 304//304 419//419
f 355//355 354//354 357//357
f 354//354 356//356 357//357
f 357//357 356//356 414//414
f 414//414 356//356 419//419
f 408//408 355//355 416//416
f 358//358 420//420 308//308
f 419//419 304//304 308//308
f 308//308 420//420 419//419
f 360//360 359//359 379//379
f 359//359 360//360 361//361
f 359//359 361//361 370//370
f 370//370 362//362 423//423
f 362//362 370//370 361//361
f 421//421 362//362 361//361
f 421//421 361//361 360//360
f 364//364 365//365 310//310
f 363//363 310//310 365//365
f 371//371 309//309 363//363
f 366//366 364//364 359//359
f 366//366 365//365 364//364
f 363//363 365//365 367//367
f 368//368 371//371 363//363
f 367//367 368//368 363//363
f 366//366 359//359 370//370
f 366//366 369//369 365//365
f 367//367 365//365 369//369
f 371//371 368//368 373//373
f 425//425 368//368 367//367
f 369//369 366//366 370//370
f 369//369 370//370 423//423
f 369//369 424//424 367//367
f 425//425 367//367 424//424
f 425//425 373//373 368//368
f 424//424 369//369 423//423
f 372//372 377//377 312//312
f 372//372 312//312 374//374
f 373//373 374//374 371//371
f 377//377 372//372 375//375
f 377//377 375//375 384//384
f 375//375 372//372 374//374
f 384//384 375//375 376//376
f 385//385 384//384 376//376
f 385//385 376//376 381//381
f 376//376 430//430 381//381
f 427//427 373//373 425//425
f 427//427 374//374 373//373
f 375//375 374//374 428//428
f 375//375 429//429 376//376
f 379//379 359//359 316//316
f 380//380 360//360 379//379
f 421//421 360//360 380//380
f 439//439 386//386 381//381
f 440//440 386//386 439//439
f 440//440 326//326 386//386
f 324//324 377//377 384//384
f 384//384 382//382 324//324
f 383//383 382//382 384//384
f 383//383 325//325 382//382
f 386//386 326//326 325//325
f 383//383 386//386 325//325
f 385//385 383//383 384//384
f 385//385 386//386 383//383
f 381//381 386//386 385//385
f 388//388 395//395 390//390
f 389//389 387//387 388//388
f 389//389 388//388 390//390
f 387//387 389//389 379//379
f 380//380 379//379 391//391
f 391//391 379//379 389//389
f 391//391 389//389 392//392
f 389//389 390//390 392//392
f 379//379 378//378 387//387
f 440//440 393//393 326//326
f 334//334 397//397 394//394
f 334//334 394//394 395//395
f 395//395 336//336 334//334
f 395//395 388//388 336//336
f 390//390 395//395 396//396
f 396//396 395//395 394//394
f 398//398 393//393 452//452
f 338//338 400//400 446//446
f 446//446 397//397 338//338
f 446//446 394//394 397//397
f 343//343 402//402 399//399
f 449//449 400//400 399//399
f 449//449 399//399 402//402
f 400//400 449//449 451//451
f 448//448 446//446 400//400
f 451//451 448//448 400//400
f 401//401 347//347 398//398
f 404//404 347//347 401//401
f 455//455 404//404 401//401
f 403//403 405//405 456//456
f 455//455 458//458 404//404
f 459//459 405//405 407//407
f 408//408 416//416 412//412
f 409//409 407//407 410//410
f 412//412 411//411 408//408
f 416//416 355//355 413//413
f 355//355 357//357 413//413
f 420//420 415//415 419//419
f 415//415 414//414 419//419
f 414//414 413//413 357//357
f 417//417 413//413 414//414
f 416//416 413//413 417//417
f 417//417 414//414 464//464
f 464//464 414//414 418//418
f 418//418 414//414 415//415
f 418//418 415//415 420//420
f 412//412 416//416 417//417
f 406//406 499//499 358//358
f 358//358 499//499 420//420
f 418//418 420//420 499//499
f 423//423 362//362 504//504
f 422//422 362//362 421//421
f 438//438 422//422 421//421
f 422//422 504//504 362//362
f 425//425 424//424 426//426
f 426//426 431//431 425//425
f 467//467 434//434 426//426
f 468//468 434//434 467//467
f 509//509 423//423 504//504
f 426//426 424//424 506//506
f 506//506 467//467 426//426
f 509//509 424//424 423//423
f 427//427 428//428 374//374
f 375//375 428//428 429//429
f 376//376 429//429 430//430
f 425//425 431//431 427//427
f 427//427 431//431 432//432
f 432//432 428//428 427//427
f 432//432 433//433 428//428
f 429//429 428//428 433//433
f 429//429 433//433 430//430
f 434//434 431//431 426//426
f 434//434 432//432 431//431
f 381//381 430//430 471//471
f 478//478 381//381 471//471
f 433//433 470//470 430//430
f 430//430 470//470 471//471
f 468//468 432//432 434//434
f 468//468 469//469 432//432
f 432//432 469//469 433//433
f 433//433 469//469 470//470
f 474//474 442//442 443//443
f 438//438 380//380 435//435
f 442//442 435//435 380//380
f 437//437 435//435 442//442
f 436//436 438//438 435//435
f 438//438 436//436 477//477
f 437//437 436//436 435//435
f 437//437 477//477 436//436
f 475//475 437//437 474//474
f 474//474 437//437 442//442
f 477//477 437//437 475//475
f 438//438 421//421 380//380
f 477//477 422//422 438//438
f 478//478 440//440 439//439
f 478//478 439//439 381//381
f 478//478 480//480 440//440
f 519//519 480//480 478//478
f 380//380 391//391 442//442
f 441//441 391//391 392//392
f 441//441 392//392 390//390
f 441//441 442//442 391//391
f 479//479 441//441 390//390
f 479//479 390//390 445//445
f 442//442 441//441 443//443
f 441//441 479//479 443//443
f 440//440 480//480 393//393
f 444//444 394//394 446//446
f 446//446 447//447 444//444
f 447//447 448//448 481//481
f 394//394 444//444 396//396
f 444//444 390//390 396//396
f 445//445 390//390 444//444
f 482//482 445//445 444//444
f 482//482 444//444 447//447
f 482//482 447//447 481//481
f 393//393 480//480 452//452
f 487//487 452//452 480//480
f 448//448 447//447 446//446
f 452//452 401//401 398//398
f 450//450 449//449 402//402
f 454//454 450//450 402//402
f 451//451 449//449 486//486
f 486//486 449//449 450//450
f 451//451 486//486 553//553
f 452//452 455//455 401//401
f 487//487 453//453 452//452
f 453//453 455//455 452//452
f 454//454 402//402 403//403
f 454//454 403//403 457//457
f 454//454 457//457 492//492
f 453//453 458//458 455//455
f 457//457 403//403 456//456
f 491//491 457//457 456//456
f 493//493 404//404 458//458
f 456//456 405//405 459//459
f 494//494 459//459 407//407
f 491//491 456//456 459//459
f 495//495 491//491 459//459
f 495//495 459//459 494//494
f 406//406 531//531 496//496
f 531//531 406//406 404//404
f 460//460 410//410 411//411
f 461//461 460//460 411//411
f 461//461 411//411 412//412
f 494//494 407//407 409//409
f 410//410 462//462 409//409
f 462//462 410//410 460//460
f 461//461 412//412 463//463
f 532//532 494//494 409//409
f 409//409 462//462 532//532
f 497//497 460//460 461//461
f 461//461 463//463 497//497
f 533//533 532//532 462//462
f 533//533 462//462 460//460
f 497//497 533//533 460//460
f 498//498 497//497 463//463
f 463//463 412//412 465//465
f 412//412 417//417 465//465
f 465//465 417//417 464//464
f 463//463 465//465 498//498
f 498//498 465//465 500//500
f 465//465 464//464 500//500
f 500//500 464//464 418//418
f 500//500 418//418 501//501
f 499//499 501//501 418//418
f 499//499 406//406 502//502
f 477//477 476//476 466//466
f 466//466 422//422 477//477
f 509//509 506//506 424//424
f 507//507 467//467 506//506
f 507//507 468//468 467//467
f 507//507 469//469 468//468
f 469//469 472//472 470//470
f 472//472 471//471 470//470
f 471//471 472//472 508//508
f 508//508 478//478 471//471
f 474//474 443//443 473//473
f 473//473 443//443 522//522
f 473//473 516//516 517//517
f 516//516 473//473 522//522
f 475//475 474//474 473//473
f 476//476 477//477 475//475
f 475//475 473//473 517//517
f 518//518 476//476 475//475
f 476//476 518//518 466//466
f 443//443 479//479 522//522
f 522//522 479//479 483//483
f 481//481 448//448 524//524
f 481//481 521//521 484//484
f 479//479 445//445 483//483
f 483//483 445//445 482//482
f 484//484 482//482 481//481
f 483//483 482//482 484//484
f 523//523 554//554 485//485
f 480//480 485//485 487//487
f 523//523 485//485 480//480
f 524//524 451//451 553//553
f 524//524 553//553 551//551
f 524//524 448//448 451//451
f 525//525 553//553 486//486
f 489//489 450//450 454//454
f 486//486 450//450 489//489
f 487//487 488//488 453//453
f 488//488 487//487 485//485
f 490//490 489//489 454//454
f 490//490 454//454 492//492
f 490//490 527//527 489//489
f 490//490 492//492 530//530
f 528//528 453//453 488//488
f 528//528 458//458 453//453
f 458//458 528//528 493//493
f 528//528 561//561 493//493
f 457//457 491//491 492//492
f 529//529 492//492 491//491
f 492//492 529//529 530//530
f 404//404 493//493 531//531
f 496//496 502//502 406//406
f 500//500 540//540 498//498
f 537//537 498//498 540//540
f 537//537 497//497 498//498
f 500//500 501//501 540//540
f 540//540 501//501 566//566
f 499//499 566//566 501//501
f 541//541 466//466 503//503
f 505//505 509//509 504//504
f 541//541 505//505 504//504
f 504//504 422//422 541//541
f 541//541 422//422 466//466
f 505//505 514//514 509//509
f 505//505 568//568 514//514
f 469//469 508//508 472//472
f 469//469 507//507 510//510
f 469//469 510//510 508//508
f 509//509 511//511 506//506
f 511//511 507//507 506//506
f 510//510 507//507 515//515
f 514//514 511//511 509//509
f 511//511 515//515 507//507
f 512//512 508//508 510//510
f 478//478 508//508 513//513
f 508//508 512//512 513//513
f 514//514 542//542 511//511
f 542//542 515//515 511//511
f 515//515 543//543 510//510
f 510//510 543//543 545//545
f 510//510 545//545 512//512
f 545//545 513//513 512//512
f 568//568 542//542 514//514
f 516//516 522//522 520//520
f 466//466 518//518 503//503
f 475//475 517//517 518//518
f 651//651 519//519 513//513
f 478//478 513//513 519//519
f 521//521 481//481 524//524
f 521//521 524//524 551//551
f 522//522 483//483 484//484
f 522//522 484//484 521//521
f 485//485 554//554 526//526
f 555//555 486//486 489//489
f 555//555 489//489 527//527
f 555//555 525//525 486//486
f 556//556 553//553 525//525
f 556//556 525//525 555//555
f 526//526 528//528 488//488
f 485//485 526//526 488//488
f 527//527 490//490 530//530
f 526//526 561//561 528//528
f 495//495 529//529 491//491
f 559//559 530//530 529//529
f 529//529 495//495 563//563
f 563//563 559//559 529//529
f 536//536 494//494 532//532
f 532//532 534//534 536//536
f 534//534 532//532 533//533
f 535//535 534//534 533//533
f 497//497 535//535 533//533
f 537//537 535//535 497//497
f 495//495 494//494 536//536
f 538//538 536//536 534//534
f 539//539 538//538 534//534
f 539//539 534//534 535//535
f 495//495 536//536 563//563
f 537//537 539//539 535//535
f 564//564 538//538 539//539
f 539//539 537//537 564//564
f 499//499 502//502 565//565
f 496//496 600//600 502//502
f 600//600 565//565 502//502
f 566//566 499//499 565//565
f 604//604 541//541 503//503
f 567//567 568//568 505//505
f 541//541 567//567 505//505
f 542//542 544//544 515//515
f 544//544 543//543 515//515
f 575//575 544//544 542//542
f 544//544 575//575 543//543
f 545//545 543//543 576//576
f 543//543 575//575 576//576
f 517//517 516//516 546//546
f 577//577 503//503 518//518
f 549//549 546//546 516//516
f 517//517 577//577 518//518
f 577//577 517//517 546//546
f 545//545 651//651 513//513
f 547//547 522//522 521//521
f 548//548 547//547 521//521
f 549//549 520//520 547//547
f 549//549 548//548 580//580
f 549//549 547//547 548//548
f 548//548 552//552 580//580
f 580//580 552//552 579//579
f 552//552 582//582 579//579
f 547//547 520//520 522//522
f 549//549 516//516 520//520
f 550//550 523//523 480//480
f 519//519 550//550 480//480
f 552//552 521//521 551//551
f 548//548 521//521 552//552
f 582//582 552//552 551//551
f 523//523 583//583 554//554
f 523//523 550//550 583//583
f 586//586 554//554 583//583
f 629//629 587//587 554//554
f 554//554 586//586 629//629
f 554//554 587//587 526//526
f 589//589 555//555 527//527
f 589//589 527//527 634//634
f 560//560 634//634 527//527
f 527//527 530//530 560//560
f 561//561 526//526 587//587
f 557//557 563//563 562//562
f 590//590 557//557 562//562
f 590//590 558//558 557//557
f 530//530 559//559 560//560
f 558//558 560//560 559//559
f 558//558 559//559 557//557
f 557//557 559//559 563//563
f 591//591 496//496 531//531
f 493//493 591//591 531//531
f 493//493 561//561 689//689
f 689//689 591//591 493//493
f 562//562 563//563 536//536
f 562//562 536//536 538//538
f 538//538 564//564 562//562
f 537//537 540//540 597//597
f 564//564 593//593 562//562
f 595//595 564//564 537//537
f 595//595 537//537 597//597
f 597//597 540//540 566//566
f 565//565 600//600 566//566
f 601//601 566//566 600//600
f 591//591 600//600 496//496
f 578//578 604//604 577//577
f 604//604 503//503 577//577
f 567//567 541//541 604//604
f 567//567 605//605 571//571
f 605//605 567//567 604//604
f 542//542 568//568 569//569
f 542//542 569//569 575//575
f 568//568 567//567 571//571
f 574//574 575//575 569//569
f 574//574 570//570 575//575
f 570//570 576//576 575//575
f 572//572 569//569 568//568
f 571//571 572//572 568//568
f 572//572 573//573 569//569
f 569//569 573//573 574//574
f 546//546 549//549 615//615
f 615//615 577//577 546//546
f 619//619 615//615 580//580
f 616//616 550//550 519//519
f 616//616 519//519 651//651
f 619//619 580//580 579//579
f 619//619 579//579 581//581
f 615//615 549//549 580//580
f 550//550 654//654 583//583
f 579//579 582//582 581//581
f 553//553 584//584 551//551
f 581//581 582//582 551//551
f 581//581 551//551 584//584
f 584//584 553//553 556//556
f 584//584 556//556 585//585
f 622//622 581//581 584//584
f 626//626 622//622 584//584
f 626//626 584//584 585//585
f 585//585 631//631 626//626
f 586//586 630//630 629//629
f 631//631 585//585 556//556
f 588//588 556//556 555//555
f 631//631 556//556 588//588
f 588//588 589//589 632//632
f 635//635 634//634 560//560
f 555//555 589//589 588//588
f 558//558 635//635 560//560
f 558//558 590//590 635//635
f 594//594 590//590 562//562
f 594//594 562//562 593//593
f 636//636 591//591 689//689
f 636//636 600//600 591//591
f 636//636 640//640 600//600
f 592//592 593//593 564//564
f 595//595 592//592 564//564
f 596//596 593//593 592//592
f 596//596 592//592 595//595
f 637//637 594//594 593//593
f 596//596 637//637 593//593
f 599//599 597//597 566//566
f 598//598 596//596 595//595
f 598//598 595//595 597//597
f 641//641 599//599 601//601
f 599//599 566//566 601//601
f 600//600 640//640 601//601
f 640//640 641//641 601//601
f 602//602 604//604 578//578
f 602//602 605//605 604//604
f 648//648 602//602 578//578
f 602//602 603//603 605//605
f 610//610 607//607 605//605
f 606//606 610//610 605//605
f 605//605 603//603 606//606
f 606//606 613//613 610//610
f 606//606 644//644 613//613
f 605//605 607//607 571//571
f 571//571 607//607 572//572
f 607//607 573//573 572//572
f 609//609 570//570 574//574
f 607//607 608//608 573//573
f 573//573 608//608 574//574
f 608//608 609//609 574//574
f 570//570 612//612 576//576
f 610//610 611//611 607//607
f 611//611 608//608 607//607
f 609//609 612//612 570//570
f 645//645 608//608 611//611
f 614//614 609//609 608//608
f 609//609 614//614 612//612
f 612//612 617//617 576//576
f 576//576 617//617 545//545
f 613//613 611//611 610//610
f 613//613 645//645 611//611
f 608//608 645//645 614//614
f 645//645 646//646 614//614
f 646//646 618//618 614//614
f 614//614 618//618 612//612
f 618//618 617//617 612//612
f 696//696 645//645 613//613
f 615//615 619//619 620//620
f 615//615 620//620 649//649
f 649//649 578//578 615//615
f 578//578 577//577 615//615
f 603//603 602//602 648//648
f 651//651 545//545 617//617
f 652//652 619//619 621//621
f 619//619 581//581 621//621
f 652//652 620//620 619//619
f 616//616 654//654 550//550
f 621//621 581//581 622//622
f 621//621 623//623 652//652
f 623//623 621//621 622//622
f 623//623 622//622 624//624
f 652//652 623//623 624//624
f 586//586 625//625 630//630
f 586//586 583//583 625//625
f 630//630 625//625 660//660
f 654//654 661//661 625//625
f 661//661 660//660 625//625
f 583//583 654//654 625//625
f 626//626 631//631 628//628
f 626//626 628//628 627//627
f 667//667 658//658 627//627
f 667//667 627//627 628//628
f 658//658 624//624 627//627
f 627//627 622//622 626//626
f 624//624 622//622 627//627
f 630//630 669//669 629//629
f 669//669 630//630 660//660
f 588//588 632//632 631//631
f 632//632 628//628 631//631
f 632//632 673//673 628//628
f 628//628 673//673 668//668
f 632//632 589//589 633//633
f 633//633 589//589 634//634
f 633//633 634//634 675//675
f 689//689 561//561 587//587
f 689//689 587//587 629//629
f 635//635 590//590 687//687
f 690//690 687//687 590//590
f 590//590 594//594 690//690
f 689//689 754//754 636//636
f 637//637 596//596 638//638
f 638//638 596//596 598//598
f 720//720 594//594 637//637
f 721//721 720//720 637//637
f 721//721 637//637 638//638
f 598//598 597//597 639//639
f 639//639 597//597 599//599
f 638//638 598//598 639//639
f 641//641 639//639 599//599
f 692//692 639//639 641//641
f 754//754 640//640 636//636
f 692//692 641//641 640//640
f 650//650 642//642 603//603
f 603//603 642//642 606//606
f 650//650 643//643 642//642
f 642//642 643//643 606//606
f 644//644 696//696 613//613
f 644//644 606//606 643//643
f 729//729 644//644 643//643
f 696//696 644//644 729//729
f 697//697 645//645 696//696
f 697//697 646//646 645//645
f 646//646 698//698 618//618
f 620//620 652//652 700//700
f 620//620 700//700 649//649
f 693//693 649//649 700//700
f 693//693 725//725 649//649
f 578//578 649//649 647//647
f 648//648 578//578 647//647
f 647//647 649//649 725//725
f 725//725 648//648 647//647
f 648//648 650//650 603//603
f 694//694 643//643 650//650
f 704//704 616//616 651//651
f 617//617 740//740 651//651
f 740//740 704//704 651//651
f 698//698 617//617 618//618
f 697//697 698//698 646//646
f 659//659 700//700 652//652
f 704//704 653//653 616//616
f 653//653 654//654 616//616
f 705//705 661//661 654//654
f 704//704 705//705 653//653
f 705//705 654//654 653//653
f 744//744 661//661 705//705
f 655//655 658//658 663//663
f 666//666 655//655 663//663
f 655//655 666//666 656//656
f 656//656 657//657 655//655
f 706//706 657//657 656//656
f 658//658 652//652 624//624
f 658//658 659//659 652//652
f 658//658 655//655 659//659
f 700//700 659//659 657//657
f 657//657 659//659 655//655
f 660//660 661//661 744//744
f 663//663 662//662 665//665
f 667//667 662//662 663//663
f 665//665 662//662 664//664
f 665//665 666//666 663//663
f 708//708 656//656 666//666
f 666//666 665//665 708//708
f 706//706 656//656 708//708
f 708//708 665//665 664//664
f 667//667 628//628 662//662
f 668//668 662//662 628//628
f 667//667 663//663 658//658
f 662//662 668//668 664//664
f 629//629 669//669 714//714
f 673//673 671//671 670//670
f 676//676 671//671 673//673
f 670//670 672//672 664//664
f 671//671 672//672 670//670
f 674//674 672//672 671//671
f 671//671 676//676 674//674
f 672//672 708//708 664//664
f 708//708 672//672 712//712
f 715//715 712//712 672//672
f 674//674 715//715 672//672
f 673//673 670//670 668//668
f 673//673 632//632 676//676
f 632//632 633//633 676//676
f 668//668 670//670 664//664
f 689//689 629//629 714//714
f 674//674 677//677 680//680
f 715//715 674//674 680//680
f 633//633 677//677 676//676
f 677//677 633//633 678//678
f 678//678 633//633 675//675
f 675//675 634//634 682//682
f 681//681 675//675 682//682
f 676//676 677//677 674//674
f 677//677 678//678 680//680
f 679//679 680//680 678//678
f 679//679 678//678 675//675
f 679//679 675//675 683//683
f 683//683 681//681 684//684
f 683//683 675//675 681//681
f 679//679 716//716 680//680
f 716//716 679//679 683//683
f 635//635 686//686 634//634
f 687//687 686//686 635//635
f 682//682 634//634 686//686
f 685//685 684//684 682//682
f 684//684 681//681 682//682
f 682//682 686//686 685//685
f 688//688 685//685 686//686
f 688//688 684//684 685//685
f 718//718 683//683 684//684
f 684//684 688//688 718//718
f 688//688 686//686 717//717
f 687//687 717//717 686//686
f 683//683 718//718 716//716
f 717//717 718//718 688//688
f 687//687 755//755 717//717
f 687//687 690//690 755//755
f 691//691 638//638 639//639
f 690//690 594//594 720//720
f 721//721 638//638 691//691
f 754//754 719//719 640//640
f 639//639 692//692 691//691
f 693//693 739//739 725//725
f 725//725 650//650 648//648
f 694//694 650//650 727//727
f 694//694 729//729 643//643
f 698//698 695//695 617//617
f 697//697 730//730 698//698
f 695//695 698//698 731//731
f 695//695 731//731 740//740
f 617//617 695//695 740//740
f 702//702 706//706 735//735
f 702//702 700//700 657//657
f 702//702 657//657 706//706
f 693//693 700//700 701//701
f 701//701 700//700 702//702
f 739//739 693//693 701//701
f 701//701 699//699 739//739
f 699//699 701//701 702//702
f 812//812 705//705 703//703
f 812//812 744//744 705//705
f 811//811 703//703 740//740
f 811//811 812//812 703//703
f 740//740 703//703 704//704
f 703//703 705//705 704//704
f 743//743 706//706 710//710
f 743//743 710//710 748//748
f 743//743 735//735 706//706
f 744//744 707//707 660//660
f 709//709 706//706 708//708
f 710//710 706//706 709//709
f 710//710 709//709 711//711
f 748//748 710//710 711//711
f 815//815 714//714 669//669
f 669//669 660//660 707//707
f 815//815 669//669 707//707
f 713//713 708//708 712//712
f 712//712 753//753 713//713
f 713//713 709//709 708//708
f 711//711 709//709 713//713
f 711//711 713//713 751//751
f 751//751 713//713 753//753
f 712//712 715//715 753//753
f 716//716 718//718 787//787
f 717//717 755//755 788//788
f 718//718 788//788 787//787
f 717//717 788//788 718//718
f 719//719 754//754 791//791
f 792//792 754//754 689//689
f 720//720 755//755 690//690
f 691//691 722//722 721//721
f 757//757 691//691 723//723
f 720//720 721//721 722//722
f 791//791 757//757 723//723
f 722//722 691//691 757//757
f 640//640 723//723 692//692
f 719//719 723//723 640//640
f 723//723 691//691 692//692
f 791//791 723//723 719//719
f 724//724 725//725 739//739
f 724//724 759//759 725//725
f 726//726 650//650 760//760
f 725//725 759//759 650//650
f 759//759 760//760 650//650
f 650//650 726//726 727//727
f 761//761 728//728 727//727
f 804//804 728//728 761//761
f 726//726 761//761 727//727
f 761//761 726//726 762//762
f 727//727 728//728 694//694
f 728//728 729//729 694//694
f 728//728 804//804 729//729
f 804//804 733//733 729//729
f 698//698 730//730 731//731
f 733//733 734//734 696//696
f 696//696 734//734 697//697
f 730//730 697//697 734//734
f 730//730 732//732 731//731
f 729//729 733//733 696//696
f 732//732 805//805 731//731
f 734//734 732//732 730//730
f 806//806 805//805 732//732
f 732//732 734//734 806//806
f 769//769 734//734 733//733
f 769//769 806//806 734//734
f 736//736 699//699 702//702
f 739//739 699//699 736//736
f 736//736 702//702 735//735
f 739//739 737//737 724//724
f 739//739 736//736 737//737
f 736//736 735//735 738//738
f 738//738 735//735 742//742
f 736//736 764//764 737//737
f 764//764 736//736 738//738
f 731//731 805//805 740//740
f 741//741 743//743 748//748
f 743//743 741//741 742//742
f 742//742 741//741 747//747
f 742//742 735//735 743//743
f 815//815 707//707 744//744
f 812//812 867//867 744//744
f 745//745 748//748 711//711
f 748//748 745//745 741//741
f 746//746 745//745 711//711
f 745//745 747//747 741//741
f 773//773 747//747 745//745
f 773//773 745//745 746//746
f 746//746 775//775 773//773
f 751//751 749//749 711//711
f 749//749 751//751 752//752
f 753//753 752//752 751//751
f 711//711 749//749 746//746
f 750//750 746//746 749//749
f 749//749 752//752 750//750
f 753//753 778//778 752//752
f 753//753 715//715 680//680
f 714//714 792//792 689//689
f 680//680 716//716 779//779
f 793//793 788//788 755//755
f 794//794 722//722 848//848
f 720//720 722//722 794//794
f 756//756 755//755 720//720
f 793//793 755//755 756//756
f 756//756 720//720 794//794
f 848//848 722//722 757//757
f 724//724 765//765 759//759
f 758//758 759//759 765//765
f 758//758 760//760 759//759
f 760//760 762//762 726//726
f 761//761 762//762 804//804
f 733//733 804//804 769//769
f 766//766 738//738 763//763
f 763//763 738//738 798//798
f 770//770 738//738 742//742
f 767//767 766//766 763//763
f 798//798 738//738 770//770
f 796//796 767//767 763//763
f 724//724 737//737 765//765
f 765//765 737//737 764//764
f 766//766 764//764 738//738
f 764//764 766//766 767//767
f 767//767 765//765 764//764
f 768//768 765//765 767//767
f 768//768 758//758 765//765
f 796//796 768//768 767//767
f 796//796 801//801 768//768
f 740//740 805//805 807//807
f 740//740 807//807 811//811
f 747//747 771//771 742//742
f 772//772 771//771 747//747
f 770//770 742//742 771//771
f 771//771 772//772 810//810
f 810//810 770//770 771//771
f 867//867 815//815 744//744
f 777//777 814//814 774//774
f 772//772 774//774 814//814
f 814//814 813//813 772//772
f 747//747 773//773 772//772
f 772//772 773//773 774//774
f 775//775 774//774 773//773
f 775//775 777//777 774//774
f 810//810 772//772 813//813
f 776//776 778//778 817//817
f 777//777 817//817 816//816
f 777//777 776//776 817//817
f 775//775 746//746 750//750
f 777//777 775//775 750//750
f 752//752 776//776 750//750
f 750//750 776//776 777//777
f 753//753 782//782 778//778
f 776//776 752//752 778//778
f 785//785 778//778 782//782
f 778//778 785//785 817//817
f 817//817 785//785 822//822
f 792//792 714//714 815//815
f 680//680 779//779 786//786
f 779//779 716//716 780//780
f 680//680 786//786 753//753
f 753//753 786//786 782//782
f 786//786 779//779 783//783
f 783//783 779//779 780//780
f 783//783 780//780 781//781
f 827//827 783//783 781//781
f 782//782 786//786 785//785
f 786//786 783//783 827//827
f 827//827 781//781 784//784
f 785//785 786//786 822//822
f 828//828 786//786 827//827
f 716//716 787//787 780//780
f 787//787 788//788 789//789
f 781//781 780//780 787//787
f 781//781 787//787 784//784
f 789//789 784//784 787//787
f 789//789 788//788 790//790
f 789//789 844//844 784//784
f 790//790 844//844 789//789
f 846//846 791//791 754//754
f 846//846 754//754 792//792
f 793//793 790//790 788//788
f 793//793 756//756 794//794
f 895//895 848//848 757//757
f 791//791 895//895 757//757
f 758//758 795//795 760//760
f 799//799 801//801 796//796
f 797//797 796//796 763//763
f 799//799 796//796 797//797
f 797//797 763//763 798//798
f 801//801 799//799 802//802
f 798//798 850//850 797//797
f 849//849 799//799 797//797
f 797//797 850//850 849//849
f 768//768 801//801 800//800
f 768//768 800//800 758//758
f 800//800 795//795 758//758
f 930//930 795//795 800//800
f 802//802 800//800 801//801
f 802//802 896//896 800//800
f 800//800 896//896 930//930
f 760//760 803//803 762//762
f 803//803 804//804 762//762
f 769//769 851//851 808//808
f 808//808 806//806 769//769
f 809//809 807//807 805//805
f 805//805 806//806 809//809
f 809//809 811//811 807//807
f 809//809 806//806 808//808
f 810//810 852//852 770//770
f 810//810 813//813 853//853
f 852//852 810//810 853//853
f 860//860 853//853 813//813
f 813//813 814//814 860//860
f 814//814 816//816 860//860
f 816//816 814//814 777//777
f 868//868 816//816 820//820
f 884//884 792//792 815//815
f 822//822 818//818 817//817
f 822//822 786//786 818//818
f 817//817 820//820 816//816
f 818//818 823//823 819//819
f 819//819 823//823 826//826
f 820//820 817//817 818//818
f 820//820 818//818 821//821
f 818//818 819//819 821//821
f 820//820 872//872 875//875
f 821//821 872//872 820//820
f 872//872 821//821 873//873
f 873//873 821//821 819//819
f 874//874 873//873 819//819
f 826//826 874//874 819//819
f 818//818 786//786 823//823
f 823//823 786//786 828//828
f 833//833 824//824 828//828
f 825//825 824//824 833//833
f 836//836 825//825 833//833
f 826//826 823//823 824//824
f 826//826 824//824 825//825
f 826//826 825//825 874//874
f 825//825 840//840 874//874
f 840//840 825//825 836//836
f 874//874 840//840 876//876
f 829//829 827//827 784//784
f 829//829 784//784 830//830
f 830//830 784//784 844//844
f 823//823 828//828 824//824
f 828//828 827//827 831//831
f 831//831 827//827 829//829
f 831//831 829//829 835//835
f 829//829 830//830 835//835
f 832//832 830//830 844//844
f 833//833 828//828 831//831
f 834//834 833//833 831//831
f 834//834 831//831 835//835
f 835//835 830//830 839//839
f 839//839 830//830 832//832
f 837//837 836//836 833//833
f 837//837 833//833 834//834
f 837//837 834//834 835//835
f 837//837 835//835 838//838
f 835//835 839//839 838//838
f 840//840 836//836 837//837
f 842//842 837//837 838//838
f 839//839 842//842 838//838
f 841//841 839//839 832//832
f 832//832 845//845 3843//3843
f 840//840 837//837 887//887
f 887//887 837//837 842//842
f 841//841 842//842 839//839
f 845//845 843//843 3843//3843
f 885//885 842//842 841//841
f 3843//3843 843//843 3844//3844
f 793//793 847//847 790//790
f 790//790 847//847 845//845
f 844//844 790//790 832//832
f 845//845 832//832 790//790
f 846//846 895//895 791//791
f 847//847 793//793 894//894
f 847//847 894//894 845//845
f 927//927 894//894 793//793
f 993//993 794//794 848//848
f 799//799 849//849 802//802
f 896//896 802//802 849//849
f 849//849 850//850 897//897
f 897//897 896//896 849//849
f 930//930 898//898 795//795
f 795//795 898//898 760//760
f 760//760 898//898 803//803
f 899//899 803//803 898//898
f 803//803 899//899 900//900
f 900//900 851//851 803//803
f 851//851 804//804 803//803
f 804//804 851//851 769//769
f 851//851 900//900 808//808
f 808//808 962//962 809//809
f 853//853 856//856 852//852
f 854//854 850//850 798//798
f 798//798 852//852 854//854
f 798//798 770//770 852//852
f 855//855 852//852 856//856
f 861//861 856//856 853//853
f 852//852 855//855 854//854
f 857//857 855//855 856//856
f 861//861 862//862 856//856
f 854//854 858//858 850//850
f 858//858 854//854 859//859
f 855//855 857//857 859//859
f 859//859 854//854 855//855
f 857//857 856//856 862//862
f 857//857 903//903 859//859
f 862//862 865//865 857//857
f 897//897 850//850 858//858
f 865//865 908//908 857//857
f 811//811 968//968 812//812
f 968//968 867//867 812//812
f 861//861 853//853 860//860
f 860//860 816//816 868//868
f 863//863 861//861 860//860
f 864//864 863//863 860//860
f 860//860 868//868 864//864
f 862//862 861//861 863//863
f 869//869 864//864 868//868
f 866//866 863//863 864//864
f 865//865 862//862 863//863
f 909//909 864//864 869//869
f 866//866 865//865 863//863
f 909//909 866//866 864//864
f 867//867 967//967 815//815
f 968//968 967//967 867//867
f 875//875 868//868 820//820
f 875//875 869//869 868//868
f 875//875 877//877 869//869
f 871//871 869//869 877//877
f 871//871 877//877 870//870
f 870//870 910//910 871//871
f 909//909 869//869 871//871
f 877//877 875//875 872//872
f 873//873 877//877 872//872
f 873//873 874//874 876//876
f 877//877 873//873 878//878
f 873//873 876//876 878//878
f 840//840 881//881 876//876
f 879//879 876//876 881//881
f 879//879 878//878 876//876
f 878//878 870//870 877//877
f 870//870 878//878 879//879
f 879//879 881//881 880//880
f 870//870 879//879 880//880
f 880//880 881//881 883//883
f 910//910 870//870 880//880
f 880//880 883//883 910//910
f 910//910 883//883 919//919
f 883//883 881//881 882//882
f 891//891 883//883 882//882
f 922//922 883//883 891//891
f 891//891 893//893 922//922
f 922//922 893//893 923//923
f 886//886 843//843 845//845
f 889//889 842//842 885//885
f 888//888 3844//3844 843//843
f 843//843 886//886 888//888
f 886//886 845//845 894//894
f 881//881 887//887 882//882
f 887//887 881//881 840//840
f 887//887 842//842 889//889
f 889//889 3844//3844 888//888
f 926//926 886//886 894//894
f 887//887 889//889 882//882
f 886//886 926//926 890//890
f 888//888 886//886 890//890
f 890//890 889//889 888//888
f 891//891 882//882 889//889
f 889//889 892//892 891//891
f 892//892 889//889 890//890
f 926//926 953//953 890//890
f 891//891 892//892 893//893
f 924//924 893//893 892//892
f 924//924 892//892 890//890
f 929//929 895//895 846//846
f 884//884 846//846 792//792
f 894//894 927//927 926//926
f 926//926 927//927 928//928
f 895//895 957//957 848//848
f 957//957 956//956 848//848
f 899//899 898//898 958//958
f 900//900 899//899 994//994
f 958//958 994//994 899//899
f 900//900 901//901 808//808
f 901//901 962//962 808//808
f 900//900 961//961 901//901
f 858//858 902//902 897//897
f 903//903 858//858 859//859
f 908//908 903//903 857//857
f 902//902 858//858 903//903
f 902//902 903//903 904//904
f 904//904 897//897 902//902
f 937//937 903//903 908//908
f 903//903 937//937 931//931
f 903//903 931//931 904//904
f 809//809 962//962 811//811
f 934//934 968//968 811//811
f 811//811 962//962 934//934
f 906//906 905//905 909//909
f 906//906 909//909 907//907
f 906//906 908//908 905//905
f 936//936 908//908 906//906
f 935//935 906//906 907//907
f 866//866 909//909 905//905
f 865//865 866//866 905//905
f 908//908 865//865 905//905
f 937//937 908//908 936//936
f 935//935 907//907 940//940
f 940//940 907//907 913//913
f 940//940 917//917 942//942
f 911//911 909//909 871//871
f 910//910 911//911 871//871
f 907//907 909//909 911//911
f 910//910 919//919 912//912
f 913//913 907//907 911//911
f 913//913 911//911 914//914
f 914//914 911//911 910//910
f 912//912 914//914 910//910
f 915//915 916//916 912//912
f 912//912 916//916 914//914
f 914//914 917//917 913//913
f 914//914 916//916 917//917
f 940//940 913//913 917//917
f 916//916 915//915 918//918
f 915//915 912//912 919//919
f 920//920 919//919 922//922
f 921//921 920//920 922//922
f 919//919 920//920 915//915
f 925//925 921//921 923//923
f 944//944 915//915 920//920
f 920//920 945//945 944//944
f 920//920 921//921 945//945
f 921//921 925//925 948//948
f 883//883 922//922 919//919
f 923//923 893//893 925//925
f 922//922 923//923 921//921
f 953//953 924//924 890//890
f 893//893 924//924 925//925
f 953//953 925//925 924//924
f 928//928 927//927 990//990
f 927//927 793//793 992//992
f 992//992 793//793 1036//1036
f 793//793 794//794 1036//1036
f 1036//1036 794//794 993//993
f 990//990 927//927 992//992
f 993//993 848//848 956//956
f 929//929 957//957 895//895
f 896//896 932//932 960//960
f 932//932 896//896 897//897
f 896//896 960//960 930//930
f 960//960 995//995 930//930
f 930//930 958//958 898//898
f 900//900 994//994 959//959
f 959//959 961//961 900//900
f 961//961 962//962 901//901
f 933//933 932//932 897//897
f 933//933 897//897 904//904
f 904//904 931//931 933//933
f 906//906 935//935 936//936
f 935//935 938//938 936//936
f 941//941 938//938 935//935
f 974//974 938//938 941//941
f 939//939 937//937 936//936
f 936//936 938//938 939//939
f 941//941 940//940 942//942
f 935//935 940//940 941//941
f 943//943 974//974 941//941
f 941//941 942//942 943//943
f 942//942 951//951 943//943
f 943//943 951//951 975//975
f 975//975 974//974 943//943
f 975//975 951//951 952//952
f 942//942 917//917 916//916
f 942//942 916//916 951//951
f 916//916 918//918 951//951
f 815//815 967//967 884//884
f 918//918 915//915 946//946
f 915//915 944//944 946//946
f 946//946 944//944 947//947
f 945//945 947//947 944//944
f 945//945 948//948 947//947
f 921//921 948//948 945//945
f 950//950 948//948 925//925
f 918//918 946//946 951//951
f 946//946 947//947 949//949
f 948//948 949//949 947//947
f 948//948 950//950 949//949
f 951//951 946//946 949//949
f 952//952 951//951 949//949
f 953//953 926//926 955//955
f 954//954 950//950 925//925
f 954//954 953//953 989//989
f 925//925 953//953 954//954
f 988//988 950//950 954//954
f 988//988 954//954 989//989
f 928//928 955//955 926//926
f 991//991 928//928 990//990
f 928//928 991//991 955//955
f 989//989 953//953 955//955
f 993//993 956//956 1081//1081
f 1081//1081 956//956 957//957
f 1037//1037 957//957 929//929
f 995//995 958//958 930//930
f 932//932 995//995 960//960
f 962//962 961//961 965//965
f 965//965 963//963 962//962
f 963//963 934//934 962//962
f 964//964 934//934 963//963
f 964//964 969//969 934//934
f 997//997 963//963 965//965
f 1007//1007 969//969 964//964
f 997//997 998//998 963//963
f 963//963 998//998 964//964
f 964//964 999//999 1007//1007
f 1004//1004 966//966 972//972
f 1004//1004 972//972 1011//1011
f 976//976 939//939 938//938
f 933//933 931//931 1004//1004
f 937//937 939//939 976//976
f 976//976 972//972 937//937
f 1004//1004 931//931 937//937
f 966//966 1004//1004 937//937
f 966//966 937//937 972//972
f 969//969 968//968 934//934
f 1007//1007 968//968 969//969
f 1007//1007 967//967 968//968
f 1007//1007 1006//1006 967//967
f 971//971 970//970 977//977
f 979//979 980//980 971//971
f 1009//1009 972//972 976//976
f 1009//1009 976//976 970//970
f 1009//1009 970//970 973//973
f 973//973 970//970 971//971
f 973//973 971//971 980//980
f 980//980 1020//1020 973//973
f 972//972 1009//1009 1012//1012
f 972//972 1012//1012 1011//1011
f 1009//1009 973//973 1010//1010
f 973//973 1020//1020 1010//1010
f 977//977 938//938 974//974
f 977//977 976//976 938//938
f 977//977 970//970 976//976
f 979//979 974//974 975//975
f 974//974 979//979 977//977
f 977//977 979//979 971//971
f 982//982 1020//1020 980//980
f 1020//1020 982//982 1023//1023
f 1023//1023 982//982 1021//1021
f 952//952 978//978 975//975
f 978//978 952//952 984//984
f 978//978 979//979 975//975
f 978//978 981//981 979//979
f 984//984 985//985 1030//1030
f 980//980 981//981 982//982
f 979//979 981//981 980//980
f 982//982 981//981 983//983
f 981//981 978//978 983//983
f 983//983 978//978 984//984
f 1021//1021 982//982 983//983
f 1029//1029 983//983 984//984
f 952//952 949//949 987//987
f 986//986 949//949 950//950
f 986//986 950//950 988//988
f 952//952 987//987 985//985
f 985//985 984//984 952//952
f 987//987 949//949 1032//1032
f 949//949 986//986 1032//1032
f 1030//1030 985//985 987//987
f 884//884 1035//1035 929//929
f 1035//1035 884//884 967//967
f 986//986 988//988 1034//1034
f 929//929 846//846 884//884
f 989//989 955//955 991//991
f 989//989 991//991 1076//1076
f 1038//1038 1081//1081 957//957
f 994//994 1084//1084 959//959
f 961//961 959//959 1087//1087
f 932//932 933//933 996//996
f 932//932 996//996 995//995
f 1042//1042 1008//1008 1040//1040
f 999//999 998//998 1000//1000
f 998//998 999//999 964//964
f 1001//1001 965//965 961//961
f 965//965 1001//1001 1002//1002
f 965//965 1002//1002 997//997
f 1002//1002 1000//1000 997//997
f 1000//1000 998//998 997//997
f 1003//1003 999//999 1000//1000
f 961//961 1087//1087 1001//1001
f 1087//1087 1002//1002 1001//1001
f 1002//1002 1040//1040 1000//1000
f 1000//1000 1040//1040 1003//1003
f 1003//1003 1008//1008 999//999
f 1002//1002 1088//1088 1040//1040
f 1003//1003 1040//1040 1008//1008
f 1005//1005 933//933 1004//1004
f 1005//1005 1004//1004 1011//1011
f 1005//1005 1011//1011 1016//1016
f 1005//1005 1016//1016 1046//1046
f 1122//1122 933//933 1005//1005
f 1007//1007 1041//1041 1006//1006
f 1041//1041 1007//1007 1008//1008
f 1042//1042 1041//1041 1008//1008
f 1008//1008 1007//1007 999//999
f 1012//1012 1009//1009 1013//1013
f 1009//1009 1010//1010 1013//1013
f 1014//1014 1010//1010 1022//1022
f 1022//1022 1010//1010 1020//1020
f 1010//1010 1014//1014 1013//1013
f 1014//1014 1022//1022 1025//1025
f 1016//1016 1011//1011 1015//1015
f 1015//1015 1011//1011 1012//1012
f 1017//1017 1012//1012 1013//1013
f 1017//1017 1015//1015 1012//1012
f 1015//1015 1019//1019 1016//1016
f 1019//1019 1015//1015 1017//1017
f 1045//1045 1017//1017 1018//1018
f 1017//1017 1013//1013 1018//1018
f 1018//1018 1013//1013 1014//1014
f 1027//1027 1014//1014 1025//1025
f 1044//1044 1019//1019 1017//1017
f 1045//1045 1044//1044 1017//1017
f 1018//1018 1027//1027 1051//1051
f 1018//1018 1051//1051 1045//1045
f 1018//1018 1014//1014 1027//1027
f 1016//1016 1019//1019 1046//1046
f 1046//1046 1019//1019 1047//1047
f 1047//1047 1019//1019 1044//1044
f 1022//1022 1020//1020 1023//1023
f 1025//1025 1022//1022 1023//1023
f 1023//1023 1026//1026 1025//1025
f 1021//1021 1026//1026 1023//1023
f 1024//1024 1026//1026 1021//1021
f 1053//1053 1026//1026 1024//1024
f 1051//1051 1027//1027 1028//1028
f 1027//1027 1025//1025 1028//1028
f 1025//1025 1026//1026 1028//1028
f 1053//1053 1024//1024 1060//1060
f 1051//1051 1028//1028 1054//1054
f 1054//1054 1028//1028 1052//1052
f 1028//1028 1026//1026 1052//1052
f 1053//1053 1052//1052 1026//1026
f 1021//1021 983//983 1029//1029
f 1029//1029 984//984 1030//1030
f 1021//1021 1029//1029 1024//1024
f 1060//1060 1024//1024 1029//1029
f 1060//1060 1029//1029 1030//1030
f 1030//1030 1032//1032 1031//1031
f 1030//1030 1031//1031 1060//1060
f 987//987 1032//1032 1030//1030
f 1062//1062 1035//1035 967//967
f 1033//1033 1076//1076 1077//1077
f 1031//1031 1032//1032 1063//1063
f 1032//1032 1034//1034 1063//1063
f 1034//1034 1064//1064 1063//1063
f 1073//1073 1065//1065 1033//1033
f 1032//1032 986//986 1034//1034
f 1033//1033 988//988 989//989
f 1033//1033 989//989 1076//1076
f 1033//1033 1065//1065 988//988
f 1064//1064 988//988 1065//1065
f 1034//1034 988//988 1064//1064
f 990//990 1078//1078 991//991
f 1078//1078 990//990 992//992
f 1078//1078 992//992 1079//1079
f 992//992 1036//1036 1079//1079
f 1036//1036 993//993 1081//1081
f 1082//1082 1079//1079 1036//1036
f 1037//1037 1038//1038 957//957
f 1035//1035 1037//1037 929//929
f 1039//1039 933//933 1122//1122
f 933//933 1039//1039 996//996
f 1083//1083 994//994 958//958
f 1083//1083 958//958 995//995
f 1084//1084 1085//1085 959//959
f 1085//1085 1087//1087 959//959
f 1042//1042 1040//1040 1090//1090
f 1092//1092 1042//1042 1090//1090
f 1040//1040 1088//1088 1090//1090
f 1122//1122 1005//1005 1046//1046
f 1043//1043 967//967 1006//1006
f 1043//1043 1006//1006 1041//1041
f 967//967 1043//1043 1097//1097
f 1092//1092 1041//1041 1042//1042
f 1041//1041 1091//1091 1043//1043
f 1091//1091 1097//1097 1043//1043
f 1048//1048 1045//1045 1051//1051
f 1047//1047 1044//1044 1045//1045
f 1047//1047 1045//1045 1049//1049
f 1095//1095 1046//1046 1047//1047
f 1049//1049 1045//1045 1048//1048
f 1049//1049 1095//1095 1047//1047
f 1049//1049 1048//1048 1057//1057
f 1122//1122 1046//1046 1095//1095
f 1094//1094 1049//1049 1050//1050
f 1094//1094 1095//1095 1049//1049
f 1062//1062 967//967 1128//1128
f 967//967 1097//1097 1128//1128
f 1048//1048 1051//1051 1054//1054
f 1055//1055 1052//1052 1053//1053
f 1054//1054 1052//1052 1055//1055
f 1057//1057 1048//1048 1054//1054
f 1054//1054 1058//1058 1057//1057
f 1058//1058 1054//1054 1055//1055
f 1055//1055 1053//1053 1061//1061
f 1056//1056 1055//1055 1061//1061
f 1050//1050 1049//1049 1057//1057
f 1055//1055 1056//1056 1058//1058
f 1056//1056 1061//1061 1074//1074
f 1098//1098 1050//1050 1057//1057
f 1058//1058 1056//1056 1059//1059
f 1056//1056 1074//1074 1059//1059
f 1096//1096 1050//1050 1098//1098
f 1057//1057 1099//1099 1098//1098
f 1057//1057 1058//1058 1099//1099
f 1099//1099 1058//1058 1059//1059
f 1059//1059 1074//1074 1102//1102
f 1061//1061 1053//1053 1060//1060
f 1066//1066 1061//1061 1060//1060
f 1074//1074 1061//1061 1066//1066
f 1068//1068 1033//1033 1077//1077
f 1064//1064 1065//1065 1072//1072
f 1072//1072 1065//1065 1073//1073
f 1073//1073 1033//1033 1068//1068
f 1060//1060 1031//1031 1066//1066
f 1066//1066 1031//1031 1067//1067
f 1031//1031 1063//1063 1067//1067
f 1070//1070 1063//1063 1064//1064
f 1070//1070 1064//1064 1072//1072
f 1069//1069 1066//1066 1067//1067
f 1070//1070 1069//1069 1067//1067
f 1063//1063 1070//1070 1067//1067
f 1069//1069 1070//1070 1071//1071
f 1070//1070 1072//1072 1071//1071
f 1074//1074 1066//1066 1069//1069
f 1074//1074 1069//1069 1071//1071
f 1105//1105 1073//1073 1106//1106
f 1106//1106 1073//1073 1068//1068
f 1075//1075 1071//1071 1072//1072
f 1075//1075 1074//1074 1071//1071
f 1072//1072 1073//1073 1105//1105
f 1110//1110 1106//1106 1068//1068
f 1072//1072 1105//1105 1075//1075
f 1076//1076 991//991 1080//1080
f 1080//1080 991//991 1078//1078
f 1113//1113 1080//1080 1078//1078
f 1113//1113 1078//1078 1079//1079
f 1077//1077 1076//1076 1109//1109
f 1080//1080 1109//1109 1076//1076
f 1112//1112 1080//1080 1113//1113
f 1110//1110 1068//1068 1077//1077
f 1080//1080 1112//1112 1109//1109
f 1082//1082 1036//1036 1081//1081
f 1115//1115 1081//1081 1038//1038
f 1082//1082 1081//1081 1115//1115
f 996//996 1083//1083 995//995
f 996//996 1116//1116 1083//1083
f 1083//1083 1084//1084 994//994
f 1084//1084 1086//1086 1085//1085
f 1086//1086 1121//1121 1085//1085
f 1121//1121 1087//1087 1085//1085
f 1117//1117 1002//1002 1087//1087
f 1117//1117 1119//1119 1002//1002
f 1002//1002 1119//1119 1088//1088
f 1092//1092 1089//1089 1091//1091
f 1123//1123 1093//1093 1088//1088
f 1124//1124 1089//1089 1092//1092
f 1093//1093 1092//1092 1090//1090
f 1092//1092 1091//1091 1041//1041
f 1124//1124 1092//1092 1093//1093
f 1090//1090 1088//1088 1093//1093
f 1096//1096 1094//1094 1050//1050
f 1094//1094 1125//1125 1095//1095
f 1142//1142 1122//1122 1095//1095
f 1125//1125 1094//1094 1096//1096
f 1095//1095 1125//1125 1142//1142
f 1126//1126 1125//1125 1096//1096
f 1098//1098 1101//1101 1096//1096
f 1099//1099 1101//1101 1098//1098
f 1059//1059 1100//1100 1099//1099
f 1059//1059 1102//1102 1100//1100
f 1100//1100 1101//1101 1099//1099
f 1127//1127 1096//1096 1101//1101
f 1127//1127 1101//1101 1100//1100
f 1126//1126 1096//1096 1127//1127
f 1102//1102 1074//1074 1108//1108
f 1103//1103 1100//1100 1102//1102
f 1102//1102 1108//1108 1103//1103
f 1108//1108 1131//1131 1103//1103
f 1131//1131 1104//1104 1132//1132
f 1129//1129 1103//1103 1131//1131
f 1108//1108 1074//1074 1075//1075
f 1075//1075 1105//1105 1107//1107
f 1106//1106 1110//1110 1104//1104
f 1107//1107 1108//1108 1075//1075
f 1107//1107 1106//1106 1104//1104
f 1107//1107 1105//1105 1106//1106
f 1131//1131 1108//1108 1107//1107
f 1107//1107 1104//1104 1131//1131
f 1132//1132 1104//1104 1110//1110
f 1149//1149 1132//1132 1110//1110
f 1110//1110 1077//1077 1109//1109
f 1111//1111 1038//1038 1037//1037
f 1038//1038 1111//1111 1115//1115
f 1111//1111 1037//1037 1035//1035
f 1035//1035 1133//1133 1111//1111
f 1114//1114 1113//1113 1079//1079
f 1114//1114 1079//1079 1082//1082
f 1114//1114 1082//1082 1136//1136
f 1136//1136 1082//1082 1115//1115
f 996//996 1192//1192 1116//1116
f 1116//1116 1084//1084 1083//1083
f 1138//1138 1121//1121 1086//1086
f 1137//1137 1138//1138 1086//1086
f 1118//1118 1087//1087 1121//1121
f 1087//1087 1118//1118 1117//1117
f 1118//1118 1119//1119 1117//1117
f 1119//1119 1123//1123 1088//1088
f 1120//1120 1119//1119 1118//1118
f 1158//1158 1119//1119 1120//1120
f 1119//1119 1158//1158 1123//1123
f 1121//1121 1120//1120 1118//1118
f 1124//1124 1093//1093 1123//1123
f 1124//1124 1144//1144 1089//1089
f 1139//1139 1124//1124 1123//1123
f 1139//1139 1144//1144 1124//1124
f 1123//1123 1158//1158 1139//1139
f 1097//1097 1091//1091 1143//1143
f 1097//1097 1143//1143 1128//1128
f 1089//1089 1143//1143 1091//1091
f 1144//1144 1143//1143 1089//1089
f 1126//1126 1127//1127 1130//1130
f 1130//1130 1127//1127 1100//1100
f 1130//1130 1100//1100 1103//1103
f 1129//1129 1130//1130 1103//1103
f 1130//1130 1146//1146 1126//1126
f 1130//1130 1129//1129 1165//1165
f 1130//1130 1165//1165 1146//1146
f 1129//1129 1131//1131 1132//1132
f 1129//1129 1132//1132 1165//1165
f 1148//1148 1165//1165 1132//1132
f 1149//1149 1110//1110 1109//1109
f 1133//1133 1035//1035 1163//1163
f 1113//1113 1114//1114 1135//1135
f 1135//1135 1114//1114 1136//1136
f 1112//1112 1134//1134 1109//1109
f 1134//1134 1112//1112 1113//1113
f 1134//1134 1113//1113 1151//1151
f 1151//1151 1113//1113 1135//1135
f 1155//1155 1135//1135 1136//1136
f 1155//1155 1115//1115 1111//1111
f 1155//1155 1136//1136 1115//1115
f 1155//1155 1111//1111 1156//1156
f 1084//1084 1137//1137 1086//1086
f 1138//1138 1120//1120 1121//1121
f 1138//1138 1140//1140 1120//1120
f 1140//1140 1158//1158 1120//1120
f 1223//1223 1122//1122 1196//1196
f 1039//1039 1122//1122 1223//1223
f 1144//1144 1139//1139 1160//1160
f 1158//1158 1159//1159 1139//1139
f 1142//1142 1196//1196 1122//1122
f 1196//1196 1142//1142 1141//1141
f 1160//1160 1143//1143 1144//1144
f 1141//1141 1142//1142 1125//1125
f 1126//1126 1147//1147 1125//1125
f 1161//1161 1141//1141 1125//1125
f 1128//1128 1145//1145 1163//1163
f 1160//1160 1162//1162 1143//1143
f 1128//1128 1143//1143 1145//1145
f 1146//1146 1147//1147 1126//1126
f 1062//1062 1163//1163 1035//1035
f 1167//1167 1132//1132 1149//1149
f 1132//1132 1167//1167 1148//1148
f 1149//1149 1151//1151 1150//1150
f 1150//1150 1151//1151 1152//1152
f 1149//1149 1150//1150 1167//1167
f 1155//1155 1153//1153 1135//1135
f 1109//1109 1134//1134 1149//1149
f 1134//1134 1151//1151 1149//1149
f 1152//1152 1135//1135 1153//1153
f 1151//1151 1135//1135 1152//1152
f 1154//1154 1153//1153 1155//1155
f 1111//1111 1133//1133 1156//1156
f 1155//1155 1156//1156 1154//1154
f 1163//1163 1166//1166 1133//1133
f 1191//1191 1192//1192 996//996
f 1084//1084 1116//1116 1192//1192
f 1172//1172 1175//1175 1137//1137
f 1138//1138 1137//1137 1175//1175
f 1175//1175 1140//1140 1138//1138
f 1039//1039 1157//1157 996//996
f 996//996 1157//1157 1191//1191
f 1177//1177 1140//1140 1175//1175
f 1158//1158 1140//1140 1177//1177
f 1158//1158 1176//1176 1159//1159
f 1158//1158 1177//1177 1176//1176
f 1141//1141 1179//1179 1196//1196
f 1139//1139 1178//1178 1160//1160
f 1147//1147 1161//1161 1125//1125
f 1141//1141 1161//1161 1179//1179
f 1162//1162 1163//1163 1145//1145
f 1160//1160 1180//1180 1162//1162
f 1162//1162 1145//1145 1143//1143
f 1147//1147 1164//1164 1203//1203
f 1164//1164 1146//1146 1165//1165
f 1147//1147 1146//1146 1164//1164
f 1163//1163 1162//1162 1231//1231
f 1163//1163 1062//1062 1128//1128
f 1165//1165 1182//1182 1164//1164
f 1181//1181 1164//1164 1182//1182
f 1165//1165 1148//1148 1182//1182
f 1148//1148 1184//1184 1182//1182
f 1183//1183 1184//1184 1167//1167
f 1152//1152 1170//1170 1150//1150
f 1184//1184 1148//1148 1167//1167
f 1167//1167 1150//1150 1183//1183
f 1183//1183 1150//1150 1170//1170
f 1171//1171 1152//1152 1153//1153
f 1189//1189 1153//1153 1154//1154
f 1168//1168 1154//1154 1156//1156
f 1189//1189 1154//1154 1168//1168
f 1156//1156 1169//1169 1168//1168
f 1169//1169 1216//1216 1168//1168
f 1169//1169 1133//1133 1166//1166
f 1156//1156 1133//1133 1169//1169
f 1170//1170 1152//1152 1171//1171
f 1171//1171 1153//1153 1188//1188
f 1212//1212 1170//1170 1171//1171
f 1187//1187 1171//1171 1188//1188
f 1153//1153 1189//1189 1188//1188
f 1189//1189 1168//1168 1216//1216
f 1084//1084 1173//1173 1137//1137
f 1173//1173 1172//1172 1137//1137
f 1039//1039 1223//1223 1190//1190
f 1173//1173 1174//1174 1172//1172
f 1172//1172 1174//1174 1175//1175
f 1177//1177 1175//1175 1174//1174
f 1177//1177 1282//1282 1226//1226
f 1177//1177 1226//1226 1176//1176
f 1178//1178 1139//1139 1159//1159
f 1179//1179 1161//1161 1197//1197
f 1178//1178 1180//1180 1160//1160
f 1161//1161 1147//1147 1204//1204
f 1197//1197 1161//1161 1201//1201
f 1201//1201 1161//1161 1204//1204
f 1203//1203 1204//1204 1147//1147
f 1197//1197 1201//1201 1200//1200
f 1181//1181 1203//1203 1164//1164
f 1166//1166 1163//1163 1205//1205
f 1231//1231 1205//1205 1163//1163
f 1182//1182 1184//1184 1185//1185
f 1185//1185 1184//1184 1211//1211
f 1183//1183 1170//1170 1211//1211
f 1166//1166 1205//1205 1169//1169
f 1183//1183 1211//1211 1184//1184
f 1211//1211 1170//1170 1212//1212
f 1186//1186 1212//1212 1171//1171
f 1186//1186 1171//1171 1187//1187
f 1193//1193 1173//1173 1084//1084
f 1157//1157 1039//1039 1190//1190
f 1192//1192 1193//1193 1084//1084
f 1192//1192 1219//1219 1193//1193
f 1191//1191 1220//1220 1192//1192
f 1220//1220 1219//1219 1192//1192
f 1193//1193 1195//1195 1173//1173
f 1173//1173 1195//1195 1174//1174
f 1219//1219 1194//1194 1193//1193
f 1194//1194 1195//1195 1193//1193
f 1195//1195 1222//1222 1174//1174
f 1159//1159 1176//1176 1225//1225
f 1177//1177 1174//1174 1282//1282
f 1196//1196 1198//1198 1223//1223
f 1190//1190 1223//1223 1224//1224
f 1178//1178 1159//1159 1225//1225
f 1225//1225 1199//1199 1178//1178
f 1176//1176 1227//1227 1225//1225
f 1179//1179 1197//1197 1198//1198
f 1202//1202 1198//1198 1197//1197
f 1202//1202 1197//1197 1200//1200
f 1198//1198 1196//1196 1179//1179
f 1288//1288 1198//1198 1202//1202
f 1180//1180 1178//1178 1199//1199
f 1229//1229 1180//1180 1199//1199
f 1202//1202 1200//1200 1291//1291
f 1200//1200 1201//1201 1204//1204
f 1231//1231 1162//1162 1230//1230
f 1230//1230 1162//1162 1180//1180
f 1203//1203 1295//1295 1204//1204
f 1200//1200 1204//1204 1295//1295
f 1206//1206 1181//1181 1182//1182
f 1185//1185 1206//1206 1182//1182
f 1203//1203 1181//1181 1206//1206
f 1185//1185 1207//1207 1206//1206
f 1185//1185 1210//1210 1207//1207
f 1208//1208 1203//1203 1206//1206
f 1206//1206 1207//1207 1208//1208
f 1211//1211 1210//1210 1185//1185
f 1205//1205 1209//1209 1169//1169
f 1205//1205 1231//1231 1209//1209
f 1210//1210 1211//1211 1233//1233
f 1233//1233 1213//1213 1214//1214
f 1233//1233 1211//1211 1213//1213
f 1212//1212 1186//1186 1214//1214
f 1214//1214 1186//1186 1237//1237
f 1213//1213 1211//1211 1212//1212
f 1214//1214 1213//1213 1212//1212
f 1186//1186 1187//1187 1237//1237
f 1187//1187 1188//1188 1215//1215
f 1215//1215 1188//1188 1189//1189
f 1215//1215 1189//1189 1216//1216
f 1187//1187 1215//1215 1305//1305
f 1238//1238 1215//1215 1216//1216
f 1238//1238 1216//1216 1306//1306
f 1305//1305 1215//1215 1238//1238
f 1169//1169 1209//1209 1216//1216
f 1306//1306 1216//1216 1209//1209
f 1190//1190 1224//1224 1217//1217
f 1190//1190 1217//1217 1157//1157
f 1157//1157 1217//1217 1218//1218
f 1218//1218 1191//1191 1157//1157
f 1218//1218 1279//1279 1191//1191
f 1219//1219 1221//1221 1194//1194
f 1219//1219 1220//1220 1221//1221
f 1221//1221 1220//1220 1280//1280
f 1222//1222 1282//1282 1174//1174
f 1195//1195 1282//1282 1222//1222
f 1281//1281 1195//1195 1194//1194
f 1223//1223 1198//1198 1283//1283
f 1283//1283 1224//1224 1223//1223
f 1284//1284 1217//1217 1224//1224
f 1217//1217 1284//1284 1285//1285
f 1224//1224 1283//1283 1284//1284
f 1226//1226 1227//1227 1176//1176
f 1225//1225 1228//1228 1199//1199
f 1228//1228 1229//1229 1199//1199
f 1227//1227 1228//1228 1225//1225
f 1283//1283 1198//1198 1288//1288
f 1229//1229 1230//1230 1180//1180
f 1295//1295 1291//1291 1200//1200
f 1230//1230 1292//1292 1231//1231
f 1292//1292 1388//1388 1231//1231
f 1385//1385 1292//1292 1230//1230
f 1208//1208 1232//1232 1296//1296
f 1203//1203 1208//1208 1296//1296
f 1234//1234 1207//1207 1210//1210
f 1236//1236 1233//1233 1214//1214
f 1234//1234 1232//1232 1207//1207
f 1207//1207 1232//1232 1208//1208
f 1210//1210 1233//1233 1234//1234
f 1234//1234 1233//1233 1236//1236
f 1235//1235 1234//1234 1236//1236
f 1237//1237 1236//1236 1214//1214
f 1187//1187 1305//1305 1237//1237
f 1240//1240 1241//1241 1266//1266
f 1319//1319 1318//1318 1247//1247
f 1253//1253 1243//1243 1242//1242
f 1245//1245 1243//1243 1244//1244
f 1322//1322 1308//1308 1253//1253
f 1322//1322 1242//1242 1323//1323
f 1253//1253 1242//1242 1322//1322
f 1323//1323 1245//1245 1246//1246
f 1242//1242 1245//1245 1323//1323
f 1243//1243 1245//1245 1242//1242
f 1247//1247 1318//1318 1246//1246
f 1244//1244 1246//1246 1245//1245
f 1246//1246 1248//1248 1247//1247
f 1246//1246 1244//1244 1248//1248
f 1251//1251 1255//1255 1252//1252
f 1243//1243 1253//1253 1250//1250
f 1253//1253 1251//1251 1250//1250
f 1251//1251 1253//1253 1249//1249
f 1243//1243 1250//1250 1244//1244
f 1250//1250 1252//1252 1244//1244
f 1250//1250 1251//1251 1252//1252
f 1324//1324 1244//1244 1252//1252
f 1239//1239 1249//1249 1253//1253
f 1324//1324 1252//1252 1257//1257
f 1308//1308 1239//1239 1253//1253
f 1254//1254 1260//1260 1251//1251
f 1251//1251 1260//1260 1255//1255
f 1260//1260 1263//1263 1255//1255
f 1252//1252 1255//1255 1257//1257
f 1255//1255 1263//1263 1257//1257
f 1254//1254 1249//1249 1256//1256
f 1249//1249 1254//1254 1251//1251
f 1239//1239 1256//1256 1249//1249
f 1240//1240 1256//1256 1239//1239
f 1256//1256 1266//1266 1258//1258
f 1254//1254 1256//1256 1258//1258
f 1258//1258 1266//1266 1259//1259
f 1254//1254 1258//1258 1260//1260
f 1258//1258 1261//1261 1260//1260
f 1258//1258 1259//1259 1261//1261
f 1259//1259 1267//1267 1262//1262
f 1261//1261 1259//1259 1262//1262
f 1267//1267 1270//1270 1271//1271
f 1262//1262 1267//1267 1271//1271
f 1260//1260 1261//1261 1263//1263
f 1261//1261 1264//1264 1263//1263
f 1261//1261 1262//1262 1264//1264
f 1262//1262 1271//1271 1264//1264
f 1263//1263 1265//1265 1257//1257
f 1263//1263 1268//1268 1265//1265
f 1263//1263 1264//1264 1268//1268
f 1257//1257 1265//1265 1343//1343
f 1265//1265 1268//1268 1343//1343
f 1256//1256 1240//1240 1266//1266
f 1267//1267 1259//1259 1266//1266
f 1269//1269 1266//1266 1241//1241
f 1269//1269 1267//1267 1266//1266
f 1270//1270 1267//1267 1269//1269
f 1268//1268 1264//1264 1274//1274
f 1343//1343 1268//1268 1274//1274
f 1271//1271 1272//1272 1264//1264
f 1271//1271 1270//1270 1272//1272
f 1272//1272 1273//1273 1264//1264
f 1264//1264 1273//1273 1274//1274
f 1273//1273 1276//1276 1274//1274
f 1269//1269 1325//1325 1270//1270
f 1272//1272 1275//1275 1273//1273
f 1276//1276 1273//1273 1275//1275
f 1276//1276 1278//1278 1274//1274
f 1275//1275 1326//1326 1276//1276
f 1326//1326 1277//1277 1276//1276
f 1276//1276 1277//1277 1278//1278
f 1326//1326 1327//1327 1277//1277
f 1327//1327 1344//1344 1278//1278
f 1277//1277 1327//1327 1278//1278
f 1278//1278 1344//1344 1345//1345
f 1285//1285 1218//1218 1217//1217
f 1191//1191 1279//1279 1220//1220
f 1279//1279 1280//1280 1220//1220
f 1221//1221 1281//1281 1194//1194
f 1281//1281 1221//1221 1280//1280
f 1281//1281 1378//1378 1195//1195
f 1377//1377 1369//1369 1281//1281
f 1280//1280 1377//1377 1281//1281
f 1378//1378 1282//1282 1195//1195
f 1285//1285 1279//1279 1218//1218
f 1371//1371 1285//1285 1284//1284
f 1378//1378 1381//1381 1282//1282
f 1381//1381 1286//1286 1282//1282
f 1226//1226 1282//1282 1286//1286
f 1286//1286 1380//1380 1226//1226
f 1286//1286 1382//1382 1380//1380
f 1227//1227 1226//1226 1380//1380
f 1383//1383 1228//1228 1227//1227
f 1380//1380 1383//1383 1227//1227
f 1287//1287 1290//1290 1229//1229
f 1287//1287 1228//1228 1383//1383
f 1287//1287 1229//1229 1228//1228
f 1202//1202 1289//1289 1288//1288
f 1230//1230 1229//1229 1385//1385
f 1385//1385 1290//1290 1386//1386
f 1229//1229 1290//1290 1385//1385
f 1202//1202 1291//1291 1289//1289
f 1387//1387 1291//1291 1295//1295
f 1388//1388 1293//1293 1231//1231
f 1232//1232 1294//1294 1296//1296
f 1234//1234 1294//1294 1232//1232
f 1297//1297 1294//1294 1234//1234
f 1234//1234 1235//1235 1297//1297
f 1295//1295 1203//1203 1296//1296
f 1303//1303 1296//1296 1294//1294
f 1209//1209 1231//1231 1293//1293
f 1306//1306 1293//1293 1388//1388
f 1209//1209 1293//1293 1306//1306
f 1298//1298 1235//1235 1236//1236
f 1298//1298 1297//1297 1235//1235
f 1297//1297 1299//1299 1294//1294
f 1300//1300 1299//1299 1297//1297
f 1298//1298 1300//1300 1297//1297
f 1298//1298 1236//1236 1237//1237
f 1299//1299 1301//1301 1303//1303
f 1294//1294 1299//1299 1303//1303
f 1299//1299 1300//1300 1301//1301
f 1298//1298 1302//1302 1300//1300
f 1301//1301 1302//1302 1392//1392
f 1300//1300 1302//1302 1301//1301
f 1304//1304 1302//1302 1298//1298
f 1392//1392 1391//1391 1303//1303
f 1301//1301 1392//1392 1303//1303
f 1302//1302 1467//1467 1392//1392
f 1467//1467 1302//1302 1395//1395
f 1395//1395 1302//1302 1304//1304
f 1390//1390 1296//1296 1303//1303
f 1303//1303 1391//1391 1390//1390
f 1298//1298 1237//1237 1304//1304
f 1304//1304 1237//1237 1307//1307
f 1307//1307 1469//1469 1304//1304
f 1307//1307 1237//1237 1305//1305
f 1305//1305 1238//1238 1396//1396
f 1305//1305 1397//1397 1307//1307
f 1397//1397 1305//1305 1396//1396
f 1393//1393 1238//1238 1306//1306
f 1388//1388 1394//1394 1306//1306
f 1322//1322 1309//1309 1308//1308
f 1405//1405 1309//1309 1322//1322
f 1308//1308 1309//1309 1239//1239
f 1405//1405 1398//1398 1309//1309
f 1310//1310 1269//1269 1241//1241
f 1239//1239 1311//1311 1240//1240
f 1241//1241 1240//1240 1311//1311
f 1310//1310 1241//1241 1311//1311
f 1310//1310 1312//1312 1269//1269
f 1313//1313 1310//1310 1311//1311
f 1325//1325 1269//1269 1312//1312
f 1313//1313 1312//1312 1310//1310
f 1312//1312 1314//1314 1325//1325
f 1313//1313 1314//1314 1312//1312
f 1331//1331 1333//1333 1315//1315
f 1339//1339 1336//1336 1319//1319
f 1337//1337 1317//1317 1320//1320
f 1319//1319 1337//1337 1320//1320
f 1332//1332 1331//1331 1337//1337
f 1337//1337 1319//1319 1336//1336
f 1317//1317 1337//1337 1331//1331
f 1316//1316 1320//1320 1317//1317
f 1331//1331 1315//1315 1317//1317
f 1247//1247 1324//1324 1340//1340
f 1319//1319 1247//1247 1339//1339
f 1320//1320 1321//1321 1318//1318
f 1318//1318 1319//1319 1320//1320
f 1321//1321 1320//1320 1316//1316
f 1322//1322 1323//1323 1405//1405
f 1318//1318 1405//1405 1323//1323
f 1246//1246 1318//1318 1323//1323
f 1324//1324 1248//1248 1244//1244
f 1247//1247 1248//1248 1324//1324
f 1405//1405 1318//1318 1321//1321
f 1325//1325 1272//1272 1270//1270
f 1275//1275 1272//1272 1325//1325
f 1325//1325 1328//1328 1275//1275
f 1326//1326 1275//1275 1328//1328
f 1326//1326 1328//1328 1327//1327
f 1327//1327 1346//1346 1344//1344
f 1325//1325 1406//1406 1328//1328
f 1329//1329 1328//1328 1406//1406
f 1327//1327 1328//1328 1329//1329
f 1346//1346 1327//1327 1329//1329
f 1329//1329 1406//1406 1330//1330
f 1330//1330 1348//1348 1329//1329
f 1330//1330 1482//1482 1348//1348
f 1348//1348 1482//1482 1351//1351
f 1332//1332 1333//1333 1331//1331
f 1333//1333 1332//1332 1334//1334
f 1335//1335 1334//1334 1332//1332
f 3845//3845 1332//1332 1411//1411
f 1338//1338 1411//1411 1332//1332
f 1340//1340 1411//1411 1338//1338
f 1407//1407 1334//1334 1410//1410
f 1407//1407 1333//1333 1334//1334
f 1410//1410 1334//1334 1335//1335
f 1411//1411 1412//1412 3845//3845
f 1411//1411 1340//1340 1428//1428
f 1337//1337 1336//1336 1338//1338
f 1339//1339 1338//1338 1336//1336
f 1340//1340 1338//1338 1339//1339
f 1337//1337 1338//1338 1332//1332
f 1339//1339 1247//1247 1340//1340
f 1340//1340 1324//1324 1341//1341
f 1340//1340 1341//1341 1342//1342
f 1257//1257 1341//1341 1324//1324
f 1341//1341 1257//1257 1342//1342
f 1430//1430 1342//1342 1343//1343
f 1342//1342 1257//1257 1343//1343
f 1343//1343 1274//1274 1278//1278
f 1343//1343 1278//1278 1358//1358
f 1345//1345 1358//1358 1278//1278
f 1359//1359 1358//1358 1345//1345
f 1346//1346 1347//1347 1345//1345
f 1344//1344 1346//1346 1345//1345
f 1346//1346 1348//1348 1347//1347
f 1347//1347 1350//1350 1345//1345
f 1349//1349 1350//1350 1347//1347
f 1347//1347 1348//1348 1349//1349
f 1329//1329 1348//1348 1346//1346
f 1351//1351 1349//1349 1348//1348
f 1350//1350 1349//1349 1351//1351
f 1345//1345 1350//1350 1352//1352
f 1354//1354 1351//1351 1355//1355
f 1350//1350 1351//1351 1354//1354
f 1350//1350 1353//1353 1352//1352
f 1354//1354 1356//1356 1353//1353
f 1350//1350 1354//1354 1353//1353
f 1482//1482 1355//1355 1351//1351
f 1354//1354 1355//1355 1357//1357
f 1357//1357 1356//1356 1354//1354
f 1352//1352 1359//1359 1345//1345
f 1352//1352 1360//1360 1359//1359
f 1352//1352 1353//1353 3846//3846
f 1353//1353 1361//1361 3846//3846
f 1353//1353 1356//1356 1361//1361
f 1357//1357 1364//1364 1356//1356
f 1364//1364 1361//1361 1356//1356
f 1364//1364 1587//1587 1366//1366
f 1357//1357 1587//1587 1364//1364
f 1361//1361 1362//1362 3846//3846
f 1362//1362 1361//1361 1364//1364
f 1362//1362 1363//1363 3846//3846
f 1364//1364 1366//1366 1363//1363
f 1362//1362 1364//1364 1363//1363
f 1359//1359 1360//1360 1365//1365
f 1365//1365 1360//1360 1367//1367
f 3847//3847 3846//3846 1363//1363
f 3848//3848 1363//1363 1366//1366
f 1587//1587 1433//1433 1366//1366
f 1366//1366 1434//1434 3848//3848
f 1433//1433 1434//1434 1366//1366
f 1365//1365 1439//1439 1359//1359
f 1367//1367 1368//1368 1365//1365
f 3850//3850 3849//3849 1451//1451
f 1378//1378 1281//1281 1369//1369
f 1379//1379 1369//1369 1377//1377
f 1283//1283 1370//1370 1284//1284
f 1370//1370 1373//1373 1284//1284
f 1371//1371 1372//1372 1285//1285
f 1372//1372 1279//1279 1285//1285
f 1372//1372 1376//1376 1279//1279
f 1373//1373 1371//1371 1284//1284
f 1371//1371 1374//1374 1372//1372
f 1373//1373 1374//1374 1371//1371
f 1372//1372 1375//1375 1376//1376
f 1374//1374 1375//1375 1372//1372
f 1374//1374 1452//1452 1375//1375
f 1453//1453 1374//1374 1373//1373
f 1374//1374 1453//1453 1452//1452
f 1279//1279 1376//1376 1280//1280
f 1376//1376 1377//1377 1280//1280
f 1543//1543 1381//1381 1378//1378
f 1369//1369 1379//1379 1378//1378
f 1379//1379 1459//1459 1378//1378
f 1455//1455 1379//1379 1377//1377
f 1459//1459 1542//1542 1378//1378
f 1542//1542 1543//1543 1378//1378
f 1381//1381 1547//1547 1286//1286
f 1382//1382 1286//1286 1547//1547
f 1380//1380 1382//1382 1548//1548
f 1547//1547 1548//1548 1382//1382
f 1549//1549 1283//1283 1288//1288
f 1463//1463 1380//1380 1548//1548
f 1383//1383 1380//1380 1463//1463
f 1644//1644 1383//1383 1463//1463
f 1464//1464 1290//1290 1287//1287
f 1464//1464 1386//1386 1290//1290
f 1292//1292 1384//1384 1388//1388
f 1384//1384 1292//1292 1385//1385
f 1386//1386 1384//1384 1385//1385
f 1554//1554 1384//1384 1386//1386
f 1464//1464 1551//1551 1386//1386
f 1291//1291 1387//1387 1466//1466
f 1466//1466 1387//1387 1389//1389
f 1389//1389 1296//1296 1390//1390
f 1295//1295 1389//1389 1387//1387
f 1389//1389 1295//1295 1296//1296
f 1395//1395 1304//1304 1469//1469
f 1391//1391 1392//1392 1559//1559
f 1559//1559 1392//1392 1467//1467
f 1394//1394 1393//1393 1306//1306
f 1561//1561 1393//1393 1394//1394
f 1395//1395 1469//1469 1468//1468
f 1467//1467 1395//1395 1468//1468
f 1307//1307 1471//1471 1469//1469
f 1471//1471 1307//1307 1397//1397
f 1238//1238 1393//1393 1396//1396
f 1393//1393 1568//1568 1396//1396
f 1398//1398 1479//1479 1472//1472
f 1398//1398 1399//1399 1309//1309
f 1472//1472 1399//1399 1398//1398
f 1239//1239 1399//1399 1311//1311
f 1239//1239 1309//1309 1399//1399
f 1399//1399 1473//1473 1311//1311
f 1400//1400 1311//1311 1473//1473
f 1311//1311 1400//1400 1313//1313
f 1314//1314 1400//1400 1477//1477
f 1479//1479 1404//1404 1402//1402
f 1405//1405 1321//1321 1316//1316
f 1405//1405 1316//1316 1404//1404
f 1404//1404 1479//1479 1398//1398
f 1404//1404 1398//1398 1405//1405
f 1314//1314 1313//1313 1400//1400
f 1325//1325 1314//1314 1477//1477
f 1401//1401 1325//1325 1477//1477
f 1406//1406 1325//1325 1401//1401
f 1401//1401 1476//1476 1406//1406
f 1406//1406 1476//1476 1330//1330
f 1330//1330 1476//1476 1481//1481
f 1330//1330 1481//1481 1482//1482
f 1407//1407 1315//1315 1333//1333
f 1484//1484 1407//1407 1416//1416
f 1484//1484 1403//1403 1407//1407
f 1485//1485 1484//1484 1416//1416
f 1317//1317 1315//1315 1402//1402
f 1404//1404 1317//1317 1402//1402
f 1403//1403 1315//1315 1407//1407
f 1403//1403 1402//1402 1315//1315
f 1317//1317 1404//1404 1316//1316
f 1355//1355 1584//1584 1357//1357
f 1410//1410 1418//1418 1416//1416
f 1416//1416 1407//1407 1410//1410
f 1410//1410 1335//1335 1414//1414
f 1414//1414 1335//1335 3851//3851
f 1411//1411 1428//1428 1413//1413
f 1418//1418 1410//1410 1414//1414
f 1412//1412 1413//1413 1415//1415
f 3851//3851 3852//3852 1414//1414
f 1412//1412 1411//1411 1413//1413
f 1418//1418 1414//1414 1419//1419
f 1419//1419 1414//1414 1417//1417
f 1414//1414 3852//3852 1417//1417
f 1413//1413 1428//1428 1415//1415
f 1421//1421 1417//1417 3852//3852
f 1418//1418 1419//1419 1420//1420
f 1419//1419 1417//1417 1408//1408
f 1408//1408 1417//1417 1421//1421
f 1416//1416 1418//1418 1485//1485
f 1485//1485 1418//1418 1420//1420
f 1409//1409 1419//1419 1408//1408
f 1420//1420 1419//1419 1409//1409
f 1487//1487 1485//1485 1420//1420
f 1587//1587 1357//1357 1584//1584
f 1428//1428 3853//3853 1415//1415
f 3853//3853 1428//1428 1429//1429
f 1408//1408 1421//1421 1422//1422
f 1429//1429 1423//1423 3853//3853
f 1421//1421 3854//3854 1422//1422
f 1425//1425 1408//1408 1422//1422
f 1424//1424 1422//1422 3854//3854
f 1429//1429 3855//3855 1423//1423
f 3855//3855 1429//1429 1427//1427
f 1409//1409 1408//1408 1425//1425
f 1426//1426 1425//1425 1422//1422
f 1426//1426 1422//1422 1424//1424
f 1424//1424 3856//3856 1426//1426
f 1499//1499 1427//1427 1429//1429
f 1490//1490 1425//1425 1426//1426
f 1490//1490 1426//1426 3856//3856
f 1428//1428 1340//1340 1508//1508
f 1429//1429 1428//1428 1508//1508
f 1508//1508 1340//1340 1342//1342
f 1508//1508 1342//1342 1430//1430
f 1508//1508 1430//1430 1519//1519
f 1430//1430 1343//1343 1432//1432
f 1431//1431 1430//1430 1432//1432
f 1519//1519 1430//1430 1431//1431
f 1358//1358 1432//1432 1343//1343
f 1358//1358 1438//1438 1432//1432
f 1523//1523 1431//1431 1432//1432
f 1438//1438 1358//1358 1439//1439
f 1439//1439 1358//1358 1359//1359
f 1439//1439 1365//1365 1368//1368
f 3861//3861 3848//3848 1434//1434
f 1435//1435 1434//1434 1587//1587
f 1434//1434 1433//1433 1587//1587
f 3861//3861 1436//1436 1494//1494
f 1436//1436 1434//1434 1435//1435
f 1434//1434 1436//1436 3861//3861
f 1435//1435 1437//1437 1436//1436
f 1437//1437 1495//1495 1436//1436
f 1437//1437 1489//1489 1495//1495
f 1435//1435 1489//1489 1437//1437
f 1523//1523 1432//1432 1438//1438
f 1523//1523 1519//1519 1431//1431
f 1439//1439 1529//1529 1438//1438
f 1529//1529 1439//1439 1445//1445
f 1529//1529 1445//1445 1530//1530
f 1439//1439 1368//1368 1441//1441
f 1440//1440 1441//1441 1368//1368
f 3857//3857 3850//3850 1451//1451
f 1441//1441 1440//1440 1442//1442
f 1441//1441 1445//1445 1439//1439
f 3858//3858 1443//1443 3859//3859
f 3858//3858 3861//3861 1443//1443
f 1445//1445 1441//1441 1444//1444
f 1447//1447 1445//1445 1444//1444
f 1441//1441 1442//1442 1444//1444
f 1449//1449 1443//1443 3861//3861
f 1447//1447 3860//3860 1446//1446
f 1446//1446 3860//3860 3859//3859
f 1530//1530 1445//1445 1447//1447
f 1450//1450 1443//1443 1449//1449
f 1450//1450 3859//3859 1443//1443
f 1450//1450 1446//1446 3859//3859
f 1530//1530 1447//1447 1448//1448
f 1446//1446 1510//1510 1447//1447
f 1510//1510 1446//1446 1450//1450
f 1530//1530 1448//1448 1509//1509
f 1509//1509 1448//1448 1510//1510
f 1448//1448 1447//1447 1510//1510
f 1494//1494 1449//1449 3861//3861
f 1370//1370 1453//1453 1373//1373
f 1375//1375 1452//1452 1457//1457
f 1454//1454 1452//1452 1453//1453
f 1452//1452 1539//1539 1457//1457
f 1452//1452 1454//1454 1539//1539
f 1454//1454 1453//1453 1545//1545
f 1545//1545 1539//1539 1454//1454
f 1376//1376 1455//1455 1377//1377
f 1457//1457 1376//1376 1375//1375
f 1457//1457 1456//1456 1376//1376
f 1456//1456 1455//1455 1376//1376
f 1455//1455 1456//1456 1458//1458
f 1458//1458 1460//1460 1455//1455
f 1456//1456 1540//1540 1458//1458
f 1541//1541 1460//1460 1458//1458
f 1457//1457 1540//1540 1456//1456
f 1539//1539 1540//1540 1457//1457
f 1459//1459 1379//1379 1455//1455
f 1460//1460 1459//1459 1455//1455
f 1541//1541 1459//1459 1460//1460
f 1541//1541 1542//1542 1459//1459
f 1283//1283 1549//1549 1461//1461
f 1550//1550 1461//1461 1549//1549
f 1550//1550 1462//1462 1461//1461
f 1283//1283 1461//1461 1370//1370
f 1370//1370 1462//1462 1453//1453
f 1370//1370 1461//1461 1462//1462
f 1453//1453 1544//1544 1545//1545
f 1462//1462 1544//1544 1453//1453
f 1543//1543 1547//1547 1381//1381
f 1644//1644 1287//1287 1383//1383
f 1288//1288 1465//1465 1549//1549
f 1643//1643 1464//1464 1287//1287
f 1551//1551 1464//1464 1643//1643
f 1465//1465 1288//1288 1289//1289
f 1289//1289 1553//1553 1465//1465
f 1291//1291 1552//1552 1289//1289
f 1291//1291 1466//1466 1552//1552
f 1552//1552 1466//1466 1555//1555
f 1554//1554 1388//1388 1384//1384
f 1715//1715 1466//1466 1389//1389
f 1389//1389 1647//1647 1715//1715
f 1647//1647 1389//1389 1390//1390
f 1391//1391 1557//1557 1390//1390
f 1646//1646 1561//1561 1388//1388
f 1558//1558 1559//1559 1467//1467
f 1468//1468 1469//1469 1564//1564
f 1469//1469 1470//1470 1564//1564
f 1558//1558 1467//1467 1564//1564
f 1468//1468 1564//1564 1467//1467
f 1566//1566 1471//1471 1397//1397
f 1470//1470 1469//1469 1471//1471
f 1393//1393 1561//1561 1568//1568
f 1566//1566 1397//1397 1567//1567
f 1397//1397 1396//1396 1567//1567
f 1396//1396 1568//1568 1567//1567
f 1399//1399 1472//1472 1473//1473
f 1474//1474 1400//1400 1473//1473
f 1400//1400 1474//1474 1477//1477
f 1574//1574 1477//1477 1474//1474
f 1477//1477 1575//1575 1401//1401
f 1569//1569 1577//1577 1575//1575
f 1575//1575 1477//1477 1569//1569
f 1401//1401 1575//1575 1476//1476
f 1480//1480 1475//1475 1402//1402
f 1479//1479 1402//1402 1475//1475
f 1403//1403 1484//1484 1478//1478
f 1486//1486 1478//1478 1484//1484
f 1486//1486 1485//1485 1488//1488
f 1480//1480 1402//1402 1403//1403
f 1579//1579 1480//1480 1403//1403
f 1579//1579 1403//1403 1478//1478
f 1483//1483 1482//1482 1481//1481
f 1476//1476 1580//1580 1481//1481
f 1483//1483 1585//1585 1482//1482
f 1481//1481 1580//1580 1483//1483
f 1585//1585 1584//1584 1355//1355
f 1486//1486 1484//1484 1485//1485
f 1488//1488 1485//1485 1487//1487
f 1590//1590 1487//1487 1409//1409
f 1585//1585 1355//1355 1482//1482
f 1435//1435 1587//1587 1489//1489
f 1490//1490 1491//1491 1425//1425
f 1491//1491 1409//1409 1425//1425
f 1487//1487 1420//1420 1409//1409
f 1591//1591 1490//1490 1492//1492
f 1492//1492 1490//1490 3856//3856
f 3862//3862 1492//1492 3856//3856
f 1499//1499 1429//1429 1502//1502
f 1591//1591 1491//1491 1490//1490
f 1591//1591 1492//1492 1493//1493
f 1493//1493 1492//1492 1500//1500
f 1500//1500 1492//1492 3862//3862
f 1493//1493 1500//1500 1592//1592
f 1592//1592 1591//1591 1493//1493
f 1502//1502 1429//1429 1508//1508
f 1594//1594 1517//1517 1498//1498
f 1495//1495 1494//1494 1436//1436
f 1496//1496 1495//1495 1489//1489
f 1495//1495 1496//1496 1494//1494
f 1497//1497 1449//1449 1494//1494
f 1497//1497 1494//1494 1496//1496
f 1498//1498 1497//1497 1496//1496
f 1501//1501 1500//1500 3862//3862
f 1501//1501 1499//1499 1502//1502
f 1502//1502 1504//1504 1501//1501
f 1592//1592 1500//1500 1501//1501
f 1508//1508 1505//1505 1502//1502
f 1502//1502 1505//1505 1504//1504
f 1504//1504 1503//1503 1501//1501
f 1503//1503 1504//1504 1506//1506
f 1507//1507 1506//1506 1504//1504
f 1505//1505 3863//3863 1504//1504
f 1592//1592 1501//1501 1503//1503
f 1503//1503 1593//1593 1592//1592
f 1506//1506 1593//1593 1503//1503
f 1593//1593 1506//1506 1596//1596
f 1506//1506 1507//1507 1596//1596
f 1507//1507 1606//1606 1596//1596
f 1523//1523 1521//1521 1519//1519
f 1529//1529 1523//1523 1438//1438
f 1523//1523 1529//1529 1531//1531
f 1513//1513 1516//1516 1538//1538
f 1602//1602 1516//1516 1603//1603
f 1516//1516 1602//1602 1538//1538
f 1511//1511 1450//1450 1449//1449
f 1511//1511 1510//1510 1450//1450
f 1449//1449 1514//1514 1511//1511
f 1514//1514 1515//1515 1511//1511
f 1513//1513 1509//1509 1512//1512
f 1512//1512 1509//1509 1510//1510
f 1511//1511 1512//1512 1510//1510
f 1449//1449 1497//1497 1514//1514
f 1515//1515 1512//1512 1511//1511
f 1515//1515 1516//1516 1512//1512
f 1512//1512 1516//1516 1513//1513
f 1498//1498 1514//1514 1497//1497
f 1498//1498 1517//1517 1514//1514
f 1515//1515 1514//1514 1517//1517
f 1516//1516 1515//1515 1603//1603
f 1603//1603 1515//1515 1517//1517
f 1604//1604 1606//1606 1507//1507
f 3866//3866 3863//3863 1505//1505
f 1505//1505 1518//1518 3866//3866
f 1605//1605 3866//3866 1518//1518
f 1505//1505 1508//1508 1518//1518
f 1518//1518 1508//1508 1611//1611
f 1610//1610 1605//1605 1518//1518
f 1611//1611 1610//1610 1518//1518
f 1612//1612 1605//1605 1610//1610
f 1611//1611 1508//1508 1519//1519
f 1520//1520 1519//1519 1521//1521
f 1622//1622 1611//1611 1519//1519
f 1520//1520 1622//1622 1519//1519
f 1613//1613 1611//1611 1622//1622
f 1522//1522 1520//1520 1521//1521
f 3864//3864 1527//1527 1629//1629
f 1523//1523 1531//1531 1524//1524
f 1521//1521 1523//1523 1524//1524
f 1522//1522 1521//1521 1524//1524
f 1531//1531 1526//1526 1524//1524
f 3865//3865 1531//1531 1532//1532
f 1532//1532 1525//1525 3865//3865
f 1524//1524 1526//1526 1522//1522
f 1527//1527 3864//3864 3865//3865
f 1528//1528 3865//3865 1525//1525
f 1536//1536 1528//1528 1525//1525
f 1527//1527 3865//3865 1528//1528
f 1536//1536 1631//1631 1528//1528
f 1629//1629 1527//1527 1632//1632
f 1632//1632 1527//1527 1528//1528
f 1529//1529 1530//1530 1531//1531
f 1530//1530 1509//1509 1537//1537
f 1532//1532 1531//1531 1530//1530
f 1532//1532 1530//1530 1537//1537
f 1538//1538 1533//1533 1537//1537
f 1533//1533 1532//1532 1537//1537
f 1525//1525 1532//1532 1534//1534
f 1533//1533 1534//1534 1532//1532
f 1602//1602 1637//1637 1538//1538
f 1637//1637 1533//1533 1538//1538
f 1533//1533 1637//1637 1535//1535
f 1525//1525 1534//1534 1536//1536
f 1535//1535 1536//1536 1534//1534
f 1535//1535 1534//1534 1533//1533
f 1599//1599 1637//1637 1602//1602
f 1535//1535 1638//1638 1536//1536
f 1537//1537 1509//1509 1513//1513
f 1538//1538 1537//1537 1513//1513
f 1546//1546 1458//1458 1540//1540
f 1539//1539 1639//1639 1540//1540
f 1540//1540 1639//1639 1546//1546
f 1546//1546 1541//1541 1458//1458
f 1640//1640 1462//1462 1550//1550
f 1544//1544 1462//1462 1640//1640
f 1545//1545 1639//1639 1539//1539
f 1542//1542 1707//1707 1543//1543
f 1642//1642 1548//1548 1547//1547
f 1642//1642 1641//1641 1548//1548
f 1463//1463 1548//1548 1641//1641
f 1644//1644 1463//1463 1641//1641
f 1549//1549 1465//1465 1645//1645
f 1640//1640 1550//1550 1549//1549
f 1553//1553 1645//1645 1465//1465
f 1551//1551 1554//1554 1386//1386
f 1644//1644 1643//1643 1287//1287
f 1552//1552 1556//1556 1289//1289
f 1556//1556 1553//1553 1289//1289
f 1552//1552 1555//1555 1556//1556
f 1716//1716 1555//1555 1466//1466
f 1556//1556 1555//1555 1716//1716
f 1716//1716 1466//1466 1715//1715
f 1646//1646 1388//1388 1554//1554
f 1557//1557 1647//1647 1390//1390
f 1388//1388 1561//1561 1394//1394
f 1560//1560 1649//1649 1557//1557
f 1562//1562 1649//1649 1560//1560
f 1557//1557 1648//1648 1647//1647
f 1649//1649 1648//1648 1557//1557
f 1559//1559 1557//1557 1391//1391
f 1557//1557 1559//1559 1560//1560
f 1558//1558 1560//1560 1559//1559
f 1560//1560 1558//1558 1562//1562
f 1725//1725 1568//1568 1561//1561
f 1558//1558 1563//1563 1562//1562
f 1564//1564 1563//1563 1558//1558
f 1563//1563 1564//1564 1565//1565
f 1470//1470 1565//1565 1564//1564
f 1565//1565 1470//1470 1471//1471
f 1565//1565 1471//1471 1655//1655
f 1655//1655 1471//1471 1566//1566
f 1656//1656 1566//1566 1567//1567
f 1568//1568 1657//1657 1567//1567
f 1725//1725 1657//1657 1568//1568
f 1730//1730 1573//1573 1661//1661
f 1572//1572 1658//1658 1474//1474
f 1574//1574 1569//1569 1477//1477
f 1659//1659 1569//1569 1574//1574
f 1472//1472 1479//1479 1571//1571
f 1660//1660 1571//1571 1570//1570
f 1571//1571 1661//1661 1472//1472
f 1661//1661 1573//1573 1472//1472
f 1472//1472 1572//1572 1473//1473
f 1472//1472 1573//1573 1572//1572
f 1572//1572 1573//1573 1730//1730
f 1474//1474 1473//1473 1572//1572
f 1474//1474 1658//1658 1574//1574
f 1575//1575 1576//1576 1476//1476
f 1576//1576 1580//1580 1476//1476
f 1575//1575 1577//1577 1576//1576
f 1663//1663 1577//1577 1569//1569
f 1663//1663 1576//1576 1577//1577
f 1670//1670 1671//1671 1580//1580
f 1578//1578 1579//1579 1581//1581
f 1678//1678 1579//1579 1578//1578
f 1583//1583 1578//1578 1581//1581
f 1674//1674 1678//1678 1578//1578
f 1578//1578 1583//1583 1674//1674
f 1475//1475 1480//1480 1667//1667
f 1667//1667 1480//1480 1579//1579
f 1475//1475 1570//1570 1571//1571
f 1570//1570 1475//1475 1667//1667
f 1668//1668 1667//1667 1579//1579
f 1678//1678 1668//1668 1579//1579
f 1571//1571 1479//1479 1475//1475
f 1483//1483 1580//1580 1671//1671
f 1581//1581 1478//1478 1486//1486
f 1581//1581 1486//1486 1488//1488
f 1488//1488 1582//1582 1581//1581
f 1581//1581 1579//1579 1478//1478
f 1583//1583 1581//1581 1582//1582
f 1679//1679 1583//1583 1582//1582
f 1679//1679 1582//1582 1586//1586
f 1679//1679 1674//1674 1583//1583
f 1681//1681 1679//1679 1586//1586
f 1682//1682 1587//1587 1584//1584
f 1586//1586 1488//1488 1487//1487
f 1586//1586 1487//1487 1590//1590
f 1582//1582 1488//1488 1586//1586
f 1680//1680 1586//1586 1590//1590
f 1681//1681 1586//1586 1680//1680
f 1686//1686 1594//1594 1498//1498
f 1588//1588 1489//1489 1587//1587
f 1496//1496 1489//1489 1588//1588
f 1682//1682 1588//1588 1587//1587
f 1683//1683 1588//1588 1682//1682
f 1589//1589 1588//1588 1683//1683
f 1589//1589 1496//1496 1588//1588
f 1589//1589 1498//1498 1496//1496
f 1686//1686 1498//1498 1589//1589
f 1590//1590 1409//1409 1491//1491
f 1590//1590 1491//1491 1591//1591
f 1592//1592 1689//1689 1591//1591
f 1593//1593 1689//1689 1592//1592
f 1693//1693 1600//1600 1595//1595
f 1687//1687 1595//1595 1594//1594
f 1596//1596 1606//1606 1597//1597
f 1596//1596 1692//1692 1593//1593
f 1621//1621 1768//1768 1694//1694
f 1636//1636 1601//1601 1700//1700
f 1595//1595 1600//1600 1599//1599
f 1602//1602 1603//1603 1595//1595
f 1595//1595 1599//1599 1602//1602
f 1594//1594 1595//1595 1603//1603
f 1517//1517 1594//1594 1603//1603
f 1606//1606 1604//1604 1607//1607
f 1607//1607 1604//1604 1609//1609
f 3867//3867 1609//1609 1604//1604
f 1609//1609 3867//3867 3868//3868
f 1606//1606 1607//1607 1608//1608
f 1608//1608 1607//1607 1609//1609
f 1608//1608 1609//1609 1614//1614
f 1614//1614 1609//1609 3869//3869
f 1606//1606 1608//1608 1597//1597
f 1613//1613 1610//1610 1611//1611
f 1612//1612 1610//1610 1613//1613
f 1614//1614 3869//3869 3870//3870
f 1615//1615 1614//1614 3870//3870
f 1616//1616 1615//1615 3870//3870
f 1608//1608 1614//1614 1598//1598
f 1614//1614 1615//1615 1617//1617
f 1617//1617 1615//1615 1618//1618
f 1618//1618 1615//1615 1616//1616
f 1619//1619 1618//1618 1616//1616
f 1597//1597 1608//1608 1598//1598
f 1598//1598 1614//1614 1617//1617
f 1617//1617 1618//1618 1621//1621
f 1618//1618 1620//1620 1621//1621
f 1619//1619 1620//1620 1618//1618
f 1621//1621 1620//1620 1695//1695
f 1598//1598 1617//1617 1621//1621
f 1621//1621 1695//1695 1768//1768
f 3871//3871 1613//1613 1622//1622
f 1622//1622 1623//1623 3871//3871
f 1623//1623 1622//1622 1624//1624
f 1625//1625 1619//1619 1616//1616
f 1626//1626 3872//3872 1624//1624
f 1625//1625 1616//1616 3872//3872
f 1626//1626 1625//1625 3872//3872
f 1625//1625 1626//1626 1627//1627
f 1625//1625 1620//1620 1619//1619
f 1627//1627 1620//1620 1625//1625
f 1624//1624 1701//1701 1626//1626
f 1701//1701 1627//1627 1626//1626
f 1695//1695 1620//1620 1627//1627
f 1701//1701 1696//1696 1627//1627
f 1520//1520 1522//1522 1622//1622
f 1628//1628 1629//1629 1624//1624
f 1629//1629 1635//1635 1624//1624
f 1622//1622 3864//3864 1628//1628
f 3864//3864 1629//1629 1628//1628
f 1624//1624 1635//1635 1630//1630
f 1622//1622 1628//1628 1624//1624
f 1701//1701 1624//1624 1630//1630
f 1698//1698 1630//1630 1636//1636
f 1631//1631 1638//1638 1633//1633
f 1536//1536 1638//1638 1631//1631
f 1635//1635 1632//1632 1634//1634
f 1632//1632 1631//1631 1634//1634
f 1633//1633 1634//1634 1631//1631
f 1632//1632 1635//1635 1629//1629
f 1528//1528 1631//1631 1632//1632
f 1634//1634 1636//1636 1635//1635
f 1635//1635 1636//1636 1630//1630
f 1636//1636 1634//1634 1633//1633
f 1633//1633 1601//1601 1636//1636
f 1637//1637 1599//1599 1638//1638
f 1638//1638 1535//1535 1637//1637
f 1633//1633 1638//1638 1599//1599
f 1633//1633 1599//1599 1601//1601
f 1545//1545 1702//1702 1639//1639
f 1546//1546 1705//1705 1541//1541
f 1705//1705 1706//1706 1541//1541
f 1542//1542 1541//1541 1706//1706
f 1707//1707 1542//1542 1706//1706
f 1703//1703 1546//1546 1639//1639
f 1705//1705 1546//1546 1703//1703
f 1707//1707 1547//1547 1543//1543
f 1642//1642 1547//1547 1707//1707
f 1640//1640 1708//1708 1544//1544
f 1640//1640 1549//1549 1781//1781
f 1708//1708 1545//1545 1544//1544
f 1711//1711 1642//1642 1707//1707
f 1642//1642 1709//1709 1641//1641
f 1710//1710 1644//1644 1641//1641
f 1641//1641 1709//1709 1710//1710
f 1549//1549 1645//1645 1781//1781
f 1644//1644 1712//1712 1643//1643
f 1556//1556 1645//1645 1553//1553
f 1714//1714 1646//1646 1554//1554
f 1645//1645 1556//1556 1716//1716
f 1802//1802 1715//1715 1801//1801
f 1647//1647 1719//1719 1801//1801
f 1725//1725 1561//1561 1726//1726
f 1653//1653 1562//1562 1563//1563
f 1650//1650 1649//1649 1562//1562
f 1651//1651 1648//1648 1649//1649
f 1650//1650 1651//1651 1649//1649
f 1653//1653 1650//1650 1562//1562
f 1648//1648 1651//1651 1718//1718
f 1650//1650 1653//1653 1651//1651
f 1724//1724 1718//1718 1651//1651
f 1651//1651 1653//1653 1724//1724
f 1648//1648 1719//1719 1647//1647
f 1648//1648 1718//1718 1719//1719
f 1565//1565 1654//1654 1563//1563
f 1726//1726 1561//1561 1800//1800
f 1652//1652 1653//1653 1563//1563
f 1654//1654 1565//1565 1655//1655
f 1652//1652 1563//1563 1654//1654
f 1655//1655 1652//1652 1654//1654
f 1729//1729 1655//1655 1566//1566
f 1566//1566 1656//1656 1729//1729
f 1567//1567 1657//1657 1656//1656
f 1657//1657 1873//1873 1656//1656
f 1657//1657 1725//1725 1873//1873
f 1658//1658 1572//1572 1730//1730
f 1663//1663 1823//1823 1664//1664
f 1660//1660 1732//1732 1661//1661
f 1732//1732 1730//1730 1661//1661
f 1658//1658 1659//1659 1574//1574
f 1569//1569 1659//1659 1663//1663
f 1663//1663 1662//1662 1576//1576
f 1663//1663 1664//1664 1662//1662
f 1670//1670 1662//1662 1664//1664
f 1670//1670 1664//1664 1665//1665
f 1664//1664 1736//1736 1665//1665
f 1666//1666 1672//1672 1665//1665
f 1823//1823 1736//1736 1664//1664
f 1736//1736 1823//1823 1733//1733
f 1736//1736 1826//1826 1666//1666
f 1665//1665 1736//1736 1666//1666
f 1738//1738 1672//1672 1666//1666
f 1668//1668 1678//1678 1669//1669
f 1734//1734 1570//1570 1667//1667
f 1734//1734 1660//1660 1570//1570
f 1734//1734 1667//1667 1735//1735
f 1735//1735 1667//1667 1668//1668
f 1669//1669 1675//1675 1737//1737
f 1735//1735 1668//1668 1669//1669
f 1830//1830 1735//1735 1669//1669
f 1830//1830 1669//1669 1737//1737
f 1661//1661 1571//1571 1660//1660
f 1670//1670 1580//1580 1576//1576
f 1662//1662 1670//1670 1576//1576
f 1665//1665 1671//1671 1670//1670
f 1672//1672 1671//1671 1665//1665
f 1672//1672 1483//1483 1671//1671
f 1672//1672 1585//1585 1483//1483
f 1672//1672 1673//1673 1585//1585
f 1673//1673 1584//1584 1585//1585
f 1738//1738 1673//1673 1672//1672
f 1673//1673 1740//1740 1739//1739
f 1739//1739 1584//1584 1673//1673
f 1674//1674 1679//1679 1676//1676
f 1669//1669 1678//1678 1675//1675
f 1676//1676 1675//1675 1674//1674
f 1675//1675 1678//1678 1674//1674
f 1677//1677 1676//1676 1679//1679
f 1675//1675 1676//1676 1737//1737
f 1739//1739 1749//1749 1682//1682
f 1739//1739 1682//1682 1584//1584
f 1677//1677 1679//1679 1681//1681
f 1743//1743 1677//1677 1681//1681
f 1682//1682 1749//1749 1683//1683
f 1680//1680 1590//1590 1684//1684
f 1684//1684 1590//1590 1591//1591
f 1684//1684 1591//1591 1685//1685
f 1685//1685 1756//1756 1684//1684
f 1748//1748 1762//1762 1688//1688
f 1687//1687 1594//1594 1686//1686
f 1748//1748 1687//1687 1747//1747
f 1748//1748 1688//1688 1687//1687
f 1686//1686 1589//1589 1683//1683
f 1747//1747 1687//1687 1686//1686
f 1685//1685 1591//1591 1689//1689
f 1690//1690 1689//1689 1692//1692
f 1689//1689 1691//1691 1685//1685
f 1689//1689 1690//1690 1691//1691
f 1763//1763 1691//1691 1690//1690
f 1690//1690 1692//1692 1763//1763
f 1692//1692 1764//1764 1763//1763
f 1762//1762 1693//1693 1595//1595
f 1688//1688 1762//1762 1595//1595
f 1688//1688 1595//1595 1687//1687
f 1689//1689 1593//1593 1692//1692
f 1601//1601 1774//1774 1700//1700
f 1693//1693 1775//1775 1601//1601
f 1762//1762 1767//1767 1693//1693
f 1693//1693 1767//1767 1775//1775
f 1597//1597 1692//1692 1596//1596
f 1694//1694 1598//1598 1621//1621
f 1694//1694 1768//1768 1769//1769
f 1697//1697 1768//1768 1695//1695
f 1598//1598 1769//1769 1597//1597
f 1769//1769 1598//1598 1694//1694
f 1701//1701 1699//1699 1696//1696
f 1696//1696 1697//1697 1695//1695
f 1700//1700 1698//1698 1636//1636
f 1699//1699 1701//1701 1698//1698
f 1698//1698 1701//1701 1630//1630
f 1698//1698 1700//1700 1699//1699
f 1699//1699 1770//1770 1696//1696
f 1772//1772 1770//1770 1699//1699
f 1700//1700 1772//1772 1699//1699
f 1700//1700 1774//1774 1772//1772
f 1601//1601 1600//1600 1693//1693
f 1599//1599 1600//1600 1601//1601
f 1696//1696 1695//1695 1627//1627
f 1702//1702 1852//1852 1704//1704
f 1702//1702 1704//1704 1639//1639
f 1639//1639 1704//1704 1703//1703
f 1703//1703 1777//1777 1705//1705
f 1777//1777 1703//1703 1704//1704
f 1708//1708 1640//1640 1783//1783
f 1640//1640 1781//1781 1783//1783
f 1702//1702 1545//1545 1708//1708
f 1708//1708 1851//1851 1702//1702
f 1851//1851 1852//1852 1702//1702
f 1777//1777 1704//1704 1852//1852
f 1777//1777 1776//1776 1705//1705
f 1776//1776 1706//1706 1705//1705
f 1847//1847 1707//1707 1706//1706
f 1709//1709 1642//1642 1711//1711
f 1778//1778 1709//1709 1711//1711
f 1709//1709 1778//1778 1785//1785
f 1858//1858 1781//1781 1645//1645
f 1712//1712 1713//1713 1643//1643
f 1784//1784 1644//1644 1710//1710
f 1784//1784 1712//1712 1644//1644
f 1785//1785 1710//1710 1709//1709
f 1712//1712 1784//1784 1787//1787
f 1797//1797 1858//1858 1645//1645
f 1713//1713 1551//1551 1643//1643
f 1713//1713 1798//1798 1551//1551
f 1798//1798 1554//1554 1551//1551
f 1797//1797 1645//1645 1799//1799
f 1799//1799 1861//1861 1797//1797
f 1798//1798 1714//1714 1554//1554
f 1716//1716 1715//1715 1802//1802
f 1717//1717 1645//1645 1716//1716
f 1799//1799 1645//1645 1717//1717
f 1715//1715 1647//1647 1801//1801
f 1561//1561 1646//1646 1800//1800
f 1719//1719 1718//1718 1722//1722
f 1723//1723 1801//1801 1719//1719
f 1718//1718 1721//1721 1722//1722
f 1727//1727 1720//1720 1653//1653
f 1722//1722 1723//1723 1719//1719
f 1720//1720 1721//1721 1724//1724
f 1653//1653 1720//1720 1724//1724
f 1809//1809 1722//1722 1721//1721
f 1807//1807 1809//1809 1721//1721
f 1721//1721 1720//1720 1807//1807
f 1720//1720 1727//1727 1807//1807
f 1722//1722 1803//1803 1723//1723
f 1803//1803 1804//1804 1723//1723
f 1655//1655 1728//1728 1652//1652
f 1727//1727 1652//1652 1728//1728
f 1718//1718 1724//1724 1721//1721
f 1652//1652 1727//1727 1653//1653
f 1880//1880 1729//1729 1656//1656
f 1880//1880 1656//1656 1873//1873
f 1726//1726 1874//1874 1725//1725
f 1873//1873 1725//1725 1874//1874
f 1728//1728 1811//1811 1727//1727
f 1814//1814 1811//1811 1728//1728
f 1728//1728 1655//1655 1729//1729
f 1732//1732 1822//1822 1730//1730
f 1658//1658 1818//1818 1659//1659
f 1818//1818 1658//1658 1819//1819
f 1818//1818 1824//1824 1659//1659
f 1659//1659 1824//1824 1663//1663
f 1663//1663 1824//1824 1823//1823
f 1731//1731 1732//1732 1660//1660
f 1828//1828 1731//1731 1734//1734
f 1821//1821 1732//1732 1820//1820
f 1732//1732 1821//1821 1822//1822
f 1828//1828 1734//1734 1735//1735
f 1827//1827 1828//1828 1735//1735
f 1827//1827 1735//1735 1830//1830
f 1734//1734 1731//1731 1660//1660
f 1826//1826 1736//1736 1733//1733
f 1738//1738 1666//1666 1826//1826
f 1829//1829 1738//1738 1826//1826
f 1829//1829 1740//1740 1738//1738
f 1737//1737 1742//1742 1898//1898
f 1898//1898 1830//1830 1737//1737
f 1740//1740 1673//1673 1738//1738
f 1741//1741 1739//1739 1740//1740
f 1741//1741 1749//1749 1739//1739
f 2012//2012 1749//1749 1741//1741
f 2015//2015 1749//1749 2012//2012
f 2015//2015 1750//1750 1749//1749
f 1831//1831 1750//1750 2015//2015
f 1742//1742 1676//1676 1677//1677
f 1742//1742 1677//1677 1743//1743
f 1742//1742 1737//1737 1676//1676
f 1753//1753 1833//1833 1743//1743
f 1744//1744 1742//1742 1743//1743
f 1833//1833 1744//1744 1743//1743
f 1745//1745 1686//1686 1683//1683
f 1745//1745 1683//1683 1749//1749
f 1746//1746 1686//1686 1745//1745
f 1686//1686 1746//1746 1747//1747
f 1749//1749 1746//1746 1745//1745
f 1747//1747 1746//1746 1750//1750
f 1750//1750 1746//1746 1749//1749
f 1831//1831 1747//1747 1750//1750
f 1751//1751 1743//1743 1681//1681
f 1681//1681 1680//1680 1751//1751
f 1752//1752 1680//1680 1684//1684
f 1753//1753 1743//1743 1751//1751
f 1752//1752 1751//1751 1680//1680
f 1684//1684 1756//1756 1752//1752
f 1753//1753 1751//1751 1752//1752
f 1755//1755 1756//1756 1757//1757
f 1754//1754 1753//1753 1752//1752
f 1754//1754 1752//1752 1756//1756
f 1754//1754 1756//1756 1755//1755
f 1753//1753 1754//1754 1833//1833
f 1835//1835 1833//1833 1754//1754
f 1835//1835 1754//1754 1755//1755
f 1755//1755 1757//1757 1834//1834
f 1685//1685 1757//1757 1756//1756
f 1691//1691 1757//1757 1685//1685
f 1758//1758 1757//1757 1691//1691
f 1691//1691 1760//1760 1758//1758
f 1758//1758 1759//1759 1757//1757
f 1757//1757 1759//1759 1834//1834
f 1760//1760 1759//1759 1758//1758
f 1839//1839 1759//1759 1760//1760
f 1762//1762 1761//1761 1767//1767
f 1761//1761 1762//1762 1748//1748
f 1760//1760 1763//1763 1764//1764
f 1763//1763 1760//1760 1691//1691
f 1764//1764 1769//1769 1765//1765
f 1765//1765 1837//1837 1764//1764
f 1765//1765 1769//1769 1766//1766
f 1841//1841 1765//1765 1766//1766
f 1766//1766 1771//1771 1845//1845
f 1772//1772 1962//1962 1773//1773
f 1761//1761 1844//1844 1774//1774
f 1774//1774 1844//1844 1772//1772
f 1597//1597 1764//1764 1692//1692
f 1697//1697 1771//1771 1768//1768
f 1597//1597 1769//1769 1764//1764
f 1769//1769 1768//1768 1766//1766
f 1770//1770 1771//1771 1697//1697
f 1696//1696 1770//1770 1697//1697
f 1773//1773 1771//1771 1770//1770
f 1768//1768 1771//1771 1766//1766
f 1773//1773 1845//1845 1771//1771
f 1772//1772 1773//1773 1770//1770
f 1601//1601 1775//1775 1774//1774
f 1775//1775 1761//1761 1774//1774
f 1767//1767 1761//1761 1775//1775
f 1777//1777 1852//1852 1846//1846
f 1706//1706 1776//1776 1847//1847
f 1780//1780 1707//1707 1847//1847
f 1853//1853 1780//1780 1847//1847
f 1779//1779 1711//1711 1707//1707
f 1711//1711 1779//1779 1778//1778
f 1779//1779 1788//1788 1778//1778
f 1778//1778 1788//1788 1785//1785
f 1780//1780 1779//1779 1707//1707
f 1780//1780 1791//1791 1779//1779
f 1779//1779 1791//1791 1788//1788
f 1791//1791 1780//1780 1792//1792
f 1781//1781 1782//1782 1783//1783
f 1782//1782 1850//1850 1783//1783
f 1781//1781 1858//1858 1782//1782
f 1783//1783 1851//1851 1708//1708
f 1785//1785 1786//1786 1710//1710
f 1786//1786 1784//1784 1710//1710
f 1786//1786 1787//1787 1784//1784
f 1786//1786 1785//1785 1788//1788
f 1787//1787 1796//1796 1712//1712
f 1789//1789 1786//1786 1788//1788
f 1786//1786 1790//1790 1787//1787
f 1786//1786 1789//1789 1790//1790
f 1789//1789 1788//1788 1791//1791
f 1794//1794 1790//1790 1789//1789
f 1794//1794 1795//1795 1790//1790
f 1795//1795 1787//1787 1790//1790
f 1789//1789 1791//1791 1793//1793
f 1791//1791 1792//1792 1793//1793
f 1794//1794 1789//1789 1793//1793
f 1795//1795 1796//1796 1787//1787
f 1780//1780 1857//1857 1792//1792
f 1792//1792 1857//1857 1793//1793
f 1794//1794 1793//1793 1855//1855
f 1793//1793 1857//1857 1855//1855
f 1795//1795 1794//1794 1856//1856
f 1794//1794 1855//1855 1856//1856
f 1859//1859 1795//1795 1856//1856
f 1795//1795 1859//1859 1796//1796
f 1796//1796 1713//1713 1712//1712
f 1859//1859 1713//1713 1796//1796
f 1797//1797 1861//1861 1858//1858
f 1713//1713 1913//1913 1798//1798
f 1714//1714 1864//1864 1646//1646
f 1916//1916 1714//1714 1798//1798
f 1916//1916 1864//1864 1714//1714
f 1862//1862 1717//1717 1716//1716
f 1799//1799 1717//1717 1862//1862
f 1800//1800 1646//1646 1864//1864
f 1801//1801 1723//1723 1804//1804
f 1870//1870 1802//1802 1801//1801
f 1801//1801 1804//1804 1870//1870
f 1924//1924 1870//1870 1804//1804
f 1800//1800 1923//1923 1806//1806
f 1809//1809 1803//1803 1722//1722
f 1804//1804 1803//1803 1805//1805
f 1805//1805 1803//1803 1809//1809
f 1805//1805 1924//1924 1804//1804
f 1800//1800 1806//1806 1726//1726
f 1726//1726 1806//1806 1874//1874
f 1874//1874 1806//1806 1875//1875
f 1808//1808 1807//1807 1727//1727
f 1813//1813 1809//1809 1807//1807
f 1811//1811 1808//1808 1727//1727
f 1813//1813 1807//1807 1810//1810
f 1810//1810 1808//1808 1811//1811
f 1810//1810 1807//1807 1808//1808
f 1813//1813 1810//1810 1812//1812
f 1812//1812 1811//1811 1815//1815
f 1812//1812 1810//1810 1811//1811
f 1814//1814 1815//1815 1811//1811
f 1809//1809 1813//1813 1805//1805
f 1813//1813 1812//1812 1876//1876
f 1878//1878 1876//1876 1812//1812
f 1812//1812 1815//1815 1878//1878
f 1805//1805 1813//1813 1872//1872
f 1728//1728 1729//1729 1814//1814
f 1880//1880 1816//1816 1729//1729
f 1815//1815 1814//1814 1729//1729
f 1815//1815 1729//1729 1816//1816
f 1817//1817 1822//1822 1891//1891
f 1819//1819 1730//1730 1817//1817
f 1658//1658 1730//1730 1819//1819
f 1819//1819 1885//1885 1818//1818
f 1818//1818 1882//1882 1824//1824
f 1824//1824 1882//1882 1886//1886
f 1893//1893 1825//1825 1892//1892
f 1887//1887 1892//1892 1886//1886
f 1822//1822 1817//1817 1730//1730
f 1823//1823 1825//1825 1733//1733
f 1733//1733 1825//1825 1826//1826
f 1824//1824 1886//1886 1823//1823
f 1823//1823 1886//1886 1892//1892
f 1823//1823 1892//1892 1825//1825
f 1825//1825 1893//1893 1826//1826
f 1893//1893 1829//1829 1826//1826
f 1898//1898 1896//1896 1830//1830
f 1895//1895 1828//1828 1827//1827
f 1732//1732 1731//1731 1820//1820
f 1830//1830 1895//1895 1827//1827
f 1820//1820 1828//1828 1895//1895
f 1820//1820 1731//1731 1828//1828
f 1896//1896 1895//1895 1830//1830
f 1829//1829 1741//1741 1740//1740
f 1744//1744 1898//1898 1742//1742
f 1899//1899 1898//1898 1744//1744
f 1899//1899 1833//1833 1955//1955
f 1952//1952 1832//1832 1831//1831
f 1952//1952 1831//1831 2022//2022
f 2022//2022 1831//1831 2015//2015
f 1744//1744 1833//1833 1899//1899
f 1835//1835 1955//1955 1833//1833
f 1901//1901 1955//1955 1835//1835
f 1747//1747 1831//1831 1748//1748
f 1832//1832 1761//1761 1748//1748
f 1832//1832 1748//1748 1831//1831
f 1834//1834 1835//1835 1755//1755
f 1834//1834 1839//1839 1836//1836
f 1836//1836 1838//1838 1834//1834
f 1838//1838 1835//1835 1834//1834
f 1838//1838 1836//1836 1900//1900
f 1836//1836 1837//1837 1900//1900
f 1900//1900 1837//1837 1840//1840
f 1759//1759 1839//1839 1834//1834
f 1839//1839 1760//1760 1836//1836
f 1760//1760 1764//1764 1836//1836
f 1836//1836 1764//1764 1837//1837
f 1840//1840 1765//1765 1841//1841
f 1837//1837 1765//1765 1840//1840
f 1844//1844 1962//1962 1772//1772
f 1761//1761 1963//1963 1844//1844
f 1766//1766 1845//1845 1842//1842
f 1843//1843 1845//1845 1773//1773
f 1842//1842 1841//1841 1766//1766
f 1843//1843 1842//1842 1845//1845
f 1773//1773 1962//1962 1843//1843
f 1777//1777 1848//1848 1776//1776
f 1847//1847 1776//1776 1848//1848
f 1777//1777 1849//1849 1848//1848
f 1777//1777 1846//1846 1849//1849
f 1782//1782 1858//1858 1850//1850
f 1850//1850 1858//1858 1906//1906
f 1907//1907 1850//1850 1906//1906
f 1850//1850 1851//1851 1783//1783
f 1852//1852 1851//1851 2030//2030
f 1851//1851 1850//1850 1907//1907
f 1852//1852 2030//2030 1846//1846
f 1846//1846 1904//1904 1849//1849
f 1853//1853 1847//1847 1848//1848
f 1853//1853 1848//1848 1849//1849
f 1849//1849 1904//1904 1853//1853
f 1853//1853 1905//1905 1854//1854
f 1853//1853 1854//1854 1780//1780
f 1854//1854 1857//1857 1780//1780
f 1856//1856 1910//1910 1909//1909
f 1855//1855 1857//1857 1910//1910
f 1855//1855 1910//1910 1856//1856
f 1908//1908 1906//1906 1858//1858
f 1859//1859 1856//1856 1860//1860
f 1909//1909 1860//1860 1856//1856
f 1858//1858 1911//1911 1908//1908
f 1858//1858 1861//1861 1912//1912
f 1858//1858 1912//1912 1911//1911
f 1913//1913 1713//1713 1859//1859
f 1862//1862 1861//1861 1799//1799
f 1862//1862 1863//1863 1861//1861
f 1913//1913 1916//1916 1798//1798
f 1863//1863 1862//1862 1918//1918
f 1861//1861 1863//1863 1915//1915
f 1869//1869 1800//1800 1864//1864
f 1916//1916 1869//1869 1864//1864
f 1871//1871 1865//1865 1870//1870
f 1866//1866 1865//1865 1871//1871
f 1866//1866 1868//1868 1865//1865
f 1866//1866 1917//1917 1868//1868
f 1716//1716 1867//1867 1862//1862
f 1867//1867 1716//1716 1802//1802
f 1862//1862 1867//1867 1918//1918
f 1865//1865 1802//1802 1870//1870
f 1867//1867 1802//1802 1865//1865
f 1867//1867 1868//1868 1918//1918
f 1868//1868 1867//1867 1865//1865
f 1869//1869 1923//1923 1800//1800
f 1924//1924 1871//1871 1870//1870
f 1871//1871 1924//1924 1925//1925
f 1813//1813 1928//1928 1872//1872
f 1928//1928 1805//1805 1872//1872
f 1924//1924 1805//1805 1930//1930
f 1930//1930 1805//1805 1928//1928
f 1931//1931 1874//1874 1875//1875
f 1876//1876 1929//1929 1813//1813
f 1815//1815 1877//1877 1878//1878
f 1815//1815 1816//1816 1879//1879
f 1877//1877 1815//1815 1879//1879
f 1880//1880 1879//1879 1816//1816
f 1873//1873 1874//1874 1931//1931
f 1937//1937 1879//1879 1880//1880
f 1992//1992 1884//1884 1883//1883
f 1881//1881 1939//1939 1885//1885
f 1883//1883 1882//1882 1885//1885
f 1883//1883 1884//1884 1882//1882
f 1944//1944 1889//1889 1888//1888
f 1820//1820 1948//1948 1890//1890
f 1948//1948 1820//1820 1949//1949
f 1890//1890 1942//1942 1943//1943
f 1817//1817 1891//1891 1943//1943
f 1890//1890 1943//1943 1891//1891
f 1881//1881 1817//1817 1943//1943
f 1885//1885 1819//1819 1817//1817
f 1885//1885 1817//1817 1881//1881
f 1885//1885 1882//1882 1818//1818
f 1884//1884 1886//1886 1882//1882
f 1886//1886 1888//1888 1887//1887
f 1886//1886 1884//1884 1888//1888
f 1888//1888 1889//1889 1887//1887
f 1889//1889 1893//1893 1892//1892
f 1887//1887 1889//1889 1892//1892
f 1894//1894 1893//1893 1950//1950
f 1821//1821 1820//1820 1890//1890
f 1891//1891 1821//1821 1890//1890
f 1822//1822 1821//1821 1891//1891
f 1949//1949 1820//1820 1895//1895
f 2011//2011 1896//1896 2016//2016
f 2011//2011 1895//1895 1896//1896
f 1894//1894 1829//1829 1893//1893
f 1894//1894 1741//1741 1829//1829
f 2012//2012 1741//1741 1894//1894
f 2016//2016 1896//1896 1898//1898
f 1897//1897 1898//1898 1899//1899
f 2016//2016 1898//1898 1897//1897
f 1953//1953 1899//1899 1955//1955
f 1761//1761 1832//1832 1954//1954
f 1963//1963 1761//1761 1954//1954
f 1903//1903 1902//1902 1900//1900
f 1901//1901 1835//1835 1838//1838
f 1838//1838 1902//1902 1901//1901
f 1838//1838 1900//1900 1902//1902
f 1902//1902 1956//1956 1901//1901
f 1956//1956 1902//1902 1903//1903
f 1903//1903 1841//1841 1961//1961
f 1961//1961 1841//1841 1842//1842
f 1840//1840 1903//1903 1900//1900
f 1903//1903 1840//1840 1841//1841
f 1851//1851 1907//1907 2030//2030
f 1905//1905 1853//1853 1904//1904
f 1905//1905 1966//1966 1854//1854
f 1854//1854 1967//1967 1857//1857
f 1966//1966 1967//1967 1854//1854
f 1971//1971 1860//1860 1909//1909
f 1971//1971 1859//1859 1860//1860
f 1910//1910 1974//1974 1909//1909
f 1967//1967 1910//1910 1857//1857
f 1974//1974 1970//1970 1909//1909
f 1909//1909 1970//1970 1971//1971
f 1912//1912 1908//1908 1911//1911
f 2038//2038 1908//1908 1912//1912
f 1913//1913 1859//1859 1914//1914
f 1971//1971 1972//1972 1859//1859
f 1973//1973 1971//1971 1970//1970
f 1859//1859 1975//1975 1914//1914
f 1975//1975 1913//1913 1914//1914
f 2038//2038 1861//1861 1915//1915
f 1913//1913 1976//1976 1916//1916
f 1916//1916 1976//1976 1920//1920
f 1975//1975 1976//1976 1913//1913
f 1868//1868 1917//1917 1918//1918
f 1919//1919 1918//1918 1917//1917
f 1922//1922 1917//1917 1866//1866
f 1917//1917 1978//1978 1919//1919
f 1863//1863 1918//1918 1915//1915
f 1919//1919 1915//1915 1918//1918
f 1920//1920 1869//1869 1916//1916
f 1921//1921 1866//1866 1871//1871
f 1921//1921 1871//1871 1925//1925
f 1922//1922 1866//1866 1921//1921
f 1978//1978 1917//1917 1922//1922
f 1875//1875 1806//1806 1923//1923
f 1925//1925 1924//1924 1930//1930
f 1926//1926 1925//1925 1930//1930
f 1983//1983 1925//1925 1926//1926
f 1931//1931 1875//1875 1927//1927
f 1923//1923 1927//1927 1875//1875
f 1813//1813 1929//1929 1928//1928
f 1986//1986 1930//1930 1928//1928
f 1933//1933 1878//1878 1877//1877
f 1933//1933 1876//1876 1878//1878
f 1929//1929 1876//1876 1988//1988
f 1933//1933 1877//1877 1934//1934
f 1929//1929 1987//1987 1928//1928
f 1929//1929 1988//1988 1987//1987
f 1988//1988 1876//1876 1932//1932
f 1933//1933 1932//1932 1876//1876
f 1928//1928 1987//1987 1986//1986
f 1932//1932 1933//1933 2061//2061
f 2061//2061 1933//1933 1934//1934
f 1934//1934 1935//1935 2055//2055
f 1879//1879 1934//1934 1877//1877
f 1935//1935 1934//1934 1879//1879
f 1879//1879 1937//1937 1935//1935
f 1935//1935 1937//1937 2055//2055
f 1936//1936 1880//1880 1873//1873
f 1937//1937 1880//1880 1936//1936
f 1931//1931 1991//1991 1873//1873
f 1931//1931 1990//1990 1991//1991
f 1936//1936 1873//1873 1991//1991
f 1996//1996 1883//1883 1885//1885
f 1993//1993 1992//1992 1883//1883
f 1940//1940 1884//1884 1992//1992
f 1938//1938 1939//1939 1881//1881
f 1939//1939 1996//1996 1885//1885
f 1941//1941 1888//1888 1940//1940
f 1884//1884 1940//1940 1888//1888
f 1944//1944 1941//1941 1998//1998
f 2000//2000 1944//1944 1998//1998
f 2000//2000 1946//1946 1944//1944
f 1948//1948 2004//2004 1942//1942
f 2002//2002 1949//1949 1947//1947
f 2010//2010 2002//2002 1947//1947
f 2004//2004 1943//1943 1942//1942
f 1938//1938 1943//1943 2004//2004
f 1938//1938 1881//1881 1943//1943
f 1941//1941 1944//1944 1888//1888
f 1944//1944 1893//1893 1889//1889
f 1944//1944 1946//1946 1893//1893
f 1950//1950 1893//1893 1946//1946
f 1945//1945 1950//1950 1946//1946
f 1947//1947 1895//1895 2010//2010
f 2010//2010 1895//1895 2011//2011
f 1890//1890 1948//1948 1942//1942
f 1945//1945 1894//1894 1950//1950
f 2013//2013 2012//2012 1894//1894
f 2013//2013 1894//1894 1945//1945
f 1947//1947 1949//1949 1895//1895
f 2018//2018 1897//1897 1951//1951
f 1953//1953 2023//2023 1951//1951
f 2023//2023 2018//2018 1951//1951
f 1899//1899 1953//1953 1897//1897
f 1953//1953 1951//1951 1897//1897
f 1954//1954 1832//1832 1952//1952
f 2027//2027 1955//1955 1901//1901
f 1956//1956 2027//2027 1901//1901
f 1903//1903 1957//1957 1956//1956
f 1957//1957 1903//1903 1961//1961
f 1959//1959 1842//1842 1843//1843
f 1957//1957 1961//1961 1958//1958
f 1957//1957 1958//1958 2094//2094
f 1961//1961 1959//1959 1958//1958
f 1843//1843 1962//1962 1960//1960
f 1962//1962 2101//2101 1960//1960
f 2099//2099 1959//1959 1960//1960
f 1960//1960 1959//1959 1843//1843
f 2028//2028 2101//2101 1962//1962
f 1963//1963 2028//2028 1964//1964
f 1964//1964 2028//2028 1962//1962
f 1842//1842 1959//1959 1961//1961
f 1964//1964 1844//1844 1963//1963
f 1962//1962 1844//1844 1964//1964
f 1906//1906 1968//1968 1907//1907
f 1908//1908 1968//1968 1906//1906
f 1907//1907 1969//1969 2030//2030
f 1966//1966 1905//1905 1904//1904
f 1965//1965 1966//1966 1904//1904
f 1846//1846 1965//1965 1904//1904
f 1910//1910 1967//1967 1974//1974
f 2038//2038 2036//2036 1908//1908
f 1908//1908 2036//2036 1968//1968
f 2036//2036 2029//2029 1968//1968
f 1968//1968 2029//2029 1969//1969
f 1969//1969 1907//1907 1968//1968
f 2032//2032 1974//1974 1967//1967
f 1970//1970 1974//1974 1973//1973
f 1973//1973 1972//1972 1971//1971
f 1972//1972 1973//1973 2037//2037
f 1974//1974 2035//2035 1973//1973
f 1973//1973 2035//2035 2037//2037
f 1974//1974 2033//2033 2035//2035
f 1859//1859 1972//1972 1975//1975
f 2037//2037 1975//1975 1972//1972
f 1977//1977 1976//1976 1975//1975
f 2037//2037 1977//1977 1975//1975
f 1861//1861 2038//2038 1912//1912
f 1919//1919 2043//2043 1915//1915
f 1920//1920 1981//1981 1869//1869
f 2040//2040 1920//1920 1976//1976
f 1922//1922 1979//1979 1978//1978
f 1980//1980 1919//1919 1978//1978
f 1980//1980 1978//1978 1979//1979
f 1979//1979 1922//1922 1982//1982
f 1982//1982 1922//1922 1921//1921
f 1980//1980 2043//2043 1919//1919
f 2042//2042 2043//2043 1980//1980
f 1979//1979 2135//2135 2046//2046
f 2046//2046 1980//1980 1979//1979
f 1923//1923 1869//1869 1981//1981
f 1920//1920 2044//2044 1981//1981
f 1983//1983 1926//1926 1985//1985
f 1982//1982 1921//1921 1925//1925
f 1982//1982 1925//1925 1983//1983
f 2135//2135 1979//1979 1982//1982
f 1923//1923 1984//1984 1927//1927
f 1923//1923 1981//1981 1984//1984
f 2049//2049 1983//1983 1985//1985
f 2050//2050 1985//1985 1986//1986
f 1982//1982 1983//1983 2051//2051
f 2051//2051 1983//1983 2049//2049
f 1926//1926 1930//1930 1986//1986
f 1985//1985 1926//1926 1986//1986
f 1927//1927 2052//2052 1990//1990
f 1927//1927 1984//1984 2052//2052
f 1986//1986 1987//1987 1989//1989
f 1988//1988 1989//1989 1987//1987
f 1991//1991 2057//2057 1936//1936
f 1991//1991 1990//1990 2057//2057
f 1990//1990 1931//1931 1927//1927
f 1937//1937 1936//1936 2062//2062
f 1940//1940 1992//1992 1994//1994
f 1994//1994 2068//2068 1997//1997
f 2068//2068 2069//2069 1998//1998
f 2074//2074 1995//1995 2004//2004
f 2067//2067 1996//1996 1995//1995
f 1996//1996 1993//1993 1883//1883
f 1940//1940 1994//1994 1941//1941
f 1941//1941 1994//1994 1997//1997
f 1997//1997 2068//2068 1998//1998
f 1995//1995 1938//1938 2004//2004
f 1995//1995 1939//1939 1938//1938
f 1995//1995 1996//1996 1939//1939
f 1997//1997 1998//1998 1941//1941
f 1998//1998 1999//1999 2000//2000
f 2005//2005 2000//2000 1999//1999
f 1999//1999 2001//2001 2005//2005
f 2001//2001 2008//2008 2006//2006
f 2078//2078 2008//2008 2001//2001
f 2072//2072 1949//1949 2003//2003
f 2002//2002 2003//2003 1949//1949
f 2167//2167 2073//2073 2003//2003
f 2167//2167 2002//2002 2010//2010
f 2167//2167 2003//2003 2002//2002
f 2011//2011 2167//2167 2010//2010
f 2004//2004 1948//1948 2072//2072
f 2072//2072 1948//1948 1949//1949
f 2074//2074 2004//2004 2072//2072
f 2000//2000 2005//2005 1946//1946
f 2006//2006 1946//1946 2005//2005
f 2006//2006 1945//1945 1946//1946
f 2001//2001 2006//2006 2005//2005
f 2007//2007 1945//1945 2006//2006
f 2008//2008 2009//2009 2007//2007
f 2008//2008 2007//2007 2006//2006
f 2009//2009 2013//2013 2007//2007
f 2082//2082 2013//2013 2009//2009
f 2082//2082 2012//2012 2013//2013
f 2007//2007 2013//2013 1945//1945
f 2020//2020 2022//2022 2014//2014
f 2086//2086 2015//2015 2012//2012
f 2022//2022 2015//2015 2086//2086
f 2087//2087 2014//2014 2022//2022
f 2087//2087 2022//2022 2086//2086
f 2016//2016 1897//1897 2017//2017
f 2017//2017 2083//2083 2016//2016
f 2017//2017 1897//1897 2018//2018
f 2018//2018 2083//2083 2017//2017
f 2018//2018 2023//2023 2019//2019
f 2088//2088 2083//2083 2018//2018
f 2088//2088 2018//2018 2019//2019
f 2091//2091 2026//2026 2025//2025
f 2022//2022 2020//2020 1952//1952
f 1952//1952 2020//2020 2025//2025
f 2025//2025 2020//2020 2021//2021
f 2014//2014 2021//2021 2020//2020
f 1955//1955 2023//2023 1953//1953
f 2024//2024 2023//2023 1955//1955
f 2019//2019 2023//2023 2024//2024
f 2024//2024 1955//1955 2027//2027
f 2089//2089 2019//2019 2024//2024
f 2024//2024 2027//2027 2185//2185
f 2026//2026 1954//1954 2025//2025
f 1954//1954 1952//1952 2025//2025
f 2027//2027 1956//1956 1957//1957
f 2028//2028 1963//1963 2103//2103
f 2103//2103 2096//2096 2028//2028
f 2026//2026 1963//1963 1954//1954
f 1963//1963 2026//2026 2103//2103
f 2101//2101 2099//2099 1960//1960
f 2106//2106 1846//1846 2030//2030
f 2029//2029 2031//2031 1969//1969
f 2031//2031 2030//2030 1969//1969
f 2030//2030 2031//2031 2105//2105
f 2106//2106 2030//2030 2105//2105
f 2031//2031 2104//2104 2105//2105
f 2029//2029 2104//2104 2031//2031
f 2106//2106 1965//1965 1846//1846
f 2109//2109 1966//1966 2189//2189
f 2032//2032 2033//2033 1974//1974
f 1967//1967 2034//2034 2032//2032
f 1966//1966 2034//2034 1967//1967
f 2109//2109 2034//2034 1966//1966
f 2033//2033 2032//2032 2110//2110
f 2038//2038 2120//2120 2036//2036
f 2112//2112 2036//2036 2120//2120
f 2029//2029 2036//2036 2112//2112
f 2124//2124 1977//1977 2037//2037
f 2035//2035 2033//2033 2115//2115
f 2115//2115 2116//2116 2035//2035
f 2116//2116 2037//2037 2035//2035
f 2033//2033 2110//2110 2115//2115
f 2120//2120 2038//2038 2130//2130
f 2122//2122 1976//1976 1977//1977
f 2122//2122 2041//2041 1976//1976
f 2124//2124 2122//2122 1977//1977
f 2043//2043 2039//2039 1915//1915
f 2038//2038 1915//1915 2039//2039
f 2041//2041 2040//2040 1976//1976
f 2040//2040 2044//2044 1920//1920
f 2045//2045 2044//2044 2040//2040
f 2131//2131 2045//2045 2040//2040
f 2131//2131 2040//2040 2041//2041
f 1980//1980 2046//2046 2042//2042
f 2042//2042 2046//2046 2133//2133
f 2129//2129 2042//2042 2133//2133
f 2043//2043 2042//2042 2039//2039
f 2042//2042 2129//2129 2039//2039
f 2048//2048 1981//1981 2044//2044
f 2044//2044 2134//2134 2048//2048
f 2137//2137 2133//2133 2046//2046
f 2137//2137 2046//2046 2135//2135
f 1981//1981 2048//2048 2047//2047
f 1981//1981 2047//2047 1984//1984
f 2049//2049 1985//1985 2050//2050
f 2143//2143 2050//2050 1986//1986
f 2051//2051 2049//2049 2050//2050
f 1982//1982 2051//2051 2135//2135
f 2138//2138 2051//2051 2050//2050
f 2138//2138 2050//2050 2143//2143
f 2052//2052 1984//1984 2053//2053
f 2053//2053 2141//2141 2052//2052
f 1984//1984 2047//2047 2053//2053
f 2054//2054 1986//1986 1989//1989
f 2054//2054 2143//2143 1986//1986
f 2058//2058 2057//2057 1990//1990
f 2141//2141 2144//2144 2052//2052
f 2052//2052 2144//2144 1990//1990
f 1989//1989 1988//1988 2054//2054
f 2059//2059 2054//2054 1988//1988
f 2059//2059 1988//1988 1932//1932
f 2149//2149 1934//1934 2055//2055
f 2056//2056 2055//2055 1937//1937
f 2062//2062 1936//1936 2057//2057
f 2057//2057 2153//2153 2062//2062
f 2145//2145 2054//2054 2059//2059
f 2145//2145 2059//2059 2060//2060
f 2059//2059 1932//1932 2060//2060
f 2060//2060 1932//1932 2061//2061
f 1934//1934 2152//2152 2147//2147
f 2061//2061 1934//1934 2147//2147
f 2148//2148 2061//2061 2147//2147
f 2148//2148 2060//2060 2061//2061
f 2152//2152 1934//1934 2149//2149
f 2056//2056 2149//2149 2055//2055
f 2153//2153 2149//2149 2056//2056
f 2056//2056 1937//1937 2062//2062
f 2056//2056 2062//2062 2153//2153
f 1992//1992 1993//1993 2156//2156
f 2156//2156 2159//2159 1992//1992
f 2159//2159 1994//1994 1992//1992
f 2066//2066 2065//2065 2157//2157
f 1993//1993 1996//1996 2066//2066
f 2066//2066 2156//2156 1993//1993
f 1994//1994 2063//2063 2068//2068
f 2065//2065 2066//2066 2067//2067
f 2065//2065 2067//2067 2064//2064
f 2074//2074 2072//2072 2164//2164
f 2164//2164 2064//2064 2074//2074
f 2067//2067 2066//2066 1996//1996
f 2161//2161 2069//2069 2068//2068
f 2161//2161 2070//2070 2069//2069
f 2071//2071 2070//2070 2161//2161
f 2071//2071 2077//2077 2070//2070
f 2077//2077 2075//2075 2070//2070
f 2075//2075 2069//2069 2070//2070
f 2242//2242 2071//2071 2161//2161
f 2242//2242 2077//2077 2071//2071
f 2073//2073 2165//2165 2072//2072
f 2165//2165 2073//2073 2167//2167
f 2245//2245 2167//2167 2172//2172
f 2074//2074 2064//2064 1995//1995
f 2064//2064 2067//2067 1995//1995
f 1999//1999 1998//1998 2069//2069
f 2075//2075 2078//2078 1999//1999
f 2075//2075 1999//1999 2069//2069
f 2078//2078 2075//2075 2077//2077
f 2077//2077 2076//2076 2078//2078
f 2079//2079 2078//2078 2076//2076
f 2168//2168 2079//2079 2076//2076
f 2166//2166 2076//2076 2077//2077
f 2166//2166 2168//2168 2076//2076
f 2073//2073 2072//2072 2003//2003
f 2078//2078 2001//2001 1999//1999
f 2079//2079 2008//2008 2078//2078
f 2080//2080 2086//2086 2082//2082
f 2080//2080 2082//2082 2079//2079
f 2168//2168 2080//2080 2079//2079
f 2080//2080 2178//2178 2086//2086
f 2172//2172 2167//2167 2011//2011
f 2172//2172 2011//2011 2173//2173
f 2011//2011 2084//2084 2173//2173
f 2173//2173 2084//2084 2174//2174
f 2171//2171 2081//2081 2178//2178
f 2171//2171 2176//2176 2081//2081
f 2009//2009 2008//2008 2079//2079
f 2082//2082 2009//2009 2079//2079
f 2175//2175 2083//2083 2088//2088
f 2084//2084 2011//2011 2016//2016
f 2083//2083 2084//2084 2016//2016
f 2174//2174 2084//2084 2083//2083
f 2175//2175 2174//2174 2083//2083
f 2014//2014 2085//2085 2090//2090
f 2014//2014 2087//2087 2085//2085
f 2086//2086 2012//2012 2082//2082
f 2086//2086 2178//2178 2081//2081
f 2081//2081 2087//2087 2086//2086
f 2087//2087 2081//2081 2085//2085
f 2021//2021 2090//2090 2091//2091
f 2021//2021 2014//2014 2090//2090
f 2019//2019 2089//2089 2088//2088
f 2093//2093 2181//2181 2185//2185
f 2091//2091 2188//2188 2103//2103
f 2026//2026 2091//2091 2103//2103
f 2025//2025 2021//2021 2091//2091
f 2185//2185 2027//2027 2092//2092
f 2027//2027 1957//1957 2092//2092
f 2024//2024 2185//2185 2089//2089
f 2092//2092 2093//2093 2185//2185
f 2093//2093 2092//2092 1957//1957
f 1957//1957 2094//2094 2093//2093
f 2093//2093 2094//2094 2183//2183
f 2183//2183 2094//2094 2100//2100
f 2184//2184 2100//2100 2102//2102
f 2100//2100 2184//2184 2183//2183
f 2098//2098 2101//2101 2096//2096
f 2184//2184 2102//2102 2095//2095
f 2186//2186 2095//2095 2098//2098
f 2098//2098 2095//2095 2101//2101
f 2101//2101 2095//2095 2102//2102
f 2186//2186 2184//2184 2095//2095
f 2097//2097 2096//2096 2103//2103
f 2098//2098 2097//2097 2187//2187
f 2097//2097 2098//2098 2096//2096
f 2103//2103 2188//2188 2097//2097
f 2094//2094 1958//1958 1959//1959
f 2094//2094 1959//1959 2100//2100
f 2100//2100 1959//1959 2099//2099
f 2102//2102 2100//2100 2099//2099
f 2099//2099 2101//2101 2102//2102
f 2096//2096 2101//2101 2028//2028
f 2029//2029 2192//2192 2104//2104
f 2105//2105 2104//2104 2192//2192
f 2192//2192 2191//2191 2105//2105
f 2191//2191 2108//2108 2105//2105
f 2106//2106 2105//2105 2108//2108
f 2107//2107 1965//1965 2106//2106
f 2108//2108 2107//2107 2106//2106
f 2189//2189 1965//1965 2107//2107
f 1965//1965 2189//2189 1966//1966
f 2109//2109 2189//2189 2198//2198
f 2111//2111 2034//2034 2109//2109
f 2198//2198 2111//2111 2109//2109
f 2034//2034 2110//2110 2032//2032
f 2111//2111 2110//2110 2034//2034
f 2111//2111 2114//2114 2110//2110
f 2029//2029 2112//2112 2113//2113
f 2190//2190 2192//2192 2029//2029
f 2029//2029 2113//2113 2190//2190
f 2110//2110 2114//2114 2118//2118
f 2115//2115 2110//2110 2118//2118
f 2201//2201 2114//2114 2111//2111
f 2201//2201 2200//2200 2114//2114
f 2200//2200 2118//2118 2114//2114
f 2037//2037 2116//2116 2123//2123
f 2115//2115 2117//2117 2116//2116
f 2117//2117 2123//2123 2116//2116
f 2118//2118 2117//2117 2115//2115
f 2117//2117 2118//2118 2119//2119
f 2117//2117 2119//2119 2126//2126
f 2117//2117 2126//2126 2123//2123
f 2207//2207 2126//2126 2119//2119
f 2112//2112 2120//2120 2121//2121
f 2120//2120 2130//2130 2121//2121
f 2130//2130 2212//2212 2121//2121
f 2113//2113 2112//2112 2121//2121
f 2123//2123 2124//2124 2037//2037
f 2132//2132 2122//2122 2124//2124
f 2216//2216 2132//2132 2124//2124
f 2123//2123 2125//2125 2124//2124
f 2127//2127 2124//2124 2125//2125
f 2127//2127 2216//2216 2124//2124
f 2126//2126 2125//2125 2123//2123
f 2126//2126 2128//2128 2125//2125
f 2128//2128 2127//2127 2125//2125
f 2127//2127 2213//2213 2216//2216
f 2208//2208 2127//2127 2128//2128
f 2208//2208 2213//2213 2127//2127
f 2038//2038 2039//2039 2130//2130
f 2130//2130 2039//2039 2129//2129
f 2132//2132 2041//2041 2122//2122
f 2132//2132 2131//2131 2041//2041
f 2214//2214 2044//2044 2045//2045
f 2131//2131 2214//2214 2045//2045
f 2216//2216 2215//2215 2132//2132
f 2215//2215 2131//2131 2132//2132
f 2218//2218 2133//2133 2137//2137
f 2134//2134 2044//2044 2214//2214
f 2135//2135 2136//2136 2137//2137
f 2139//2139 2136//2136 2135//2135
f 2139//2139 2135//2135 2051//2051
f 2222//2222 2136//2136 2139//2139
f 2217//2217 2137//2137 2136//2136
f 2218//2218 2137//2137 2217//2217
f 2048//2048 2053//2053 2047//2047
f 2142//2142 2053//2053 2048//2048
f 2142//2142 2141//2141 2053//2053
f 2134//2134 2142//2142 2048//2048
f 2139//2139 2051//2051 2138//2138
f 2138//2138 2143//2143 2284//2284
f 2140//2140 2139//2139 2138//2138
f 2140//2140 2222//2222 2139//2139
f 2225//2225 2141//2141 2142//2142
f 2145//2145 2146//2146 2054//2054
f 2054//2054 2146//2146 2143//2143
f 2284//2284 2143//2143 2146//2146
f 2228//2228 2057//2057 2058//2058
f 1990//1990 2144//2144 2058//2058
f 2230//2230 2146//2146 2145//2145
f 2230//2230 2229//2229 2146//2146
f 2146//2146 2229//2229 2284//2284
f 2060//2060 2148//2148 2145//2145
f 2153//2153 2233//2233 2149//2149
f 2154//2154 2153//2153 2057//2057
f 2057//2057 2228//2228 2154//2154
f 2058//2058 2144//2144 2150//2150
f 2230//2230 2145//2145 2151//2151
f 2151//2151 2145//2145 2148//2148
f 2230//2230 2151//2151 2289//2289
f 2289//2289 2151//2151 2232//2232
f 2232//2232 2151//2151 2148//2148
f 2232//2232 2148//2148 2147//2147
f 2152//2152 2149//2149 2233//2233
f 2235//2235 2233//2233 2153//2153
f 2159//2159 2155//2155 2063//2063
f 2157//2157 2238//2238 2156//2156
f 2157//2157 2158//2158 2240//2240
f 2063//2063 1994//1994 2159//2159
f 2160//2160 2068//2068 2239//2239
f 2068//2068 2063//2063 2239//2239
f 2160//2160 2161//2161 2068//2068
f 2161//2161 2160//2160 2310//2310
f 2240//2240 2065//2065 2162//2162
f 2065//2065 2158//2158 2157//2157
f 2065//2065 2240//2240 2158//2158
f 2157//2157 2156//2156 2066//2066
f 2316//2316 2162//2162 2164//2164
f 2064//2064 2164//2164 2162//2162
f 2072//2072 2165//2165 2164//2164
f 2064//2064 2162//2162 2065//2065
f 2166//2166 2077//2077 2243//2243
f 2168//2168 2166//2166 2243//2243
f 2163//2163 2167//2167 2245//2245
f 2163//2163 2165//2165 2167//2167
f 2244//2244 2170//2170 2169//2169
f 2168//2168 2244//2244 2169//2169
f 2172//2172 2173//2173 2247//2247
f 2247//2247 2245//2245 2172//2172
f 2169//2169 2080//2080 2168//2168
f 2169//2169 2177//2177 2080//2080
f 2170//2170 2177//2177 2169//2169
f 2178//2178 2170//2170 2171//2171
f 2170//2170 2178//2178 2177//2177
f 2247//2247 2173//2173 2174//2174
f 2174//2174 2175//2175 2248//2248
f 2248//2248 2247//2247 2174//2174
f 2250//2250 2180//2180 2251//2251
f 2176//2176 2251//2251 2180//2180
f 2171//2171 2251//2251 2176//2176
f 2080//2080 2177//2177 2178//2178
f 2176//2176 2180//2180 2085//2085
f 2090//2090 2085//2085 2180//2180
f 2091//2091 2180//2180 2179//2179
f 2179//2179 2180//2180 2250//2250
f 2176//2176 2085//2085 2081//2081
f 2399//2399 2089//2089 2181//2181
f 2188//2188 2179//2179 2256//2256
f 2188//2188 2091//2091 2179//2179
f 2091//2091 2090//2090 2180//2180
f 2089//2089 2185//2185 2181//2181
f 2181//2181 2093//2093 2182//2182
f 2182//2182 2093//2093 2183//2183
f 2182//2182 2183//2183 2254//2254
f 2187//2187 2255//2255 2186//2186
f 2187//2187 2256//2256 2255//2255
f 2188//2188 2187//2187 2097//2097
f 2256//2256 2187//2187 2188//2188
f 2098//2098 2187//2187 2186//2186
f 2194//2194 2189//2189 2107//2107
f 2107//2107 2108//2108 2195//2195
f 2189//2189 2194//2194 2198//2198
f 2113//2113 2203//2203 2190//2190
f 2108//2108 2191//2191 2195//2195
f 2193//2193 2195//2195 2191//2191
f 2193//2193 2191//2191 2192//2192
f 2196//2196 2107//2107 2195//2195
f 2196//2196 2194//2194 2107//2107
f 2196//2196 2197//2197 2194//2194
f 2194//2194 2197//2197 2198//2198
f 2197//2197 2196//2196 2263//2263
f 2196//2196 2195//2195 2257//2257
f 2198//2198 2199//2199 2111//2111
f 2258//2258 2198//2198 2197//2197
f 2258//2258 2199//2199 2198//2198
f 2267//2267 2199//2199 2258//2258
f 2267//2267 2266//2266 2199//2199
f 2199//2199 2201//2201 2111//2111
f 2202//2202 2200//2200 2201//2201
f 2200//2200 2202//2202 2271//2271
f 2118//2118 2200//2200 2119//2119
f 2200//2200 2206//2206 2119//2119
f 2199//2199 2202//2202 2201//2201
f 2202//2202 2199//2199 2266//2266
f 2119//2119 2206//2206 2207//2207
f 2121//2121 2209//2209 2203//2203
f 2113//2113 2121//2121 2203//2203
f 2190//2190 2203//2203 2259//2259
f 2190//2190 2204//2204 2192//2192
f 2192//2192 2204//2204 2193//2193
f 2203//2203 2209//2209 2259//2259
f 2190//2190 2259//2259 2204//2204
f 2209//2209 2272//2272 2259//2259
f 2271//2271 2206//2206 2200//2200
f 2271//2271 2205//2205 2206//2206
f 2271//2271 2274//2274 2205//2205
f 2126//2126 2207//2207 2128//2128
f 2207//2207 2208//2208 2128//2128
f 2207//2207 2206//2206 2205//2205
f 2277//2277 2213//2213 2208//2208
f 2210//2210 2208//2208 2207//2207
f 2277//2277 2208//2208 2210//2210
f 2207//2207 2205//2205 2210//2210
f 2121//2121 2212//2212 2209//2209
f 2210//2210 2205//2205 2273//2273
f 2277//2277 2210//2210 2273//2273
f 2129//2129 2212//2212 2130//2130
f 2212//2212 2129//2129 2211//2211
f 2211//2211 2129//2129 2133//2133
f 2133//2133 2275//2275 2211//2211
f 2212//2212 2211//2211 2275//2275
f 2213//2213 2278//2278 2216//2216
f 2215//2215 2214//2214 2131//2131
f 2216//2216 2280//2280 2215//2215
f 2280//2280 2214//2214 2215//2215
f 2217//2217 2136//2136 2222//2222
f 2223//2223 2217//2217 2222//2222
f 2223//2223 2219//2219 2217//2217
f 2282//2282 2219//2219 2223//2223
f 2217//2217 2219//2219 2218//2218
f 2220//2220 2218//2218 2219//2219
f 2133//2133 2218//2218 2220//2220
f 2220//2220 2275//2275 2133//2133
f 2282//2282 2220//2220 2219//2219
f 2134//2134 2214//2214 2221//2221
f 2226//2226 2134//2134 2221//2221
f 2280//2280 2221//2221 2214//2214
f 2224//2224 2222//2222 2140//2140
f 2138//2138 2356//2356 2140//2140
f 2222//2222 2224//2224 2223//2223
f 2224//2224 2140//2140 2356//2356
f 2282//2282 2223//2223 2224//2224
f 2225//2225 2142//2142 2226//2226
f 2226//2226 2142//2142 2134//2134
f 2141//2141 2227//2227 2144//2144
f 2227//2227 2141//2141 2225//2225
f 2058//2058 2150//2150 2228//2228
f 2150//2150 2287//2287 2228//2228
f 2150//2150 2227//2227 2287//2287
f 2150//2150 2144//2144 2227//2227
f 2230//2230 2231//2231 2229//2229
f 2284//2284 2229//2229 2231//2231
f 2234//2234 2147//2147 2152//2152
f 2296//2296 2154//2154 2228//2228
f 2154//2154 2296//2296 2236//2236
f 2236//2236 2153//2153 2154//2154
f 2287//2287 2296//2296 2228//2228
f 2290//2290 2232//2232 2295//2295
f 2290//2290 2289//2289 2232//2232
f 2147//2147 2295//2295 2232//2232
f 2152//2152 2233//2233 2234//2234
f 2233//2233 2235//2235 2299//2299
f 2299//2299 2235//2235 2300//2300
f 2300//2300 2235//2235 2153//2153
f 2300//2300 2153//2153 2301//2301
f 2153//2153 2236//2236 2301//2301
f 2304//2304 2159//2159 2156//2156
f 2307//2307 2160//2160 2237//2237
f 2156//2156 2306//2306 2304//2304
f 2306//2306 2156//2156 2238//2238
f 2237//2237 2239//2239 2155//2155
f 2160//2160 2239//2239 2237//2237
f 2309//2309 2310//2310 2160//2160
f 2309//2309 2160//2160 2307//2307
f 2155//2155 2239//2239 2063//2063
f 2240//2240 2238//2238 2157//2157
f 2162//2162 2316//2316 2240//2240
f 2311//2311 2242//2242 2161//2161
f 2311//2311 2243//2243 2242//2242
f 2311//2311 2161//2161 2310//2310
f 2312//2312 2165//2165 2163//2163
f 2314//2314 2312//2312 2163//2163
f 2077//2077 2242//2242 2243//2243
f 2241//2241 2243//2243 2311//2311
f 2164//2164 2312//2312 2316//2316
f 2165//2165 2312//2312 2164//2164
f 2320//2320 2246//2246 2244//2244
f 2241//2241 2168//2168 2243//2243
f 2241//2241 2244//2244 2168//2168
f 2318//2318 2241//2241 2313//2313
f 2318//2318 2244//2244 2241//2241
f 2318//2318 2320//2320 2244//2244
f 2171//2171 2246//2246 2324//2324
f 2324//2324 2246//2246 2320//2320
f 2246//2246 2171//2171 2170//2170
f 2246//2246 2170//2170 2244//2244
f 2323//2323 2250//2250 2251//2251
f 2322//2322 2251//2251 2324//2324
f 2251//2251 2322//2322 2323//2323
f 2251//2251 2171//2171 2324//2324
f 2249//2249 2248//2248 2175//2175
f 2249//2249 2175//2175 2088//2088
f 2089//2089 2249//2249 2088//2088
f 2249//2249 2089//2089 2399//2399
f 2399//2399 2252//2252 2325//2325
f 2252//2252 2254//2254 2325//2325
f 2325//2325 2254//2254 2501//2501
f 2501//2501 2254//2254 2253//2253
f 2256//2256 2402//2402 2255//2255
f 2179//2179 2401//2401 2256//2256
f 2401//2401 2402//2402 2256//2256
f 2181//2181 2252//2252 2399//2399
f 2181//2181 2182//2182 2252//2252
f 2182//2182 2254//2254 2252//2252
f 2254//2254 2183//2183 2184//2184
f 2254//2254 2184//2184 2253//2253
f 2184//2184 2255//2255 2253//2253
f 2186//2186 2255//2255 2184//2184
f 2257//2257 2195//2195 2193//2193
f 2264//2264 2197//2197 2263//2263
f 2264//2264 2258//2258 2197//2197
f 2193//2193 2204//2204 2261//2261
f 2259//2259 2261//2261 2204//2204
f 2328//2328 2261//2261 2259//2259
f 2328//2328 2327//2327 2261//2261
f 2327//2327 2262//2262 2261//2261
f 2260//2260 2257//2257 2193//2193
f 2257//2257 2260//2260 2265//2265
f 2261//2261 2260//2260 2193//2193
f 2260//2260 2261//2261 2262//2262
f 2262//2262 2265//2265 2260//2260
f 2196//2196 2257//2257 2263//2263
f 2265//2265 2263//2263 2257//2257
f 2264//2264 2270//2270 2267//2267
f 2264//2264 2263//2263 2333//2333
f 2326//2326 2270//2270 2264//2264
f 2333//2333 2263//2263 2265//2265
f 2326//2326 2264//2264 2333//2333
f 2267//2267 2258//2258 2264//2264
f 2267//2267 2268//2268 2266//2266
f 2268//2268 2269//2269 2266//2266
f 2269//2269 2271//2271 2266//2266
f 2268//2268 2267//2267 2270//2270
f 2274//2274 2271//2271 2269//2269
f 2337//2337 2274//2274 2269//2269
f 2339//2339 2338//2338 2270//2270
f 2268//2268 2270//2270 2338//2338
f 2268//2268 2337//2337 2269//2269
f 2271//2271 2202//2202 2266//2266
f 2209//2209 2212//2212 2272//2272
f 2272//2272 2328//2328 2259//2259
f 2205//2205 2274//2274 2273//2273
f 2413//2413 2273//2273 2274//2274
f 2276//2276 2341//2341 2212//2212
f 2212//2212 2341//2341 2272//2272
f 2278//2278 2213//2213 2277//2277
f 2346//2346 2277//2277 2273//2273
f 2346//2346 2278//2278 2277//2277
f 2275//2275 2276//2276 2212//2212
f 2347//2347 2276//2276 2275//2275
f 2347//2347 2341//2341 2276//2276
f 2279//2279 2220//2220 2282//2282
f 2275//2275 2220//2220 2279//2279
f 2279//2279 2347//2347 2275//2275
f 2283//2283 2348//2348 2279//2279
f 2348//2348 2347//2347 2279//2279
f 2224//2224 2281//2281 2282//2282
f 2281//2281 2224//2224 2356//2356
f 2282//2282 2281//2281 2283//2283
f 2279//2279 2282//2282 2283//2283
f 2350//2350 2280//2280 2216//2216
f 2288//2288 2225//2225 2226//2226
f 2221//2221 2288//2288 2226//2226
f 2359//2359 2288//2288 2221//2221
f 2227//2227 2288//2288 2287//2287
f 2288//2288 2227//2227 2225//2225
f 2355//2355 2359//2359 2221//2221
f 2285//2285 2284//2284 2231//2231
f 2138//2138 2284//2284 2286//2286
f 2285//2285 2286//2286 2284//2284
f 2293//2293 2230//2230 2289//2289
f 2293//2293 2289//2289 2291//2291
f 2291//2291 2289//2289 2290//2290
f 2230//2230 2294//2294 2231//2231
f 2230//2230 2293//2293 2294//2294
f 2291//2291 2290//2290 2292//2292
f 2292//2292 2290//2290 2295//2295
f 2231//2231 2294//2294 2285//2285
f 2297//2297 2293//2293 2291//2291
f 2297//2297 2291//2291 2292//2292
f 2297//2297 2292//2292 2295//2295
f 2285//2285 2294//2294 2362//2362
f 2362//2362 2294//2294 2293//2293
f 2147//2147 2298//2298 2295//2295
f 2298//2298 2147//2147 2234//2234
f 2234//2234 2233//2233 2299//2299
f 2299//2299 2298//2298 2234//2234
f 2298//2298 2297//2297 2295//2295
f 2365//2365 2298//2298 2299//2299
f 2299//2299 2300//2300 2367//2367
f 2367//2367 2365//2365 2299//2299
f 2236//2236 2372//2372 2301//2301
f 2302//2302 2300//2300 2301//2301
f 2372//2372 2302//2302 2301//2301
f 2300//2300 2302//2302 2368//2368
f 2237//2237 2155//2155 2305//2305
f 2379//2379 2237//2237 2305//2305
f 2303//2303 2306//2306 2380//2380
f 2303//2303 2304//2304 2306//2306
f 2304//2304 2373//2373 2159//2159
f 2237//2237 2379//2379 2307//2307
f 2379//2379 2309//2309 2307//2307
f 2308//2308 2382//2382 2238//2238
f 2238//2238 2380//2380 2306//2306
f 2380//2380 2238//2238 2382//2382
f 2389//2389 2383//2383 2312//2312
f 2316//2316 2385//2385 2308//2308
f 2316//2316 2308//2308 2240//2240
f 2308//2308 2238//2238 2240//2240
f 2386//2386 2241//2241 2311//2311
f 2314//2314 2389//2389 2312//2312
f 2389//2389 2314//2314 2315//2315
f 2383//2383 2385//2385 2316//2316
f 2312//2312 2383//2383 2316//2316
f 2393//2393 2318//2318 2313//2313
f 2393//2393 2317//2317 2318//2318
f 2386//2386 2313//2313 2241//2241
f 2315//2315 2314//2314 2163//2163
f 2320//2320 2318//2318 2317//2317
f 2317//2317 2395//2395 2320//2320
f 2394//2394 2245//2245 2247//2247
f 2315//2315 2163//2163 2245//2245
f 2394//2394 2315//2315 2245//2245
f 2247//2247 2573//2573 2394//2394
f 2319//2319 2324//2324 2395//2395
f 2323//2323 2319//2319 2398//2398
f 2398//2398 2321//2321 2323//2323
f 2320//2320 2395//2395 2324//2324
f 2322//2322 2319//2319 2323//2323
f 2319//2319 2322//2322 2324//2324
f 2397//2397 2248//2248 2249//2249
f 2321//2321 2401//2401 2250//2250
f 2321//2321 2250//2250 2323//2323
f 2325//2325 2501//2501 2495//2495
f 2179//2179 2250//2250 2401//2401
f 2334//2334 2326//2326 2333//2333
f 2339//2339 2270//2270 2326//2326
f 2329//2329 2327//2327 2328//2328
f 2327//2327 2330//2330 2262//2262
f 2329//2329 2328//2328 2342//2342
f 2344//2344 2329//2329 2342//2342
f 2265//2265 2262//2262 2331//2331
f 2331//2331 2335//2335 2265//2265
f 2331//2331 2262//2262 2330//2330
f 2327//2327 2329//2329 2330//2330
f 2335//2335 2331//2331 2403//2403
f 2331//2331 2330//2330 2332//2332
f 2344//2344 2332//2332 2329//2329
f 2329//2329 2332//2332 2330//2330
f 2334//2334 2339//2339 2326//2326
f 2334//2334 2333//2333 2336//2336
f 2334//2334 2407//2407 2339//2339
f 2333//2333 2265//2265 2335//2335
f 2335//2335 2336//2336 2333//2333
f 2336//2336 2335//2335 2403//2403
f 2334//2334 2336//2336 2408//2408
f 2407//2407 2334//2334 2408//2408
f 2338//2338 2337//2337 2268//2268
f 2340//2340 2337//2337 2338//2338
f 2339//2339 2340//2340 2338//2338
f 2419//2419 2337//2337 2340//2340
f 2419//2419 2274//2274 2337//2337
f 2339//2339 2407//2407 2340//2340
f 2274//2274 2419//2419 2413//2413
f 2414//2414 2340//2340 2407//2407
f 2340//2340 2414//2414 2419//2419
f 2272//2272 2341//2341 2328//2328
f 2341//2341 2342//2342 2328//2328
f 2341//2341 2343//2343 2342//2342
f 2342//2342 2343//2343 2416//2416
f 2344//2344 2342//2342 2416//2416
f 2405//2405 2344//2344 2416//2416
f 2413//2413 2345//2345 2273//2273
f 2273//2273 2345//2345 2346//2346
f 2423//2423 2346//2346 2345//2345
f 2413//2413 2418//2418 2345//2345
f 2418//2418 2423//2423 2345//2345
f 2347//2347 2343//2343 2341//2341
f 2347//2347 2421//2421 2343//2343
f 2421//2421 2347//2347 2424//2424
f 2346//2346 2426//2426 2278//2278
f 2424//2424 2347//2347 2348//2348
f 2351//2351 2350//2350 2216//2216
f 2349//2349 2278//2278 2426//2426
f 2349//2349 2216//2216 2278//2278
f 2351//2351 2216//2216 2349//2349
f 2353//2353 2348//2348 2283//2283
f 2280//2280 2355//2355 2221//2221
f 2350//2350 2355//2355 2280//2280
f 2354//2354 2281//2281 2352//2352
f 2352//2352 2281//2281 2356//2356
f 2281//2281 2353//2353 2283//2283
f 2354//2354 2353//2353 2281//2281
f 2350//2350 2351//2351 2355//2355
f 2356//2356 2138//2138 2286//2286
f 2360//2360 2356//2356 2286//2286
f 2357//2357 2356//2356 2360//2360
f 2357//2357 2360//2360 2438//2438
f 2358//2358 2352//2352 2356//2356
f 2356//2356 2357//2357 2358//2358
f 2358//2358 2354//2354 2352//2352
f 2431//2431 2358//2358 2357//2357
f 2431//2431 2357//2357 2438//2438
f 2433//2433 2288//2288 2359//2359
f 2443//2443 2288//2288 2433//2433
f 2355//2355 2433//2433 2359//2359
f 2286//2286 2285//2285 2437//2437
f 2285//2285 2362//2362 2436//2436
f 2285//2285 2436//2436 2437//2437
f 2360//2360 2286//2286 2437//2437
f 2287//2287 2288//2288 2443//2443
f 2287//2287 2443//2443 2296//2296
f 2361//2361 2293//2293 2297//2297
f 2363//2363 2297//2297 2298//2298
f 2361//2361 2297//2297 2363//2363
f 2362//2362 2293//2293 2361//2361
f 2363//2363 2298//2298 2364//2364
f 2364//2364 2298//2298 2365//2365
f 2236//2236 2296//2296 2442//2442
f 2362//2362 2361//2361 2440//2440
f 2363//2363 2440//2440 2361//2361
f 2444//2444 2440//2440 2363//2363
f 2444//2444 2363//2363 2364//2364
f 2364//2364 2366//2366 2444//2444
f 2365//2365 2366//2366 2364//2364
f 2444//2444 2366//2366 2448//2448
f 2366//2366 2365//2365 2367//2367
f 2368//2368 2367//2367 2300//2300
f 2370//2370 2367//2367 2368//2368
f 2370//2370 2369//2369 2367//2367
f 2366//2366 2367//2367 2369//2369
f 2368//2368 2302//2302 2370//2370
f 2442//2442 2450//2450 2236//2236
f 2442//2442 2296//2296 2443//2443
f 2449//2449 2366//2366 2369//2369
f 2449//2449 2369//2369 2454//2454
f 2370//2370 2302//2302 2371//2371
f 2458//2458 2370//2370 2371//2371
f 2371//2371 2302//2302 2372//2372
f 2372//2372 2545//2545 2371//2371
f 2462//2462 2463//2463 2304//2304
f 2463//2463 2373//2373 2304//2304
f 2374//2374 2465//2465 2375//2375
f 2465//2465 2374//2374 2464//2464
f 2470//2470 2377//2377 2375//2375
f 2465//2465 2470//2470 2375//2375
f 2380//2380 2467//2467 2303//2303
f 2373//2373 2376//2376 2159//2159
f 2375//2375 2377//2377 2374//2374
f 2467//2467 2380//2380 2475//2475
f 2303//2303 2462//2462 2304//2304
f 2376//2376 2305//2305 2155//2155
f 2376//2376 2374//2374 2305//2305
f 2159//2159 2376//2376 2155//2155
f 2377//2377 2378//2378 2309//2309
f 2310//2310 2309//2309 2378//2378
f 2374//2374 2377//2377 2379//2379
f 2305//2305 2374//2374 2379//2379
f 2377//2377 2309//2309 2379//2379
f 2475//2475 2380//2380 2382//2382
f 2475//2475 2382//2382 2478//2478
f 2383//2383 2381//2381 2385//2385
f 2381//2381 2382//2382 2308//2308
f 2381//2381 2478//2478 2382//2382
f 2310//2310 2479//2479 2311//2311
f 2481//2481 2311//2311 2479//2479
f 2481//2481 2386//2386 2311//2311
f 2484//2484 2386//2386 2481//2481
f 2385//2385 2381//2381 2308//2308
f 2484//2484 2387//2387 2386//2386
f 2485//2485 2388//2388 2387//2387
f 2485//2485 2387//2387 2484//2484
f 2485//2485 2487//2487 2388//2388
f 2384//2384 2383//2383 2389//2389
f 2387//2387 2313//2313 2386//2386
f 2388//2388 2313//2313 2387//2387
f 2388//2388 2393//2393 2313//2313
f 2487//2487 2490//2490 2388//2388
f 2384//2384 2389//2389 2390//2390
f 2486//2486 2384//2384 2390//2390
f 2393//2393 2490//2490 2391//2391
f 2388//2388 2490//2490 2393//2393
f 2390//2390 2389//2389 2315//2315
f 2486//2486 2390//2390 2394//2394
f 2573//2573 2486//2486 2394//2394
f 2396//2396 2395//2395 2392//2392
f 2391//2391 2317//2317 2393//2393
f 2395//2395 2317//2317 2391//2391
f 2392//2392 2395//2395 2391//2391
f 2394//2394 2390//2390 2315//2315
f 2396//2396 2392//2392 2491//2491
f 2248//2248 2573//2573 2247//2247
f 2493//2493 2397//2397 2399//2399
f 2398//2398 2319//2319 2396//2396
f 2398//2398 2396//2396 2497//2497
f 2395//2395 2396//2396 2319//2319
f 2397//2397 2493//2493 2248//2248
f 2321//2321 2497//2497 2583//2583
f 2497//2497 2321//2321 2398//2398
f 2399//2399 2397//2397 2249//2249
f 2499//2499 2400//2400 2402//2402
f 2401//2401 2504//2504 2402//2402
f 2583//2583 2401//2401 2321//2321
f 2399//2399 2325//2325 2498//2498
f 2498//2498 2325//2325 2495//2495
f 2255//2255 2400//2400 2253//2253
f 2402//2402 2400//2400 2255//2255
f 2404//2404 2331//2331 2332//2332
f 2403//2403 2331//2331 2404//2404
f 2408//2408 2336//2336 2403//2403
f 2417//2417 2405//2405 2416//2416
f 2405//2405 2332//2332 2344//2344
f 2332//2332 2405//2405 2404//2404
f 2403//2403 2404//2404 2409//2409
f 2404//2404 2406//2406 2409//2409
f 2406//2406 2404//2404 2405//2405
f 2406//2406 2411//2411 2409//2409
f 2405//2405 2417//2417 2406//2406
f 2411//2411 2406//2406 2509//2509
f 2408//2408 2403//2403 2409//2409
f 2409//2409 2412//2412 2408//2408
f 2410//2410 2407//2407 2408//2408
f 2407//2407 2410//2410 2414//2414
f 2410//2410 2408//2408 2412//2412
f 2411//2411 2412//2412 2409//2409
f 2410//2410 2591//2591 2414//2414
f 2590//2590 2591//2591 2410//2410
f 2412//2412 2590//2590 2410//2410
f 2419//2419 2418//2418 2413//2413
f 2591//2591 2419//2419 2414//2414
f 2343//2343 2421//2421 2415//2415
f 2416//2416 2343//2343 2415//2415
f 2505//2505 2416//2416 2415//2415
f 2505//2505 2507//2507 2416//2416
f 2507//2507 2417//2417 2416//2416
f 2507//2507 2508//2508 2417//2417
f 2419//2419 2420//2420 2418//2418
f 2510//2510 2423//2423 2418//2418
f 2420//2420 2510//2510 2418//2418
f 2419//2419 2591//2591 2593//2593
f 2419//2419 2593//2593 2420//2420
f 2421//2421 2422//2422 2415//2415
f 2421//2421 2424//2424 2422//2422
f 2422//2422 2505//2505 2415//2415
f 2346//2346 2423//2423 2427//2427
f 2514//2514 2427//2427 2423//2423
f 2424//2424 2511//2511 2422//2422
f 2427//2427 2426//2426 2346//2346
f 2425//2425 2351//2351 2349//2349
f 2349//2349 2426//2426 2425//2425
f 2348//2348 2428//2428 2424//2424
f 2424//2424 2428//2428 2511//2511
f 2425//2425 2516//2516 2351//2351
f 2353//2353 2428//2428 2348//2348
f 2353//2353 2518//2518 2428//2428
f 2354//2354 2358//2358 2429//2429
f 2431//2431 2429//2429 2358//2358
f 2353//2353 2354//2354 2430//2430
f 2429//2429 2430//2430 2354//2354
f 2430//2430 2518//2518 2353//2353
f 2696//2696 2518//2518 2430//2430
f 2437//2437 2435//2435 2360//2360
f 2429//2429 2431//2431 2432//2432
f 2431//2431 2438//2438 2522//2522
f 2432//2432 2430//2430 2429//2429
f 2522//2522 2432//2432 2431//2431
f 2523//2523 2433//2433 2434//2434
f 2355//2355 2434//2434 2433//2433
f 2434//2434 2355//2355 2351//2351
f 2435//2435 2437//2437 2520//2520
f 2438//2438 2360//2360 2435//2435
f 2438//2438 2435//2435 2521//2521
f 2521//2521 2435//2435 2520//2520
f 2437//2437 2436//2436 2520//2520
f 2522//2522 2438//2438 2521//2521
f 2523//2523 2443//2443 2433//2433
f 2362//2362 2439//2439 2441//2441
f 2445//2445 2440//2440 2444//2444
f 2362//2362 2441//2441 2436//2436
f 2362//2362 2440//2440 2439//2439
f 2441//2441 2520//2520 2436//2436
f 2443//2443 2534//2534 2442//2442
f 2527//2527 2443//2443 2523//2523
f 2445//2445 2444//2444 2452//2452
f 2439//2439 2440//2440 2446//2446
f 2446//2446 2440//2440 2445//2445
f 2445//2445 2452//2452 2451//2451
f 2446//2446 2447//2447 2439//2439
f 2441//2441 2439//2439 2447//2447
f 2446//2446 2445//2445 2528//2528
f 2441//2441 2447//2447 2520//2520
f 2447//2447 2446//2446 2528//2528
f 2444//2444 2448//2448 2452//2452
f 2448//2448 2366//2366 2449//2449
f 2452//2452 2448//2448 2453//2453
f 2454//2454 2369//2369 2370//2370
f 2534//2534 2450//2450 2442//2442
f 2534//2534 2443//2443 2535//2535
f 2528//2528 2445//2445 2451//2451
f 2529//2529 2451//2451 2533//2533
f 2533//2533 2452//2452 2453//2453
f 2452//2452 2533//2533 2451//2451
f 2453//2453 2448//2448 2449//2449
f 2453//2453 2449//2449 2455//2455
f 2456//2456 2454//2454 2370//2370
f 2456//2456 2449//2449 2454//2454
f 2455//2455 2449//2449 2456//2456
f 2458//2458 2371//2371 2545//2545
f 2236//2236 2450//2450 2372//2372
f 2457//2457 2455//2455 2456//2456
f 2455//2455 2457//2457 2536//2536
f 2458//2458 2545//2545 2542//2542
f 2459//2459 2456//2456 2370//2370
f 2458//2458 2459//2459 2370//2370
f 2372//2372 2543//2543 2545//2545
f 2372//2372 2450//2450 2540//2540
f 2460//2460 2462//2462 2549//2549
f 2460//2460 2463//2463 2462//2462
f 2461//2461 2376//2376 2373//2373
f 2461//2461 2464//2464 2376//2376
f 2464//2464 2461//2461 2653//2653
f 2653//2653 2550//2550 2464//2464
f 2464//2464 2550//2550 2465//2465
f 2550//2550 2551//2551 2465//2465
f 2549//2549 2462//2462 2468//2468
f 2468//2468 2548//2548 2549//2549
f 2467//2467 2548//2548 2468//2468
f 2460//2460 2373//2373 2463//2463
f 2460//2460 2461//2461 2373//2373
f 2551//2551 2466//2466 2465//2465
f 2554//2554 2469//2469 2466//2466
f 2303//2303 2468//2468 2462//2462
f 2374//2374 2376//2376 2464//2464
f 2475//2475 2478//2478 2557//2557
f 2467//2467 2468//2468 2303//2303
f 2466//2466 2470//2470 2465//2465
f 2470//2470 2472//2472 2377//2377
f 2469//2469 2470//2470 2466//2466
f 2469//2469 2472//2472 2470//2470
f 2471//2471 2474//2474 2473//2473
f 2558//2558 2471//2471 2469//2469
f 2562//2562 2474//2474 2471//2471
f 2557//2557 2467//2467 2475//2475
f 2472//2472 2378//2378 2377//2377
f 2473//2473 2476//2476 2378//2378
f 2477//2477 2476//2476 2473//2473
f 2562//2562 2477//2477 2474//2474
f 2562//2562 2567//2567 2477//2477
f 2469//2469 2473//2473 2472//2472
f 2471//2471 2473//2473 2469//2469
f 2473//2473 2378//2378 2472//2472
f 2477//2477 2473//2473 2474//2474
f 2476//2476 2310//2310 2378//2378
f 2476//2476 2479//2479 2310//2310
f 2476//2476 2477//2477 2479//2479
f 2477//2477 2480//2480 2479//2479
f 2567//2567 2480//2480 2477//2477
f 2480//2480 2567//2567 2571//2571
f 2566//2566 2478//2478 2381//2381
f 2480//2480 2481//2481 2479//2479
f 2484//2484 2481//2481 2480//2480
f 2571//2571 2485//2485 2484//2484
f 2480//2480 2571//2571 2484//2484
f 2488//2488 2568//2568 2570//2570
f 2383//2383 2482//2482 2381//2381
f 2482//2482 2383//2383 2384//2384
f 2483//2483 2482//2482 2384//2384
f 2486//2486 2483//2483 2384//2384
f 2571//2571 2487//2487 2485//2485
f 2568//2568 2487//2487 2571//2571
f 2488//2488 2487//2487 2568//2568
f 2572//2572 2489//2489 2488//2488
f 2575//2575 2489//2489 2572//2572
f 2490//2490 2487//2487 2488//2488
f 2490//2490 2488//2488 2489//2489
f 2574//2574 2491//2491 2575//2575
f 2391//2391 2490//2490 2489//2489
f 2391//2391 2489//2489 2392//2392
f 2575//2575 2392//2392 2489//2489
f 2392//2392 2575//2575 2491//2491
f 2683//2683 2493//2493 2494//2494
f 2683//2683 2494//2494 2577//2577
f 2396//2396 2491//2491 2492//2492
f 2493//2493 2573//2573 2248//2248
f 2399//2399 2494//2494 2493//2493
f 2494//2494 2399//2399 2498//2498
f 2498//2498 2577//2577 2494//2494
f 2583//2583 2497//2497 2492//2492
f 2492//2492 2497//2497 2396//2396
f 2498//2498 2495//2495 2578//2578
f 2578//2578 2495//2495 2579//2579
f 2496//2496 2501//2501 2502//2502
f 2496//2496 2502//2502 2503//2503
f 2583//2583 2504//2504 2401//2401
f 2504//2504 2583//2583 2582//2582
f 2501//2501 2500//2500 2502//2502
f 2502//2502 2500//2500 2499//2499
f 2503//2503 2502//2502 2499//2499
f 2579//2579 2495//2495 2501//2501
f 2499//2499 2504//2504 2503//2503
f 2500//2500 2400//2400 2499//2499
f 2500//2500 2501//2501 2253//2253
f 2400//2400 2500//2500 2253//2253
f 2504//2504 2499//2499 2402//2402
f 2406//2406 2417//2417 2509//2509
f 2509//2509 2417//2417 2508//2508
f 2412//2412 2411//2411 2509//2509
f 2507//2507 2505//2505 2506//2506
f 2505//2505 2512//2512 2506//2506
f 2507//2507 2506//2506 2508//2508
f 2508//2508 2506//2506 2587//2587
f 2584//2584 2412//2412 2509//2509
f 2584//2584 2585//2585 2412//2412
f 2585//2585 2590//2590 2412//2412
f 2420//2420 2593//2593 2510//2510
f 2423//2423 2510//2510 2514//2514
f 2422//2422 2512//2512 2505//2505
f 2422//2422 2511//2511 2512//2512
f 2513//2513 2512//2512 2511//2511
f 2587//2587 2506//2506 2586//2586
f 2513//2513 2594//2594 2512//2512
f 2594//2594 2586//2586 2506//2506
f 2427//2427 2514//2514 2426//2426
f 2600//2600 2594//2594 2513//2513
f 2425//2425 2517//2517 2516//2516
f 2426//2426 2517//2517 2425//2425
f 2426//2426 2514//2514 2517//2517
f 2515//2515 2511//2511 2428//2428
f 2518//2518 2515//2515 2428//2428
f 2511//2511 2515//2515 2513//2513
f 2600//2600 2513//2513 2515//2515
f 2515//2515 2518//2518 2602//2602
f 2515//2515 2602//2602 2600//2600
f 2602//2602 2518//2518 2697//2697
f 2516//2516 2519//2519 2351//2351
f 2696//2696 2697//2697 2518//2518
f 2519//2519 2434//2434 2351//2351
f 2603//2603 2519//2519 2516//2516
f 2522//2522 2610//2610 2432//2432
f 2610//2610 2430//2430 2432//2432
f 2610//2610 2604//2604 2430//2430
f 2430//2430 2604//2604 2696//2696
f 2434//2434 2524//2524 2523//2523
f 2519//2519 2606//2606 2434//2434
f 2606//2606 2605//2605 2434//2434
f 2605//2605 2524//2524 2434//2434
f 2522//2522 2521//2521 2607//2607
f 2525//2525 2521//2521 2520//2520
f 2522//2522 2607//2607 2610//2610
f 2607//2607 2521//2521 2525//2525
f 2525//2525 2520//2520 2526//2526
f 2520//2520 2447//2447 2531//2531
f 2526//2526 2520//2520 2531//2531
f 2607//2607 2525//2525 2608//2608
f 2608//2608 2525//2525 2526//2526
f 2443//2443 2527//2527 2535//2535
f 2529//2529 2528//2528 2451//2451
f 2528//2528 2530//2530 2531//2531
f 2447//2447 2528//2528 2531//2531
f 2528//2528 2529//2529 2530//2530
f 2529//2529 2621//2621 2530//2530
f 2530//2530 2621//2621 2532//2532
f 2531//2531 2530//2530 2532//2532
f 2535//2535 2618//2618 2534//2534
f 2535//2535 2527//2527 2618//2618
f 2523//2523 2615//2615 2527//2527
f 2621//2621 2623//2623 2532//2532
f 2453//2453 2537//2537 2533//2533
f 2539//2539 2533//2533 2537//2537
f 2455//2455 2537//2537 2453//2453
f 2537//2537 2455//2455 2536//2536
f 2536//2536 2539//2539 2537//2537
f 2459//2459 2457//2457 2456//2456
f 2534//2534 2540//2540 2450//2450
f 2534//2534 2627//2627 2540//2540
f 2618//2618 2628//2628 2534//2534
f 2628//2628 2627//2627 2534//2534
f 2529//2529 2625//2625 2621//2621
f 2538//2538 2529//2529 2533//2533
f 2533//2533 2539//2539 2538//2538
f 2538//2538 2625//2625 2529//2529
f 2625//2625 2538//2538 2626//2626
f 2538//2538 2539//2539 2632//2632
f 2626//2626 2538//2538 2632//2632
f 2539//2539 2536//2536 2636//2636
f 2459//2459 2541//2541 2457//2457
f 2636//2636 2536//2536 2638//2638
f 2638//2638 2536//2536 2457//2457
f 2542//2542 2459//2459 2458//2458
f 2542//2542 2541//2541 2459//2459
f 2372//2372 2540//2540 2543//2543
f 2541//2541 2638//2638 2457//2457
f 2639//2639 2638//2638 2541//2541
f 2542//2542 2639//2639 2541//2541
f 2647//2647 2545//2545 2543//2543
f 2543//2543 2540//2540 2544//2544
f 2543//2543 2544//2544 2647//2647
f 2547//2547 2652//2652 2461//2461
f 2652//2652 2653//2653 2461//2461
f 2547//2547 2460//2460 2546//2546
f 2653//2653 2654//2654 2551//2551
f 2655//2655 2546//2546 2549//2549
f 2549//2549 2546//2546 2460//2460
f 2460//2460 2547//2547 2461//2461
f 2655//2655 2549//2549 2548//2548
f 2653//2653 2551//2551 2550//2550
f 2659//2659 2552//2552 2551//2551
f 2661//2661 2552//2552 2659//2659
f 2551//2551 2552//2552 2466//2466
f 2552//2552 2553//2553 2466//2466
f 2553//2553 2552//2552 2661//2661
f 2664//2664 2555//2555 2553//2553
f 2664//2664 2556//2556 2555//2555
f 2553//2553 2554//2554 2466//2466
f 2467//2467 2557//2557 2548//2548
f 2554//2554 2555//2555 2469//2469
f 2555//2555 2554//2554 2553//2553
f 2556//2556 2559//2559 2558//2558
f 2556//2556 2561//2561 2559//2559
f 2556//2556 2667//2667 2561//2561
f 2555//2555 2558//2558 2469//2469
f 2556//2556 2558//2558 2555//2555
f 2561//2561 2560//2560 2563//2563
f 2559//2559 2471//2471 2558//2558
f 2559//2559 2562//2562 2471//2471
f 2561//2561 2562//2562 2559//2559
f 2561//2561 2563//2563 2562//2562
f 2670//2670 2566//2566 2569//2569
f 2566//2566 2557//2557 2478//2478
f 2567//2567 2562//2562 2563//2563
f 2564//2564 2571//2571 2567//2567
f 2564//2564 2567//2567 2563//2563
f 2564//2564 2560//2560 2672//2672
f 2563//2563 2560//2560 2564//2564
f 2565//2565 2672//2672 2673//2673
f 2564//2564 2672//2672 2565//2565
f 2565//2565 2673//2673 2676//2676
f 2482//2482 2569//2569 2566//2566
f 2676//2676 2570//2570 2568//2568
f 2564//2564 2565//2565 2571//2571
f 2565//2565 2568//2568 2571//2571
f 2676//2676 2568//2568 2565//2565
f 2569//2569 2482//2482 2483//2483
f 2675//2675 2569//2569 2483//2483
f 2675//2675 2483//2483 2486//2486
f 2381//2381 2482//2482 2566//2566
f 2572//2572 2570//2570 2681//2681
f 2488//2488 2570//2570 2572//2572
f 2574//2574 2679//2679 2576//2576
f 2575//2575 2681//2681 2574//2574
f 2572//2572 2681//2681 2575//2575
f 2682//2682 2573//2573 2493//2493
f 2491//2491 2574//2574 2576//2576
f 2683//2683 2577//2577 2578//2578
f 2578//2578 2579//2579 2773//2773
f 2492//2492 2491//2491 2576//2576
f 2581//2581 2580//2580 2772//2772
f 2773//2773 2579//2579 2581//2581
f 2773//2773 2581//2581 2772//2772
f 2576//2576 2684//2684 2583//2583
f 2583//2583 2492//2492 2576//2576
f 2577//2577 2498//2498 2578//2578
f 2501//2501 2496//2496 2581//2581
f 2579//2579 2501//2501 2581//2581
f 2580//2580 2581//2581 2496//2496
f 2496//2496 2503//2503 2580//2580
f 2582//2582 2583//2583 2684//2684
f 2582//2582 2580//2580 2503//2503
f 2684//2684 2580//2580 2582//2582
f 2504//2504 2582//2582 2503//2503
f 2506//2506 2512//2512 2594//2594
f 2509//2509 2508//2508 2587//2587
f 2587//2587 2588//2588 2509//2509
f 2584//2584 2509//2509 2588//2588
f 2589//2589 2584//2584 2588//2588
f 2585//2585 2589//2589 2590//2590
f 2584//2584 2589//2589 2585//2585
f 2588//2588 2592//2592 2589//2589
f 2589//2589 2592//2592 2590//2590
f 2592//2592 2597//2597 2590//2590
f 2597//2597 2591//2591 2590//2590
f 2514//2514 2510//2510 2593//2593
f 2595//2595 2586//2586 2594//2594
f 2595//2595 2594//2594 2600//2600
f 2586//2586 2595//2595 2596//2596
f 2587//2587 2586//2586 2596//2596
f 2588//2588 2587//2587 2596//2596
f 2686//2686 2597//2597 2592//2592
f 2597//2597 2686//2686 2591//2591
f 2593//2593 2598//2598 2514//2514
f 2598//2598 2593//2593 2599//2599
f 2599//2599 2593//2593 2591//2591
f 2786//2786 2600//2600 2690//2690
f 2786//2786 2595//2595 2600//2600
f 2514//2514 2601//2601 2517//2517
f 2517//2517 2601//2601 2687//2687
f 2601//2601 2688//2688 2687//2687
f 2514//2514 2598//2598 2601//2601
f 2598//2598 2688//2688 2601//2601
f 2602//2602 2690//2690 2600//2600
f 2517//2517 2603//2603 2516//2516
f 2517//2517 2687//2687 2603//2603
f 2697//2697 2690//2690 2602//2602
f 2691//2691 2606//2606 2519//2519
f 2606//2606 2699//2699 2605//2605
f 2608//2608 2609//2609 2607//2607
f 2608//2608 2526//2526 2612//2612
f 2613//2613 2609//2609 2608//2608
f 2612//2612 2613//2613 2608//2608
f 2610//2610 2607//2607 2609//2609
f 2610//2610 2795//2795 2604//2604
f 2702//2702 2610//2610 2609//2609
f 2702//2702 2609//2609 2613//2613
f 2795//2795 2696//2696 2604//2604
f 2610//2610 2702//2702 2795//2795
f 2524//2524 2616//2616 2523//2523
f 2616//2616 2615//2615 2523//2523
f 2605//2605 2699//2699 2524//2524
f 2699//2699 2616//2616 2524//2524
f 2611//2611 2526//2526 2531//2531
f 2611//2611 2531//2531 2532//2532
f 2612//2612 2526//2526 2611//2611
f 2613//2613 2612//2612 2614//2614
f 2702//2702 2613//2613 2614//2614
f 2614//2614 2612//2612 2617//2617
f 2617//2617 2612//2612 2611//2611
f 2619//2619 2527//2527 2615//2615
f 2619//2619 2615//2615 2620//2620
f 2616//2616 2620//2620 2615//2615
f 2706//2706 2616//2616 2699//2699
f 2705//2705 2616//2616 2706//2706
f 2707//2707 2611//2611 2532//2532
f 2617//2617 2611//2611 2707//2707
f 2614//2614 2617//2617 2708//2708
f 2707//2707 2708//2708 2617//2617
f 2618//2618 2527//2527 2619//2619
f 2616//2616 2705//2705 2620//2620
f 2619//2619 2620//2620 2630//2630
f 2620//2620 2705//2705 2630//2630
f 2717//2717 2630//2630 2705//2705
f 2622//2622 2621//2621 2625//2625
f 2622//2622 2623//2623 2621//2621
f 2623//2623 2622//2622 2631//2631
f 2624//2624 2532//2532 2623//2623
f 2707//2707 2532//2532 2624//2624
f 2624//2624 2623//2623 2631//2631
f 2713//2713 2707//2707 2624//2624
f 2631//2631 2712//2712 2624//2624
f 2624//2624 2712//2712 2713//2713
f 2626//2626 2622//2622 2625//2625
f 2633//2633 2622//2622 2626//2626
f 2632//2632 2633//2633 2626//2626
f 2540//2540 2627//2627 2544//2544
f 2619//2619 2629//2629 2618//2618
f 2618//2618 2629//2629 2628//2628
f 2629//2629 2619//2619 2630//2630
f 2629//2629 2716//2716 2628//2628
f 2716//2716 2629//2629 2630//2630
f 2622//2622 2633//2633 2631//2631
f 2631//2631 2633//2633 2715//2715
f 2712//2712 2631//2631 2715//2715
f 2634//2634 2633//2633 2632//2632
f 2633//2633 2634//2634 2635//2635
f 2633//2633 2635//2635 2715//2715
f 2635//2635 2634//2634 2719//2719
f 2635//2635 2718//2718 2715//2715
f 2539//2539 2636//2636 2632//2632
f 2632//2632 2636//2636 2637//2637
f 2638//2638 2637//2637 2636//2636
f 2637//2637 2638//2638 2642//2642
f 2634//2634 2632//2632 2637//2637
f 2627//2627 2641//2641 2544//2544
f 2627//2627 2727//2727 2641//2641
f 2628//2628 2727//2727 2627//2627
f 2716//2716 2727//2727 2628//2628
f 2718//2718 2635//2635 2719//2719
f 2634//2634 2637//2637 2721//2721
f 2721//2721 2637//2637 2642//2642
f 2639//2639 2645//2645 2638//2638
f 2643//2643 2639//2639 2542//2542
f 2643//2643 2645//2645 2639//2639
f 2545//2545 2646//2646 2542//2542
f 2647//2647 2646//2646 2545//2545
f 2640//2640 2544//2544 2641//2641
f 2640//2640 2647//2647 2544//2544
f 2641//2641 2732//2732 2640//2640
f 2641//2641 2727//2727 2733//2733
f 2641//2641 2733//2733 2732//2732
f 2645//2645 2642//2642 2638//2638
f 2643//2643 2542//2542 2644//2644
f 2542//2542 2646//2646 2644//2644
f 2645//2645 2643//2643 2731//2731
f 2736//2736 2644//2644 2646//2646
f 2647//2647 2640//2640 2732//2732
f 2643//2643 2735//2735 2731//2731
f 2643//2643 2644//2644 2735//2735
f 2646//2646 2647//2647 2732//2732
f 2749//2749 2650//2650 2885//2885
f 2749//2749 2651//2651 2650//2650
f 2885//2885 2650//2650 2892//2892
f 2651//2651 2648//2648 2547//2547
f 2652//2652 2547//2547 2648//2648
f 2658//2658 2892//2892 2655//2655
f 2651//2651 2546//2546 2650//2650
f 2892//2892 2650//2650 2655//2655
f 2651//2651 2547//2547 2546//2546
f 2648//2648 2649//2649 2652//2652
f 2652//2652 2649//2649 2653//2653
f 2649//2649 2753//2753 2653//2653
f 2653//2653 2753//2753 2654//2654
f 2657//2657 2654//2654 2753//2753
f 2546//2546 2655//2655 2650//2650
f 2657//2657 2656//2656 2654//2654
f 2755//2755 2756//2756 2657//2657
f 2656//2656 2657//2657 2660//2660
f 2658//2658 2655//2655 2548//2548
f 2654//2654 2659//2659 2551//2551
f 2656//2656 2660//2660 2659//2659
f 2654//2654 2656//2656 2659//2659
f 2659//2659 2660//2660 2661//2661
f 2657//2657 2661//2661 2660//2660
f 2657//2657 2756//2756 2661//2661
f 2756//2756 2662//2662 2661//2661
f 2665//2665 2658//2658 2548//2548
f 2662//2662 2664//2664 2553//2553
f 2662//2662 2553//2553 2661//2661
f 2663//2663 2664//2664 2662//2662
f 2663//2663 2758//2758 2664//2664
f 2665//2665 2759//2759 2658//2658
f 2665//2665 2548//2548 2557//2557
f 2758//2758 2556//2556 2664//2664
f 2759//2759 2665//2665 2670//2670
f 2665//2665 2557//2557 2670//2670
f 2667//2667 2763//2763 2668//2668
f 2666//2666 2763//2763 2667//2667
f 2758//2758 2667//2667 2556//2556
f 2667//2667 2758//2758 2666//2666
f 2668//2668 2763//2763 2669//2669
f 2669//2669 2763//2763 2764//2764
f 2670//2670 2671//2671 2759//2759
f 2668//2668 2560//2560 2561//2561
f 2668//2668 2561//2561 2667//2667
f 2668//2668 2672//2672 2560//2560
f 2669//2669 2672//2672 2668//2668
f 2672//2672 2669//2669 2674//2674
f 2674//2674 2669//2669 2764//2764
f 2766//2766 2768//2768 2674//2674
f 2766//2766 2674//2674 2764//2764
f 2670//2670 2557//2557 2566//2566
f 2675//2675 2671//2671 2569//2569
f 2671//2671 2670//2670 2569//2569
f 2672//2672 2674//2674 2673//2673
f 2767//2767 2677//2677 2768//2768
f 2674//2674 2570//2570 2676//2676
f 2768//2768 2570//2570 2674//2674
f 2674//2674 2676//2676 2673//2673
f 2570//2570 2768//2768 2677//2677
f 2675//2675 2486//2486 2573//2573
f 2769//2769 2675//2675 2573//2573
f 2770//2770 2769//2769 2573//2573
f 2680//2680 2677//2677 2678//2678
f 2681//2681 2570//2570 2677//2677
f 2680//2680 2574//2574 2681//2681
f 2678//2678 2679//2679 2680//2680
f 2677//2677 2680//2680 2681//2681
f 2680//2680 2679//2679 2574//2574
f 2774//2774 2576//2576 2679//2679
f 2683//2683 2682//2682 2493//2493
f 2684//2684 2576//2576 2774//2774
f 2772//2772 2580//2580 2684//2684
f 2592//2592 2685//2685 2686//2686
f 2599//2599 2591//2591 2780//2780
f 2588//2588 2685//2685 2592//2592
f 2599//2599 2689//2689 2598//2598
f 2598//2598 2689//2689 2688//2688
f 2686//2686 2775//2775 2591//2591
f 2685//2685 2779//2779 2686//2686
f 2780//2780 2591//2591 2775//2775
f 2689//2689 2599//2599 2780//2780
f 2519//2519 2603//2603 2691//2691
f 2688//2688 2785//2785 2687//2687
f 2694//2694 2687//2687 2785//2785
f 2688//2688 2689//2689 2785//2785
f 2687//2687 2693//2693 2603//2603
f 2693//2693 2691//2691 2603//2603
f 2693//2693 2692//2692 2691//2691
f 2687//2687 2694//2694 2693//2693
f 2693//2693 2698//2698 2692//2692
f 2698//2698 2693//2693 2694//2694
f 2695//2695 2606//2606 2691//2691
f 2691//2691 2692//2692 2695//2695
f 2697//2697 2696//2696 2789//2789
f 2698//2698 2792//2792 2692//2692
f 2695//2695 2700//2700 2606//2606
f 2692//2692 2700//2700 2695//2695
f 2791//2791 2700//2700 2692//2692
f 2795//2795 2793//2793 2696//2696
f 2701//2701 2699//2699 2606//2606
f 2700//2700 2701//2701 2606//2606
f 2704//2704 2795//2795 2702//2702
f 2706//2706 2699//2699 2701//2701
f 2702//2702 2614//2614 2703//2703
f 2614//2614 2708//2708 2709//2709
f 2704//2704 2702//2702 2703//2703
f 2709//2709 2703//2703 2614//2614
f 2801//2801 2705//2705 2706//2706
f 2714//2714 2708//2708 2707//2707
f 2709//2709 2708//2708 2800//2800
f 2800//2800 2708//2708 2714//2714
f 2704//2704 2703//2703 2710//2710
f 2710//2710 2703//2703 2709//2709
f 2710//2710 2799//2799 2704//2704
f 2800//2800 2710//2710 2709//2709
f 2705//2705 2711//2711 2717//2717
f 2801//2801 2711//2711 2705//2705
f 2706//2706 2941//2941 2801//2801
f 2714//2714 2707//2707 2713//2713
f 2715//2715 2720//2720 2712//2712
f 2715//2715 2718//2718 2720//2720
f 2630//2630 2717//2717 2716//2716
f 2806//2806 2716//2716 2717//2717
f 2806//2806 2717//2717 2802//2802
f 2802//2802 2717//2717 2711//2711
f 2803//2803 2711//2711 2801//2801
f 2802//2802 2711//2711 2803//2803
f 2713//2713 2712//2712 2805//2805
f 2721//2721 2719//2719 2634//2634
f 2720//2720 2718//2718 2723//2723
f 2723//2723 2718//2718 2719//2719
f 2712//2712 2720//2720 2805//2805
f 2716//2716 2806//2806 2727//2727
f 2719//2719 2721//2721 2722//2722
f 2722//2722 2723//2723 2719//2719
f 2723//2723 2722//2722 2807//2807
f 2804//2804 2720//2720 2723//2723
f 2642//2642 2724//2724 2721//2721
f 2724//2724 2642//2642 2726//2726
f 2722//2722 2721//2721 2724//2724
f 2724//2724 2726//2726 2728//2728
f 2729//2729 2728//2728 2726//2726
f 2807//2807 2722//2722 2724//2724
f 2645//2645 2725//2725 2642//2642
f 2725//2725 2645//2645 2731//2731
f 2725//2725 2726//2726 2642//2642
f 2725//2725 2729//2729 2726//2726
f 2812//2812 2733//2733 2727//2727
f 2807//2807 2724//2724 2728//2728
f 2728//2728 2734//2734 2807//2807
f 2730//2730 2731//2731 2734//2734
f 2725//2725 2731//2731 2730//2730
f 2734//2734 2728//2728 2729//2729
f 2725//2725 2730//2730 2729//2729
f 2730//2730 2734//2734 2729//2729
f 2732//2732 2736//2736 2646//2646
f 2738//2738 2732//2732 2733//2733
f 2732//2732 2738//2738 2737//2737
f 2812//2812 2821//2821 2733//2733
f 2819//2819 2734//2734 2731//2731
f 2644//2644 2736//2736 2735//2735
f 2735//2735 2736//2736 2739//2739
f 2740//2740 2731//2731 2735//2735
f 2738//2738 2743//2743 2737//2737
f 2732//2732 2737//2737 2741//2741
f 2741//2741 2737//2737 2743//2743
f 2733//2733 2825//2825 2738//2738
f 2738//2738 2825//2825 2743//2743
f 2733//2733 2821//2821 2825//2825
f 2739//2739 2740//2740 2735//2735
f 2819//2819 2731//2731 2740//2740
f 2824//2824 2819//2819 2740//2740
f 2742//2742 2740//2740 2739//2739
f 2742//2742 2824//2824 2740//2740
f 2732//2732 2741//2741 2736//2736
f 2736//2736 2741//2741 2739//2739
f 2837//2837 2739//2739 2741//2741
f 2741//2741 2743//2743 2837//2837
f 2825//2825 2829//2829 2743//2743
f 2739//2739 2744//2744 2742//2742
f 2744//2744 2739//2739 2837//2837
f 2837//2837 2836//2836 2744//2744
f 2747//2747 2874//2874 2648//2648
f 2749//2749 2873//2873 2747//2747
f 2878//2878 2881//2881 2746//2746
f 2867//2867 2749//2749 2885//2885
f 2648//2648 2745//2745 2746//2746
f 2881//2881 2648//2648 2746//2746
f 2881//2881 2748//2748 2750//2750
f 2748//2748 2886//2886 2750//2750
f 2747//2747 2651//2651 2749//2749
f 2747//2747 2648//2648 2651//2651
f 2649//2649 2648//2648 2881//2881
f 2649//2649 2881//2881 2750//2750
f 2750//2750 2886//2886 2751//2751
f 2890//2890 2752//2752 2751//2751
f 2886//2886 2890//2890 2751//2751
f 2649//2649 2750//2750 2753//2753
f 2751//2751 2753//2753 2750//2750
f 2752//2752 2754//2754 2751//2751
f 2755//2755 2754//2754 2752//2752
f 2752//2752 2891//2891 2755//2755
f 2754//2754 2755//2755 2753//2753
f 2751//2751 2754//2754 2753//2753
f 2756//2756 2755//2755 2891//2891
f 2892//2892 2658//2658 3077//3077
f 2755//2755 2657//2657 2753//2753
f 2757//2757 2662//2662 2756//2756
f 2894//2894 2758//2758 2757//2757
f 2757//2757 2663//2663 2662//2662
f 2758//2758 2663//2663 2757//2757
f 2758//2758 2897//2897 2666//2666
f 3080//3080 2759//2759 2760//2760
f 2899//2899 2764//2764 2761//2761
f 2760//2760 2671//2671 2900//2900
f 2759//2759 2671//2671 2760//2760
f 2762//2762 2763//2763 2666//2666
f 2762//2762 2764//2764 2763//2763
f 2762//2762 2897//2897 2761//2761
f 2764//2764 2762//2762 2761//2761
f 2897//2897 2762//2762 2666//2666
f 2901//2901 2766//2766 2764//2764
f 2902//2902 2765//2765 2675//2675
f 2901//2901 2768//2768 2766//2766
f 2765//2765 2671//2671 2675//2675
f 2902//2902 2675//2675 2769//2769
f 2901//2901 2767//2767 2768//2768
f 2767//2767 2901//2901 3085//3085
f 3087//3087 2902//2902 2770//2770
f 2902//2902 2769//2769 2770//2770
f 2770//2770 2683//2683 2903//2903
f 2683//2683 2771//2771 2903//2903
f 2678//2678 2767//2767 2907//2907
f 2677//2677 2767//2767 2678//2678
f 2770//2770 2573//2573 2682//2682
f 2770//2770 2682//2682 2683//2683
f 2679//2679 2907//2907 2906//2906
f 2906//2906 2774//2774 2679//2679
f 2679//2679 2678//2678 2907//2907
f 2772//2772 2908//2908 2773//2773
f 2909//2909 2908//2908 2772//2772
f 2772//2772 2684//2684 2774//2774
f 2772//2772 2774//2774 2909//2909
f 2771//2771 2683//2683 2578//2578
f 2578//2578 2773//2773 2771//2771
f 2588//2588 2596//2596 2784//2784
f 2779//2779 2588//2588 2784//2784
f 2685//2685 2588//2588 2779//2779
f 2596//2596 2595//2595 2776//2776
f 2776//2776 2777//2777 2596//2596
f 2596//2596 2777//2777 2784//2784
f 2686//2686 2778//2778 2775//2775
f 2778//2778 2916//2916 2775//2775
f 2778//2778 2686//2686 2779//2779
f 2918//2918 2778//2778 2779//2779
f 2780//2780 2775//2775 2917//2917
f 2917//2917 2775//2775 2916//2916
f 2776//2776 2595//2595 2781//2781
f 2781//2781 2595//2595 2786//2786
f 2776//2776 2781//2781 2783//2783
f 2777//2777 2776//2776 2782//2782
f 2777//2777 2782//2782 2784//2784
f 2911//2911 2782//2782 2912//2912
f 2782//2782 2776//2776 2783//2783
f 2782//2782 2783//2783 2912//2912
f 2784//2784 2782//2782 2911//2911
f 2916//2916 2778//2778 2918//2918
f 2785//2785 2689//2689 2787//2787
f 2786//2786 2690//2690 2697//2697
f 2789//2789 2790//2790 2697//2697
f 2786//2786 2697//2697 2790//2790
f 2786//2786 2921//2921 2781//2781
f 2915//2915 2689//2689 2780//2780
f 2698//2698 2694//2694 2792//2792
f 2785//2785 2788//2788 2694//2694
f 2785//2785 2787//2787 2788//2788
f 2694//2694 2788//2788 2931//2931
f 2787//2787 2689//2689 2915//2915
f 2926//2926 2787//2787 2915//2915
f 2926//2926 2788//2788 2787//2787
f 2792//2792 2791//2791 2692//2692
f 2789//2789 2927//2927 2790//2790
f 2920//2920 2790//2790 2927//2927
f 2920//2920 2786//2786 2790//2790
f 2786//2786 2920//2920 2921//2921
f 2930//2930 2694//2694 2931//2931
f 2930//2930 2792//2792 2694//2694
f 2700//2700 2791//2791 2701//2701
f 2696//2696 2793//2793 2789//2789
f 2795//2795 2796//2796 2793//2793
f 2927//2927 2789//2789 2793//2793
f 2927//2927 2933//2933 2920//2920
f 2927//2927 2793//2793 2796//2796
f 2791//2791 2797//2797 2701//2701
f 2794//2794 2797//2797 2791//2791
f 2791//2791 2792//2792 2794//2794
f 2930//2930 2794//2794 2792//2792
f 2799//2799 2795//2795 2704//2704
f 2799//2799 2796//2796 2795//2795
f 2796//2796 2799//2799 2934//2934
f 2797//2797 2706//2706 2701//2701
f 2798//2798 2710//2710 2800//2800
f 2798//2798 2799//2799 2710//2710
f 2799//2799 2798//2798 2943//2943
f 2943//2943 2939//2939 2799//2799
f 2941//2941 2706//2706 2797//2797
f 2714//2714 2713//2713 2948//2948
f 2948//2948 2713//2713 2805//2805
f 2803//2803 2950//2950 2802//2802
f 2803//2803 2801//2801 2945//2945
f 2808//2808 2804//2804 2723//2723
f 2723//2723 2807//2807 2808//2808
f 2720//2720 2804//2804 2805//2805
f 2804//2804 2809//2809 2805//2805
f 2805//2805 2809//2809 2952//2952
f 2948//2948 2805//2805 2952//2952
f 2800//2800 2714//2714 2949//2949
f 2949//2949 2714//2714 2948//2948
f 2948//2948 2952//2952 2953//2953
f 2806//2806 2802//2802 2955//2955
f 2806//2806 2955//2955 2813//2813
f 2802//2802 2950//2950 2955//2955
f 2811//2811 2810//2810 2807//2807
f 2804//2804 2808//2808 2809//2809
f 2807//2807 2810//2810 2808//2808
f 2810//2810 2815//2815 2808//2808
f 2808//2808 2815//2815 2809//2809
f 2810//2810 2814//2814 2815//2815
f 2815//2815 2952//2952 2809//2809
f 2727//2727 2806//2806 2812//2812
f 2813//2813 2812//2812 2806//2806
f 2813//2813 2822//2822 2812//2812
f 2811//2811 2814//2814 2810//2810
f 2734//2734 2811//2811 2807//2807
f 2734//2734 2820//2820 2811//2811
f 2814//2814 2811//2811 2818//2818
f 2734//2734 2819//2819 2820//2820
f 2813//2813 2963//2963 2822//2822
f 2963//2963 2813//2813 2955//2955
f 2814//2814 2818//2818 2816//2816
f 2816//2816 2957//2957 2815//2815
f 2814//2814 2816//2816 2815//2815
f 2816//2816 2817//2817 2957//2957
f 2823//2823 2817//2817 2816//2816
f 2816//2816 2818//2818 2823//2823
f 2811//2811 2820//2820 2818//2818
f 2819//2819 2824//2824 2820//2820
f 2822//2822 2821//2821 2812//2812
f 2821//2821 2822//2822 2827//2827
f 2822//2822 2963//2963 2967//2967
f 2820//2820 2968//2968 2818//2818
f 2833//2833 2828//2828 2820//2820
f 2820//2820 2824//2824 2833//2833
f 2825//2825 2826//2826 2829//2829
f 2821//2821 2826//2826 2825//2825
f 2821//2821 2827//2827 2826//2826
f 2827//2827 2831//2831 2826//2826
f 2822//2822 2974//2974 2827//2827
f 2822//2822 2967//2967 2974//2974
f 2833//2833 2972//2972 2828//2828
f 2820//2820 2828//2828 2968//2968
f 2972//2972 2968//2968 2828//2828
f 2968//2968 2972//2972 2971//2971
f 2832//2832 2824//2824 2742//2742
f 2834//2834 2832//2832 2742//2742
f 2742//2742 2744//2744 2834//2834
f 2744//2744 2835//2835 2834//2834
f 2744//2744 2836//2836 2835//2835
f 2829//2829 2830//2830 2743//2743
f 2743//2743 2830//2830 2837//2837
f 2829//2829 2826//2826 2831//2831
f 2824//2824 2832//2832 2833//2833
f 2832//2832 2834//2834 2841//2841
f 2833//2833 2832//2832 2840//2840
f 2834//2834 2835//2835 2841//2841
f 2837//2837 2844//2844 2836//2836
f 2837//2837 2830//2830 2845//2845
f 2830//2830 2829//2829 2838//2838
f 2830//2830 2838//2838 2845//2845
f 2829//2829 2831//2831 2838//2838
f 2831//2831 2839//2839 2838//2838
f 2831//2831 2827//2827 2973//2973
f 2831//2831 2973//2973 2839//2839
f 2832//2832 2842//2842 2840//2840
f 2832//2832 2841//2841 2842//2842
f 2835//2835 2836//2836 2843//2843
f 2835//2835 2843//2843 2841//2841
f 2836//2836 2844//2844 2843//2843
f 2837//2837 2845//2845 2844//2844
f 2838//2838 2847//2847 2845//2845
f 2845//2845 2847//2847 2844//2844
f 2838//2838 2846//2846 2849//2849
f 2847//2847 2838//2838 2849//2849
f 2839//2839 2846//2846 2838//2838
f 2846//2846 2850//2850 2849//2849
f 2846//2846 2982//2982 2850//2850
f 2982//2982 2988//2988 2850//2850
f 2842//2842 2994//2994 2840//2840
f 2841//2841 2859//2859 2842//2842
f 2844//2844 2852//2852 2843//2843
f 2844//2844 2847//2847 2852//2852
f 2843//2843 2852//2852 2851//2851
f 2848//2848 2854//2854 2847//2847
f 2847//2847 2849//2849 2848//2848
f 2849//2849 2857//2857 2848//2848
f 2850//2850 2857//2857 2849//2849
f 2850//2850 2996//2996 2857//2857
f 2988//2988 2996//2996 2850//2850
f 2994//2994 2842//2842 2858//2858
f 2859//2859 2841//2841 2843//2843
f 2859//2859 2858//2858 2842//2842
f 2843//2843 2851//2851 2859//2859
f 2851//2851 2853//2853 2859//2859
f 2847//2847 2854//2854 2852//2852
f 2851//2851 2852//2852 2853//2853
f 2854//2854 2855//2855 2852//2852
f 2852//2852 2855//2855 2853//2853
f 2848//2848 2857//2857 2856//2856
f 2848//2848 2856//2856 2854//2854
f 2854//2854 2856//2856 2855//2855
f 2996//2996 3002//3002 2857//2857
f 2857//2857 3002//3002 2856//2856
f 2859//2859 2861//2861 2858//2858
f 2853//2853 2860//2860 2859//2859
f 2859//2859 2860//2860 2861//2861
f 3005//3005 2861//2861 2860//2860
f 2855//2855 3008//3008 2853//2853
f 2853//2853 3008//3008 2860//2860
f 2856//2856 3008//3008 2855//2855
f 2856//2856 3009//3009 3008//3008
f 3002//3002 3009//3009 2856//2856
f 2860//2860 3008//3008 3006//3006
f 2860//2860 3006//3006 3005//3005
f 2864//2864 2868//2868 2863//2863
f 2863//2863 2866//2866 3060//3060
f 2863//2863 2868//2868 2866//2866
f 2862//2862 2868//2868 2864//2864
f 3060//3060 2866//2866 3063//3063
f 3063//3063 2867//2867 3062//3062
f 2867//2867 3063//3063 2866//2866
f 2862//2862 2869//2869 2868//2868
f 2862//2862 2876//2876 2869//2869
f 3058//3058 2876//2876 2862//2862
f 3058//3058 2865//2865 2876//2876
f 2872//2872 2871//2871 2865//2865
f 2869//2869 2874//2874 2868//2868
f 2869//2869 2875//2875 2874//2874
f 2876//2876 2875//2875 2869//2869
f 2870//2870 2878//2878 2876//2876
f 2870//2870 2876//2876 2865//2865
f 2870//2870 2865//2865 2871//2871
f 2877//2877 2870//2870 2871//2871
f 2872//2872 2877//2877 2871//2871
f 2877//2877 3068//3068 2879//2879
f 2867//2867 2866//2866 2749//2749
f 2866//2866 2873//2873 2749//2749
f 2873//2873 2868//2868 2874//2874
f 2873//2873 2866//2866 2868//2868
f 2875//2875 2876//2876 2745//2745
f 2878//2878 2870//2870 2877//2877
f 2874//2874 2747//2747 2873//2873
f 2875//2875 2745//2745 2874//2874
f 2874//2874 2745//2745 2648//2648
f 2745//2745 2876//2876 2878//2878
f 2877//2877 2879//2879 2878//2878
f 2879//2879 3068//3068 2880//2880
f 2884//2884 2880//2880 3068//3068
f 2745//2745 2878//2878 2746//2746
f 2879//2879 2881//2881 2878//2878
f 2879//2879 2882//2882 2881//2881
f 2879//2879 2880//2880 2882//2882
f 3264//3264 3067//3067 2885//2885
f 2867//2867 2885//2885 3067//3067
f 2882//2882 2748//2748 2881//2881
f 2880//2880 2883//2883 2882//2882
f 2883//2883 2887//2887 2748//2748
f 2882//2882 2883//2883 2748//2748
f 2884//2884 2883//2883 2880//2880
f 2884//2884 2887//2887 2883//2883
f 2888//2888 2887//2887 2884//2884
f 2888//2888 2884//2884 3071//3071
f 2885//2885 2892//2892 3264//3264
f 2886//2886 2748//2748 2887//2887
f 2889//2889 2891//2891 2888//2888
f 2893//2893 2891//2891 2889//2889
f 2887//2887 2890//2890 2886//2886
f 2890//2890 2887//2887 2888//2888
f 2888//2888 2891//2891 2890//2890
f 2891//2891 2752//2752 2890//2890
f 2893//2893 2756//2756 2891//2891
f 2893//2893 2757//2757 2756//2756
f 2757//2757 2893//2893 2894//2894
f 2758//2758 2894//2894 2897//2897
f 2894//2894 3076//3076 2897//2897
f 2895//2895 3077//3077 2658//2658
f 2895//2895 2658//2658 2759//2759
f 2895//2895 2759//2759 3080//3080
f 3080//3080 3077//3077 2895//2895
f 2898//2898 2897//2897 3076//3076
f 2898//2898 3076//3076 2896//2896
f 3082//3082 2898//2898 2896//2896
f 2901//2901 2899//2899 3082//3082
f 2761//2761 2897//2897 2898//2898
f 2899//2899 2761//2761 2898//2898
f 2899//2899 2898//2898 3082//3082
f 3080//3080 2760//2760 2900//2900
f 3083//3083 2900//2900 2765//2765
f 2899//2899 2901//2901 2764//2764
f 2900//2900 2671//2671 2765//2765
f 2902//2902 3083//3083 2765//2765
f 2902//2902 3287//3287 3083//3083
f 3088//3088 2903//2903 3091//3091
f 3084//3084 2767//2767 3085//3085
f 3087//3087 2770//2770 2903//2903
f 2907//2907 2767//2767 3084//3084
f 3089//3089 2771//2771 2773//2773
f 3090//3090 3089//3089 2773//2773
f 2904//2904 2906//2906 2907//2907
f 2773//2773 2908//2908 3090//3090
f 3090//3090 2908//2908 2905//2905
f 2909//2909 2774//2774 2906//2906
f 2909//2909 2905//2905 2908//2908
f 2904//2904 2905//2905 2909//2909
f 2904//2904 2909//2909 2906//2906
f 2912//2912 2783//2783 2923//2923
f 2923//2923 2783//2783 2922//2922
f 2779//2779 2784//2784 2910//2910
f 2910//2910 2784//2784 2911//2911
f 2912//2912 2913//2913 2911//2911
f 2913//2913 2910//2910 2911//2911
f 2914//2914 2779//2779 2910//2910
f 2918//2918 2779//2779 2914//2914
f 2915//2915 2780//2780 2917//2917
f 2783//2783 2781//2781 2922//2922
f 2921//2921 2922//2922 2781//2781
f 2912//2912 2923//2923 2913//2913
f 2913//2913 2923//2923 3092//3092
f 2913//2913 2914//2914 2910//2910
f 2914//2914 2913//2913 3092//3092
f 3093//3093 2918//2918 2914//2914
f 2916//2916 2919//2919 2917//2917
f 2918//2918 2919//2919 2916//2916
f 2925//2925 2915//2915 2917//2917
f 2918//2918 3094//3094 2919//2919
f 2924//2924 2917//2917 2919//2919
f 2919//2919 3094//3094 2924//2924
f 2925//2925 2917//2917 2924//2924
f 2925//2925 2926//2926 2915//2915
f 2921//2921 2920//2920 2929//2929
f 2921//2921 2929//2929 2922//2922
f 2914//2914 3092//3092 3093//3093
f 3093//3093 3094//3094 2918//2918
f 3095//3095 2924//2924 3094//3094
f 2925//2925 2924//2924 3095//3095
f 2932//2932 2925//2925 3095//3095
f 2926//2926 2931//2931 2788//2788
f 2925//2925 2932//2932 2926//2926
f 2920//2920 2933//2933 2928//2928
f 2920//2920 2928//2928 2929//2929
f 2922//2922 2929//2929 3097//3097
f 2929//2929 2928//2928 3097//3097
f 3098//3098 2922//2922 3097//3097
f 2923//2923 2922//2922 3098//3098
f 3096//3096 2931//2931 2926//2926
f 2926//2926 2932//2932 3096//3096
f 2927//2927 2796//2796 2934//2934
f 2927//2927 2934//2934 2933//2933
f 2933//2933 2934//2934 2935//2935
f 2936//2936 2933//2933 2935//2935
f 2928//2928 2933//2933 2936//2936
f 2936//2936 2935//2935 2938//2938
f 2928//2928 2936//2936 2937//2937
f 2937//2937 2936//2936 2938//2938
f 2794//2794 2930//2930 3120//3120
f 2930//2930 2931//2931 3120//3120
f 2934//2934 2799//2799 2939//2939
f 2939//2939 2940//2940 2934//2934
f 2935//2935 2934//2934 2940//2940
f 2940//2940 3105//3105 2935//2935
f 2940//2940 3111//3111 3105//3105
f 2935//2935 3105//3105 2938//2938
f 2797//2797 2794//2794 2941//2941
f 2794//2794 3120//3120 3119//3119
f 2939//2939 2943//2943 2944//2944
f 2941//2941 2945//2945 2801//2801
f 2941//2941 2946//2946 2945//2945
f 2941//2941 2947//2947 2946//2946
f 3119//3119 2947//2947 2794//2794
f 2947//2947 2941//2941 2794//2794
f 3119//3119 3124//3124 2947//2947
f 2942//2942 2798//2798 2800//2800
f 2942//2942 2800//2800 2949//2949
f 2942//2942 2943//2943 2798//2798
f 2943//2943 2942//2942 2949//2949
f 2943//2943 3131//3131 2944//2944
f 2945//2945 2946//2946 2803//2803
f 3125//3125 2946//2946 2947//2947
f 2949//2949 2948//2948 2953//2953
f 2946//2946 2950//2950 2803//2803
f 2951//2951 2950//2950 2946//2946
f 2954//2954 2943//2943 2949//2949
f 2954//2954 3131//3131 2943//2943
f 2957//2957 2952//2952 2815//2815
f 2957//2957 2958//2958 2952//2952
f 2960//2960 2952//2952 2958//2958
f 2953//2953 2952//2952 2960//2960
f 2954//2954 2949//2949 2953//2953
f 2954//2954 2953//2953 2961//2961
f 2961//2961 2953//2953 2960//2960
f 2950//2950 2956//2956 2955//2955
f 2956//2956 2964//2964 2955//2955
f 2951//2951 2956//2956 2950//2950
f 2965//2965 2957//2957 2817//2817
f 2958//2958 2957//2957 2965//2965
f 2965//2965 2959//2959 2958//2958
f 2960//2960 2958//2958 2959//2959
f 2961//2961 2960//2960 2962//2962
f 2962//2962 2960//2960 2959//2959
f 3132//3132 2954//2954 2961//2961
f 2962//2962 3132//3132 2961//2961
f 2955//2955 2964//2964 2963//2963
f 2964//2964 2967//2967 2963//2963
f 2956//2956 3138//3138 2964//2964
f 2968//2968 2823//2823 2818//2818
f 2968//2968 2817//2817 2823//2823
f 2965//2965 2817//2817 2966//2966
f 2817//2817 2968//2968 2966//2966
f 2969//2969 2965//2965 2966//2966
f 2965//2965 3140//3140 2959//2959
f 2969//2969 3140//3140 2965//2965
f 2959//2959 3140//3140 2962//2962
f 3141//3141 2962//2962 3140//3140
f 3138//3138 3144//3144 2964//2964
f 2966//2966 2968//2968 2977//2977
f 2970//2970 2977//2977 2968//2968
f 2968//2968 2971//2971 2970//2970
f 2966//2966 2977//2977 2969//2969
f 3152//3152 2969//2969 2977//2977
f 3140//3140 2969//2969 3152//3152
f 2974//2974 2973//2973 2827//2827
f 2964//2964 3144//3144 2967//2967
f 3144//3144 2975//2975 2967//2967
f 2967//2967 2975//2975 2974//2974
f 2976//2976 2977//2977 2970//2970
f 2970//2970 2980//2980 2976//2976
f 2970//2970 2971//2971 2980//2980
f 2974//2974 2983//2983 2973//2973
f 2982//2982 2839//2839 2973//2973
f 2983//2983 2982//2982 2973//2973
f 2984//2984 2974//2974 2975//2975
f 2983//2983 2974//2974 2984//2984
f 2980//2980 2986//2986 2976//2976
f 2986//2986 2978//2978 2976//2976
f 2977//2977 2976//2976 2979//2979
f 2977//2977 2979//2979 3152//3152
f 2976//2976 2978//2978 2979//2979
f 2979//2979 2978//2978 3163//3163
f 2971//2971 2972//2972 2981//2981
f 2980//2980 2971//2971 2986//2986
f 2981//2981 2991//2991 2971//2971
f 2972//2972 2833//2833 2987//2987
f 2981//2981 2972//2972 2987//2987
f 2840//2840 2987//2987 2833//2833
f 2839//2839 2982//2982 2846//2846
f 2982//2982 2983//2983 2988//2988
f 2983//2983 2984//2984 2988//2988
f 2975//2975 2985//2985 2984//2984
f 2985//2985 2975//2975 3149//3149
f 3167//3167 2978//2978 2986//2986
f 2981//2981 2987//2987 2991//2991
f 2988//2988 2993//2993 2996//2996
f 2989//2989 2993//2993 2988//2988
f 2988//2988 2984//2984 2989//2989
f 2993//2993 2989//2989 3171//3171
f 2989//2989 2984//2984 3160//3160
f 2990//2990 2989//2989 3160//3160
f 2989//2989 2990//2990 3171//3171
f 3188//3188 2986//2986 2971//2971
f 2987//2987 3184//3184 2991//2991
f 2987//2987 2840//2840 2992//2992
f 2840//2840 2994//2994 2992//2992
f 2992//2992 3184//3184 2987//2987
f 2995//2995 2997//2997 2992//2992
f 2992//2992 2997//2997 3184//3184
f 3001//3001 2998//2998 2858//2858
f 2995//2995 2992//2992 2994//2994
f 2998//2998 2994//2994 2858//2858
f 2994//2994 2998//2998 3000//3000
f 2994//2994 3000//3000 2995//2995
f 2993//2993 3011//3011 2996//2996
f 3189//3189 3011//3011 2993//2993
f 2993//2993 3171//3171 3189//3189
f 3001//3001 2999//2999 2998//2998
f 2998//2998 2999//2999 3000//3000
f 3003//3003 3000//3000 2999//2999
f 2995//2995 3000//3000 2997//2997
f 2997//2997 3000//3000 3193//3193
f 2861//2861 3001//3001 2858//2858
f 3001//3001 3004//3004 2999//2999
f 2996//2996 3011//3011 3002//3002
f 3004//3004 3003//3003 2999//2999
f 3013//3013 3003//3003 3004//3004
f 3003//3003 3013//3013 3012//3012
f 3000//3000 3003//3003 3193//3193
f 3003//3003 3012//3012 3193//3193
f 3004//3004 3001//3001 2861//2861
f 3005//3005 3006//3006 3007//3007
f 3006//3006 3008//3008 3007//3007
f 3009//3009 3010//3010 3008//3008
f 3008//3008 3010//3010 3015//3015
f 3002//3002 3010//3010 3009//3009
f 3013//3013 3014//3014 3012//3012
f 3012//3012 3014//3014 3193//3193
f 3004//3004 2861//2861 3013//3013
f 3005//3005 3013//3013 2861//2861
f 3013//3013 3005//3005 3016//3016
f 3007//3007 3016//3016 3005//3005
f 3015//3015 3007//3007 3008//3008
f 3010//3010 3019//3019 3015//3015
f 3007//3007 3015//3015 3019//3019
f 3194//3194 3014//3014 3198//3198
f 3013//3013 3016//3016 3014//3014
f 3016//3016 3007//3007 3019//3019
f 3019//3019 3010//3010 3017//3017
f 3016//3016 3019//3019 3020//3020
f 3002//3002 3018//3018 3010//3010
f 3018//3018 3017//3017 3010//3010
f 3016//3016 3020//3020 3208//3208
f 3019//3019 3022//3022 3020//3020
f 3019//3019 3023//3023 3022//3022
f 3017//3017 3018//3018 3021//3021
f 3018//3018 3209//3209 3021//3021
f 3220//3220 3208//3208 3020//3020
f 3020//3020 3022//3022 3220//3220
f 3017//3017 3023//3023 3019//3019
f 3017//3017 3021//3021 3025//3025
f 3024//3024 3029//3029 3023//3023
f 3023//3023 3017//3017 3024//3024
f 3024//3024 3035//3035 3029//3029
f 3017//3017 3025//3025 3024//3024
f 3024//3024 3025//3025 3035//3035
f 3021//3021 3026//3026 3025//3025
f 3026//3026 3021//3021 3031//3031
f 3031//3031 3021//3021 3209//3209
f 3209//3209 3210//3210 3031//3031
f 3220//3220 3028//3028 3221//3221
f 3028//3028 3032//3032 3221//3221
f 3022//3022 3027//3027 3028//3028
f 3022//3022 3030//3030 3027//3027
f 3220//3220 3022//3022 3028//3028
f 3027//3027 3032//3032 3028//3028
f 3023//3023 3030//3030 3022//3022
f 3023//3023 3029//3029 3030//3030
f 3027//3027 3030//3030 3034//3034
f 3025//3025 3036//3036 3035//3035
f 3025//3025 3026//3026 3036//3036
f 3031//3031 3037//3037 3026//3026
f 3036//3036 3026//3026 3037//3037
f 3033//3033 3038//3038 3232//3232
f 3027//3027 3034//3034 3038//3038
f 3032//3032 3027//3027 3038//3038
f 3033//3033 3032//3032 3038//3038
f 3032//3032 3033//3033 3232//3232
f 3029//3029 3034//3034 3030//3030
f 3029//3029 3035//3035 3034//3034
f 3035//3035 3040//3040 3034//3034
f 3037//3037 3042//3042 3036//3036
f 3038//3038 3044//3044 3232//3232
f 3034//3034 3040//3040 3039//3039
f 3034//3034 3039//3039 3044//3044
f 3038//3038 3034//3034 3044//3044
f 3035//3035 3041//3041 3040//3040
f 3035//3035 3036//3036 3041//3041
f 3036//3036 3042//3042 3041//3041
f 3043//3043 3042//3042 3037//3037
f 3043//3043 3046//3046 3042//3042
f 3040//3040 3048//3048 3039//3039
f 3039//3039 3048//3048 3044//3044
f 3040//3040 3045//3045 3048//3048
f 3040//3040 3041//3041 3045//3045
f 3041//3041 3042//3042 3045//3045
f 3042//3042 3046//3046 3045//3045
f 3043//3043 3047//3047 3046//3046
f 3232//3232 3044//3044 3049//3049
f 3044//3044 3048//3048 3051//3051
f 3050//3050 3044//3044 3051//3051
f 3052//3052 3045//3045 3046//3046
f 3053//3053 3047//3047 3054//3054
f 3046//3046 3047//3047 3053//3053
f 3054//3054 3047//3047 3238//3238
f 3240//3240 3054//3054 3238//3238
f 3044//3044 3050//3050 3049//3049
f 3049//3049 3050//3050 3057//3057
f 3048//3048 3045//3045 2864//2864
f 3048//3048 2864//2864 3051//3051
f 2864//2864 3045//3045 2862//2862
f 3052//3052 3046//3046 3053//3053
f 3052//3052 3058//3058 3045//3045
f 3045//3045 3058//3058 2862//2862
f 3052//3052 3055//3055 3058//3058
f 3052//3052 3053//3053 3055//3055
f 3055//3055 3054//3054 3059//3059
f 3055//3055 3053//3053 3054//3054
f 3054//3054 3240//3240 3059//3059
f 3241//3241 3244//3244 3240//3240
f 3049//3049 3057//3057 3056//3056
f 3247//3247 3049//3049 3056//3056
f 3060//3060 3050//3050 3051//3051
f 2864//2864 2863//2863 3051//3051
f 3058//3058 3055//3055 2865//2865
f 2865//2865 3055//3055 3059//3059
f 3056//3056 3057//3057 3062//3062
f 3247//3247 3056//3056 3062//3062
f 3063//3063 3057//3057 3060//3060
f 3050//3050 3060//3060 3057//3057
f 3051//3051 2863//2863 3060//3060
f 3057//3057 3063//3063 3062//3062
f 3240//3240 3065//3065 3059//3059
f 3244//3244 3061//3061 3240//3240
f 3249//3249 3061//3061 3244//3244
f 3254//3254 3247//3247 3062//3062
f 3067//3067 3254//3254 3062//3062
f 3059//3059 3064//3064 2865//2865
f 2865//2865 3064//3064 2872//2872
f 3064//3064 3065//3065 2872//2872
f 3059//3059 3065//3065 3064//3064
f 3240//3240 3061//3061 3065//3065
f 3249//3249 3066//3066 3061//3061
f 3249//3249 3255//3255 3066//3066
f 2872//2872 3065//3065 3068//3068
f 3061//3061 3069//3069 3065//3065
f 3061//3061 3066//3066 3069//3069
f 3070//3070 3069//3069 3066//3066
f 3255//3255 3070//3070 3066//3066
f 3067//3067 3062//3062 2867//2867
f 2877//2877 2872//2872 3068//3068
f 3068//3068 3065//3065 3069//3069
f 3069//3069 2884//2884 3068//3068
f 3070//3070 3071//3071 3069//3069
f 3264//3264 3254//3254 3067//3067
f 3069//3069 3071//3071 2884//2884
f 3269//3269 3264//3264 2892//2892
f 3071//3071 2889//2889 2888//2888
f 3071//3071 3072//3072 2889//2889
f 3071//3071 3261//3261 3072//3072
f 3072//3072 3261//3261 3073//3073
f 3267//3267 3073//3073 3261//3261
f 3270//3270 3073//3073 3267//3267
f 3074//3074 3269//3269 2892//2892
f 3072//3072 2893//2893 2889//2889
f 3072//3072 2894//2894 2893//2893
f 3073//3073 2894//2894 3072//3072
f 3270//3270 3075//3075 3073//3073
f 3270//3270 3076//3076 3075//3075
f 3077//3077 3074//3074 2892//2892
f 2894//2894 3073//3073 3075//3075
f 3078//3078 3074//3074 3077//3077
f 3074//3074 3078//3078 3272//3272
f 3077//3077 3079//3079 3078//3078
f 3078//3078 3079//3079 3272//3272
f 3273//3273 2896//2896 3076//3076
f 2894//2894 3075//3075 3076//3076
f 3079//3079 3080//3080 3274//3274
f 3278//3278 3080//3080 2900//2900
f 3080//3080 3079//3079 3077//3077
f 2896//2896 3276//3276 3280//3280
f 3280//3280 3276//3276 3275//3275
f 3278//3278 2900//2900 3083//3083
f 3280//3280 3279//3279 3082//3082
f 3280//3280 3082//3082 2896//2896
f 3279//3279 3081//3081 3082//3082
f 3081//3081 3085//3085 2901//2901
f 3081//3081 2901//2901 3082//3082
f 3288//3288 3287//3287 3087//3087
f 3087//3087 3287//3287 2902//2902
f 3288//3288 3087//3087 3086//3086
f 3086//3086 3087//3087 3088//3088
f 3086//3086 3088//3088 3293//3293
f 3293//3293 3088//3088 3294//3294
f 3091//3091 3294//3294 3088//3088
f 3091//3091 3089//3089 3294//3294
f 3295//3295 2904//2904 3296//3296
f 3090//3090 2904//2904 3295//3295
f 2903//2903 3088//3088 3087//3087
f 2904//2904 3090//3090 2905//2905
f 3091//3091 2903//2903 2771//2771
f 2771//2771 3089//3089 3091//3091
f 2907//2907 3084//3084 3296//3296
f 2904//2904 2907//2907 3296//3296
f 3092//3092 3102//3102 3093//3093
f 3093//3093 3103//3103 3104//3104
f 3093//3093 3104//3104 3094//3094
f 2923//2923 3098//3098 3101//3101
f 2923//2923 3100//3100 3092//3092
f 2923//2923 3101//3101 3100//3100
f 3093//3093 3102//3102 3103//3103
f 3092//3092 3100//3100 3102//3102
f 3095//3095 3094//3094 3104//3104
f 2928//2928 2937//2937 3097//3097
f 3097//3097 2937//2937 3099//3099
f 3098//3098 3097//3097 3099//3099
f 2937//2937 3106//3106 3099//3099
f 3099//3099 3108//3108 3098//3098
f 3099//3099 3107//3107 3108//3108
f 3101//3101 3109//3109 3100//3100
f 3102//3102 3100//3100 3297//3297
f 2932//2932 3095//3095 3306//3306
f 3103//3103 3303//3303 3104//3104
f 3106//3106 2937//2937 2938//2938
f 2938//2938 3105//3105 3106//3106
f 3113//3113 3106//3106 3105//3105
f 3105//3105 3111//3111 3113//3113
f 3116//3116 3107//3107 3113//3113
f 3107//3107 3106//3106 3113//3113
f 3107//3107 3099//3099 3106//3106
f 3116//3116 3108//3108 3107//3107
f 3108//3108 3116//3116 3117//3117
f 3098//3098 3108//3108 3109//3109
f 3109//3109 3108//3108 3117//3117
f 3101//3101 3098//3098 3109//3109
f 3104//3104 3305//3305 3095//3095
f 3305//3305 3306//3306 3095//3095
f 3096//3096 2932//2932 3118//3118
f 2931//2931 3096//3096 3121//3121
f 2931//2931 3121//3121 3120//3120
f 2940//2940 2939//2939 3110//3110
f 2939//2939 2944//2944 3110//3110
f 2944//2944 3122//3122 3110//3110
f 3111//3111 2940//2940 3110//3110
f 3111//3111 3110//3110 3112//3112
f 3113//3113 3111//3111 3114//3114
f 3112//3112 3114//3114 3111//3111
f 3115//3115 3116//3116 3113//3113
f 3114//3114 3112//3112 3123//3123
f 3113//3113 3114//3114 3115//3115
f 3120//3120 3121//3121 3126//3126
f 3120//3120 3126//3126 3119//3119
f 3127//3127 3121//3121 3096//3096
f 3127//3127 3096//3096 3118//3118
f 3121//3121 3127//3127 3126//3126
f 2944//2944 3131//3131 3122//3122
f 3110//3110 3122//3122 3112//3112
f 3112//3112 3122//3122 3123//3123
f 3114//3114 3123//3123 3115//3115
f 3122//3122 3129//3129 3123//3123
f 3115//3115 3123//3123 3313//3313
f 2947//2947 3124//3124 3125//3125
f 3119//3119 3126//3126 3124//3124
f 3124//3124 3126//3126 3125//3125
f 3128//3128 3122//3122 3131//3131
f 3122//3122 3128//3128 3129//3129
f 3123//3123 3129//3129 3313//3313
f 3130//3130 3125//3125 3126//3126
f 3128//3128 3131//3131 3136//3136
f 3136//3136 3129//3129 3128//3128
f 3129//3129 3136//3136 3313//3313
f 3130//3130 2946//2946 3125//3125
f 3130//3130 2951//2951 2946//2946
f 3133//3133 3131//3131 2954//2954
f 3131//3131 3133//3133 3136//3136
f 2956//2956 2951//2951 3139//3139
f 3130//3130 3139//3139 2951//2951
f 3132//3132 2962//2962 3141//3141
f 2954//2954 3132//3132 3134//3134
f 3141//3141 3134//3134 3132//3132
f 3134//3134 3133//3133 2954//2954
f 3133//3133 3134//3134 3135//3135
f 3136//3136 3133//3133 3135//3135
f 3136//3136 3135//3135 3137//3137
f 3136//3136 3137//3137 3313//3313
f 3138//3138 2956//2956 3139//3139
f 3139//3139 3130//3130 3314//3314
f 3142//3142 3134//3134 3141//3141
f 3134//3134 3142//3142 3135//3135
f 3137//3137 3135//3135 3143//3143
f 3315//3315 3137//3137 3143//3143
f 3141//3141 3140//3140 3146//3146
f 3146//3146 3140//3140 3147//3147
f 3147//3147 3140//3140 3152//3152
f 3142//3142 3141//3141 3148//3148
f 3148//3148 3141//3141 3146//3146
f 3135//3135 3142//3142 3143//3143
f 3142//3142 3319//3319 3143//3143
f 3144//3144 3138//3138 3145//3145
f 3145//3145 3138//3138 3139//3139
f 3317//3317 3145//3145 3139//3139
f 3317//3317 3151//3151 3145//3145
f 3147//3147 3148//3148 3146//3146
f 3148//3148 3319//3319 3142//3142
f 3323//3323 3319//3319 3148//3148
f 2975//2975 3144//3144 3149//3149
f 3144//3144 3150//3150 3149//3149
f 3145//3145 3150//3150 3144//3144
f 3145//3145 3157//3157 3150//3150
f 3152//3152 2979//2979 3163//3163
f 3147//3147 3152//3152 3153//3153
f 3148//3148 3147//3147 3154//3154
f 3155//3155 3154//3154 3147//3147
f 3147//3147 3153//3153 3155//3155
f 3323//3323 3148//3148 3154//3154
f 3323//3323 3154//3154 3155//3155
f 3323//3323 3155//3155 3329//3329
f 3149//3149 3156//3156 2985//2985
f 3156//3156 3160//3160 2985//2985
f 3150//3150 3156//3156 3149//3149
f 3156//3156 3161//3161 3160//3160
f 3157//3157 3156//3156 3150//3150
f 3157//3157 3161//3161 3156//3156
f 3157//3157 3173//3173 3161//3161
f 3145//3145 3162//3162 3157//3157
f 3162//3162 3173//3173 3157//3157
f 3162//3162 3145//3145 3151//3151
f 3151//3151 3324//3324 3162//3162
f 3169//3169 3163//3163 2978//2978
f 3153//3153 3152//3152 3158//3158
f 3152//3152 3163//3163 3158//3158
f 3155//3155 3153//3153 3159//3159
f 3153//3153 3158//3158 3159//3159
f 3329//3329 3155//3155 3159//3159
f 3159//3159 3158//3158 3166//3166
f 3329//3329 3159//3159 3330//3330
f 3330//3330 3159//3159 3166//3166
f 2985//2985 3160//3160 2984//2984
f 3161//3161 2990//2990 3160//3160
f 2990//2990 3172//3172 3171//3171
f 2990//2990 3161//3161 3172//3172
f 3162//3162 3176//3176 3173//3173
f 3176//3176 3162//3162 3324//3324
f 3324//3324 3343//3343 3176//3176
f 3163//3163 3164//3164 3158//3158
f 3166//3166 3158//3158 3164//3164
f 3164//3164 3163//3163 3165//3165
f 3330//3330 3166//3166 3334//3334
f 3334//3334 3166//3166 3164//3164
f 3334//3334 3164//3164 3335//3335
f 3335//3335 3164//3164 3165//3165
f 2986//2986 3188//3188 3167//3167
f 2978//2978 3167//3167 3168//3168
f 3168//3168 3169//3169 2978//2978
f 3169//3169 3168//3168 3177//3177
f 3168//3168 3167//3167 3177//3177
f 3169//3169 3170//3170 3163//3163
f 3169//3169 3177//3177 3170//3170
f 3163//3163 3170//3170 3165//3165
f 3173//3173 3174//3174 3172//3172
f 3161//3161 3173//3173 3172//3172
f 3180//3180 3172//3172 3174//3174
f 3176//3176 3175//3175 3173//3173
f 3175//3175 3174//3174 3173//3173
f 3175//3175 3181//3181 3174//3174
f 3181//3181 3180//3180 3174//3174
f 3175//3175 3182//3182 3181//3181
f 3175//3175 3176//3176 3182//3182
f 3176//3176 3343//3343 3342//3342
f 3342//3342 3182//3182 3176//3176
f 3342//3342 3344//3344 3182//3182
f 3170//3170 3177//3177 3178//3178
f 3170//3170 3178//3178 3165//3165
f 3165//3165 3346//3346 3335//3335
f 3165//3165 3178//3178 3346//3346
f 2971//2971 2991//2991 3188//3188
f 3184//3184 3188//3188 2991//2991
f 3171//3171 3179//3179 3189//3189
f 3179//3179 3171//3171 3172//3172
f 3179//3179 3172//3172 3180//3180
f 3183//3183 3181//3181 3182//3182
f 3180//3180 3181//3181 3183//3183
f 3182//3182 3348//3348 3183//3183
f 3167//3167 3186//3186 3177//3177
f 3187//3187 3167//3167 3188//3188
f 3350//3350 3177//3177 3186//3186
f 3187//3187 3186//3186 3167//3167
f 3350//3350 3178//3178 3177//3177
f 3185//3185 2997//2997 3193//3193
f 2997//2997 3185//3185 3184//3184
f 3184//3184 3185//3185 3188//3188
f 3179//3179 3180//3180 3191//3191
f 3350//3350 3186//3186 3352//3352
f 3186//3186 3354//3354 3352//3352
f 3187//3187 3354//3354 3186//3186
f 3187//3187 3188//3188 3354//3354
f 3185//3185 3192//3192 3188//3188
f 3190//3190 3189//3189 3179//3179
f 3191//3191 3196//3196 3190//3190
f 3179//3179 3191//3191 3190//3190
f 3196//3196 3191//3191 3358//3358
f 3183//3183 3351//3351 3191//3191
f 3180//3180 3183//3183 3191//3191
f 3192//3192 3354//3354 3188//3188
f 3014//3014 3194//3194 3193//3193
f 3185//3185 3194//3194 3192//3192
f 3193//3193 3194//3194 3185//3185
f 3192//3192 3194//3194 3195//3195
f 3205//3205 3011//3011 3189//3189
f 3196//3196 3205//3205 3189//3189
f 3190//3190 3196//3196 3189//3189
f 3191//3191 3351//3351 3358//3358
f 3192//3192 3195//3195 3356//3356
f 3195//3195 3197//3197 3356//3356
f 3356//3356 3197//3197 3363//3363
f 3203//3203 3002//3002 3011//3011
f 3011//3011 3205//3205 3203//3203
f 3198//3198 3363//3363 3197//3197
f 3199//3199 3198//3198 3014//3014
f 3195//3195 3194//3194 3198//3198
f 3198//3198 3197//3197 3195//3195
f 3204//3204 3205//3205 3196//3196
f 3196//3196 3358//3358 3204//3204
f 3016//3016 3199//3199 3014//3014
f 3200//3200 3198//3198 3199//3199
f 3016//3016 3202//3202 3199//3199
f 3199//3199 3202//3202 3200//3200
f 3203//3203 3018//3018 3002//3002
f 3201//3201 3198//3198 3200//3200
f 3217//3217 3201//3201 3200//3200
f 3198//3198 3201//3201 3364//3364
f 3217//3217 3364//3364 3201//3201
f 3208//3208 3202//3202 3016//3016
f 3018//3018 3203//3203 3209//3209
f 3206//3206 3205//3205 3204//3204
f 3204//3204 3207//3207 3206//3206
f 3202//3202 3208//3208 3200//3200
f 3218//3218 3200//3200 3208//3208
f 3205//3205 3209//3209 3203//3203
f 3205//3205 3210//3210 3209//3209
f 3205//3205 3211//3211 3210//3210
f 3211//3211 3205//3205 3206//3206
f 3369//3369 3374//3374 3207//3207
f 3207//3207 3374//3374 3214//3214
f 3200//3200 3218//3218 3216//3216
f 3216//3216 3217//3217 3200//3200
f 3208//3208 3220//3220 3218//3218
f 3206//3206 3213//3213 3211//3211
f 3211//3211 3213//3213 3212//3212
f 3212//3212 3213//3213 3224//3224
f 3207//3207 3213//3213 3206//3206
f 3215//3215 3224//3224 3213//3213
f 3207//3207 3214//3214 3213//3213
f 3215//3215 3213//3213 3214//3214
f 3215//3215 3373//3373 3226//3226
f 3373//3373 3215//3215 3214//3214
f 3216//3216 3218//3218 3219//3219
f 3211//3211 3223//3223 3222//3222
f 3210//3210 3211//3211 3222//3222
f 3223//3223 3211//3211 3212//3212
f 3212//3212 3224//3224 3223//3223
f 3226//3226 3224//3224 3215//3215
f 3216//3216 3219//3219 3217//3217
f 3218//3218 3220//3220 3221//3221
f 3221//3221 3032//3032 3232//3232
f 3210//3210 3222//3222 3031//3031
f 3222//3222 3224//3224 3227//3227
f 3224//3224 3222//3222 3223//3223
f 3228//3228 3227//3227 3224//3224
f 3225//3225 3228//3228 3224//3224
f 3224//3224 3226//3226 3225//3225
f 3218//3218 3221//3221 3219//3219
f 3219//3219 3221//3221 3231//3231
f 3221//3221 3232//3232 3231//3231
f 3031//3031 3222//3222 3037//3037
f 3222//3222 3227//3227 3037//3037
f 3037//3037 3227//3227 3043//3043
f 3233//3233 3227//3227 3229//3229
f 3229//3229 3227//3227 3228//3228
f 3228//3228 3230//3230 3229//3229
f 3225//3225 3230//3230 3228//3228
f 3235//3235 3229//3229 3230//3230
f 3226//3226 3230//3230 3225//3225
f 3382//3382 3235//3235 3230//3230
f 3382//3382 3230//3230 3226//3226
f 3387//3387 3219//3219 3231//3231
f 3227//3227 3233//3233 3043//3043
f 3047//3047 3043//3043 3233//3233
f 3229//3229 3234//3234 3233//3233
f 3235//3235 3234//3234 3229//3229
f 3236//3236 3234//3234 3235//3235
f 3235//3235 3384//3384 3236//3236
f 3232//3232 3049//3049 3231//3231
f 3238//3238 3047//3047 3233//3233
f 3234//3234 3239//3239 3233//3233
f 3236//3236 3239//3239 3234//3234
f 3236//3236 3237//3237 3239//3239
f 3237//3237 3236//3236 3384//3384
f 3384//3384 3243//3243 3237//3237
f 3388//3388 3243//3243 3384//3384
f 3233//3233 3239//3239 3238//3238
f 3247//3247 3231//3231 3049//3049
f 3231//3231 3247//3247 3390//3390
f 3239//3239 3240//3240 3238//3238
f 3240//3240 3239//3239 3241//3241
f 3237//3237 3241//3241 3239//3239
f 3237//3237 3243//3243 3241//3241
f 3241//3241 3243//3243 3242//3242
f 3390//3390 3247//3247 3393//3393
f 3242//3242 3244//3244 3241//3241
f 3395//3395 3248//3248 3242//3242
f 3393//3393 3247//3247 3246//3246
f 3242//3242 3245//3245 3244//3244
f 3248//3248 3249//3249 3245//3245
f 3248//3248 3245//3245 3242//3242
f 3254//3254 3246//3246 3247//3247
f 3249//3249 3244//3244 3245//3245
f 3254//3254 3252//3252 3246//3246
f 3246//3246 3252//3252 3402//3402
f 3248//3248 3250//3250 3249//3249
f 3250//3250 3248//3248 3251//3251
f 3257//3257 3250//3250 3251//3251
f 3405//3405 3251//3251 3248//3248
f 3250//3250 3255//3255 3249//3249
f 3257//3257 3255//3255 3250//3250
f 3405//3405 3257//3257 3251//3251
f 3259//3259 3257//3257 3405//3405
f 3254//3254 3253//3253 3252//3252
f 3406//3406 3252//3252 3253//3253
f 3411//3411 3259//3259 3405//3405
f 3254//3254 3264//3264 3260//3260
f 3253//3253 3254//3254 3260//3260
f 3412//3412 3253//3253 3260//3260
f 3257//3257 3256//3256 3255//3255
f 3259//3259 3256//3256 3257//3257
f 3258//3258 3256//3256 3259//3259
f 3259//3259 3411//3411 3258//3258
f 3265//3265 3412//3412 3260//3260
f 3264//3264 3265//3265 3260//3260
f 3265//3265 3263//3263 3412//3412
f 3412//3412 3263//3263 3415//3415
f 3070//3070 3255//3255 3256//3256
f 3256//3256 3261//3261 3070//3070
f 3261//3261 3071//3071 3070//3070
f 3258//3258 3261//3261 3256//3256
f 3258//3258 3262//3262 3261//3261
f 3411//3411 3262//3262 3258//3258
f 3411//3411 3414//3414 3262//3262
f 3414//3414 3267//3267 3262//3262
f 3262//3262 3267//3267 3261//3261
f 3263//3263 3265//3265 3268//3268
f 3269//3269 3268//3268 3265//3265
f 3264//3264 3269//3269 3265//3265
f 3423//3423 3418//3418 3268//3268
f 3267//3267 3271//3271 3270//3270
f 3270//3270 3271//3271 3076//3076
f 3266//3266 3271//3271 3267//3267
f 3266//3266 3420//3420 3271//3271
f 3076//3076 3271//3271 3420//3420
f 3074//3074 3268//3268 3269//3269
f 3268//3268 3074//3074 3272//3272
f 3268//3268 3272//3272 3423//3423
f 3420//3420 3422//3422 3273//3273
f 3273//3273 3076//3076 3420//3420
f 3272//3272 3079//3079 3424//3424
f 3424//3424 3079//3079 3429//3429
f 3422//3422 3276//3276 3273//3273
f 3276//3276 2896//2896 3273//3273
f 3429//3429 3079//3079 3274//3274
f 3278//3278 3429//3429 3274//3274
f 3276//3276 3422//3422 3275//3275
f 3278//3278 3274//3274 3080//3080
f 3279//3279 3280//3280 3275//3275
f 3277//3277 3279//3279 3275//3275
f 3277//3277 3281//3281 3279//3279
f 3441//3441 3083//3083 3287//3287
f 3441//3441 3287//3287 3445//3445
f 3445//3445 3287//3287 3447//3447
f 3447//3447 3287//3287 3288//3288
f 3279//3279 3281//3281 3081//3081
f 3288//3288 3294//3294 3447//3447
f 3447//3447 3294//3294 3282//3282
f 3281//3281 3292//3292 3081//3081
f 3292//3292 3281//3281 3286//3286
f 3449//3449 3286//3286 3281//3281
f 3294//3294 3283//3283 3282//3282
f 3448//3448 3283//3283 3285//3285
f 3282//3282 3283//3283 3448//3448
f 3449//3449 3284//3284 3286//3286
f 3450//3450 3285//3285 3284//3284
f 3284//3284 3291//3291 3286//3286
f 3291//3291 3292//3292 3286//3286
f 3283//3283 3289//3289 3285//3285
f 3284//3284 3285//3285 3290//3290
f 3284//3284 3290//3290 3291//3291
f 3290//3290 3285//3285 3289//3289
f 3292//3292 3085//3085 3081//3081
f 3288//3288 3086//3086 3293//3293
f 3293//3293 3294//3294 3288//3288
f 3289//3289 3283//3283 3090//3090
f 3090//3090 3295//3295 3290//3290
f 3296//3296 3290//3290 3295//3295
f 3292//3292 3291//3291 3296//3296
f 3290//3290 3296//3296 3291//3291
f 3090//3090 3290//3290 3289//3289
f 3084//3084 3085//3085 3292//3292
f 3296//3296 3084//3084 3292//3292
f 3283//3283 3294//3294 3089//3089
f 3089//3089 3090//3090 3283//3283
f 3103//3103 3102//3102 3297//3297
f 3297//3297 3100//3100 3298//3298
f 3100//3100 3109//3109 3298//3298
f 3117//3117 3299//3299 3109//3109
f 3297//3297 3301//3301 3303//3303
f 3297//3297 3303//3303 3103//3103
f 3298//3298 3301//3301 3297//3297
f 3117//3117 3116//3116 3307//3307
f 3299//3299 3117//3117 3307//3307
f 3452//3452 3299//3299 3307//3307
f 3298//3298 3109//3109 3299//3299
f 3298//3298 3299//3299 3300//3300
f 3298//3298 3300//3300 3301//3301
f 3302//3302 3301//3301 3300//3300
f 3304//3304 3303//3303 3302//3302
f 3303//3303 3301//3301 3302//3302
f 3304//3304 3302//3302 3453//3453
f 3300//3300 3460//3460 3302//3302
f 3104//3104 3303//3303 3304//3304
f 3104//3104 3304//3304 3305//3305
f 3304//3304 3456//3456 3305//3305
f 2932//2932 3306//3306 3118//3118
f 3307//3307 3116//3116 3115//3115
f 3299//3299 3452//3452 3300//3300
f 3453//3453 3302//3302 3460//3460
f 3304//3304 3453//3453 3456//3456
f 3456//3456 3451//3451 3305//3305
f 3308//3308 3118//3118 3306//3306
f 3309//3309 3308//3308 3306//3306
f 3127//3127 3308//3308 3312//3312
f 3310//3310 3308//3308 3309//3309
f 3312//3312 3308//3308 3310//3310
f 3305//3305 3309//3309 3306//3306
f 3451//3451 3309//3309 3305//3305
f 3311//3311 3127//3127 3312//3312
f 3126//3126 3127//3127 3311//3311
f 3118//3118 3308//3308 3127//3127
f 3307//3307 3115//3115 3452//3452
f 3310//3310 3454//3454 3312//3312
f 3451//3451 3310//3310 3309//3309
f 3454//3454 3310//3310 3455//3455
f 3130//3130 3126//3126 3311//3311
f 3115//3115 3313//3313 3467//3467
f 3466//3466 3312//3312 3465//3465
f 3311//3311 3312//3312 3466//3466
f 3311//3311 3471//3471 3130//3130
f 3315//3315 3313//3313 3137//3137
f 3471//3471 3314//3314 3130//3130
f 3466//3466 3471//3471 3311//3311
f 3313//3313 3315//3315 3316//3316
f 3313//3313 3316//3316 3469//3469
f 3139//3139 3314//3314 3317//3317
f 3316//3316 3315//3315 3469//3469
f 3314//3314 3318//3318 3317//3317
f 3314//3314 3471//3471 3318//3318
f 3318//3318 3471//3471 3322//3322
f 3317//3317 3320//3320 3151//3151
f 3318//3318 3320//3320 3317//3317
f 3321//3321 3320//3320 3318//3318
f 3322//3322 3321//3321 3318//3318
f 3143//3143 3319//3319 3315//3315
f 3315//3315 3319//3319 3483//3483
f 3320//3320 3325//3325 3151//3151
f 3320//3320 3321//3321 3325//3325
f 3326//3326 3321//3321 3322//3322
f 3322//3322 3481//3481 3326//3326
f 3481//3481 3328//3328 3326//3326
f 3319//3319 3323//3323 3332//3332
f 3319//3319 3332//3332 3483//3483
f 3325//3325 3324//3324 3151//3151
f 3321//3321 3326//3326 3325//3325
f 3326//3326 3327//3327 3325//3325
f 3328//3328 3327//3327 3326//3326
f 3328//3328 3481//3481 3482//3482
f 3329//3329 3331//3331 3323//3323
f 3331//3331 3329//3329 3336//3336
f 3336//3336 3329//3329 3330//3330
f 3331//3331 3336//3336 3338//3338
f 3332//3332 3323//3323 3331//3331
f 3338//3338 3332//3332 3331//3331
f 3332//3332 3485//3485 3483//3483
f 3325//3325 3343//3343 3324//3324
f 3325//3325 3327//3327 3333//3333
f 3333//3333 3343//3343 3325//3325
f 3487//3487 3327//3327 3328//3328
f 3487//3487 3345//3345 3327//3327
f 3336//3336 3330//3330 3334//3334
f 3334//3334 3335//3335 3337//3337
f 3336//3336 3334//3334 3337//3337
f 3337//3337 3338//3338 3336//3336
f 3338//3338 3337//3337 3339//3339
f 3339//3339 3337//3337 3335//3335
f 3335//3335 3346//3346 3339//3339
f 3340//3340 3332//3332 3338//3338
f 3339//3339 3340//3340 3338//3338
f 3341//3341 3332//3332 3340//3340
f 3332//3332 3341//3341 3485//3485
f 3485//3485 3341//3341 3675//3675
f 3343//3343 3344//3344 3342//3342
f 3344//3344 3333//3333 3345//3345
f 3343//3343 3333//3333 3344//3344
f 3345//3345 3349//3349 3344//3344
f 3345//3345 3333//3333 3327//3327
f 3487//3487 3349//3349 3345//3345
f 3339//3339 3346//3346 3347//3347
f 3340//3340 3339//3339 3347//3347
f 3341//3341 3340//3340 3675//3675
f 3348//3348 3182//3182 3344//3344
f 3349//3349 3348//3348 3344//3344
f 3349//3349 3359//3359 3348//3348
f 3349//3349 3489//3489 3359//3359
f 3350//3350 3352//3352 3178//3178
f 3352//3352 3353//3353 3178//3178
f 3490//3490 3346//3346 3178//3178
f 3490//3490 3178//3178 3353//3353
f 3347//3347 3346//3346 3490//3490
f 3353//3353 3499//3499 3490//3490
f 3348//3348 3351//3351 3183//3183
f 3358//3358 3351//3351 3348//3348
f 3358//3358 3348//3348 3359//3359
f 3357//3357 3352//3352 3354//3354
f 3355//3355 3353//3353 3352//3352
f 3352//3352 3357//3357 3355//3355
f 3499//3499 3353//3353 3496//3496
f 3355//3355 3496//3496 3353//3353
f 3192//3192 3356//3356 3354//3354
f 3354//3354 3356//3356 3357//3357
f 3360//3360 3357//3357 3356//3356
f 3360//3360 3505//3505 3357//3357
f 3505//3505 3355//3355 3357//3357
f 3356//3356 3363//3363 3360//3360
f 3360//3360 3363//3363 3362//3362
f 3505//3505 3360//3360 3362//3362
f 3366//3366 3358//3358 3359//3359
f 3363//3363 3361//3361 3362//3362
f 3361//3361 3512//3512 3362//3362
f 3361//3361 3364//3364 3365//3365
f 3363//3363 3198//3198 3364//3364
f 3363//3363 3364//3364 3361//3361
f 3366//3366 3204//3204 3358//3358
f 3361//3361 3365//3365 3512//3512
f 3512//3512 3365//3365 3372//3372
f 3372//3372 3365//3365 3364//3364
f 3369//3369 3207//3207 3204//3204
f 3369//3369 3204//3204 3366//3366
f 3367//3367 3370//3370 3369//3369
f 3366//3366 3367//3367 3369//3369
f 3359//3359 3367//3367 3366//3366
f 3503//3503 3368//3368 3359//3359
f 3368//3368 3367//3367 3359//3359
f 3368//3368 3371//3371 3367//3367
f 3364//3364 3217//3217 3372//3372
f 3370//3370 3374//3374 3369//3369
f 3367//3367 3377//3377 3370//3370
f 3377//3377 3371//3371 3515//3515
f 3367//3367 3371//3371 3377//3377
f 3375//3375 3373//3373 3214//3214
f 3374//3374 3375//3375 3214//3214
f 3376//3376 3373//3373 3375//3375
f 3376//3376 3379//3379 3373//3373
f 3370//3370 3375//3375 3374//3374
f 3370//3370 3377//3377 3375//3375
f 3377//3377 3376//3376 3375//3375
f 3378//3378 3376//3376 3377//3377
f 3521//3521 3378//3378 3377//3377
f 3372//3372 3217//3217 3380//3380
f 3373//3373 3379//3379 3226//3226
f 3376//3376 3382//3382 3379//3379
f 3383//3383 3382//3382 3376//3376
f 3378//3378 3524//3524 3376//3376
f 3524//3524 3383//3383 3376//3376
f 3381//3381 3372//3372 3380//3380
f 3217//3217 3219//3219 3380//3380
f 3382//3382 3226//3226 3379//3379
f 3380//3380 3538//3538 3381//3381
f 3380//3380 3219//3219 3387//3387
f 3536//3536 3383//3383 3528//3528
f 3538//3538 3380//3380 3387//3387
f 3382//3382 3384//3384 3235//3235
f 3385//3385 3384//3384 3382//3382
f 3383//3383 3385//3385 3382//3382
f 3383//3383 3536//3536 3385//3385
f 3538//3538 3387//3387 3386//3386
f 3385//3385 3388//3388 3384//3384
f 3389//3389 3397//3397 3385//3385
f 3387//3387 3231//3231 3390//3390
f 3390//3390 3386//3386 3387//3387
f 3398//3398 3397//3397 3539//3539
f 3391//3391 3243//3243 3388//3388
f 3385//3385 3391//3391 3388//3388
f 3396//3396 3385//3385 3397//3397
f 3389//3389 3539//3539 3397//3397
f 3543//3543 3386//3386 3392//3392
f 3386//3386 3390//3390 3392//3392
f 3242//3242 3243//3243 3391//3391
f 3391//3391 3395//3395 3242//3242
f 3385//3385 3396//3396 3391//3391
f 3396//3396 3395//3395 3391//3391
f 3543//3543 3392//3392 3548//3548
f 3548//3548 3392//3392 3560//3560
f 3393//3393 3392//3392 3390//3390
f 3392//3392 3393//3393 3394//3394
f 3248//3248 3395//3395 3396//3396
f 3397//3397 3405//3405 3248//3248
f 3396//3396 3397//3397 3248//3248
f 3397//3397 3401//3401 3405//3405
f 3398//3398 3401//3401 3397//3397
f 3398//3398 3552//3552 3401//3401
f 3552//3552 3558//3558 3401//3401
f 3400//3400 3560//3560 3392//3392
f 3393//3393 3246//3246 3399//3399
f 3399//3399 3394//3394 3393//3393
f 3399//3399 3246//3246 3402//3402
f 3399//3399 3402//3402 3400//3400
f 3400//3400 3392//3392 3394//3394
f 3394//3394 3399//3399 3400//3400
f 3564//3564 3411//3411 3558//3558
f 3405//3405 3401//3401 3411//3411
f 3558//3558 3411//3411 3401//3401
f 3400//3400 3402//3402 3560//3560
f 3404//3404 3403//3403 3402//3402
f 3402//3402 3403//3403 3560//3560
f 3567//3567 3408//3408 3564//3564
f 3404//3404 3252//3252 3406//3406
f 3402//3402 3252//3252 3404//3404
f 3406//3406 3403//3403 3404//3404
f 3407//3407 3403//3403 3406//3406
f 3412//3412 3406//3406 3253//3253
f 3410//3410 3411//3411 3564//3564
f 3410//3410 3564//3564 3408//3408
f 3406//3406 3409//3409 3407//3407
f 3580//3580 3413//3413 3408//3408
f 3413//3413 3414//3414 3410//3410
f 3410//3410 3408//3408 3413//3413
f 3411//3411 3410//3410 3414//3414
f 3409//3409 3406//3406 3415//3415
f 3409//3409 3415//3415 3577//3577
f 3412//3412 3415//3415 3406//3406
f 3266//3266 3414//3414 3413//3413
f 3414//3414 3266//3266 3267//3267
f 3594//3594 3577//3577 3415//3415
f 3420//3420 3417//3417 3416//3416
f 3417//3417 3413//3413 3416//3416
f 3415//3415 3263//3263 3594//3594
f 3263//3263 3418//3418 3594//3594
f 3419//3419 3416//3416 3586//3586
f 3416//3416 3419//3419 3420//3420
f 3417//3417 3266//3266 3413//3413
f 3420//3420 3266//3266 3417//3417
f 3418//3418 3263//3263 3268//3268
f 3596//3596 3594//3594 3418//3418
f 3596//3596 3418//3418 3601//3601
f 3422//3422 3420//3420 3419//3419
f 3607//3607 3421//3421 3422//3422
f 3601//3601 3418//3418 3423//3423
f 3275//3275 3422//3422 3421//3421
f 3612//3612 3601//3601 3423//3423
f 3612//3612 3423//3423 3611//3611
f 3423//3423 3272//3272 3424//3424
f 3423//3423 3424//3424 3611//3611
f 3426//3426 3611//3611 3424//3424
f 3611//3611 3426//3426 3615//3615
f 3617//3617 3615//3615 3621//3621
f 3621//3621 3615//3615 3426//3426
f 3425//3425 3427//3427 3421//3421
f 3426//3426 3424//3424 3429//3429
f 3426//3426 3429//3429 3428//3428
f 3621//3621 3426//3426 3428//3428
f 3621//3621 3428//3428 3622//3622
f 3622//3622 3428//3428 3630//3630
f 3421//3421 3427//3427 3275//3275
f 3428//3428 3429//3429 3430//3430
f 3630//3630 3428//3428 3430//3430
f 3630//3630 3430//3430 3431//3431
f 3431//3431 3430//3430 3432//3432
f 3431//3431 3432//3432 3433//3433
f 3634//3634 3630//3630 3431//3431
f 3635//3635 3433//3433 3434//3434
f 3431//3431 3433//3433 3635//3635
f 3430//3430 3429//3429 3278//3278
f 3432//3432 3430//3430 3435//3435
f 3435//3435 3430//3430 3278//3278
f 3432//3432 3435//3435 3436//3436
f 3433//3433 3432//3432 3436//3436
f 3436//3436 3439//3439 3433//3433
f 3439//3439 3434//3434 3433//3433
f 3427//3427 3444//3444 3277//3277
f 3444//3444 3281//3281 3277//3277
f 3427//3427 3277//3277 3275//3275
f 3435//3435 3278//3278 3083//3083
f 3435//3435 3083//3083 3441//3441
f 3436//3436 3435//3435 3441//3441
f 3436//3436 3441//3441 3437//3437
f 3437//3437 3445//3445 3446//3446
f 3439//3439 3436//3436 3437//3437
f 3434//3434 3439//3439 3438//3438
f 3434//3434 3438//3438 3642//3642
f 3641//3641 3438//3438 3440//3440
f 3437//3437 3446//3446 3439//3439
f 3439//3439 3446//3446 3438//3438
f 3438//3438 3641//3641 3642//3642
f 3639//3639 3641//3641 3440//3440
f 3443//3443 3639//3639 3440//3440
f 3437//3437 3441//3441 3445//3445
f 3442//3442 3449//3449 3444//3444
f 3447//3447 3446//3446 3445//3445
f 3446//3446 3447//3447 3448//3448
f 3446//3446 3448//3448 3438//3438
f 3438//3438 3448//3448 3440//3440
f 3450//3450 3449//3449 3443//3443
f 3443//3443 3440//3440 3450//3450
f 3449//3449 3442//3442 3443//3443
f 3449//3449 3281//3281 3444//3444
f 3448//3448 3447//3447 3282//3282
f 3448//3448 3450//3450 3440//3440
f 3448//3448 3285//3285 3450//3450
f 3284//3284 3449//3449 3450//3450
f 3451//3451 3455//3455 3310//3310
f 3451//3451 3456//3456 3455//3455
f 3115//3115 3467//3467 3459//3459
f 3115//3115 3459//3459 3452//3452
f 3300//3300 3452//3452 3460//3460
f 3453//3453 3643//3643 3456//3456
f 3458//3458 3455//3455 3456//3456
f 3457//3457 3454//3454 3455//3455
f 3456//3456 3643//3643 3458//3458
f 3455//3455 3458//3458 3457//3457
f 3458//3458 3464//3464 3457//3457
f 3312//3312 3454//3454 3465//3465
f 3459//3459 3461//3461 3452//3452
f 3467//3467 3468//3468 3459//3459
f 3460//3460 3452//3452 3461//3461
f 3460//3460 3461//3461 3462//3462
f 3461//3461 3645//3645 3462//3462
f 3453//3453 3460//3460 3462//3462
f 3453//3453 3462//3462 3643//3643
f 3643//3643 3463//3463 3458//3458
f 3458//3458 3463//3463 3464//3464
f 3465//3465 3454//3454 3457//3457
f 3313//3313 3469//3469 3467//3467
f 3467//3467 3668//3668 3468//3468
f 3459//3459 3468//3468 3461//3461
f 3650//3650 3644//3644 3468//3468
f 3644//3644 3461//3461 3468//3468
f 3465//3465 3457//3457 3470//3470
f 3470//3470 3457//3457 3652//3652
f 3466//3466 3472//3472 3471//3471
f 3474//3474 3466//3466 3465//3465
f 3466//3466 3474//3474 3472//3472
f 3472//3472 3473//3473 3471//3471
f 3476//3476 3471//3471 3473//3473
f 3322//3322 3471//3471 3476//3476
f 3473//3473 3472//3472 3474//3474
f 3474//3474 3475//3475 3473//3473
f 3470//3470 3474//3474 3465//3465
f 3474//3474 3470//3470 3475//3475
f 3481//3481 3322//3322 3476//3476
f 3475//3475 3476//3476 3473//3473
f 3475//3475 3477//3477 3476//3476
f 3475//3475 3664//3664 3477//3477
f 3475//3475 3470//3470 3664//3664
f 3469//3469 3315//3315 3483//3483
f 3467//3467 3469//3469 3484//3484
f 3467//3467 3484//3484 3659//3659
f 3478//3478 3476//3476 3477//3477
f 3477//3477 3479//3479 3478//3478
f 3479//3479 3482//3482 3478//3478
f 3479//3479 3477//3477 3480//3480
f 3482//3482 3479//3479 3486//3486
f 3480//3480 3488//3488 3479//3479
f 3479//3479 3488//3488 3486//3486
f 3477//3477 3664//3664 3480//3480
f 3480//3480 3665//3665 3488//3488
f 3664//3664 3665//3665 3480//3480
f 3328//3328 3482//3482 3487//3487
f 3481//3481 3476//3476 3478//3478
f 3481//3481 3478//3478 3482//3482
f 3469//3469 3483//3483 3484//3484
f 3484//3484 3483//3483 3676//3676
f 3659//3659 3484//3484 3666//3666
f 3666//3666 3484//3484 3676//3676
f 3487//3487 3482//3482 3486//3486
f 3485//3485 3675//3675 3483//3483
f 3487//3487 3489//3489 3349//3349
f 3487//3487 3486//3486 3489//3489
f 3483//3483 3675//3675 3676//3676
f 3347//3347 3492//3492 3340//3340
f 3492//3492 3347//3347 3491//3491
f 3492//3492 3675//3675 3340//3340
f 3675//3675 3493//3493 3494//3494
f 3490//3490 3499//3499 3498//3498
f 3491//3491 3347//3347 3490//3490
f 3498//3498 3491//3491 3490//3490
f 3493//3493 3492//3492 3491//3491
f 3498//3498 3493//3493 3491//3491
f 3498//3498 3501//3501 3493//3493
f 3675//3675 3492//3492 3493//3493
f 3494//3494 3493//3493 3686//3686
f 3489//3489 3486//3486 3502//3502
f 3502//3502 3486//3486 3495//3495
f 3499//3499 3496//3496 3497//3497
f 3500//3500 3498//3498 3499//3499
f 3499//3499 3497//3497 3500//3500
f 3501//3501 3498//3498 3500//3500
f 3493//3493 3501//3501 3686//3686
f 3502//3502 3503//3503 3489//3489
f 3506//3506 3502//3502 3685//3685
f 3489//3489 3503//3503 3359//3359
f 3504//3504 3355//3355 3505//3505
f 3496//3496 3355//3355 3504//3504
f 3497//3497 3496//3496 3504//3504
f 3501//3501 3500//3500 3695//3695
f 3500//3500 3497//3497 3694//3694
f 3362//3362 3512//3512 3505//3505
f 3504//3504 3505//3505 3513//3513
f 3504//3504 3513//3513 3508//3508
f 3504//3504 3508//3508 3497//3497
f 3508//3508 3694//3694 3497//3497
f 3506//3506 3507//3507 3502//3502
f 3502//3502 3507//3507 3503//3503
f 3505//3505 3512//3512 3513//3513
f 3710//3710 3508//3508 3513//3513
f 3694//3694 3508//3508 3710//3710
f 3509//3509 3506//3506 3708//3708
f 3506//3506 3509//3509 3507//3507
f 3507//3507 3509//3509 3517//3517
f 3517//3517 3509//3509 3510//3510
f 3514//3514 3517//3517 3510//3510
f 3708//3708 3510//3510 3509//3509
f 3503//3503 3511//3511 3368//3368
f 3368//3368 3511//3511 3371//3371
f 3517//3517 3511//3511 3507//3507
f 3511//3511 3503//3503 3507//3507
f 3512//3512 3372//3372 3518//3518
f 3518//3518 3513//3513 3512//3512
f 3718//3718 3710//3710 3519//3519
f 3710//3710 3513//3513 3519//3519
f 3513//3513 3518//3518 3519//3519
f 3515//3515 3516//3516 3521//3521
f 3377//3377 3515//3515 3521//3521
f 3511//3511 3515//3515 3371//3371
f 3511//3511 3517//3517 3515//3515
f 3517//3517 3516//3516 3515//3515
f 3517//3517 3514//3514 3516//3516
f 3516//3516 3514//3514 3525//3525
f 3520//3520 3518//3518 3372//3372
f 3526//3526 3519//3519 3518//3518
f 3718//3718 3519//3519 3719//3719
f 3719//3719 3519//3519 3526//3526
f 3526//3526 3728//3728 3719//3719
f 3521//3521 3522//3522 3378//3378
f 3522//3522 3524//3524 3378//3378
f 3522//3522 3521//3521 3516//3516
f 3516//3516 3525//3525 3522//3522
f 3523//3523 3518//3518 3520//3520
f 3526//3526 3518//3518 3523//3523
f 3534//3534 3525//3525 3514//3514
f 3534//3534 3514//3514 3745//3745
f 3522//3522 3525//3525 3524//3524
f 3538//3538 3523//3523 3520//3520
f 3728//3728 3526//3526 3530//3530
f 3372//3372 3381//3381 3520//3520
f 3534//3534 3527//3527 3529//3529
f 3383//3383 3529//3529 3528//3528
f 3525//3525 3529//3529 3524//3524
f 3524//3524 3529//3529 3383//3383
f 3527//3527 3528//3528 3529//3529
f 3534//3534 3529//3529 3525//3525
f 3526//3526 3523//3523 3538//3538
f 3538//3538 3537//3537 3526//3526
f 3526//3526 3537//3537 3530//3530
f 3520//3520 3381//3381 3538//3538
f 3527//3527 3532//3532 3528//3528
f 3533//3533 3532//3532 3527//3527
f 3534//3534 3533//3533 3527//3527
f 3532//3532 3536//3536 3528//3528
f 3531//3531 3530//3530 3537//3537
f 3746//3746 3530//3530 3531//3531
f 3532//3532 3389//3389 3536//3536
f 3532//3532 3539//3539 3389//3389
f 3532//3532 3533//3533 3539//3539
f 3540//3540 3533//3533 3535//3535
f 3534//3534 3535//3535 3533//3533
f 3540//3540 3535//3535 3766//3766
f 3755//3755 3535//3535 3534//3534
f 3755//3755 3766//3766 3535//3535
f 3536//3536 3389//3389 3385//3385
f 3543//3543 3537//3537 3538//3538
f 3544//3544 3537//3537 3543//3543
f 3531//3531 3537//3537 3544//3544
f 3531//3531 3544//3544 3541//3541
f 3746//3746 3531//3531 3541//3541
f 3546//3546 3540//3540 3766//3766
f 3542//3542 3539//3539 3540//3540
f 3540//3540 3539//3539 3533//3533
f 3540//3540 3546//3546 3542//3542
f 3386//3386 3543//3543 3538//3538
f 3542//3542 3398//3398 3539//3539
f 3547//3547 3541//3541 3551//3551
f 3778//3778 3541//3541 3547//3547
f 3778//3778 3547//3547 3780//3780
f 3542//3542 3545//3545 3398//3398
f 3554//3554 3545//3545 3542//3542
f 3552//3552 3545//3545 3554//3554
f 3546//3546 3554//3554 3542//3542
f 3547//3547 3551//3551 3555//3555
f 3555//3555 3551//3551 3557//3557
f 3780//3780 3547//3547 3555//3555
f 3780//3780 3555//3555 3786//3786
f 3549//3549 3543//3543 3548//3548
f 3548//3548 3560//3560 3549//3549
f 3544//3544 3549//3549 3550//3550
f 3543//3543 3549//3549 3544//3544
f 3550//3550 3551//3551 3544//3544
f 3557//3557 3551//3551 3550//3550
f 3541//3541 3544//3544 3551//3551
f 3398//3398 3545//3545 3552//3552
f 3558//3558 3552//3552 3553//3553
f 3564//3564 3558//3558 3553//3553
f 3552//3552 3554//3554 3553//3553
f 3564//3564 3553//3553 3559//3559
f 3559//3559 3554//3554 3546//3546
f 3553//3553 3554//3554 3559//3559
f 3562//3562 3555//3555 3557//3557
f 3556//3556 3550//3550 3549//3549
f 3549//3549 3560//3560 3556//3556
f 3556//3556 3561//3561 3550//3550
f 3561//3561 3557//3557 3550//3550
f 3555//3555 3562//3562 3786//3786
f 3786//3786 3562//3562 3787//3787
f 3563//3563 3559//3559 3776//3776
f 3564//3564 3559//3559 3567//3567
f 3559//3559 3563//3563 3567//3567
f 3561//3561 3556//3556 3560//3560
f 3561//3561 3562//3562 3557//3557
f 3570//3570 3562//3562 3569//3569
f 3787//3787 3562//3562 3570//3570
f 3787//3787 3570//3570 3798//3798
f 3565//3565 3567//3567 3563//3563
f 3565//3565 3563//3563 3796//3796
f 3563//3563 3776//3776 3796//3796
f 3561//3561 3560//3560 3568//3568
f 3572//3572 3561//3561 3568//3568
f 3562//3562 3561//3561 3572//3572
f 3569//3569 3562//3562 3572//3572
f 3797//3797 3566//3566 3796//3796
f 3796//3796 3566//3566 3565//3565
f 3565//3565 3566//3566 3575//3575
f 3560//3560 3403//3403 3568//3568
f 3570//3570 3569//3569 3572//3572
f 3566//3566 3797//3797 3578//3578
f 3574//3574 3567//3567 3565//3565
f 3575//3575 3574//3574 3565//3565
f 3578//3578 3575//3575 3566//3566
f 3574//3574 3408//3408 3567//3567
f 3403//3403 3407//3407 3568//3568
f 3568//3568 3407//3407 3571//3571
f 3572//3572 3568//3568 3571//3571
f 3573//3573 3572//3572 3571//3571
f 3573//3573 3571//3571 3584//3584
f 3576//3576 3573//3573 3584//3584
f 3576//3576 3584//3584 3582//3582
f 3570//3570 3572//3572 3573//3573
f 3570//3570 3573//3573 3576//3576
f 3798//3798 3570//3570 3800//3800
f 3800//3800 3570//3570 3576//3576
f 3579//3579 3578//3578 3797//3797
f 3408//3408 3574//3574 3575//3575
f 3578//3578 3581//3581 3575//3575
f 3576//3576 3582//3582 3583//3583
f 3583//3583 3800//3800 3576//3576
f 3805//3805 3800//3800 3583//3583
f 3577//3577 3571//3571 3407//3407
f 3407//3407 3409//3409 3577//3577
f 3571//3571 3577//3577 3584//3584
f 3804//3804 3585//3585 3579//3579
f 3587//3587 3586//3586 3581//3581
f 3587//3587 3581//3581 3578//3578
f 3579//3579 3587//3587 3578//3578
f 3575//3575 3580//3580 3408//3408
f 3581//3581 3580//3580 3575//3575
f 3584//3584 3589//3589 3591//3591
f 3582//3582 3584//3584 3591//3591
f 3805//3805 3583//3583 3809//3809
f 3584//3584 3577//3577 3589//3589
f 3579//3579 3585//3585 3587//3587
f 3416//3416 3580//3580 3586//3586
f 3585//3585 3600//3600 3587//3587
f 3600//3600 3586//3586 3587//3587
f 3416//3416 3413//3413 3580//3580
f 3586//3586 3580//3580 3581//3581
f 3588//3588 3590//3590 3589//3589
f 3592//3592 3591//3591 3590//3590
f 3591//3591 3589//3589 3590//3590
f 3590//3590 3588//3588 3599//3599
f 3582//3582 3591//3591 3592//3592
f 3599//3599 3592//3592 3590//3590
f 3593//3593 3583//3583 3582//3582
f 3593//3593 3582//3582 3592//3592
f 3593//3593 3592//3592 3599//3599
f 3809//3809 3583//3583 3593//3593
f 3811//3811 3809//3809 3593//3593
f 3589//3589 3594//3594 3588//3588
f 3589//3589 3577//3577 3594//3594
f 3588//3588 3596//3596 3595//3595
f 3588//3588 3595//3595 3599//3599
f 3595//3595 3596//3596 3598//3598
f 3599//3599 3595//3595 3598//3598
f 3811//3811 3593//3593 3599//3599
f 3594//3594 3596//3596 3588//3588
f 3808//3808 3597//3597 3585//3585
f 3604//3604 3605//3605 3597//3597
f 3604//3604 3597//3597 3808//3808
f 3585//3585 3597//3597 3600//3600
f 3600//3600 3597//3597 3606//3606
f 3598//3598 3596//3596 3602//3602
f 3602//3602 3596//3596 3601//3601
f 3598//3598 3602//3602 3599//3599
f 3599//3599 3602//3602 3603//3603
f 3597//3597 3605//3605 3606//3606
f 3586//3586 3600//3600 3419//3419
f 3602//3602 3601//3601 3613//3613
f 3614//3614 3602//3602 3613//3613
f 3603//3603 3602//3602 3614//3614
f 3821//3821 3599//3599 3603//3603
f 3608//3608 3821//3821 3603//3603
f 3604//3604 3609//3609 3605//3605
f 3606//3606 3605//3605 3609//3609
f 3600//3600 3607//3607 3419//3419
f 3600//3600 3606//3606 3607//3607
f 3607//3607 3422//3422 3419//3419
f 3613//3613 3601//3601 3612//3612
f 3608//3608 3603//3603 3614//3614
f 3608//3608 3614//3614 3619//3619
f 3826//3826 3608//3608 3619//3619
f 3633//3633 3609//3609 3604//3604
f 3823//3823 3633//3633 3604//3604
f 3610//3610 3425//3425 3421//3421
f 3425//3425 3610//3610 3609//3609
f 3421//3421 3607//3607 3606//3606
f 3421//3421 3606//3606 3610//3610
f 3609//3609 3610//3610 3606//3606
f 3613//3613 3611//3611 3615//3615
f 3613//3613 3612//3612 3611//3611
f 3616//3616 3613//3613 3615//3615
f 3614//3614 3613//3613 3616//3616
f 3619//3619 3614//3614 3618//3618
f 3619//3619 3620//3620 3826//3826
f 3620//3620 3827//3827 3826//3826
f 3827//3827 3627//3627 3823//3823
f 3425//3425 3609//3609 3640//3640
f 3633//3633 3640//3640 3609//3609
f 3616//3616 3615//3615 3617//3617
f 3614//3614 3616//3616 3618//3618
f 3618//3618 3616//3616 3617//3617
f 3618//3618 3617//3617 3625//3625
f 3618//3618 3625//3625 3619//3619
f 3628//3628 3619//3619 3625//3625
f 3619//3619 3628//3628 3620//3620
f 3827//3827 3620//3620 3627//3627
f 3628//3628 3627//3627 3620//3620
f 3617//3617 3621//3621 3623//3623
f 3623//3623 3621//3621 3622//3622
f 3623//3623 3622//3622 3624//3624
f 3624//3624 3622//3622 3630//3630
f 3617//3617 3623//3623 3625//3625
f 3625//3625 3623//3623 3624//3624
f 3625//3625 3624//3624 3631//3631
f 3631//3631 3626//3626 3625//3625
f 3636//3636 3628//3628 3626//3626
f 3628//3628 3636//3636 3627//3627
f 3626//3626 3628//3628 3625//3625
f 3823//3823 3627//3627 3629//3629
f 3629//3629 3633//3633 3823//3823
f 3444//3444 3427//3427 3425//3425
f 3640//3640 3444//3444 3425//3425
f 3624//3624 3630//3630 3631//3631
f 3630//3630 3634//3634 3631//3631
f 3634//3634 3632//3632 3631//3631
f 3632//3632 3626//3626 3631//3631
f 3632//3632 3636//3636 3626//3626
f 3431//3431 3635//3635 3634//3634
f 3634//3634 3635//3635 3637//3637
f 3434//3434 3637//3637 3635//3635
f 3637//3637 3642//3642 3636//3636
f 3636//3636 3642//3642 3641//3641
f 3637//3637 3434//3434 3642//3642
f 3637//3637 3632//3632 3634//3634
f 3632//3632 3637//3637 3636//3636
f 3636//3636 3639//3639 3627//3627
f 3639//3639 3636//3636 3641//3641
f 3640//3640 3442//3442 3444//3444
f 3638//3638 3639//3639 3443//3443
f 3442//3442 3640//3640 3638//3638
f 3442//3442 3638//3638 3443//3443
f 3627//3627 3639//3639 3629//3629
f 3633//3633 3638//3638 3640//3640
f 3633//3633 3629//3629 3638//3638
f 3638//3638 3629//3629 3639//3639
f 3462//3462 3646//3646 3643//3643
f 3462//3462 3645//3645 3646//3646
f 3645//3645 3651//3651 3646//3646
f 3463//3463 3643//3643 3647//3647
f 3464//3464 3463//3463 3647//3647
f 3461//3461 3644//3644 3645//3645
f 3645//3645 3644//3644 3649//3649
f 3643//3643 3646//3646 3648//3648
f 3646//3646 3651//3651 3648//3648
f 3643//3643 3648//3648 3647//3647
f 3468//3468 3668//3668 3650//3650
f 3644//3644 3650//3650 3649//3649
f 3645//3645 3649//3649 3651//3651
f 3651//3651 3649//3649 3653//3653
f 3653//3653 3649//3649 3650//3650
f 3464//3464 3655//3655 3652//3652
f 3654//3654 3647//3647 3648//3648
f 3464//3464 3647//3647 3654//3654
f 3648//3648 3651//3651 3656//3656
f 3464//3464 3652//3652 3457//3457
f 3656//3656 3651//3651 3653//3653
f 3650//3650 3667//3667 3653//3653
f 3655//3655 3464//3464 3654//3654
f 3648//3648 3656//3656 3654//3654
f 3655//3655 3654//3654 3657//3657
f 3654//3654 3656//3656 3661//3661
f 3470//3470 3652//3652 3664//3664
f 3652//3652 3658//3658 3664//3664
f 3655//3655 3658//3658 3652//3652
f 3664//3664 3658//3658 3663//3663
f 3658//3658 3655//3655 3657//3657
f 3663//3663 3658//3658 3657//3657
f 3668//3668 3467//3467 3659//3659
f 3653//3653 3660//3660 3656//3656
f 3667//3667 3660//3660 3653//3653
f 3660//3660 3661//3661 3656//3656
f 3654//3654 3661//3661 3657//3657
f 3662//3662 3663//3663 3657//3657
f 3657//3657 3661//3661 3662//3662
f 3661//3661 3670//3670 3662//3662
f 3664//3664 3663//3663 3665//3665
f 3663//3663 3662//3662 3665//3665
f 3659//3659 3666//3666 3668//3668
f 3670//3670 3671//3671 3662//3662
f 3662//3662 3671//3671 3665//3665
f 3668//3668 3669//3669 3650//3650
f 3650//3650 3669//3669 3667//3667
f 3661//3661 3660//3660 3828//3828
f 3661//3661 3828//3828 3670//3670
f 3666//3666 3676//3676 3677//3677
f 3666//3666 3677//3677 3668//3668
f 3667//3667 3669//3669 3834//3834
f 3667//3667 3834//3834 3829//3829
f 3667//3667 3829//3829 3660//3660
f 3660//3660 3829//3829 3828//3828
f 3671//3671 3670//3670 3836//3836
f 3671//3671 3672//3672 3665//3665
f 3672//3672 3673//3673 3488//3488
f 3665//3665 3672//3672 3488//3488
f 3669//3669 3679//3679 3834//3834
f 3672//3672 3671//3671 3674//3674
f 3671//3671 3836//3836 3674//3674
f 3672//3672 3674//3674 3673//3673
f 3674//3674 3684//3684 3673//3673
f 3676//3676 3678//3678 3677//3677
f 3677//3677 3678//3678 3679//3679
f 3677//3677 3679//3679 3668//3668
f 3668//3668 3679//3679 3669//3669
f 3488//3488 3495//3495 3486//3486
f 3681//3681 3675//3675 3494//3494
f 3676//3676 3675//3675 3681//3681
f 3676//3676 3681//3681 3678//3678
f 3678//3678 3681//3681 3690//3690
f 3679//3679 3678//3678 3832//3832
f 3836//3836 3684//3684 3674//3674
f 3488//3488 3673//3673 3680//3680
f 3673//3673 3684//3684 3680//3680
f 3495//3495 3685//3685 3502//3502
f 3488//3488 3680//3680 3495//3495
f 3495//3495 3680//3680 3685//3685
f 3681//3681 3494//3494 3686//3686
f 3686//3686 3687//3687 3681//3681
f 3681//3681 3687//3687 3690//3690
f 3690//3690 3707//3707 3678//3678
f 3832//3832 3678//3678 3707//3707
f 3684//3684 3836//3836 3682//3682
f 3839//3839 3682//3682 3836//3836
f 3839//3839 3841//3841 3682//3682
f 3680//3680 3684//3684 3683//3683
f 3684//3684 3691//3691 3683//3683
f 3684//3684 3682//3682 3691//3691
f 3685//3685 3680//3680 3683//3683
f 3688//3688 3686//3686 3501//3501
f 3695//3695 3688//3688 3501//3501
f 3686//3686 3688//3688 3687//3687
f 3687//3687 3688//3688 3697//3697
f 3690//3690 3687//3687 3689//3689
f 3687//3687 3696//3696 3689//3689
f 3687//3687 3697//3697 3696//3696
f 3689//3689 3696//3696 3701//3701
f 3841//3841 3705//3705 3682//3682
f 3683//3683 3691//3691 3693//3693
f 3705//3705 3691//3691 3682//3682
f 3685//3685 3692//3692 3506//3506
f 3685//3685 3683//3683 3692//3692
f 3683//3683 3693//3693 3692//3692
f 3695//3695 3500//3500 3694//3694
f 3699//3699 3697//3697 3695//3695
f 3688//3688 3695//3695 3697//3697
f 3694//3694 3700//3700 3695//3695
f 3696//3696 3697//3697 3698//3698
f 3696//3696 3698//3698 3701//3701
f 3697//3697 3699//3699 3698//3698
f 3701//3701 3698//3698 3702//3702
f 3698//3698 3699//3699 3703//3703
f 3700//3700 3699//3699 3695//3695
f 3699//3699 3700//3700 3703//3703
f 3689//3689 3701//3701 3690//3690
f 3704//3704 3690//3690 3701//3701
f 3701//3701 3702//3702 3704//3704
f 3698//3698 3703//3703 3702//3702
f 3690//3690 3704//3704 3707//3707
f 3693//3693 3691//3691 3705//3705
f 3693//3693 3705//3705 3709//3709
f 3709//3709 3506//3506 3692//3692
f 3506//3506 3709//3709 3708//3708
f 3692//3692 3693//3693 3709//3709
f 3694//3694 3710//3710 3711//3711
f 3700//3700 3694//3694 3711//3711
f 3713//3713 3711//3711 3712//3712
f 3702//3702 3703//3703 3706//3706
f 3713//3713 3703//3703 3700//3700
f 3711//3711 3713//3713 3700//3700
f 3703//3703 3713//3713 3706//3706
f 3702//3702 3706//3706 3704//3704
f 3704//3704 3706//3706 3707//3707
f 3707//3707 3706//3706 3714//3714
f 3717//3717 3707//3707 3716//3716
f 3510//3510 3708//3708 3709//3709
f 3711//3711 3710//3710 3720//3720
f 3722//3722 3711//3711 3720//3720
f 3713//3713 3712//3712 3714//3714
f 3722//3722 3712//3712 3711//3711
f 3706//3706 3713//3713 3714//3714
f 3714//3714 3715//3715 3707//3707
f 3707//3707 3715//3715 3716//3716
f 3715//3715 3727//3727 3716//3716
f 3745//3745 3514//3514 3510//3510
f 3510//3510 3709//3709 3745//3745
f 3705//3705 3745//3745 3709//3709
f 3720//3720 3710//3710 3718//3718
f 3720//3720 3718//3718 3721//3721
f 3721//3721 3718//3718 3719//3719
f 3721//3721 3719//3719 3729//3729
f 3722//3722 3720//3720 3721//3721
f 3729//3729 3723//3723 3721//3721
f 3723//3723 3729//3729 3730//3730
f 3724//3724 3712//3712 3722//3722
f 3723//3723 3722//3722 3721//3721
f 3726//3726 3723//3723 3730//3730
f 3724//3724 3714//3714 3712//3712
f 3714//3714 3725//3725 3715//3715
f 3714//3714 3724//3724 3725//3725
f 3726//3726 3724//3724 3722//3722
f 3723//3723 3726//3726 3722//3722
f 3724//3724 3726//3726 3725//3725
f 3726//3726 3731//3731 3725//3725
f 3725//3725 3731//3731 3727//3727
f 3727//3727 3715//3715 3725//3725
f 3727//3727 3731//3731 3750//3750
f 3716//3716 3727//3727 3750//3750
f 3716//3716 3750//3750 3717//3717
f 3717//3717 3750//3750 3751//3751
f 3705//3705 3732//3732 3733//3733
f 3719//3719 3728//3728 3729//3729
f 3728//3728 3736//3736 3729//3729
f 3730//3730 3729//3729 3736//3736
f 3734//3734 3726//3726 3730//3730
f 3726//3726 3734//3734 3731//3731
f 3717//3717 3751//3751 3842//3842
f 3735//3735 3842//3842 3742//3742
f 3732//3732 3842//3842 3735//3735
f 3743//3743 3732//3732 3735//3735
f 3732//3732 3743//3743 3733//3733
f 3745//3745 3705//3705 3733//3733
f 3730//3730 3736//3736 3737//3737
f 3738//3738 3730//3730 3737//3737
f 3731//3731 3734//3734 3739//3739
f 3738//3738 3734//3734 3730//3730
f 3734//3734 3738//3738 3739//3739
f 3750//3750 3731//3731 3749//3749
f 3742//3742 3842//3842 3740//3740
f 3743//3743 3735//3735 3741//3741
f 3735//3735 3742//3742 3741//3741
f 3745//3745 3733//3733 3743//3743
f 3736//3736 3728//3728 3530//3530
f 3736//3736 3530//3530 3746//3746
f 3737//3737 3736//3736 3746//3746
f 3738//3738 3737//3737 3748//3748
f 3748//3748 3739//3739 3738//3738
f 3739//3739 3749//3749 3731//3731
f 3842//3842 3751//3751 3740//3740
f 3740//3740 3751//3751 3761//3761
f 3740//3740 3761//3761 3742//3742
f 3754//3754 3745//3745 3743//3743
f 3744//3744 3754//3754 3743//3743
f 3743//3743 3741//3741 3744//3744
f 3744//3744 3741//3741 3752//3752
f 3755//3755 3534//3534 3745//3745
f 3755//3755 3745//3745 3753//3753
f 3754//3754 3753//3753 3745//3745
f 3746//3746 3747//3747 3737//3737
f 3739//3739 3748//3748 3749//3749
f 3747//3747 3748//3748 3737//3737
f 3749//3749 3748//3748 3758//3758
f 3756//3756 3748//3748 3747//3747
f 3748//3748 3756//3756 3758//3758
f 3749//3749 3759//3759 3750//3750
f 3751//3751 3760//3760 3773//3773
f 3751//3751 3750//3750 3760//3760
f 3751//3751 3773//3773 3761//3761
f 3742//3742 3752//3752 3741//3741
f 3742//3742 3763//3763 3752//3752
f 3763//3763 3742//3742 3761//3761
f 3754//3754 3744//3744 3768//3768
f 3744//3744 3764//3764 3768//3768
f 3744//3744 3752//3752 3764//3764
f 3766//3766 3755//3755 3753//3753
f 3767//3767 3766//3766 3753//3753
f 3754//3754 3768//3768 3753//3753
f 3747//3747 3746//3746 3757//3757
f 3757//3757 3746//3746 3769//3769
f 3757//3757 3756//3756 3747//3747
f 3757//3757 3758//3758 3756//3756
f 3759//3759 3749//3749 3784//3784
f 3759//3759 3784//3784 3772//3772
f 3750//3750 3759//3759 3772//3772
f 3772//3772 3760//3760 3750//3750
f 3773//3773 3774//3774 3761//3761
f 3763//3763 3762//3762 3752//3752
f 3752//3752 3762//3762 3765//3765
f 3761//3761 3774//3774 3763//3763
f 3763//3763 3774//3774 3762//3762
f 3752//3752 3765//3765 3764//3764
f 3765//3765 3776//3776 3764//3764
f 3765//3765 3777//3777 3776//3776
f 3546//3546 3766//3766 3767//3767
f 3767//3767 3753//3753 3768//3768
f 3768//3768 3776//3776 3767//3767
f 3768//3768 3764//3764 3776//3776
f 3746//3746 3541//3541 3769//3769
f 3778//3778 3769//3769 3541//3541
f 3770//3770 3769//3769 3778//3778
f 3769//3769 3770//3770 3757//3757
f 3770//3770 3779//3779 3757//3757
f 3779//3779 3758//3758 3757//3757
f 3784//3784 3749//3749 3783//3783
f 3771//3771 3749//3749 3758//3758
f 3749//3749 3771//3771 3783//3783
f 3779//3779 3771//3771 3758//3758
f 3760//3760 3772//3772 3795//3795
f 3773//3773 3760//3760 3795//3795
f 3774//3774 3807//3807 3775//3775
f 3774//3774 3773//3773 3807//3807
f 3774//3774 3775//3775 3762//3762
f 3762//3762 3777//3777 3765//3765
f 3777//3777 3762//3762 3775//3775
f 3777//3777 3790//3790 3776//3776
f 3776//3776 3546//3546 3767//3767
f 3776//3776 3559//3559 3546//3546
f 3770//3770 3778//3778 3781//3781
f 3770//3770 3781//3781 3779//3779
f 3779//3779 3781//3781 3782//3782
f 3782//3782 3771//3771 3779//3779
f 3771//3771 3782//3782 3783//3783
f 3784//3784 3795//3795 3772//3772
f 3778//3778 3780//3780 3786//3786
f 3778//3778 3786//3786 3788//3788
f 3788//3788 3781//3781 3778//3778
f 3781//3781 3788//3788 3789//3789
f 3789//3789 3782//3782 3781//3781
f 3784//3784 3794//3794 3795//3795
f 3795//3795 3807//3807 3773//3773
f 3777//3777 3775//3775 3785//3785
f 3785//3785 3775//3775 3807//3807
f 3785//3785 3790//3790 3777//3777
f 3786//3786 3787//3787 3788//3788
f 3788//3788 3787//3787 3791//3791
f 3791//3791 3789//3789 3788//3788
f 3789//3789 3791//3791 3792//3792
f 3782//3782 3793//3793 3783//3783
f 3792//3792 3782//3782 3789//3789
f 3782//3782 3792//3792 3793//3793
f 3783//3783 3793//3793 3794//3794
f 3794//3794 3784//3784 3783//3783
f 3785//3785 3797//3797 3790//3790
f 3790//3790 3796//3796 3776//3776
f 3791//3791 3787//3787 3798//3798
f 3793//3793 3792//3792 3802//3802
f 3793//3793 3802//3802 3794//3794
f 3790//3790 3797//3797 3796//3796
f 3801//3801 3791//3791 3798//3798
f 3791//3791 3801//3801 3792//3792
f 3797//3797 3785//3785 3804//3804
f 3797//3797 3804//3804 3579//3579
f 3792//3792 3801//3801 3799//3799
f 3799//3799 3802//3802 3792//3792
f 3795//3795 3794//3794 3814//3814
f 3807//3807 3795//3795 3814//3814
f 3800//3800 3801//3801 3798//3798
f 3802//3802 3799//3799 3801//3801
f 3800//3800 3803//3803 3801//3801
f 3801//3801 3803//3803 3802//3802
f 3808//3808 3804//3804 3785//3785
f 3785//3785 3807//3807 3808//3808
f 3802//3802 3803//3803 3806//3806
f 3805//3805 3803//3803 3800//3800
f 3806//3806 3803//3803 3805//3805
f 3806//3806 3794//3794 3802//3802
f 3794//3794 3806//3806 3814//3814
f 3809//3809 3806//3806 3805//3805
f 3808//3808 3807//3807 3814//3814
f 3804//3804 3808//3808 3585//3585
f 3811//3811 3813//3813 3809//3809
f 3809//3809 3813//3813 3806//3806
f 3806//3806 3810//3810 3814//3814
f 3806//3806 3813//3813 3810//3810
f 3813//3813 3811//3811 3812//3812
f 3812//3812 3811//3811 3816//3816
f 3816//3816 3811//3811 3599//3599
f 3813//3813 3812//3812 3815//3815
f 3813//3813 3815//3815 3810//3810
f 3815//3815 3812//3812 3818//3818
f 3812//3812 3816//3816 3818//3818
f 3810//3810 3819//3819 3814//3814
f 3815//3815 3818//3818 3819//3819
f 3810//3810 3815//3815 3819//3819
f 3821//3821 3816//3816 3599//3599
f 3817//3817 3816//3816 3821//3821
f 3822//3822 3817//3817 3821//3821
f 3818//3818 3817//3817 3820//3820
f 3816//3816 3817//3817 3818//3818
f 3819//3819 3818//3818 3820//3820
f 3822//3822 3820//3820 3817//3817
f 3820//3820 3825//3825 3819//3819
f 3608//3608 3822//3822 3821//3821
f 3826//3826 3822//3822 3608//3608
f 3822//3822 3826//3826 3824//3824
f 3824//3824 3826//3826 3825//3825
f 3824//3824 3820//3820 3822//3822
f 3820//3820 3824//3824 3825//3825
f 3819//3819 3825//3825 3823//3823
f 3823//3823 3814//3814 3819//3819
f 3814//3814 3823//3823 3808//3808
f 3808//3808 3823//3823 3604//3604
f 3825//3825 3827//3827 3823//3823
f 3825//3825 3826//3826 3827//3827
f 3829//3829 3831//3831 3828//3828
f 3828//3828 3831//3831 3670//3670
f 3829//3829 3834//3834 3830//3830
f 3829//3829 3830//3830 3831//3831
f 3831//3831 3830//3830 3840//3840
f 3835//3835 3670//3670 3831//3831
f 3670//3670 3835//3835 3836//3836
f 3835//3835 3831//3831 3840//3840
f 3679//3679 3832//3832 3834//3834
f 3832//3832 3833//3833 3834//3834
f 3830//3830 3834//3834 3833//3833
f 3833//3833 3832//3832 3837//3837
f 3830//3830 3833//3833 3838//3838
f 3830//3830 3838//3838 3840//3840
f 3832//3832 3707//3707 3837//3837
f 3707//3707 3717//3717 3837//3837
f 3837//3837 3838//3838 3833//3833
f 3840//3840 3838//3838 3842//3842
f 3838//3838 3717//3717 3842//3842
f 3835//3835 3839//3839 3836//3836
f 3839//3839 3835//3835 3840//3840
f 3838//3838 3837//3837 3717//3717
f 3840//3840 3842//3842 3732//3732
f 3839//3839 3840//3840 3841//3841
f 3840//3840 3732//3732 3841//3841
f 3841//3841 3732//3732 3705//3705
