# Wavafront OBJ file of BodyParts3D
# BodyParts3D, Copyright(C) 2010-2011 The Database Center for Life Science licensed under CC Attribution-Share Alike 2.1 Japan.
vn 0.722321 -0.677655 0.137967
v -108.628 -99.1807 1015.94
vn 0.802946 -0.5903 0.0826067
v -107.797 -98.2745 1015.38
vn 0.621704 -0.710512 0.32963
v -109.34 -99.268 1017.56
vn 0.410993 -0.789212 0.456321
v -110.782 -99.8729 1018.32
vn 0.744013 -0.664262 -0.0721186
v -107.896 -98.4396 1014.65
vn 0.598975 -0.751918 -0.275405
v -108.235 -98.7398 1014.51
vn 0.749486 -0.601642 -0.27622
v -107.739 -98.1265 1014.09
vn 0.552708 -0.697472 -0.456121
v -108.014 -98.2321 1013.81
vn 0.423529 -0.771889 -0.474143
v -108.6 -98.6883 1013.94
vn 0.646046 -0.758164 -0.088388
v -108.84 -99.4371 1015.36
vn 0.515865 -0.79847 -0.310368
v -109.009 -99.437 1014.94
vn 0.438933 -0.81015 -0.388581
v -109.505 -99.731 1014.95
vn 0.741742 -0.668494 0.0541631
v -108.399 -99.0226 1015.36
vn 0.539886 -0.821367 -0.184065
v -109.419 -99.8856 1015.51
vn 0.551589 -0.833244 -0.0381323
v -109.644 -100.068 1015.8
vn 0.492185 -0.863235 0.112161
v -110.129 -100.356 1016.39
vn 0.482843 -0.874753 -0.0408633
v -110.006 -100.304 1015.95
vn 0.456916 -0.857879 -0.235101
v -109.914 -100.183 1015.52
vn 0.323129 -0.945976 -0.0267995
v -110.394 -100.482 1016.1
vn 0.363815 -0.915434 -0.172104
v -110.288 -100.392 1015.67
vn 0.175243 -0.9843 -0.0210487
v -110.68 -100.549 1016.11
vn 0.674466 -0.703668 0.223491
v -109.077 -99.562 1016.23
vn 0.6362 -0.77022 0.044852
v -109.17 -99.7255 1015.8
vn 0.605554 -0.77975 0.159039
v -109.651 -100.022 1016.38
vn 0.560005 -0.774864 0.293224
v -109.908 -100.136 1016.67
vn 0.38038 -0.9077 0.177179
v -110.399 -100.441 1016.68
vn 0.264506 -0.944824 0.193248
v -110.964 -100.573 1016.99
vn 0.457868 -0.813338 0.358942
v -110.471 -100.263 1017.27
vn 0.343698 -0.860911 0.375105
v -111.029 -100.4 1017.58
vn 0.158208 -0.935607 0.315611
v -111.553 -100.563 1017.57
vn 0.279083 -0.852576 0.441845
v -111.517 -100.35 1018.04
vn 0.289695 -0.771007 -0.56712
v -109.906 -99.5799 1014.4
vn 0.313249 -0.893799 -0.320935
v -110.324 -100.331 1015.39
vn 0.2145 -0.958709 -0.186729
v -110.563 -100.482 1015.68
vn 0.372058 -0.82827 -0.418978
v -110.112 -100.119 1015.1
vn 0.252135 -0.831616 -0.494816
v -110.548 -100.21 1014.98
vn 0.0706236 -0.984357 -0.161408
v -111.159 -100.56 1015.71
vn 0.130966 -0.912008 -0.388701
v -110.937 -100.388 1015.13
vn 0.125555 -0.779971 -0.613091
v -110.917 -100.112 1014.71
vn -0.0327133 -0.961475 -0.272937
v -111.504 -100.514 1015.44
vn -0.0118132 -0.848002 -0.529862
v -111.318 -100.264 1014.87
vn -0.15017 -0.849146 -0.50636
v -112.092 -100.293 1015.05
vn 0.0213515 -0.999392 0.0275478
v -111.856 -100.695 1017.03
vn -0.108861 -0.987045 -0.117858
v -112.538 -100.619 1016.49
vn -0.152975 -0.934638 -0.321013
v -112.175 -100.464 1015.46
vn 0.909596 -0.349904 0.224059
v -107.14 -96.8489 1016.31
vn 0.954316 -0.266249 0.135618
v -106.993 -96.5669 1016
vn 0.928653 -0.237054 0.285324
v -107.079 -96.3924 1016.58
vn 0.980011 -0.130118 0.150495
v -106.955 -96.3002 1016.16
vn 0.993135 -0.116938 0.00288662
v -106.907 -96.2418 1015.67
vn 0.825713 -0.466493 0.317146
v -107.652 -97.481 1016.99
vn 0.876737 -0.357751 0.321474
v -107.385 -97.0062 1016.88
vn 0.830984 -0.373053 0.412671
v -107.788 -97.2459 1017.55
vn 0.879686 -0.2718 0.390228
v -107.334 -96.5538 1017.13
vn 0.750061 -0.528129 0.398106
v -108.407 -98.2024 1017.71
vn 0.781211 -0.399768 0.479474
v -108.249 -97.4972 1018.17
vn 0.691739 -0.48487 0.535161
v -108.798 -97.8029 1018.7
vn 0.602687 -0.545256 0.582636
v -110.304 -98.3731 1019.93
vn 0.466131 -0.663971 0.584692
v -111.026 -98.5578 1020.41
vn 0.941038 0.0022651 -0.338293
v -107.29 -96.7393 1014
vn 0.89402 0.108485 -0.434695
v -107.408 -96.5507 1013.76
vn 0.83444 -0.551025 -0.00902628
v -107.619 -98.0779 1014.83
vn 0.859644 -0.503143 0.0886571
v -107.43 -97.702 1015.39
vn 0.899586 -0.436681 -0.00736155
v -107.338 -97.5807 1014.96
vn 0.88831 -0.429054 -0.163762
v -107.437 -97.7236 1014.25
vn 0.936604 -0.203926 -0.284934
v -107.35 -97.269 1013.97
vn 0.905916 -0.407404 0.115492
v -107.19 -97.1734 1015.84
vn 0.924631 -0.380838 0.00447131
v -107.179 -97.2283 1015.26
vn 0.951875 -0.286895 -0.107824
v -107.126 -97.0238 1014.83
vn 0.956115 -0.2916 0.028527
v -107.035 -96.8415 1015.56
vn 0.974132 -0.210928 -0.0810983
v -107.012 -96.7025 1015.19
vn 0.969172 -0.0746001 -0.234822
v -107.087 -96.6974 1014.67
vn 0.990087 -0.008543 -0.140198
v -106.944 -96.2261 1015.24
vn 0.796371 -0.583804 0.158009
v -107.826 -98.1822 1015.96
vn 0.847854 -0.488262 0.206744
v -107.474 -97.5622 1016.26
vn 0.756973 -0.599306 0.260431
v -108.32 -98.4209 1017.12
vn 0.652623 -0.626314 0.426397
v -109.075 -98.7939 1018
vn 0.681501 -0.659341 0.31753
v -108.917 -98.8888 1017.53
vn 0.537838 -0.722543 0.434353
v -109.948 -99.2758 1018.45
vn 0.620542 -0.595317 0.510417
v -109.565 -98.7218 1018.75
vn 0.52907 -0.666388 0.525368
v -110.231 -98.9678 1019.2
vn 0.314592 -0.808096 0.498008
v -111.268 -99.8255 1018.77
vn 0.397552 -0.759608 0.514731
v -110.889 -99.274 1019.37
vn 0.262285 -0.80687 0.529309
v -112.346 -99.1234 1020.45
vn 0.812413 -0.359074 -0.459403
v -107.548 -97.5054 1013.66
vn 0.641153 -0.38683 -0.662786
v -107.826 -97.6131 1013.39
vn 0.885147 -0.0695756 -0.46008
v -107.437 -97.0051 1013.66
vn 0.760754 -0.167929 -0.626939
v -107.665 -97.085 1013.33
vn 0.542511 -0.281391 -0.791518
v -107.965 -97.2045 1013.07
vn 0.684546 -0.0668319 -0.7259
v -107.826 -96.9199 1013.13
vn 0.817914 0.074513 -0.570494
v -107.61 -96.6156 1013.39
vn 0.512652 -0.0774611 -0.855095
v -108.18 -96.8385 1012.85
vn 0.343393 -0.216109 -0.91399
v -108.66 -97.0484 1012.69
vn 0.668175 0.0826016 -0.739405
v -107.91 -96.5044 1013.05
vn 0.412843 -0.670003 -0.616973
v -108.384 -98.3385 1013.62
vn 0.281711 -0.705859 -0.649925
v -108.847 -98.4967 1013.54
vn 0.609084 -0.5559 -0.565679
v -107.874 -97.8657 1013.53
vn 0.454455 -0.502734 -0.735343
v -108.191 -97.7692 1013.22
vn 0.301221 -0.57691 -0.759237
v -108.635 -97.9529 1013.13
vn 0.320095 -0.392884 -0.86208
v -108.555 -97.4621 1012.87
vn -0.0269327 -0.972647 0.230723
v -112.719 -100.487 1018.09
vn 0.191308 -0.864463 0.464871
v -112.394 -100.154 1018.82
vn 0.0349765 -0.924257 0.380164
v -112.978 -100.231 1018.84
vn -0.142353 -0.921495 0.361361
v -114.109 -99.7945 1019.78
vn 0.181832 -0.607648 -0.773111
v -109.123 -98.1979 1013.17
vn 0.184629 -0.470403 -0.862921
v -109.101 -97.7143 1012.85
vn 0.103558 -0.517201 -0.849576
v -110.027 -97.9172 1012.82
vn 0.201135 -0.290555 -0.93548
v -109.149 -97.041 1012.56
vn 0.093969 -0.375029 -0.922238
v -109.949 -97.4122 1012.56
vn -0.0586533 -0.433247 -0.899365
v -110.851 -97.8432 1012.73
vn 0.113301 -0.696866 -0.708195
v -110.639 -99.1662 1013.7
vn -0.0887903 -0.632952 -0.769082
v -111.258 -98.9925 1013.54
vn 0.0537789 -0.581721 -0.811608
v -110.483 -98.3723 1013.07
vn -0.0916208 -0.729298 -0.678034
v -111.652 -99.92 1014.46
vn -0.287298 -0.92092 -0.263375
v -113.093 -100.468 1016.1
vn -0.148129 -0.988447 0.0320834
v -113.01 -100.588 1017.24
vn -0.286639 -0.950476 -0.120142
v -113.222 -100.509 1016.53
vn -0.197223 -0.974169 0.109989
v -113.361 -100.482 1017.84
vn -0.339935 -0.93963 -0.0392269
v -113.727 -100.405 1017.28
vn -0.471035 -0.825139 -0.311884
v -113.618 -100.301 1016.3
vn -0.401436 -0.914873 0.0430968
v -114.098 -100.256 1017.88
vn -0.503198 -0.840273 -0.201825
v -113.908 -100.238 1016.64
vn -0.553416 -0.824816 -0.115797
v -114.178 -100.189 1017.29
vn -0.59721 -0.801378 -0.0336612
v -114.374 -100.09 1017.73
vn -0.70898 -0.688223 -0.153937
v -114.523 -99.9094 1017.41
vn -0.218165 -0.948623 0.22917
v -113.746 -100.304 1018.44
vn -0.490915 -0.864551 0.107488
v -114.317 -100.104 1018.34
vn -0.196811 -0.518291 -0.83225
v -111.265 -98.2824 1013.02
vn -0.280277 -0.696621 -0.660427
v -112.278 -100.007 1014.74
vn -0.335856 -0.561353 -0.756362
v -111.887 -99.3188 1013.99
vn -0.429 -0.570966 -0.699969
v -112.721 -99.7662 1014.76
vn -0.556763 -0.402024 -0.726906
v -112.965 -99.4268 1014.72
vn -0.31156 -0.775717 -0.548811
v -112.649 -100.213 1015.18
vn -0.33181 -0.834286 -0.440305
v -112.856 -100.335 1015.51
vn -0.48083 -0.614219 -0.62573
v -113.099 -99.9746 1015.2
vn -0.504394 -0.716178 -0.482364
v -113.313 -100.099 1015.52
vn -0.639216 -0.596665 -0.485174
v -113.867 -99.9425 1015.97
vn -0.626247 -0.454277 -0.633599
v -113.484 -99.6704 1015.3
vn -0.728648 -0.351946 -0.587542
v -113.994 -99.5372 1015.77
vn -0.686104 -0.252415 -0.68231
v -113.536 -99.2769 1015.15
vn -0.660051 -0.655758 -0.36649
v -114.016 -100.042 1016.36
vn -0.700319 -0.662383 -0.266088
v -114.249 -99.9922 1016.76
vn -0.753305 -0.458962 -0.471047
v -114.18 -99.6509 1016.13
vn 0.882588 -0.236435 0.40637
v -107.786 -95.1012 1018.84
vn 0.770078 -0.397635 0.498865
v -108.772 -95.6704 1020.28
vn 0.63596 -0.500185 0.587682
v -109.983 -96.335 1021.2
vn 0.978433 -0.0174254 0.205826
v -106.998 -95.9072 1016.59
vn 0.995587 0.0931324 0.0115391
v -106.916 -95.8125 1015.86
vn 0.956318 0.280724 -0.0815494
v -106.971 -95.6133 1015.62
vn 0.971833 0.173413 -0.159591
v -106.956 -95.7942 1015.38
vn 0.929984 0.318926 -0.182798
v -107.024 -95.5953 1015.31
vn 0.958609 0.282237 0.0375799
v -107.061 -95.2536 1016.46
vn 0.908811 0.403102 -0.107574
v -107.119 -95.2148 1015.62
vn 0.971946 0.0948105 0.215248
v -107.156 -95.1219 1017.09
vn 0.845322 -0.280215 0.454874
v -107.823 -96.4145 1018.19
vn 0.920966 -0.143866 0.362111
v -107.218 -95.8387 1017.28
vn 0.541481 -0.54785 0.637698
v -111.324 -97.8697 1021.33
vn 0.411988 -0.655208 0.633221
v -112.082 -97.9935 1021.76
vn 0.916132 0.157707 -0.368551
v -107.17 -96.0501 1014.51
vn 0.85097 0.243051 -0.465592
v -107.515 -96.148 1013.71
vn 0.91758 0.274426 -0.287641
v -107.122 -95.6081 1014.89
vn 0.842578 0.35414 -0.405768
v -107.341 -95.2444 1014.67
vn 0.95725 0.103988 -0.269925
v -107.021 -96.014 1014.94
vn 0.881577 0.411963 -0.230454
v -107.294 -95.0341 1015.13
vn 0.343184 -0.748425 0.567525
v -111.931 -98.7449 1020.78
vn 0.263639 -0.765974 0.586327
v -113.011 -98.295 1021.97
vn 0.09417 -0.810311 0.578384
v -114.105 -98.7045 1021.72
vn 0.16765 -0.750531 0.639216
v -113.594 -98.0759 1022.46
vn -0.0829046 -0.79185 0.605063
v -114.693 -98.5456 1021.94
vn 0.779304 0.215524 -0.588417
v -107.717 -96.213 1013.34
vn 0.401086 -0.0197318 -0.915828
v -108.455 -96.5058 1012.7
vn 0.640721 0.229017 -0.732822
v -108.032 -96.1103 1013.02
vn 0.499218 0.120275 -0.858088
v -108.341 -96.2351 1012.78
vn 0.757333 0.331905 -0.562393
v -107.864 -95.8328 1013.34
vn 0.342142 0.0593279 -0.937774
v -108.764 -96.1922 1012.59
vn 0.395156 0.14708 -0.906763
v -109.042 -95.4221 1012.58
vn 0.103496 -0.860821 0.498274
v -113.774 -99.4537 1020.5
vn -0.403171 -0.883627 0.238028
v -114.623 -99.6817 1019.65
vn -0.117479 -0.887734 0.445114
v -114.501 -99.2694 1020.85
vn -0.328834 -0.880532 0.341368
v -114.783 -99.3255 1020.56
vn -0.0201589 -0.842423 0.53844
v -114.429 -99.0286 1021.28
vn -0.27134 -0.832032 0.483836
v -114.986 -98.8422 1021.46
vn -0.591441 -0.763845 0.258337
v -115.434 -98.8164 1021.01
vn 0.273587 -0.0910522 -0.957528
v -108.85 -96.6786 1012.57
vn 0.136167 -0.0281423 -0.990286
v -109.771 -95.9644 1012.32
vn 0.262427 0.110794 -0.95857
v -109.488 -95.3921 1012.41
vn 0.0543448 0.110567 -0.992382
v -109.924 -95.5862 1012.31
vn 0.156607 -0.190019 -0.96921
v -109.564 -96.774 1012.42
vn 0.000621329 -0.182254 -0.983251
v -110.07 -97.008 1012.42
vn -0.125778 -0.246683 -0.960899
v -110.717 -97.3168 1012.52
vn -0.192652 -0.107003 -0.975416
v -110.72 -96.8637 1012.45
vn -0.200925 -0.0013304 -0.979606
v -110.439 -95.827 1012.33
vn -0.796676 -0.540353 -0.270788
v -114.779 -99.575 1017.35
vn -0.864638 -0.406999 -0.294538
v -115.14 -99.0857 1017.56
vn -0.895838 -0.170629 -0.410316
v -115.08 -98.804 1017.17
vn -0.590306 -0.796995 0.127819
v -115.058 -99.475 1019.41
vn -0.68309 -0.730106 -0.018239
v -115.031 -99.5608 1018.55
vn -0.807631 -0.563987 -0.172196
v -115.161 -99.3774 1018.3
vn -0.763586 -0.643105 0.0578953
v -115.281 -99.2872 1019.32
vn -0.806468 -0.588004 -0.0621332
v -115.311 -99.2569 1018.74
vn -0.88616 -0.431122 -0.169866
v -115.398 -99.0526 1018.48
vn -0.869768 -0.490958 -0.0496306
v -115.532 -98.9298 1018.99
vn -0.910751 -0.305604 -0.27774
v -115.406 -98.7965 1018.03
vn -0.261077 -0.235094 -0.936253
v -111.122 -97.5146 1012.66
vn -0.366061 -0.0535043 -0.929052
v -111.138 -97.0696 1012.6
vn -0.332765 -0.322328 -0.886212
v -111.368 -97.8681 1012.85
vn -0.471101 -0.369856 -0.800794
v -111.689 -98.0337 1013.06
vn -0.434546 -0.130363 -0.891165
v -111.399 -97.4257 1012.75
vn -0.527644 -0.1639 -0.833504
v -111.724 -97.593 1012.96
vn -0.645822 -0.163204 -0.745841
v -112.013 -97.7462 1013.21
vn -0.555013 -0.00322328 -0.831835
v -111.703 -97.1308 1012.91
vn -0.727101 -0.0871502 -0.680977
v -112.592 -97.3829 1013.73
vn -0.758392 -0.153021 -0.633582
v -113.925 -99.0355 1015.5
vn -0.798325 -0.07575 -0.597443
v -114.499 -98.4539 1016.14
vn -0.787595 -0.470831 -0.397509
v -114.427 -99.5682 1016.48
vn -0.80378 -0.251277 -0.539256
v -114.356 -99.286 1016.15
vn -0.845029 -0.331724 -0.419386
v -114.862 -99.1319 1016.92
vn -0.845939 -0.113948 -0.520964
v -114.715 -98.5791 1016.46
vn -0.846697 0.00700793 -0.53203
v -114.703 -98.1202 1016.4
vn 0.481952 -0.868742 -0.114058
v -22.8012 -62.7489 1132.39
vn 0.609521 -0.7838 -0.118917
v -22.2125 -62.3205 1132.24
vn 0.363787 -0.929721 0.0572495
v -23.0266 -62.8996 1133.26
vn 0.568856 -0.822233 0.0183207
v -22.3996 -62.5385 1133.39
vn 0.351244 -0.91883 0.17994
v -23.0486 -62.8217 1133.84
vn 0.124193 -0.979342 0.159576
v -23.6005 -63.0112 1133.57
vn 0.522198 -0.821736 -0.228166
v -22.3956 -62.3048 1131.53
vn 0.307174 -0.915783 -0.258816
v -23.1206 -62.7729 1131.83
vn 0.280242 -0.954778 -0.0993183
v -23.31 -63.0011 1132.69
vn 0.0734201 -0.9973 -0.00118751
v -23.5892 -63.0661 1132.99
vn 0.125918 -0.972829 -0.194289
v -23.6546 -62.9705 1132.14
vn 0.835266 -0.37464 0.402461
v -108.581 -94.5143 1020.98
vn 0.951779 -0.0725438 0.298084
v -107.627 -94.5648 1018.66
vn 0.979561 0.169354 0.108533
v -107.544 -94.2416 1018.32
vn 0.985664 -0.0328298 0.165495
v -107.711 -93.7524 1019.25
vn 0.913958 0.397917 -0.0796375
v -107.76 -93.6448 1017.57
vn 0.927735 -0.212305 0.306976
v -107.846 -94.2115 1019.49
vn 0.701124 -0.511106 0.497187
v -109.212 -94.9049 1021.67
vn 0.585641 -0.569013 0.577277
v -110.013 -95.1934 1022.27
vn 0.537136 -0.56034 0.630479
v -111.284 -95.8333 1022.88
vn 0.468697 -0.565385 0.678721
v -112.408 -97.1693 1022.72
vn 0.332584 -0.660257 0.673386
v -113.132 -97.6562 1022.73
vn 0.208192 -0.679311 0.703699
v -113.602 -97.6652 1022.9
vn 0.0581181 -0.717561 0.694066
v -114.179 -97.7121 1022.95
vn 0.792675 0.454979 -0.405784
v -108.447 -93.2704 1014.42
vn 0.0252141 -0.770207 0.637295
v -114.195 -98.1316 1022.48
vn -0.110152 -0.748456 0.653973
v -114.719 -97.9411 1022.67
vn -0.30698 -0.754768 0.579731
v -115.36 -98.2001 1022.17
vn -0.317624 -0.718045 0.619295
v -115.391 -97.8019 1022.64
vn -0.590235 -0.651788 0.47623
v -115.642 -97.8947 1022.34
vn 0.473652 0.223957 -0.851761
v -109.021 -94.972 1012.68
vn 0.607432 0.306839 -0.732718
v -108.794 -94.6614 1012.93
vn 0.374091 0.319842 -0.870492
v -109.188 -94.6025 1012.7
vn 0.710454 0.403708 -0.576433
v -108.711 -94.2002 1013.26
vn 0.514632 0.395003 -0.761004
v -108.964 -94.294 1012.96
vn 0.532817 0.48246 -0.695226
v -109.024 -93.8887 1013.16
vn 0.246461 0.458144 -0.854026
v -109.453 -93.8491 1012.97
vn 0.38882 0.55041 -0.738829
v -109.27 -93.5229 1013.26
vn -0.505178 -0.741367 0.44178
v -115.45 -98.4338 1021.76
vn -0.832879 -0.541206 0.115795
v -115.73 -98.4954 1020.88
vn -0.735946 -0.606228 0.301448
v -115.674 -98.304 1021.64
vn -0.872822 -0.460668 0.161142
v -115.934 -97.9627 1021.47
vn -0.934394 -0.355636 0.0207365
v -116.105 -97.7565 1020.68
vn -0.975472 -0.148692 -0.162312
v -116.199 -97.3223 1020.31
vn 0.316275 0.215052 -0.923971
v -109.374 -95.1214 1012.49
vn 0.155518 0.235212 -0.959421
v -109.658 -95.0247 1012.44
vn 0.155566 0.352959 -0.922615
v -109.564 -94.7647 1012.55
vn -0.0113746 0.311337 -0.950231
v -109.988 -94.9536 1012.44
vn -0.192445 0.35092 -0.916417
v -110.37 -94.9113 1012.51
vn -0.0422467 0.427034 -0.903248
v -110.07 -94.1218 1012.8
vn -0.164784 0.207591 -0.964236
v -110.332 -95.3719 1012.35
vn -0.363031 0.163245 -0.917365
v -110.564 -95.4417 1012.4
vn -0.456596 0.0795933 -0.886107
v -111.075 -95.695 1012.61
vn -0.338937 0.300719 -0.891454
v -110.627 -95.0331 1012.54
vn -0.57057 0.125411 -0.811617
v -111.576 -95.5036 1012.93
vn -0.489407 0.238866 -0.838703
v -111.255 -95.1213 1012.82
vn -0.634726 0.247988 -0.731864
v -111.909 -95.2344 1013.26
vn -0.690337 0.147571 -0.708278
v -112.23 -95.6603 1013.44
vn -0.772625 0.125109 -0.622413
v -112.895 -95.984 1014.13
vn -0.732033 0.244727 -0.635796
v -112.406 -95.2787 1013.75
vn -0.819801 0.174851 -0.545301
v -113.659 -95.9716 1015.19
vn -0.788436 0.224816 -0.572562
v -113.19 -95.4905 1014.68
vn -0.868527 0.117608 -0.481487
v -114.604 -97.1744 1016.37
vn -0.825933 0.114861 -0.551943
v -114.063 -96.8606 1015.56
vn -0.856403 0.189734 -0.480182
v -114.425 -96.414 1016.31
vn -0.92849 -0.0529901 -0.367556
v -115.368 -98.3072 1017.73
vn -0.89024 0.0108144 -0.455364
v -115.03 -98.093 1016.99
vn -0.907524 0.0948619 -0.409147
v -115.251 -97.7873 1017.51
vn -0.881454 0.18974 -0.432478
v -114.928 -96.4963 1017.25
vn -0.934675 -0.334431 -0.120578
v -115.803 -98.4058 1019.29
vn -0.951419 -0.188139 -0.243732
v -115.731 -98.3359 1018.82
vn -0.943102 0.0185431 -0.331987
v -115.677 -97.84 1018.53
vn -0.901137 -0.433435 -0.00926798
v -115.81 -98.4505 1019.82
vn -0.687586 0.0275706 -0.725579
v -112.225 -96.508 1013.33
vn -0.779302 0.0119608 -0.626535
v -113.364 -97.1358 1014.61
vn -0.820887 0.0327 -0.570154
v -114.341 -97.4597 1015.89
vn 0.892277 -0.351143 0.283797
v -21.0155 -60.4532 1137.22
vn 0.713119 -0.584245 0.387452
v -21.2603 -60.6893 1137.47
vn 0.509045 -0.747868 0.426106
v -21.5043 -60.921 1137.43
vn 0.332604 -0.778847 0.531763
v -21.9599 -60.8635 1137.92
vn 0.547891 -0.795312 0.259411
v -21.4749 -61.682 1135.7
vn 0.661107 -0.746228 0.0779856
v -21.3383 -61.6583 1135.26
vn 0.748956 -0.632519 0.197442
v -21.2534 -61.4776 1135.7
vn 0.79599 -0.603465 0.0472198
v -21.1519 -61.4662 1135
vn 0.857491 -0.501119 0.116574
v -20.9581 -61.0986 1135.56
vn 0.855991 -0.465863 0.224166
v -20.9604 -60.6993 1136.59
vn 0.934314 -0.338547 0.111548
v -20.7271 -60.5658 1135.72
vn 0.952249 -0.236761 0.192783
v -20.7065 -60.2463 1136.17
vn 0.325662 -0.854988 0.403658
v -21.6971 -61.506 1136.44
vn 0.309215 -0.84861 0.429241
v -21.8394 -61.1538 1137.33
vn 0.138461 -0.852276 0.504435
v -22.7364 -61.6451 1136.62
vn 0.0971081 -0.8798 0.46532
v -22.6428 -61.1041 1137.8
vn 0.710507 -0.703511 -0.0158488
v -21.2574 -61.5751 1133.68
vn 0.824761 -0.55926 -0.0836513
v -20.989 -61.1838 1132.68
vn 0.88984 -0.456112 0.0120965
v -20.8421 -61.0205 1134
vn 0.378458 -0.894802 0.236853
v -22.5976 -62.3691 1134.99
vn 0.494275 -0.85963 0.129339
v -21.5799 -61.8196 1135.26
vn 0.253271 -0.92633 0.278868
v -22.8941 -62.3968 1135.3
vn 0.311365 -0.88029 0.357967
v -22.6826 -62.1403 1135.87
vn 0.0553657 -0.893537 0.445563
v -22.968 -62.2069 1135.89
vn -0.209873 -0.817832 0.53582
v -23.572 -62.0012 1136.11
vn -0.0840302 -0.854919 0.511911
v -23.244 -61.5663 1136.8
vn -0.334442 -0.779503 0.529645
v -23.7504 -61.5053 1136.68
vn 0.676342 -0.707474 -0.205043
v -21.5062 -61.5089 1131.24
vn 0.793337 -0.584229 -0.171152
v -21.1887 -61.1627 1131.39
vn 0.825793 -0.545372 -0.14365
v -20.8201 -60.5931 1131.4
vn 0.681764 -0.689581 -0.244287
v -21.3511 -60.9694 1130.3
vn 0.709745 -0.698432 -0.0919446
v -21.4092 -61.6574 1132.38
vn 0.147029 -0.953064 0.264671
v -23.485 -62.8965 1134
vn -0.0795593 -0.954446 0.28758
v -23.9626 -62.8822 1134.17
vn -0.280213 -0.933019 0.225735
v -24.4266 -62.8899 1133.78
vn -0.219043 -0.872904 0.435958
v -24.1163 -62.6013 1134.8
vn -0.353414 -0.865906 0.353985
v -24.455 -62.7191 1134.3
vn -0.398738 -0.802964 0.443009
v -24.4117 -62.511 1134.77
vn -0.421144 -0.742739 0.520554
v -24.2599 -62.0585 1135.62
vn -0.531028 -0.725689 0.437475
v -24.9238 -62.2866 1134.59
vn 0.776517 -0.605834 -0.173167
v -20.7528 -59.8745 1128.42
vn 0.723355 -0.629428 -0.283863
v -20.8622 -59.6842 1127.57
vn 0.5882 -0.755905 -0.287452
v -21.2196 -59.9443 1127.43
vn 0.869134 -0.448064 -0.20939
v -20.5539 -59.318 1127.72
vn 0.543414 -0.78367 -0.300936
v -22.2647 -61.9503 1130.68
vn 0.392577 -0.841208 -0.371823
v -22.5104 -61.7996 1129.98
vn 0.355633 -0.872795 -0.334297
v -22.9884 -62.4212 1130.98
vn 0.191648 -0.914597 -0.356065
v -23.7073 -62.5843 1130.86
vn 0.120628 -0.944238 -0.306372
v -23.9492 -62.7297 1131.16
vn -0.12416 -0.985291 0.117411
v -24.0765 -63.0158 1133.45
vn -0.0148169 -0.993755 -0.110592
v -24.1043 -63.0165 1132.3
vn 0.0387723 -0.973759 -0.224254
v -23.993 -62.9383 1131.87
vn -0.148042 -0.988978 -0.00242722
v -24.4195 -63.004 1132.6
vn -0.153914 -0.975436 -0.157588
v -24.452 -62.9642 1132.03
vn -0.275169 -0.960592 -0.0393123
v -24.7804 -62.923 1132.34
vn -0.362133 -0.923219 -0.128553
v -25.0322 -62.822 1132.17
vn -0.313207 -0.941195 0.126705
v -24.9463 -62.8522 1133.08
vn -0.4202 -0.907003 0.0278782
v -25.3354 -62.7269 1132.81
vn -0.461052 -0.833223 0.305239
v -25.2616 -62.5878 1133.57
vn -0.50485 -0.833624 0.22405
v -25.4208 -62.6293 1133.15
vn -0.577402 -0.810588 0.0977435
v -25.7113 -62.5127 1132.8
vn -0.611105 -0.708933 0.352087
v -25.6122 -62.3057 1133.62
vn -0.668045 -0.699859 0.252811
v -25.7827 -62.3502 1133.17
vn 0.52064 -0.766662 -0.375718
v -21.4044 -59.9097 1127.01
vn 0.400982 -0.827979 -0.392
v -21.8098 -60.0665 1126.88
vn 0.452474 -0.765683 -0.457161
v -21.7744 -59.8246 1126.46
vn 0.450764 -0.824386 -0.342343
v -22.128 -60.684 1128.01
vn 0.235259 -0.882698 -0.406813
v -23.5356 -61.9994 1129.59
vn 0.00416531 -0.894616 -0.446816
v -23.9588 -61.7995 1129.05
vn -0.210257 -0.864368 -0.456793
v -24.3957 -61.5904 1128.78
vn 0.0075747 -0.917929 -0.396672
v -24.1805 -62.5946 1130.74
vn -0.195955 -0.898213 -0.393465
v -24.5073 -62.5723 1130.76
vn -0.398439 -0.829298 -0.391805
v -24.8301 -62.3802 1130.58
vn -0.0752682 -0.952342 -0.295601
v -24.3856 -62.8044 1131.32
vn -0.35438 -0.894959 -0.27104
v -24.9301 -62.7195 1131.46
vn -0.516003 -0.850834 -0.0991083
v -25.734 -62.4847 1132.3
vn 0.1086 -0.873915 -0.473791
v -23.3199 -60.5701 1126.78
vn 0.990537 0.130675 -0.0419595
v -107.834 -92.3152 1020.23
vn 0.896796 0.364221 -0.251198
v -108.007 -91.7227 1020.23
vn 0.901101 -0.297624 0.315337
v -108.002 -93.1252 1020.99
vn 0.977504 -0.121669 0.172285
v -107.871 -92.8216 1020.75
vn 0.785024 -0.459803 0.415112
v -108.765 -93.5873 1022.38
vn 0.641631 -0.572042 0.510958
v -109.317 -93.9362 1022.88
vn 0.51855 -0.637208 0.570151
v -110.821 -94.7547 1023.49
vn 0.967828 0.240692 -0.0733275
v -107.75 -93.0972 1019.24
vn 0.901191 0.395164 -0.178044
v -108.473 -91.9966 1018.09
vn 0.3662 -0.642075 0.673526
v -113.384 -95.6745 1024.57
vn 0.254084 -0.719339 0.646524
v -114.005 -95.6672 1024.89
vn 0.206413 -0.68095 0.702638
v -114.015 -96.1759 1024.37
vn 0.102566 -0.728805 0.676995
v -114.56 -96.1982 1024.46
vn -0.148402 -0.73084 0.66622
v -115.285 -95.8985 1024.76
vn 0.626345 0.525225 -0.576047
v -108.865 -93.2013 1013.92
vn 0.714722 0.52972 -0.456694
v -108.749 -92.5373 1014.73
vn 0.563203 0.581033 -0.58754
v -109.306 -92.3144 1014.31
vn 0.843955 0.478357 -0.242722
v -108.694 -92.3228 1015.19
vn -0.838075 -0.471667 0.274154
v -116.079 -97.2133 1022.51
vn -0.470489 -0.664299 0.580816
v -115.898 -96.5517 1023.74
vn -0.956954 -0.254155 0.140161
v -116.377 -96.4795 1022.52
vn -0.7398 -0.5227 0.423651
v -116.082 -96.4079 1023.68
vn -0.894395 -0.354896 0.272226
v -116.248 -96.246 1023.49
vn 0.111465 0.517575 -0.848346
v -109.717 -93.534 1013.11
vn -0.0991769 0.50771 -0.855801
v -110.221 -93.3284 1013.24
vn 0.148169 0.572814 -0.806182
v -109.764 -92.9137 1013.52
vn 0.402456 0.597704 -0.693383
v -109.575 -92.6244 1013.81
vn -0.08167 0.564342 -0.821491
v -110.266 -92.707 1013.63
vn -0.312152 0.500601 -0.80744
v -110.826 -92.9658 1013.62
vn -0.949685 0.0803187 -0.302732
v -116.076 -96.561 1019.9
vn -0.928446 0.182086 -0.323779
v -115.969 -95.6244 1020.03
vn -0.93357 -0.341597 0.108441
v -116.226 -97.2242 1021.77
vn -0.978751 -0.203508 -0.0251333
v -116.331 -96.9888 1021.2
vn -0.986557 -0.0162659 -0.162609
v -116.318 -96.6974 1020.78
vn -0.989889 -0.141609 0.00821738
v -116.433 -96.4356 1021.93
vn -0.964253 0.112137 -0.240085
v -116.287 -96.0576 1020.82
vn -0.99262 0.0402564 -0.114387
v -116.467 -95.7782 1021.93
vn -0.288161 0.426329 -0.857442
v -110.684 -93.9727 1012.99
vn -0.439523 0.356549 -0.824435
v -111.125 -94.1845 1013.08
vn -0.571342 0.322377 -0.754746
v -111.498 -94.3699 1013.25
vn -0.504031 0.427321 -0.750566
v -111.311 -93.8969 1013.34
vn -0.662312 0.349117 -0.662918
v -111.819 -94.1506 1013.64
vn -0.755935 0.302242 -0.5807
v -112.684 -94.5619 1014.41
vn -0.810901 0.270306 -0.519012
v -113.312 -94.9478 1015.11
vn -0.846869 0.242757 -0.473162
v -114.106 -95.3619 1016.22
vn -0.912865 0.146001 -0.381264
v -115.676 -96.4758 1018.89
vn 0.915547 -0.0868754 0.392717
v -21.0945 -58.794 1138.49
vn 0.952277 -0.176759 0.248845
v -20.8851 -59.7325 1137.38
vn 0.975427 -0.102561 0.194996
v -20.5515 -59.0447 1136.3
vn 0.965324 -0.0715931 0.251047
v -20.8156 -58.8188 1137.59
vn 0.981816 0.0413078 0.185287
v -20.6212 -58.4432 1136.8
vn 0.526403 -0.636603 0.563592
v -21.6291 -60.546 1138.07
vn 0.680046 -0.491373 0.544142
v -21.3603 -60.0946 1138.22
vn 0.374248 -0.677503 0.633189
v -21.9628 -60.4934 1138.38
vn 0.859593 -0.330438 0.389757
v -21.0995 -59.8783 1137.98
vn 0.790765 -0.341054 0.508304
v -21.2778 -59.5752 1138.53
vn 0.491914 -0.535769 0.686274
v -21.8252 -60.0464 1138.7
vn 0.915225 -0.184513 0.358215
v -21.0748 -59.4358 1138.21
vn 0.616302 -0.392028 0.682998
v -21.4222 -59.6327 1138.67
vn 0.784228 -0.209319 0.584099
v -21.2708 -59.3369 1138.65
vn 0.61317 -0.241527 0.752122
v -21.4376 -59.2155 1138.85
vn 0.468164 -0.35746 0.808112
v -21.9786 -59.477 1139.12
vn 0.188047 -0.761558 0.620216
v -22.5058 -60.6869 1138.39
vn 0.299735 -0.595834 0.745078
v -22.2579 -60.1755 1138.84
vn 0.0616024 -0.691577 0.719671
v -22.8155 -60.2951 1138.88
vn 0.12172 -0.563222 0.817292
v -22.7349 -60.0477 1139.06
vn -0.109577 -0.608512 0.785942
v -23.0086 -60.1686 1138.98
vn 0.245119 -0.451226 0.858086
v -22.4197 -59.6889 1139.21
vn -0.00130315 -0.49468 0.869074
v -22.9026 -59.6946 1139.29
vn -0.270909 -0.530849 0.802999
v -23.2828 -59.8589 1139.14
vn 0.973896 -0.20849 0.0897652
v -20.1252 -59.0935 1133.69
vn 0.993447 -0.0796915 0.0819331
v -20.0104 -58.7515 1132.86
vn 0.974634 -0.168473 0.147328
v -20.3748 -59.534 1134.98
vn 0.98669 0.052674 0.153842
v -20.3355 -58.8562 1135.16
vn -0.0462333 -0.791719 0.609134
v -23.0053 -60.7894 1138.33
vn -0.247889 -0.828049 0.502879
v -23.3085 -60.911 1138.09
vn -0.284347 -0.734077 0.616667
v -23.3314 -60.7162 1138.33
vn -0.451376 -0.715769 0.532855
v -23.4648 -60.7668 1138.18
vn -0.204236 -0.703896 0.680308
v -23.1883 -60.4525 1138.68
vn -0.449906 -0.649938 0.612507
v -23.4743 -60.5645 1138.41
vn -0.335465 -0.625349 0.704558
v -23.333 -60.302 1138.76
vn -0.519754 -0.545149 0.657775
v -23.5841 -59.9794 1138.89
vn 0.971979 0.229584 -0.0504804
v -19.9415 -57.5914 1129.88
vn 0.916832 -0.392554 -0.0729426
v -20.1507 -59.3345 1130.86
vn 0.988129 -0.15361 -0.00242807
v -19.928 -58.588 1131.25
vn 0.988589 0.104893 0.108121
v -19.9031 -57.9407 1131.72
vn 0.998343 0.0570653 0.00738089
v -19.8823 -57.8905 1131.2
vn 0.958915 -0.282614 0.0247363
v -20.0916 -59.2118 1132.52
vn -0.521719 -0.688263 0.504087
v -24.3092 -61.2557 1136.55
vn -0.593569 -0.612711 0.521787
v -24.5913 -60.5453 1137.27
vn 0.92633 -0.353596 -0.129933
v -20.3663 -59.2662 1128.69
vn 0.990535 -0.0980671 -0.0960331
v -19.917 -58.0256 1129.84
vn 0.965324 0.190545 -0.178445
v -20.0238 -57.5758 1129.19
vn -0.607084 -0.608105 0.511525
v -24.8593 -61.8591 1135.25
vn 0.787485 -0.418851 -0.452141
v -20.7562 -58.9427 1126.6
vn 0.964253 -0.171847 -0.201703
v -20.3839 -58.4886 1127.24
vn 0.912535 -0.184362 -0.365091
v -20.5105 -58.5119 1126.78
vn 0.827892 -0.179661 -0.531335
v -20.7139 -58.578 1126.42
vn 0.942354 0.103478 -0.318216
v -20.4687 -58.0501 1126.86
vn 0.828548 0.13417 -0.543605
v -20.6529 -58.1054 1126.47
vn 0.850431 0.351169 -0.391724
v -20.5949 -57.6581 1126.84
vn 0.844452 -0.44688 -0.295294
v -20.6397 -59.1633 1127.15
vn -0.661061 -0.612625 0.43323
v -25.7149 -61.9391 1134.06
vn -0.746117 -0.57816 0.330212
v -25.9691 -62.0099 1133.45
vn -0.782373 -0.575174 0.238889
v -26.0968 -62.0381 1133.05
vn -0.729092 -0.531879 0.430731
v -25.9295 -61.5963 1134.14
vn -0.856295 -0.437309 0.274808
v -26.2383 -61.6739 1133.3
vn 0.635235 -0.523993 -0.567369
v -21.1692 -59.0982 1126.18
vn 0.713495 -0.311053 -0.627831
v -20.9672 -58.6718 1126.11
vn 0.740308 -0.0253518 -0.67179
v -20.9813 -58.4486 1126.04
vn 0.626587 -0.12717 -0.768906
v -21.8764 -58.5741 1125.2
vn 0.705774 0.245104 -0.664685
v -21.0825 -58.0427 1125.99
vn 0.614824 0.196542 -0.763782
v -21.8232 -58.1058 1125.27
vn 0.676292 -0.618358 -0.400327
v -21.0148 -59.4151 1126.73
vn 0.556364 -0.669826 -0.491723
v -21.3279 -59.5421 1126.5
vn -0.563167 -0.801062 -0.202838
v -26.0966 -62.1702 1131.87
vn -0.773812 -0.630918 -0.0561915
v -26.4236 -61.863 1131.73
vn -0.626038 -0.735529 -0.258987
v -26.3578 -61.7955 1131.26
vn -0.903655 -0.409606 0.125023
v -26.5985 -61.5255 1132.12
vn -0.884291 -0.464147 -0.0509479
v -26.6426 -61.4932 1131.44
vn -0.741192 -0.628201 -0.236637
v -26.6025 -61.4356 1130.94
vn -0.700523 -0.710508 0.0666816
v -26.0966 -62.2177 1132.48
vn -0.836654 -0.528612 0.143455
v -26.3773 -61.8882 1132.34
vn 0.477186 -0.433235 -0.764592
v -22.2104 -58.9604 1125.09
vn 0.235583 -0.59292 -0.77003
v -22.5438 -59.3318 1125.19
vn 0.0461842 -0.441187 -0.896226
v -22.5249 -59.087 1125.04
vn -0.28181 -0.412285 -0.866374
v -22.7694 -59.2077 1125.14
vn 0.402889 -0.131752 -0.905716
v -22.2143 -58.7149 1125
vn 0.106165 -0.196302 -0.974779
v -22.4444 -58.8184 1124.95
vn -0.25134 -0.22401 -0.94162
v -22.668 -58.9255 1125
vn -0.510389 -0.219114 -0.83156
v -22.8424 -59.0137 1125.09
vn 0.400142 0.203639 -0.893542
v -22.136 -58.2328 1125.03
vn 0.154452 0.100122 -0.982914
v -22.3271 -58.3155 1124.96
vn -0.203488 0.0508813 -0.977754
v -22.6511 -58.465 1124.95
vn -0.553931 -0.0358606 -0.83179
v -22.832 -58.5557 1125.03
vn 0.246089 -0.834581 -0.492864
v -22.6687 -59.9732 1125.92
vn 0.440938 -0.673793 -0.592939
v -22.3917 -59.57 1125.49
vn 0.155626 -0.721664 -0.674524
v -22.5728 -59.5281 1125.36
vn -0.213117 -0.651745 -0.72788
v -23.0453 -59.8255 1125.67
vn -0.135127 -0.573734 -0.807818
v -22.7465 -59.4309 1125.26
vn -0.487082 -0.374213 -0.789124
v -23.031 -59.3449 1125.34
vn -0.56971 -0.210269 -0.794492
v -23.5936 -59.6456 1125.86
vn -0.646934 -0.136949 -0.750148
v -23.2478 -59.2329 1125.49
vn -0.0634019 -0.870712 -0.487689
v -23.8635 -60.763 1127.08
vn -0.0623061 -0.8217 -0.566504
v -23.7061 -60.4347 1126.52
vn -0.248872 -0.812779 -0.526737
v -24.1043 -60.6391 1126.93
vn -0.314254 -0.680418 -0.662024
v -24.0551 -60.3616 1126.54
vn -0.443035 -0.613998 -0.653243
v -24.5821 -60.411 1126.92
vn -0.470307 -0.454658 -0.756371
v -24.3392 -60.0379 1126.45
vn -0.488972 -0.244494 -0.837335
v -25.0601 -59.729 1126.84
vn -0.394623 -0.785186 -0.477237
v -24.8129 -60.8006 1127.67
vn -0.477144 -0.64372 -0.598296
v -25.7671 -60.1064 1127.47
vn -0.515412 -0.761854 -0.392337
v -26.2314 -61.1664 1129.69
vn 0.938324 -0.258059 0.230118
v -108.05 -90.1483 1023.75
vn 0.839625 -0.431132 0.330386
v -109.156 -91.7806 1025.15
vn 0.668811 -0.576396 0.469531
v -109.482 -92.1257 1025.28
vn 0.467285 -0.675923 0.569888
v -112.272 -92.8235 1026.83
vn 0.346935 -0.703367 0.620412
v -113.848 -94.2158 1026.55
vn -0.0105511 -0.744873 0.667123
v -114.819 -95.0873 1025.77
vn -0.255825 -0.708991 0.65718
v -115.483 -94.9473 1025.78
vn -0.463702 -0.646368 0.605961
v -115.768 -94.644 1025.94
vn -0.495527 -0.614898 0.613476
v -115.766 -94.02 1026.59
vn 0.869616 0.434266 -0.234909
v -109.161 -91.0356 1016.04
vn -0.662868 -0.537627 0.521117
v -116.006 -94.5216 1025.84
vn -0.862728 -0.356573 0.358548
v -116.192 -94.578 1025.45
vn -0.965853 -0.186536 0.179813
v -116.44 -94.6215 1024.53
vn -0.953371 -0.192316 0.232589
v -116.322 -94.1882 1025.43
vn 0.655651 0.581754 -0.481337
v -109.191 -91.6515 1015.13
vn 0.378021 0.654423 -0.654852
v -109.806 -91.6683 1014.56
vn -0.917404 0.242676 -0.315403
v -115.837 -93.8306 1020.83
vn -0.983167 0.133128 -0.125142
v -116.475 -94.0915 1023.27
vn -0.948302 0.225384 -0.223439
v -116.283 -93.9308 1022.35
vn -0.999141 -0.0338683 0.0238664
v -116.526 -94.7487 1023.49
vn 0.0981934 0.641529 -0.760788
v -110.121 -91.7963 1014.33
vn -0.210242 0.588094 -0.780989
v -110.641 -91.8863 1014.28
vn -0.437352 0.502752 -0.745629
v -111.151 -92.2672 1014.24
vn -0.595232 0.44534 -0.668858
v -111.607 -92.0666 1014.71
vn -0.712069 0.370423 -0.596443
v -112.409 -92.6966 1015.14
vn -0.786522 0.340683 -0.515091
v -113.31 -92.3315 1016.62
vn -0.859664 0.25345 -0.443554
v -114.587 -93.9207 1017.9
vn -0.831084 0.289038 -0.475138
v -113.913 -93.1018 1017.16
vn -0.84795 0.308581 -0.430997
v -114.419 -92.7524 1018.31
vn -0.893146 0.221706 -0.391326
v -115.394 -94.6877 1019.12
vn -0.878529 0.272433 -0.392386
v -115.048 -93.3373 1019.19
vn -0.960234 0.1639 -0.226027
v -116.312 -94.9668 1021.59
vn 0.935885 0.145033 0.321067
v -21.0715 -57.877 1138.38
vn 0.941197 0.232751 0.244898
v -21.0159 -57.597 1137.99
vn 0.826013 -0.0785209 0.558155
v -21.2421 -58.4389 1138.81
vn 0.718599 -0.119371 0.685103
v -21.3693 -58.5089 1138.96
vn 0.901489 0.0294234 0.431802
v -21.1743 -58.1752 1138.71
vn 0.786415 -0.0143254 0.617532
v -21.291 -58.1672 1138.9
vn 0.628774 -0.161261 0.760683
v -21.732 -58.2576 1139.33
vn 0.870662 0.139153 0.471788
v -21.2718 -57.7798 1138.82
vn 0.791293 0.073762 0.606971
v -21.3712 -57.8391 1138.99
vn 0.705739 -0.0402738 0.707326
v -21.6235 -57.9783 1139.27
vn 0.499758 -0.235042 0.833665
v -22.0975 -58.2239 1139.6
vn 0.63367 -0.101064 0.766974
v -21.9611 -57.9339 1139.57
vn 0.806933 0.178037 0.563171
v -21.4923 -57.4527 1139.06
vn 0.728123 0.062372 0.682603
v -21.7253 -57.5845 1139.37
vn 0.527097 -0.151242 0.836239
v -22.1585 -57.8144 1139.74
vn 0.877374 0.256784 0.405312
v -21.3809 -57.1512 1138.74
vn 0.65937 -0.0149427 0.75167
v -22.05 -57.5351 1139.68
vn 0.288686 -0.247306 0.924933
v -22.5588 -58.0106 1139.88
vn 0.955731 0.0102827 0.294063
v -20.9031 -58.4406 1137.97
vn 0.96848 0.10693 0.224972
v -20.7695 -58.1095 1137.39
vn 0.960027 0.243855 0.137417
v -20.711 -57.8073 1136.74
vn 0.051594 -0.404277 0.91318
v -22.9666 -59.2915 1139.49
vn -0.181256 -0.450767 0.874046
v -23.171 -59.3816 1139.43
vn 0.298772 -0.331509 0.894895
v -22.4496 -58.8344 1139.59
vn -0.416432 -0.446599 0.791918
v -23.6248 -59.3559 1139.28
vn 0.0889614 -0.331393 0.939289
v -22.9016 -58.6091 1139.76
vn -0.208172 -0.363968 0.90785
v -23.3317 -58.8013 1139.67
vn 0.0149947 -0.273306 0.96181
v -23.0334 -58.0127 1139.96
vn -0.508135 -0.3614 0.781786
v -23.9693 -58.4156 1139.56
vn 0.938875 0.304125 0.161313
v -20.4183 -57.686 1134.04
vn 0.924387 0.363511 0.115623
v -20.7048 -56.9024 1133.79
vn -0.586782 -0.451783 0.671996
v -24.0056 -59.2895 1139.04
vn -0.655579 -0.4913 0.573446
v -24.8297 -59.3755 1138.11
vn -0.652321 -0.382432 0.654388
v -24.6401 -58.6709 1138.84
vn 0.954435 0.290329 0.0690186
v -19.9584 -57.4868 1131.33
vn 0.893528 0.434542 0.113051
v -20.1138 -57.1137 1131.37
vn 0.862363 0.505108 -0.034571
v -20.1226 -57.0787 1130.87
vn -0.701607 -0.513666 0.493857
v -25.287 -60.3659 1136.58
vn 0.89459 0.438707 -0.0851212
v -20.1222 -57.1919 1129.44
vn 0.892992 0.416726 -0.170012
v -20.1792 -57.1866 1129.03
vn 0.791538 0.598647 -0.122837
v -20.291 -57.0132 1129.02
vn 0.80525 0.570415 -0.161862
v -20.9617 -56.2309 1129.38
vn -0.789604 -0.42841 0.439306
v -26.344 -59.242 1136.02
vn 0.705034 0.42546 -0.567372
v -20.8893 -57.5436 1126.49
vn 0.853025 0.44385 -0.274492
v -20.5362 -57.2338 1127.5
vn 0.696209 0.548292 -0.463324
v -20.8832 -57.1251 1126.92
vn 0.745879 0.572176 -0.340998
v -20.8111 -56.901 1127.35
vn 0.764927 0.596711 -0.242534
v -20.7871 -56.7037 1127.84
vn -0.911768 -0.346144 0.221049
v -27.0642 -59.7988 1133.1
vn 0.63465 0.437622 -0.636951
v -21.2472 -57.6721 1126.01
vn 0.599895 0.392881 -0.696972
v -21.632 -57.8155 1125.56
vn 0.444528 0.455464 -0.771328
v -22.0108 -57.748 1125.32
vn 0.562575 0.55622 -0.61166
v -21.3341 -57.2818 1126.24
vn 0.519671 0.537141 -0.664395
v -21.8408 -57.4695 1125.63
vn 0.0558558 0.474915 -0.878257
v -22.6906 -57.1782 1125.47
vn 0.335871 0.543343 -0.769396
v -22.6094 -56.7171 1125.8
vn -0.955789 -0.293422 -0.0192714
v -27.0744 -60.2972 1130.79
vn -0.947357 -0.304018 0.100438
v -27.2279 -59.6117 1132.61
vn 0.230821 0.452663 -0.861289
v -22.3372 -57.8825 1125.1
vn -0.0157568 0.33941 -0.940507
v -22.539 -57.9712 1125.03
vn -0.37777 0.192228 -0.905725
v -22.7508 -58.0704 1125.05
vn -0.278183 0.251711 -0.92696
v -23.3155 -57.2474 1125.52
vn -0.561791 0.00700288 -0.82725
v -23.6793 -57.4295 1125.69
vn -0.54343 -0.0951273 -0.834047
v -24.1891 -57.4724 1126.09
vn -0.404584 -0.030962 -0.913976
v -25.7203 -58.2511 1126.97
vn -0.538655 -0.69238 -0.480062
v -26.3227 -60.1879 1128.1
vn -0.579409 -0.548591 -0.602771
v -26.2735 -59.9104 1127.7
vn -0.699118 -0.484309 -0.526002
v -26.4945 -59.8 1127.85
vn -0.510081 -0.420201 -0.750499
v -26.1556 -59.6064 1127.38
vn -0.64773 -0.358956 -0.672009
v -26.3895 -59.501 1127.52
vn -0.489822 -0.192759 -0.850246
v -26.2117 -59.1739 1127.26
vn -0.773085 -0.311905 -0.552318
v -26.5891 -59.3824 1127.69
vn -0.676778 -0.189096 -0.711488
v -26.6074 -58.6978 1127.43
vn -0.711724 -0.616422 -0.336857
v -26.723 -60.4474 1129.05
vn -0.715502 -0.553468 -0.426298
v -26.6345 -60.1336 1128.42
vn -0.902296 -0.396537 -0.169176
v -27.0407 -60.1788 1129.47
vn -0.868189 -0.394547 -0.300967
v -27.0286 -59.9118 1128.99
vn -0.83477 -0.359311 -0.417198
v -26.8456 -59.7818 1128.41
vn -0.95215 -0.27136 -0.140623
v -27.2119 -59.5741 1129.33
vn -0.925126 -0.241454 -0.292986
v -27.206 -59.2549 1128.92
vn -0.880281 -0.454435 -0.136357
v -26.9347 -60.6342 1130.19
vn 0.920034 -0.334961 0.203317
v -108.288 -89.1646 1026.26
vn 0.953511 0.21576 -0.210393
v -108.077 -88.8875 1023.75
vn 0.972949 -0.198548 0.118104
v -108.038 -89.1783 1024.84
vn 0.994268 -0.0948921 0.0492625
v -107.993 -88.9187 1024.65
vn 0.0800564 -0.726748 0.682223
v -114.145 -92.1084 1028.99
vn -0.109605 -0.713853 0.691665
v -114.555 -92.2361 1028.85
vn 0.877548 0.375409 -0.298293
v -108.895 -89.4862 1020.79
vn 0.928319 0.314716 -0.197934
v -109.093 -89.5216 1020.07
vn -0.301183 -0.671465 0.67707
v -115.329 -92.8095 1028.06
vn -0.622779 -0.529661 0.575852
v -115.736 -92.7581 1027.85
vn -0.494777 -0.579992 0.647151
v -115.599 -92.4977 1028.21
vn -0.872989 -0.281801 0.398094
v -116.006 -92.4221 1027.69
vn 0.940274 0.310161 -0.140304
v -109.16 -90.1125 1018.61
vn 0.939061 0.295654 -0.175368
v -109.402 -89.3015 1018.28
vn -0.981343 -0.0892265 0.170309
v -116.369 -93.1295 1025.96
vn -0.997053 0.0401969 0.0653375
v -116.398 -92.683 1025.82
vn -0.773001 -0.423183 0.472636
v -115.969 -93.2555 1027.09
vn -0.923905 -0.225035 0.309448
v -116.186 -92.9195 1026.88
vn 0.484776 0.654853 -0.579792
v -109.851 -89.8251 1016.56
vn 0.606144 0.608671 -0.511965
v -109.774 -88.976 1017.63
vn -0.922202 0.301576 -0.242065
v -115.824 -92.1571 1022.47
vn -0.955438 0.240907 -0.170595
v -116.225 -92.6534 1023.58
vn -0.994863 -0.0381994 0.0937461
v -116.473 -93.7629 1024.83
vn -0.990869 0.123923 -0.0531146
v -116.47 -93.4758 1024.13
vn -0.420243 0.565785 -0.709424
v -111.286 -90.8458 1015.35
vn 0.289798 0.695715 -0.657265
v -110.379 -90.2322 1015.76
vn 0.155325 0.699929 -0.697118
v -110.561 -90.2841 1015.66
vn -0.147369 0.671257 -0.726427
v -110.88 -90.2786 1015.68
vn -0.591452 0.492182 -0.638703
v -111.784 -90.7093 1015.84
vn -0.552567 0.556992 -0.620023
v -111.681 -90.2341 1016.15
vn -0.654971 0.493268 -0.572451
v -112.064 -90.6011 1016.22
vn -0.749682 0.435061 -0.498698
v -112.654 -90.9126 1016.71
vn -0.388162 0.632513 -0.670267
v -111.39 -89.8459 1016.29
vn -0.670681 0.511591 -0.537086
v -112.311 -89.8447 1017.21
vn -0.836236 0.360278 -0.413412
v -114.176 -91.5383 1018.8
vn -0.802244 0.412508 -0.431557
v -113.731 -90.6719 1018.73
vn -0.87411 0.319684 -0.365698
v -115.03 -92.2694 1019.99
vn -0.845586 0.383949 -0.370902
v -114.595 -91.1727 1020.02
vn -0.911275 0.290867 -0.291504
v -115.608 -92.6313 1021.2
vn -0.697402 0.42195 -0.5793
v -112.448 -91.2241 1016.17
vn -0.814126 0.357466 -0.457621
v -113.828 -92.0019 1017.74
vn 0.918896 0.28785 0.269765
v -21.2994 -56.6097 1138.03
vn 0.91549 0.327096 0.234277
v -21.4516 -55.9906 1137.81
vn 0.87589 0.332624 0.34954
v -21.6326 -55.8859 1138.27
vn 0.800109 0.379555 0.464504
v -21.946 -55.6157 1138.7
vn 0.881653 0.37909 0.281031
v -21.7075 -55.4502 1137.99
vn 0.694664 0.125927 0.708226
v -21.9736 -57.2682 1139.59
vn 0.565498 0.0331589 0.824083
v -22.2517 -57.4173 1139.85
vn 0.757813 0.232585 0.60961
v -21.8108 -56.9469 1139.32
vn 0.587801 0.216273 0.779562
v -22.2541 -56.9642 1139.78
vn 0.795144 0.319944 0.515151
v -21.7739 -56.4576 1139.01
vn 0.674285 0.315752 0.667563
v -22.1786 -56.46 1139.52
vn 0.688794 0.369767 0.623566
v -22.2376 -55.7911 1139.22
vn 0.504583 0.334954 0.79574
v -22.7402 -56.0688 1139.79
vn 0.36956 -0.102949 0.923486
v -22.4283 -57.5063 1139.94
vn 0.142617 -0.118268 0.982687
v -22.9389 -57.5284 1140.07
vn 0.360298 0.0715845 0.930087
v -22.5751 -57.1298 1140
vn 0.372585 0.201224 0.905919
v -22.7584 -56.7674 1140.01
vn 0.173992 0.0801976 0.981476
v -22.9984 -56.8849 1140.09
vn -0.0362497 -0.0288546 0.998926
v -23.2799 -57.0179 1140.12
vn 0.0217864 0.133686 0.990784
v -23.4081 -56.627 1140.1
vn 0.23784 0.245018 0.939893
v -23.0761 -56.2402 1139.99
vn 0.940894 0.286607 0.180485
v -21.1358 -56.714 1137.46
vn 0.932661 0.327809 0.150616
v -21.4979 -55.5176 1137.22
vn -0.2039 -0.267847 0.941638
v -23.4621 -57.7654 1139.99
vn -0.400556 -0.284787 0.870891
v -23.8268 -57.9212 1139.82
vn -0.0914749 -0.168852 0.981387
v -23.3486 -57.4947 1140.08
vn -0.288336 -0.151817 0.945417
v -23.6382 -57.4012 1140.03
vn -0.477319 -0.197398 0.856271
v -23.9915 -57.5506 1139.84
vn -0.593457 -0.263398 0.760546
v -24.3005 -57.6754 1139.6
vn -0.208899 -0.00372241 0.97793
v -23.649 -56.7375 1140.08
vn -0.424516 -0.0946715 0.900457
v -24.033 -56.904 1139.93
vn -0.550564 -0.123588 0.825594
v -24.4162 -56.84 1139.71
vn -0.700332 -0.311662 0.642185
v -25.3873 -57.6529 1138.6
vn 0.880415 0.474205 0.000174644
v -20.7505 -56.0649 1131.39
vn 0.927899 0.372822 0.002601
v -21.3215 -54.8062 1132
vn -0.722229 -0.422091 0.547927
v -25.4353 -58.7409 1137.88
vn -0.76456 -0.371812 0.526502
v -26.1837 -57.9318 1137.43
vn -0.875881 -0.361425 0.319695
v -26.7588 -58.7324 1135.64
vn 0.696262 0.603653 -0.388359
v -21.9764 -55.4458 1127.65
vn 0.756904 0.618804 -0.210184
v -21.7071 -55.5742 1128.03
vn -0.93569 -0.300102 0.185535
v -27.3948 -58.2281 1134.01
vn 0.0777782 0.37441 -0.923996
v -23.2082 -56.5417 1125.74
vn -0.461199 -0.0248234 -0.88695
v -24.0407 -56.9402 1125.9
vn -0.208908 0.166845 -0.963598
v -23.7299 -56.562 1125.77
vn -0.407425 -0.104625 -0.907226
v -25.9858 -56.8168 1127.14
vn -0.843503 -0.222998 -0.488645
v -26.903 -58.6047 1127.79
vn -0.486254 -0.0521155 -0.872262
v -26.444 -58.1598 1127.25
vn -0.429817 -0.0753823 -0.899764
v -26.699 -57.392 1127.4
vn -0.735906 -0.166647 -0.656255
v -27.0751 -57.3624 1127.66
vn 0.949016 -0.286375 0.131748
v -107.933 -87.3535 1027.97
vn 0.487494 -0.683297 0.543557
v -109.777 -88.8501 1029.66
vn 0.99605 -0.0292623 -0.0838358
v -107.823 -87.3748 1026.01
vn 0.458035 -0.694388 0.555004
v -110.953 -89.1533 1030.22
vn 0.382995 -0.716489 0.583059
v -112.781 -89.8305 1030.91
vn 0.198193 -0.737271 0.645872
v -113.394 -89.8431 1031.23
vn -0.0770302 -0.718141 0.691621
v -114.206 -90.1537 1030.96
vn -0.303526 -0.666424 0.680993
v -114.765 -90.2838 1030.68
vn 0.874852 0.343981 -0.341045
v -108.844 -88.4433 1022.11
vn 0.923073 0.278199 -0.265597
v -109.203 -87.9026 1021.67
vn 0.970962 0.174963 -0.163159
v -109.398 -87.9172 1020.69
vn -0.754846 -0.400366 0.519533
v -115.804 -92.1495 1028.28
vn 0.947648 0.22957 -0.221947
v -109.598 -87.9108 1019.42
vn 0.776653 0.451324 -0.439449
v -109.835 -87.7643 1019
vn 0.439949 0.621266 -0.64844
v -110.417 -87.5553 1018.61
vn -0.935397 0.314642 -0.161345
v -115.872 -90.5893 1025.11
vn -0.984838 0.168615 -0.0407776
v -116.325 -91.9732 1025.78
vn -0.991218 0.121498 0.0521954
v -116.232 -91.3457 1026.92
vn -0.963392 0.257459 -0.0747689
v -116.13 -91.0108 1026.11
vn -0.976241 -0.0590467 0.208489
v -116.226 -92.0353 1027.17
vn 0.394267 0.680853 -0.617246
v -110.292 -88.7274 1017.46
vn -0.649331 0.538998 -0.536517
v -112.031 -88.7053 1017.98
vn 0.0654585 0.683513 -0.726997
v -110.898 -87.7521 1018.27
vn -0.230824 0.672879 -0.702819
v -111.249 -87.9063 1018.16
vn -0.751337 0.477159 -0.455864
v -112.824 -88.9186 1018.9
vn -0.846187 0.412672 -0.33715
v -114.446 -90.0543 1020.95
vn -0.907287 0.349484 -0.233863
v -115.478 -90.2995 1023.73
vn -0.932414 0.306175 -0.191991
v -115.844 -91.0811 1024.08
vn -0.960264 0.247941 -0.128131
v -116.206 -91.8444 1024.83
vn -0.500946 0.601385 -0.622405
v -111.708 -89.1655 1017.19
vn -0.811314 0.437204 -0.3881
v -113.903 -90.0351 1019.73
vn -0.882694 0.359942 -0.302147
v -115.188 -91.2673 1021.45
vn 0.804115 0.41563 0.425031
v -22.3601 -54.1964 1138.17
vn 0.335746 0.337559 0.879391
v -23.4336 -55.0367 1139.69
vn 0.668692 0.410042 0.620256
v -22.7254 -54.4213 1138.88
vn 0.495503 0.385759 0.778246
v -23.2365 -54.7022 1139.45
vn 0.938484 0.338433 0.0686281
v -21.8382 -53.4629 1134.73
vn -0.124455 0.133674 0.98318
v -23.8184 -56.0832 1140
vn -0.360104 0.00973035 0.932861
v -24.0265 -56.2306 1139.97
vn -0.23288 0.121298 0.964911
v -24.5193 -55.0946 1139.73
vn -0.659434 -0.207802 0.722472
v -25.2159 -56.9349 1139.04
vn -0.714679 -0.212951 0.666248
v -25.8699 -56.7423 1138.44
vn 0.867219 0.465761 -0.176062
v -21.9507 -53.4972 1131.6
vn -0.842383 -0.325028 0.429822
v -26.6244 -57.4359 1137.08
vn -0.774472 -0.273659 0.570353
v -26.3612 -56.9214 1137.81
vn 0.810472 0.514021 -0.280922
v -22.4033 -53.6077 1130.32
vn 0.728701 0.520468 -0.445092
v -22.6375 -54.4269 1127.92
vn 0.786051 0.555219 -0.271766
v -22.5204 -54.2013 1128.6
vn 0.780183 0.52109 -0.346093
v -23.0398 -53.7263 1128.05
vn 0.712404 0.482236 -0.509833
v -23.3303 -53.6097 1127.7
vn 0.624158 0.503562 -0.597372
v -23.2084 -54.6268 1127.08
vn 0.40405 0.403199 -0.821082
v -23.9817 -54.7081 1126.4
vn 0.108474 0.260313 -0.959412
v -24.3368 -54.8585 1126.21
vn -0.954762 -0.2937 0.0465783
v -28.0048 -56.9926 1131.79
vn -0.226768 0.0353656 -0.973306
v -24.6896 -55.2415 1126.15
vn -0.426298 -0.146228 -0.892685
v -25.1537 -55.2457 1126.32
vn -0.312788 -0.139617 -0.939506
v -25.7032 -54.6123 1126.44
vn -0.352616 -0.218812 -0.909826
v -26.8 -55.8523 1127.19
vn -0.818736 -0.282531 -0.499848
v -27.4282 -56.4158 1127.8
vn -0.878927 -0.264491 -0.396902
v -27.5841 -56.5179 1128.19
vn -0.591123 -0.253943 -0.765563
v -27.304 -56.1094 1127.49
vn -0.944363 -0.289769 -0.155601
v -27.8634 -57.227 1129.88
vn 0.882246 -0.414098 0.223973
v -107.746 -85.3167 1031.05
vn 0.632199 -0.627899 0.453946
v -108.866 -85.9034 1032.37
vn 0.522449 -0.703321 0.482064
v -110.067 -86.6885 1032.66
vn 0.241403 -0.740373 0.627354
v -113.032 -88.5012 1032.72
vn 0.401147 -0.732455 0.550082
v -112.344 -87.9932 1032.97
vn -0.132032 -0.685139 0.716346
v -113.692 -88.0788 1033.21
vn 0.963342 0.130559 -0.234365
v -107.791 -86.4799 1026.23
vn -0.173748 -0.702112 0.690544
v -114.133 -89.1961 1032
vn 0.0454981 -0.738302 0.672934
v -113.401 -88.6793 1032.61
vn -0.401942 -0.622782 0.671256
v -114.902 -89.506 1031.4
vn -0.678818 -0.446341 0.583083
v -115.163 -89.6041 1031.1
vn -0.866646 -0.225848 0.444879
v -115.324 -89.2313 1031.12
vn -0.954333 -0.0614274 0.292362
v -115.538 -89.0683 1030.63
vn 0.905423 0.255933 -0.338685
v -109.021 -86.8112 1023.15
vn 0.96551 0.136887 -0.221477
v -109.29 -86.8664 1022.25
vn 0.98858 0.0156686 -0.149881
v -109.38 -86.3717 1021.86
vn -0.625294 -0.519206 0.582608
v -115.314 -90.2873 1030.33
vn -0.900952 -0.22103 0.373405
v -115.68 -90.1893 1029.77
vn -0.871436 -0.269152 0.410069
v -115.496 -89.9263 1030.37
vn -0.979636 0.0112807 0.200465
v -115.739 -89.3203 1029.78
vn -0.979589 0.198123 0.0339399
v -115.785 -89.2356 1029.22
vn 0.58539 0.524263 -0.618439
v -109.928 -86.3159 1020.02
vn 0.875033 0.237906 -0.421565
v -109.53 -85.9816 1020.98
vn 0.529833 0.478661 -0.700114
v -110.239 -85.6268 1020.36
vn -0.934376 0.330516 -0.133042
v -115.629 -89.391 1026.18
vn -0.904534 0.386028 -0.181108
v -115.183 -88.5103 1025.56
vn 0.299138 0.622132 -0.723511
v -110.511 -86.4511 1019.47
vn -0.0172268 0.66776 -0.744177
v -110.947 -86.5126 1019.35
vn -0.869159 0.42129 -0.258994
v -114.42 -87.677 1024.06
vn -0.904962 0.368059 -0.213485
v -115.269 -89.2268 1024.59
vn -0.870414 0.398269 -0.289416
v -114.879 -89.5043 1022.84
vn 0.715822 0.443171 0.539627
v -22.8525 -53.3035 1138.17
vn 0.0892644 0.25815 0.961972
v -23.9902 -54.6224 1139.7
vn 0.57006 0.436622 0.695983
v -23.713 -52.8529 1138.79
vn 0.909855 0.390922 0.139079
v -22.0129 -53.1209 1135.05
vn 0.369197 0.382914 0.8468
v -24.1312 -53.077 1139.17
vn -0.455566 -0.0195241 0.889988
v -24.9759 -54.9821 1139.55
vn 0.891386 0.452287 -0.0294405
v -22.2273 -52.4248 1133.48
vn -0.617452 -0.114841 0.77818
v -25.8904 -54.3295 1139.02
vn 0.826789 0.508217 -0.241112
v -22.5597 -52.2418 1132.02
vn -0.759558 -0.206215 0.616885
v -27.1883 -54.3773 1137.66
vn 0.80905 0.503022 -0.303986
v -23.5146 -52.4434 1128.91
vn 0.758245 0.487587 -0.432808
v -23.8426 -52.5317 1128.09
vn 0.450778 0.247802 -0.857551
v -24.8677 -53.3286 1126.45
vn 0.613687 0.343884 -0.710726
v -24.6573 -53.0276 1126.72
vn 0.706805 0.417233 -0.571264
v -24.2474 -52.6627 1127.36
vn 0.112257 0.0989316 -0.988742
v -25.1665 -53.6788 1126.29
vn -0.307397 -0.191239 -0.932167
v -26.3548 -54.2557 1126.62
vn -0.362678 -0.233671 -0.902143
v -27.4582 -54.115 1126.88
vn -0.709818 -0.321805 -0.626578
v -27.9894 -54.1661 1127.26
vn 0.678304 -0.612391 0.406055
v -108.385 -84.1042 1034.46
vn 0.993494 -0.110611 -0.0271252
v -107.408 -84.3775 1030.36
vn 0.483196 -0.72943 0.484205
v -110.343 -85.6729 1034.61
vn 0.559285 -0.693073 0.454808
v -109.782 -85.1711 1034.76
vn 0.356968 -0.747091 0.560739
v -111.051 -85.4655 1035.52
vn 0.984071 0.0338185 -0.174528
v -107.532 -84.0999 1028.91
vn 0.936924 0.147798 -0.316748
v -107.737 -83.2661 1028.5
vn 0.157055 -0.741734 0.652046
v -112.066 -86.3851 1034.8
vn -0.205688 -0.651905 0.729872
v -113.29 -86.5385 1034.59
vn 0.0243995 -0.692059 0.721429
v -113.048 -87.4882 1033.83
vn -0.136652 -0.644807 0.75203
v -113.403 -87.431 1033.86
vn -0.341339 -0.571298 0.746396
v -113.897 -87.6353 1033.54
vn -0.967822 0.0994247 0.231163
v -115.071 -86.9447 1032.07
vn -0.31525 -0.627357 0.712068
v -114.092 -88.1355 1033.03
vn -0.558103 -0.47637 0.679406
v -114.623 -87.9217 1032.88
vn -0.805443 -0.248612 0.538009
v -114.823 -87.778 1032.73
vn -0.940302 -0.0278888 0.339196
v -115.052 -87.5886 1032.3
vn 0.792233 0.278819 -0.542795
v -109.305 -83.5207 1022.41
vn -0.979446 0.111543 0.168056
v -115.45 -88.1461 1030.84
vn -0.967333 0.249957 0.0422842
v -115.321 -87.4318 1030.73
vn 0.592577 0.41456 -0.690647
v -109.766 -83.6884 1021.82
vn 0.262893 0.553086 -0.790559
v -110.063 -83.8067 1021.56
vn -0.95389 0.294446 -0.0582789
v -115.497 -88.1753 1028.83
vn -0.926064 0.359218 -0.115623
v -115.15 -87.2245 1028.72
vn 0.207056 0.591714 -0.779104
v -110.534 -85.4979 1020.31
vn 0.0143937 0.572631 -0.819687
v -110.63 -85.1168 1020.55
vn -0.236574 0.63024 -0.739479
v -110.985 -85.3822 1020.41
vn -0.611602 0.584747 -0.532929
v -111.212 -84.1508 1021.64
vn -0.781741 0.485393 -0.391502
v -112.475 -85.4262 1022.24
vn -0.825224 0.456805 -0.332167
v -113.411 -86.5036 1022.92
vn -0.881013 0.424551 -0.208739
v -114.563 -87.3088 1025.23
vn -0.53856 0.58421 -0.607167
v -111.537 -85.9055 1020.27
vn 0.891126 0.416788 0.179391
v -22.7946 -51.7715 1136.12
vn 0.845657 0.427258 0.319868
v -23.2132 -51.3463 1136.81
vn 0.768653 0.46348 0.440862
v -23.5789 -50.8586 1137.01
vn 0.846017 0.462875 0.26458
v -23.338 -50.6816 1136.17
vn 0.620232 0.47265 0.62603
v -23.8222 -51.9657 1138.26
vn -0.0396764 0.24156 0.969575
v -24.8643 -53.2058 1139.34
vn 0.170637 0.358163 0.917934
v -24.6942 -52.6652 1139.17
vn 0.415661 0.467307 0.780288
v -24.329 -52.245 1138.83
vn 0.809919 0.520978 -0.269469
v -24.3172 -50.673 1130.21
vn 0.770587 0.440873 -0.460247
v -24.6598 -51.529 1127.63
vn -0.922718 -0.353431 0.153878
v -28.6925 -54.5121 1133.3
vn 0.596046 0.320885 -0.736045
v -25.3526 -51.7731 1126.63
vn 0.699381 0.360425 -0.617219
v -24.9269 -52.0456 1126.91
vn 0.686676 0.410632 -0.599881
v -25.1574 -51.273 1127.14
vn -0.918813 -0.394556 -0.0104029
v -29.1631 -53.7083 1131.69
vn -0.278753 -0.199247 -0.939466
v -26.9303 -53.1782 1126.64
vn 0.320209 0.147705 -0.935761
v -25.82 -51.9625 1126.28
vn -0.0705271 -0.103516 -0.992124
v -26.2988 -52.1804 1126.23
vn -0.842566 -0.368928 -0.392395
v -28.5015 -54.0145 1128.02
vn -0.891654 -0.392578 -0.225467
v -28.9193 -53.8266 1128.89
vn 0.806914 -0.491982 0.32687
v -107.595 -82.7155 1034.92
vn 0.678357 -0.585366 0.444047
v -108.671 -82.6841 1036.85
vn 0.468136 -0.677067 0.567828
v -109.782 -82.9715 1037.75
vn 0.989102 -0.106633 -0.101523
v -107.073 -82.0943 1031.82
vn 0.975435 -0.218263 0.0297965
v -107.158 -82.7634 1032.45
vn 0.57747 -0.656649 0.485119
v -109.33 -83.6732 1036.4
vn 0.483178 -0.705658 0.518252
v -110.027 -84.2175 1036.4
vn 0.368968 -0.722847 0.584256
v -110.765 -84.3085 1036.87
vn 0.233159 -0.751592 0.617047
v -111.395 -84.6639 1036.73
vn 0.108919 -0.720711 0.684625
v -111.591 -84.5739 1036.89
vn 0.2706 -0.712555 0.647334
v -110.954 -83.8718 1037.48
vn 0.967976 0.0182414 -0.250379
v -107.44 -82.549 1029.7
vn 0.0176743 -0.745166 0.666645
v -111.795 -84.8777 1036.58
vn -0.259331 -0.648915 0.715302
v -112.631 -84.6053 1036.75
vn 0.946225 0.0191094 -0.322944
v -107.966 -81.7992 1028.46
vn -0.48208 -0.567417 0.66756
v -113.386 -85.1154 1035.91
vn 0.952334 0.0919886 -0.290857
v -108.39 -82.7765 1027.19
vn 0.974271 -0.0949737 -0.204391
v -108.376 -81.8862 1027.13
vn -0.613158 -0.428166 0.663861
v -114.11 -86.4378 1034.18
vn -0.869872 -0.151573 0.469413
v -114.563 -86.5955 1033.5
vn 0.920774 0.116284 -0.372362
v -108.739 -81.829 1024.23
vn 0.987015 -0.0986928 -0.126735
v -108.639 -82.5842 1025.89
vn 0.980558 -0.0504514 -0.189631
v -108.65 -82.033 1024.5
vn 0.377709 0.558651 -0.738407
v -109.753 -82.6196 1022.58
vn 0.589128 0.458588 -0.6653
v -109.121 -81.7396 1023.69
vn -0.936221 0.345163 -0.0659799
v -115.032 -86.5505 1030.12
vn -0.904762 0.399862 -0.146684
v -114.677 -86.0609 1028.82
vn -0.11684 0.626017 -0.771007
v -110.397 -83.7378 1021.57
vn 0.030585 0.649952 -0.759359
v -110.063 -82.5378 1022.56
vn -0.284361 0.659981 -0.695388
v -110.346 -82.6643 1022.5
vn -0.746643 0.52877 -0.403641
v -111.565 -83.6929 1022.68
vn -0.42801 0.618544 -0.658947
v -111.012 -84.0242 1021.59
vn -0.690207 0.53584 -0.486302
v -111.516 -84.2812 1021.89
vn 0.869844 0.484534 0.09273
v -23.4376 -50.2237 1135.46
vn 0.81493 0.567976 0.115292
v -24.0924 -49.1768 1135.4
vn 0.761676 0.511039 0.398358
v -23.7186 -50.4583 1136.8
vn 0.820638 0.517154 0.243117
v -23.6014 -50.1125 1135.94
vn 0.635563 0.560543 0.530897
v -24.3876 -49.6544 1136.9
vn 0.759076 0.554892 0.340437
v -24.1496 -49.4996 1136.32
vn 0.644366 0.508505 0.571153
v -23.9802 -50.6222 1137.35
vn 0.507195 0.510839 0.694116
v -24.4377 -50.8826 1137.97
vn 0.380916 0.513595 0.768845
v -25.3884 -50.208 1138.05
vn 0.514924 0.540285 0.665541
v -24.846 -49.6775 1137.35
vn -0.165301 0.20743 0.964183
v -26.1818 -51.5344 1138.84
vn 0.220693 0.448761 0.865972
v -25.5925 -51.0203 1138.63
vn 0.00257811 0.334977 0.942223
v -26.1509 -51.0608 1138.7
vn 0.839194 0.541661 -0.0485537
v -24.0111 -49.3088 1134.69
vn -0.383223 0.0768896 0.92045
v -26.6881 -51.3068 1138.66
vn -0.488633 0.0299891 0.871974
v -27.1426 -51.0503 1138.42
vn -0.210454 0.258236 0.94288
v -26.7785 -50.6638 1138.51
vn 0.837395 0.52567 -0.149801
v -23.8892 -49.793 1132.99
vn 0.819539 0.501401 -0.277404
v -24.0414 -49.8122 1132.33
vn -0.840797 -0.288849 0.457849
v -28.7223 -51.854 1136.44
vn -0.895796 -0.337398 0.289331
v -28.8952 -52.3182 1135.61
vn -0.887601 -0.38162 0.257934
v -29.5394 -52.4412 1133.35
vn -0.257214 -0.278938 -0.925222
v -27.5226 -51.632 1126.3
vn -0.42486 -0.319502 -0.847002
v -28.4906 -51.8933 1126.77
vn -0.719334 -0.412934 -0.558609
v -29.1643 -51.5663 1127.2
vn -0.82134 -0.422477 -0.383293
v -29.2954 -52.6091 1128.3
vn -0.861907 -0.461289 -0.210543
v -29.6918 -52.1544 1128.74
vn -0.782153 -0.467247 -0.412209
v -29.7228 -51.6701 1128.09
vn 0.926893 -0.336066 0.167122
v -106.811 -80.876 1035.03
vn 0.582004 -0.626574 0.51834
v -109.174 -82.2218 1038.05
vn 0.361256 -0.688784 0.628547
v -110.297 -82.4994 1038.67
vn -0.111712 -0.670771 0.733203
v -111.943 -83.902 1037.57
vn -0.49159 -0.512932 0.703733
v -113.185 -84.4044 1036.63
vn -0.722023 -0.355664 0.593452
v -113.408 -84.2735 1036.5
vn -0.853489 -0.154949 0.497541
v -113.394 -83.62 1036.83
vn 0.97107 -0.103617 -0.215143
v -107.933 -79.9721 1028.04
vn 0.982883 -0.0945441 -0.158119
v -108.051 -79.778 1026.9
vn -0.965595 0.224232 0.131706
v -113.818 -83.0213 1035.25
vn -0.945313 0.326154 -0.00279451
v -113.867 -82.911 1033.79
vn -0.905684 -0.102342 0.411414
v -113.957 -84.6692 1035.42
vn -0.954828 0.0819642 0.285631
v -113.875 -83.8184 1035.61
vn 0.19463 0.637197 -0.745721
v -109.302 -79.9162 1024.94
vn -0.180832 0.68409 -0.706627
v -109.785 -80.2534 1024.66
vn -0.882912 0.419336 -0.211242
v -112.804 -82.0515 1028.89
vn 0.715463 0.594058 0.367706
v -24.6362 -48.8208 1136.23
vn -0.375514 0.151359 0.914374
v -27.531 -50.0874 1138.14
vn -0.497782 0.0775633 0.863827
v -27.9739 -49.8245 1137.89
vn -0.655592 -0.0696835 0.751893
v -28.3355 -49.7474 1137.63
vn 0.826861 0.472489 -0.30505
v -25.2941 -48.9054 1130.5
vn -0.830455 -0.292813 0.473925
v -29.4881 -50.3842 1136.05
vn -0.874157 -0.400497 0.274685
v -29.6224 -51.3918 1134.5
vn 0.751381 0.426328 -0.503658
v -26.1597 -49.0809 1127.59
vn 0.194323 0.015299 -0.980818
v -27.4186 -49.7623 1126.13
vn 0.546105 0.230469 -0.80539
v -27.4576 -49.1288 1126.23
vn -0.0584558 -0.253714 -0.965511
v -28.5984 -49.6435 1126.04
vn -0.32231 -0.416369 -0.850149
v -29.2742 -49.5127 1126.1
vn -0.602823 -0.466001 -0.647647
v -30.0522 -49.4633 1126.59
vn 0.652393 -0.602929 0.459195
v -107.489 -78.5779 1040.33
vn 0.806642 -0.50564 0.306034
v -106.819 -78.734 1038.84
vn 0.925655 -0.359442 0.118172
v -106.444 -79.027 1036.53
vn 0.962501 -0.26722 0.0467573
v -106.222 -78.461 1036.09
vn 0.971596 -0.0429688 -0.232711
v -107.671 -78.5358 1028.65
vn -0.918176 0.384255 -0.0964369
v -113.288 -81.6723 1032.6
vn 0.914236 0.146708 -0.37769
v -108.18 -79.49 1026.33
vn 0.747237 0.358708 -0.559433
v -108.351 -79.3302 1026.14
vn 0.591156 0.477594 -0.649952
v -108.711 -79.4597 1025.66
vn 0.429645 0.563654 -0.705478
v -108.958 -79.3427 1025.57
vn -0.837277 0.458446 -0.297983
v -111.162 -79.5282 1027.5
vn -0.437824 0.653417 -0.617541
v -110.003 -79.7536 1025.27
vn 0.437668 0.579135 0.687786
v -26.6328 -47.0755 1136.5
vn 0.264441 0.512821 0.816753
v -26.9526 -48.1909 1137.4
vn 0.0505509 0.427052 0.902813
v -27.3124 -48.3717 1137.58
vn 0.108277 0.496622 0.861187
v -27.5743 -47.5641 1137.17
vn -0.306966 0.238914 0.921245
v -28.1175 -48.7489 1137.62
vn -0.1325 0.366125 0.921084
v -28.1445 -48.0706 1137.4
vn 0.844892 0.522193 -0.11607
v -25.3854 -47.5504 1132.73
vn -0.787569 -0.203173 0.58177
v -29.4693 -49.7275 1136.38
vn 0.835461 0.460433 -0.300011
v -26.52 -46.9747 1130.09
vn 0.83206 0.485561 -0.268153
v -25.6805 -47.5733 1131.26
vn -0.877293 -0.361923 0.315229
v -30.2931 -49.7663 1134.84
vn -0.845718 -0.262649 0.464517
v -30.1863 -49.3153 1135.45
vn 0.826706 0.483422 -0.287854
v -26.5904 -47.7734 1128.4
vn -0.908727 -0.393554 0.139035
v -31.4138 -49.11 1131.25
vn 0.667409 0.167004 -0.725724
v -28.4612 -47.3289 1125.94
vn 0.236759 -0.131624 -0.962611
v -28.7004 -48.5469 1125.75
vn -0.850006 -0.483878 -0.20821
v -31.5479 -48.7342 1128.49
vn 0.369139 -0.162089 -0.915131
v -29.3465 -47.2415 1125.31
vn -0.124152 -0.425229 -0.89653
v -29.8485 -47.9385 1125.51
vn -0.738314 -0.50477 -0.447324
v -31.0972 -48.8884 1127.39
vn 0.843344 -0.485175 0.231031
v -105.798 -76.3467 1040.54
vn 0.673944 -0.608553 0.418883
v -106.446 -76.6732 1041.53
vn 0.967262 -0.24819 -0.0529725
v -105.355 -75.4937 1037.36
vn 0.935481 -0.347977 0.0615316
v -105.633 -76.5167 1038.91
vn 0.521958 -0.647523 0.555225
v -109.033 -78.5683 1042.13
vn 0.355478 -0.678884 0.642457
v -109.287 -78.7598 1042.11
vn 0.222267 -0.669751 0.708541
v -109.397 -77.9785 1042.94
vn 0.976636 -0.204303 -0.0666473
v -105.89 -77.148 1035.86
vn 0.113407 -0.682846 0.721707
v -109.972 -79.2871 1041.85
vn -0.157306 -0.614341 0.773201
v -110.307 -79.0057 1042.07
vn -0.375863 -0.535691 0.75615
v -110.769 -78.9842 1041.93
vn -0.589363 -0.389945 0.707527
v -111.128 -78.6984 1041.88
vn -0.775573 -0.22793 0.588672
v -111.381 -78.7922 1041.57
vn 0.978484 -0.122648 -0.165911
v -105.925 -76.8894 1035.21
vn 0.970638 -0.0506766 -0.235146
v -105.97 -76.1977 1034.7
vn -0.62916 -0.387768 0.673642
v -111.769 -80.2297 1040.43
vn -0.917698 -0.0173213 0.3969
v -112.037 -79.6645 1040.22
vn 0.965236 -0.0298259 -0.259672
v -106.465 -77.393 1032.69
vn 0.952994 0.0256835 -0.3019
v -107.152 -77.3087 1030.39
vn -0.964981 0.250232 0.0787101
v -112.744 -80.0271 1037.49
vn -0.956846 0.290575 -0.00338423
v -112.453 -78.922 1036.84
vn -0.964645 0.150821 0.216132
v -112.637 -80.2459 1038.35
vn 0.950802 0.0817518 -0.298819
v -107.671 -77.4094 1028.58
vn 0.924221 0.126204 -0.3604
v -107.582 -76.7373 1029.12
vn 0.831394 0.264499 -0.488697
v -107.724 -76.5615 1028.9
vn 0.628323 0.416214 -0.657249
v -108.036 -76.4567 1028.58
vn -0.93925 0.333789 -0.0799685
v -112.622 -79.7005 1034.3
vn 0.367892 0.573525 -0.731932
v -108.436 -76.6087 1028.15
vn -0.869384 0.416918 -0.26524
v -111.122 -78.1681 1029.3
vn -0.914805 0.36788 -0.166724
v -112.198 -79.4608 1031.73
vn 0.21103 0.649134 -0.730816
v -108.963 -78.0825 1026.65
vn 0.865352 0.50113 0.0059083
v -26.3066 -45.8311 1133.97
vn 0.773026 0.585642 0.243832
v -26.5856 -45.5476 1134.43
vn 0.626985 0.606595 0.488807
v -26.6003 -46.3292 1135.75
vn 0.253965 0.569205 0.78199
v -27.5364 -46.1242 1136.18
vn 0.012013 0.481845 0.876174
v -28.5709 -46.4111 1136.59
vn 0.888249 0.435729 -0.145444
v -26.4998 -45.5835 1132.52
vn -0.226791 0.345722 0.910517
v -28.9136 -47.0391 1136.85
vn -0.699129 -0.0121974 0.714891
v -30.2536 -46.6974 1136
vn -0.42212 0.187686 0.886898
v -29.0919 -47.579 1136.96
vn -0.734962 -0.0912054 0.671946
v -29.9265 -47.6874 1136.26
vn -0.613595 0.0395761 0.788629
v -29.5022 -47.298 1136.67
vn 0.861623 0.438072 -0.256319
v -26.5434 -45.9734 1131.5
vn -0.826386 -0.17633 0.534784
v -30.8931 -47.374 1135.12
vn 0.869824 0.394862 -0.295787
v -27.566 -45.5874 1129.09
vn -0.879904 -0.275511 0.387121
v -30.9973 -48.0546 1134.59
vn -0.902729 -0.331396 0.274329
v -31.7683 -47.1868 1133.25
vn 0.822332 0.288222 -0.490609
v -27.9997 -46.2892 1126.87
vn 0.722258 0.0216772 -0.691284
v -28.9983 -46.4252 1125.54
vn -0.896934 -0.440473 -0.0386323
v -31.8765 -48.2744 1129.28
vn 0.177239 -0.405482 -0.896755
v -30.3065 -46.0636 1124.63
vn -0.454525 -0.542377 -0.706566
v -30.7318 -47.4391 1125.56
vn -0.147626 -0.518391 -0.842305
v -30.4367 -47.0614 1125.14
vn -0.748639 -0.536341 -0.389715
v -31.7724 -47.353 1126.7
vn 0.798917 -0.52985 0.284588
v -105.425 -74.3714 1042.9
vn 0.399998 -0.676048 0.618838
v -108.592 -77.0634 1043.49
vn -0.0103351 -0.645903 0.76335
v -109.107 -76.5891 1044.12
vn -0.279371 -0.558696 0.780904
v -109.581 -76.366 1044.19
vn 0.963697 -0.0120368 -0.266727
v -106.016 -73.9549 1034.43
vn 0.960906 0.0158947 -0.276419
v -106.387 -75.1333 1032.94
vn 0.948344 -0.0195107 -0.316642
v -107.003 -74.5942 1030.99
vn 0.871616 0.14118 -0.469419
v -107.363 -75.139 1030.07
vn -0.910825 0.376796 -0.168592
v -111.414 -76.2705 1033.88
vn -0.951153 0.30062 -0.0702503
v -111.928 -77.118 1035.59
vn 0.385683 0.500771 -0.774904
v -108.128 -75.2061 1029.26
vn -0.863818 0.440833 -0.243895
v -110.868 -76.5693 1031.1
vn -0.797292 0.498176 -0.340803
v -110.206 -75.6088 1030.7
vn -0.934947 0.324736 -0.142901
v -111.989 -78.1374 1033.09
vn -0.0552424 0.654326 -0.754192
v -108.899 -76.3806 1028.22
vn -0.39113 0.646423 -0.655099
v -109.25 -76.4493 1028.3
vn -0.620206 0.586997 -0.520364
v -109.694 -76.7587 1028.34
vn -0.901969 0.374507 -0.214935
v -111.448 -77.6986 1031.22
vn 0.851806 0.505519 0.137395
v -27.3515 -44.005 1133.1
vn -0.508547 0.17007 0.844071
v -30.0227 -46.1539 1136.16
vn -0.160467 0.413036 0.896466
v -30.0497 -44.9676 1135.74
vn -0.333917 0.308818 0.890579
v -30.2882 -45.1225 1135.74
vn 0.927684 0.18624 -0.323601
v -27.8385 -43.5484 1130.09
vn 0.908692 0.314321 -0.274737
v -27.2729 -44.6909 1130.85
vn 0.917596 0.364367 -0.158914
v -27.2372 -44.2795 1131.54
vn -0.778006 -0.0892263 0.621888
v -30.9327 -46.7263 1135.21
vn -0.707471 0.020271 0.706452
v -30.9876 -45.1863 1135.27
vn 0.908937 0.263535 -0.323085
v -28.3099 -43.9747 1128.65
vn -0.883473 -0.237509 0.403814
v -31.7694 -46.559 1133.83
vn -0.908168 -0.267508 0.321978
v -32.104 -46.2181 1133.22
vn -0.885761 -0.197337 0.420102
v -32.0653 -45.7814 1133.6
vn -0.825819 -0.111849 0.552731
v -31.7284 -45.4571 1134.33
vn -0.917006 -0.313688 0.246372
v -32.4327 -46.0756 1132.31
vn 0.57608 -0.16346 -0.800883
v -29.9152 -45.4309 1124.59
vn 0.0294661 -0.501287 -0.864779
v -30.677 -45.7706 1124.42
vn -0.266114 -0.578247 -0.771242
v -31.2234 -45.5689 1124.33
vn -0.55596 -0.585331 -0.590167
v -31.6656 -45.57 1124.59
vn 0.900468 -0.415212 0.129446
v -104.7 -73.2224 1042.64
vn 0.674285 -0.611978 0.413306
v -105.724 -73.7147 1044.64
vn 0.552425 -0.661443 0.507267
v -106.558 -73.839 1045.58
vn 0.969102 -0.224243 -0.102746
v -104.735 -73.3281 1039.18
vn -0.49799 -0.449352 0.741679
v -110.043 -76.1253 1044.11
vn 0.96779 -0.0937325 -0.233658
v -105.002 -73.5178 1037.75
vn -0.680127 -0.316869 0.661075
v -110.379 -76.2536 1043.76
vn -0.849933 -0.135979 0.509042
v -110.62 -75.9015 1043.56
vn -0.960296 0.278237 0.0203845
v -111.561 -75.6946 1038.81
vn 0.862254 0.119761 -0.492112
v -106.946 -73.6854 1031.18
vn -0.924065 0.363535 -0.118093
v -111.396 -75.5368 1035.65
vn -0.961926 0.273195 -0.00799532
v -111.761 -76.3704 1037.2
vn -0.948387 0.314441 -0.0410924
v -111.511 -75.5614 1036.95
vn 0.706063 0.296871 -0.642917
v -107.287 -73.8042 1030.67
vn -0.46709 0.631578 -0.618818
v -108.702 -74.1287 1030.12
vn 0.316011 0.523791 -0.791063
v -107.757 -73.5563 1030.45
vn -0.226704 0.654899 -0.720911
v -108.312 -73.5871 1030.42
vn -0.6462 0.60381 -0.466733
v -108.935 -73.9458 1030.57
vn -0.751203 0.545144 -0.372172
v -109.52 -74.3668 1031.01
vn -0.711118 0.590493 -0.381615
v -109.034 -73.337 1031.62
vn -0.799564 0.530587 -0.281379
v -109.689 -73.9158 1032.21
vn -0.884649 0.425716 -0.190162
v -111.067 -75.2906 1034.35
vn -0.841284 0.484878 -0.239027
v -110.341 -74.1577 1033.8
vn -0.675485 0.563967 -0.475037
v -109.209 -74.7482 1029.97
vn 0.337278 0.584791 0.737741
v -28.8443 -43.5344 1134.6
vn 0.148813 0.531343 0.833984
v -30.0354 -43.6008 1134.98
vn -0.034883 0.461817 0.886289
v -30.1143 -44.3438 1135.41
vn 0.937423 0.315307 -0.147714
v -27.9682 -42.7432 1130.5
vn -0.53824 0.200868 0.818505
v -30.7042 -44.8447 1135.45
vn -0.341458 0.324817 0.881987
v -30.7274 -44.1643 1135.22
vn -0.694612 0.0690599 0.716062
v -31.4031 -44.446 1134.81
vn 0.92083 0.0982828 -0.377377
v -28.7091 -42.6889 1128.26
vn 0.890725 0.21128 -0.402455
v -30.0341 -42.7946 1124.6
vn -0.00889029 -0.540465 -0.841319
v -31.9157 -43.7815 1123.18
vn -0.435228 -0.627591 -0.645528
v -32.3806 -43.5485 1123.18
vn -0.813645 -0.505077 -0.287888
v -33.2104 -44.5747 1125.66
vn 0.964381 -0.232431 -0.126278
v -103.595 -69.8342 1042.05
vn 0.928242 -0.37155 0.0178179
v -103.882 -71.0425 1044.34
vn 0.949143 -0.312347 -0.0395871
v -103.709 -70.5541 1043.31
vn 0.842706 -0.502626 0.192908
v -104.342 -71.84 1044.71
vn 0.12983 -0.669944 0.730971
v -107.6 -72.7832 1047.45
vn 0.358782 -0.691476 0.627006
v -106.685 -72.1552 1047.71
vn -0.142701 -0.604672 0.783587
v -107.817 -72.667 1047.54
vn 0.0221465 -0.660788 0.750246
v -107.367 -72.049 1048.05
vn -0.165944 -0.609132 0.775513
v -108.295 -73.7164 1046.64
vn -0.424696 -0.504908 0.751466
v -109.104 -74.0488 1046.09
vn -0.717376 -0.29482 0.631231
v -109.52 -73.5633 1046.02
vn -0.875286 -0.10182 0.472766
v -109.741 -73.2006 1045.81
vn 0.963288 -0.136459 -0.231203
v -105.021 -70.1086 1037.07
vn 0.958259 -0.0630519 -0.278863
v -105.26 -71.3179 1036.58
vn -0.960874 0.259931 0.0956932
v -110.716 -73.2562 1042.07
vn 0.957874 -0.154114 -0.242336
v -105.796 -71.1348 1034.09
vn 0.912068 0.00228901 -0.410032
v -105.946 -71.1709 1033.66
vn -0.932827 0.360319 0.00193836
v -110.771 -73.2155 1040.64
vn 0.829505 0.176679 -0.529817
v -106.306 -71.7157 1032.75
vn 0.742023 0.223454 -0.632036
v -106.237 -70.8236 1033.23
vn 0.475702 0.429712 -0.767499
v -106.535 -70.5036 1033.11
vn 0.192031 0.572162 -0.797342
v -106.861 -70.6381 1032.89
vn -0.297694 0.66821 -0.681816
v -107.371 -70.865 1032.76
vn -0.50443 0.656955 -0.560321
v -107.661 -71.128 1032.68
vn -0.936856 0.348451 -0.0296995
v -111.005 -73.9139 1038.78
vn -0.901929 0.426094 -0.0704838
v -110.715 -73.3013 1038.39
vn -0.0653119 0.656757 -0.751269
v -107.548 -72.1951 1031.5
vn 0.491445 0.456942 -0.741408
v -107.014 -71.7607 1031.99
vn -0.859376 0.473848 -0.192201
v -110.532 -74.0346 1034.82
vn -0.920812 0.381064 -0.083038
v -111.094 -74.4143 1036.99
vn -0.885086 0.444198 -0.138963
v -110.897 -74.1315 1036.44
vn 0.727731 0.594824 0.341455
v -28.8208 -41.7349 1132.65
vn 0.580824 0.628516 0.517312
v -29.3694 -41.3387 1132.94
vn 0.834239 0.524797 0.169214
v -28.938 -40.5095 1130.61
vn 0.745408 0.585486 0.318706
v -28.8733 -41.0002 1131.54
vn 0.14315 0.492676 0.858358
v -30.6081 -42.2425 1134.29
vn 0.941539 0.054822 -0.332412
v -28.8668 -41.3901 1127.93
vn 0.968712 0.197159 -0.150746
v -28.7478 -40.9992 1128.55
vn -0.728213 -0.00745113 0.68531
v -32.3596 -42.1108 1133.69
vn 0.888207 -0.0447887 -0.457255
v -29.5993 -40.7046 1126.28
vn 0.908708 0.135521 -0.394822
v -29.8674 -41.8952 1125.57
vn -0.922937 -0.368424 0.111588
v -34.2894 -42.6663 1129.31
vn 0.830618 0.0514982 -0.554456
v -31.0953 -41.3949 1123.34
vn 0.878739 0.145099 -0.454714
v -30.5627 -41.0088 1124.44
vn 0.751716 -0.0398601 -0.658281
v -31.8288 -41.5119 1122.34
vn 0.488939 -0.30341 -0.817852
v -32.0817 -41.7552 1122.09
vn -0.709799 -0.573995 -0.408307
v -33.3898 -43.1762 1123.91
vn 0.831324 -0.53978 0.132432
v -102.725 -68.0892 1047.89
vn 0.725613 -0.600912 0.335246
v -103.907 -69.9141 1047.38
vn 0.343736 -0.754252 0.559419
v -105.382 -69.309 1050.37
vn 0.0787586 -0.722241 0.687143
v -106.28 -69.9016 1050
vn 0.950196 -0.273321 -0.149745
v -102.942 -68.4168 1044.11
vn 0.556593 -0.680599 0.476434
v -105.343 -70.6853 1048.35
vn 0.376366 -0.724284 0.577721
v -106.093 -70.5666 1049.18
vn 0.964792 -0.156288 -0.211541
v -103.478 -69.0988 1041.95
vn -0.246238 -0.590099 0.768863
v -107.818 -71.6068 1048.32
vn -0.226405 -0.59848 0.768481
v -107.469 -71.2519 1048.73
vn -0.435912 -0.483526 0.759067
v -108.158 -70.8951 1048.68
vn -0.701617 -0.276415 0.656756
v -108.389 -70.7684 1048.57
vn -0.856405 -0.110295 0.504386
v -108.853 -70.9326 1047.91
vn -0.94311 0.0667764 0.325706
v -109.738 -71.8592 1045.89
vn -0.951526 0.275621 0.136493
v -109.655 -70.9372 1045.46
vn 0.944875 -0.175652 -0.276328
v -104.833 -68.5944 1036.02
vn 0.869724 -0.0128636 -0.49337
v -104.842 -68.1708 1035.87
vn 0.952984 -0.242555 -0.181629
v -104.724 -69.1135 1037.58
vn 0.939509 -0.278589 -0.199275
v -104.536 -68.1028 1036.72
vn -0.965494 0.181098 0.187148
v -110.366 -72.8975 1043.95
vn 0.92116 -0.0377511 -0.387349
v -105.271 -69.3866 1034.94
vn 0.913423 -0.018888 -0.406573
v -104.987 -68.6327 1035.59
vn 0.797338 0.161291 -0.581582
v -105.121 -68.4526 1035.36
vn -0.873965 0.474505 -0.105023
v -109.479 -70.5891 1039.85
vn 0.802941 0.143953 -0.578415
v -105.613 -69.7171 1034.26
vn 0.560706 0.344029 -0.753162
v -106.116 -69.9026 1033.65
vn 0.527891 0.413833 -0.74167
v -105.962 -69.1942 1034.11
vn 0.0354951 0.631744 -0.774364
v -106.246 -69.0975 1034.06
vn -0.348639 0.675198 -0.650045
v -106.674 -69.0868 1034.18
vn -0.530964 0.654846 -0.537823
v -106.833 -69.0777 1034.33
vn 0.716251 0.616052 0.327817
v -29.2576 -40.24 1131.01
vn -0.131958 0.359655 0.923707
v -31.6315 -41.3378 1133.86
vn -0.435734 0.192233 0.879308
v -32.3181 -41.1895 1133.63
vn -0.272283 0.249217 0.929383
v -32.1634 -40.8933 1133.62
vn 0.923463 0.38355 0.0102409
v -29.0799 -39.9851 1128.79
vn 0.849772 0.512719 0.122502
v -29.6875 -38.6584 1128.29
vn 0.947095 0.00836705 -0.320843
v -29.3257 -39.4714 1126.48
vn 0.894484 -0.092024 -0.437528
v -29.5959 -39.3226 1125.8
vn 0.958917 0.230909 -0.164797
v -29.402 -39.0516 1126.39
vn -0.840229 -0.103537 0.532255
v -34.0052 -40.9184 1131.61
vn 0.829536 -0.189157 -0.525442
v -30.4201 -39.6136 1124.66
vn -0.924339 -0.284745 0.254002
v -34.2298 -42.2651 1130.28
vn 0.875181 0.0116971 -0.483654
v -30.8294 -40.2092 1124.11
vn -0.854982 -0.492736 -0.161914
v -34.7879 -41.4351 1124.92
vn 0.638839 -0.270435 -0.720243
v -32.6031 -40.5853 1121.28
vn 0.0544701 -0.588923 -0.806351
v -33.2361 -40.636 1121
vn -0.624601 -0.632503 -0.458054
v -34.2971 -40.5001 1121.58
vn 0.911734 -0.382732 -0.149189
v -101.832 -66.2622 1046.33
vn 0.649076 -0.686544 0.327653
v -103.628 -68.3464 1049.76
vn 0.473672 -0.744772 0.470053
v -104.701 -68.7171 1050.66
vn 0.26379 -0.781922 0.564812
v -104.957 -68.0867 1051.86
vn 0.0519207 -0.755356 0.653255
v -105.437 -68.0837 1052.02
vn 0.944053 -0.185057 -0.27298
v -102.766 -67.1299 1043.45
vn 0.922959 -0.264125 -0.279972
v -102.338 -66.3081 1044.19
vn -0.382989 -0.547427 0.744072
v -107.425 -69.9584 1049.67
vn -0.704417 -0.279909 0.652263
v -107.85 -69.4783 1049.61
vn -0.877626 -0.0344227 0.478108
v -108.154 -69.2 1049.22
vn 0.933943 -0.22392 -0.278586
v -102.946 -66.1947 1042.39
vn -0.929332 0.129641 0.345739
v -108.844 -69.8336 1047.78
vn -0.932154 0.306777 0.192296
v -108.702 -69.1247 1047.67
vn -0.855936 -0.0474201 0.514903
v -108.625 -70.4143 1048.37
vn 0.938303 -0.303022 -0.166629
v -103.441 -66.2581 1040.25
vn 0.953711 -0.136424 -0.268001
v -103.645 -67.7581 1041.01
vn -0.948277 0.24141 0.206135
v -109.239 -70.105 1046.5
vn -0.921459 0.38012 0.0801366
v -108.996 -69.2768 1045.95
vn -0.927697 0.0790372 0.364872
v -109.001 -70.5293 1047.61
vn 0.891097 -0.0648166 -0.449161
v -104.137 -66.5687 1036.93
vn -0.866831 0.494281 -0.0654977
v -108.505 -68.4902 1041.93
vn -0.923367 0.382682 0.0307823
v -109.495 -70.2916 1044.48
vn 0.67633 0.19837 -0.709385
v -105.031 -67.318 1035.73
vn 0.788133 0.0690276 -0.611622
v -104.436 -66.8736 1036.45
vn 0.386105 0.425005 -0.818715
v -105.053 -66.8914 1035.89
vn 0.726565 0.18229 -0.662475
v -104.419 -66.4256 1036.56
vn 0.516309 0.374291 -0.77028
v -104.634 -66.2905 1036.43
vn -0.849421 0.511575 -0.12952
v -108.328 -68.6587 1039.47
vn -0.896748 0.440897 -0.0381226
v -109.578 -70.5458 1041.48
vn 0.416387 0.444103 -0.793344
v -105.674 -68.2275 1034.94
vn 0.0154594 0.621871 -0.782967
v -105.993 -68.13 1034.92
vn -0.330498 0.672945 -0.661753
v -106.214 -68.0388 1035.06
vn 0.000578331 0.595554 -0.803315
v -105.406 -67.0408 1035.7
vn -0.599875 0.648389 -0.468767
v -106.071 -66.8708 1036.29
vn -0.786959 0.556549 -0.266363
v -107.29 -68.0139 1036.98
vn -0.836578 0.512474 -0.193671
v -108.43 -69.1825 1038.29
vn -0.81704 0.544761 -0.188895
v -107.905 -68.2519 1038.61
vn 0.201896 0.53239 0.82207
v -32.5348 -38.9816 1132.79
vn 0.412072 0.598913 0.686659
v -31.9524 -38.1981 1131.95
vn 0.78359 0.579292 0.224517
v -30.2576 -38.0748 1128.93
vn -0.173274 0.371455 0.912139
v -32.9471 -38.9027 1132.76
vn -0.509446 0.223381 0.831003
v -33.3853 -38.9132 1132.6
vn -0.806032 -0.0768043 0.586867
v -33.6574 -40.3569 1132.24
vn -0.518624 0.152689 0.841258
v -33.1406 -39.4944 1132.88
vn -0.74101 0.0322964 0.670717
v -33.5267 -39.0325 1132.49
vn 0.892442 0.448601 0.0480074
v -29.9386 -37.6854 1125.82
vn -0.838598 -0.0532526 0.542142
v -34.1678 -39.6458 1131.59
vn 0.927273 0.0382213 -0.37243
v -30.5109 -37.0986 1123.51
vn -0.901424 -0.181073 0.393253
v -34.6652 -40.2434 1130.53
vn 0.841433 -0.17759 -0.510345
v -30.7874 -37.5875 1123.08
vn -0.916515 -0.3603 0.173733
v -35.5294 -39.9795 1127.75
vn -0.884502 -0.466514 -0.00446966
v -35.3916 -40.4558 1126.04
vn 0.783115 -0.179412 -0.595434
v -33.3088 -38.0898 1119.56
vn -0.434993 -0.672227 -0.599076
v -34.1058 -39.8882 1120.62
vn 0.345872 -0.536769 -0.769579
v -33.7905 -38.4803 1119.29
vn -0.173221 -0.712827 -0.679612
v -34.3788 -38.5678 1119.32
vn 0.0788802 -0.687625 -0.721768
v -34.1981 -38.2988 1119.04
vn -0.449813 -0.711295 -0.540118
v -34.785 -38.5498 1119.55
vn 0.745617 -0.650713 0.143624
v -100.712 -64.6443 1051.69
vn 0.183916 -0.792529 0.58144
v -103.243 -65.144 1055.24
vn 0.855964 -0.510132 -0.084208
v -99.9894 -63.5958 1049.7
vn -0.339786 -0.604321 0.720653
v -105.17 -66.1045 1053.96
vn 0.895445 -0.334944 -0.293243
v -100.728 -63.5345 1046.28
vn -0.245319 -0.651595 0.717804
v -105.942 -67.6855 1052.37
vn -0.589429 -0.425393 0.686742
v -106.474 -67.4717 1052.22
vn -0.810995 -0.144253 0.56699
v -106.741 -67.1347 1052.06
vn -0.900361 0.0282896 0.434222
v -106.877 -66.9557 1051.83
vn -0.820135 -0.166036 0.54755
v -107.073 -67.6876 1051.42
vn -0.929841 0.185699 0.317665
v -107.215 -67.0493 1051.02
vn 0.907233 -0.37805 -0.184408
v -102.348 -64.3474 1042.28
vn 0.924769 -0.304558 -0.228136
v -102.782 -65.4572 1042.24
vn 0.905932 -0.303119 -0.295646
v -102.269 -64.8276 1043.27
vn 0.925551 -0.234533 -0.297238
v -102.757 -64.3072 1039.43
vn -0.901582 0.427133 0.0686086
v -108.22 -67.7989 1047.28
vn 0.796077 0.122068 -0.592757
v -102.876 -63.8878 1039.1
vn -0.870162 0.492422 -0.018418
v -108.014 -67.3338 1045.14
vn -0.892056 0.451917 -0.00278259
v -108.694 -68.5963 1045.1
vn 0.635694 0.306305 -0.708569
v -104.051 -65.4141 1037.29
vn 0.516303 0.414509 -0.749409
v -103.953 -64.9443 1037.6
vn -0.636542 0.678816 -0.366092
v -105.05 -64.819 1038.1
vn -0.832632 0.540452 -0.120977
v -107.519 -67.0644 1040.72
vn 0.117616 0.593102 -0.79649
v -104.908 -66.1884 1036.36
vn -0.362648 0.67347 -0.644147
v -105.63 -66.5151 1036.26
vn -0.237141 0.693217 -0.680598
v -105.144 -65.8744 1036.69
vn -0.507668 0.698581 -0.504239
v -105.213 -65.6125 1037.03
vn -0.729354 0.601793 -0.325404
v -106.254 -66.794 1036.73
vn -0.75337 0.60688 -0.253239
v -106.285 -66.3345 1037.77
vn -0.671544 0.651385 -0.353165
v -105.767 -65.9817 1037.24
vn -0.781721 0.575802 -0.239508
v -106.987 -67.1998 1037.9
vn -0.79455 0.577159 -0.188621
v -107.007 -66.7473 1039.22
vn 0.687338 0.643881 0.33613
v -31.3839 -36.5386 1128.42
vn 0.575066 0.655522 0.489479
v -32.4157 -36.9931 1131
vn -0.639298 0.191268 0.744792
v -33.5733 -38.5986 1132.37
vn -0.351324 0.384233 0.853778
v -33.3943 -38.4561 1132.44
vn 0.0179155 0.551514 0.833973
v -33.015 -38.0418 1132.26
vn -0.774592 0.0698121 0.628597
v -33.8778 -38.4232 1132.02
vn 0.330378 0.624038 0.708115
v -32.7129 -37.4083 1131.68
vn -0.289943 0.47929 0.828381
v -33.6465 -37.6352 1131.92
vn -0.633489 0.270324 0.724994
v -33.9336 -37.761 1131.82
vn 0.112137 0.638666 0.761269
v -33.2871 -36.9864 1131.49
vn -0.181258 0.568253 0.802642
v -33.6469 -37.1629 1131.61
vn -0.426296 0.471419 0.772034
v -33.884 -37.2713 1131.59
vn 0.810358 0.560361 0.171219
v -30.4683 -36.8626 1126.5
vn 0.738378 0.624105 0.255522
v -30.9669 -36.624 1127.6
vn -0.864579 -0.0408924 0.50083
v -34.7444 -38.948 1130.71
vn -0.814581 0.0539504 0.577536
v -34.1728 -38.0781 1131.59
vn 0.947496 0.235387 -0.216433
v -30.6438 -36.5178 1123.42
vn -0.874579 -0.101134 0.474219
v -35.5116 -38.0781 1129.37
vn 0.859852 -0.070146 -0.505701
v -31.3199 -35.9973 1121.82
vn 0.928118 0.126865 -0.350004
v -31.1653 -35.7272 1122.16
vn -0.907791 -0.239582 0.344262
v -35.9597 -38.2031 1128.3
vn -0.819677 -0.557181 -0.132963
v -36.0063 -39.2248 1123.84
vn -0.747423 -0.614788 -0.251783
v -35.7818 -38.7111 1121.45
vn -0.608657 -0.682841 -0.404061
v -35.4408 -38.4534 1120.17
vn -0.313406 -0.742963 -0.591424
v -35.3317 -36.9461 1117.87
vn 0.00224443 -0.680084 -0.733131
v -35.0972 -36.7483 1117.6
vn 0.428981 -0.772711 0.46786
v -102.271 -64.1166 1056.25
vn 0.186695 -0.780254 0.596949
v -102.61 -64.0524 1056.56
vn -0.0560804 -0.730213 0.680914
v -102.975 -63.7496 1056.96
vn -0.00532825 -0.75244 0.658639
v -103.515 -65.0043 1055.45
vn 0.892578 -0.351734 -0.282115
v -99.0285 -61.0287 1048.38
vn -0.656922 -0.345916 0.669922
v -105.332 -65.3176 1054.41
vn -0.882224 0.0128663 0.470654
v -106.296 -65.8727 1052.91
vn -0.924786 0.216678 0.312765
v -106.206 -65.3841 1052.93
vn -0.919817 0.315537 0.233179
v -105.867 -64.3835 1053.11
vn -0.912727 0.381698 0.145723
v -106.729 -65.3749 1050.79
vn 0.914079 -0.340924 -0.219615
v -100.961 -61.5153 1042.8
vn -0.871225 0.490465 0.0202714
v -106.498 -64.6158 1048.81
vn -0.928293 0.287349 0.236015
v -107.064 -66.3515 1050.9
vn -0.893987 0.440928 0.0798095
v -106.795 -65.2793 1049.94
vn -0.642725 0.687967 -0.337054
v -103.745 -62.4719 1040.3
vn -0.843938 0.532303 -0.0665014
v -106.853 -65.4263 1044.75
vn 0.040168 0.667313 -0.743693
v -103.764 -63.8014 1038.46
vn -0.149892 0.727094 -0.669975
v -103.765 -63.5946 1038.68
vn -0.26513 0.730874 -0.628911
v -104.044 -63.7193 1038.62
vn -0.501215 0.724056 -0.473841
v -104.272 -63.8282 1038.66
vn -0.769744 0.60736 -0.19649
v -105.618 -64.5727 1040.28
vn -0.809715 0.572048 -0.130853
v -106.569 -65.54 1041.28
vn -0.71702 0.643351 -0.268293
v -105.221 -64.4598 1039.25
vn 0.355521 0.674759 0.646766
v -32.9765 -36.5805 1131
vn 0.458907 0.699088 0.548344
v -33.0747 -36.1432 1130.56
vn 0.616319 0.680634 0.396092
v -32.8237 -35.9834 1130
vn 0.187143 0.667715 0.72051
v -33.483 -36.1558 1130.78
vn -0.093703 0.591345 0.800956
v -33.8948 -36.0889 1130.74
vn 0.682957 0.669415 0.292325
v -31.7046 -35.7118 1127.41
vn -0.791456 0.0562577 0.608632
v -34.906 -36.8623 1130.38
vn -0.379942 0.442935 0.812067
v -34.1807 -36.4576 1130.89
vn -0.606587 0.303424 0.734837
v -34.4999 -36.5953 1130.76
vn 0.858164 0.509801 0.0604822
v -31.2967 -35.0172 1123.79
vn 0.801767 0.587615 0.108989
v -31.841 -34.1069 1123.26
vn 0.749735 0.630316 0.20149
v -31.5203 -34.9971 1125.08
vn -0.820808 -0.128526 0.556556
v -35.9198 -36.2184 1128.98
vn 0.927567 0.351824 -0.125855
v -31.274 -35.118 1122.33
vn 0.922317 0.232082 -0.308981
v -31.7432 -34.568 1121.11
vn 0.895113 0.421259 -0.145991
v -31.7755 -34.1709 1121.58
vn 0.839257 0.543478 0.0166786
v -31.8252 -34.0165 1122.19
vn -0.875027 -0.343511 0.341068
v -36.8606 -36.9518 1127.03
vn -0.862511 -0.201008 0.464404
v -36.4863 -36.6303 1128.01
vn 0.879251 0.0664597 -0.471701
v -32.0537 -34.439 1120.48
vn 0.807123 -0.0774471 -0.585281
v -32.6188 -34.6356 1119.64
vn 0.893167 0.292278 -0.3418
v -32.0734 -34.0114 1120.64
vn 0.847941 0.119771 -0.516383
v -32.343 -34.0906 1120.05
vn -0.866267 -0.482538 0.129377
v -36.9634 -37.5611 1125.59
vn -0.808129 -0.58648 -0.0544772
v -37.1784 -37.4689 1123.12
vn -0.677014 -0.689092 -0.258465
v -36.5011 -37.367 1120.07
vn -0.48807 -0.744548 -0.455452
v -36.0479 -36.7865 1118.19
vn -0.602421 -0.733033 -0.315834
v -36.522 -36.8367 1118.89
vn 0.580367 -0.746601 0.32521
v -98.3297 -59.8662 1058.74
vn 0.291428 -0.760771 0.579911
v -100.565 -60.8346 1059.82
vn 0.662708 -0.713199 0.228396
v -97.835 -60.3724 1056.38
vn 0.102196 -0.738575 0.66638
v -101.351 -61.393 1059.43
vn -0.155507 -0.651904 0.742186
v -101.804 -61.5606 1059.25
vn -0.376904 -0.531461 0.758613
v -102.577 -61.6945 1058.88
vn 0.873876 -0.380486 -0.302606
v -97.5165 -58.9828 1050.54
vn -0.273251 -0.626355 0.730077
v -103.025 -62.9344 1057.72
vn -0.471818 -0.503482 0.723805
v -103.278 -62.613 1057.85
vn -0.712476 -0.270121 0.647621
v -103.517 -62.4917 1057.75
vn -0.86209 -0.00196494 0.506751
v -103.744 -62.1322 1057.54
vn 0.897305 -0.342187 -0.278839
v -99.8507 -60.0445 1044.98
vn -0.903735 0.401725 0.147919
v -105.466 -63.2419 1052.87
vn -0.882981 0.463086 0.0767802
v -105.151 -62.5466 1052.6
vn 0.89194 -0.153621 -0.425258
v -100.328 -59.8945 1043.34
vn 0.784084 0.114831 -0.609939
v -101.092 -60.8241 1042.08
vn -0.84553 0.532957 -0.0321959
v -105.704 -63.3258 1047.54
vn -0.0315333 0.70156 -0.711913
v -102.582 -61.625 1040.6
vn 0.386161 0.501728 -0.774047
v -101.84 -60.8915 1041.37
vn 0.110269 0.633234 -0.766065
v -102.006 -60.7032 1041.46
vn -0.264011 0.736382 -0.622928
v -102.398 -60.9215 1041.31
vn -0.465524 0.733941 -0.494589
v -102.66 -61.0431 1041.31
vn -0.741554 0.635328 -0.215535
v -103.606 -61.2705 1042.95
vn -0.822957 0.56155 -0.086042
v -105.112 -62.6609 1045.54
vn 0.545311 0.719961 0.429293
v -33.8834 -34.617 1129.19
vn -0.0113994 0.596095 0.802833
v -34.2878 -35.332 1130.2
vn 0.26931 0.696864 0.66472
v -34.1136 -34.8569 1129.73
vn -0.42696 0.323531 0.844413
v -35.4183 -34.7877 1129.51
vn 0.675458 0.703504 0.220994
v -32.7704 -33.2288 1123.73
vn 0.625488 0.712187 0.318676
v -33.2349 -33.5533 1125.72
vn 0.66344 0.697973 0.269594
v -32.9863 -33.4173 1124.87
vn -0.602555 0.173849 0.778912
v -35.5849 -34.9777 1129.45
vn -0.737027 -0.0550393 0.673618
v -35.8766 -35.0929 1129.19
vn 0.823181 0.566315 -0.0407471
v -32.3324 -33.2824 1121.26
vn 0.731448 0.676669 0.0842828
v -32.8663 -32.6641 1121.66
vn 0.74256 0.655934 0.135485
v -32.2116 -33.579 1122.91
vn -0.83269 -0.326824 0.447004
v -37.2347 -36.0045 1127.04
vn 0.8607 0.327031 -0.390186
v -32.6827 -33.3317 1119.8
vn 0.816591 0.543599 -0.194111
v -32.9631 -32.5868 1120.09
vn 0.860728 0.466011 -0.204891
v -32.3201 -33.452 1120.63
vn 0.795854 0.602318 -0.0618883
v -32.8827 -32.5892 1120.6
vn -0.816223 -0.50579 0.279206
v -38.1249 -35.6527 1125.42
vn -0.786979 -0.612934 0.0705364
v -38.011 -36.3158 1123.52
vn -0.732888 -0.673136 -0.0988052
v -37.9483 -36.3817 1121.85
vn 0.236371 -0.575904 -0.7826
v -35.9781 -34.7748 1115.81
vn 0.629344 -0.283238 -0.723673
v -35.6793 -34.4099 1115.78
vn -0.651038 -0.74399 -0.150428
v -38.9613 -35.1535 1120.16
vn 0.377761 -0.453784 -0.807079
v -36.2083 -34.1717 1115.33
vn 0.506758 -0.326323 -0.797941
v -36.3583 -33.5354 1114.94
vn -0.195919 -0.754896 -0.625898
v -36.5428 -35.0552 1116.05
vn -0.432424 -0.786549 -0.440852
v -37.9133 -34.5483 1116.26
vn -0.53603 -0.769144 -0.34798
v -37.8447 -35.3026 1117.65
vn 0.755818 -0.646937 0.101058
v -94.6659 -56.5028 1058.88
vn 0.496633 -0.782019 0.376566
v -98.2019 -58.7141 1061.07
vn 0.396581 -0.795823 0.45759
v -98.5298 -58.6007 1061.69
vn 0.234402 -0.781212 0.578588
v -98.7597 -58.4235 1062.15
vn 0.861812 -0.4777 -0.170536
v -94.9236 -56.7783 1055.72
vn 0.452738 -0.773024 0.444368
v -99.4268 -59.8049 1060.38
vn 0.224287 -0.773254 0.593105
v -99.4186 -58.7158 1062.02
vn 0.873626 -0.350825 -0.337194
v -95.3128 -56.0939 1053.18
vn 0.867019 -0.436283 -0.240698
v -95.1576 -56.7011 1054.43
vn -0.597511 -0.350719 0.721094
v -102.969 -61.6345 1058.65
vn -0.784434 -0.121801 0.608135
v -102.973 -61.1983 1058.79
vn 0.878095 -0.330555 -0.345952
v -97.0476 -56.3407 1048.79
vn -0.914182 0.207365 0.348239
v -103.751 -61.674 1057.37
vn 0.903857 -0.232815 -0.358942
v -99.0288 -58.0911 1045.21
vn 0.867508 -0.114223 -0.484131
v -98.3876 -56.9991 1046.23
vn 0.909024 -0.300987 -0.288239
v -98.6899 -58.3634 1046.75
vn 0.583781 0.325942 -0.743614
v -100.039 -58.2335 1043.9
vn 0.792245 0.0875055 -0.603896
v -99.1769 -57.6878 1044.91
vn 0.607249 0.367652 -0.704329
v -99.3224 -57.3065 1044.91
vn 0.243844 0.606957 -0.756402
v -99.8924 -57.5294 1044.37
vn -0.266444 0.765905 -0.585147
v -100.449 -57.7692 1044.14
vn 0.793371 0.0627948 -0.605491
v -100.187 -59.1694 1043.51
vn -0.411596 0.752536 -0.51408
v -100.805 -58.0475 1043.99
vn -0.521013 0.753871 -0.40028
v -100.956 -58.0556 1044.14
vn -0.712991 0.661345 -0.232951
v -102.084 -59.0186 1044.43
vn -0.765348 0.625579 -0.151304
v -102.585 -59.2429 1045.6
vn -0.811263 0.579098 -0.0806108
v -103.81 -60.4913 1047.56
vn -0.787911 0.599676 -0.139947
v -103.747 -60.8601 1044.99
vn 0.623569 0.728802 0.282859
v -33.6495 -32.8276 1124.87
vn 0.132869 0.682459 0.718746
v -35.5708 -33.3389 1128.65
vn 0.550003 0.740891 0.385458
v -35.0225 -33.0226 1127.85
vn 0.352773 0.740582 0.571918
v -35.717 -32.6824 1127.99
vn -0.128568 0.550366 0.824965
v -35.7505 -33.4348 1128.73
vn -0.25994 0.44798 0.855421
v -36.019 -33.538 1128.74
vn 0.671401 0.721035 0.171256
v -33.2476 -32.4621 1122.56
vn 0.626975 0.74402 0.230948
v -33.7826 -32.3615 1123.85
vn 0.747167 0.664346 -0.0196417
v -33.4416 -31.9351 1120.39
vn 0.670628 0.735456 0.0967568
v -34.2077 -31.1685 1120.39
vn 0.632622 0.755443 0.170576
v -34.1805 -31.501 1121.95
vn -0.793722 -0.348401 0.49862
v -38.4515 -34.6913 1125.97
vn 0.75309 0.648917 -0.108454
v -34.2805 -31.0985 1119.05
vn 0.836167 0.326612 -0.440624
v -34.8239 -31.189 1116.97
vn 0.826577 0.151755 -0.541979
v -34.7498 -31.8174 1116.84
vn 0.829473 0.467513 -0.305624
v -34.659 -31.1443 1117.38
vn -0.728418 -0.662713 0.173835
v -39.6488 -34.3815 1123.49
vn 0.778083 -0.0150191 -0.627982
v -35.7813 -33.0801 1115.38
vn -0.587281 -0.806484 -0.0684445
v -40.1689 -34.0997 1119.64
vn -0.693168 -0.720759 0.00486174
v -39.6524 -34.6182 1121.52
vn 0.71271 -0.0350726 -0.700582
v -36.652 -32.0602 1114.38
vn 0.658874 -0.166412 -0.733616
v -36.1962 -33.2029 1114.95
vn -0.480253 -0.819257 -0.31333
v -39.0958 -34.0299 1116.63
vn -0.579205 -0.786542 -0.214182
v -39.3355 -34.5396 1118.73
vn -0.174596 -0.784892 -0.594525
v -38.8829 -32.9128 1114.24
vn -0.347891 -0.833608 -0.429034
v -39.1794 -33.2586 1114.95
vn 0.815408 -0.5786 0.0182444
v -92.6013 -53.6929 1060.8
vn 0.373754 -0.784992 0.49406
v -96.2505 -55.5111 1064.77
vn 0.821514 -0.569581 -0.0263188
v -93.6854 -55.2211 1058.61
vn 0.487253 -0.776896 0.39877
v -96.5961 -56.7679 1062.93
vn -0.0164443 -0.708729 0.705289
v -98.6629 -57.3139 1063.4
vn 0.0120782 -0.726488 0.687073
v -97.954 -56.3912 1064.42
vn -0.264077 -0.587101 0.765229
v -99.3385 -57.388 1063.21
vn -0.493396 -0.419741 0.761826
v -99.7306 -57.1203 1063.2
vn -0.0528021 -0.676189 0.734834
v -99.8385 -58.6567 1062.11
vn -0.400384 -0.484004 0.778095
v -100.806 -58.846 1061.66
vn -0.693049 -0.199121 0.692845
v -101.32 -58.8302 1061.28
vn -0.866035 0.0902499 0.49177
v -101.794 -58.9997 1060.63
vn -0.89199 0.415746 0.177508
v -102.163 -58.1157 1058.6
vn -0.9051 0.280226 0.319794
v -102.074 -58.8536 1059.96
vn -0.910162 0.353886 0.215338
v -103.065 -59.6315 1057.4
vn -0.8855 0.451385 0.110185
v -102.968 -59.1892 1056.84
vn -0.850607 0.523311 0.0511163
v -102.277 -57.9497 1056.88
vn -0.817699 0.574909 -0.0291265
v -101.993 -57.4246 1052.57
vn -0.837471 0.546461 0.00483612
v -102.551 -58.2224 1053.42
vn -0.832751 0.552892 -0.0289243
v -102.843 -58.7002 1051.83
vn -0.859075 0.511148 0.0267824
v -103.352 -59.5271 1054.11
vn 0.728509 0.232743 -0.644286
v -98.4699 -56.5585 1046.14
vn 0.372097 0.558572 -0.74131
v -99.0153 -56.1215 1045.92
vn -0.794666 0.60104 -0.0851926
v -102.066 -57.8181 1049.56
vn -0.024622 0.726012 -0.687241
v -100.065 -57.3941 1044.49
vn -0.0809126 0.753933 -0.65195
v -99.7785 -56.7893 1045.16
vn -0.609148 0.725985 -0.319195
v -101.054 -57.87 1044.71
vn 0.510373 0.781575 0.358693
v -36.2238 -31.452 1126.45
vn 0.403251 0.769453 0.495308
v -36.2888 -31.7567 1127.09
vn 0.592985 0.750008 0.293013
v -35.1961 -31.5164 1124.75
vn 0.518497 0.800003 0.301922
v -36.094 -30.5207 1123.89
vn -0.420791 0.351103 0.836458
v -37.4038 -32.3122 1127.59
vn -0.0126477 0.66709 0.74487
v -37.06 -31.718 1127.31
vn -0.239233 0.550796 0.79962
v -37.3153 -31.803 1127.34
vn 0.182926 0.750861 0.634623
v -36.9782 -31.3936 1126.97
vn 0.301968 0.837237 0.455906
v -36.9376 -31.1193 1126.57
vn -0.607859 0.129721 0.783378
v -37.5499 -32.8311 1127.62
vn 0.689181 0.724586 -0.00199614
v -34.3756 -30.9534 1119.5
vn 0.622233 0.776037 0.102917
v -35.5733 -29.962 1119.8
vn -0.756208 -0.536912 0.374
v -40.1344 -33.4421 1124.2
vn -0.758211 -0.390854 0.52187
v -39.7939 -33.2169 1124.96
vn 0.790574 0.51634 -0.329221
v -35.0001 -30.8248 1117
vn 0.804427 0.345887 -0.48297
v -35.2619 -30.8998 1116.41
vn 0.758525 0.549296 -0.350591
v -35.7265 -30.2103 1116.31
vn 0.768601 0.608351 -0.197892
v -34.9799 -30.6295 1117.5
vn 0.730121 0.647839 -0.217318
v -35.5262 -30.1695 1116.98
vn 0.683358 0.723606 -0.0970353
v -35.4995 -30.0025 1117.88
vn 0.793916 0.154954 -0.587951
v -35.7983 -31.0804 1115.53
vn 0.766205 0.290914 -0.572973
v -36.399 -30.4195 1114.98
vn 0.769908 0.432375 -0.469354
v -36.4552 -30.0122 1115.18
vn -0.632646 -0.765538 0.117093
v -40.7758 -33.6411 1121.67
vn -0.681891 -0.681616 0.265376
v -41.2571 -33.0315 1122.5
vn 0.590069 -0.189569 -0.784781
v -37.4312 -31.9179 1113.67
vn 0.687892 -0.00462788 -0.725798
v -37.3278 -31.6487 1113.71
vn 0.751079 0.120832 -0.649061
v -36.4543 -31.0965 1114.7
vn -0.479997 -0.857855 -0.183541
v -40.4271 -33.6396 1117.95
vn 0.455973 -0.356342 -0.815542
v -38.5867 -31.2474 1112.73
vn -0.0684681 -0.770827 -0.633355
v -39.3749 -32.1216 1113.35
vn -0.262695 -0.876927 -0.40248
v -40.1015 -32.6653 1114.46
vn -0.374415 -0.876925 -0.301356
v -40.5767 -32.8369 1115.38
vn 0.10827 -0.676386 -0.728546
v -39.0792 -31.5497 1112.74
vn -0.197048 -0.835754 -0.51253
v -39.9192 -32.4153 1113.88
vn -0.0921563 -0.83535 -0.541939
v -40.6406 -31.9123 1113.23
vn 0.761225 -0.643716 0.0785241
v -91.4729 -51.8658 1064.01
vn 0.686989 -0.701782 0.18854
v -92.1317 -52.4614 1064.59
vn 0.741741 -0.657132 0.134158
v -92.5382 -53.3892 1062.69
vn -0.169754 -0.659318 0.73245
v -97.355 -54.8833 1065.91
vn 0.888775 -0.410998 -0.20288
v -92.0645 -52.2855 1058.27
vn 0.869218 -0.483677 -0.102549
v -92.1171 -52.7663 1059.39
vn 0.164363 -0.768791 0.618017
v -97.1273 -55.6519 1065.09
vn -0.362436 -0.562824 0.742879
v -97.7837 -54.636 1065.94
vn -0.550588 -0.408576 0.727955
v -98.3749 -54.8707 1065.43
vn 0.883621 -0.371994 -0.284313
v -92.3535 -51.7417 1056.29
vn 0.876004 -0.309267 -0.370096
v -92.4717 -51.5171 1055.73
vn -0.180936 -0.655286 0.733391
v -98.4674 -56.3985 1064.33
vn -0.360732 -0.544636 0.757129
v -98.5755 -56.02 1064.59
vn -0.792461 -0.114003 0.599174
v -98.9104 -55.0743 1064.86
vn -0.678683 -0.239477 0.694291
v -99.9588 -56.9926 1063.08
vn -0.850769 0.0453583 0.523579
v -100.056 -56.5846 1063.02
vn 0.877231 -0.243634 -0.413652
v -94.1948 -52.6273 1052.83
vn 0.886544 -0.242033 -0.394283
v -95.0539 -53.3555 1051.3
vn 0.836913 -0.0146304 -0.54714
v -95.1123 -52.4636 1051.02
vn 0.642576 0.313558 -0.699126
v -96.2359 -52.8767 1049.63
vn 0.562336 0.378765 -0.735061
v -96.5123 -52.9834 1049.35
vn 0.375037 0.532889 -0.758536
v -96.6079 -52.8071 1049.4
vn -0.826464 0.562768 0.0158249
v -101.259 -56.3265 1055.39
vn 0.152692 0.647168 -0.7469
v -97.5281 -53.8222 1048.31
vn -0.238571 0.75782 -0.607283
v -97.9276 -53.7916 1048.4
vn -0.0217127 0.744308 0.667484
v -37.5368 -31.069 1126.65
vn -0.0593729 0.703954 0.707759
v -38.1536 -30.7853 1126.26
vn 0.200955 0.839884 0.504195
v -37.9396 -30.5797 1125.98
vn 0.360303 0.752963 0.550661
v -38.3002 -30.086 1125.34
vn -0.647512 0.019301 0.76181
v -38.9963 -31.8297 1126.31
vn -0.238526 0.546261 0.802935
v -38.6605 -30.763 1126.13
vn -0.457961 0.27852 0.844215
v -39.072 -30.9474 1126.05
vn 0.629519 0.776774 0.0181174
v -35.9247 -29.5844 1118.62
vn 0.590089 0.801776 0.0946075
v -36.853 -28.9811 1119.75
vn 0.593594 0.789327 0.156872
v -36.7386 -29.2379 1120.85
vn -0.693992 -0.302384 0.653406
v -40.0692 -32.2381 1125.16
vn -0.597719 -0.0923796 0.796365
v -40.2888 -31.2283 1125.29
vn 0.587074 0.807919 0.051098
v -37.0275 -28.7474 1118.59
vn -0.694717 -0.541572 0.473358
v -41.0968 -32.5978 1123.65
vn 0.762995 0.228043 -0.604843
v -37.5839 -29.7583 1113.83
vn 0.77628 0.457607 -0.433573
v -37.7932 -28.9739 1114.04
vn -0.576055 -0.813973 0.0748951
v -42.4754 -32.5158 1120.13
vn 0.766203 0.153914 -0.623894
v -38.6375 -29.2552 1112.62
vn -0.518762 -0.854913 0.00299172
v -42.6614 -32.4608 1118.31
vn -0.290175 -0.913396 -0.285494
v -42.9159 -31.1299 1112.81
vn 0.664092 -0.728641 0.167524
v -90.4139 -50.238 1067.07
vn 0.564512 -0.774341 0.285871
v -91.2455 -50.4154 1068.54
vn 0.431514 -0.788121 0.438931
v -93.3097 -51.4625 1069.13
vn 0.290339 -0.796724 0.530032
v -93.9121 -51.8057 1069.03
vn 0.866114 -0.479136 -0.142391
v -90.3218 -50.0124 1062.18
vn 0.835924 -0.547042 -0.0444483
v -90.7067 -50.8349 1063.17
vn -0.130241 -0.687203 0.714696
v -96.4036 -53.8615 1067.1
vn -0.378357 -0.553639 0.741843
v -97.2659 -53.796 1066.89
vn -0.694589 -0.235259 0.679853
v -97.6023 -53.4974 1066.81
vn 0.895071 -0.312269 -0.318332
v -91.8595 -50.7451 1056.61
vn 0.892581 -0.220336 -0.393383
v -91.4024 -49.6299 1056.92
vn -0.727183 -0.195554 0.658
v -98.5896 -54.7355 1065.3
vn -0.854552 0.0321192 0.518372
v -98.8624 -54.6544 1064.95
vn -0.904017 0.292476 0.311787
v -98.7436 -53.8951 1064.84
vn 0.874903 -0.209569 -0.436606
v -92.62 -50.9456 1055.03
vn -0.900498 0.242706 0.360828
v -99.5527 -55.0358 1063.41
vn -0.908261 0.191377 0.37207
v -99.1478 -54.6971 1064.36
vn -0.901811 0.352891 0.249407
v -99.1722 -54.0625 1063.56
vn -0.871896 0.476654 0.112248
v -99.2777 -53.5774 1062
vn -0.297993 0.767646 -0.56738
v -96.8226 -51.9899 1050.17
vn 0.472848 0.481011 -0.73827
v -95.6839 -51.3715 1050.88
vn 0.10267 0.692039 -0.714522
v -95.9697 -51.2758 1050.83
vn -0.817936 0.575057 -0.0170228
v -99.6697 -54.0312 1055.55
vn -0.0161291 0.706296 -0.707732
v -97.0974 -52.8 1049.27
vn -0.492729 0.757278 -0.428658
v -97.5124 -52.59 1049.87
vn 0.523209 0.750369 0.403978
v -37.7256 -29.2212 1123.41
vn 0.487411 0.783317 0.385803
v -38.8623 -28.4017 1123.4
vn 0.420652 0.730432 0.538071
v -38.9593 -28.9774 1124.46
vn -0.0781404 0.617774 0.782463
v -39.7329 -29.169 1124.85
vn 0.152006 0.706133 0.691571
v -39.3976 -28.9717 1124.66
vn 0.310132 0.773062 0.553348
v -39.3519 -28.6566 1124.28
vn 0.0057549 0.663117 0.748493
v -39.1096 -30.0276 1125.53
vn -0.229722 0.490703 0.840499
v -39.3513 -30.1417 1125.56
vn 0.561035 0.820364 0.110646
v -38.0183 -28.1937 1119.98
vn 0.556483 0.798548 0.229451
v -38.5863 -28.1901 1122.33
vn -0.170067 0.569903 0.80392
v -40.4468 -29.0054 1124.6
vn -0.317246 0.413357 0.853517
v -40.7337 -29.3724 1124.73
vn -0.551005 0.00575614 0.834482
v -42.235 -30.0191 1124.09
vn 0.60953 0.79253 -0.0192296
v -38.0506 -27.9531 1116.69
vn -0.670402 -0.451621 0.588727
v -43.7061 -30.5784 1122.5
vn -0.661757 -0.312234 0.681607
v -43.182 -30.1735 1123.31
vn -0.652486 -0.650108 0.389385
v -44.02 -30.8899 1121.75
vn -0.61692 -0.743576 0.257885
v -44.5479 -30.8418 1120.86
vn 0.788768 0.411337 -0.456779
v -39.0468 -28.0964 1112.58
vn 0.786503 0.259957 -0.56021
v -38.638 -28.8169 1112.75
vn 0.758364 0.577658 -0.301986
v -39.2632 -27.547 1112.88
vn -0.48131 -0.876546 0.00275452
v -44.9236 -31.1451 1116.75
vn 0.343571 -0.512935 -0.786675
v -41.3832 -29.781 1110.5
vn -0.146439 -0.88544 -0.441079
v -42.787 -30.641 1111.46
vn 0.473634 -0.336669 -0.813834
v -41.8513 -28.4837 1109.59
vn 0.0364398 -0.822335 -0.567836
v -43.3057 -29.7592 1110.02
vn 0.299819 -0.620274 -0.724823
v -43.1641 -29.0792 1109.33
vn -0.137972 -0.92473 -0.354736
v -44.3742 -29.8352 1110.22
vn 0.827521 -0.537265 -0.162958
v -87.3132 -46.2742 1067.02
vn 0.798187 -0.598849 -0.0654048
v -87.1065 -46.3635 1068.84
vn 0.644951 -0.748834 0.152594
v -89.1022 -48.4877 1069.83
vn 0.721637 -0.690176 0.0538193
v -88.3511 -47.8172 1069.14
vn 0.870221 -0.438288 -0.224986
v -88.4108 -47.2049 1064.26
vn 0.31055 -0.818817 0.482801
v -92.798 -50.3726 1070.64
vn 0.0165803 -0.752137 0.658798
v -93.2529 -49.8223 1071.46
vn 0.888805 -0.286956 -0.357327
v -89.1414 -46.6265 1060.63
vn 0.889232 -0.417162 -0.187732
v -89.6895 -48.3592 1061.23
vn 0.902133 -0.339019 -0.266874
v -90.1215 -48.2162 1059.25
vn 0.900816 -0.191697 -0.389593
v -89.7588 -47.2855 1059.43
vn 0.857829 -0.0189585 -0.513585
v -89.8704 -46.8436 1059.07
vn -0.852977 0.090839 0.513984
v -96.9936 -52.0592 1067.73
vn -0.886711 0.22097 0.406099
v -97.0018 -51.7105 1067.61
vn -0.883148 0.413136 0.22219
v -97.4959 -51.341 1065.67
vn -0.864771 0.482169 0.140301
v -97.152 -50.4901 1065.23
vn -0.89104 0.353218 0.285104
v -97.388 -51.6181 1066.48
vn 0.860654 -0.0681324 -0.504611
v -91.5224 -48.9799 1056.49
vn 0.729006 0.220279 -0.648095
v -91.5183 -47.8693 1056.66
vn 0.736232 0.22587 -0.637923
v -92.5198 -48.8842 1055.08
vn 0.400653 0.545322 -0.736275
v -94.1133 -49.0493 1053.47
vn 0.572745 0.42722 -0.699604
v -93.5181 -48.6049 1054.19
vn 0.338408 0.607705 -0.718453
v -93.891 -48.3266 1054.15
vn -0.815818 0.57735 -0.0332772
v -97.2139 -50.3571 1058.77
vn 0.551571 0.427466 -0.716269
v -94.5131 -49.8473 1052.69
vn 0.398486 0.562816 -0.724187
v -94.7933 -49.9561 1052.41
vn 0.130896 0.698438 -0.703599
v -94.567 -49.0235 1053.31
vn -0.788561 0.607684 -0.0942927
v -96.9891 -50.2965 1056.17
vn -0.339653 0.782637 -0.521646
v -95.5941 -49.8827 1052.46
vn -0.597748 0.730121 -0.33109
v -95.8479 -49.8619 1052.82
vn 0.472816 0.833168 0.286838
v -39.0455 -27.976 1122.6
vn 0.510732 0.842731 0.170168
v -39.122 -27.7257 1121.81
vn 0.371211 0.855252 0.361589
v -39.8362 -27.6883 1122.92
vn 0.421423 0.86979 0.256648
v -40.059 -27.2834 1122.07
vn 0.355169 0.826307 0.437117
v -39.5825 -28.0715 1123.51
vn 0.133355 0.781468 0.609528
v -40.0165 -28.0641 1123.72
vn -0.0211646 0.69504 0.71866
v -40.3834 -28.2533 1123.96
vn -0.118624 0.638808 0.760166
v -40.9531 -28.292 1123.95
vn -0.0298574 0.713753 0.69976
v -40.7948 -27.971 1123.67
vn 0.232851 0.846314 0.479096
v -40.8677 -27.267 1122.81
vn -0.244699 0.535545 0.808278
v -41.673 -28.3949 1123.86
vn 0.456594 0.873637 0.168164
v -39.959 -27.166 1121.37
vn -0.184782 0.622329 0.760633
v -41.9365 -27.8046 1123.35
vn -0.625376 -0.145065 0.766721
v -43.1165 -29.9295 1123.45
vn -0.461871 0.237366 0.854595
v -42.5734 -29.0284 1123.75
vn -0.341596 0.462737 0.818038
v -42.4926 -28.2983 1123.5
vn -0.484978 0.264364 0.833611
v -42.9729 -28.5102 1123.36
vn 0.563553 0.824439 0.0520521
v -39.5246 -26.8938 1117.36
vn -0.568494 0.0903293 0.817713
v -43.4639 -29.1749 1123.21
vn 0.711484 0.670031 -0.211775
v -39.1395 -27.3412 1113.86
vn 0.618402 0.78228 -0.0749445
v -39.7572 -26.7513 1114.13
vn -0.656759 -0.210728 0.724059
v -44.9373 -29.0892 1121.97
vn 0.756494 0.538499 -0.371127
v -39.6898 -27.459 1112.09
vn 0.694659 0.681716 -0.229592
v -39.8861 -26.922 1112.67
vn 0.619794 0.771531 -0.14351
v -40.5004 -26.3245 1112.86
vn -0.571354 -0.793724 0.208706
v -45.811 -30.2171 1119.72
vn -0.642209 -0.645673 0.413127
v -45.9163 -29.8606 1120.28
vn 0.764034 0.30023 -0.571064
v -40.7416 -27.1625 1110.65
vn 0.759158 0.433916 -0.485176
v -40.7165 -26.9409 1110.84
vn 0.715334 0.627858 -0.306744
v -40.5442 -26.69 1111.53
vn 0.713852 0.580716 -0.391388
v -40.9177 -26.5906 1110.9
vn -0.495429 -0.858976 0.129271
v -45.8418 -30.5424 1117.95
vn 0.603698 -0.087225 -0.792427
v -41.7037 -27.9714 1109.55
vn 0.72916 0.154837 -0.666596
v -41.2233 -27.3362 1110.01
vn 0.672161 0.199365 -0.713059
v -41.6125 -27.0434 1109.69
vn 0.709842 0.409677 -0.572966
v -41.3186 -26.7195 1110.17
vn 0.659416 0.611974 -0.436644
v -41.3659 -26.4227 1110.4
vn -0.38387 -0.916227 -0.114765
v -45.8828 -30.5428 1114.81
vn -0.421452 -0.906143 0.0358304
v -46.3312 -30.4206 1116.18
vn 0.577142 0.0299291 -0.816095
v -43.0602 -27.1746 1108.51
vn -0.252203 -0.957428 -0.14045
v -47.0096 -30.0951 1114.08
vn 0.448871 -0.404727 -0.796687
v -43.4031 -28.2425 1108.66
vn -0.212922 -0.954367 -0.2094
v -45.6568 -29.6564 1110.52
vn -0.165796 -0.963207 -0.211526
v -46.4249 -29.7642 1111.91
vn 0.143688 -0.850551 -0.505882
v -45.5084 -28.8604 1108.31
vn -0.116004 -0.956374 -0.268128
v -46.7066 -28.9904 1108.65
vn 0.698901 -0.714052 0.0408249
v -84.9371 -44.119 1073.69
vn 0.754979 -0.649842 -0.0878215
v -85.0452 -44.1873 1071.03
vn 0.632604 -0.762173 0.137495
v -86.6585 -45.722 1073.46
vn 0.471573 -0.836894 0.277898
v -87.3259 -45.9614 1074.48
vn 0.289443 -0.845706 0.448335
v -89.2965 -46.7951 1074.69
vn 0.776203 -0.603185 -0.183511
v -85.2945 -43.8769 1068.43
vn -0.0305462 -0.766996 0.640924
v -90.7531 -46.9171 1074.98
vn 0.81731 -0.524622 -0.238277
v -86.903 -44.65 1064.46
vn -0.402985 -0.527274 0.748054
v -93.4978 -48.8737 1072.23
vn -0.807982 -0.0173966 0.58895
v -93.8194 -48.1282 1072.26
vn 0.841373 -0.397275 -0.366421
v -87.1501 -44.1932 1063.06
vn 0.841288 -0.178607 -0.510229
v -88.3797 -44.9575 1061.02
vn 0.780087 -0.0740976 -0.621268
v -88.5337 -44.5574 1060.73
vn 0.754985 0.0565021 -0.653303
v -89.656 -45.432 1059.51
vn 0.832938 -0.148778 -0.532992
v -89.0979 -45.9361 1060.33
vn -0.869603 0.437437 0.228998
v -95.8734 -49.0325 1067.55
vn -0.881254 0.306177 0.360065
v -95.946 -50.2032 1068.95
vn -0.838972 0.534291 0.103244
v -95.8363 -48.5061 1066.14
vn -0.828806 0.559334 0.0150109
v -96.0351 -48.5781 1063.12
vn -0.845862 0.529874 0.0612455
v -97.0082 -50.1483 1064.67
vn 0.521717 0.457626 -0.719993
v -92.6156 -46.7678 1056.14
vn 0.0901164 0.703497 -0.704961
v -93.0259 -46.3027 1056.37
vn -0.807255 0.589663 -0.0252275
v -95.7768 -48.2408 1060.68
vn -0.710714 0.672154 -0.207593
v -94.8069 -47.7581 1055.81
vn -0.520935 0.757362 -0.393738
v -94.1729 -47.1821 1055.76
vn -0.237956 0.778574 -0.580688
v -93.5201 -46.7248 1055.96
vn -0.762043 0.634599 -0.128745
v -95.1303 -47.7706 1057.22
vn -0.792007 0.606917 -0.0661629
v -95.6686 -48.247 1058.52
vn 0.292028 0.878826 0.377339
v -40.9766 -26.9729 1122.29
vn 0.386785 0.894153 0.225586
v -40.8891 -26.7158 1121.36
vn 0.149773 0.862427 0.483517
v -42.2045 -26.4021 1121.81
vn 0.293084 0.904686 0.309267
v -42.1318 -26.2406 1121.38
vn 0.355179 0.911066 0.209302
v -41.8576 -26.1801 1120.8
vn -0.0742416 0.71081 0.699455
v -41.7733 -27.271 1122.89
vn 0.0865813 0.804034 0.588246
v -41.4568 -27.0817 1122.68
vn -0.0184783 0.773791 0.633171
v -42.423 -26.5868 1122.09
vn 0.503695 0.858367 0.0974591
v -40.5467 -26.2678 1117.63
vn 0.142216 0.910373 0.388583
v -42.6969 -26.0529 1121.28
vn 0.266604 0.93068 0.250515
v -42.6056 -25.9316 1120.85
vn -0.597008 0.0242935 0.801868
v -44.7993 -28.3663 1122.15
vn 0.543914 0.83892 0.0192799
v -40.3609 -26.2863 1116.09
vn 0.448674 0.892136 0.0527613
v -41.4317 -25.7212 1116.86
vn 0.414847 0.899977 0.133953
v -41.9168 -25.5592 1117.66
vn 0.526487 0.848485 -0.0537065
v -41.3943 -25.6492 1113.27
vn 0.504547 0.86337 0.00500359
v -41.0679 -25.8245 1114.59
vn -0.645739 -0.48357 0.590916
v -46.6704 -28.8699 1120.35
vn -0.631852 -0.221377 0.742802
v -46.5451 -28.1775 1120.85
vn 0.654582 0.712745 -0.252028
v -41.0777 -26.2457 1111.28
vn 0.617638 0.724206 -0.306674
v -41.3797 -26.1308 1110.89
vn 0.569 0.80462 -0.169781
v -41.4803 -25.7952 1111.74
vn 0.456572 0.886181 -0.0788968
v -41.915 -25.3955 1112.67
vn -0.529032 -0.775912 0.343637
v -47.9866 -29.1119 1118.49
vn 0.636374 0.57483 -0.514391
v -42.2878 -26.0089 1109.67
vn 0.519499 0.828262 -0.210005
v -42.2794 -25.4534 1110.93
vn 0.57002 0.729939 -0.377183
v -42.6856 -25.5369 1109.88
vn -0.421113 -0.890308 0.173249
v -48.7976 -29.1652 1116.95
vn 0.620863 0.165494 -0.766251
v -42.699 -26.8062 1108.82
vn 0.654328 0.375227 -0.656551
v -42.3208 -26.4424 1109.28
vn 0.614094 0.346065 -0.709315
v -42.6689 -26.3578 1109
vn 0.56777 0.221461 -0.792838
v -43.2409 -26.5818 1108.47
vn 0.614216 0.541287 -0.574236
v -42.7328 -25.9547 1109.2
vn 0.560114 0.434494 -0.705328
v -42.9862 -26.0486 1108.9
vn 0.535863 0.651913 -0.536526
v -43.0846 -25.6647 1109.15
vn -0.33825 -0.939489 0.0542981
v -48.6606 -29.5724 1114.61
vn 0.567883 -0.0934775 -0.817784
v -44.502 -27.0949 1107.54
vn 0.606434 0.23706 -0.758973
v -44.3814 -26.3816 1107.74
vn 0.586217 0.435597 -0.683085
v -44.1305 -25.8505 1108.18
vn 0.422196 -0.612111 -0.668634
v -45.5258 -27.8679 1107.07
vn 0.596983 -0.277442 -0.752753
v -45.1329 -27.5827 1107.17
vn 0.673143 0.0558818 -0.737397
v -45.7657 -26.4775 1106.49
vn -0.102081 -0.971664 -0.213185
v -47.8207 -29.0026 1109.4
vn -0.113178 -0.980197 -0.162493
v -49.5532 -29.2194 1110.94
vn -0.245603 -0.969258 0.0147284
v -49.9874 -29.2228 1112.55
vn -0.0434003 -0.978611 -0.20109
v -49.0829 -28.5728 1107.88
vn 0.0238596 -0.960339 -0.277812
v -48.8341 -28.2843 1106.35
vn 0.235206 -0.864814 0.443592
v -84.4853 -42.5548 1080.15
vn 0.693874 -0.719024 -0.0392938
v -82.6029 -41.8086 1074.19
vn 0.638895 -0.764387 0.0867514
v -84.8136 -43.7421 1076.5
vn 0.741738 -0.643117 -0.190329
v -82.5674 -41.0821 1070.06
vn 0.722785 -0.682569 -0.108079
v -82.8045 -41.8138 1072.33
vn 0.752125 -0.588564 -0.29648
v -82.5147 -40.5743 1068.93
vn 0.780305 -0.568479 -0.260684
v -84.2819 -42.4739 1067.96
vn -0.79215 0.0613095 0.607239
v -91.3159 -45.4284 1075.56
vn -0.640435 -0.272985 0.71786
v -91.8907 -46.5313 1074.77
vn -0.860811 0.345349 0.373817
v -92.1875 -45.7159 1074.17
vn -0.837 0.13139 0.531194
v -92.4499 -46.517 1074.14
vn -0.864074 0.413673 0.286794
v -92.8743 -45.9253 1072.65
vn -0.834849 0.517401 0.187946
v -93.1499 -45.5209 1070.92
vn -0.877105 0.312333 0.364876
v -93.6842 -47.3833 1072.14
vn 0.77006 -0.0445885 -0.636411
v -88.1385 -43.7385 1061.21
vn -0.787299 0.61571 0.0325759
v -93.7546 -45.5363 1065.33
vn -0.805179 0.588788 0.07082
v -94.6896 -46.8705 1066.46
vn 0.601868 0.272657 -0.750608
v -90.3014 -44.3573 1059.15
vn 0.308467 0.540777 -0.782565
v -90.7444 -43.6666 1059.16
vn -0.699398 0.699472 -0.146907
v -92.5549 -44.3339 1059.58
vn -0.793261 0.60888 -0.00158974
v -94.4968 -46.4376 1063.16
vn -0.814169 0.579334 0.0387429
v -95.122 -47.3633 1065.3
vn -0.206694 0.769942 -0.60371
v -91.9466 -44.342 1058.4
vn -0.613078 0.736194 -0.286626
v -92.4953 -44.5081 1058.71
vn -0.725194 0.669824 -0.159466
v -92.9494 -44.878 1059
vn -0.760045 0.644372 -0.084359
v -93.395 -45.236 1059.86
vn -0.782834 0.620915 -0.0404352
v -93.813 -45.6383 1061.01
vn -0.0113518 0.82476 0.565368
v -43.0313 -26.151 1121.51
vn -0.180104 0.669708 0.720454
v -43.5882 -26.4284 1121.76
vn 0.335094 0.925735 0.175291
v -42.8201 -25.2723 1118.16
vn 0.273616 0.940855 0.199816
v -43.7626 -24.9531 1118.08
vn 0.0884283 0.917543 0.38768
v -44.8694 -25.2041 1119.85
vn -0.408273 0.454388 0.791735
v -45.4061 -26.6996 1121.23
vn -0.322487 0.565237 0.759282
v -44.9286 -26.3349 1121.22
vn -0.208769 0.714774 0.667468
v -45.1229 -25.643 1120.56
vn -0.575104 0.0507045 0.816507
v -46.3469 -27.6522 1121.04
vn -0.485611 0.338917 0.805802
v -46.2129 -27.139 1121.01
vn 0.407431 0.913173 0.0107124
v -42.3005 -25.1951 1113.56
vn 0.348802 0.931589 0.102369
v -43.366 -24.8533 1116.77
vn -0.556216 0.217099 0.802179
v -46.93 -27.2039 1120.56
vn -0.62466 -0.0946889 0.775135
v -48.2472 -27.5258 1119.62
vn 0.413714 0.901729 -0.125401
v -42.9039 -25.0632 1111.15
vn 0.474623 0.823567 -0.310598
v -43.5699 -25.0397 1109.75
vn 0.540795 0.662557 -0.518226
v -44.0858 -25.203 1108.78
vn 0.696953 0.267595 -0.665319
v -45.8226 -25.8395 1106.6
vn 0.648327 0.519379 -0.556702
v -46.4148 -25.1974 1106.35
vn -0.306581 -0.945619 0.108691
v -50.8308 -28.9265 1113.55
vn -0.381298 -0.892141 0.242272
v -52.1199 -28.278 1114.57
vn 0.387299 -0.697483 -0.602924
v -48.433 -27.2088 1104.37
vn 0.501576 -0.522254 -0.68969
v -48.3713 -27.0084 1104.24
vn 0.63328 -0.18626 -0.751175
v -48.3344 -26.3506 1103.95
vn 0.693258 0.0433187 -0.719387
v -48.2542 -25.8674 1103.99
vn -0.0201317 -0.986761 -0.160926
v -50.9673 -28.6871 1108.59
vn -0.115473 -0.992301 -0.0447708
v -52.366 -28.703 1109.38
vn -0.169608 -0.982387 0.0784143
v -53.2012 -28.5394 1110.73
vn 0.0556307 -0.977805 -0.201998
v -50.0938 -28.0239 1105.13
vn 0.242735 -0.853798 -0.460552
v -49.5706 -27.5 1104.13
vn 0.19115 -0.912006 -0.362914
v -50.0462 -27.8738 1104.68
vn 0.282902 -0.851911 -0.440698
v -51.3827 -27.4131 1102.93
vn 0.164972 -0.952617 -0.255549
v -52.1622 -27.7635 1103.23
vn 0.380657 -0.724469 -0.57467
v -51.6092 -26.9702 1102.1
vn 0.545304 -0.825336 0.146505
v -80.4243 -39.2358 1083.98
vn 0.242409 -0.885407 0.396601
v -81.4757 -39.5993 1084.62
vn 0.617176 -0.783938 0.0673458
v -80.1089 -39.2722 1081.98
vn 0.661558 -0.749286 -0.0302049
v -77.4868 -37.3315 1077.2
vn 0.688426 -0.719167 -0.0941743
v -79.6952 -39.1796 1074.77
vn 0.720567 -0.67393 -0.163099
v -79.5573 -38.8554 1073.63
vn 0.00667054 -0.805904 0.592008
v -85.7222 -42.5458 1080.52
vn 0.782869 -0.545783 -0.298727
v -79.8339 -38.3805 1071.36
vn -0.185146 -0.69874 0.691001
v -86.2678 -42.3598 1080.64
vn -0.634574 -0.249226 0.731575
v -87.3786 -42.1666 1080.19
vn -0.790318 0.0947123 0.605332
v -87.5645 -42.0154 1080.02
vn 0.766064 -0.54373 -0.342788
v -80.8964 -38.9094 1069.66
vn 0.810138 -0.369702 -0.45497
v -80.7774 -38.4912 1069.38
vn 0.741692 -0.621405 -0.252486
v -81.0397 -39.5705 1070.64
vn 0.780563 -0.488428 -0.390077
v -82.7871 -40.0629 1067.53
vn -0.843464 0.308519 0.439755
v -91.416 -44.9984 1075.2
vn -0.796651 0.591993 0.12203
v -91.0536 -42.825 1071.97
vn -0.846157 0.451829 0.282613
v -92.0308 -44.735 1073.35
vn -0.848871 0.399204 0.346489
v -91.6614 -44.8332 1074.5
vn -0.784396 0.61618 0.0710299
v -92.4073 -44.1509 1069.08
vn -0.814133 0.568514 0.118234
v -93.1194 -45.2835 1070.21
vn 0.601981 0.217001 -0.768459
v -87.6311 -41.9799 1061.82
vn 0.491039 0.384233 -0.781822
v -87.9425 -41.6674 1061.71
vn 0.325288 0.547821 -0.770766
v -88.4719 -41.4526 1061.56
vn 0.395515 0.46535 -0.791844
v -87.4909 -40.8406 1062.43
vn -0.770315 0.636533 0.03794
v -92.3403 -43.915 1067.28
vn 0.444163 0.402806 -0.800292
v -89.0685 -42.3365 1060.71
vn 0.189335 0.623564 -0.758498
v -89.6749 -42.372 1060.43
vn -0.0701372 0.75931 -0.646938
v -89.921 -42.2675 1060.51
vn -0.661253 0.736236 -0.143879
v -91.3975 -43.0245 1060.6
vn -0.290406 0.811746 -0.506688
v -90.4446 -42.3504 1060.59
vn -0.721574 0.690953 -0.043753
v -91.4882 -42.9183 1062.42
vn -0.759027 0.651058 0.000834139
v -92.6764 -44.1929 1063.77
vn -0.555725 0.777236 -0.295084
v -91.5732 -43.4203 1059.71
vn -0.75875 0.650649 -0.0308736
v -92.9007 -44.4976 1061.75
vn -0.728307 0.681299 -0.0734945
v -92.3761 -43.9765 1060.74
vn 0.174937 0.944044 0.279603
v -45.0916 -24.7858 1118.73
vn -0.03869 0.86119 0.506808
v -45.3112 -25.2674 1120.01
vn 0.248555 0.950486 0.186537
v -44.6238 -24.5411 1117.27
vn 0.17819 0.959234 0.21936
v -45.8493 -24.259 1117.21
vn 0.052111 0.918692 0.391523
v -45.8418 -24.8509 1119.2
vn 0.103249 0.945815 0.307855
v -46.1501 -24.5654 1118.51
vn 0.274529 0.956937 0.0943651
v -45.971 -23.7845 1114.8
vn -0.543105 0.224714 0.809037
v -49.064 -26.2683 1118.77
vn 0.362908 0.931625 -0.0193095
v -45.6687 -23.8454 1113.05
vn 0.356076 0.924506 -0.136013
v -45.8192 -24.0366 1109.74
vn 0.358513 0.931056 -0.0678509
v -45.8707 -23.8345 1111.48
vn 0.438429 0.860492 -0.259486
v -45.8647 -24.226 1108.68
vn 0.538929 0.730852 -0.41882
v -46.3424 -24.558 1107.21
vn -0.488822 -0.724644 0.48574
v -53.2526 -27.6608 1114.57
vn -0.263718 -0.952739 0.150803
v -53.3154 -28.3847 1111.96
vn -0.346051 -0.858758 0.377867
v -54.0863 -27.7521 1113.65
vn 0.681147 0.18575 -0.708191
v -48.3651 -25.4669 1103.94
vn 0.671188 0.488912 -0.557201
v -48.0948 -24.7174 1104.57
vn 0.654224 0.403502 -0.639669
v -48.3328 -24.8027 1104.25
vn 0.57498 0.674135 -0.463617
v -48.3248 -24.3832 1104.67
vn -0.194236 -0.952826 0.233226
v -54.6211 -28.1609 1111.68
vn -0.0821796 -0.989004 0.122949
v -56.0378 -28.2747 1109.88
vn 0.486079 -0.573518 -0.659397
v -51.2886 -26.6457 1101.96
vn 0.0821274 -0.991233 -0.103502
v -54.7779 -28.4599 1106.06
vn -0.0102713 -0.999666 -0.0237279
v -55.0406 -28.5303 1106.93
vn 0.130586 -0.986712 -0.0966817
v -55.6218 -28.4142 1104.81
vn 0.0508184 -0.998706 -0.00218771
v -56.7075 -28.582 1105.79
vn 0.469608 -0.615254 -0.63319
v -52.9565 -26.5364 1100.6
vn 0.543308 -0.434462 -0.718372
v -52.7578 -26.1083 1100.41
vn 0.581694 -0.317759 -0.748773
v -52.6606 -25.8252 1100.34
vn 0.366674 -0.800458 -0.474149
v -54.2148 -27.2341 1100.63
vn 0.210685 -0.953302 -0.216398
v -54.95 -27.8962 1101.67
vn 0.272244 -0.899077 -0.342846
v -55.2333 -27.7516 1100.94
vn 0.120289 -0.992547 -0.0195384
v -58.8406 -28.7355 1103.08
vn 0.307393 -0.901738 -0.303939
v -56.7843 -27.8788 1099.86
vn 0.412697 -0.814063 -0.408635
v -56.9932 -27.4892 1098.74
vn 0.243345 -0.962365 -0.120983
v -59.4892 -28.5501 1099.53
vn 0.374995 -0.896467 -0.236063
v -59.1804 -28.2609 1098.23
vn 0.531911 -0.835315 -0.138994
v -69.353 -32.1749 1087.01
vn 0.485993 -0.872864 0.0438192
v -73.6272 -34.4952 1088.25
vn 0.482808 -0.869271 0.106132
v -76.2131 -35.9836 1090.17
vn 0.260974 -0.912851 0.314
v -76.5289 -35.9391 1091.05
vn 0.56417 -0.825453 -0.0184565
v -73.7223 -34.5938 1082.49
vn 0.546277 -0.837277 0.0234116
v -76.3807 -36.1986 1085.7
vn 0.617156 -0.779255 -0.109
v -73.923 -34.5858 1080.92
vn 0.58227 -0.811149 0.0547628
v -77.1961 -36.8329 1083.88
vn 0.556921 -0.828347 0.0606692
v -78.2885 -37.512 1086.3
vn -0.105365 -0.821997 0.559659
v -80.1014 -37.984 1087.37
vn 0.450287 -0.875716 0.174251
v -79.7601 -38.4473 1086.04
vn 0.275796 -0.903233 0.328798
v -80.4084 -38.7625 1085.91
vn 0.0270131 -0.857064 0.514501
v -80.6302 -38.6025 1086.36
vn 0.768957 -0.556237 -0.315129
v -74.7135 -34.4127 1077.8
vn 0.65109 -0.754447 -0.0830174
v -75.6 -35.821 1079.49
vn 0.695516 -0.703068 -0.148163
v -75.4425 -35.5239 1078.64
vn 0.605633 -0.795721 0.0060466
v -76.5016 -36.5751 1080.07
vn -0.292585 -0.679 0.673315
v -81.5617 -38.7881 1085.87
vn -0.463941 -0.551035 0.693627
v -81.6716 -38.203 1086.35
vn -0.517021 -0.432363 0.738751
v -83.5729 -39.162 1084.45
vn -0.147395 -0.757202 0.636333
v -83.2312 -40.0803 1083.87
vn 0.82061 -0.389438 -0.418255
v -77.4048 -35.9927 1073.67
vn 0.819598 -0.300256 -0.487961
v -77.5706 -35.7255 1073.15
vn -0.357783 -0.576129 0.734892
v -84.757 -40.486 1082.87
vn 0.803754 -0.14412 -0.577242
v -78.1485 -35.496 1072.15
vn -0.830324 0.293632 0.473647
v -86.729 -40.3289 1080.62
vn 0.806424 -0.0980329 -0.583156
v -79.5294 -35.9762 1070.45
vn 0.828034 -0.187006 -0.528573
v -79.7956 -37.2091 1070.29
vn 0.822638 -0.254911 -0.508219
v -79.1343 -36.7514 1071.24
vn 0.776537 -0.0463459 -0.628365
v -80.4633 -36.5384 1069.22
vn 0.795112 -0.226488 -0.562584
v -80.9847 -37.8661 1068.76
vn -0.798799 0.579543 0.161398
v -89.2437 -41.1029 1075.14
vn -0.83812 0.419203 0.349032
v -89.5868 -42.3337 1076.53
vn -0.821666 0.5153 0.243579
v -89.3346 -41.5435 1075.98
vn 0.693502 0.0720748 -0.71684
v -83.521 -38.8296 1066.02
vn -0.7716 0.631054 0.0800253
v -88.995 -40.3811 1073.15
vn 0.654792 0.142538 -0.742247
v -84.9106 -39.3671 1064.64
vn 0.48419 0.359817 -0.797553
v -84.6295 -38.3805 1065.17
vn 0.146564 0.641771 -0.752761
v -85.5622 -38.5505 1064.68
vn 0.262074 0.544868 -0.796515
v -84.7825 -37.7958 1065.39
vn 0.232253 0.589611 -0.773575
v -86.4274 -39.3291 1063.76
vn 0.0077438 0.74492 -0.667109
v -86.5805 -38.9756 1064.07
vn -0.742493 0.669852 0.00171309
v -89.3962 -40.5324 1066.83
vn -0.75835 0.65083 0.0364058
v -90.0657 -41.3473 1069.26
vn 0.0873426 0.69104 -0.71752
v -88.0662 -40.4438 1062.55
vn 0.101437 0.961512 0.255352
v -47.8152 -23.81 1116.62
vn -0.0231355 0.913105 0.407067
v -48.3717 -24.05 1117.45
vn -0.201478 0.784809 0.586073
v -48.5227 -24.2703 1117.78
vn -0.381375 0.569235 0.728372
v -49.0404 -24.5184 1117.79
vn 0.162969 0.969349 0.183856
v -47.1412 -23.6264 1115.3
vn 0.100572 0.975072 0.197787
v -48.6679 -23.4118 1115.24
vn -0.472861 0.410452 0.7797
v -49.6785 -25.3708 1117.98
vn -0.286759 0.739889 0.60855
v -50.3463 -23.8252 1116.46
vn 0.319488 0.947518 -0.0116983
v -47.022 -23.3681 1112.14
vn 0.317802 0.945849 -0.066125
v -47.5669 -23.2133 1111.47
vn 0.156256 0.976882 0.145899
v -48.0121 -23.2039 1113.64
vn 0.239685 0.969801 0.0451448
v -48.3139 -22.9778 1112.08
vn -0.511764 0.375884 0.772534
v -51.8028 -25.3587 1116.7
vn -0.448503 0.502647 0.739047
v -50.7717 -24.5906 1116.87
vn -0.618029 -0.0556542 0.784183
v -51.7252 -26.2399 1116.95
vn -0.573015 0.152643 0.805204
v -51.604 -25.965 1117.02
vn 0.261586 0.964534 -0.0353207
v -48.7004 -22.8874 1110.95
vn 0.287339 0.95227 -0.103041
v -48.8715 -22.8975 1110.24
vn -0.481732 0.375908 0.791598
v -52.6586 -25.0093 1115.93
vn -0.555567 -0.247014 0.793933
v -52.9934 -26.2948 1115.86
vn -0.551129 0.117443 0.826114
v -52.8305 -25.558 1116.01
vn 0.368662 0.90759 -0.200918
v -47.8835 -23.7033 1107.22
vn 0.323429 0.934511 -0.148606
v -48.9486 -23.2016 1107.78
vn -0.55412 -0.483506 0.677623
v -53.3643 -26.8691 1115.26
vn -0.502899 -0.432508 0.748351
v -54.632 -26.3011 1114.82
vn -0.51769 -0.155324 0.841351
v -54.6983 -25.8918 1114.93
vn 0.432639 0.852401 -0.29366
v -48.6075 -23.8942 1105.35
vn -0.452701 -0.663013 0.596218
v -56.2309 -27.1154 1112.87
vn -0.29302 -0.869413 0.397818
v -56.6877 -27.6762 1111.58
vn 0.460234 0.788869 -0.407271
v -51.8522 -23.5634 1101.93
vn -0.204749 -0.875501 0.437694
v -59.0958 -27.5684 1110.25
vn 0.623493 0.290244 -0.725958
v -52.7787 -24.5366 1100.27
vn 0.563444 0.569707 -0.598302
v -52.168 -23.876 1101.18
vn -0.0818231 -0.982015 0.170152
v -58.1101 -28.3133 1108.4
vn -0.127447 -0.958611 0.254602
v -58.6786 -28.0836 1109.15
vn 0.627961 0.0424051 -0.777088
v -53.0853 -25.0987 1099.89
vn 0.58896 0.03625 -0.807349
v -53.9553 -25.0027 1099.24
vn 0.554384 0.472351 -0.685232
v -53.1812 -24.0436 1100.18
vn 0.549935 0.369015 -0.749266
v -53.7359 -24.258 1099.63
vn 0.584179 -0.191008 -0.788829
v -53.6835 -25.5683 1099.48
vn 0.013466 -0.986447 0.163526
v -60.2288 -28.3312 1107.53
vn -0.0238454 -0.953444 0.300625
v -60.4329 -28.091 1108.52
vn 0.513456 -0.648884 -0.561527
v -56.651 -26.5749 1097.76
vn 0.574409 -0.34673 -0.741507
v -55.4011 -25.826 1098.32
vn 0.00516792 -0.99584 0.090974
v -60.3841 -28.803 1103.44
vn 0.167041 -0.979438 0.113134
v -62.8265 -28.9334 1104.71
vn 0.61956 -0.194953 -0.760355
v -57.7239 -26.0952 1096.57
vn 0.644811 -0.525367 -0.555164
v -59.2403 -27.2376 1095.84
vn 0.538475 -0.755376 -0.373433
v -59.4272 -27.82 1096.54
vn 0.187651 -0.981748 0.0309334
v -62.1698 -29.228 1100.05
vn 0.696019 -0.160142 -0.699937
v -59.2717 -26.4895 1095.3
vn 0.375087 -0.917327 -0.133497
v -60.8413 -28.7313 1097.46
vn 0.288567 -0.956461 -0.0437227
v -61.5047 -29.0403 1098.45
vn 0.254879 -0.960463 0.112013
v -65.619 -29.8858 1101.92
vn 0.771135 -0.384114 -0.507747
v -60.3592 -27.3682 1094.34
vn 0.473817 -0.876876 -0.081148
v -61.7226 -28.7527 1095.02
vn 0.537731 -0.819299 -0.198987
v -61.0136 -28.2502 1094.72
vn 0.661194 -0.677472 -0.322264
v -60.5518 -27.8816 1094.72
vn 0.70967 -0.61634 -0.341311
v -61.906 -28.4787 1092.74
vn 0.745938 -0.490338 -0.450716
v -62.3236 -28.5523 1092.07
vn 0.808528 -0.150562 -0.56887
v -62.0397 -27.9734 1092.09
vn 0.35799 -0.933724 -0.0014603
v -63.8652 -29.7054 1094.83
vn 0.290958 -0.955736 0.0437309
v -65.0137 -30.1455 1095.83
vn 0.305327 -0.944317 0.122639
v -67.2424 -30.6 1099.66
vn 0.61758 -0.758509 -0.20799
v -62.7382 -29.0947 1092.32
vn 0.531866 -0.837738 -0.123752
v -63.0828 -29.3675 1092.46
vn 0.59972 -0.759309 -0.252559
v -63.1366 -29.2817 1091.9
vn 0.344141 -0.930222 0.127493
v -69.1028 -31.4551 1097.98
vn 0.78082 -0.290932 -0.552882
v -63.8892 -28.4628 1089.67
vn 0.450884 -0.892107 -0.0291361
v -64.6116 -30.1793 1092.21
vn 0.491327 -0.86662 -0.0869886
v -64.3799 -30.027 1091.63
vn 0.357617 -0.931307 0.0691141
v -66.3796 -30.7328 1093.56
vn 0.252762 -0.935647 0.246324
v -70.7544 -31.9869 1098.03
vn 0.402656 -0.915084 0.0221271
v -66.0762 -30.8416 1090.95
vn 0.371299 -0.915009 0.157787
v -71.0405 -32.4921 1096.14
vn 0.400936 -0.91175 0.0892324
v -69.5496 -32.1446 1092.49
vn 0.664581 -0.675306 -0.319834
v -67.2352 -30.6618 1087.01
vn 0.45818 -0.888539 0.0238742
v -70.1484 -32.6881 1090.04
vn 0.284894 -0.920389 0.267806
v -73.7321 -33.95 1094.33
vn 0.136168 -0.911911 0.387139
v -74.0782 -33.8555 1094.93
vn -0.259825 -0.779193 0.570393
v -74.7837 -33.681 1095.26
vn 0.80667 -0.261227 -0.530136
v -67.8592 -29.8963 1084.98
vn 0.756709 -0.45433 -0.47008
v -67.9098 -30.2692 1085.17
vn 0.440509 -0.893866 0.0834014
v -71.8571 -33.3998 1090.81
vn 0.408662 -0.897962 0.163275
v -74.4119 -34.6218 1092.6
vn 0.766269 -0.475244 -0.432407
v -69.0575 -30.6144 1083.48
vn 0.802213 -0.25452 -0.540068
v -68.8798 -30.021 1083.38
vn 0.69628 -0.661762 -0.277965
v -71.2536 -32.4433 1081.91
vn -0.303149 -0.729336 0.613327
v -78.1291 -36.406 1090.14
vn -0.498622 -0.559375 0.662175
v -78.2562 -35.8306 1090.64
vn 0.768879 -0.363649 -0.525913
v -71.6832 -31.9416 1080.37
vn 0.766685 -0.155947 -0.622796
v -72.0198 -31.4101 1079.62
vn -0.716892 -0.255208 0.648795
v -79.1109 -35.726 1089.97
vn 0.764688 -0.466411 -0.444649
v -72.826 -32.9341 1079.51
vn 0.781612 -0.242153 -0.574843
v -72.8252 -31.9504 1078.85
vn -0.67038 -0.24808 0.699319
v -80.8138 -37.0134 1087.71
vn -0.778469 -0.0262855 0.627133
v -80.7951 -36.5643 1087.81
vn 0.805867 -0.388271 -0.447016
v -74.4813 -33.5794 1077.26
vn 0.819937 -0.248411 -0.515748
v -74.4138 -32.9876 1076.97
vn 0.771121 0.0481391 -0.634866
v -75.4131 -32.8929 1075.56
vn -0.822903 0.324483 0.466414
v -83.5911 -37.1168 1084
vn -0.730503 -0.0666647 0.679647
v -83.2354 -38.3752 1085
vn -0.807681 0.18275 0.560584
v -83.3085 -37.7226 1084.83
vn -0.813797 0.456793 0.359269
v -84.5085 -37.2897 1082.31
vn 0.690046 0.237302 -0.683757
v -78.8865 -33.9582 1071.42
vn 0.778553 0.0112272 -0.627478
v -78.0723 -34.986 1072.18
vn -0.826056 0.449746 0.339647
v -86.3089 -38.9869 1080.29
vn 0.744175 0.0512328 -0.666017
v -80.3273 -35.8165 1069.41
vn 0.573935 0.340683 -0.74467
v -81.1305 -35.2448 1068.8
vn 0.386094 0.563303 -0.730494
v -81.3779 -35.1278 1068.7
vn 0.483378 0.506188 -0.714227
v -80.5102 -34.5788 1069.71
vn 0.396203 0.6064 -0.689421
v -81.0436 -34.5738 1069.35
vn -0.747814 0.6568 0.0968965
v -86.6072 -37.9043 1075.47
vn -0.799954 0.560308 0.214777
v -87.4198 -39.4415 1077.73
vn 0.200457 0.680533 -0.704763
v -82.1255 -35.0082 1068.48
vn -0.725181 0.686048 0.0587307
v -86.3753 -37.4646 1073.9
vn -0.773323 0.619671 0.134088
v -87.9252 -39.4891 1075.59
vn -0.752973 0.654127 0.0717638
v -87.7538 -38.9492 1073.45
vn 0.342623 0.522121 -0.781025
v -83.7321 -36.9377 1066.4
vn 0.18053 0.646933 -0.740869
v -84.0275 -36.8474 1066.36
vn -0.591403 0.786835 -0.176443
v -85.3822 -36.5141 1067.85
vn -0.70107 0.71193 -0.0406953
v -86.2006 -37.0686 1069.16
vn -0.741989 0.669819 0.0281868
v -87.3295 -38.303 1070.73
vn -0.0102323 0.711579 -0.702531
v -85.095 -37.5075 1065.59
vn -0.185679 0.799083 -0.571831
v -85.3732 -37.4242 1065.75
vn -0.346637 0.828879 -0.439093
v -85.6834 -37.3202 1066.1
vn -0.659963 0.742989 -0.111423
v -86.7212 -37.7655 1066.99
vn -0.540237 0.801277 -0.257097
v -86.3347 -37.6137 1066.26
vn -0.148286 0.779808 -0.608203
v -86.4044 -38.2063 1065.08
vn 0.0293672 0.96324 0.267031
v -49.7642 -23.44 1115.72
vn -0.108997 0.900207 0.421602
v -50.139 -23.6052 1116.17
vn 0.0669247 0.980785 0.183252
v -49.9992 -23.0124 1113.75
vn -0.421524 0.550122 0.720891
v -51.0161 -24.0675 1116.32
vn 0.212098 0.976841 -0.0282178
v -49.4201 -22.7151 1110.71
vn 0.12506 0.983896 0.127709
v -49.1662 -22.8379 1112.28
vn 0.186804 0.981263 0.0472057
v -49.0549 -22.8087 1111.82
vn 0.116985 0.991426 0.0582075
v -50.0966 -22.6057 1111.04
vn 0.0443008 0.989014 0.141027
v -50.678 -22.6709 1111.93
vn -0.0236008 0.96015 0.278485
v -51.3567 -23.1173 1114.53
vn -0.195603 0.864886 0.46229
v -52.2095 -23.3098 1114.85
vn 0.00469123 0.980546 0.196231
v -51.958 -22.8972 1113.56
vn -0.0840811 0.95039 0.29948
v -52.5017 -23.0588 1114.16
vn -0.346653 0.693727 0.631327
v -52.9217 -23.4873 1114.73
vn 0.0253548 0.994359 0.102992
v -51.7825 -22.427 1110.27
vn -0.429178 0.572153 0.69889
v -54.2609 -23.8441 1114.28
vn -0.508147 0.0704846 0.858381
v -54.5306 -25.5984 1115.04
vn -0.489228 0.274258 0.827912
v -54.7556 -25.2379 1114.83
vn -0.455304 0.441413 0.773209
v -54.6694 -24.735 1114.65
vn 0.176387 0.982318 -0.0627596
v -51.3483 -22.4236 1108.67
vn 0.0862428 0.996086 0.0193555
v -51.6757 -22.3693 1109.26
vn -0.543847 -0.317949 0.77662
v -56.0372 -25.9935 1114.02
vn -0.53876 0.0502385 0.84096
v -56.0185 -25.5444 1114.13
vn -0.592464 -0.0682435 0.802701
v -56.3352 -25.6735 1113.9
vn -0.55847 0.163397 0.813273
v -56.2159 -25.3996 1113.97
vn -0.494936 0.372444 0.785063
v -55.6743 -24.9379 1114.15
vn 0.342845 0.918996 -0.194689
v -50.6695 -23.0384 1105.29
vn 0.241778 0.961742 -0.128823
v -51.7555 -22.6654 1105.39
vn 0.176846 0.980446 -0.0863194
v -52.1164 -22.4928 1106.79
vn -0.501795 -0.534433 0.680134
v -56.3406 -26.3227 1113.56
vn -0.561273 -0.320383 0.763103
v -57.0636 -25.9609 1113.25
vn -0.575066 -0.047262 0.816741
v -57.0507 -25.5151 1113.36
vn -0.550073 0.243196 0.798921
v -57.16 -25.1069 1113.23
vn 0.336074 0.908288 -0.249135
v -51.5538 -23.1 1103.53
vn 0.193296 0.966677 -0.167845
v -52.4606 -22.6331 1104.54
vn -0.358776 -0.730461 0.581125
v -58.3338 -27.0782 1111.38
vn -0.459929 -0.512129 0.725389
v -58.1652 -26.1777 1112.35
vn -0.513783 -0.228879 0.826826
v -58.2118 -25.765 1112.53
vn -0.410304 -0.387339 0.825602
v -58.8375 -26.0189 1112.06
vn 0.241342 0.937486 -0.250749
v -52.982 -22.9946 1102.24
vn -0.223313 -0.780587 0.583793
v -59.3566 -27.228 1110.67
vn -0.306615 -0.630568 0.713002
v -59.1909 -26.3759 1111.66
vn 0.431552 0.765982 -0.476481
v -52.4945 -23.5836 1101.25
vn 0.337533 0.87739 -0.340966
v -53.061 -23.1942 1101.52
vn 0.307163 0.868233 -0.389643
v -53.7869 -23.2486 1100.77
vn -0.0846304 -0.875769 0.475254
v -60.7553 -27.6838 1109.57
vn -0.174081 -0.764768 0.620344
v -61.2037 -27.3969 1109.9
vn 0.45973 0.66706 -0.586241
v -53.9349 -23.699 1099.91
vn 0.44541 0.618656 -0.647206
v -54.1959 -23.7971 1099.61
vn 0.329668 0.817497 -0.472249
v -54.3655 -23.4527 1099.94
vn -0.134064 -0.814832 0.563981
v -62.3026 -27.8434 1109.08
vn -0.272259 -0.696014 0.664409
v -62.7736 -27.6196 1109.17
vn 0.346472 0.733994 -0.584132
v -54.8779 -23.6436 1099.34
vn 0.233667 0.871265 -0.431622
v -55.389 -23.2346 1099.68
vn -0.00724689 -0.929841 0.36789
v -62.2665 -28.2456 1108.32
vn -0.0597781 -0.936044 0.346768
v -63.1475 -28.4229 1107.78
vn -0.155526 -0.841031 0.51815
v -62.89 -28.0759 1108.57
vn -0.195493 -0.856244 0.478152
v -63.3055 -28.2364 1108.15
vn -0.214302 -0.877913 0.428187
v -63.5608 -28.3313 1107.85
vn -0.320089 -0.729045 0.60501
v -63.3438 -28.0501 1108.42
vn -0.375948 -0.745506 0.550349
v -63.6105 -28.1514 1108.13
vn 0.562684 0.214625 -0.798325
v -56.2998 -24.8452 1097.65
vn 0.485024 0.411983 -0.771376
v -56.6247 -24.5402 1097.56
vn 0.442188 0.541948 -0.714676
v -56.1457 -24.1368 1098.12
vn 0.272664 0.784465 -0.557018
v -56.4408 -23.6312 1098.51
vn 0.0558691 -0.972832 0.224668
v -62.901 -28.6665 1106.74
vn -0.112395 -0.92651 0.359091
v -64.0246 -28.6238 1106.94
vn -0.284662 -0.770292 0.57063
v -64.5989 -28.5128 1106.88
vn -0.0463351 -0.928567 0.368262
v -65.1539 -28.9782 1105.83
vn 0.592624 0.305179 -0.745427
v -58.4598 -25.2784 1096.1
vn 0.118356 -0.96653 0.227622
v -65.8694 -29.5885 1103.82
vn -0.161442 -0.851003 0.499731
v -66.3542 -28.9991 1105.54
vn -0.299613 -0.732671 0.611086
v -66.962 -28.8545 1105.5
vn 0.696376 0.301328 -0.651354
v -60.5963 -25.4438 1094.14
vn 0.0321155 -0.940034 0.339564
v -67.5148 -29.8153 1103.46
vn 0.765521 0.00753296 -0.643366
v -60.5228 -26.7425 1093.97
vn -0.140649 -0.871697 0.469428
v -68.5451 -29.841 1103.3
vn 0.772486 0.119985 -0.623594
v -61.8702 -26.5632 1092.28
vn 0.720199 0.269293 -0.63937
v -61.8559 -25.678 1092.52
vn -0.310141 -0.753855 0.579236
v -70.6072 -30.6349 1101.2
vn 0.713818 0.331405 -0.616956
v -63.6196 -26.3294 1090.37
vn 0.782183 0.11703 -0.611959
v -63.1735 -27.2603 1090.58
vn 0.175527 -0.951056 0.254327
v -69.3558 -31.152 1099.88
vn 0.0614862 -0.929245 0.364312
v -70.0286 -31.0352 1100.49
vn -0.108891 -0.873278 0.474899
v -71.2112 -31.2682 1099.97
vn 0.798943 -0.0994853 -0.593121
v -64.146 -28.0515 1089.18
vn 0.800008 0.0606806 -0.596912
v -64.2088 -27.6242 1089.08
vn 0.760209 0.218648 -0.611781
v -64.1978 -27.1795 1089.2
vn -0.338303 -0.726157 0.598538
v -72.2388 -31.4674 1099.29
vn 0.780789 -0.19109 -0.594856
v -64.8964 -28.3276 1088.26
vn 0.765014 0.0560027 -0.641573
v -64.5725 -27.7559 1088.61
vn 0.70889 0.240732 -0.662965
v -65.3721 -27.3897 1087.78
vn 0.661657 0.418301 -0.622281
v -64.9043 -26.785 1088.56
vn 0.0178184 -0.899923 0.435684
v -72.6253 -32.4185 1097.67
vn -0.468205 -0.605826 0.643241
v -74.262 -32.6859 1096.73
vn -0.665547 -0.363144 0.652054
v -74.7674 -32.4266 1096.54
vn -0.50967 -0.591757 0.624548
v -75.0671 -32.9613 1095.85
vn 0.800856 -0.0319678 -0.598003
v -67.7566 -29.1695 1084.9
vn 0.757091 0.18904 -0.625361
v -67.8373 -28.3136 1084.95
vn -0.596664 -0.492793 0.633361
v -75.6956 -33.1932 1095.08
vn -0.780589 -0.16341 0.603306
v -75.8603 -32.8226 1095.11
vn 0.821497 -0.111928 -0.559119
v -68.6463 -29.7071 1083.62
vn 0.76857 -0.00096988 -0.639764
v -69.0376 -29.623 1083.09
vn 0.790439 0.101906 -0.604005
v -68.6225 -29.0242 1083.63
vn 0.696823 0.248839 -0.672694
v -69.1182 -28.7671 1083.14
vn 0.726074 0.303995 -0.616768
v -68.6948 -28.3947 1083.76
vn -0.816187 -0.0869885 0.571202
v -76.9572 -33.4284 1093.47
vn -0.829842 0.0183256 0.557698
v -79.1857 -34.8668 1090.01
vn -0.841195 0.192263 0.505396
v -80.0618 -34.9465 1088.54
vn 0.735374 0.0784203 -0.673108
v -72.9423 -31.0309 1078.62
vn 0.654891 0.290061 -0.697841
v -74.0798 -30.1936 1077.65
vn 0.583616 0.366624 -0.724554
v -75.7633 -31.055 1075.8
vn -0.74888 0.642748 0.161412
v -82.5435 -34.3867 1081.93
vn -0.769628 0.600812 0.216097
v -82.9826 -35.1599 1082.66
vn 0.667057 0.277314 -0.69147
v -76.5083 -32.644 1074.48
vn -0.737167 0.666968 0.108346
v -82.9554 -34.5901 1080.65
vn -0.794686 0.552897 0.250557
v -84.2484 -36.5168 1081.76
vn -0.766219 0.618812 0.173149
v -83.2959 -35.1749 1081.5
vn 0.404109 0.640388 -0.653146
v -78.8602 -32.4436 1072.29
vn -0.763882 0.627997 0.148678
v -83.8041 -35.5041 1080.35
vn 0.601013 0.407283 -0.68768
v -79.0574 -33.1524 1071.57
vn 0.329621 0.634877 -0.698771
v -79.2951 -32.8224 1071.68
vn 0.126798 0.779421 -0.613534
v -79.3044 -32.4125 1072.13
vn -0.102619 0.853069 -0.511608
v -79.908 -32.3997 1072.12
vn -0.781719 0.596003 0.183562
v -85.1555 -37.0747 1079.89
vn 0.221956 0.716323 -0.661527
v -80.8982 -33.8938 1070.12
vn -0.03104 0.827621 -0.560429
v -80.8115 -33.241 1070.97
vn -0.680546 0.732425 0.0202925
v -82.8449 -33.8591 1073.2
vn 0.146799 0.756546 -0.63725
v -82.1136 -34.7966 1068.71
vn 0.0138207 0.762119 -0.647289
v -82.4582 -34.9357 1068.51
vn -0.250286 0.836948 -0.486698
v -83.269 -35.2492 1068.25
vn -0.132365 0.848431 -0.512489
v -82.5425 -34.7389 1068.82
vn -0.314221 0.867402 -0.385847
v -82.8802 -34.6776 1069.12
vn -0.664337 0.746357 -0.0400947
v -84.5471 -35.4493 1070.46
vn -0.520178 0.825628 -0.218526
v -84.0453 -35.2278 1069.3
vn -0.586728 0.798985 -0.131808
v -83.8527 -34.9152 1070.17
vn -0.701009 0.712731 0.0245306
v -84.7489 -35.6357 1071.61
vn -0.437304 0.838243 -0.32575
v -84.0656 -35.5783 1068.27
vn -0.64664 0.757131 -0.0927832
v -84.9835 -35.9335 1069.31
vn -0.708879 0.705307 0.00577576
v -85.6354 -36.4984 1070.75
vn -0.037784 0.981552 0.187426
v -52.9601 -22.8133 1113.04
vn -0.336896 0.747505 0.572484
v -54.3217 -23.258 1113.66
vn -0.194037 0.90415 0.380608
v -54.6339 -22.9639 1112.97
vn 0.118465 0.99185 -0.0469068
v -53.2062 -22.2682 1106.9
vn -0.0998695 0.968573 0.2278
v -56.2503 -22.6471 1111.2
vn -0.453438 0.56126 0.692373
v -57.096 -23.8251 1112.47
vn -0.429246 0.608872 0.6671
v -57.8518 -23.5147 1111.7
vn -0.49009 0.480309 0.727403
v -57.7518 -24.4265 1112.49
vn 0.15218 0.98383 -0.094444
v -53.1941 -22.3551 1105.74
vn 0.0201397 0.998775 0.0451966
v -54.6399 -22.1935 1107.98
vn -0.445809 -0.138478 0.884352
v -59.0118 -25.6536 1112.1
vn -0.492035 0.139975 0.859249
v -58.7015 -25.2971 1112.25
vn -0.494075 0.410319 0.766504
v -58.5195 -24.7572 1112.16
vn 0.103884 0.986532 -0.126346
v -54.6731 -22.2889 1104.81
vn 0.0661304 0.996625 -0.0486326
v -54.9868 -22.1709 1105.73
vn -0.426718 -0.123688 0.895887
v -60.4022 -25.8 1111.45
vn -0.472242 0.222143 0.853018
v -60.8566 -25.5435 1111.21
vn -0.458435 0.445404 0.76906
v -60.4441 -24.897 1111.13
vn -0.508942 0.345122 0.788586
v -61.5913 -25.3958 1110.7
vn -0.415031 -0.375896 0.828523
v -61.4157 -26.2225 1110.84
vn -0.500762 0.0239856 0.865253
v -61.5669 -25.8444 1110.85
vn -0.529346 -0.10458 0.841936
v -61.899 -25.982 1110.64
vn -0.552076 0.163818 0.817543
v -61.9426 -25.7604 1110.59
vn 0.155802 0.951611 -0.264884
v -55.4699 -22.8302 1100.79
vn -0.363857 -0.561508 0.743181
v -62.7444 -27.1883 1109.56
vn -0.444331 -0.434791 0.783279
v -62.8218 -26.7927 1109.79
vn -0.491339 -0.438524 0.752518
v -63.2719 -26.9724 1109.41
vn -0.54424 -0.262521 0.796797
v -63.1621 -26.4962 1109.71
vn -0.603497 0.0400964 0.796356
v -63.2883 -26.1042 1109.69
vn -0.662782 -0.0714526 0.745396
v -63.7326 -26.2808 1109.31
vn -0.417404 -0.583458 0.696671
v -63.3375 -27.424 1109.06
vn -0.483627 -0.596604 0.640443
v -63.755 -27.5856 1108.64
vn -0.545102 -0.448968 0.70802
v -63.842 -27.1953 1108.88
vn -0.612008 -0.286881 0.736984
v -63.7398 -26.7234 1109.19
vn -0.491375 -0.575694 0.65355
v -64.7566 -27.7468 1107.63
vn -0.610993 -0.373764 0.697845
v -65.2205 -27.288 1107.61
vn -0.682638 -0.167847 0.711219
v -64.9696 -26.7569 1108.05
vn -0.66951 -0.123128 0.732527
v -65.8321 -26.8643 1107.17
vn -0.411023 -0.479118 0.775568
v -65.7286 -27.9151 1106.88
vn -0.357187 -0.557519 0.749393
v -66.3717 -28.1786 1106.43
vn -0.543787 -0.285785 0.789064
v -65.9163 -27.5573 1106.92
vn -0.515049 -0.270701 0.813293
v -66.7331 -27.8939 1106.38
vn -0.675089 0.00767623 0.737696
v -66.9927 -27.5526 1106.21
vn -0.600423 -0.0651863 0.797021
v -66.4252 -27.1 1106.66
vn 0.405481 0.678867 -0.612148
v -59.5517 -24.4285 1095.97
vn 0.191666 0.89962 -0.392361
v -60.2617 -23.5075 1097.2
vn -0.468122 -0.533126 0.704726
v -66.9705 -28.4175 1105.93
vn -0.613741 -0.248556 0.749362
v -67.1717 -28.0672 1105.99
vn -0.632583 -0.310057 0.70972
v -67.7225 -28.2794 1105.44
vn -0.701916 -0.0643678 0.709345
v -67.6474 -28.0301 1105.56
vn 0.566803 0.598876 -0.565758
v -60.7588 -24.8645 1094.38
vn -0.72691 -0.0811965 0.681915
v -68.4535 -28.3372 1104.7
vn -0.749125 0.0914541 0.656085
v -68.3925 -27.8647 1104.76
vn 0.654282 0.463708 -0.597403
v -61.7864 -25.2242 1092.87
vn 0.499399 0.672694 -0.54597
v -62.0144 -24.8889 1092.97
vn 0.319898 0.857006 -0.403988
v -62.2136 -24.1694 1094.07
vn 0.608179 0.478347 -0.633484
v -62.2777 -25.4033 1092.24
vn 0.334266 0.816692 -0.470405
v -62.7174 -24.5395 1092.93
vn -0.439975 -0.633403 0.636571
v -70.1938 -29.9058 1102.29
vn -0.572236 -0.465114 0.675437
v -70.3398 -29.703 1102.36
vn -0.705244 -0.215429 0.675442
v -70.5584 -29.5699 1102.22
vn -0.784705 0.0769227 0.615078
v -70.9053 -29.2536 1101.86
vn 0.588 0.526574 -0.613984
v -63.9291 -26.0158 1090.26
vn 0.446016 0.718168 -0.534138
v -65.0227 -25.5885 1089.78
vn -0.51028 -0.573938 0.640476
v -72.0876 -30.7842 1100.06
vn -0.659701 -0.363036 0.658027
v -72.6487 -30.7795 1099.54
vn -0.793286 -0.0163765 0.608629
v -72.4363 -30.2613 1099.91
vn 0.546194 0.600145 -0.584379
v -65.6024 -26.4094 1088.22
vn 0.447353 0.720836 -0.529406
v -67.2165 -25.9634 1087.28
vn -0.842287 0.279647 0.460815
v -74.6076 -30.3285 1096.47
vn -0.817735 0.0251542 0.575046
v -75.1629 -31.9062 1096.14
vn 0.64573 0.426425 -0.633399
v -68.0991 -27.3273 1085.13
vn 0.522458 0.606292 -0.59954
v -69.2825 -26.9199 1084.37
vn -0.846381 0.104645 0.522196
v -75.9564 -32.1828 1094.96
vn -0.857885 0.251825 0.447903
v -76.4934 -32.1327 1093.99
vn 0.611018 0.468877 -0.637818
v -69.2147 -28.1569 1083.37
vn -0.84288 0.409634 0.348933
v -77.1072 -31.6131 1092.3
vn 0.588606 0.487942 -0.644558
v -71.7292 -28.6637 1080.65
vn 0.440594 0.675309 -0.591468
v -72.2104 -28.2145 1080.66
vn 0.593643 0.441983 -0.672487
v -72.6283 -28.999 1079.6
vn 0.505112 0.592091 -0.627925
v -72.5953 -28.5655 1080
vn 0.321909 0.770365 -0.550375
v -72.7514 -28.2137 1080.31
vn -0.77193 0.584407 0.250187
v -78.8128 -32.0704 1088
vn -0.818615 0.453591 0.352313
v -79.1958 -33.0543 1088.75
vn -0.78214 0.544427 0.303078
v -80.3707 -33.3712 1086.49
vn -0.740829 0.634439 0.220589
v -80.0125 -32.4913 1085.51
vn 0.516454 0.492074 -0.700812
v -74.6253 -29.7566 1077.43
vn 0.39903 0.662437 -0.633997
v -74.3025 -29.209 1078.08
vn 0.163751 0.852697 -0.496078
v -74.6189 -28.9228 1078.29
vn 0.115304 0.839168 -0.531509
v -75.3413 -29.207 1077.63
vn -0.697208 0.70348 0.137902
v -80.199 -32.1956 1083.52
vn -0.770004 0.588153 0.247325
v -81.213 -33.6928 1084.78
vn -0.119312 0.913388 -0.389214
v -76.3033 -29.3174 1077.44
vn -0.673684 0.735137 0.0756589
v -80.2462 -31.8819 1081.09
vn -0.736175 0.655201 0.169582
v -81.172 -33.1751 1083.37
vn -0.704072 0.700799 0.11473
v -80.7334 -32.5267 1082.4
vn -0.246587 0.908381 -0.337696
v -77.6731 -30.1995 1075.87
vn -0.567456 0.821947 -0.048952
v -79.011 -30.6799 1076.78
vn -0.437994 0.881773 -0.175036
v -77.9036 -29.9903 1076.9
vn -0.622652 0.782275 0.0187127
v -79.1042 -30.7391 1077.78
vn -0.720105 0.685612 0.106701
v -81.8433 -33.5316 1081.51
vn 0.520713 0.509555 -0.68499
v -77.5008 -31.3003 1074.35
vn 0.211202 0.762233 -0.611878
v -77.9141 -31.0444 1074.37
vn -0.0316358 0.872477 -0.48763
v -77.807 -30.6384 1074.99
vn -0.168233 0.890225 -0.423316
v -78.231 -30.755 1074.86
vn -0.403463 0.882473 -0.241781
v -79.0825 -30.9504 1075.18
vn -0.504547 0.853442 -0.130649
v -79.0361 -30.7835 1075.86
vn -0.709537 0.701618 0.0654921
v -82.1934 -33.5957 1078.94
vn -0.0523363 0.865107 -0.49885
v -79.4363 -32.022 1072.7
vn -0.28752 0.887211 -0.360817
v -79.7834 -31.9406 1073.01
vn -0.635518 0.772078 -0.00358621
v -81.0029 -32.267 1075.21
vn -0.548729 0.828931 -0.108489
v -80.6546 -32.0479 1074.19
vn -0.478175 0.851407 -0.215534
v -81.3242 -32.7267 1072.75
vn -0.602986 0.793844 -0.0788662
v -81.8249 -32.9961 1073.05
vn -0.0334336 0.991524 0.125548
v -56.2952 -22.3232 1109.06
vn -0.0412386 0.995897 0.0805518
v -57.8434 -22.1688 1106.99
vn -0.0975148 0.982379 0.159446
v -59.6894 -22.5239 1108.93
vn -0.189384 0.935073 0.299621
v -60.1138 -22.6245 1109.09
vn 0.0377313 0.997023 -0.0672423
v -57.2891 -22.1363 1104.37
vn 0.00552048 0.999958 0.0073662
v -57.2772 -22.1011 1105.52
vn -0.0209708 0.999619 -0.017935
v -58.3935 -22.1131 1104.86
vn -0.0495983 0.998017 0.0387582
v -58.522 -22.1306 1105.87
vn -0.105714 0.991113 0.0807494
v -59.6943 -22.2861 1106.79
vn -0.166518 0.968207 0.186672
v -60.4744 -22.5594 1108.54
vn -0.311091 0.843475 0.437919
v -61.0031 -22.7686 1108.84
vn -0.418227 0.698424 0.580766
v -61.447 -23.1869 1109.12
vn -0.453499 0.574964 0.680996
v -61.6186 -23.7491 1109.55
vn 0.0617664 0.988742 -0.136289
v -58.2285 -22.2484 1102.68
vn -0.0108589 0.997504 -0.0697632
v -58.7185 -22.1924 1103.14
vn -0.0854412 0.996343 -2.63042e-005
v -59.6407 -22.1746 1104.63
vn -0.507596 0.488966 0.709407
v -62.9288 -24.7255 1109.41
vn -0.599609 0.39862 0.693954
v -63.4788 -25.0312 1109.18
vn -0.564813 0.540395 0.623666
v -63.7037 -24.4647 1108.59
vn -0.48773 0.635149 0.59892
v -62.3125 -23.6896 1109
vn -0.57127 0.307818 0.760854
v -63.1742 -25.371 1109.59
vn -0.661179 0.215212 0.718697
v -63.8211 -25.6367 1109.15
vn 0.0107447 0.990438 -0.13754
v -59.3831 -22.3341 1101.79
vn -0.0659273 0.994538 -0.0809158
v -59.9591 -22.2915 1102.34
vn -0.136121 0.99012 -0.0336578
v -61.0191 -22.3556 1103.11
vn -0.664151 0.385893 0.640304
v -64.5368 -24.9927 1108.14
vn -0.710187 0.0967754 0.697329
v -64.9766 -26.091 1108.1
vn 0.0569926 0.974979 -0.214865
v -59.0497 -22.661 1100.11
vn -0.0297931 0.985978 -0.164195
v -60.0749 -22.4513 1101.04
vn -0.117689 0.988589 -0.0940238
v -61.4516 -22.5451 1101.25
vn -0.701581 0.331673 0.630695
v -65.5762 -25.406 1107.25
vn -0.752332 0.305088 0.583882
v -66.8094 -25.8801 1105.99
vn -0.721732 0.380617 0.57813
v -66.2291 -25.1893 1106.34
vn -0.695198 0.0655769 0.715821
v -66.2469 -26.3546 1106.8
vn -0.739613 0.175296 0.649803
v -66.9465 -26.6261 1106.11
vn -0.732739 0.231961 0.639756
v -66.279 -25.9103 1106.66
vn 0.091594 0.95662 -0.276566
v -61.2369 -23.1904 1097.75
vn -0.762907 0.364459 0.533987
v -68.634 -26.3715 1103.84
vn -0.776504 0.249096 0.578785
v -69.0833 -27.2068 1103.71
vn -0.786082 0.378834 0.488426
v -69.8764 -26.8459 1102.3
vn -0.802396 0.262654 0.535886
v -70.8079 -28.0676 1101.61
vn -0.771788 0.488503 0.407073
v -70.5999 -26.7261 1100.9
vn -0.827871 0.225824 0.513452
v -71.7814 -28.8829 1100.52
vn -0.812596 0.352937 0.463814
v -71.5844 -27.8725 1100.24
vn -0.814203 0.426025 0.394431
v -71.9564 -27.6368 1099.33
vn 0.320502 0.836127 -0.445164
v -65.285 -25.0817 1090.36
vn -0.779431 0.553528 0.293419
v -72.3571 -27.6422 1098.43
vn 0.171309 0.925789 -0.336998
v -67.0227 -24.7839 1089.89
vn -0.0475892 0.979962 -0.193415
v -67.4451 -24.5098 1090.79
vn 0.364177 0.809815 -0.459973
v -67.175 -25.5487 1087.97
vn 0.227465 0.897141 -0.378679
v -67.6632 -25.3345 1088.07
vn 0.0606705 0.955032 -0.290228
v -68.0335 -25.0603 1088.63
vn -0.125458 0.975776 -0.179224
v -69.15 -25.0329 1088.83
vn -0.684087 0.715962 0.139369
v -73.656 -27.6868 1093.66
vn -0.798624 0.531854 0.281658
v -74.5118 -29.1612 1095.35
vn -0.745039 0.633445 0.208959
v -73.5685 -28.1026 1095.79
vn 0.268912 0.851391 -0.450355
v -68.6487 -25.8784 1086.3
vn 0.0877157 0.934677 -0.344505
v -69.0661 -25.6483 1086.62
vn -0.0851629 0.96578 -0.244982
v -69.7845 -25.4539 1087.25
vn -0.82931 0.422164 0.366092
v -74.9376 -29.9558 1095.48
vn 0.0679043 0.923753 -0.376921
v -70.3064 -26.1479 1085.08
vn -0.0613165 0.952481 -0.298362
v -70.6628 -26.0464 1085.39
vn -0.795878 0.552554 0.247513
v -76.1705 -30.1783 1092.35
vn 0.372911 0.756974 -0.536589
v -69.6862 -26.6587 1084.37
vn 0.203436 0.857951 -0.471735
v -70.1626 -26.4379 1084.46
vn -0.185877 0.958451 -0.216383
v -71.2644 -26.1137 1085.42
vn -0.295091 0.945653 -0.136605
v -71.834 -26.2498 1085.44
vn -0.616607 0.784571 0.0651404
v -74.634 -27.8828 1088.8
vn -0.676565 0.727735 0.112526
v -75.4021 -28.5915 1089.23
vn -0.74176 0.646286 0.179182
v -76.1415 -29.6347 1090.94
vn -0.281733 0.945375 -0.16399
v -73.6653 -27.2131 1082.89
vn -0.431976 0.90078 -0.0446408
v -74.075 -27.3452 1083.05
vn -0.715328 0.679914 0.161314
v -77.4636 -30.3618 1087.8
vn -0.0313463 0.932319 -0.360276
v -74.2997 -28.0328 1080.29
vn -0.18516 0.94925 -0.254245
v -74.4024 -27.7615 1081.17
vn -0.490063 0.870613 -0.0432564
v -75.102 -27.9356 1081.63
vn -0.344749 0.925656 -0.155915
v -74.9627 -27.9177 1081.19
vn -0.558711 0.829026 0.0236244
v -75.8247 -28.3935 1082.21
vn -0.619611 0.783535 0.04642
v -77.0909 -29.3773 1082.94
vn -0.0367593 0.918751 -0.393123
v -75.4026 -28.8188 1078.43
vn -0.226805 0.933842 -0.276585
v -76.0015 -28.8918 1078.45
vn -0.451997 0.884 -0.119343
v -76.7091 -29.0487 1078.91
vn -0.5733 0.819333 -0.00451695
v -77.0694 -29.242 1079.93
vn -0.320305 0.913281 -0.25164
v -77.1544 -29.5288 1077.47
vn -0.413311 0.794176 0.445486
v -61.587 -22.8891 1108.57
vn -0.241762 0.952104 0.187215
v -61.5632 -22.6374 1107.87
vn -0.500633 0.696755 0.51371
v -63.3318 -23.5159 1107.87
vn -0.416721 0.831112 0.368235
v -62.8406 -22.9756 1107.48
vn -0.176334 0.983877 0.0298593
v -61.6907 -22.484 1105.58
vn -0.513857 0.728694 0.452721
v -64.1887 -23.51 1106.94
vn -0.347533 0.912627 0.215252
v -63.6436 -23.0029 1106.51
vn -0.254759 0.963952 0.0767699
v -63.4079 -22.8592 1105.93
vn -0.477833 0.808483 0.343557
v -64.3052 -23.2894 1106.39
vn -0.583541 0.600727 0.54645
v -64.5022 -24.1682 1107.5
vn -0.185727 0.981895 -0.0372563
v -62.1999 -22.584 1102.29
vn -0.273569 0.961618 0.0212479
v -64.347 -23.0724 1104.76
vn -0.508236 0.804568 0.307191
v -64.8887 -23.4259 1105.83
vn -0.378017 0.911094 0.16435
v -64.3803 -23.1578 1105.82
vn -0.406075 0.905266 0.124883
v -65.2396 -23.397 1104.99
vn -0.658304 0.520353 0.543938
v -65.3934 -24.3385 1106.67
vn -0.566362 0.693733 0.444936
v -64.9556 -23.9182 1106.67
vn -0.330315 0.943757 0.0146265
v -65.426 -23.4046 1103.7
vn -0.608794 0.725933 0.319985
v -66.4923 -24.1221 1104.72
vn -0.527746 0.811859 0.249736
v -65.744 -23.6738 1105
vn -0.725287 0.453835 0.51768
v -66.7062 -24.9796 1105.55
vn -0.623833 0.660684 0.417528
v -65.9668 -24.1787 1105.7
vn -0.444034 0.892825 0.0754871
v -66.6422 -23.8748 1103.3
vn -0.604683 0.769477 0.205583
v -67.2456 -24.2716 1103.46
vn -0.690815 0.609653 0.388712
v -67.6069 -24.8265 1104.02
vn -0.135215 0.985522 -0.102286
v -64.5597 -23.3045 1097.81
vn -0.240842 0.969846 -0.0373365
v -64.6688 -23.2337 1099.07
vn -0.75467 0.465392 0.462475
v -68.2513 -25.4987 1103.73
vn -0.717901 0.608658 0.337867
v -68.2558 -25.1708 1103.31
vn -0.514045 0.855119 0.0672995
v -69.6351 -25.1837 1098.49
vn -0.334892 0.942182 -0.0118343
v -67.9231 -24.3124 1094.42
vn -0.432305 0.901459 0.0219961
v -69.1884 -24.8736 1096.76
vn -0.600545 0.790281 0.121662
v -70.2278 -25.6035 1098.64
vn -0.725625 0.624982 0.287865
v -71.2636 -26.7354 1099.49
vn -0.695731 0.693391 0.18753
v -71.7065 -26.8569 1098.5
vn -0.656216 0.728851 0.195335
v -70.7347 -26.1779 1099.35
vn -0.20611 0.974353 -0.0903013
v -67.9318 -24.4304 1091.82
vn -0.410284 0.911954 0.00260524
v -69.2619 -24.867 1093.88
vn -0.281405 0.956939 -0.0712631
v -68.6343 -24.6439 1091.41
vn -0.472822 0.880882 0.0220417
v -70.7016 -25.5678 1092.91
vn -0.466382 0.884548 0.00795639
v -70.8918 -25.6279 1090.47
vn -0.626 0.771844 0.111267
v -72.4187 -26.6633 1094.12
vn -0.543204 0.838349 0.0458304
v -72.3231 -26.4981 1093.08
vn -0.261742 0.956957 -0.125398
v -69.9924 -25.2935 1088.28
vn -0.395413 0.918096 -0.0273541
v -70.5361 -25.4551 1088.87
vn -0.357335 0.930738 -0.0777012
v -70.8015 -25.6258 1087.73
vn -0.632712 0.768925 0.0918195
v -73.1686 -27.0853 1092.66
f 7//7 65//65 62//62
f 62//62 5//5 7//7
f 74//74 1//1 13//13
f 74//74 76//76 1//1
f 5//5 2//2 13//13
f 74//74 13//13 2//2
f 22//22 1//1 76//76
f 76//76 78//78 22//22
f 78//78 3//3 22//22
f 79//79 25//25 3//3
f 3//3 78//78 77//77
f 79//79 3//3 77//77
f 9//9 32//32 96//96
f 6//6 7//7 5//5
f 7//7 6//6 8//8
f 6//6 9//9 8//8
f 95//95 8//8 9//9
f 9//9 96//96 95//95
f 1//1 23//23 10//10
f 1//1 22//22 23//23
f 10//10 23//23 14//14
f 14//14 23//23 15//15
f 10//10 14//14 11//11
f 12//12 11//11 14//14
f 18//18 12//12 14//14
f 13//13 10//10 5//5
f 10//10 13//13 1//1
f 5//5 10//10 6//6
f 6//6 11//11 9//9
f 6//6 10//10 11//11
f 11//11 12//12 9//9
f 12//12 32//32 9//9
f 111//111 96//96 32//32
f 24//24 25//25 16//16
f 25//25 26//26 16//16
f 14//14 15//15 18//18
f 24//24 17//17 15//15
f 24//24 16//16 17//17
f 15//15 17//17 18//18
f 16//16 19//19 17//17
f 16//16 26//26 19//19
f 26//26 21//21 19//19
f 26//26 27//27 21//21
f 18//18 17//17 20//20
f 17//17 19//19 20//20
f 19//19 34//34 20//20
f 19//19 21//21 34//34
f 27//27 43//43 21//21
f 18//18 20//20 33//33
f 20//20 34//34 33//33
f 22//22 3//3 24//24
f 22//22 24//24 23//23
f 3//3 25//25 24//24
f 24//24 15//15 23//23
f 35//35 12//12 18//18
f 18//18 33//33 35//35
f 43//43 37//37 21//21
f 79//79 28//28 25//25
f 28//28 26//26 25//25
f 28//28 27//27 26//26
f 28//28 29//29 27//27
f 29//29 30//30 27//27
f 27//27 30//30 43//43
f 4//4 28//28 79//79
f 28//28 4//4 29//29
f 29//29 4//4 31//31
f 31//31 30//30 29//29
f 30//30 101//101 43//43
f 12//12 35//35 32//32
f 32//32 35//35 36//36
f 32//32 36//36 39//39
f 96//96 111//111 105//105
f 111//111 32//32 39//39
f 114//114 111//111 39//39
f 34//34 21//21 37//37
f 36//36 35//35 33//33
f 37//37 38//38 34//34
f 38//38 33//33 34//34
f 36//36 33//33 38//38
f 39//39 38//38 41//41
f 41//41 38//38 40//40
f 38//38 37//37 40//40
f 36//36 38//38 39//39
f 40//40 42//42 41//41
f 40//40 45//45 42//42
f 41//41 114//114 39//39
f 114//114 41//41 42//42
f 43//43 40//40 37//37
f 116//116 43//43 101//101
f 43//43 44//44 40//40
f 44//44 45//45 40//40
f 43//43 116//116 44//44
f 117//117 44//44 116//116
f 68//68 70//70 67//67
f 46//46 67//67 47//47
f 67//67 70//70 47//47
f 46//46 48//48 52//52
f 48//48 46//46 47//47
f 50//50 70//70 71//71
f 50//50 47//47 70//70
f 47//47 50//50 49//49
f 48//48 47//47 49//49
f 50//50 71//71 73//73
f 148//148 147//147 49//49
f 147//147 48//48 49//49
f 49//49 50//50 148//148
f 148//148 50//50 73//73
f 51//51 53//53 55//55
f 76//76 75//75 51//51
f 55//55 76//76 51//51
f 52//52 53//53 51//51
f 75//75 52//52 51//51
f 75//75 67//67 46//46
f 54//54 155//155 53//53
f 52//52 54//54 53//53
f 155//155 56//56 53//53
f 75//75 46//46 52//52
f 52//52 48//48 54//54
f 155//155 145//145 56//56
f 55//55 56//56 57//57
f 57//57 77//77 55//55
f 57//57 80//80 77//77
f 56//56 55//55 53//53
f 57//57 56//56 145//145
f 57//57 58//58 80//80
f 58//58 81//81 80//80
f 58//58 59//59 81//81
f 60//60 66//66 87//87
f 61//61 87//87 91//91
f 61//61 60//60 87//87
f 159//159 72//72 60//60
f 159//159 60//60 61//61
f 159//159 61//61 160//160
f 160//160 61//61 91//91
f 62//62 2//2 5//5
f 65//65 64//64 62//62
f 63//63 74//74 2//2
f 64//64 63//63 62//62
f 2//2 62//62 63//63
f 69//69 64//64 65//65
f 75//75 63//63 67//67
f 74//74 63//63 75//75
f 69//69 65//65 66//66
f 72//72 69//69 66//66
f 71//71 70//70 68//68
f 68//68 67//67 63//63
f 68//68 69//69 71//71
f 64//64 69//69 68//68
f 68//68 63//63 64//64
f 60//60 72//72 66//66
f 71//71 69//69 72//72
f 73//73 71//71 72//72
f 163//163 72//72 159//159
f 163//163 73//73 72//72
f 75//75 76//76 74//74
f 55//55 77//77 78//78
f 78//78 76//76 55//55
f 80//80 79//79 77//77
f 80//80 81//81 79//79
f 79//79 83//83 4//4
f 83//83 82//82 4//4
f 81//81 83//83 79//79
f 84//84 102//102 82//82
f 82//82 83//83 84//84
f 81//81 59//59 83//83
f 59//59 165//165 83//83
f 165//165 84//84 83//83
f 97//97 85//85 7//7
f 86//86 85//85 97//97
f 87//87 85//85 88//88
f 88//88 85//85 86//86
f 86//86 89//89 88//88
f 91//91 87//87 88//88
f 89//89 90//90 88//88
f 89//89 92//92 90//90
f 89//89 93//93 92//92
f 89//89 100//100 93//93
f 108//108 93//93 100//100
f 91//91 88//88 90//90
f 90//90 92//92 94//94
f 94//94 91//91 90//90
f 160//160 91//91 170//170
f 172//172 170//170 94//94
f 170//170 91//91 94//94
f 172//172 94//94 173//173
f 173//173 94//94 92//92
f 173//173 92//92 171//171
f 171//171 92//92 93//93
f 171//171 93//93 184//184
f 97//97 7//7 8//8
f 96//96 99//99 95//95
f 85//85 66//66 65//65
f 85//85 65//65 7//7
f 98//98 86//86 97//97
f 97//97 95//95 98//98
f 8//8 95//95 97//97
f 105//105 99//99 96//96
f 87//87 66//66 85//85
f 86//86 98//98 89//89
f 100//100 89//89 98//98
f 99//99 100//100 98//98
f 95//95 99//99 98//98
f 106//106 100//100 99//99
f 106//106 99//99 105//105
f 106//106 108//108 100//100
f 31//31 4//4 82//82
f 82//82 102//102 31//31
f 30//30 103//103 101//101
f 103//103 126//126 101//101
f 31//31 102//102 30//30
f 126//126 118//118 101//101
f 30//30 102//102 103//103
f 103//103 104//104 126//126
f 177//177 104//104 103//103
f 102//102 177//177 103//103
f 177//177 102//102 84//84
f 93//93 108//108 184//184
f 113//113 105//105 111//111
f 107//107 105//105 113//113
f 106//106 105//105 107//107
f 109//109 108//108 106//106
f 109//109 106//106 107//107
f 109//109 107//107 110//110
f 110//110 107//107 113//113
f 109//109 110//110 190//190
f 112//112 111//111 114//114
f 113//113 111//111 112//112
f 128//128 113//113 112//112
f 113//113 128//128 110//110
f 129//129 130//130 114//114
f 42//42 129//129 114//114
f 114//114 130//130 112//112
f 115//115 45//45 44//44
f 134//134 45//45 115//115
f 117//117 115//115 44//44
f 117//117 120//120 115//115
f 101//101 118//118 116//116
f 116//116 119//119 117//117
f 116//116 118//118 119//119
f 126//126 121//121 118//118
f 118//118 121//121 119//119
f 117//117 119//119 122//122
f 122//122 119//119 123//123
f 126//126 127//127 121//121
f 119//119 121//121 123//123
f 122//122 142//142 141//141
f 122//122 123//123 142//142
f 127//127 124//124 121//121
f 123//123 121//121 124//124
f 123//123 124//124 125//125
f 142//142 123//123 125//125
f 142//142 193//193 215//215
f 125//125 193//193 142//142
f 104//104 178//178 126//126
f 127//127 126//126 178//178
f 190//190 110//110 204//204
f 128//128 112//112 130//130
f 204//204 110//110 206//206
f 207//207 206//206 128//128
f 206//206 110//110 128//128
f 128//128 130//130 207//207
f 207//207 130//130 132//132
f 129//129 42//42 133//133
f 42//42 45//45 133//133
f 129//129 131//131 130//130
f 133//133 131//131 129//129
f 131//131 132//132 130//130
f 133//133 45//45 134//134
f 136//136 134//134 115//115
f 115//115 120//120 136//136
f 133//133 134//134 135//135
f 131//131 133//133 135//135
f 135//135 134//134 136//136
f 136//136 120//120 137//137
f 120//120 141//141 137//137
f 131//131 135//135 132//132
f 132//132 135//135 138//138
f 135//135 136//136 138//138
f 136//136 137//137 138//138
f 138//138 137//137 139//139
f 139//139 137//137 143//143
f 137//137 141//141 143//143
f 132//132 138//138 140//140
f 138//138 139//139 140//140
f 120//120 117//117 122//122
f 120//120 122//122 141//141
f 141//141 215//215 143//143
f 215//215 141//141 142//142
f 215//215 193//193 217//217
f 232//232 144//144 156//156
f 156//156 154//154 232//232
f 145//145 146//146 57//57
f 147//147 156//156 48//48
f 147//147 148//148 152//152
f 73//73 150//150 148//148
f 152//152 148//148 149//149
f 149//149 148//148 150//150
f 149//149 150//150 151//151
f 154//154 147//147 152//152
f 154//154 156//156 147//147
f 153//153 152//152 149//149
f 151//151 164//164 153//153
f 153//153 149//149 151//151
f 152//152 235//235 233//233
f 154//154 152//152 233//233
f 152//152 153//153 235//235
f 390//390 153//153 164//164
f 153//153 390//390 235//235
f 48//48 156//156 54//54
f 156//156 155//155 54//54
f 155//155 144//144 145//145
f 144//144 155//155 156//156
f 146//146 58//58 57//57
f 58//58 157//157 59//59
f 157//157 58//58 146//146
f 157//157 158//158 59//59
f 158//158 241//241 166//166
f 158//158 240//240 241//241
f 157//157 240//240 158//158
f 240//240 382//382 241//241
f 166//166 241//241 168//168
f 162//162 160//160 174//174
f 162//162 159//159 160//160
f 161//161 163//163 159//159
f 161//161 159//159 162//162
f 161//161 162//162 164//164
f 151//151 161//161 164//164
f 244//244 164//164 162//162
f 73//73 163//163 150//150
f 151//151 150//150 161//161
f 161//161 150//150 163//163
f 244//244 390//390 164//164
f 165//165 59//59 158//158
f 165//165 166//166 84//84
f 166//166 177//177 84//84
f 165//165 158//158 166//166
f 177//177 166//166 167//167
f 177//177 167//167 181//181
f 167//167 166//166 168//168
f 245//245 167//167 168//168
f 245//245 169//169 167//167
f 167//167 169//169 181//181
f 169//169 182//182 181//181
f 174//174 160//160 170//170
f 170//170 172//172 174//174
f 173//173 171//171 175//175
f 184//184 175//175 171//171
f 250//250 172//172 173//173
f 173//173 176//176 250//250
f 176//176 173//173 175//175
f 176//176 264//264 250//250
f 251//251 174//174 172//172
f 251//251 172//172 250//250
f 180//180 183//183 178//178
f 104//104 180//180 178//178
f 177//177 179//179 104//104
f 179//179 180//180 104//104
f 182//182 180//180 179//179
f 181//181 179//179 177//177
f 181//181 182//182 179//179
f 182//182 183//183 180//180
f 182//182 258//258 183//183
f 184//184 185//185 175//175
f 185//185 184//184 188//188
f 175//175 185//185 186//186
f 175//175 186//186 176//176
f 185//185 187//187 186//186
f 185//185 192//192 187//187
f 264//264 176//176 186//186
f 108//108 188//188 184//184
f 188//188 108//108 109//109
f 109//109 189//189 188//188
f 189//189 109//109 190//190
f 189//189 190//190 191//191
f 205//205 191//191 190//190
f 188//188 189//189 185//185
f 189//189 191//191 192//192
f 192//192 185//185 189//189
f 191//191 205//205 192//192
f 193//193 125//125 198//198
f 193//193 198//198 194//194
f 217//217 193//193 194//194
f 194//194 203//203 195//195
f 285//285 195//195 203//203
f 218//218 286//286 219//219
f 218//218 195//195 286//286
f 127//127 178//178 196//196
f 127//127 197//197 124//124
f 124//124 197//197 125//125
f 196//196 178//178 183//183
f 196//196 197//197 127//127
f 197//197 198//198 125//125
f 199//199 196//196 183//183
f 199//199 197//197 196//196
f 199//199 200//200 197//197
f 197//197 200//200 198//198
f 200//200 201//201 198//198
f 198//198 201//201 203//203
f 198//198 203//203 194//194
f 200//200 199//199 202//202
f 200//200 202//202 201//201
f 292//292 202//202 199//199
f 289//289 202//202 292//292
f 201//201 289//289 290//290
f 289//289 201//201 202//202
f 290//290 203//203 201//201
f 205//205 190//190 204//204
f 208//208 205//205 204//204
f 205//205 208//208 211//211
f 205//205 211//211 272//272
f 207//207 132//132 210//210
f 210//210 132//132 140//140
f 208//208 204//204 206//206
f 208//208 206//206 209//209
f 206//206 207//207 209//209
f 209//209 207//207 210//210
f 211//211 208//208 209//209
f 210//210 140//140 212//212
f 211//211 209//209 210//210
f 210//210 212//212 293//293
f 272//272 211//211 274//274
f 210//210 293//293 211//211
f 274//274 211//211 293//293
f 212//212 140//140 213//213
f 213//213 294//294 212//212
f 140//140 139//139 213//213
f 213//213 139//139 216//216
f 139//139 143//143 216//216
f 294//294 213//213 214//214
f 214//214 213//213 216//216
f 295//295 294//294 214//214
f 214//214 218//218 219//219
f 295//295 283//283 294//294
f 295//295 214//214 219//219
f 216//216 143//143 215//215
f 215//215 217//217 216//216
f 217//217 218//218 216//216
f 195//195 217//217 194//194
f 216//216 218//218 214//214
f 218//218 217//217 195//195
f 221//221 327//327 223//223
f 223//223 220//220 221//221
f 220//220 222//222 228//228
f 220//220 228//228 227//227
f 316//316 224//224 223//223
f 224//224 222//222 223//223
f 223//223 222//222 220//220
f 224//224 225//225 222//222
f 225//225 229//229 222//222
f 328//328 329//329 225//225
f 329//329 345//345 225//225
f 225//225 345//345 229//229
f 226//226 221//221 220//220
f 220//220 227//227 226//226
f 227//227 342//342 226//226
f 227//227 230//230 344//344
f 228//228 230//230 227//227
f 229//229 230//230 228//228
f 222//222 229//229 228//228
f 229//229 345//345 348//348
f 229//229 346//346 230//230
f 229//229 348//348 346//346
f 236//236 231//231 144//144
f 236//236 375//375 231//231
f 231//231 377//377 237//237
f 377//377 231//231 375//375
f 377//377 378//378 237//237
f 378//378 238//238 237//237
f 238//238 378//378 379//379
f 232//232 154//154 233//233
f 236//236 144//144 232//232
f 234//234 232//232 233//233
f 234//234 376//376 236//236
f 236//236 232//232 234//234
f 380//380 234//234 233//233
f 380//380 233//233 235//235
f 237//237 146//146 145//145
f 144//144 231//231 145//145
f 145//145 231//231 237//237
f 237//237 238//238 146//146
f 239//239 240//240 157//157
f 146//146 239//239 157//157
f 146//146 238//238 239//239
f 240//240 239//239 382//382
f 239//239 238//238 379//379
f 382//382 242//242 241//241
f 241//241 242//242 168//168
f 168//168 242//242 243//243
f 243//243 245//245 168//168
f 242//242 384//384 243//243
f 384//384 385//385 243//243
f 243//243 385//385 386//386
f 244//244 162//162 253//253
f 253//253 387//387 244//244
f 246//246 169//169 245//245
f 247//247 182//182 169//169
f 245//245 243//243 246//246
f 169//169 246//246 247//247
f 246//246 248//248 247//247
f 248//248 249//249 247//247
f 246//246 243//243 386//386
f 246//246 386//386 248//248
f 252//252 251//251 250//250
f 252//252 250//250 264//264
f 266//266 252//252 264//264
f 253//253 174//174 251//251
f 254//254 251//251 252//252
f 162//162 174//174 253//253
f 253//253 251//251 254//254
f 256//256 254//254 252//252
f 255//255 253//253 254//254
f 255//255 254//254 256//256
f 256//256 252//252 266//266
f 387//387 253//253 255//255
f 266//266 269//269 256//256
f 257//257 387//387 255//255
f 257//257 255//255 256//256
f 257//257 256//256 396//396
f 396//396 256//256 269//269
f 397//397 396//396 269//269
f 257//257 396//396 398//398
f 291//291 290//290 263//263
f 247//247 258//258 182//182
f 260//260 183//183 258//258
f 259//259 199//199 183//183
f 260//260 259//259 183//183
f 258//258 247//247 249//249
f 260//260 258//258 249//249
f 261//261 259//259 260//260
f 259//259 292//292 199//199
f 260//260 249//249 391//391
f 262//262 292//292 259//259
f 261//261 260//260 391//391
f 261//261 262//262 259//259
f 292//292 262//262 263//263
f 391//391 404//404 261//261
f 261//261 404//404 262//262
f 404//404 405//405 262//262
f 405//405 263//263 262//262
f 266//266 264//264 265//265
f 265//265 264//264 186//186
f 265//265 186//186 187//187
f 267//267 265//265 187//187
f 187//187 192//192 270//270
f 267//267 187//187 270//270
f 267//267 266//266 265//265
f 268//268 267//267 270//270
f 273//273 268//268 270//270
f 266//266 267//267 269//269
f 269//269 267//267 268//268
f 410//410 269//269 268//268
f 410//410 397//397 269//269
f 271//271 270//270 192//192
f 192//192 272//272 271//271
f 205//205 272//272 192//192
f 271//271 273//273 270//270
f 271//271 275//275 273//273
f 272//272 275//275 271//271
f 275//275 272//272 274//274
f 411//411 273//273 275//275
f 276//276 275//275 274//274
f 410//410 268//268 273//273
f 273//273 411//411 410//410
f 412//412 275//275 276//276
f 412//412 276//276 414//414
f 412//412 411//411 275//275
f 274//274 293//293 277//277
f 277//277 276//276 274//274
f 277//277 293//293 278//278
f 279//279 276//276 277//277
f 279//279 277//277 278//278
f 279//279 278//278 281//281
f 414//414 276//276 279//279
f 415//415 414//414 279//279
f 281//281 415//415 279//279
f 278//278 294//294 280//280
f 294//294 283//283 280//280
f 278//278 280//280 281//281
f 281//281 280//280 416//416
f 295//295 219//219 282//282
f 283//283 295//295 282//282
f 280//280 283//283 284//284
f 283//283 282//282 284//284
f 280//280 284//284 417//417
f 282//282 288//288 284//284
f 286//286 195//195 285//285
f 286//286 282//282 219//219
f 285//285 287//287 286//286
f 291//291 287//287 285//285
f 286//286 287//287 282//282
f 282//282 287//287 288//288
f 287//287 291//291 418//418
f 290//290 285//285 203//203
f 291//291 285//285 290//290
f 263//263 289//289 292//292
f 290//290 289//289 263//263
f 293//293 212//212 294//294
f 294//294 278//278 293//293
f 305//305 296//296 297//297
f 307//307 296//296 305//305
f 445//445 421//421 307//307
f 307//307 421//421 420//420
f 424//424 298//298 297//297
f 299//299 298//298 424//424
f 309//309 298//298 299//299
f 297//297 425//425 424//424
f 424//424 426//426 299//299
f 460//460 443//443 314//314
f 314//314 443//443 306//306
f 314//314 456//456 460//460
f 306//306 443//443 445//445
f 301//301 300//300 316//316
f 300//300 318//318 316//316
f 312//312 303//303 301//301
f 303//303 304//304 302//302
f 300//300 308//308 318//318
f 303//303 302//302 301//301
f 302//302 300//300 301//301
f 302//302 297//297 300//300
f 300//300 298//298 308//308
f 314//314 306//306 304//304
f 304//304 303//303 314//314
f 297//297 298//298 300//300
f 302//302 304//304 305//305
f 297//297 302//302 305//305
f 305//305 304//304 306//306
f 306//306 307//307 305//305
f 307//307 306//306 445//445
f 308//308 310//310 318//318
f 298//298 309//309 308//308
f 309//309 311//311 308//308
f 310//310 308//308 311//311
f 311//311 309//309 299//299
f 299//299 435//435 311//311
f 325//325 456//456 313//313
f 223//223 312//312 316//316
f 312//312 223//223 327//327
f 456//456 314//314 313//313
f 312//312 313//313 314//314
f 313//313 312//312 327//327
f 312//312 314//314 303//303
f 316//316 315//315 224//224
f 315//315 317//317 224//224
f 312//312 301//301 316//316
f 318//318 315//315 316//316
f 318//318 317//317 315//315
f 317//317 318//318 319//319
f 320//320 331//331 319//319
f 334//334 331//331 320//320
f 318//318 310//310 319//319
f 321//321 320//320 319//319
f 310//310 321//321 319//319
f 322//322 334//334 320//320
f 321//321 322//322 320//320
f 334//334 322//322 461//461
f 339//339 463//463 336//336
f 326//326 325//325 324//324
f 336//336 325//325 326//326
f 325//325 336//336 456//456
f 323//323 226//226 340//340
f 324//324 313//313 327//327
f 324//324 327//327 323//323
f 326//326 324//324 323//323
f 340//340 326//326 323//323
f 313//313 324//324 325//325
f 327//327 221//221 323//323
f 323//323 221//221 226//226
f 225//225 224//224 328//328
f 329//329 330//330 345//345
f 317//317 328//328 224//224
f 328//328 317//317 319//319
f 329//329 328//328 319//319
f 319//319 331//331 329//329
f 329//329 332//332 330//330
f 329//329 331//331 332//332
f 331//331 333//333 332//332
f 331//331 334//334 333//333
f 333//333 335//335 332//332
f 332//332 354//354 330//330
f 354//354 332//332 335//335
f 335//335 333//333 334//334
f 357//357 354//354 335//335
f 461//461 466//466 334//334
f 334//334 466//466 335//335
f 475//475 335//335 466//466
f 475//475 357//357 335//335
f 336//336 326//326 338//338
f 326//326 362//362 338//338
f 339//339 336//336 337//337
f 338//338 486//486 337//337
f 337//337 336//336 338//338
f 474//474 468//468 339//339
f 474//474 339//339 337//337
f 337//337 486//486 474//474
f 226//226 342//342 340//340
f 340//340 342//342 341//341
f 362//362 326//326 340//340
f 341//341 362//362 340//340
f 363//363 362//362 341//341
f 363//363 341//341 342//342
f 343//343 363//363 342//342
f 343//343 342//342 227//227
f 227//227 344//344 343//343
f 343//343 344//344 366//366
f 366//366 344//344 369//369
f 366//366 363//363 343//343
f 347//347 369//369 344//344
f 352//352 348//348 345//345
f 347//347 344//344 230//230
f 230//230 346//346 347//347
f 346//346 349//349 347//347
f 352//352 345//345 330//330
f 346//346 348//348 349//349
f 350//350 349//349 348//348
f 347//347 349//349 369//369
f 348//348 352//352 350//350
f 352//352 353//353 350//350
f 350//350 351//351 349//349
f 371//371 351//351 353//353
f 353//353 351//351 350//350
f 351//351 370//370 349//349
f 371//371 353//353 356//356
f 330//330 354//354 352//352
f 354//354 355//355 352//352
f 352//352 355//355 353//353
f 353//353 355//355 356//356
f 357//357 355//355 354//354
f 358//358 355//355 357//357
f 358//358 356//356 355//355
f 371//371 356//356 494//494
f 356//356 358//358 494//494
f 359//359 338//338 362//362
f 359//359 486//486 338//338
f 359//359 362//362 360//360
f 359//359 487//487 486//486
f 359//359 360//360 361//361
f 361//361 487//487 359//359
f 508//508 361//361 360//360
f 362//362 508//508 360//360
f 363//363 508//508 362//362
f 372//372 508//508 363//363
f 363//363 366//366 364//364
f 366//366 369//369 367//367
f 367//367 365//365 366//366
f 365//365 364//364 366//366
f 365//365 367//367 368//368
f 369//369 349//349 370//370
f 370//370 367//367 369//369
f 351//351 371//371 370//370
f 370//370 368//368 367//367
f 370//370 488//488 368//368
f 370//370 371//371 488//488
f 488//488 371//371 494//494
f 372//372 363//363 364//364
f 372//372 364//364 516//516
f 377//377 528//528 378//378
f 378//378 528//528 379//379
f 528//528 377//377 527//527
f 234//234 380//380 373//373
f 373//373 380//380 374//374
f 376//376 375//375 236//236
f 376//376 234//234 373//373
f 373//373 642//642 376//376
f 376//376 642//642 375//375
f 375//375 527//527 377//377
f 527//527 375//375 526//526
f 530//530 239//239 379//379
f 380//380 235//235 381//381
f 381//381 374//374 380//380
f 646//646 374//374 381//381
f 530//530 382//382 239//239
f 384//384 382//382 383//383
f 385//385 383//383 530//530
f 382//382 530//530 383//383
f 531//531 386//386 385//385
f 531//531 385//385 530//530
f 386//386 531//531 532//532
f 390//390 535//535 235//235
f 535//535 381//381 235//235
f 382//382 384//384 242//242
f 385//385 384//384 383//383
f 532//532 392//392 386//386
f 532//532 533//533 392//392
f 392//392 533//533 536//536
f 388//388 244//244 387//387
f 244//244 388//388 390//390
f 388//388 540//540 390//390
f 389//389 388//388 387//387
f 389//389 540//540 388//388
f 389//389 387//387 399//399
f 540//540 535//535 390//390
f 391//391 393//393 404//404
f 393//393 545//545 407//407
f 386//386 392//392 248//248
f 392//392 249//249 248//248
f 249//249 392//392 394//394
f 391//391 249//249 394//394
f 395//395 393//393 391//391
f 395//395 391//391 394//394
f 536//536 394//394 392//392
f 536//536 537//537 394//394
f 537//537 395//395 394//394
f 395//395 538//538 393//393
f 538//538 395//395 537//537
f 545//545 393//393 538//538
f 396//396 397//397 398//398
f 387//387 257//257 399//399
f 257//257 398//398 399//399
f 401//401 400//400 397//397
f 397//397 400//400 398//398
f 400//400 546//546 398//398
f 401//401 397//397 410//410
f 399//399 398//398 546//546
f 546//546 400//400 547//547
f 547//547 400//400 401//401
f 401//401 413//413 548//548
f 549//549 548//548 413//413
f 549//549 413//413 414//414
f 549//549 414//414 550//550
f 288//288 552//552 417//417
f 416//416 417//417 553//553
f 552//552 288//288 555//555
f 291//291 402//402 418//418
f 402//402 403//403 418//418
f 555//555 418//418 403//403
f 405//405 406//406 263//263
f 407//407 405//405 404//404
f 407//407 406//406 405//405
f 406//406 402//402 263//263
f 393//393 407//407 404//404
f 402//402 406//406 408//408
f 403//403 402//402 408//408
f 409//409 406//406 407//407
f 545//545 409//409 407//407
f 409//409 408//408 406//406
f 413//413 401//401 410//410
f 413//413 410//410 411//411
f 413//413 411//411 412//412
f 414//414 413//413 412//412
f 415//415 281//281 416//416
f 414//414 415//415 550//550
f 417//417 416//416 280//280
f 284//284 288//288 417//417
f 288//288 287//287 418//418
f 288//288 418//418 555//555
f 291//291 263//263 402//402
f 560//560 561//561 432//432
f 419//419 560//560 432//432
f 432//432 561//561 433//433
f 421//421 445//445 446//446
f 420//420 296//296 307//307
f 296//296 420//420 427//427
f 420//420 421//421 422//422
f 422//422 430//430 420//420
f 427//427 420//420 430//430
f 421//421 423//423 422//422
f 430//430 422//422 419//419
f 421//421 446//446 423//423
f 562//562 419//419 576//576
f 419//419 422//422 576//576
f 576//576 422//422 577//577
f 422//422 423//423 577//577
f 578//578 423//423 446//446
f 296//296 427//427 297//297
f 297//297 427//427 425//425
f 425//425 429//429 424//424
f 424//424 429//429 426//426
f 426//426 435//435 299//299
f 427//427 428//428 425//425
f 428//428 431//431 425//425
f 429//429 436//436 426//426
f 435//435 426//426 436//436
f 427//427 430//430 428//428
f 431//431 429//429 425//425
f 430//430 432//432 428//428
f 432//432 431//431 428//428
f 419//419 432//432 430//430
f 433//433 431//431 432//432
f 434//434 431//431 433//433
f 429//429 431//431 434//434
f 436//436 429//429 434//434
f 440//440 436//436 434//434
f 581//581 440//440 434//434
f 435//435 436//436 437//437
f 437//437 447//447 435//435
f 438//438 437//437 436//436
f 447//447 437//437 451//451
f 437//437 438//438 439//439
f 451//451 437//437 439//439
f 439//439 453//453 451//451
f 440//440 438//438 436//436
f 442//442 439//439 441//441
f 439//439 438//438 441//441
f 439//439 442//442 453//453
f 453//453 442//442 454//454
f 438//438 440//440 441//441
f 440//440 579//579 441//441
f 454//454 442//442 582//582
f 582//582 589//589 454//454
f 443//443 444//444 446//446
f 446//446 587//587 578//578
f 446//446 445//445 443//443
f 310//310 311//311 321//321
f 321//321 448//448 322//322
f 447//447 448//448 311//311
f 435//435 447//447 311//311
f 311//311 448//448 321//321
f 322//322 448//448 461//461
f 447//447 449//449 448//448
f 449//449 450//450 448//448
f 450//450 461//461 448//448
f 451//451 449//449 447//447
f 451//451 452//452 449//449
f 452//452 450//450 449//449
f 462//462 450//450 452//452
f 461//461 450//450 462//462
f 453//453 452//452 451//451
f 454//454 462//462 452//452
f 454//454 452//452 453//453
f 462//462 454//454 590//590
f 454//454 589//589 590//590
f 457//457 460//460 456//456
f 457//457 456//456 464//464
f 444//444 457//457 458//458
f 446//446 444//444 458//458
f 459//459 457//457 464//464
f 458//458 457//457 459//459
f 464//464 455//455 459//459
f 587//587 446//446 458//458
f 592//592 458//458 459//459
f 587//587 458//458 592//592
f 459//459 455//455 592//592
f 444//444 460//460 457//457
f 444//444 443//443 460//460
f 462//462 478//478 461//461
f 595//595 478//478 462//462
f 463//463 339//339 468//468
f 456//456 463//463 464//464
f 464//464 463//463 468//468
f 465//465 464//464 468//468
f 465//465 455//455 464//464
f 596//596 455//455 465//465
f 463//463 456//456 336//336
f 475//475 466//466 478//478
f 461//461 478//478 466//466
f 486//486 467//467 474//474
f 468//468 474//474 469//469
f 470//470 472//472 469//469
f 469//469 467//467 470//470
f 474//474 467//467 469//469
f 467//467 481//481 470//470
f 472//472 471//471 469//469
f 471//471 468//468 469//469
f 482//482 472//472 470//470
f 482//482 470//470 481//481
f 465//465 468//468 471//471
f 472//472 482//482 484//484
f 465//465 471//471 473//473
f 473//473 472//472 601//601
f 473//473 471//471 472//472
f 601//601 472//472 484//484
f 602//602 465//465 473//473
f 475//475 476//476 357//357
f 476//476 358//358 357//357
f 476//476 477//477 358//358
f 478//478 476//476 475//475
f 479//479 477//477 476//476
f 478//478 479//479 476//476
f 467//467 486//486 480//480
f 486//486 487//487 480//480
f 480//480 481//481 467//467
f 496//496 481//481 480//480
f 496//496 480//480 509//509
f 480//480 487//487 509//509
f 483//483 482//482 481//481
f 496//496 483//483 481//481
f 484//484 482//482 485//485
f 485//485 482//482 483//483
f 485//485 483//483 504//504
f 607//607 601//601 484//484
f 607//607 484//484 608//608
f 608//608 484//484 485//485
f 609//609 608//608 485//485
f 609//609 485//485 504//504
f 508//508 509//509 361//361
f 361//361 509//509 487//487
f 488//488 494//494 489//489
f 488//488 489//489 490//490
f 488//488 490//490 368//368
f 490//490 489//489 492//492
f 525//525 368//368 490//490
f 492//492 489//489 491//491
f 490//490 492//492 493//493
f 492//492 638//638 493//493
f 615//615 492//492 491//491
f 492//492 614//614 638//638
f 614//614 492//492 615//615
f 477//477 494//494 358//358
f 495//495 494//494 477//477
f 479//479 495//495 477//477
f 494//494 495//495 489//489
f 491//491 489//489 495//495
f 491//491 495//495 479//479
f 510//510 497//497 509//509
f 497//497 510//510 512//512
f 509//509 497//497 496//496
f 496//496 497//497 498//498
f 499//499 512//512 513//513
f 499//499 498//498 512//512
f 498//498 497//497 512//512
f 496//496 500//500 483//483
f 496//496 501//501 500//500
f 501//501 496//496 498//498
f 501//501 498//498 502//502
f 502//502 498//498 499//499
f 502//502 499//499 503//503
f 499//499 513//513 503//503
f 483//483 500//500 504//504
f 504//504 500//500 505//505
f 500//500 501//501 505//505
f 501//501 506//506 505//505
f 506//506 501//501 502//502
f 506//506 502//502 507//507
f 507//507 502//502 503//503
f 617//617 504//504 505//505
f 617//617 505//505 506//506
f 618//618 617//617 506//506
f 506//506 507//507 618//618
f 508//508 372//372 517//517
f 510//510 509//509 508//508
f 512//512 510//510 511//511
f 511//511 510//510 508//508
f 508//508 517//517 511//511
f 511//511 517//517 519//519
f 511//511 513//513 512//512
f 514//514 511//511 521//521
f 514//514 513//513 511//511
f 503//503 513//513 515//515
f 515//515 513//513 514//514
f 503//503 515//515 507//507
f 372//372 516//516 517//517
f 518//518 517//517 516//516
f 516//516 365//365 518//518
f 516//516 364//364 365//365
f 519//519 517//517 518//518
f 365//365 523//523 518//518
f 519//519 518//518 520//520
f 521//521 511//511 519//519
f 520//520 521//521 519//519
f 518//518 523//523 520//520
f 514//514 521//521 522//522
f 520//520 522//522 521//521
f 520//520 524//524 626//626
f 626//626 522//522 520//520
f 523//523 365//365 368//368
f 368//368 525//525 523//523
f 523//523 524//524 520//520
f 523//523 525//525 623//623
f 524//524 523//523 623//623
f 525//525 631//631 623//623
f 626//626 524//524 624//624
f 524//524 623//623 624//624
f 493//493 525//525 490//490
f 525//525 493//493 631//631
f 638//638 631//631 493//493
f 375//375 642//642 526//526
f 640//640 642//642 373//373
f 737//737 640//640 374//374
f 792//792 528//528 527//527
f 379//379 529//529 530//530
f 379//379 528//528 792//792
f 379//379 732//732 529//529
f 732//732 530//530 529//529
f 373//373 374//374 640//640
f 374//374 645//645 737//737
f 531//531 643//643 644//644
f 381//381 535//535 651//651
f 646//646 381//381 651//651
f 645//645 374//374 646//646
f 531//531 644//644 532//532
f 534//534 533//533 532//532
f 534//534 536//536 533//533
f 655//655 536//536 534//534
f 537//537 536//536 655//655
f 644//644 647//647 532//532
f 657//657 540//540 541//541
f 537//537 539//539 538//538
f 661//661 538//538 539//539
f 539//539 653//653 661//661
f 662//662 545//545 661//661
f 399//399 541//541 389//389
f 541//541 540//540 389//389
f 541//541 399//399 546//546
f 546//546 665//665 541//541
f 546//546 666//666 665//665
f 541//541 665//665 664//664
f 545//545 543//543 409//409
f 409//409 557//557 408//408
f 409//409 543//543 557//557
f 557//557 543//543 544//544
f 557//557 544//544 542//542
f 660//660 543//543 662//662
f 545//545 662//662 543//543
f 543//543 660//660 544//544
f 661//661 545//545 538//538
f 547//547 401//401 548//548
f 546//546 547//547 666//666
f 663//663 547//547 548//548
f 663//663 548//548 549//549
f 666//666 547//547 663//663
f 663//663 549//549 667//667
f 550//550 678//678 549//549
f 551//551 550//550 415//415
f 678//678 667//667 549//549
f 551//551 416//416 553//553
f 415//415 416//416 551//551
f 679//679 551//551 553//553
f 552//552 556//556 554//554
f 553//553 417//417 552//552
f 553//553 552//552 554//554
f 554//554 679//679 553//553
f 555//555 556//556 552//552
f 403//403 542//542 555//555
f 555//555 542//542 556//556
f 556//556 542//542 675//675
f 556//556 675//675 554//554
f 557//557 542//542 403//403
f 408//408 557//557 403//403
f 558//558 565//565 562//562
f 558//558 559//559 573//573
f 565//565 558//558 573//573
f 680//680 573//573 559//559
f 681//681 680//680 701//701
f 419//419 562//562 560//560
f 560//560 563//563 561//561
f 563//563 564//564 561//561
f 561//561 564//564 433//433
f 564//564 434//434 433//433
f 562//562 565//565 563//563
f 560//560 562//562 563//563
f 564//564 563//563 567//567
f 564//564 568//568 434//434
f 581//581 434//434 568//568
f 565//565 566//566 563//563
f 569//569 564//564 567//567
f 569//569 568//568 564//564
f 565//565 570//570 566//566
f 566//566 567//567 563//563
f 568//568 569//569 572//572
f 572//572 575//575 568//568
f 575//575 581//581 568//568
f 573//573 570//570 565//565
f 566//566 571//571 567//567
f 567//567 571//571 569//569
f 571//571 574//574 569//569
f 574//574 572//572 569//569
f 693//693 575//575 572//572
f 566//566 570//570 571//571
f 574//574 571//571 685//685
f 574//574 686//686 572//572
f 693//693 572//572 686//686
f 571//571 570//570 687//687
f 687//687 685//685 571//571
f 686//686 574//574 685//685
f 583//583 581//581 575//575
f 585//585 583//583 575//575
f 558//558 576//576 577//577
f 558//558 562//562 576//576
f 423//423 578//578 577//577
f 559//559 558//558 577//577
f 578//578 559//559 577//577
f 578//578 701//701 559//559
f 680//680 559//559 701//701
f 579//579 440//440 581//581
f 580//580 441//441 579//579
f 442//442 441//441 580//580
f 582//582 442//442 580//580
f 583//583 579//579 581//581
f 580//580 579//579 584//584
f 580//580 584//584 582//582
f 583//583 584//584 579//579
f 586//586 589//589 582//582
f 585//585 584//584 583//583
f 591//591 589//589 586//586
f 585//585 703//703 584//584
f 704//704 584//584 703//703
f 586//586 582//582 584//584
f 704//704 586//586 584//584
f 578//578 587//587 588//588
f 591//591 590//590 589//589
f 591//591 715//715 590//590
f 594//594 455//455 596//596
f 594//594 596//596 598//598
f 593//593 588//588 587//587
f 593//593 587//587 592//592
f 455//455 594//594 592//592
f 592//592 594//594 593//593
f 593//593 713//713 588//588
f 593//593 594//594 713//713
f 595//595 462//462 590//590
f 595//595 600//600 478//478
f 715//715 600//600 595//595
f 590//590 715//715 595//595
f 465//465 602//602 597//597
f 596//596 465//465 597//597
f 596//596 597//597 598//598
f 597//597 602//602 598//598
f 598//598 602//602 605//605
f 594//594 598//598 599//599
f 717//717 479//479 478//478
f 478//478 600//600 717//717
f 602//602 604//604 605//605
f 603//603 602//602 473//473
f 603//603 473//473 601//601
f 610//610 601//601 607//607
f 603//603 604//604 602//602
f 610//610 603//603 601//601
f 604//604 718//718 605//605
f 603//603 718//718 604//604
f 779//779 603//603 610//610
f 606//606 491//491 479//479
f 611//611 607//607 608//608
f 609//609 504//504 616//616
f 610//610 607//607 611//611
f 611//611 608//608 609//609
f 611//611 609//609 613//613
f 613//613 609//609 616//616
f 616//616 612//612 613//613
f 611//611 613//613 610//610
f 617//617 619//619 612//612
f 721//721 613//613 612//612
f 721//721 612//612 619//619
f 606//606 615//615 491//491
f 617//617 616//616 504//504
f 612//612 616//616 617//617
f 620//620 619//619 618//618
f 618//618 507//507 620//620
f 620//620 507//507 514//514
f 617//617 618//618 619//619
f 514//514 507//507 515//515
f 621//621 620//620 514//514
f 621//621 514//514 522//522
f 619//619 620//620 722//722
f 620//620 621//621 722//722
f 628//628 522//522 626//626
f 622//622 522//522 628//628
f 522//522 622//622 621//621
f 623//623 631//631 632//632
f 626//626 624//624 627//627
f 624//624 625//625 627//627
f 624//624 623//623 625//625
f 623//623 632//632 625//625
f 627//627 625//625 629//629
f 625//625 635//635 629//629
f 628//628 626//626 627//627
f 725//725 635//635 637//637
f 635//635 725//725 629//629
f 628//628 627//627 630//630
f 628//628 726//726 622//622
f 726//726 628//628 630//630
f 630//630 627//627 629//629
f 630//630 629//629 725//725
f 633//633 631//631 638//638
f 631//631 633//633 634//634
f 632//632 631//631 634//634
f 614//614 633//633 638//638
f 632//632 634//634 635//635
f 632//632 635//635 625//625
f 634//634 633//633 636//636
f 636//636 633//633 614//614
f 637//637 635//635 634//634
f 637//637 634//634 636//636
f 790//790 636//636 614//614
f 729//729 639//639 641//641
f 641//641 642//642 729//729
f 639//639 527//527 526//526
f 641//641 639//639 526//526
f 526//526 642//642 641//641
f 530//530 643//643 531//531
f 735//735 647//647 644//644
f 646//646 738//738 645//645
f 737//737 645//645 738//738
f 647//647 534//534 532//532
f 648//648 534//534 647//647
f 648//648 655//655 534//534
f 649//649 648//648 647//647
f 650//650 655//655 648//648
f 740//740 648//648 649//649
f 648//648 740//740 650//650
f 651//651 535//535 652//652
f 742//742 652//652 535//535
f 658//658 535//535 540//540
f 652//652 742//742 741//741
f 658//658 742//742 535//535
f 652//652 646//646 651//651
f 652//652 741//741 646//646
f 748//748 654//654 653//653
f 654//654 661//661 653//653
f 654//654 662//662 661//661
f 746//746 654//654 748//748
f 746//746 745//745 654//654
f 745//745 662//662 654//654
f 656//656 537//537 655//655
f 656//656 539//539 537//537
f 655//655 650//650 656//656
f 653//653 539//539 656//656
f 656//656 748//748 653//653
f 664//664 657//657 541//541
f 658//658 540//540 657//657
f 749//749 658//658 657//657
f 664//664 749//749 657//657
f 666//666 751//751 665//665
f 751//751 666//666 752//752
f 749//749 664//664 665//665
f 660//660 659//659 544//544
f 757//757 660//660 662//662
f 671//671 666//666 663//663
f 752//752 666//666 671//671
f 663//663 667//667 668//668
f 678//678 669//669 667//667
f 668//668 667//667 669//669
f 671//671 668//668 758//758
f 668//668 671//671 663//663
f 758//758 752//752 671//671
f 669//669 672//672 668//668
f 670//670 672//672 669//669
f 679//679 670//670 551//551
f 672//672 670//670 753//753
f 679//679 554//554 673//673
f 673//673 674//674 679//679
f 676//676 674//674 673//673
f 675//675 676//676 673//673
f 679//679 674//674 670//670
f 674//674 676//676 759//759
f 670//670 674//674 753//753
f 675//675 760//760 676//676
f 677//677 760//760 675//675
f 542//542 544//544 677//677
f 542//542 677//677 675//675
f 677//677 544//544 659//659
f 677//677 659//659 760//760
f 659//659 755//755 760//760
f 551//551 678//678 550//550
f 670//670 669//669 678//678
f 551//551 670//670 678//678
f 675//675 673//673 554//554
f 682//682 573//573 680//680
f 682//682 680//680 681//681
f 681//681 702//702 684//684
f 682//682 681//681 684//684
f 682//682 684//684 683//683
f 685//685 688//688 686//686
f 573//573 687//687 570//570
f 695//695 686//686 688//688
f 695//695 693//693 686//686
f 685//685 687//687 688//688
f 683//683 689//689 682//682
f 682//682 689//689 573//573
f 689//689 687//687 573//573
f 691//691 690//690 689//689
f 689//689 690//690 687//687
f 690//690 688//688 687//687
f 696//696 695//695 688//688
f 689//689 683//683 691//691
f 691//691 692//692 690//690
f 690//690 692//692 688//688
f 692//692 696//696 688//688
f 692//692 700//700 696//696
f 575//575 693//693 694//694
f 694//694 693//693 695//695
f 694//694 585//585 575//575
f 695//695 697//697 694//694
f 694//694 697//697 698//698
f 694//694 698//698 705//705
f 585//585 694//694 705//705
f 703//703 585//585 705//705
f 695//695 696//696 697//697
f 705//705 698//698 706//706
f 698//698 697//697 699//699
f 698//698 699//699 709//709
f 706//706 698//698 709//709
f 696//696 700//700 697//697
f 697//697 700//700 699//699
f 823//823 699//699 700//700
f 823//823 766//766 699//699
f 699//699 766//766 709//709
f 700//700 762//762 823//823
f 578//578 588//588 702//702
f 702//702 701//701 578//578
f 681//681 701//701 702//702
f 708//708 586//586 704//704
f 705//705 706//706 703//703
f 706//706 704//704 703//703
f 706//706 707//707 704//704
f 707//707 708//708 704//704
f 709//709 710//710 706//706
f 706//706 710//710 707//707
f 711//711 708//708 707//707
f 709//709 767//767 710//710
f 711//711 707//707 710//710
f 711//711 710//710 767//767
f 709//709 766//766 767//767
f 711//711 769//769 708//708
f 591//591 712//712 715//715
f 591//591 586//586 708//708
f 708//708 712//712 591//591
f 770//770 773//773 712//712
f 769//769 712//712 708//708
f 599//599 713//713 594//594
f 714//714 588//588 713//713
f 714//714 713//713 771//771
f 716//716 600//600 715//715
f 772//772 600//600 716//716
f 716//716 715//715 712//712
f 772//772 717//717 600//600
f 773//773 716//716 712//712
f 716//716 773//773 772//772
f 719//719 599//599 598//598
f 719//719 598//598 605//605
f 599//599 719//719 776//776
f 776//776 774//774 599//599
f 479//479 717//717 606//606
f 779//779 718//718 603//603
f 719//719 605//605 718//718
f 718//718 776//776 719//719
f 720//720 606//606 717//717
f 606//606 720//720 615//615
f 721//721 619//619 723//723
f 780//780 610//610 613//613
f 721//721 781//781 780//780
f 721//721 780//780 613//613
f 781//781 721//721 723//723
f 782//782 790//790 614//614
f 614//614 615//615 782//782
f 723//723 619//619 722//722
f 722//722 621//621 784//784
f 722//722 784//784 783//783
f 723//723 722//722 783//783
f 727//727 622//622 726//726
f 621//621 622//622 724//724
f 622//622 727//727 724//724
f 621//621 724//724 784//784
f 726//726 630//630 728//728
f 725//725 788//788 728//728
f 725//725 728//728 630//630
f 727//727 726//726 728//728
f 728//728 788//788 787//787
f 637//637 636//636 790//790
f 637//637 788//788 725//725
f 637//637 790//790 788//788
f 729//729 527//527 639//639
f 792//792 730//730 379//379
f 793//793 730//730 792//792
f 792//792 527//527 791//791
f 795//795 732//732 730//730
f 793//793 795//795 730//730
f 732//732 795//795 733//733
f 729//729 642//642 842//842
f 842//842 642//642 731//731
f 731//731 642//642 797//797
f 842//842 731//731 797//797
f 730//730 732//732 379//379
f 732//732 733//733 530//530
f 530//530 733//733 734//734
f 797//797 640//640 737//737
f 804//804 797//797 737//737
f 797//797 804//804 909//909
f 797//797 642//642 640//640
f 530//530 734//734 643//643
f 643//643 734//734 735//735
f 734//734 799//799 735//735
f 735//735 799//799 798//798
f 736//736 800//800 807//807
f 737//737 738//738 804//804
f 805//805 804//804 738//738
f 738//738 739//739 805//805
f 806//806 805//805 739//739
f 643//643 735//735 644//644
f 736//736 647//647 735//735
f 736//736 649//649 647//647
f 807//807 649//649 736//736
f 646//646 739//739 738//738
f 739//739 646//646 741//741
f 806//806 739//739 741//741
f 813//813 741//741 742//742
f 807//807 740//740 649//649
f 740//740 807//807 808//808
f 808//808 650//650 740//740
f 808//808 748//748 650//650
f 810//810 746//746 748//748
f 742//742 658//658 743//743
f 751//751 752//752 818//818
f 747//747 744//744 757//757
f 756//756 744//744 755//755
f 820//820 755//755 744//744
f 747//747 815//815 744//744
f 745//745 757//757 662//662
f 747//747 745//745 746//746
f 757//757 745//745 747//747
f 748//748 656//656 650//650
f 749//749 743//743 658//658
f 665//665 743//743 749//749
f 665//665 751//751 743//743
f 758//758 750//750 872//872
f 750//750 925//925 872//872
f 752//752 758//758 867//867
f 867//867 758//758 872//872
f 753//753 925//925 750//750
f 821//821 760//760 755//755
f 754//754 760//760 821//821
f 755//755 659//659 756//756
f 660//660 757//757 756//756
f 660//660 756//756 659//659
f 757//757 744//744 756//756
f 758//758 672//672 750//750
f 668//668 672//672 758//758
f 753//753 750//750 672//672
f 753//753 674//674 759//759
f 676//676 754//754 759//759
f 676//676 760//760 754//754
f 683//683 684//684 761//761
f 761//761 763//763 683//683
f 683//683 763//763 691//691
f 763//763 692//692 691//691
f 763//763 764//764 692//692
f 692//692 762//762 700//700
f 692//692 764//764 762//762
f 765//765 825//825 702//702
f 702//702 825//825 684//684
f 766//766 823//823 768//768
f 767//767 766//766 768//768
f 829//829 769//769 711//711
f 767//767 827//827 711//711
f 767//767 768//768 827//827
f 588//588 714//714 765//765
f 765//765 702//702 588//588
f 825//825 765//765 828//828
f 769//769 770//770 712//712
f 829//829 770//770 769//769
f 770//770 831//831 773//773
f 829//829 831//831 770//770
f 713//713 599//599 771//771
f 714//714 771//771 828//828
f 599//599 774//774 771//771
f 771//771 774//774 830//830
f 830//830 828//828 771//771
f 772//772 946//946 717//717
f 772//772 945//945 946//946
f 945//945 772//772 773//773
f 831//831 945//945 773//773
f 777//777 774//774 776//776
f 717//717 946//946 720//720
f 775//775 776//776 718//718
f 777//777 776//776 775//775
f 775//775 718//718 779//779
f 778//778 775//775 779//779
f 777//777 775//775 778//778
f 778//778 833//833 777//777
f 780//780 779//779 610//610
f 837//837 780//780 781//781
f 780//780 835//835 779//779
f 834//834 835//835 780//780
f 782//782 887//887 790//790
f 615//615 720//720 782//782
f 883//883 782//782 720//720
f 883//883 887//887 782//782
f 783//783 781//781 723//723
f 784//784 785//785 783//783
f 785//785 784//784 786//786
f 781//781 783//783 837//837
f 837//837 783//783 785//785
f 786//786 724//724 727//727
f 789//789 727//727 728//728
f 784//784 724//724 786//786
f 786//786 727//727 789//789
f 789//789 728//728 787//787
f 840//840 787//787 788//788
f 789//789 787//787 840//840
f 792//792 844//844 793//793
f 844//844 792//792 841//841
f 846//846 842//842 797//797
f 527//527 729//729 791//791
f 793//793 843//843 795//795
f 795//795 848//848 794//794
f 794//794 850//850 799//799
f 794//794 848//848 850//850
f 847//847 797//797 909//909
f 733//733 794//794 734//734
f 733//733 795//795 794//794
f 799//799 734//734 794//794
f 799//799 850//850 796//796
f 796//796 798//798 799//799
f 796//796 854//854 798//798
f 854//854 800//800 798//798
f 798//798 736//736 735//735
f 801//801 807//807 800//800
f 736//736 798//798 800//800
f 802//802 809//809 801//801
f 856//856 802//802 801//801
f 809//809 802//802 803//803
f 857//857 803//803 802//802
f 909//909 805//805 806//806
f 804//804 805//805 909//909
f 860//860 863//863 811//811
f 801//801 809//809 807//807
f 808//808 807//807 809//809
f 810//810 748//748 808//808
f 809//809 810//810 808//808
f 803//803 810//810 809//809
f 811//811 810//810 859//859
f 859//859 810//810 803//803
f 806//806 741//741 813//813
f 813//813 742//742 812//812
f 814//814 813//813 812//812
f 812//812 865//865 814//814
f 865//865 818//818 867//867
f 819//819 816//816 871//871
f 816//816 815//815 864//864
f 820//820 815//815 816//816
f 864//864 919//919 816//816
f 811//811 863//863 747//747
f 863//863 815//815 747//747
f 863//863 864//864 815//815
f 747//747 746//746 811//811
f 811//811 746//746 810//810
f 818//818 752//752 867//867
f 812//812 742//742 743//743
f 743//743 817//817 812//812
f 812//812 817//817 865//865
f 751//751 817//817 743//743
f 817//817 751//751 818//818
f 818//818 865//865 817//817
f 925//925 753//753 869//869
f 869//869 753//753 759//759
f 759//759 870//870 869//869
f 870//870 754//754 821//821
f 754//754 870//870 759//759
f 821//821 819//819 870//870
f 755//755 820//820 821//821
f 816//816 819//819 820//820
f 820//820 819//819 821//821
f 815//815 820//820 744//744
f 761//761 822//822 763//763
f 822//822 824//824 763//763
f 763//763 824//824 764//764
f 824//824 826//826 764//764
f 880//880 826//826 824//824
f 825//825 828//828 873//873
f 873//873 828//828 926//926
f 684//684 825//825 873//873
f 761//761 875//875 822//822
f 764//764 826//826 762//762
f 826//826 823//823 762//762
f 878//878 768//768 823//823
f 880//880 879//879 826//826
f 878//878 936//936 768//768
f 827//827 829//829 711//711
f 765//765 714//714 828//828
f 774//774 832//832 830//830
f 774//774 777//777 832//832
f 832//832 881//881 830//830
f 836//836 778//778 779//779
f 832//832 777//777 833//833
f 833//833 778//778 836//836
f 882//882 833//833 836//836
f 832//832 833//833 882//882
f 720//720 946//946 883//883
f 947//947 883//883 946//946
f 834//834 780//780 837//837
f 835//835 836//836 779//779
f 837//837 889//889 834//834
f 884//884 835//835 834//834
f 834//834 889//889 884//884
f 836//836 835//835 885//885
f 884//884 885//885 835//835
f 785//785 786//786 838//838
f 890//890 889//889 837//837
f 890//890 837//837 785//785
f 888//888 890//890 785//785
f 888//888 785//785 838//838
f 839//839 786//786 789//789
f 838//838 786//786 839//839
f 839//839 789//789 840//840
f 888//888 838//838 839//839
f 888//888 839//839 949//949
f 949//949 839//839 840//840
f 788//788 790//790 891//891
f 892//892 891//891 790//790
f 788//788 891//891 840//840
f 891//891 950//950 840//840
f 887//887 892//892 790//790
f 841//841 791//791 893//893
f 896//896 842//842 846//846
f 729//729 842//842 897//897
f 841//841 792//792 791//791
f 844//844 843//843 793//793
f 843//843 845//845 795//795
f 844//844 899//899 843//843
f 899//899 845//845 843//843
f 847//847 846//846 797//797
f 904//904 846//846 847//847
f 845//845 848//848 795//795
f 848//848 845//845 901//901
f 850//850 848//848 849//849
f 851//851 852//852 796//796
f 850//850 851//851 796//796
f 852//852 854//854 796//796
f 849//849 851//851 850//850
f 852//852 851//851 849//849
f 852//852 849//849 911//911
f 911//911 855//855 852//852
f 914//914 909//909 806//806
f 912//912 853//853 857//857
f 963//963 860//860 853//853
f 964//964 860//860 963//963
f 854//854 852//852 855//855
f 855//855 800//800 854//854
f 855//855 801//801 800//800
f 911//911 856//856 855//855
f 856//856 801//801 855//855
f 911//911 912//912 856//856
f 912//912 857//857 856//856
f 915//915 813//813 913//913
f 915//915 806//806 813//813
f 858//858 913//913 813//813
f 856//856 857//857 802//802
f 859//859 803//803 857//857
f 853//853 859//859 857//857
f 860//860 811//811 859//859
f 860//860 859//859 853//853
f 964//964 918//918 860//860
f 861//861 858//858 813//813
f 861//861 813//813 814//814
f 861//861 814//814 862//862
f 862//862 814//814 865//865
f 866//866 862//862 865//865
f 916//916 861//861 862//862
f 921//921 862//862 920//920
f 918//918 863//863 860//860
f 863//863 918//918 864//864
f 918//918 919//919 864//864
f 867//867 866//866 865//865
f 867//867 872//872 924//924
f 866//866 920//920 862//862
f 920//920 866//866 867//867
f 920//920 867//867 924//924
f 924//924 872//872 868//868
f 872//872 925//925 868//868
f 870//870 923//923 869//869
f 870//870 993//993 923//923
f 819//819 993//993 870//870
f 871//871 816//816 919//919
f 761//761 684//684 874//874
f 874//874 684//684 873//873
f 926//926 876//876 873//873
f 873//873 876//876 874//874
f 874//874 876//876 875//875
f 875//875 876//876 928//928
f 875//875 928//928 932//932
f 876//876 929//929 928//928
f 822//822 877//877 824//824
f 877//877 880//880 824//824
f 875//875 877//877 822//822
f 874//874 875//875 761//761
f 932//932 877//877 875//875
f 933//933 880//880 877//877
f 932//932 933//933 877//877
f 826//826 879//879 823//823
f 879//879 878//878 823//823
f 880//880 937//937 879//879
f 937//937 938//938 879//879
f 938//938 878//878 879//879
f 938//938 936//936 878//878
f 943//943 828//828 830//830
f 828//828 939//939 926//926
f 828//828 943//943 939//939
f 830//830 944//944 943//943
f 944//944 830//830 881//881
f 832//832 1007//1007 881//881
f 832//832 882//882 1007//1007
f 883//883 947//947 1008//1008
f 883//883 1008//1008 887//887
f 886//886 884//884 979//979
f 885//885 882//882 836//836
f 979//979 884//884 889//889
f 886//886 882//882 885//885
f 886//886 885//885 884//884
f 892//892 887//887 952//952
f 948//948 888//888 949//949
f 890//890 888//888 948//948
f 980//980 948//948 949//949
f 950//950 949//949 840//840
f 892//892 952//952 951//951
f 950//950 891//891 951//951
f 951//951 891//891 892//892
f 894//894 841//841 893//893
f 894//894 898//898 841//841
f 955//955 898//898 894//894
f 955//955 895//895 898//898
f 897//897 842//842 896//896
f 897//897 791//791 729//729
f 898//898 844//844 841//841
f 844//844 898//898 899//899
f 899//899 895//895 900//900
f 899//899 900//900 845//845
f 845//845 900//900 901//901
f 899//899 898//898 895//895
f 900//900 895//895 903//903
f 900//900 903//903 901//901
f 956//956 903//903 895//895
f 901//901 903//903 902//902
f 903//903 1023//1023 902//902
f 1023//1023 957//957 902//902
f 956//956 1023//1023 903//903
f 1032//1032 904//904 907//907
f 904//904 896//896 846//846
f 848//848 901//901 905//905
f 848//848 905//905 849//849
f 901//901 902//902 905//905
f 905//905 906//906 849//849
f 957//957 906//906 905//905
f 902//902 957//957 905//905
f 906//906 908//908 849//849
f 906//906 957//957 1025//1025
f 958//958 906//906 1025//1025
f 958//958 908//908 906//906
f 907//907 904//904 847//847
f 961//961 907//907 910//910
f 908//908 911//911 849//849
f 959//959 912//912 911//911
f 959//959 911//911 908//908
f 965//965 912//912 959//959
f 965//965 853//853 912//912
f 966//966 853//853 965//965
f 907//907 847//847 909//909
f 910//910 909//909 914//914
f 907//907 909//909 910//910
f 806//806 915//915 914//914
f 917//917 858//858 861//861
f 916//916 917//917 861//861
f 918//918 988//988 919//919
f 988//988 918//918 964//964
f 916//916 862//862 921//921
f 994//994 924//924 868//868
f 921//921 920//920 922//922
f 922//922 920//920 924//924
f 922//922 924//924 994//994
f 922//922 968//968 921//921
f 968//968 922//922 994//994
f 1085//1085 994//994 868//868
f 1085//1085 868//868 923//923
f 871//871 993//993 819//819
f 969//969 871//871 919//919
f 925//925 869//869 923//923
f 923//923 868//868 925//925
f 926//926 927//927 929//929
f 929//929 876//876 926//926
f 931//931 928//928 929//929
f 930//930 932//932 928//928
f 931//931 929//929 927//927
f 928//928 931//931 930//930
f 932//932 930//930 935//935
f 970//970 930//930 931//931
f 931//931 927//927 970//970
f 935//935 933//933 932//932
f 933//933 934//934 880//880
f 935//935 934//934 933//933
f 768//768 940//940 827//827
f 768//768 936//936 940//940
f 938//938 942//942 936//936
f 936//936 942//942 940//940
f 934//934 937//937 880//880
f 997//997 938//938 937//937
f 1001//1001 939//939 943//943
f 927//927 926//926 939//939
f 829//829 827//827 940//940
f 942//942 941//941 940//940
f 940//940 941//941 829//829
f 997//997 942//942 938//938
f 944//944 881//881 974//974
f 943//943 944//944 1004//1004
f 1004//1004 1001//1001 943//943
f 1007//1007 974//974 881//881
f 976//976 947//947 946//946
f 946//946 1005//1005 976//976
f 1005//1005 946//946 945//945
f 1005//1005 947//947 976//976
f 886//886 977//977 882//882
f 979//979 977//977 886//886
f 977//977 1007//1007 882//882
f 1008//1008 947//947 1005//1005
f 890//890 978//978 889//889
f 978//978 979//979 889//889
f 890//890 948//948 980//980
f 978//978 890//890 980//980
f 982//982 981//981 949//949
f 981//981 980//980 949//949
f 982//982 949//949 950//950
f 982//982 950//950 1014//1014
f 953//953 950//950 951//951
f 953//953 951//951 952//952
f 950//950 953//953 1014//1014
f 986//986 985//985 954//954
f 893//893 954//954 984//984
f 893//893 984//984 894//894
f 954//954 985//985 984//984
f 1019//1019 895//895 955//955
f 955//955 983//983 1019//1019
f 1019//1019 956//956 895//895
f 1022//1022 897//897 896//896
f 1028//1028 896//896 904//904
f 986//986 954//954 791//791
f 986//986 791//791 897//897
f 1022//1022 986//986 897//897
f 893//893 791//791 954//954
f 1030//1030 958//958 1025//1025
f 1030//1030 959//959 958//958
f 959//959 908//908 958//958
f 960//960 959//959 1030//1030
f 966//966 965//965 960//960
f 961//961 910//910 962//962
f 961//961 1032//1032 907//907
f 960//960 965//965 959//959
f 962//962 914//914 915//915
f 910//910 914//914 962//962
f 962//962 915//915 989//989
f 966//966 963//963 853//853
f 989//989 913//913 858//858
f 990//990 989//989 858//858
f 990//990 858//858 917//917
f 921//921 967//967 916//916
f 967//967 917//917 916//916
f 989//989 915//915 913//913
f 968//968 1083//1083 967//967
f 968//968 994//994 1083//1083
f 968//968 967//967 921//921
f 993//993 871//871 969//969
f 930//930 995//995 935//935
f 1048//1048 930//930 970//970
f 1048//1048 995//995 930//930
f 934//934 996//996 937//937
f 934//934 935//935 995//995
f 927//927 939//939 1001//1001
f 1000//1000 942//942 997//997
f 829//829 973//973 831//831
f 941//941 942//942 971//971
f 941//941 973//973 829//829
f 999//999 942//942 1000//1000
f 971//971 942//942 999//999
f 941//941 972//972 973//973
f 941//941 971//971 972//972
f 999//999 972//972 971//971
f 999//999 1054//1054 972//972
f 973//973 972//972 1054//1054
f 973//973 1002//1002 831//831
f 1002//1002 945//945 831//831
f 945//945 1002//1002 975//975
f 1003//1003 974//974 1007//1007
f 1004//1004 944//944 974//974
f 1005//1005 945//945 975//975
f 1006//1006 975//975 1002//1002
f 1006//1006 1005//1005 975//975
f 977//977 1062//1062 1007//1007
f 1062//1062 977//977 979//979
f 978//978 1010//1010 979//979
f 978//978 980//980 1010//1010
f 979//979 1010//1010 1012//1012
f 1064//1064 952//952 887//887
f 1066//1066 981//981 982//982
f 986//986 1022//1022 1017//1017
f 985//985 986//986 1017//1017
f 894//894 983//983 955//955
f 983//983 894//894 984//984
f 1028//1028 1022//1022 896//896
f 957//957 1024//1024 1025//1025
f 1023//1023 1024//1024 957//957
f 1028//1028 904//904 1032//1032
f 1027//1027 960//960 1030//1030
f 1033//1033 1032//1032 987//987
f 1036//1036 963//963 966//966
f 1027//1027 1031//1031 960//960
f 1031//1031 1036//1036 966//966
f 1031//1031 966//966 960//960
f 1032//1032 961//961 987//987
f 963//963 1034//1034 964//964
f 1034//1034 963//963 1036//1036
f 987//987 961//961 962//962
f 989//989 1039//1039 1037//1037
f 962//962 989//989 1037//1037
f 1037//1037 987//987 962//962
f 1041//1041 988//988 964//964
f 991//991 990//990 917//917
f 917//917 967//967 992//992
f 989//989 990//990 1039//1039
f 1039//1039 990//990 1040//1040
f 1040//1040 990//990 991//991
f 917//917 992//992 991//991
f 1045//1045 992//992 967//967
f 992//992 1040//1040 991//991
f 969//969 1044//1044 1043//1043
f 919//919 988//988 1044//1044
f 1045//1045 967//967 1083//1083
f 1081//1081 1085//1085 923//923
f 1083//1083 994//994 1084//1084
f 923//923 993//993 1081//1081
f 969//969 919//919 1044//1044
f 934//934 995//995 996//996
f 927//927 1001//1001 1046//1046
f 927//927 1046//1046 1047//1047
f 1047//1047 970//970 927//927
f 970//970 1047//1047 1048//1048
f 995//995 1049//1049 996//996
f 937//937 996//996 997//997
f 996//996 998//998 997//997
f 998//998 1000//1000 997//997
f 1001//1001 1051//1051 1046//1046
f 1003//1003 1057//1057 1004//1004
f 1003//1003 1004//1004 974//974
f 1001//1001 1004//1004 1057//1057
f 1057//1057 1003//1003 1059//1059
f 1058//1058 1006//1006 1002//1002
f 1006//1006 1060//1060 1005//1005
f 1060//1060 1006//1006 1058//1058
f 1055//1055 1058//1058 1002//1002
f 1007//1007 1062//1062 1059//1059
f 1009//1009 1062//1062 979//979
f 1009//1009 979//979 1012//1012
f 1011//1011 952//952 1064//1064
f 1008//1008 1064//1064 887//887
f 1008//1008 1183//1183 1064//1064
f 1012//1012 1010//1010 980//980
f 980//980 981//981 1013//1013
f 1013//1013 1012//1012 980//980
f 1013//1013 981//981 1066//1066
f 982//982 1014//1014 1066//1066
f 953//953 952//952 1014//1014
f 1018//1018 1106//1106 1015//1015
f 1015//1015 985//985 1018//1018
f 1028//1028 1111//1111 1017//1017
f 1022//1022 1028//1028 1017//1017
f 1016//1016 984//984 1015//1015
f 1015//1015 984//984 985//985
f 984//984 1016//1016 983//983
f 983//983 1016//1016 1019//1019
f 1016//1016 1070//1070 1019//1019
f 1070//1070 1020//1020 1019//1019
f 1070//1070 1021//1021 1020//1020
f 1020//1020 1021//1021 1023//1023
f 1023//1023 1071//1071 1024//1024
f 1023//1023 1021//1021 1071//1071
f 1071//1071 1072//1072 1024//1024
f 1017//1017 1018//1018 985//985
f 1019//1019 1020//1020 956//956
f 1020//1020 1023//1023 956//956
f 1072//1072 1025//1025 1024//1024
f 1110//1110 1025//1025 1072//1072
f 1110//1110 1026//1026 1025//1025
f 1112//1112 1026//1026 1110//1110
f 1112//1112 1027//1027 1026//1026
f 1032//1032 1029//1029 1028//1028
f 1030//1030 1025//1025 1026//1026
f 1027//1027 1030//1030 1026//1026
f 1113//1113 1031//1031 1027//1027
f 1202//1202 1031//1031 1113//1113
f 1033//1033 1038//1038 1076//1076
f 1075//1075 1033//1033 1076//1076
f 1035//1035 964//964 1034//1034
f 1033//1033 987//987 1037//1037
f 1038//1038 1033//1033 1037//1037
f 1038//1038 1037//1037 1039//1039
f 1038//1038 1039//1039 1076//1076
f 1082//1082 1044//1044 1041//1041
f 1041//1041 1044//1044 988//988
f 1045//1045 1042//1042 992//992
f 1045//1045 1083//1083 1042//1042
f 992//992 1042//1042 1040//1040
f 1084//1084 994//994 1085//1085
f 993//993 1043//1043 1081//1081
f 1044//1044 1086//1086 1043//1043
f 1044//1044 1082//1082 1086//1086
f 1043//1043 1086//1086 1080//1080
f 1043//1043 993//993 969//969
f 1087//1087 1047//1047 1046//1046
f 1174//1174 995//995 1048//1048
f 1174//1174 1130//1130 995//995
f 1130//1130 1049//1049 995//995
f 1047//1047 1173//1173 1048//1048
f 1173//1173 1174//1174 1048//1048
f 998//998 1050//1050 1000//1000
f 1049//1049 998//998 996//996
f 1050//1050 1052//1052 1000//1000
f 1049//1049 1050//1050 998//998
f 1049//1049 1131//1131 1050//1050
f 1052//1052 1054//1054 1000//1000
f 1000//1000 1054//1054 999//999
f 1057//1057 1051//1051 1001//1001
f 1057//1057 1092//1092 1051//1051
f 1051//1051 1093//1093 1046//1046
f 1056//1056 1054//1054 1088//1088
f 1052//1052 1088//1088 1054//1054
f 1056//1056 1055//1055 973//973
f 1056//1056 973//973 1054//1054
f 1056//1056 1053//1053 1055//1055
f 1057//1057 1059//1059 1092//1092
f 1051//1051 1092//1092 1093//1093
f 1097//1097 1060//1060 1058//1058
f 1053//1053 1094//1094 1055//1055
f 1055//1055 1002//1002 973//973
f 1094//1094 1058//1058 1055//1055
f 1007//1007 1059//1059 1003//1003
f 1096//1096 1092//1092 1059//1059
f 1005//1005 1060//1060 1061//1061
f 1097//1097 1061//1061 1060//1060
f 1096//1096 1059//1059 1062//1062
f 1061//1061 1008//1008 1005//1005
f 1101//1101 1008//1008 1061//1061
f 1062//1062 1009//1009 1063//1063
f 1063//1063 1009//1009 1012//1012
f 1063//1063 1012//1012 1102//1102
f 1102//1102 1012//1012 1065//1065
f 1103//1103 1067//1067 1104//1104
f 1103//1103 1065//1065 1067//1067
f 1013//1013 1066//1066 1067//1067
f 1065//1065 1013//1013 1067//1067
f 1065//1065 1012//1012 1013//1013
f 1066//1066 1104//1104 1067//1067
f 1105//1105 1104//1104 1066//1066
f 1105//1105 1066//1066 1014//1014
f 1014//1014 1011//1011 1068//1068
f 1105//1105 1014//1014 1068//1068
f 1105//1105 1068//1068 1188//1188
f 1014//1014 952//952 1011//1011
f 1016//1016 1069//1069 1107//1107
f 1015//1015 1069//1069 1016//1016
f 1015//1015 1106//1106 1069//1069
f 1017//1017 1106//1106 1018//1018
f 1070//1070 1146//1146 1071//1071
f 1109//1109 1017//1017 1111//1111
f 1029//1029 1111//1111 1028//1028
f 1071//1071 1021//1021 1070//1070
f 1029//1029 1032//1032 1073//1073
f 1073//1073 1111//1111 1029//1029
f 1113//1113 1027//1027 1112//1112
f 1074//1074 1032//1032 1033//1033
f 1073//1073 1032//1032 1074//1074
f 1073//1073 1074//1074 1075//1075
f 1156//1156 1114//1114 1034//1034
f 1036//1036 1031//1031 1202//1202
f 1115//1115 1075//1075 1076//1076
f 1115//1115 1076//1076 1119//1119
f 1074//1074 1033//1033 1075//1075
f 1078//1078 1035//1035 1117//1117
f 1034//1034 1114//1114 1117//1117
f 1156//1156 1034//1034 1036//1036
f 1076//1076 1039//1039 1040//1040
f 1119//1119 1076//1076 1040//1040
f 1121//1121 1040//1040 1079//1079
f 1121//1121 1119//1119 1040//1040
f 1116//1116 1077//1077 1078//1078
f 964//964 1035//1035 1041//1041
f 1041//1041 1035//1035 1078//1078
f 1079//1079 1040//1040 1042//1042
f 1083//1083 1079//1079 1042//1042
f 1086//1086 1082//1082 1077//1077
f 1086//1086 1077//1077 1080//1080
f 1041//1041 1078//1078 1082//1082
f 1077//1077 1082//1082 1078//1078
f 1120//1120 1084//1084 1085//1085
f 1084//1084 1120//1120 1083//1083
f 1120//1120 1122//1122 1083//1083
f 1129//1129 1085//1085 1081//1081
f 1129//1129 1120//1120 1085//1085
f 1081//1081 1043//1043 1080//1080
f 1087//1087 1046//1046 1133//1133
f 1087//1087 1173//1173 1047//1047
f 1130//1130 1131//1131 1049//1049
f 1056//1056 1088//1088 1053//1053
f 1052//1052 1090//1090 1088//1088
f 1050//1050 1089//1089 1052//1052
f 1089//1089 1090//1090 1052//1052
f 1131//1131 1132//1132 1050//1050
f 1132//1132 1089//1089 1050//1050
f 1089//1089 1132//1132 1135//1135
f 1089//1089 1135//1135 1090//1090
f 1090//1090 1135//1135 1134//1134
f 1090//1090 1134//1134 1088//1088
f 1092//1092 1091//1091 1133//1133
f 1092//1092 1133//1133 1093//1093
f 1133//1133 1046//1046 1093//1093
f 1095//1095 1053//1053 1088//1088
f 1095//1095 1094//1094 1053//1053
f 1100//1100 1058//1058 1094//1094
f 1095//1095 1088//1088 1134//1134
f 1095//1095 1100//1100 1094//1094
f 1091//1091 1092//1092 1096//1096
f 1137//1137 1091//1091 1096//1096
f 1178//1178 1091//1091 1137//1137
f 1097//1097 1098//1098 1061//1061
f 1098//1098 1101//1101 1061//1061
f 1100//1100 1097//1097 1058//1058
f 1099//1099 1097//1097 1100//1100
f 1099//1099 1098//1098 1097//1097
f 1099//1099 1284//1284 1098//1098
f 1284//1284 1230//1230 1101//1101
f 1284//1284 1101//1101 1098//1098
f 1228//1228 1099//1099 1100//1100
f 1284//1284 1099//1099 1228//1228
f 1138//1138 1096//1096 1062//1062
f 1008//1008 1101//1101 1183//1183
f 1184//1184 1062//1062 1063//1063
f 1138//1138 1062//1062 1184//1184
f 1064//1064 1232//1232 1011//1011
f 1065//1065 1103//1103 1139//1139
f 1104//1104 1139//1139 1103//1103
f 1194//1194 1147//1147 1108//1108
f 1106//1106 1017//1017 1143//1143
f 1107//1107 1069//1069 1190//1190
f 1069//1069 1106//1106 1145//1145
f 1190//1190 1069//1069 1145//1145
f 1107//1107 1108//1108 1016//1016
f 1107//1107 1194//1194 1108//1108
f 1147//1147 1070//1070 1108//1108
f 1016//1016 1108//1108 1070//1070
f 1150//1150 1071//1071 1146//1146
f 1151//1151 1071//1071 1150//1150
f 1072//1072 1071//1071 1151//1151
f 1072//1072 1151//1151 1110//1110
f 1151//1151 1112//1112 1110//1110
f 1073//1073 1155//1155 1111//1111
f 1158//1158 1157//1157 1075//1075
f 1115//1115 1160//1160 1075//1075
f 1115//1115 1119//1119 1160//1160
f 1160//1160 1119//1119 1169//1169
f 1169//1169 1119//1119 1121//1121
f 1126//1126 1128//1128 1271//1271
f 1127//1127 1116//1116 1172//1172
f 1171//1171 1116//1116 1118//1118
f 1116//1116 1171//1171 1172//1172
f 1170//1170 1127//1127 1172//1172
f 1118//1118 1078//1078 1117//1117
f 1116//1116 1078//1078 1118//1118
f 1114//1114 1118//1118 1117//1117
f 1117//1117 1035//1035 1034//1034
f 1121//1121 1079//1079 1083//1083
f 1121//1121 1083//1083 1122//1122
f 1122//1122 1120//1120 1165//1165
f 1120//1120 1123//1123 1165//1165
f 1165//1165 1123//1123 1125//1125
f 1123//1123 1124//1124 1125//1125
f 1126//1126 1125//1125 1124//1124
f 1270//1270 1125//1125 1126//1126
f 1081//1081 1128//1128 1126//1126
f 1080//1080 1128//1128 1081//1081
f 1126//1126 1124//1124 1081//1081
f 1128//1128 1080//1080 1127//1127
f 1077//1077 1127//1127 1080//1080
f 1127//1127 1170//1170 1128//1128
f 1116//1116 1127//1127 1077//1077
f 1081//1081 1124//1124 1129//1129
f 1120//1120 1129//1129 1123//1123
f 1129//1129 1124//1124 1123//1123
f 1173//1173 1087//1087 1176//1176
f 1274//1274 1130//1130 1174//1174
f 1177//1177 1130//1130 1274//1274
f 1131//1131 1130//1130 1177//1177
f 1177//1177 1132//1132 1131//1131
f 1179//1179 1133//1133 1178//1178
f 1136//1136 1100//1100 1095//1095
f 1136//1136 1228//1228 1100//1100
f 1136//1136 1095//1095 1134//1134
f 1134//1134 1135//1135 1136//1136
f 1178//1178 1137//1137 1181//1181
f 1137//1137 1096//1096 1138//1138
f 1178//1178 1133//1133 1091//1091
f 1180//1180 1228//1228 1136//1136
f 1182//1182 1137//1137 1138//1138
f 1182//1182 1181//1181 1137//1137
f 1186//1186 1063//1063 1102//1102
f 1184//1184 1063//1063 1186//1186
f 1185//1185 1138//1138 1184//1184
f 1182//1182 1138//1138 1185//1185
f 1068//1068 1011//1011 1141//1141
f 1141//1141 1011//1011 1232//1232
f 1102//1102 1187//1187 1186//1186
f 1187//1187 1102//1102 1065//1065
f 1139//1139 1104//1104 1140//1140
f 1140//1140 1104//1104 1105//1105
f 1140//1140 1105//1105 1188//1188
f 1188//1188 1068//1068 1141//1141
f 1190//1190 1145//1145 1189//1189
f 1190//1190 1237//1237 1194//1194
f 1194//1194 1195//1195 1147//1147
f 1195//1195 1192//1192 1147//1147
f 1193//1193 1144//1144 1142//1142
f 1196//1196 1193//1193 1142//1142
f 1145//1145 1106//1106 1143//1143
f 1107//1107 1190//1190 1194//1194
f 1146//1146 1149//1149 1148//1148
f 1147//1147 1149//1149 1146//1146
f 1143//1143 1017//1017 1109//1109
f 1109//1109 1144//1144 1143//1143
f 1111//1111 1196//1196 1109//1109
f 1251//1251 1196//1196 1111//1111
f 1142//1142 1109//1109 1196//1196
f 1142//1142 1144//1144 1109//1109
f 1070//1070 1147//1147 1146//1146
f 1150//1150 1146//1146 1148//1148
f 1150//1150 1199//1199 1151//1151
f 1251//1251 1111//1111 1155//1155
f 1152//1152 1112//1112 1151//1151
f 1199//1199 1152//1152 1151//1151
f 1153//1153 1202//1202 1113//1113
f 1153//1153 1113//1113 1152//1152
f 1152//1152 1113//1113 1112//1112
f 1158//1158 1209//1209 1157//1157
f 1155//1155 1073//1073 1075//1075
f 1154//1154 1155//1155 1075//1075
f 1157//1157 1206//1206 1154//1154
f 1208//1208 1156//1156 1036//1036
f 1213//1213 1158//1158 1161//1161
f 1161//1161 1162//1162 1214//1214
f 1075//1075 1157//1157 1154//1154
f 1166//1166 1114//1114 1159//1159
f 1159//1159 1114//1114 1156//1156
f 1160//1160 1158//1158 1075//1075
f 1161//1161 1160//1160 1169//1169
f 1161//1161 1158//1158 1160//1160
f 1162//1162 1161//1161 1169//1169
f 1162//1162 1169//1169 1163//1163
f 1218//1218 1164//1164 1165//1165
f 1165//1165 1125//1125 1218//1218
f 1167//1167 1212//1212 1172//1172
f 1166//1166 1171//1171 1118//1118
f 1166//1166 1118//1118 1114//1114
f 1167//1167 1166//1166 1159//1159
f 1167//1167 1171//1171 1166//1166
f 1171//1171 1167//1167 1172//1172
f 1121//1121 1122//1122 1168//1168
f 1168//1168 1169//1169 1121//1121
f 1168//1168 1122//1122 1165//1165
f 1168//1168 1163//1163 1169//1169
f 1163//1163 1168//1168 1164//1164
f 1168//1168 1165//1165 1164//1164
f 1126//1126 1271//1271 1270//1270
f 1128//1128 1170//1170 1271//1271
f 1170//1170 1172//1172 1271//1271
f 1223//1223 1175//1175 1087//1087
f 1223//1223 1224//1224 1175//1175
f 1087//1087 1133//1133 1223//1223
f 1174//1174 1173//1173 1176//1176
f 1175//1175 1176//1176 1087//1087
f 1176//1176 1219//1219 1174//1174
f 1219//1219 1176//1176 1175//1175
f 1221//1221 1136//1136 1135//1135
f 1177//1177 1220//1220 1132//1132
f 1220//1220 1135//1135 1132//1132
f 1180//1180 1136//1136 1221//1221
f 1180//1180 1221//1221 1279//1279
f 1220//1220 1221//1221 1135//1135
f 1223//1223 1133//1133 1179//1179
f 1225//1225 1179//1179 1178//1178
f 1181//1181 1225//1225 1178//1178
f 1181//1181 1182//1182 1185//1185
f 1231//1231 1181//1181 1185//1185
f 1231//1231 1229//1229 1181//1181
f 1101//1101 1230//1230 1183//1183
f 1231//1231 1185//1185 1184//1184
f 1187//1187 1065//1065 1139//1139
f 1187//1187 1139//1139 1234//1234
f 1140//1140 1234//1234 1139//1139
f 1233//1233 1186//1186 1187//1187
f 1184//1184 1186//1186 1233//1233
f 1235//1235 1140//1140 1188//1188
f 1188//1188 1141//1141 1232//1232
f 1232//1232 1348//1348 1188//1188
f 1289//1289 1234//1234 1140//1140
f 1140//1140 1235//1235 1289//1289
f 1187//1187 1234//1234 1233//1233
f 1193//1193 1242//1242 1236//1236
f 1143//1143 1236//1236 1189//1189
f 1238//1238 1194//1194 1237//1237
f 1190//1190 1189//1189 1237//1237
f 1194//1194 1238//1238 1195//1195
f 1238//1238 1191//1191 1195//1195
f 1189//1189 1145//1145 1143//1143
f 1144//1144 1193//1193 1143//1143
f 1193//1193 1236//1236 1143//1143
f 1199//1199 1198//1198 1243//1243
f 1198//1198 1192//1192 1243//1243
f 1241//1241 1193//1193 1196//1196
f 1147//1147 1192//1192 1149//1149
f 1192//1192 1198//1198 1149//1149
f 1148//1148 1149//1149 1197//1197
f 1197//1197 1199//1199 1148//1148
f 1148//1148 1199//1199 1150//1150
f 1149//1149 1198//1198 1197//1197
f 1197//1197 1198//1198 1199//1199
f 1201//1201 1152//1152 1200//1200
f 1244//1244 1200//1200 1199//1199
f 1244//1244 1249//1249 1200//1200
f 1249//1249 1254//1254 1201//1201
f 1249//1249 1201//1201 1200//1200
f 1206//1206 1251//1251 1154//1154
f 1200//1200 1152//1152 1199//1199
f 1201//1201 1153//1153 1152//1152
f 1153//1153 1201//1201 1202//1202
f 1254//1254 1202//1202 1201//1201
f 1251//1251 1155//1155 1154//1154
f 1208//1208 1036//1036 1202//1202
f 1203//1203 1208//1208 1202//1202
f 1208//1208 1203//1203 1156//1156
f 1254//1254 1252//1252 1202//1202
f 1203//1203 1202//1202 1252//1252
f 1257//1257 1156//1156 1203//1203
f 1205//1205 1204//1204 1210//1210
f 1211//1211 1258//1258 1205//1205
f 1207//1207 1206//1206 1204//1204
f 1257//1257 1159//1159 1156//1156
f 1257//1257 1264//1264 1159//1159
f 1257//1257 1312//1312 1264//1264
f 1204//1204 1157//1157 1209//1209
f 1209//1209 1158//1158 1213//1213
f 1209//1209 1211//1211 1210//1210
f 1210//1210 1204//1204 1209//1209
f 1209//1209 1213//1213 1211//1211
f 1211//1211 1213//1213 1215//1215
f 1211//1211 1215//1215 1265//1265
f 1205//1205 1210//1210 1211//1211
f 1204//1204 1206//1206 1157//1157
f 1167//1167 1159//1159 1264//1264
f 1212//1212 1167//1167 1264//1264
f 1264//1264 1256//1256 1212//1212
f 1213//1213 1161//1161 1214//1214
f 1163//1163 1214//1214 1162//1162
f 1215//1215 1213//1213 1214//1214
f 1163//1163 1216//1216 1215//1215
f 1163//1163 1215//1215 1214//1214
f 1265//1265 1216//1216 1266//1266
f 1215//1215 1216//1216 1265//1265
f 1163//1163 1164//1164 1216//1216
f 1216//1216 1217//1217 1267//1267
f 1216//1216 1164//1164 1217//1217
f 1266//1266 1216//1216 1267//1267
f 1267//1267 1217//1217 1218//1218
f 1267//1267 1218//1218 1269//1269
f 1218//1218 1125//1125 1269//1269
f 1271//1271 1172//1172 1212//1212
f 1164//1164 1218//1218 1217//1217
f 1175//1175 1275//1275 1219//1219
f 1274//1274 1273//1273 1177//1177
f 1222//1222 1221//1221 1220//1220
f 1222//1222 1220//1220 1276//1276
f 1221//1221 1222//1222 1276//1276
f 1221//1221 1276//1276 1279//1279
f 1224//1224 1223//1223 1281//1281
f 1275//1275 1224//1224 1281//1281
f 1275//1275 1175//1175 1224//1224
f 1229//1229 1226//1226 1181//1181
f 1225//1225 1227//1227 1179//1179
f 1226//1226 1225//1225 1181//1181
f 1227//1227 1225//1225 1226//1226
f 1223//1223 1179//1179 1227//1227
f 1223//1223 1227//1227 1281//1281
f 1227//1227 1388//1388 1281//1281
f 1226//1226 1229//1229 1285//1285
f 1229//1229 1288//1288 1285//1285
f 1183//1183 1230//1230 1286//1286
f 1229//1229 1231//1231 1288//1288
f 1288//1288 1231//1231 1184//1184
f 1064//1064 1183//1183 1287//1287
f 1286//1286 1287//1287 1183//1183
f 1233//1233 1288//1288 1184//1184
f 1233//1233 1290//1290 1288//1288
f 1234//1234 1290//1290 1233//1233
f 1291//1291 1290//1290 1234//1234
f 1291//1291 1234//1234 1289//1289
f 1235//1235 1348//1348 1349//1349
f 1188//1188 1348//1348 1235//1235
f 1189//1189 1296//1296 1294//1294
f 1189//1189 1294//1294 1237//1237
f 1294//1294 1403//1403 1237//1237
f 1298//1298 1356//1356 1236//1236
f 1189//1189 1236//1236 1296//1296
f 1239//1239 1191//1191 1238//1238
f 1239//1239 1192//1192 1191//1191
f 1192//1192 1239//1239 1240//1240
f 1192//1192 1240//1240 1299//1299
f 1299//1299 1243//1243 1192//1192
f 1240//1240 1239//1239 1355//1355
f 1299//1299 1240//1240 1355//1355
f 1299//1299 1300//1300 1243//1243
f 1298//1298 1236//1236 1242//1242
f 1195//1195 1191//1191 1192//1192
f 1246//1246 1241//1241 1251//1251
f 1307//1307 1242//1242 1246//1246
f 1307//1307 1246//1246 1306//1306
f 1242//1242 1193//1193 1241//1241
f 1246//1246 1242//1242 1241//1241
f 1244//1244 1199//1199 1243//1243
f 1303//1303 1245//1245 1244//1244
f 1241//1241 1196//1196 1251//1251
f 1250//1250 1251//1251 1206//1206
f 1246//1246 1250//1250 1306//1306
f 1246//1246 1251//1251 1250//1250
f 1250//1250 1305//1305 1306//1306
f 1247//1247 1254//1254 1249//1249
f 1252//1252 1247//1247 1248//1248
f 1252//1252 1254//1254 1247//1247
f 1245//1245 1247//1247 1249//1249
f 1245//1245 1249//1249 1244//1244
f 1253//1253 1203//1203 1252//1252
f 1253//1253 1248//1248 1309//1309
f 1253//1253 1252//1252 1248//1248
f 1259//1259 1261//1261 1255//1255
f 1255//1255 1205//1205 1259//1259
f 1308//1308 1207//1207 1255//1255
f 1261//1261 1310//1310 1255//1255
f 1207//1207 1250//1250 1206//1206
f 1308//1308 1250//1250 1207//1207
f 1253//1253 1312//1312 1257//1257
f 1264//1264 1312//1312 1256//1256
f 1253//1253 1257//1257 1203//1203
f 1204//1204 1255//1255 1207//1207
f 1255//1255 1204//1204 1205//1205
f 1205//1205 1258//1258 1259//1259
f 1261//1261 1259//1259 1258//1258
f 1268//1268 1260//1260 1265//1265
f 1265//1265 1260//1260 1258//1258
f 1261//1261 1258//1258 1262//1262
f 1262//1262 1258//1258 1260//1260
f 1317//1317 1260//1260 1268//1268
f 1313//1313 1261//1261 1262//1262
f 1317//1317 1262//1262 1260//1260
f 1268//1268 1318//1318 1317//1317
f 1314//1314 1313//1313 1262//1262
f 1314//1314 1262//1262 1317//1317
f 1321//1321 1270//1270 1324//1324
f 1272//1272 1324//1324 1270//1270
f 1325//1325 1324//1324 1272//1272
f 1316//1316 1272//1272 1263//1263
f 1316//1316 1325//1325 1272//1272
f 1263//1263 1256//1256 1316//1316
f 1258//1258 1211//1211 1265//1265
f 1268//1268 1265//1265 1266//1266
f 1268//1268 1266//1266 1267//1267
f 1268//1268 1267//1267 1318//1318
f 1318//1318 1267//1267 1269//1269
f 1321//1321 1269//1269 1125//1125
f 1270//1270 1321//1321 1125//1125
f 1271//1271 1272//1272 1270//1270
f 1272//1272 1271//1271 1263//1263
f 1271//1271 1212//1212 1263//1263
f 1256//1256 1263//1263 1212//1212
f 1219//1219 1327//1327 1174//1174
f 1273//1273 1276//1276 1177//1177
f 1274//1274 1174//1174 1327//1327
f 1276//1276 1220//1220 1177//1177
f 1326//1326 1275//1275 1339//1339
f 1275//1275 1326//1326 1219//1219
f 1326//1326 1327//1327 1219//1219
f 1330//1330 1276//1276 1273//1273
f 1330//1330 1329//1329 1276//1276
f 1276//1276 1329//1329 1277//1277
f 1328//1328 1280//1280 1277//1277
f 1328//1328 1331//1331 1280//1280
f 1228//1228 1180//1180 1278//1278
f 1279//1279 1280//1280 1180//1180
f 1280//1280 1278//1278 1180//1180
f 1276//1276 1277//1277 1279//1279
f 1277//1277 1280//1280 1279//1279
f 1281//1281 1338//1338 1275//1275
f 1281//1281 1384//1384 1338//1338
f 1280//1280 1282//1282 1278//1278
f 1284//1284 1228//1228 1282//1282
f 1340//1340 1284//1284 1282//1282
f 1282//1282 1228//1228 1278//1278
f 1227//1227 1226//1226 1283//1283
f 1227//1227 1283//1283 1342//1342
f 1388//1388 1227//1227 1342//1342
f 1284//1284 1346//1346 1230//1230
f 1288//1288 1344//1344 1285//1285
f 1283//1283 1226//1226 1285//1285
f 1344//1344 1283//1283 1285//1285
f 1232//1232 1347//1347 1348//1348
f 1232//1232 1287//1287 1347//1347
f 1232//1232 1064//1064 1287//1287
f 1291//1291 1292//1292 1290//1290
f 1448//1448 1288//1288 1290//1290
f 1291//1291 1293//1293 1350//1350
f 1235//1235 1349//1349 1289//1289
f 1291//1291 1289//1289 1293//1293
f 1400//1400 1349//1349 1348//1348
f 1293//1293 1289//1289 1349//1349
f 1352//1352 1238//1238 1237//1237
f 1295//1295 1239//1239 1352//1352
f 1295//1295 1355//1355 1239//1239
f 1238//1238 1352//1352 1239//1239
f 1236//1236 1356//1356 1296//1296
f 1297//1297 1357//1357 1300//1300
f 1358//1358 1301//1301 1357//1357
f 1355//1355 1297//1297 1299//1299
f 1300//1300 1299//1299 1297//1297
f 1357//1357 1301//1301 1300//1300
f 1301//1301 1303//1303 1300//1300
f 1302//1302 1303//1303 1301//1301
f 1358//1358 1302//1302 1301//1301
f 1358//1358 1304//1304 1302//1302
f 1305//1305 1414//1414 1307//1307
f 1242//1242 1307//1307 1298//1298
f 1414//1414 1298//1298 1307//1307
f 1361//1361 1248//1248 1364//1364
f 1300//1300 1244//1244 1243//1243
f 1303//1303 1244//1244 1300//1300
f 1364//1364 1248//1248 1304//1304
f 1305//1305 1307//1307 1306//1306
f 1247//1247 1245//1245 1302//1302
f 1302//1302 1245//1245 1303//1303
f 1304//1304 1248//1248 1247//1247
f 1304//1304 1247//1247 1302//1302
f 1308//1308 1255//1255 1310//1310
f 1309//1309 1248//1248 1361//1361
f 1418//1418 1310//1310 1314//1314
f 1305//1305 1250//1250 1308//1308
f 1256//1256 1312//1312 1311//1311
f 1309//1309 1312//1312 1253//1253
f 1312//1312 1309//1309 1311//1311
f 1313//1313 1310//1310 1261//1261
f 1310//1310 1313//1313 1314//1314
f 1370//1370 1320//1320 1371//1371
f 1320//1320 1315//1315 1371//1371
f 1320//1320 1323//1323 1315//1315
f 1322//1322 1372//1372 1374//1374
f 1374//1374 1315//1315 1323//1323
f 1322//1322 1325//1325 1372//1372
f 1373//1373 1372//1372 1325//1325
f 1373//1373 1325//1325 1316//1316
f 1256//1256 1367//1367 1316//1316
f 1367//1367 1256//1256 1311//1311
f 1373//1373 1316//1316 1367//1367
f 1317//1317 1368//1368 1314//1314
f 1319//1319 1317//1317 1318//1318
f 1318//1318 1269//1269 1320//1320
f 1319//1319 1370//1370 1368//1368
f 1317//1317 1319//1319 1368//1368
f 1370//1370 1319//1319 1320//1320
f 1319//1319 1318//1318 1320//1320
f 1323//1323 1269//1269 1321//1321
f 1320//1320 1269//1269 1323//1323
f 1322//1322 1321//1321 1324//1324
f 1322//1322 1323//1323 1321//1321
f 1323//1323 1322//1322 1374//1374
f 1324//1324 1325//1325 1322//1322
f 1326//1326 1377//1377 1327//1327
f 1326//1326 1380//1380 1377//1377
f 1327//1327 1332//1332 1274//1274
f 1327//1327 1377//1377 1376//1376
f 1376//1376 1375//1375 1327//1327
f 1327//1327 1375//1375 1332//1332
f 1335//1335 1332//1332 1375//1375
f 1274//1274 1332//1332 1273//1273
f 1332//1332 1330//1330 1273//1273
f 1277//1277 1329//1329 1328//1328
f 1331//1331 1328//1328 1334//1334
f 1282//1282 1280//1280 1331//1331
f 1341//1341 1282//1282 1331//1331
f 1328//1328 1329//1329 1334//1334
f 1333//1333 1329//1329 1330//1330
f 1333//1333 1334//1334 1329//1329
f 1334//1334 1341//1341 1331//1331
f 1330//1330 1332//1332 1335//1335
f 1334//1334 1381//1381 1341//1341
f 1336//1336 1330//1330 1335//1335
f 1336//1336 1333//1333 1330//1330
f 1337//1337 1333//1333 1336//1336
f 1333//1333 1337//1337 1334//1334
f 1337//1337 1383//1383 1334//1334
f 1334//1334 1383//1383 1381//1381
f 1339//1339 1338//1338 1380//1380
f 1384//1384 1386//1386 1338//1338
f 1338//1338 1386//1386 1380//1380
f 1339//1339 1275//1275 1338//1338
f 1339//1339 1380//1380 1326//1326
f 1340//1340 1282//1282 1341//1341
f 1381//1381 1340//1340 1341//1341
f 1381//1381 1343//1343 1340//1340
f 1230//1230 1346//1346 1286//1286
f 1284//1284 1343//1343 1346//1346
f 1343//1343 1284//1284 1340//1340
f 1345//1345 1344//1344 1394//1394
f 1388//1388 1342//1342 1345//1345
f 1394//1394 1344//1344 1395//1395
f 1342//1342 1283//1283 1345//1345
f 1344//1344 1345//1345 1283//1283
f 1287//1287 1286//1286 1398//1398
f 1398//1398 1286//1286 1392//1392
f 1346//1346 1392//1392 1286//1286
f 1344//1344 1288//1288 1395//1395
f 1399//1399 1287//1287 1398//1398
f 1395//1395 1288//1288 1448//1448
f 1347//1347 1399//1399 1348//1348
f 1348//1348 1399//1399 1446//1446
f 1399//1399 1347//1347 1287//1287
f 1290//1290 1292//1292 1351//1351
f 1293//1293 1349//1349 1401//1401
f 1351//1351 1292//1292 1291//1291
f 1291//1291 1350//1350 1351//1351
f 1401//1401 1349//1349 1402//1402
f 1350//1350 1293//1293 1401//1401
f 1402//1402 1349//1349 1400//1400
f 1400//1400 1348//1348 1446//1446
f 1405//1405 1294//1294 1455//1455
f 1403//1403 1294//1294 1405//1405
f 1403//1403 1352//1352 1237//1237
f 1353//1353 1295//1295 1352//1352
f 1355//1355 1295//1295 1353//1353
f 1404//1404 1353//1353 1352//1352
f 1354//1354 1355//1355 1353//1353
f 1354//1354 1297//1297 1355//1355
f 1410//1410 1297//1297 1354//1354
f 1356//1356 1459//1459 1296//1296
f 1360//1360 1364//1364 1359//1359
f 1416//1416 1361//1361 1415//1415
f 1359//1359 1304//1304 1358//1358
f 1364//1364 1304//1304 1359//1359
f 1360//1360 1361//1361 1364//1364
f 1415//1415 1361//1361 1360//1360
f 1308//1308 1310//1310 1418//1418
f 1414//1414 1305//1305 1362//1362
f 1363//1363 1311//1311 1309//1309
f 1365//1365 1416//1416 1363//1363
f 1363//1363 1309//1309 1365//1365
f 1309//1309 1361//1361 1365//1365
f 1361//1361 1416//1416 1365//1365
f 1308//1308 1362//1362 1305//1305
f 1373//1373 1367//1367 1426//1426
f 1367//1367 1311//1311 1419//1419
f 1419//1419 1311//1311 1363//1363
f 1366//1366 1374//1374 1425//1425
f 1372//1372 1425//1425 1374//1374
f 1421//1421 1418//1418 1314//1314
f 1421//1421 1314//1314 1368//1368
f 1368//1368 1369//1369 1420//1420
f 1368//1368 1420//1420 1421//1421
f 1420//1420 1369//1369 1370//1370
f 1368//1368 1370//1370 1369//1369
f 1370//1370 1423//1423 1420//1420
f 1423//1423 1370//1370 1371//1371
f 1366//1366 1371//1371 1315//1315
f 1366//1366 1315//1315 1374//1374
f 1335//1335 1375//1375 1378//1378
f 1376//1376 1378//1378 1375//1375
f 1377//1377 1427//1427 1376//1376
f 1378//1378 1379//1379 1335//1335
f 1379//1379 1378//1378 1428//1428
f 1336//1336 1382//1382 1337//1337
f 1337//1337 1382//1382 1383//1383
f 1379//1379 1336//1336 1335//1335
f 1379//1379 1382//1382 1336//1336
f 1380//1380 1386//1386 1433//1433
f 1380//1380 1427//1427 1377//1377
f 1428//1428 1382//1382 1379//1379
f 1381//1381 1383//1383 1434//1434
f 1429//1429 1376//1376 1427//1427
f 1388//1388 1384//1384 1281//1281
f 1385//1385 1386//1386 1384//1384
f 1393//1393 1346//1346 1343//1343
f 1381//1381 1387//1387 1343//1343
f 1387//1387 1393//1393 1343//1343
f 1391//1391 1384//1384 1388//1388
f 1389//1389 1388//1388 1345//1345
f 1389//1389 1345//1345 1394//1394
f 1396//1396 1389//1389 1394//1394
f 1390//1390 1391//1391 1388//1388
f 1388//1388 1389//1389 1390//1390
f 1396//1396 1390//1390 1389//1389
f 1384//1384 1391//1391 1385//1385
f 1396//1396 1442//1442 1390//1390
f 1390//1390 1442//1442 1436//1436
f 1393//1393 1392//1392 1346//1346
f 1439//1439 1392//1392 1393//1393
f 1397//1397 1394//1394 1395//1395
f 1396//1396 1394//1394 1397//1397
f 1396//1396 1397//1397 1440//1440
f 1442//1442 1396//1396 1440//1440
f 1445//1445 1399//1399 1398//1398
f 1398//1398 1392//1392 1444//1444
f 1392//1392 1439//1439 1444//1444
f 1399//1399 1445//1445 1446//1446
f 1400//1400 1446//1446 1449//1449
f 1402//1402 1400//1400 1449//1449
f 1448//1448 1290//1290 1447//1447
f 1447//1447 1290//1290 1351//1351
f 1401//1401 1453//1453 1350//1350
f 1452//1452 1447//1447 1351//1351
f 1350//1350 1452//1452 1351//1351
f 1506//1506 1402//1402 1449//1449
f 1401//1401 1454//1454 1453//1453
f 1511//1511 1455//1455 1294//1294
f 1511//1511 1296//1296 1459//1459
f 1511//1511 1294//1294 1296//1296
f 1403//1403 1460//1460 1352//1352
f 1352//1352 1460//1460 1404//1404
f 1404//1404 1460//1460 1461//1461
f 1409//1409 1463//1463 1459//1459
f 1354//1354 1406//1406 1407//1407
f 1404//1404 1517//1517 1406//1406
f 1406//1406 1517//1517 1407//1407
f 1404//1404 1406//1406 1353//1353
f 1353//1353 1406//1406 1354//1354
f 1407//1407 1410//1410 1354//1354
f 1411//1411 1410//1410 1408//1408
f 1408//1408 1464//1464 1411//1411
f 1407//1407 1408//1408 1410//1410
f 1356//1356 1409//1409 1459//1459
f 1411//1411 1357//1357 1297//1297
f 1410//1410 1411//1411 1297//1297
f 1464//1464 1412//1412 1411//1411
f 1412//1412 1357//1357 1411//1411
f 1358//1358 1357//1357 1412//1412
f 1413//1413 1358//1358 1412//1412
f 1465//1465 1412//1412 1464//1464
f 1413//1413 1465//1465 1520//1520
f 1465//1465 1413//1413 1412//1412
f 1467//1467 1413//1413 1520//1520
f 1467//1467 1358//1358 1413//1413
f 1469//1469 1356//1356 1470//1470
f 1523//1523 1524//1524 1415//1415
f 1468//1468 1417//1417 1472//1472
f 1298//1298 1414//1414 1356//1356
f 1468//1468 1414//1414 1417//1417
f 1468//1468 1356//1356 1414//1414
f 1360//1360 1523//1523 1415//1415
f 1415//1415 1524//1524 1416//1416
f 1417//1417 1414//1414 1362//1362
f 1417//1417 1362//1362 1308//1308
f 1418//1418 1476//1476 1417//1417
f 1472//1472 1417//1417 1476//1476
f 1471//1471 1476//1476 1418//1418
f 1363//1363 1529//1529 1419//1419
f 1363//1363 1416//1416 1529//1529
f 1418//1418 1417//1417 1308//1308
f 1475//1475 1423//1423 1477//1477
f 1477//1477 1423//1423 1424//1424
f 1482//1482 1372//1372 1373//1373
f 1480//1480 1425//1425 1482//1482
f 1372//1372 1482//1482 1425//1425
f 1471//1471 1418//1418 1421//1421
f 1422//1422 1471//1471 1421//1421
f 1420//1420 1422//1422 1421//1421
f 1420//1420 1423//1423 1422//1422
f 1423//1423 1371//1371 1424//1424
f 1371//1371 1366//1366 1424//1424
f 1422//1422 1423//1423 1475//1475
f 1479//1479 1366//1366 1425//1425
f 1419//1419 1426//1426 1367//1367
f 1432//1432 1427//1427 1380//1380
f 1427//1427 1486//1486 1429//1429
f 1427//1427 1432//1432 1485//1485
f 1376//1376 1429//1429 1378//1378
f 1429//1429 1428//1428 1378//1378
f 1434//1434 1382//1382 1430//1430
f 1383//1383 1382//1382 1434//1434
f 1429//1429 1487//1487 1428//1428
f 1487//1487 1430//1430 1382//1382
f 1487//1487 1382//1382 1428//1428
f 1438//1438 1431//1431 1386//1386
f 1438//1438 1489//1489 1431//1431
f 1433//1433 1432//1432 1380//1380
f 1386//1386 1431//1431 1433//1433
f 1433//1433 1483//1483 1432//1432
f 1431//1431 1483//1483 1433//1433
f 1431//1431 1490//1490 1483//1483
f 1432//1432 1483//1483 1485//1485
f 1435//1435 1387//1387 1381//1381
f 1434//1434 1435//1435 1381//1381
f 1438//1438 1385//1385 1391//1391
f 1391//1391 1390//1390 1436//1436
f 1438//1438 1391//1391 1437//1437
f 1391//1391 1436//1436 1437//1437
f 1437//1437 1436//1436 1443//1443
f 1385//1385 1438//1438 1386//1386
f 1438//1438 1437//1437 1489//1489
f 1489//1489 1490//1490 1431//1431
f 1435//1435 1494//1494 1387//1387
f 1439//1439 1393//1393 1387//1387
f 1440//1440 1441//1441 1442//1442
f 1443//1443 1436//1436 1442//1442
f 1442//1442 1441//1441 1443//1443
f 1444//1444 1445//1445 1398//1398
f 1439//1439 1494//1494 1444//1444
f 1494//1494 1439//1439 1387//1387
f 1397//1397 1497//1497 1440//1440
f 1502//1502 1446//1446 1445//1445
f 1500//1500 1395//1395 1448//1448
f 1395//1395 1500//1500 1397//1397
f 1504//1504 1500//1500 1448//1448
f 1454//1454 1401//1401 1402//1402
f 1402//1402 1506//1506 1454//1454
f 1449//1449 1501//1501 1506//1506
f 1449//1449 1446//1446 1502//1502
f 1569//1569 1447//1447 1452//1452
f 1450//1450 1448//1448 1447//1447
f 1504//1504 1448//1448 1451//1451
f 1448//1448 1450//1450 1451//1451
f 1450//1450 1447//1447 1569//1569
f 1507//1507 1569//1569 1452//1452
f 1452//1452 1350//1350 1453//1453
f 1453//1453 1454//1454 1505//1505
f 1508//1508 1452//1452 1453//1453
f 1505//1505 1454//1454 1506//1506
f 1455//1455 1509//1509 1574//1574
f 1455//1455 1574//1574 1405//1405
f 1509//1509 1455//1455 1511//1511
f 1456//1456 1457//1457 1460//1460
f 1512//1512 1456//1456 1403//1403
f 1456//1456 1512//1512 1457//1457
f 1457//1457 1461//1461 1460//1460
f 1458//1458 1461//1461 1457//1457
f 1513//1513 1517//1517 1461//1461
f 1458//1458 1513//1513 1461//1461
f 1405//1405 1618//1618 1403//1403
f 1456//1456 1460//1460 1403//1403
f 1517//1517 1404//1404 1461//1461
f 1462//1462 1463//1463 1409//1409
f 1518//1518 1407//1407 1517//1517
f 1519//1519 1465//1465 1464//1464
f 1408//1408 1407//1407 1518//1518
f 1518//1518 1464//1464 1408//1408
f 1520//1520 1522//1522 1467//1467
f 1466//1466 1409//1409 1469//1469
f 1589//1589 1466//1466 1469//1469
f 1409//1409 1356//1356 1469//1469
f 1467//1467 1359//1359 1358//1358
f 1360//1360 1359//1359 1467//1467
f 1467//1467 1523//1523 1360//1360
f 1529//1529 1416//1416 1524//1524
f 1468//1468 1469//1469 1470//1470
f 1472//1472 1530//1530 1469//1469
f 1468//1468 1472//1472 1469//1469
f 1473//1473 1530//1530 1472//1472
f 1470//1470 1356//1356 1468//1468
f 1529//1529 1528//1528 1419//1419
f 1472//1472 1476//1476 1471//1471
f 1472//1472 1471//1471 1473//1473
f 1471//1471 1474//1474 1473//1473
f 1474//1474 1422//1422 1475//1475
f 1471//1471 1422//1422 1474//1474
f 1475//1475 1533//1533 1474//1474
f 1477//1477 1478//1478 1475//1475
f 1535//1535 1366//1366 1479//1479
f 1769//1769 1480//1480 1532//1532
f 1532//1532 1481//1481 1528//1528
f 1481//1481 1419//1419 1528//1528
f 1477//1477 1424//1424 1478//1478
f 1478//1478 1424//1424 1366//1366
f 1478//1478 1366//1366 1535//1535
f 1769//1769 1479//1479 1480//1480
f 1480//1480 1481//1481 1532//1532
f 1481//1481 1426//1426 1419//1419
f 1373//1373 1426//1426 1482//1482
f 1482//1482 1481//1481 1480//1480
f 1480//1480 1479//1479 1425//1425
f 1482//1482 1426//1426 1481//1481
f 1490//1490 1538//1538 1483//1483
f 1483//1483 1538//1538 1485//1485
f 1484//1484 1487//1487 1429//1429
f 1484//1484 1429//1429 1486//1486
f 1427//1427 1485//1485 1486//1486
f 1485//1485 1537//1537 1486//1486
f 1543//1543 1484//1484 1486//1486
f 1543//1543 1541//1541 1484//1484
f 1541//1541 1487//1487 1484//1484
f 1434//1434 1545//1545 1435//1435
f 1487//1487 1488//1488 1430//1430
f 1487//1487 1540//1540 1488//1488
f 1488//1488 1540//1540 1430//1430
f 1430//1430 1540//1540 1434//1434
f 1489//1489 1437//1437 1493//1493
f 1489//1489 1493//1493 1490//1490
f 1493//1493 1539//1539 1490//1490
f 1490//1490 1539//1539 1538//1538
f 1607//1607 1494//1494 1435//1435
f 1435//1435 1545//1545 1601//1601
f 1491//1491 1441//1441 1495//1495
f 1443//1443 1491//1491 1437//1437
f 1443//1443 1441//1441 1491//1491
f 1492//1492 1437//1437 1491//1491
f 1493//1493 1437//1437 1492//1492
f 1546//1546 1491//1491 1495//1495
f 1546//1546 1492//1492 1491//1491
f 1549//1549 1548//1548 1494//1494
f 1494//1494 1607//1607 1549//1549
f 1496//1496 1440//1440 1497//1497
f 1495//1495 1441//1441 1553//1553
f 1441//1441 1498//1498 1553//1553
f 1498//1498 1441//1441 1440//1440
f 1494//1494 1548//1548 1444//1444
f 1499//1499 1444//1444 1548//1548
f 1445//1445 1444//1444 1499//1499
f 1560//1560 1499//1499 1548//1548
f 1497//1497 1397//1397 1500//1500
f 1440//1440 1496//1496 1498//1498
f 1499//1499 1502//1502 1445//1445
f 1503//1503 1500//1500 1504//1504
f 1497//1497 1500//1500 1556//1556
f 1556//1556 1500//1500 1563//1563
f 1563//1563 1500//1500 1503//1503
f 1449//1449 1502//1502 1501//1501
f 1502//1502 1559//1559 1501//1501
f 1561//1561 1504//1504 1451//1451
f 1561//1561 1503//1503 1504//1504
f 1562//1562 1503//1503 1561//1561
f 1453//1453 1505//1505 1508//1508
f 1568//1568 1508//1508 1505//1505
f 1505//1505 1506//1506 1564//1564
f 1506//1506 1501//1501 1564//1564
f 1451//1451 1565//1565 1561//1561
f 1450//1450 1565//1565 1451//1451
f 1508//1508 1507//1507 1452//1452
f 1566//1566 1569//1569 1507//1507
f 1507//1507 1508//1508 1570//1570
f 1405//1405 1573//1573 1618//1618
f 1577//1577 1509//1509 1511//1511
f 1511//1511 1459//1459 1577//1577
f 1510//1510 1457//1457 1512//1512
f 1510//1510 1458//1458 1457//1457
f 1510//1510 1578//1578 1458//1458
f 1458//1458 1578//1578 1514//1514
f 1578//1578 1575//1575 1514//1514
f 1463//1463 1576//1576 1459//1459
f 1618//1618 1512//1512 1403//1403
f 1458//1458 1514//1514 1513//1513
f 1513//1513 1514//1514 1583//1583
f 1583//1583 1515//1515 1513//1513
f 1583//1583 1514//1514 1575//1575
f 1515//1515 1584//1584 1516//1516
f 1581//1581 1463//1463 1462//1462
f 1517//1517 1513//1513 1515//1515
f 1588//1588 1582//1582 1462//1462
f 1518//1518 1517//1517 1515//1515
f 1516//1516 1518//1518 1515//1515
f 1516//1516 1519//1519 1518//1518
f 1519//1519 1516//1516 1586//1586
f 1587//1587 1632//1632 1520//1520
f 1587//1587 1519//1519 1586//1586
f 1588//1588 1462//1462 1589//1589
f 1519//1519 1520//1520 1465//1465
f 1519//1519 1464//1464 1518//1518
f 1587//1587 1520//1520 1519//1519
f 1632//1632 1522//1522 1520//1520
f 1632//1632 1634//1634 1522//1522
f 1409//1409 1589//1589 1462//1462
f 1589//1589 1409//1409 1466//1466
f 1522//1522 1521//1521 1523//1523
f 1525//1525 1521//1521 1635//1635
f 1522//1522 1523//1523 1467//1467
f 1521//1521 1522//1522 1634//1634
f 1524//1524 1523//1523 1521//1521
f 1524//1524 1525//1525 1529//1529
f 1525//1525 1524//1524 1521//1521
f 1532//1532 1526//1526 1639//1639
f 1527//1527 1529//1529 1525//1525
f 1592//1592 1469//1469 1530//1530
f 1531//1531 1592//1592 1530//1530
f 1592//1592 1591//1591 1469//1469
f 1595//1595 1592//1592 1531//1531
f 1769//1769 1532//1532 1697//1697
f 1532//1532 1528//1528 1526//1526
f 1527//1527 1528//1528 1529//1529
f 1528//1528 1527//1527 1526//1526
f 1531//1531 1530//1530 1473//1473
f 1531//1531 1534//1534 1595//1595
f 1531//1531 1473//1473 1474//1474
f 1641//1641 1535//1535 1769//1769
f 1641//1641 1475//1475 1535//1535
f 1478//1478 1535//1535 1475//1475
f 1531//1531 1474//1474 1534//1534
f 1533//1533 1534//1534 1474//1474
f 1533//1533 1475//1475 1534//1534
f 1534//1534 1475//1475 1641//1641
f 1479//1479 1769//1769 1535//1535
f 1486//1486 1537//1537 1543//1543
f 1485//1485 1536//1536 1537//1537
f 1542//1542 1487//1487 1541//1541
f 1537//1537 1536//1536 1544//1544
f 1543//1543 1537//1537 1544//1544
f 1485//1485 1538//1538 1536//1536
f 1536//1536 1538//1538 1539//1539
f 1539//1539 1544//1544 1536//1536
f 1539//1539 1599//1599 1544//1544
f 1435//1435 1601//1601 1607//1607
f 1542//1542 1540//1540 1487//1487
f 1545//1545 1540//1540 1603//1603
f 1434//1434 1540//1540 1545//1545
f 1540//1540 1542//1542 1603//1603
f 1544//1544 1597//1597 1543//1543
f 1597//1597 1542//1542 1541//1541
f 1597//1597 1541//1541 1543//1543
f 1599//1599 1597//1597 1544//1544
f 1601//1601 1545//1545 1603//1603
f 1493//1493 1492//1492 1547//1547
f 1493//1493 1606//1606 1539//1539
f 1493//1493 1547//1547 1606//1606
f 1546//1546 1604//1604 1547//1547
f 1546//1546 1547//1547 1492//1492
f 1546//1546 1555//1555 1604//1604
f 1546//1546 1495//1495 1555//1555
f 1553//1553 1555//1555 1495//1495
f 1607//1607 1610//1610 1549//1549
f 1610//1610 1548//1548 1549//1549
f 1496//1496 1497//1497 1551//1551
f 1550//1550 1496//1496 1551//1551
f 1556//1556 1551//1551 1497//1497
f 1550//1550 1551//1551 1552//1552
f 1554//1554 1550//1550 1552//1552
f 1552//1552 1719//1719 1554//1554
f 1550//1550 1498//1498 1496//1496
f 1553//1553 1498//1498 1550//1550
f 1553//1553 1550//1550 1554//1554
f 1554//1554 1555//1555 1553//1553
f 1559//1559 1502//1502 1499//1499
f 1610//1610 1560//1560 1548//1548
f 1499//1499 1560//1560 1559//1559
f 1556//1556 1563//1563 1557//1557
f 1557//1557 1551//1551 1556//1556
f 1552//1552 1551//1551 1558//1558
f 1558//1558 1551//1551 1557//1557
f 1558//1558 1557//1557 1612//1612
f 1613//1613 1501//1501 1559//1559
f 1563//1563 1503//1503 1562//1562
f 1611//1611 1557//1557 1563//1563
f 1612//1612 1557//1557 1611//1611
f 1564//1564 1501//1501 1615//1615
f 1565//1565 1562//1562 1561//1561
f 1565//1565 1450//1450 1569//1569
f 1566//1566 1507//1507 1570//1570
f 1568//1568 1567//1567 1508//1508
f 1567//1567 1570//1570 1508//1508
f 1568//1568 1505//1505 1564//1564
f 1568//1568 1564//1564 1737//1737
f 1737//1737 1564//1564 1615//1615
f 1571//1571 1569//1569 1566//1566
f 1570//1570 1571//1571 1566//1566
f 1571//1571 1570//1570 1567//1567
f 1567//1567 1568//1568 1616//1616
f 1572//1572 1617//1617 1573//1573
f 1622//1622 1572//1572 1509//1509
f 1618//1618 1619//1619 1512//1512
f 1577//1577 1622//1622 1509//1509
f 1574//1574 1573//1573 1405//1405
f 1573//1573 1574//1574 1572//1572
f 1573//1573 1617//1617 1618//1618
f 1619//1619 1620//1620 1510//1510
f 1512//1512 1619//1619 1510//1510
f 1676//1676 1578//1578 1620//1620
f 1509//1509 1572//1572 1574//1574
f 1620//1620 1578//1578 1510//1510
f 1578//1578 1676//1676 1623//1623
f 1578//1578 1623//1623 1575//1575
f 1624//1624 1575//1575 1623//1623
f 1576//1576 1577//1577 1459//1459
f 1626//1626 1576//1576 1581//1581
f 1679//1679 1576//1576 1626//1626
f 1575//1575 1584//1584 1583//1583
f 1579//1579 1584//1584 1575//1575
f 1584//1584 1579//1579 1580//1580
f 1585//1585 1580//1580 1628//1628
f 1624//1624 1580//1580 1579//1579
f 1628//1628 1629//1629 1585//1585
f 1582//1582 1626//1626 1581//1581
f 1582//1582 1631//1631 1626//1626
f 1463//1463 1581//1581 1576//1576
f 1515//1515 1583//1583 1584//1584
f 1585//1585 1586//1586 1580//1580
f 1633//1633 1585//1585 1629//1629
f 1462//1462 1582//1582 1581//1581
f 1631//1631 1582//1582 1588//1588
f 1580//1580 1516//1516 1584//1584
f 1580//1580 1586//1586 1516//1516
f 1585//1585 1587//1587 1586//1586
f 1632//1632 1587//1587 1633//1633
f 1633//1633 1587//1587 1585//1585
f 1590//1590 1588//1588 1589//1589
f 1525//1525 1764//1764 1639//1639
f 1521//1521 1634//1634 1635//1635
f 1525//1525 1635//1635 1764//1764
f 1469//1469 1590//1590 1589//1589
f 1590//1590 1469//1469 1591//1591
f 1591//1591 1689//1689 1590//1590
f 1592//1592 1593//1593 1591//1591
f 1593//1593 1595//1595 1640//1640
f 1639//1639 1526//1526 1594//1594
f 1527//1527 1525//1525 1594//1594
f 1593//1593 1592//1592 1595//1595
f 1534//1534 1596//1596 1595//1595
f 1596//1596 1534//1534 1641//1641
f 1532//1532 1639//1639 1697//1697
f 1527//1527 1594//1594 1526//1526
f 1600//1600 1599//1599 1539//1539
f 1602//1602 1597//1597 1598//1598
f 1542//1542 1597//1597 1602//1602
f 1602//1602 1603//1603 1542//1542
f 1598//1598 1597//1597 1599//1599
f 1648//1648 1598//1598 1599//1599
f 1648//1648 1599//1599 1600//1600
f 1642//1642 1539//1539 1651//1651
f 1539//1539 1642//1642 1600//1600
f 1601//1601 1603//1603 1608//1608
f 1607//1607 1601//1601 1608//1608
f 1648//1648 1602//1602 1598//1598
f 1646//1646 1648//1648 1600//1600
f 1648//1648 1649//1649 1602//1602
f 1649//1649 1603//1603 1602//1602
f 1655//1655 1604//1604 1555//1555
f 1609//1609 1604//1604 1655//1655
f 1604//1604 1605//1605 1547//1547
f 1604//1604 1609//1609 1605//1605
f 1605//1605 1606//1606 1547//1547
f 1605//1605 1609//1609 1650//1650
f 1608//1608 1713//1713 1607//1607
f 1555//1555 1554//1554 1719//1719
f 1612//1612 1552//1552 1558//1558
f 1719//1719 1552//1552 1612//1612
f 1560//1560 1610//1610 1658//1658
f 1658//1658 1559//1559 1560//1560
f 1559//1559 1658//1658 1659//1659
f 1611//1611 1563//1563 1562//1562
f 1661//1661 1612//1612 1611//1611
f 1615//1615 1501//1501 1613//1613
f 1559//1559 1659//1659 1613//1613
f 1614//1614 1611//1611 1562//1562
f 1661//1661 1611//1611 1614//1614
f 1737//1737 1615//1615 1663//1663
f 1732//1732 1562//1562 1565//1565
f 1665//1665 1571//1571 1567//1567
f 1616//1616 1665//1665 1567//1567
f 1664//1664 1565//1565 1569//1569
f 1571//1571 1667//1667 1569//1569
f 1571//1571 1665//1665 1667//1667
f 1616//1616 1568//1568 1737//1737
f 1617//1617 1673//1673 1672//1672
f 1617//1617 1572//1572 1673//1673
f 1618//1618 1617//1617 1672//1672
f 1621//1621 1671//1671 1622//1622
f 1673//1673 1572//1572 1671//1671
f 1618//1618 1675//1675 1619//1619
f 1622//1622 1671//1671 1572//1572
f 1619//1619 1675//1675 1620//1620
f 1620//1620 1675//1675 1676//1676
f 1752//1752 1676//1676 1675//1675
f 1674//1674 1621//1621 1678//1678
f 1674//1674 1678//1678 1679//1679
f 1577//1577 1576//1576 1678//1678
f 1577//1577 1678//1678 1621//1621
f 1621//1621 1622//1622 1577//1577
f 1676//1676 1754//1754 1623//1623
f 1754//1754 1624//1624 1623//1623
f 1680//1680 1679//1679 1627//1627
f 1678//1678 1576//1576 1679//1679
f 1575//1575 1624//1624 1579//1579
f 1625//1625 1580//1580 1624//1624
f 1754//1754 1625//1625 1624//1624
f 1683//1683 1629//1629 1682//1682
f 1682//1682 1629//1629 1625//1625
f 1681//1681 1687//1687 1689//1689
f 1626//1626 1627//1627 1679//1679
f 1627//1627 1626//1626 1631//1631
f 1627//1627 1631//1631 1687//1687
f 1625//1625 1628//1628 1580//1580
f 1625//1625 1629//1629 1628//1628
f 1633//1633 1629//1629 1683//1683
f 1630//1630 1633//1633 1683//1683
f 1687//1687 1631//1631 1590//1590
f 1689//1689 1687//1687 1590//1590
f 1634//1634 1632//1632 1633//1633
f 1633//1633 1630//1630 1634//1634
f 1588//1588 1590//1590 1631//1631
f 1693//1693 1639//1639 1764//1764
f 1695//1695 1694//1694 1637//1637
f 1695//1695 1637//1637 1638//1638
f 1594//1594 1525//1525 1639//1639
f 1694//1694 1689//1689 1591//1591
f 1694//1694 1591//1591 1637//1637
f 1591//1591 1593//1593 1637//1637
f 1637//1637 1593//1593 1638//1638
f 1636//1636 1698//1698 1638//1638
f 1698//1698 1636//1636 1641//1641
f 1638//1638 1593//1593 1640//1640
f 1595//1595 1596//1596 1640//1640
f 1638//1638 1640//1640 1636//1636
f 1596//1596 1636//1636 1640//1640
f 1636//1636 1596//1596 1641//1641
f 1699//1699 1641//1641 1769//1769
f 1642//1642 1651//1651 1643//1643
f 1643//1643 1700//1700 1704//1704
f 1644//1644 1600//1600 1642//1642
f 1646//1646 1600//1600 1644//1644
f 1646//1646 1645//1645 1648//1648
f 1646//1646 1644//1644 1647//1647
f 1642//1642 1643//1643 1644//1644
f 1646//1646 1706//1706 1645//1645
f 1647//1647 1644//1644 1643//1643
f 1647//1647 1705//1705 1646//1646
f 1705//1705 1706//1706 1646//1646
f 1652//1652 1645//1645 1706//1706
f 1647//1647 1643//1643 1704//1704
f 1705//1705 1647//1647 1704//1704
f 1645//1645 1649//1649 1648//1648
f 1605//1605 1650//1650 1606//1606
f 1539//1539 1606//1606 1651//1651
f 1606//1606 1650//1650 1651//1651
f 1651//1651 1650//1650 1701//1701
f 1700//1700 1643//1643 1651//1651
f 1651//1651 1701//1701 1700//1700
f 1654//1654 1713//1713 1608//1608
f 1654//1654 1608//1608 1603//1603
f 1603//1603 1649//1649 1653//1653
f 1649//1649 1645//1645 1652//1652
f 1649//1649 1652//1652 1653//1653
f 1655//1655 1717//1717 1609//1609
f 1650//1650 1609//1609 1717//1717
f 1607//1607 1656//1656 1610//1610
f 1713//1713 1657//1657 1607//1607
f 1657//1657 1656//1656 1607//1607
f 1656//1656 1658//1658 1610//1610
f 1662//1662 1719//1719 1612//1612
f 1720//1720 1655//1655 1555//1555
f 1555//1555 1719//1719 1720//1720
f 1723//1723 1719//1719 1662//1662
f 1725//1725 1613//1613 1659//1659
f 1726//1726 1659//1659 1658//1658
f 1725//1725 1659//1659 1726//1726
f 1612//1612 1661//1661 1660//1660
f 1660//1660 1722//1722 1662//1662
f 1662//1662 1612//1612 1660//1660
f 1613//1613 1725//1725 1615//1615
f 1615//1615 1725//1725 1731//1731
f 1663//1663 1615//1615 1731//1731
f 1565//1565 1666//1666 1732//1732
f 1733//1733 1614//1614 1562//1562
f 1562//1562 1732//1732 1733//1733
f 1666//1666 1565//1565 1664//1664
f 1666//1666 1664//1664 1741//1741
f 1737//1737 1663//1663 1738//1738
f 1663//1663 1731//1731 1738//1738
f 1668//1668 1741//1741 1664//1664
f 1569//1569 1668//1668 1664//1664
f 1667//1667 1668//1668 1569//1569
f 1669//1669 1744//1744 1667//1667
f 1665//1665 1669//1669 1667//1667
f 1665//1665 1616//1616 1669//1669
f 1616//1616 1740//1740 1669//1669
f 1616//1616 1737//1737 1740//1740
f 1742//1742 1669//1669 1740//1740
f 1745//1745 1669//1669 1742//1742
f 1748//1748 1672//1672 1673//1673
f 1671//1671 1747//1747 1673//1673
f 1672//1672 1748//1748 1618//1618
f 1749//1749 1675//1675 1618//1618
f 1749//1749 1750//1750 1675//1675
f 1750//1750 1752//1752 1675//1675
f 1677//1677 1756//1756 1674//1674
f 1621//1621 1670//1670 1671//1671
f 1674//1674 1670//1670 1621//1621
f 1679//1679 1677//1677 1674//1674
f 1755//1755 1762//1762 1682//1682
f 1755//1755 1625//1625 1754//1754
f 1682//1682 1625//1625 1755//1755
f 1683//1683 1762//1762 1686//1686
f 1677//1677 1679//1679 1680//1680
f 1681//1681 1677//1677 1680//1680
f 1683//1683 1682//1682 1762//1762
f 1759//1759 1681//1681 1688//1688
f 1687//1687 1680//1680 1627//1627
f 1681//1681 1680//1680 1687//1687
f 1635//1635 1634//1634 1684//1684
f 1685//1685 1635//1635 1684//1684
f 1765//1765 1635//1635 1685//1685
f 1634//1634 1630//1630 1686//1686
f 1634//1634 1686//1686 1684//1684
f 1683//1683 1686//1686 1630//1630
f 1688//1688 1681//1681 1689//1689
f 1688//1688 1689//1689 1766//1766
f 1764//1764 1635//1635 1765//1765
f 1691//1691 1766//1766 1689//1689
f 1691//1691 1692//1692 1766//1766
f 1690//1690 1692//1692 1691//1691
f 1639//1639 1693//1693 1697//1697
f 1691//1691 1689//1689 1694//1694
f 1696//1696 1638//1638 1698//1698
f 1695//1695 1638//1638 1696//1696
f 1690//1690 1691//1691 1694//1694
f 1695//1695 1696//1696 1694//1694
f 1694//1694 1696//1696 1690//1690
f 1771//1771 1698//1698 1770//1770
f 1692//1692 1690//1690 1696//1696
f 1698//1698 1771//1771 1696//1696
f 1696//1696 1767//1767 1692//1692
f 1767//1767 1696//1696 1771//1771
f 1769//1769 1697//1697 1772//1772
f 1698//1698 1641//1641 1699//1699
f 1698//1698 1699//1699 1770//1770
f 1650//1650 1782//1782 1701//1701
f 1701//1701 1782//1782 1711//1711
f 1704//1704 1700//1700 1702//1702
f 1701//1701 1703//1703 1700//1700
f 1703//1703 1701//1701 1711//1711
f 1700//1700 1703//1703 1702//1702
f 1709//1709 1702//1702 1774//1774
f 1703//1703 1774//1774 1702//1702
f 1711//1711 1775//1775 1703//1703
f 1703//1703 1775//1775 1774//1774
f 1706//1706 1707//1707 1652//1652
f 1709//1709 1704//1704 1702//1702
f 1705//1705 1704//1704 1709//1709
f 1705//1705 1708//1708 1706//1706
f 1707//1707 1706//1706 1708//1708
f 1710//1710 1652//1652 1707//1707
f 1708//1708 1712//1712 1707//1707
f 1710//1710 1707//1707 1712//1712
f 1705//1705 1709//1709 1780//1780
f 1780//1780 1779//1779 1708//1708
f 1780//1780 1708//1708 1705//1705
f 1779//1779 1712//1712 1708//1708
f 1710//1710 1653//1653 1652//1652
f 1717//1717 1782//1782 1650//1650
f 1712//1712 1715//1715 1710//1710
f 1712//1712 1779//1779 1849//1849
f 1654//1654 1603//1603 1714//1714
f 1603//1603 1653//1653 1714//1714
f 1714//1714 1718//1718 1654//1654
f 1654//1654 1718//1718 1713//1713
f 1710//1710 1715//1715 1653//1653
f 1653//1653 1715//1715 1714//1714
f 1714//1714 1715//1715 1716//1716
f 1716//1716 1718//1718 1714//1714
f 1853//1853 1716//1716 1715//1715
f 1717//1717 1655//1655 1786//1786
f 1721//1721 1713//1713 1785//1785
f 1713//1713 1721//1721 1657//1657
f 1718//1718 1785//1785 1713//1713
f 1720//1720 1786//1786 1655//1655
f 1791//1791 1726//1726 1658//1658
f 1656//1656 1791//1791 1658//1658
f 1656//1656 1721//1721 1791//1791
f 1657//1657 1721//1721 1656//1656
f 1722//1722 1723//1723 1662//1662
f 1720//1720 1719//1719 1723//1723
f 1729//1729 1723//1723 1722//1722
f 1729//1729 1793//1793 1723//1723
f 1724//1724 1720//1720 1723//1723
f 1793//1793 1724//1724 1723//1723
f 1727//1727 1660//1660 1661//1661
f 1728//1728 1722//1722 1660//1660
f 1728//1728 1660//1660 1727//1727
f 1722//1722 1730//1730 1729//1729
f 1730//1730 1722//1722 1728//1728
f 1730//1730 1793//1793 1729//1729
f 1735//1735 1730//1730 1728//1728
f 1735//1735 1728//1728 1727//1727
f 1736//1736 1730//1730 1735//1735
f 1730//1730 1794//1794 1793//1793
f 1794//1794 1730//1730 1736//1736
f 1661//1661 1614//1614 1733//1733
f 1733//1733 1727//1727 1661//1661
f 1734//1734 1733//1733 1732//1732
f 1727//1727 1733//1733 1735//1735
f 1735//1735 1733//1733 1734//1734
f 1802//1802 1734//1734 1732//1732
f 1740//1740 1737//1737 1809//1809
f 1738//1738 1731//1731 1801//1801
f 1732//1732 1810//1810 1739//1739
f 1732//1732 1666//1666 1810//1810
f 1666//1666 1741//1741 1810//1810
f 1802//1802 1732//1732 1739//1739
f 1809//1809 1737//1737 1738//1738
f 1809//1809 1738//1738 1801//1801
f 1814//1814 1810//1810 1741//1741
f 1814//1814 1741//1741 1668//1668
f 1744//1744 1668//1668 1667//1667
f 1744//1744 1669//1669 1745//1745
f 1742//1742 1740//1740 1743//1743
f 1743//1743 1745//1745 1742//1742
f 1743//1743 1816//1816 1745//1745
f 1809//1809 1818//1818 1740//1740
f 1668//1668 1744//1744 1813//1813
f 1820//1820 1744//1744 1745//1745
f 1816//1816 1820//1820 1745//1745
f 1822//1822 1746//1746 1747//1747
f 1823//1823 1748//1748 1746//1746
f 1748//1748 1823//1823 1749//1749
f 1749//1749 1618//1618 1748//1748
f 1751//1751 1747//1747 1670//1670
f 1746//1746 1673//1673 1747//1747
f 1748//1748 1673//1673 1746//1746
f 1753//1753 1751//1751 1670//1670
f 1747//1747 1671//1671 1670//1670
f 1752//1752 1979//1979 1754//1754
f 1753//1753 1670//1670 1674//1674
f 1752//1752 1754//1754 1676//1676
f 1829//1829 1754//1754 1979//1979
f 1674//1674 1756//1756 1753//1753
f 1829//1829 1755//1755 1754//1754
f 1831//1831 1834//1834 1755//1755
f 1829//1829 1831//1831 1755//1755
f 1835//1835 1756//1756 1757//1757
f 1834//1834 1762//1762 1755//1755
f 1835//1835 1757//1757 1758//1758
f 1758//1758 1757//1757 1760//1760
f 1759//1759 1758//1758 1760//1760
f 1759//1759 1835//1835 1758//1758
f 1677//1677 1757//1757 1756//1756
f 1760//1760 1677//1677 1681//1681
f 1757//1757 1677//1677 1760//1760
f 1759//1759 1760//1760 1681//1681
f 1762//1762 1684//1684 1686//1686
f 1762//1762 1761//1761 1684//1684
f 1838//1838 1903//1903 1759//1759
f 1764//1764 1765//1765 1763//1763
f 1841//1841 1768//1768 1764//1764
f 1765//1765 1685//1685 1763//1763
f 1684//1684 1761//1761 1685//1685
f 1763//1763 1685//1685 1761//1761
f 1766//1766 1692//1692 1767//1767
f 1773//1773 1697//1697 1693//1693
f 1693//1693 1768//1768 1773//1773
f 1693//1693 1764//1764 1768//1768
f 1769//1769 1770//1770 1699//1699
f 1697//1697 1773//1773 1772//1772
f 1780//1780 1709//1709 1774//1774
f 1788//1788 1711//1711 1782//1782
f 1775//1775 1777//1777 1774//1774
f 1788//1788 1775//1775 1711//1711
f 1776//1776 1774//1774 1777//1777
f 1778//1778 1777//1777 1775//1775
f 1775//1775 1788//1788 1778//1778
f 1777//1777 1783//1783 1776//1776
f 1778//1778 1784//1784 1777//1777
f 1784//1784 1783//1783 1777//1777
f 1783//1783 1848//1848 1776//1776
f 1780//1780 1774//1774 1776//1776
f 1781//1781 1780//1780 1776//1776
f 1779//1779 1780//1780 1781//1781
f 1781//1781 1849//1849 1779//1779
f 1848//1848 1849//1849 1781//1781
f 1848//1848 1781//1781 1776//1776
f 1786//1786 1782//1782 1717//1717
f 1778//1778 1788//1788 1850//1850
f 1716//1716 1785//1785 1718//1718
f 1786//1786 1787//1787 1782//1782
f 1786//1786 1790//1790 1787//1787
f 1788//1788 1782//1782 1787//1787
f 1858//1858 1787//1787 1790//1790
f 1785//1785 1856//1856 1721//1721
f 1785//1785 1716//1716 1856//1856
f 1856//1856 1792//1792 1721//1721
f 1720//1720 1790//1790 1786//1786
f 1789//1789 1720//1720 1724//1724
f 1724//1724 1795//1795 1789//1789
f 1720//1720 1789//1789 1790//1790
f 1789//1789 1858//1858 1790//1790
f 1792//1792 1791//1791 1721//1721
f 1794//1794 1795//1795 1793//1793
f 1795//1795 1724//1724 1793//1793
f 1794//1794 1799//1799 1795//1795
f 1795//1795 1796//1796 1789//1789
f 1789//1789 1796//1796 1858//1858
f 1795//1795 1799//1799 1796//1796
f 1862//1862 1926//1926 1796//1796
f 1726//1726 1797//1797 1725//1725
f 1797//1797 1731//1731 1725//1725
f 1797//1797 1726//1726 1791//1791
f 1791//1791 1931//1931 1797//1797
f 1736//1736 1735//1735 1798//1798
f 1803//1803 1735//1735 1734//1734
f 1803//1803 1798//1798 1735//1735
f 1800//1800 1794//1794 1736//1736
f 1800//1800 1736//1736 1798//1798
f 1806//1806 1798//1798 1803//1803
f 1794//1794 1800//1800 1799//1799
f 1800//1800 1798//1798 1806//1806
f 1800//1800 1863//1863 1799//1799
f 1796//1796 1799//1799 1862//1862
f 1863//1863 1800//1800 1808//1808
f 1731//1731 1797//1797 1801//1801
f 1803//1803 1734//1734 1802//1802
f 1803//1803 1802//1802 1804//1804
f 1805//1805 1802//1802 1739//1739
f 1806//1806 1803//1803 1804//1804
f 1802//1802 1805//1805 1804//1804
f 1806//1806 1804//1804 1807//1807
f 1807//1807 1804//1804 1805//1805
f 1805//1805 1811//1811 1807//1807
f 1808//1808 1800//1800 1806//1806
f 1808//1808 1806//1806 1807//1807
f 1808//1808 1807//1807 1812//1812
f 1812//1812 1807//1807 1811//1811
f 1801//1801 1868//1868 1809//1809
f 1739//1739 1810//1810 1805//1805
f 1811//1811 1805//1805 1810//1810
f 1811//1811 1810//1810 1815//1815
f 1812//1812 1811//1811 1865//1865
f 1865//1865 1811//1811 1815//1815
f 1740//1740 1817//1817 1743//1743
f 1740//1740 1818//1818 1817//1817
f 1818//1818 1809//1809 1867//1867
f 1809//1809 1868//1868 1867//1867
f 1813//1813 1814//1814 1668//1668
f 1813//1813 1870//1870 1814//1814
f 1814//1814 1815//1815 1810//1810
f 1816//1816 1819//1819 1820//1820
f 1817//1817 1816//1816 1743//1743
f 1817//1817 1819//1819 1816//1816
f 1870//1870 1813//1813 1869//1869
f 1813//1813 1744//1744 1869//1869
f 1819//1819 1876//1876 1820//1820
f 1819//1819 1817//1817 1873//1873
f 1873//1873 1876//1876 1819//1819
f 1817//1817 1818//1818 1874//1874
f 1877//1877 1869//1869 1744//1744
f 1744//1744 1820//1820 1877//1877
f 1885//1885 1823//1823 1822//1822
f 1884//1884 1882//1882 1823//1823
f 1824//1824 1887//1887 1825//1825
f 1825//1825 1887//1887 1822//1822
f 1822//1822 1823//1823 1746//1746
f 1882//1882 1749//1749 1823//1823
f 1821//1821 1888//1888 1752//1752
f 1752//1752 1888//1888 1890//1890
f 1979//1979 1752//1752 1890//1890
f 1826//1826 1895//1895 1824//1824
f 1824//1824 1825//1825 1747//1747
f 1825//1825 1822//1822 1747//1747
f 1821//1821 1752//1752 1750//1750
f 1827//1827 1826//1826 1824//1824
f 1979//1979 1891//1891 1829//1829
f 1827//1827 1756//1756 1896//1896
f 1824//1824 1747//1747 1751//1751
f 1824//1824 1751//1751 1827//1827
f 1891//1891 1828//1828 1829//1829
f 1835//1835 1986//1986 1756//1756
f 1756//1756 1986//1986 1896//1896
f 1753//1753 1756//1756 1827//1827
f 1751//1751 1753//1753 1827//1827
f 1828//1828 1831//1831 1829//1829
f 1897//1897 1830//1830 1831//1831
f 1828//1828 1897//1897 1831//1831
f 1899//1899 1833//1833 1832//1832
f 1830//1830 1834//1834 1831//1831
f 1761//1761 1834//1834 1832//1832
f 1899//1899 1832//1832 1830//1830
f 1832//1832 1834//1834 1830//1830
f 1832//1832 1833//1833 1761//1761
f 1762//1762 1834//1834 1761//1761
f 1902//1902 1763//1763 1833//1833
f 1902//1902 1837//1837 1763//1763
f 1763//1763 1761//1761 1833//1833
f 1903//1903 1835//1835 1759//1759
f 1842//1842 1763//1763 1837//1837
f 1836//1836 1842//1842 1837//1837
f 1836//1836 1841//1841 1842//1842
f 1838//1838 1766//1766 1839//1839
f 1839//1839 1766//1766 1767//1767
f 1767//1767 1843//1843 1839//1839
f 1916//1916 1846//1846 1847//1847
f 1764//1764 1763//1763 1842//1842
f 1841//1841 1764//1764 1842//1842
f 1838//1838 1759//1759 1688//1688
f 1838//1838 1688//1688 1766//1766
f 1767//1767 1771//1771 1843//1843
f 1843//1843 1771//1771 1770//1770
f 1844//1844 1843//1843 1770//1770
f 1770//1770 1769//1769 1844//1844
f 1772//1772 1846//1846 1845//1845
f 1845//1845 1844//1844 1769//1769
f 1772//1772 1845//1845 1769//1769
f 1840//1840 1845//1845 1846//1846
f 1845//1845 1840//1840 1844//1844
f 1772//1772 1773//1773 1846//1846
f 1847//1847 1846//1846 1773//1773
f 1841//1841 1847//1847 1768//1768
f 1768//1768 1847//1847 1773//1773
f 1784//1784 1778//1778 1850//1850
f 1784//1784 1850//1850 1851//1851
f 1919//1919 1848//1848 1783//1783
f 1919//1919 1783//1783 1852//1852
f 1855//1855 1849//1849 1848//1848
f 1855//1855 1854//1854 1849//1849
f 1715//1715 1849//1849 1854//1854
f 1715//1715 1712//1712 1849//1849
f 1855//1855 1848//1848 1919//1919
f 1787//1787 1858//1858 1859//1859
f 1788//1788 1787//1787 1859//1859
f 1850//1850 1788//1788 1859//1859
f 1850//1850 1859//1859 1851//1851
f 1851//1851 1859//1859 1920//1920
f 1784//1784 1851//1851 1918//1918
f 1853//1853 1715//1715 1854//1854
f 2004//2004 1854//1854 1855//1855
f 1853//1853 1854//1854 2004//2004
f 2003//2003 2004//2004 1855//1855
f 1853//1853 2004//2004 1857//1857
f 2003//2003 1855//1855 1919//1919
f 1856//1856 1716//1716 1857//1857
f 1857//1857 1716//1716 1853//1853
f 1857//1857 1860//1860 1856//1856
f 1859//1859 1858//1858 1924//1924
f 1920//1920 1859//1859 1924//1924
f 1856//1856 1861//1861 1792//1792
f 1860//1860 1861//1861 1856//1856
f 1861//1861 1860//1860 1925//1925
f 1860//1860 1857//1857 2007//2007
f 1796//1796 1926//1926 1858//1858
f 1926//1926 1924//1924 1858//1858
f 1792//1792 1861//1861 1791//1791
f 1799//1799 1863//1863 1862//1862
f 1926//1926 1862//1862 1928//1928
f 1864//1864 1863//1863 1808//1808
f 1929//1929 1862//1862 1863//1863
f 1868//1868 1801//1801 1797//1797
f 1931//1931 1868//1868 1797//1797
f 1791//1791 2024//2024 1931//1931
f 1864//1864 1808//1808 1812//1812
f 1864//1864 1812//1812 1866//1866
f 1866//1866 1812//1812 1865//1865
f 1818//1818 1867//1867 1932//1932
f 1867//1867 1868//1868 1932//1932
f 1871//1871 1814//1814 1870//1870
f 1872//1872 1814//1814 1871//1871
f 1872//1872 1865//1865 1815//1815
f 1815//1815 1814//1814 1872//1872
f 1934//1934 1865//1865 1872//1872
f 1817//1817 1874//1874 1873//1873
f 1876//1876 1873//1873 1942//1942
f 1874//1874 1942//1942 1873//1873
f 1818//1818 1875//1875 1874//1874
f 1818//1818 1932//1932 1875//1875
f 1875//1875 1942//1942 1874//1874
f 1820//1820 1878//1878 1877//1877
f 1820//1820 1876//1876 1878//1878
f 1876//1876 1880//1880 1878//1878
f 1942//1942 1941//1941 1876//1876
f 1879//1879 1877//1877 1878//1878
f 1869//1869 1881//1881 1870//1870
f 1869//1869 1877//1877 1881//1881
f 1877//1877 1879//1879 1881//1881
f 1870//1870 1881//1881 1940//1940
f 1941//1941 1880//1880 1876//1876
f 1878//1878 1880//1880 1879//1879
f 1941//1941 1943//1943 1880//1880
f 1880//1880 1943//1943 1949//1949
f 1879//1879 1880//1880 1950//1950
f 1880//1880 1949//1949 1950//1950
f 1966//1966 1967//1967 1883//1883
f 1966//1966 1883//1883 1882//1882
f 1972//1972 1885//1885 1970//1970
f 1971//1971 1970//1970 1885//1885
f 1972//1972 1884//1884 1885//1885
f 1971//1971 1885//1885 1886//1886
f 1882//1882 1883//1883 1749//1749
f 1886//1886 1885//1885 1822//1822
f 1887//1887 1971//1971 1886//1886
f 1884//1884 1823//1823 1885//1885
f 1750//1750 1749//1749 1821//1821
f 1821//1821 1749//1749 1883//1883
f 1883//1883 1888//1888 1821//1821
f 1969//1969 1971//1971 1887//1887
f 1886//1886 1822//1822 1887//1887
f 1888//1888 1883//1883 1976//1976
f 1888//1888 1976//1976 1890//1890
f 1890//1890 1976//1976 1979//1979
f 1975//1975 1891//1891 1979//1979
f 1893//1893 1894//1894 1889//1889
f 1983//1983 1894//1894 1986//1986
f 1887//1887 1824//1824 1895//1895
f 1889//1889 1887//1887 1895//1895
f 1887//1887 1889//1889 1969//1969
f 1889//1889 1895//1895 1893//1893
f 1896//1896 1894//1894 1893//1893
f 1892//1892 1828//1828 1891//1891
f 1981//1981 1828//1828 1892//1892
f 1893//1893 1895//1895 1826//1826
f 1981//1981 1897//1897 1828//1828
f 1896//1896 1986//1986 1894//1894
f 1893//1893 1826//1826 1896//1896
f 1896//1896 1826//1826 1827//1827
f 1981//1981 1988//1988 1897//1897
f 1990//1990 1986//1986 1835//1835
f 1903//1903 1992//1992 1835//1835
f 1835//1835 1992//1992 1990//1990
f 1830//1830 1897//1897 1900//1900
f 1900//1900 1899//1899 1830//1830
f 1900//1900 1897//1897 1988//1988
f 1899//1899 1900//1900 1988//1988
f 1993//1993 1903//1903 1906//1906
f 1999//1999 1907//1907 1901//1901
f 1898//1898 1902//1902 1833//1833
f 1901//1901 1902//1902 1898//1898
f 1904//1904 1903//1903 1908//1908
f 1906//1906 1903//1903 1904//1904
f 1905//1905 1906//1906 1904//1904
f 1908//1908 1905//1905 1904//1904
f 1905//1905 2000//2000 1906//1906
f 1999//1999 1998//1998 1907//1907
f 1901//1901 1907//1907 1837//1837
f 1837//1837 1902//1902 1901//1901
f 1908//1908 1903//1903 1838//1838
f 1908//1908 1838//1838 1839//1839
f 1909//1909 1908//1908 1839//1839
f 1909//1909 1910//1910 2000//2000
f 1908//1908 1909//1909 1905//1905
f 1909//1909 2000//2000 1905//1905
f 2000//2000 1910//1910 1912//1912
f 1914//1914 1836//1836 1907//1907
f 1914//1914 1907//1907 1998//1998
f 1907//1907 1836//1836 1837//1837
f 1909//1909 1839//1839 1843//1843
f 1909//1909 1843//1843 1910//1910
f 1910//1910 1843//1843 1912//1912
f 1915//1915 1912//1912 1843//1843
f 1911//1911 1915//1915 1840//1840
f 2128//2128 1912//1912 1915//1915
f 1911//1911 2128//2128 1915//1915
f 1914//1914 1913//1913 1916//1916
f 1914//1914 1998//1998 1913//1913
f 1914//1914 1841//1841 1836//1836
f 1916//1916 1841//1841 1914//1914
f 1915//1915 1843//1843 1844//1844
f 1840//1840 1915//1915 1844//1844
f 1911//1911 1840//1840 1917//1917
f 1917//1917 1840//1840 1846//1846
f 1846//1846 1916//1916 1917//1917
f 1913//1913 1917//1917 1916//1916
f 1917//1917 1913//1913 1911//1911
f 1847//1847 1841//1841 1916//1916
f 1783//1783 1784//1784 1918//1918
f 1783//1783 1918//1918 1852//1852
f 1919//1919 1852//1852 1922//1922
f 2002//2002 1919//1919 1922//1922
f 2003//2003 1919//1919 2002//2002
f 1852//1852 1918//1918 1922//1922
f 1918//1918 1851//1851 1920//1920
f 1918//1918 1920//1920 1921//1921
f 1920//1920 1924//1924 1921//1921
f 1918//1918 1921//1921 1923//1923
f 1922//1922 1918//1918 1923//1923
f 1857//1857 2004//2004 2007//2007
f 1925//1925 2015//2015 1861//1861
f 1860//1860 2007//2007 1925//1925
f 2009//2009 1926//1926 1928//1928
f 1925//1925 2016//2016 2015//2015
f 1929//1929 1927//1927 1862//1862
f 1928//1928 1862//1862 1927//1927
f 1926//1926 2009//2009 1924//1924
f 1861//1861 2024//2024 1791//1791
f 2015//2015 2024//2024 1861//1861
f 1930//1930 1863//1863 1864//1864
f 1930//1930 1864//1864 1866//1866
f 1929//1929 1863//1863 1930//1930
f 2022//2022 1927//1927 1929//1929
f 1933//1933 1868//1868 1931//1931
f 1937//1937 1930//1930 1866//1866
f 1865//1865 1935//1935 1866//1866
f 1937//1937 1866//1866 1935//1935
f 1929//1929 1930//1930 1937//1937
f 1937//1937 2027//2027 1929//1929
f 2027//2027 2022//2022 1929//1929
f 1932//1932 1868//1868 1933//1933
f 1935//1935 1865//1865 1936//1936
f 1936//1936 1865//1865 1934//1934
f 1935//1935 1936//1936 1937//1937
f 1932//1932 1938//1938 1875//1875
f 1932//1932 1933//1933 1938//1938
f 1875//1875 1938//1938 1939//1939
f 1938//1938 1933//1933 2029//2029
f 1872//1872 1871//1871 2036//2036
f 1934//1934 1872//1872 2036//2036
f 1939//1939 1942//1942 1875//1875
f 2032//2032 1936//1936 1934//1934
f 1947//1947 2036//2036 1871//1871
f 1870//1870 1947//1947 1871//1871
f 1870//1870 1940//1940 1947//1947
f 2032//2032 1934//1934 2036//2036
f 1942//1942 1939//1939 1944//1944
f 1939//1939 2045//2045 1944//1944
f 1938//1938 2035//2035 1939//1939
f 1940//1940 1881//1881 1945//1945
f 1881//1881 1879//1879 1948//1948
f 1881//1881 1948//1948 1945//1945
f 1947//1947 1940//1940 1946//1946
f 1941//1941 1944//1944 1943//1943
f 1942//1942 1944//1944 1941//1941
f 1944//1944 1951//1951 1943//1943
f 1946//1946 1940//1940 1945//1945
f 1946//1946 1945//1945 2044//2044
f 1946//1946 2040//2040 1947//1947
f 2043//2043 2044//2044 1945//1945
f 1950//1950 1948//1948 1879//1879
f 1952//1952 1948//1948 1950//1950
f 1949//1949 1952//1952 1950//1950
f 1952//1952 1953//1953 1948//1948
f 1952//1952 1949//1949 1954//1954
f 1954//1954 1955//1955 1952//1952
f 1952//1952 1955//1955 1953//1953
f 1949//1949 1943//1943 1954//1954
f 1943//1943 1951//1951 1954//1954
f 1951//1951 2050//2050 1954//1954
f 2074//2074 2078//2078 1956//1956
f 2088//2088 1956//1956 1962//1962
f 1956//1956 2078//2078 1962//1962
f 2085//2085 1958//1958 1957//1957
f 1959//1959 1958//1958 2085//2085
f 2078//2078 1957//1957 1960//1960
f 1958//1958 1961//1961 1957//1957
f 1967//1967 1958//1958 1959//1959
f 1959//1959 1965//1965 1967//1967
f 2078//2078 1960//1960 1962//1962
f 1960//1960 1957//1957 1961//1961
f 1961//1961 1958//1958 1964//1964
f 1962//1962 1971//1971 2088//2088
f 1969//1969 2088//2088 1971//1971
f 1960//1960 1970//1970 1962//1962
f 1961//1961 1963//1963 1960//1960
f 1961//1961 1964//1964 1963//1963
f 1963//1963 1964//1964 1882//1882
f 1974//1974 1965//1965 2089//2089
f 2098//2098 2094//2094 1969//1969
f 1970//1970 1971//1971 1962//1962
f 1970//1970 1960//1960 1972//1972
f 1960//1960 1963//1963 1972//1972
f 1963//1963 1884//1884 1972//1972
f 1882//1882 1884//1884 1963//1963
f 1958//1958 1966//1966 1964//1964
f 1958//1958 1967//1967 1966//1966
f 1966//1966 1882//1882 1964//1964
f 1883//1883 1967//1967 1968//1968
f 1967//1967 1965//1965 1968//1968
f 1965//1965 1973//1973 1968//1968
f 1965//1965 1974//1974 1973//1973
f 2096//2096 1975//1975 1974//1974
f 2102//2102 1975//1975 2096//2096
f 1973//1973 1976//1976 1968//1968
f 1974//1974 1975//1975 1973//1973
f 1969//1969 1977//1977 2098//2098
f 1977//1977 2099//2099 2098//2098
f 1883//1883 1968//1968 1976//1976
f 1973//1973 1979//1979 1976//1976
f 1973//1973 1975//1975 1979//1979
f 1977//1977 1969//1969 1889//1889
f 1984//1984 1978//1978 1977//1977
f 1977//1977 1978//1978 2099//2099
f 1978//1978 1984//1984 1980//1980
f 1980//1980 2099//2099 1978//1978
f 2108//2108 2106//2106 1980//1980
f 1894//1894 1977//1977 1889//1889
f 1894//1894 1984//1984 1977//1977
f 2102//2102 1891//1891 1975//1975
f 2102//2102 1892//1892 1891//1891
f 1892//1892 2101//2101 1981//1981
f 2101//2101 2107//2107 1981//1981
f 1984//1984 1894//1894 1983//1983
f 1986//1986 1985//1985 1983//1983
f 1982//1982 1984//1984 1983//1983
f 1982//1982 1983//1983 1985//1985
f 1980//1980 1984//1984 1982//1982
f 2108//2108 1980//1980 1982//1982
f 1982//1982 1985//1985 2108//2108
f 2108//2108 1985//1985 1990//1990
f 2114//2114 2107//2107 2246//2246
f 1990//1990 1985//1985 1986//1986
f 1988//1988 2107//2107 1989//1989
f 1989//1989 2107//2107 2114//2114
f 2114//2114 1987//1987 1989//1989
f 2107//2107 1988//1988 1981//1981
f 1993//1993 1990//1990 1992//1992
f 2117//2117 1991//1991 1987//1987
f 1987//1987 1898//1898 1833//1833
f 1987//1987 1991//1991 1898//1898
f 1899//1899 1989//1989 1833//1833
f 1988//1988 1989//1989 1899//1899
f 1833//1833 1989//1989 1987//1987
f 2119//2119 1993//1993 1995//1995
f 1995//1995 1993//1993 1994//1994
f 1999//1999 1991//1991 2123//2123
f 1999//1999 1901//1901 1991//1991
f 1991//1991 1901//1901 1898//1898
f 1992//1992 1903//1903 1993//1993
f 1906//1906 1996//1996 1993//1993
f 1996//1996 1994//1994 1993//1993
f 1994//1994 1996//1996 1997//1997
f 1996//1996 2000//2000 1997//1997
f 2000//2000 1912//1912 1997//1997
f 1994//1994 1997//1997 2129//2129
f 2129//2129 1997//1997 1912//1912
f 1912//1912 2126//2126 2129//2129
f 1913//1913 1998//1998 2122//2122
f 2123//2123 2122//2122 1998//1998
f 2123//2123 1998//1998 1999//1999
f 1906//1906 2000//2000 1996//1996
f 2126//2126 1912//1912 2128//2128
f 1924//1924 2005//2005 1921//1921
f 1921//1921 2005//2005 2001//2001
f 2001//2001 2005//2005 2006//2006
f 2130//2130 2001//2001 2006//2006
f 2002//2002 1922//1922 1923//1923
f 1921//1921 2001//2001 1923//1923
f 1923//1923 2001//2001 2002//2002
f 2003//2003 2002//2002 2131//2131
f 2004//2004 2014//2014 2007//2007
f 2005//2005 1924//1924 2011//2011
f 2006//2006 2005//2005 2011//2011
f 2011//2011 2132//2132 2006//2006
f 2006//2006 2132//2132 2130//2130
f 2001//2001 2130//2130 2002//2002
f 2130//2130 2131//2131 2002//2002
f 2008//2008 2003//2003 2131//2131
f 2013//2013 1925//1925 2007//2007
f 2007//2007 2014//2014 2013//2013
f 2004//2004 2003//2003 2008//2008
f 2009//2009 2012//2012 1924//1924
f 2009//2009 1928//1928 2010//2010
f 1927//1927 2010//2010 1928//1928
f 2017//2017 2012//2012 2010//2010
f 2012//2012 2009//2009 2010//2010
f 1924//1924 2012//2012 2011//2011
f 2011//2011 2012//2012 2135//2135
f 2011//2011 2135//2135 2132//2132
f 2135//2135 2012//2012 2136//2136
f 2133//2133 2019//2019 2013//2013
f 2013//2013 2014//2014 2133//2133
f 2014//2014 2004//2004 2133//2133
f 2021//2021 2015//2015 2016//2016
f 2020//2020 2015//2015 2021//2021
f 2024//2024 2015//2015 2020//2020
f 2016//2016 1925//1925 2013//2013
f 2016//2016 2013//2013 2021//2021
f 2023//2023 2018//2018 1927//1927
f 2010//2010 1927//1927 2018//2018
f 2136//2136 2012//2012 2017//2017
f 2010//2010 2018//2018 2017//2017
f 2021//2021 2026//2026 2020//2020
f 2013//2013 2019//2019 2021//2021
f 2022//2022 2023//2023 1927//1927
f 2024//2024 2028//2028 1931//1931
f 2026//2026 2025//2025 2020//2020
f 2024//2024 2020//2020 2025//2025
f 2021//2021 2146//2146 2026//2026
f 2021//2021 2147//2147 2146//2146
f 2021//2021 2019//2019 2147//2147
f 2156//2156 2022//2022 2027//2027
f 2156//2156 2023//2023 2022//2022
f 2156//2156 2157//2157 2023//2023
f 2028//2028 2024//2024 2159//2159
f 2025//2025 2159//2159 2024//2024
f 2026//2026 2151//2151 2025//2025
f 2027//2027 2163//2163 2156//2156
f 1931//1931 2028//2028 1933//1933
f 2165//2165 1933//1933 2028//2028
f 2165//2165 2029//2029 1933//1933
f 2028//2028 2159//2159 2166//2166
f 2028//2028 2166//2166 2165//2165
f 2029//2029 2031//2031 1938//1938
f 2031//2031 2029//2029 2165//2165
f 2030//2030 2027//2027 1937//1937
f 2172//2172 2173//2173 2030//2030
f 1938//1938 2031//2031 2035//2035
f 1937//1937 1936//1936 2033//2033
f 2033//2033 1936//1936 2032//2032
f 2030//2030 1937//1937 2033//2033
f 2033//2033 2032//2032 2038//2038
f 2172//2172 2030//2030 2033//2033
f 2172//2172 2033//2033 2177//2177
f 2177//2177 2033//2033 2038//2038
f 2035//2035 2034//2034 1939//1939
f 1939//1939 2034//2034 2045//2045
f 2034//2034 2041//2041 2045//2045
f 2034//2034 2035//2035 2041//2041
f 2035//2035 2042//2042 2041//2041
f 2035//2035 2031//2031 2042//2042
f 2031//2031 2175//2175 2042//2042
f 2039//2039 2036//2036 2037//2037
f 2037//2037 2036//2036 2040//2040
f 2032//2032 2036//2036 2039//2039
f 2039//2039 2037//2037 2191//2191
f 2193//2193 2039//2039 2191//2191
f 2038//2038 2032//2032 2039//2039
f 1947//1947 2040//2040 2036//2036
f 1946//1946 2044//2044 2040//2040
f 2037//2037 2040//2040 2044//2044
f 1945//1945 1948//1948 2043//2043
f 2042//2042 2195//2195 2041//2041
f 2048//2048 2044//2044 2043//2043
f 2045//2045 1951//1951 1944//1944
f 2045//2045 2050//2050 1951//1951
f 2045//2045 2041//2041 2050//2050
f 2041//2041 2046//2046 2050//2050
f 2041//2041 2195//2195 2046//2046
f 2195//2195 2200//2200 2046//2046
f 2047//2047 2044//2044 2048//2048
f 2051//2051 2047//2047 2048//2048
f 2037//2037 2044//2044 2047//2047
f 2037//2037 2047//2047 2191//2191
f 1948//1948 1953//1953 2043//2043
f 2049//2049 2043//2043 1953//1953
f 1953//1953 1955//1955 2049//2049
f 2050//2050 2053//2053 1954//1954
f 2050//2050 2046//2046 2063//2063
f 2043//2043 2049//2049 2048//2048
f 2191//2191 2047//2047 2051//2051
f 2057//2057 2049//2049 1955//1955
f 1954//1954 2052//2052 1955//1955
f 1954//1954 2053//2053 2052//2052
f 2050//2050 2062//2062 2053//2053
f 2050//2050 2063//2063 2062//2062
f 2046//2046 2054//2054 2063//2063
f 2054//2054 2046//2046 2200//2200
f 2058//2058 2055//2055 2048//2048
f 2048//2048 2055//2055 2051//2051
f 2051//2051 2055//2055 2205//2205
f 2057//2057 1955//1955 2052//2052
f 2057//2057 2058//2058 2049//2049
f 2049//2049 2058//2058 2048//2048
f 2065//2065 2058//2058 2057//2057
f 2059//2059 2055//2055 2058//2058
f 2058//2058 2065//2065 2059//2059
f 2055//2055 2061//2061 2205//2205
f 2057//2057 2052//2052 2056//2056
f 2057//2057 2056//2056 2066//2066
f 2052//2052 2062//2062 2056//2056
f 2052//2052 2053//2053 2062//2062
f 2064//2064 2072//2072 2054//2054
f 2054//2054 2212//2212 2064//2064
f 2067//2067 2060//2060 2059//2059
f 2059//2059 2065//2065 2067//2067
f 2060//2060 2055//2055 2059//2059
f 2061//2061 2055//2055 2060//2060
f 2205//2205 2061//2061 2211//2211
f 2056//2056 2070//2070 2066//2066
f 2056//2056 2062//2062 2070//2070
f 2057//2057 2066//2066 2065//2065
f 2062//2062 2063//2063 2072//2072
f 2054//2054 2072//2072 2063//2063
f 2064//2064 2212//2212 2073//2073
f 2061//2061 2060//2060 2069//2069
f 2070//2070 2067//2067 2066//2066
f 2065//2065 2066//2066 2067//2067
f 2072//2072 2075//2075 2076//2076
f 2072//2072 2068//2068 2075//2075
f 2064//2064 2068//2068 2072//2072
f 2064//2064 2073//2073 2068//2068
f 2073//2073 2075//2075 2068//2068
f 2077//2077 2083//2083 2067//2067
f 2060//2060 2067//2067 2083//2083
f 2083//2083 2069//2069 2060//2060
f 2215//2215 2061//2061 2069//2069
f 2215//2215 2069//2069 2219//2219
f 2069//2069 2083//2083 2219//2219
f 2216//2216 2061//2061 2215//2215
f 2070//2070 2071//2071 2067//2067
f 2062//2062 2074//2074 2070//2070
f 2062//2062 2072//2072 2074//2074
f 2070//2070 2074//2074 2071//2071
f 2076//2076 2075//2075 2084//2084
f 2071//2071 1956//1956 2067//2067
f 2071//2071 2074//2074 1956//1956
f 2074//2074 2076//2076 2078//2078
f 2074//2074 2072//2072 2076//2076
f 2076//2076 2084//2084 2078//2078
f 2075//2075 2073//2073 2080//2080
f 2082//2082 2219//2219 2083//2083
f 1956//1956 2077//2077 2067//2067
f 2075//2075 2085//2085 2084//2084
f 2075//2075 2080//2080 2079//2079
f 2081//2081 2089//2089 2080//2080
f 2081//2081 2229//2229 2089//2089
f 2229//2229 2081//2081 2226//2226
f 2219//2219 2082//2082 2227//2227
f 2231//2231 2227//2227 2082//2082
f 2078//2078 2084//2084 1957//1957
f 2084//2084 2085//2085 1957//1957
f 2075//2075 2079//2079 2085//2085
f 2085//2085 2079//2079 2080//2080
f 2087//2087 2083//2083 2086//2086
f 2087//2087 2231//2231 2082//2082
f 2083//2083 2087//2087 2082//2082
f 2231//2231 2087//2087 2232//2232
f 2088//2088 2077//2077 1956//1956
f 2077//2077 2088//2088 2086//2086
f 2083//2083 2077//2077 2086//2086
f 2080//2080 1959//1959 2085//2085
f 2093//2093 2090//2090 2229//2229
f 2080//2080 1965//1965 1959//1959
f 2080//2080 2089//2089 1965//1965
f 2090//2090 2089//2089 2229//2229
f 2094//2094 2086//2086 2088//2088
f 2091//2091 2086//2086 2094//2094
f 2091//2091 2087//2087 2086//2086
f 2093//2093 1974//1974 2090//2090
f 2232//2232 2087//2087 2092//2092
f 2087//2087 2091//2091 2092//2092
f 2095//2095 2239//2239 2092//2092
f 2094//2094 2088//2088 1969//1969
f 2089//2089 2090//2090 1974//1974
f 2093//2093 2096//2096 1974//1974
f 2097//2097 2096//2096 2093//2093
f 2093//2093 2237//2237 2097//2097
f 2237//2237 2238//2238 2097//2097
f 2098//2098 2095//2095 2094//2094
f 2094//2094 2095//2095 2091//2091
f 2091//2091 2095//2095 2092//2092
f 2239//2239 2095//2095 2100//2100
f 2098//2098 2099//2099 2095//2095
f 2097//2097 2102//2102 2096//2096
f 2097//2097 2238//2238 2102//2102
f 2100//2100 2095//2095 2099//2099
f 2100//2100 2099//2099 1980//1980
f 2100//2100 1980//1980 2106//2106
f 2353//2353 2101//2101 2238//2238
f 1892//1892 2102//2102 2103//2103
f 2102//2102 2238//2238 2103//2103
f 2103//2103 2101//2101 1892//1892
f 2103//2103 2238//2238 2101//2101
f 2244//2244 2100//2100 2250//2250
f 2100//2100 2106//2106 2105//2105
f 2107//2107 2101//2101 2104//2104
f 2107//2107 2104//2104 2246//2246
f 2105//2105 2106//2106 2108//2108
f 2254//2254 2114//2114 2246//2246
f 2109//2109 2108//2108 1990//1990
f 2105//2105 2108//2108 2109//2109
f 2111//2111 2105//2105 2109//2109
f 2111//2111 2109//2109 2112//2112
f 2112//2112 2109//2109 2110//2110
f 2255//2255 2111//2111 2112//2112
f 2245//2245 2116//2116 2113//2113
f 2113//2113 2117//2117 2249//2249
f 2114//2114 2254//2254 2117//2117
f 2117//2117 2254//2254 2249//2249
f 2109//2109 1990//1990 1993//1993
f 1993//1993 2119//2119 2109//2109
f 2110//2110 2109//2109 2119//2119
f 2119//2119 2115//2115 2110//2110
f 2110//2110 2115//2115 2258//2258
f 1991//1991 2118//2118 2123//2123
f 2116//2116 2123//2123 2118//2118
f 2113//2113 2118//2118 2117//2117
f 2118//2118 1991//1991 2117//2117
f 2113//2113 2116//2116 2118//2118
f 1987//1987 2114//2114 2117//2117
f 2120//2120 2259//2259 2119//2119
f 2119//2119 2259//2259 2115//2115
f 2268//2268 2121//2121 2122//2122
f 2268//2268 2122//2122 2269//2269
f 2269//2269 2122//2122 2123//2123
f 2119//2119 1995//1995 2120//2120
f 2259//2259 2120//2120 2124//2124
f 2124//2124 2125//2125 2259//2259
f 2259//2259 2125//2125 2260//2260
f 2260//2260 2126//2126 2267//2267
f 2267//2267 2126//2126 2128//2128
f 2267//2267 2128//2128 2121//2121
f 2127//2127 1913//1913 2122//2122
f 2122//2122 2121//2121 2127//2127
f 2121//2121 2128//2128 2127//2127
f 1995//1995 2124//2124 2120//2120
f 1994//1994 2124//2124 1995//1995
f 2129//2129 2125//2125 2124//2124
f 1994//1994 2129//2129 2124//2124
f 2125//2125 2129//2129 2126//2126
f 2125//2125 2126//2126 2260//2260
f 2127//2127 1911//1911 1913//1913
f 1911//1911 2127//2127 2128//2128
f 2131//2131 2130//2130 2139//2139
f 2131//2131 2140//2140 2008//2008
f 2139//2139 2140//2140 2131//2131
f 2139//2139 2130//2130 2132//2132
f 2133//2133 2004//2004 2008//2008
f 2017//2017 2018//2018 2134//2134
f 2136//2136 2017//2017 2134//2134
f 2135//2135 2136//2136 2137//2137
f 2135//2135 2137//2137 2138//2138
f 2137//2137 2136//2136 2134//2134
f 2138//2138 2137//2137 2144//2144
f 2132//2132 2135//2135 2138//2138
f 2132//2132 2138//2138 2141//2141
f 2138//2138 2270//2270 2141//2141
f 2142//2142 2140//2140 2139//2139
f 2132//2132 2141//2141 2139//2139
f 2141//2141 2142//2142 2139//2139
f 2142//2142 2141//2141 2270//2270
f 2142//2142 2270//2270 2272//2272
f 2142//2142 2272//2272 2140//2140
f 2271//2271 2140//2140 2272//2272
f 2145//2145 2133//2133 2143//2143
f 2133//2133 2008//2008 2143//2143
f 2008//2008 2140//2140 2143//2143
f 2271//2271 2143//2143 2140//2140
f 2145//2145 2143//2143 2271//2271
f 2149//2149 2134//2134 2018//2018
f 2134//2134 2149//2149 2137//2137
f 2137//2137 2149//2149 2150//2150
f 2270//2270 2138//2138 2144//2144
f 2270//2270 2144//2144 2384//2384
f 2148//2148 2019//2019 2133//2133
f 2145//2145 2148//2148 2133//2133
f 2148//2148 2147//2147 2019//2019
f 2152//2152 2146//2146 2147//2147
f 2152//2152 2147//2147 2155//2155
f 2155//2155 2147//2147 2148//2148
f 2155//2155 2148//2148 2145//2145
f 2023//2023 2157//2157 2018//2018
f 2157//2157 2149//2149 2018//2018
f 2149//2149 2273//2273 2150//2150
f 2279//2279 2150//2150 2273//2273
f 2144//2144 2137//2137 2150//2150
f 2144//2144 2150//2150 2279//2279
f 2151//2151 2159//2159 2025//2025
f 2151//2151 2160//2160 2159//2159
f 2146//2146 2152//2152 2026//2026
f 2152//2152 2151//2151 2026//2026
f 2152//2152 2153//2153 2151//2151
f 2153//2153 2161//2161 2160//2160
f 2153//2153 2160//2160 2151//2151
f 2152//2152 2155//2155 2154//2154
f 2154//2154 2153//2153 2152//2152
f 2162//2162 2154//2154 2155//2155
f 2154//2154 2162//2162 2153//2153
f 2162//2162 2161//2161 2153//2153
f 2145//2145 2277//2277 2155//2155
f 2162//2162 2155//2155 2277//2277
f 2156//2156 2163//2163 2157//2157
f 2157//2157 2278//2278 2158//2158
f 2273//2273 2149//2149 2158//2158
f 2158//2158 2149//2149 2157//2157
f 2158//2158 2278//2278 2273//2273
f 2160//2160 2166//2166 2159//2159
f 2161//2161 2167//2167 2160//2160
f 2167//2167 2166//2166 2160//2160
f 2161//2161 2281//2281 2167//2167
f 2161//2161 2162//2162 2281//2281
f 2157//2157 2163//2163 2164//2164
f 2278//2278 2157//2157 2164//2164
f 2278//2278 2164//2164 2283//2283
f 2171//2171 2170//2170 2165//2165
f 2166//2166 2171//2171 2165//2165
f 2167//2167 2168//2168 2166//2166
f 2171//2171 2166//2166 2168//2168
f 2167//2167 2280//2280 2168//2168
f 2167//2167 2281//2281 2280//2280
f 2280//2280 2285//2285 2168//2168
f 2163//2163 2027//2027 2030//2030
f 2173//2173 2163//2163 2030//2030
f 2163//2163 2169//2169 2164//2164
f 2173//2173 2169//2169 2163//2163
f 2165//2165 2170//2170 2031//2031
f 2171//2171 2176//2176 2170//2170
f 2171//2171 2181//2181 2176//2176
f 2174//2174 2173//2173 2172//2172
f 2177//2177 2174//2174 2172//2172
f 2174//2174 2169//2169 2173//2173
f 2293//2293 2169//2169 2174//2174
f 2293//2293 2164//2164 2169//2169
f 2164//2164 2293//2293 2283//2283
f 2175//2175 2031//2031 2170//2170
f 2170//2170 2176//2176 2175//2175
f 2176//2176 2181//2181 2180//2180
f 2294//2294 2181//2181 2171//2171
f 2177//2177 2038//2038 2039//2039
f 2177//2177 2039//2039 2178//2178
f 2178//2178 2039//2039 2193//2193
f 2178//2178 2179//2179 2177//2177
f 2193//2193 2182//2182 2178//2178
f 2179//2179 2174//2174 2177//2177
f 2182//2182 2179//2179 2178//2178
f 2179//2179 2293//2293 2174//2174
f 2183//2183 2293//2293 2179//2179
f 2179//2179 2182//2182 2183//2183
f 2184//2184 2042//2042 2175//2175
f 2175//2175 2176//2176 2180//2180
f 2175//2175 2180//2180 2184//2184
f 2180//2180 2186//2186 2184//2184
f 2186//2186 2180//2180 2181//2181
f 2294//2294 2300//2300 2181//2181
f 2194//2194 2183//2183 2182//2182
f 2315//2315 2293//2293 2183//2183
f 2194//2194 2315//2315 2183//2183
f 2184//2184 2195//2195 2042//2042
f 2184//2184 2185//2185 2195//2195
f 2185//2185 2184//2184 2186//2186
f 2186//2186 2187//2187 2185//2185
f 2187//2187 2188//2188 2185//2185
f 2186//2186 2189//2189 2187//2187
f 2190//2190 2187//2187 2189//2189
f 2188//2188 2187//2187 2190//2190
f 2197//2197 2188//2188 2190//2190
f 2181//2181 2189//2189 2186//2186
f 2300//2300 2301//2301 2189//2189
f 2181//2181 2300//2300 2189//2189
f 2189//2189 2301//2301 2190//2190
f 2193//2193 2191//2191 2192//2192
f 2194//2194 2182//2182 2193//2193
f 2194//2194 2193//2193 2314//2314
f 2314//2314 2193//2193 2192//2192
f 2194//2194 2314//2314 2315//2315
f 2185//2185 2196//2196 2195//2195
f 2196//2196 2198//2198 2195//2195
f 2185//2185 2188//2188 2196//2196
f 2198//2198 2196//2196 2197//2197
f 2188//2188 2197//2197 2196//2196
f 2197//2197 2190//2190 2304//2304
f 2192//2192 2191//2191 2199//2199
f 2192//2192 2199//2199 2314//2314
f 2197//2197 2201//2201 2198//2198
f 2197//2197 2202//2202 2201//2201
f 2051//2051 2199//2199 2191//2191
f 2314//2314 2199//2199 2320//2320
f 2200//2200 2212//2212 2054//2054
f 2195//2195 2198//2198 2200//2200
f 2198//2198 2204//2204 2200//2200
f 2198//2198 2206//2206 2204//2204
f 2201//2201 2206//2206 2198//2198
f 2206//2206 2201//2201 2202//2202
f 2205//2205 2199//2199 2051//2051
f 2199//2199 2205//2205 2203//2203
f 2320//2320 2199//2199 2203//2203
f 2320//2320 2203//2203 2323//2323
f 2212//2212 2200//2200 2204//2204
f 2214//2214 2204//2204 2206//2206
f 2208//2208 2203//2203 2205//2205
f 2208//2208 2205//2205 2207//2207
f 2323//2323 2203//2203 2208//2208
f 2211//2211 2207//2207 2205//2205
f 2211//2211 2210//2210 2208//2208
f 2208//2208 2207//2207 2211//2211
f 2204//2204 2213//2213 2212//2212
f 2213//2213 2204//2204 2214//2214
f 2214//2214 2206//2206 2209//2209
f 2209//2209 2206//2206 2202//2202
f 2328//2328 2209//2209 2202//2202
f 2210//2210 2211//2211 2217//2217
f 2223//2223 2212//2212 2213//2213
f 2214//2214 2223//2223 2213//2213
f 2209//2209 2218//2218 2214//2214
f 2334//2334 2218//2218 2209//2209
f 2216//2216 2211//2211 2061//2061
f 2217//2217 2211//2211 2216//2216
f 2223//2223 2073//2073 2212//2212
f 2214//2214 2218//2218 2223//2223
f 2334//2334 2335//2335 2218//2218
f 2216//2216 2215//2215 2220//2220
f 2220//2220 2215//2215 2219//2219
f 2217//2217 2216//2216 2220//2220
f 2221//2221 2217//2217 2220//2220
f 2210//2210 2217//2217 2222//2222
f 2222//2222 2217//2217 2221//2221
f 2332//2332 2210//2210 2222//2222
f 2073//2073 2223//2223 2080//2080
f 2218//2218 2081//2081 2223//2223
f 2081//2081 2218//2218 2224//2224
f 2218//2218 2335//2335 2224//2224
f 2221//2221 2220//2220 2228//2228
f 2341//2341 2221//2221 2228//2228
f 2222//2222 2221//2221 2341//2341
f 2081//2081 2080//2080 2223//2223
f 2224//2224 2226//2226 2081//2081
f 2225//2225 2226//2226 2224//2224
f 2225//2225 2224//2224 2335//2335
f 2335//2335 2340//2340 2225//2225
f 2220//2220 2219//2219 2227//2227
f 2220//2220 2227//2227 2228//2228
f 2225//2225 2230//2230 2229//2229
f 2340//2340 2230//2230 2225//2225
f 2340//2340 2343//2343 2230//2230
f 2226//2226 2225//2225 2229//2229
f 2341//2341 2228//2228 2235//2235
f 2229//2229 2230//2230 2236//2236
f 2343//2343 2236//2236 2230//2230
f 2238//2238 2236//2236 2343//2343
f 2231//2231 2233//2233 2227//2227
f 2233//2233 2228//2228 2227//2227
f 2233//2233 2231//2231 2232//2232
f 2233//2233 2232//2232 2234//2234
f 2228//2228 2233//2233 2235//2235
f 2235//2235 2233//2233 2234//2234
f 2345//2345 2235//2235 2234//2234
f 2236//2236 2093//2093 2229//2229
f 2236//2236 2238//2238 2237//2237
f 2236//2236 2237//2237 2093//2093
f 2347//2347 2345//2345 2234//2234
f 2239//2239 2232//2232 2092//2092
f 2234//2234 2232//2232 2239//2239
f 2234//2234 2239//2239 2240//2240
f 2104//2104 2353//2353 2354//2354
f 2246//2246 2354//2354 2361//2361
f 2244//2244 2239//2239 2100//2100
f 2240//2240 2239//2239 2244//2244
f 2240//2240 2244//2244 2241//2241
f 2354//2354 2246//2246 2104//2104
f 2356//2356 2241//2241 2371//2371
f 2372//2372 2356//2356 2371//2371
f 2364//2364 2243//2243 2361//2361
f 2104//2104 2101//2101 2353//2353
f 2371//2371 2241//2241 2244//2244
f 2246//2246 2361//2361 2243//2243
f 2242//2242 2247//2247 2243//2243
f 2245//2245 2249//2249 2247//2247
f 2377//2377 2245//2245 2370//2370
f 2246//2246 2249//2249 2254//2254
f 2247//2247 2246//2246 2243//2243
f 2249//2249 2246//2246 2247//2247
f 2245//2245 2247//2247 2242//2242
f 2371//2371 2244//2244 2250//2250
f 2371//2371 2250//2250 2248//2248
f 2371//2371 2248//2248 2372//2372
f 2372//2372 2248//2248 2252//2252
f 2372//2372 2252//2252 2378//2378
f 2249//2249 2245//2245 2113//2113
f 2250//2250 2100//2100 2105//2105
f 2250//2250 2105//2105 2111//2111
f 2250//2250 2111//2111 2251//2251
f 2248//2248 2250//2250 2251//2251
f 2252//2252 2251//2251 2255//2255
f 2248//2248 2251//2251 2252//2252
f 2255//2255 2256//2256 2252//2252
f 2253//2253 2378//2378 2252//2252
f 2253//2253 2252//2252 2256//2256
f 2256//2256 2262//2262 2253//2253
f 2245//2245 2377//2377 2116//2116
f 2111//2111 2255//2255 2251//2251
f 2256//2256 2261//2261 2262//2262
f 2377//2377 2257//2257 2116//2116
f 2255//2255 2112//2112 2258//2258
f 2112//2112 2110//2110 2258//2258
f 2255//2255 2258//2258 2256//2256
f 2258//2258 2261//2261 2256//2256
f 2257//2257 2266//2266 2116//2116
f 2115//2115 2259//2259 2258//2258
f 2260//2260 2261//2261 2259//2259
f 2261//2261 2260//2260 2262//2262
f 2259//2259 2261//2261 2258//2258
f 2264//2264 2262//2262 2267//2267
f 2382//2382 2262//2262 2264//2264
f 2265//2265 2268//2268 2263//2263
f 2263//2263 2269//2269 2266//2266
f 2382//2382 2264//2264 2265//2265
f 2263//2263 2268//2268 2269//2269
f 2268//2268 2265//2265 2264//2264
f 2383//2383 2263//2263 2257//2257
f 2257//2257 2263//2263 2266//2266
f 2383//2383 2265//2265 2263//2263
f 2383//2383 2382//2382 2265//2265
f 2123//2123 2116//2116 2269//2269
f 2266//2266 2269//2269 2116//2116
f 2262//2262 2260//2260 2267//2267
f 2267//2267 2121//2121 2264//2264
f 2264//2264 2121//2121 2268//2268
f 2270//2270 2274//2274 2272//2272
f 2270//2270 2384//2384 2274//2274
f 2279//2279 2384//2384 2144//2144
f 2275//2275 2277//2277 2145//2145
f 2276//2276 2275//2275 2145//2145
f 2277//2277 2275//2275 2276//2276
f 2276//2276 2145//2145 2271//2271
f 2282//2282 2162//2162 2277//2277
f 2273//2273 2278//2278 2284//2284
f 2283//2283 2284//2284 2278//2278
f 2273//2273 2284//2284 2279//2279
f 2279//2279 2385//2385 2384//2384
f 2385//2385 2279//2279 2389//2389
f 2277//2277 2276//2276 2282//2282
f 2281//2281 2285//2285 2280//2280
f 2162//2162 2282//2282 2281//2281
f 2283//2283 2388//2388 2284//2284
f 2389//2389 2279//2279 2284//2284
f 2284//2284 2388//2388 2389//2389
f 2281//2281 2282//2282 2287//2287
f 2281//2281 2286//2286 2285//2285
f 2286//2286 2281//2281 2287//2287
f 2286//2286 2288//2288 2290//2290
f 2286//2286 2287//2287 2288//2288
f 2282//2282 2276//2276 2287//2287
f 2285//2285 2286//2286 2290//2290
f 2388//2388 2283//2283 2397//2397
f 2289//2289 2294//2294 2171//2171
f 2285//2285 2289//2289 2168//2168
f 2168//2168 2289//2289 2171//2171
f 2294//2294 2289//2289 2295//2295
f 2289//2289 2285//2285 2290//2290
f 2291//2291 2289//2289 2290//2290
f 2291//2291 2297//2297 2289//2289
f 2297//2297 2295//2295 2289//2289
f 2290//2290 2292//2292 2291//2291
f 2290//2290 2288//2288 2292//2292
f 2283//2283 2293//2293 2397//2397
f 2397//2397 2293//2293 2411//2411
f 2296//2296 2300//2300 2294//2294
f 2295//2295 2296//2296 2294//2294
f 2297//2297 2296//2296 2295//2295
f 2303//2303 2296//2296 2297//2297
f 2291//2291 2298//2298 2297//2297
f 2298//2298 2299//2299 2297//2297
f 2299//2299 2303//2303 2297//2297
f 2291//2291 2292//2292 2298//2298
f 2404//2404 2292//2292 2288//2288
f 2300//2300 2302//2302 2301//2301
f 2296//2296 2302//2302 2300//2300
f 2301//2301 2304//2304 2190//2190
f 2303//2303 2302//2302 2296//2296
f 2302//2302 2305//2305 2301//2301
f 2303//2303 2305//2305 2302//2302
f 2299//2299 2306//2306 2303//2303
f 2299//2299 2410//2410 2306//2306
f 2304//2304 2308//2308 2197//2197
f 2304//2304 2310//2310 2308//2308
f 2305//2305 2304//2304 2301//2301
f 2305//2305 2310//2310 2304//2304
f 2305//2305 2307//2307 2310//2310
f 2306//2306 2305//2305 2303//2303
f 2306//2306 2307//2307 2305//2305
f 2410//2410 2307//2307 2306//2306
f 2202//2202 2197//2197 2309//2309
f 2197//2197 2308//2308 2309//2309
f 2309//2309 2316//2316 2202//2202
f 2310//2310 2311//2311 2308//2308
f 2311//2311 2309//2309 2308//2308
f 2311//2311 2316//2316 2309//2309
f 2316//2316 2311//2311 2317//2317
f 2312//2312 2317//2317 2311//2311
f 2312//2312 2319//2319 2317//2317
f 2307//2307 2313//2313 2310//2310
f 2313//2313 2311//2311 2310//2310
f 2312//2312 2311//2311 2313//2313
f 2418//2418 2322//2322 2312//2312
f 2325//2325 2315//2315 2314//2314
f 2329//2329 2328//2328 2316//2316
f 2317//2317 2318//2318 2316//2316
f 2318//2318 2329//2329 2316//2316
f 2317//2317 2319//2319 2318//2318
f 2318//2318 2319//2319 2321//2321
f 2318//2318 2330//2330 2329//2329
f 2318//2318 2321//2321 2330//2330
f 2322//2322 2321//2321 2319//2319
f 2322//2322 2319//2319 2312//2312
f 2325//2325 2314//2314 2320//2320
f 2324//2324 2325//2325 2320//2320
f 2324//2324 2320//2320 2323//2323
f 2325//2325 2420//2420 2315//2315
f 2321//2321 2331//2331 2330//2330
f 2322//2322 2331//2331 2321//2321
f 2325//2325 2324//2324 2327//2327
f 2202//2202 2316//2316 2328//2328
f 2332//2332 2326//2326 2208//2208
f 2332//2332 2208//2208 2210//2210
f 2324//2324 2326//2326 2332//2332
f 2323//2323 2208//2208 2326//2326
f 2324//2324 2323//2323 2326//2326
f 2328//2328 2334//2334 2209//2209
f 2330//2330 2335//2335 2329//2329
f 2330//2330 2336//2336 2335//2335
f 2331//2331 2336//2336 2330//2330
f 2331//2331 2422//2422 2424//2424
f 2324//2324 2332//2332 2333//2333
f 2324//2324 2333//2333 2327//2327
f 2429//2429 2327//2327 2333//2333
f 2329//2329 2334//2334 2328//2328
f 2329//2329 2335//2335 2334//2334
f 2336//2336 2331//2331 2426//2426
f 2424//2424 2426//2426 2331//2331
f 2336//2336 2340//2340 2335//2335
f 2339//2339 2340//2340 2426//2426
f 2426//2426 2340//2340 2336//2336
f 2332//2332 2222//2222 2337//2337
f 2333//2333 2332//2332 2337//2337
f 2338//2338 2333//2333 2337//2337
f 2433//2433 2333//2333 2338//2338
f 2339//2339 2343//2343 2340//2340
f 2341//2341 2337//2337 2222//2222
f 2337//2337 2341//2341 2342//2342
f 2338//2338 2337//2337 2342//2342
f 2343//2343 2339//2339 2344//2344
f 2346//2346 2344//2344 2339//2339
f 2339//2339 2443//2443 2346//2346
f 2438//2438 2346//2346 2443//2443
f 2345//2345 2341//2341 2235//2235
f 2345//2345 2342//2342 2341//2341
f 2338//2338 2342//2342 2447//2447
f 2438//2438 2446//2446 2346//2346
f 2344//2344 2238//2238 2343//2343
f 2342//2342 2345//2345 2348//2348
f 2447//2447 2342//2342 2348//2348
f 2344//2344 2346//2346 2238//2238
f 2353//2353 2346//2346 2446//2446
f 2346//2346 2353//2353 2238//2238
f 2348//2348 2345//2345 2347//2347
f 2347//2347 2350//2350 2348//2348
f 2352//2352 2353//2353 2446//2446
f 2352//2352 2453//2453 2456//2456
f 2349//2349 2347//2347 2234//2234
f 2349//2349 2234//2234 2240//2240
f 2350//2350 2347//2347 2349//2349
f 2350//2350 2349//2349 2357//2357
f 2357//2357 2348//2348 2350//2350
f 2448//2448 2348//2348 2351//2351
f 2351//2351 2348//2348 2357//2357
f 2358//2358 2448//2448 2351//2351
f 2357//2357 2358//2358 2351//2351
f 2448//2448 2358//2358 2457//2457
f 2456//2456 2360//2360 2355//2355
f 2352//2352 2355//2355 2354//2354
f 2352//2352 2456//2456 2355//2355
f 2356//2356 2349//2349 2240//2240
f 2349//2349 2356//2356 2357//2357
f 2358//2358 2463//2463 2457//2457
f 2456//2456 2363//2363 2360//2360
f 2352//2352 2354//2354 2353//2353
f 2356//2356 2240//2240 2241//2241
f 2372//2372 2357//2357 2356//2356
f 2358//2358 2357//2357 2359//2359
f 2357//2357 2372//2372 2359//2359
f 2373//2373 2359//2359 2372//2372
f 2359//2359 2373//2373 2362//2362
f 2359//2359 2463//2463 2358//2358
f 2359//2359 2362//2362 2463//2463
f 2462//2462 2369//2369 2363//2363
f 2364//2364 2361//2361 2355//2355
f 2355//2355 2361//2361 2354//2354
f 2355//2355 2360//2360 2364//2364
f 2373//2373 2366//2366 2362//2362
f 2463//2463 2362//2362 2464//2464
f 2362//2362 2366//2366 2467//2467
f 2467//2467 2366//2366 2368//2368
f 2367//2367 2465//2465 2368//2368
f 2365//2365 2363//2363 2370//2370
f 2364//2364 2370//2370 2242//2242
f 2370//2370 2364//2364 2365//2365
f 2360//2360 2365//2365 2364//2364
f 2360//2360 2363//2363 2365//2365
f 2242//2242 2243//2243 2364//2364
f 2375//2375 2368//2368 2366//2366
f 2368//2368 2376//2376 2367//2367
f 2369//2369 2367//2367 2380//2380
f 2466//2466 2367//2367 2369//2369
f 2369//2369 2380//2380 2363//2363
f 2363//2363 2377//2377 2370//2370
f 2370//2370 2245//2245 2242//2242
f 2378//2378 2374//2374 2372//2372
f 2374//2374 2366//2366 2373//2373
f 2372//2372 2374//2374 2373//2373
f 2366//2366 2374//2374 2375//2375
f 2374//2374 2379//2379 2375//2375
f 2375//2375 2379//2379 2382//2382
f 2375//2375 2381//2381 2376//2376
f 2375//2375 2382//2382 2381//2381
f 2368//2368 2375//2375 2376//2376
f 2376//2376 2381//2381 2367//2367
f 2380//2380 2257//2257 2363//2363
f 2257//2257 2377//2377 2363//2363
f 2379//2379 2374//2374 2378//2378
f 2367//2367 2381//2381 2380//2380
f 2253//2253 2379//2379 2378//2378
f 2262//2262 2379//2379 2253//2253
f 2379//2379 2262//2262 2382//2382
f 2381//2381 2382//2382 2383//2383
f 2383//2383 2257//2257 2380//2380
f 2381//2381 2383//2383 2380//2380
f 2384//2384 2385//2385 2386//2386
f 2274//2274 2384//2384 2386//2386
f 2385//2385 2392//2392 2386//2386
f 2271//2271 2272//2272 2394//2394
f 2394//2394 2276//2276 2271//2271
f 2387//2387 2274//2274 2386//2386
f 2272//2272 2274//2274 2387//2387
f 2272//2272 2387//2387 2394//2394
f 2387//2387 2386//2386 2393//2393
f 2394//2394 2387//2387 2393//2393
f 2390//2390 2389//2389 2388//2388
f 2389//2389 2390//2390 2391//2391
f 2390//2390 2399//2399 2391//2391
f 2389//2389 2391//2391 2385//2385
f 2391//2391 2392//2392 2385//2385
f 2386//2386 2392//2392 2393//2393
f 2392//2392 2469//2469 2393//2393
f 2396//2396 2276//2276 2395//2395
f 2394//2394 2395//2395 2276//2276
f 2394//2394 2468//2468 2395//2395
f 2403//2403 2396//2396 2395//2395
f 2403//2403 2395//2395 2468//2468
f 2396//2396 2287//2287 2276//2276
f 2397//2397 2398//2398 2388//2388
f 2397//2397 2411//2411 2406//2406
f 2397//2397 2406//2406 2398//2398
f 2390//2390 2388//2388 2398//2398
f 2390//2390 2398//2398 2399//2399
f 2472//2472 2392//2392 2399//2399
f 2392//2392 2391//2391 2399//2399
f 2404//2404 2288//2288 2400//2400
f 2287//2287 2400//2400 2288//2288
f 2404//2404 2401//2401 2405//2405
f 2409//2409 2405//2405 2401//2401
f 2396//2396 2400//2400 2287//2287
f 2404//2404 2400//2400 2401//2401
f 2401//2401 2402//2402 2409//2409
f 2402//2402 2401//2401 2400//2400
f 2403//2403 2400//2400 2396//2396
f 2400//2400 2403//2403 2402//2402
f 2404//2404 2298//2298 2292//2292
f 2405//2405 2298//2298 2404//2404
f 2299//2299 2298//2298 2405//2405
f 2411//2411 2412//2412 2406//2406
f 2407//2407 2398//2398 2406//2406
f 2407//2407 2406//2406 2412//2412
f 2398//2398 2407//2407 2399//2399
f 2408//2408 2399//2399 2407//2407
f 2399//2399 2408//2408 2472//2472
f 2407//2407 2413//2413 2408//2408
f 2478//2478 2408//2408 2413//2413
f 2409//2409 2414//2414 2410//2410
f 2409//2409 2483//2483 2414//2414
f 2477//2477 2409//2409 2402//2402
f 2409//2409 2477//2477 2483//2483
f 2410//2410 2299//2299 2405//2405
f 2405//2405 2409//2409 2410//2410
f 2413//2413 2407//2407 2412//2412
f 2412//2412 2493//2493 2413//2413
f 2419//2419 2410//2410 2414//2414
f 2414//2414 2416//2416 2419//2419
f 2483//2483 2416//2416 2414//2414
f 2410//2410 2417//2417 2307//2307
f 2417//2417 2313//2313 2307//2307
f 2419//2419 2417//2417 2410//2410
f 2411//2411 2293//2293 2420//2420
f 2420//2420 2293//2293 2315//2315
f 2411//2411 2420//2420 2412//2412
f 2413//2413 2493//2493 2478//2478
f 2488//2488 2421//2421 2415//2415
f 2416//2416 2488//2488 2415//2415
f 2312//2312 2313//2313 2417//2417
f 2312//2312 2417//2417 2418//2418
f 2417//2417 2419//2419 2418//2418
f 2416//2416 2415//2415 2419//2419
f 2415//2415 2418//2418 2419//2419
f 2422//2422 2418//2418 2415//2415
f 2418//2418 2422//2422 2322//2322
f 2412//2412 2420//2420 2432//2432
f 2432//2432 2493//2493 2412//2412
f 2422//2422 2421//2421 2423//2423
f 2322//2322 2422//2422 2331//2331
f 2415//2415 2421//2421 2422//2422
f 2420//2420 2325//2325 2431//2431
f 2422//2422 2423//2423 2424//2424
f 2421//2421 2495//2495 2423//2423
f 2423//2423 2495//2495 2425//2425
f 2325//2325 2327//2327 2431//2431
f 2427//2427 2424//2424 2423//2423
f 2427//2427 2423//2423 2425//2425
f 2428//2428 2425//2425 2501//2501
f 2428//2428 2501//2501 2430//2430
f 2502//2502 2430//2430 2501//2501
f 2424//2424 2427//2427 2426//2426
f 2427//2427 2425//2425 2428//2428
f 2427//2427 2428//2428 2426//2426
f 2429//2429 2431//2431 2327//2327
f 2434//2434 2431//2431 2429//2429
f 2420//2420 2431//2431 2432//2432
f 2430//2430 2502//2502 2439//2439
f 2439//2439 2438//2438 2430//2430
f 2509//2509 2502//2502 2500//2500
f 2509//2509 2437//2437 2502//2502
f 2428//2428 2339//2339 2426//2426
f 2438//2438 2428//2428 2430//2430
f 2433//2433 2429//2429 2333//2333
f 2429//2429 2433//2433 2434//2434
f 2434//2434 2435//2435 2431//2431
f 2431//2431 2435//2435 2432//2432
f 2437//2437 2439//2439 2502//2502
f 2440//2440 2433//2433 2338//2338
f 2440//2440 2434//2434 2433//2433
f 2440//2440 2441//2441 2434//2434
f 2441//2441 2435//2435 2434//2434
f 2432//2432 2435//2435 2436//2436
f 2432//2432 2436//2436 2506//2506
f 2506//2506 2436//2436 2511//2511
f 2509//2509 2514//2514 2437//2437
f 2438//2438 2443//2443 2428//2428
f 2453//2453 2438//2438 2439//2439
f 2437//2437 2453//2453 2439//2439
f 2443//2443 2339//2339 2428//2428
f 2441//2441 2440//2440 2444//2444
f 2436//2436 2435//2435 2442//2442
f 2435//2435 2441//2441 2442//2442
f 2436//2436 2442//2442 2511//2511
f 2510//2510 2451//2451 2514//2514
f 2446//2446 2438//2438 2453//2453
f 2447//2447 2440//2440 2338//2338
f 2440//2440 2447//2447 2448//2448
f 2448//2448 2444//2444 2440//2440
f 2444//2444 2448//2448 2457//2457
f 2441//2441 2444//2444 2445//2445
f 2442//2442 2441//2441 2445//2445
f 2457//2457 2445//2445 2444//2444
f 2511//2511 2442//2442 2449//2449
f 2442//2442 2445//2445 2449//2449
f 2450//2450 2511//2511 2449//2449
f 2511//2511 2450//2450 2513//2513
f 2514//2514 2452//2452 2437//2437
f 2514//2514 2451//2451 2452//2452
f 2447//2447 2348//2348 2448//2448
f 2458//2458 2445//2445 2457//2457
f 2445//2445 2458//2458 2449//2449
f 2449//2449 2458//2458 2454//2454
f 2449//2449 2454//2454 2450//2450
f 2450//2450 2454//2454 2455//2455
f 2461//2461 2510//2510 2455//2455
f 2450//2450 2455//2455 2513//2513
f 2452//2452 2456//2456 2453//2453
f 2437//2437 2452//2452 2453//2453
f 2453//2453 2352//2352 2446//2446
f 2461//2461 2462//2462 2451//2451
f 2461//2461 2451//2451 2510//2510
f 2451//2451 2363//2363 2452//2452
f 2452//2452 2363//2363 2456//2456
f 2454//2454 2460//2460 2455//2455
f 2460//2460 2454//2454 2458//2458
f 2451//2451 2462//2462 2363//2363
f 2455//2455 2460//2460 2459//2459
f 2459//2459 2461//2461 2455//2455
f 2460//2460 2465//2465 2459//2459
f 2459//2459 2466//2466 2461//2461
f 2466//2466 2462//2462 2461//2461
f 2464//2464 2458//2458 2457//2457
f 2460//2460 2464//2464 2465//2465
f 2464//2464 2460//2460 2458//2458
f 2459//2459 2465//2465 2466//2466
f 2457//2457 2463//2463 2464//2464
f 2464//2464 2467//2467 2465//2465
f 2464//2464 2362//2362 2467//2467
f 2467//2467 2368//2368 2465//2465
f 2367//2367 2466//2466 2465//2465
f 2462//2462 2466//2466 2369//2369
f 2469//2469 2392//2392 2472//2472
f 2393//2393 2469//2469 2394//2394
f 2468//2468 2394//2394 2469//2469
f 2470//2470 2403//2403 2468//2468
f 2471//2471 2468//2468 2469//2469
f 2468//2468 2471//2471 2470//2470
f 2470//2470 2402//2402 2403//2403
f 2408//2408 2478//2478 2472//2472
f 2479//2479 2472//2472 2478//2478
f 2472//2472 2479//2479 2475//2475
f 2475//2475 2479//2479 2481//2481
f 2472//2472 2475//2475 2469//2469
f 2469//2469 2474//2474 2471//2471
f 2474//2474 2476//2476 2471//2471
f 2473//2473 2471//2471 2476//2476
f 2471//2471 2473//2473 2470//2470
f 2477//2477 2470//2470 2473//2473
f 2469//2469 2475//2475 2474//2474
f 2474//2474 2481//2481 2476//2476
f 2476//2476 2484//2484 2473//2473
f 2474//2474 2475//2475 2481//2481
f 2476//2476 2481//2481 2480//2480
f 2476//2476 2480//2480 2484//2484
f 2402//2402 2470//2470 2477//2477
f 2473//2473 2484//2484 2477//2477
f 2481//2481 2482//2482 2480//2480
f 2481//2481 2479//2479 2482//2482
f 2479//2479 2485//2485 2482//2482
f 2480//2480 2482//2482 2487//2487
f 2480//2480 2487//2487 2489//2489
f 2484//2484 2480//2480 2489//2489
f 2483//2483 2488//2488 2416//2416
f 2477//2477 2484//2484 2483//2483
f 2484//2484 2489//2489 2483//2483
f 2483//2483 2489//2489 2488//2488
f 2485//2485 2490//2490 2482//2482
f 2482//2482 2490//2490 2487//2487
f 2489//2489 2487//2487 2486//2486
f 2490//2490 2491//2491 2487//2487
f 2487//2487 2491//2491 2486//2486
f 2489//2489 2492//2492 2488//2488
f 2489//2489 2486//2486 2492//2492
f 2479//2479 2478//2478 2494//2494
f 2492//2492 2486//2486 2491//2491
f 2490//2490 2497//2497 2491//2491
f 2421//2421 2488//2488 2495//2495
f 2488//2488 2492//2492 2495//2495
f 2496//2496 2492//2492 2491//2491
f 2496//2496 2495//2495 2492//2492
f 2478//2478 2493//2493 2494//2494
f 2493//2493 2432//2432 2504//2504
f 2493//2493 2504//2504 2494//2494
f 2504//2504 2498//2498 2494//2494
f 2479//2479 2494//2494 2485//2485
f 2494//2494 2498//2498 2485//2485
f 2485//2485 2498//2498 2490//2490
f 2496//2496 2491//2491 2501//2501
f 2425//2425 2495//2495 2496//2496
f 2498//2498 2499//2499 2490//2490
f 2491//2491 2497//2497 2500//2500
f 2490//2490 2499//2499 2497//2497
f 2503//2503 2491//2491 2500//2500
f 2503//2503 2501//2501 2491//2491
f 2501//2501 2425//2425 2496//2496
f 2498//2498 2504//2504 2506//2506
f 2497//2497 2510//2510 2500//2500
f 2497//2497 2507//2507 2510//2510
f 2499//2499 2507//2507 2497//2497
f 2502//2502 2501//2501 2503//2503
f 2503//2503 2500//2500 2502//2502
f 2498//2498 2505//2505 2499//2499
f 2506//2506 2505//2505 2498//2498
f 2499//2499 2505//2505 2507//2507
f 2432//2432 2506//2506 2504//2504
f 2506//2506 2512//2512 2505//2505
f 2509//2509 2500//2500 2510//2510
f 2506//2506 2511//2511 2512//2512
f 2505//2505 2508//2508 2507//2507
f 2505//2505 2512//2512 2508//2508
f 2507//2507 2508//2508 2510//2510
f 2509//2509 2510//2510 2514//2514
f 2511//2511 2513//2513 2512//2512
f 2512//2512 2513//2513 2455//2455
f 2508//2508 2512//2512 2455//2455
f 2508//2508 2455//2455 2510//2510
