# Wavafront OBJ file of BodyParts3D
# BodyParts3D, Copyright(C) 2010-2011 The Database Center for Life Science licensed under CC Attribution-Share Alike 2.1 Japan.
vn 0.995194 -0.0270604 0.094107
v 135.337 -108.418 1169.19
vn 0.982476 -0.0820447 0.167363
v 135.109 -109.231 1170.59
vn 0.937204 -0.178972 0.299361
v 134.229 -110.346 1173.79
vn 0.874285 -0.250206 0.415959
v 133.809 -110.443 1174.82
vn 0.999546 0.0280049 0.0111065
v 135.41 -108.332 1167.84
vn 0.964807 -0.137245 0.224302
v 134.704 -110.646 1171.83
vn 0.945642 -0.212507 0.246176
v 134.437 -111.907 1172
vn 0.895548 -0.272527 0.351742
v 133.928 -112.378 1173.27
vn 0.838927 -0.301739 0.45294
v 133.536 -112.374 1174.12
vn 0.829315 -0.334828 0.447355
v 133.385 -112.982 1173.98
vn 0.996515 0.0582955 -0.0596581
v 135.44 -110.307 1165.98
vn 0.986253 -0.109394 0.123843
v 135.272 -111.384 1168.21
vn 0.970937 -0.152689 0.184302
v 135.014 -111.551 1169.72
vn 0.854079 -0.329755 0.402258
v 133.546 -113.509 1173.24
vn 0.998623 -0.0378274 0.0363517
v 135.437 -111.267 1166.39
vn 0.997559 0.0262265 -0.0647193
v 135.422 -110.975 1165.11
vn 0.986339 -0.13544 0.0937653
v 135.339 -112.031 1166.9
vn 0.961229 -0.209747 0.179014
v 134.837 -112.616 1169.55
vn 0.991498 0.0368946 -0.124782
v 135.309 -111.586 1163.77
vn 0.997486 -0.0700255 -0.0108281
v 135.391 -112.353 1165.04
vn 0.970729 -0.197589 0.136543
v 134.803 -116.742 1164.54
vn 0.927617 -0.274481 0.253352
v 133.31 -118.77 1168.98
vn 0.902806 -0.308079 0.300047
v 132.14 -124.067 1167.31
vn 0.995072 -0.0964046 -0.0231849
v 134.602 -120.761 1158.59
vn 0.993914 -0.0321492 -0.105367
v 134.642 -119.916 1158.36
vn 0.991765 -0.123512 0.0338752
v 134.681 -120.143 1159.93
vn 0.973004 -0.197427 0.119522
v 134.47 -120.991 1160.59
vn 0.993615 -0.0849783 -0.0742112
v 134.475 -121.691 1157.78
vn 0.983637 -0.16847 0.063845
v 134.483 -121.627 1159.26
vn 0.992072 -0.125667 -0.00105829
v 134.48 -121.836 1158.42
vn 0.992184 -0.123348 -0.0188887
v 133.94 -125.694 1155.83
vn 0.979127 -0.182804 0.0888394
v 133.792 -126.378 1156.6
vn 0.955673 -0.238791 0.172242
v 133.372 -128 1157.01
vn 0.960893 -0.230408 0.153614
v 132.813 -134.151 1151.9
vn 0.88755 -0.0949728 0.450816
v 133.356 -97.7774 1181.89
vn 0.988432 0.0618151 0.138496
v 134.059 -97.8016 1179.43
vn 0.96857 0.00306819 0.248723
v 133.917 -98.025 1180.23
vn 0.879358 -0.135831 0.456377
v 133.528 -99.6905 1181.09
vn 0.797687 -0.192449 0.57154
v 133.271 -99.6762 1181.51
vn 0.654967 -0.305039 0.691353
v 133.033 -100.374 1181.52
vn 0.988012 0.150055 0.0362834
v 134.582 -98.104 1174.68
vn 0.948889 -0.0678024 0.308242
v 133.921 -100.049 1180.04
vn 0.983679 -0.0195252 0.178869
v 134.096 -100.294 1179.23
vn 0.951775 -0.122223 0.2814
v 133.961 -100.765 1179.64
vn 0.899252 -0.166753 0.4044
v 133.715 -100.506 1180.44
vn 0.803027 -0.234323 0.547941
v 133.371 -100.582 1181.02
vn 0.484174 -0.38194 0.787209
v 132.72 -101.752 1181.1
vn 0.982131 0.177095 -0.0636804
v 134.587 -98.3441 1173.5
vn 0.994551 0.0813311 0.0652251
v 134.67 -98.8274 1174.69
vn 0.991296 0.0421125 0.124738
v 134.695 -100.077 1175.19
vn 0.897257 -0.208878 0.388972
v 133.77 -102.466 1179.34
vn 0.831039 -0.254926 0.494354
v 133.473 -102.55 1179.93
vn 0.702598 -0.316269 0.63744
v 133.153 -102.175 1180.55
vn 0.994349 0.103835 -0.0220952
v 134.884 -100.814 1172.42
vn 0.611185 -0.363524 0.703067
v 132.873 -103.567 1180.14
vn 0.970615 0.19351 -0.143042
v 134.683 -100.693 1170.26
vn 0.995412 0.02427 0.0925502
v 134.913 -102.032 1173.66
vn 0.946086 -0.14858 0.28783
v 134.187 -105.201 1176.71
vn 0.988395 -0.0364169 0.147475
v 134.841 -104.362 1174
vn 0.969416 -0.102761 0.222874
v 134.417 -104.996 1175.93
vn 0.49384 -0.419698 0.761561
v 132.439 -107.803 1178.17
vn 0.998331 0.0358262 0.0453065
v 135.212 -105.168 1170.52
vn 0.837075 -0.269277 0.476231
v 133.477 -107.865 1176.91
vn 0.791236 -0.299926 0.532907
v 133.223 -107.679 1177.44
vn 0.684456 -0.362743 0.632407
v 132.928 -108.36 1177.43
vn 0.372281 -0.447802 0.812945
v 132.056 -109.118 1177.65
vn 0.992465 0.100535 -0.0700349
v 135.317 -107.165 1167.49
vn 0.796554 -0.310432 0.51878
v 133.338 -110.778 1175.46
vn 0.710139 -0.362783 0.6034
v 132.897 -110.657 1176.12
vn 0.482047 -0.440519 0.757347
v 132.225 -111.75 1176.07
vn 0.75597 -0.357654 0.548263
v 133.127 -112.805 1174.51
vn 0.595513 -0.416709 0.686818
v 132.485 -112.383 1175.5
vn 0.951869 0.198293 -0.233721
v 134.89 -108.094 1163.95
vn 0.974449 0.154639 -0.162899
v 135.123 -108.216 1164.91
vn 0.310414 -0.465516 0.828817
v 131.515 -113.984 1175.16
vn 0.950857 0.178028 -0.253331
v 134.769 -109.342 1162.48
vn 0.978954 0.123203 -0.162699
v 135.183 -109.62 1164.07
vn 0.968857 0.104717 -0.224391
v 135.058 -110.892 1162.65
vn 0.938874 0.16744 -0.300799
v 134.411 -111.036 1160.21
vn 0.599089 -0.429653 0.675641
v 131.567 -118.719 1172.35
vn 0.400957 -0.463085 0.790434
v 131.273 -118.267 1172.84
vn 0.724994 -0.389889 0.567776
v 131.873 -119.274 1171.65
vn 0.524238 -0.438184 0.730185
v 131.219 -120.881 1171.26
vn 0.235221 -0.462645 0.854769
v 130.497 -121.338 1171.35
vn 0.951482 0.115885 -0.285047
v 134.177 -116.125 1157.25
vn 0.967511 0.0818142 -0.239228
v 134.496 -116.726 1158.2
vn 0.987507 0.023054 -0.155879
v 134.911 -116.5 1160.14
vn 0.626418 -0.416099 0.659137
v 131.176 -122.467 1170.35
vn 0.438608 -0.455542 0.774664
v 130.762 -122.934 1170.41
vn 0.975222 0.047042 -0.21617
v 134.519 -118.185 1157.86
vn 0.959542 0.081548 -0.269499
v 134.244 -117.416 1157.01
vn 0.706602 -0.402006 0.582327
v 131.251 -123.791 1169.38
vn 0.801413 -0.36594 0.473101
v 131.338 -124.41 1168.81
vn 0.604895 -0.435942 0.666375
v 130.886 -123.932 1169.67
vn 0.719337 -0.418182 0.554688
v 130.877 -126.126 1168.18
vn 0.651415 -0.435125 0.62155
v 130.722 -126.025 1168.44
vn 0.948802 0.0756006 -0.30669
v 133.812 -119.664 1154.89
vn 0.974119 0.0299273 -0.224047
v 134.373 -120.388 1156.81
vn 0.988085 -0.0358164 -0.149687
v 134.422 -121.251 1157.05
vn 0.573024 -0.461328 0.677362
v 130.466 -126.612 1168.27
vn 0.817651 -0.374406 0.437342
v 130.798 -128.729 1166.2
vn 0.376147 -0.480805 0.792048
v 129.594 -129.875 1166.72
vn 0.65872 -0.448111 0.604388
v 130.003 -130.77 1165.77
vn 0.415861 -0.505272 0.756148
v 129.495 -130.915 1166.1
vn 0.817146 -0.382872 0.430908
v 129.758 -134.579 1163.05
vn 0.461123 -0.492516 0.738101
v 128.934 -135.728 1163.12
vn 0.696368 -0.44562 0.562578
v 129.21 -136.455 1162.31
vn 0.580219 -0.486518 0.653182
v 128.786 -136.938 1162.39
vn 0.875823 -0.344116 0.338405
v 129.585 -138.189 1159.99
vn 0.992034 -0.0806916 -0.0967368
v 132.86 -133.834 1150.17
vn 0.989583 -0.143514 0.0113226
v 132.903 -133.917 1151.1
vn 0.793979 -0.409951 0.448928
v 128.985 -139.56 1160
vn 0.667615 -0.476515 0.572035
v 128.661 -139.887 1160.2
vn 0.977619 -0.0253331 -0.208851
v 132.526 -134.824 1148.3
vn 0.962524 0.024669 -0.270071
v 132.439 -133.669 1147.97
vn 0.924913 0.0821166 -0.371205
v 132.139 -133.818 1147.08
vn 0.948681 0.0211534 -0.315528
v 131.942 -136.131 1146.22
vn 0.990992 -0.124906 -0.0483055
v 132.534 -136.285 1149.16
vn 0.978923 -0.194428 0.0625094
v 132.409 -137.043 1149.66
vn 0.91591 -0.308376 0.256929
v 129.577 -141.333 1156.51
vn 0.848148 -0.374745 0.374448
v 128.925 -141.706 1158.04
vn 0.739292 -0.443186 0.506984
v 128.463 -141.688 1158.88
vn 0.967348 -0.0441276 -0.24958
v 132.097 -136.933 1146.74
vn 0.943643 -0.00314867 -0.330949
v 131.759 -136.967 1145.66
vn 0.986971 -0.154535 -0.0447968
v 132.25 -138.106 1148.28
vn 0.986065 -0.0886307 -0.140788
v 132.297 -137.44 1147.95
vn 0.979738 -0.106638 -0.169532
v 132.069 -138.349 1147.13
vn 0.973054 -0.217412 0.0767969
v 132.001 -139.371 1148.46
vn 0.97848 -0.206052 0.0109394
v 131.876 -140.124 1147.75
vn 0.969117 -0.238398 0.0630713
v 131.743 -140.666 1147.89
vn 0.982324 -0.175292 -0.0656665
v 131.796 -140.425 1147.08
vn 0.951121 -0.263749 0.16064
v 131.55 -140.74 1149.23
vn 0.873729 -0.362105 0.324774
v 128.343 -145.131 1155.92
vn 0.796666 -0.414897 0.439527
v 128.127 -145.302 1156.24
vn 0.978497 -0.133055 -0.157607
v 131.315 -142.239 1145.42
vn 0.96696 -0.0828354 -0.241094
v 131.027 -142.353 1144.07
vn 0.973972 -0.226408 0.0108524
v 131.137 -143.555 1146.07
vn 0.912816 -0.326518 0.245262
v 128.971 -146.767 1151.8
vn 0.980278 -0.183632 -0.0730319
v 131.134 -143.517 1145.61
vn 0.957465 -0.267781 0.107488
v 130.911 -144.293 1146.55
vn 0.970084 -0.119868 -0.211115
v 130.522 -145.053 1143.11
vn 0.978641 -0.17696 -0.104623
v 130.557 -145.881 1144.1
vn 0.957255 -0.276015 0.0864826
v 130.419 -146.427 1145.43
vn 0.933248 -0.308431 0.184169
v 130.123 -146.447 1147.5
vn 0.974135 -0.223988 -0.0298421
v 129.994 -148.392 1143.23
vn 0.960869 -0.276799 0.0106708
v 129.533 -150.215 1142.78
vn 0.951807 0.00645464 0.306628
v 132.79 -91.5295 1183.83
vn 0.922946 -0.0402039 0.382825
v 132.478 -91.0802 1184.72
vn 0.982724 0.0818938 0.165975
v 133.073 -92.1502 1182.84
vn 0.863871 -0.104366 0.492783
v 132.524 -94.2825 1184.12
vn 0.724857 -0.200442 0.659095
v 132.157 -94.7075 1184.49
vn 0.572839 -0.290101 0.766614
v 131.955 -95.7671 1184.31
vn 0.98803 0.118474 0.0987911
v 133.769 -95.0816 1179.69
vn 0.767648 -0.190263 0.611978
v 132.572 -96.1006 1183.58
vn 0.388723 -0.379345 0.839638
v 131.767 -96.5643 1184.09
vn 0.18136 -0.440019 0.879484
v 131.404 -97.6981 1183.66
vn 0.72424 -0.230943 0.649725
v 132.711 -98.0069 1182.78
vn 0.533513 -0.341435 0.773813
v 132.415 -98.6822 1182.76
vn 0.322816 -0.418816 0.848754
v 131.94 -98.7646 1182.98
vn 0.962051 0.24687 -0.116248
v 133.963 -95.5758 1173.92
vn 0.127159 -0.467278 0.874918
v 131.371 -99.6909 1182.63
vn 0.950004 0.265967 -0.163565
v 133.841 -95.7421 1172.83
vn 0.434861 -0.408354 0.802585
v 132.547 -101.245 1181.47
vn 0.272868 -0.446547 0.852138
v 132.13 -100.932 1181.81
vn 0.944879 0.264308 -0.193246
v 133.927 -97.2213 1171.05
vn 0.963844 0.235028 -0.125567
v 134.393 -97.8762 1172.74
vn 0.209373 -0.427681 0.879347
v 131.988 -102.198 1181.17
vn -0.0274041 -0.444231 0.895493
v 130.885 -102.522 1181.1
vn 0.347832 -0.408922 0.84368
v 132.187 -104.066 1180.29
vn 0.15777 -0.417399 0.894923
v 131.719 -104.275 1180.32
vn 0.030133 -0.39751 0.917103
v 131.316 -104.077 1180.45
vn 0.0390875 -0.43572 0.899233
v 131.227 -104.816 1180.12
vn 0.944796 0.234461 -0.228883
v 134.051 -100.025 1168.05
vn 0.219741 -0.45348 0.863753
v 131.788 -105.552 1179.67
vn 0.0599271 -0.462708 0.884483
v 131.277 -105.908 1179.55
vn -0.0586337 -0.453405 0.889374
v 130.522 -105.49 1179.77
vn 0.870642 0.285155 -0.400836
v 133.629 -105.63 1161.61
vn -0.139598 -0.450927 0.881577
v 130.102 -113.365 1175.54
vn 0.0344818 -0.464296 0.885008
v 130.866 -113.986 1175.27
vn 0.933027 0.218979 -0.285496
v 134.137 -107.933 1161.41
vn -0.134992 -0.444953 0.885321
v 129.802 -116.068 1174.16
vn 0.875259 0.265421 -0.404318
v 133.533 -109.293 1159.02
vn 0.905853 0.238012 -0.350401
v 134.023 -109.489 1160.06
vn 0.111527 -0.477858 0.871329
v 130.643 -117.948 1173.2
vn -0.0386847 -0.460473 0.88683
v 130.13 -116.836 1173.8
vn -0.131668 -0.458012 0.879141
v 129.628 -117.678 1173.31
vn -0.276946 -0.439879 0.854288
v 129.202 -117.875 1173.11
vn 0.910365 0.205792 -0.359006
v 134.031 -110.354 1159.52
vn -0.0157767 -0.478267 0.878073
v 130.184 -118.282 1173.04
vn 0.860725 0.242722 -0.447481
v 133.427 -112.175 1157.11
vn -0.0880713 -0.463796 0.881554
v 129.622 -119.663 1172.26
vn 0.11284 -0.469725 0.875572
v 130.087 -122.985 1170.6
vn -0.212014 -0.436044 0.874594
v 128.906 -122.475 1170.73
vn 0.820129 0.242589 -0.518208
v 133.09 -115.547 1154.86
vn 0.929987 0.129693 -0.343953
v 133.766 -117.208 1155.55
vn 0.909571 0.172616 -0.378
v 133.651 -115.73 1155.87
vn 0.856613 0.200263 -0.475509
v 133.095 -118.921 1153.36
vn 0.78883 0.240754 -0.565495
v 132.909 -119.145 1152.97
vn 0.672302 0.310162 -0.672168
v 132.765 -118.862 1152.92
vn 0.910675 0.124156 -0.394027
v 133.307 -119.734 1153.5
vn -0.218666 -0.450595 0.865534
v 128.172 -129.273 1167.14
vn 0.246589 -0.492895 0.834415
v 129.349 -130.072 1166.7
vn 0.0453234 -0.483436 0.874206
v 128.951 -129.723 1166.97
vn 0.85112 0.169909 -0.496714
v 132.692 -122.869 1151.3
vn 0.688145 0.28061 -0.669115
v 132.539 -122.549 1151.18
vn 0.200252 -0.524003 0.827841
v 128.946 -131.989 1165.6
vn 0.0244465 -0.51321 0.857915
v 128.517 -131.982 1165.66
vn -0.117514 -0.493836 0.861578
v 128.106 -131.941 1165.66
vn 0.744267 0.241085 -0.622852
v 132.312 -124.685 1150.03
vn 0.592328 0.327203 -0.736265
v 131.977 -124.495 1149.76
vn 0.540353 0.322002 -0.777389
v 131.814 -125.941 1149.03
vn 0.107081 -0.503146 0.857542
v 128.24 -134.922 1163.87
vn -0.127003 -0.461458 0.878025
v 127.688 -134.168 1164.29
vn 0.875606 0.140733 -0.462069
v 132.225 -127.771 1148.85
vn 0.241908 -0.495034 0.834519
v 128.326 -136.166 1163.16
vn -0.0148432 -0.475124 0.879794
v 127.72 -135.799 1163.44
vn -0.174597 -0.470202 0.865116
v 127.313 -135.749 1163.42
vn 0.394741 -0.522201 0.755967
v 128.456 -137.179 1162.45
vn 0.21071 -0.540607 0.814461
v 128.213 -137.373 1162.42
vn 0.063992 -0.517415 0.853338
v 127.858 -136.516 1163.03
vn 0.0299298 -0.547218 0.836455
v 127.781 -137.371 1162.49
vn -0.136509 -0.50969 0.849459
v 127.445 -136.479 1163.03
vn 0.46147 0.365684 -0.808283
v 131.372 -129.911 1147.01
vn 0.47781 -0.536936 0.695268
v 128.226 -140.191 1160.38
vn 0.227871 -0.561584 0.795424
v 127.768 -140.078 1160.66
vn 0.885418 0.121548 -0.448621
v 131.62 -133.799 1145.94
vn 0.557722 -0.512722 0.652734
v 128.216 -141.144 1159.6
vn 0.309964 -0.556269 0.77103
v 127.651 -141.575 1159.61
vn 0.0529319 -0.547988 0.83481
v 127.215 -141.583 1159.7
vn -0.143081 -0.540299 0.829219
v 126.829 -141.21 1159.93
vn 0.915081 0.0597268 -0.398822
v 131.486 -136.768 1144.97
vn 0.871907 0.120917 -0.474507
v 131.167 -136.378 1144.37
vn 0.803059 0.188287 -0.565371
v 131.123 -135.334 1144.61
vn 0.634768 0.286597 -0.717588
v 130.775 -135.311 1144.23
vn 0.655411 -0.473087 0.588748
v 127.908 -144.34 1157.45
vn 0.398084 -0.522949 0.753693
v 127.422 -144.139 1157.98
vn 0.824687 0.147916 -0.545904
v 130.822 -137.899 1143.4
vn 0.727274 0.217616 -0.650934
v 130.332 -139.139 1142.37
vn 0.802888 -0.412916 0.429966
v 127.729 -146.747 1155.55
vn 0.704623 -0.448394 0.549953
v 127.434 -146.902 1155.85
vn 0.515773 -0.485064 0.70618
v 127.038 -147.037 1156.14
vn 0.927756 0.00775334 -0.373107
v 130.734 -139.982 1142.93
vn 0.884692 0.0653693 -0.46157
v 130.504 -139.898 1142.42
vn 0.779026 0.162395 -0.605596
v 130.174 -140.437 1141.79
vn 0.949369 -0.0381859 -0.311833
v 131.043 -141.042 1143.86
vn 0.214484 -0.48385 0.848461
v 126.439 -147.474 1156.18
vn 0.855931 -0.379234 0.351517
v 127.743 -148.376 1153.9
vn 0.894975 -0.348226 0.27885
v 127.915 -149.044 1152.61
vn 0.799226 -0.407176 0.442092
v 127.331 -148.69 1154.5
vn 0.574542 -0.465454 0.673241
v 126.644 -149.013 1155.15
vn 0.368499 -0.472969 0.800318
v 126.258 -149.097 1155.35
vn 0.82092 0.0849449 -0.56469
v 129.607 -143.544 1140.33
vn 0.949432 -0.0650992 -0.30715
v 130.32 -144.476 1142.18
vn 0.919805 -0.00869782 -0.392279
v 129.893 -143.667 1140.89
vn 0.53989 -0.459371 0.705335
v 126.256 -150.459 1154.45
vn 0.399111 -0.462714 0.791585
v 125.864 -150.716 1154.55
vn 0.89062 0.00219201 -0.454743
v 129.553 -144.634 1140.18
vn 0.902254 -0.355875 0.243496
v 127.507 -151.334 1150.95
vn 0.875196 -0.373605 0.307329
v 127.299 -151.009 1152.03
vn 0.835691 -0.393179 0.383445
v 126.621 -151.875 1152.79
vn 0.725 -0.431182 0.537081
v 126.262 -151.947 1153.37
vn 0.918888 -0.0487718 -0.391491
v 129.452 -145.714 1140.02
vn 0.962745 -0.129097 -0.237605
v 129.754 -148.301 1141.52
vn 0.947528 -0.0870936 -0.30758
v 129.836 -146.719 1141.24
vn 0.974301 -0.185223 -0.12818
v 129.78 -149.02 1142.33
vn 0.963205 -0.235959 -0.128685
v 129.48 -150.237 1142.03
vn 0.961607 -0.17378 -0.2124
v 129.55 -149.36 1141.34
vn 0.931125 -0.331842 0.151283
v 129.029 -151.256 1144.21
vn 0.894054 -0.374204 0.246248
v 126.648 -154.442 1149.41
vn 0.866399 -0.388579 0.313623
v 125.81 -155.114 1151.2
vn 0.798145 -0.414763 0.436962
v 125.551 -155.03 1151.89
vn 0.688379 -0.42999 0.584161
v 125.229 -155.357 1152.09
vn 0.936758 -0.120661 -0.328519
v 129.176 -149.564 1140.16
vn 0.95102 -0.195543 -0.239425
v 129.198 -150.352 1140.68
vn 0.929559 -0.176913 -0.323453
v 128.567 -151.712 1139.48
vn 0.951207 -0.235479 -0.199384
v 128.633 -152.439 1140.29
vn 0.956296 -0.286787 -0.0570153
v 128.665 -152.912 1141.48
vn 0.93679 -0.259644 -0.234539
v 128.163 -153.691 1139.68
vn 0.930869 -0.215491 -0.295035
v 128.241 -153.031 1139.36
vn 0.950259 -0.27991 -0.136594
v 128.389 -153.634 1140.74
vn 0.92607 -0.265152 -0.268494
v 127.783 -154.5 1139.11
vn 0.947966 -0.313643 -0.0546686
v 127.789 -155.574 1140.91
vn 0.94414 -0.326677 0.0433906
v 127.645 -155.974 1141.61
vn 0.934642 -0.34423 0.0891679
v 126.954 -157.826 1142.04
vn 0.93576 -0.304406 -0.178016
v 127.182 -157.046 1139.9
vn 0.941426 -0.335664 -0.0323525
v 127.036 -157.73 1140.67
vn 0.924301 -0.366237 0.107412
v 126.269 -159.642 1142.01
vn 0.901613 -0.381973 0.202954
v 125.894 -159.893 1143.69
vn 0.934417 -0.356 0.0113471
v 126.291 -159.748 1140.99
vn 0.918153 -0.391137 0.0633036
v 126.042 -160.305 1141.57
vn 0.984555 0.102962 0.141597
v 132.112 -86.252 1185.43
vn 0.914473 -0.033841 0.403229
v 131.93 -87.6748 1186.26
vn 0.833372 -0.0977251 0.544005
v 131.657 -88.5803 1186.63
vn 0.680796 -0.199759 0.704708
v 131.092 -89.5344 1187.12
vn 0.876897 -0.0729112 0.475117
v 132.131 -90.8008 1185.5
vn 0.797043 -0.133659 0.588946
v 131.841 -90.6029 1186.01
vn 0.94015 0.304164 -0.153628
v 132.505 -88.646 1178.65
vn 0.942389 0.312791 -0.118594
v 132.769 -90.1066 1177.41
vn 0.966521 0.247245 -0.0686011
v 133.013 -90.594 1178.65
vn 0.985468 0.166048 0.0357921
v 133.045 -90.6803 1180.78
vn 0.036897 -0.449036 0.892751
v 130.039 -94.5711 1185.4
vn 0.941663 0.314106 -0.120862
v 133.078 -91.4128 1176.03
vn 0.293795 -0.386878 0.874077
v 131.253 -95.3133 1184.86
vn 0.930144 0.321441 -0.177507
v 132.732 -91.7062 1173.4
vn 0.969764 0.236062 -0.061905
v 133.501 -92.8875 1176.04
vn 0.947578 0.283215 -0.147934
v 133.243 -92.5412 1174.72
vn -0.114368 -0.480404 0.869559
v 129.728 -97.5924 1183.75
vn 0.936031 0.294617 -0.192476
v 132.855 -92.4906 1172.71
vn 0.0165364 -0.469727 0.882657
v 130.875 -98.5913 1183.26
vn -0.00891877 -0.479204 0.877658
v 130.742 -99.8395 1182.59
vn -0.131438 -0.488972 0.86234
v 129.958 -99.3981 1182.77
vn -0.285664 -0.43369 0.854581
v 129.512 -101.963 1181.18
vn 0.895482 0.305957 -0.32327
v 132.74 -96.5261 1166.77
vn -0.104544 -0.404114 0.908715
v 130.035 -104.326 1180.28
vn -0.276501 -0.405766 0.87115
v 129.397 -104.587 1180.03
vn -0.22063 -0.450021 0.865334
v 129.751 -105.023 1179.91
vn -0.432134 -0.392331 0.811996
v 128.965 -104.975 1179.65
vn 0.767983 0.3728 -0.520789
v 132.746 -99.4345 1164.49
vn -0.532114 -0.401444 0.745451
v 128.822 -106.418 1178.82
vn 0.916878 0.25912 -0.303631
v 133.439 -100.955 1164.93
vn 0.446896 0.47281 -0.75943
v 132.544 -102.226 1162.44
vn 0.792056 0.342443 -0.505352
v 133.259 -104.635 1161.59
vn -0.331077 -0.422125 0.843919
v 129.291 -113.4 1175.34
vn 0.47381 0.477149 -0.740157
v 132.783 -106.273 1160.04
vn 0.273298 0.520583 -0.808889
v 132.418 -105.999 1160.04
vn -0.569947 -0.356093 0.740512
v 128.717 -113.395 1175.02
vn 0.669466 0.406789 -0.621561
v 133.063 -107.418 1159.53
vn -0.266269 -0.424655 0.865314
v 129.226 -115.784 1174.17
vn -0.441089 -0.389344 0.808611
v 128.866 -115.501 1174.15
vn -0.655601 -0.324503 0.681825
v 128.49 -115.53 1173.87
vn 0.810806 0.319769 -0.490247
v 133.325 -108.598 1159.08
vn -0.484494 -0.39719 0.779427
v 128.813 -117.861 1172.95
vn 0.656471 0.393969 -0.6433
v 132.906 -111.957 1156.43
vn 0.427763 0.488326 -0.760629
v 132.563 -111.639 1156.35
vn 0.170038 0.51571 -0.83972
v 132.177 -111.549 1156.26
vn 0.164864 0.545509 -0.82173
v 132.019 -111.011 1156.58
vn -0.795819 -0.232953 0.558932
v 127.782 -119.349 1171.14
vn -0.416867 -0.400075 0.816187
v 128.859 -119.323 1172.21
vn -0.652076 -0.312038 0.690963
v 128.263 -119.616 1171.61
vn 0.739308 0.314876 -0.595211
v 133.029 -112.562 1156.23
vn 0.522006 0.39957 -0.753561
v 132.702 -112.215 1156.1
vn 0.273612 0.467517 -0.840574
v 132.326 -112.104 1155.97
vn 0.232761 0.44128 -0.866657
v 132.235 -112.986 1155.48
vn 0.029562 0.480566 -0.87646
v 131.904 -112.223 1155.84
vn 0.433396 0.399132 -0.807999
v 132.524 -113.972 1155.1
vn 0.0708928 0.449726 -0.890349
v 131.954 -113.677 1155.09
vn -0.0428494 0.452587 -0.89069
v 131.559 -113.462 1155.19
vn -0.577551 -0.326219 0.748342
v 128.286 -122.842 1170.25
vn -0.776614 -0.223458 0.589014
v 127.56 -122.84 1169.57
vn 0.313091 0.422188 -0.850724
v 132.313 -115.938 1154.05
vn -0.076246 0.439123 -0.895186
v 131.479 -116.018 1153.92
vn 0.0377287 0.451069 -0.891691
v 131.791 -116.959 1153.46
vn -0.134358 0.443897 -0.885948
v 131.157 -116.931 1153.52
vn 0.424508 0.378476 -0.822526
v 132.374 -119.063 1152.52
vn 0.169866 0.437599 -0.88298
v 132.026 -118.614 1152.62
vn 0.0153549 0.446284 -0.89476
v 131.599 -118.746 1152.51
vn -0.115966 0.464223 -0.878094
v 131.155 -118.909 1152.46
vn 0.173352 0.42824 -0.886882
v 131.839 -120.251 1151.82
vn -0.693708 -0.281284 0.663059
v 127.245 -128.766 1166.83
vn -0.857222 -0.173898 0.484696
v 126.821 -128.248 1166.43
vn 0.43805 0.381712 -0.813885
v 132.146 -121.06 1151.53
vn -0.50689 -0.36367 0.781541
v 127.571 -129.293 1166.87
vn -0.761034 -0.234563 0.604821
v 126.96 -130.093 1165.92
vn -0.862891 -0.146239 0.48377
v 126.507 -129.708 1165.35
vn -0.3158 -0.439153 0.84108
v 127.51 -131.837 1165.58
vn -0.510808 -0.37258 0.774764
v 127.044 -132.608 1164.96
vn -0.691524 -0.279263 0.666188
v 126.653 -132.808 1164.56
vn -0.818126 -0.1835 0.544976
v 126.373 -132.227 1164.43
vn -0.897686 -0.120099 0.423953
v 126.087 -132.746 1163.75
vn 0.354562 0.393918 -0.848006
v 131.696 -125.327 1149.22
vn 0.298795 0.391387 -0.870366
v 131.417 -126.013 1148.82
vn 0.0822676 0.449886 -0.889289
v 131.282 -125.431 1149.06
vn -0.810342 -0.223639 0.541601
v 126.145 -134.367 1163.28
vn -0.224736 -0.430541 0.874144
v 127.17 -135.182 1163.68
vn -0.37128 -0.448918 0.812788
v 126.922 -135.668 1163.35
vn -0.364967 -0.424416 0.828656
v 126.787 -135.085 1163.58
vn -0.664159 -0.331759 0.669946
v 126.397 -135.285 1163.19
vn -0.879969 -0.169719 0.443677
v 125.747 -135.335 1162.18
vn 0.169733 0.440467 -0.881578
v 130.953 -128.333 1147.62
vn -0.0585979 0.485781 -0.872114
v 130.141 -128.086 1147.73
vn -0.340674 -0.480708 0.807998
v 126.729 -137.738 1162.08
vn -0.58572 -0.380965 0.715401
v 126.358 -137.618 1161.94
vn 0.204449 0.432997 -0.877904
v 130.63 -131.361 1145.98
vn 0.0497635 0.45404 -0.88959
v 130.266 -130.945 1146.14
vn -0.350874 -0.473555 0.807857
v 126.375 -139.56 1160.81
vn -0.506198 -0.416485 0.755185
v 126.189 -139.501 1160.75
vn -0.680403 -0.315415 0.661487
v 125.872 -138.991 1160.74
vn -0.77382 -0.247533 0.583035
v 125.729 -138.708 1160.68
vn -0.26581 -0.481713 0.835043
v 126.198 -141.457 1159.65
vn -0.565482 -0.351811 0.745962
v 125.655 -141.109 1159.55
vn -0.734583 -0.23965 0.634787
v 125.522 -140.664 1159.62
vn 0.414069 0.382427 -0.826012
v 130.432 -134.994 1144.15
vn -0.593702 -0.316887 0.739662
v 125.259 -143.013 1158.43
vn -0.479459 -0.375626 0.79311
v 125.123 -144.266 1157.77
vn 0.0418741 0.48421 -0.873949
v 128.92 -137.812 1142.36
vn -0.182663 -0.428061 0.885098
v 125.226 -147.027 1156.42
vn -0.526097 -0.324502 0.786079
v 124.717 -146.329 1156.53
vn 0.622432 0.270539 -0.734429
v 129.864 -140.055 1141.6
vn 0.475275 0.348725 -0.807778
v 129.706 -139.799 1141.59
vn 0.0513826 -0.430489 0.901132
v 125.686 -148.383 1155.84
vn -0.148827 -0.415243 0.897454
v 125.029 -148.682 1155.65
vn -0.313354 -0.375574 0.872212
v 124.637 -148.603 1155.58
vn 0.691804 0.210403 -0.690751
v 129.639 -141.907 1140.76
vn 0.487106 0.308659 -0.81698
v 129.312 -141.558 1140.63
vn 0.310367 0.396251 -0.864093
v 128.96 -141.26 1140.58
vn 0.158274 0.418419 -0.894357
v 128.531 -141.535 1140.32
vn -0.199395 -0.373169 0.906083
v 124.706 -149.737 1155.08
vn -0.425082 -0.314028 0.848935
v 124.343 -149.46 1155.07
vn 0.712102 0.16175 -0.68319
v 129.467 -143.229 1140.22
vn 0.599485 0.241915 -0.762951
v 129.397 -142.379 1140.4
vn 0.644558 0.177863 -0.743579
v 129.248 -143.518 1139.95
vn 0.438823 0.304736 -0.845323
v 128.992 -142.609 1140.05
vn 0.107506 -0.437965 0.892541
v 125.332 -151.451 1154.34
vn 0.043789 -0.367303 0.92907
v 124.503 -152.955 1153.75
vn 0.813315 0.0508085 -0.579601
v 129.195 -145.624 1139.51
vn 0.534582 -0.431108 0.726889
v 124.965 -154.591 1152.84
vn 0.344528 -0.418223 0.84047
v 124.749 -154.449 1153.04
vn 0.16622 -0.361495 0.917438
v 124.301 -154.479 1153.16
vn -0.0214704 -0.304687 0.952211
v 124.037 -153.302 1153.61
vn 0.565329 -0.426267 0.706187
v 124.871 -155.322 1152.49
vn 0.883404 -0.0455279 -0.466396
v 128.579 -148.763 1138.51
vn 0.908521 -0.11888 -0.400572
v 128.4 -150.126 1138.41
vn 0.668276 0.136889 -0.73121
v 127.725 -149.178 1137.36
vn 0.259741 -0.382864 0.886538
v 123.491 -157.194 1152.27
vn 0.862404 -0.0776276 -0.500234
v 127.936 -150.512 1137.57
vn 0.775659 0.0406662 -0.629841
v 127.827 -149.684 1137.39
vn 0.903332 -0.144964 -0.403704
v 127.982 -151.557 1137.95
vn 0.841917 -0.412706 0.347634
v 124.974 -157.323 1150.66
vn 0.631231 -0.452058 0.630231
v 123.771 -158.902 1151.12
vn 0.428016 -0.43298 0.793303
v 123.626 -157.916 1151.87
vn 0.912756 -0.179109 -0.367146
v 128.018 -152.45 1138.42
vn 0.920367 -0.222378 -0.321672
v 127.821 -153.725 1138.6
vn 0.872151 -0.407459 0.270794
v 125.006 -158.989 1148.28
vn 0.802881 -0.44114 0.400971
v 124.054 -159.693 1150.01
vn 0.728203 -0.449522 0.517349
v 123.844 -159.511 1150.53
vn 0.756648 -0.475928 0.448304
v 123.713 -160.193 1150.11
vn 0.654731 -0.50088 0.566079
v 123.378 -160.34 1150.41
vn 0.571256 -0.481805 0.664478
v 123.268 -159.894 1150.87
vn 0.904681 -0.197955 -0.377314
v 127.19 -154.339 1137.35
vn 0.896709 -0.230577 -0.37782
v 126.98 -154.935 1137.19
vn 0.888754 -0.149208 -0.43342
v 127.127 -153.258 1136.74
vn 0.883826 -0.18761 -0.428548
v 126.837 -154.311 1136.54
vn 0.910663 -0.246128 -0.331835
v 127.284 -154.964 1137.98
vn 0.835956 -0.447438 0.317769
v 124.093 -160.194 1149.25
vn 0.772491 -0.503669 0.38675
v 123.432 -161.199 1149.45
vn 0.642169 -0.548814 0.535184
v 122.822 -161.93 1149.59
vn 0.873252 -0.230178 -0.429476
v 126.597 -155.175 1136.46
vn 0.914159 -0.286168 -0.287091
v 127.004 -156.33 1138.33
vn 0.887464 -0.280414 -0.365755
v 126.691 -156.192 1137.35
vn 0.848394 -0.454195 0.271908
v 124.275 -161.004 1147.4
vn 0.802289 -0.525145 0.283822
v 123.3 -162.268 1148.09
vn 0.727651 -0.55978 0.396446
v 122.819 -162.595 1148.72
vn 0.930884 -0.346633 -0.11533
v 126.235 -159.732 1139.78
vn 0.92206 -0.385124 -0.0385264
v 126.063 -160.304 1140.37
vn 0.899595 -0.410998 0.147679
v 125.668 -160.873 1142.58
vn 0.849905 -0.474903 0.228318
v 125.172 -161.347 1143.85
vn 0.872133 -0.310079 -0.378463
v 125.47 -159.069 1136.81
vn 0.904433 -0.336297 -0.262498
v 125.92 -160.03 1138.8
vn 0.881181 -0.391198 -0.26549
v 125.427 -161.056 1138.56
vn 0.877752 -0.33999 -0.337577
v 125.514 -160.513 1138.17
vn 0.90665 -0.396768 -0.143391
v 125.692 -161.007 1139.62
vn 0.887142 -0.453762 -0.0841404
v 125.523 -161.472 1140.03
vn 0.882358 -0.430524 -0.189986
v 125.412 -161.375 1139.09
vn 0.894348 -0.437059 0.0955072
v 125.494 -161.509 1141.69
vn 0.904748 -0.425763 0.0125565
v 125.526 -161.548 1140.95
vn 0.868051 -0.495084 0.0371451
v 125.259 -162.063 1141.06
vn 0.817193 -0.569966 0.0856415
v 124.653 -162.955 1141.47
vn 0.858061 -0.49221 0.146494
v 125.135 -161.973 1142.53
vn 0.810983 -0.555676 0.183114
v 124.531 -162.812 1142.84
vn 0.801159 -0.551 0.233544
v 123.681 -163.429 1144.41
vn 0.778958 -0.597707 0.189662
v 123.446 -163.983 1143.78
vn 0.865318 -0.386882 -0.318664
v 125.083 -161.411 1138.01
vn 0.862744 -0.442582 -0.244527
v 124.873 -162.045 1138.31
vn 0.847185 -0.416085 -0.330378
v 124.732 -161.872 1137.65
vn 0.860303 -0.490707 -0.138149
v 124.883 -162.514 1139.5
vn 0.852954 -0.480862 -0.203079
v 124.614 -162.669 1138.61
vn 0.835312 -0.526775 -0.157363
v 124.43 -163.131 1139.01
vn 0.844017 -0.535575 -0.0281865
v 124.856 -162.724 1140.57
vn 0.820898 -0.563566 -0.0923011
v 124.265 -163.527 1139.7
vn 0.800022 -0.599883 -0.0102768
v 124.092 -163.814 1140.21
vn 0.776905 -0.615489 0.132635
v 123.963 -163.691 1142.41
vn 0.779725 -0.623357 0.0587804
v 123.783 -164.181 1140.88
vn 0.684345 -0.218742 0.695574
v 130.08 -80.6474 1190.68
vn 0.982824 0.139656 0.120639
v 130.952 -79.8898 1188.47
vn 0.98261 0.18149 0.0392409
v 131.127 -80.1668 1186.92
vn 0.949293 0.0189875 0.313818
v 131.016 -81.7859 1188.86
vn 0.871424 -0.0773306 0.484397
v 130.776 -81.421 1189.48
vn 0.826951 -0.124677 0.548277
v 130.499 -81.2255 1189.99
vn 0.985541 0.133998 0.103699
v 131.251 -81.2595 1187.54
vn 0.975181 0.0815442 0.205846
v 131.242 -81.7565 1187.98
vn 0.986281 0.160105 0.0402052
v 131.572 -82.4515 1185.51
vn 0.975549 0.212679 -0.0554179
v 131.579 -82.5179 1184.03
vn 0.727089 -0.190297 0.659643
v 130.62 -84.4792 1188.9
vn 0.943653 0.277263 -0.180679
v 131.238 -81.9454 1182.33
vn 0.940897 0.2785 -0.192747
v 131.662 -84.3329 1181.09
vn 0.43864 -0.314308 0.841906
v 130.506 -89.2978 1187.62
vn 0.156616 -0.404726 0.900926
v 130.066 -90.8643 1187.13
vn 0.0561405 -0.42661 0.902692
v 129.66 -90.6725 1187.27
vn 0.908155 0.374362 -0.187372
v 131.762 -87.7082 1176.8
vn 0.917367 0.3735 -0.137608
v 131.92 -88.5508 1175.4
vn 0.92027 0.360671 -0.151723
v 132.048 -88.4044 1176.72
vn -0.0726652 -0.454939 0.887553
v 129.409 -94.6895 1185.3
vn -0.264981 -0.468919 0.842556
v 128.399 -94.6919 1185.07
vn -0.40722 -0.469014 0.783708
v 128.257 -96.239 1184.11
vn 0.903435 0.343595 -0.256415
v 131.747 -90.6263 1170.56
vn -0.278954 -0.484006 0.829411
v 128.914 -97.6328 1183.56
vn -0.307998 -0.489564 0.81576
v 128.951 -99.3945 1182.53
vn -0.495221 -0.464372 0.734245
v 128.576 -99.2822 1182.4
vn 0.580348 0.50246 -0.640883
v 131.709 -93.1395 1168.02
vn 0.83307 0.394332 -0.387939
v 132.064 -93.2021 1168.46
vn 0.734145 0.445441 -0.512458
v 131.909 -93.2409 1168.15
vn 0.913395 0.312548 -0.260814
v 132.614 -95.3683 1167.63
vn 0.835946 0.374662 -0.401027
v 132.456 -95.3466 1167.22
vn -0.519061 -0.380298 0.765473
v 128.536 -102.041 1180.67
vn 0.720294 0.423486 -0.549396
v 132.422 -96.2601 1166.37
vn 0.510709 0.492476 -0.70473
v 132.095 -95.7699 1166.4
vn -0.619881 -0.333079 0.710497
v 128.355 -103.664 1179.84
vn -0.752571 -0.301027 0.585679
v 127.953 -104.169 1179.16
vn -0.599522 -0.368961 0.71024
v 128.531 -105.576 1179.04
vn -0.704623 -0.333118 0.626529
v 128.205 -105.228 1178.91
vn 0.548541 0.464987 -0.694903
v 132.389 -99.426 1164.13
vn 0.126497 0.521789 -0.843644
v 131.634 -99.0702 1164.05
vn -0.680873 -0.359292 0.638218
v 128.312 -106.005 1178.6
vn -0.812636 -0.286871 0.507274
v 127.829 -105.681 1178.14
vn 0.328415 0.508606 -0.795904
v 132.001 -99.4814 1163.89
vn -0.960745 -0.133863 0.243003
v 127.301 -107.546 1175.78
vn 0.20815 0.49601 -0.842999
v 132.001 -101.737 1162.5
vn -0.00887869 0.501032 -0.865383
v 131.559 -102.038 1162.28
vn -0.761536 -0.310144 0.569099
v 128.06 -109.228 1176.49
vn -0.893913 -0.214003 0.393856
v 127.607 -108.654 1176
vn 0.139554 0.495347 -0.857412
v 131.898 -102.786 1161.89
vn -0.04988 0.502063 -0.863391
v 131.099 -102.373 1162.12
vn 0.0499831 0.537355 -0.841874
v 132.004 -106.105 1159.88
vn -0.124155 0.530562 -0.838505
v 130.948 -106.054 1159.97
vn -0.778608 -0.273848 0.564603
v 127.908 -114.413 1173.68
vn -0.941239 -0.129715 0.311839
v 127.168 -115.597 1171.41
vn -0.216663 0.539986 -0.81331
v 130.608 -110.105 1157.27
vn -0.89662 -0.150028 0.41661
v 127.433 -118.022 1171.06
vn -0.0347088 0.530666 -0.84687
v 131.575 -111.315 1156.36
vn -0.229556 0.504348 -0.832428
v 130.717 -111.302 1156.48
vn -0.441482 0.484814 -0.755016
v 130.117 -110.502 1157.22
vn -0.13493 0.465018 -0.874959
v 131.02 -112.542 1155.72
vn -0.166638 0.489437 -0.855969
v 130.88 -111.829 1156.14
vn -0.294553 0.457179 -0.839182
v 130.4 -112.205 1156.06
vn -0.400567 0.462377 -0.791046
v 130.193 -111.879 1156.34
vn -0.458568 0.411552 -0.787617
v 130.1 -112.792 1155.89
vn -0.618574 0.371788 -0.6922
v 129.738 -112.888 1156.11
vn -0.958094 -0.0603569 0.280024
v 126.681 -119.634 1168.71
vn -0.988042 0.00441164 0.15412
v 126.463 -118.423 1167.91
vn -0.936122 -0.0706003 0.344515
v 126.923 -119.836 1169.41
vn -0.555664 0.362693 -0.748125
v 129.819 -114.321 1155.32
vn -0.975926 -0.0212403 0.217064
v 126.386 -120.039 1167.45
vn -0.853444 -0.169687 0.492788
v 127.074 -122.243 1169.05
vn -0.923289 -0.109455 0.368179
v 126.845 -121.983 1168.65
vn -0.226664 0.43231 -0.872772
v 130.744 -114.918 1154.58
vn -0.43292 0.392901 -0.811301
v 130.314 -114.772 1154.8
vn -0.58007 0.365652 -0.727886
v 129.53 -116.071 1154.72
vn -0.317939 0.431029 -0.844469
v 130.582 -116.222 1154.01
vn -0.590164 0.40233 -0.699883
v 129.352 -117.56 1154.07
vn -0.92272 -0.113089 0.368507
v 126.585 -125.403 1166.87
vn -0.978443 -0.0144499 0.206011
v 125.768 -126.399 1163.9
vn -0.94846 -0.0696987 0.309137
v 126.107 -126.471 1165.16
vn -0.909917 -0.108141 0.400446
v 126.307 -129.281 1165.06
vn -0.410157 0.479563 -0.775752
v 128.874 -125.488 1149.54
vn -0.631193 0.4338 -0.642972
v 128.355 -125.12 1150.2
vn -0.989482 0.0164781 0.143717
v 124.998 -133.044 1159.66
vn -0.945403 -0.070436 0.318202
v 125.399 -134.658 1161.5
vn -0.182738 0.490398 -0.852125
v 128.992 -128.783 1147.49
vn -0.588627 0.46248 -0.663047
v 127.97 -128.408 1148.22
vn -0.0771049 0.478324 -0.874792
v 129.394 -131.241 1145.98
vn -0.196031 0.50052 -0.843239
v 128.565 -130.888 1146.32
vn -0.900377 -0.12035 0.418135
v 125.053 -139.041 1159.36
vn -0.960815 -0.0391519 0.274411
v 124.892 -138.169 1159.12
vn -0.897078 -0.0919614 0.432197
v 124.8 -141.874 1158.19
vn -0.301984 0.505833 -0.808046
v 127.406 -135.697 1143.83
vn -0.975585 0.0279399 0.217837
v 124.147 -142.339 1156.29
vn -0.156538 0.513461 -0.843714
v 127.733 -136.89 1143
vn -0.681764 -0.273102 0.678685
v 124.736 -144.458 1157.36
vn -0.813897 -0.167627 0.556303
v 124.577 -144.346 1157.2
vn -0.119602 0.512565 -0.850278
v 127.601 -138.276 1142.16
vn -0.805268 -0.166664 0.569005
v 124.216 -146.045 1156.13
vn -0.141794 0.48582 -0.862481
v 127.498 -141.44 1140.32
vn -0.254265 0.482516 -0.838169
v 126.959 -140.379 1141.02
vn -0.649671 -0.189433 0.736235
v 123.935 -149.693 1154.74
vn -0.836178 -0.0666387 0.544395
v 123.55 -149.207 1154.38
vn -0.91805 0.00592175 0.39642
v 123.268 -148.599 1153.8
vn -0.928402 0.116442 0.352862
v 122.675 -151.51 1152.82
vn -0.193312 -0.267559 0.943951
v 123.651 -153.119 1153.63
vn -0.477378 -0.185659 0.85886
v 123.367 -152.357 1153.73
vn -0.779312 -0.0132511 0.626496
v 123.025 -152.179 1153.48
vn -0.468369 -0.108086 0.876897
v 122.544 -155.097 1152.89
vn -0.690455 0.016212 0.723194
v 121.856 -155.878 1152.32
vn 0.475462 0.258469 -0.84091
v 127.055 -148.655 1136.98
vn 0.224123 0.372934 -0.900383
v 126.485 -148.5 1136.82
vn 0.111411 -0.346816 0.931293
v 123.028 -157.394 1152.29
vn -0.0118816 -0.322215 0.946592
v 122.345 -157.743 1152.19
vn -0.204911 -0.242065 0.948376
v 121.94 -157.689 1152.16
vn 0.376452 0.322571 -0.868465
v 126.265 -150.201 1136.13
vn 0.172814 -0.387787 0.905404
v 122.899 -158.351 1151.92
vn 0.0548048 -0.36559 0.929161
v 122.16 -159.093 1151.7
vn -0.0775698 -0.317455 0.945095
v 121.771 -158.866 1151.78
vn -0.240072 -0.259194 0.935513
v 121.343 -158.999 1151.67
vn 0.381791 -0.482104 0.78855
v 122.697 -160.016 1151.17
vn 0.218725 -0.428428 0.876704
v 122.492 -159.853 1151.33
vn 0.268977 -0.495808 0.825728
v 122.452 -160.213 1151.14
vn 0.075794 -0.430822 0.899248
v 122.037 -160.038 1151.31
vn -0.0580343 -0.353502 0.933632
v 121.691 -159.445 1151.57
vn -0.0728159 -0.39552 0.915566
v 121.392 -160.172 1151.24
vn -0.205385 -0.319758 0.924971
v 121.282 -159.433 1151.52
vn 0.787338 -0.0160204 -0.616314
v 126.61 -152.949 1135.8
vn 0.84948 -0.132709 -0.510659
v 126.434 -153.942 1135.67
vn 0.686589 0.0861293 -0.721926
v 126.225 -153.072 1135.38
vn 0.579959 0.182134 -0.794024
v 126.16 -152.381 1135.42
vn 0.517764 0.23693 -0.822061
v 125.632 -152.144 1135.11
vn 0.488266 -0.531072 0.692502
v 122.566 -161.542 1150.17
vn 0.347687 -0.528711 0.774325
v 122.092 -161.624 1150.38
vn 0.189684 -0.500968 0.844424
v 121.646 -161.65 1150.5
vn 0.845441 -0.198015 -0.496004
v 125.975 -155.425 1135.39
vn 0.479522 -0.567183 0.669598
v 122.02 -162.621 1149.68
vn 0.577817 -0.590701 0.563205
v 122.093 -163.06 1149.21
vn 0.373081 -0.570859 0.73139
v 121.518 -163.028 1149.65
vn 0.247842 -0.542546 0.802632
v 121.037 -163.406 1149.57
vn 0.780192 -0.0624269 -0.622417
v 125.352 -155.232 1134.37
vn 0.779571 -0.566226 0.267687
v 122.5 -164.055 1146.84
vn 0.729789 -0.584692 0.35432
v 122.178 -163.818 1148.08
vn 0.654225 -0.594455 0.467562
v 122.08 -163.482 1148.73
vn 0.524138 -0.6099 0.594391
v 121.624 -163.782 1148.91
vn 0.634334 -0.617143 0.46557
v 121.471 -164.543 1148.19
vn 0.375373 -0.604188 0.702888
v 120.737 -164.415 1148.92
vn 0.846839 -0.282192 -0.450813
v 124.938 -157.782 1134.74
vn 0.770143 -0.599459 0.218009
v 122.443 -164.677 1145.5
vn 0.745815 -0.607212 0.27396
v 121.819 -164.948 1146.86
vn 0.69259 -0.658809 0.293753
v 121.181 -165.743 1146.7
vn 0.686605 -0.632071 0.359249
v 121.328 -165.349 1147.21
vn 0.621675 -0.641523 0.449408
v 121.09 -165.338 1147.63
vn 0.515927 -0.639317 0.570169
v 120.846 -165.149 1148.14
vn 0.540487 -0.677239 0.49922
v 120.815 -165.567 1147.66
vn 0.625398 -0.676071 0.389623
v 120.909 -165.656 1147.39
vn 0.852166 -0.352701 -0.386543
v 124.739 -161.267 1137.03
vn 0.839161 -0.472714 -0.268981
v 124.395 -162.765 1138.01
vn 0.831689 -0.514141 -0.209649
v 124.298 -163.15 1138.48
vn 0.759213 -0.630891 0.159911
v 122.415 -165.268 1143.72
vn 0.743302 -0.632721 0.217177
v 121.442 -165.856 1145.66
vn 0.702113 -0.662966 0.259834
v 120.945 -166.367 1145.8
vn 0.723504 -0.658935 0.205782
v 120.96 -166.548 1145.22
vn 0.820802 -0.362024 -0.441841
v 123.745 -161.471 1135.18
vn 0.803894 -0.4102 -0.430685
v 123.495 -162.394 1135.55
vn 0.827704 -0.405222 -0.388203
v 124.049 -162.406 1136.67
vn 0.823832 -0.457429 -0.334752
v 123.852 -163.042 1136.97
vn 0.797353 -0.513208 -0.317563
v 123.46 -163.709 1136.96
vn 0.80464 -0.446213 -0.391725
v 123.525 -163.116 1136.35
vn 0.808266 -0.564568 -0.167241
v 124.052 -163.586 1138.64
vn 0.812827 -0.526701 -0.248794
v 123.991 -163.429 1137.99
vn 0.779004 -0.602076 -0.175089
v 123.296 -164.534 1138.37
vn 0.786556 -0.610024 -0.0959203
v 123.834 -164.079 1139.51
vn 0.755777 -0.653298 -0.0447506
v 123.447 -164.607 1140.06
vn 0.752848 -0.654678 0.0679425
v 122.925 -165.216 1140.76
vn 0.750198 -0.649434 0.124251
v 121.76 -166.199 1143
vn 0.741733 -0.648921 0.16951
v 121.342 -166.404 1144.2
vn 0.883554 -0.0348398 0.467032
v 129.683 -76.0648 1192.2
vn 0.980696 0.175153 0.0869241
v 130.166 -76.0821 1190.17
vn 0.949518 0.0481127 0.310002
v 129.996 -76.3374 1191.42
vn 0.976186 0.125652 0.176842
v 130.199 -76.5877 1190.61
vn 0.782413 -0.128842 0.609287
v 129.512 -76.4221 1192.43
vn 0.647907 -0.220935 0.728975
v 129.159 -77.2044 1192.61
vn 0.512108 -0.307972 0.80181
v 128.959 -79.6308 1191.94
vn 0.969 0.237915 -0.0665963
v 130.489 -77.1249 1186.3
vn 0.938967 0.297257 -0.173145
v 130.242 -76.4505 1185.89
vn 0.543168 -0.274026 0.793649
v 129.272 -82.2662 1190.73
vn 0.905113 0.327709 -0.270884
v 130.589 -80.6667 1181.48
vn 0.908707 0.308846 -0.280828
v 131.242 -83.2882 1180.6
vn 0.90384 0.367606 -0.218951
v 130.359 -84.7272 1176.4
vn 0.85371 0.440694 -0.277431
v 130.454 -86.1157 1172.75
vn 0.914795 0.355789 -0.191216
v 131.278 -88.267 1172.24
vn 0.871513 0.391825 -0.294851
v 131.18 -88.4152 1171.65
vn -0.580288 -0.441732 0.684206
v 127.762 -95.3725 1184.33
vn 0.795055 0.436094 -0.421557
v 131.182 -88.9526 1171.02
vn 0.63699 0.496401 -0.58977
v 130.856 -88.6027 1170.89
vn 0.180448 0.529503 -0.828894
v 130.529 -90.5115 1169.37
vn -0.797001 -0.354501 0.488997
v 127.419 -98.1947 1181.86
vn 0.688929 0.478727 -0.54424
v 131.6 -91.5443 1169.27
vn 0.474808 0.529748 -0.702797
v 131.25 -91.3582 1169.08
vn -0.853805 -0.298712 0.426367
v 127.07 -98.8421 1180.71
vn -0.688669 -0.410556 0.597644
v 127.887 -98.7957 1182.09
vn 0.28019 0.537456 -0.795383
v 131.493 -93.5636 1167.57
vn 0.0112302 0.526131 -0.85033
v 130.51 -93.0889 1167.73
vn -0.722392 -0.340847 0.601642
v 127.725 -101.087 1180.39
vn -0.818296 -0.279951 0.502015
v 127.431 -100.879 1180.09
vn -0.905705 -0.235053 0.352772
v 127.138 -100.96 1179.48
vn -0.98388 -0.138047 0.113683
v 126.729 -101.26 1177.26
vn -0.996243 -0.0783657 0.0368606
v 126.709 -102.066 1175.84
vn -0.960377 -0.166653 0.223388
v 127.038 -102.674 1177.99
vn -0.987107 -0.103533 0.122068
v 126.86 -102.563 1177.04
vn -0.0214861 0.527522 -0.84927
v 131.127 -97.8056 1164.8
vn -0.258646 0.504249 -0.823915
v 129.727 -96.596 1165.78
vn -0.12272 0.519218 -0.845785
v 130.476 -97.9507 1164.75
vn -0.400064 0.446504 -0.800364
v 129.816 -97.9738 1164.9
vn -0.601544 0.366512 -0.709798
v 129.385 -98.6154 1164.85
vn -0.620812 0.348121 -0.702427
v 129.564 -100.777 1163.67
vn -0.211828 0.4915 -0.844723
v 130.705 -102.017 1162.38
vn -0.486639 0.430472 -0.760182
v 130.123 -103.155 1162
vn -0.648039 0.37907 -0.660569
v 129.666 -103.454 1162.18
vn -0.778938 0.292706 -0.554598
v 128.998 -103.04 1163.18
vn -0.997943 -0.00340291 -0.0640098
v 126.939 -107.663 1170.07
vn -0.991569 0.0465988 -0.120913
v 127.185 -108.126 1167.23
vn -0.999343 0.0232478 -0.0278182
v 126.889 -108.927 1170.21
vn -0.99327 -0.0380773 0.109384
v 126.919 -109.906 1172.64
vn -0.384261 0.500078 -0.776058
v 130.29 -106.003 1160.19
vn -0.598756 0.43532 -0.6723
v 129.761 -106.2 1160.4
vn -0.763538 0.34997 -0.542707
v 129.081 -106.492 1161
vn -0.941783 0.172398 -0.288658
v 128.121 -107.796 1162.15
vn -0.877744 0.257862 -0.403823
v 128.453 -107.611 1161.39
vn -0.970324 0.121746 -0.208926
v 127.831 -108.982 1162.6
vn -0.984054 0.0944791 -0.150703
v 127.385 -109.718 1164.7
vn -0.581077 0.452658 -0.676351
v 129.736 -108.567 1158.81
vn -0.700444 0.395953 -0.5938
v 129.38 -108.533 1159.21
vn -0.984202 -0.0414178 0.172139
v 126.71 -114.646 1169.89
vn -0.988878 0.104666 -0.105662
v 126.841 -113.767 1165.61
vn -0.624146 0.405607 -0.667776
v 129.736 -111.648 1156.82
vn -0.760211 0.350401 -0.547082
v 129.114 -110.889 1158.03
vn -0.843381 0.294891 -0.449164
v 128.593 -111.213 1158.66
vn -0.894797 0.249128 -0.370504
v 128.387 -111.386 1158.98
vn -0.932655 0.202733 -0.29842
v 128.059 -111.75 1159.64
vn -0.714603 0.354032 -0.603327
v 129.373 -112.144 1156.91
vn -0.969019 0.149048 -0.196945
v 127.713 -114.165 1159.38
vn -0.997704 0.0659426 0.0154214
v 126.404 -117.945 1166.72
vn -0.906034 0.234886 -0.352039
v 128.188 -114.465 1157.42
vn -0.980358 0.144626 -0.134099
v 126.761 -117.573 1162.46
vn -0.797341 0.315844 -0.514285
v 128.45 -115.789 1156.02
vn -0.971062 0.1593 -0.17794
v 127.442 -117.443 1158.16
vn -0.987128 0.136715 -0.0829873
v 126.262 -120.177 1163.72
vn -0.665743 0.355416 -0.656099
v 128.751 -116.875 1155
vn -0.804475 0.335631 -0.490073
v 128.199 -119.566 1154.04
vn -0.942136 0.21679 -0.255701
v 127.696 -119.4 1155.43
vn -0.83609 0.32812 -0.439649
v 127.851 -120.95 1153.63
vn -0.903155 0.272591 -0.33167
v 127.657 -121.126 1153.96
vn -0.973151 0.174688 -0.149869
v 126.317 -123.291 1158.6
vn -0.951105 0.210499 -0.22603
v 127.019 -123.272 1154.48
vn -0.982087 0.156177 -0.105419
v 125.799 -125.746 1159.22
vn -0.991859 0.122287 -0.0355301
v 125.588 -126.385 1160.72
vn -0.727801 0.380191 -0.570754
v 128.094 -123.157 1151.72
vn -0.83652 0.311451 -0.450813
v 127.787 -123.664 1151.83
vn -0.892127 0.273508 -0.359586
v 127.529 -124.889 1151.54
vn -0.774611 0.365982 -0.515786
v 127.829 -125.336 1150.65
vn -0.964956 0.197964 -0.172253
v 125.905 -129.864 1153.78
vn -0.860628 0.326621 -0.390689
v 127.408 -128.192 1149.14
vn -0.935603 0.241311 -0.257712
v 126.915 -128.914 1150.04
vn -0.980238 0.172743 -0.0964005
v 124.944 -133.549 1155.74
vn -0.994446 0.104939 0.00812465
v 124.811 -133.602 1157.84
vn -0.995234 0.0534618 0.081551
v 124.829 -133.751 1158.48
vn -0.749648 0.403389 -0.524696
v 127.522 -129.405 1147.98
vn -0.991132 0.0381413 0.12729
v 124.713 -135.251 1157.84
vn -0.907116 0.300785 -0.294395
v 126.659 -132.861 1146.75
vn -0.959587 0.242654 -0.14252
v 125.401 -135.001 1149.75
vn -0.975967 0.20064 -0.085041
v 124.459 -137.418 1153.16
vn -0.992452 0.0825239 0.0907152
v 124.353 -137.621 1155.9
vn -0.987285 0.15834 -0.0140329
v 124.228 -138.23 1154.56
vn -0.972942 0.226107 -0.0475365
v 123.777 -140.828 1152.23
vn -0.526911 0.493454 -0.692003
v 126.905 -136.802 1143.38
vn -0.92028 0.304807 -0.24531
v 124.986 -138.771 1145.8
vn -0.987716 0.129191 0.0879001
v 123.684 -141.416 1152.83
vn -0.358213 0.510147 -0.781942
v 126.936 -138.295 1142.3
vn -0.609651 0.483049 -0.628482
v 126.438 -138.233 1142.67
vn -0.630532 0.441601 -0.638293
v 126.373 -138.751 1142.36
vn -0.785532 0.395851 -0.475648
v 126.156 -138.213 1143.08
vn -0.722175 0.383669 -0.575553
v 125.968 -139.947 1142.04
vn -0.917449 0.326922 -0.226735
v 124.385 -141.452 1144.82
vn -0.512665 0.440469 -0.736995
v 126.491 -140.438 1141.19
vn -0.673594 0.439325 -0.594361
v 125.731 -141.6 1141.28
vn -0.808203 0.387769 -0.443219
v 125.288 -141.833 1141.74
vn -0.881157 0.348293 -0.319772
v 124.992 -141.317 1142.91
vn -0.946905 0.290328 -0.138128
v 123.805 -142.795 1145.58
vn -0.971302 0.0876962 0.221092
v 122.899 -148.465 1152.45
vn -0.359428 0.464307 -0.809463
v 126.505 -142.395 1140.1
vn -0.571284 0.44089 -0.69228
v 126.268 -141.918 1140.53
vn -0.983956 0.177894 0.0135765
v 122.597 -146.543 1148.88
vn -0.85363 0.394256 -0.340409
v 124.199 -144.984 1140.83
vn -0.984788 0.144497 0.0965054
v 122.334 -148.443 1148.92
vn -0.458616 0.509464 -0.728092
v 125.276 -145.648 1138.59
vn -0.962449 0.178333 0.204671
v 122.263 -151.884 1151.52
vn -0.708044 0.48958 -0.508906
v 124.552 -146.36 1138.71
vn -0.951019 0.247977 0.184581
v 121.409 -153.763 1149.24
vn -0.930262 0.234762 0.281955
v 121.656 -154.139 1151.03
vn -0.846595 0.158638 0.508046
v 121.728 -155.646 1152.12
vn -0.884448 0.251345 0.393164
v 121.425 -155.593 1151.51
vn -0.844213 0.176975 0.505948
v 121.187 -156.693 1151.61
vn -0.928495 0.276844 0.247495
v 120.914 -156.582 1150.87
vn -0.726936 0.0662447 0.683503
v 121.215 -157.415 1151.82
vn 0.104279 0.454853 -0.88444
v 125.657 -150.262 1135.93
vn -0.0180621 0.4681 -0.883491
v 124.999 -150.201 1135.93
vn -0.190657 0.524485 -0.829799
v 124.456 -149.58 1136.37
vn -0.936677 0.294173 0.189998
v 120.741 -155.614 1148.48
vn -0.915367 0.327537 0.234145
v 120.266 -157.868 1149.95
vn -0.501042 -0.104621 0.859076
v 121.345 -157.726 1151.92
vn -0.447435 -0.167585 0.878474
v 120.934 -159.093 1151.5
vn -0.0882581 0.546412 -0.832853
v 124.146 -150.679 1135.68
vn -0.736169 0.0685884 0.673313
v 120.358 -159.233 1151.03
vn -0.876816 0.249493 0.411032
v 120.208 -158.747 1150.64
vn 0.414 0.307729 -0.856684
v 124.983 -152.71 1134.57
vn 0.215878 0.446454 -0.868375
v 124.622 -152.429 1134.56
vn 0.295601 0.37388 -0.87911
v 124.581 -152.79 1134.38
vn 0.180554 0.443727 -0.877785
v 124.167 -152.896 1134.22
vn -0.130495 -0.366244 0.921323
v 120.399 -161.551 1150.53
vn -0.302914 -0.254691 0.918355
v 119.782 -161.63 1150.37
vn -0.55258 -0.0432715 0.832336
v 119.409 -161.514 1150.23
vn 0.548953 0.206031 -0.810063
v 125.236 -153.626 1134.48
vn 0.391595 0.317141 -0.863756
v 124.487 -153.54 1134.06
vn 0.701518 0.0511558 -0.710814
v 125.004 -155.209 1133.99
vn 0.462818 0.304195 -0.832625
v 123.884 -155.284 1133.1
vn 0.225803 -0.562495 0.795369
v 120.519 -164.278 1149.12
vn 0.0574712 -0.470182 0.880696
v 120.134 -163.763 1149.51
vn 0.103869 -0.529777 0.841753
v 119.37 -164.975 1148.89
vn -0.0561366 -0.423316 0.904241
v 119.257 -164.069 1149.37
vn 0.806747 -0.169429 -0.566085
v 124.589 -156.607 1133.62
vn 0.725285 -0.0110963 -0.688359
v 124.058 -156.622 1132.97
vn 0.757547 -0.116473 -0.642306
v 123.519 -157.644 1132.48
vn 0.614414 0.152044 -0.774195
v 123.526 -156.549 1132.5
vn 0.415525 -0.651828 0.634396
v 120.22 -165.57 1148.15
vn 0.455897 -0.68258 0.571177
v 120.217 -165.931 1147.76
vn 0.265213 -0.613924 0.743478
v 119.757 -165.629 1148.33
vn 0.363182 -0.67065 0.646783
v 119.739 -166.086 1147.91
vn 0.818026 -0.308846 -0.48523
v 123.628 -159.401 1133.44
vn 0.799339 -0.245133 -0.548604
v 123.301 -158.681 1132.53
vn 0.613105 -0.699354 0.367432
v 119.896 -167.223 1146.21
vn 0.490137 -0.713392 0.500837
v 119.272 -167.435 1146.63
vn 0.39501 -0.703332 0.591008
v 119.024 -167.345 1146.95
vn 0.794643 -0.339569 -0.503225
v 123.026 -160.055 1132.89
vn 0.785222 -0.398794 -0.473699
v 122.701 -162.351 1134.14
vn 0.731796 -0.667627 0.136926
v 120.885 -167.16 1143.16
vn 0.681489 -0.687794 0.250025
v 120.384 -167.07 1145.47
vn 0.708564 -0.680626 0.18624
v 120.437 -167.36 1144.36
vn 0.662289 -0.713512 0.228635
v 119.424 -168.224 1144.78
vn 0.519467 -0.738118 0.430507
v 119.065 -167.979 1146.02
vn 0.611168 -0.727209 0.312474
v 119.371 -168.073 1145.33
vn 0.788895 -0.45015 -0.418342
v 122.872 -163.473 1135.46
vn 0.783031 -0.507903 -0.359021
v 122.109 -165.032 1135.81
vn 0.778076 -0.577458 -0.247266
v 122.088 -165.456 1136.53
vn 0.757022 -0.635097 -0.153521
v 121.844 -166.158 1137.75
vn 0.727121 -0.686505 -0.00229085
v 120.646 -167.671 1140.87
vn 0.725151 -0.683838 0.0807534
v 120.71 -167.512 1142.19
vn 0.693237 -0.70459 0.151577
v 119.837 -168.264 1143.19
vn 0.626642 -0.746137 0.224944
v 118.795 -168.983 1144.17
vn 0.600944 -0.740908 0.299868
v 118.999 -168.53 1144.96
vn 0.761663 -0.61277 -0.210672
v 121.22 -166.597 1136.59
vn 0.769873 -0.562729 -0.301051
v 121.331 -166.083 1135.71
vn 0.940632 0.0610039 0.333901
v 128.388 -69.7452 1194.94
vn 0.881058 -0.000825147 0.473007
v 128.287 -70.1166 1195.18
vn 0.91979 0.0186157 0.391969
v 128.197 -68.9985 1195.31
vn 0.977561 0.162646 0.133869
v 128.417 -68.9679 1194.43
vn 0.865671 0.000361134 0.500613
v 128.173 -69.7395 1195.36
vn 0.808412 -0.0788535 0.583312
v 128.083 -70.2902 1195.51
vn 0.894108 -0.0155182 0.447582
v 129.21 -73.7371 1193.15
vn 0.789947 -0.0958205 0.605642
v 129 -74.3709 1193.45
vn 0.701204 -0.153486 0.696244
v 128.776 -74.9088 1193.59
vn 0.650253 -0.202238 0.732306
v 128.327 -74.6445 1194.06
vn 0.527859 -0.274885 0.803619
v 127.699 -74.0559 1194.72
vn 0.97462 0.223094 0.0185599
v 129.625 -73.167 1189.74
vn 0.94754 0.295783 -0.121164
v 129.764 -73.9303 1187.9
vn 0.541584 -0.275232 0.794314
v 128.562 -77.5831 1192.94
vn 0.906542 0.34694 -0.240444
v 129.751 -75.0933 1185.79
vn 0.388541 -0.348973 0.852792
v 128.172 -78.6309 1192.77
vn 0.886541 0.361329 -0.288941
v 129.474 -75.8109 1183.86
vn 0.242708 -0.388064 0.8891
v 127.948 -80.3391 1192.1
vn 0.915377 0.32436 -0.238486
v 130.154 -77.3817 1184.13
vn -0.124978 -0.456066 0.881126
v 127.104 -83.8245 1190.52
vn -0.225555 -0.473856 0.851226
v 126.687 -83.9346 1190.37
vn 0.87608 0.350359 -0.33126
v 129.932 -80.2186 1180.04
vn -0.418219 -0.461935 0.782119
v 126.506 -85.8413 1189.23
vn 0.876803 0.364225 -0.313939
v 129.916 -82.6199 1177.71
vn -0.712064 -0.404761 0.573701
v 126.179 -87.7501 1187.71
vn 0.757638 0.502848 -0.416088
v 129.776 -84.5098 1173.34
vn 0.664936 0.522079 -0.534129
v 129.768 -85.0893 1172.73
vn 0.413325 0.534246 -0.73739
v 129.581 -85.1734 1172.5
vn 0.746763 0.487533 -0.452389
v 130.266 -85.9707 1172.53
vn 0.168086 0.512985 -0.84178
v 129.185 -85.2425 1172.28
vn -0.0783012 0.474236 -0.876909
v 129.098 -88.0939 1170.71
vn 0.0122273 0.517071 -0.855855
v 130.089 -90.8091 1169.14
vn -0.132059 0.493992 -0.859379
v 129.437 -90.9557 1169.1
vn -0.277136 0.45611 -0.845671
v 128.983 -91.1403 1169.08
vn -0.656027 0.302399 -0.691508
v 128.157 -92.4217 1168.98
vn -0.935249 -0.254432 0.246119
v 126.549 -97.7559 1180.17
vn -0.981229 -0.165543 0.0989157
v 126.401 -97.7586 1179.4
vn -0.366107 0.447835 -0.815726
v 129.159 -93.6167 1167.64
vn -0.531171 0.379519 -0.757511
v 128.647 -93.3682 1168.1
vn -0.226213 0.483536 -0.845589
v 129.551 -94.1181 1167.22
vn -0.532223 0.382345 -0.755348
v 128.938 -94.3821 1167.37
vn -0.638013 0.319503 -0.700612
v 128.738 -94.6264 1167.41
vn -0.736715 0.247923 -0.629114
v 128.394 -94.7717 1167.71
vn -0.991868 -0.0631976 -0.110472
v 126.368 -98.0813 1173.19
vn -0.702662 0.297002 -0.646572
v 128.942 -96.4385 1166.44
vn -0.82377 0.204405 -0.528792
v 128.269 -97.0167 1167.12
vn -0.925674 0.093312 -0.366634
v 127.187 -97.5176 1168.93
vn -0.496283 0.407425 -0.766621
v 129.471 -96.8139 1165.79
vn -0.732247 0.294217 -0.614208
v 129.062 -99.1193 1164.95
vn -0.978802 0.0293838 -0.202688
v 127.289 -100.232 1167.9
vn -0.998176 -0.0583618 -0.0154172
v 126.687 -102.508 1172.21
vn -0.99489 -0.0111608 -0.100342
v 126.986 -105.752 1169.25
vn -0.91784 0.159377 -0.363551
v 128 -104.159 1164.42
vn -0.967148 0.0964835 -0.235195
v 127.709 -104.176 1165.29
vn -0.943446 0.307486 -0.123943
v 123.313 -144.574 1144.66
vn -0.971232 0.234701 -0.0402991
v 122.767 -146.036 1146.8
vn -0.978091 0.208178 0.00072167
v 122.498 -147.227 1147.25
vn -0.894361 0.369987 -0.251451
v 123.42 -145.616 1142.42
vn -0.959273 0.277726 -0.0516022
v 122.462 -147.633 1144.36
vn -0.969839 0.225565 0.0923697
v 121.73 -150.265 1146.51
vn -0.84069 0.443522 -0.310691
v 123.755 -146.843 1139.65
vn -0.909181 0.377929 -0.17481
v 122.618 -148.079 1141.51
vn -0.933158 0.356641 -0.0449824
v 122.028 -149.242 1142.36
vn -0.801722 0.505933 -0.318234
v 122.959 -149.322 1138.01
vn -0.882 0.431963 -0.188369
v 122.317 -149.221 1140.29
vn -0.44 0.558723 -0.703014
v 124.053 -149.029 1136.9
vn -0.255709 0.585387 -0.769373
v 123.979 -150.019 1136.19
vn -0.626725 0.574989 -0.525931
v 123.365 -149.524 1137.05
vn -0.436888 0.604987 -0.665673
v 123.518 -150.076 1136.36
vn -0.860767 0.478768 -0.172805
v 121.597 -151.131 1139.23
vn -0.923046 0.382904 0.0370263
v 120.982 -151.941 1141.48
vn -0.932349 0.328959 0.150039
v 120.274 -154.368 1144.48
vn -0.921963 0.32785 0.206151
v 120.282 -156.692 1147.97
vn -0.300335 0.627878 -0.718031
v 123.218 -151.509 1135.23
vn -0.562523 0.624346 -0.541996
v 122.626 -151.323 1135.81
vn -0.737327 0.57223 -0.359029
v 122.359 -151.06 1136.61
vn -0.893095 0.37563 0.247554
v 119.562 -157.535 1146.32
vn -0.905461 0.366738 0.213642
v 119.938 -157.546 1147.87
vn -0.0180825 0.550762 -0.834466
v 123.803 -152.338 1134.54
vn -0.541347 0.658501 -0.522801
v 122.092 -152.456 1135.01
vn -0.878132 0.410936 0.24498
v 119.355 -158.276 1146.8
vn -0.77262 0.186114 0.606976
v 119.4 -160.501 1150.13
vn -0.868042 0.369062 0.332109
v 119.342 -159.99 1149.68
vn -0.673276 0.12923 0.72801
v 118.992 -161.519 1149.91
vn -0.793001 0.30298 0.528538
v 118.684 -161.521 1149.57
vn -0.829132 0.43571 0.35028
v 118.102 -161.512 1148.45
vn -0.31102 -0.227253 0.922834
v 118.774 -163.043 1149.7
vn 0.305295 0.406274 -0.861241
v 123.51 -155.168 1132.97
vn 0.0831107 0.552876 -0.829108
v 122.749 -154.683 1133.07
vn -0.558547 0.0255216 0.82908
v 117.483 -163.872 1148.93
vn -0.429652 -0.0688219 0.900368
v 117.372 -164.512 1148.83
vn 0.670852 0.0347188 -0.740778
v 123.034 -157.369 1131.96
vn 0.739601 -0.130155 -0.660341
v 122.622 -158.657 1131.64
vn 0.566174 0.176661 -0.805132
v 122.673 -157.305 1131.7
vn 0.433235 0.325307 -0.840525
v 122.093 -157.376 1131.33
vn 0.27249 -0.665603 0.694782
v 118.328 -167.264 1147.42
vn 0.139862 -0.595654 0.790971
v 117.905 -166.996 1147.74
vn 0.0204266 -0.51425 0.857397
v 117.721 -166.651 1147.99
vn 0.0523015 -0.593576 0.803077
v 117.232 -167.476 1147.46
vn 0.660051 0.0225853 -0.750882
v 121.673 -158.969 1130.71
vn 0.776321 -0.279833 -0.564818
v 122.186 -159.876 1131.53
vn 0.396854 -0.747634 0.532495
v 118.568 -168.096 1146.3
vn 0.494171 -0.763369 0.416008
v 118.566 -168.588 1145.53
vn 0.315107 -0.719896 0.618432
v 118.334 -167.73 1146.91
vn 0.285007 -0.748362 0.598937
v 117.868 -168.196 1146.57
vn 0.187771 -0.690855 0.698184
v 117.644 -167.788 1147.12
vn 0.781041 -0.361223 -0.509405
v 122.03 -161.169 1132.13
vn 0.547807 -0.771435 0.323722
v 118.437 -169.062 1144.74
vn 0.344556 -0.779859 0.52259
v 117.672 -169.105 1145.46
vn 0.435231 -0.799149 0.41465
v 117.714 -169.505 1144.76
vn 0.766852 -0.510634 -0.388833
v 120.979 -165.83 1134.55
vn 0.771229 -0.452718 -0.447494
v 121.17 -164.945 1133.9
vn 0.674301 -0.730907 0.105324
v 118.847 -169.403 1142.02
vn 0.654085 -0.739489 0.159149
v 118.798 -169.263 1143.04
vn 0.611145 -0.771225 0.178083
v 118.239 -169.719 1143.1
vn 0.531917 -0.801976 0.271844
v 117.583 -170.045 1143.69
vn 0.419946 -0.828203 0.371115
v 117.083 -170.254 1143.91
vn 0.703896 -0.709771 0.0274697
v 118.391 -170.01 1140.33
vn 0.653704 -0.750632 0.0960306
v 117.912 -170.459 1140.42
vn 0.618586 -0.773696 0.136912
v 117.574 -170.643 1141.18
vn 0.966554 0.243878 0.0793585
v 127.775 -66.3217 1195.26
vn 0.959126 0.262323 0.10613
v 127.61 -65.8645 1195.72
vn 0.953583 0.300167 0.0240894
v 127.613 -65.7205 1195.08
vn 0.959011 0.27801 0.0548583
v 127.313 -64.8819 1195.71
vn 0.965273 0.210473 0.154756
v 127.365 -65.4287 1196.62
vn 0.949524 0.311022 -0.0408475
v 127.689 -66.0475 1193.23
vn 0.965547 0.258914 0.0261133
v 127.841 -66.4747 1194.71
vn 0.89267 -0.047735 0.448175
v 127.936 -68.6292 1195.93
vn 0.973867 0.196146 0.114496
v 127.995 -67.2889 1195.26
vn 0.96388 0.145414 0.223136
v 127.972 -67.4989 1195.61
vn 0.944681 0.094246 0.314158
v 127.894 -67.6978 1195.96
vn 0.877197 -0.0170433 0.479829
v 127.758 -67.8849 1196.3
vn 0.963823 0.189157 0.187788
v 127.839 -66.8335 1195.71
vn 0.81137 -0.114283 0.573252
v 127.659 -68.4338 1196.44
vn 0.662202 -0.214391 0.718001
v 127.364 -68.7864 1196.68
vn 0.487486 -0.291641 0.822984
v 126.797 -68.1581 1197.31
vn 0.96946 0.243893 0.0257607
v 128.279 -68.0496 1193.71
vn 0.964806 0.110869 0.238447
v 128.293 -68.7905 1194.97
vn 0.871204 -0.0616261 0.487037
v 128.027 -69.1788 1195.64
vn 0.816406 -0.0881308 0.570714
v 127.847 -69.5342 1195.87
vn 0.688183 -0.165088 0.706506
v 127.743 -70.2593 1195.91
vn 0.722053 -0.170093 0.670603
v 127.576 -69.6943 1196.18
vn 0.549383 -0.257121 0.795027
v 127.187 -69.8369 1196.48
vn 0.945644 0.311793 -0.0924247
v 128.797 -70.1618 1190.01
vn 0.350125 -0.334754 0.874844
v 126.501 -72.5315 1195.94
vn 0.167552 -0.401563 0.900374
v 126.061 -72.7467 1195.97
vn 0.904472 0.368634 -0.214569
v 128.681 -70.4178 1188.86
vn 0.00178523 -0.444637 0.895709
v 125.885 -74.2188 1195.29
vn 0.884775 0.372327 -0.28026
v 128.63 -71.9593 1186.29
vn 0.875723 0.396941 -0.27486
v 128.299 -71.077 1186.45
vn 0.861894 0.39652 -0.316088
v 127.876 -70.9171 1185.46
vn -0.258491 -0.472405 0.842624
v 125.274 -78.0962 1193.14
vn -0.365538 -0.469466 0.803731
v 125.351 -79.3549 1192.45
vn -0.290329 -0.466196 0.835685
v 125.991 -80.9239 1191.8
vn 0.858528 0.385105 -0.338562
v 128.785 -75.8071 1181.98
vn -0.431951 -0.468991 0.770367
v 125.738 -81.5613 1191.32
vn -0.59863 -0.458555 0.656788
v 125.349 -81.757 1190.92
vn 0.847729 0.379622 -0.370462
v 128.451 -77.5129 1179.32
vn 0.874859 0.420753 -0.239976
v 128.925 -81.9218 1175.17
vn 0.746832 0.502333 -0.43578
v 128.629 -81.5358 1174.9
vn 0.514881 0.553177 -0.654899
v 128.112 -81.1358 1174.72
vn -0.851977 -0.339039 0.398983
v 125.64 -88.9696 1185.86
vn -0.220016 0.417364 -0.881703
v 127.758 -84.7907 1172.55
vn -0.0403578 0.465221 -0.884274
v 128.573 -85.1713 1172.26
vn -0.284229 0.38795 -0.87676
v 127.835 -85.9092 1172.03
vn -0.495764 0.293529 -0.817348
v 127.381 -85.9207 1172.21
vn -0.9723 -0.228202 0.0505531
v 124.974 -90.8105 1180.31
vn -0.76578 0.148026 -0.625835
v 126.869 -88.1639 1171.99
vn -0.40495 0.392017 -0.826038
v 128.165 -88.4893 1170.73
vn -0.624115 0.255198 -0.738481
v 127.63 -88.4192 1171.1
vn -0.790676 0.177862 -0.58583
v 127.013 -89.7171 1171.39
vn -0.981521 -0.171342 -0.0851969
v 125.407 -92.2065 1176.25
vn -0.89282 0.0910649 -0.441112
v 126.835 -92.2357 1170.87
vn -0.962127 0.00186859 -0.272594
v 126.661 -95.0768 1170.89
vn -0.974924 0.0115048 -0.222242
v 126.8 -96.9134 1170.36
vn -0.899758 0.430455 -0.0717184
v 121.156 -151.547 1140.8
vn -0.820354 0.533109 -0.206918
v 121.358 -152.071 1137.67
vn -0.857866 0.503936 -0.100569
v 120.362 -153.368 1138.81
vn -0.684244 0.64123 -0.347324
v 121.464 -152.966 1135.17
vn -0.894374 0.444456 0.0505308
v 119.835 -154.297 1140.05
vn -0.891536 0.416781 0.17736
v 119.26 -156.648 1144.09
vn -0.156146 0.631592 -0.759414
v 121.732 -154.135 1133.51
vn -0.448914 0.694126 -0.56273
v 121.186 -154.045 1133.85
vn -0.789737 0.593105 -0.156658
v 120.357 -154.065 1136
vn -0.875442 0.465577 0.129764
v 118.531 -157.308 1141.33
vn -0.847125 0.479278 0.229505
v 117.724 -159.141 1142.95
vn -0.693441 0.254446 0.674089
v 117.164 -163.649 1148.61
vn -0.772549 0.483128 0.412014
v 116.971 -163.102 1147.94
vn -0.19683 -0.322891 0.925743
v 117.005 -165.654 1148.42
vn -0.563105 0.135056 0.815275
v 116.58 -164.653 1148.39
vn -0.658382 0.38174 0.648697
v 115.805 -164.815 1147.84
vn -0.0700311 -0.473365 0.878078
v 116.425 -167.071 1147.71
vn -0.200664 -0.355478 0.912891
v 115.663 -166.587 1147.81
vn -0.31066 -0.198526 0.929558
v 115.496 -166.354 1147.83
vn 0.294416 0.445849 -0.845304
v 120.397 -158.579 1130.04
vn 0.152482 0.538796 -0.828521
v 120.215 -158.37 1130.12
vn 0.357044 0.375064 -0.85548
v 120.108 -159.244 1129.61
vn 0.0963878 -0.671618 0.734601
v 116.098 -168.556 1146.67
vn -0.0235878 -0.581692 0.813067
v 115.476 -168.363 1146.84
vn 0.741047 -0.204588 -0.639526
v 120.032 -161.06 1129.28
vn 0.770446 -0.311063 -0.556465
v 120.703 -161.354 1130.27
vn 0.222026 -0.7615 0.608951
v 116.304 -169.422 1145.7
vn 0.115123 -0.715402 0.689163
v 115.644 -169.303 1146.01
vn 0.0304733 -0.657593 0.752757
v 115.228 -168.989 1146.34
vn 0.320026 -0.812587 0.487119
v 116.578 -170.156 1144.5
vn 0.555532 -0.806823 0.20105
v 116.984 -170.884 1142.08
vn 0.479556 -0.831945 0.279094
v 116.095 -171.389 1142.26
vn 0.406521 -0.811823 0.419146
v 115.539 -171.342 1143.08
vn 0.752129 -0.494438 -0.435698
v 118.293 -168.124 1132.47
vn 0.759031 -0.579109 -0.297499
v 118.399 -169.18 1134.07
vn 0.569002 -0.796035 0.206311
v 116.128 -171.894 1140.29
vn 0.752676 -0.619113 -0.224005
v 117.801 -169.988 1134.15
vn 0.738647 -0.653454 -0.165524
v 117.443 -170.554 1134.69
vn 0.728288 -0.682918 -0.0567388
v 117.477 -170.821 1136.24
vn 0.714378 -0.697508 0.0561001
v 116.038 -172.278 1138.6
vn 0.900458 0.0540726 0.431568
v 125.722 -60.6754 1200.05
vn 0.761103 -0.0959459 0.641496
v 125.575 -61.499 1200.26
vn 0.944932 0.117967 0.305267
v 126.388 -62.4005 1198.78
vn 0.837322 -0.0363596 0.545499
v 126.013 -62.3654 1199.65
vn 0.607632 -0.225698 0.761475
v 125.713 -62.7061 1199.87
vn 0.945869 0.316135 -0.0734185
v 126.356 -61.883 1195.21
vn 0.965412 0.260189 0.01679
v 126.717 -62.6366 1196.81
vn 0.967568 0.211847 0.137599
v 126.605 -62.5119 1197.81
vn 0.681039 -0.193995 0.706082
v 126.664 -65.743 1198.16
vn 0.54434 -0.291429 0.786615
v 126.174 -65.7532 1198.54
vn 0.951268 0.307973 -0.0155736
v 127.351 -64.9918 1194.69
vn 0.450294 -0.311788 0.836674
v 125.754 -66.9995 1198.32
vn 0.369562 -0.337089 0.865907
v 125.398 -67.8375 1198.19
vn 0.171726 -0.391616 0.903962
v 124.751 -67.6929 1198.45
vn 0.882084 0.392731 -0.260174
v 126.589 -65.0331 1190.11
vn 0.353603 -0.36162 0.862668
v 125.686 -69.1083 1197.49
vn 0.247246 -0.409356 0.878235
v 125.092 -68.4364 1198.05
vn 0.186041 -0.405342 0.895034
v 124.986 -69.3492 1197.61
vn 0.0835912 -0.442364 0.892932
v 124.659 -68.4366 1198.12
vn 0.35106 -0.318875 0.880384
v 125.765 -70.0819 1197.12
vn -0.185245 -0.477634 0.858807
v 124.639 -74.2593 1195.16
vn -0.382681 -0.488099 0.78442
v 124.204 -74.6881 1194.76
vn -0.525798 -0.476186 0.704829
v 124.231 -76.7502 1193.44
vn -0.659716 -0.457245 0.596407
v 123.858 -76.917 1192.98
vn -0.448282 -0.475036 0.757221
v 124.976 -79.2426 1192.33
vn -0.579521 -0.464511 0.669616
v 124.613 -79.106 1192.16
vn -0.740452 -0.424798 0.520842
v 124.099 -78.8418 1191.8
vn -0.832565 -0.392284 0.391086
v 123.774 -79.2074 1190.87
vn -0.690553 -0.457071 0.560555
v 124.411 -79.5012 1191.66
vn -0.769077 -0.429067 0.473733
v 124.103 -79.311 1191.39
vn 0.809217 0.414369 -0.416492
v 126.987 -74.7336 1178.88
vn -0.884011 -0.355639 0.303391
v 123.962 -81.226 1189.06
vn -0.792071 -0.407514 0.454484
v 124.516 -81.271 1190.23
vn 0.656576 0.447156 -0.60742
v 126.801 -75.2387 1178.16
vn 0.773641 0.42207 -0.472586
v 127.542 -77.3147 1177.55
vn 0.56775 0.478627 -0.669759
v 127.195 -77.4298 1177
vn 0.3503 0.473345 -0.808229
v 126.683 -76.7386 1177.12
vn 0.768973 0.460445 -0.443476
v 127.832 -78.7228 1176.68
vn 0.537623 0.534002 -0.652536
v 127.642 -79.2355 1175.98
vn 0.271272 0.52077 -0.80945
v 126.918 -78.5352 1176.11
vn -0.955038 -0.260962 0.140715
v 123.892 -84.0356 1185.03
vn -0.902969 -0.315282 0.291966
v 124.537 -84.5994 1187.06
vn 0.144032 0.52562 -0.838438
v 127.697 -81.3847 1174.4
vn -0.435425 0.329784 -0.837644
v 126.612 -83.226 1173.69
vn -0.361301 0.363781 -0.85856
v 127.283 -85.0148 1172.6
vn -0.585861 0.22911 -0.777352
v 126.411 -83.8536 1173.58
vn -0.834191 0.0701017 -0.547002
v 125.957 -87.9158 1173.31
vn -0.88312 0.0274813 -0.468341
v 125.652 -88.6377 1173.77
vn -0.954298 -0.0700515 -0.290529
v 125.592 -90.2245 1174.06
vn -0.826807 0.561012 -0.0406939
v 118.942 -155.916 1136.95
vn -0.746814 0.658528 -0.0927858
v 119.502 -155.45 1134.48
vn -0.665993 0.710179 -0.228253
v 119.638 -155.579 1133.49
vn -0.841664 0.530901 0.0987248
v 118.034 -157.337 1138.28
vn -0.77686 0.586289 0.229682
v 116.429 -161.326 1143.5
vn -0.214148 0.718034 -0.662245
v 120.127 -156.428 1131.65
vn -0.490015 0.740697 -0.459622
v 119.864 -155.738 1132.74
vn -0.696186 0.7087 -0.114324
v 118.59 -156.576 1133.34
vn -0.722994 0.62643 0.291317
v 115.553 -162.111 1142.8
vn -0.690877 0.530323 0.491372
v 115.713 -164.532 1147.49
vn -0.385654 0.780383 -0.492213
v 118.761 -157.231 1131.33
vn -0.461995 0.0353693 0.886177
v 114.055 -166.788 1147.17
vn -0.593571 0.331543 0.733316
v 113.989 -166.228 1146.99
vn 0.184659 0.502409 -0.844681
v 119.739 -159.162 1129.54
vn 0.0283243 0.609327 -0.792413
v 119.397 -158.28 1130.1
vn -0.115212 -0.485076 0.866849
v 115.095 -167.98 1147.06
vn 0.510045 0.217538 -0.832185
v 119.797 -160.317 1129.08
vn 0.392781 0.314951 -0.864019
v 119.196 -160.506 1128.7
vn 0.258764 0.425576 -0.867137
v 118.811 -160.412 1128.6
vn -0.0129443 -0.628492 0.777708
v 113.51 -169.67 1145.77
vn 0.648886 -0.00873269 -0.760836
v 119.701 -160.929 1128.93
vn 0.750777 -0.296176 -0.590435
v 119.19 -162.494 1128.85
vn 0.50283 0.172717 -0.846954
v 119.353 -160.762 1128.7
vn 0.562725 0.0631618 -0.824228
v 119.288 -161.172 1128.6
vn 0.376898 0.284086 -0.881614
v 118.958 -160.83 1128.48
vn 0.252401 0.383059 -0.888572
v 118.576 -160.733 1128.38
vn 0.341101 0.274629 -0.899015
v 118.501 -161.301 1128.15
vn 0.4418 0.172627 -0.880348
v 118.444 -161.696 1128.03
vn 0.228313 -0.717629 0.657937
v 114.116 -170.882 1144.53
vn 0.0844699 -0.68242 0.726063
v 113.909 -170.16 1145.34
vn 0.219317 -0.604164 0.766085
v 113.469 -171.078 1144.56
vn 0.701039 -0.213212 -0.680504
v 118.656 -162.551 1128.24
vn 0.584723 -0.0289988 -0.810714
v 118.339 -162.323 1127.9
vn 0.766028 -0.391439 -0.509878
v 119.018 -163.355 1129.13
vn 0.720355 -0.322859 -0.613881
v 118.223 -163.641 1128.25
vn 0.340567 -0.762161 0.550568
v 115.041 -171.189 1143.7
vn 0.521357 -0.781984 0.341596
v 115.126 -171.891 1142.41
vn 0.475149 -0.726596 0.496279
v 114.824 -171.7 1143.15
vn 0.394378 -0.644408 0.655137
v 114.089 -171.642 1143.82
vn 0.458711 -0.665822 0.588443
v 113.832 -172.143 1143.51
vn 0.382763 -0.598918 0.703414
v 113.606 -171.881 1143.9
vn 0.371387 -0.6701 0.64268
v 113.593 -172.189 1143.62
vn 0.40446 -0.733667 0.546026
v 113.595 -172.407 1143.36
vn 0.504128 -0.740035 0.445201
v 114.106 -172.504 1142.73
vn 0.565795 -0.757596 0.32546
v 114.033 -172.92 1141.99
vn 0.420631 -0.793181 0.440378
v 113.387 -172.904 1142.78
vn 0.761039 -0.44934 -0.467883
v 116.749 -167.374 1129.07
vn 0.666497 -0.718614 0.198431
v 115.535 -172.66 1139.2
vn 0.671404 -0.693362 0.261658
v 114.997 -173.243 1139.2
vn 0.684311 -0.708844 0.171054
v 114.77 -173.622 1138.68
vn 0.593844 -0.755662 0.276268
v 114.288 -173.777 1139.41
vn 0.747367 -0.591392 -0.302817
v 116.789 -170.879 1133.35
vn 0.743518 -0.66747 -0.0407947
v 115.559 -172.847 1136.45
vn 0.735876 -0.675723 0.0434169
v 115.075 -173.431 1137.91
vn 0.686945 -0.723485 0.0683856
v 114.703 -173.818 1137.82
vn 0.722155 -0.691258 -0.0255967
v 114.771 -173.756 1136.91
vn 0.607348 -0.771708 0.188668
v 114.214 -174.148 1138.45
vn 0.721374 -0.687872 -0.080322
v 114.535 -173.881 1135.57
vn 0.957033 0.207669 0.20239
v 124.939 -57.4698 1201.16
vn 0.919895 0.105038 0.377836
v 124.745 -57.291 1201.69
vn 0.835243 -0.0146778 0.549684
v 124.581 -57.4726 1202.02
vn 0.534795 -0.251776 0.8066
v 124.025 -58.7828 1202.32
vn 0.961557 0.265555 0.0699141
v 125.449 -58.4154 1199.08
vn 0.848326 -0.018322 0.529157
v 125.185 -59.5422 1201.02
vn 0.708604 -0.141022 0.69137
v 124.926 -59.7047 1201.33
vn 0.556555 -0.245512 0.793707
v 124.465 -60.288 1201.59
vn 0.620055 -0.229101 0.750363
v 124.76 -60.5943 1201.26
vn 0.454139 -0.338097 0.824287
v 124.703 -61.5914 1200.92
vn 0.537282 -0.303537 0.786889
v 124.578 -60.8175 1201.32
vn 0.395214 -0.365559 0.842717
v 124.148 -60.5498 1201.68
vn 0.921313 0.356553 -0.155092
v 125.788 -60.3841 1194.93
vn 0.959907 0.280318 -0.000963968
v 126.059 -60.3417 1197.44
vn 0.407169 -0.325641 0.85333
v 124.816 -63.8973 1200.03
vn 0.0310369 -0.445544 0.894722
v 124.372 -69.1408 1197.76
vn 0.0133507 -0.441114 0.897352
v 124.26 -68.2311 1198.24
vn -0.559781 -0.49578 0.663963
v 122.844 -72.553 1195.37
vn -0.531602 -0.49461 0.687575
v 123.659 -74.3443 1194.67
vn 0.828376 0.419566 -0.371156
v 125.659 -69.0101 1182.22
vn -0.813484 -0.413603 0.408871
v 123.217 -76.4781 1192.35
vn 0.422815 0.457839 -0.782056
v 126.246 -75.1953 1177.78
vn -0.113287 0.374861 -0.920133
v 125.148 -75.5922 1177.43
vn -0.93934 -0.300047 0.166169
v 122.926 -80.0148 1186.79
vn 0.150557 0.44684 -0.881854
v 126.401 -77.5725 1176.57
vn -0.0241629 0.438137 -0.898584
v 125.799 -77.3397 1176.68
vn -0.304127 0.340445 -0.889721
v 124.902 -77.5427 1176.76
vn -0.461369 0.30585 -0.832823
v 125.607 -80.6785 1175.15
vn -0.723541 0.130963 -0.677744
v 125.19 -82.2661 1175.09
vn -0.6479 0.185465 -0.738802
v 125.194 -80.9896 1175.34
vn -0.83036 0.0420756 -0.555637
v 124.499 -82.9478 1175.95
vn -0.908419 -0.0613288 -0.413537
v 124.088 -83.863 1176.76
vn -0.968928 -0.244747 0.0357304
v 123.591 -85.3722 1179.37
vn -0.974219 -0.203344 -0.0977136
v 123.509 -84.8567 1178.91
vn -0.956743 -0.178665 -0.229612
v 123.633 -85.0213 1178.37
vn -0.941676 -0.134623 -0.30842
v 124.185 -85.6587 1176.97
vn -0.967861 -0.202908 -0.148571
v 124.03 -86.9471 1178.36
vn -0.781218 0.622598 0.0454875
v 117.264 -158.128 1134.96
vn -0.765876 0.628607 0.135233
v 116.019 -160.2 1138.24
vn -0.514314 0.786445 -0.34203
v 117.964 -157.685 1131.32
vn -0.652789 0.744858 -0.138032
v 117.461 -157.842 1132.05
vn -0.723566 0.69025 0.00259289
v 117.403 -157.829 1133.25
vn -0.709038 0.692 0.135648
v 114.846 -161.563 1138.33
vn -0.702245 0.681653 0.205429
v 114.854 -161.935 1139.8
vn -0.657273 0.694194 0.293404
v 113.732 -163.981 1142.65
vn -0.635313 0.609718 0.473942
v 113.007 -166.589 1146.26
vn -0.14805 0.716149 -0.682065
v 118.336 -158.239 1130.2
vn -0.351782 0.798099 -0.48917
v 117.212 -158.786 1130
vn -0.47239 0.824803 -0.31072
v 116.946 -158.703 1130.41
vn -0.0154328 0.612451 -0.790358
v 117.196 -159.906 1128.81
vn -0.186446 -0.434337 0.881243
v 112.975 -168.744 1146.29
vn -0.0805513 -0.565755 0.82063
v 112.674 -169.756 1145.65
vn 0.108729 0.51028 -0.853108
v 118.194 -160.492 1128.44
vn 0.257482 0.338121 -0.905195
v 118.092 -161.396 1127.98
vn 0.122884 0.439343 -0.889875
v 117.253 -161.628 1127.71
vn 0.0196245 0.543088 -0.839446
v 116.91 -160.889 1128.12
vn 0.0314013 -0.611183 0.790866
v 113.074 -170.751 1144.87
vn -0.0354 -0.523759 0.85113
v 111.975 -170.841 1144.8
vn 0.644401 -0.231285 -0.728872
v 117.774 -163.29 1127.63
vn 0.403662 0.171294 -0.89873
v 117.768 -162.312 1127.58
vn 0.48379 0.00400954 -0.875175
v 117.699 -162.731 1127.5
vn 0.284494 0.244991 -0.926845
v 117.359 -162.408 1127.41
vn 0.28031 -0.62356 0.729794
v 113.137 -172.094 1143.93
vn 0.308102 -0.715595 0.626895
v 112.895 -172.604 1143.53
vn 0.0818456 -0.526227 0.846396
v 112.76 -171.421 1144.46
vn 0.144539 -0.558823 0.816593
v 112.695 -172.113 1144.04
vn 0.201843 -0.656898 0.72646
v 112.673 -172.437 1143.79
vn 0.0370259 -0.507986 0.860569
v 112.283 -171.932 1144.2
vn 0.0882919 -0.583403 0.807369
v 112.251 -172.276 1143.98
vn 0.0256711 -0.572025 0.819834
v 111.815 -172.424 1143.9
vn 0.411937 0.0413609 -0.910273
v 116.78 -163.541 1127.02
vn 0.511763 -0.0836694 -0.855043
v 116.425 -164.377 1126.89
vn 0.333193 -0.771774 0.541615
v 112.989 -172.822 1143.19
vn 0.243237 -0.742039 0.624671
v 112.442 -172.889 1143.39
vn 0.13409 -0.664992 0.734714
v 112.222 -172.756 1143.6
vn 0.121658 -0.710249 0.693358
v 111.777 -173.063 1143.39
vn 0.270899 -0.79822 0.538014
v 111.784 -173.612 1142.72
vn 0.727624 -0.382293 -0.569575
v 116.978 -165.836 1128.05
vn 0.697611 -0.355779 -0.6219
v 116.17 -166.273 1127.36
vn 0.519756 -0.795822 0.310678
v 112.572 -175.18 1138.84
vn 0.730676 -0.669942 -0.131495
v 114.387 -173.846 1134.34
vn 0.682758 -0.730629 0.00487923
v 113.349 -175.139 1136.68
vn 0.751417 -0.522308 -0.403196
v 113.761 -173.351 1130.83
vn 0.732895 -0.609359 -0.302568
v 113.617 -173.821 1131.24
vn 0.72394 -0.663368 -0.189349
v 113.643 -174.186 1132.25
vn 0.709193 -0.697169 -0.104887
v 112.856 -175.385 1133.99
vn 0.948521 0.227447 0.220398
v 123.489 -53.389 1203.3
vn 0.944582 0.325359 0.0436716
v 123.707 -53.1758 1201.32
vn 0.916261 0.390616 -0.0887934
v 123.857 -53.6951 1199.38
vn 0.931157 0.358823 -0.0647565
v 124.486 -55.3456 1198.86
vn 0.926323 0.353726 -0.129625
v 124.597 -55.9318 1197.84
vn 0.913401 0.384532 -0.133541
v 124.257 -55.1174 1197.72
vn 0.912542 0.372662 -0.168492
v 124.278 -55.4385 1197.07
vn 0.952112 0.303235 0.0391361
v 124.694 -55.8864 1199.34
vn 0.398475 -0.331199 0.855292
v 123.481 -58.8879 1202.58
vn 0.342935 -0.39093 0.854148
v 122.859 -58.4183 1203.09
vn 0.920336 0.352255 -0.169994
v 124.648 -56.5056 1196.81
vn 0.944441 0.320825 -0.0714336
v 124.985 -56.7929 1198.43
vn 0.372854 -0.331321 0.866722
v 123.827 -59.6265 1202.17
vn 0.274225 -0.396424 0.876155
v 123.718 -60.4036 1201.9
vn 0.276007 -0.430147 0.859531
v 123.002 -59.1254 1202.66
vn 0.237631 -0.414934 0.878272
v 123.118 -61.7204 1201.42
vn 0.127345 -0.443097 0.887383
v 122.566 -60.8245 1202
vn 0.010312 -0.463941 0.885806
v 122.513 -63.185 1200.79
vn -0.0872667 -0.466345 0.880288
v 122.7 -65.3596 1199.64
vn -0.336005 -0.496696 0.800246
v 121.835 -65.9227 1199.13
vn -0.544095 -0.470642 0.694591
v 121.684 -67.7701 1197.88
vn 0.852317 0.412335 -0.32177
v 125.036 -64.869 1185.71
vn -0.789798 -0.433727 0.433704
v 121.722 -70.5522 1195.68
vn -0.684574 -0.475691 0.552337
v 122.492 -72.5369 1195
vn -0.888395 -0.369587 0.272323
v 122.5 -74.9169 1192.23
vn 0.290031 0.478613 -0.828741
v 124.292 -69.0041 1180.44
vn 0.691355 0.456767 -0.559814
v 125.462 -70.9472 1179.93
vn 0.505957 0.475315 -0.71978
v 125.277 -71.0253 1179.69
vn 0.274924 0.451549 -0.848835
v 125.059 -71.3106 1179.41
vn 0.106042 0.426286 -0.898351
v 124.664 -71.2378 1179.35
vn -0.138471 0.360812 -0.922302
v 124.2 -71.5809 1179.21
vn 0.032527 0.408832 -0.91203
v 125.033 -73.3373 1178.44
vn -0.144738 0.37787 -0.914476
v 124.75 -73.8906 1178.22
vn -0.308515 0.333159 -0.890968
v 124.311 -73.9044 1178.31
vn -0.543217 0.254937 -0.799951
v 123.764 -74.4676 1178.39
vn -0.725932 0.166941 -0.667198
v 123.236 -74.7886 1178.78
vn -0.250447 0.347364 -0.903667
v 124.716 -75.7922 1177.44
vn -0.443949 0.287801 -0.848575
v 124.257 -75.8425 1177.6
vn -0.612183 0.230435 -0.756394
v 123.865 -75.9403 1177.82
vn -0.96269 -0.263 0.0637089
v 121.963 -78.4543 1182.34
vn -0.952042 -0.282373 0.117815
v 122.307 -79.0596 1183.3
vn -0.581151 0.221733 -0.783006
v 124.058 -77.5034 1177.23
vn -0.69689 0.171339 -0.696411
v 123.722 -77.0117 1177.65
vn -0.75652 0.122001 -0.642489
v 123.509 -77.5377 1177.78
vn -0.942298 -0.0689586 -0.327596
v 122.529 -79.1592 1179.46
vn -0.952783 -0.119092 -0.279322
v 122.303 -79.0814 1180.16
vn -0.972291 -0.230379 -0.0396983
v 122.165 -79.3429 1181.42
vn -0.842296 0.0373969 -0.537716
v 123.365 -79.1776 1177.76
vn -0.901539 -0.0442836 -0.430426
v 123.076 -80.6486 1178.29
vn -0.954267 -0.135701 -0.266383
v 123.057 -82.0666 1178.68
vn -0.603519 0.792741 -0.0855943
v 116.078 -159.152 1130.9
vn -0.683087 0.727585 0.0633398
v 115.878 -159.316 1132.2
vn -0.722919 0.678644 0.129733
v 115.512 -160.046 1134.09
vn -0.657597 0.731056 0.182001
v 114.598 -160.943 1134.03
vn -0.660514 0.729185 0.178914
v 114.105 -161.721 1135.13
vn -0.718719 0.683493 0.127593
v 114.759 -161.317 1136.28
vn -0.676448 0.725916 0.124353
v 114.114 -162.05 1136.88
vn -0.644525 0.746509 0.165263
v 113.202 -163.116 1138.41
vn -0.616454 0.738843 0.272204
v 112.985 -164.257 1141.55
vn -0.586462 0.698142 0.410683
v 110.845 -167.337 1144.48
vn -0.521921 0.14316 0.840894
v 111.829 -168.021 1146.06
vn -0.599321 0.601234 0.528519
v 110.889 -167.701 1145.01
vn -0.121243 0.677842 -0.725142
v 116.559 -159.882 1128.87
vn -0.255284 0.768574 -0.586621
v 116.338 -159.558 1129.3
vn -0.347735 0.795308 -0.496553
v 115.645 -159.945 1129.12
vn -0.539402 0.82687 -0.159158
v 114.965 -160.061 1129.82
vn -0.641707 0.760662 0.0980126
v 114.8 -160.14 1131.18
vn -0.33699 -0.230912 0.912753
v 111.776 -168.69 1146
vn -0.510197 0.03599 0.859304
v 110.353 -169.077 1145.29
vn -0.0551635 0.595629 -0.801364
v 116.306 -160.519 1128.39
vn -0.189369 0.693221 -0.695402
v 115.67 -160.353 1128.61
vn -0.159089 -0.437168 0.885198
v 110.115 -170.953 1144.5
vn -0.0559657 -0.481887 0.874444
v 111.452 -171.865 1144.22
vn 0.312527 0.17118 -0.934358
v 115.514 -164.043 1126.47
vn 0.168636 0.355882 -0.91919
v 115.182 -163.565 1126.52
vn 0.00130318 -0.586791 0.809738
v 110.704 -173.187 1143.37
vn 0.313335 -0.790295 0.52655
v 111.177 -174.406 1141.76
vn 0.207417 -0.738559 0.64149
v 110.262 -174.474 1142.02
vn 0.475967 -0.781238 0.403885
v 111.564 -175.667 1139.23
vn 0.408695 -0.745632 0.526309
v 110.76 -175.277 1140.66
vn 0.32145 -0.748675 0.579789
v 110.033 -175.065 1141.46
vn 0.737601 -0.46497 -0.489641
v 113.866 -169.913 1127.04
vn 0.59518 -0.766252 0.242113
v 111.267 -176.642 1137.15
vn 0.70208 -0.697658 -0.142678
v 111.972 -176.077 1132.85
vn 0.695157 -0.714697 -0.0772333
v 111.388 -176.941 1134.84
vn 0.921245 0.388452 0.0203295
v 122.687 -50.4538 1202.09
vn 0.910486 0.405355 -0.0818679
v 122.647 -50.4084 1201.62
vn 0.937985 0.323272 0.125218
v 122.71 -50.7635 1203.12
vn 0.940201 0.251617 0.229589
v 122.854 -51.8818 1204.45
vn 0.907343 0.13782 0.397158
v 122.623 -51.6419 1205
vn 0.710328 -0.136985 0.690412
v 122.278 -52.694 1205.51
vn 0.801477 -0.0255813 0.597479
v 122.135 -51.6725 1205.81
vn 0.893681 0.416895 -0.165934
v 123.992 -54.7424 1197.14
vn 0.894626 0.396332 -0.206315
v 123.869 -54.9971 1195.99
vn 0.120531 -0.458674 0.880392
v 122.157 -58.8041 1203.05
vn 0.87216 0.412076 -0.263685
v 123.191 -55.028 1193.37
vn -0.115257 -0.481748 0.868697
v 121.296 -60.9122 1201.95
vn -0.192813 -0.483162 0.854036
v 121.025 -61.5829 1201.53
vn 0.868709 0.390794 -0.304344
v 124.099 -59.6508 1189.84
vn 0.849537 0.403114 -0.340273
v 124.259 -61.5942 1187.9
vn -0.558023 -0.484235 0.673889
v 121.44 -66.1306 1198.75
vn -0.686158 -0.455153 0.567471
v 120.491 -65.6555 1198.1
vn -0.839265 -0.404661 0.363158
v 120.676 -67.6246 1196.6
vn -0.709918 -0.448821 0.542748
v 121.3 -68.2389 1197.14
vn 0.78024 0.454326 -0.4299
v 123.227 -62.7654 1184.07
vn 0.834055 0.426295 -0.350179
v 124.294 -63.5 1185.53
vn 0.659102 0.488471 -0.571823
v 123.205 -63.5125 1183.34
vn 0.567301 0.478845 -0.669983
v 123.182 -63.9821 1182.94
vn 0.82381 0.42661 -0.373285
v 124.298 -64.3388 1184.55
vn -0.865941 -0.394583 0.307328
v 121.164 -69.8968 1195.17
vn -0.9009 -0.369181 0.22822
v 120.475 -69.1147 1193.97
vn 0.719684 0.457375 -0.522363
v 123.827 -64.9762 1182.91
vn -0.919673 -0.342346 0.192356
v 121.017 -72.1038 1190.74
vn 0.445232 0.481439 -0.754974
v 124.187 -67.9404 1181.06
vn 0.159895 0.450091 -0.878551
v 123.604 -67.8099 1180.93
vn -0.108574 0.376572 -0.920003
v 122.959 -67.9444 1180.87
vn -0.520615 0.213687 -0.826618
v 122.424 -68.5987 1180.86
vn 0.0903345 0.448659 -0.889126
v 123.896 -68.9313 1180.38
vn -0.0861773 0.388995 -0.9172
v 123.46 -69.0809 1180.31
vn -0.289273 0.340584 -0.894608
v 123.051 -68.8936 1180.46
vn -0.31636 0.299321 -0.90018
v 122.995 -69.2837 1180.32
vn -0.424801 0.29483 -0.855932
v 122.794 -69.1146 1180.47
vn -0.617368 0.156304 -0.77099
v 122.717 -69.5644 1180.39
vn -0.402928 0.264635 -0.876138
v 123.425 -70.8422 1179.69
vn -0.63133 0.175934 -0.755294
v 123.104 -71.3283 1179.76
vn -0.946516 -0.304834 0.105749
v 121.497 -74.9031 1187.6
vn -0.769202 0.0924189 -0.632287
v 121.87 -72.5708 1180.85
vn -0.838219 0.034212 -0.544259
v 121.495 -73.9174 1181.18
vn -0.919549 -0.058232 -0.388638
v 121.173 -73.9973 1181.76
vn -0.822275 0.073681 -0.564301
v 122.483 -75.458 1179.62
vn -0.968731 -0.180088 -0.170671
v 121.507 -76.6562 1181.79
vn -0.956078 -0.12188 -0.266571
v 121.23 -75.039 1181.91
vn -0.973221 -0.217941 -0.073089
v 121.562 -77.059 1182.06
vn -0.90078 -0.0204743 -0.433794
v 122.38 -77.8519 1179.68
vn -0.582591 0.808907 -0.0790953
v 114.113 -160.631 1129.98
vn -0.619758 0.769763 0.152858
v 113.054 -162.816 1135.89
vn -0.594231 0.626185 0.504759
v 109.747 -167.946 1144.06
vn -0.578072 0.717349 0.3889
v 109.104 -167.925 1143.16
vn -0.594419 0.398499 0.698473
v 110.142 -168.391 1144.88
vn -0.488192 0.81888 -0.301834
v 114.442 -160.557 1129.15
vn -0.562496 0.79885 -0.213158
v 113.931 -160.846 1129.32
vn -0.444109 0.786024 -0.430039
v 114.074 -161.078 1128.49
vn -0.312124 0.735065 -0.601878
v 113.963 -161.486 1128
vn -0.362567 -0.191444 0.912082
v 109.568 -170.084 1144.72
vn -0.508585 0.0801736 0.857271
v 108.715 -169.744 1144.28
vn -0.110227 0.607915 -0.786314
v 113.827 -162.408 1127.18
vn -0.253159 0.679424 -0.688689
v 113.527 -162.106 1127.52
vn -0.438132 0.758199 -0.482881
v 113.155 -161.88 1128.02
vn -0.179756 -0.329797 0.92678
v 108.368 -171.852 1143.84
vn 0.0167814 0.504669 -0.86315
v 114.387 -163.285 1126.58
vn -0.150721 0.612512 -0.775958
v 113.359 -162.9 1126.89
vn -0.0818863 -0.45283 0.887829
v 109.717 -172.58 1143.71
vn 0.100928 -0.62233 0.776221
v 108.961 -174.199 1142.57
vn 0.304798 -0.684983 0.661737
v 109.335 -175.443 1141.41
vn 0.360909 -0.699304 0.617024
v 107.905 -177.393 1140.14
vn 0.65272 -0.272323 -0.706963
v 112.692 -169.578 1125.44
vn 0.720159 -0.402114 -0.565398
v 112.152 -171.015 1125.67
vn 0.755329 -0.429716 -0.494795
v 112.588 -171.863 1127
vn 0.504659 -0.750575 0.426564
v 108.452 -178.179 1138.59
vn 0.457722 -0.732519 0.503891
v 108.354 -177.842 1139.23
vn 0.732803 -0.589618 -0.339633
v 111.003 -175.812 1129.11
vn 0.724593 -0.656636 -0.209272
v 110.513 -176.996 1130.7
vn 0.727421 -0.676011 -0.117763
v 110.316 -177.675 1132.67
vn 0.685331 -0.726858 0.0447156
v 109.438 -178.749 1134.21
vn 0.728214 -0.680655 -0.0800783
v 108.695 -179.48 1132.38
vn 0.909461 0.211514 0.35797
v 120.903 -47.9523 1207.33
vn 0.864432 0.13101 0.485379
v 120.466 -47.3706 1208.01
vn 0.908525 0.254752 0.331184
v 120.409 -46.7903 1207.84
vn 0.765916 -0.0347857 0.642
v 120.383 -48.2071 1208.23
vn 0.658798 -0.152513 0.736699
v 120.057 -48.3561 1208.54
vn 0.927323 0.297726 0.226786
v 121.329 -48.3174 1206.28
vn 0.581099 -0.240716 0.777419
v 120.796 -50.2415 1207.44
vn 0.399852 -0.370238 0.838476
v 120.104 -50.1262 1207.92
vn 0.877417 0.471886 -0.0863943
v 121.564 -47.9955 1202.92
vn 0.877741 0.462983 -0.123358
v 122.139 -49.666 1200.46
vn 0.892029 0.445124 -0.0784161
v 122.052 -49.1189 1201.94
vn 0.256665 -0.432668 0.864246
v 120.516 -52.2824 1206.7
vn 0.869973 0.458272 -0.182028
v 121.637 -49.235 1198.62
vn 0.0330262 -0.502942 0.863689
v 120.236 -54.945 1205.24
vn -0.0617876 -0.49838 0.864754
v 120.269 -56.7158 1204.23
vn -0.255375 -0.534912 0.80539
v 120.061 -58.9549 1202.85
vn -0.400673 -0.507425 0.762877
v 120.093 -61.0094 1201.51
vn -0.638855 -0.502207 0.582797
v 119.568 -60.6262 1201.35
vn 0.814252 0.423827 -0.396691
v 122.764 -59.0181 1187.41
vn -0.79188 -0.429457 0.434157
v 120.093 -65.0982 1198.03
vn -0.88194 -0.383871 0.273542
v 119.105 -63.4935 1197.49
vn 0.469167 0.512129 -0.719448
v 122.851 -63.3592 1183.14
vn 0.27865 0.526346 -0.803315
v 122.486 -63.0868 1183.14
vn 0.223208 0.499579 -0.837018
v 122.443 -63.5944 1182.8
vn 0.00744627 0.492999 -0.869998
v 121.883 -62.9974 1183.08
vn -0.189991 0.423704 -0.885652
v 121.586 -63.7183 1182.75
vn 0.282843 0.464916 -0.83896
v 122.769 -64.3667 1182.45
vn 0.0263363 0.402554 -0.915017
v 122.466 -65.2417 1181.98
vn 0.025065 0.448831 -0.893265
v 122.186 -64.0975 1182.49
vn -0.173194 0.350335 -0.920472
v 122.043 -65.2221 1182.02
vn -0.167535 0.388969 -0.905889
v 121.928 -64.4667 1182.34
vn -0.380692 0.305765 -0.872686
v 121.483 -64.4848 1182.46
vn -0.923605 -0.34543 0.16623
v 120.09 -69.3119 1191.57
vn -0.297898 0.288992 -0.909802
v 122.256 -66.7807 1181.41
vn -0.460117 0.231902 -0.857038
v 121.858 -66.444 1181.68
vn -0.647869 0.0992859 -0.755253
v 121.555 -66.2985 1181.91
vn -0.349979 0.266422 -0.898072
v 122.327 -67.5864 1181.16
vn -0.71296 0.0755087 -0.697127
v 121.923 -68.3582 1181.33
vn -0.699447 0.0462359 -0.713187
v 120.982 -68.0359 1182.44
vn -0.717741 0.0782165 -0.691904
v 121.645 -69.4398 1181.6
vn -0.960326 -0.272595 0.0588701
v 120.372 -72.164 1184.78
vn -0.761247 0.0594625 -0.645729
v 121.289 -71.1444 1181.73
vn -0.835391 0.015704 -0.549432
v 121.045 -71.7714 1182.02
vn -0.969983 -0.176719 -0.167041
v 120.757 -73.5644 1183.09
vn -0.909577 -0.0726628 -0.409132
v 120.621 -71.9381 1182.77
vn -0.619784 0.784706 -0.0102355
v 112.016 -162.204 1129.92
vn -0.638776 0.760472 0.116822
v 111.777 -162.445 1130.43
vn -0.611487 0.777826 0.145157
v 110.174 -164.496 1133.62
vn -0.636752 0.769433 0.0502
v 110.781 -163.271 1129.92
vn -0.635509 0.755342 0.15996
v 110.206 -164.051 1131.71
vn -0.479648 0.129127 0.867908
v 107.129 -170.549 1143.5
vn -0.321051 -0.128166 0.938349
v 107.632 -171.439 1143.72
vn -0.324916 0.732346 -0.598414
v 111.772 -163.608 1126.74
vn -0.0593916 -0.472654 0.879244
v 106.659 -174.049 1142.69
vn 0.125248 0.377907 -0.917333
v 111.295 -166.799 1124.61
vn 0.220357 -0.636379 0.739232
v 107.24 -177.003 1140.79
vn 0.53174 -0.0763731 -0.843457
v 110.615 -169.821 1123.83
vn 0.73035 -0.388229 -0.562021
v 110.807 -172.929 1125.16
vn 0.548913 -0.752163 0.364616
v 107.339 -179.67 1137.17
vn 0.463487 -0.765594 0.446145
v 106.794 -179.584 1138.03
vn -0.10875 -0.959287 0.260655
v 106.336 -179.776 1138.03
vn 0.224821 -0.903049 0.366004
v 106.572 -179.861 1137.73
vn 0.33394 -0.80627 0.488276
v 106.286 -179.574 1138.49
vn 0.169078 -0.856717 0.487287
v 106.044 -179.484 1138.78
vn 0.745454 -0.480036 -0.462454
v 110.303 -174.103 1125.49
vn 0.715199 -0.356129 -0.601384
v 110.506 -172.741 1124.69
vn 0.619448 -0.77485 0.126059
v 108.04 -179.997 1134.54
vn 0.586924 -0.770926 0.247372
v 107.715 -179.928 1135.93
vn 0.596915 -0.779501 0.189922
v 107.786 -180.02 1135.42
vn 0.539874 -0.785877 0.301551
v 107.424 -180.023 1136.28
vn 0.479099 -0.852888 0.207475
v 107.495 -180.141 1135.75
vn 0.36946 -0.921422 0.120335
v 107.569 -180.211 1135.25
vn 0.281142 -0.918566 0.27784
v 107.166 -180.109 1136.46
vn 0.443881 -0.866792 0.227247
v 107.199 -180.185 1136.19
vn 0.253422 -0.961532 0.105991
v 107.286 -180.235 1135.63
vn -0.632708 -0.751012 -0.188841
v 107.394 -180.226 1135.03
vn -0.377634 -0.92595 -0.00292151
v 106.975 -180.13 1136.33
vn -0.613508 -0.776649 -0.142913
v 107.139 -180.101 1135.43
vn 0.371007 -0.850784 0.372184
v 106.849 -179.912 1137.38
vn 0.497333 -0.795573 0.346012
v 107.113 -179.943 1136.95
vn 0.181977 -0.946845 0.265271
v 106.864 -180.026 1137.08
vn -0.234871 -0.964401 0.121519
v 106.629 -179.974 1137.28
vn 0.747558 -0.546509 -0.377471
v 109.559 -175.482 1125.75
vn 0.682773 -0.6197 -0.38703
v 109.134 -177.67 1128.48
vn 0.47888 -0.735848 -0.478751
v 108.846 -177.854 1128.29
vn 0.36176 -0.802463 -0.474534
v 108.792 -177.995 1128.43
vn 0.512155 -0.751529 -0.415815
v 108.796 -177.551 1127.72
vn -0.0270217 -0.876501 -0.480641
v 108.644 -177.874 1128.22
vn -0.466904 -0.851372 -0.239096
v 108.443 -177.482 1127.42
vn 0.597279 -0.737624 -0.314912
v 108.802 -178.746 1129.94
vn 0.686984 -0.643578 -0.337434
v 108.896 -178.159 1128.85
vn 0.222503 -0.848749 -0.479706
v 108.792 -178.399 1129.17
vn -0.20639 -0.85859 -0.469283
v 108.646 -178.257 1128.96
vn 0.724027 -0.66514 -0.182686
v 108.77 -179.098 1130.93
vn 0.658701 -0.721007 -0.215084
v 108.596 -179.168 1130.6
vn -0.117525 -0.862367 -0.492455
v 108.496 -178.969 1130.2
vn -0.591242 -0.689835 -0.417805
v 108.301 -179.32 1130.91
vn 0.70647 -0.70756 -0.0161068
v 108.398 -179.849 1133.05
vn 0.578071 -0.811742 -0.083123
v 108.232 -180 1132.91
vn 0.689412 -0.704676 -0.167758
v 108.564 -179.487 1131.61
vn 0.609959 -0.780483 -0.137098
v 108.441 -179.676 1131.95
vn 0.596873 -0.787815 -0.151957
v 108.253 -179.797 1131.83
vn 0.52938 -0.839033 -0.125616
v 108.209 -179.835 1132.04
vn 0.462003 -0.868707 -0.178607
v 108.162 -179.91 1132.22
vn -0.575923 -0.75555 -0.312181
v 107.882 -179.902 1132.62
vn -0.526989 -0.767765 -0.364444
v 108.018 -179.744 1132.03
vn 0.591926 -0.804665 0.0462402
v 108.201 -180.024 1133.37
vn 0.52586 -0.846119 0.0869124
v 107.675 -180.239 1134.61
vn 0.418983 -0.906826 -0.0460474
v 107.936 -180.16 1133.22
vn -0.478944 -0.8618 -0.167072
v 107.492 -180.192 1134.51
vn -0.625548 -0.733041 -0.267097
v 107.749 -180.031 1133.23
vn 0.897234 0.44138 0.0124138
v 120.076 -44.8997 1205.69
vn 0.889198 0.239391 0.389896
v 119.925 -45.9147 1208.44
vn 0.912569 0.326213 0.246582
v 119.894 -45.5168 1208.18
vn 0.804479 0.0694141 0.589911
v 119.697 -46.4751 1209.02
vn 0.728291 -0.0355992 0.684343
v 119.321 -46.7214 1209.49
vn 0.559419 -0.22653 0.79733
v 119.006 -47.0497 1209.7
vn 0.917033 0.377441 0.128801
v 120.409 -45.7176 1206.04
vn 0.842307 0.5002 -0.200797
v 120.662 -47.7941 1197.95
vn 0.856569 0.49533 -0.1447
v 121.269 -48.4525 1198.96
vn 0.858044 0.459067 -0.230257
v 120.912 -48.7623 1196.75
vn -0.0576922 -0.527276 0.847733
v 119.249 -54.3375 1205.57
vn -0.27149 -0.557212 0.784735
v 118.4 -54.7299 1205.18
vn -0.450381 -0.573532 0.684265
v 118 -54.9484 1204.81
vn -0.399276 -0.560907 0.725232
v 119.012 -57.2001 1203.65
vn -0.517091 -0.547382 0.65802
v 118.979 -57.8282 1203.12
vn 0.838251 0.45751 -0.29668
v 121.616 -52.9301 1191.7
vn 0.765495 0.492385 -0.414215
v 120.682 -52.5229 1189.97
vn 0.769409 0.454062 -0.449262
v 120.989 -54.0268 1188.87
vn 0.664555 0.473106 -0.578393
v 120.819 -54.076 1188.58
vn 0.842258 0.413268 -0.346137
v 121.911 -54.6453 1190.09
vn 0.813401 0.449741 -0.368934
v 121.305 -53.6904 1189.84
vn -0.8047 -0.450541 0.386615
v 118.569 -60.0958 1200.47
vn 0.775203 0.426252 -0.46623
v 121.741 -56.525 1187.76
vn 0.603535 0.477742 -0.638363
v 121.399 -56.3279 1187.49
vn 0.392618 0.509858 -0.765438
v 121.036 -56.1913 1187.32
vn -0.906569 -0.374237 0.19514
v 118.341 -62.0952 1196.86
vn 0.416602 0.535919 -0.734325
v 121.314 -57.7625 1186.33
vn 0.652217 0.491524 -0.577076
v 121.819 -58.6077 1186.07
vn 0.15302 0.534011 -0.831515
v 121.203 -59.2487 1185.26
vn -0.102649 0.489482 -0.865951
v 120.575 -59.2079 1185.29
vn -0.240986 0.433673 -0.868247
v 120.987 -61.3657 1184.07
vn -0.601686 0.264975 -0.7535
v 120.516 -62.1932 1183.95
vn -0.743042 0.1647 -0.648662
v 120.101 -61.97 1184.43
vn -0.945292 -0.316173 0.0803545
v 118.918 -66.3022 1190.3
vn -0.410125 0.345177 -0.844186
v 121.334 -63.9302 1182.75
vn -0.777099 0.1021 -0.621042
v 119.387 -64.639 1184.65
vn -0.638468 0.197394 -0.743905
v 121.091 -64.7884 1182.64
vn -0.921053 -0.0784198 -0.381459
v 119.165 -66.6487 1184.87
vn -0.961902 -0.272611 0.0206927
v 119.044 -67.4127 1186.57
vn -0.97186 -0.176867 -0.155583
v 118.752 -66.1093 1186.02
vn -0.827565 0.00997255 -0.561281
v 119.998 -67.8594 1183.46
vn -0.722833 0.077293 -0.686687
v 120.439 -68.2676 1182.88
vn -0.595713 0.782749 0.180082
v 107.543 -166.842 1136.34
vn -0.606104 0.714296 0.349886
v 106.063 -169.667 1141.53
vn -0.607587 0.441147 0.660476
v 106.519 -170.304 1142.98
vn -0.636436 0.580242 0.5082
v 106.004 -170.263 1142.38
vn -0.479199 0.80657 -0.346141
v 111.032 -163.563 1127.41
vn -0.573122 0.811556 -0.113615
v 110.261 -163.73 1128.78
vn -0.199463 -0.293887 0.934797
v 105.915 -173.389 1142.89
vn -0.33508 -0.082354 0.938584
v 105.622 -172.693 1142.97
vn -0.386776 0.792762 -0.471097
v 109.486 -164.837 1126.39
vn -0.280843 0.704912 -0.651327
v 109.496 -165.24 1125.87
vn -0.479966 0.841427 -0.24826
v 109.431 -164.551 1127.11
vn -0.0152663 0.500325 -0.865703
v 110.901 -166.605 1124.68
vn -0.157017 0.609474 -0.777102
v 109.918 -165.684 1125.35
vn -0.017754 -0.496601 0.867797
v 105.849 -175.775 1141.74
vn -0.119507 -0.428045 0.895821
v 105.291 -175.173 1142.01
vn 0.0475608 0.453264 -0.890107
v 109.482 -168.087 1123.89
vn 0.0835744 -0.57232 0.815761
v 105.9 -177.509 1140.66
vn 0.296234 0.219435 -0.929566
v 110.22 -168.76 1123.7
vn 0.053416 -0.713855 0.698254
v 105.155 -178.967 1139.64
vn -0.262712 -0.863017 0.43149
v 104.741 -178.931 1139.65
vn -0.0225336 -0.669085 0.742844
v 104.535 -178.629 1139.97
vn -0.548043 -0.825198 0.136738
v 104.354 -178.712 1139.74
vn -0.535686 -0.843917 -0.0290785
v 104.574 -178.869 1139.48
vn -0.0361711 -0.587516 0.808404
v 104.338 -178.451 1140.1
vn -0.334588 -0.789353 0.514755
v 104.33 -178.606 1139.97
vn -0.64852 -0.750666 -0.126183
v 104.388 -178.721 1139.51
vn 0.506229 -0.0697596 -0.859573
v 109.481 -170.77 1123.22
vn 0.590462 -0.187881 -0.784892
v 110.042 -170.801 1123.57
vn 0.162375 -0.761409 0.627607
v 105.583 -179.258 1139.27
vn -0.176664 -0.917055 0.35749
v 105.375 -179.274 1139.24
vn 0.59931 -0.166354 -0.783041
v 109.226 -171.975 1123.29
vn -0.665136 -0.665007 -0.339648
v 106.128 -178.187 1132.61
vn -0.64349 -0.733899 -0.217517
v 106.025 -178.954 1134.71
vn -0.671249 -0.692707 -0.263784
v 105.903 -178.434 1133.61
vn -0.713993 -0.657647 -0.240237
v 105.271 -178.314 1134.95
vn -0.619143 -0.766603 -0.17024
v 105.983 -179.229 1135.83
vn -0.661763 -0.723198 -0.19762
v 105.478 -178.756 1135.66
vn -0.512038 -0.822832 -0.246503
v 107.26 -176.898 1127.65
vn -0.567383 -0.735682 -0.36993
v 107.694 -177.847 1129.4
vn 0.44319 -0.711738 -0.544988
v 107.741 -176.11 1123.42
vn 0.43426 -0.814632 -0.384439
v 108.362 -176.695 1125.19
vn 0.7209 -0.513975 -0.464901
v 108.19 -176.113 1124.03
vn -0.185058 -0.935256 -0.301744
v 107.645 -176.273 1123.78
vn 0.776526 0.0488396 0.62819
v 118.132 -43.8398 1210.79
vn 0.646888 -0.109403 0.754697
v 117.704 -44.5227 1211.24
vn 0.881901 0.470321 0.032383
v 119.533 -43.8815 1206.35
vn 0.90198 0.395179 0.173968
v 119.097 -43.4897 1208.09
vn 0.89381 0.297604 0.335462
v 118.998 -43.9572 1209.29
vn 0.840764 0.147367 0.520959
v 118.772 -44.3408 1209.96
vn 0.374057 -0.350958 0.858434
v 117.17 -44.8649 1211.5
vn 0.856496 0.507033 -0.0966048
v 119.605 -44.2364 1204.49
vn 0.160434 -0.485183 0.859569
v 117.668 -46.2897 1210.63
vn 0.0128739 -0.549822 0.835183
v 117.648 -48.7251 1209.15
vn 0.84995 0.507977 -0.139798
v 119.487 -44.8737 1201.2
vn -0.21203 -0.5952 0.7751
v 116.92 -50.1509 1208.08
vn 0.846143 0.510318 -0.153679
v 119.757 -45.8784 1199.26
vn -0.411569 -0.618833 0.669071
v 116.507 -50.5355 1207.59
vn 0.835103 0.50164 -0.225746
v 120.019 -47.4453 1196.28
vn 0.837026 0.4775 -0.267173
v 120.063 -48.265 1194.86
vn -0.70237 -0.520055 0.486023
v 117.619 -56.3978 1202.93
vn -0.802981 -0.493238 0.334571
v 116.977 -55.8201 1202.46
vn 0.627377 0.518862 -0.580673
v 120.19 -52.3454 1189.36
vn 0.717725 0.518622 -0.464654
v 120.031 -51.6687 1189.84
vn 0.317119 0.516204 -0.795593
v 119.478 -51.9045 1189.13
vn -0.876189 -0.427268 0.223014
v 117.027 -57.8647 1199.12
vn 0.523471 0.487123 -0.699063
v 120.307 -53.5266 1188.54
vn 0.332347 0.470093 -0.817654
v 119.803 -52.6784 1188.78
vn 0.0533875 0.479468 -0.875934
v 120.386 -56.7574 1186.78
vn -0.383872 0.359101 -0.850699
v 119.312 -56.7426 1186.93
vn -0.536936 0.266374 -0.800465
v 119.053 -56.931 1186.99
vn -0.929666 -0.354898 0.098836
v 116.923 -59.6698 1194.21
vn -0.124251 0.449565 -0.884564
v 119.931 -57.0838 1186.61
vn -0.690336 0.164477 -0.704544
v 118.767 -57.4887 1187.08
vn -0.950314 -0.311055 -0.0121784
v 117.158 -60.7697 1191.25
vn -0.632155 0.248041 -0.734068
v 119.798 -59.4993 1185.51
vn -0.745367 0.161362 -0.646831
v 119.525 -59.9247 1185.67
vn -0.734941 0.150564 -0.661205
v 119.089 -60.6963 1186.07
vn -0.971062 -0.182648 -0.153878
v 117.893 -62.5714 1187.79
vn -0.798178 0.116735 -0.591004
v 118.788 -63.3101 1185.7
vn -0.914133 -0.0317844 -0.404167
v 118.339 -63.4719 1186.44
vn -0.965213 -0.260586 -0.0214199
v 118.193 -64.1284 1189.15
vn -0.855716 0.0353389 -0.516238
v 118.831 -64.608 1185.45
vn -0.598272 0.760354 0.252847
v 105.729 -169.415 1140.13
vn -0.631691 0.485078 0.604703
v 105.187 -171.264 1142.29
vn -0.557335 0.824867 -0.0947184
v 109.019 -164.623 1128.09
vn -0.641151 0.75933 0.111103
v 108.565 -165.063 1129.7
vn -0.61081 0.791652 0.0140857
v 108.808 -164.752 1128.74
vn -0.643327 0.754625 0.129119
v 107.821 -166.101 1132.02
vn -0.660384 0.747091 0.0758176
v 107.088 -166.766 1132.4
vn -0.676848 0.730463 0.0911108
v 107.319 -166.454 1131.44
vn -0.634209 0.770617 0.0626772
v 106.546 -167.351 1134.26
vn -0.604597 0.771551 0.197916
v 105.044 -169.095 1137.22
vn -0.630012 0.700932 0.334333
v 104.633 -170.498 1140.64
vn -0.646293 0.613773 0.453419
v 104.42 -170.942 1141.05
vn -0.65326 0.549053 0.521337
v 103.715 -172.023 1141.43
vn -0.631319 0.468728 0.617843
v 103.594 -172.443 1141.64
vn -0.579097 0.325348 0.747526
v 104.572 -172.207 1142.32
vn -0.478172 0.801777 -0.358477
v 109.146 -164.917 1126.58
vn -0.546611 0.815145 -0.191714
v 108.895 -164.835 1127.28
vn -0.541875 0.778257 -0.317312
v 108.262 -165.416 1126.76
vn -0.602487 0.781201 -0.163507
v 107.932 -165.564 1127.06
vn -0.614463 0.787591 -0.0462131
v 108.379 -165.09 1128.18
vn -0.664121 0.743308 0.0802265
v 107.996 -165.442 1128.84
vn -0.646201 0.762384 -0.0345697
v 107.58 -165.755 1127.82
vn -0.674245 0.731939 0.098278
v 106.528 -167.218 1131.26
vn -0.651127 0.757194 0.0518776
v 106.121 -167.672 1132.08
vn -0.254337 -0.298775 0.919807
v 104.355 -174.467 1142.17
vn -0.426891 0.0137241 0.904199
v 104.358 -173.191 1142.41
vn -0.347104 -0.148925 0.925927
v 104.248 -173.829 1142.31
vn -0.493631 0.0913885 0.864856
v 103.741 -173.394 1142.11
vn -0.350679 -0.195984 0.915759
v 103.587 -174.276 1141.97
vn -0.430354 -0.0694542 0.899984
v 103.437 -174.007 1141.94
vn -0.303076 0.681452 -0.666159
v 108.8 -165.896 1125.49
vn -0.428716 0.742643 -0.514474
v 108.566 -165.65 1125.91
vn -0.37845 0.731076 -0.567718
v 107.623 -166.648 1125.35
vn -0.211164 0.659281 -0.721636
v 107.618 -167.363 1124.56
vn -0.0533423 0.566329 -0.822451
v 107.557 -168.329 1123.81
vn -0.63921 -0.768779 0.0197473
v 104.06 -178.476 1139.79
vn -0.0795747 -0.54615 0.833899
v 103.95 -178.081 1140.34
vn -0.266404 -0.684575 0.678518
v 103.939 -178.244 1140.22
vn -0.696337 -0.695539 -0.177031
v 104.02 -178.395 1139.59
vn -0.546006 -0.774704 0.318924
v 103.757 -178.21 1140.1
vn -0.308239 -0.615448 0.725405
v 103.373 -177.657 1140.52
vn -0.693012 -0.720916 0.003825
v 103.193 -177.7 1140.22
vn 0.149598 0.377235 -0.913955
v 107.369 -170.39 1122.52
vn -0.730817 -0.628345 -0.266624
v 104.094 -176.867 1134.94
vn 0.534326 -0.0824895 -0.841244
v 108.075 -172.112 1122.51
vn -0.667509 -0.718321 -0.196078
v 105.697 -175.783 1128.25
vn -0.679084 -0.663396 -0.314246
v 105.99 -176.762 1130.25
vn -0.720364 -0.621854 -0.307202
v 105.488 -177.774 1133.14
vn 0.592441 -0.12377 -0.796049
v 106.911 -174.249 1121.91
vn 0.537568 -0.0148083 -0.84309
v 106.797 -173.445 1121.77
vn 0.380316 -0.225258 -0.897005
v 106.724 -174.247 1121.78
vn -0.632273 -0.750583 -0.191976
v 106.448 -175.81 1125.14
vn -0.720143 -0.654214 -0.23108
v 105.856 -175.332 1125.48
vn 0.48456 -0.269705 -0.832142
v 106.859 -174.491 1121.92
vn 0.315994 -0.312747 -0.895733
v 106.658 -174.518 1121.84
vn 0.6443 -0.348496 -0.680755
v 107.664 -175.739 1123.09
vn 0.59624 -0.479274 -0.644046
v 107.445 -175.873 1122.99
vn -0.272909 -0.865961 -0.419086
v 107.394 -175.978 1123.15
vn -0.502233 -0.805171 -0.315376
v 107.205 -175.866 1123.16
vn 0.615304 -0.444435 -0.65106
v 107.295 -175.769 1122.76
vn 0.620865 -0.301567 -0.723591
v 107.212 -175.397 1122.47
vn -0.641247 -0.697884 -0.318998
v 107.107 -175.651 1122.78
vn 0.567627 -0.24725 -0.785281
v 107.13 -174.949 1122.25
vn 0.432606 -0.329412 -0.839249
v 106.934 -174.968 1122.15
vn -0.430909 -0.653785 -0.621999
v 106.878 -175.128 1122.28
vn -0.758145 -0.579147 -0.299675
v 106.738 -175.177 1122.7
vn -0.64486 -0.590802 -0.484881
v 106.744 -174.866 1122.15
vn -0.505723 -0.835406 -0.215269
v 107.307 -176.054 1123.57
vn 0.829809 0.144466 0.539024
v 117.088 -41.4903 1211.82
vn 0.732863 0.00708529 0.680339
v 116.62 -41.8253 1212.46
vn 0.576425 -0.137691 0.805466
v 115.859 -41.9242 1213.14
vn 0.157636 -0.490823 0.85688
v 116.666 -45.4274 1211.33
vn 0.844147 0.515634 -0.146757
v 117.68 -41.8843 1201.25
vn 0.836393 0.517833 -0.179711
v 118.529 -44.0261 1198.75
vn 0.826617 0.522099 -0.21004
v 117.907 -43.7579 1196.8
vn -0.649857 -0.582908 0.487754
v 115.424 -50.6778 1206.42
vn -0.535468 -0.611197 0.582848
v 115.776 -50.1311 1207.43
vn 0.659867 0.521531 -0.540907
v 118.543 -48.2334 1191.48
vn 0.0609582 0.454035 -0.888896
v 118.705 -51.5836 1189.11
vn 0.10405 0.415012 -0.903847
v 119.213 -52.5631 1188.69
vn -0.0149116 0.380407 -0.924699
v 119.066 -53.6983 1188.23
vn -0.240969 0.333913 -0.911283
v 118.635 -53.6955 1188.29
vn -0.477959 0.202688 -0.854677
v 117.978 -53.5706 1188.59
vn -0.266305 0.316969 -0.910281
v 117.965 -52.3261 1188.89
vn -0.507519 0.237073 -0.828385
v 118.566 -55.2855 1187.79
vn -0.676283 0.117049 -0.727284
v 117.975 -54.8269 1188.36
vn -0.695915 0.136545 -0.705024
v 117.591 -55.733 1188.7
vn -0.69853 0.139065 -0.701937
v 117.631 -58.1882 1188.03
vn -0.824315 0.0277163 -0.565453
v 117.342 -58.3445 1188.34
vn -0.962037 -0.247625 -0.114749
v 116.97 -59.8041 1190.05
vn -0.759955 0.106507 -0.64119
v 117.919 -59.7704 1187.46
vn -0.946247 -0.146483 -0.288374
v 117.307 -60.2209 1188.71
vn -0.59007 0.798478 0.119376
v 104.956 -168.73 1135.24
vn -0.671204 0.6337 0.38459
v 103.752 -171.244 1140.44
vn -0.641052 0.708177 0.295866
v 103.834 -170.819 1139.74
vn -0.631453 0.764615 0.128956
v 106.412 -166.937 1129.21
vn -0.61935 0.775988 0.119366
v 105.352 -168.188 1131.08
vn -0.562192 0.825021 0.0572724
v 105.074 -168.454 1131.57
vn -0.655199 0.702872 0.276922
v 102.758 -171.21 1138.25
vn -0.673544 0.657523 0.337642
v 102.551 -171.683 1138.88
vn -0.667873 0.589203 0.454736
v 102.648 -172.719 1140.73
vn -0.492059 0.771292 -0.403717
v 106.97 -166.927 1125.53
vn -0.563755 0.780509 -0.270159
v 106.667 -166.834 1126.22
vn -0.642635 0.766026 0.0149989
v 106.745 -166.5 1127.63
vn -0.605497 0.785693 -0.12673
v 106.657 -166.622 1127.06
vn -0.567177 0.822065 0.0501873
v 105.28 -167.606 1128.02
vn -0.537238 0.83358 0.128527
v 104.568 -168.726 1130.79
vn -0.387308 -0.128906 0.912894
v 102.714 -174.857 1141.5
vn -0.481004 0.069265 0.873978
v 102.209 -174.433 1141.27
vn -0.43307 0.791085 -0.432012
v 105.761 -168.031 1124.79
vn -0.251781 -0.390504 0.885501
v 102.071 -176.519 1140.81
vn -0.690691 -0.723075 0.0104683
v 102.058 -176.586 1140.53
vn -0.689251 -0.70458 0.168819
v 101.724 -176.23 1140.78
vn -0.409319 -0.289616 0.865206
v 101.574 -175.818 1140.91
vn -0.689481 -0.723482 -0.0344906
v 101.238 -175.783 1140.5
vn -0.337543 0.753819 -0.563756
v 106.021 -168.259 1124.25
vn -0.0919429 0.612265 -0.785288
v 106.001 -169.257 1123.23
vn 0.0424604 0.494357 -0.868222
v 106.758 -170.316 1122.5
vn -0.0143458 0.561283 -0.8275
v 106.613 -169.612 1122.93
vn -0.064611 0.57265 -0.81725
v 105.967 -169.748 1122.86
vn -0.675854 -0.712018 -0.190396
v 104.059 -174.192 1128.63
vn -0.678634 -0.693618 -0.241558
v 104.51 -175.003 1129.92
vn -0.711217 -0.637379 -0.29651
v 104.626 -175.556 1131.02
vn 0.0518216 0.440359 -0.896325
v 105.593 -171.466 1121.83
vn -0.689878 -0.695121 -0.202176
v 104.971 -174.38 1125.62
vn 0.460463 0.0357086 -0.886961
v 106.809 -172.755 1121.8
vn 0.428365 -0.123952 -0.895064
v 106.619 -173.832 1121.65
vn 0.214624 -0.26002 -0.941449
v 106.527 -174.221 1121.73
vn -0.703722 -0.592534 -0.392019
v 106.364 -174.212 1121.93
vn 0.383089 -0.00783341 -0.923678
v 106.303 -173.464 1121.48
vn 0.102736 -0.323865 -0.940509
v 106.252 -173.703 1121.5
vn -0.199357 -0.581546 -0.788708
v 106.202 -173.858 1121.61
vn 0.345105 0.0852484 -0.934685
v 105.967 -173.134 1121.38
vn 0.175709 -0.17182 -0.969332
v 105.759 -173.307 1121.31
vn 0.233424 -0.171393 -0.957151
v 105.922 -173.362 1121.37
vn -0.0838204 -0.5354 -0.840429
v 105.871 -173.557 1121.44
vn 0.252644 0.253019 -0.933891
v 105.868 -172.48 1121.5
vn 0.273821 0.134599 -0.952316
v 105.777 -173.081 1121.32
vn 0.157227 0.320384 -0.934149
v 105.475 -172.403 1121.43
vn 0.141413 0.114851 -0.983266
v 105.388 -172.997 1121.25
vn -0.754669 -0.584336 -0.298371
v 106.071 -174.765 1123.7
vn -0.549724 -0.793053 -0.262431
v 105.432 -173.959 1123.25
vn -0.666097 -0.685757 -0.293346
v 105.662 -174.447 1124
vn 0.84868 0.283738 0.446357
v 114.931 -37.2138 1213.87
vn 0.881649 0.319627 0.347181
v 114.833 -36.679 1213.66
vn 0.733928 0.00580989 0.679202
v 114.688 -38.1092 1214.49
vn 0.826081 0.16115 0.540019
v 114.648 -37.3552 1214.43
vn 0.863159 0.22281 0.453113
v 115.805 -38.7528 1213
vn 0.896641 0.383961 0.220475
v 115.816 -38.0415 1212.21
vn 0.761559 0.0463394 0.646437
v 115.526 -39.3028 1213.57
vn 0.614787 -0.118615 0.779723
v 115.115 -39.7191 1213.94
vn 0.401936 -0.250952 0.880608
v 114.494 -40.065 1214.29
vn 0.19349 -0.385274 0.902289
v 114.272 -41.5088 1213.9
vn 0.061929 -0.465631 0.882809
v 113.842 -41.5044 1213.96
vn 0.344509 -0.310556 0.885928
v 115.306 -42.025 1213.4
vn 0.198623 -0.438239 0.876639
v 115.032 -42.4197 1213.31
vn 0.0659186 -0.51325 0.855704
v 114.76 -42.9517 1213.05
vn -0.385866 -0.650667 0.654018
v 114.703 -46.8709 1210.09
vn -0.536218 -0.646402 0.542803
v 114.333 -47.4541 1209.14
vn 0.828301 0.50597 -0.240648
v 117.824 -44.2802 1195.3
vn 0.808961 0.535276 -0.243025
v 117.368 -43.5372 1195.32
vn 0.80546 0.52556 -0.273901
v 117.386 -43.8685 1194.68
vn 0.762564 0.564143 -0.316605
v 117.067 -43.4814 1194.55
vn -0.784379 -0.552158 0.282614
v 114.321 -49.5752 1205.94
vn 0.717304 0.51556 -0.468692
v 117.437 -44.7549 1193.38
vn 0.612811 0.576288 -0.540698
v 117.102 -44.3794 1193.32
vn 0.541007 0.52637 -0.655931
v 117.091 -44.7267 1192.99
vn 0.666825 0.591101 -0.453811
v 116.928 -43.9173 1193.65
vn 0.798627 0.499008 -0.336431
v 117.753 -44.9827 1193.71
vn 0.74758 0.548151 -0.375039
v 117.431 -44.4849 1193.72
vn 0.342544 0.516335 -0.784896
v 117.501 -47.0262 1191.61
vn -0.873457 -0.457963 0.165356
v 114.573 -52.2007 1201.15
vn -0.356178 0.318423 -0.87849
v 116.541 -48.1294 1191.03
vn -0.456659 0.264597 -0.849383
v 117.559 -51.7876 1189.24
vn -0.615536 0.142065 -0.775198
v 117.439 -52.2251 1189.2
vn -0.716589 0.0912028 -0.691508
v 115.987 -52.0829 1190.79
vn -0.919013 -0.382829 0.094114
v 115.514 -55.8068 1195.52
vn -0.705458 0.0856504 -0.703557
v 116.342 -53.0398 1190.35
vn -0.663753 0.14038 -0.73466
v 116.039 -53.3705 1190.55
vn -0.574492 0.794537 0.196648
v 102.744 -170.155 1134.75
vn -0.549889 0.828965 0.102174
v 102.485 -169.972 1132.85
vn -0.636317 0.750608 0.178013
v 102.036 -170.627 1134.52
vn -0.621797 0.750206 0.224854
v 102.006 -171.125 1136.15
vn -0.741472 0.651487 0.160574
v 101.311 -171.587 1135.45
vn -0.709209 0.669116 0.222049
v 101.291 -171.853 1136.29
vn -0.658558 0.630279 0.411157
v 101.282 -173.41 1139.7
vn -0.645598 0.559812 0.519437
v 101.265 -173.796 1140.2
vn -0.698698 0.548561 0.459241
v 100.695 -174.145 1139.83
vn -0.709465 0.613098 0.347521
v 100.463 -173.953 1139.15
vn -0.820814 0.439295 0.36508
v 100.319 -174.316 1139.39
vn -0.808704 0.504588 0.302305
v 100.299 -174.097 1139.02
vn -0.97077 0.15224 0.185548
v 100.193 -174.36 1139.08
vn -0.485075 -0.125024 0.865489
v 101.236 -175.491 1140.81
vn -0.518905 0.0289628 0.854341
v 101.096 -175.202 1140.75
vn -0.58035 0.337824 0.740992
v 101.086 -174.397 1140.53
vn -0.540885 0.204169 0.81594
v 100.97 -174.884 1140.63
vn -0.645826 0.456004 0.612348
v 100.871 -174.502 1140.4
vn -0.622002 0.287615 0.728279
v 100.81 -174.767 1140.48
vn -0.699826 0.37029 0.610843
v 100.665 -174.637 1140.27
vn -0.647709 0.111532 0.75368
v 100.754 -175.024 1140.5
vn -0.625335 -0.0589927 0.778123
v 100.713 -175.245 1140.48
vn -0.722326 0.464463 0.512367
v 100.592 -174.515 1140.07
vn -0.818072 0.281517 0.501505
v 100.492 -174.78 1140.14
vn -0.755568 0.178132 0.630385
v 100.599 -174.904 1140.33
vn -0.778399 0.0649043 0.624406
v 100.561 -175.12 1140.3
vn -0.814031 0.39588 0.425008
v 100.383 -174.543 1139.76
vn -0.86115 0.12478 0.492798
v 100.401 -174.939 1140.02
vn -0.889318 0.2666 0.371536
v 100.283 -174.7 1139.64
vn -0.529278 0.838675 -0.12841
v 105.016 -167.854 1126.6
vn -0.503668 0.81719 -0.280213
v 105.028 -168.136 1125.48
vn -0.574154 -0.773796 -0.267555
v 100.92 -174.897 1138.51
vn -0.596851 -0.749694 -0.285879
v 100.455 -174.736 1138.95
vn -0.71727 -0.675151 -0.17232
v 100.366 -174.83 1139.35
vn -0.850198 -0.513476 -0.116215
v 100.248 -174.602 1139.08
vn -0.544128 -0.319979 0.775589
v 101.212 -175.679 1140.73
vn -0.682224 -0.730767 -0.0234558
v 100.702 -175.283 1140.15
vn -0.669608 -0.700036 -0.248143
v 101.869 -174.814 1135.6
vn -0.20748 0.670873 -0.711956
v 105.113 -169.585 1123.13
vn -0.118992 0.578869 -0.806692
v 104.835 -170.552 1122.41
vn -0.221561 0.636168 -0.739054
v 104.015 -170.407 1122.69
vn -0.272603 0.705554 -0.654126
v 103.98 -170.108 1122.99
vn -0.656667 -0.717946 -0.230959
v 102.844 -172.618 1126.59
vn -0.0244507 0.524744 -0.850909
v 105.458 -170.743 1122.23
vn -0.0700504 0.520046 -0.851261
v 105.004 -171.068 1122.05
vn -0.16683 0.520025 -0.837701
v 104.083 -171.741 1121.74
vn -0.202631 0.562682 -0.801454
v 103.771 -171.066 1122.25
vn -0.246985 0.475425 -0.844375
v 103.846 -171.922 1121.68
vn -0.633789 -0.748788 -0.193979
v 104.214 -173.293 1124
vn -0.70144 -0.691071 -0.174362
v 103.581 -173.009 1125.53
vn -0.718518 -0.658849 -0.222822
v 103.021 -172.385 1125.37
vn 0.0347524 0.162528 -0.986092
v 105.019 -172.731 1121.26
vn -0.145687 -0.278979 -0.949182
v 104.964 -173.014 1121.24
vn 0.0536866 0.366051 -0.929045
v 104.868 -172.321 1121.39
vn -0.164075 -0.188328 -0.968304
v 104.778 -172.873 1121.27
vn -0.458126 -0.864918 -0.205029
v 104.606 -173.005 1121.39
vn -0.123866 0.0465046 -0.991209
v 104.607 -172.691 1121.26
vn -0.273248 -0.28508 -0.91873
v 104.588 -172.771 1121.27
vn -0.498223 -0.843439 -0.20096
v 104.486 -172.993 1121.6
vn -0.0364048 0.463181 -0.885516
v 104.475 -172.103 1121.49
vn -0.118982 0.228272 -0.9663
v 104.429 -172.474 1121.32
vn -0.342431 -0.155524 -0.926582
v 104.375 -172.721 1121.34
vn -0.593116 -0.781649 -0.192971
v 104.34 -172.848 1121.4
vn -0.169423 0.451792 -0.875888
v 104.129 -172.094 1121.53
vn -0.210235 0.306452 -0.92838
v 104.242 -172.276 1121.42
vn -0.358912 0.0267041 -0.932989
v 104.211 -172.477 1121.36
vn -0.425939 -0.217119 -0.878314
v 104.156 -172.689 1121.44
vn -0.70525 -0.679943 -0.200748
v 104.034 -172.643 1121.67
vn -0.332509 0.1732 -0.92706
v 104.021 -172.285 1121.47
vn -0.42844 0.00523451 -0.903555
v 103.975 -172.492 1121.49
vn -0.423082 0.306188 -0.85279
v 103.824 -172.107 1121.6
vn -0.527231 0.0961144 -0.844269
v 103.799 -172.236 1121.59
vn -0.772652 -0.582058 -0.25341
v 103.748 -172.347 1121.75
vn -0.565535 -0.80607 -0.174414
v 104.463 -173.212 1122.67
vn 0.799979 0.104963 0.590777
v 113.071 -34.9877 1216.28
vn 0.864409 0.249866 0.436307
v 113.122 -34.3219 1215.95
vn 0.726309 -0.0400092 0.686203
v 112.906 -35.3462 1216.51
vn 0.892554 0.393715 0.219856
v 114.608 -36.0025 1213.5
vn 0.749213 -0.00606609 0.662302
v 113.871 -36.6353 1215.33
vn 0.644915 -0.136487 0.751968
v 113.15 -36.7423 1216.03
vn 0.867889 0.495615 0.0336864
v 114.53 -35.194 1211.29
vn 0.887748 0.441391 0.130681
v 114.961 -36.0936 1211.86
vn 0.473715 -0.294255 0.830065
v 113.034 -37.584 1215.87
vn 0.857732 0.513571 -0.0232737
v 115.033 -36.0606 1209.01
vn 0.849896 0.522944 -0.0648523
v 114.463 -35.2042 1208.07
vn 0.21281 -0.399003 0.891913
v 113.338 -40.374 1214.53
vn -0.0686685 -0.555357 0.828772
v 113.182 -41.8081 1213.78
vn 0.0143394 -0.516939 0.855902
v 112.841 -40.7212 1214.4
vn -0.100321 -0.56832 0.816669
v 112.425 -41.0329 1214.19
vn 0.842322 0.525454 -0.119963
v 115.032 -36.7863 1204.26
vn -0.547381 -0.658216 0.516842
v 112.31 -43.7956 1211.68
vn -0.229569 -0.622812 0.747932
v 113.445 -43.974 1212.2
vn 0.829539 0.52295 -0.195928
v 115.779 -39.378 1199.4
vn 0.826125 0.53829 -0.16662
v 115.431 -38.4132 1200.57
vn 0.804634 0.540725 -0.245318
v 115.346 -38.9731 1198.73
vn -0.656644 -0.632687 0.410519
v 112.909 -45.7258 1209.65
vn 0.800096 0.543602 -0.253657
v 116.454 -41.6197 1196.63
vn 0.556865 0.60773 -0.566185
v 115.523 -41.5883 1194.74
vn -0.839164 -0.510612 0.187292
v 113.296 -48.7749 1203.97
vn 0.420283 0.574708 -0.702191
v 116.732 -44.4406 1192.96
vn 0.292715 0.521276 -0.801616
v 116.707 -44.7714 1192.73
vn 0.0797613 0.478248 -0.874595
v 116.291 -44.8815 1192.58
vn -0.0968825 0.426771 -0.899155
v 115.832 -45.214 1192.42
vn -0.397656 0.289585 -0.870637
v 115.313 -45.8084 1192.31
vn -0.648579 0.136435 -0.74882
v 116.19 -48.8614 1190.99
vn -0.717621 0.100533 -0.68914
v 115.088 -49.0697 1192.24
vn -0.915473 -0.400891 0.0345706
v 113.736 -51.2961 1197.39
vn -0.938548 -0.341615 -0.0492555
v 114.022 -51.9922 1195.33
vn -0.742027 0.0839694 -0.66509
v 115.14 -52.2717 1191.64
vn -0.946651 -0.247735 -0.206104
v 114.687 -53.1086 1192.72
vn -0.866749 -0.0680558 -0.49408
v 114.798 -52.5248 1192.12
vn -0.688098 0.712063 0.139598
v 101.622 -170.716 1133.14
vn -0.736875 0.618521 0.272849
v 100.361 -173.466 1137.95
vn -0.779136 0.597473 0.189668
v 100.297 -173.309 1137.3
vn -0.839997 0.506604 0.194312
v 100.235 -173.511 1137.65
vn -0.864876 0.447566 0.22732
v 100.187 -173.823 1138.18
vn -0.518516 0.854382 -0.0342505
v 103.073 -168.927 1127.11
vn -0.535405 0.826086 -0.175851
v 102.938 -169.097 1126.5
vn -0.544985 0.838386 -0.0100321
v 102.465 -169.299 1127.45
vn -0.508229 0.853157 0.117581
v 102.852 -169.128 1128.14
vn -0.57216 0.815755 0.0847166
v 101.565 -169.939 1128.27
vn -0.65876 0.743501 0.115074
v 101.383 -170.117 1128.6
vn -0.533985 0.8361 0.125685
v 101.784 -170.17 1130.61
vn -0.792904 0.59381 0.136722
v 100.624 -171.359 1130.8
vn -0.918874 0.389392 0.0636009
v 100.335 -172.73 1134.75
vn -0.999207 0.0156449 -0.0366153
v 100.314 -172.696 1134.28
vn -0.983873 -0.154832 -0.0895654
v 100.344 -172.772 1134.01
vn -0.864335 -0.468078 -0.183922
v 100.367 -172.956 1134.31
vn -0.93387 0.352991 0.0573003
v 100.389 -172.352 1133.3
vn -0.975099 -0.197604 -0.100672
v 100.386 -172.629 1133.38
vn -0.635731 -0.728591 -0.254954
v 100.742 -173.876 1135.91
vn -0.993091 -0.0818761 -0.0840653
v 100.297 -173.014 1134.82
vn -0.947197 0.289016 0.138878
v 100.113 -173.878 1137.89
vn -0.893837 -0.422441 -0.15033
v 100.165 -174.059 1137.79
vn -0.710667 -0.654649 -0.257658
v 100.284 -173.966 1137.21
vn -0.828936 0.54416 0.129437
v 100.236 -173.259 1136.83
vn -0.887324 0.440577 0.136194
v 100.162 -173.5 1137.25
vn -0.996723 -0.0414946 -0.0694405
v 100.12 -173.52 1136.89
vn -0.949478 -0.30822 -0.0590979
v 100.159 -174.353 1138.68
vn -0.749506 -0.625994 -0.215342
v 100.248 -174.32 1138.21
vn -0.484371 0.813281 -0.322426
v 103.18 -169.504 1124.65
vn -0.835464 0.533093 0.133461
v 100.435 -171.712 1131.03
vn -0.779621 -0.591358 -0.206122
v 100.469 -172.256 1131.93
vn -0.34737 0.739203 -0.576987
v 103.623 -170.011 1123.28
vn -0.300765 0.681543 -0.667113
v 103.519 -170.447 1122.84
vn -0.413085 0.78669 -0.458781
v 103.264 -169.894 1123.73
vn -0.381606 0.668695 -0.638141
v 103.054 -170.651 1122.86
vn -0.425428 0.7336 -0.529945
v 102.812 -170.417 1123.3
vn -0.601306 0.51572 -0.610298
v 102.632 -170.735 1123.07
vn -0.767006 -0.597302 -0.234377
v 102.668 -171.498 1124.09
vn -0.474575 0.7827 -0.40269
v 102.732 -170.084 1123.95
vn -0.504267 0.707887 -0.494582
v 102.563 -170.474 1123.44
vn -0.786028 0.173104 -0.59346
v 102.49 -170.814 1123.22
vn -0.768484 -0.54071 -0.342147
v 102.45 -170.913 1123.4
vn -0.53185 0.775567 -0.340045
v 102.015 -170.39 1124.29
vn -0.597757 0.746104 -0.293285
v 101.745 -170.422 1124.67
vn -0.613301 0.713626 -0.338525
v 101.797 -170.502 1124.4
vn -0.700721 0.514258 -0.494498
v 102.043 -170.516 1123.99
vn -0.912894 0.0686924 -0.402374
v 101.821 -170.684 1124.31
vn -0.798048 -0.471453 -0.375302
v 101.802 -170.787 1124.48
vn -0.667002 -0.688092 -0.285723
v 102.361 -171.755 1125.54
vn -0.657173 -0.708762 -0.256477
v 101.822 -171.936 1127.2
vn -0.410955 0.382731 -0.827426
v 103.638 -171.765 1121.85
vn -0.863224 -0.394298 -0.315235
v 103.371 -171.909 1122.13
vn -0.581432 0.196521 -0.789503
v 103.508 -172.006 1121.88
vn -0.4066 0.422962 -0.809802
v 103.451 -171.427 1122.11
vn -0.525473 0.293543 -0.798568
v 103.407 -171.74 1122
vn -0.316453 0.606248 -0.729603
v 103.279 -170.775 1122.63
vn -0.353463 0.527992 -0.772197
v 103.256 -171.103 1122.39
vn -0.530603 0.386362 -0.754443
v 103.063 -171.138 1122.48
vn -0.613938 0.25572 -0.746785
v 103.156 -171.511 1122.3
vn -0.393996 0.577699 -0.714864
v 103.048 -170.804 1122.72
vn -0.712349 0.194321 -0.674388
v 102.892 -171.211 1122.63
vn -0.609344 0.393643 -0.688291
v 102.809 -170.849 1122.83
vn -0.786298 -0.592491 -0.175187
v 103.232 -172.139 1123.73
vn -0.823574 -0.512154 -0.24377
v 102.76 -171.222 1123.07
vn 0.859725 0.319094 0.398813
v 111.904 -32.2362 1217.02
vn 0.825445 0.224411 0.517957
v 111.781 -32.4258 1217.36
vn 0.854593 0.51809 0.0354024
v 112.563 -31.9619 1213.27
vn 0.782134 0.140204 0.607131
v 111.606 -32.8896 1217.77
vn 0.71914 0.0259173 0.694382
v 111.55 -33.447 1217.92
vn 0.870502 0.480982 0.104321
v 112.966 -32.7189 1213.68
vn 0.884567 0.361354 0.294897
v 113.202 -33.9753 1215.45
vn 0.882259 0.430724 0.18999
v 113.103 -33.283 1214.61
vn 0.599788 -0.170816 0.781713
v 112.011 -35.0722 1217.39
vn 0.439223 -0.323725 0.838025
v 111.909 -35.6946 1217.25
vn 0.847219 0.530624 -0.0256568
v 113.737 -33.8994 1210.11
vn 0.252404 -0.44892 0.857183
v 111.736 -37.0203 1216.72
vn 0.832301 0.549287 -0.0745625
v 113.166 -33.1633 1208.43
vn -0.327461 -0.650652 0.685144
v 110.669 -39.9552 1214.65
vn 0.816091 0.557573 -0.152012
v 113.71 -34.7119 1204.58
vn 0.834623 0.540753 -0.104832
v 114.423 -35.499 1205.78
vn 0.79348 0.577963 -0.190654
v 113.696 -35.7245 1201.11
vn -0.590368 -0.661606 0.462323
v 110.862 -41.5517 1212.93
vn -0.654612 -0.639281 0.403489
v 111.971 -43.894 1211.11
vn 0.804115 0.554818 -0.213485
v 115.001 -38.0747 1199.67
vn 0.783822 0.563301 -0.261374
v 114.711 -38.1187 1198.6
vn -0.780666 -0.589186 0.208375
v 111.099 -44.0483 1208.72
vn -0.733732 -0.611883 0.295359
v 111.361 -43.9586 1209.72
vn 0.760873 0.567254 -0.315113
v 114.596 -38.4648 1197.61
vn 0.695343 0.587878 -0.413397
v 114.451 -38.6656 1197.01
vn 0.544371 0.596587 -0.589699
v 114.288 -39.2085 1196.12
vn -0.803806 -0.565974 0.183217
v 111.996 -46.0219 1206.32
vn 0.382729 0.601379 -0.701329
v 115.162 -41.3068 1194.72
vn 0.145975 0.534742 -0.832311
v 114.938 -41.7445 1194.3
vn 0.0588835 0.517002 -0.853957
v 114.374 -41.1551 1194.6
vn -0.0483414 0.475173 -0.878564
v 114.339 -41.5072 1194.4
vn -0.853752 -0.502774 0.135371
v 112.505 -47.7781 1202.82
vn -0.452789 0.256447 -0.853942
v 114.275 -43.6069 1193.55
vn -0.610169 0.123666 -0.78256
v 113.947 -43.6975 1193.76
vn -0.788938 -0.0300189 -0.613739
v 113.723 -44.0443 1193.98
vn -0.793268 0.00587774 -0.608844
v 113.556 -45.1482 1194.27
vn -0.819819 -0.0292727 -0.571874
v 113.364 -44.1405 1194.54
vn -0.758742 0.0613294 -0.648498
v 113.061 -44.5547 1194.94
vn -0.894167 -0.446115 0.0380238
v 112.427 -48.3162 1199.36
vn -0.925426 -0.367979 -0.0904345
v 112.08 -47.4286 1198.08
vn -0.638526 0.133214 -0.757984
v 114.716 -45.339 1192.81
vn -0.788035 0.015629 -0.615432
v 114.481 -45.6833 1193.03
vn -0.755162 0.0738566 -0.651364
v 114.172 -46.866 1193.47
vn -0.792015 0.0140732 -0.610339
v 114.134 -46.2197 1193.58
vn -0.721556 0.0931974 -0.686055
v 113.684 -46.4512 1194.04
vn -0.726456 0.100223 -0.679866
v 113.082 -47.1133 1194.46
vn -0.798693 0.0249913 -0.601219
v 112.814 -47.2739 1194.77
vn -0.940095 -0.284076 -0.188476
v 112.912 -48.6082 1195
vn -0.61502 0.774208 -0.149507
v 101.045 -170.361 1126.67
vn -0.882621 0.393141 -0.257722
v 100.912 -170.511 1126.55
vn -0.823006 0.494444 -0.279618
v 100.957 -170.59 1126.28
vn -0.705298 -0.66087 -0.256526
v 101.069 -171.294 1127.44
vn -0.598833 0.799495 -0.0469761
v 101.105 -170.252 1127.23
vn -0.667749 0.743473 0.0368685
v 100.911 -170.409 1127.57
vn -0.758481 0.645959 0.0862806
v 100.765 -170.594 1127.9
vn -0.801645 -0.551409 -0.230898
v 100.715 -171.153 1128.05
vn -0.792688 0.609477 0.013539
v 100.762 -170.556 1127.44
vn -0.948607 0.315846 -0.0196578
v 100.644 -170.747 1127.78
vn -0.982077 -0.159175 -0.100932
v 100.583 -170.977 1128.18
vn -0.774653 0.622037 -0.113941
v 100.802 -170.527 1126.99
vn -0.951309 0.267701 -0.152799
v 100.722 -170.618 1127.16
vn -0.862481 0.50608 0.00297634
v 100.669 -170.714 1127.33
vn -0.897295 -0.392639 -0.201734
v 100.667 -170.953 1127.73
vn -0.862404 -0.410953 -0.295595
v 100.894 -170.779 1126.63
vn -0.961026 -0.00247155 -0.276448
v 100.77 -170.697 1126.88
vn -0.886157 -0.390307 -0.249773
v 100.763 -170.803 1127.06
vn -0.767225 0.629224 0.124268
v 100.709 -170.872 1129.17
vn -0.918389 -0.356808 -0.171023
v 100.555 -171.41 1129.31
vn -0.720324 -0.654802 -0.228839
v 100.72 -171.555 1129.13
vn -0.802156 0.588815 0.0992161
v 100.678 -170.829 1128.71
vn -0.944115 0.329002 0.0201361
v 100.548 -171.124 1129.23
vn -0.996744 0.0202596 -0.0780491
v 100.49 -171.3 1129.53
vn -0.945277 0.325201 0.0263769
v 100.61 -170.885 1128.42
vn -0.997351 0.0319074 -0.0653742
v 100.542 -171.085 1128.76
vn -0.949968 -0.277989 -0.142419
v 100.611 -171.169 1128.5
vn -0.80359 -0.555239 -0.214366
v 100.641 -171.306 1128.67
vn -0.900652 0.426673 0.082312
v 100.498 -171.366 1130.04
vn -0.979008 -0.182018 -0.0917253
v 100.493 -171.542 1129.94
vn -0.850461 -0.247411 -0.464225
v 101.596 -170.676 1124.73
vn -0.746993 0.576354 -0.331387
v 101.462 -170.579 1124.98
vn -0.822793 -0.451864 -0.344717
v 101.39 -170.78 1125.33
vn -0.686889 -0.668526 -0.285054
v 101.478 -170.961 1125.49
vn -0.758059 -0.551817 -0.347627
v 101.573 -170.779 1124.9
vn -0.694308 0.666935 -0.270433
v 101.215 -170.497 1125.68
vn -0.916228 -0.243015 -0.318544
v 101.282 -170.581 1125.41
vn -0.874383 -0.362456 -0.322614
v 101.216 -170.782 1125.76
vn 0.839003 0.492286 0.231796
v 110.84 -29.8855 1216.83
vn 0.838593 0.401542 0.368137
v 110.674 -30.2177 1217.81
vn 0.812753 0.313224 0.491246
v 110.488 -30.6093 1218.5
vn 0.84194 0.534711 0.0722521
v 111.35 -30.1988 1214.89
vn 0.861983 0.480888 0.160412
v 111.661 -30.8677 1215.56
vn 0.865753 0.405419 0.293441
v 111.61 -31.431 1216.91
vn 0.833344 0.309438 0.458024
v 111.209 -31.4041 1217.77
vn 0.593952 -0.0982981 0.798472
v 110.595 -33.1529 1218.77
vn 0.78329 0.196659 0.589731
v 110.663 -31.3904 1218.59
vn 0.716491 0.0749123 0.693562
v 110.535 -31.7563 1218.82
vn 0.466532 -0.24956 0.848568
v 110.115 -33.2709 1219.05
vn 0.835875 0.548909 -0.00338608
v 111.934 -30.945 1212.47
vn 0.343708 -0.356418 0.86881
v 109.905 -33.6926 1218.99
vn 0.170136 -0.486574 0.856913
v 109.434 -33.9075 1219.03
vn 0.830925 0.554244 -0.0487531
v 111.604 -30.5518 1210.67
vn 0.0111259 -0.569437 0.82196
v 110.579 -37.8743 1216.35
vn -0.249834 -0.640572 0.72612
v 109.737 -38.2515 1215.93
vn 0.816624 0.562253 -0.130371
v 113.087 -33.5615 1205.53
vn -0.459725 -0.663812 0.58992
v 109.54 -38.7779 1215.25
vn 0.795987 0.577759 -0.180553
v 113.157 -34.1719 1203.76
vn 0.760425 0.609331 -0.224652
v 112.401 -33.5943 1202.52
vn 0.697943 0.614193 -0.368296
v 112.705 -35.5362 1198.57
vn 0.757731 0.599624 -0.25748
v 113.142 -35.5269 1199.67
vn -0.800646 -0.577711 0.158797
v 109.544 -41.4978 1209.87
vn 0.597697 0.595651 -0.536618
v 112.905 -36.6966 1197.3
vn 0.310296 0.550642 -0.774925
v 113.563 -38.6516 1196.1
vn -0.839056 -0.530879 0.118965
v 110.897 -44.1592 1207.35
vn 0.0523754 0.448591 -0.892201
v 113.139 -38.9187 1195.82
vn -0.889167 -0.457413 0.012503
v 110.31 -43.9618 1201.95
vn -0.298285 0.340998 -0.891486
v 113.472 -41.5106 1194.54
vn -0.821335 -0.101744 -0.5613
v 112.131 -41.7809 1196.01
vn -0.73287 0.0263014 -0.679861
v 111.813 -42.5003 1196.47
vn -0.915131 -0.3957 -0.0771793
v 110.759 -44.8254 1200.14
vn -0.753887 -0.0406933 -0.655742
v 112.879 -42.1228 1194.83
vn -0.812277 -0.0618405 -0.579984
v 112.989 -43.9016 1195.05
vn -0.765898 0.0312999 -0.642199
v 111.646 -43.6835 1196.47
vn -0.855569 -0.0929184 -0.509282
v 111.355 -44.3988 1196.94
vn -0.915725 -0.162817 -0.367339
v 111.748 -45.5405 1196.41
vn -0.928038 -0.269445 -0.257188
v 111.51 -45.4602 1197.11
vn 0.770273 0.231279 0.594298
v 109.412 -29.7594 1219.63
vn 0.792536 0.346375 0.501907
v 108.936 -28.5636 1219.69
vn 0.73288 0.203786 0.649121
v 108.706 -29.1294 1220.27
vn 0.758598 0.297034 0.579914
v 108.502 -28.3367 1220.18
vn 0.577947 -0.0516973 0.814435
v 108.148 -29.9019 1220.87
vn 0.811812 0.581444 0.0537143
v 110.494 -28.9266 1214.88
vn 0.832403 0.540503 0.122317
v 110.654 -29.3182 1215.91
vn 0.825709 0.429792 0.365354
v 109.963 -29.2965 1218.37
vn 0.716987 0.123477 0.686063
v 109.293 -30.1271 1219.87
vn 0.645857 0.000927504 0.763458
v 109.242 -30.8981 1219.98
vn 0.560255 -0.107833 0.821271
v 109.003 -31.2063 1220.14
vn 0.812007 0.582505 -0.0365062
v 110.278 -28.5839 1211.16
vn 0.811274 0.584511 0.0134782
v 110.753 -29.2062 1213.32
vn 0.0250434 -0.564779 0.824862
v 108.945 -34.2429 1218.88
vn 0.816358 0.570426 -0.0904116
v 110.972 -29.8833 1208.46
vn -0.112002 -0.620521 0.77615
v 108.874 -35.5677 1217.93
vn -0.581568 -0.66653 0.466386
v 108.819 -38.3552 1215.05
vn -0.696384 -0.648472 0.307464
v 108.535 -38.7682 1213.8
vn 0.576344 0.623739 -0.527994
v 112.025 -35.3136 1197.91
vn 0.411581 0.587851 -0.696443
v 112.019 -35.7482 1197.44
vn 0.411428 0.62105 -0.667101
v 111.663 -35.1754 1197.73
vn 0.150222 0.543987 -0.825537
v 111.458 -35.2946 1197.57
vn -0.851752 -0.521941 0.0457761
v 108.788 -40.8099 1206.45
vn 0.406636 0.559556 -0.722181
v 112.361 -36.4901 1197.04
vn 0.169523 0.503267 -0.847339
v 111.984 -36.2406 1197.08
vn -0.00899391 0.425462 -0.904932
v 111.926 -36.777 1196.8
vn -0.115353 0.383133 -0.916462
v 111.293 -36.7469 1196.85
vn -0.170604 0.335217 -0.926565
v 111.945 -38.2916 1196.15
vn -0.299618 0.296131 -0.906937
v 111.896 -38.6263 1196.05
vn -0.515539 0.133207 -0.846449
v 111.429 -38.3395 1196.32
vn -0.806019 -0.135875 -0.576082
v 110.92 -38.3818 1196.87
vn -0.857136 -0.168519 -0.486744
v 110.417 -38.4628 1197.88
vn -0.820992 -0.105266 -0.561152
v 111.154 -39.9207 1197.02
vn -0.751756 0.00488602 -0.659423
v 110.525 -40.7903 1197.79
vn -0.793348 -0.0444791 -0.607142
v 110.273 -41.4173 1198.08
vn -0.909524 -0.394684 -0.130344
v 110.107 -43.4089 1200.76
vn -0.745522 0.00614249 -0.666453
v 110.926 -42.2197 1197.33
vn -0.919474 -0.343893 -0.190539
v 110.536 -43.6381 1198.58
vn 0.76226 0.361879 0.536659
v 107.114 -26.5708 1221.02
vn 0.805255 0.452067 0.383666
v 108.67 -27.8625 1219.53
vn 0.813267 0.504495 0.289969
v 108.628 -27.3268 1218.86
vn 0.578442 0.00351572 0.815716
v 106.98 -28.6417 1221.73
vn 0.815918 0.534609 0.22016
v 109.043 -27.476 1217.85
vn 0.806494 0.578966 0.119862
v 109.191 -27.36 1216.84
vn 0.639399 0.0527067 0.767066
v 108.114 -29.4373 1220.89
vn 0.678676 0.145735 0.719834
v 107.92 -28.756 1220.98
vn 0.464039 -0.197103 0.863608
v 107.705 -30.2388 1221.11
vn 0.488393 -0.115484 0.864949
v 106.965 -29.1004 1221.71
vn 0.337425 -0.294565 0.894078
v 107.404 -30.6867 1221.11
vn 0.251388 -0.402137 0.880392
v 107.351 -31.0722 1220.97
vn 0.78967 0.609716 -0.0683262
v 109.253 -27.3382 1209.65
vn 0.786717 0.617023 -0.0189309
v 109.068 -27.0005 1211.09
vn -0.326929 -0.699876 0.635052
v 106.92 -34.3133 1218.52
vn 0.800343 0.572935 -0.176628
v 109.475 -28.2254 1206.32
vn 0.77668 0.574977 -0.257235
v 109.532 -29.3969 1203.5
vn -0.582285 -0.700886 0.41195
v 106.992 -35.8648 1216.34
vn 0.212937 0.56222 -0.799104
v 109.848 -32.5219 1199.14
vn 0.53982 0.618738 -0.570752
v 110.944 -33.4793 1198.98
vn 0.566348 0.626531 -0.535452
v 110.769 -33.1182 1199.2
vn 0.460185 0.606431 -0.648438
v 110.587 -33.1917 1198.95
vn 0.321188 0.5909 -0.740051
v 110.572 -33.5028 1198.68
vn 0.0587766 0.513221 -0.856241
v 110.157 -33.6083 1198.53
vn -0.112228 0.426761 -0.897374
v 109.718 -33.7625 1198.46
vn -0.827273 -0.559989 0.0450808
v 107.352 -38.4604 1208.31
vn -0.0519843 0.44391 -0.894562
v 111.006 -35.6164 1197.39
vn -0.0497379 0.476622 -0.8777
v 110.299 -34.3184 1198.11
vn -0.196764 0.395499 -0.897142
v 109.825 -34.6813 1198
vn -0.338066 0.261668 -0.904014
v 110.666 -36.5628 1197.04
vn -0.660153 0.00661395 -0.751102
v 110.453 -36.8336 1197.13
vn -0.202311 0.368308 -0.907424
v 110.553 -35.7964 1197.36
vn -0.830724 -0.205595 -0.517328
v 110.338 -36.9472 1197.27
vn -0.792999 -0.0370633 -0.608095
v 109.367 -37.5482 1199.3
vn -0.892414 -0.406792 -0.195235
v 107.871 -38.8939 1202.19
vn -0.882156 -0.468217 -0.0507345
v 108.068 -39.6485 1203.51
vn -0.807523 -0.0444411 -0.588159
v 109.44 -40.0475 1199.1
vn -0.878911 -0.179456 -0.441941
v 109.233 -40.4988 1199.49
vn 0.796845 0.508848 0.325749
v 107.172 -25.6544 1219.87
vn 0.785139 0.440158 0.43568
v 107.077 -26.1717 1220.75
vn 0.718456 0.255142 0.647088
v 106.449 -26.512 1221.82
vn 0.537812 -0.0473672 0.841733
v 105.168 -26.8283 1222.96
vn 0.800223 0.556599 0.223249
v 107.594 -25.6271 1218.57
vn 0.787031 0.600718 0.140425
v 107.333 -25.1789 1218.25
vn 0.773576 0.629849 0.0697885
v 107.23 -24.9103 1217.42
vn 0.766767 0.641541 -0.0222304
v 107.444 -24.9587 1211.9
vn 0.781061 0.624135 0.019984
v 107.671 -25.2211 1213.9
vn 0.147464 -0.463575 0.873701
v 105.944 -30.0182 1221.82
vn -0.015515 -0.580106 0.814393
v 104.675 -29.961 1221.93
vn 0.772539 0.633022 -0.0496536
v 108.18 -25.9245 1210.62
vn -0.0872765 -0.631795 0.770207
v 105.594 -31.8308 1220.54
vn 0.764577 0.639602 -0.0795744
v 107.839 -25.7063 1208.72
vn 0.78893 0.598341 -0.139924
v 108.804 -27.2748 1206.42
vn 0.763052 0.61725 -0.191714
v 108.346 -26.8453 1205.81
vn 0.79907 0.592201 -0.103854
v 109.127 -27.431 1207.87
vn 0.776127 0.62239 -0.10128
v 108.46 -26.6418 1207.4
vn 0.789852 0.568157 -0.230935
v 108.958 -28.0092 1204.84
vn 0.792301 0.580072 -0.189143
v 108.855 -27.5542 1205.69
vn 0.772672 0.594625 -0.222259
v 108.454 -27.1995 1205.16
vn -0.664608 -0.686111 0.295886
v 105.609 -34.7621 1215.91
vn 0.764073 0.581965 -0.278405
v 108.36 -27.8162 1203.42
vn 0.666254 0.618275 -0.416943
v 109.143 -30.0923 1201.15
vn -0.761943 -0.628131 0.157783
v 105.94 -35.8059 1214.03
vn 0.431465 0.629161 -0.646525
v 108.788 -30.3629 1200.47
vn 0.0972347 0.549319 -0.829936
v 108.386 -30.4441 1200.27
vn -0.0687956 0.446103 -0.892334
v 109.005 -32.6185 1199.04
vn -0.311349 0.320667 -0.894558
v 109.259 -33.9562 1198.46
vn -0.311404 0.287912 -0.905613
v 108.739 -32.9995 1198.93
vn -0.566363 0.109832 -0.816804
v 108.613 -33.6749 1198.87
vn -0.570584 0.103919 -0.814637
v 108.225 -32.881 1199.21
vn -0.871428 -0.2587 -0.416758
v 108.329 -34.8225 1200.06
vn -0.730311 -0.0431359 -0.681752
v 108.056 -32.9542 1199.36
vn -0.831755 -0.171518 -0.527981
v 108.1 -34.8209 1200.48
vn -0.874233 -0.476168 -0.0947639
v 106.651 -37.2303 1204.77
vn -0.850665 -0.525338 -0.0197295
v 107.031 -38.0316 1206.05
vn -0.408222 0.258161 -0.875618
v 109.401 -34.5245 1198.2
vn -0.774716 -0.122261 -0.620376
v 108.932 -34.7244 1198.61
vn -0.872742 -0.291934 -0.391275
v 108.914 -35.1124 1198.87
vn -0.844426 -0.204303 -0.495181
v 108.79 -35.9081 1199.82
vn -0.885501 -0.256591 -0.387362
v 107.336 -37.3124 1201.97
vn -0.798515 -0.093036 -0.594742
v 107.231 -36.2432 1201.83
vn 0.772155 0.557614 0.304701
v 104.799 -22.801 1221.05
vn 0.764708 0.506549 0.398283
v 104.222 -22.6941 1222.14
vn 0.755806 0.643719 0.11993
v 105.479 -23.0765 1219.4
vn 0.790109 0.543547 0.283347
v 105.783 -23.8003 1220.28
vn 0.783094 0.587711 0.20337
v 105.734 -23.4877 1219.72
vn 0.769757 0.596184 0.228121
v 105.289 -23.1153 1220.29
vn 0.783536 0.497709 0.371964
v 105.634 -24.1804 1221.23
vn 0.758862 0.430297 0.488847
v 105.004 -23.9515 1222.14
vn 0.654223 0.141441 0.742958
v 104.937 -25.6817 1223.06
vn 0.723948 0.324105 0.608979
v 104.955 -24.4406 1222.57
vn 0.670491 0.222275 0.707839
v 104.088 -24.4482 1223.52
vn 0.597306 0.0576789 0.799936
v 104.175 -25.4961 1223.67
vn 0.406352 -0.210469 0.889146
v 104.788 -27.3416 1223.09
vn 0.261996 -0.372401 0.890323
v 104.43 -28.1841 1222.97
vn 0.0531918 -0.55164 0.832385
v 103.381 -28.3523 1223.02
vn -0.105314 -0.631394 0.768278
v 103.476 -29.346 1222.28
vn -0.323155 -0.74303 0.586069
v 103.053 -29.8907 1221.67
vn 0.757306 0.650147 -0.0616116
v 106.822 -24.3369 1210.16
vn -0.116806 -0.637235 0.761766
v 104.422 -30.5983 1221.45
vn -0.502578 -0.740188 0.446696
v 104.036 -31.5087 1220.21
vn -0.299985 -0.703162 0.644649
v 103.822 -30.5013 1221.38
vn -0.45332 -0.757242 0.470197
v 102.96 -30.2484 1221.1
vn 0.742376 0.656489 -0.133794
v 107.191 -25.1685 1207.13
vn 0.75612 0.635374 -0.156789
v 107.954 -26.2137 1206.37
vn 0.722044 0.655459 -0.221419
v 107.556 -26.147 1205.13
vn 0.744978 0.618381 -0.250226
v 107.945 -26.7962 1204.56
vn 0.701145 0.623005 -0.346786
v 107.862 -27.2394 1203.33
vn 0.681389 0.657132 -0.322313
v 107.321 -26.4641 1203.71
vn 0.570844 0.659018 -0.489727
v 106.997 -26.5337 1203.08
vn -0.155474 0.441186 -0.883845
v 107.738 -30.5847 1200.21
vn -0.870148 -0.251631 -0.423703
v 106.867 -31.2658 1200.7
vn -0.865549 -0.274197 -0.419096
v 106.723 -32.1649 1201.83
vn -0.862001 -0.493235 -0.116936
v 104.63 -34.2082 1207.77
vn -0.817774 -0.575464 0.00932615
v 105.518 -35.7601 1209.31
vn -0.343909 0.316105 -0.884197
v 107.837 -31.5203 1199.78
vn -0.629636 0.0989339 -0.770565
v 107.468 -31.5962 1199.96
vn -0.853432 -0.211993 -0.476144
v 107.375 -32.1463 1200.11
vn -0.874971 -0.260038 -0.40842
v 107.424 -33.1539 1200.99
vn -0.814698 -0.150535 -0.560006
v 106.778 -32.7576 1201.99
vn -0.890558 -0.367468 -0.268094
v 105.473 -34.7299 1204.35
vn -0.850087 -0.201535 -0.486555
v 105.445 -33.9409 1203.82
vn -0.885475 -0.440856 -0.146902
v 106.265 -36.3435 1204.14
vn 0.741049 0.454968 0.493812
v 103.006 -21.8161 1223.25
vn 0.741654 0.530625 0.41035
v 102.857 -21.3543 1222.99
vn 0.716582 0.38578 0.581106
v 102.732 -22.2172 1223.91
vn 0.716761 0.45859 0.525308
v 102.583 -21.4841 1223.56
vn 0.742162 0.641669 0.193536
v 103.223 -20.9511 1221.37
vn 0.754388 0.570925 0.323948
v 103.403 -21.5083 1222.1
vn 0.670872 0.29374 0.680917
v 102.833 -22.7791 1224.1
vn 0.619098 0.161852 0.768454
v 102.733 -24.0037 1224.58
vn 0.553432 0.0121873 0.832805
v 102.949 -24.6857 1224.5
vn 0.46571 -0.145328 0.872922
v 102.628 -25.2211 1224.65
vn 0.309483 -0.337889 0.888848
v 101.863 -25.7315 1224.83
vn -0.0374875 -0.641796 0.765959
v 102.297 -28.1273 1223.21
vn 0.744574 0.665647 -0.0502432
v 105.809 -23.0797 1211.4
vn 0.74008 0.665775 -0.095003
v 106.311 -23.9287 1208.77
vn -0.597439 -0.752095 0.278246
v 102.577 -30.3985 1220.22
vn -0.724917 -0.678105 0.121117
v 102.783 -31.687 1216.38
vn 0.303685 0.61531 -0.72744
v 106.81 -26.7581 1202.69
vn 0.14184 0.55553 -0.819309
v 106.035 -26.4403 1202.68
vn 0.259559 0.624841 -0.736344
v 105.876 -25.7652 1203.17
vn -0.0500189 0.472079 -0.880136
v 105.606 -26.5748 1202.58
vn -0.0180094 0.522765 -0.852287
v 105.449 -26.0369 1202.9
vn -0.78927 -0.614037 0.00341177
v 102.969 -32.1684 1212.78
vn -0.028504 0.481417 -0.876028
v 106.327 -27.7036 1201.97
vn -0.837834 -0.279482 -0.468961
v 105.211 -28.7029 1202.4
vn -0.385139 0.288175 -0.876712
v 106.19 -28.8175 1201.48
vn -0.731882 -0.0511559 -0.679509
v 105.889 -29.145 1201.62
vn -0.86214 -0.298778 -0.409203
v 105.967 -30.3922 1202.14
vn -0.828277 -0.20814 -0.520226
v 105.539 -30.6666 1203.06
vn -0.7978 -0.119879 -0.590884
v 105.15 -31.0055 1203.72
vn -0.871328 -0.304242 -0.384999
v 104.115 -32.2616 1205.6
vn -0.826421 -0.143058 -0.544575
v 104.094 -31.297 1205.18
vn -0.874244 -0.428682 -0.227878
v 103.951 -32.4807 1206.39
vn -0.793813 -0.0992822 -0.600003
v 104.921 -32.2042 1204.18
vn 0.719761 0.535947 0.441253
v 102.448 -21.0333 1223.3
vn 0.730507 0.604386 0.317927
v 102.514 -20.504 1222.33
vn 0.684238 0.374942 0.625489
v 102.32 -21.9235 1224.2
vn 0.693154 0.444564 0.567363
v 101.654 -20.9562 1224.31
vn 0.615741 0.215717 0.757845
v 101.636 -22.5434 1225.09
vn 0.567676 0.139416 0.811361
v 100.781 -22.9221 1225.83
vn 0.559646 0.0648472 0.82619
v 101.359 -23.4738 1225.5
vn 0.493493 -0.0394262 0.868856
v 100.614 -23.4431 1225.97
vn 0.390035 -0.215459 0.895238
v 100.544 -23.8904 1225.94
vn 0.163401 -0.475546 0.864382
v 100.209 -24.8771 1225.66
vn 0.28493 -0.343439 0.89491
v 100.082 -24.1397 1226.03
vn 0.718806 0.694986 0.0176509
v 103.037 -19.8716 1215.22
vn 0.0514363 -0.573636 0.817494
v 100.147 -25.563 1225.23
vn 0.725079 0.687822 -0.0340764
v 103.27 -20.148 1213.66
vn 0.753272 0.657501 0.016513
v 104.155 -21.0976 1214.71
vn -0.199846 -0.739484 0.642826
v 100.684 -27.3327 1223.73
vn 0.719462 0.690972 -0.0702263
v 103.767 -20.8666 1211.2
vn 0.727696 0.678784 -0.0985414
v 104.347 -21.7059 1209.33
vn -0.633089 -0.759727 0.148369
v 100.418 -28.6989 1220.1
vn 0.606728 0.725368 -0.325151
v 104.176 -22.3209 1206.02
vn 0.709313 0.683099 -0.173928
v 104.982 -22.8601 1206.79
vn 0.660974 0.682763 -0.311364
v 105.112 -23.4526 1205.38
vn 0.514846 0.709059 -0.48184
v 104.771 -23.3019 1205.1
vn 0.369507 0.675195 -0.638417
v 104.781 -23.6761 1204.61
vn 0.122613 0.599822 -0.790683
v 104.754 -24.2921 1204.06
vn -0.0992931 0.489604 -0.866273
v 104.118 -24.4099 1203.96
vn -0.341591 0.338537 -0.87676
v 103.815 -25.143 1203.65
vn -0.751946 -0.659163 0.00906333
v 101.973 -30.9105 1214.41
vn -0.245037 0.378461 -0.892594
v 104.762 -26.3922 1202.81
vn -0.759954 -0.131119 -0.636614
v 103.648 -26.2656 1203.57
vn -0.442494 0.260352 -0.858147
v 103.756 -25.5407 1203.53
vn -0.812567 -0.196756 -0.548655
v 103.549 -28.2414 1205.31
vn -0.84076 -0.521583 -0.145169
v 102.029 -30.4727 1210.1
vn -0.82063 -0.565087 -0.0851044
v 102.264 -31.1478 1211.58
vn -0.816614 -0.554846 -0.159023
v 101.523 -29.8821 1210.77
vn -0.548138 0.119757 -0.82777
v 104.647 -27.0839 1202.67
vn -0.845031 -0.27984 -0.455644
v 104.29 -28.6698 1204.32
vn -0.814207 -0.145504 -0.562046
v 104.231 -29.3338 1204.65
vn -0.825695 -0.190649 -0.530924
v 102.735 -29.789 1206.84
vn 0.701737 0.673939 0.231025
v 100.945 -18.8015 1222.44
vn 0.714037 0.598149 0.363825
v 101.223 -19.6311 1223.5
vn 0.702 0.61463 0.359758
v 100.142 -18.516 1223.75
vn 0.703632 0.535276 0.467313
v 100.851 -19.7473 1224.29
vn 0.710589 0.693001 0.12171
v 100.819 -18.0236 1219.24
vn 0.483012 0.0268577 0.875202
v 99.8344 -22.6851 1226.42
vn 0.416442 -0.11185 0.902256
v 99.804 -23.094 1226.42
vn 0.330684 -0.247884 0.910605
v 99.522 -23.4008 1226.47
vn 0.348144 -0.153199 0.924838
v 98.9521 -22.7991 1226.82
vn 0.225154 -0.362532 0.904365
v 99.2673 -23.6173 1226.48
vn 0.087393 -0.51015 0.855634
v 98.5931 -23.808 1226.51
vn 0.6887 0.723383 -0.0490805
v 102.019 -18.9485 1213.04
vn 0.691418 0.716906 -0.0893716
v 102.423 -19.5465 1210.79
vn -0.519943 -0.805796 0.283465
v 98.6433 -26.6709 1222.95
vn -0.381203 -0.808952 0.447527
v 99.5076 -26.814 1223.85
vn -0.326381 -0.803985 0.497075
v 99.0923 -26.3368 1224.37
vn -0.419456 -0.822214 0.384735
v 98.7158 -26.2475 1224.22
vn 0.703468 0.700044 -0.122763
v 103.343 -20.7079 1209.02
vn 0.66271 0.718657 -0.21059
v 102.957 -20.6169 1207.73
vn -0.644747 -0.76082 0.0738557
v 99.0651 -27.6774 1219.4
vn 0.468188 0.732921 -0.493585
v 103.821 -22.1691 1205.82
vn 0.268684 0.68651 -0.675658
v 103.44 -22.3511 1205.39
vn 0.0904593 0.608024 -0.788749
v 102.843 -22.1077 1205.48
vn -0.00886546 0.551213 -0.834318
v 102.623 -22.2572 1205.37
vn -0.727664 -0.685097 -0.0338765
v 99.4993 -28.1856 1216.21
vn -0.695716 -0.716367 0.0528889
v 99.9953 -28.6611 1217.77
vn -0.800384 -0.210851 -0.561183
v 101.21 -25.6882 1207.77
vn -0.562135 0.151317 -0.813085
v 103.436 -25.4073 1203.76
vn -0.591982 0.0856948 -0.801382
v 102.947 -24.7941 1204.2
vn -0.847336 -0.358282 -0.391988
v 102.879 -26.2607 1205.28
vn -0.757826 -0.133986 -0.638551
v 102.95 -25.17 1204.23
vn -0.826594 -0.289695 -0.482513
v 102.037 -25.7422 1206.53
vn -0.816619 -0.228561 -0.529994
v 101.04 -27.2904 1208.49
vn -0.785807 -0.6126 -0.0850143
v 101.023 -29.6843 1212.91
vn -0.831847 -0.311335 -0.459457
v 103.294 -26.0547 1204.07
vn -0.844745 -0.344746 -0.409336
v 101.461 -28.8668 1208.68
vn -0.846138 -0.473862 -0.243938
v 101.423 -29.0737 1209.04
vn 0.5753 0.145851 0.804834
v 97.2169 -19.6094 1227.65
vn 0.678045 0.723943 0.127129
v 99.3671 -16.6445 1219.54
vn 0.413179 -0.109661 0.904023
v 97.3787 -21.4879 1227.59
vn 0.478622 0.00795337 0.877985
v 97.3711 -20.5302 1227.65
vn 0.285097 -0.250645 0.925147
v 97.2698 -21.9275 1227.55
vn 0.702215 0.708864 0.0663736
v 100.634 -17.5427 1217.29
vn 0.682604 0.730651 -0.0142041
v 100.452 -17.3656 1216.13
vn 0.231107 -0.301121 0.925157
v 97.8892 -22.5055 1227.22
vn 0.14612 -0.418698 0.896293
v 97.6193 -22.8926 1227.12
vn -0.029747 -0.612144 0.790187
v 98.1041 -24.6237 1225.97
vn -0.154656 -0.707626 0.689454
v 97.8839 -24.9136 1225.69
vn -0.298645 -0.780504 0.549203
v 97.8896 -25.3254 1225.19
vn 0.604258 0.766078 -0.219082
v 100.847 -18.3976 1209.12
vn 0.639874 0.759674 -0.116006
v 101.047 -18.3216 1210.46
vn 0.665115 0.730693 -0.153979
v 102.128 -19.5678 1208.86
vn 0.612375 0.745415 -0.26335
v 101.638 -19.2647 1208.41
vn 0.543221 0.760641 -0.355438
v 100.911 -18.6954 1208.42
vn 0.423388 0.737478 -0.526183
v 100.935 -18.9304 1208.01
vn -0.605009 -0.786533 0.123814
v 98.2878 -26.8013 1221.24
vn 0.288007 0.685612 -0.668571
v 101.515 -20.0521 1207.02
vn 0.0826344 0.599227 -0.796303
v 101.488 -20.6681 1206.46
vn -0.684718 -0.728605 -0.0172088
v 98.0582 -26.8381 1217.76
vn -0.22853 0.395001 -0.889802
v 101.96 -22.4251 1205.36
vn -0.38737 0.257677 -0.885182
v 101.51 -22.4603 1205.49
vn -0.653152 -0.0515814 -0.755468
v 101.136 -22.5402 1205.68
vn -0.809118 -0.381955 -0.446586
v 100.392 -23.5006 1207.81
vn -0.787838 -0.294545 -0.540883
v 100.027 -23.9138 1208.67
vn -0.745401 -0.634864 -0.203287
v 98.3454 -26.5429 1214.04
vn -0.802265 -0.373845 -0.465414
v 100.934 -22.9984 1206.09
vn -0.831583 -0.380221 -0.404849
v 101.527 -24.564 1206.57
vn -0.812248 -0.299418 -0.500603
v 101.227 -25.0156 1207.43
vn -0.824879 -0.479828 -0.298896
v 99.6922 -27.244 1211.02
vn -0.814822 -0.406341 -0.413464
v 99.4204 -26.6206 1210.81
vn -0.800966 -0.492198 -0.340874
v 99.0631 -26.3955 1211.32
vn -0.793554 -0.572633 -0.205826
v 99.17 -27.0443 1212.36
vn -0.756071 -0.643368 -0.120146
v 99.3937 -27.9448 1214.63
vn 0.679422 0.683563 0.266698
v 97.3786 -15.9552 1224.47
vn 0.688797 0.572733 0.44445
v 97.9278 -17.2862 1225.8
vn 0.686468 0.639924 0.34534
v 97.5673 -16.4747 1225.19
vn 0.679562 0.475508 0.558647
v 97.5478 -17.4839 1226.54
vn 0.641031 0.310407 0.701945
v 97.0228 -17.687 1227.24
vn 0.646048 0.450219 0.61638
v 96.2492 -16.8383 1227.5
vn 0.605424 0.193764 0.771957
v 95.9706 -18.5107 1228.39
vn 0.665137 0.743698 0.0671283
v 98.7544 -15.8774 1217.93
vn 0.353483 -0.223927 0.908244
v 96.1604 -20.8103 1228.24
vn 0.205311 -0.399874 0.893279
v 95.4568 -21.0588 1228.37
vn 0.027786 -0.569778 0.821329
v 95.3764 -21.9214 1227.84
vn -0.474461 -0.836535 0.274036
v 95.2151 -23.8197 1225.39
vn 0.560873 0.78943 -0.249444
v 99.9975 -17.7113 1209.3
vn 0.522664 0.78297 -0.337312
v 99.9408 -17.7845 1209
vn -0.629605 -0.776282 0.0313757
v 96.149 -25.1546 1220.81
vn 0.445074 0.764692 -0.465999
v 100.55 -18.5557 1208.24
vn 0.317689 0.712909 -0.625167
v 100.563 -18.9523 1207.71
vn 0.214864 0.655854 -0.723664
v 100.364 -19.0593 1207.53
vn -0.400144 0.21119 -0.891787
v 100.156 -21.0177 1206.47
vn -0.159927 0.421798 -0.892474
v 100.043 -20.2528 1206.8
vn -0.574405 -0.0171605 -0.818392
v 99.8988 -21.1376 1206.6
vn -0.743798 -0.379339 -0.550333
v 99.201 -20.9163 1207.25
vn -0.758197 -0.330161 -0.562255
v 98.4271 -22.1926 1209.91
vn -0.761905 -0.447263 -0.468462
v 97.1738 -24.4028 1212.63
vn -0.766676 -0.54504 -0.339322
v 97.1311 -24.6087 1212.98
vn -0.716216 -0.690633 -0.100303
v 97.7757 -26.4082 1216.24
vn -0.787362 -0.415456 -0.455476
v 99.5141 -22.7604 1208.7
vn -0.770608 -0.301131 -0.56168
v 98.8514 -25.1217 1210.78
vn -0.784291 -0.404108 -0.470727
v 98.6483 -25.6871 1211.36
vn 0.661759 0.613557 0.430839
v 95.3865 -15.2277 1226.96
vn 0.668734 0.717818 0.193731
v 96.5866 -15.0535 1224.03
vn 0.656083 0.709558 0.257063
v 96.0454 -14.8479 1224.96
vn 0.643079 0.740693 0.194479
v 95.847 -14.4288 1224.17
vn 0.662594 0.671847 0.331044
v 96.2362 -15.3458 1225.69
vn 0.662917 0.535922 0.522809
v 96.0388 -16.1255 1227.12
vn 0.618312 0.311316 0.721646
v 95.5642 -16.9373 1228.2
vn 0.579278 0.191833 0.792236
v 94.9698 -17.8156 1228.98
vn 0.538342 0.0534763 0.841028
v 95.3988 -18.7176 1228.83
vn 0.456303 -0.0788161 0.886327
v 94.6709 -18.893 1229.24
vn 0.523763 0.0676451 0.849174
v 94.5284 -18.2258 1229.34
vn 0.648874 0.75517 0.0931722
v 96.7486 -14.2704 1219.23
vn 0.656213 0.740728 0.143896
v 96.809 -14.6731 1221.42
vn 0.624862 0.780256 -0.0273672
v 97.6241 -14.8333 1215.99
vn 0.661495 0.749926 0.00602062
v 98.2842 -15.3834 1216.39
vn 0.645073 0.763109 0.0393023
v 97.7686 -14.9745 1217.4
vn 0.650647 0.757283 -0.0564014
v 98.3181 -15.4662 1214.91
vn -0.359571 -0.812644 0.458604
v 94.7365 -23.032 1226.63
vn -0.16456 -0.721189 0.672908
v 94.5254 -22.3169 1227.45
vn -0.564287 -0.819568 0.0994381
v 95.0919 -24.1687 1223.31
vn -0.34234 0.217006 -0.914172
v 98.8273 -19.528 1207.37
vn -0.75736 -0.434596 -0.487373
v 97.578 -20.852 1210.19
vn -0.760737 -0.498871 -0.415218
v 97.4728 -20.1292 1209.6
vn -0.675497 -0.733185 -0.0783807
v 95.9731 -24.9322 1218.48
vn -0.622279 -0.156704 -0.76695
v 98.9028 -20.2621 1207.29
vn -0.463237 0.0658844 -0.883782
v 98.7889 -19.7443 1207.34
vn 0.639958 0.565049 0.520743
v 93.6397 -14.4505 1228.34
vn 0.623702 0.486775 0.611593
v 93.1199 -14.4409 1228.91
vn 0.639491 0.754049 0.149875
v 94.5638 -12.9258 1222.43
vn 0.641654 0.677706 0.359158
v 94.2066 -13.9859 1226.84
vn 0.632079 0.726405 0.269836
v 94.0615 -13.4315 1225.91
vn 0.636289 0.645398 0.422607
v 94.0666 -14.1854 1227.41
vn 0.588094 0.282535 0.757839
v 93.8941 -16.5367 1229.39
vn 0.605826 0.384371 0.696587
v 94.1236 -15.7668 1228.86
vn 0.550712 0.180484 0.814949
v 93.5622 -16.9688 1229.77
vn 0.484723 0.00765903 0.874634
v 92.8761 -17.4371 1230.27
vn 0.563122 0.295786 0.771624
v 93.038 -16.0989 1229.87
vn 0.503468 0.103683 0.85777
v 92.5509 -16.9899 1230.43
vn 0.642932 0.756235 0.121439
v 95.5408 -13.5027 1221
vn 0.398504 -0.146847 0.905335
v 92.9695 -18.0945 1230.16
vn 0.289837 -0.302189 0.908117
v 92.2817 -18.3855 1230.37
vn -0.30462 -0.84426 0.440944
v 92.1337 -21.2136 1227.97
vn 0.602635 0.79104 -0.105295
v 96.83 -14.4108 1213.82
vn 0.578447 0.794543 -0.184664
v 96.762 -14.8246 1211.35
vn 0.515844 0.797805 -0.312111
v 96.8386 -15.1057 1210.59
vn 0.427367 0.781298 -0.454897
v 96.6737 -15.1601 1210.27
vn -0.707826 -0.480748 -0.517556
v 96.4884 -18.3274 1208.9
vn -0.312324 0.233556 -0.920818
v 96.3029 -17.2739 1208.77
vn -0.72821 -0.373655 -0.574537
v 95.7921 -19.8269 1211.94
vn -0.703549 -0.68825 -0.177004
v 93.8985 -22.6913 1217.44
vn -0.714267 -0.336117 -0.61388
v 94.784 -21.55 1213.8
vn -0.737939 -0.484315 -0.469985
v 94.645 -22.1282 1214.39
vn -0.723756 -0.617014 -0.308984
v 94.7931 -22.7642 1215.03
vn 0.620596 0.648586 0.440678
v 91.7954 -12.84 1228.72
vn 0.619129 0.704801 0.346316
v 92.8637 -12.9791 1227.26
vn 0.611447 0.752228 0.245531
v 92.9893 -12.5275 1225.87
vn 0.531063 0.294612 0.794466
v 92.0121 -15.5344 1230.38
vn 0.618668 0.777013 0.116191
v 93.8718 -12.1487 1221.28
vn 0.62072 0.763269 0.17924
v 93.729 -12.361 1223.05
vn 0.462356 0.104123 0.88056
v 92.0004 -16.6598 1230.7
vn 0.517347 0.213319 0.828762
v 91.849 -16.1679 1230.69
vn 0.416233 -0.0386252 0.908437
v 92.0576 -17.1241 1230.69
vn 0.301253 -0.237932 0.923382
v 91.5082 -17.6422 1230.84
vn 0.626313 0.7747 0.0870178
v 94.6577 -12.5992 1219.88
vn 0.136292 -0.484663 0.864018
v 91.5936 -18.6036 1230.45
vn 0.583343 0.810015 -0.059885
v 95.3593 -13.0582 1216.56
vn 0.611357 0.791181 0.0166004
v 95.1296 -12.8309 1218.13
vn 0.00129106 -0.633817 0.773482
v 91.5248 -19.4435 1229.88
vn -0.132769 -0.758588 0.637901
v 90.8812 -19.9974 1229.32
vn 0.562507 0.819681 -0.10821
v 95.439 -13.305 1214.58
vn 0.539821 0.834995 -0.106661
v 94.2536 -12.4655 1214.95
vn -0.411154 -0.8544 0.31773
v 91.8094 -21.3808 1227.24
vn 0.486215 0.82266 -0.294663
v 95.0743 -13.6131 1211.58
vn 0.321592 0.797484 -0.510488
v 94.7165 -13.6077 1211.23
vn 0.56059 0.813734 -0.153546
v 95.668 -13.7216 1212.85
vn -0.472293 -0.866444 0.161907
v 91.3029 -21.287 1226.64
vn 0.228088 0.708062 -0.6683
v 96.0996 -15.1328 1209.98
vn -0.0245905 0.540712 -0.840848
v 94.6818 -14.6628 1210.22
vn 0.0768726 0.595268 -0.799842
v 96.0848 -15.4438 1209.71
vn -0.104546 0.447191 -0.888308
v 95.6517 -15.5858 1209.62
vn -0.680458 -0.586498 -0.439314
v 94.1214 -16.7171 1210.57
vn -0.696053 -0.480849 -0.533193
v 94.3635 -18.331 1212.61
vn -0.680627 -0.577245 -0.451149
v 94.3298 -17.8586 1212.15
vn -0.657898 -0.428068 -0.619619
v 93.4817 -17.9276 1213.31
vn -0.668227 -0.709684 -0.223206
v 92.3195 -21.3588 1218.25
vn -0.625776 -0.775656 -0.0822298
v 92.3256 -22.2282 1222.09
vn -0.563191 -0.108003 -0.819238
v 95.6475 -17.0966 1209.11
vn -0.721565 -0.555037 -0.413858
v 95.2497 -18.2842 1211.21
vn -0.68524 -0.366312 -0.629493
v 94.3856 -18.9229 1213.01
vn -0.724908 -0.536042 -0.432628
v 92.6421 -20.7765 1216.02
vn -0.708784 -0.404497 -0.577934
v 92.6103 -20.2855 1215.57
vn 0.587614 0.761379 0.273883
v 91.2786 -11.5908 1227.11
vn 0.596081 0.69709 0.398439
v 90.9235 -12.0123 1228.65
vn 0.595559 0.494043 0.633428
v 91.3129 -13.2648 1229.78
vn 0.608888 0.597824 0.521404
v 91.2307 -12.8788 1229.49
vn 0.573576 0.388343 0.721249
v 90.9673 -13.5226 1230.26
vn 0.597353 0.776408 0.200896
v 92.2983 -11.4294 1223.89
vn 0.589495 0.795176 0.142091
v 91.989 -10.9228 1222.64
vn 0.575358 0.798145 0.178686
v 91.4059 -10.7331 1223.78
vn 0.465825 0.202212 0.861463
v 90.1935 -15.3004 1231.43
vn 0.355425 -0.0968513 0.929674
v 89.738 -16.2823 1231.7
vn 0.406998 0.0506656 0.912023
v 89.5912 -15.6491 1231.78
vn 0.335554 -0.0727971 0.939204
v 89.1307 -15.9417 1231.96
vn 0.570421 0.818292 0.0708406
v 92.5033 -11.0316 1220.78
vn 0.281852 -0.215285 0.934993
v 89.2746 -16.3707 1231.85
vn 0.182681 -0.384196 0.904998
v 88.9632 -16.9802 1231.73
vn 0.542514 0.838044 -0.0579726
v 92.8151 -11.2309 1217.89
vn 0.583265 0.811577 0.0338322
v 93.2745 -11.4966 1219.45
vn 0.387748 0.850625 -0.355091
v 93.476 -12.509 1212.37
vn -0.404687 -0.887651 0.219782
v 90.052 -20.4906 1227.49
vn 0.177329 0.737724 -0.651396
v 94.1258 -13.4939 1211.13
vn 0.0155127 0.667563 -0.744392
v 93.3122 -13.2521 1211.25
vn 0.201454 0.795494 -0.571494
v 93.1108 -12.6591 1211.88
vn 0.507643 0.842718 -0.179235
v 94.4019 -12.9544 1212.57
vn -0.534287 -0.845214 -0.0122593
v 90.4792 -21.0138 1223.93
vn 0.0624343 0.635922 -0.769224
v 94.1188 -13.7898 1210.83
vn -0.119632 0.500873 -0.857213
v 93.2632 -13.9122 1210.78
vn -0.596825 -0.32739 -0.73254
v 93.0163 -15.3381 1210.55
vn -0.274017 0.290032 -0.91695
v 92.9774 -14.4715 1210.57
vn -0.654166 -0.637216 -0.407459
v 92.5369 -15.7303 1211.64
vn -0.579339 -0.797702 -0.167446
v 90.2829 -20.687 1222.37
vn -0.309838 0.226764 -0.923352
v 94.3245 -15.4059 1209.93
vn -0.463662 -0.0333312 -0.885385
v 94.2833 -15.8929 1209.88
vn -0.617924 -0.369403 -0.694054
v 93.8021 -15.9007 1210.22
vn -0.675148 -0.631675 -0.381002
v 93.6996 -16.8144 1211.6
vn -0.650345 -0.55615 -0.517445
v 92.9426 -15.5275 1210.75
vn -0.655713 -0.539819 -0.52786
v 93.0094 -17.2868 1213.3
vn -0.64677 -0.630108 -0.429711
v 92.9485 -16.8324 1212.81
vn -0.683555 -0.422667 -0.595068
v 91.7721 -19.0268 1215.8
vn -0.710525 -0.488493 -0.506487
v 91.1015 -19.3281 1216.88
vn -0.706547 -0.603315 -0.369868
v 91.3187 -19.9703 1217.3
vn 0.56629 0.71569 0.408783
v 89.0197 -11.0166 1229.67
vn 0.545972 0.579627 0.604936
v 88.468 -11.649 1231.08
vn 0.547068 0.444896 0.709073
v 88.3612 -11.9223 1231.37
vn 0.564689 0.760824 0.319802
v 89.3255 -10.6767 1228.51
vn 0.575477 0.646303 0.501117
v 89.2942 -11.5707 1230.16
vn 0.579211 0.545485 0.605773
v 89.3127 -12.0194 1230.63
vn 0.508943 0.289618 0.810616
v 88.4301 -12.4468 1231.58
vn 0.554773 0.826322 0.0970549
v 91.402 -10.3868 1221.81
vn 0.523241 0.851133 0.0423385
v 90.9172 -10.0447 1221.37
vn 0.56185 0.815676 0.137831
v 91.2387 -10.4095 1222.71
vn 0.575857 0.789499 0.212321
v 90.9969 -10.7182 1224.88
vn 0.413598 0.141338 0.899422
v 88.5086 -14.8303 1232.17
vn 0.370138 0.0307551 0.928468
v 88.4098 -15.1007 1232.24
vn 0.526027 0.850399 -0.0107785
v 91.9692 -10.6417 1219.42
vn 0.0740782 -0.541863 0.837196
v 88.4964 -17.3295 1231.59
vn 0.145809 -0.468994 0.871082
v 87.5894 -16.4216 1232.2
vn -0.0111803 -0.6696 0.742638
v 88.0408 -17.7977 1231.26
vn -0.111959 -0.749186 0.652829
v 87.8171 -18.2354 1230.83
vn -0.206514 -0.841982 0.498415
v 88.2514 -18.9368 1229.95
vn -0.322085 -0.904173 0.280592
v 87.4077 -18.8597 1229.56
vn -0.378344 -0.911135 0.163368
v 87.6192 -19.2023 1228.46
vn -0.420558 -0.9048 0.0668461
v 87.5917 -19.3482 1227.17
vn -0.211082 0.465292 -0.859621
v 92.8641 -13.5649 1211.06
vn -0.378139 0.291366 -0.878702
v 91.3377 -13.3077 1211.67
vn -0.628508 -0.58556 -0.511955
v 90.2997 -15.6601 1214.88
vn -0.309905 0.359609 -0.880136
v 92.5602 -14.2626 1210.79
vn -0.452348 0.118325 -0.883957
v 92.5154 -14.5295 1210.74
vn -0.564985 -0.13728 -0.813601
v 92.4784 -14.6945 1210.76
vn -0.557057 -0.028158 -0.829997
v 92.0719 -14.4266 1211.04
vn -0.649232 -0.361997 -0.668921
v 92.0821 -14.7131 1211.12
vn -0.667908 -0.577179 -0.469855
v 91.6681 -14.7897 1211.68
vn -0.658002 -0.429182 -0.618738
v 91.3609 -17.5008 1215.1
vn -0.687522 -0.448668 -0.570973
v 90.8661 -18.0532 1216.09
vn -0.657405 -0.463783 -0.593906
v 90.4866 -16.3281 1215.28
vn -0.673058 -0.496965 -0.54774
v 89.939 -18.251 1217.4
vn -0.650138 -0.683818 -0.33123
v 90.0815 -19.5093 1218.89
vn -0.686145 -0.565872 -0.457159
v 90.2274 -18.8459 1217.62
vn 0.538813 0.757995 0.367593
v 87.8298 -10.0025 1229.42
vn 0.539125 0.790663 0.290165
v 88.0114 -9.78979 1228.63
vn 0.53758 0.692003 0.481809
v 87.9524 -10.6327 1230.39
vn 0.518557 0.622181 0.586506
v 86.6877 -10.6145 1231.63
vn 0.469642 0.21731 0.855694
v 86.4339 -12.0733 1232.66
vn 0.495229 0.352642 0.793972
v 86.3883 -11.4954 1232.49
vn 0.557378 0.813772 0.164636
v 89.3415 -9.3329 1223.98
vn 0.537917 0.837089 0.0996345
v 89.2768 -9.18351 1223.32
vn 0.548648 0.805386 0.224363
v 88.5247 -9.07615 1225.33
vn 0.434253 0.167322 0.885114
v 87.1431 -13.7705 1232.6
vn 0.28711 -0.200291 0.936724
v 86.9944 -15.4726 1232.7
vn 0.491049 0.870021 -0.0439917
v 89.2603 -9.05319 1218.79
vn 0.491537 0.867086 -0.0809478
v 89.4456 -9.25415 1217.5
vn 0.504741 0.863267 0.00261422
v 89.8254 -9.35884 1220
vn 0.0488457 -0.653779 0.755108
v 85.9703 -17.0534 1231.93
vn 0.505234 0.852335 -0.135143
v 91.0463 -10.4266 1215.42
vn 0.507376 0.857683 -0.0833649
v 90.477 -9.91579 1216.85
vn 0.462956 0.869033 -0.17451
v 90.0993 -9.87927 1215.46
vn 0.477444 0.869827 -0.12429
v 89.6123 -9.48188 1216.27
vn 0.369344 0.877303 -0.306469
v 89.7795 -9.88502 1214.88
vn -0.117313 -0.809825 0.574822
v 86.5927 -17.9513 1230.95
vn -0.208184 -0.911628 0.354392
v 85.6114 -18.019 1230.48
vn 0.335038 0.853386 -0.399352
v 91.2371 -10.966 1213.72
vn 0.444034 0.863037 -0.240835
v 90.5663 -10.3042 1214.71
vn 0.0933055 0.724055 -0.683402
v 90.2433 -10.7947 1213.59
vn -0.300705 -0.943516 0.139117
v 85.9697 -18.4674 1229.13
vn -0.0948223 0.532451 -0.841133
v 90.0059 -11.4001 1213.06
vn -0.501254 -0.845722 -0.183027
v 86.9752 -18.8883 1224.12
vn -0.479553 -0.874917 -0.0674515
v 87.3388 -19.2487 1225.23
vn -0.596305 -0.213914 -0.773732
v 90.5872 -13.6716 1212
vn -0.632359 -0.529143 -0.5658
v 89.7055 -13.5692 1212.77
vn -0.619072 -0.534876 -0.575028
v 89.0777 -15.481 1216.07
vn -0.634232 -0.533744 -0.559346
v 88.4812 -17.4558 1218.39
vn -0.567723 -0.759694 -0.317105
v 87.9032 -18.4386 1220.55
vn -0.633221 -0.610631 -0.475563
v 88.699 -18.0925 1218.81
vn 0.517749 0.748085 0.415095
v 86.3738 -9.33415 1230.1
vn 0.50631 0.688303 0.519508
v 85.9883 -9.99025 1231.54
vn 0.47421 0.630854 0.614124
v 85.0348 -9.91489 1232.27
vn 0.471005 0.518102 0.71395
v 85.2517 -10.5598 1232.69
vn 0.495285 0.848221 0.187654
v 87.2477 -8.22232 1225.21
vn 0.517898 0.816679 0.254592
v 86.6674 -8.40687 1227.1
vn 0.516126 0.798397 0.310124
v 86.4146 -8.92504 1229.14
vn 0.507509 0.516875 0.689401
v 86.1055 -10.8352 1232.3
vn 0.475576 0.410352 0.778099
v 85.4026 -10.8731 1232.8
vn 0.431383 0.156209 0.888542
v 85.0196 -11.8638 1233.33
vn 0.45127 0.272126 0.849884
v 84.827 -11.3636 1233.31
vn 0.484713 0.874408 0.021569
v 87.5098 -8.04209 1221.53
vn 0.526805 0.839769 0.131392
v 88.2125 -8.59949 1224.07
vn 0.500118 0.864003 0.0581416
v 87.9943 -8.38669 1223.16
vn 0.484567 0.869102 0.0992793
v 87.4555 -8.1567 1224.1
vn 0.462819 0.885959 -0.0295869
v 87.5497 -8.06238 1220.09
vn 0.141077 -0.605974 0.782875
v 83.6942 -15.5834 1233.41
vn 0.450844 0.882189 -0.13595
v 88.794 -8.97703 1216.74
vn 0.46625 0.881774 -0.0713107
v 88.6207 -8.75257 1217.99
vn -0.0827699 -0.859855 0.503785
v 84.2977 -17.3641 1231.53
vn 0.254247 0.840222 -0.478942
v 89.0105 -9.68079 1214.71
vn 0.423573 0.883253 -0.201123
v 89.2957 -9.40549 1215.79
vn 0.168125 0.778024 -0.605321
v 88.4271 -9.69369 1214.43
vn -0.354289 -0.934362 -0.0380269
v 84.6434 -18.1411 1227.48
vn -0.282864 0.32905 -0.900952
v 89.0735 -11.9552 1212.94
vn -0.407139 0.145418 -0.901716
v 89.0413 -12.1593 1212.89
vn -0.401163 0.0570688 -0.914227
v 88.7381 -12.2048 1213.02
vn -0.282974 0.189243 -0.940273
v 88.2503 -11.5913 1213.26
vn -0.489708 -0.172195 -0.854713
v 88.6604 -12.4735 1213.08
vn -0.57412 -0.543538 -0.612333
v 88.1901 -12.6828 1213.55
vn -0.586004 -0.645186 -0.490239
v 87.5848 -13.7964 1215.87
vn -0.603956 -0.575615 -0.551276
v 85.9142 -16.2709 1220
vn -0.450252 -0.879559 -0.153783
v 85.1976 -18.2281 1225.43
vn 0.480285 0.843098 0.241895
v 85.2561 -7.69286 1227.58
vn 0.473865 0.831401 0.290214
v 84.6696 -7.94257 1229.43
vn 0.490321 0.783343 0.382046
v 84.6778 -8.25983 1230.22
vn 0.481761 0.72278 0.495475
v 84.7976 -8.97039 1231.3
vn 0.443929 0.690847 0.570664
v 83.9544 -9.09505 1232.18
vn 0.443082 0.539695 0.715826
v 84.3951 -10.3143 1233.06
vn 0.442752 0.396802 0.804064
v 84.283 -10.6419 1233.33
vn 0.428432 0.636839 0.641001
v 83.5605 -9.43662 1232.84
vn 0.445004 0.887486 0.119751
v 86.6132 -7.76189 1224.56
vn 0.421143 0.209481 0.882471
v 83.8631 -11.3145 1233.79
vn 0.387536 0.0572898 0.920073
v 83.1537 -13.2555 1234.37
vn 0.449775 0.891779 0.049326
v 86.1723 -7.38244 1222.72
vn 0.434249 0.90074 -0.00973897
v 86.331 -7.42524 1221.3
vn 0.237252 -0.398892 0.885775
v 83.5653 -14.7071 1233.95
vn 0.324332 -0.146555 0.934521
v 83.1403 -13.7286 1234.37
vn 0.380955 0.89173 -0.244318
v 87.8851 -8.63932 1216.32
vn 0.351816 0.905292 -0.23806
v 87.0514 -8.15491 1216.84
vn 0.418316 0.896148 -0.148091
v 87.514 -8.24929 1217.32
vn 0.42145 0.901695 -0.0965683
v 86.9034 -7.8809 1218
vn 0.310394 0.884498 -0.34831
v 87.3397 -8.57774 1215.91
vn 0.239973 0.857176 -0.455699
v 87.3753 -8.78996 1215.47
vn 0.102423 0.766434 -0.634105
v 87.2067 -9.11978 1214.85
vn -0.184163 -0.952438 0.242786
v 82.9203 -17.3017 1231.07
vn -0.0318146 0.593205 -0.804422
v 87.5945 -9.91236 1214.13
vn -0.169335 0.372821 -0.912322
v 87.4946 -10.813 1213.67
vn -0.236629 0.358094 -0.903203
v 86.6675 -10.4568 1214
vn -0.385287 0.064855 -0.920515
v 86.2048 -10.7076 1214.1
vn -0.439094 -0.854769 -0.276706
v 83.6361 -17.4153 1225.68
vn -0.397272 -0.903529 -0.160656
v 84.2683 -17.9002 1226.31
vn -0.401376 -0.899167 -0.174346
v 82.9904 -17.4587 1226.91
vn -0.41153 -0.868514 -0.276272
v 82.972 -17.2473 1226.06
vn -0.359359 -0.920914 -0.150929
v 82.597 -17.4455 1227.97
vn -0.362024 0.0290758 -0.931715
v 87.7944 -11.6371 1213.41
vn -0.285082 0.198198 -0.937788
v 87.6457 -11.2069 1213.51
vn -0.578447 -0.586627 -0.566805
v 85.762 -13.743 1217.78
vn 0.399856 0.713717 0.575086
v 82.1986 -8.2239 1232.41
vn 0.399995 0.650506 0.645636
v 81.6503 -8.91433 1233.54
vn 0.382492 0.917223 0.111366
v 83.2903 -6.4098 1226.05
vn 0.432547 0.882398 0.18514
v 84.2553 -7.00247 1226.89
vn 0.423684 0.873836 0.238543
v 83.7928 -7.10057 1228.21
vn 0.448069 0.778045 0.440317
v 83.7313 -8.11116 1230.99
vn 0.445185 0.819949 0.359853
v 83.7296 -7.72603 1230.25
vn 0.419533 0.854588 0.306059
v 83.2488 -7.3263 1229.85
vn 0.407953 0.818368 0.404783
v 82.8125 -7.43378 1230.63
vn 0.419255 0.759473 0.497419
v 83.2071 -8.14769 1231.54
vn 0.41606 0.584378 0.696704
v 81.9229 -9.39952 1233.83
vn 0.408955 0.305748 0.859811
v 82.3376 -10.5139 1234.28
vn 0.403004 0.489864 0.77306
v 81.5741 -9.72177 1234.27
vn 0.392335 0.133751 0.910046
v 81.7105 -11.4554 1234.77
vn 0.395268 0.916627 0.059652
v 85.1363 -6.92376 1223.16
vn 0.370427 -0.00306249 0.928857
v 80.9121 -12.8241 1235.2
vn 0.353649 -0.189198 0.916044
v 80.6465 -13.4708 1235.24
vn 0.393532 0.918778 -0.031298
v 85.1789 -6.93131 1220.52
vn 0.402257 0.915431 0.0132219
v 85.4861 -7.04101 1222.24
vn 0.231231 -0.573147 0.786152
v 80.2573 -14.8331 1234.7
vn 0.40632 0.910824 -0.0728249
v 86.0153 -7.40299 1218.81
vn 0.356853 0.915516 -0.185703
v 85.9661 -7.51196 1217.77
vn 0.0489619 -0.791265 0.60951
v 81.2982 -16.0403 1233.37
vn 0.283173 0.893157 -0.349404
v 85.9042 -7.86057 1216.53
vn -0.0698504 -0.929026 0.363361
v 81.1451 -16.6172 1232.39
vn -0.292635 -0.949882 -0.109952
v 81.0717 -17.0088 1228.78
vn -0.237994 -0.971119 0.0169439
v 81.1058 -17.0573 1229.72
vn -0.531986 -0.567642 -0.628311
v 84.9122 -10.9931 1215.01
vn -0.532279 -0.692602 -0.486809
v 84.3879 -11.0296 1215.56
vn -0.524673 -0.719749 -0.454621
v 84.2449 -11.6632 1216.84
vn -0.523232 -0.62512 -0.579184
v 83.5163 -12.5527 1218.77
vn -0.557736 -0.616953 -0.555247
v 83.4577 -14.3705 1220.61
vn -0.564078 -0.682477 -0.464802
v 83.341 -15.5525 1222.31
vn -0.482052 -0.803802 -0.348608
v 83.1464 -16.7065 1224.49
vn -0.38753 -0.888159 -0.24697
v 81.6507 -16.8378 1226.87
vn 0.378332 0.846053 0.375579
v 81.728 -6.91273 1230.61
vn 0.374257 0.889657 0.261613
v 81.7182 -6.61176 1229.82
vn 0.381982 0.804409 0.45499
v 81.9207 -7.39159 1231.36
vn 0.36895 0.780775 0.504248
v 81.584 -7.55714 1231.89
vn 0.350711 0.82422 0.444594
v 80.9638 -6.94738 1231.33
vn 0.339127 0.79627 0.500946
v 80.6271 -7.11293 1231.86
vn 0.365691 0.692258 0.622132
v 80.9431 -8.37154 1233.41
vn 0.350565 0.754551 0.554758
v 80.9048 -7.94796 1232.91
vn 0.324074 0.658566 0.679167
v 80.0248 -8.34821 1233.88
vn 0.38716 0.592069 0.706797
v 81.3031 -9.18847 1234.01
vn 0.350486 0.540727 0.764705
v 81.0051 -9.37076 1234.3
vn 0.351105 0.625426 0.696827
v 80.9239 -8.97386 1234.02
vn 0.312889 0.550601 0.773912
v 80.1357 -9.25829 1234.6
vn 0.373903 0.908801 0.18514
v 82.5193 -6.22585 1226.9
vn 0.360528 0.414396 0.835641
v 81.0238 -9.99796 1234.67
vn 0.317661 0.390329 0.864138
v 80.0987 -10.0641 1235.08
vn 0.37001 0.235864 0.898588
v 80.5947 -10.706 1235.11
vn 0.378935 0.0966631 0.920361
v 79.899 -12.0192 1235.61
vn 0.374848 -0.0356502 0.926401
v 79.8537 -12.756 1235.66
vn 0.345474 -0.184787 0.920055
v 79.3224 -13.2774 1235.82
vn 0.328956 -0.338967 0.881413
v 79.2548 -13.6918 1235.73
vn 0.374393 0.923945 -0.0784537
v 83.5988 -6.32847 1219.44
vn 0.363201 0.931707 0.00267883
v 83.2556 -6.12622 1221.63
vn 0.300375 -0.387182 0.871703
v 79.892 -13.9965 1235.34
vn 0.282491 -0.493996 0.822294
v 78.7341 -14.2877 1235.62
vn 0.234846 -0.643164 0.728826
v 78.4498 -15.1262 1235.08
vn 0.295461 0.910348 -0.289775
v 83.9968 -6.78178 1217.86
vn 0.318387 0.924817 -0.208191
v 83.5125 -6.40303 1218.66
vn 0.221103 0.907443 -0.357295
v 83.4178 -6.66059 1217.7
vn 0.159752 -0.74084 0.652408
v 79.9974 -15.7648 1233.92
vn 0.0661526 -0.8691 0.490192
v 79.8673 -16.0166 1233.57
vn 0.196567 0.842118 -0.502194
v 84.7092 -7.51863 1216.55
vn 0.0865377 0.750108 -0.655628
v 84.5184 -7.75071 1216.17
vn 0.142318 0.815639 -0.560784
v 84.3084 -7.45649 1216.51
vn 0.047092 0.733899 -0.677625
v 83.901 -7.54835 1216.33
vn -0.0933098 0.575051 -0.812779
v 83.4668 -7.83371 1216.08
vn 0.218537 0.87982 -0.422088
v 84.2852 -7.21995 1216.91
vn 0.108984 0.83452 -0.540091
v 83.4798 -7.10327 1216.85
vn -0.00088323 0.730574 -0.682833
v 83.2766 -7.35967 1216.51
vn 0.0227572 -0.936018 0.351216
v 79.6213 -16.2183 1233.15
vn -0.15009 -0.983092 0.104893
v 79.421 -16.6093 1231.45
vn -0.305159 0.202799 -0.930457
v 84.1008 -9.4739 1215.15
vn -0.157814 0.429502 -0.88917
v 83.805 -8.72357 1215.53
vn -0.110271 0.48999 -0.864726
v 83.4349 -8.17818 1215.87
vn -0.172177 0.419882 -0.891097
v 83.1767 -8.54249 1215.73
vn -0.241304 0.310233 -0.919526
v 83.127 -8.92192 1215.58
vn -0.367994 0.0436433 -0.928803
v 83.0501 -9.35455 1215.52
vn -0.310462 -0.906693 -0.285518
v 79.9756 -16.369 1227.38
vn -0.272137 -0.939166 -0.209546
v 79.6046 -16.4717 1228.17
vn -0.507999 -0.376072 -0.774924
v 83.3338 -10.103 1215.54
vn -0.46934 -0.225929 -0.853626
v 83.3786 -9.88988 1215.43
vn -0.469271 -0.716482 -0.516177
v 82.4573 -10.715 1217.1
vn -0.532701 -0.659475 -0.530399
v 83.4811 -12.0965 1218.3
vn -0.453647 -0.743185 -0.491814
v 82.4974 -11.474 1218.37
vn -0.511722 -0.677813 -0.52793
v 81.0027 -13.6807 1222.22
vn -0.413518 -0.799044 -0.436499
v 80.4931 -15.9989 1226.05
vn 0.337847 0.87821 0.338537
v 80.6229 -6.35082 1230.37
vn 0.319223 0.91784 0.235935
v 80.5642 -6.13899 1229.75
vn 0.313668 0.860449 0.401546
v 80.0516 -6.45748 1231.11
vn 0.288256 0.912868 0.289104
v 80.0888 -6.08637 1230.12
vn 0.318131 0.786466 0.5294
v 79.8548 -7.23174 1232.54
vn 0.317865 0.819698 0.476506
v 79.9076 -6.69775 1231.65
vn 0.292604 0.808331 0.510866
v 78.9922 -6.64455 1232.14
vn 0.312356 0.732088 0.605376
v 79.5548 -7.83717 1233.55
vn 0.288893 0.77738 0.558767
v 79.0796 -7.38042 1233.19
vn 0.267582 0.736003 0.621851
v 78.4919 -7.65811 1233.82
vn 0.286189 0.643875 0.709592
v 79.3458 -8.3349 1234.17
vn 0.279287 0.491685 0.824769
v 78.5786 -9.22209 1235.13
vn 0.330478 0.940301 0.0813529
v 81.5696 -5.72275 1225.7
vn 0.282163 0.954454 0.096958
v 80.7127 -5.47997 1226.07
vn 0.326338 0.937127 0.123681
v 81.4053 -5.75624 1226.6
vn 0.327426 0.92588 0.188519
v 81.085 -5.75075 1227.23
vn 0.264093 0.953866 0.142812
v 80.5463 -5.53517 1226.96
vn 0.286992 0.938031 0.194253
v 80.3171 -5.68138 1228.09
vn 0.327586 0.238871 0.914127
v 78.9153 -11.1033 1235.84
vn 0.286182 0.371461 0.883242
v 78.726 -10.1706 1235.59
vn 0.331466 0.118511 0.935994
v 77.5209 -12.1149 1236.55
vn 0.289678 0.281169 0.914894
v 77.6048 -11.0011 1236.24
vn 0.325309 0.94533 0.0229016
v 81.0135 -5.31648 1222.16
vn 0.348083 0.936096 0.0506268
v 82.2074 -5.77801 1223.21
vn 0.337454 -0.0554908 0.939705
v 77.3878 -12.8223 1236.59
vn 0.342177 0.938206 -0.0518022
v 82.523 -5.86391 1220.12
vn 0.32352 0.937206 -0.130307
v 82.6346 -5.96029 1219.37
vn 0.255077 0.933018 -0.253796
v 82.2794 -5.91445 1219.06
vn 0.264555 0.947759 -0.178223
v 81.4008 -5.5303 1219.71
vn 0.139887 -0.83547 0.531434
v 78.2186 -15.7194 1234.53
vn 0.06957 -0.922743 0.379085
v 77.2401 -15.9549 1234.28
vn 0.0210367 -0.971233 0.237202
v 77.0271 -16.1694 1233.62
vn -0.0538506 -0.989023 0.137598
v 78.2465 -16.3691 1232.43
vn -0.110545 -0.993328 -0.0328475
v 77.6093 -16.3844 1231.26
vn -0.174206 0.48001 -0.859792
v 83.0016 -8.17988 1215.94
vn -0.232989 0.385793 -0.892681
v 82.8511 -8.55161 1215.8
vn -0.487348 -0.202354 -0.849438
v 82.7699 -9.56481 1215.68
vn -0.491904 -0.333414 -0.80428
v 82.5283 -9.57923 1215.84
vn -0.319046 0.242983 -0.916062
v 82.4832 -8.77124 1215.83
vn -0.427683 -0.0220192 -0.90366
v 82.3076 -9.01111 1215.86
vn -0.492793 -0.54321 -0.679763
v 82.2308 -9.75608 1216.14
vn -0.448914 -0.285991 -0.846573
v 81.2578 -9.22911 1216.39
vn -0.462298 -0.685999 -0.56186
v 82.0257 -10.2131 1216.78
vn -0.446673 -0.552847 -0.703451
v 81.5595 -9.66132 1216.48
vn -0.445497 -0.688702 -0.572033
v 79.335 -13.5372 1223.5
vn -0.388305 -0.730616 -0.561622
v 78.6487 -14.4055 1225.22
vn -0.317461 -0.845932 -0.428506
v 79.4436 -16.0829 1227.14
vn -0.278851 -0.853672 -0.43987
v 78.0012 -15.6919 1227.43
vn -0.23928 -0.910341 -0.337675
v 77.8601 -15.9023 1227.99
vn -0.18328 -0.982094 -0.0435777
v 78.8355 -16.5408 1230.08
vn -0.221072 -0.96452 -0.144321
v 78.7654 -16.4484 1229.39
vn -0.15629 -0.981672 -0.109059
v 77.8123 -16.3676 1230.12
vn 0.25034 0.947922 0.196913
v 79.3823 -5.55257 1228.78
vn 0.267074 0.896348 0.353881
v 79.0869 -6.09472 1231.03
vn 0.243194 0.932817 0.265912
v 78.8807 -5.75703 1230.2
vn 0.198271 0.929346 0.311455
v 77.7266 -5.68839 1230.87
vn 0.283571 0.848373 0.447047
v 78.9453 -6.31055 1231.59
vn 0.254635 0.82869 0.498431
v 78.1722 -6.43751 1232.26
vn 0.234246 0.8808 0.411486
v 78.1712 -6.04424 1231.52
vn 0.202557 0.854412 0.478487
v 77.3487 -6.26576 1232.36
vn 0.258847 0.786522 0.560697
v 78.1167 -6.99865 1233.13
vn 0.214596 0.809102 0.547086
v 77.1507 -6.64947 1233.05
vn 0.249486 0.690814 0.678626
v 76.8856 -7.71378 1234.53
vn 0.253634 0.555777 0.791695
v 76.5593 -8.5934 1235.38
vn 0.246933 0.620182 0.744579
v 76.4787 -8.19108 1235.1
vn 0.223825 0.96843 0.109756
v 79.1258 -4.94772 1224.95
vn 0.215997 0.966238 0.140459
v 79.0963 -5.22296 1227.2
vn 0.289956 0.349784 0.890829
v 76.0389 -10.2511 1236.45
vn 0.321342 0.250015 0.913363
v 75.6185 -11.7799 1237.09
vn 0.345516 0.0748341 0.935424
v 75.4404 -12.3402 1237.26
vn 0.289342 0.956483 -0.0377126
v 80.2113 -5.03735 1221.07
vn 0.278936 0.960249 0.0107788
v 79.8514 -4.92787 1222.04
vn 0.206512 0.975118 -0.0806069
v 79.6175 -4.87796 1221.04
vn 0.308636 0.949128 0.0624559
v 80.3657 -5.16009 1223.63
vn 0.259911 0.962022 0.0834293
v 79.7342 -4.98535 1223.84
vn 0.272906 0.960835 0.0481554
v 79.6917 -4.91248 1222.97
vn 0.355124 -0.161815 0.920708
v 75.2903 -13.0559 1237.29
vn 0.32137 -0.36614 0.873306
v 75.2635 -13.4625 1237.18
vn 0.194199 0.937059 -0.290185
v 80.6439 -5.45365 1219.33
vn 0.141943 0.912105 -0.3846
v 80.4931 -5.61328 1218.81
vn 0.21275 0.959927 -0.182419
v 80.1168 -5.08086 1220.36
vn 0.144133 0.935385 -0.322926
v 80.0427 -5.36628 1219.26
vn 0.315261 0.947893 -0.0459352
v 81.0547 -5.3232 1220.72
vn 0.267819 -0.541876 0.796645
v 75.4083 -14.1666 1236.75
vn 0.133737 0.877383 -0.460775
v 81.3578 -6.03688 1218.18
vn 0.0471972 0.811246 -0.582797
v 80.7519 -6.09387 1217.98
vn -0.0462211 0.713678 -0.698947
v 80.3332 -6.34883 1217.68
vn 0.182963 0.916818 -0.35492
v 81.1191 -5.79891 1218.62
vn 0.101632 0.874415 -0.474414
v 80.5264 -5.83006 1218.37
vn 0.0240354 0.821227 -0.570096
v 79.9054 -5.77561 1218.38
vn 0.104554 -0.884854 0.453983
v 75.587 -15.6501 1235.23
vn -0.227041 0.396853 -0.889359
v 80.8799 -7.53594 1216.8
vn -0.31398 0.178139 -0.932568
v 81.1993 -8.29437 1216.43
vn -0.39757 -0.0909959 -0.913049
v 80.8313 -8.78914 1216.52
vn -0.421255 -0.388754 -0.819399
v 80.5735 -9.12895 1216.73
vn -0.425184 -0.646055 -0.633901
v 80.4618 -9.42481 1217.02
vn -0.426509 -0.718535 -0.549361
v 79.6887 -9.55176 1217.68
vn -0.361252 -0.0980762 -0.927296
v 79.7365 -8.42933 1216.89
vn -0.438359 -0.572822 -0.692615
v 79.6517 -9.1146 1217.2
vn -0.430391 -0.334668 -0.838308
v 79.4537 -8.76413 1217.1
vn -0.404192 -0.773865 -0.487609
v 78.9636 -10.0019 1218.9
vn -0.485289 -0.666 -0.566515
v 79.1298 -11.7723 1221.8
vn -0.395861 -0.778572 -0.48695
v 78.9661 -11.1844 1221.12
vn -0.368963 -0.673801 -0.640202
v 77.6806 -12.9826 1224.06
vn -0.325731 -0.762588 -0.55889
v 77.8622 -15.075 1226.54
vn -0.247763 -0.802959 -0.542098
v 77.52 -15.2976 1227.03
vn -0.251496 -0.754157 -0.606628
v 77.2354 -14.9373 1226.67
vn -0.207114 -0.858792 -0.468594
v 77.3721 -15.5786 1227.55
vn 0.184731 0.968802 0.165218
v 77.9736 -5.22995 1228.79
vn 0.189239 0.956799 0.220734
v 77.7999 -5.36118 1229.63
vn 0.124755 0.961489 0.244898
v 77.079 -5.3637 1230.14
vn 0.10569 0.979181 0.173301
v 76.8616 -5.14276 1229.24
vn 0.181003 0.898933 0.398945
v 77.2989 -5.96163 1231.79
vn 0.132738 0.935096 0.328598
v 76.8524 -5.62478 1231.13
vn 0.144447 0.894389 0.423325
v 76.179 -5.95588 1232.19
vn 0.165853 0.851427 0.49756
v 75.9849 -6.29886 1232.91
vn 0.162635 0.831192 0.531666
v 75.5918 -6.63228 1233.57
vn 0.230553 0.758323 0.609747
v 76.5522 -7.44261 1234.35
vn 0.206938 0.715545 0.667212
v 76.0622 -7.54203 1234.63
vn 0.188046 0.784776 0.590564
v 75.5849 -7.107 1234.26
vn 0.126258 0.991539 0.0301589
v 77.7659 -4.55309 1223.58
vn 0.1644 0.981624 0.0968857
v 77.9938 -4.66544 1224.54
vn 0.157846 0.978784 0.13064
v 77.8112 -4.87184 1226.54
vn 0.345774 0.227284 0.910375
v 74.0989 -11.7537 1237.69
vn 0.303536 0.344464 0.888375
v 74.1111 -10.7168 1237.32
vn 0.356642 0.0322313 0.933685
v 73.6079 -12.5973 1238.03
vn 0.179971 0.983669 -0.00249579
v 79.0319 -4.71539 1222.17
vn 0.0770378 0.990798 -0.111289
v 78.9505 -4.73976 1221.41
vn 0.208581 0.975386 0.0715304
v 78.7888 -4.72897 1223.53
vn 0.335883 -0.511274 0.791063
v 74.086 -13.8627 1237.45
vn 0.361621 -0.33972 0.868229
v 73.6785 -13.4612 1237.83
vn 0.369237 -0.182349 0.91127
v 73.5119 -13.0818 1238.02
vn 0.0681209 0.882916 -0.464563
v 79.6752 -5.52092 1218.78
vn 0.109788 0.952416 -0.284342
v 79.3761 -5.11937 1219.75
vn 0.0954922 0.928547 -0.358723
v 79.4311 -5.29359 1219.24
vn 0.0199726 0.917239 -0.397836
v 78.6008 -5.22555 1219.26
vn -0.0237621 0.839883 -0.542247
v 78.6287 -5.45297 1218.84
vn 0.0209781 0.960641 -0.277
v 78.3388 -5.03318 1219.77
vn 0.0994748 0.974508 -0.201095
v 79.2935 -4.9276 1220.44
vn -0.00358682 0.979855 -0.199679
v 78.0106 -4.82964 1220.68
vn 0.24016 -0.757755 0.606738
v 74.4522 -15.1912 1236.24
vn -0.0347366 0.774745 -0.631319
v 78.8519 -5.72134 1218.46
vn -0.149924 0.613163 -0.775599
v 78.4087 -6.16526 1218.08
vn -0.114822 0.743002 -0.659366
v 78.2092 -5.70946 1218.54
vn 0.15544 -0.890044 0.428556
v 73.8129 -15.5957 1235.82
vn 0.082162 -0.952137 0.294423
v 73.8965 -15.8493 1235.06
vn 0.190329 -0.922612 0.335504
v 72.9204 -15.6651 1236.08
vn -0.305464 0.0853989 -0.948366
v 78.8521 -7.83669 1217.23
vn -0.366786 -0.16405 -0.915727
v 78.739 -8.08909 1217.27
vn -0.404016 -0.470028 -0.784758
v 78.6656 -8.55592 1217.47
vn -0.224169 0.434476 -0.872341
v 78.3427 -6.85875 1217.66
vn -0.255242 0.286553 -0.923439
v 78.293 -7.23818 1217.51
vn -0.30729 0.0934201 -0.947019
v 77.9391 -7.68132 1217.52
vn -0.389822 -0.794296 -0.465975
v 78.0082 -10.751 1221.09
vn -0.416184 -0.703402 -0.576209
v 77.7591 -11.6497 1222.67
vn -0.385632 -0.677232 -0.626613
v 77.2775 -11.6623 1223.01
vn -0.398144 -0.742385 -0.538838
v 77.2397 -11.2333 1222.52
vn -0.337557 -0.696443 -0.633263
v 76.3258 -11.1638 1223.01
vn -0.0398171 -0.998841 -0.0270362
v 74.973 -16.2025 1232.28
vn -0.410532 -0.71288 -0.568564
v 78.972 -9.51085 1218.22
vn -0.397709 -0.662009 -0.635273
v 78.5057 -8.96179 1217.92
vn -0.362059 -0.74488 -0.560417
v 78.3499 -9.32423 1218.39
vn -0.271441 -0.686304 -0.674764
v 75.7554 -12.6704 1224.64
vn -0.127359 -0.952953 -0.275062
v 74.4083 -15.6022 1228.85
vn -0.101441 -0.978539 -0.179361
v 74.5353 -15.9254 1230.14
vn 0.117019 0.867705 0.483109
v 74.2262 -6.28025 1233.37
vn 0.0674471 0.988467 0.135586
v 76.415 -4.82304 1227.37
vn 0.0445024 0.979694 0.1955
v 75.6972 -5.17999 1229.85
vn 0.0195581 0.988173 0.152089
v 75.5919 -5.02172 1228.94
vn -0.0282064 0.985074 0.169804
v 74.6589 -5.16429 1229.8
vn 0.0884351 0.929422 0.358264
v 75.1989 -5.75329 1232.03
vn 0.068381 0.961869 0.264826
v 75.4751 -5.39493 1230.86
vn -0.00298683 0.962457 0.271418
v 74.5017 -5.52589 1231.47
vn -0.00715126 0.977352 0.2115
v 74.6823 -5.32408 1230.67
vn 0.119115 0.882901 0.4542
v 75.204 -6.10313 1232.79
vn 0.148948 0.819742 0.553026
v 74.8324 -6.82598 1234.08
vn 0.216046 0.594085 0.774847
v 74.1743 -8.43161 1235.99
vn 0.198628 0.675642 0.709969
v 74.1462 -7.90214 1235.56
vn 0.158775 0.766156 0.622732
v 73.7747 -7.20468 1234.88
vn 0.173166 0.677695 0.714662
v 73.0192 -7.9697 1235.91
vn 0.242864 0.516327 0.821232
v 73.455 -9.24053 1236.76
vn 0.253326 0.429909 0.866605
v 73.4138 -10.0709 1237.24
vn 0.0742891 0.992071 0.101376
v 76.8835 -4.55924 1225
vn 0.0636488 0.997321 0.0360609
v 77.0502 -4.50132 1224.12
vn -0.0150295 0.998841 0.0457264
v 75.9708 -4.4933 1224.3
vn -0.014124 0.994278 0.10589
v 75.3932 -4.65071 1226.21
vn 0.308245 0.249306 0.918059
v 73.1476 -11.8842 1238.06
vn 0.0484083 0.997529 -0.0509182
v 77.2491 -4.52801 1222.96
vn -0.0126493 0.999388 -0.0326278
v 75.9326 -4.48826 1223.32
vn 0.355214 -0.192838 0.914678
v 71.9478 -13.2794 1238.6
vn 0.35831 -0.476641 0.802762
v 71.8095 -14.0673 1238.36
vn -0.080572 0.940269 -0.330759
v 77.6469 -5.11057 1219.61
vn -0.0925951 0.853243 -0.513228
v 77.7616 -5.31607 1219.15
vn -0.202432 0.833347 -0.514348
v 77.3205 -5.33297 1219.24
vn -0.287502 0.483244 -0.826932
v 77.714 -6.53736 1218.02
vn -0.215802 0.731036 -0.647315
v 77.5538 -5.58158 1218.83
vn -0.246085 0.618097 -0.746591
v 77.5436 -5.88348 1218.54
vn -0.350182 0.507863 -0.78705
v 77.2784 -6.23886 1218.38
vn -0.333971 0.592431 -0.733137
v 77.0878 -5.92927 1218.69
vn -0.304079 0.692647 -0.654045
v 76.8723 -5.6457 1219.05
vn 0.0985913 -0.990951 0.0910867
v 71.791 -16.1167 1234.78
vn 0.132583 -0.971077 0.198574
v 72.365 -15.9658 1235.27
vn -0.325267 0.292625 -0.899206
v 77.7094 -7.28092 1217.68
vn -0.362184 -0.0182819 -0.931927
v 77.2676 -7.76086 1217.76
vn -0.396909 0.382187 -0.834504
v 77.2085 -6.96257 1218.02
vn -0.41376 0.180873 -0.892237
v 77.1188 -7.56135 1217.84
vn -0.429714 -0.0945733 -0.897999
v 76.9764 -7.80957 1217.89
vn -0.336403 -0.651221 -0.680253
v 77.3049 -8.55644 1218.04
vn -0.384397 -0.357534 -0.851122
v 77.172 -8.27855 1217.92
vn -0.414204 -0.599018 -0.685283
v 76.3874 -8.52496 1218.51
vn -0.478019 -0.0315797 -0.877782
v 76.0426 -7.76652 1218.36
vn -0.491807 -0.340809 -0.801234
v 76.0257 -8.04749 1218.44
vn -0.478194 -0.654064 -0.586115
v 75.906 -8.53479 1218.85
vn -0.37704 -0.781851 -0.496538
v 76.3773 -9.03226 1219.18
vn -0.376587 -0.803482 -0.461084
v 76.3396 -10.2143 1221.63
vn -0.339168 -0.765861 -0.546281
v 76.0958 -10.6546 1222.52
vn -0.291641 -0.739504 -0.606696
v 75.6108 -10.7024 1222.83
vn -0.291173 -0.638902 -0.712055
v 74.3231 -11.5882 1224.36
vn 0.0301548 -0.991249 0.128519
v 73.1849 -16.1182 1234.02
vn 0.0211162 -0.999757 0.00628258
v 72.22 -16.1723 1233.47
vn -0.22122 -0.687311 -0.691856
v 73.9164 -13.2868 1225.93
vn -0.177511 -0.745445 -0.642497
v 74.0248 -14.6255 1227.36
vn -0.139353 -0.859317 -0.492093
v 73.5241 -15.2403 1228.31
vn -0.110339 -0.927475 -0.357233
v 72.7421 -15.4596 1228.92
vn 0.120387 0.833089 0.539879
v 73.1467 -6.67637 1234.28
vn 0.0674713 0.895989 0.438921
v 72.9036 -6.30294 1233.7
vn 0.0794113 0.859435 0.505039
v 72.1182 -6.5575 1234.29
vn 0.117236 0.801991 0.585718
v 72.6984 -7.16408 1235.07
vn -0.0417551 0.989645 0.137332
v 74.1221 -4.94412 1228.32
vn -0.0593726 0.978488 0.197573
v 74.0829 -5.31982 1230.5
vn 0.052212 0.925698 0.374642
v 73.5836 -5.90398 1232.68
vn 0.126727 0.754133 0.644378
v 72.2967 -7.58709 1235.68
vn 0.266973 0.339395 0.901963
v 71.0831 -12.1127 1238.78
vn 0.309133 0.143826 0.94008
v 71.1293 -12.6665 1238.9
vn -0.0358542 0.987079 -0.156174
v 75.6851 -4.57952 1222.24
vn -0.088659 0.99219 -0.087736
v 74.7266 -4.55574 1222.94
vn -0.129208 0.954707 -0.268029
v 74.7045 -4.80092 1221.59
vn -0.151902 0.968433 -0.197643
v 74.3161 -4.70284 1222.25
vn -0.059949 0.9982 -0.00176282
v 74.3661 -4.5498 1223.8
vn 0.329333 -0.0241336 0.943906
v 71.2478 -13.1401 1238.88
vn 0.317694 -0.550996 0.77167
v 70.364 -14.5876 1238.67
vn 0.32582 -0.12528 0.937094
v 69.8948 -13.5102 1239.32
vn 0.335802 -0.384144 0.860041
v 69.4492 -14.1665 1239.3
vn -0.282361 0.776395 -0.563457
v 74.8032 -5.3224 1220.43
vn -0.356602 0.647112 -0.673855
v 74.8024 -5.60607 1220.11
vn -0.193908 0.893663 -0.404679
v 74.7634 -4.97747 1221.05
vn 0.340042 -0.584488 0.736712
v 70.5461 -15.2187 1238.1
vn 0.305326 -0.694807 0.651167
v 69.842 -15.6091 1238.08
vn -0.45383 0.352777 -0.818283
v 75.3711 -6.89093 1218.99
vn -0.371479 0.575854 -0.728283
v 75.252 -5.85459 1219.66
vn -0.40622 0.474399 -0.780981
v 75.1512 -6.20782 1219.47
vn -0.412571 0.522916 -0.745885
v 74.7829 -5.92621 1219.85
vn -0.459264 0.399886 -0.793201
v 74.7266 -6.45963 1219.56
vn 0.219565 -0.941881 0.254266
v 71.0836 -15.9636 1236.59
vn 0.161402 -0.9861 0.0394418
v 69.9704 -16.323 1235.34
vn -0.480721 0.183968 -0.857358
v 75.9302 -7.5668 1218.44
vn -0.54595 -0.112944 -0.83017
v 75.8183 -7.82869 1218.5
vn -0.522154 0.177856 -0.8341
v 75.0548 -7.41109 1219
vn -0.406082 -0.724207 -0.557334
v 74.1924 -8.45063 1220.33
vn -0.403673 -0.789813 -0.461783
v 75.0476 -9.11384 1220.68
vn -0.311886 -0.794411 -0.52119
v 74.3232 -9.55579 1221.9
vn -0.268886 -0.692533 -0.669402
v 73.418 -11.0249 1224.18
vn -0.255812 -0.62181 -0.740211
v 73.6922 -12.7179 1225.46
vn -0.236921 -0.613568 -0.753261
v 73.3933 -11.6843 1224.76
vn -0.196935 -0.623524 -0.756594
v 72.8695 -12.5381 1225.57
vn -0.168092 -0.686832 -0.707112
v 72.3515 -13.3321 1226.41
vn 0.000835448 -0.990722 -0.135898
v 70.9989 -16.0692 1232.17
vn -0.0964583 -0.909559 -0.404226
v 72.2005 -15.2739 1228.63
vn -0.125903 -0.792038 -0.597348
v 71.9101 -14.9733 1228.24
vn -0.0742273 -0.974932 -0.209754
v 72.1838 -15.8347 1230.48
vn 0.0163739 0.915992 0.400863
v 71.5759 -6.37993 1233.99
vn 0.0764879 0.824591 0.560535
v 71.0845 -6.89706 1235
vn 0.0334183 0.883496 0.467245
v 70.9874 -6.66577 1234.62
vn 0.0582238 0.796331 0.602052
v 70.4879 -7.26706 1235.58
vn -0.0184714 0.917241 0.397904
v 70.6403 -6.53578 1234.35
vn 0.0109885 0.864169 0.503081
v 70.4943 -6.79777 1234.88
vn -0.00148049 0.834245 0.551392
v 69.8985 -7.15963 1235.47
vn -0.0821682 0.984282 0.156325
v 72.7891 -5.07541 1228.58
vn -0.0723464 0.972644 0.220749
v 71.7915 -5.82874 1232.2
vn -0.0120689 0.947525 0.319454
v 71.963 -6.10896 1233.29
vn -0.0528737 0.94914 0.310384
v 71.0275 -6.26481 1233.66
vn 0.223822 0.502816 0.834913
v 69.8811 -9.37117 1237.82
vn 0.152382 0.620762 0.769048
v 69.3042 -9.13343 1237.79
vn 0.0968625 0.725877 0.68097
v 69.327 -8.4931 1237.19
vn 0.224274 0.435476 0.871815
v 69.3992 -10.2091 1238.41
vn 0.143418 0.554956 0.819423
v 68.9419 -9.56503 1238.16
vn -0.0733833 0.996121 0.0485509
v 73.5164 -4.63513 1224.95
vn -0.0876963 0.991648 0.0945692
v 72.1315 -4.87101 1226.58
vn 0.284744 0.153381 0.946253
v 69.2987 -12.8816 1239.51
vn 0.243326 0.339606 0.908548
v 68.8596 -12.0485 1239.37
vn -0.229839 0.914795 -0.332152
v 74.0509 -4.94167 1221.56
vn -0.11065 0.99348 -0.0274661
v 73.4789 -4.62194 1223.98
vn -0.264898 0.912246 -0.312469
v 72.6012 -4.97766 1222.59
vn -0.284979 0.831168 -0.477438
v 74.0955 -5.15606 1221.06
vn -0.362593 0.709568 -0.604185
v 73.936 -5.43716 1220.76
vn -0.405715 0.579231 -0.707027
v 73.8643 -5.74932 1220.5
vn -0.318902 0.833527 -0.451147
v 73.1466 -5.19207 1221.63
vn -0.442172 0.546651 -0.711096
v 73.1526 -5.87272 1220.82
vn -0.39412 0.708349 -0.585586
v 72.8669 -5.47416 1221.39
vn -0.463633 0.563692 -0.68359
v 72.4516 -5.85216 1221.3
vn -0.529932 -0.420999 -0.73616
v 73.3284 -7.69231 1220.27
vn -0.441715 0.472114 -0.762887
v 73.596 -6.1334 1220.39
vn -0.534964 0.177653 -0.825986
v 73.0768 -7.00311 1220.34
vn -0.488994 0.357835 -0.795512
v 73.0955 -6.40766 1220.54
vn -0.551111 0.191274 -0.812213
v 72.5437 -6.93336 1220.71
vn -0.564419 -0.0257088 -0.825088
v 72.6373 -7.12929 1220.63
vn -0.506934 0.39191 -0.76774
v 72.6331 -6.32529 1220.87
vn -0.492802 -0.417421 -0.763483
v 72.3027 -7.84529 1221.09
vn -0.425539 -0.590857 -0.685423
v 72.1816 -8.13649 1221.37
vn -0.314099 -0.778319 -0.543655
v 73.4089 -9.08761 1221.66
vn -0.407244 -0.665017 -0.626023
v 73.4691 -8.47759 1220.82
vn -0.31472 -0.74674 -0.585945
v 72.4426 -9.14527 1222.31
vn -0.26234 -0.729357 -0.631836
v 71.41 -9.87539 1223.77
vn 0.0830236 -0.994885 -0.0575348
v 69.7744 -16.298 1234.09
vn 0.0766913 -0.98516 -0.153551
v 68.5416 -16.2409 1232.8
vn -0.118188 -0.802707 -0.584545
v 69.4601 -15.069 1228.92
vn -0.01658 -0.96536 -0.260396
v 69.8699 -15.7715 1230.56
vn -0.0699523 -0.891109 -0.448365
v 69.7712 -15.3613 1229.32
vn -0.0933052 0.959358 0.26632
v 68.8909 -6.43656 1233.66
vn -0.0526048 0.909394 0.412596
v 69.7019 -6.7215 1234.7
vn 0.0557646 0.697228 0.714677
v 68.5729 -8.78006 1237.57
vn 0.0176951 0.781608 0.623519
v 68.1495 -8.26466 1236.98
vn 0.142901 0.503257 0.852239
v 67.9408 -9.98378 1238.59
vn 0.0854586 0.610642 0.787282
v 67.6664 -9.51759 1238.3
vn -0.141922 0.989827 0.0100338
v 71.7773 -4.83144 1225.05
vn 0.161296 0.486146 0.858863
v 66.5415 -11.1348 1239.46
vn 0.214132 0.402481 0.890032
v 66.8492 -12.1556 1239.93
vn -0.173886 0.977133 -0.122373
v 72.2209 -4.81114 1223.75
vn -0.201429 0.975581 -0.0875626
v 71.0041 -4.97553 1224.51
vn -0.248088 0.936611 -0.247409
v 70.667 -5.16091 1223.82
vn -0.35598 0.806995 -0.471208
v 72.2855 -5.32485 1222.03
vn -0.415587 0.671236 -0.613783
v 71.3293 -5.63152 1222.3
vn -0.361747 0.773625 -0.520234
v 71.2475 -5.51087 1222.51
vn -0.473586 0.473264 -0.74279
v 71.1714 -6.13111 1221.97
vn -0.444313 0.320549 -0.836561
v 70.6527 -6.59557 1222.04
vn -0.406922 -0.546574 -0.731896
v 71.7192 -8.1147 1221.63
vn -0.519324 0.260242 -0.813988
v 71.4667 -6.61456 1221.54
vn -0.526734 -0.104171 -0.843623
v 71.5034 -7.29235 1221.41
vn -0.439741 -0.382744 -0.812487
v 71.379 -7.74755 1221.6
vn -0.282438 -0.696614 -0.659513
v 71.1861 -8.87654 1222.6
vn -0.309675 -0.545448 -0.778837
v 70.4766 -8.38129 1222.42
vn -0.390206 -0.31393 -0.865556
v 70.4001 -7.93553 1222.17
vn -0.201501 -0.713291 -0.671278
v 70.7273 -9.90008 1224.04
vn 0.24171 -0.960293 0.139332
v 67.2466 -16.738 1237.21
vn -0.229292 -0.660166 -0.715266
v 71.0592 -10.1875 1224.21
vn -0.20122 -0.594649 -0.778398
v 70.1554 -10.8348 1225.02
vn -0.18898 -0.580552 -0.791988
v 69.3945 -12.4796 1226.28
vn -0.150459 -0.68823 -0.709719
v 69.5069 -13.3733 1227.01
vn 0.173449 -0.982309 -0.070606
v 66.5527 -16.9084 1236.18
vn -0.131107 -0.74733 -0.651389
v 69.3827 -14.23 1227.93
vn -0.0279805 -0.927204 -0.37351
v 68.0831 -15.642 1230.12
vn -0.0903353 -0.897002 -0.432697
v 67.6887 -15.5848 1230.04
vn -0.0902122 -0.843993 -0.528713
v 67.7862 -15.4093 1229.68
vn 0.0014128 -0.951779 -0.30678
v 67.3034 -15.8368 1230.74
vn -0.0248786 0.817172 0.575857
v 67.5166 -7.78794 1236.35
vn -0.0450976 0.860819 0.50691
v 66.5783 -7.56952 1235.96
vn 0.020836 0.707016 0.70689
v 65.7994 -9.38443 1238.31
vn 0.110912 0.557794 0.822535
v 65.6031 -10.5718 1239.27
vn -0.140224 0.986844 0.080474
v 69.0836 -5.35026 1227.83
vn -0.124924 0.978378 0.164835
v 67.8439 -5.73643 1229.66
vn 0.320101 -0.226791 0.919837
v 64.7458 -14.4391 1240.91
vn 0.308737 -0.0952654 0.946365
v 64.6002 -14.0187 1241.03
vn -0.386062 0.600264 -0.700456
v 69.8287 -6.03069 1222.82
vn 0.345057 -0.601672 0.720366
v 64.079 -16.4494 1240.02
vn -0.439499 0.0130279 -0.898149
v 70.0971 -7.34735 1222.17
vn -0.41628 0.136089 -0.898994
v 68.7376 -7.31564 1222.76
vn -0.221181 -0.679138 -0.699894
v 68.9447 -8.90443 1223.36
vn -0.290663 -0.52575 -0.799439
v 68.4246 -8.4961 1223.2
vn 0.329753 -0.806364 0.490958
v 63.6137 -17.0819 1239.56
vn 0.129742 -0.972303 -0.194406
v 64.574 -17.1146 1235.25
vn 0.177245 -0.975995 -0.126564
v 64.7548 -17.297 1236.4
vn 0.215486 -0.976504 -0.00241662
v 64.381 -17.4296 1237.18
vn -0.0663474 -0.864595 -0.498069
v 66.4169 -15.4994 1230.2
vn -0.125158 0.962655 0.240066
v 66.1014 -6.74205 1233.64
vn -0.0883499 0.920773 0.379963
v 66.3289 -7.26125 1235.34
vn -0.00190844 0.75828 0.651926
v 65.5647 -8.92413 1237.78
vn -0.199137 0.979063 0.0421878
v 67.6211 -5.58691 1227.51
vn -0.182023 0.978255 0.0994192
v 67.2811 -5.77062 1229.24
vn 0.235392 0.30296 0.923475
v 63.9086 -13.1733 1241.15
vn 0.262119 0.0767524 0.961978
v 63.5212 -13.8662 1241.36
vn 0.169397 0.476151 0.862893
v 63.5866 -12.7827 1241.04
vn 0.19137 0.305538 0.932751
v 63.4669 -13.189 1241.25
vn -0.294869 0.889556 -0.348917
v 68.1674 -5.75586 1224.21
vn -0.257558 0.943014 -0.210684
v 68.0978 -5.61004 1224.78
vn -0.253046 0.961951 -0.103039
v 67.5386 -5.63926 1225.53
vn -0.300862 0.926134 -0.227503
v 67.4062 -5.77449 1224.94
vn -0.330422 0.880275 -0.340495
v 67.4549 -5.88077 1224.54
vn -0.375262 0.870476 -0.318512
v 67.0715 -5.96041 1224.73
vn -0.345292 0.913712 -0.21425
v 66.916 -5.87662 1225.22
vn -0.1901 0.981747 -0.00594035
v 68.0318 -5.49014 1226.48
vn -0.242825 0.969986 -0.0127574
v 66.6421 -5.79201 1226.87
vn 0.248672 0.150796 0.956777
v 62.2759 -13.9467 1241.68
vn -0.36139 0.689808 -0.627345
v 68.6685 -6.04436 1223.42
vn -0.410357 0.504437 -0.759704
v 68.6514 -6.35994 1223.16
vn -0.417413 0.358221 -0.835131
v 68.6086 -6.72569 1222.98
vn -0.3177 0.822869 -0.471119
v 68.2763 -5.84341 1223.94
vn -0.4523 0.170754 -0.875367
v 68.0689 -7.21477 1223.11
vn -0.377331 0.729114 -0.570977
v 67.9618 -6.01681 1223.89
vn -0.471171 0.363072 -0.803851
v 67.6898 -6.89545 1223.42
vn -0.359136 0.816797 -0.451513
v 67.7142 -5.93739 1224.19
vn -0.44358 0.56183 -0.698272
v 67.7152 -6.35833 1223.71
vn -0.425231 0.702773 -0.570341
v 67.5567 -6.09038 1224.08
vn -0.508356 0.409495 -0.757554
v 67.1466 -6.64654 1223.88
vn -0.422244 0.781811 -0.458782
v 66.9916 -6.08207 1224.55
vn -0.409463 -0.0789976 -0.9089
v 68.317 -7.62273 1222.95
vn -0.354219 -0.342478 -0.870194
v 68.2987 -8.17907 1223.09
vn -0.454265 -0.0417715 -0.889887
v 67.5125 -7.78278 1223.34
vn -0.497265 0.207643 -0.842385
v 67.2727 -7.38034 1223.5
vn -0.157752 -0.673008 -0.722616
v 67.2942 -10.2272 1225.26
vn -0.224079 -0.580072 -0.783138
v 66.3999 -9.14852 1224.41
vn -0.218613 -0.554158 -0.803192
v 65.7967 -12.0373 1226.93
vn -0.184586 -0.622439 -0.76059
v 65.6372 -11.2137 1226.39
vn -0.190187 -0.606611 -0.771914
v 66.0344 -13.2877 1227.73
vn 0.24499 -0.965318 0.0902262
v 62.6192 -17.7538 1238.46
vn -0.119943 -0.764548 -0.633308
v 64.9503 -14.9568 1229.6
vn -0.131527 0.928454 0.34738
v 63.9866 -7.49402 1235.25
vn -0.150754 0.961744 0.228738
v 63.6159 -7.20695 1234.1
vn -0.0795388 0.868694 0.488922
v 64.3429 -7.93041 1236.31
vn -0.0542141 0.821589 0.567496
v 63.4434 -8.53429 1237.15
vn -0.229788 0.971196 0.0630496
v 65.9314 -6.07566 1229.39
vn -0.189334 0.974247 0.122453
v 64.1048 -6.73139 1231.86
vn 0.0627941 0.644613 0.761926
v 61.7383 -11.23 1240.18
vn 0.155637 0.465174 0.87143
v 62.0052 -12.999 1241.42
vn 0.19649 0.33888 0.920083
v 62.3269 -13.3923 1241.53
vn -0.306978 0.94634 -0.10102
v 65.8166 -6.06053 1226.48
vn -0.273742 0.961748 -0.0103144
v 65.6564 -6.05058 1227.4
vn 0.304235 -0.0964128 0.947706
v 62.0301 -14.6758 1241.75
vn -0.500051 0.599125 -0.625298
v 66.5071 -6.46596 1224.48
vn -0.540704 0.431787 -0.721941
v 65.9379 -6.93985 1224.57
vn -0.520363 0.217797 -0.825704
v 66.0365 -7.66813 1224.18
vn -0.309455 -0.457027 -0.833885
v 65.2178 -9.37037 1224.91
vn -0.502804 0.0381724 -0.863557
v 65.0132 -8.35296 1224.7
vn -0.399255 -0.293538 -0.86858
v 64.9026 -8.90916 1224.84
vn -0.386796 -0.40666 -0.827657
v 64.7835 -9.31006 1225.05
vn -0.242909 -0.581211 -0.776653
v 65.2958 -9.79984 1225.17
vn -0.328218 -0.532311 -0.780332
v 64.6139 -9.81639 1225.44
vn -0.198533 -0.651447 -0.732258
v 65.2696 -10.4755 1225.74
vn -0.225479 -0.593467 -0.77263
v 63.8821 -11.157 1226.87
vn -0.2408 -0.535469 -0.809499
v 63.3291 -12.83 1228.11
vn -0.00749586 -0.904518 -0.426369
v 63.5042 -16.2321 1231.59
vn 0.0721973 -0.948935 -0.307098
v 63.0233 -16.6406 1232.66
vn 0.0279329 -0.906024 -0.422305
v 62.7199 -16.4758 1232.18
vn 0.11771 0.596274 0.794104
v 59.9387 -12.7019 1241.56
vn -0.323983 0.943074 -0.0751437
v 64.0479 -6.54922 1227.62
vn -0.377091 0.904776 -0.197944
v 63.782 -6.73094 1226.95
vn 0.348957 -0.274329 0.896088
v 60.0645 -15.7014 1242.19
vn 0.316223 0.0987098 0.943536
v 58.7646 -14.7749 1242.84
vn 0.35234 -0.106927 0.929744
v 58.7886 -15.2168 1242.84
vn 0.241825 0.325576 0.914069
v 58.7785 -14.2089 1242.68
vn -0.523493 0.574707 -0.62902
v 64.6345 -6.96719 1225.62
vn -0.532835 0.455433 -0.713209
v 64.5735 -7.30915 1225.41
vn -0.457822 0.786263 -0.414958
v 63.3895 -7.00624 1226.68
vn 0.367658 -0.417817 0.830817
v 59.5535 -16.1373 1242.21
vn -0.529722 0.281308 -0.800162
v 63.8807 -8.22106 1225.46
vn -0.360474 -0.428642 -0.828447
v 64.2676 -9.37798 1225.35
vn -0.435722 -0.241969 -0.866947
v 63.9729 -9.14162 1225.4
vn -0.495555 0.0178107 -0.868394
v 63.8365 -8.6527 1225.39
vn -0.272679 -0.582232 -0.765932
v 63.3871 -10.0839 1226.14
vn 0.31468 -0.887954 0.335431
v 59.5059 -18.2516 1240.6
vn 0.378232 -0.639311 0.669494
v 58.024 -18.2431 1241.62
vn 0.140286 -0.978943 -0.148293
v 59.9409 -18.2522 1237.59
vn 0.186152 -0.977643 -0.0977828
v 60.2148 -18.3053 1238.36
vn -0.0199682 -0.823806 -0.56652
v 61.4839 -16.0328 1231.35
vn -0.067562 -0.685223 -0.725193
v 61.3033 -15.4291 1230.68
vn 0.0464784 -0.916319 -0.397742
v 60.6407 -16.8729 1232.8
vn 0.11248 -0.950181 -0.290695
v 59.6204 -17.4755 1234.33
vn -0.173693 0.960376 0.217964
v 61.2571 -7.56786 1233.93
vn 0.0743825 0.63977 0.764959
v 57.69 -12.9425 1242.12
vn 0.165278 0.495375 0.852811
v 57.4086 -13.7737 1242.77
vn -0.370692 0.918469 -0.137848
v 62.6404 -7.0357 1227.89
vn -0.453332 0.851449 -0.263675
v 61.6417 -7.44312 1228.09
vn -0.419191 0.871151 -0.255684
v 60.8994 -7.65516 1228.72
vn -0.272476 0.96212 -0.00905189
v 61.7402 -7.21205 1230.42
vn -0.352885 0.92132 -0.163222
v 60.8262 -7.57824 1229.23
vn 0.247051 0.332716 0.910091
v 57.4307 -14.6514 1243.24
vn 0.366059 -0.145621 0.919128
v 57.3426 -15.6681 1243.37
vn 0.275464 0.164573 0.94712
v 57.0161 -15.2441 1243.51
vn -0.464821 0.82232 -0.328226
v 62.2832 -7.32015 1227.39
vn -0.526118 0.616261 -0.586022
v 62.4686 -7.49712 1226.86
vn -0.536412 0.415739 -0.734454
v 62.3817 -8.01098 1226.54
vn -0.561417 0.317184 -0.764333
v 62.1852 -8.43298 1226.49
vn -0.582429 0.442824 -0.681677
v 61.933 -8.13532 1226.82
vn -0.558346 0.642164 -0.525239
v 61.8263 -7.68978 1227.29
vn -0.520202 0.769296 -0.37091
v 61.52 -7.66562 1227.69
vn -0.533149 0.201247 -0.821737
v 62.2591 -8.80205 1226.3
vn -0.479091 -0.0790388 -0.874199
v 62.274 -9.2501 1226.25
vn -0.585945 0.192519 -0.78715
v 62.0378 -8.86483 1226.44
vn -0.539309 0.0751196 -0.838751
v 62.0792 -9.06714 1226.37
vn -0.519552 -0.0761332 -0.85104
v 62.0228 -9.3186 1226.41
vn -0.446455 -0.224264 -0.866247
v 62.1999 -9.53741 1226.34
vn -0.407061 -0.362863 -0.838231
v 61.8324 -10.0233 1226.68
vn -0.500282 -0.200282 -0.842381
v 61.3039 -9.78495 1226.91
vn -0.566631 0.0076924 -0.823936
v 61.1494 -9.57677 1226.98
vn -0.272221 -0.55153 -0.788486
v 61.7372 -10.9971 1227.31
vn -0.244715 -0.472718 -0.846553
v 59.8428 -14.0013 1229.86
vn 0.137174 -0.965938 -0.219427
v 58.7762 -18.3093 1236.98
vn -0.152207 -0.589545 -0.793265
v 60.0551 -14.6951 1230.25
vn -0.0181546 -0.744097 -0.667825
v 59.8021 -16.0531 1231.34
vn -0.0733379 -0.62539 -0.776858
v 59.7164 -15.7024 1231.03
vn -0.0890026 -0.665404 -0.741158
v 59.4111 -15.9607 1231.27
vn -0.128814 -0.58429 -0.801257
v 59.3284 -15.5801 1230.99
vn -0.16214 -0.590581 -0.790522
v 58.8295 -15.7718 1231.21
vn 0.0322294 -0.869623 -0.492663
v 60.0433 -16.4455 1231.9
vn -0.0597046 -0.779365 -0.623719
v 59.3048 -16.2285 1231.57
vn -0.11851 -0.688853 -0.715148
v 58.9501 -16.0418 1231.41
vn 0.0789251 -0.92784 -0.364531
v 59.4079 -17.2029 1233.46
vn -0.239606 0.970402 0.0301429
v 59.8525 -7.68038 1232.26
vn -0.210744 0.968673 0.131378
v 59.3052 -7.9414 1233.88
vn 0.0377854 0.705287 0.707915
v 57.0191 -12.4409 1241.73
vn -0.406935 0.84503 -0.346884
v 59.217 -8.13558 1229.65
vn -0.280277 0.956965 -0.0752493
v 59.4426 -7.80054 1230.87
vn -0.350592 0.911186 -0.216391
v 58.8569 -8.07364 1230.3
vn 0.189188 0.377389 0.906524
v 56.6881 -14.6918 1243.43
vn -0.548932 0.676152 -0.491417
v 60.6091 -8.08866 1228.15
vn -0.588377 0.49878 -0.636421
v 59.9424 -8.59454 1228.31
vn -0.477766 0.744182 -0.466833
v 59.1914 -8.35032 1229.28
vn -0.534965 0.535098 -0.653821
v 59.1922 -8.65222 1228.93
vn -0.564427 0.326156 -0.758317
v 59.1109 -9.37569 1228.56
vn 0.424408 -0.267699 0.864994
v 54.852 -16.837 1244.14
vn -0.522359 -0.119479 -0.844314
v 59.4549 -10.3786 1228.2
vn -0.537469 0.0695881 -0.840407
v 59.4114 -9.90836 1228.21
vn -0.4487 -0.278519 -0.849173
v 59.2767 -10.7828 1228.4
vn -0.355153 -0.408852 -0.840658
v 59.1011 -11.3704 1228.73
vn -0.407816 -0.219238 -0.886352
v 58.7073 -10.8345 1228.69
vn 0.389523 -0.668304 0.633752
v 55.853 -18.5835 1242.54
vn 0.36783 -0.768471 0.523597
v 55.704 -18.8817 1242.27
vn 0.437085 -0.558091 0.705331
v 54.6886 -18.4644 1243.32
vn 0.339513 -0.875406 0.344087
v 55.6395 -19.1157 1241.87
vn -0.184094 -0.534685 -0.824756
v 58.7504 -15.3532 1230.95
vn 0.0971507 -0.918191 -0.384039
v 57.6184 -17.5047 1233.73
vn 0.246978 -0.941432 -0.229583
v 55.385 -19.0391 1237.51
vn 0.21301 -0.962007 -0.170791
v 55.2034 -19.2518 1238.3
vn -0.263592 0.964408 0.0209104
v 56.6439 -8.57365 1233.95
vn 0.00520989 0.711197 0.702973
v 55.3409 -12.4232 1241.74
vn -0.0283508 0.80773 0.58887
v 55.2612 -11.6086 1240.73
vn -0.325924 0.93756 -0.121471
v 56.8116 -8.522 1231.86
vn 0.328104 0.105589 0.938722
v 54.0868 -16.2467 1244.5
vn 0.203888 0.380263 0.902125
v 54.1465 -15.2236 1244.13
vn -0.47283 0.600174 -0.645153
v 58.2068 -8.88815 1229.48
vn -0.462586 0.419655 -0.780963
v 57.9593 -9.44431 1229.26
vn -0.441574 0.734323 -0.51554
v 57.6837 -8.71785 1230.07
vn -0.465973 0.217664 -0.857608
v 58.5493 -9.7026 1228.8
vn -0.370494 -0.0821587 -0.925194
v 58.1689 -10.6513 1228.88
vn -0.280421 -0.32669 -0.902573
v 57.9773 -11.3866 1229.12
vn -0.334182 0.0596108 -0.940622
v 57.6644 -10.4851 1229.06
vn -0.411468 0.272144 -0.869846
v 57.6003 -10.0753 1229.18
vn -0.177248 -0.238125 -0.954924
v 57.3453 -11.3031 1229.23
vn 0.419829 -0.691093 0.588332
v 54.132 -19.0322 1243.17
vn 0.455133 -0.620636 0.638487
v 52.7302 -19.1942 1244.06
vn 0.429751 -0.718396 0.547011
v 52.5075 -19.5263 1243.86
vn -0.18375 -0.445156 -0.876397
v 57.99 -12.0762 1229.46
vn -0.021823 -0.51686 -0.855792
v 57.4287 -12.4983 1229.78
vn -0.0461988 -0.558109 -0.828481
v 57.0017 -13.1846 1230.23
vn -0.0302624 -0.389891 -0.920364
v 56.9621 -11.9519 1229.47
vn -0.0564782 -0.393923 -0.917407
v 56.4484 -12.2984 1229.61
vn -0.158905 -0.481138 -0.862122
v 57.3304 -13.5047 1230.38
vn -0.185417 -0.495569 -0.848547
v 56.5933 -14.4982 1231.05
vn -0.120458 -0.579372 -0.806113
v 55.9399 -13.8147 1230.77
vn 0.390292 -0.814959 0.428385
v 53.4878 -19.5413 1242.93
vn 0.286172 -0.952717 0.102154
v 52.7559 -20.135 1241.66
vn -0.21634 -0.502047 -0.837345
v 56.4924 -15.5317 1231.64
vn -0.166836 -0.64507 -0.745688
v 55.9623 -16.4506 1232.4
vn 0.16812 -0.935445 -0.31093
v 55.2471 -18.4258 1235.41
vn 0.229749 -0.93957 -0.253819
v 54.9742 -19.153 1237.32
vn 0.242834 -0.964256 -0.106024
v 53.5716 -19.9023 1240.34
vn -0.0980756 0.892219 0.440824
v 54.1554 -10.4257 1238.68
vn -0.0537384 0.863307 0.501809
v 54.9243 -10.5672 1239.06
vn -0.0412117 0.864098 0.501634
v 54.4293 -10.7182 1239.31
vn -0.00774732 0.803371 0.595428
v 53.9697 -11.7268 1240.77
vn 0.0225731 0.736939 0.675583
v 52.6583 -12.8429 1242.18
vn 0.158503 0.508373 0.846424
v 53.1311 -14.9689 1244.23
vn -0.404521 0.848207 -0.341917
v 56.5894 -8.85707 1230.88
vn -0.465669 0.580112 -0.668298
v 54.8768 -10.0045 1230.7
vn -0.249099 -0.0724249 -0.965766
v 56.1832 -11.5394 1229.48
vn -0.362614 0.143787 -0.92078
v 55.5684 -11.3719 1229.7
vn -0.412754 0.336545 -0.846387
v 55.4348 -10.7869 1229.93
vn -0.397959 0.0338297 -0.916779
v 55.1502 -11.6535 1229.84
vn -0.445827 0.450845 -0.77329
v 55.0954 -10.2954 1230.35
vn -0.45932 0.369627 -0.807713
v 54.9864 -10.6771 1230.22
vn -0.436764 0.247026 -0.864995
v 54.9029 -11.2638 1230.02
vn -0.463783 0.14716 -0.873641
v 54.7467 -11.5025 1230.05
vn -0.455739 -0.000581426 -0.890113
v 54.6016 -11.7577 1230.1
vn -0.13526 -0.250482 -0.958626
v 56.3195 -11.979 1229.51
vn -0.0683972 -0.546062 -0.834948
v 56.1355 -12.6354 1229.81
vn -0.226725 -0.233326 -0.945598
v 55.9863 -12.0685 1229.6
vn -0.191645 -0.3694 -0.909294
v 56.0032 -12.3552 1229.68
vn -0.237911 -0.460657 -0.855099
v 55.6936 -12.6539 1229.91
vn -0.315742 -0.1075 -0.942736
v 55.6739 -11.8286 1229.65
vn -0.309031 -0.304953 -0.900835
v 55.5643 -12.338 1229.81
vn -0.377157 -0.170584 -0.910304
v 55.1919 -12.0528 1229.86
vn -0.447468 -0.133974 -0.884208
v 54.5162 -12.0249 1230.17
vn -0.163658 -0.601402 -0.782005
v 55.2738 -13.2642 1230.4
vn -0.258348 -0.512585 -0.818849
v 54.8337 -13.2636 1230.52
vn -0.335605 -0.386057 -0.859261
v 54.7612 -12.7771 1230.29
vn -0.24997 -0.600908 -0.759226
v 54.5313 -13.4921 1230.78
vn -0.400627 -0.274053 -0.874296
v 54.6348 -12.4314 1230.21
vn -0.349098 -0.457379 -0.817885
v 54.397 -13.2277 1230.65
vn -0.238674 -0.559902 -0.793439
v 55.0848 -14.3756 1231.4
vn 0.369886 -0.847469 0.380764
v 52.0558 -19.9668 1243.48
vn 0.327906 -0.91275 0.243649
v 51.4096 -20.3641 1243.07
vn -0.224773 -0.553267 -0.802105
v 53.458 -16.6925 1233.23
vn -0.00855193 -0.793448 -0.608578
v 53.1164 -18.1337 1234.72
vn 0.0921499 -0.901943 -0.421909
v 53.6067 -18.8371 1235.9
vn 0.0779269 -0.850659 -0.51991
v 52.311 -18.9987 1235.92
vn 0.179129 -0.954298 -0.239224
v 53.3643 -19.5012 1237.72
vn -0.102823 0.902605 0.418009
v 52.6902 -10.9145 1239.42
vn -0.194546 0.975182 0.105693
v 52.5262 -9.76712 1235.69
vn 0.1734 0.472522 0.864092
v 50.0901 -17.0202 1246.03
vn -0.459421 0.730214 -0.505688
v 54.5454 -9.79816 1231.2
vn -0.512593 0.580186 -0.632955
v 53.9009 -10.2373 1231.24
vn -0.415627 0.843927 -0.339178
v 53.1618 -9.91663 1232.42
vn -0.513351 0.676741 -0.527724
v 52.8985 -10.2179 1232.17
vn 0.270771 0.308539 0.911859
v 50.2556 -17.3448 1246.13
vn 0.378035 0.0298227 0.925311
v 50.0907 -17.8361 1246.29
vn 0.357338 0.108319 0.927673
v 48.7341 -18.3211 1246.82
vn -0.501809 0.431496 -0.749666
v 54.5594 -10.5793 1230.52
vn -0.510939 0.283472 -0.811532
v 54.661 -11.314 1230.14
vn -0.514455 0.147605 -0.844719
v 54.4947 -11.5591 1230.18
vn -0.527396 0.0310882 -0.849051
v 54.3548 -11.8154 1230.24
vn -0.556507 0.222282 -0.800556
v 53.9617 -11.4894 1230.55
vn -0.548629 0.4043 -0.731812
v 53.8064 -10.5886 1231.05
vn -0.555809 -0.0714016 -0.828238
v 52.6246 -12.3256 1231.37
vn 0.426534 -0.7683 0.477267
v 49.6186 -20.2475 1245.02
vn 0.475127 -0.542717 0.692612
v 49.5621 -19.5128 1245.9
vn -0.33108 -0.56141 -0.758422
v 54.0405 -13.5996 1231.06
vn -0.494585 -0.161411 -0.85401
v 54.0469 -12.1451 1230.44
vn -0.430288 -0.315427 -0.845788
v 54.0832 -12.753 1230.59
vn -0.421907 -0.415966 -0.805585
v 53.9653 -13.1403 1230.82
vn -0.492484 -0.30016 -0.816923
v 53.1092 -12.8894 1231.19
vn -0.3651 -0.512171 -0.777421
v 53.4692 -14.529 1232.05
vn -0.426368 -0.477791 -0.768066
v 53.6083 -13.5176 1231.22
vn -0.344434 -0.418519 -0.840361
v 53.4871 -15.1643 1232.42
vn -0.417277 -0.381347 -0.824897
v 52.6597 -15.0368 1232.73
vn 0.323988 -0.922219 0.211056
v 49.8416 -20.8605 1243.05
vn 0.357731 -0.884201 0.300361
v 49.7023 -20.6338 1244.1
vn -0.122156 -0.697308 -0.706286
v 52.6895 -17.5932 1234.18
vn 0.225188 -0.942974 -0.245134
v 51.4413 -20.0986 1238.41
vn 0.235338 -0.928798 -0.286268
v 49.9006 -20.7141 1239.3
vn 0.259338 -0.953192 -0.155464
v 50.9019 -20.7177 1240.55
vn 0.32028 -0.939997 0.117586
v 50.1982 -20.9071 1242.17
vn 0.367684 -0.919171 0.141186
v 48.9989 -21.3082 1242.55
vn 0.301327 -0.952621 -0.0414151
v 49.2048 -21.2615 1241.44
vn 0.0046591 -0.801293 -0.598254
v 51.3205 -18.9047 1235.68
vn 0.020019 -0.83247 -0.553708
v 50.9182 -19.3332 1236.29
vn -0.106634 -0.721143 -0.68453
v 50.6799 -18.9109 1235.73
vn -0.14803 0.917675 0.368726
v 51.1687 -10.8178 1238.62
vn -0.238544 0.970291 -0.0403977
v 52.5292 -9.75167 1234.49
vn -0.301848 0.942857 -0.141096
v 52.6382 -9.81635 1233.53
vn -0.244778 0.967424 -0.0646138
v 51.1032 -10.0124 1235.14
vn -0.335344 0.918931 -0.20763
v 50.9428 -10.1287 1234.72
vn -0.151462 0.947321 0.282209
v 50.7754 -10.4726 1237.67
vn 0.206607 0.526448 0.824722
v 47.9092 -16.4123 1245.98
vn -0.556002 0.541714 -0.630403
v 52.7609 -10.5445 1231.94
vn 0.46545 -0.219146 0.857515
v 48.4195 -18.8266 1246.93
vn 0.244468 0.369186 0.896626
v 48.0646 -18.1167 1246.99
vn -0.591828 0.27961 -0.756014
v 52.5603 -11.497 1231.58
vn -0.585772 0.109673 -0.803021
v 52.5187 -12.1272 1231.45
vn -0.587155 0.408075 -0.699088
v 52.5455 -10.9406 1231.85
vn -0.59557 -0.0020551 -0.803301
v 50.5299 -12.8 1232.9
vn -0.545648 -0.210289 -0.811201
v 51.4149 -13.0228 1232.31
vn -0.432746 -0.403948 -0.805951
v 51.0157 -14.2414 1233.19
vn -0.482343 -0.409658 -0.774291
v 50.9973 -13.6115 1232.82
vn -0.49831 -0.370585 -0.783807
v 50.402 -13.9679 1233.41
vn -0.433988 -0.382099 -0.815877
v 50.6521 -14.6866 1233.55
vn -0.434416 -0.337279 -0.83518
v 49.8256 -15.7715 1234.62
vn -0.435116 -0.267666 -0.859668
v 51.3407 -16.2448 1233.83
vn -0.333319 -0.426347 -0.840908
v 50.4863 -17.6202 1234.73
vn -0.218841 -0.59309 -0.774824
v 50.3176 -18.1259 1235.11
vn -0.484181 -0.177912 -0.856689
v 49.4348 -17.3217 1235.07
vn 0.40095 -0.915887 0.0197368
v 47.8361 -21.7174 1241.53
vn 0.123184 -0.894615 -0.429522
v 49.7235 -20.0895 1237.44
vn -0.0256453 -0.78806 -0.615064
v 49.3778 -19.9459 1237.18
vn -0.134543 -0.688519 -0.712629
v 48.8327 -19.3637 1236.63
vn 0.319349 -0.911434 -0.259429
v 48.6439 -21.2565 1239.83
vn -0.260288 0.965528 0.00232288
v 50.5403 -10.1504 1235.62
vn -0.328231 0.934557 -0.137361
v 50.4035 -10.2135 1235.3
vn -0.380235 0.913658 -0.143704
v 50.1564 -10.285 1235.43
vn -0.416034 0.863203 -0.286002
v 50.2286 -10.3722 1234.92
vn -0.167947 0.964429 0.204133
v 50.2651 -10.3797 1237.09
vn -0.18734 0.948112 0.25688
v 49.9721 -10.5104 1237.41
vn -0.226149 0.968892 0.10052
v 50.1955 -10.2819 1236.41
vn -0.274335 0.952208 0.134313
v 49.6561 -10.4758 1236.86
vn -0.337266 0.941307 -0.0138735
v 49.8278 -10.3663 1236.01
vn -0.391001 0.920379 -0.00458514
v 49.038 -10.667 1236.57
vn -0.487163 0.851819 -0.192551
v 48.9578 -10.7927 1235.76
vn -0.158576 0.917842 0.363895
v 49.8307 -10.7235 1237.97
vn -0.24125 0.936338 0.255088
v 49.2256 -10.7789 1237.77
vn 0.0521081 0.732581 0.678682
v 47.4588 -14.0694 1244.05
vn 0.127204 0.645367 0.753206
v 47.4295 -15.8537 1245.68
vn 0.195219 0.603515 0.773084
v 45.9885 -16.8213 1246.88
vn 0.304104 0.441552 0.844128
v 45.8187 -17.3303 1247.26
vn -0.582102 0.51462 -0.629543
v 50.2482 -11.1494 1233.76
vn -0.526428 0.690104 -0.496619
v 49.9937 -10.7814 1234.38
vn -0.493088 0.804651 -0.330758
v 49.3812 -10.7331 1235.19
vn -0.594836 0.321391 -0.736803
v 49.4033 -11.7628 1234.13
vn -0.568588 0.692408 -0.444161
v 49.1516 -11.0412 1234.95
vn 0.256049 0.437744 0.861869
v 47.1208 -17.5194 1246.81
vn 0.225386 0.433806 0.872361
v 45.5598 -19.04 1248.14
vn 0.315978 0.234673 0.919286
v 45.16 -19.5706 1248.45
vn 0.42324 -0.0394756 0.905157
v 45.074 -19.932 1248.52
vn -0.614808 0.18437 -0.766824
v 50.3509 -12.4153 1233.08
vn -0.522521 -0.198149 -0.829282
v 49.377 -13.2118 1233.78
vn -0.593519 0.137338 -0.793015
v 49.3036 -12.7724 1233.85
vn 0.523466 -0.668678 0.528065
v 46.3466 -21.0391 1246.99
vn 0.460525 -0.232153 0.856751
v 45.0682 -20.363 1248.45
vn 0.51148 -0.352719 0.783567
v 44.8825 -20.7872 1248.4
vn 0.551106 -0.509317 0.660968
v 44.6331 -21.3756 1248.23
vn -0.306752 -0.462414 -0.831911
v 49.6152 -15.0587 1234.24
vn -0.211982 -0.547715 -0.809366
v 49.0881 -15.9478 1235.03
vn -0.158261 -0.529754 -0.833255
v 48.4513 -15.9132 1235.11
vn -0.144045 -0.613353 -0.776562
v 47.8373 -16.4651 1235.58
vn 0.453628 -0.829384 0.326103
v 45.6594 -21.7865 1246.37
vn -0.183914 -0.617355 -0.764885
v 47.9252 -16.7914 1235.9
vn -0.473402 -0.255705 -0.842915
v 47.8098 -17.1539 1236.14
vn -0.283093 -0.610215 -0.73993
v 47.6238 -17.009 1236.17
vn -0.593249 0.0317744 -0.804392
v 47.2012 -18.22 1236.56
vn 0.450832 -0.877132 0.1655
v 45.5934 -22.5892 1243.73
vn -0.23478 -0.567309 -0.789328
v 47.9848 -19.0563 1236.56
vn 0.137712 -0.874419 -0.465218
v 46.3822 -21.5248 1239.26
vn 0.16823 -0.835494 -0.523115
v 46.0332 -21.818 1239.72
vn -0.342446 0.932722 0.112964
v 47.8516 -11.2188 1237.84
vn -0.150661 0.898707 0.411859
v 46.2279 -13.1707 1242.52
vn -0.249375 0.914811 0.3177
v 45.6722 -13.1316 1242.14
vn -0.0515357 0.830112 0.55521
v 46.8788 -13.4601 1243.27
vn -0.117683 0.824012 0.554216
v 46.13 -13.7531 1243.61
vn -0.199297 0.8767 0.437811
v 45.379 -13.6664 1243.2
vn 0.00245965 0.750105 0.661314
v 45.4064 -16.6378 1246.82
vn 0.245936 0.487291 0.837892
v 44.8277 -17.6432 1247.76
vn 0.125119 0.645927 0.753076
v 44.4977 -17.3367 1247.6
vn 0.276204 0.381921 0.881957
v 45.0173 -18.5732 1248.01
vn 0.184008 0.471595 0.862403
v 44.8992 -18.9632 1248.24
vn 0.347338 0.317124 0.88249
v 44.9575 -17.9537 1247.86
vn 0.213365 0.415913 0.88402
v 44.7832 -19.3315 1248.47
vn 0.281769 0.357497 0.890395
v 44.1493 -19.2671 1248.57
vn 0.252979 0.321083 0.912638
v 43.9711 -19.863 1248.9
vn 0.3821 0.248456 0.890095
v 43.2164 -19.0353 1248.91
vn 0.321228 0.267273 0.908503
v 43.0931 -19.8401 1249.14
vn -0.50102 -0.00607832 -0.865414
v 48.2462 -13.5208 1234.48
vn -0.560868 0.191329 -0.805494
v 48.2832 -13.0769 1234.53
vn -0.55103 0.144815 -0.821824
v 46.9552 -13.8426 1235.23
vn -0.583602 0.267864 -0.766588
v 46.6808 -13.3184 1235.59
vn 0.377891 0.0466062 0.924676
v 43.8431 -20.3662 1249.05
vn -0.348619 -0.311 -0.884163
v 47.7687 -15.8071 1235.21
vn -0.239121 -0.45986 -0.85519
v 47.7579 -16.0492 1235.31
vn -0.453703 -0.118075 -0.883296
v 47.2858 -14.2183 1235.01
vn -0.530455 -0.0717164 -0.844674
v 46.5969 -14.4087 1235.42
vn -0.332768 -0.456043 -0.825403
v 47.3081 -16.2134 1235.57
vn -0.312353 -0.577098 -0.754582
v 46.9059 -16.5775 1235.97
vn -0.429487 -0.272953 -0.860835
v 46.8937 -15.8824 1235.63
vn -0.42055 -0.427415 -0.800283
v 46.2846 -16.3827 1236.14
vn -0.33469 -0.635357 -0.695919
v 46.1187 -16.8511 1236.55
vn -0.489579 -0.25235 -0.834645
v 46.061 -15.9303 1236.09
vn 0.484825 -0.82215 0.298354
v 42.8797 -22.7992 1248.12
vn -0.186831 -0.664847 -0.723238
v 47.5348 -16.6935 1235.84
vn -0.236578 -0.716502 -0.656244
v 46.9905 -16.9391 1236.27
vn -0.291371 -0.69729 -0.654896
v 46.8883 -17.1635 1236.59
vn -0.51975 -0.292482 -0.802692
v 47.0215 -17.4381 1236.71
vn -0.589555 0.11652 -0.799279
v 45.0786 -19.1503 1238.07
vn 0.466888 -0.843085 0.266876
v 43.8084 -23.0458 1245.6
vn -0.465384 -0.205579 -0.860904
v 45.5261 -19.4872 1237.76
vn 0.0356635 -0.800251 -0.598604
v 46.0359 -21.3867 1239
vn 0.0467524 -0.792565 -0.607992
v 45.2861 -21.6906 1239.33
vn -0.0792354 -0.694318 -0.715293
v 45.2509 -21.2344 1238.86
vn 0.0570545 -0.757284 -0.650589
v 45.1715 -22.4467 1240.31
vn 0.421875 -0.903676 -0.0734263
v 45.2278 -23.0871 1241.65
vn 0.223295 -0.845806 -0.484512
v 45.2114 -22.854 1240.82
vn -0.424884 0.905245 0.00217448
v 45.56 -12.2667 1238.99
vn -0.233092 0.907574 0.349254
v 45.7942 -12.4142 1240.18
vn -0.339676 0.918525 0.202319
v 45.6359 -12.2993 1239.72
vn -0.206833 0.91475 0.347064
v 45.5 -12.8595 1241.04
vn -0.326522 0.907141 0.265479
v 44.7361 -12.9059 1240.55
vn -0.0614974 0.804734 0.590441
v 42.6715 -16.7945 1246.66
vn -0.511813 0.785772 -0.347289
v 46.1807 -12.23 1237.02
vn -0.581124 0.546484 -0.603034
v 45.5801 -12.9249 1236.69
vn -0.456878 0.880169 -0.128709
v 46.4033 -11.9579 1237.72
vn -0.56802 0.607205 -0.555568
v 45.3802 -12.8345 1236.97
vn -0.460771 0.876647 -0.138492
v 44.765 -12.6371 1238.31
vn -0.548576 0.747068 -0.375439
v 44.7967 -12.7724 1237.76
vn -0.590007 -0.0136196 -0.807284
v 45.2423 -14.5957 1236.37
vn -0.61284 0.380921 -0.692334
v 45.1348 -13.4042 1236.77
vn -0.614206 0.159576 -0.772843
v 45.0735 -14.2075 1236.54
vn 0.413983 0.139223 0.899575
v 41.3682 -21.0136 1250.14
vn -0.544051 -0.161811 -0.823302
v 45.2951 -15.3522 1236.44
vn -0.261951 -0.711906 -0.651592
v 44.7446 -17.3942 1237.76
vn -0.383662 -0.549313 -0.742333
v 44.7157 -16.8728 1237.33
vn -0.441744 -0.394237 -0.805878
v 44.0426 -16.7971 1237.66
vn -0.267052 -0.627791 -0.731137
v 44.3074 -17.3637 1237.9
vn 0.500289 -0.763238 0.408874
v 40.8327 -23.4603 1249.56
vn 0.526739 -0.46211 0.713442
v 40.5747 -23.096 1250.18
vn -0.240023 -0.734908 -0.634271
v 45.0474 -17.7595 1238.13
vn -0.390973 -0.544397 -0.74214
v 45.2214 -17.8346 1238.13
vn -0.57476 -0.113819 -0.810368
v 45.1441 -18.0951 1238.28
vn -0.602391 0.169345 -0.78003
v 44.4915 -18.5383 1238.73
vn -0.184395 -0.728309 -0.659973
v 44.5182 -17.9094 1238.46
vn -0.364963 -0.480448 -0.797479
v 44.4329 -18.1218 1238.71
vn -0.486837 -0.214201 -0.846822
v 44.3662 -18.3482 1238.83
vn -0.223187 -0.645114 -0.730763
v 43.94 -18.2511 1238.97
vn -0.372616 -0.471584 -0.799228
v 43.6391 -18.4632 1239.24
vn -0.14357 -0.774094 -0.616576
v 43.4464 -18.3885 1239.23
vn -0.556025 0.0422053 -0.830093
v 43.2283 -18.928 1239.58
vn -0.57476 0.238413 -0.782822
v 43.2482 -19.126 1239.51
vn 0.483417 -0.829748 0.278974
v 41.5347 -23.6988 1247.46
vn 0.468881 -0.843 0.263631
v 40.5656 -23.8307 1249.03
vn -0.426544 -0.252995 -0.868363
v 43.3824 -20.8747 1239.24
vn -0.508253 -0.0460476 -0.859976
v 43.2296 -20.3825 1239.24
vn -0.104475 -0.693359 -0.712978
v 43.6493 -22.0639 1239.85
vn -0.30676 -0.438289 -0.844868
v 42.8813 -21.7351 1239.81
vn -0.0655072 -0.700072 -0.711062
v 43.1911 -22.6547 1240.58
vn -0.16057 -0.643488 -0.748426
v 42.6576 -22.3849 1240.34
vn -0.0103227 -0.655765 -0.754895
v 43.1061 -23.5227 1241.27
vn -0.216878 0.943719 0.249716
v 42.5873 -14.0108 1241.95
vn -0.205423 0.910214 0.359599
v 42.3516 -14.3669 1242.89
vn -0.156001 0.848137 0.506287
v 41.909 -15.199 1244.45
vn -0.635247 0.512082 -0.578129
v 44.5596 -13.2561 1237.41
vn -0.617427 0.664618 -0.420794
v 44.1315 -13.1376 1238.08
vn -0.474843 0.87954 -0.0305425
v 44.4305 -12.7799 1238.85
vn -0.566841 0.795429 -0.214439
v 44.0802 -13.0574 1238.35
vn -0.304368 0.941417 0.14524
v 42.904 -13.6502 1240.56
vn -0.451787 0.891996 0.0152352
v 43.0357 -13.5375 1239.94
vn -0.573152 0.788423 -0.223351
v 42.6826 -13.8117 1239.44
vn -0.400076 0.910363 -0.105725
v 42.4904 -13.7939 1240.36
vn -0.0398779 0.820115 0.570807
v 40.7168 -17.9605 1248.07
vn 0.0899949 0.65694 0.748552
v 41.0952 -18.9888 1249.53
vn 0.292979 0.452217 0.842415
v 40.5064 -20.1001 1250.41
vn -0.0119301 0.777384 0.628913
v 40.0605 -18.9351 1249.5
vn 0.0940295 0.694729 0.713099
v 39.6504 -19.445 1250.05
vn 0.480111 0.112041 0.870023
v 40.3241 -20.7394 1250.72
vn -0.655827 0.322169 -0.682713
v 44.1633 -13.7452 1237.5
vn 0.468754 -0.0532052 0.881725
v 40.1753 -22.2331 1250.79
vn 0.542849 -0.0774558 0.836251
v 39.9318 -21.3684 1250.97
vn 0.512734 -0.269325 0.81521
v 39.5585 -22.7851 1251.02
vn -0.325222 -0.531591 -0.782075
v 42.7737 -17.9059 1238.83
vn -0.479205 -0.313257 -0.819898
v 42.4005 -17.6288 1238.88
vn -0.593988 -0.00255463 -0.80447
v 42.4472 -16.1042 1238.55
vn -0.394406 -0.544965 -0.739903
v 42.2848 -17.9944 1239.12
vn 0.525808 -0.621489 0.580756
v 40.2653 -23.491 1250.1
vn 0.532156 -0.519581 0.668465
v 38.5676 -23.9211 1251.09
vn 0.496972 -0.709043 0.500277
v 38.5629 -24.2122 1250.79
vn -0.142042 -0.7405 -0.656875
v 43.1576 -18.0716 1238.85
vn -0.43762 -0.380495 -0.814686
v 42.8781 -18.7877 1239.8
vn -0.562322 0.175516 -0.808077
v 42.7967 -20.0485 1239.54
vn -0.252214 -0.689158 -0.6793
v 42.9039 -18.615 1239.67
vn -0.127542 -0.816649 -0.562866
v 42.8084 -18.3675 1239.3
vn -0.133818 -0.834186 -0.535001
v 42.7096 -18.5566 1239.64
vn -0.253561 -0.6984 -0.669286
v 42.6655 -18.1927 1239.12
vn -0.219151 -0.78357 -0.581369
v 42.3186 -18.4642 1239.58
vn -0.252504 -0.712014 -0.655193
v 41.9255 -18.7976 1240.24
vn -0.5448 0.176394 -0.819804
v 41.7286 -19.3773 1240.58
vn -0.416234 -0.308298 -0.855396
v 41.5721 -19.1369 1240.67
vn -0.253213 -0.618449 -0.743912
v 41.382 -19.035 1240.67
vn 0.498276 -0.812195 0.303413
v 39.9845 -24.3151 1248.34
vn -0.439502 -0.122303 -0.889876
v 41.9038 -21.2211 1240.06
vn -0.50957 0.0737413 -0.857263
v 41.8408 -20.7469 1240.07
vn 0.503573 -0.811053 0.297671
v 40.1987 -24.9746 1246.59
vn -0.190244 -0.469145 -0.862386
v 41.0045 -23.3306 1241.49
vn 0.204179 -0.844844 -0.494519
v 39.8747 -25.4748 1243.08
vn 0.478162 -0.865151 0.151245
v 40.4098 -25.2934 1245.02
vn 0.388813 -0.91306 -0.123066
v 39.9352 -25.6676 1243.71
vn 0.448382 -0.887018 0.110241
v 39.4804 -25.8047 1244.94
vn 0.280014 -0.899478 -0.335457
v 39.5244 -25.7815 1243.52
vn 0.461105 -0.863792 0.203091
v 39.1168 -25.8305 1245.78
vn -0.507572 0.821581 -0.259568
v 42.1782 -14.0321 1239.89
vn -0.461055 0.800722 -0.382455
v 41.3557 -14.3605 1240.19
vn -0.427727 0.876489 -0.220947
v 41.3264 -14.2811 1240.45
vn -0.207237 0.945572 0.25089
v 41.2413 -14.2778 1242.13
vn -0.499675 0.813653 -0.297143
v 40.9235 -14.4933 1240.47
vn -0.351112 0.935842 0.0303449
v 40.6289 -14.4093 1241.88
vn -0.222163 0.912866 0.342519
v 40.6943 -14.5505 1242.54
vn -0.339772 0.919058 0.199716
v 40.2631 -14.6174 1242.38
vn -0.135771 0.893589 0.427861
v 40.3093 -15.6053 1244.72
vn -0.00719181 0.824184 0.566277
v 40.4964 -16.5454 1246.17
vn 0.0478116 0.786878 0.615254
v 38.9715 -19.0276 1249.61
vn 0.162109 0.650132 0.742326
v 37.8419 -20.7505 1251.67
vn -0.61562 0.394185 -0.682371
v 42.0033 -14.7752 1239.18
vn -0.62105 0.191617 -0.759987
v 42.0088 -15.3431 1238.94
vn -0.587424 0.636904 -0.499287
v 41.8655 -14.4952 1239.53
vn -0.528768 0.663335 -0.529519
v 40.8706 -14.7497 1240.12
vn -0.57127 0.472734 -0.67095
v 40.8617 -14.9049 1239.98
vn -0.593903 0.192202 -0.781241
v 40.7098 -15.513 1239.83
vn -0.609193 0.607151 -0.510148
v 40.491 -14.8678 1240.37
vn 0.591001 -0.321236 0.739949
v 38.2105 -23.1577 1251.86
vn 0.477314 0.144014 0.866852
v 37.9176 -21.9486 1252.26
vn 0.590677 -0.21386 0.778052
v 37.333 -23.2332 1252.52
vn 0.547735 -0.0095495 0.836597
v 37.1134 -22.6577 1252.79
vn 0.425002 0.285319 0.85905
v 37.0094 -21.8979 1252.71
vn 0.521412 0.134413 0.842652
v 36.7691 -22.5187 1253.01
vn -0.467058 -0.357381 -0.808787
v 40.9393 -17.9738 1239.94
vn -0.585938 -0.0134917 -0.810244
v 40.912 -16.3693 1239.64
vn -0.273562 -0.653697 -0.705581
v 40.8563 -18.6837 1240.48
vn -0.20325 -0.579509 -0.789214
v 40.5559 -18.8904 1240.76
vn -0.284311 -0.427314 -0.858237
v 39.9845 -18.6013 1240.75
vn 0.58756 -0.482485 0.649602
v 38.1757 -23.682 1251.55
vn 0.611199 -0.37633 0.696284
v 37.8686 -23.4554 1252.01
vn 0.550751 -0.582594 0.597709
v 37.3194 -24.2481 1251.84
vn 0.530478 -0.690273 0.492054
v 36.4129 -24.7869 1252.1
vn -0.529077 0.260709 -0.807532
v 40.8555 -20.5649 1240.72
vn -0.20568 -0.575777 -0.791313
v 40.8876 -19.1806 1240.93
vn -0.449101 -0.0266319 -0.893084
v 40.7667 -19.6103 1241.12
vn -0.271604 -0.362927 -0.891356
v 40.5814 -19.447 1241.17
vn -0.105056 -0.563664 -0.819296
v 40.3884 -19.375 1241.15
vn -0.117549 -0.479109 -0.869849
v 40.1767 -18.9256 1240.87
vn 0.0195344 -0.537731 -0.84289
v 39.9985 -19.2717 1241.1
vn 0.0158552 -0.397541 -0.917448
v 39.6071 -19.1847 1241.04
vn -0.35024 -0.12624 -0.928114
v 40.4776 -19.6621 1241.26
vn -0.468565 0.165628 -0.867764
v 40.341 -19.919 1241.31
vn -0.0824666 -0.425754 -0.901073
v 40.0789 -19.6768 1241.37
vn -0.253021 -0.138497 -0.957496
v 40.0145 -19.9278 1241.45
vn 0.0207889 -0.398039 -0.917133
v 39.823 -19.8405 1241.45
vn -0.296321 0.00140143 -0.955088
v 39.7222 -20.2441 1241.56
vn -0.183295 -0.114553 -0.976361
v 39.534 -20.2557 1241.61
vn -0.431311 0.226019 -0.873433
v 39.6705 -20.4602 1241.53
vn 0.117783 -0.500206 -0.857858
v 39.7426 -19.4355 1241.17
vn 0.486144 -0.792248 0.368791
v 37.6343 -24.9714 1250.42
vn -0.481193 0.102063 -0.870653
v 39.9663 -21.4053 1241.08
vn -0.4861 0.215696 -0.846866
v 39.039 -21.1864 1241.66
vn -0.291488 -0.39756 -0.870046
v 39.1743 -22.8687 1241.67
vn 0.504148 -0.790737 0.347232
v 36.758 -25.9464 1249.61
vn 0.0597636 -0.740114 -0.669821
v 39.4773 -25.4503 1242.97
vn 0.379952 -0.924419 -0.0329455
v 37.8855 -26.5807 1244.76
vn 0.419048 -0.900589 0.115492
v 37.2771 -26.8141 1245.41
vn 0.258131 -0.918393 -0.299871
v 38.0208 -26.43 1244.16
vn 0.15258 -0.859374 -0.488053
v 37.8686 -26.353 1243.92
vn -0.481336 0.872954 -0.0791659
v 40.169 -14.6148 1241.87
vn -0.647877 0.673113 -0.356615
v 40.0607 -14.9245 1240.94
vn -0.49117 0.867664 0.0768806
v 39.8119 -14.8111 1242.38
vn -0.612013 0.77325 -0.165907
v 39.5771 -15.0108 1241.95
vn -0.54583 0.831668 -0.10197
v 38.7605 -15.5601 1242.61
vn -0.287547 0.912517 0.290911
v 39.2445 -15.4624 1243.77
vn -0.205939 0.957502 0.20194
v 38.9036 -15.6714 1244.27
vn -0.433883 0.893586 0.115107
v 38.9133 -15.4511 1243.2
vn -0.386517 0.922258 0.00661884
v 38.4488 -15.6824 1243.26
vn -0.487167 0.841596 -0.233205
v 38.2113 -15.8413 1242.77
vn -0.0420368 0.905241 0.422814
v 39.0183 -16.1222 1245.5
vn 0.107889 0.719176 0.6864
v 37.3692 -20.2666 1251.33
vn 0.0445812 0.77466 0.630805
v 36.4989 -19.7608 1250.88
vn 0.27572 0.57318 0.771649
v 35.5854 -22.1368 1253.36
vn -0.676501 0.350591 -0.647636
v 40.2456 -15.2799 1240.31
vn -0.641062 0.0906806 -0.762113
v 40.2009 -15.9096 1240.18
vn -0.638715 0.184361 -0.74703
v 39.3276 -16.2703 1240.93
vn -0.625466 0.705679 -0.332881
v 38.9404 -15.6287 1241.9
vn -0.664874 0.473221 -0.57793
v 38.9071 -16.0541 1241.43
vn 0.586562 -0.136748 0.798276
v 35.615 -23.7459 1253.66
vn 0.510804 0.145165 0.847353
v 35.1068 -23.2197 1254.05
vn -0.382234 -0.130046 -0.914869
v 39.6126 -18.305 1240.81
vn -0.169978 -0.20533 -0.963819
v 39.4795 -18.8513 1240.95
vn -0.546638 -0.0522857 -0.835735
v 39.2391 -17.4599 1240.95
vn -0.275143 0.00679314 -0.961379
v 38.8304 -18.6924 1241.09
vn -0.385201 0.123971 -0.914468
v 38.7028 -18.0281 1241.19
vn -0.515152 0.170276 -0.840015
v 38.2747 -17.2336 1241.52
vn 0.613807 -0.293045 0.733052
v 35.7164 -24.1205 1253.48
vn 0.596139 -0.531816 0.60149
v 35.7137 -24.4742 1253.27
vn 0.630417 -0.480962 0.609303
v 34.3365 -24.9482 1254.29
vn -0.326448 0.00544024 -0.9452
v 38.9212 -20.8865 1241.8
vn 0.0646138 -0.432714 -0.899213
v 38.7414 -20.753 1241.78
vn 0.134671 -0.456419 -0.879514
v 38.7682 -19.9958 1241.29
vn -0.0503294 -0.247947 -0.967465
v 38.636 -19.7098 1241.18
vn -0.201849 -0.0532129 -0.97797
v 38.4897 -19.4108 1241.16
vn -0.035627 -0.348024 -0.936808
v 38.3143 -20.1391 1241.32
vn 0.0954745 -0.495617 -0.863278
v 38.1327 -20.7704 1241.63
vn -0.189077 -0.154066 -0.969801
v 37.9066 -19.9285 1241.32
vn -0.0129032 -0.443298 -0.896281
v 37.7049 -20.8062 1241.63
vn -0.125694 -0.306656 -0.943485
v 37.613 -20.3566 1241.48
vn -0.147308 -0.199502 -0.968762
v 38.6683 -21.0181 1241.89
vn 0.0402636 -0.420942 -0.906193
v 38.4535 -21.0343 1241.9
vn 0.495449 -0.764761 0.411912
v 36.1945 -25.908 1250.43
vn -0.321815 0.0023384 -0.9468
v 38.5136 -21.2953 1241.93
vn -0.0831877 -0.424954 -0.901385
v 37.9033 -21.4799 1242.13
vn -0.382226 -0.01444 -0.923956
v 37.6115 -21.8972 1242.29
vn 0.101648 -0.604533 -0.790068
v 37.7618 -21.2916 1241.95
vn 0.105345 -0.655157 -0.748112
v 37.7066 -21.4459 1242.09
vn 0.100633 -0.636387 -0.764778
v 37.5074 -21.439 1242.03
vn -0.0603646 -0.508229 -0.859104
v 37.3958 -21.7612 1242.3
vn 0.000169255 -0.531788 -0.846877
v 37.368 -21.229 1241.87
vn -0.381309 -0.113875 -0.917407
v 36.8086 -22.9806 1242.64
vn 0.466354 -0.850642 0.242739
v 35.3629 -26.9641 1249.11
vn -0.225776 -0.206657 -0.952007
v 37.3059 -24.5723 1242.84
vn -0.294833 -0.130178 -0.94664
v 36.7507 -24.3682 1242.99
vn -0.0267179 -0.612586 -0.789952
v 36.6952 -26.1705 1243.63
vn -0.118413 -0.440036 -0.890139
v 36.6091 -25.7744 1243.38
vn 0.066979 -0.746454 -0.662057
v 36.0702 -26.7471 1244.14
vn -0.293037 0.952664 -0.0810011
v 37.3935 -15.9836 1244.14
vn -0.414656 0.850773 -0.322871
v 36.7709 -16.3026 1243.78
vn 0.248258 0.757417 0.603893
v 33.2874 -22.3122 1254.28
vn -0.599693 0.647321 -0.470473
v 38.1279 -16.1688 1242.14
vn -0.625865 0.41955 -0.657473
v 37.845 -16.5813 1242.08
vn -0.528629 0.572458 -0.626772
v 37.1542 -17.0133 1242.52
vn -0.545935 0.671957 -0.500429
v 36.7565 -16.5467 1243.39
vn -0.344344 0.776038 -0.528387
v 36.3339 -16.9232 1243.3
vn -0.310428 0.649502 -0.694106
v 36.3137 -17.4625 1242.62
vn 0.618424 -0.007334 0.785811
v 33.6725 -23.9665 1255.14
vn 0.49824 0.417365 0.759976
v 33.147 -23.3296 1255.35
vn 0.652267 -0.158117 0.741314
v 32.8219 -24.9705 1255.77
vn -0.296661 0.258989 -0.919194
v 37.3124 -18.6114 1241.6
vn -0.41455 0.395449 -0.819615
v 37.1978 -17.8481 1241.93
vn -0.266194 0.407134 -0.873718
v 36.924 -18.2428 1241.84
vn -0.297817 0.53469 -0.79083
v 36.7365 -17.9045 1242.1
vn 0.65328 -0.248826 0.71506
v 33.9611 -24.733 1254.79
vn 0.646925 -0.363245 0.670478
v 32.6697 -25.2243 1255.82
vn -0.284034 0.0355116 -0.958156
v 36.4282 -19.7852 1241.7
vn -0.246118 -0.171783 -0.953895
v 36.5423 -20.2588 1241.7
vn -0.256609 -0.232488 -0.938137
v 35.9708 -20.7869 1241.96
vn 0.48031 -0.774256 0.412105
v 32.5922 -26.6081 1253.32
vn -0.145981 -0.388627 -0.909758
v 37.0137 -21.101 1241.84
vn -0.0215861 -0.586878 -0.809387
v 37.0577 -21.5389 1242.09
vn -0.241021 -0.358532 -0.901867
v 35.5314 -21.6009 1242.33
vn -0.335425 -0.118968 -0.934525
v 36.0116 -22.8277 1242.98
vn -0.343066 -0.0586496 -0.937479
v 35.7737 -23.3787 1243.08
vn -0.0766233 -0.558797 -0.825757
v 35.8568 -21.9562 1242.47
vn -0.216434 -0.437802 -0.872632
v 35.0733 -23.0127 1243.32
vn -0.0458417 -0.553832 -0.831366
v 35.3406 -26.4378 1243.86
vn -0.137142 -0.344718 -0.928634
v 34.8156 -26.0299 1243.7
vn -0.385613 0.822361 -0.418359
v 36.0261 -16.4731 1244.19
vn -0.236659 0.971581 -0.00472635
v 35.5561 -16.3852 1245.31
vn -0.313989 0.928851 -0.196587
v 35.7047 -16.3776 1244.87
vn -0.222585 0.940034 -0.25844
v 34.6346 -16.7942 1244.56
vn -0.11042 0.962799 0.246629
v 35.7057 -16.4534 1246.03
vn -0.0630799 0.900621 0.430003
v 35.2702 -16.8081 1246.91
vn -0.213433 0.969552 0.120068
v 35.3461 -16.4537 1245.69
vn -0.201645 0.952578 0.22789
v 34.9637 -16.6758 1246.41
vn -0.207567 0.97812 0.014032
v 34.4835 -16.6892 1245.54
vn -0.0241632 0.812828 0.582003
v 34.7206 -17.5121 1248.03
vn -0.13758 0.86417 0.484027
v 34.4252 -17.2631 1247.61
vn -0.229888 0.87031 0.43556
v 34.0236 -17.2819 1247.48
vn -0.228446 0.914315 0.334426
v 34.1216 -17.1009 1247.13
vn -0.0154721 0.785981 0.618057
v 34.6425 -18.7108 1249.5
vn -0.111869 0.785881 0.608175
v 34.1159 -17.9662 1248.56
vn -0.0874672 0.793954 0.601654
v 33.9037 -18.4965 1249.16
vn -0.200652 0.822512 0.532178
v 33.8198 -17.7254 1248.13
vn -0.181241 0.80879 0.559473
v 33.3062 -18.4733 1249
vn 0.0875016 0.766261 0.636544
v 33.1633 -21.1365 1252.75
vn -0.0813764 0.849272 0.521646
v 32.2241 -21.3303 1253.09
vn 0.0782887 0.856203 0.510674
v 31.8732 -22.0466 1254.26
vn 0.409105 0.634999 0.655293
v 32.7364 -23.0298 1255.4
vn 0.406732 0.588436 0.698793
v 31.9043 -23.3518 1256.18
vn 0.281196 0.736611 0.615088
v 31.5225 -23.1643 1256.18
vn 0.305136 0.624621 0.718847
v 31.174 -23.44 1256.65
vn -0.191913 0.871899 -0.450512
v 35.1665 -17.0279 1243.66
vn -0.254412 0.725708 -0.639236
v 34.7462 -17.568 1243.04
vn 0.590828 0.17609 0.787346
v 31.991 -24.1324 1256.48
vn 0.621084 -0.0355103 0.782939
v 31.8614 -24.6751 1256.62
vn 0.495465 0.393909 0.774177
v 31.7945 -23.6549 1256.46
vn 0.552242 0.154348 0.819271
v 31.6108 -24.2783 1256.79
vn 0.429083 0.383426 0.817846
v 31.2526 -23.8761 1256.9
vn 0.626274 -0.282786 0.726507
v 31.6844 -25.3854 1256.65
vn 0.576222 -0.32567 0.749605
v 31.2664 -25.5159 1256.93
vn 0.565143 -0.0654096 0.822396
v 31.0652 -24.9441 1257.2
vn 0.517278 -0.0479223 0.854475
v 30.6166 -25.0684 1257.48
vn 0.544471 -0.280537 0.790475
v 30.5842 -25.7005 1257.35
vn 0.452875 0.228938 0.86168
v 30.6424 -24.3872 1257.39
vn -0.295007 0.207525 -0.932687
v 35.9727 -18.6941 1241.95
vn -0.295426 0.3657 -0.882602
v 35.8092 -18.3087 1242.13
vn -0.290457 0.519737 -0.803435
v 35.1736 -18.0009 1242.51
vn -0.370698 0.266645 -0.889654
v 35.0932 -18.5815 1242.3
vn -0.407278 0.112161 -0.906391
v 35.0148 -19.0172 1242.25
vn -0.424684 0.347177 -0.836129
v 34.6878 -18.2463 1242.6
vn -0.476965 0.166185 -0.863068
v 34.6112 -18.7126 1242.5
vn -0.360323 0.547458 -0.755286
v 34.5139 -17.7404 1242.97
vn 0.545643 -0.671437 0.501445
v 31.6312 -25.906 1256.33
vn 0.583414 -0.482439 0.653361
v 31.3117 -25.8514 1256.69
vn 0.535601 -0.521998 0.663815
v 30.8086 -25.9898 1257
vn -0.351282 -0.0953835 -0.931398
v 35.4636 -20.3653 1242.05
vn -0.346194 -0.206206 -0.915221
v 35.3505 -20.9113 1242.19
vn -0.335017 0.0533119 -0.940702
v 35.6209 -19.3826 1241.97
vn -0.414526 -0.00739903 -0.910007
v 35.2049 -19.6747 1242.13
vn -0.413095 -0.137239 -0.900288
v 35.1016 -20.6717 1242.25
vn -0.467944 -0.137494 -0.872997
v 34.8598 -20.7428 1242.38
vn -0.426354 -0.17474 -0.887518
v 35.0363 -20.9319 1242.33
vn -0.457415 -0.0850222 -0.88518
v 34.9214 -20.47 1242.32
vn -0.496576 0.00511104 -0.867978
v 34.5334 -19.5771 1242.47
vn -0.521926 -0.101304 -0.846954
v 34.4322 -20.5575 1242.61
vn -0.568827 -0.0385254 -0.821554
v 34.0909 -19.7027 1242.75
vn -0.49432 -0.164773 -0.85352
v 34.5899 -21.0802 1242.6
vn -0.57079 -0.12868 -0.81095
v 34.0079 -21.0006 1242.95
vn -0.193077 -0.508529 -0.839118
v 35.1041 -22.2899 1242.78
vn -0.400428 -0.237446 -0.885029
v 34.909 -21.417 1242.5
vn -0.358946 -0.356385 -0.86264
v 34.7243 -22.0808 1242.79
vn -0.330621 -0.500408 -0.800176
v 34.6086 -22.4464 1243.03
vn -0.496042 -0.215707 -0.841078
v 34.3569 -21.744 1242.87
vn -0.479983 -0.32057 -0.816609
v 34.2351 -22.172 1243.08
vn -0.479673 -0.402422 -0.779724
v 34.1817 -22.3418 1243.19
vn -0.586013 -0.199921 -0.785252
v 33.9324 -21.8386 1243.18
vn -0.569891 -0.303637 -0.763563
v 33.9943 -22.1783 1243.24
vn -0.56283 -0.370348 -0.738962
v 33.8986 -22.4727 1243.45
vn -0.64737 -0.263764 -0.715081
v 33.6176 -21.9898 1243.48
vn -0.381173 -0.0661272 -0.922136
v 34.6612 -23.2997 1243.52
vn -0.363633 -0.434233 -0.824144
v 34.3842 -23.0744 1243.59
vn -0.445785 -0.489659 -0.74934
v 34.0651 -22.6838 1243.46
vn -0.471379 -0.449869 -0.758565
v 33.9558 -22.9815 1243.74
vn -0.549359 -0.445607 -0.706852
v 33.8245 -22.6873 1243.63
vn -0.506795 -0.0511156 -0.86055
v 33.6348 -23.2718 1244.04
vn -0.628337 -0.351555 -0.693975
v 33.642 -22.5059 1243.68
vn -0.620382 -0.362264 -0.695622
v 33.5325 -22.8072 1243.96
vn -0.671036 -0.128819 -0.730148
v 33.2496 -22.9136 1244.3
vn -0.693677 -0.312618 -0.648908
v 33.4062 -22.4491 1243.89
vn 0.500838 -0.750118 0.431838
v 31.6709 -27.5679 1252.75
vn -0.378318 0.0923933 -0.921053
v 33.9823 -23.8393 1243.74
vn -0.318479 -0.0744951 -0.944998
v 32.918 -24.693 1244.15
vn 0.493119 -0.796656 0.349533
v 31.2746 -28.3363 1251.72
vn 0.502376 -0.824693 0.259808
v 31.0075 -28.7067 1251.19
vn -0.0134636 -0.550551 -0.834693
v 33.6343 -27.1147 1244.43
vn -0.230186 -0.0689641 -0.9707
v 32.9454 -26.0829 1244.09
vn -0.103067 -0.354612 -0.929316
v 32.9167 -26.6805 1244.23
vn 0.3754 -0.925201 -0.0554723
v 32.21 -28.8587 1246.88
vn 0.308828 -0.916364 -0.254761
v 31.605 -29.0401 1246.6
vn 0.440132 -0.891651 0.106027
v 32.2682 -28.7833 1247.9
vn -0.187863 0.958539 0.214266
v 33.7449 -16.8763 1245.95
vn -0.172247 0.965787 -0.193871
v 33.9516 -16.8216 1244.83
vn -0.215291 0.962532 0.164872
v 33.2099 -16.9113 1245.77
vn -0.240562 0.970234 -0.0278604
v 33.184 -16.8915 1245.53
vn -0.272628 0.926855 0.258094
v 32.8945 -17.0624 1246.07
vn -0.436441 0.899561 -0.0175625
v 32.9351 -16.9819 1245.65
vn -0.586704 0.77802 -0.224641
v 32.7197 -17.1419 1245.5
vn -0.293895 0.896706 0.330974
v 33.6672 -17.2497 1247.16
vn -0.273211 0.86062 0.429755
v 33.5694 -17.428 1247.51
vn -0.260874 0.915964 0.304884
v 33.557 -17.1541 1246.7
vn -0.272023 0.83536 0.477679
v 33.2659 -17.6673 1247.76
vn -0.29876 0.883269 0.361357
v 33.1626 -17.5011 1247.35
vn -0.351571 0.864712 0.358707
v 32.1982 -17.5542 1246.8
vn -0.498413 0.861559 0.0964352
v 32.3225 -17.3391 1246.23
vn -0.239688 0.823378 0.514392
v 32.1959 -19.1897 1249.72
vn -0.357799 0.817187 0.451868
v 31.3861 -19.2954 1249.42
vn -0.0385769 0.907429 0.418432
v 30.6382 -21.9969 1254.17
vn 0.164701 0.794234 0.584864
v 30.4026 -23.1586 1256.58
vn 0.0354302 0.88367 0.466768
v 30.1114 -22.8661 1256.18
vn -0.113306 0.921926 0.370424
v 29.4679 -22.9021 1256.21
vn -0.196292 0.920501 -0.337857
v 34.2224 -16.8953 1244.39
vn -0.239372 0.858033 -0.454401
v 34.0777 -17.1132 1243.98
vn -0.288437 0.76337 -0.577987
v 34.0617 -17.3561 1243.6
vn -0.428856 0.57801 -0.694253
v 34.0577 -17.6458 1243.29
vn -0.323294 0.787758 -0.524327
v 33.8233 -17.2584 1243.87
vn -0.355132 0.829417 -0.431218
v 33.5756 -17.179 1244.17
vn -0.435905 0.725687 -0.532321
v 33.5818 -17.2979 1243.97
vn -0.441825 0.659638 -0.608004
v 33.5903 -17.4323 1243.8
vn -0.551517 0.487868 -0.676619
v 33.4412 -17.6238 1243.75
vn -0.520786 0.693205 -0.498245
v 33.3402 -17.3612 1244.11
vn -0.546277 0.601285 -0.583128
v 33.3404 -17.4983 1243.95
vn -0.616243 0.46299 -0.637091
v 33.2291 -17.6885 1243.89
vn -0.616521 0.550671 -0.562729
v 33.0817 -17.5813 1244.13
vn -0.311826 0.917511 -0.246855
v 33.5031 -16.9085 1244.89
vn -0.316335 0.884255 -0.343549
v 33.5315 -16.9835 1244.65
vn -0.433454 0.83712 -0.333687
v 33.3145 -17.0346 1244.77
vn -0.449455 0.859637 -0.242927
v 33.0511 -17.0191 1245.18
vn -0.478474 0.782685 -0.39808
v 33.3176 -17.1772 1244.45
vn -0.560522 0.755483 -0.339205
v 32.8996 -17.1657 1245.05
vn -0.635377 0.613972 -0.468331
v 32.9365 -17.4899 1244.4
vn -0.691213 0.406617 -0.5974
v 32.8571 -17.8282 1244.18
vn -0.670345 0.698784 -0.249676
v 32.275 -17.4692 1245.66
vn -0.688546 0.616465 -0.381936
v 32.3593 -17.6258 1245.12
vn -0.748515 0.368697 -0.551169
v 32.3802 -18.0541 1244.64
vn -0.621333 0.774028 -0.121765
v 32.2697 -17.3983 1245.94
vn -0.254682 0.852561 0.456373
v 30.7705 -20.6691 1251.35
vn -0.160493 0.908986 0.384691
v 30.2322 -21.6578 1253.29
vn 0.503667 -0.14529 0.851593
v 29.2579 -25.616 1258.22
vn 0.51005 -0.348857 0.786224
v 29.3618 -26.0004 1258.05
vn 0.459027 0.0668071 0.885907
v 29.0058 -25.211 1258.38
vn -0.571557 0.0840104 -0.816251
v 33.9639 -19.0385 1242.85
vn -0.483654 0.401423 -0.777778
v 34.0224 -17.997 1243.09
vn -0.541554 0.232807 -0.807787
v 33.9564 -18.3984 1242.97
vn -0.618026 0.0175145 -0.785963
v 33.6701 -19.3711 1243.06
vn -0.576152 0.34668 -0.740177
v 33.6582 -18.0915 1243.3
vn -0.628355 0.178067 -0.757272
v 33.5445 -18.5302 1243.26
vn -0.650262 0.0849592 -0.754945
v 33.4952 -18.9817 1243.23
vn -0.647152 0.307549 -0.697572
v 33.2294 -18.0427 1243.69
vn -0.659647 0.0193185 -0.751327
v 33.3104 -19.5133 1243.36
vn -0.685458 0.15974 -0.710374
v 33.1249 -18.4832 1243.65
vn -0.696374 0.0708963 -0.714168
v 32.9816 -19.2003 1243.68
vn -0.722998 0.237694 -0.648672
v 32.7158 -18.2613 1244.14
vn -0.724167 0.134725 -0.676336
v 32.6388 -18.7073 1244.1
vn -0.738786 0.0702488 -0.670269
v 32.4479 -19.2377 1244.23
vn -0.73692 -0.0274871 -0.675421
v 32.3672 -19.9699 1244.27
vn -0.755843 0.173631 -0.631311
v 32.2927 -18.6751 1244.5
vn 0.485282 -0.698906 0.525386
v 30.0333 -26.3356 1257.31
vn 0.491987 -0.554983 0.670777
v 29.3771 -26.3484 1257.84
vn 0.449641 -0.711418 0.5401
v 29.3047 -26.5109 1257.72
vn 0.404967 -0.828405 0.386971
v 29.0398 -26.8119 1257.48
vn 0.395538 -0.778742 0.48694
v 28.4081 -26.8296 1258
vn 0.456392 -0.448397 0.768535
v 28.3609 -26.396 1258.48
vn 0.415866 -0.672084 0.612666
v 28.3495 -26.7119 1258.21
vn -0.622811 -0.0494961 -0.780805
v 33.516 -19.9089 1243.19
vn -0.636864 -0.106107 -0.76364
v 33.2356 -20.5285 1243.48
vn -0.660575 -0.168281 -0.731657
v 33.1764 -21.0854 1243.63
vn -0.687203 -0.013917 -0.726333
v 32.9057 -19.9309 1243.72
vn -0.69593 -0.107461 -0.710024
v 32.8036 -20.4791 1243.86
vn -0.716299 -0.232528 -0.657911
v 32.5073 -21.2028 1244.33
vn -0.738427 -0.139911 -0.65966
v 32.2557 -20.798 1244.49
vn -0.778333 -0.220571 -0.587831
v 32.0338 -20.9679 1244.81
vn -0.779925 -0.10646 -0.616752
v 31.9527 -20.5251 1244.8
vn -0.738953 -0.210045 -0.640179
v 32.1049 -22.227 1245.32
vn -0.657028 0.10748 -0.746165
v 32.063 -22.503 1245.39
vn -0.791358 -0.196516 -0.578908
v 31.6365 -21.7088 1245.72
vn -0.685714 0.027308 -0.727359
v 31.5021 -22.0734 1245.95
vn -0.539051 0.278148 -0.79502
v 31.3853 -22.3142 1245.98
vn 0.42789 -0.822326 0.375088
v 30.1132 -27.2647 1254.88
vn -0.501525 0.350461 -0.79098
v 32.9025 -23.2355 1244.49
vn 0.472753 -0.716683 0.512709
v 29.8233 -27.8076 1254.25
vn -0.28994 0.0125763 -0.956962
v 32.3346 -25.2525 1244.39
vn -0.276116 0.129342 -0.952382
v 32.2892 -25.4825 1244.38
vn -0.379779 0.192587 -0.904808
v 32.0922 -24.316 1244.45
vn -0.0385873 -0.337366 -0.940582
v 30.8072 -27.3926 1244.65
vn 0.0891741 -0.547192 -0.832244
v 30.4308 -27.9708 1244.94
vn 0.48578 -0.862656 0.140864
v 30.653 -29.4786 1248.96
vn 0.455027 -0.889483 0.0420685
v 30.335 -29.7412 1248.24
vn 0.194849 -0.838687 -0.508565
v 31.5976 -28.7147 1245.82
vn 0.102096 -0.684639 -0.721696
v 31.0513 -28.5778 1245.5
vn 0.402207 -0.909901 -0.101541
v 30.7257 -29.5327 1247.45
vn 0.343352 -0.906205 -0.246782
v 30.3482 -29.6198 1247.11
vn 0.285886 -0.866168 -0.409905
v 30.2888 -29.4162 1246.48
vn 0.490725 -0.870714 0.032351
v 29.5755 -30.1455 1248.51
vn 0.436298 -0.888758 -0.140545
v 29.4361 -30.1894 1247.96
vn -0.551479 0.816675 0.17004
v 31.9918 -17.6212 1246.7
vn -0.564902 0.766424 0.305745
v 31.536 -18.1871 1247.45
vn 0.296453 0.490641 0.819382
v 27.8648 -24.5534 1258.66
vn 0.181744 0.662578 0.726608
v 27.4809 -24.3877 1258.64
vn 0.0513184 0.816307 0.575334
v 27.3916 -24.075 1258.31
vn -0.735619 0.593099 -0.32726
v 32.0731 -17.7828 1245.43
vn -0.7788 0.408646 -0.475897
v 31.9342 -18.135 1245.24
vn -0.655737 0.753714 -0.04388
v 32.0325 -17.5651 1246.26
vn -0.697537 0.716164 0.023463
v 31.8321 -17.7394 1246.59
vn -0.719105 0.664855 -0.202131
v 32.0164 -17.6317 1245.98
vn -0.60715 0.765389 0.213422
v 31.6034 -18.0152 1247.08
vn -0.733252 0.670287 -0.11427
v 31.7884 -17.8004 1246.3
vn -0.782671 0.581773 -0.221286
v 31.5864 -18.114 1246.06
vn -0.78995 0.513761 -0.334707
v 31.7456 -18.1086 1245.63
vn -0.833304 0.356154 -0.4228
v 31.7105 -18.2787 1245.52
vn -0.821674 0.235315 -0.519114
v 31.6985 -18.6305 1245.32
vn -0.789261 0.60645 -0.0963559
v 31.5253 -18.0894 1246.43
vn -0.848884 0.443055 -0.288268
v 31.4159 -18.3641 1246.11
vn -0.866639 0.261464 -0.424939
v 31.2425 -18.9679 1245.96
vn -0.515068 0.781569 0.351931
v 31.4469 -18.4128 1247.78
vn -0.738219 0.67173 0.0617332
v 31.3694 -18.2595 1247.12
vn -0.663038 0.728633 0.171682
v 31.257 -18.4444 1247.46
vn -0.763874 0.644655 -0.0302697
v 31.0963 -18.5892 1247.33
vn -0.847965 0.439341 -0.296538
v 30.5264 -19.3278 1247.47
vn -0.693007 0.715278 0.0901029
v 29.978 -19.7913 1248.73
vn -0.786713 0.594477 -0.166372
v 30.1936 -19.5827 1247.95
vn -0.347111 0.823605 0.44854
v 30.7181 -20.0523 1250.25
vn -0.316086 0.85612 0.408838
v 30.061 -20.5693 1250.72
vn -0.396458 0.830009 0.392308
v 30.0068 -20.3113 1250.13
vn -0.385052 0.860047 0.334746
v 29.6531 -20.6533 1250.56
vn -0.55591 0.791218 0.254829
v 29.63 -20.3649 1249.75
vn -0.583302 0.792983 0.175886
v 29.2384 -20.808 1250.35
vn -0.271656 0.888456 0.369931
v 29.6125 -21.0597 1251.52
vn -0.411008 0.865607 0.286001
v 28.7591 -21.6016 1252.17
vn -0.298375 0.902781 0.309773
v 28.5291 -22.3021 1253.87
vn -0.318782 0.922388 0.218126
v 27.9962 -22.8324 1255.1
vn 0.465014 -0.161143 0.870514
v 28.2168 -25.8433 1258.77
vn 0.374147 0.307366 0.874952
v 28.2424 -24.7843 1258.64
vn 0.404922 0.103325 0.908494
v 27.9613 -25.4301 1258.91
vn 0.324727 0.318701 0.890495
v 27.7554 -24.9121 1258.87
vn 0.398844 -0.0575934 0.915209
v 27.5497 -25.7382 1259.1
vn 0.232683 0.503602 0.832012
v 27.3691 -24.7126 1258.91
vn 0.414292 -0.277147 0.866921
v 27.7039 -26.1418 1258.95
vn 0.331 0.147982 0.931955
v 26.6867 -25.5558 1259.43
vn 0.367787 -0.0910415 0.925443
v 26.6137 -25.8726 1259.47
vn -0.785951 0.228386 -0.574562
v 31.9772 -18.6491 1244.91
vn -0.788501 0.120126 -0.603188
v 31.9126 -19.0976 1244.87
vn -0.791785 -0.000156618 -0.6108
v 31.6859 -19.9052 1245.07
vn -0.820972 -0.149286 -0.551107
v 31.345 -20.4428 1245.63
vn -0.867238 0.158965 -0.471836
v 31.1533 -19.4114 1245.92
vn -0.833857 0.117384 -0.539354
v 31.2905 -19.5089 1245.66
vn -0.875521 0.0510465 -0.480476
v 31.0839 -19.6819 1245.99
vn -0.843297 -0.0277442 -0.536732
v 31.2852 -19.9725 1245.64
vn -0.896155 0.133709 -0.423118
v 30.9621 -19.5875 1246.25
vn -0.846205 0.0624688 -0.529184
v 30.6518 -20.1313 1246.81
vn -0.802883 -0.00180296 -0.596134
v 30.6638 -20.5952 1246.79
vn -0.85556 0.210214 -0.473105
v 30.5933 -19.7653 1247
vn -0.755698 0.16668 -0.633355
v 30.3962 -20.2945 1247.12
vn -0.657015 0.217516 -0.721816
v 30.2686 -20.5532 1247.18
vn -0.578685 0.194923 -0.791915
v 30.4189 -21.0524 1246.94
vn -0.789048 0.299797 -0.536214
v 30.35 -19.9309 1247.32
vn -0.77869 0.417927 -0.467952
v 29.9375 -20.1698 1247.78
vn -0.70555 0.315726 -0.634442
v 30.0266 -20.4593 1247.46
vn -0.601837 0.322545 -0.730587
v 29.9122 -21.0503 1247.28
vn -0.681661 0.412865 -0.604054
v 29.5248 -21.1869 1247.57
vn -0.549626 0.363975 -0.751953
v 29.5098 -21.5381 1247.36
vn -0.441791 0.430214 -0.787233
v 30.6616 -22.4611 1246.34
vn -0.387508 0.477106 -0.788802
v 31.0256 -23.7233 1245.22
vn -0.270753 0.162385 -0.948854
v 30.4537 -25.8303 1244.86
vn -0.15758 -0.0638721 -0.985438
v 30.4503 -27.1068 1244.62
vn 0.54492 -0.772826 0.325271
v 28.3649 -30.214 1251.73
vn 0.16753 -0.649246 -0.741899
v 30.004 -28.6544 1245.39
vn 0.226616 -0.761434 -0.607341
v 29.8386 -29.1173 1245.8
vn 0.319573 -0.817683 -0.478818
v 29.2235 -29.6801 1246.26
vn 0.369277 -0.872665 -0.319516
v 28.9769 -30.1502 1247.13
vn 0.251121 -0.696794 -0.671875
v 28.2491 -29.801 1245.91
vn 0.412412 -0.812242 -0.412528
v 28.2041 -30.2889 1246.59
vn 0.505321 -0.84508 -0.174616
v 27.9683 -31.0491 1248.25
vn 0.544516 -0.823368 0.159897
v 28.1028 -30.8764 1250.08
vn 0.537236 -0.843129 0.0226134
v 28.0056 -31.0645 1249.22
vn 0.106446 0.695725 0.710377
v 26.543 -24.568 1258.99
vn -0.04358 0.858426 0.511082
v 26.5013 -24.1797 1258.48
vn -0.183806 0.925692 0.330619
v 26.3496 -24.0973 1258.24
vn 0.0453635 0.729863 0.682087
v 26.0991 -24.6081 1259.08
vn -0.733237 0.679325 0.0296623
v 29.1526 -20.693 1249.19
vn -0.55975 0.808824 0.180235
v 28.1942 -21.9696 1252.28
vn -0.659454 0.748926 0.0650397
v 27.8649 -22.1663 1251.83
vn -0.477608 0.853494 0.20842
v 27.8145 -22.658 1253.94
vn -0.502042 0.862717 0.0606078
v 27.3756 -23.0224 1254.57
vn -0.390919 0.916023 0.0899079
v 26.9496 -23.305 1255.73
vn -0.541354 0.830914 -0.128522
v 26.2061 -23.7152 1255.52
vn -0.267338 0.938239 0.219633
v 27.0171 -23.4245 1256.41
vn 0.267892 0.349245 0.897921
v 26.5639 -25.1735 1259.37
vn 0.143832 0.555902 0.81871
v 26.1828 -24.9779 1259.37
vn 0.309907 0.0344353 0.950143
v 25.4642 -26.0111 1259.89
vn 0.204383 0.328051 0.922285
v 25.3803 -25.4698 1259.79
vn -0.0378289 0.810624 0.584344
v 25.4036 -24.7659 1259.27
vn 0.364552 -0.271709 0.89066
v 25.3124 -26.6787 1259.84
vn -0.783634 0.512653 -0.350862
v 29.2054 -20.9132 1248.35
vn -0.742941 0.475552 -0.471051
v 29.24 -21.1671 1247.98
vn -0.664053 0.466613 -0.584214
v 29.1225 -21.6748 1247.66
vn -0.725324 0.536607 -0.431228
v 28.8529 -21.658 1248.07
vn -0.794196 0.585462 -0.162747
v 28.8427 -21.0922 1249.11
vn -0.714759 0.698618 0.0324485
v 28.505 -21.464 1250.19
vn -0.761788 0.641491 -0.0903836
v 28.4748 -21.5171 1249.48
vn -0.745555 0.615574 -0.255373
v 28.3891 -21.8167 1248.81
vn -0.652357 0.737942 -0.172835
v 28.1274 -21.9786 1249.12
vn -0.663606 0.747824 0.019662
v 27.8515 -22.1427 1250.63
vn -0.555635 0.830403 -0.04123
v 27.3781 -22.504 1249.33
vn -0.599691 0.79543 0.0875277
v 26.4328 -23.5039 1253.54
vn 0.402969 -0.493537 0.770738
v 25.6794 -26.9994 1259.52
vn 0.400864 -0.809914 0.428191
v 25.6983 -27.6742 1258.66
vn 0.420806 -0.657567 0.624923
v 25.3004 -27.3847 1259.44
vn -0.564694 0.576297 -0.590764
v 28.5289 -22.6855 1247.46
vn -0.616251 0.67564 -0.404655
v 28.0847 -22.2869 1248.45
vn -0.466279 0.694267 -0.548249
v 28.1447 -22.7928 1247.7
vn 0.423048 -0.808482 0.409129
v 26.1731 -28.1494 1257
vn 0.471443 -0.721826 0.506665
v 26.1963 -28.3859 1256.6
vn 0.480253 -0.785123 0.391073
v 25.1453 -28.2734 1257.92
vn 0.515003 -0.711863 0.477518
v 25.1589 -28.6609 1257.22
vn -0.453197 0.52073 -0.7235
v 28.9426 -23.4274 1246.65
vn -0.404197 0.605303 -0.685736
v 27.5121 -24.2521 1246.67
vn 0.517507 -0.638678 0.569454
v 25.4148 -28.852 1256.71
vn 0.557951 -0.566746 0.606209
v 24.7823 -30.0719 1256.07
vn -0.316501 0.221865 -0.922281
v 28.0385 -25.7609 1245.54
vn -0.365657 0.383461 -0.848088
v 27.376 -25.6467 1245.85
vn 0.54218 -0.649855 0.532662
v 26.1632 -30.3071 1254.65
vn 0.598391 -0.555121 0.577728
v 25.1238 -30.9078 1255.03
vn 0.633198 -0.658507 0.40673
v 25.271 -31.405 1254.25
vn 0.609911 -0.616023 0.498521
v 24.4905 -32.0314 1254.63
vn -0.10705 -0.124216 -0.986464
v 27.8269 -28.2912 1245.04
vn 0.0172691 -0.353893 -0.935126
v 27.7137 -28.7655 1245.14
vn -0.260642 0.166496 -0.95097
v 27.6553 -28.0628 1245.08
vn 0.15105 -0.528075 -0.835656
v 26.8191 -29.7363 1245.54
vn 0.58705 -0.80852 0.0408282
v 26.8923 -31.8507 1249.17
vn 0.604678 -0.759361 0.240281
v 26.1985 -31.9369 1251.33
vn 0.263094 -0.639482 -0.722388
v 26.8394 -30.478 1246.08
vn 0.354419 -0.741847 -0.569254
v 26.5653 -31.1024 1246.61
vn 0.569434 -0.795898 -0.205649
v 26.4671 -32.0917 1248.43
vn 0.474 -0.761872 -0.441446
v 26.199 -31.9789 1247.69
vn -0.537204 0.803795 -0.255587
v 24.5872 -24.5323 1256.76
vn -0.251683 0.956023 0.150584
v 24.9547 -24.326 1257.54
vn -0.411702 0.911137 -0.0182034
v 24.5571 -24.446 1257.28
vn -0.307145 0.951644 0.00602476
v 23.6902 -24.7105 1258.32
vn 0.0845745 0.566056 0.820017
v 24.5429 -25.3838 1259.87
vn -0.147474 0.941594 0.302741
v 24.6543 -24.6602 1258.87
vn -0.173376 0.966008 0.191751
v 23.5572 -24.8368 1258.93
vn 0.270961 0.00131486 0.962589
v 24.28 -26.354 1260.26
vn 0.188378 0.235065 0.953551
v 23.6649 -26.1822 1260.37
vn -0.535759 0.829016 0.160293
v 25.8725 -23.7397 1251.8
vn -0.600971 0.793587 0.0951449
v 25.3429 -24.3848 1253.21
vn -0.597345 0.797395 -0.0856742
v 25.3106 -24.4582 1255.32
vn 0.524531 -0.694639 0.492284
v 24.1794 -28.1896 1259.38
vn 0.429957 -0.455806 0.779345
v 23.8334 -27.7923 1259.96
vn -0.490751 0.832007 -0.258703
v 27.0283 -22.8578 1248.78
vn 0.571134 -0.700115 0.428538
v 24.4259 -28.889 1257.73
vn 0.421446 -0.42899 0.798969
v 22.5478 -28.7568 1260.19
vn 0.525125 -0.576996 0.625556
v 22.5141 -29.105 1259.99
vn -0.393192 0.631 -0.668759
v 26.5911 -24.0798 1247.32
vn 0.593761 -0.623553 0.508556
v 23.9925 -29.5639 1257.34
vn -0.388292 0.521265 -0.759942
v 26.525 -25.0554 1246.59
vn 0.580522 -0.535964 0.612974
v 24.1309 -31.3953 1255.61
vn 0.590582 -0.533511 0.605458
v 24.0606 -30.6029 1256.28
vn 0.60909 -0.707095 0.359203
v 24.3195 -32.3405 1254.38
vn 0.584664 -0.694177 0.419865
v 23.8859 -32.4785 1254.68
vn 0.568765 -0.595218 0.567646
v 23.7111 -32.1266 1255.32
vn 0.615393 -0.592023 0.520386
v 22.655 -33.0518 1255.45
vn 0.597334 -0.537309 0.595391
v 22.4523 -32.34 1256.27
vn 0.0738642 -0.387061 -0.919091
v 26.4242 -29.6846 1245.45
vn -0.202809 0.0472398 -0.978078
v 25.8862 -29.2682 1245.4
vn 0.659478 -0.637606 0.39818
v 22.584 -33.4616 1254.95
vn -0.0439152 -0.17662 -0.983299
v 25.0255 -30.2477 1245.59
vn 0.381419 -0.686974 -0.618536
v 25.5973 -31.6689 1246.69
vn 0.25347 -0.5673 -0.783533
v 25.6108 -31.0523 1246.12
vn 0.187663 -0.397874 -0.898042
v 24.6104 -31.0615 1245.83
vn 0.638914 -0.729995 0.242685
v 22.8714 -34.4648 1251.82
vn 0.485643 -0.667845 -0.564034
v 23.9718 -33.0927 1247.14
vn 0.565332 -0.737422 -0.369606
v 23.6764 -34.0429 1248.2
vn -0.279622 0.956688 0.0809855
v 23.1494 -24.8918 1258.78
vn -0.404806 0.907531 -0.111892
v 23.2344 -24.873 1258.34
vn -0.208041 0.94239 0.261954
v 22.7705 -25.1049 1259.52
vn -0.422874 0.906186 0.00213435
v 22.4044 -25.1731 1259.13
vn -0.541742 0.812679 -0.214635
v 22.2079 -25.3293 1258.87
vn -0.601991 0.782955 -0.156807
v 21.6692 -25.6618 1259.12
vn -0.605103 0.737152 -0.300762
v 21.6807 -25.734 1258.84
vn -0.0425988 0.711761 0.701129
v 22.6192 -25.4212 1260.02
vn -0.00465521 0.587507 0.809206
v 22.5196 -25.7078 1260.25
vn 0.0818203 0.423534 0.902178
v 22.3321 -26.3121 1260.63
vn -0.197166 0.849462 0.489428
v 22.4727 -25.2845 1259.81
vn -0.176409 0.690491 0.7015
v 22.1128 -25.6916 1260.2
vn -0.0953305 0.572853 0.814096
v 21.9422 -26.2088 1260.58
vn -0.413125 0.88872 0.198759
v 22.0638 -25.3794 1259.64
vn -0.377631 0.79777 0.470062
v 21.9655 -25.5631 1259.99
vn -0.539505 0.841859 -0.0144187
v 21.8528 -25.4939 1259.51
vn -0.521263 0.830965 0.194376
v 21.7961 -25.5477 1259.7
vn -0.320466 0.699288 0.638981
v 21.5998 -26.03 1260.34
vn -0.266923 0.595343 0.757838
v 21.488 -26.3548 1260.6
vn -0.596403 0.802311 0.0245019
v 21.5775 -25.6808 1259.57
vn 0.101736 0.260977 0.959969
v 21.9819 -26.6901 1260.79
vn 0.150072 0.0963028 0.983974
v 21.9556 -26.9533 1260.84
vn -0.0693222 0.43231 0.899056
v 21.6272 -26.5676 1260.76
vn -0.0197523 0.258966 0.965684
v 21.5639 -26.8062 1260.85
vn -0.222584 0.404506 0.887035
v 21.1423 -26.8521 1260.8
vn -0.623747 0.744152 -0.239118
v 23.6138 -25.4366 1256.44
vn -0.614575 0.680169 -0.399586
v 22.5055 -26.0345 1257.23
vn -0.591695 0.690713 -0.415708
v 22.2845 -25.6023 1258.13
vn -0.580522 0.692418 -0.42843
v 21.796 -26.5679 1257.44
vn -0.608484 0.720911 -0.331716
v 22.0502 -26.5816 1257.02
vn 0.355223 -0.335814 0.872379
v 22.3665 -28.4064 1260.43
vn 0.303294 -0.260096 0.916713
v 21.9704 -28.053 1260.7
vn 0.248644 -0.375167 0.892987
v 21.6606 -28.6595 1260.57
vn 0.169508 -0.0700392 0.983037
v 21.6407 -27.4285 1260.9
vn 0.207347 -0.30433 0.929726
v 21.494 -28.2801 1260.76
vn 0.163518 -0.179274 0.970115
v 21.3429 -27.8704 1260.89
vn -0.0545279 0.145986 0.987783
v 21.2698 -27.1668 1260.91
vn 0.120122 -0.264271 0.956939
v 21.0583 -28.2864 1260.84
vn 0.13836 -0.407517 0.902655
v 21.0055 -28.6719 1260.7
vn 0.0126818 -0.0659076 0.997745
v 20.9196 -27.8523 1260.93
vn -0.441096 0.893736 0.0816711
v 25.1967 -23.7019 1249.7
vn -0.427108 0.856695 0.289228
v 24.6213 -24.2769 1251.13
vn -0.406664 0.893511 0.19043
v 23.8391 -24.4268 1250.34
vn -0.428175 0.902899 0.0379291
v 23.8189 -24.3209 1249.67
vn -0.517247 0.816692 0.255869
v 24.4819 -24.8724 1252.44
vn -0.573536 0.812694 0.102885
v 24.3407 -25.1019 1252.98
vn -0.482512 0.847208 0.222309
v 23.358 -25.7301 1253.07
vn -0.400264 0.844545 0.355713
v 23.0159 -25.763 1252.71
vn -0.61267 0.788709 -0.0507211
v 23.6793 -25.6935 1254.87
vn -0.563776 0.823774 0.0596093
v 22.643 -26.4784 1255.09
vn -0.495373 0.853749 0.16037
v 22.3574 -26.5475 1254.24
vn -0.511089 0.851923 0.114081
v 22.2202 -26.7172 1254.83
vn -0.619206 0.778679 -0.101209
v 22.9196 -26.2525 1255.54
vn -0.579717 0.794075 -0.182682
v 22.0916 -26.7296 1256.47
vn -0.556731 0.830674 -0.00557108
v 22.1266 -26.8389 1255.45
vn -0.532329 0.78444 -0.318244
v 21.7418 -26.804 1257.05
vn 0.347477 -0.449545 0.822903
v 22.0605 -29.0053 1260.29
vn 0.385394 -0.564522 0.729922
v 22.0135 -29.5204 1259.97
vn 0.236505 -0.485385 0.841705
v 21.8143 -29.2049 1260.27
vn 0.130792 -0.489363 0.862216
v 20.9231 -29.3973 1260.34
vn 0.541582 -0.593121 0.595732
v 21.6327 -30.661 1259.16
vn 0.293654 -0.491286 0.820003
v 21.0255 -30.6074 1259.56
vn 0.634369 -0.577293 0.514109
v 21.6677 -31.5861 1257.92
vn 0.64102 -0.565701 0.518726
v 20.8504 -32.205 1258.29
vn 0.497622 -0.524546 0.690814
v 20.4302 -31.9135 1259.07
vn 0.660279 -0.423167 0.620453
v 20.2115 -32.7526 1258.52
vn 0.669731 -0.492323 0.555949
v 21.3468 -32.5842 1257.26
vn 0.787698 -0.320387 0.526198
v 20.503 -33.4823 1257.71
vn 0.772995 -0.254269 0.581228
v 20.2087 -33.1063 1258.32
vn 0.887233 -0.201091 0.415187
v 20.1922 -34.45 1257.79
vn 0.830403 -0.144613 0.538069
v 20.0317 -33.8166 1258.34
vn 0.69145 -0.50822 0.513429
v 21.8377 -33.6708 1255.82
vn 0.745934 -0.563023 0.355791
v 21.1118 -34.7322 1255.73
vn 0.765609 -0.457736 0.452018
v 21.0895 -34.4807 1256.11
vn 0.851344 -0.345471 0.394795
v 20.5858 -34.6314 1256.84
vn 0.8066 -0.4774 0.348548
v 20.5533 -35.2261 1256.25
vn 0.884993 -0.417481 0.206146
v 20.0929 -35.7397 1256.79
vn 0.912344 -0.281798 0.297014
v 20.0972 -35.2466 1257.55
vn 0.904176 -0.217796 0.367464
v 19.7049 -35.7041 1258.38
vn 0.910127 -0.317123 0.266651
v 19.6609 -36.2266 1258.07
vn 0.867214 -0.262272 0.423264
v 19.5092 -36.0564 1258.61
vn 0.874987 -0.352971 0.331373
v 19.453 -36.5764 1258.29
vn -0.0217717 -0.100175 -0.994732
v 23.814 -30.926 1245.73
vn -0.195912 0.118749 -0.973405
v 23.6462 -30.69 1245.76
vn 0.700554 -0.661577 0.267467
v 22.24 -34.5574 1253.27
vn 0.784636 -0.562234 0.261226
v 21.0586 -35.5322 1254.3
vn 0.370005 -0.579089 -0.726465
v 24.108 -32.1112 1246.29
vn 0.481966 -0.590909 -0.646943
v 23.3526 -33.2948 1246.84
vn 0.32757 -0.422144 -0.845277
v 22.7705 -32.6866 1246.07
vn 0.633486 -0.756502 -0.162481
v 22.5605 -35.2479 1249.11
vn 0.648937 -0.7572 0.0743502
v 22.2017 -35.565 1249.79
vn 0.706199 -0.681026 0.193616
v 21.8651 -35.3302 1252.24
vn 0.750352 -0.641163 0.160874
v 21.0625 -36.0593 1252.79
vn 0.723332 -0.676466 0.138508
v 20.9851 -36.393 1251.38
vn 0.775238 -0.62149 0.112944
v 20.4956 -36.7611 1252.47
vn 0.823031 -0.545129 0.159542
v 20.189 -36.919 1253.98
vn 0.577624 -0.678851 -0.453333
v 21.7578 -35.2949 1247.65
vn 0.664033 -0.746677 -0.0391562
v 21.9888 -35.7775 1249.37
vn 0.66252 -0.724913 -0.188595
v 21.8205 -35.8677 1249.03
vn 0.632128 -0.709247 -0.312062
v 21.7963 -35.6556 1248.42
vn 0.686058 -0.721546 -0.0932537
v 21.3888 -36.2871 1249.15
vn 0.693108 -0.718496 0.0580002
v 21.2535 -36.4046 1249.76
vn -0.542558 0.773478 0.327662
v 21.2421 -26.0113 1260
vn -0.453177 0.698432 0.553916
v 21.137 -26.2656 1260.31
vn -0.640451 0.763812 0.0800875
v 20.9048 -26.2216 1259.79
vn -0.584771 0.694216 0.419652
v 20.6669 -26.5772 1260.24
vn -0.462796 0.583002 0.667778
v 20.7646 -26.8031 1260.62
vn -0.584161 0.674347 -0.451678
v 21.3802 -26.4519 1258.11
vn -0.546057 0.73229 -0.406907
v 21.0121 -26.8229 1257.99
vn -0.650587 0.723742 0.230074
v 20.5773 -26.5474 1259.99
vn -0.647862 0.751136 -0.126765
v 20.6881 -26.425 1259.37
vn -0.625474 0.729962 -0.275567
v 20.6996 -26.4972 1259.09
vn -0.602251 0.698091 -0.38725
v 20.917 -26.5034 1258.67
vn -0.578079 0.734843 -0.354726
v 20.5152 -26.8842 1258.57
vn -0.627421 0.723632 -0.287575
v 20.1916 -27.0185 1258.85
vn -0.684733 0.724482 0.0791615
v 19.806 -27.2138 1259.63
vn -0.635628 0.75545 -0.158974
v 19.8723 -27.184 1259.18
vn -0.336431 0.367027 0.86724
v 20.6418 -27.242 1260.81
vn -0.217408 0.172244 0.960763
v 20.5681 -27.5526 1260.88
vn -0.0118264 -0.256278 0.966531
v 20.3912 -28.4635 1260.84
vn -0.139023 -0.0170416 0.990143
v 20.2297 -28.1909 1260.88
vn -0.311835 0.164476 0.935792
v 19.8328 -28.1608 1260.78
vn -0.252281 -0.0405842 0.966803
v 19.7896 -28.371 1260.79
vn -0.648796 0.655444 0.386597
v 19.8717 -27.3535 1260.29
vn -0.555364 0.528606 0.641986
v 19.7588 -27.6892 1260.55
vn -0.491033 0.352272 0.796738
v 19.6977 -27.906 1260.65
vn -0.397477 0.151746 0.904978
v 19.6035 -28.3118 1260.72
vn -0.666193 0.552033 0.501445
v 19.5482 -27.8008 1260.42
vn -0.697888 0.680941 0.221972
v 19.477 -27.6408 1260.01
vn -0.450315 0.848751 0.277197
v 22.7757 -25.1623 1251.06
vn -0.439382 0.881314 0.173862
v 21.5924 -27.0089 1254.48
vn -0.520483 0.852807 -0.0426436
v 21.535 -27.2189 1255.79
vn -0.479791 0.870061 0.113114
v 21.6181 -27.1442 1255.37
vn -0.368454 0.900905 0.229371
v 20.9947 -27.3897 1255.05
vn -0.554599 0.764177 -0.329322
v 20.3156 -27.2681 1258.06
vn -0.428703 0.139958 0.892539
v 19.1509 -28.6429 1260.55
vn 0.0622084 -0.334371 0.940386
v 19.197 -29.5307 1260.44
vn -0.143823 -0.155793 0.977263
v 19.0215 -29.31 1260.5
vn -0.445326 0.866116 0.226997
v 22.9993 -24.8267 1250.35
vn -0.452702 0.887227 0.0888251
v 23.0607 -24.7117 1249.95
vn -0.475989 0.860836 -0.17999
v 22.7734 -24.8835 1249.29
vn -0.505853 0.849756 0.148418
v 22.5509 -25.0174 1250.11
vn -0.517781 0.85551 0.00234984
v 22.4289 -25.0448 1249.58
vn -0.45011 0.739664 -0.500298
v 22.5063 -25.2539 1248.76
vn -0.564792 0.817209 -0.114801
v 21.7163 -25.5241 1249.34
vn -0.543203 0.761561 -0.353491
v 21.7308 -25.5969 1249.06
vn -0.505875 0.830032 0.234812
v 22.4561 -25.1658 1250.48
vn -0.567648 0.811876 0.136505
v 21.7975 -25.508 1250.09
vn -0.49513 0.827471 0.264836
v 22.325 -25.6745 1251.84
vn -0.404236 0.865587 0.295553
v 21.6343 -26.3383 1252.71
vn -0.384931 0.876237 0.289892
v 21.4788 -26.9486 1254
vn -0.344543 0.910038 0.230479
v 21.1792 -27.1472 1254.28
vn -0.287042 0.912252 0.292237
v 20.8183 -27.1611 1253.93
vn -0.331433 0.89339 0.303326
v 20.8579 -26.7656 1252.96
vn 0.211423 -0.342419 0.91545
v 18.9924 -30.9188 1260.02
vn -0.401913 0.575046 -0.712592
v 23.4897 -25.4944 1247.81
vn -0.405477 0.49651 -0.767507
v 22.2584 -26.3525 1247.86
vn -0.469346 0.609467 -0.638956
v 22.0453 -26.0644 1248.2
vn -0.51872 0.669152 -0.532133
v 21.8013 -25.7541 1248.75
vn 0.46145 -0.468989 0.753069
v 19.9231 -32.3418 1259.07
vn 0.58761 -0.278618 0.759662
v 19.5797 -32.7703 1259.05
vn 0.400181 -0.342448 0.85005
v 19.4564 -32.4089 1259.26
vn 0.617713 -0.0158238 0.786244
v 19.2584 -33.0973 1259.25
vn 0.327298 -0.180704 0.927481
v 18.5573 -31.8937 1259.73
vn 0.430177 0.143166 0.89132
v 18.4766 -32.6745 1259.75
vn 0.588075 0.125171 0.799062
v 18.5818 -33.3904 1259.85
vn 0.728583 -0.12158 0.674081
v 19.7533 -33.3365 1258.78
vn 0.789618 -0.0739378 0.609128
v 19.4338 -34.6942 1259.12
vn 0.71057 0.00456206 0.703612
v 19.2814 -34.2815 1259.31
vn 0.659337 0.0581994 0.749592
v 19.0056 -33.7225 1259.55
vn 0.707231 -0.0727798 0.703226
v 18.9781 -35.3858 1259.56
vn 0.645744 0.0239166 0.763179
v 18.7482 -34.4114 1259.8
vn 0.59763 -0.0207895 0.801502
v 18.1407 -34.895 1260.31
vn 0.507309 0.0969848 0.856289
v 18.0317 -34.3516 1260.36
vn 0.541786 -0.13864 0.829003
v 17.9799 -35.5444 1260.38
vn 0.428699 -0.0321279 0.902876
v 17.802 -35.3658 1260.51
vn 0.370106 -0.150881 0.916655
v 17.7573 -35.5943 1260.5
vn 0.330437 -0.328389 0.884857
v 17.7205 -35.8076 1260.47
vn -0.221009 0.178744 -0.958752
v 22.9627 -29.4883 1246.24
vn -0.281051 0.264174 -0.922617
v 22.8773 -28.7135 1246.42
vn -0.129829 0.147749 -0.980466
v 22.3177 -29.4809 1246.33
vn 0.861606 -0.152325 0.484182
v 19.5765 -35.37 1258.77
vn 0.800005 -0.179345 0.572562
v 19.2564 -35.8659 1259.12
vn 0.741702 -0.266303 0.615598
v 18.8933 -36.4689 1259.4
vn 0.816659 -0.325156 0.476803
v 19.0382 -36.745 1259.04
vn 0.675097 -0.182216 0.714872
v 18.6687 -36.1768 1259.74
vn 0.672225 -0.403123 0.620971
v 18.7495 -36.897 1259.34
vn 0.629973 -0.106412 0.769293
v 18.5366 -35.796 1259.92
vn 0.531638 -0.365988 0.763815
v 18.5331 -36.6152 1259.7
vn 0.41927 -0.538965 0.730568
v 18.4958 -36.9703 1259.51
vn 0.286418 -0.531023 0.797483
v 18.2799 -36.8286 1259.7
vn 0.515488 -0.25436 0.818275
v 18.1198 -35.9267 1260.2
vn 0.0929365 -0.616674 0.781714
v 18.0493 -36.9978 1259.62
vn 0.281083 -0.469254 0.837134
v 17.8501 -36.1569 1260.23
vn -0.239847 0.228348 -0.943573
v 22.3749 -30.3567 1246.2
vn -0.112619 0.111949 -0.987312
v 21.6782 -30.5916 1246.31
vn -0.0431965 0.105839 -0.993445
v 21.5143 -30.348 1246.33
vn 0.891783 -0.408674 0.194186
v 19.4122 -36.8688 1258
vn 0.84288 -0.421394 0.334634
v 19.0547 -37.3495 1258.46
vn 0.746842 -0.43784 0.500523
v 18.8465 -37.345 1258.89
vn 0.710967 -0.534326 0.457189
v 18.764 -37.6827 1258.67
vn 0.832065 -0.48098 0.276273
v 18.7628 -38.1764 1257.91
vn 0.579632 -0.524702 0.62347
v 18.6662 -37.4161 1259.03
vn 0.524146 -0.601041 0.603342
v 18.569 -37.7507 1258.81
vn 0.311019 -0.62754 0.713765
v 18.4515 -37.6212 1259.01
vn 0.0773339 -0.101545 -0.991821
v 21.4471 -33.1587 1245.88
vn 0.89998 -0.404385 0.162816
v 19.1644 -38.0376 1256.42
vn 0.815402 -0.532284 0.22758
v 18.4821 -39.2569 1256.97
vn 0.631173 -0.678406 0.376012
v 18.3608 -39.3353 1257.13
vn 0.548769 -0.650302 0.525319
v 18.1779 -39.1437 1257.63
vn 0.234595 -0.740686 0.629563
v 17.9371 -39.1917 1257.75
vn 0.283722 -0.819008 0.498727
v 17.9479 -39.4526 1257.39
vn 0.036121 -0.698562 0.714637
v 17.7212 -39.05 1257.95
vn 0.0135317 -0.779157 0.626682
v 17.72 -39.1933 1257.79
vn -0.0216209 -0.839209 0.543379
v 17.7324 -39.4512 1257.43
vn -0.04338 -0.900496 0.432696
v 17.7459 -39.5656 1257.22
vn -0.200133 -0.783644 0.58809
v 17.5146 -39.1721 1257.79
vn -0.230975 -0.853261 0.467542
v 17.53 -39.4239 1257.41
vn 0.329832 -0.318699 -0.888618
v 20.7774 -34.2895 1246.01
vn 0.586821 -0.568298 -0.576783
v 20.8162 -35.6307 1246.94
vn 0.454789 -0.462373 -0.761169
v 20.8435 -34.7654 1246.29
vn 0.697227 -0.670271 -0.254185
v 21.0925 -36.4745 1248.71
vn 0.651816 -0.64551 -0.398061
v 20.9113 -36.1847 1247.86
vn 0.748665 -0.659229 -0.0701295
v 21.024 -36.6567 1249.07
vn 0.827174 -0.552811 0.100912
v 20.1964 -37.3021 1251.84
vn 0.908825 -0.403349 0.10652
v 19.6346 -38.1488 1252.88
vn 0.919456 -0.388183 0.0625732
v 19.7399 -38.0635 1251.99
vn 0.895558 -0.417328 0.154318
v 19.033 -38.9616 1254.41
vn 0.867774 -0.458364 0.192016
v 18.5766 -39.7604 1255.03
vn 0.627317 -0.7207 0.295066
v 18.1258 -40.0909 1255.65
vn 0.323431 -0.863794 0.386332
v 17.9827 -39.6663 1256.95
vn 0.224671 -0.884371 0.409159
v 17.8463 -40.0499 1256.09
vn 0.685994 -0.53719 -0.490753
v 19.9565 -36.5568 1246.89
vn 0.760166 -0.585296 -0.282094
v 20.5355 -37.1084 1248.67
vn 0.847556 -0.530656 0.00729675
v 20.1657 -37.8547 1249.59
vn 0.880062 -0.462875 0.106008
v 19.7865 -38.245 1250.7
vn 0.886415 -0.462221 0.0248897
v 19.5846 -38.8754 1249.8
vn 0.858778 -0.4905 -0.148024
v 19.5318 -38.9346 1249.51
vn 0.933116 -0.340554 0.115398
v 19.2886 -39.3946 1252.31
vn 0.94215 -0.33519 -0.00106952
v 19.2106 -39.8355 1251.07
vn 0.869475 -0.443921 0.216672
v 18.7123 -40.6485 1252.87
vn 0.750314 -0.601353 0.274599
v 18.431 -40.9659 1253.09
vn 0.830227 -0.448354 -0.331213
v 19.387 -37.9027 1247.41
vn 0.913225 -0.406052 -0.0337765
v 19.3324 -39.3935 1249.91
vn 0.919967 -0.391294 -0.0234596
v 18.782 -40.9566 1251.03
vn 0.903292 -0.425647 0.053745
v 18.7011 -41.1549 1251.38
vn 0.904574 -0.408722 -0.121212
v 18.7604 -40.9149 1250.57
vn 0.83716 -0.546826 0.0120266
v 18.617 -41.3151 1251.26
vn 0.790556 -0.593048 -0.152693
v 18.6137 -41.277 1250.8
vn 0.654356 -0.752945 -0.0699445
v 18.4899 -41.4667 1251.14
vn 0.531947 -0.846754 0.00633834
v 18.388 -41.5505 1251.3
vn 0.378044 -0.892168 -0.247221
v 18.3143 -41.4839 1250.6
vn 0.190701 -0.967099 -0.168382
v 18.2226 -41.5997 1250.99
vn 0.842673 -0.508871 0.175934
v 18.7065 -40.9464 1252.22
vn 0.633436 -0.733831 0.245463
v 18.2681 -41.3572 1252.58
vn 0.82159 -0.557224 0.120378
v 18.6129 -41.2792 1251.52
vn 0.725101 -0.666081 0.174826
v 18.4357 -41.4233 1251.87
vn 0.725326 -0.682286 0.0915838
v 18.5305 -41.405 1251.43
vn 0.542827 -0.829758 0.12977
v 18.2911 -41.5714 1251.75
vn 0.376435 -0.890839 0.254367
v 17.9436 -41.5675 1252.61
vn 0.301073 -0.944129 0.134076
v 18.0161 -41.6518 1252.1
vn 0.165911 -0.985767 -0.0271436
v 18.1366 -41.6558 1251.41
vn 0.502114 -0.797144 0.335326
v 18.0239 -41.2757 1253.28
vn 0.804782 -0.549478 -0.224499
v 18.4988 -40.8573 1249.32
vn -0.622949 0.407478 0.667754
v 19.0046 -28.4578 1260.37
vn -0.681806 0.728235 0.0693857
v 18.9333 -28.0254 1259.15
vn -0.696713 0.565668 0.441147
v 18.0915 -29.2176 1259.92
vn -0.637946 0.769232 -0.0361451
v 21.2846 -25.829 1249.52
vn -0.659441 0.749558 0.0574484
v 21.0995 -26.0063 1249.85
vn -0.396636 0.905727 0.149459
v 20.7462 -26.6863 1252.49
vn -0.556214 0.819653 0.137092
v 20.854 -26.4193 1250.99
vn -0.475716 0.879323 -0.0220468
v 20.1953 -26.8972 1251.49
vn -0.366203 0.902909 0.225056
v 18.9877 -27.4877 1253.21
vn -0.399976 0.913594 0.0732535
v 19.1236 -27.3315 1252.62
vn -0.33706 0.886136 0.318047
v 19.3018 -27.5412 1253.75
vn -0.508991 0.838072 -0.196377
v 19.453 -28.3669 1256.46
vn -0.433513 0.898616 0.0674978
v 19.0071 -28.6315 1256.18
vn -0.357796 0.88226 0.305941
v 18.7562 -28.6059 1255.64
vn -0.584871 0.811037 0.0120043
v 17.7131 -29.0199 1258.23
vn -0.208444 0.000369237 0.978034
v 17.4682 -31.106 1260.11
vn 0.0804816 -0.0640222 0.994698
v 17.3956 -31.5045 1260.06
vn -0.627714 0.738883 -0.245005
v 21.2685 -25.8956 1249.24
vn -0.599462 0.681138 -0.420352
v 21.329 -25.9776 1248.97
vn -0.558887 0.626997 -0.542698
v 21.0412 -26.4779 1248.66
vn -0.681709 0.710486 -0.174594
v 21.0091 -26.1278 1249.27
vn -0.64401 0.662574 -0.382422
v 20.7887 -26.4377 1249.03
vn -0.605128 0.794047 -0.0575253
v 19.82 -27.196 1250.01
vn -0.637642 0.735128 -0.230214
v 19.7672 -27.3 1249.45
vn 0.216594 0.223163 0.950413
v 17.4827 -33.8399 1260.48
vn -0.017085 0.151123 0.988367
v 17.255 -33.8966 1260.52
vn 0.146921 0.209073 0.9668
v 17.3596 -32.6389 1260.17
vn -0.0888674 0.236042 0.967671
v 17.1129 -33.6104 1260.46
vn -0.322231 0.0906196 0.942314
v 17.0574 -33.8602 1260.49
vn -0.371871 0.15775 0.914783
v 16.8025 -33.2301 1260.27
vn -0.606572 0.020653 0.79476
v 16.7047 -33.7038 1260.28
vn -0.773119 -0.0269666 0.633688
v 16.5363 -33.5853 1260.11
vn -0.499824 0.586794 -0.637062
v 20.5178 -27.4494 1248.14
vn -0.578323 0.680052 -0.450635
v 20.1209 -27.4734 1248.49
vn 0.367052 0.177182 0.91317
v 17.8575 -34.1282 1260.41
vn 0.327662 0.0849327 0.94097
v 17.7799 -34.4041 1260.49
vn 0.126776 0.107465 0.986093
v 17.4058 -34.166 1260.55
vn -0.158422 0.0323658 0.986841
v 17.2026 -34.1402 1260.54
vn -0.500737 -0.0473107 0.864305
v 16.9766 -34.3004 1260.44
vn 0.141156 -0.0209262 0.989766
v 17.5756 -35.3857 1260.58
vn 0.0629525 -0.171302 0.983205
v 17.5333 -35.6096 1260.56
vn -0.024447 -0.388704 0.921038
v 17.5011 -35.8138 1260.51
vn -0.248381 -0.0636153 0.966571
v 17.3794 -35.3179 1260.58
vn -0.318251 -0.290116 0.902524
v 17.3018 -35.7804 1260.49
vn -0.566762 -0.199136 0.799454
v 17.1181 -35.7167 1260.41
vn -0.744586 -0.132979 0.654147
v 16.9507 -35.621 1260.28
vn -0.335155 0.519987 -0.785674
v 19.7426 -28.9914 1247.52
vn -0.881709 -0.153346 0.446177
v 16.5536 -35.8588 1259.55
vn -0.0273558 -0.578751 0.815045
v 17.4828 -35.9906 1260.41
vn -0.211918 -0.618612 0.756577
v 17.46 -36.5581 1259.89
vn -0.322391 -0.521003 0.790329
v 17.2836 -35.9572 1260.39
vn -0.312837 -0.639608 0.702165
v 17.2762 -36.1127 1260.25
vn -0.55175 -0.412619 0.724788
v 17.0991 -35.895 1260.31
vn -0.555831 -0.526791 0.643073
v 17.0893 -36.055 1260.19
vn -0.459558 -0.56398 0.6861
v 17.0749 -36.5064 1259.75
vn -0.742756 -0.285473 0.605655
v 16.9293 -35.8039 1260.19
vn -0.719128 -0.368013 0.589425
v 16.7393 -36.0344 1259.81
vn -0.21388 0.379707 -0.900043
v 20.4762 -30.3412 1246.48
vn 0.0823918 0.0352889 -0.995975
v 20.0679 -31.345 1246.24
vn -0.0322399 0.276618 -0.960439
v 19.9001 -31.109 1246.27
vn -0.133166 0.452927 -0.881546
v 19.7389 -30.719 1246.44
vn -0.0612913 -0.640887 0.765185
v 17.3306 -38.4038 1258.52
vn -0.699615 -0.449665 0.555284
v 16.5772 -38.1853 1258.27
vn -0.846042 -0.291991 0.446043
v 16.2769 -37.7852 1258.05
vn -0.408214 -0.540972 0.73533
v 16.9315 -38.315 1258.5
vn -0.121453 0.218113 -0.968337
v 20.6186 -33.0888 1245.9
vn 0.0883917 -0.00483831 -0.996074
v 20.167 -31.8566 1246.29
vn -0.111688 0.19012 -0.975387
v 20.08 -32.309 1246.27
vn 0.154651 0.0491613 -0.986745
v 19.8785 -32.2802 1246.25
vn -0.0234391 0.247808 -0.968526
v 19.8039 -32.7082 1246.18
vn 0.179416 0.0748739 -0.98092
v 19.5848 -31.7261 1246.16
vn 0.23759 0.0746268 -0.968495
v 19.3663 -32.8594 1246.11
vn -0.190909 -0.719646 0.66758
v 17.3131 -38.8612 1258.1
vn -0.372518 -0.80965 0.453538
v 17.1455 -39.3298 1257.32
vn -0.41419 -0.646005 0.64119
v 16.924 -38.4941 1258.34
vn -0.453821 -0.725236 0.517763
v 16.9274 -38.7766 1258
vn -0.650935 -0.577601 0.492607
v 16.5709 -38.4796 1257.97
vn -0.641842 -0.627242 0.441143
v 16.5786 -38.7465 1257.62
vn -0.780644 -0.452726 0.430853
v 16.4089 -38.3733 1257.82
vn -0.741421 -0.53163 0.409469
v 16.2514 -38.8221 1257.01
vn 0.192697 -0.13425 -0.972031
v 20.4462 -33.9948 1245.84
vn 0.290812 -0.187535 -0.938221
v 20.1461 -34.437 1245.85
vn 0.00976263 0.146013 -0.989235
v 19.8463 -33.8951 1245.78
vn -0.105582 0.323127 -0.940447
v 19.6588 -33.4772 1245.91
vn 0.156048 0.0605064 -0.985895
v 19.3248 -34.4925 1245.67
vn 0.0176566 0.279123 -0.960093
v 19.2956 -33.2798 1246.03
vn -0.0100575 0.28002 -0.959941
v 18.9807 -34.0373 1245.76
vn 0.410905 -0.332886 -0.848731
v 20.2415 -34.8667 1246.01
vn 0.549057 -0.38985 -0.739292
v 20.1121 -35.3735 1246.16
vn 0.653357 -0.44352 -0.613527
v 19.9236 -36.0767 1246.43
vn 0.644186 -0.363191 -0.673139
v 19.7736 -35.9766 1246.2
vn 0.73083 -0.37599 -0.569666
v 19.7094 -36.2257 1246.29
vn 0.42002 -0.248069 -0.872952
v 19.7654 -35.2399 1245.9
vn 0.664026 -0.2997 -0.685018
v 19.5432 -36.1817 1246.09
vn 0.547545 -0.231145 -0.804218
v 19.4473 -35.8049 1245.87
vn 0.347301 -0.100138 -0.932392
v 19.3414 -34.9749 1245.69
vn 0.630749 -0.219541 -0.744283
v 19.0625 -36.7157 1245.82
vn -0.0791735 -0.910424 0.406029
v 17.374 -41.2388 1253.84
vn -0.250884 -0.873197 0.417832
v 17.144 -41.0242 1254.19
vn -0.382877 -0.875377 0.295162
v 17.1827 -41.2303 1253.74
vn -0.603 -0.791099 0.102731
v 16.8347 -41.0647 1253.52
vn -0.460947 -0.790803 0.40269
v 16.5321 -40.4203 1254.78
vn -0.559003 -0.784239 0.269231
v 16.3805 -40.5433 1254.31
vn -0.582005 -0.708444 0.39922
v 16.158 -40.1529 1254.82
vn 0.451732 -0.122279 -0.883734
v 18.6838 -36.7348 1245.56
vn 0.454337 -0.166185 -0.875192
v 18.5868 -37.2069 1245.57
vn 0.396665 -0.25719 -0.881198
v 18.4758 -37.7065 1245.63
vn 0.830219 -0.354704 -0.430025
v 18.9567 -38.3101 1246.57
vn 0.641291 -0.299066 -0.706616
v 18.6334 -37.8424 1245.78
vn 0.691522 -0.331121 -0.641994
v 18.4397 -38.5998 1246.01
vn 0.53098 -0.277361 -0.800706
v 18.2752 -38.5226 1245.84
vn -0.546964 -0.813769 -0.196497
v 17.5825 -41.1963 1250.31
vn -0.721149 -0.672624 -0.165895
v 16.9879 -40.7246 1250.64
vn -0.00988731 -0.990038 0.140451
v 17.7374 -41.6331 1252.51
vn -0.176219 -0.983785 -0.0333693
v 17.8238 -41.6676 1251.98
vn -0.287647 -0.942766 -0.168676
v 17.9394 -41.6273 1251.37
vn -0.4113 -0.911409 -0.0128965
v 17.5418 -41.5883 1252.48
vn -0.475601 -0.868584 -0.139158
v 17.6638 -41.5761 1251.8
vn -0.561541 -0.827159 0.0219024
v 17.2935 -41.4363 1252.87
vn -0.617668 -0.777649 -0.117253
v 17.3935 -41.4706 1252.26
vn -0.695609 -0.713746 -0.0818143
v 16.9404 -41.1398 1252.83
vn 0.184306 -0.910371 0.370481
v 17.6164 -41.3689 1253.5
vn 0.140728 -0.94798 0.285533
v 17.668 -41.5169 1253.04
vn -0.143909 -0.942793 0.300717
v 17.404 -41.3614 1253.52
vn -0.268629 -0.948714 0.166673
v 17.4668 -41.5205 1252.99
vn -0.432179 -0.882874 0.183723
v 17.2121 -41.3138 1253.48
vn 0.79657 -0.404872 -0.448949
v 18.3513 -39.6439 1246.52
vn 0.719848 -0.323957 -0.613899
v 18.3061 -39.1678 1246.12
vn 0.565765 -0.407764 -0.716686
v 18.1142 -39.3107 1246
vn 0.646072 -0.443583 -0.621148
v 18.1759 -39.6666 1246.29
vn 0.568509 -0.2951 -0.767928
v 18.1561 -39.0504 1245.91
vn 0.302201 -0.59464 -0.745036
v 17.9688 -39.7409 1246.19
vn 0.348264 -0.244571 -0.90493
v 17.9937 -38.9325 1245.78
vn 0.221723 -0.463689 -0.857806
v 17.8851 -39.3712 1245.89
vn -0.0724365 -0.656659 -0.750701
v 17.7704 -39.7259 1246.14
vn 0.883117 -0.391973 -0.257802
v 18.6073 -39.5919 1247.18
vn 0.750144 -0.555174 -0.359256
v 18.2844 -40.0584 1246.82
vn 0.465575 -0.804949 -0.367826
v 18.1068 -40.3692 1247.08
vn 0.334759 -0.767876 -0.546171
v 18.0262 -40.1836 1246.68
vn 0.555723 -0.574864 -0.600585
v 18.1151 -39.8803 1246.39
vn -0.316992 -0.888888 -0.330748
v 17.8091 -40.5482 1247.37
vn -0.038493 -0.895765 -0.442857
v 17.9037 -40.4025 1247
vn 0.0702906 -0.723601 -0.686631
v 17.9121 -39.9115 1246.32
vn -0.511681 -0.780841 -0.358426
v 17.6642 -40.3952 1247.17
vn -0.571445 -0.77903 -0.257998
v 17.5748 -40.4866 1247.58
vn -0.213475 -0.80548 -0.552839
v 17.8074 -40.1631 1246.63
vn -0.439438 -0.793331 -0.421331
v 17.728 -40.2998 1246.92
vn -0.71351 -0.656103 -0.245831
v 17.3907 -40.3223 1247.62
vn -0.231967 -0.707085 -0.667999
v 17.7173 -39.8585 1246.29
vn -0.37009 -0.734597 -0.568684
v 17.6661 -39.9721 1246.45
vn -0.574305 -0.70987 -0.407748
v 17.5697 -40.1368 1246.81
vn -0.639838 -0.691533 -0.335246
v 17.5242 -40.1906 1247.01
vn 0.387686 -0.878386 -0.279531
v 18.24 -41.0308 1249.15
vn 0.682294 -0.67512 -0.280513
v 18.2999 -40.6352 1248.19
vn -0.089312 -0.963415 -0.252694
v 17.9935 -41.0968 1249.28
vn 0.414312 -0.868423 -0.272373
v 18.1756 -40.8787 1248.49
vn 0.264131 -0.911432 -0.31548
v 18.0673 -40.7642 1248.05
vn -0.0701323 -0.96318 -0.259549
v 17.9743 -40.8936 1248.43
vn -0.271889 -0.92915 -0.250512
v 17.8239 -40.7976 1248.2
vn -0.418715 -0.88587 -0.19978
v 17.7805 -40.8297 1248.41
vn -0.00905009 -0.949684 -0.31308
v 17.9132 -40.7062 1247.79
vn -0.589438 -0.784572 -0.192379
v 17.6337 -40.6957 1248.2
vn -0.419216 -0.871565 -0.254229
v 17.72 -40.6369 1247.78
vn -0.634365 -0.749274 -0.190182
v 17.3718 -40.5749 1248.63
vn 0.550773 -0.788583 -0.273471
v 18.3512 -41.1162 1249.61
vn 0.0279326 -0.95391 -0.298792
v 18.0987 -41.2439 1249.71
vn -0.222029 -0.941153 -0.254822
v 18.0077 -41.3516 1250.1
vn -0.413621 -0.878675 -0.238427
v 17.7122 -41.1053 1249.67
vn -0.472757 0.878972 0.0625277
v 16.61 -29.6836 1257.05
vn -0.660545 0.726361 0.189946
v 17.4921 -29.2305 1258.53
vn -0.656314 0.716014 0.237855
v 16.5068 -29.8775 1257.88
vn -0.581889 0.792127 0.18423
v 16.2294 -29.9614 1257.27
vn -0.547398 0.347358 0.761379
v 16.9262 -30.9251 1259.81
vn -0.332787 0.187642 0.924145
v 16.7541 -31.6314 1259.98
vn -0.533202 0.309805 0.787221
v 16.5567 -31.5289 1259.84
vn -0.641154 0.397277 0.656577
v 16.4443 -31.3589 1259.66
vn -0.697958 0.465542 0.544173
v 16.4153 -30.8386 1259.23
vn -0.744998 0.340929 0.573363
v 16.2297 -31.5124 1259.52
vn -0.469373 0.88145 -0.0522901
v 18.4968 -27.6123 1252.28
vn -0.470967 0.866479 0.16554
v 17.3512 -28.2768 1253.25
vn -0.420016 0.865176 0.273965
v 17.1734 -28.8529 1254.8
vn -0.42614 0.880919 0.205879
v 16.2847 -29.7468 1256.44
vn -0.775157 0.502824 0.382492
v 15.7263 -30.945 1258.25
vn -0.528946 0.183289 0.828626
v 16.5234 -31.8007 1259.9
vn -0.672499 0.251655 0.695999
v 16.3614 -31.6944 1259.75
vn -0.690557 0.100206 0.716303
v 16.2628 -32.1696 1259.77
vn -0.827396 0.15413 0.540055
v 16.042 -31.9568 1259.45
vn -0.838942 -0.00263425 0.544215
v 16.0786 -32.245 1259.54
vn -0.894449 -0.00149329 0.447167
v 15.9074 -32.2839 1259.22
vn -0.80202 0.351739 0.482746
v 15.8344 -31.3088 1258.79
vn -0.88132 0.192485 0.431537
v 15.5442 -31.4975 1258.36
vn -0.883259 -0.0986518 0.45839
v 16.1251 -33.1808 1259.5
vn -0.413107 0.580155 -0.70197
v 19.2525 -28.5358 1248.12
vn -0.532125 0.731969 -0.425516
v 18.4924 -28.5276 1248.86
vn -0.526524 0.832585 -0.17197
v 18.0842 -28.1797 1250.39
vn -0.533341 0.79021 -0.301852
v 18.1627 -28.3033 1249.8
vn -0.227288 0.575304 -0.785726
v 18.9395 -29.8856 1247.16
vn -0.372641 0.679433 -0.632068
v 18.7481 -29.2727 1247.75
vn -0.491133 0.635128 -0.596155
v 18.4135 -28.9063 1248.39
vn -0.465672 0.744944 -0.477711
v 17.5951 -29.2406 1248.68
vn -0.925504 -0.108371 0.362902
v 15.5791 -34.5902 1257.58
vn -0.915713 -0.142715 0.375636
v 15.3381 -36.7744 1256.51
vn -0.939259 -0.0910387 0.330914
v 14.9882 -36.275 1255.72
vn -0.884013 -0.228407 0.407862
v 15.9095 -37.2485 1257.61
vn 0.222792 0.0672687 -0.972542
v 18.5813 -32.8435 1245.81
vn 0.0389317 0.20115 -0.978786
v 18.2318 -32.4939 1245.81
vn -0.0135885 0.103323 -0.994555
v 18.1821 -32.7783 1245.77
vn -0.044295 0.290264 -0.955921
v 18.104 -31.9435 1245.97
vn -0.172264 0.185185 -0.967487
v 18.0081 -32.5545 1245.82
vn -0.177092 0.441219 -0.879752
v 17.913 -31.7531 1246.08
vn -0.246444 0.28252 -0.927064
v 17.8586 -32.1417 1245.95
vn -0.361368 0.177702 -0.915333
v 17.5961 -32.3733 1245.98
vn -0.89533 -0.300049 0.329174
v 15.5117 -38.1563 1256.01
vn -0.920049 -0.201521 0.336003
v 15.2212 -37.175 1256
vn -0.916324 -0.295497 0.270245
v 15.1344 -38.0057 1255.02
vn -0.92437 -0.243563 0.293629
v 15.0589 -37.4591 1255.31
vn -0.855017 -0.344188 0.387918
v 15.8713 -38.3733 1256.71
vn -0.840898 -0.406645 0.357114
v 15.7885 -38.7401 1256.15
vn -0.892502 -0.249645 0.375656
v 15.6675 -37.5166 1256.9
vn 0.131348 0.140958 -0.981264
v 18.5643 -34.0157 1245.76
vn 0.0192941 0.152029 -0.988188
v 18.3275 -34.187 1245.72
vn 0.0861967 0.025226 -0.995959
v 18.2191 -33.6936 1245.71
vn 0.0070345 0.0091238 -0.999934
v 18.1743 -33.9135 1245.71
vn -0.074792 0.0237962 -0.996915
v 18.0121 -33.6755 1245.71
vn -0.225703 0.0958168 -0.969473
v 17.842 -33.444 1245.75
vn -0.0966886 0.206157 -0.97373
v 17.8728 -34.3715 1245.71
vn -0.264246 0.140623 -0.954148
v 17.4363 -34.3793 1245.79
vn -0.418876 0.113654 -0.900903
v 17.3446 -33.7122 1245.88
vn -0.921778 -0.384394 0.0506711
v 15.0397 -38.6202 1253.68
vn -0.938599 -0.304569 0.162083
v 14.8661 -38.054 1253.96
vn -0.914713 -0.396881 -0.0760566
v 15.0334 -38.5815 1253.22
vn -0.781307 -0.528614 0.331854
v 15.8067 -39.6915 1254.96
vn -0.87953 -0.368804 0.300682
v 15.5697 -38.9463 1255.34
vn -0.876398 -0.427792 0.221177
v 15.5378 -39.4338 1254.57
vn -0.896407 -0.437353 0.0719578
v 15.3329 -39.2479 1253.89
vn -0.911635 -0.35472 0.207597
v 15.22 -38.8012 1254.36
vn 0.202396 -0.0392208 -0.978518
v 18.3649 -36.3712 1245.4
vn -0.0118288 0.241494 -0.97033
v 18.178 -35.1849 1245.43
vn 0.0200563 0.0673035 -0.997531
v 18.1042 -35.6115 1245.36
vn -0.126278 0.169942 -0.97733
v 17.9326 -35.3831 1245.4
vn -0.176412 0.0800816 -0.981053
v 17.8918 -35.604 1245.38
vn -0.132468 -0.00211046 -0.991185
v 17.813 -35.9952 1245.38
vn -0.18441 0.256858 -0.948692
v 17.7854 -34.9658 1245.52
vn -0.278052 0.153512 -0.94822
v 17.6945 -35.3897 1245.45
vn -0.305274 0.0634116 -0.950151
v 17.6701 -35.6147 1245.44
vn -0.337508 0.00957806 -0.941274
v 17.5215 -36.329 1245.47
vn -0.427606 0.0936374 -0.899102
v 17.3674 -35.4312 1245.58
vn -0.385312 0.220066 -0.896161
v 17.3589 -34.7909 1245.7
vn -0.53091 0.143738 -0.835149
v 16.8961 -35.0895 1245.87
vn -0.809345 -0.560373 -0.175907
v 15.9782 -39.6147 1251.22
vn -0.877114 -0.439137 -0.1945
v 15.3874 -38.5729 1251.16
vn -0.775932 -0.617908 -0.126966
v 16.0383 -40.1729 1253.09
vn -0.884636 -0.459452 -0.0795163
v 15.2751 -39.0916 1253.24
vn -0.843119 -0.516339 -0.150146
v 15.4529 -39.2537 1252.69
vn -0.898137 -0.411652 -0.154574
v 15.1372 -38.5276 1252.32
vn -0.713363 -0.664709 0.221978
v 16.0023 -40.1549 1254.51
vn -0.732862 -0.680069 0.0205005
v 16.0625 -40.3245 1253.97
vn -0.817378 -0.544838 0.187204
v 15.7097 -39.8226 1254.4
vn -0.801891 -0.593991 0.0643942
v 15.7242 -39.8954 1254.12
vn -0.863007 -0.495677 0.097588
v 15.6 -39.6933 1254.2
vn -0.83388 -0.549474 -0.0521739
v 15.5569 -39.6472 1253.73
vn 0.224055 -0.101971 -0.969227
v 18.2361 -36.9938 1245.42
vn 0.162615 -0.173804 -0.971261
v 18.1637 -37.3281 1245.45
vn 0.0224259 -0.0449531 -0.998737
v 18.0687 -36.81 1245.39
vn -0.00299893 -0.104122 -0.99456
v 18.017 -37.0522 1245.41
vn -0.165755 -0.0517522 -0.984808
v 17.7998 -36.7953 1245.41
vn -0.124446 -0.139116 -0.982426
v 17.7104 -37.4647 1245.48
vn -0.338215 -0.0592551 -0.939202
v 17.3619 -37.0646 1245.53
vn -0.507359 -0.00122188 -0.861734
v 16.952 -36.6623 1245.72
vn 0.162046 -0.196418 -0.967037
v 17.8899 -38.4992 1245.67
vn -0.271607 -0.194756 -0.942497
v 17.4396 -38.6049 1245.72
vn -0.341617 -0.131612 -0.930578
v 17.4094 -37.8183 1245.59
vn -0.552429 -0.212706 -0.805964
v 17.218 -38.3846 1245.78
vn -0.721893 -0.302726 -0.622276
v 16.9624 -38.5715 1246.08
vn -0.54086 -0.105527 -0.834467
v 16.9313 -37.404 1245.77
vn -0.801755 -0.378439 -0.462572
v 16.6829 -38.5614 1246.49
vn -0.708266 -0.193654 -0.678864
v 16.6083 -37.5536 1246.08
vn -0.801573 -0.267699 -0.53462
v 16.4078 -37.7278 1246.4
vn -0.855463 -0.32435 -0.403709
v 16.2779 -37.9163 1246.74
vn -0.799266 -0.545676 -0.251817
v 16.7168 -39.4337 1247.69
vn -0.842149 -0.476718 -0.252041
v 16.407 -38.916 1247.65
vn -0.851152 -0.41345 -0.323417
v 16.4265 -38.6221 1247.1
vn -0.886869 -0.395474 -0.23888
v 16.058 -38.3385 1247.88
vn -0.830917 -0.51635 -0.207268
v 16.4749 -39.2755 1248.19
vn -0.863522 -0.458616 -0.209766
v 16.208 -38.8676 1248.34
vn 0.0267361 -0.190048 -0.981411
v 17.8045 -38.8794 1245.72
vn -0.0207311 -0.320109 -0.947154
v 17.7517 -39.0977 1245.77
vn -0.216155 -0.460347 -0.861021
v 17.6897 -39.3236 1245.86
vn -0.305027 -0.56984 -0.763047
v 17.633 -39.4942 1245.99
vn -0.441171 -0.620484 -0.648358
v 17.5789 -39.6376 1246.14
vn -0.302472 -0.271902 -0.913553
v 17.5615 -38.9968 1245.77
vn -0.442695 -0.385723 -0.809469
v 17.5017 -39.2 1245.88
vn -0.523897 -0.483478 -0.701271
v 17.4458 -39.3624 1246.01
vn -0.64347 -0.528589 -0.55366
v 17.394 -39.4814 1246.17
vn -0.579401 -0.312561 -0.752728
v 17.3191 -39.0194 1245.93
vn -0.70476 -0.411931 -0.577604
v 17.2645 -39.1683 1246.07
vn -0.741181 -0.595795 -0.30932
v 17.3414 -40.0127 1247.06
vn -0.625089 -0.622278 -0.471205
v 17.4789 -39.8403 1246.47
vn -0.785921 -0.497915 -0.366617
v 17.0406 -39.3468 1246.63
vn -0.752483 -0.628085 -0.198188
v 17.125 -40.1679 1248.11
vn -0.586932 0.8069 -0.0665108
v 16.5962 -28.738 1252.77
vn -0.707577 0.704323 -0.057126
v 16.0345 -29.1938 1252.83
vn -0.629247 0.763682 0.144356
v 15.6274 -29.7605 1255.04
vn -0.595502 0.795001 0.115545
v 16.0072 -29.2631 1253.75
vn -0.767323 0.641147 -0.0121211
v 15.6796 -29.5515 1253.49
vn -0.812178 0.583334 0.00938891
v 15.3211 -30.0157 1254.32
vn -0.624699 0.744409 0.235811
v 15.659 -30.0168 1256.11
vn -0.784622 0.58177 0.21427
v 15.1747 -30.4761 1255.95
vn -0.757936 0.632282 0.160479
v 15.2313 -30.2871 1255.59
vn -0.803868 0.591679 0.0609296
v 15.2532 -30.1468 1254.95
vn -0.858549 0.506732 0.0782032
v 14.9925 -30.5933 1255.34
vn -0.719674 0.633358 0.284476
v 15.6152 -30.4559 1257.05
vn -0.814149 0.483085 0.322165
v 15.1038 -31.1196 1257
vn -0.883703 0.289916 0.367447
v 15.0276 -31.4959 1257.25
vn -0.820522 0.513375 0.251377
v 14.9663 -30.9472 1256.34
vn -0.900773 0.321991 0.291428
v 14.8442 -31.3143 1256.58
vn -0.640117 0.747593 -0.177072
v 16.3289 -29.3503 1250.66
vn -0.737647 0.65871 -0.14825
v 15.9823 -29.4627 1251.7
vn -0.842573 0.524432 -0.122641
v 15.7047 -29.7287 1252.19
vn -0.867585 0.491567 -0.0752148
v 15.2117 -30.2723 1253.58
vn -0.903913 0.418083 -0.0902694
v 14.905 -30.9574 1253.18
vn -0.884807 0.448824 0.125196
v 14.7779 -31.049 1255.74
vn -0.888753 0.458035 -0.0179571
v 14.888 -30.7656 1254.85
vn -0.926908 0.373484 0.0367607
v 14.6501 -31.2703 1255.34
vn -0.942062 0.333577 -0.0353051
v 14.6056 -31.4011 1254.77
vn -0.979873 0.195259 0.0415178
v 14.518 -31.7052 1255.3
vn -0.930094 -0.0311016 0.366003
v 14.89 -31.8224 1257.02
vn -0.91222 0.354317 0.205702
v 14.7368 -31.2553 1256.1
vn -0.960091 0.246986 0.131237
v 14.5931 -31.5806 1255.87
vn -0.962819 0.103109 0.249694
v 14.6347 -31.8035 1256.24
vn -0.987129 0.0372546 0.155528
v 14.5198 -31.9201 1255.66
vn -0.522591 0.760903 -0.384611
v 16.616 -29.7198 1248.85
vn -0.445057 0.750099 -0.489157
v 16.8665 -30.0448 1248.01
vn -0.599198 0.758728 -0.255526
v 16.477 -29.5028 1249.65
vn -0.67372 0.663755 -0.324854
v 16.3229 -29.9453 1248.87
vn -0.608066 0.666866 -0.43075
v 16.4715 -30.1148 1248.34
vn -0.739433 0.56566 -0.365057
v 16.1638 -30.2675 1248.64
vn -0.792291 0.541965 -0.280266
v 16.015 -30.2493 1249.04
vn -0.812913 0.473498 -0.339076
v 15.978 -30.5145 1248.69
vn -0.749699 0.624818 -0.21807
v 16.1154 -29.8711 1249.58
vn -0.837576 0.521671 -0.16225
v 15.8225 -30.134 1250.07
vn -0.832764 0.511373 -0.212137
v 15.8546 -30.2802 1249.51
vn -0.852557 0.4547 -0.25767
v 15.7262 -30.6086 1249.29
vn -0.87031 0.450374 -0.199308
v 15.5472 -30.7871 1249.61
vn -0.900017 0.407856 -0.153701
v 15.2353 -31.1535 1250.28
vn -0.975043 0.217632 -0.0438971
v 14.4108 -32.2799 1253.49
vn -0.992846 0.119308 0.00473329
v 14.3095 -32.7584 1253.91
vn -0.995231 0.0268465 0.0937753
v 14.3205 -32.9752 1254.28
vn -0.99904 0.0346354 -0.0268134
v 14.2814 -33.1769 1253.43
vn -0.953598 -0.108889 0.280702
v 14.5999 -33.1436 1255.71
vn -0.970363 -0.0828732 0.226999
v 14.4393 -33.6052 1254.92
vn -0.31245 0.621453 -0.718451
v 17.3555 -30.5873 1247
vn -0.291918 0.542268 -0.787864
v 17.3337 -30.912 1246.75
vn -0.423859 0.66686 -0.612896
v 17.128 -30.4684 1247.23
vn -0.459085 0.42 -0.782841
v 17.0661 -31.2946 1246.64
vn -0.50271 0.510069 -0.697934
v 16.835 -30.9986 1246.98
vn -0.615588 0.35593 -0.703111
v 16.819 -31.3551 1246.78
vn -0.549331 0.658241 -0.514738
v 16.6875 -30.298 1247.82
vn -0.612516 0.539793 -0.577449
v 16.687 -30.7219 1247.33
vn -0.672349 0.411869 -0.615069
v 16.6322 -31.0651 1247.12
vn -0.734752 0.344325 -0.584448
v 16.2941 -31.5659 1247.22
vn -0.725174 0.520383 -0.450915
v 16.2651 -30.6047 1248
vn -0.75783 0.412108 -0.505826
v 16.1979 -30.9454 1247.79
vn -0.814673 0.411052 -0.409077
v 15.9713 -30.9373 1248.21
vn -0.819599 0.335595 -0.464363
v 15.7339 -31.8824 1247.84
vn -0.839763 0.371148 -0.396292
v 15.6793 -31.4473 1248.31
vn -0.907816 0.371207 -0.19513
v 15.2736 -31.3009 1249.72
vn -0.852721 0.40554 -0.329249
v 15.6324 -31.1909 1248.69
vn -0.900057 0.349903 -0.259741
v 15.3486 -31.4557 1249.18
vn -0.879639 0.338104 -0.334545
v 15.4666 -31.6191 1248.64
vn -0.870011 0.304769 -0.387553
v 15.5227 -31.8773 1248.27
vn -0.925428 0.209047 -0.316042
v 15.3406 -32.0552 1248.59
vn -0.957842 0.0865846 -0.273937
v 15.2124 -32.4211 1248.83
vn -0.968126 0.0151734 -0.250004
v 15.0726 -32.7148 1249.34
vn -0.981808 0.0582889 -0.180709
v 14.4338 -33.5567 1252.05
vn -0.990195 -0.0365728 0.134821
v 14.3185 -34.0749 1254.13
vn -0.938495 -0.11676 0.324952
v 14.8488 -34.7552 1255.59
vn -0.965486 -0.0835377 0.246696
v 14.3839 -35.1881 1254
vn -0.359145 0.403745 -0.84143
v 17.4878 -31.5978 1246.29
vn -0.412798 0.285438 -0.864941
v 17.4327 -31.9879 1246.15
vn -0.50285 0.172706 -0.846944
v 17.0772 -32.6837 1246.19
vn -0.55128 0.302159 -0.777682
v 16.8754 -31.7152 1246.58
vn -0.544458 0.228003 -0.807205
v 16.945 -32.0959 1246.41
vn -0.599208 0.178551 -0.780429
v 16.645 -32.5919 1246.5
vn -0.637587 0.231892 -0.734649
v 16.5435 -32.2172 1246.68
vn -0.695441 0.279044 -0.662191
v 16.3097 -31.9233 1247.02
vn -0.697415 0.147921 -0.701235
v 16.2729 -32.7316 1246.79
vn -0.803625 0.0397679 -0.593806
v 16.0497 -33.0784 1247.01
vn -0.7753 0.164779 -0.609719
v 16.0269 -32.4352 1247.13
vn -0.806219 0.250372 -0.536027
v 15.8513 -32.1529 1247.48
vn -0.881524 0.041938 -0.470273
v 15.6787 -32.687 1247.61
vn -0.927991 0.0844769 -0.362901
v 15.438 -33.8135 1248.34
vn -0.892761 0.179857 -0.413074
v 15.5107 -32.2291 1248.06
vn -0.942343 0.015389 -0.334296
v 15.3205 -32.6898 1248.47
vn -0.957629 0.0949115 -0.271917
v 15.1441 -33.8293 1249.21
vn -0.983185 -0.00413432 -0.182567
v 14.4505 -35.0144 1251.71
vn -0.975724 -0.177115 -0.128813
v 14.4161 -36.4668 1252.56
vn -0.996081 -0.0382664 0.0797354
v 14.272 -35.3053 1253.42
vn -0.994744 -0.0967839 -0.0334357
v 14.2971 -36.0188 1253.02
vn -0.985304 -0.0727101 -0.154559
v 14.3809 -35.7837 1252.22
vn -0.971492 -0.156935 -0.177691
v 14.4517 -36.1521 1252.03
vn -0.994692 -0.0032805 -0.102848
v 14.3017 -35.3437 1252.68
vn -0.941571 -0.21738 0.257274
v 14.7288 -37.1446 1254.44
vn -0.954585 -0.100413 0.280509
v 14.6503 -36.3107 1254.65
vn -0.957355 -0.167534 0.23538
v 14.5661 -36.7165 1254.15
vn -0.954451 -0.24129 0.175504
v 14.6048 -37.2079 1253.88
vn -0.969177 -0.20659 0.134224
v 14.4696 -36.8368 1253.57
vn -0.978166 -0.114598 0.173373
v 14.3732 -36.1788 1253.67
vn -0.978464 -0.206387 -0.00343905
v 14.3881 -36.6058 1253.2
vn -0.942636 -0.153834 0.296264
v 14.862 -36.6737 1255.22
vn -0.624502 0.151964 -0.766097
v 16.7118 -34.5543 1246.13
vn -0.579077 0.130597 -0.804745
v 16.6964 -33.4291 1246.3
vn -0.757454 0.214088 -0.61679
v 16.0912 -35.1737 1246.56
vn -0.837413 0.147012 -0.526428
v 15.984 -34.0954 1247.14
vn -0.871272 0.256475 -0.418456
v 15.5097 -34.4291 1247.77
vn -0.83844 0.220809 -0.498259
v 15.6124 -34.7052 1247.43
vn -0.904569 0.152936 -0.397952
v 15.4174 -34.872 1247.74
vn -0.948162 0.00281897 -0.317775
v 15.2922 -35.2385 1247.97
vn -0.933783 0.173862 -0.312763
v 15.2457 -34.5207 1248.37
vn -0.962559 -0.119824 -0.243151
v 15.1975 -36.11 1248.65
vn -0.97122 0.0339616 -0.235749
v 15.08 -34.9863 1248.78
vn -0.973135 -0.0985078 -0.208095
v 14.5814 -35.9263 1251.23
vn -0.953967 -0.261124 -0.147514
v 14.525 -36.8123 1252.4
vn -0.956788 -0.215673 -0.195042
v 14.7084 -36.5904 1251.13
vn -0.93928 -0.343111 -0.00530433
v 14.8707 -38.1946 1253.4
vn -0.932348 -0.340051 -0.122848
v 14.8494 -38 1252.78
vn -0.957593 -0.28804 0.00696738
v 14.5941 -37.3931 1253.29
vn -0.59672 0.0453572 -0.801167
v 16.616 -36.0634 1245.96
vn -0.669969 0.132273 -0.730511
v 16.2998 -35.2914 1246.31
vn -0.813497 -0.095807 -0.573624
v 16.1004 -36.5659 1246.49
vn -0.864287 -0.17183 -0.472738
v 16.0089 -36.9392 1246.73
vn -0.900084 -0.218313 -0.377078
v 15.8943 -37.1307 1247.07
vn -0.736917 0.0175377 -0.675756
v 16.1027 -35.8205 1246.43
vn -0.774012 0.10925 -0.623674
v 15.9829 -35.4422 1246.61
vn -0.842603 -0.0196186 -0.538178
v 15.7995 -35.797 1246.84
vn -0.886785 -0.12592 -0.444698
v 15.6957 -36.1678 1247.08
vn -0.935508 -0.172685 -0.308228
v 15.5842 -36.3599 1247.42
vn -0.863773 0.10403 -0.493025
v 15.6981 -35.4224 1247.02
vn -0.914044 -0.0472074 -0.402858
v 15.5759 -35.7895 1247.26
vn -0.92186 -0.290407 -0.256589
v 15.672 -37.4452 1248.03
vn -0.91196 -0.344697 -0.222514
v 15.6429 -37.7504 1248.55
vn -0.917107 -0.259114 -0.302944
v 15.8226 -37.3308 1247.42
vn -0.946231 -0.229329 -0.228157
v 15.1226 -36.8084 1249.44
vn -0.925949 -0.327514 -0.188024
v 15.0772 -37.7647 1251.05
vn -0.696747 -0.072203 -0.713674
v 16.4402 -36.9425 1246.13
vn -0.806264 -0.175752 -0.564846
v 16.2764 -37.2399 1246.4
vn -0.862641 -0.239195 -0.445687
v 16.125 -37.424 1246.73
vn -0.891747 -0.284626 -0.351818
v 16.0319 -37.6198 1247.07
vn -0.894165 -0.336386 -0.295489
v 15.9785 -37.8236 1247.43
vn -0.910029 0.394571 -0.127129
v 14.8492 -31.4107 1251.95
vn -0.948027 0.275969 -0.158388
v 14.7774 -31.8123 1251.46
vn -0.95521 0.279331 -0.0977112
v 14.523 -31.9806 1252.97
vn -0.974898 0.165846 -0.148555
v 14.556 -32.3739 1252.04
vn -0.985313 0.140002 -0.0977656
v 14.3392 -32.7968 1253.18
vn -0.942113 0.27489 -0.191985
v 15.1353 -31.7346 1249.68
vn -0.955055 0.185948 -0.230853
v 15.1577 -31.986 1249.3
vn -0.971155 0.141694 -0.191781
v 14.7106 -32.5073 1251.04
vn -0.145623 -0.976789 0.157087
v 107.199 -180.185 1136.19
vn -0.459075 -0.886085 -0.0640544
v 107.286 -180.235 1135.63
vn -0.0280649 -0.999446 -0.0178948
v 107.394 -180.226 1135.03
vn 0.153478 -0.910501 -0.383969
v 108.443 -177.482 1127.42
vn 0.111244 -0.858618 -0.5004
v 108.896 -178.159 1128.85
vn 0.0570737 -0.883364 -0.4652
v 108.596 -179.168 1130.6
vn -0.0178241 -0.890854 -0.45394
v 108.301 -179.32 1130.91
vn -0.02753 -0.886855 -0.461227
v 108.253 -179.797 1131.83
vn -0.472032 -0.816259 -0.333027
v 108.253 -179.797 1131.83
vn -0.398499 -0.850768 -0.342626
v 108.209 -179.835 1132.04
vn -0.453594 -0.81524 -0.360051
v 108.162 -179.91 1132.22
vn -0.125721 -0.990851 -0.0490714
v 107.675 -180.239 1134.61
vn -0.461099 -0.856755 -0.230995
v 107.936 -180.16 1133.22
vn -0.598414 -0.585012 -0.547413
v 106.658 -174.518 1121.84
vn 0.0739184 -0.852175 -0.518009
v 107.445 -175.873 1122.99
vn -0.344315 -0.831877 -0.435232
v 107.445 -175.873 1122.99
vn -0.342082 -0.800226 -0.492562
v 107.295 -175.769 1122.76
vn -0.078678 -0.627841 -0.774355
v 107.212 -175.397 1122.47
vn -0.251593 -0.619753 -0.743375
v 106.934 -174.968 1122.15
vn -0.615448 -0.735981 0.282055
v 102.071 -176.519 1140.81
vn -0.470901 -0.417719 0.777022
v 101.724 -176.23 1140.78
vn -0.638105 -0.592815 -0.491317
v 106.527 -174.221 1121.73
vn -0.239958 -0.506581 -0.828128
v 106.527 -174.221 1121.73
vn -0.56677 -0.762695 -0.311557
v 106.202 -173.858 1121.61
vn -0.693644 -0.712508 0.105787
v 100.713 -175.245 1140.48
vn -0.731799 -0.679248 0.0556091
v 100.561 -175.12 1140.3
vn -0.793975 -0.607107 -0.03202
v 100.401 -174.939 1140.02
vn -0.915598 -0.40186 -0.0137119
v 100.283 -174.7 1139.64
vn -0.715719 -0.675002 0.179217
v 101.212 -175.679 1140.73
vn -0.292885 -0.519036 -0.803007
v 104.606 -173.005 1121.39
vn -0.355767 -0.325106 -0.876205
v 104.34 -172.848 1121.4
vn -0.707583 -0.665013 -0.238923
v 104.156 -172.689 1121.44
vn -0.765768 -0.534509 -0.357629
v 103.975 -172.492 1121.49
vn -0.787469 -0.365732 -0.496117
v 103.799 -172.236 1121.59
vn -0.945703 -0.311647 -0.0923154
v 100.113 -173.878 1137.89
vn -0.992395 -0.102546 -0.0680956
v 100.435 -171.712 1131.03
vn -0.837963 -0.414612 -0.354844
v 102.49 -170.814 1123.22
vn -0.897201 0.00286613 -0.441613
v 101.797 -170.502 1124.4
vn -0.77342 -0.481069 -0.412787
v 101.821 -170.684 1124.31
vn -0.850505 -0.342086 -0.399522
v 103.508 -172.006 1121.88
vn -0.861931 -0.190472 -0.469889
v 103.407 -171.74 1122
vn -0.844189 -0.26433 -0.466341
v 103.156 -171.511 1122.3
vn -0.864996 -0.315649 -0.39006
v 102.892 -171.211 1122.63
vn -0.940955 -0.143933 -0.306411
v 100.957 -170.59 1126.28
vn -0.965734 -0.165614 -0.199826
v 100.669 -170.714 1127.33
vn -0.88825 -0.234315 -0.395105
v 101.462 -170.579 1124.98
vn -0.943801 -0.0920271 -0.317444
v 101.215 -170.497 1125.68
vn -0.82064 0.45584 -0.344616
v 101.282 -170.581 1125.41
f 59//59 43//43 60//60
f 58//58 3//3 60//60
f 59//59 1//1 62//62
f 59//59 2//2 1//1
f 67//67 5//5 11//11
f 59//59 60//60 2//2
f 60//60 3//3 6//6
f 3//3 8//8 7//7
f 3//3 7//7 6//6
f 3//3 4//4 8//8
f 1//1 12//12 15//15
f 1//1 15//15 5//5
f 2//2 13//13 12//12
f 1//1 2//2 12//12
f 60//60 6//6 2//2
f 22//22 7//7 8//8
f 4//4 9//9 8//8
f 9//9 4//4 68//68
f 68//68 71//71 9//9
f 8//8 9//9 10//10
f 9//9 71//71 10//10
f 71//71 82//82 10//10
f 5//5 15//15 11//11
f 12//12 17//17 15//15
f 2//2 6//6 13//13
f 13//13 18//18 12//12
f 6//6 7//7 13//13
f 13//13 7//7 18//18
f 8//8 14//14 22//22
f 8//8 10//10 14//14
f 11//11 15//15 16//16
f 15//15 20//20 16//16
f 16//16 20//20 19//19
f 12//12 18//18 17//17
f 15//15 17//17 20//20
f 20//20 17//17 21//21
f 7//7 22//22 18//18
f 17//17 18//18 21//21
f 18//18 22//22 21//21
f 14//14 10//10 82//82
f 87//87 19//19 20//20
f 26//26 20//20 21//21
f 25//25 87//87 20//20
f 22//22 33//33 21//21
f 26//26 21//21 27//27
f 21//21 33//33 27//27
f 20//20 26//26 25//25
f 90//90 87//87 25//25
f 22//22 23//23 33//33
f 26//26 27//27 29//29
f 27//27 33//33 29//29
f 25//25 26//26 24//24
f 26//26 29//29 24//24
f 29//29 30//30 24//24
f 25//25 24//24 28//28
f 99//99 25//25 28//28
f 24//24 30//30 28//28
f 30//30 31//31 28//28
f 30//30 29//29 31//31
f 31//31 99//99 28//28
f 33//33 32//32 29//29
f 29//29 32//32 31//31
f 34//34 32//32 33//33
f 33//33 23//23 34//34
f 31//31 32//32 111//111
f 31//31 111//111 110//110
f 32//32 34//34 111//111
f 147//147 37//37 149//149
f 149//149 37//37 36//36
f 36//36 153//153 149//149
f 38//38 35//35 39//39
f 35//35 37//37 147//147
f 36//36 41//41 153//153
f 37//37 43//43 36//36
f 42//42 38//38 45//45
f 38//38 46//46 45//45
f 37//37 35//35 42//42
f 35//35 38//38 42//42
f 46//46 38//38 39//39
f 41//41 49//49 48//48
f 305//305 41//41 48//48
f 41//41 36//36 49//49
f 37//37 42//42 43//43
f 42//42 44//44 43//43
f 36//36 43//43 49//49
f 42//42 45//45 44//44
f 39//39 40//40 46//46
f 46//46 40//40 53//53
f 47//47 53//53 40//40
f 163//163 47//47 40//40
f 47//47 163//163 167//167
f 54//54 48//48 49//49
f 50//50 57//57 49//49
f 50//50 43//43 57//57
f 50//50 49//49 43//43
f 44//44 45//45 51//51
f 46//46 52//52 45//45
f 45//45 52//52 51//51
f 46//46 53//53 52//52
f 64//64 52//52 53//53
f 64//64 53//53 55//55
f 53//53 47//47 55//55
f 47//47 169//169 55//55
f 169//169 47//47 167//167
f 48//48 54//54 56//56
f 56//56 166//166 48//48
f 49//49 57//57 54//54
f 57//57 43//43 59//59
f 52//52 64//64 51//51
f 169//169 174//174 61//61
f 56//56 54//54 67//67
f 43//43 44//44 60//60
f 44//44 58//58 60//60
f 58//58 44//44 51//51
f 61//61 55//55 169//169
f 62//62 67//67 54//54
f 62//62 57//57 59//59
f 62//62 54//54 57//57
f 4//4 3//3 51//51
f 58//58 51//51 3//3
f 51//51 63//63 4//4
f 64//64 63//63 51//51
f 174//174 66//66 61//61
f 174//174 75//75 66//66
f 74//74 173//173 56//56
f 56//56 67//67 74//74
f 4//4 63//63 68//68
f 68//68 63//63 64//64
f 65//65 64//64 55//55
f 68//68 64//64 65//65
f 69//69 68//68 65//65
f 69//69 65//65 72//72
f 65//65 55//55 61//61
f 61//61 72//72 65//65
f 67//67 62//62 5//5
f 5//5 62//62 1//1
f 61//61 70//70 72//72
f 66//66 70//70 61//61
f 70//70 66//66 75//75
f 73//73 173//173 74//74
f 67//67 11//11 74//74
f 69//69 71//71 68//68
f 69//69 72//72 71//71
f 72//72 70//70 75//75
f 76//76 73//73 77//77
f 73//73 74//74 77//77
f 180//180 73//73 76//76
f 11//11 77//77 74//74
f 82//82 71//71 72//72
f 81//81 72//72 75//75
f 78//78 79//79 76//76
f 79//79 180//180 76//76
f 77//77 11//11 16//16
f 78//78 76//76 77//77
f 184//184 81//81 75//75
f 75//75 179//179 184//184
f 19//19 77//77 16//16
f 87//87 78//78 19//19
f 78//78 77//77 19//19
f 81//81 80//80 72//72
f 82//82 72//72 80//80
f 83//83 82//82 80//80
f 81//81 184//184 84//84
f 79//79 78//78 85//85
f 81//81 83//83 80//80
f 81//81 84//84 83//83
f 88//88 82//82 83//83
f 92//92 82//82 88//88
f 84//84 89//89 83//83
f 84//84 192//192 89//89
f 87//87 86//86 78//78
f 85//85 78//78 86//86
f 92//92 88//88 94//94
f 83//83 89//89 88//88
f 88//88 89//89 94//94
f 85//85 91//91 195//195
f 87//87 90//90 86//86
f 86//86 90//90 91//91
f 91//91 85//85 86//86
f 22//22 14//14 23//23
f 82//82 93//93 14//14
f 82//82 92//92 93//93
f 94//94 96//96 92//92
f 96//96 94//94 100//100
f 89//89 100//100 94//94
f 195//195 91//91 97//97
f 90//90 98//98 91//91
f 91//91 98//98 97//97
f 14//14 93//93 23//23
f 93//93 101//101 23//23
f 93//93 95//95 101//101
f 95//95 93//93 92//92
f 92//92 96//96 95//95
f 96//96 100//100 95//95
f 89//89 102//102 100//100
f 102//102 89//89 192//192
f 25//25 98//98 90//90
f 98//98 25//25 99//99
f 98//98 99//99 115//115
f 97//97 98//98 115//115
f 97//97 115//115 116//116
f 95//95 100//100 103//103
f 103//103 100//100 102//102
f 99//99 31//31 110//110
f 101//101 105//105 23//23
f 95//95 103//103 101//101
f 103//103 102//102 104//104
f 202//202 104//104 102//102
f 114//114 115//115 99//99
f 23//23 105//105 109//109
f 105//105 101//101 103//103
f 202//202 206//206 104//104
f 23//23 120//120 34//34
f 104//104 106//106 103//103
f 106//106 104//104 206//206
f 99//99 110//110 114//114
f 103//103 107//107 105//105
f 106//106 108//108 107//107
f 107//107 103//103 106//106
f 106//106 218//218 108//108
f 105//105 112//112 109//109
f 107//107 112//112 105//105
f 107//107 113//113 112//112
f 107//107 108//108 113//113
f 111//111 118//118 110//110
f 132//132 34//34 120//120
f 109//109 120//120 23//23
f 224//224 113//113 108//108
f 117//117 231//231 116//116
f 117//117 115//115 114//114
f 115//115 117//117 116//116
f 111//111 119//119 118//118
f 110//110 126//126 114//114
f 110//110 118//118 126//126
f 111//111 34//34 119//119
f 34//34 132//132 119//119
f 109//109 112//112 121//121
f 112//112 122//122 121//121
f 224//224 227//227 113//113
f 113//113 122//122 112//112
f 113//113 227//227 122//122
f 114//114 126//126 123//123
f 118//118 119//119 125//125
f 109//109 121//121 120//120
f 121//121 122//122 134//134
f 122//122 235//235 134//134
f 123//123 117//117 114//114
f 123//123 124//124 117//117
f 231//231 117//117 124//124
f 118//118 125//125 126//126
f 126//126 125//125 127//127
f 127//127 125//125 131//131
f 127//127 123//123 126//126
f 119//119 128//128 125//125
f 119//119 132//132 128//128
f 128//128 129//129 125//125
f 121//121 133//133 120//120
f 134//134 133//133 121//121
f 120//120 133//133 138//138
f 125//125 129//129 131//131
f 130//130 128//128 132//132
f 128//128 130//130 129//129
f 129//129 130//130 131//131
f 132//132 140//140 130//130
f 134//134 239//239 133//133
f 131//131 135//135 127//127
f 127//127 136//136 123//123
f 135//135 136//136 127//127
f 131//131 130//130 137//137
f 130//130 140//140 137//137
f 135//135 131//131 139//139
f 131//131 137//137 139//139
f 123//123 136//136 245//245
f 132//132 120//120 144//144
f 144//144 140//140 132//132
f 120//120 138//138 144//144
f 138//138 133//133 248//248
f 135//135 141//141 136//136
f 142//142 141//141 135//135
f 141//141 253//253 136//136
f 135//135 139//139 142//142
f 139//139 137//137 142//142
f 144//144 143//143 140//140
f 140//140 143//143 137//137
f 138//138 248//248 258//258
f 141//141 142//142 265//265
f 138//138 258//258 144//144
f 142//142 137//137 145//145
f 137//137 143//143 145//145
f 142//142 145//145 265//265
f 265//265 145//145 146//146
f 146//146 145//145 143//143
f 144//144 258//258 268//268
f 144//144 268//268 143//143
f 143//143 268//268 146//146
f 148//148 150//150 147//147
f 295//295 150//150 148//148
f 300//300 149//149 153//153
f 147//147 150//150 35//35
f 150//150 151//151 154//154
f 150//150 154//154 35//35
f 154//154 151//151 152//152
f 158//158 152//152 155//155
f 155//155 152//152 303//303
f 154//154 157//157 35//35
f 154//154 152//152 157//157
f 152//152 158//158 157//157
f 155//155 303//303 156//156
f 301//301 156//156 303//303
f 160//160 306//306 305//305
f 35//35 157//157 39//39
f 39//39 157//157 40//40
f 157//157 158//158 40//40
f 158//158 163//163 40//40
f 158//158 159//159 163//163
f 155//155 159//159 158//158
f 156//156 161//161 159//159
f 155//155 156//156 159//159
f 161//161 156//156 309//309
f 160//160 305//305 166//166
f 160//160 166//166 162//162
f 300//300 153//153 41//41
f 163//163 159//159 164//164
f 164//164 159//159 161//161
f 309//309 310//310 161//161
f 166//166 305//305 48//48
f 305//305 300//300 41//41
f 164//164 167//167 163//163
f 161//161 167//167 164//164
f 165//165 308//308 162//162
f 165//165 162//162 166//166
f 161//161 168//168 167//167
f 165//165 166//166 56//56
f 167//167 170//170 169//169
f 174//174 169//169 170//170
f 170//170 172//172 174//174
f 167//167 171//171 170//170
f 170//170 171//171 172//172
f 167//167 168//168 171//171
f 172//172 171//171 314//314
f 171//171 168//168 314//314
f 314//314 176//176 172//172
f 173//173 165//165 56//56
f 172//172 175//175 174//174
f 175//175 179//179 174//174
f 172//172 176//176 175//175
f 176//176 179//179 175//175
f 178//178 176//176 316//316
f 178//178 179//179 176//176
f 174//174 179//179 75//75
f 180//180 320//320 173//173
f 178//178 181//181 179//179
f 331//331 327//327 177//177
f 180//180 173//173 73//73
f 181//181 178//178 328//328
f 183//183 177//177 180//180
f 177//177 183//183 331//331
f 179//179 181//181 185//185
f 186//186 185//185 181//181
f 328//328 187//187 181//181
f 187//187 186//186 181//181
f 331//331 183//183 182//182
f 183//183 180//180 79//79
f 183//183 79//79 188//188
f 188//188 182//182 183//183
f 185//185 189//189 184//184
f 185//185 184//184 179//179
f 188//188 190//190 182//182
f 331//331 182//182 190//190
f 196//196 188//188 79//79
f 189//189 191//191 184//184
f 186//186 191//191 189//189
f 186//186 189//189 185//185
f 186//186 187//187 191//191
f 196//196 190//190 188//188
f 340//340 333//333 331//331
f 331//331 190//190 340//340
f 79//79 85//85 196//196
f 191//191 84//84 184//184
f 338//338 191//191 187//187
f 338//338 193//193 191//191
f 84//84 191//191 192//192
f 193//193 192//192 191//191
f 194//194 190//190 196//196
f 340//340 190//190 194//194
f 340//340 194//194 199//199
f 193//193 203//203 192//192
f 338//338 362//362 193//193
f 194//194 196//196 197//197
f 194//194 197//197 199//199
f 196//196 85//85 195//195
f 362//362 201//201 193//193
f 196//196 195//195 197//197
f 195//195 200//200 197//197
f 199//199 197//197 198//198
f 97//97 116//116 200//200
f 195//195 97//97 200//200
f 203//203 102//102 192//192
f 193//193 201//201 203//203
f 200//200 204//204 197//197
f 204//204 198//198 197//197
f 199//199 198//198 204//204
f 354//354 350//350 199//199
f 354//354 199//199 205//205
f 354//354 205//205 361//361
f 205//205 199//199 204//204
f 200//200 116//116 204//204
f 102//102 203//203 202//202
f 205//205 204//204 209//209
f 206//206 202//202 203//203
f 207//207 206//206 203//203
f 206//206 207//207 212//212
f 208//208 207//207 203//203
f 201//201 208//208 203//203
f 365//365 208//208 201//201
f 362//362 365//365 201//201
f 204//204 214//214 209//209
f 361//361 205//205 210//210
f 361//361 210//210 370//370
f 116//116 214//214 204//204
f 206//206 212//212 106//106
f 208//208 212//212 207//207
f 209//209 210//210 205//205
f 211//211 210//210 209//209
f 370//370 210//210 211//211
f 370//370 211//211 371//371
f 212//212 215//215 106//106
f 208//208 213//213 212//212
f 376//376 213//213 208//208
f 365//365 376//376 208//208
f 376//376 374//374 213//213
f 211//211 209//209 223//223
f 371//371 211//211 223//223
f 218//218 106//106 215//215
f 215//215 219//219 218//218
f 212//212 216//216 215//215
f 216//216 220//220 215//215
f 213//213 216//216 212//212
f 220//220 216//216 222//222
f 374//374 217//217 216//216
f 213//213 374//374 216//216
f 216//216 217//217 222//222
f 219//219 225//225 218//218
f 219//219 215//215 220//220
f 221//221 219//219 220//220
f 225//225 219//219 221//221
f 222//222 221//221 220//220
f 230//230 229//229 221//221
f 221//221 222//222 230//230
f 381//381 230//230 222//222
f 233//233 209//209 214//214
f 234//234 209//209 233//233
f 223//223 209//209 234//234
f 383//383 223//223 392//392
f 108//108 218//218 224//224
f 224//224 218//218 225//225
f 228//228 224//224 225//225
f 225//225 221//221 229//229
f 229//229 228//228 225//225
f 231//231 226//226 116//116
f 226//226 214//214 116//116
f 226//226 233//233 214//214
f 223//223 234//234 392//392
f 228//228 236//236 227//227
f 227//227 224//224 228//228
f 226//226 231//231 232//232
f 232//232 233//233 226//226
f 122//122 227//227 235//235
f 227//227 236//236 235//235
f 236//236 228//228 229//229
f 232//232 237//237 233//233
f 232//232 231//231 237//237
f 234//234 233//233 237//237
f 234//234 399//399 392//392
f 236//236 241//241 235//235
f 236//236 246//246 241//241
f 229//229 246//246 236//236
f 229//229 396//396 246//246
f 134//134 240//240 239//239
f 235//235 240//240 134//134
f 235//235 241//241 240//240
f 242//242 231//231 124//124
f 238//238 234//234 237//237
f 398//398 234//234 238//238
f 244//244 398//398 238//238
f 124//124 245//245 242//242
f 396//396 400//400 246//246
f 243//243 237//237 231//231
f 231//231 242//242 243//243
f 244//244 238//238 237//237
f 243//243 244//244 237//237
f 136//136 253//253 245//245
f 123//123 245//245 124//124
f 242//242 245//245 254//254
f 133//133 239//239 247//247
f 133//133 247//247 248//248
f 247//247 239//239 249//249
f 239//239 240//240 249//249
f 240//240 261//261 249//249
f 240//240 241//241 250//250
f 240//240 250//250 261//261
f 251//251 241//241 246//246
f 250//250 241//241 251//251
f 400//400 251//251 246//246
f 251//251 400//400 413//413
f 242//242 254//254 243//243
f 252//252 244//244 243//243
f 254//254 252//252 243//243
f 245//245 253//253 254//254
f 260//260 247//247 249//249
f 249//249 261//261 260//260
f 250//250 255//255 261//261
f 251//251 255//255 250//250
f 251//251 256//256 255//255
f 413//413 256//256 251//251
f 257//257 252//252 254//254
f 264//264 253//253 141//141
f 247//247 259//259 248//248
f 258//258 248//248 259//259
f 260//260 259//259 247//247
f 261//261 255//255 272//272
f 254//254 253//253 262//262
f 264//264 262//262 253//253
f 262//262 257//257 254//254
f 141//141 265//265 263//263
f 260//260 270//270 259//259
f 270//270 258//258 259//259
f 260//260 271//271 270//270
f 260//260 261//261 271//271
f 261//261 272//272 271//271
f 256//256 417//417 255//255
f 273//273 262//262 264//264
f 141//141 263//263 264//264
f 264//264 263//263 273//273
f 255//255 416//416 272//272
f 272//272 416//416 420//420
f 263//263 267//267 273//273
f 267//267 274//274 273//273
f 265//265 266//266 267//267
f 146//146 266//266 265//265
f 265//265 267//267 263//263
f 267//267 266//266 274//274
f 258//258 269//269 268//268
f 258//258 270//270 269//269
f 271//271 428//428 270//270
f 272//272 435//435 271//271
f 272//272 429//429 435//435
f 273//273 274//274 275//275
f 273//273 275//275 422//422
f 276//276 274//274 266//266
f 274//274 276//276 275//275
f 277//277 266//266 146//146
f 146//146 268//268 283//283
f 269//269 270//270 428//428
f 435//435 428//428 271//271
f 276//276 279//279 275//275
f 275//275 279//279 431//431
f 266//266 277//277 276//276
f 146//146 283//283 277//277
f 277//277 280//280 276//276
f 428//428 433//433 269//269
f 280//280 278//278 276//276
f 276//276 278//278 279//279
f 280//280 285//285 278//278
f 278//278 285//285 281//281
f 279//279 432//432 431//431
f 278//278 432//432 279//279
f 281//281 432//432 278//278
f 277//277 283//283 282//282
f 282//282 280//280 277//277
f 280//280 282//282 285//285
f 433//433 288//288 269//269
f 269//269 288//288 268//268
f 281//281 285//285 448//448
f 268//268 284//284 283//283
f 282//282 283//283 286//286
f 282//282 286//286 285//285
f 286//286 283//283 284//284
f 433//433 450//450 288//288
f 268//268 288//288 284//284
f 284//284 287//287 289//289
f 284//284 289//289 286//286
f 288//288 287//287 284//284
f 287//287 288//288 455//455
f 289//289 453//453 286//286
f 289//289 287//287 290//290
f 287//287 455//455 290//290
f 292//292 487//487 293//293
f 294//294 293//293 487//487
f 147//147 292//292 148//148
f 296//296 293//293 294//294
f 495//495 299//299 297//297
f 300//300 299//299 492//492
f 147//147 149//149 291//291
f 292//292 295//295 148//148
f 292//292 293//293 295//295
f 296//296 150//150 295//295
f 293//293 296//296 295//295
f 496//496 497//497 303//303
f 149//149 300//300 291//291
f 150//150 296//296 151//151
f 151//151 296//296 294//294
f 294//294 152//152 151//151
f 496//496 152//152 294//294
f 496//496 303//303 152//152
f 497//497 301//301 303//303
f 301//301 497//497 502//502
f 501//501 297//297 298//298
f 500//500 501//501 298//298
f 299//299 298//298 297//297
f 298//298 299//299 302//302
f 500//500 298//298 302//302
f 502//502 307//307 301//301
f 304//304 302//302 306//306
f 302//302 299//299 305//305
f 305//305 299//299 300//300
f 302//302 305//305 306//306
f 309//309 156//156 301//301
f 307//307 309//309 301//301
f 162//162 306//306 160//160
f 308//308 304//304 306//306
f 505//505 304//304 308//308
f 307//307 311//311 309//309
f 308//308 306//306 162//162
f 309//309 311//311 310//310
f 310//310 311//311 168//168
f 161//161 310//310 168//168
f 311//311 312//312 168//168
f 512//512 308//308 165//165
f 314//314 316//316 176//176
f 312//312 314//314 168//168
f 315//315 314//314 312//312
f 316//316 314//314 315//315
f 317//317 315//315 312//312
f 173//173 313//313 165//165
f 317//317 316//316 315//315
f 317//317 319//319 316//316
f 320//320 313//313 173//173
f 316//316 323//323 178//178
f 319//319 323//323 316//316
f 521//521 318//318 321//321
f 313//313 320//320 318//318
f 319//319 326//326 323//323
f 319//319 535//535 326//326
f 180//180 177//177 320//320
f 177//177 318//318 320//320
f 318//318 177//177 322//322
f 318//318 322//322 327//327
f 318//318 327//327 321//321
f 325//325 321//321 324//324
f 531//531 321//321 325//325
f 531//531 325//325 533//533
f 322//322 177//177 327//327
f 321//321 327//327 324//324
f 325//325 324//324 334//334
f 535//535 330//330 326//326
f 328//328 178//178 323//323
f 326//326 329//329 323//323
f 329//329 328//328 323//323
f 324//324 327//327 334//334
f 533//533 325//325 336//336
f 329//329 187//187 328//328
f 326//326 330//330 329//329
f 336//336 325//325 334//334
f 330//330 535//535 337//337
f 535//535 538//538 337//337
f 530//530 538//538 535//535
f 329//329 332//332 187//187
f 332//332 329//329 330//330
f 338//338 332//332 339//339
f 332//332 338//338 187//187
f 330//330 339//339 332//332
f 337//337 339//339 330//330
f 333//333 334//334 327//327
f 331//331 333//333 327//327
f 333//333 340//340 341//341
f 334//334 333//333 341//341
f 335//335 334//334 342//342
f 344//344 335//335 342//342
f 336//336 334//334 335//335
f 336//336 335//335 539//539
f 539//539 335//335 344//344
f 553//553 349//349 337//337
f 199//199 341//341 340//340
f 334//334 341//341 342//342
f 342//342 341//341 343//343
f 344//344 342//342 343//343
f 542//542 344//344 347//347
f 339//339 348//348 338//338
f 337//337 349//349 339//339
f 345//345 341//341 199//199
f 343//343 341//341 345//345
f 343//343 345//345 350//350
f 344//344 343//343 346//346
f 346//346 343//343 352//352
f 346//346 352//352 347//347
f 347//347 352//352 351//351
f 347//347 344//344 346//346
f 351//351 555//555 347//347
f 338//338 348//348 362//362
f 359//359 348//348 339//339
f 349//349 359//359 339//339
f 345//345 199//199 350//350
f 343//343 350//350 352//352
f 353//353 555//555 351//351
f 360//360 349//349 553//553
f 359//359 349//349 360//360
f 350//350 354//354 355//355
f 352//352 350//350 355//355
f 353//353 352//352 357//357
f 351//351 352//352 353//353
f 352//352 356//356 357//357
f 558//558 353//353 357//357
f 359//359 362//362 348//348
f 355//355 354//354 358//358
f 356//356 355//355 358//358
f 352//352 355//355 356//356
f 358//358 354//354 361//361
f 356//356 358//358 357//357
f 357//357 358//358 372//372
f 363//363 359//359 360//360
f 364//364 360//360 563//563
f 362//362 359//359 363//363
f 360//360 364//364 363//363
f 362//362 366//366 365//365
f 363//363 367//367 362//362
f 367//367 363//363 368//368
f 368//368 363//363 364//364
f 358//358 361//361 370//370
f 358//358 370//370 372//372
f 366//366 362//362 367//367
f 368//368 373//373 367//367
f 373//373 377//377 367//367
f 373//373 368//368 369//369
f 368//368 364//364 369//369
f 372//372 370//370 371//371
f 366//366 376//376 365//365
f 377//377 366//366 367//367
f 369//369 378//378 373//373
f 372//372 371//371 379//379
f 379//379 371//371 223//223
f 375//375 217//217 374//374
f 375//375 222//222 217//217
f 375//375 381//381 222//222
f 374//374 376//376 375//375
f 376//376 377//377 375//375
f 376//376 366//366 377//377
f 377//377 382//382 375//375
f 377//377 388//388 382//382
f 378//378 377//377 373//373
f 378//378 388//388 377//377
f 379//379 223//223 383//383
f 379//379 384//384 380//380
f 379//379 380//380 372//372
f 375//375 382//382 381//381
f 380//380 384//384 570//570
f 381//381 385//385 230//230
f 382//382 386//386 381//381
f 386//386 385//385 381//381
f 387//387 386//386 382//382
f 382//382 388//388 387//387
f 378//378 572//572 388//388
f 384//384 379//379 383//383
f 570//570 384//384 383//383
f 386//386 390//390 385//385
f 390//390 386//386 387//387
f 390//390 387//387 388//388
f 391//391 390//390 388//388
f 574//574 388//388 572//572
f 385//385 389//389 230//230
f 390//390 389//389 385//385
f 390//390 394//394 389//389
f 391//391 388//388 574//574
f 389//389 229//229 230//230
f 393//393 390//390 578//578
f 390//390 393//393 394//394
f 391//391 578//578 390//390
f 383//383 395//395 570//570
f 389//389 396//396 229//229
f 396//396 389//389 394//394
f 394//394 393//393 578//578
f 399//399 234//234 398//398
f 392//392 399//399 405//405
f 383//383 392//392 405//405
f 394//394 397//397 396//396
f 397//397 394//394 578//578
f 395//395 383//383 405//405
f 244//244 403//403 398//398
f 399//399 398//398 404//404
f 404//404 398//398 403//403
f 405//405 399//399 404//404
f 400//400 401//401 413//413
f 396//396 401//401 400//400
f 396//396 402//402 401//401
f 402//402 407//407 401//401
f 397//397 402//402 396//396
f 397//397 584//584 408//408
f 397//397 408//408 402//402
f 403//403 244//244 252//252
f 404//404 403//403 410//410
f 412//412 406//406 404//404
f 405//405 404//404 406//406
f 395//395 405//405 406//406
f 407//407 413//413 401//401
f 402//402 408//408 407//407
f 408//408 589//589 407//407
f 584//584 589//589 408//408
f 252//252 409//409 403//403
f 409//409 410//410 403//403
f 409//409 252//252 411//411
f 404//404 410//410 412//412
f 410//410 409//409 411//411
f 411//411 412//412 410//410
f 413//413 417//417 256//256
f 414//414 417//417 413//413
f 407//407 414//414 413//413
f 407//407 588//588 414//414
f 589//589 588//588 407//407
f 252//252 415//415 411//411
f 252//252 257//257 415//415
f 593//593 412//412 411//411
f 406//406 412//412 594//594
f 419//419 414//414 588//588
f 411//411 415//415 423//423
f 593//593 411//411 423//423
f 257//257 262//262 415//415
f 255//255 417//417 416//416
f 414//414 418//418 417//417
f 418//418 414//414 419//419
f 416//416 417//417 420//420
f 429//429 272//272 420//420
f 421//421 262//262 273//273
f 422//422 421//421 273//273
f 262//262 421//421 415//415
f 422//422 425//425 421//421
f 423//423 415//415 426//426
f 415//415 421//421 426//426
f 421//421 425//425 426//426
f 275//275 427//427 422//422
f 417//417 430//430 420//420
f 420//420 430//430 429//429
f 417//417 424//424 430//430
f 417//417 418//418 424//424
f 418//418 595//595 424//424
f 595//595 599//599 424//424
f 424//424 599//599 430//430
f 425//425 422//422 427//427
f 431//431 427//427 275//275
f 610//610 426//426 425//425
f 441//441 425//425 427//427
f 612//612 426//426 610//610
f 439//439 431//431 432//432
f 433//433 428//428 444//444
f 435//435 434//434 428//428
f 428//428 434//434 444//444
f 434//434 436//436 444//444
f 435//435 436//436 434//434
f 435//435 437//437 436//436
f 429//429 430//430 438//438
f 435//435 429//429 438//438
f 438//438 437//437 435//435
f 438//438 615//615 437//437
f 430//430 603//603 438//438
f 438//438 603//603 615//615
f 441//441 611//611 425//425
f 441//441 431//431 439//439
f 441//441 427//427 431//431
f 441//441 439//439 442//442
f 439//439 440//440 442//442
f 439//439 443//443 440//440
f 441//441 442//442 611//611
f 447//447 611//611 442//442
f 281//281 443//443 432//432
f 281//281 448//448 443//443
f 439//439 432//432 443//443
f 444//444 450//450 433//433
f 436//436 445//445 444//444
f 445//445 450//450 444//444
f 451//451 450//450 445//445
f 436//436 437//437 445//445
f 445//445 452//452 451//451
f 445//445 446//446 452//452
f 437//437 446//446 445//445
f 615//615 446//446 437//437
f 615//615 619//619 446//446
f 442//442 440//440 447//447
f 449//449 443//443 448//448
f 443//443 449//449 440//440
f 449//449 447//447 440//440
f 449//449 448//448 458//458
f 448//448 285//285 458//458
f 458//458 457//457 449//449
f 460//460 457//457 458//458
f 630//630 449//449 457//457
f 453//453 285//285 286//286
f 458//458 285//285 453//453
f 453//453 289//289 454//454
f 289//289 290//290 454//454
f 290//290 465//465 454//454
f 290//290 464//464 465//465
f 455//455 288//288 456//456
f 455//455 468//468 464//464
f 455//455 456//456 468//468
f 290//290 455//455 464//464
f 450//450 456//456 288//288
f 451//451 456//456 450//450
f 456//456 451//451 470//470
f 451//451 624//624 470//470
f 457//457 460//460 639//639
f 458//458 453//453 461//461
f 459//459 460//460 458//458
f 458//458 463//463 459//459
f 472//472 460//460 459//459
f 473//473 459//459 463//463
f 639//639 460//460 472//472
f 461//461 453//453 454//454
f 454//454 465//465 462//462
f 461//461 454//454 462//462
f 462//462 465//465 466//466
f 463//463 458//458 461//461
f 461//461 462//462 463//463
f 466//466 478//478 462//462
f 475//475 462//462 478//478
f 475//475 463//463 462//462
f 465//465 464//464 466//466
f 468//468 466//466 464//464
f 468//468 467//467 466//466
f 469//469 468//468 456//456
f 468//468 469//469 467//467
f 469//469 481//481 467//467
f 467//467 481//481 482//482
f 456//456 470//470 469//469
f 470//470 471//471 469//469
f 469//469 471//471 481//481
f 470//470 631//631 471//471
f 459//459 473//473 472//472
f 640//640 473//473 476//476
f 474//474 648//648 639//639
f 474//474 639//639 472//472
f 472//472 473//473 474//474
f 640//640 474//474 473//473
f 474//474 640//640 649//649
f 473//473 463//463 475//475
f 478//478 479//479 475//475
f 476//476 473//473 475//475
f 477//477 476//476 475//475
f 475//475 479//479 477//477
f 640//640 476//476 641//641
f 477//477 641//641 476//476
f 477//477 652//652 641//641
f 477//477 479//479 652//652
f 466//466 467//467 478//478
f 478//478 467//467 480//480
f 467//467 482//482 480//480
f 479//479 478//478 480//480
f 655//655 479//479 480//480
f 479//479 655//655 652//652
f 481//481 471//471 642//642
f 660//660 487//487 662//662
f 660//660 488//488 487//487
f 667//667 485//485 492//492
f 484//484 489//489 485//485
f 484//484 490//490 489//489
f 490//490 662//662 486//486
f 662//662 487//487 486//486
f 487//487 292//292 486//486
f 493//493 488//488 483//483
f 493//493 483//483 669//669
f 490//490 291//291 489//489
f 291//291 490//490 147//147
f 490//490 486//486 147//147
f 147//147 486//486 292//292
f 494//494 667//667 492//492
f 491//491 489//489 291//291
f 491//491 291//291 300//300
f 491//491 485//485 489//489
f 492//492 491//491 300//300
f 485//485 491//491 492//492
f 487//487 488//488 493//493
f 493//493 669//669 294//294
f 487//487 493//493 294//294
f 863//863 496//496 669//669
f 495//495 671//671 494//494
f 495//495 494//494 492//492
f 669//669 496//496 294//294
f 499//499 495//495 297//297
f 299//299 495//495 492//492
f 863//863 497//497 496//496
f 498//498 497//497 863//863
f 498//498 502//502 497//497
f 502//502 498//498 865//865
f 672//672 495//495 499//499
f 865//865 503//503 502//502
f 868//868 503//503 865//865
f 499//499 501//501 500//500
f 501//501 499//499 297//297
f 302//302 674//674 500//500
f 304//304 674//674 302//302
f 502//502 503//503 307//307
f 503//503 504//504 506//506
f 504//504 503//503 868//868
f 505//505 674//674 304//304
f 506//506 307//307 503//503
f 508//508 506//506 504//504
f 676//676 508//508 504//504
f 510//510 677//677 505//505
f 677//677 510//510 681//681
f 506//506 311//311 307//307
f 506//506 507//507 311//311
f 507//507 312//312 311//311
f 508//508 507//507 506//506
f 508//508 312//312 507//507
f 684//684 687//687 508//508
f 515//515 509//509 511//511
f 509//509 515//515 516//516
f 685//685 509//509 516//516
f 505//505 308//308 512//512
f 512//512 510//510 505//505
f 513//513 510//510 512//512
f 681//681 510//510 511//511
f 511//511 513//513 515//515
f 510//510 513//513 511//511
f 681//681 511//511 509//509
f 508//508 514//514 312//312
f 687//687 514//514 508//508
f 313//313 513//513 512//512
f 514//514 317//317 312//312
f 517//517 514//514 687//687
f 518//518 687//687 688//688
f 516//516 515//515 521//521
f 525//525 516//516 521//521
f 685//685 516//516 525//525
f 313//313 512//512 165//165
f 513//513 313//313 515//515
f 317//317 514//514 517//517
f 518//518 517//517 687//687
f 688//688 524//524 518//518
f 318//318 515//515 313//313
f 515//515 318//318 521//521
f 694//694 685//685 522//522
f 519//519 319//319 317//317
f 317//317 517//517 519//519
f 520//520 519//519 517//517
f 523//523 519//519 520//520
f 524//524 523//523 520//520
f 518//518 520//520 517//517
f 520//520 518//518 524//524
f 685//685 525//525 522//522
f 694//694 522//522 528//528
f 529//529 319//319 523//523
f 519//519 523//523 319//319
f 524//524 529//529 523//523
f 521//521 321//321 525//525
f 319//319 529//529 535//535
f 530//530 529//529 524//524
f 525//525 321//321 527//527
f 522//522 525//525 527//527
f 528//528 522//522 527//527
f 696//696 528//528 700//700
f 531//531 527//527 321//321
f 528//528 527//527 531//531
f 528//528 531//531 532//532
f 700//700 528//528 532//532
f 529//529 530//530 535//535
f 532//532 531//531 533//533
f 717//717 536//536 526//526
f 532//532 533//533 534//534
f 700//700 534//534 708//708
f 532//532 534//534 700//700
f 526//526 536//536 530//530
f 533//533 336//336 539//539
f 539//539 534//534 533//533
f 534//534 539//539 537//537
f 537//537 708//708 534//534
f 541//541 708//708 537//537
f 548//548 536//536 717//717
f 530//530 536//536 538//538
f 536//536 548//548 538//538
f 539//539 344//344 543//543
f 540//540 539//539 543//543
f 540//540 543//543 545//545
f 537//537 539//539 540//540
f 541//541 537//537 540//540
f 541//541 540//540 545//545
f 545//545 719//719 541//541
f 337//337 538//538 553//553
f 550//550 538//538 548//548
f 543//543 344//344 542//542
f 545//545 543//543 544//544
f 544//544 543//543 542//542
f 544//544 542//542 555//555
f 545//545 544//544 546//546
f 544//544 555//555 546//546
f 555//555 556//556 546//546
f 545//545 546//546 719//719
f 547//547 719//719 546//546
f 549//549 552//552 548//548
f 550//550 554//554 538//538
f 550//550 548//548 554//554
f 542//542 347//347 555//555
f 546//546 556//556 551//551
f 551//551 547//547 546//546
f 561//561 552//552 549//549
f 552//552 561//561 548//548
f 553//553 538//538 554//554
f 562//562 554//554 548//548
f 353//353 558//558 555//555
f 555//555 558//558 556//556
f 551//551 556//556 557//557
f 556//556 559//559 557//557
f 557//557 732//732 551//551
f 557//557 559//559 732//732
f 548//548 561//561 562//562
f 553//553 554//554 360//360
f 558//558 559//559 556//556
f 554//554 560//560 360//360
f 554//554 562//562 560//560
f 360//360 560//560 563//563
f 564//564 558//558 357//357
f 564//564 559//559 558//558
f 565//565 559//559 564//564
f 563//563 560//560 562//562
f 357//357 568//568 564//564
f 562//562 369//369 563//563
f 563//563 369//369 364//364
f 357//357 372//372 568//568
f 569//569 565//565 564//564
f 565//565 569//569 751//751
f 750//750 566//566 561//561
f 369//369 567//567 378//378
f 369//369 562//562 567//567
f 372//372 380//380 568//568
f 562//562 561//561 567//567
f 573//573 567//567 561//561
f 567//567 573//573 378//378
f 566//566 573//573 561//561
f 571//571 568//568 380//380
f 564//564 568//568 571//571
f 566//566 752//752 573//573
f 378//378 573//573 572//572
f 571//571 380//380 570//570
f 571//571 570//570 575//575
f 571//571 575//575 564//564
f 752//752 576//576 573//573
f 575//575 759//759 564//564
f 574//574 572//572 573//573
f 391//391 574//574 579//579
f 577//577 570//570 395//395
f 570//570 577//577 575//575
f 574//574 573//573 576//576
f 578//578 391//391 579//579
f 395//395 580//580 577//577
f 762//762 575//575 577//577
f 581//581 578//578 579//579
f 397//397 578//578 581//581
f 574//574 581//581 579//579
f 580//580 395//395 582//582
f 583//583 580//580 582//582
f 580//580 762//762 577//577
f 762//762 580//580 583//583
f 574//574 586//586 581//581
f 762//762 583//583 768//768
f 773//773 587//587 586//586
f 581//581 584//584 397//397
f 773//773 586//586 574//574
f 582//582 395//395 406//406
f 583//583 582//582 774//774
f 583//583 774//774 768//768
f 581//581 585//585 584//584
f 586//586 585//585 581//581
f 586//586 590//590 585//585
f 590//590 584//584 585//585
f 589//589 584//584 590//590
f 586//586 587//587 590//590
f 590//590 592//592 589//589
f 783//783 784//784 587//587
f 590//590 587//587 784//784
f 589//589 591//591 588//588
f 588//588 591//591 597//597
f 589//589 592//592 591//591
f 591//591 794//794 597//597
f 590//590 784//784 592//592
f 592//592 788//788 591//591
f 594//594 412//412 593//593
f 406//406 594//594 790//790
f 406//406 790//790 791//791
f 595//595 418//418 419//419
f 419//419 588//588 597//597
f 596//596 599//599 595//595
f 419//419 597//597 596//596
f 596//596 595//595 419//419
f 597//597 601//601 596//596
f 594//594 593//593 598//598
f 593//593 423//423 613//613
f 598//598 789//789 594//594
f 594//594 789//789 790//790
f 600//600 599//599 596//596
f 601//601 600//600 596//596
f 600//600 601//601 607//607
f 597//597 794//794 602//602
f 601//601 597//597 602//602
f 602//602 607//607 601//601
f 602//602 609//609 607//607
f 423//423 426//426 612//612
f 612//612 613//613 423//423
f 593//593 613//613 598//598
f 598//598 613//613 614//614
f 599//599 604//604 430//430
f 604//604 603//603 430//430
f 604//604 605//605 603//603
f 605//605 615//615 603//603
f 604//604 599//599 600//600
f 600//600 606//606 604//604
f 606//606 605//605 604//604
f 607//607 606//606 600//600
f 606//606 607//607 608//608
f 609//609 608//608 607//607
f 425//425 611//611 610//610
f 623//623 610//610 611//611
f 612//612 610//610 623//623
f 614//614 613//613 806//806
f 806//806 613//613 612//612
f 619//619 615//615 616//616
f 446//446 619//619 620//620
f 615//615 605//605 616//616
f 616//616 605//605 617//617
f 605//605 606//606 617//617
f 606//606 811//811 617//617
f 811//811 622//622 617//617
f 608//608 811//811 606//606
f 618//618 623//623 611//611
f 612//612 623//623 808//808
f 611//611 447//447 618//618
f 620//620 452//452 446//446
f 626//626 452//452 620//620
f 620//620 627//627 626//626
f 616//616 621//621 619//619
f 619//619 621//621 620//620
f 621//621 616//616 617//617
f 627//627 620//620 621//621
f 622//622 621//621 617//617
f 622//622 629//629 621//621
f 621//621 629//629 627//627
f 618//618 447//447 630//630
f 618//618 630//630 814//814
f 630//630 447//447 449//449
f 452//452 625//625 451//451
f 626//626 625//625 452//452
f 625//625 624//624 451//451
f 626//626 627//627 628//628
f 626//626 628//628 625//625
f 628//628 627//627 636//636
f 636//636 627//627 629//629
f 810//810 629//629 622//622
f 457//457 639//639 630//630
f 471//471 631//631 642//642
f 470//470 624//624 631//631
f 625//625 632//632 624//624
f 624//624 632//632 631//631
f 643//643 642//642 631//631
f 628//628 634//634 625//625
f 625//625 634//634 632//632
f 632//632 643//643 631//631
f 634//634 633//633 632//632
f 632//632 633//633 643//643
f 628//628 635//635 634//634
f 628//628 636//636 635//635
f 636//636 637//637 635//635
f 635//635 638//638 634//634
f 638//638 633//633 634//634
f 629//629 818//818 636//636
f 637//637 636//636 818//818
f 637//637 638//638 635//635
f 822//822 630//630 646//646
f 646//646 630//630 639//639
f 649//649 648//648 474//474
f 646//646 639//639 648//648
f 648//648 647//647 646//646
f 642//642 657//657 481//481
f 642//642 659//659 658//658
f 643//643 644//644 645//645
f 642//642 643//643 659//659
f 643//643 645//645 659//659
f 643//643 633//633 644//644
f 633//633 824//824 644//644
f 644//644 830//830 645//645
f 831//831 659//659 645//645
f 645//645 830//830 831//831
f 638//638 824//824 633//633
f 647//647 828//828 646//646
f 647//647 648//648 651//651
f 649//649 651//651 648//648
f 650//650 649//649 653//653
f 651//651 649//649 650//650
f 651//651 650//650 835//835
f 835//835 647//647 651//651
f 835//835 828//828 647//647
f 640//640 641//641 653//653
f 641//641 652//652 653//653
f 653//653 652//652 654//654
f 653//653 649//649 640//640
f 650//650 653//653 654//654
f 655//655 480//480 656//656
f 655//655 654//654 652//652
f 654//654 655//655 656//656
f 481//481 657//657 482//482
f 480//480 482//482 656//656
f 482//482 657//657 656//656
f 658//658 657//657 642//642
f 658//658 840//840 657//657
f 659//659 829//829 658//658
f 831//831 829//829 659//659
f 840//840 658//658 829//829
f 656//656 838//838 654//654
f 656//656 1059//1059 838//838
f 663//663 846//846 662//662
f 846//846 852//852 662//662
f 662//662 852//852 660//660
f 852//852 853//853 660//660
f 849//849 663//663 661//661
f 857//857 849//849 661//661
f 664//664 660//660 853//853
f 853//853 854//854 664//664
f 484//484 661//661 663//663
f 484//484 663//663 490//490
f 490//490 663//663 662//662
f 665//665 483//483 664//664
f 854//854 665//665 664//664
f 854//854 855//855 665//665
f 855//855 859//859 665//665
f 666//666 665//665 859//859
f 483//483 665//665 666//666
f 668//668 858//858 667//667
f 668//668 860//860 858//858
f 485//485 661//661 484//484
f 661//661 485//485 857//857
f 863//863 666//666 861//861
f 667//667 857//857 485//485
f 664//664 488//488 660//660
f 664//664 483//483 488//488
f 666//666 669//669 483//483
f 666//666 863//863 669//669
f 670//670 864//864 494//494
f 494//494 668//668 667//667
f 864//864 668//668 494//494
f 862//862 670//670 867//867
f 865//865 498//498 863//863
f 863//863 993//993 865//865
f 671//671 670//670 494//494
f 867//867 670//670 671//671
f 671//671 869//869 867//867
f 1004//1004 869//869 672//672
f 673//673 1004//1004 672//672
f 495//495 672//672 671//671
f 869//869 671//671 672//672
f 672//672 500//500 673//673
f 500//500 672//672 499//499
f 673//673 500//500 674//674
f 675//675 673//673 674//674
f 677//677 874//874 673//673
f 673//673 675//675 677//677
f 678//678 874//874 677//677
f 674//674 505//505 675//675
f 676//676 504//504 868//868
f 868//868 870//870 676//676
f 1007//1007 680//680 870//870
f 677//677 675//675 505//505
f 678//678 677//677 681//681
f 682//682 678//678 681//681
f 873//873 678//678 682//682
f 684//684 508//508 676//676
f 676//676 870//870 684//684
f 679//679 682//682 685//685
f 679//679 873//873 682//682
f 680//680 684//684 870//870
f 680//680 1007//1007 683//683
f 877//877 679//679 686//686
f 689//689 683//683 881//881
f 881//881 683//683 1007//1007
f 881//881 882//882 689//689
f 680//680 687//687 684//684
f 680//680 683//683 687//687
f 682//682 681//681 509//509
f 682//682 509//509 685//685
f 679//679 685//685 686//686
f 683//683 689//689 688//688
f 882//882 692//692 689//689
f 683//683 688//688 687//687
f 686//686 685//685 694//694
f 686//686 694//694 885//885
f 695//695 885//885 694//694
f 690//690 692//692 882//882
f 690//690 691//691 693//693
f 692//692 530//530 689//689
f 693//693 692//692 690//690
f 688//688 689//689 524//524
f 530//530 524//524 689//689
f 694//694 696//696 695//695
f 695//695 696//696 697//697
f 697//697 893//893 695//695
f 526//526 530//530 692//692
f 692//692 693//693 526//526
f 694//694 528//528 696//696
f 697//697 699//699 698//698
f 698//698 890//890 893//893
f 697//697 698//698 893//893
f 699//699 894//894 698//698
f 704//704 691//691 896//896
f 697//697 696//696 700//700
f 701//701 697//697 700//700
f 701//701 699//699 697//697
f 706//706 691//691 704//704
f 706//706 693//693 691//691
f 701//701 702//702 699//699
f 703//703 699//699 702//702
f 699//699 703//703 894//894
f 897//897 705//705 704//704
f 707//707 693//693 706//706
f 717//717 526//526 707//707
f 526//526 693//693 707//707
f 701//701 709//709 702//702
f 710//710 702//702 709//709
f 702//702 710//710 703//703
f 703//703 712//712 898//898
f 704//704 705//705 706//706
f 707//707 726//726 717//717
f 701//701 700//700 708//708
f 701//701 708//708 709//709
f 712//712 703//703 710//710
f 705//705 718//718 706//706
f 707//707 706//706 726//726
f 709//709 708//708 715//715
f 898//898 712//712 711//711
f 714//714 718//718 705//705
f 706//706 718//718 726//726
f 541//541 715//715 708//708
f 719//719 715//715 541//541
f 709//709 715//715 716//716
f 715//715 719//719 716//716
f 716//716 710//710 709//709
f 713//713 711//711 725//725
f 713//713 725//725 714//714
f 719//719 720//720 716//716
f 720//720 710//710 716//716
f 721//721 712//712 710//710
f 711//711 723//723 725//725
f 722//722 712//712 721//721
f 711//711 712//712 723//723
f 722//722 723//723 712//712
f 731//731 726//726 718//718
f 717//717 549//549 548//548
f 720//720 719//719 724//724
f 721//721 710//710 720//720
f 722//722 721//721 727//727
f 723//723 722//722 727//727
f 723//723 727//727 725//725
f 725//725 718//718 714//714
f 718//718 728//728 731//731
f 549//549 717//717 726//726
f 724//724 719//719 547//547
f 724//724 729//729 720//720
f 732//732 729//729 724//724
f 721//721 720//720 729//729
f 721//721 729//729 727//727
f 725//725 728//728 718//718
f 740//740 726//726 731//731
f 732//732 724//724 547//547
f 551//551 732//732 547//547
f 725//725 727//727 734//734
f 733//733 734//734 727//727
f 725//725 730//730 728//728
f 728//728 730//730 737//737
f 728//728 737//737 731//731
f 729//729 732//732 733//733
f 727//727 729//729 733//733
f 725//725 734//734 730//730
f 549//549 726//726 750//750
f 750//750 726//726 740//740
f 549//549 750//750 561//561
f 732//732 559//559 733//733
f 730//730 734//734 737//737
f 736//736 734//734 733//733
f 741//741 733//733 559//559
f 736//736 733//733 735//735
f 733//733 741//741 735//735
f 742//742 735//735 741//741
f 742//742 736//736 735//735
f 737//737 739//739 731//731
f 736//736 738//738 734//734
f 737//737 734//734 738//738
f 737//737 745//745 739//739
f 731//731 739//739 740//740
f 740//740 739//739 749//749
f 559//559 565//565 741//741
f 737//737 738//738 745//745
f 740//740 749//749 750//750
f 744//744 741//741 565//565
f 742//742 741//741 744//744
f 738//738 736//736 743//743
f 736//736 742//742 743//743
f 743//743 742//742 744//744
f 738//738 743//743 747//747
f 565//565 751//751 744//744
f 739//739 745//745 748//748
f 751//751 746//746 744//744
f 744//744 746//746 743//743
f 743//743 746//746 747//747
f 738//738 747//747 745//745
f 754//754 748//748 745//745
f 739//739 748//748 749//749
f 749//749 748//748 757//757
f 746//746 753//753 747//747
f 746//746 751//751 753//753
f 754//754 755//755 748//748
f 756//756 752//752 749//749
f 750//750 749//749 752//752
f 566//566 750//750 752//752
f 756//756 749//749 757//757
f 747//747 753//753 745//745
f 745//745 753//753 754//754
f 748//748 755//755 757//757
f 759//759 569//569 564//564
f 751//751 569//569 765//765
f 751//751 765//765 753//753
f 756//756 757//757 761//761
f 756//756 576//576 752//752
f 756//756 761//761 576//576
f 569//569 759//759 765//765
f 755//755 754//754 758//758
f 755//755 758//758 757//757
f 576//576 761//761 773//773
f 762//762 759//759 575//575
f 760//760 754//754 753//753
f 754//754 760//760 772//772
f 757//757 758//758 761//761
f 773//773 574//574 576//576
f 763//763 759//759 762//762
f 765//765 759//759 763//763
f 764//764 763//763 762//762
f 760//760 753//753 765//765
f 772//772 760//760 767//767
f 758//758 776//776 761//761
f 762//762 768//768 764//764
f 764//764 768//768 766//766
f 766//766 768//768 775//775
f 763//763 764//764 765//765
f 764//764 766//766 765//765
f 765//765 766//766 770//770
f 771//771 765//765 770//770
f 765//765 771//771 760//760
f 754//754 772//772 758//758
f 761//761 776//776 778//778
f 761//761 778//778 773//773
f 768//768 774//774 775//775
f 769//769 770//770 766//766
f 775//775 769//769 766//766
f 760//760 771//771 767//767
f 776//776 758//758 901//901
f 901//901 902//902 776//776
f 775//775 774//774 779//779
f 779//779 769//769 775//775
f 769//769 779//779 781//781
f 770//770 769//769 781//781
f 770//770 781//781 777//777
f 770//770 777//777 771//771
f 771//771 777//777 767//767
f 777//777 903//903 767//767
f 902//902 778//778 776//776
f 905//905 773//773 778//778
f 582//582 779//779 774//774
f 903//903 777//777 906//906
f 773//773 780//780 587//587
f 780//780 773//773 905//905
f 587//587 780//780 783//783
f 582//582 406//406 791//791
f 905//905 782//782 780//780
f 582//582 791//791 779//779
f 911//911 781//781 779//779
f 780//780 782//782 783//783
f 783//783 785//785 784//784
f 783//783 787//787 785//785
f 782//782 787//787 783//783
f 784//784 786//786 788//788
f 592//592 784//784 788//788
f 791//791 911//911 779//779
f 792//792 787//787 782//782
f 786//786 784//784 785//785
f 788//788 786//786 797//797
f 786//786 785//785 798//798
f 786//786 798//798 797//797
f 798//798 785//785 787//787
f 794//794 591//591 788//788
f 790//790 796//796 791//791
f 912//912 791//791 796//796
f 787//787 792//792 793//793
f 793//793 798//798 787//787
f 794//794 795//795 602//602
f 795//795 609//609 602//602
f 795//795 804//804 609//609
f 788//788 797//797 794//794
f 794//794 797//797 795//795
f 797//797 805//805 795//795
f 805//805 804//804 795//795
f 789//789 796//796 790//790
f 798//798 793//793 928//928
f 608//608 609//609 803//803
f 803//803 609//609 804//804
f 805//805 927//927 929//929
f 797//797 798//798 927//927
f 805//805 797//797 927//927
f 598//598 614//614 799//799
f 799//799 614//614 806//806
f 800//800 598//598 799//799
f 800//800 799//799 801//801
f 801//801 799//799 807//807
f 800//800 789//789 598//598
f 800//800 801//801 802//802
f 802//802 801//801 807//807
f 924//924 800//800 802//802
f 924//924 789//789 800//800
f 803//803 811//811 608//608
f 804//804 805//805 932//932
f 799//799 806//806 807//807
f 807//807 806//806 809//809
f 803//803 804//804 932//932
f 932//932 813//813 803//803
f 813//813 811//811 803//803
f 808//808 817//817 612//612
f 623//623 618//618 814//814
f 815//815 623//623 814//814
f 808//808 623//623 815//815
f 612//612 817//817 806//806
f 815//815 817//817 808//808
f 809//809 806//806 817//817
f 933//933 807//807 809//809
f 807//807 933//933 802//802
f 622//622 811//811 810//810
f 811//811 812//812 810//810
f 813//813 812//812 811//811
f 816//816 815//815 814//814
f 815//815 816//816 937//937
f 815//815 937//937 817//817
f 629//629 820//820 818//818
f 818//818 821//821 819//819
f 818//818 819//819 637//637
f 810//810 820//820 629//629
f 821//821 818//818 820//820
f 821//821 820//820 941//941
f 820//820 810//810 812//812
f 820//820 942//942 941//941
f 812//812 942//942 820//820
f 816//816 814//814 823//823
f 816//816 823//823 938//938
f 630//630 823//823 814//814
f 822//822 823//823 630//630
f 827//827 823//823 822//822
f 644//644 824//824 830//830
f 638//638 637//637 824//824
f 637//637 825//825 824//824
f 637//637 819//819 825//825
f 821//821 826//826 819//819
f 821//821 941//941 826//826
f 825//825 819//819 826//826
f 946//946 823//823 827//827
f 946//946 938//938 823//823
f 646//646 827//827 822//822
f 952//952 827//827 828//828
f 827//827 646//646 828//828
f 824//824 834//834 830//830
f 830//830 832//832 831//831
f 832//832 830//830 834//834
f 834//834 843//843 832//832
f 825//825 833//833 824//824
f 833//833 834//834 824//824
f 833//833 948//948 834//834
f 947//947 825//825 826//826
f 826//826 949//949 947//947
f 825//825 947//947 833//833
f 948//948 843//843 834//834
f 833//833 947//947 948//948
f 828//828 835//835 957//957
f 957//957 835//835 836//836
f 836//836 835//835 650//650
f 957//957 836//836 956//956
f 650//650 654//654 837//837
f 836//836 650//650 837//837
f 654//654 838//838 837//837
f 657//657 839//839 656//656
f 839//839 1059//1059 656//656
f 840//840 839//839 657//657
f 829//829 841//841 840//840
f 839//839 840//840 963//963
f 841//841 958//958 840//840
f 831//831 841//841 829//829
f 841//841 831//831 832//832
f 841//841 832//832 842//842
f 843//843 842//842 832//832
f 841//841 842//842 959//959
f 841//841 959//959 958//958
f 843//843 953//953 842//842
f 842//842 960//960 959//959
f 836//836 837//837 845//845
f 845//845 956//956 836//836
f 844//844 837//837 838//838
f 845//845 837//837 844//844
f 1055//1055 845//845 844//844
f 1055//1055 956//956 845//845
f 963//963 1059//1059 839//839
f 983//983 846//846 849//849
f 983//983 976//976 848//848
f 848//848 846//846 983//983
f 848//848 850//850 846//846
f 847//847 846//846 850//850
f 985//985 851//851 850//850
f 847//847 850//850 851//851
f 846//846 847//847 852//852
f 847//847 851//851 852//852
f 849//849 846//846 663//663
f 986//986 855//855 851//851
f 855//855 986//986 856//856
f 988//988 856//856 986//986
f 858//858 989//989 857//857
f 857//857 989//989 982//982
f 982//982 849//849 857//857
f 851//851 853//853 852//852
f 853//853 855//855 854//854
f 851//851 855//855 853//853
f 990//990 991//991 861//861
f 860//860 996//996 994//994
f 857//857 667//667 858//858
f 859//859 861//861 666//666
f 856//856 859//859 855//855
f 856//856 861//861 859//859
f 864//864 860//860 668//668
f 861//861 991//991 863//863
f 993//993 863//863 991//991
f 862//862 860//860 864//864
f 862//862 996//996 860//860
f 867//867 1000//1000 862//862
f 862//862 864//864 670//670
f 997//997 865//865 993//993
f 999//999 865//865 997//997
f 865//865 999//999 866//866
f 999//999 868//868 866//866
f 868//868 865//865 866//866
f 1001//1001 868//868 999//999
f 1001//1001 1002//1002 868//868
f 1004//1004 1098//1098 869//869
f 870//870 868//868 1002//1002
f 871//871 1005//1005 1004//1004
f 1004//1004 673//673 871//871
f 871//871 673//673 872//872
f 871//871 872//872 1006//1006
f 1103//1103 1006//1006 873//873
f 1006//1006 872//872 873//873
f 1005//1005 871//871 1006//1006
f 875//875 1103//1103 873//873
f 673//673 874//874 872//872
f 678//678 872//872 874//874
f 872//872 678//678 873//873
f 875//875 873//873 679//679
f 875//875 679//679 876//876
f 876//876 877//877 878//878
f 877//877 876//876 679//679
f 879//879 876//876 878//878
f 1012//1012 882//882 881//881
f 882//882 1012//1012 1017//1017
f 878//878 877//877 686//686
f 1014//1014 879//879 884//884
f 1017//1017 889//889 882//882
f 878//878 686//686 885//885
f 878//878 885//885 883//883
f 879//879 878//878 883//883
f 879//879 883//883 884//884
f 886//886 884//884 883//883
f 885//885 695//695 893//893
f 883//883 885//885 893//893
f 883//883 893//893 886//886
f 886//886 893//893 887//887
f 887//887 893//893 890//890
f 887//887 884//884 886//886
f 884//884 887//887 880//880
f 880//880 887//887 888//888
f 887//887 890//890 888//888
f 890//890 891//891 888//888
f 889//889 896//896 882//882
f 691//691 690//690 882//882
f 891//891 892//892 1018//1018
f 892//892 898//898 1020//1020
f 1020//1020 898//898 895//895
f 882//882 896//896 691//691
f 895//895 897//897 889//889
f 889//889 1020//1020 895//895
f 897//897 895//895 705//705
f 890//890 698//698 894//894
f 890//890 894//894 891//891
f 892//892 891//891 898//898
f 895//895 899//899 705//705
f 898//898 899//899 895//895
f 897//897 896//896 889//889
f 894//894 703//703 891//891
f 897//897 704//704 896//896
f 891//891 703//703 898//898
f 714//714 705//705 899//899
f 898//898 711//711 899//899
f 899//899 711//711 713//713
f 713//713 714//714 899//899
f 772//772 767//767 900//900
f 900//900 767//767 903//903
f 903//903 907//907 900//900
f 900//900 907//907 904//904
f 900//900 758//758 772//772
f 758//758 900//900 901//901
f 900//900 904//904 901//901
f 902//902 901//901 904//904
f 778//778 902//902 905//905
f 906//906 777//777 781//781
f 907//907 903//903 906//906
f 907//907 908//908 904//904
f 904//904 905//905 902//902
f 906//906 909//909 910//910
f 909//909 906//906 781//781
f 906//906 910//910 907//907
f 908//908 907//907 910//910
f 908//908 910//910 1021//1021
f 904//904 908//908 905//905
f 905//905 908//908 917//917
f 909//909 781//781 913//913
f 915//915 909//909 1022//1022
f 910//910 909//909 915//915
f 1021//1021 916//916 908//908
f 782//782 905//905 917//917
f 913//913 781//781 911//911
f 912//912 911//911 791//791
f 914//914 913//913 911//911
f 912//912 914//914 911//911
f 913//913 914//914 920//920
f 920//920 921//921 913//913
f 909//909 913//913 921//921
f 1022//1022 909//909 921//921
f 1022//1022 921//921 1024//1024
f 916//916 917//917 908//908
f 917//917 918//918 792//792
f 782//782 917//917 792//792
f 792//792 918//918 793//793
f 793//793 918//918 923//923
f 924//924 796//796 789//789
f 919//919 914//914 912//912
f 796//796 919//919 912//912
f 796//796 924//924 919//919
f 919//919 920//920 914//914
f 921//921 920//920 1024//1024
f 922//922 923//923 918//918
f 918//918 917//917 922//922
f 1026//1026 922//922 917//917
f 922//922 926//926 923//923
f 922//922 1026//1026 1031//1031
f 923//923 928//928 793//793
f 928//928 923//923 926//926
f 1027//1027 919//919 924//924
f 920//920 919//919 925//925
f 920//920 925//925 1024//1024
f 922//922 1031//1031 926//926
f 926//926 1031//1031 928//928
f 927//927 798//798 928//928
f 930//930 927//927 928//928
f 931//931 930//930 928//928
f 930//930 929//929 927//927
f 931//931 928//928 1031//1031
f 1027//1027 924//924 934//934
f 1028//1028 919//919 1027//1027
f 1033//1033 931//931 1031//1031
f 929//929 935//935 805//805
f 805//805 935//935 932//932
f 1033//1033 930//930 931//931
f 1032//1032 929//929 930//930
f 1034//1034 813//813 932//932
f 924//924 802//802 934//934
f 934//934 802//802 933//933
f 1032//1032 935//935 929//929
f 1034//1034 1037//1037 813//813
f 932//932 936//936 1034//1034
f 935//935 936//936 932//932
f 817//817 937//937 939//939
f 817//817 939//939 809//809
f 809//809 939//939 940//940
f 934//934 933//933 1040//1040
f 1040//1040 933//933 809//809
f 1040//1040 809//809 940//940
f 813//813 943//943 812//812
f 816//816 938//938 937//937
f 939//939 1126//1126 940//940
f 937//937 945//945 939//939
f 937//937 938//938 945//945
f 1040//1040 940//940 1042//1042
f 1042//1042 940//940 1126//1126
f 949//949 826//826 941//941
f 942//942 951//951 941//941
f 941//941 951//951 949//949
f 942//942 812//812 943//943
f 942//942 944//944 951//951
f 943//943 944//944 942//942
f 813//813 1037//1037 943//943
f 1037//1037 944//944 943//943
f 1037//1037 1044//1044 944//944
f 1045//1045 938//938 946//946
f 1130//1130 939//939 945//945
f 938//938 1130//1130 945//945
f 827//827 952//952 946//946
f 947//947 949//949 950//950
f 948//948 947//947 954//954
f 947//947 950//950 954//954
f 955//955 948//948 954//954
f 950//950 949//949 951//951
f 952//952 1046//1046 946//946
f 952//952 828//828 1143//1143
f 828//828 957//957 1143//1143
f 953//953 961//961 842//842
f 842//842 961//961 960//960
f 948//948 953//953 843//843
f 948//948 955//955 953//953
f 961//961 953//953 955//955
f 1050//1050 955//955 954//954
f 840//840 958//958 963//963
f 960//960 965//965 958//958
f 959//959 960//960 958//958
f 1051//1051 965//965 960//960
f 960//960 961//961 1051//1051
f 961//961 955//955 962//962
f 955//955 1050//1050 962//962
f 962//962 1050//1050 1053//1053
f 961//961 962//962 1052//1052
f 1054//1054 957//957 956//956
f 838//838 1055//1055 844//844
f 1054//1054 956//956 1055//1055
f 964//964 958//958 965//965
f 964//964 963//963 958//958
f 1064//1064 977//977 976//976
f 977//977 1064//1064 1069//1069
f 969//969 970//970 967//967
f 1066//1066 1071//1071 971//971
f 971//971 1071//1071 968//968
f 978//978 966//966 967//967
f 968//968 966//966 972//972
f 1071//1071 969//969 968//968
f 969//969 967//967 968//968
f 968//968 967//967 966//966
f 971//971 968//968 972//972
f 967//967 970//970 978//978
f 970//970 976//976 978//978
f 982//982 989//989 971//971
f 971//971 972//972 982//982
f 1180//1180 971//971 989//989
f 974//974 978//978 975//975
f 974//974 966//966 978//978
f 966//966 974//974 972//972
f 982//982 972//972 974//974
f 976//976 977//977 973//973
f 983//983 974//974 975//975
f 976//976 983//983 975//975
f 977//977 979//979 973//973
f 977//977 1069//1069 979//979
f 978//978 976//976 975//975
f 979//979 1069//1069 980//980
f 980//980 987//987 979//979
f 987//987 980//980 988//988
f 980//980 1069//1069 981//981
f 980//980 981//981 988//988
f 981//981 1080//1080 988//988
f 1080//1080 981//981 1076//1076
f 849//849 982//982 974//974
f 976//976 973//973 848//848
f 849//849 974//974 983//983
f 848//848 984//984 850//850
f 848//848 973//973 984//984
f 984//984 985//985 850//850
f 984//984 973//973 985//985
f 973//973 979//979 985//985
f 985//985 986//986 851//851
f 985//985 987//987 986//986
f 985//985 979//979 987//987
f 987//987 988//988 986//986
f 988//988 1080//1080 990//990
f 1180//1180 989//989 992//992
f 1075//1075 1180//1180 992//992
f 1078//1078 991//991 990//990
f 858//858 992//992 989//989
f 1075//1075 992//992 995//995
f 988//988 990//990 856//856
f 1183//1183 993//993 991//991
f 995//995 996//996 1075//1075
f 992//992 858//858 860//860
f 856//856 990//990 861//861
f 994//994 995//995 992//992
f 992//992 860//860 994//994
f 994//994 996//996 995//995
f 997//997 998//998 999//999
f 1001//1001 999//999 998//998
f 1085//1085 1001//1001 998//998
f 1085//1085 998//998 997//997
f 996//996 862//862 1000//1000
f 1000//1000 1091//1091 996//996
f 1091//1091 1000//1000 1003//1003
f 1085//1085 1002//1002 1001//1001
f 1000//1000 867//867 1003//1003
f 869//869 1003//1003 867//867
f 1098//1098 1003//1003 869//869
f 1093//1093 870//870 1002//1002
f 1099//1099 1098//1098 1006//1006
f 1093//1093 1102//1102 1007//1007
f 1100//1100 1006//1006 1103//1103
f 1098//1098 1004//1004 1005//1005
f 1006//1006 1098//1098 1005//1005
f 881//881 1102//1102 1101//1101
f 1093//1093 1007//1007 870//870
f 1007//1007 1102//1102 881//881
f 1009//1009 1103//1103 875//875
f 1008//1008 1103//1103 1009//1009
f 1008//1008 1010//1010 1105//1105
f 875//875 876//876 1009//1009
f 1008//1008 1009//1009 1010//1010
f 1009//1009 876//876 1010//1010
f 1105//1105 1010//1010 1011//1011
f 876//876 1014//1014 1010//1010
f 1010//1010 1014//1014 1015//1015
f 1010//1010 1015//1015 1011//1011
f 1013//1013 1015//1015 1016//1016
f 876//876 879//879 1014//1014
f 880//880 1015//1015 1014//1014
f 1016//1016 1015//1015 880//880
f 884//884 880//880 1014//1014
f 1018//1018 1019//1019 1109//1109
f 1016//1016 880//880 888//888
f 1016//1016 888//888 891//891
f 1016//1016 891//891 1018//1018
f 1017//1017 1109//1109 889//889
f 889//889 1109//1109 1019//1019
f 1018//1018 892//892 1019//1019
f 1020//1020 889//889 1019//1019
f 1019//1019 892//892 1020//1020
f 1021//1021 910//910 915//915
f 1025//1025 917//917 916//916
f 1021//1021 915//915 1023//1023
f 1023//1023 915//915 1022//1022
f 1025//1025 1021//1021 1023//1023
f 1025//1025 916//916 1021//1021
f 1025//1025 1026//1026 917//917
f 1030//1030 1026//1026 1025//1025
f 1112//1112 1029//1029 1024//1024
f 1024//1024 1029//1029 1022//1022
f 1022//1022 1029//1029 1023//1023
f 1110//1110 1023//1023 1029//1029
f 1113//1113 1030//1030 1025//1025
f 1025//1025 1023//1023 1110//1110
f 1113//1113 1025//1025 1110//1110
f 1031//1031 1026//1026 1030//1030
f 919//919 1028//1028 925//925
f 1024//1024 925//925 1028//1028
f 1029//1029 1112//1112 1111//1111
f 1031//1031 1030//1030 1113//1113
f 1114//1114 1033//1033 1031//1031
f 1115//1115 1027//1027 934//934
f 1028//1028 1027//1027 1115//1115
f 1116//1116 1024//1024 1028//1028
f 1115//1115 1116//1116 1028//1028
f 1024//1024 1116//1116 1112//1112
f 1033//1033 1118//1118 1119//1119
f 1032//1032 1035//1035 935//935
f 1033//1033 1036//1036 1032//1032
f 1033//1033 1032//1032 930//930
f 1032//1032 1036//1036 1035//1035
f 1119//1119 1036//1036 1033//1033
f 935//935 1035//1035 936//936
f 1122//1122 1035//1035 1036//1036
f 1035//1035 1122//1122 936//936
f 936//936 1122//1122 1121//1121
f 934//934 1040//1040 1041//1041
f 1038//1038 1037//1037 1034//1034
f 936//936 1039//1039 1034//1034
f 1034//1034 1039//1039 1038//1038
f 1130//1130 1126//1126 939//939
f 1041//1041 1040//1040 1123//1123
f 1123//1123 1040//1040 1042//1042
f 1043//1043 951//951 944//944
f 1043//1043 1047//1047 951//951
f 1047//1047 950//950 951//951
f 1044//1044 1043//1043 944//944
f 1037//1037 1125//1125 1044//1044
f 1125//1125 1037//1037 1038//1038
f 1044//1044 1049//1049 1043//1043
f 938//938 1045//1045 1130//1130
f 1045//1045 946//946 1046//1046
f 1045//1045 1141//1141 1130//1130
f 1047//1047 1050//1050 954//954
f 950//950 1047//1047 954//954
f 1043//1043 1048//1048 1047//1047
f 1049//1049 1048//1048 1043//1043
f 1048//1048 1138//1138 1047//1047
f 1138//1138 1145//1145 1047//1047
f 1142//1142 1130//1130 1141//1141
f 952//952 1143//1143 1046//1046
f 1131//1131 1045//1045 1046//1046
f 1046//1046 1143//1143 1131//1131
f 1050//1050 1145//1145 1053//1053
f 1050//1050 1047//1047 1145//1145
f 1051//1051 961//961 1052//1052
f 1051//1051 1052//1052 1056//1056
f 1051//1051 1056//1056 965//965
f 962//962 1053//1053 1052//1052
f 1053//1053 1146//1146 1052//1052
f 1053//1053 1147//1147 1146//1146
f 1146//1146 1056//1056 1052//1052
f 1143//1143 957//957 1054//1054
f 838//838 1057//1057 1055//1055
f 964//964 965//965 1056//1056
f 1056//1056 1157//1157 964//964
f 963//963 1060//1060 1059//1059
f 964//964 1060//1060 963//963
f 1161//1161 1055//1055 1057//1057
f 1057//1057 838//838 1058//1058
f 838//838 1059//1059 1058//1058
f 1057//1057 1058//1058 1161//1161
f 1059//1059 1248//1248 1058//1058
f 1161//1161 1058//1058 1248//1248
f 1059//1059 1162//1162 1248//1248
f 1059//1059 1060//1060 1162//1162
f 1157//1157 1060//1060 964//964
f 1067//1067 1181//1181 1068//1068
f 1067//1067 1066//1066 1181//1181
f 1061//1061 1063//1063 1168//1168
f 1068//1068 1168//1168 1063//1063
f 1063//1063 1061//1061 1064//1064
f 1062//1062 1064//1064 1061//1061
f 1062//1062 1065//1065 1064//1064
f 1065//1065 1182//1182 1070//1070
f 970//970 1068//1068 976//976
f 1067//1067 1068//1068 970//970
f 1063//1063 976//976 1068//1068
f 1063//1063 1064//1064 976//976
f 1064//1064 1065//1065 1069//1069
f 1069//1069 1065//1065 1070//1070
f 1072//1072 1070//1070 1182//1182
f 1182//1182 1074//1074 1072//1072
f 1067//1067 969//969 1071//1071
f 1066//1066 1067//1067 1071//1071
f 1067//1067 970//970 969//969
f 1180//1180 1066//1066 971//971
f 981//981 1069//1069 1072//1072
f 1070//1070 1072//1072 1069//1069
f 1073//1073 981//981 1072//1072
f 1074//1074 1073//1073 1072//1072
f 1184//1184 1079//1079 1074//1074
f 1076//1076 981//981 1073//1073
f 1076//1076 1078//1078 1080//1080
f 1076//1076 1073//1073 1077//1077
f 1076//1076 1077//1077 1078//1078
f 1077//1077 1073//1073 1074//1074
f 1074//1074 1079//1079 1077//1077
f 1077//1077 1079//1079 1078//1078
f 1184//1184 1183//1183 1079//1079
f 1079//1079 1183//1183 1078//1078
f 1080//1080 1078//1078 990//990
f 1183//1183 991//991 1078//1078
f 1183//1183 1272//1272 993//993
f 1082//1082 1081//1081 1272//1272
f 1081//1081 997//997 993//993
f 1272//1272 1081//1081 993//993
f 1081//1081 1082//1082 997//997
f 1186//1186 1084//1084 1083//1083
f 1082//1082 1085//1085 997//997
f 1082//1082 1086//1086 1085//1085
f 1086//1086 1082//1082 1083//1083
f 1084//1084 1086//1086 1083//1083
f 1084//1084 1087//1087 1086//1086
f 1188//1188 1087//1087 1084//1084
f 1089//1089 1086//1086 1087//1087
f 1090//1090 1089//1089 1087//1087
f 1087//1087 1088//1088 1090//1090
f 1087//1087 1188//1188 1088//1088
f 1093//1093 1088//1088 1092//1092
f 1086//1086 1002//1002 1085//1085
f 1093//1093 1002//1002 1089//1089
f 1089//1089 1002//1002 1086//1086
f 1093//1093 1089//1089 1090//1090
f 1090//1090 1088//1088 1093//1093
f 1091//1091 1003//1003 1095//1095
f 1094//1094 1091//1091 1095//1095
f 1096//1096 1094//1094 1095//1095
f 1097//1097 1189//1189 1096//1096
f 1093//1093 1092//1092 1102//1102
f 1102//1102 1092//1092 1191//1191
f 1095//1095 1098//1098 1096//1096
f 1192//1192 1097//1097 1100//1100
f 1189//1189 1097//1097 1192//1192
f 1193//1193 1192//1192 1100//1100
f 1003//1003 1098//1098 1095//1095
f 1101//1101 1102//1102 1191//1191
f 1099//1099 1096//1096 1098//1098
f 1096//1096 1099//1099 1100//1100
f 1100//1100 1097//1097 1096//1096
f 1100//1100 1099//1099 1006//1006
f 1193//1193 1100//1100 1103//1103
f 1193//1193 1008//1008 1194//1194
f 1008//1008 1193//1193 1103//1103
f 1012//1012 881//881 1101//1101
f 1106//1106 1195//1195 1104//1104
f 1195//1195 1106//1106 1197//1197
f 1104//1104 1008//1008 1105//1105
f 1104//1104 1105//1105 1011//1011
f 1106//1106 1104//1104 1011//1011
f 1011//1011 1196//1196 1106//1106
f 1204//1204 1012//1012 1200//1200
f 1011//1011 1015//1015 1196//1196
f 1198//1198 1196//1196 1015//1015
f 1015//1015 1013//1013 1198//1198
f 1198//1198 1013//1013 1107//1107
f 1017//1017 1012//1012 1204//1204
f 1013//1013 1016//1016 1107//1107
f 1107//1107 1016//1016 1108//1108
f 1108//1108 1018//1018 1109//1109
f 1017//1017 1204//1204 1109//1109
f 1108//1108 1016//1016 1018//1018
f 1113//1113 1110//1110 1205//1205
f 1117//1117 1111//1111 1112//1112
f 1111//1111 1117//1117 1209//1209
f 1029//1029 1111//1111 1110//1110
f 1113//1113 1205//1205 1206//1206
f 1114//1114 1113//1113 1206//1206
f 1113//1113 1114//1114 1031//1031
f 1114//1114 1118//1118 1033//1033
f 1115//1115 1120//1120 1116//1116
f 1112//1112 1116//1116 1207//1207
f 1208//1208 1117//1117 1112//1112
f 1209//1209 1117//1117 1208//1208
f 1112//1112 1207//1207 1208//1208
f 1110//1110 1111//1111 1205//1205
f 936//936 1121//1121 1039//1039
f 1122//1122 1036//1036 1119//1119
f 1207//1207 1116//1116 1120//1120
f 1215//1215 1115//1115 1214//1214
f 1215//1215 1120//1120 1115//1115
f 1207//1207 1120//1120 1215//1215
f 1119//1119 1213//1213 1122//1122
f 1124//1124 934//934 1041//1041
f 1124//1124 1041//1041 1123//1123
f 1115//1115 934//934 1124//1124
f 1115//1115 1124//1124 1214//1214
f 1125//1125 1038//1038 1218//1218
f 1219//1219 1125//1125 1218//1218
f 1126//1126 1130//1130 1132//1132
f 1042//1042 1128//1128 1123//1123
f 1128//1128 1042//1042 1127//1127
f 1127//1127 1042//1042 1126//1126
f 1127//1127 1126//1126 1132//1132
f 1220//1220 1123//1123 1128//1128
f 1124//1124 1123//1123 1220//1220
f 1139//1139 1138//1138 1048//1048
f 1048//1048 1049//1049 1139//1139
f 1129//1129 1049//1049 1044//1044
f 1129//1129 1139//1139 1049//1049
f 1219//1219 1044//1044 1125//1125
f 1129//1129 1044//1044 1219//1219
f 1224//1224 1139//1139 1129//1129
f 1219//1219 1224//1224 1129//1129
f 1142//1142 1133//1133 1130//1130
f 1130//1130 1133//1133 1132//1132
f 1141//1141 1045//1045 1131//1131
f 1133//1133 1137//1137 1132//1132
f 1127//1127 1132//1132 1134//1134
f 1134//1134 1132//1132 1137//1137
f 1128//1128 1127//1127 1134//1134
f 1136//1136 1134//1134 1137//1137
f 1135//1135 1128//1128 1134//1134
f 1135//1135 1134//1134 1136//1136
f 1133//1133 1142//1142 1137//1137
f 1220//1220 1128//1128 1135//1135
f 1220//1220 1135//1135 1221//1221
f 1221//1221 1135//1135 1136//1136
f 1227//1227 1137//1137 1142//1142
f 1136//1136 1137//1137 1221//1221
f 1221//1221 1137//1137 1227//1227
f 1140//1140 1138//1138 1139//1139
f 1138//1138 1148//1148 1145//1145
f 1148//1148 1138//1138 1140//1140
f 1224//1224 1140//1140 1139//1139
f 1141//1141 1131//1131 1144//1144
f 1226//1226 1141//1141 1144//1144
f 1142//1142 1141//1141 1226//1226
f 1142//1142 1228//1228 1227//1227
f 1142//1142 1226//1226 1228//1228
f 1143//1143 1144//1144 1131//1131
f 1245//1245 1226//1226 1144//1144
f 1147//1147 1053//1053 1145//1145
f 1147//1147 1153//1153 1146//1146
f 1154//1154 1056//1056 1146//1146
f 1153//1153 1154//1154 1146//1146
f 1145//1145 1148//1148 1147//1147
f 1150//1150 1148//1148 1140//1140
f 1149//1149 1148//1148 1150//1150
f 1147//1147 1148//1148 1149//1149
f 1147//1147 1149//1149 1153//1153
f 1151//1151 1149//1149 1150//1150
f 1152//1152 1149//1149 1151//1151
f 1153//1153 1149//1149 1152//1152
f 1152//1152 1155//1155 1153//1153
f 1151//1151 1231//1231 1152//1152
f 1155//1155 1152//1152 1240//1240
f 1230//1230 1150//1150 1140//1140
f 1151//1151 1150//1150 1230//1230
f 1231//1231 1151//1151 1230//1230
f 1230//1230 1234//1234 1231//1231
f 1240//1240 1152//1152 1231//1231
f 1144//1144 1143//1143 1245//1245
f 1245//1245 1143//1143 1156//1156
f 1156//1156 1143//1143 1054//1054
f 1056//1056 1154//1154 1157//1157
f 1153//1153 1155//1155 1154//1154
f 1054//1054 1055//1055 1161//1161
f 1163//1163 1162//1162 1060//1060
f 1157//1157 1159//1159 1060//1060
f 1159//1159 1163//1163 1060//1060
f 1154//1154 1160//1160 1158//1158
f 1154//1154 1158//1158 1157//1157
f 1157//1157 1158//1158 1159//1159
f 1160//1160 1159//1159 1158//1158
f 1160//1160 1166//1166 1159//1159
f 1154//1154 1247//1247 1160//1160
f 1161//1161 1335//1335 1054//1054
f 1248//1248 1162//1162 1167//1167
f 1163//1163 1165//1165 1162//1162
f 1165//1165 1167//1167 1162//1162
f 1249//1249 1167//1167 1165//1165
f 1159//1159 1164//1164 1163//1163
f 1164//1164 1165//1165 1163//1163
f 1164//1164 1159//1159 1166//1166
f 1249//1249 1165//1165 1164//1164
f 1168//1168 1254//1254 1169//1169
f 1254//1254 1343//1343 1169//1169
f 1344//1344 1171//1171 1174//1174
f 1068//1068 1172//1172 1168//1168
f 1068//1068 1181//1181 1172//1172
f 1181//1181 1265//1265 1172//1172
f 1170//1170 1173//1173 1169//1169
f 1174//1174 1062//1062 1173//1173
f 1170//1170 1174//1174 1173//1173
f 1062//1062 1174//1174 1176//1176
f 1171//1171 1175//1175 1174//1174
f 1171//1171 1266//1266 1175//1175
f 1179//1179 1175//1175 1266//1266
f 1179//1179 1266//1266 1267//1267
f 1267//1267 1269//1269 1179//1179
f 1066//1066 1265//1265 1181//1181
f 1061//1061 1168//1168 1169//1169
f 1173//1173 1061//1061 1169//1169
f 1173//1173 1062//1062 1061//1061
f 1176//1176 1065//1065 1062//1062
f 1178//1178 1177//1177 1176//1176
f 1065//1065 1176//1176 1177//1177
f 1176//1176 1174//1174 1175//1175
f 1175//1175 1178//1178 1176//1176
f 1178//1178 1175//1175 1179//1179
f 1178//1178 1179//1179 1177//1177
f 1179//1179 1269//1269 1177//1177
f 1066//1066 1180//1180 1265//1265
f 1065//1065 1177//1177 1182//1182
f 1182//1182 1177//1177 1269//1269
f 1269//1269 1074//1074 1182//1182
f 1272//1272 1184//1184 1074//1074
f 1272//1272 1183//1183 1184//1184
f 1082//1082 1272//1272 1273//1273
f 1185//1185 1186//1186 1082//1082
f 1275//1275 1075//1075 996//996
f 1277//1277 1084//1084 1186//1186
f 1185//1185 1277//1277 1186//1186
f 1188//1188 1084//1084 1277//1277
f 1091//1091 1187//1187 996//996
f 1363//1363 1278//1278 1188//1188
f 1082//1082 1186//1186 1083//1083
f 1278//1278 1088//1088 1188//1188
f 1092//1092 1088//1088 1278//1278
f 1366//1366 1092//1092 1278//1278
f 1091//1091 1094//1094 1280//1280
f 1280//1280 1094//1094 1281//1281
f 1281//1281 1094//1094 1189//1189
f 1282//1282 1281//1281 1189//1189
f 1092//1092 1366//1366 1191//1191
f 1189//1189 1094//1094 1096//1096
f 1282//1282 1189//1189 1192//1192
f 1285//1285 1282//1282 1192//1192
f 1192//1192 1193//1193 1285//1285
f 1193//1193 1194//1194 1190//1190
f 1285//1285 1193//1193 1190//1190
f 1200//1200 1101//1101 1294//1294
f 1293//1293 1200//1200 1294//1294
f 1101//1101 1200//1200 1012//1012
f 1194//1194 1195//1195 1295//1295
f 1195//1195 1197//1197 1295//1295
f 1194//1194 1008//1008 1195//1195
f 1104//1104 1195//1195 1008//1008
f 1302//1302 1199//1199 1303//1303
f 1303//1303 1202//1202 1201//1201
f 1106//1106 1196//1196 1197//1197
f 1198//1198 1108//1108 1199//1199
f 1199//1199 1108//1108 1109//1109
f 1199//1199 1302//1302 1198//1198
f 1203//1203 1199//1199 1109//1109
f 1199//1199 1203//1203 1303//1303
f 1203//1203 1202//1202 1303//1303
f 1200//1200 1201//1201 1204//1204
f 1202//1202 1204//1204 1201//1201
f 1108//1108 1198//1198 1107//1107
f 1203//1203 1109//1109 1204//1204
f 1203//1203 1204//1204 1202//1202
f 1205//1205 1111//1111 1209//1209
f 1114//1114 1206//1206 1211//1211
f 1118//1118 1114//1114 1211//1211
f 1212//1212 1118//1118 1211//1211
f 1304//1304 1209//1209 1208//1208
f 1208//1208 1207//1207 1304//1304
f 1305//1305 1209//1209 1304//1304
f 1209//1209 1306//1306 1205//1205
f 1306//1306 1209//1209 1305//1305
f 1206//1206 1210//1210 1211//1211
f 1211//1211 1210//1210 1311//1311
f 1212//1212 1213//1213 1118//1118
f 1213//1213 1119//1119 1118//1118
f 1215//1215 1216//1216 1207//1207
f 1314//1314 1121//1121 1122//1122
f 1121//1121 1321//1321 1039//1039
f 1039//1039 1321//1321 1038//1038
f 1321//1321 1121//1121 1314//1314
f 1217//1217 1214//1214 1124//1124
f 1217//1217 1124//1124 1220//1220
f 1215//1215 1214//1214 1317//1317
f 1316//1316 1214//1214 1217//1217
f 1214//1214 1316//1316 1317//1317
f 1325//1325 1219//1219 1218//1218
f 1218//1218 1038//1038 1321//1321
f 1321//1321 1325//1325 1218//1218
f 1223//1223 1220//1220 1222//1222
f 1222//1222 1220//1220 1221//1221
f 1222//1222 1221//1221 1229//1229
f 1223//1223 1217//1217 1220//1220
f 1403//1403 1223//1223 1222//1222
f 1323//1323 1223//1223 1403//1403
f 1223//1223 1323//1323 1217//1217
f 1224//1224 1232//1232 1140//1140
f 1224//1224 1225//1225 1232//1232
f 1224//1224 1219//1219 1225//1225
f 1325//1325 1225//1225 1219//1219
f 1229//1229 1221//1221 1227//1227
f 1228//1228 1226//1226 1239//1239
f 1228//1228 1229//1229 1227//1227
f 1229//1229 1228//1228 1238//1238
f 1238//1238 1228//1228 1239//1239
f 1229//1229 1328//1328 1222//1222
f 1233//1233 1230//1230 1140//1140
f 1233//1233 1234//1234 1230//1230
f 1232//1232 1233//1233 1140//1140
f 1231//1231 1241//1241 1240//1240
f 1241//1241 1231//1231 1234//1234
f 1242//1242 1241//1241 1234//1234
f 1232//1232 1235//1235 1233//1233
f 1235//1235 1236//1236 1233//1233
f 1236//1236 1234//1234 1233//1233
f 1236//1236 1242//1242 1234//1234
f 1225//1225 1235//1235 1232//1232
f 1236//1236 1235//1235 1237//1237
f 1242//1242 1236//1236 1237//1237
f 1326//1326 1237//1237 1235//1235
f 1326//1326 1329//1329 1237//1237
f 1225//1225 1326//1326 1235//1235
f 1155//1155 1244//1244 1332//1332
f 1155//1155 1240//1240 1244//1244
f 1241//1241 1244//1244 1240//1240
f 1241//1241 1242//1242 1243//1243
f 1243//1243 1242//1242 1237//1237
f 1243//1243 1244//1244 1241//1241
f 1331//1331 1330//1330 1244//1244
f 1329//1329 1243//1243 1237//1237
f 1244//1244 1243//1243 1331//1331
f 1245//1245 1156//1156 1335//1335
f 1246//1246 1245//1245 1335//1335
f 1246//1246 1226//1226 1245//1245
f 1154//1154 1155//1155 1247//1247
f 1247//1247 1155//1155 1332//1332
f 1332//1332 1244//1244 1330//1330
f 1335//1335 1156//1156 1054//1054
f 1160//1160 1247//1247 1166//1166
f 1335//1335 1161//1161 1250//1250
f 1251//1251 1250//1250 1161//1161
f 1161//1161 1248//1248 1252//1252
f 1253//1253 1248//1248 1167//1167
f 1166//1166 1249//1249 1164//1164
f 1167//1167 1249//1249 1253//1253
f 1417//1417 1249//1249 1166//1166
f 1253//1253 1249//1249 1338//1338
f 1417//1417 1166//1166 1336//1336
f 1247//1247 1332//1332 1336//1336
f 1166//1166 1247//1247 1336//1336
f 1252//1252 1251//1251 1161//1161
f 1251//1251 1252//1252 1415//1415
f 1253//1253 1337//1337 1252//1252
f 1252//1252 1248//1248 1253//1253
f 1249//1249 1417//1417 1338//1338
f 1255//1255 1341//1341 1254//1254
f 1168//1168 1255//1255 1254//1254
f 1256//1256 1255//1255 1257//1257
f 1259//1259 1256//1256 1257//1257
f 1259//1259 1346//1346 1256//1256
f 1255//1255 1168//1168 1261//1261
f 1343//1343 1170//1170 1169//1169
f 1344//1344 1425//1425 1171//1171
f 1171//1171 1425//1425 1263//1263
f 1265//1265 1258//1258 1257//1257
f 1258//1258 1260//1260 1259//1259
f 1257//1257 1258//1258 1259//1259
f 1346//1346 1259//1259 1260//1260
f 1172//1172 1261//1261 1168//1168
f 1257//1257 1261//1261 1265//1265
f 1261//1261 1172//1172 1265//1265
f 1257//1257 1255//1255 1261//1261
f 1344//1344 1174//1174 1170//1170
f 1171//1171 1263//1263 1262//1262
f 1263//1263 1268//1268 1262//1262
f 1268//1268 1263//1263 1348//1348
f 1430//1430 1263//1263 1425//1425
f 1430//1430 1348//1348 1263//1263
f 1180//1180 1075//1075 1264//1264
f 1264//1264 1347//1347 1260//1260
f 1346//1346 1260//1260 1347//1347
f 1347//1347 1264//1264 1075//1075
f 1264//1264 1260//1260 1258//1258
f 1264//1264 1258//1258 1265//1265
f 1171//1171 1262//1262 1266//1266
f 1266//1266 1348//1348 1267//1267
f 1269//1269 1267//1267 1270//1270
f 1266//1266 1262//1262 1268//1268
f 1268//1268 1348//1348 1266//1266
f 1348//1348 1270//1270 1267//1267
f 1348//1348 1350//1350 1270//1270
f 1265//1265 1180//1180 1264//1264
f 1270//1270 1271//1271 1269//1269
f 1271//1271 1270//1270 1350//1350
f 1271//1271 1074//1074 1269//1269
f 1272//1272 1074//1074 1271//1271
f 1352//1352 1349//1349 1075//1075
f 1351//1351 1273//1273 1272//1272
f 1435//1435 1354//1354 1273//1273
f 1351//1351 1435//1435 1273//1273
f 1353//1353 1352//1352 1075//1075
f 1354//1354 1274//1274 1273//1273
f 1353//1353 1075//1075 1275//1275
f 1082//1082 1273//1273 1274//1274
f 1274//1274 1357//1357 1185//1185
f 1274//1274 1185//1185 1082//1082
f 1359//1359 1275//1275 1362//1362
f 1362//1362 1358//1358 1359//1359
f 1277//1277 1185//1185 1357//1357
f 1357//1357 1276//1276 1277//1277
f 1275//1275 1187//1187 1362//1362
f 1187//1187 1275//1275 996//996
f 1277//1277 1276//1276 1188//1188
f 1276//1276 1363//1363 1188//1188
f 1365//1365 1091//1091 1280//1280
f 1365//1365 1187//1187 1091//1091
f 1278//1278 1363//1363 1364//1364
f 1365//1365 1280//1280 1281//1281
f 1367//1367 1365//1365 1281//1281
f 1367//1367 1281//1281 1279//1279
f 1368//1368 1279//1279 1371//1371
f 1279//1279 1283//1283 1371//1371
f 1279//1279 1281//1281 1282//1282
f 1279//1279 1282//1282 1283//1283
f 1285//1285 1283//1283 1282//1282
f 1285//1285 1284//1284 1283//1283
f 1191//1191 1366//1366 1379//1379
f 1294//1294 1191//1191 1379//1379
f 1284//1284 1285//1285 1286//1286
f 1286//1286 1287//1287 1284//1284
f 1284//1284 1287//1287 1377//1377
f 1287//1287 1286//1286 1290//1290
f 1287//1287 1290//1290 1291//1291
f 1287//1287 1291//1291 1288//1288
f 1377//1377 1287//1287 1288//1288
f 1288//1288 1289//1289 1378//1378
f 1285//1285 1190//1190 1286//1286
f 1290//1290 1286//1286 1190//1190
f 1291//1291 1292//1292 1288//1288
f 1292//1292 1289//1289 1288//1288
f 1292//1292 1296//1296 1289//1289
f 1296//1296 1297//1297 1289//1289
f 1291//1291 1290//1290 1194//1194
f 1290//1290 1190//1190 1194//1194
f 1291//1291 1194//1194 1295//1295
f 1295//1295 1292//1292 1291//1291
f 1295//1295 1296//1296 1292//1292
f 1296//1296 1295//1295 1297//1297
f 1297//1297 1301//1301 1383//1383
f 1387//1387 1383//1383 1301//1301
f 1387//1387 1298//1298 1299//1299
f 1300//1300 1293//1293 1386//1386
f 1303//1303 1300//1300 1386//1386
f 1294//1294 1101//1101 1191//1191
f 1295//1295 1197//1197 1297//1297
f 1197//1197 1196//1196 1297//1297
f 1196//1196 1301//1301 1297//1297
f 1302//1302 1298//1298 1387//1387
f 1387//1387 1301//1301 1302//1302
f 1302//1302 1303//1303 1298//1298
f 1303//1303 1299//1299 1298//1298
f 1300//1300 1201//1201 1293//1293
f 1196//1196 1198//1198 1301//1301
f 1301//1301 1198//1198 1302//1302
f 1201//1201 1200//1200 1293//1293
f 1300//1300 1303//1303 1201//1201
f 1210//1210 1206//1206 1309//1309
f 1305//1305 1304//1304 1320//1320
f 1207//1207 1216//1216 1304//1304
f 1306//1306 1305//1305 1320//1320
f 1320//1320 1307//1307 1306//1306
f 1206//1206 1205//1205 1306//1306
f 1307//1307 1308//1308 1306//1306
f 1306//1306 1309//1309 1206//1206
f 1309//1309 1306//1306 1308//1308
f 1311//1311 1210//1210 1310//1310
f 1309//1309 1310//1310 1210//1210
f 1308//1308 1310//1310 1309//1309
f 1310//1310 1308//1308 1389//1389
f 1311//1311 1310//1310 1389//1389
f 1311//1311 1312//1312 1211//1211
f 1212//1212 1211//1211 1312//1312
f 1213//1213 1212//1212 1313//1313
f 1312//1312 1313//1313 1212//1212
f 1313//1313 1312//1312 1391//1391
f 1390//1390 1313//1313 1391//1391
f 1213//1213 1392//1392 1122//1122
f 1314//1314 1322//1322 1321//1321
f 1392//1392 1322//1322 1314//1314
f 1122//1122 1392//1392 1314//1314
f 1313//1313 1315//1315 1213//1213
f 1315//1315 1392//1392 1213//1213
f 1318//1318 1216//1216 1215//1215
f 1317//1317 1318//1318 1215//1215
f 1323//1323 1316//1316 1217//1217
f 1318//1318 1393//1393 1216//1216
f 1316//1316 1323//1323 1324//1324
f 1317//1317 1316//1316 1324//1324
f 1324//1324 1318//1318 1317//1317
f 1393//1393 1318//1318 1395//1395
f 1304//1304 1216//1216 1319//1319
f 1319//1319 1216//1216 1393//1393
f 1322//1322 1397//1397 1321//1321
f 1397//1397 1325//1325 1321//1321
f 1390//1390 1315//1315 1313//1313
f 1396//1396 1318//1318 1324//1324
f 1396//1396 1395//1395 1318//1318
f 1326//1326 1225//1225 1325//1325
f 1403//1403 1222//1222 1328//1328
f 1405//1405 1329//1329 1326//1326
f 1325//1325 1405//1405 1326//1326
f 1238//1238 1327//1327 1229//1229
f 1327//1327 1238//1238 1239//1239
f 1327//1327 1328//1328 1229//1229
f 1328//1328 1327//1327 1473//1473
f 1406//1406 1331//1331 1243//1243
f 1406//1406 1243//1243 1329//1329
f 1405//1405 1472//1472 1329//1329
f 1409//1409 1226//1226 1246//1246
f 1226//1226 1409//1409 1239//1239
f 1239//1239 1409//1409 1475//1475
f 1332//1332 1330//1330 1333//1333
f 1330//1330 1334//1334 1333//1333
f 1334//1334 1330//1330 1331//1331
f 1334//1334 1331//1331 1407//1407
f 1331//1331 1406//1406 1407//1407
f 1332//1332 1333//1333 1413//1413
f 1334//1334 1407//1407 1333//1333
f 1410//1410 1246//1246 1335//1335
f 1408//1408 1413//1413 1333//1333
f 1335//1335 1250//1250 1411//1411
f 1411//1411 1250//1250 1483//1483
f 1414//1414 1483//1483 1250//1250
f 1414//1414 1250//1250 1251//1251
f 1414//1414 1251//1251 1415//1415
f 1415//1415 1252//1252 1337//1337
f 1337//1337 1253//1253 1338//1338
f 1415//1415 1337//1337 1416//1416
f 1337//1337 1338//1338 1416//1416
f 1416//1416 1338//1338 1417//1417
f 1341//1341 1536//1536 1424//1424
f 1345//1345 1425//1425 1344//1344
f 1255//1255 1339//1339 1341//1341
f 1428//1428 1429//1429 1340//1340
f 1424//1424 1342//1342 1341//1341
f 1342//1342 1424//1424 1343//1343
f 1343//1343 1345//1345 1170//1170
f 1170//1170 1345//1345 1344//1344
f 1346//1346 1428//1428 1340//1340
f 1255//1255 1340//1340 1339//1339
f 1254//1254 1342//1342 1343//1343
f 1254//1254 1341//1341 1342//1342
f 1340//1340 1256//1256 1346//1346
f 1256//1256 1340//1340 1255//1255
f 1347//1347 1539//1539 1346//1346
f 1433//1433 1350//1350 1348//1348
f 1349//1349 1347//1347 1075//1075
f 1349//1349 1539//1539 1347//1347
f 1351//1351 1271//1271 1350//1350
f 1435//1435 1351//1351 1350//1350
f 1351//1351 1272//1272 1271//1271
f 1352//1352 1549//1549 1349//1349
f 1353//1353 1549//1549 1352//1352
f 1354//1354 1435//1435 1436//1436
f 1354//1354 1436//1436 1355//1355
f 1438//1438 1439//1439 1356//1356
f 1274//1274 1354//1354 1355//1355
f 1274//1274 1355//1355 1357//1357
f 1438//1438 1357//1357 1355//1355
f 1353//1353 1275//1275 1359//1359
f 1359//1359 1437//1437 1353//1353
f 1276//1276 1357//1357 1356//1356
f 1356//1356 1363//1363 1276//1276
f 1357//1357 1438//1438 1356//1356
f 1358//1358 1437//1437 1359//1359
f 1356//1356 1364//1364 1363//1363
f 1364//1364 1356//1356 1439//1439
f 1362//1362 1365//1365 1358//1358
f 1360//1360 1358//1358 1365//1365
f 1361//1361 1360//1360 1365//1365
f 1361//1361 1365//1365 1367//1367
f 1557//1557 1360//1360 1440//1440
f 1557//1557 1358//1358 1360//1360
f 1360//1360 1361//1361 1440//1440
f 1440//1440 1361//1361 1445//1445
f 1445//1445 1361//1361 1367//1367
f 1187//1187 1365//1365 1362//1362
f 1379//1379 1366//1366 1451//1451
f 1366//1366 1364//1364 1451//1451
f 1366//1366 1278//1278 1364//1364
f 1367//1367 1279//1279 1368//1368
f 1369//1369 1368//1368 1371//1371
f 1368//1368 1369//1369 1446//1446
f 1448//1448 1446//1446 1369//1369
f 1369//1369 1373//1373 1455//1455
f 1372//1372 1371//1371 1283//1283
f 1369//1369 1371//1371 1372//1372
f 1373//1373 1369//1369 1372//1372
f 1373//1373 1372//1372 1374//1374
f 1283//1283 1284//1284 1372//1372
f 1372//1372 1284//1284 1374//1374
f 1377//1377 1374//1374 1284//1284
f 1374//1374 1377//1377 1376//1376
f 1373//1373 1374//1374 1375//1375
f 1373//1373 1375//1375 1370//1370
f 1376//1376 1370//1370 1375//1375
f 1374//1374 1376//1376 1375//1375
f 1376//1376 1456//1456 1370//1370
f 1459//1459 1379//1379 1568//1568
f 1376//1376 1377//1377 1378//1378
f 1378//1378 1380//1380 1376//1376
f 1376//1376 1380//1380 1460//1460
f 1460//1460 1380//1380 1461//1461
f 1294//1294 1379//1379 1459//1459
f 1288//1288 1378//1378 1377//1377
f 1289//1289 1383//1383 1380//1380
f 1383//1383 1381//1381 1380//1380
f 1380//1380 1381//1381 1461//1461
f 1385//1385 1462//1462 1382//1382
f 1293//1293 1294//1294 1459//1459
f 1378//1378 1289//1289 1380//1380
f 1381//1381 1387//1387 1382//1382
f 1382//1382 1387//1387 1299//1299
f 1385//1385 1299//1299 1384//1384
f 1462//1462 1386//1386 1459//1459
f 1385//1385 1382//1382 1299//1299
f 1462//1462 1384//1384 1386//1386
f 1384//1384 1462//1462 1385//1385
f 1386//1386 1293//1293 1459//1459
f 1297//1297 1383//1383 1289//1289
f 1381//1381 1383//1383 1387//1387
f 1303//1303 1386//1386 1299//1299
f 1386//1386 1384//1384 1299//1299
f 1319//1319 1388//1388 1304//1304
f 1394//1394 1319//1319 1393//1393
f 1394//1394 1388//1388 1319//1319
f 1304//1304 1388//1388 1464//1464
f 1304//1304 1464//1464 1320//1320
f 1465//1465 1307//1307 1320//1320
f 1320//1320 1464//1464 1465//1465
f 1572//1572 1312//1312 1311//1311
f 1573//1573 1312//1312 1572//1572
f 1392//1392 1398//1398 1322//1322
f 1398//1398 1397//1397 1322//1322
f 1315//1315 1390//1390 1392//1392
f 1388//1388 1394//1394 1464//1464
f 1393//1393 1395//1395 1394//1394
f 1396//1396 1401//1401 1395//1395
f 1395//1395 1401//1401 1394//1394
f 1465//1465 1468//1468 1307//1307
f 1307//1307 1468//1468 1308//1308
f 1399//1399 1324//1324 1323//1323
f 1324//1324 1399//1399 1400//1400
f 1399//1399 1323//1323 1403//1403
f 1396//1396 1324//1324 1400//1400
f 1400//1400 1401//1401 1396//1396
f 1400//1400 1399//1399 1404//1404
f 1394//1394 1401//1401 1576//1576
f 1402//1402 1405//1405 1325//1325
f 1402//1402 1472//1472 1405//1405
f 1397//1397 1402//1402 1325//1325
f 1583//1583 1403//1403 1473//1473
f 1403//1403 1328//1328 1473//1473
f 1404//1404 1403//1403 1583//1583
f 1399//1399 1403//1403 1404//1404
f 1472//1472 1406//1406 1329//1329
f 1406//1406 1472//1472 1585//1585
f 1474//1474 1407//1407 1406//1406
f 1327//1327 1239//1239 1589//1589
f 1239//1239 1475//1475 1589//1589
f 1409//1409 1246//1246 1410//1410
f 1408//1408 1333//1333 1407//1407
f 1474//1474 1408//1408 1407//1407
f 1484//1484 1409//1409 1410//1410
f 1410//1410 1335//1335 1411//1411
f 1332//1332 1477//1477 1336//1336
f 1412//1412 1332//1332 1413//1413
f 1412//1412 1413//1413 1478//1478
f 1332//1332 1412//1412 1477//1477
f 1411//1411 1484//1484 1410//1410
f 1501//1501 1483//1483 1414//1414
f 1417//1417 1336//1336 1485//1485
f 1336//1336 1477//1477 1488//1488
f 1336//1336 1488//1488 1486//1486
f 1412//1412 1478//1478 1477//1477
f 1505//1505 1501//1501 1414//1414
f 1414//1414 1415//1415 1508//1508
f 1512//1512 1415//1415 1416//1416
f 1512//1512 1416//1416 1518//1518
f 1417//1417 1418//1418 1416//1416
f 1417//1417 1516//1516 1418//1418
f 1485//1485 1525//1525 1417//1417
f 1336//1336 1487//1487 1485//1485
f 1336//1336 1486//1486 1487//1487
f 1416//1416 1418//1418 1518//1518
f 1525//1525 1516//1516 1417//1417
f 1421//1421 1531//1531 1420//1420
f 1424//1424 1421//1421 1419//1419
f 1419//1419 1421//1421 1420//1420
f 1420//1420 1422//1422 1345//1345
f 1534//1534 1423//1423 1422//1422
f 1422//1422 1423//1423 1425//1425
f 1339//1339 1427//1427 1530//1530
f 1536//1536 1339//1339 1530//1530
f 1424//1424 1419//1419 1343//1343
f 1343//1343 1419//1419 1420//1420
f 1420//1420 1345//1345 1343//1343
f 1425//1425 1345//1345 1422//1422
f 1425//1425 1423//1423 1535//1535
f 1425//1425 1535//1535 1426//1426
f 1427//1427 1429//1429 1428//1428
f 1339//1339 1536//1536 1341//1341
f 1429//1429 1427//1427 1339//1339
f 1426//1426 1430//1430 1425//1425
f 1538//1538 1428//1428 1431//1431
f 1340//1340 1429//1429 1339//1339
f 1432//1432 1430//1430 1623//1623
f 1431//1431 1346//1346 1539//1539
f 1346//1346 1431//1431 1428//1428
f 1432//1432 1348//1348 1430//1430
f 1540//1540 1348//1348 1432//1432
f 1540//1540 1433//1433 1348//1348
f 1541//1541 1434//1434 1540//1540
f 1540//1540 1434//1434 1433//1433
f 1543//1543 1544//1544 1434//1434
f 1539//1539 1349//1349 1545//1545
f 1434//1434 1350//1350 1433//1433
f 1544//1544 1435//1435 1434//1434
f 1549//1549 1545//1545 1349//1349
f 1434//1434 1435//1435 1350//1350
f 1544//1544 1436//1436 1435//1435
f 1551//1551 1436//1436 1631//1631
f 1551//1551 1439//1439 1438//1438
f 1551//1551 1355//1355 1436//1436
f 1551//1551 1438//1438 1355//1355
f 1563//1563 1451//1451 1555//1555
f 1437//1437 1358//1358 1557//1557
f 1441//1441 1558//1558 1556//1556
f 1558//1558 1441//1441 1443//1443
f 1364//1364 1439//1439 1451//1451
f 1451//1451 1439//1439 1555//1555
f 1556//1556 1557//1557 1440//1440
f 1440//1440 1445//1445 1442//1442
f 1441//1441 1556//1556 1440//1440
f 1441//1441 1440//1440 1442//1442
f 1441//1441 1442//1442 1443//1443
f 1443//1443 1442//1442 1447//1447
f 1444//1444 1443//1443 1447//1447
f 1563//1563 1379//1379 1451//1451
f 1445//1445 1367//1367 1368//1368
f 1445//1445 1368//1368 1446//1446
f 1447//1447 1442//1442 1445//1445
f 1447//1447 1445//1445 1446//1446
f 1446//1446 1449//1449 1447//1447
f 1449//1449 1446//1446 1448//1448
f 1444//1444 1447//1447 1449//1449
f 1450//1450 1449//1449 1448//1448
f 1564//1564 1444//1444 1449//1449
f 1449//1449 1450//1450 1564//1564
f 1564//1564 1450//1450 1566//1566
f 1452//1452 1448//1448 1369//1369
f 1452//1452 1369//1369 1455//1455
f 1450//1450 1448//1448 1452//1452
f 1455//1455 1453//1453 1452//1452
f 1453//1453 1455//1455 1370//1370
f 1450//1450 1452//1452 1453//1453
f 1453//1453 1370//1370 1454//1454
f 1454//1454 1370//1370 1456//1456
f 1453//1453 1566//1566 1450//1450
f 1566//1566 1453//1453 1454//1454
f 1571//1571 1454//1454 1457//1457
f 1373//1373 1370//1370 1455//1455
f 1456//1456 1458//1458 1457//1457
f 1454//1454 1456//1456 1457//1457
f 1457//1457 1458//1458 1571//1571
f 1571//1571 1458//1458 1460//1460
f 1571//1571 1460//1460 1570//1570
f 1458//1458 1456//1456 1376//1376
f 1458//1458 1376//1376 1460//1460
f 1460//1460 1461//1461 1570//1570
f 1570//1570 1461//1461 1463//1463
f 1568//1568 1462//1462 1459//1459
f 1461//1461 1381//1381 1382//1382
f 1461//1461 1382//1382 1463//1463
f 1463//1463 1382//1382 1462//1462
f 1573//1573 1572//1572 1654//1654
f 1391//1391 1312//1312 1573//1573
f 1394//1394 1576//1576 1577//1577
f 1464//1464 1394//1394 1577//1577
f 1466//1466 1308//1308 1468//1468
f 1389//1389 1308//1308 1466//1466
f 1573//1573 1390//1390 1391//1391
f 1573//1573 1575//1575 1390//1390
f 1469//1469 1398//1398 1392//1392
f 1398//1398 1469//1469 1397//1397
f 1467//1467 1465//1465 1464//1464
f 1464//1464 1577//1577 1467//1467
f 1465//1465 1467//1467 1468//1468
f 1402//1402 1397//1397 1470//1470
f 1470//1470 1397//1397 1469//1469
f 1469//1469 1392//1392 1574//1574
f 1578//1578 1402//1402 1470//1470
f 1404//1404 1471//1471 1400//1400
f 1401//1401 1400//1400 1471//1471
f 1471//1471 1576//1576 1401//1401
f 1404//1404 1581//1581 1471//1471
f 1578//1578 1472//1472 1402//1402
f 1589//1589 1473//1473 1327//1327
f 1406//1406 1588//1588 1474//1474
f 1588//1588 1406//1406 1585//1585
f 1475//1475 1409//1409 1599//1599
f 1600//1600 1408//1408 1474//1474
f 1409//1409 1484//1484 1599//1599
f 1484//1484 1709//1709 1599//1599
f 1476//1476 1411//1411 1483//1483
f 1411//1411 1476//1476 1484//1484
f 1478//1478 1413//1413 1481//1481
f 1478//1478 1497//1497 1477//1477
f 1477//1477 1498//1498 1488//1488
f 1477//1477 1497//1497 1498//1498
f 1413//1413 1408//1408 1481//1481
f 1478//1478 1480//1480 1497//1497
f 1408//1408 1482//1482 1481//1481
f 1478//1478 1481//1481 1480//1480
f 1500//1500 1497//1497 1480//1480
f 1482//1482 1408//1408 1600//1600
f 1481//1481 1479//1479 1480//1480
f 1479//1479 1500//1500 1480//1480
f 1481//1481 1482//1482 1479//1479
f 1483//1483 1484//1484 1476//1476
f 1528//1528 1494//1494 1605//1605
f 1487//1487 1489//1489 1490//1490
f 1487//1487 1486//1486 1489//1489
f 1487//1487 1490//1490 1485//1485
f 1526//1526 1485//1485 1490//1490
f 1492//1492 1488//1488 1491//1491
f 1489//1489 1488//1488 1492//1492
f 1489//1489 1486//1486 1488//1488
f 1490//1490 1489//1489 1493//1493
f 1489//1489 1492//1492 1493//1493
f 4950//4950 1490//1490 4941//4941
f 1490//1490 1493//1493 4941//4941
f 1495//1495 4939//4939 1491//1491
f 4940//4940 1495//1495 1496//1496
f 1495//1495 4940//4940 4939//4939
f 4940//4940 1496//1496 1494//1494
f 1495//1495 1500//1500 1607//1607
f 1496//1496 1495//1495 1604//1604
f 1607//1607 1604//1604 1495//1495
f 1494//1494 1496//1496 1604//1604
f 1498//1498 1491//1491 1488//1488
f 1498//1498 1497//1497 1499//1499
f 1498//1498 1499//1499 1491//1491
f 1491//1491 1499//1499 1495//1495
f 1500//1500 1499//1499 1497//1497
f 1499//1499 1500//1500 1495//1495
f 1501//1501 1613//1613 1483//1483
f 1502//1502 1505//1505 1414//1414
f 1505//1505 1502//1502 1503//1503
f 1503//1503 1502//1502 1504//1504
f 1504//1504 1502//1502 1509//1509
f 1506//1506 1505//1505 1503//1503
f 1503//1503 1504//1504 1506//1506
f 1504//1504 1511//1511 1506//1506
f 1506//1506 1511//1511 1609//1609
f 1507//1507 1506//1506 1609//1609
f 1505//1505 1506//1506 4942//4942
f 1509//1509 1414//1414 1508//1508
f 1502//1502 1414//1414 1509//1509
f 1510//1510 1509//1509 1508//1508
f 1514//1514 1510//1510 1508//1508
f 1504//1504 4943//4943 1511//1511
f 4943//4943 1510//1510 1511//1511
f 1510//1510 1514//1514 1511//1511
f 1610//1610 1514//1514 1515//1515
f 1514//1514 1610//1610 1511//1511
f 1511//1511 1610//1610 1609//1609
f 1512//1512 1518//1518 1513//1513
f 1512//1512 1508//1508 1415//1415
f 1513//1513 1508//1508 1512//1512
f 1520//1520 1513//1513 1518//1518
f 1508//1508 4944//4944 1514//1514
f 1514//1514 4944//4944 4945//4945
f 4946//4946 4945//4945 4944//4944
f 1515//1515 1700//1700 1610//1610
f 1418//1418 1519//1519 1518//1518
f 1519//1519 1418//1418 1517//1517
f 1418//1418 1516//1516 1517//1517
f 1517//1517 1522//1522 1519//1519
f 1522//1522 1517//1517 1527//1527
f 1518//1518 1519//1519 1520//1520
f 1520//1520 1519//1519 1521//1521
f 1521//1521 1519//1519 1522//1522
f 1523//1523 4949//4949 4951//4951
f 1515//1515 4947//4947 1524//1524
f 4947//4947 4948//4948 1524//1524
f 4948//4948 4949//4949 1524//1524
f 1523//1523 1524//1524 4949//4949
f 1523//1523 4951//4951 1529//1529
f 1515//1515 1524//1524 1603//1603
f 1524//1524 1523//1523 1603//1603
f 1523//1523 1529//1529 1603//1603
f 1515//1515 1603//1603 1700//1700
f 1517//1517 1516//1516 1525//1525
f 1525//1525 1485//1485 1526//1526
f 1527//1527 1525//1525 1526//1526
f 1517//1517 1525//1525 1527//1527
f 4941//4941 1528//1528 4950//4950
f 4951//4951 1528//1528 1529//1529
f 4950//4950 1528//1528 4951//4951
f 1528//1528 1605//1605 1529//1529
f 1532//1532 1536//1536 1618//1618
f 1532//1532 1618//1618 1619//1619
f 1618//1618 1536//1536 1617//1617
f 1617//1617 1536//1536 1530//1530
f 1424//1424 1532//1532 1421//1421
f 1421//1421 1532//1532 1531//1531
f 1532//1532 1424//1424 1536//1536
f 1531//1531 1620//1620 1420//1420
f 1619//1619 1531//1531 1532//1532
f 1531//1531 1619//1619 1620//1620
f 1533//1533 1422//1422 1420//1420
f 1422//1422 1533//1533 1534//1534
f 1420//1420 1620//1620 1533//1533
f 1620//1620 1534//1534 1533//1533
f 1616//1616 1535//1535 1534//1534
f 1616//1616 1621//1621 1535//1535
f 1622//1622 1530//1530 1427//1427
f 1535//1535 1423//1423 1534//1534
f 1621//1621 1426//1426 1535//1535
f 1623//1623 1426//1426 1621//1621
f 1430//1430 1426//1426 1623//1623
f 1540//1540 1623//1623 1624//1624
f 1627//1627 1428//1428 1538//1538
f 1428//1428 1627//1627 1427//1427
f 1540//1540 1432//1432 1623//1623
f 1537//1537 1538//1538 1431//1431
f 1627//1627 1538//1538 1537//1537
f 1624//1624 1626//1626 1540//1540
f 1537//1537 1431//1431 1539//1539
f 1539//1539 1629//1629 1537//1537
f 1541//1541 1540//1540 1626//1626
f 1541//1541 1543//1543 1434//1434
f 1542//1542 1543//1543 1541//1541
f 1542//1542 1544//1544 1543//1543
f 1545//1545 1630//1630 1539//1539
f 1631//1631 1436//1436 1544//1544
f 1545//1545 1549//1549 1550//1550
f 1546//1546 1550//1550 1547//1547
f 1545//1545 1550//1550 1546//1546
f 1547//1547 1549//1549 1552//1552
f 1548//1548 1633//1633 1547//1547
f 1548//1548 1552//1552 1553//1553
f 1547//1547 1552//1552 1548//1548
f 1633//1633 1548//1548 1637//1637
f 1637//1637 1548//1548 1553//1553
f 1550//1550 1549//1549 1547//1547
f 1631//1631 1632//1632 1551//1551
f 1549//1549 1353//1353 1552//1552
f 1637//1637 1553//1553 1554//1554
f 1636//1636 1555//1555 1551//1551
f 1353//1353 1437//1437 1552//1552
f 1552//1552 1437//1437 1557//1557
f 1554//1554 1553//1553 1557//1557
f 1553//1553 1552//1552 1557//1557
f 1439//1439 1551//1551 1555//1555
f 1554//1554 1557//1557 1556//1556
f 1558//1558 1554//1554 1556//1556
f 1639//1639 1554//1554 1558//1558
f 1559//1559 1643//1643 1639//1639
f 1559//1559 1639//1639 1558//1558
f 1559//1559 1560//1560 1640//1640
f 1559//1559 1558//1558 1443//1443
f 1559//1559 1443//1443 1560//1560
f 1647//1647 1646//1646 1562//1562
f 1560//1560 1443//1443 1444//1444
f 1560//1560 1444//1444 1564//1564
f 1560//1560 1564//1564 1640//1640
f 1561//1561 1646//1646 1640//1640
f 1564//1564 1561//1561 1640//1640
f 1561//1561 1562//1562 1646//1646
f 1566//1566 1561//1561 1564//1564
f 1566//1566 1562//1562 1561//1561
f 1562//1562 1566//1566 1571//1571
f 1565//1565 1562//1562 1571//1571
f 1653//1653 1565//1565 1570//1570
f 1652//1652 1568//1568 1563//1563
f 1569//1569 1568//1568 1652//1652
f 1454//1454 1571//1571 1566//1566
f 1565//1565 1571//1571 1570//1570
f 1570//1570 1567//1567 1653//1653
f 1462//1462 1568//1568 1569//1569
f 1651//1651 1567//1567 1569//1569
f 1569//1569 1567//1567 1462//1462
f 1568//1568 1379//1379 1563//1563
f 1567//1567 1570//1570 1463//1463
f 1567//1567 1463//1463 1462//1462
f 1389//1389 1572//1572 1311//1311
f 1390//1390 1575//1575 1574//1574
f 1659//1659 1466//1466 1468//1468
f 1660//1660 1466//1466 1659//1659
f 1572//1572 1389//1389 1466//1466
f 1572//1572 1466//1466 1662//1662
f 1662//1662 1746//1746 1572//1572
f 1654//1654 1572//1572 1663//1663
f 1746//1746 1663//1663 1572//1572
f 1665//1665 1575//1575 1573//1573
f 1390//1390 1574//1574 1392//1392
f 1574//1574 1668//1668 1469//1469
f 1575//1575 1655//1655 1574//1574
f 1574//1574 1655//1655 1668//1668
f 1665//1665 1655//1655 1575//1575
f 1471//1471 1580//1580 1576//1576
f 1582//1582 1577//1577 1576//1576
f 1577//1577 1582//1582 1656//1656
f 1468//1468 1467//1467 1657//1657
f 1467//1467 1658//1658 1657//1657
f 1658//1658 1467//1467 1577//1577
f 1469//1469 1579//1579 1470//1470
f 1578//1578 1470//1470 1579//1579
f 1469//1469 1668//1668 1681//1681
f 1579//1579 1469//1469 1679//1679
f 1679//1679 1680//1680 1579//1579
f 1680//1680 1578//1578 1579//1579
f 1404//1404 1583//1583 1584//1584
f 1581//1581 1580//1580 1471//1471
f 1581//1581 1404//1404 1584//1584
f 1582//1582 1576//1576 1580//1580
f 1586//1586 1472//1472 1578//1578
f 1678//1678 1586//1586 1578//1578
f 1587//1587 1583//1583 1473//1473
f 1584//1584 1583//1583 1688//1688
f 1586//1586 1585//1585 1472//1472
f 1586//1586 1694//1694 1585//1585
f 1587//1587 1473//1473 1589//1589
f 1583//1583 1587//1587 1688//1688
f 1475//1475 1598//1598 1589//1589
f 1587//1587 1589//1589 1771//1771
f 1588//1588 1590//1590 1474//1474
f 1590//1590 1600//1600 1474//1474
f 1601//1601 1600//1600 1590//1590
f 1595//1595 1588//1588 1585//1585
f 1601//1601 1590//1590 1591//1591
f 1592//1592 1588//1588 1595//1595
f 1590//1590 1588//1588 1592//1592
f 1591//1591 1590//1590 1592//1592
f 1690//1690 1585//1585 1694//1694
f 1690//1690 1595//1595 1585//1585
f 1596//1596 1592//1592 1595//1595
f 1593//1593 1591//1591 1596//1596
f 1596//1596 1591//1591 1592//1592
f 1593//1593 1594//1594 1591//1591
f 1597//1597 1594//1594 1593//1593
f 1594//1594 1597//1597 1608//1608
f 1595//1595 1690//1690 1691//1691
f 1596//1596 1595//1595 1691//1691
f 1593//1593 1689//1689 1597//1597
f 1689//1689 1593//1593 1596//1596
f 1608//1608 1692//1692 1606//1606
f 1608//1608 1597//1597 1692//1692
f 1475//1475 1599//1599 1598//1598
f 1598//1598 1779//1779 1589//1589
f 1779//1779 1598//1598 1698//1698
f 1709//1709 1602//1602 1599//1599
f 1602//1602 1598//1598 1599//1599
f 1598//1598 1602//1602 1698//1698
f 1500//1500 1594//1594 1607//1607
f 1479//1479 1594//1594 1500//1500
f 1607//1607 1594//1594 1608//1608
f 1601//1601 1482//1482 1600//1600
f 1601//1601 1479//1479 1482//1482
f 1601//1601 1594//1594 1479//1479
f 1601//1601 1591//1591 1594//1594
f 1714//1714 1602//1602 1709//1709
f 1603//1603 1605//1605 1701//1701
f 1700//1700 1603//1603 1701//1701
f 1604//1604 1605//1605 1494//1494
f 1608//1608 1606//1606 1604//1604
f 1604//1604 1606//1606 1605//1605
f 1607//1607 1608//1608 1604//1604
f 1613//1613 1484//1484 1483//1483
f 1613//1613 1501//1501 1612//1612
f 1610//1610 1699//1699 1609//1609
f 1603//1603 1529//1529 1605//1605
f 1709//1709 1484//1484 1611//1611
f 1710//1710 1709//1709 1611//1611
f 1501//1501 1505//1505 1612//1612
f 1611//1611 1484//1484 1613//1613
f 1611//1611 1613//1613 1612//1612
f 1612//1612 4942//4942 1614//1614
f 1614//1614 1507//1507 1609//1609
f 1711//1711 1611//1611 1614//1614
f 1611//1611 1612//1612 1614//1614
f 1612//1612 1505//1505 4942//4942
f 1619//1619 1618//1618 1802//1802
f 1615//1615 1534//1534 1620//1620
f 1534//1534 1615//1615 1616//1616
f 1722//1722 1615//1615 1620//1620
f 1619//1619 1722//1722 1620//1620
f 1615//1615 1723//1723 1616//1616
f 1622//1622 1917//1917 1617//1617
f 1617//1617 1914//1914 1618//1618
f 1725//1725 1623//1623 1621//1621
f 1624//1624 1623//1623 1725//1725
f 1427//1427 1625//1625 1622//1622
f 1622//1622 1617//1617 1530//1530
f 1622//1622 1625//1625 1726//1726
f 1427//1427 1627//1627 1625//1625
f 1627//1627 1537//1537 1629//1629
f 1628//1628 1542//1542 1626//1626
f 1539//1539 1630//1630 1629//1629
f 1542//1542 1541//1541 1626//1626
f 1729//1729 1544//1544 1542//1542
f 1729//1729 1631//1631 1544//1544
f 1632//1632 1631//1631 1729//1729
f 1546//1546 1634//1634 1731//1731
f 1630//1630 1545//1545 1822//1822
f 1822//1822 1545//1545 1546//1546
f 1546//1546 1547//1547 1633//1633
f 1634//1634 1546//1546 1633//1633
f 1633//1633 1731//1731 1634//1634
f 1824//1824 1731//1731 1633//1633
f 1635//1635 1633//1633 1638//1638
f 1635//1635 1824//1824 1633//1633
f 1638//1638 1633//1633 1637//1637
f 1555//1555 1636//1636 1830//1830
f 1632//1632 1636//1636 1551//1551
f 1637//1637 1554//1554 1638//1638
f 1639//1639 1638//1638 1554//1554
f 1639//1639 1734//1734 1638//1638
f 1830//1830 1642//1642 1555//1555
f 1735//1735 1639//1639 1643//1643
f 1735//1735 1643//1643 1640//1640
f 1734//1734 1639//1639 1735//1735
f 1640//1640 1738//1738 1735//1735
f 1640//1640 1646//1646 1641//1641
f 1738//1738 1640//1640 1641//1641
f 1641//1641 1644//1644 1738//1738
f 1563//1563 1555//1555 1642//1642
f 1640//1640 1643//1643 1559//1559
f 1644//1644 1648//1648 1740//1740
f 1646//1646 1644//1644 1641//1641
f 1563//1563 1642//1642 1645//1645
f 1646//1646 1647//1647 1644//1644
f 1644//1644 1647//1647 1648//1648
f 1648//1648 1744//1744 1741//1741
f 1563//1563 1645//1645 1652//1652
f 1648//1648 1647//1647 1562//1562
f 1650//1650 1648//1648 1562//1562
f 1650//1650 1744//1744 1648//1648
f 1650//1650 1651//1651 1744//1744
f 1745//1745 1651//1651 1649//1649
f 1649//1649 1652//1652 1743//1743
f 1745//1745 1649//1649 1743//1743
f 1565//1565 1650//1650 1562//1562
f 1651//1651 1650//1650 1653//1653
f 1569//1569 1652//1652 1649//1649
f 1569//1569 1649//1649 1651//1651
f 1650//1650 1565//1565 1653//1653
f 1651//1651 1653//1653 1567//1567
f 1664//1664 1573//1573 1654//1654
f 1665//1665 1573//1573 1664//1664
f 1658//1658 1577//1577 1656//1656
f 1656//1656 1582//1582 1670//1670
f 1673//1673 1658//1658 1656//1656
f 1659//1659 1468//1468 1657//1657
f 1657//1657 1658//1658 1674//1674
f 1658//1658 1673//1673 1674//1674
f 1659//1659 1657//1657 1674//1674
f 1674//1674 1661//1661 1659//1659
f 1660//1660 1659//1659 1661//1661
f 1662//1662 1466//1466 1660//1660
f 1662//1662 1660//1660 1677//1677
f 1677//1677 1746//1746 1662//1662
f 1747//1747 1664//1664 1748//1748
f 1747//1747 1665//1665 1664//1664
f 1664//1664 1654//1654 1748//1748
f 1666//1666 1655//1655 1665//1665
f 1665//1665 1747//1747 1666//1666
f 1666//1666 1667//1667 1655//1655
f 1655//1655 1667//1667 1668//1668
f 1667//1667 1848//1848 1668//1668
f 1747//1747 1754//1754 1666//1666
f 1681//1681 1679//1679 1469//1469
f 1668//1668 1848//1848 1681//1681
f 1580//1580 1685//1685 1669//1669
f 1580//1580 1581//1581 1685//1685
f 1581//1581 1584//1584 1684//1684
f 1684//1684 1685//1685 1581//1581
f 1582//1582 1669//1669 1670//1670
f 1580//1580 1669//1669 1582//1582
f 1671//1671 1669//1669 1685//1685
f 1656//1656 1670//1670 1673//1673
f 1671//1671 1670//1670 1669//1669
f 1685//1685 1755//1755 1671//1671
f 1673//1673 1670//1670 1672//1672
f 1672//1672 1670//1670 1671//1671
f 1671//1671 1755//1755 1756//1756
f 1675//1675 1673//1673 1672//1672
f 1671//1671 1756//1756 1672//1672
f 1756//1756 1758//1758 1672//1672
f 1674//1674 1673//1673 1675//1675
f 1757//1757 1674//1674 1675//1675
f 1675//1675 1672//1672 1758//1758
f 1676//1676 1661//1661 1674//1674
f 1661//1661 1676//1676 1660//1660
f 1660//1660 1676//1676 1677//1677
f 1680//1680 1678//1678 1578//1578
f 1679//1679 1681//1681 1680//1680
f 1680//1680 1681//1681 1683//1683
f 1683//1683 1682//1682 1680//1680
f 1682//1682 1678//1678 1680//1680
f 1681//1681 1848//1848 1762//1762
f 1683//1683 1761//1761 1682//1682
f 1584//1584 1687//1687 1684//1684
f 1684//1684 1686//1686 1685//1685
f 1687//1687 1686//1686 1684//1684
f 1685//1685 1686//1686 1755//1755
f 1761//1761 1678//1678 1682//1682
f 1687//1687 1584//1584 1688//1688
f 1586//1586 1764//1764 1694//1694
f 1695//1695 1694//1694 4958//4958
f 1688//1688 1587//1587 1771//1771
f 1606//1606 1695//1695 1697//1697
f 1870//1870 1697//1697 1695//1695
f 1693//1693 1689//1689 1596//1596
f 1693//1693 1596//1596 1691//1691
f 1689//1689 1692//1692 1597//1597
f 1694//1694 1691//1691 1690//1690
f 1693//1693 1695//1695 1689//1689
f 1694//1694 1693//1693 1691//1691
f 1606//1606 1692//1692 1695//1695
f 1695//1695 1692//1692 1689//1689
f 1695//1695 1693//1693 1694//1694
f 1771//1771 1589//1589 1696//1696
f 1700//1700 1776//1776 1775//1775
f 1701//1701 1605//1605 1606//1606
f 1701//1701 1606//1606 1697//1697
f 1701//1701 1697//1697 1776//1776
f 1705//1705 1699//1699 1706//1706
f 1699//1699 1775//1775 1774//1774
f 1700//1700 1699//1699 1610//1610
f 1775//1775 1699//1699 1700//1700
f 1700//1700 1701//1701 1776//1776
f 1779//1779 1698//1698 1703//1703
f 1698//1698 1602//1602 1703//1703
f 1703//1703 1602//1602 1702//1702
f 1602//1602 1716//1716 1702//1702
f 1702//1702 1716//1716 1707//1707
f 1704//1704 1707//1707 1708//1708
f 1704//1704 1702//1702 1707//1707
f 1779//1779 1703//1703 1783//1783
f 1703//1703 1702//1702 1780//1780
f 1702//1702 1704//1704 1780//1780
f 1781//1781 1780//1780 1704//1704
f 1708//1708 1781//1781 1704//1704
f 1794//1794 1719//1719 1706//1706
f 1720//1720 1719//1719 1794//1794
f 1721//1721 1609//1609 1705//1705
f 1796//1796 1706//1706 1778//1778
f 1609//1609 1699//1699 1705//1705
f 1717//1717 1707//1707 1716//1716
f 1708//1708 1707//1707 1717//1717
f 4952//4952 4957//4957 1720//1720
f 4953//4953 1611//1611 1711//1711
f 1714//1714 1709//1709 1713//1713
f 1709//1709 1710//1710 1713//1713
f 4955//4955 4954//4954 1712//1712
f 4954//4954 1711//1711 1712//1712
f 1721//1721 1712//1712 1711//1711
f 1712//1712 1705//1705 1715//1715
f 1712//1712 1715//1715 4955//4955
f 1716//1716 1602//1602 1714//1714
f 1705//1705 1706//1706 1715//1715
f 1716//1716 1714//1714 1717//1717
f 4957//4957 4956//4956 1718//1718
f 1719//1719 1715//1715 1706//1706
f 1718//1718 4956//4956 4955//4955
f 1715//1715 1718//1718 4955//4955
f 1718//1718 1720//1720 4957//4957
f 1719//1719 1720//1720 1718//1718
f 1715//1715 1719//1719 1718//1718
f 1721//1721 1614//1614 1609//1609
f 1614//1614 1721//1721 1711//1711
f 1721//1721 1705//1705 1712//1712
f 1802//1802 1798//1798 1619//1619
f 1722//1722 1803//1803 1723//1723
f 1803//1803 1724//1724 1723//1723
f 1916//1916 1617//1617 1917//1917
f 1618//1618 1914//1914 1802//1802
f 1723//1723 1615//1615 1722//1722
f 1809//1809 1810//1810 1725//1725
f 1621//1621 1724//1724 1808//1808
f 1621//1621 1808//1808 1809//1809
f 1723//1723 1724//1724 1616//1616
f 1616//1616 1724//1724 1621//1621
f 1624//1624 1725//1725 1810//1810
f 1809//1809 1725//1725 1621//1621
f 1919//1919 1626//1626 1624//1624
f 1626//1626 1811//1811 1628//1628
f 1727//1727 1925//1925 1726//1726
f 1925//1925 1727//1727 1929//1929
f 1812//1812 1729//1729 1730//1730
f 1812//1812 1730//1730 1628//1628
f 1727//1727 1726//1726 1625//1625
f 1727//1727 1629//1629 1728//1728
f 1625//1625 1627//1627 1727//1727
f 1729//1729 1542//1542 1730//1730
f 1542//1542 1628//1628 1730//1730
f 1629//1629 1822//1822 1813//1813
f 1813//1813 1822//1822 1815//1815
f 1727//1727 1627//1627 1629//1629
f 1728//1728 1629//1629 1813//1813
f 1629//1629 1630//1630 1822//1822
f 1546//1546 1731//1731 1822//1822
f 1830//1830 1825//1825 1939//1939
f 1636//1636 1825//1825 1830//1830
f 1935//1935 1824//1824 1635//1635
f 1635//1635 1638//1638 1733//1733
f 1732//1732 1935//1935 1635//1635
f 1732//1732 1635//1635 1733//1733
f 1732//1732 1733//1733 1737//1737
f 1935//1935 1732//1732 1737//1737
f 1935//1935 1737//1737 1826//1826
f 1733//1733 1638//1638 1734//1734
f 1734//1734 1737//1737 1733//1733
f 1737//1737 1734//1734 1735//1735
f 1736//1736 1828//1828 1737//1737
f 1736//1736 1739//1739 1828//1828
f 1738//1738 1736//1736 1735//1735
f 1737//1737 1735//1735 1736//1736
f 1738//1738 1739//1739 1736//1736
f 1740//1740 1741//1741 1832//1832
f 1645//1645 1642//1642 1830//1830
f 1645//1645 1830//1830 1940//1940
f 1739//1739 1738//1738 1644//1644
f 1740//1740 1739//1739 1644//1644
f 1742//1742 1941//1941 1741//1741
f 1743//1743 1645//1645 1942//1942
f 1741//1741 1740//1740 1648//1648
f 1741//1741 1744//1744 1742//1742
f 1942//1942 1745//1745 1743//1743
f 1742//1742 1744//1744 1651//1651
f 1742//1742 1651//1651 1745//1745
f 1645//1645 1743//1743 1652//1652
f 1748//1748 1753//1753 1747//1747
f 1747//1747 1753//1753 1754//1754
f 1754//1754 1667//1667 1666//1666
f 1757//1757 1675//1675 1758//1758
f 1674//1674 1757//1757 1749//1749
f 1676//1676 1674//1674 1749//1749
f 1749//1749 1757//1757 1759//1759
f 1677//1677 1676//1676 1750//1750
f 1750//1750 1676//1676 1749//1749
f 1750//1750 1751//1751 1677//1677
f 1746//1746 1677//1677 1751//1751
f 1760//1760 1834//1834 1751//1751
f 1751//1751 1834//1834 1746//1746
f 1746//1746 1836//1836 1663//1663
f 1663//1663 1836//1836 1654//1654
f 1748//1748 1654//1654 1752//1752
f 1836//1836 1752//1752 1654//1654
f 1752//1752 1753//1753 1748//1748
f 1753//1753 1839//1839 1754//1754
f 1754//1754 1840//1840 1667//1667
f 1839//1839 1840//1840 1754//1754
f 1681//1681 1762//1762 1683//1683
f 1683//1683 1762//1762 1761//1761
f 1840//1840 1848//1848 1667//1667
f 1863//1863 1756//1756 1755//1755
f 1863//1863 1758//1758 1756//1756
f 1758//1758 1759//1759 1757//1757
f 1759//1759 1758//1758 1862//1862
f 1749//1749 1760//1760 1750//1750
f 1759//1759 1760//1760 1749//1749
f 1750//1750 1760//1760 1751//1751
f 1760//1760 1955//1955 1834//1834
f 1761//1761 1767//1767 1678//1678
f 1764//1764 1678//1678 1767//1767
f 1761//1761 1762//1762 1846//1846
f 1761//1761 1846//1846 1767//1767
f 1762//1762 1849//1849 1847//1847
f 1847//1847 1846//1846 1762//1762
f 1846//1846 1868//1868 1767//1767
f 1871//1871 1686//1686 1687//1687
f 1686//1686 1763//1763 1755//1755
f 1686//1686 1769//1769 1763//1763
f 1871//1871 1769//1769 1686//1686
f 1863//1863 1755//1755 1763//1763
f 4958//4958 1765//1765 1695//1695
f 1870//1870 1695//1695 1765//1765
f 1678//1678 1764//1764 1586//1586
f 4958//4958 1766//1766 1765//1765
f 4959//4959 1764//1764 1767//1767
f 1870//1870 1765//1765 1768//1768
f 1768//1768 1765//1765 1766//1766
f 4967//4967 1768//1768 1766//1766
f 1868//1868 4959//4959 1767//1767
f 1772//1772 1688//1688 1771//1771
f 1871//1871 1687//1687 1770//1770
f 1688//1688 1770//1770 1687//1687
f 1772//1772 1770//1770 1688//1688
f 1771//1771 1696//1696 1777//1777
f 1771//1771 1777//1777 1876//1876
f 1773//1773 1770//1770 1772//1772
f 1773//1773 1772//1772 1771//1771
f 1773//1773 1771//1771 1876//1876
f 1775//1775 1975//1975 1774//1774
f 1870//1870 1775//1775 1776//1776
f 1697//1697 1870//1870 1776//1776
f 1696//1696 1589//1589 1790//1790
f 1792//1792 1777//1777 1696//1696
f 1790//1790 1792//1792 1696//1696
f 1777//1777 1792//1792 1886//1886
f 1882//1882 1881//1881 1778//1778
f 1706//1706 1774//1774 1778//1778
f 1774//1774 1882//1882 1778//1778
f 1706//1706 1699//1699 1774//1774
f 1779//1779 1786//1786 1589//1589
f 1783//1783 1786//1786 1779//1779
f 1703//1703 1780//1780 1783//1783
f 4952//4952 1782//1782 4960//4960
f 1720//1720 1782//1782 4952//4952
f 1784//1784 1783//1783 1780//1780
f 1784//1784 1780//1780 1781//1781
f 1785//1785 1784//1784 4961//4961
f 1782//1782 4962//4962 4960//4960
f 1786//1786 1783//1783 1788//1788
f 1788//1788 1783//1783 1784//1784
f 1789//1789 1788//1788 1784//1784
f 1784//1784 1785//1785 1789//1789
f 1589//1589 1786//1786 1790//1790
f 1790//1790 1786//1786 1791//1791
f 1786//1786 1787//1787 1791//1791
f 1786//1786 1788//1788 1787//1787
f 1787//1787 1788//1788 1789//1789
f 1792//1792 1790//1790 1793//1793
f 1790//1790 1791//1791 1793//1793
f 1793//1793 1791//1791 1787//1787
f 1886//1886 1792//1792 1884//1884
f 1884//1884 1792//1792 1793//1793
f 1885//1885 1793//1793 1787//1787
f 1885//1885 1787//1787 1789//1789
f 1720//1720 1794//1794 1782//1782
f 1782//1782 1796//1796 4962//4962
f 1794//1794 1796//1796 1782//1782
f 1795//1795 1796//1796 1881//1881
f 1795//1795 4962//4962 1796//1796
f 1906//1906 1795//1795 1881//1881
f 1906//1906 4962//4962 1795//1795
f 1706//1706 1796//1796 1794//1794
f 1881//1881 1796//1796 1778//1778
f 1802//1802 1914//1914 1910//1910
f 1802//1802 1910//1910 1798//1798
f 1800//1800 1797//1797 1798//1798
f 1619//1619 1801//1801 1722//1722
f 1722//1722 1801//1801 1803//1803
f 1797//1797 1800//1800 1801//1801
f 1619//1619 1798//1798 1801//1801
f 1803//1803 1801//1801 1800//1800
f 1797//1797 1801//1801 1798//1798
f 1800//1800 1799//1799 1803//1803
f 1804//1804 1805//1805 1724//1724
f 1803//1803 1799//1799 1804//1804
f 1804//1804 1799//1799 1912//1912
f 1805//1805 1804//1804 1915//1915
f 1912//1912 1915//1915 1804//1804
f 1918//1918 1805//1805 1915//1915
f 1804//1804 1724//1724 1803//1803
f 1724//1724 1805//1805 1808//1808
f 1808//1808 1805//1805 1806//1806
f 1806//1806 1809//1809 1808//1808
f 1806//1806 1810//1810 1809//1809
f 1807//1807 1810//1810 1806//1806
f 1806//1806 1805//1805 1918//1918
f 1919//1919 1810//1810 1807//1807
f 1807//1807 1806//1806 1918//1918
f 1922//1922 1917//1917 1622//1622
f 1919//1919 1624//1624 1810//1810
f 1924//1924 1626//1626 1919//1919
f 1922//1922 1622//1622 1726//1726
f 1926//1926 1922//1922 1726//1726
f 1924//1924 1811//1811 1626//1626
f 1811//1811 1924//1924 2022//2022
f 1811//1811 1923//1923 1812//1812
f 1726//1726 1925//1925 1926//1926
f 1928//1928 1812//1812 1923//1923
f 1928//1928 1729//1729 1812//1812
f 1811//1811 1812//1812 1628//1628
f 1928//1928 1817//1817 1729//1729
f 1817//1817 1928//1928 2031//2031
f 1929//1929 1814//1814 1816//1816
f 1728//1728 1929//1929 1727//1727
f 1814//1814 1929//1929 1728//1728
f 1729//1729 1817//1817 1632//1632
f 1813//1813 1814//1814 1728//1728
f 1813//1813 1815//1815 1814//1814
f 1815//1815 1816//1816 1814//1814
f 1816//1816 1823//1823 1821//1821
f 1815//1815 1823//1823 1816//1816
f 1820//1820 1818//1818 1731//1731
f 1820//1820 1932//1932 1819//1819
f 1818//1818 1820//1820 1819//1819
f 1820//1820 1731//1731 1824//1824
f 1930//1930 1821//1821 1819//1819
f 1930//1930 1819//1819 1932//1932
f 1933//1933 1820//1820 1824//1824
f 1933//1933 1932//1932 1820//1820
f 1823//1823 1822//1822 1818//1818
f 1823//1823 1815//1815 1822//1822
f 1818//1818 1822//1822 1731//1731
f 1819//1819 1823//1823 1818//1818
f 1821//1821 1823//1823 1819//1819
f 1931//1931 1825//1825 1817//1817
f 1933//1933 1824//1824 1934//1934
f 2040//2040 2047//2047 1825//1825
f 1817//1817 1825//1825 1632//1632
f 1632//1632 1825//1825 1636//1636
f 1934//1934 1824//1824 1935//1935
f 1937//1937 1826//1826 1827//1827
f 1828//1828 1937//1937 1827//1827
f 1937//1937 1828//1828 1829//1829
f 1827//1827 1826//1826 1737//1737
f 1737//1737 1828//1828 1827//1827
f 1829//1829 1828//1828 1831//1831
f 1831//1831 1832//1832 1829//1829
f 1832//1832 1941//1941 1829//1829
f 1940//1940 1830//1830 1939//1939
f 1739//1739 1740//1740 1831//1831
f 1739//1739 1831//1831 1828//1828
f 1740//1740 1832//1832 1831//1831
f 1941//1941 1742//1742 1943//1943
f 1942//1942 1943//1943 1745//1745
f 1832//1832 1741//1741 1941//1941
f 1742//1742 1745//1745 1943//1943
f 1942//1942 1645//1645 1940//1940
f 1836//1836 1746//1746 1833//1833
f 1835//1835 1836//1836 1833//1833
f 1753//1753 1752//1752 1842//1842
f 1752//1752 1836//1836 1838//1838
f 1842//1842 1839//1839 1753//1753
f 1759//1759 1952//1952 1760//1760
f 1760//1760 1952//1952 1955//1955
f 1834//1834 1955//1955 1944//1944
f 1746//1746 1834//1834 1833//1833
f 1834//1834 1835//1835 1833//1833
f 1835//1835 1834//1834 1944//1944
f 1836//1836 1835//1835 1837//1837
f 1944//1944 1837//1837 1835//1835
f 1837//1837 1838//1838 1836//1836
f 1945//1945 1752//1752 1838//1838
f 1752//1752 1945//1945 1842//1842
f 1842//1842 1841//1841 1839//1839
f 1841//1841 1840//1840 1839//1839
f 1841//1841 1850//1850 1840//1840
f 1855//1855 1850//1850 1841//1841
f 1843//1843 1859//1859 1841//1841
f 1859//1859 1855//1855 1841//1841
f 1842//1842 1843//1843 1841//1841
f 1844//1844 1843//1843 1842//1842
f 1861//1861 1859//1859 1843//1843
f 1867//1867 1866//1866 4966//4966
f 1844//1844 1842//1842 1945//1945
f 1845//1845 1843//1843 1844//1844
f 1948//1948 1845//1845 1844//1844
f 1843//1843 1845//1845 1861//1861
f 1867//1867 4966//4966 1845//1845
f 1867//1867 1845//1845 1971//1971
f 1848//1848 1849//1849 1762//1762
f 1847//1847 1854//1854 1846//1846
f 1854//1854 1868//1868 1846//1846
f 1840//1840 1850//1850 1848//1848
f 1849//1849 1853//1853 1847//1847
f 1847//1847 1853//1853 1854//1854
f 1851//1851 1848//1848 1850//1850
f 1848//1848 1851//1851 1849//1849
f 1855//1855 1852//1852 1850//1850
f 1851//1851 1850//1850 1852//1852
f 1857//1857 1851//1851 1852//1852
f 1851//1851 1857//1857 1853//1853
f 1849//1849 1851//1851 1853//1853
f 1857//1857 1858//1858 1853//1853
f 1853//1853 1858//1858 1854//1854
f 4964//4964 1869//1869 4963//4963
f 1855//1855 1856//1856 1852//1852
f 1852//1852 1856//1856 1857//1857
f 1856//1856 1860//1860 1857//1857
f 1857//1857 1860//1860 1858//1858
f 4965//4965 1866//1866 1869//1869
f 4965//4965 1869//1869 4964//4964
f 1856//1856 1855//1855 1859//1859
f 1861//1861 1856//1856 1859//1859
f 1860//1860 1856//1856 1861//1861
f 4965//4965 4966//4966 1866//1866
f 1763//1763 1973//1973 1863//1863
f 1758//1758 1863//1863 1862//1862
f 1950//1950 1862//1862 1863//1863
f 1862//1862 1949//1949 1759//1759
f 1949//1949 1952//1952 1759//1759
f 1870//1870 1963//1963 1960//1960
f 1963//1963 1870//1870 1864//1864
f 1864//1864 1972//1972 1967//1967
f 1864//1864 1967//1967 1963//1963
f 1768//1768 1864//1864 1870//1870
f 1865//1865 1864//1864 1866//1866
f 1864//1864 1865//1865 1972//1972
f 1865//1865 1867//1867 1972//1972
f 1866//1866 1867//1867 1865//1865
f 1867//1867 1971//1971 1972//1972
f 1864//1864 1768//1768 1869//1869
f 4963//4963 1869//1869 4967//4967
f 4967//4967 1869//1869 1768//1768
f 1869//1869 1866//1866 1864//1864
f 1978//1978 1763//1763 1769//1769
f 1973//1973 1763//1763 1978//1978
f 1973//1973 1950//1950 1863//1863
f 1975//1975 1775//1775 1870//1870
f 1871//1871 1770//1770 1773//1773
f 1872//1872 1773//1773 1876//1876
f 1872//1872 1871//1871 1773//1773
f 1873//1873 1871//1871 1872//1872
f 1874//1874 1769//1769 1871//1871
f 1873//1873 1874//1874 1871//1871
f 1874//1874 1976//1976 1769//1769
f 1977//1977 1874//1874 1873//1873
f 1875//1875 1883//1883 1882//1882
f 1882//1882 1774//1774 1875//1875
f 1876//1876 1777//1777 1877//1877
f 1879//1879 1872//1872 1877//1877
f 1877//1877 1872//1872 1876//1876
f 1877//1877 1777//1777 1892//1892
f 1892//1892 1777//1777 1886//1886
f 1872//1872 1879//1879 1873//1873
f 1878//1878 1877//1877 1892//1892
f 1879//1879 1877//1877 1878//1878
f 1892//1892 1896//1896 1878//1878
f 1878//1878 1896//1896 1880//1880
f 1903//1903 1880//1880 1896//1896
f 1879//1879 1878//1878 1998//1998
f 1878//1878 1995//1995 1998//1998
f 1880//1880 1995//1995 1878//1878
f 1880//1880 1903//1903 1995//1995
f 1905//1905 1881//1881 1882//1882
f 1906//1906 1881//1881 1905//1905
f 2007//2007 1883//1883 1982//1982
f 2007//2007 1905//1905 1882//1882
f 1882//1882 1883//1883 2007//2007
f 4962//4962 1906//1906 1888//1888
f 1884//1884 1793//1793 1885//1885
f 1789//1789 1785//1785 4968//4968
f 1885//1885 1887//1887 1884//1884
f 1889//1889 1886//1886 1884//1884
f 1889//1889 1884//1884 1887//1887
f 1890//1890 1889//1889 1887//1887
f 4968//4968 1887//1887 1885//1885
f 4968//4968 1890//1890 1887//1887
f 1906//1906 1891//1891 1888//1888
f 4968//4968 1885//1885 1789//1789
f 1892//1892 1886//1886 1893//1893
f 1895//1895 1891//1891 1906//1906
f 1894//1894 1893//1893 1889//1889
f 1889//1889 1893//1893 1886//1886
f 1894//1894 1889//1889 1890//1890
f 1894//1894 1890//1890 4969//4969
f 4969//4969 1890//1890 4968//4968
f 1891//1891 1895//1895 1888//1888
f 1898//1898 1897//1897 1893//1893
f 1893//1893 1897//1897 1892//1892
f 1898//1898 1893//1893 1894//1894
f 1898//1898 1894//1894 1899//1899
f 1899//1899 1894//1894 4969//4969
f 1897//1897 1896//1896 1892//1892
f 1896//1896 1897//1897 1901//1901
f 1897//1897 1898//1898 1902//1902
f 1897//1897 1902//1902 1901//1901
f 1902//1902 1898//1898 1899//1899
f 1900//1900 4971//4971 4970//4970
f 1895//1895 1900//1900 4970//4970
f 1900//1900 1895//1895 1906//1906
f 1904//1904 1903//1903 1901//1901
f 1901//1901 1903//1903 1896//1896
f 1904//1904 1901//1901 1902//1902
f 1905//1905 4972//4972 4971//4971
f 1900//1900 1905//1905 4971//4971
f 1906//1906 1905//1905 1900//1900
f 1997//1997 1903//1903 1904//1904
f 1905//1905 4978//4978 4972//4972
f 1996//1996 4978//4978 1905//1905
f 1798//1798 2015//2015 1908//1908
f 1908//1908 1800//1800 1798//1798
f 1907//1907 1909//1909 1911//1911
f 1907//1907 1800//1800 1908//1908
f 1909//1909 1912//1912 1911//1911
f 2016//2016 1914//1914 2014//2014
f 1913//1913 2014//2014 1914//1914
f 2016//2016 1910//1910 1914//1914
f 1798//1798 1910//1910 2015//2015
f 2015//2015 1910//1910 2016//2016
f 1911//1911 1799//1799 1800//1800
f 1800//1800 1907//1907 1911//1911
f 1799//1799 1911//1911 1912//1912
f 1917//1917 2019//2019 1916//1916
f 1916//1916 2019//2019 1913//1913
f 1914//1914 1617//1617 1913//1913
f 1617//1617 1916//1916 1913//1913
f 1807//1807 1918//1918 1920//1920
f 2024//2024 1917//1917 1922//1922
f 1920//1920 1919//1919 1807//1807
f 1921//1921 1919//1919 1920//1920
f 1923//1923 1811//1811 2022//2022
f 2027//2027 1928//1928 1923//1923
f 1919//1919 2022//2022 1924//1924
f 1925//1925 2028//2028 1926//1926
f 1927//1927 2028//2028 1925//1925
f 1929//1929 2033//2033 2032//2032
f 1927//1927 1925//1925 1929//1929
f 1929//1929 2032//2032 1927//1927
f 2035//2035 1817//1817 2031//2031
f 1932//1932 2036//2036 1930//1930
f 2037//2037 2036//2036 1932//1932
f 1816//1816 1821//1821 2033//2033
f 1929//1929 1816//1816 2033//2033
f 1930//1930 2033//2033 1821//1821
f 2035//2035 1931//1931 1817//1817
f 1931//1931 2035//2035 2040//2040
f 2037//2037 1932//1932 1933//1933
f 2037//2037 1933//1933 1934//1934
f 1935//1935 2037//2037 1934//1934
f 2040//2040 1825//1825 1931//1931
f 2041//2041 1935//1935 1936//1936
f 1936//1936 1937//1937 2049//2049
f 2050//2050 2049//2049 1937//1937
f 1935//1935 1826//1826 1936//1936
f 1936//1936 1826//1826 1937//1937
f 2051//2051 1937//1937 1938//1938
f 2050//2050 1937//1937 2051//2051
f 2047//2047 1939//1939 1825//1825
f 1938//1938 1941//1941 2054//2054
f 2054//2054 1941//1941 1943//1943
f 2056//2056 1942//1942 1940//1940
f 1937//1937 1829//1829 1938//1938
f 1938//1938 1829//1829 1941//1941
f 1942//1942 2132//2132 1943//1943
f 2056//2056 2132//2132 1942//1942
f 1968//1968 1838//1838 1837//1837
f 1838//1838 1946//1946 1945//1945
f 1946//1946 1947//1947 1945//1945
f 1947//1947 1948//1948 1945//1945
f 1838//1838 1968//1968 1946//1946
f 1968//1968 1969//1969 1946//1946
f 1946//1946 1969//1969 1947//1947
f 1947//1947 1969//1969 1965//1965
f 1947//1947 1965//1965 1948//1948
f 1969//1969 1968//1968 1970//1970
f 1945//1945 1948//1948 1844//1844
f 1948//1948 1965//1965 1845//1845
f 1845//1845 1965//1965 1971//1971
f 1862//1862 1950//1950 1949//1949
f 1952//1952 1949//1949 1951//1951
f 1951//1951 1949//1949 1950//1950
f 1952//1952 1953//1953 1955//1955
f 1952//1952 1951//1951 1953//1953
f 1953//1953 1954//1954 1944//1944
f 1944//1944 1955//1955 1953//1953
f 1956//1956 1944//1944 2085//2085
f 2085//2085 1944//1944 2075//2075
f 1956//1956 1961//1961 1944//1944
f 1961//1961 1956//1956 1974//1974
f 1956//1956 2085//2085 1974//1974
f 1944//1944 1961//1961 1837//1837
f 1962//1962 1975//1975 1960//1960
f 1961//1961 4974//4974 1962//1962
f 1962//1962 4974//4974 1975//1975
f 1837//1837 1957//1957 1968//1968
f 1837//1837 1961//1961 1957//1957
f 1870//1870 1960//1960 1975//1975
f 1957//1957 1961//1961 1958//1958
f 1957//1957 1958//1958 1964//1964
f 1959//1959 1958//1958 1961//1961
f 1958//1958 1959//1959 1960//1960
f 1964//1964 1958//1958 1960//1960
f 1961//1961 1962//1962 1959//1959
f 1962//1962 1960//1960 1959//1959
f 1968//1968 1957//1957 1970//1970
f 1957//1957 1964//1964 1970//1970
f 1970//1970 1964//1964 1960//1960
f 1972//1972 1966//1966 1967//1967
f 1960//1960 1963//1963 1967//1967
f 1969//1969 1970//1970 1965//1965
f 4973//4973 1970//1970 1966//1966
f 1967//1967 1966//1966 1970//1970
f 1967//1967 1970//1970 1960//1960
f 1966//1966 1972//1972 4973//4973
f 1972//1972 1971//1971 4973//4973
f 1973//1973 1978//1978 1983//1983
f 1950//1950 1988//1988 2092//2092
f 1988//1988 1950//1950 1973//1973
f 1973//1973 1987//1987 1988//1988
f 2084//2084 2060//2060 1994//1994
f 1950//1950 2061//2061 1951//1951
f 2090//2090 1994//1994 2060//2060
f 1994//1994 1975//1975 2077//2077
f 2077//2077 2084//2084 1994//1994
f 2086//2086 1975//1975 4974//4974
f 1976//1976 1978//1978 1769//1769
f 1977//1977 1976//1976 1874//1874
f 1873//1873 2000//2000 1977//1977
f 1979//1979 1977//1977 2000//2000
f 1976//1976 1980//1980 1978//1978
f 1979//1979 1980//1980 1976//1976
f 1977//1977 1979//1979 1976//1976
f 2004//2004 1979//1979 2000//2000
f 1981//1981 1980//1980 1979//1979
f 2006//2006 1981//1981 1979//1979
f 2004//2004 2006//2006 1979//1979
f 1980//1980 1981//1981 1984//1984
f 1978//1978 1980//1980 1983//1983
f 1973//1973 1983//1983 1987//1987
f 1980//1980 1984//1984 1983//1983
f 1993//1993 1986//1986 1982//1982
f 1984//1984 1990//1990 1983//1983
f 1984//1984 1981//1981 1990//1990
f 1990//1990 1981//1981 1985//1985
f 1983//1983 1990//1990 1987//1987
f 1986//1986 1993//1993 1992//1992
f 1988//1988 2088//2088 2092//2092
f 1988//1988 1987//1987 1989//1989
f 1988//1988 1989//1989 2088//2088
f 1990//1990 1989//1989 1987//1987
f 4976//4976 1990//1990 1991//1991
f 4976//4976 1991//1991 1992//1992
f 4976//4976 1992//1992 2087//2087
f 1991//1991 1990//1990 1985//1985
f 1986//1986 4977//4977 4975//4975
f 1992//1992 4977//4977 1986//1986
f 1883//1883 1993//1993 1982//1982
f 1875//1875 1993//1993 1883//1883
f 1993//1993 1994//1994 2090//2090
f 1992//1992 1993//1993 2091//2091
f 1993//1993 2090//2090 2091//2091
f 1875//1875 1994//1994 1993//1993
f 1975//1975 1875//1875 1774//1774
f 1875//1875 1975//1975 1994//1994
f 2000//2000 1873//1873 1879//1879
f 1999//1999 1998//1998 1995//1995
f 1997//1997 1999//1999 1995//1995
f 1903//1903 1997//1997 1995//1995
f 4979//4979 4978//4978 1996//1996
f 1879//1879 2001//2001 2000//2000
f 1998//1998 2001//2001 1879//1879
f 1998//1998 1999//1999 2003//2003
f 1996//1996 4980//4980 4979//4979
f 2002//2002 2004//2004 2000//2000
f 2001//2001 2002//2002 2000//2000
f 1998//1998 2002//2002 2001//2001
f 2003//2003 2002//2002 1998//1998
f 2002//2002 2003//2003 2005//2005
f 4981//4981 4980//4980 1996//1996
f 1996//1996 4975//4975 4981//4981
f 2008//2008 4975//4975 1996//1996
f 2002//2002 2006//2006 2004//2004
f 2005//2005 2006//2006 2002//2002
f 2006//2006 2005//2005 1985//1985
f 1985//1985 1981//1981 2006//2006
f 1996//1996 1905//1905 2007//2007
f 2008//2008 2007//2007 1982//1982
f 2008//2008 1996//1996 2007//2007
f 2008//2008 1982//1982 1986//1986
f 4975//4975 2008//2008 1986//1986
f 2016//2016 2099//2099 2100//2100
f 2009//2009 2101//2101 2010//2010
f 2009//2009 2015//2015 2100//2100
f 2101//2101 2009//2009 2100//2100
f 2103//2103 2010//2010 2101//2101
f 2012//2012 2104//2104 2013//2013
f 2016//2016 2014//2014 2099//2099
f 2014//2014 2098//2098 2099//2099
f 2011//2011 2098//2098 2014//2014
f 2012//2012 2013//2013 1907//1907
f 2010//2010 1907//1907 1908//1908
f 1908//1908 2015//2015 2009//2009
f 1907//1907 2010//2010 2012//2012
f 2010//2010 1908//1908 2009//2009
f 2015//2015 2016//2016 2100//2100
f 2013//2013 2102//2102 2017//2017
f 2102//2102 2105//2105 2017//2017
f 2104//2104 2102//2102 2013//2013
f 2019//2019 2106//2106 2011//2011
f 2013//2013 1909//1909 1907//1907
f 2013//2013 2017//2017 1909//1909
f 1909//1909 2017//2017 1912//1912
f 1912//1912 2017//2017 1915//1915
f 1915//1915 2017//2017 2018//2018
f 2018//2018 2017//2017 2105//2105
f 2105//2105 2107//2107 2018//2018
f 1917//1917 2021//2021 2019//2019
f 2019//2019 2011//2011 1913//1913
f 2011//2011 2014//2014 1913//1913
f 2020//2020 1918//1918 1915//1915
f 2020//2020 1915//1915 2018//2018
f 2107//2107 2020//2020 2018//2018
f 2110//2110 1920//1920 2020//2020
f 2112//2112 2021//2021 2024//2024
f 2021//2021 1917//1917 2024//2024
f 1920//1920 1918//1918 2020//2020
f 2111//2111 1920//1920 2110//2110
f 2023//2023 2112//2112 2024//2024
f 2111//2111 1921//1921 1920//1920
f 2022//2022 1921//1921 2111//2111
f 2111//2111 2113//2113 2022//2022
f 2023//2023 2024//2024 1922//1922
f 2022//2022 1919//1919 1921//1921
f 2026//2026 2027//2027 1923//1923
f 2113//2113 2026//2026 2022//2022
f 2026//2026 1923//1923 2022//2022
f 2023//2023 1922//1922 1926//1926
f 2023//2023 1926//1926 2025//2025
f 2025//2025 1926//1926 2028//2028
f 2026//2026 2031//2031 2027//2027
f 2117//2117 2029//2029 2032//2032
f 2116//2116 2117//2117 2032//2032
f 2116//2116 2032//2032 2033//2033
f 2028//2028 1927//1927 2029//2029
f 2029//2029 1927//1927 2032//2032
f 2028//2028 2029//2029 2117//2117
f 2031//2031 2118//2118 2030//2030
f 2118//2118 2121//2121 2030//2030
f 2027//2027 2031//2031 1928//1928
f 2035//2035 2031//2031 2030//2030
f 2121//2121 2035//2035 2030//2030
f 2034//2034 2033//2033 1930//1930
f 2034//2034 1930//1930 2036//2036
f 2120//2120 2036//2036 2038//2038
f 2038//2038 2036//2036 2037//2037
f 2038//2038 2037//2037 2039//2039
f 2038//2038 2039//2039 2124//2124
f 2035//2035 2121//2121 2040//2040
f 2121//2121 2047//2047 2040//2040
f 1935//1935 2039//2039 2037//2037
f 2039//2039 1935//1935 2124//2124
f 1935//1935 2041//2041 2124//2124
f 2041//2041 2049//2049 2042//2042
f 2049//2049 2043//2043 2042//2042
f 2044//2044 2043//2043 2052//2052
f 2045//2045 2043//2043 2044//2044
f 2052//2052 2053//2053 2044//2044
f 2045//2045 2044//2044 2046//2046
f 2044//2044 2053//2053 2046//2046
f 2046//2046 2053//2053 2054//2054
f 2048//2048 2047//2047 2127//2127
f 1936//1936 2049//2049 2041//2041
f 2050//2050 2043//2043 2049//2049
f 2052//2052 2050//2050 2051//2051
f 2043//2043 2050//2050 2052//2052
f 2052//2052 2051//2051 2053//2053
f 2053//2053 2051//2051 2054//2054
f 1939//1939 2047//2047 2048//2048
f 2051//2051 1938//1938 2054//2054
f 2054//2054 1943//1943 2055//2055
f 2055//2055 1943//1943 2132//2132
f 1940//1940 1939//1939 2048//2048
f 1940//1940 2048//2048 2056//2056
f 1950//1950 2092//2092 2057//2057
f 2057//2057 2092//2092 2058//2058
f 2058//2058 2092//2092 2059//2059
f 4985//4985 2094//2094 4982//4982
f 2094//2094 2072//2072 4982//4982
f 2068//2068 2057//2057 2058//2058
f 2072//2072 2058//2058 4982//4982
f 1953//1953 1951//1951 2061//2061
f 2061//2061 1950//1950 2057//2057
f 2072//2072 2060//2060 2074//2074
f 2060//2060 2072//2072 2090//2090
f 2078//2078 1954//1954 2063//2063
f 1953//1953 2061//2061 2062//2062
f 1954//1954 1953//1953 2062//2062
f 2063//2063 1954//1954 2062//2062
f 2063//2063 2081//2081 2078//2078
f 2067//2067 2083//2083 2081//2081
f 2068//2068 2061//2061 2057//2057
f 2061//2061 2068//2068 2062//2062
f 2067//2067 2064//2064 2083//2083
f 2060//2060 2071//2071 2074//2074
f 2064//2064 2071//2071 2060//2060
f 2084//2084 2064//2064 2060//2060
f 2064//2064 2084//2084 2083//2083
f 2062//2062 2068//2068 2065//2065
f 2063//2063 2062//2062 2065//2065
f 2066//2066 2063//2063 2065//2065
f 2081//2081 2063//2063 2066//2066
f 2067//2067 2081//2081 2066//2066
f 2068//2068 2069//2069 2065//2065
f 2065//2065 2069//2069 2070//2070
f 2065//2065 2070//2070 2066//2066
f 2066//2066 4983//4983 2071//2071
f 2067//2067 2066//2066 2071//2071
f 2064//2064 2067//2067 2071//2071
f 2068//2068 2058//2058 2073//2073
f 2068//2068 2073//2073 2069//2069
f 2069//2069 2073//2073 2074//2074
f 2074//2074 4983//4983 2069//2069
f 2071//2071 4983//4983 2074//2074
f 2073//2073 2058//2058 2072//2072
f 2074//2074 2073//2073 2072//2072
f 2075//2075 1944//1944 1954//1954
f 2075//2075 2079//2079 2085//2085
f 2085//2085 2080//2080 2086//2086
f 2080//2080 2076//2076 2086//2086
f 2086//2086 2076//2076 1975//1975
f 1975//1975 2076//2076 2077//2077
f 2075//2075 1954//1954 2078//2078
f 2079//2079 2075//2075 2078//2078
f 2085//2085 2079//2079 2080//2080
f 2078//2078 2081//2081 2082//2082
f 2078//2078 2082//2082 2079//2079
f 2079//2079 2082//2082 2076//2076
f 2079//2079 2076//2076 2080//2080
f 2081//2081 2083//2083 2082//2082
f 2082//2082 2083//2083 2084//2084
f 2077//2077 2076//2076 2084//2084
f 2084//2084 2076//2076 2082//2082
f 2085//2085 2086//2086 4974//4974
f 4984//4984 4976//4976 2087//2087
f 4984//4984 2087//2087 2091//2091
f 1992//1992 2091//2091 2087//2087
f 2089//2089 4984//4984 2091//2091
f 2090//2090 2089//2089 2091//2091
f 4985//4985 2093//2093 2094//2094
f 2090//2090 2072//2072 2094//2094
f 4986//4986 2092//2092 2088//2088
f 2089//2089 2093//2093 4984//4984
f 2094//2094 2093//2093 2089//2089
f 2090//2090 2094//2094 2089//2089
f 2103//2103 2101//2101 2097//2097
f 2096//2096 2097//2097 2101//2101
f 2100//2100 2095//2095 2096//2096
f 2141//2141 2097//2097 2096//2096
f 2097//2097 2134//2134 2103//2103
f 2142//2142 2104//2104 2103//2103
f 2098//2098 2140//2140 2099//2099
f 2140//2140 2095//2095 2099//2099
f 2100//2100 2099//2099 2095//2095
f 2139//2139 2140//2140 2098//2098
f 2103//2103 2104//2104 2012//2012
f 2012//2012 2010//2010 2103//2103
f 2101//2101 2100//2100 2096//2096
f 2102//2102 2180//2180 2105//2105
f 2105//2105 2180//2180 2107//2107
f 2107//2107 2183//2183 2108//2108
f 2108//2108 2183//2183 2219//2219
f 2011//2011 2106//2106 2098//2098
f 2219//2219 2147//2147 2108//2108
f 2106//2106 2019//2019 2109//2109
f 2108//2108 2020//2020 2107//2107
f 2110//2110 2020//2020 2108//2108
f 2147//2147 2110//2110 2108//2108
f 2110//2110 2147//2147 2149//2149
f 2148//2148 2112//2112 2187//2187
f 2112//2112 2148//2148 2021//2021
f 2109//2109 2019//2019 2021//2021
f 2149//2149 2111//2111 2110//2110
f 2187//2187 2112//2112 2114//2114
f 2111//2111 2150//2150 2113//2113
f 2187//2187 2114//2114 2115//2115
f 2112//2112 2023//2023 2114//2114
f 2151//2151 2026//2026 2150//2150
f 2116//2116 2115//2115 2117//2117
f 2114//2114 2023//2023 2025//2025
f 2115//2115 2114//2114 2025//2025
f 2115//2115 2025//2025 2117//2117
f 2151//2151 2031//2031 2026//2026
f 2151//2151 2118//2118 2031//2031
f 2025//2025 2028//2028 2117//2117
f 2119//2119 2116//2116 2033//2033
f 2119//2119 2034//2034 2157//2157
f 2119//2119 2033//2033 2034//2034
f 2153//2153 2119//2119 2157//2157
f 2121//2121 2118//2118 2156//2156
f 2120//2120 2034//2034 2036//2036
f 2157//2157 2034//2034 2120//2120
f 2038//2038 2122//2122 2120//2120
f 2038//2038 2124//2124 2162//2162
f 2124//2124 2042//2042 2162//2162
f 2124//2124 2041//2041 2042//2042
f 2128//2128 2129//2129 2125//2125
f 2125//2125 2129//2129 2126//2126
f 2166//2166 2125//2125 2126//2126
f 2166//2166 2128//2128 2125//2125
f 2121//2121 2123//2123 2047//2047
f 2047//2047 2123//2123 2127//2127
f 2042//2042 2043//2043 2128//2128
f 2043//2043 2045//2045 2129//2129
f 2128//2128 2043//2043 2129//2129
f 2045//2045 2046//2046 2129//2129
f 2046//2046 2126//2126 2129//2129
f 2126//2126 2055//2055 2130//2130
f 2126//2126 2130//2130 2170//2170
f 2055//2055 2131//2131 2130//2130
f 2132//2132 2133//2133 2131//2131
f 2170//2170 2130//2130 2131//2131
f 2133//2133 2048//2048 2171//2171
f 2131//2131 2133//2133 2209//2209
f 2133//2133 2171//2171 2209//2209
f 2127//2127 2171//2171 2048//2048
f 2046//2046 2054//2054 2055//2055
f 2055//2055 2126//2126 2046//2046
f 2131//2131 2055//2055 2132//2132
f 2056//2056 2133//2133 2132//2132
f 2056//2056 2048//2048 2133//2133
f 2176//2176 2095//2095 2177//2177
f 2174//2174 2173//2173 2141//2141
f 2135//2135 2141//2141 2173//2173
f 2095//2095 2176//2176 2174//2174
f 2134//2134 2097//2097 2135//2135
f 2134//2134 2136//2136 2142//2142
f 2135//2135 2136//2136 2134//2134
f 2135//2135 2137//2137 2136//2136
f 2178//2178 2142//2142 2136//2136
f 2136//2136 2179//2179 2178//2178
f 2142//2142 2178//2178 2143//2143
f 2178//2178 2138//2138 2143//2143
f 2146//2146 2218//2218 2139//2139
f 2140//2140 2177//2177 2095//2095
f 2140//2140 2139//2139 2177//2177
f 2141//2141 2135//2135 2097//2097
f 2096//2096 2095//2095 2141//2141
f 2174//2174 2141//2141 2095//2095
f 2134//2134 2142//2142 2103//2103
f 2104//2104 2142//2142 2143//2143
f 2143//2143 2102//2102 2104//2104
f 2102//2102 2144//2144 2180//2180
f 2102//2102 2143//2143 2144//2144
f 2138//2138 2144//2144 2143//2143
f 2138//2138 2180//2180 2144//2144
f 2107//2107 2180//2180 2182//2182
f 2182//2182 2183//2183 2107//2107
f 2106//2106 2146//2146 2098//2098
f 2145//2145 2146//2146 2106//2106
f 2185//2185 2146//2146 2145//2145
f 2185//2185 2218//2218 2146//2146
f 2098//2098 2146//2146 2139//2139
f 2222//2222 2149//2149 2147//2147
f 2145//2145 2106//2106 2109//2109
f 2226//2226 2148//2148 2187//2187
f 2148//2148 2109//2109 2021//2021
f 2186//2186 2111//2111 2149//2149
f 2186//2186 2150//2150 2111//2111
f 2189//2189 2150//2150 2186//2186
f 2189//2189 2231//2231 2150//2150
f 2026//2026 2113//2113 2150//2150
f 2151//2151 2150//2150 2231//2231
f 2187//2187 2115//2115 2116//2116
f 2197//2197 2118//2118 2234//2234
f 2118//2118 2151//2151 2234//2234
f 2116//2116 2119//2119 2152//2152
f 2152//2152 2119//2119 2153//2153
f 2153//2153 2157//2157 2158//2158
f 2191//2191 2116//2116 2152//2152
f 2191//2191 2152//2152 2154//2154
f 2154//2154 2153//2153 2155//2155
f 2154//2154 2152//2152 2153//2153
f 2155//2155 2153//2153 2158//2158
f 2194//2194 2191//2191 2154//2154
f 2154//2154 2155//2155 2194//2194
f 2155//2155 2158//2158 2198//2198
f 2197//2197 2156//2156 2118//2118
f 2158//2158 2157//2157 2120//2120
f 2158//2158 2120//2120 2122//2122
f 2159//2159 2158//2158 2122//2122
f 2159//2159 2198//2198 2158//2158
f 2198//2198 2159//2159 2160//2160
f 2161//2161 2159//2159 2122//2122
f 2161//2161 2122//2122 2162//2162
f 2160//2160 2159//2159 2161//2161
f 2162//2162 2163//2163 2161//2161
f 2163//2163 2162//2162 2128//2128
f 2201//2201 2160//2160 2161//2161
f 2164//2164 2163//2163 2128//2128
f 2128//2128 2166//2166 2164//2164
f 2164//2164 2166//2166 2165//2165
f 2201//2201 2161//2161 2163//2163
f 2201//2201 2163//2163 2202//2202
f 2202//2202 2163//2163 2164//2164
f 2165//2165 2166//2166 2205//2205
f 2156//2156 2123//2123 2121//2121
f 2207//2207 2169//2169 2123//2123
f 2038//2038 2162//2162 2122//2122
f 2162//2162 2042//2042 2128//2128
f 2205//2205 2166//2166 2167//2167
f 2168//2168 2131//2131 2209//2209
f 2167//2167 2168//2168 2208//2208
f 2205//2205 2167//2167 2208//2208
f 2169//2169 2127//2127 2123//2123
f 2166//2166 2126//2126 2167//2167
f 2167//2167 2126//2126 2170//2170
f 2168//2168 2167//2167 2170//2170
f 2168//2168 2170//2170 2131//2131
f 2171//2171 2169//2169 2251//2251
f 2209//2209 2171//2171 2251//2251
f 2127//2127 2169//2169 2171//2171
f 2174//2174 2210//2210 2173//2173
f 2174//2174 2176//2176 2214//2214
f 2135//2135 2173//2173 2211//2211
f 2211//2211 2172//2172 2135//2135
f 2172//2172 2137//2137 2135//2135
f 2137//2137 2212//2212 2136//2136
f 2212//2212 2137//2137 2172//2172
f 2261//2261 2175//2175 2178//2178
f 2179//2179 2212//2212 2261//2261
f 2136//2136 2212//2212 2179//2179
f 2261//2261 2213//2213 2175//2175
f 2181//2181 2175//2175 2213//2213
f 2218//2218 2177//2177 2139//2139
f 2177//2177 2214//2214 2176//2176
f 2181//2181 2138//2138 2178//2178
f 2180//2180 2138//2138 2181//2181
f 2178//2178 2179//2179 2261//2261
f 2175//2175 2181//2181 2178//2178
f 2181//2181 2182//2182 2180//2180
f 2182//2182 2181//2181 2265//2265
f 2220//2220 2147//2147 2219//2219
f 2148//2148 2145//2145 2109//2109
f 2185//2185 2145//2145 2184//2184
f 2220//2220 2222//2222 2147//2147
f 2226//2226 2184//2184 2148//2148
f 2184//2184 2145//2145 2148//2148
f 2186//2186 2149//2149 2222//2222
f 2235//2235 2233//2233 2192//2192
f 2188//2188 2187//2187 2116//2116
f 2188//2188 2116//2116 2233//2233
f 2234//2234 2151//2151 2231//2231
f 2192//2192 2233//2233 2116//2116
f 2193//2193 2235//2235 2192//2192
f 2190//2190 2235//2235 2193//2193
f 2237//2237 2190//2190 2195//2195
f 2191//2191 2192//2192 2116//2116
f 2193//2193 2192//2192 2191//2191
f 2193//2193 2191//2191 2194//2194
f 2155//2155 2195//2195 2194//2194
f 2190//2190 2193//2193 2194//2194
f 2190//2190 2194//2194 2195//2195
f 2195//2195 2155//2155 2199//2199
f 2196//2196 2195//2195 2199//2199
f 2199//2199 2200//2200 2196//2196
f 2237//2237 2195//2195 2196//2196
f 2238//2238 2196//2196 2200//2200
f 2160//2160 2203//2203 2198//2198
f 2155//2155 2198//2198 2199//2199
f 2199//2199 2198//2198 2200//2200
f 2200//2200 2198//2198 2203//2203
f 2203//2203 2247//2247 2200//2200
f 2201//2201 2247//2247 2203//2203
f 2201//2201 2202//2202 2247//2247
f 2202//2202 2204//2204 2248//2248
f 2238//2238 2200//2200 2247//2247
f 2248//2248 2204//2204 2249//2249
f 2250//2250 2249//2249 2204//2204
f 2156//2156 2197//2197 2246//2246
f 2160//2160 2201//2201 2203//2203
f 2202//2202 2164//2164 2204//2204
f 2250//2250 2165//2165 2205//2205
f 2250//2250 2204//2204 2165//2165
f 2252//2252 2250//2250 2205//2205
f 2205//2205 2208//2208 2252//2252
f 2208//2208 2209//2209 2251//2251
f 2207//2207 2123//2123 2156//2156
f 2207//2207 2156//2156 2246//2246
f 2165//2165 2204//2204 2164//2164
f 2169//2169 2207//2207 2206//2206
f 2251//2251 2169//2169 2206//2206
f 2208//2208 2168//2168 2209//2209
f 2262//2262 2212//2212 2172//2172
f 2216//2216 2255//2255 2215//2215
f 2214//2214 2210//2210 2174//2174
f 2214//2214 2256//2256 2210//2210
f 2214//2214 2257//2257 2256//2256
f 2215//2215 2257//2257 2214//2214
f 2255//2255 2257//2257 2215//2215
f 2211//2211 2173//2173 2210//2210
f 2172//2172 2211//2211 2260//2260
f 2210//2210 2259//2259 2211//2211
f 2259//2259 2260//2260 2211//2211
f 2256//2256 2259//2259 2210//2210
f 2214//2214 2177//2177 2215//2215
f 2215//2215 2177//2177 2216//2216
f 2213//2213 2265//2265 2181//2181
f 2266//2266 2219//2219 2182//2182
f 2265//2265 2266//2266 2182//2182
f 2267//2267 2219//2219 2266//2266
f 2218//2218 2185//2185 2217//2217
f 2216//2216 2177//2177 2218//2218
f 2219//2219 2183//2183 2182//2182
f 2267//2267 2220//2220 2219//2219
f 2217//2217 2185//2185 2221//2221
f 2222//2222 2220//2220 2271//2271
f 2186//2186 2222//2222 2271//2271
f 2272//2272 2189//2189 2186//2186
f 2184//2184 2226//2226 2227//2227
f 2223//2223 2184//2184 2227//2227
f 2275//2275 2223//2223 2227//2227
f 2184//2184 2221//2221 2185//2185
f 2223//2223 2221//2221 2184//2184
f 2225//2225 2224//2224 2229//2229
f 2276//2276 2224//2224 2225//2225
f 2224//2224 2187//2187 2229//2229
f 2224//2224 2226//2226 2187//2187
f 2227//2227 2226//2226 2224//2224
f 2275//2275 2227//2227 2276//2276
f 2276//2276 2227//2227 2224//2224
f 2231//2231 2189//2189 2272//2272
f 2232//2232 2228//2228 2188//2188
f 2230//2230 2228//2228 2278//2278
f 2278//2278 2228//2228 2232//2232
f 2187//2187 2188//2188 2228//2228
f 2229//2229 2187//2187 2228//2228
f 2229//2229 2228//2228 2230//2230
f 2225//2225 2229//2229 2230//2230
f 2225//2225 2230//2230 2278//2278
f 2232//2232 2188//2188 2233//2233
f 2310//2310 2234//2234 2231//2231
f 2311//2311 2235//2235 2236//2236
f 2281//2281 2233//2233 2235//2235
f 2234//2234 2310//2310 2286//2286
f 2286//2286 2197//2197 2234//2234
f 2235//2235 2190//2190 2236//2236
f 2317//2317 2236//2236 2282//2282
f 2282//2282 2236//2236 2237//2237
f 2236//2236 2190//2190 2237//2237
f 2282//2282 2237//2237 2287//2287
f 2287//2287 2237//2237 2239//2239
f 2287//2287 2239//2239 2241//2241
f 2242//2242 2244//2244 2290//2290
f 2245//2245 2246//2246 2285//2285
f 2285//2285 2246//2246 2286//2286
f 2196//2196 2238//2238 2239//2239
f 2240//2240 2239//2239 2238//2238
f 2237//2237 2196//2196 2239//2239
f 2241//2241 2239//2239 2240//2240
f 2248//2248 2241//2241 2240//2240
f 2241//2241 2248//2248 2243//2243
f 2243//2243 2248//2248 2289//2289
f 2249//2249 2289//2289 2248//2248
f 2245//2245 2285//2285 2294//2294
f 2206//2206 2245//2245 2294//2294
f 2292//2292 2206//2206 2294//2294
f 2246//2246 2245//2245 2207//2207
f 2206//2206 2207//2207 2245//2245
f 2246//2246 2197//2197 2286//2286
f 2238//2238 2247//2247 2240//2240
f 2202//2202 2240//2240 2247//2247
f 2240//2240 2202//2202 2248//2248
f 2249//2249 2250//2250 2242//2242
f 2242//2242 2250//2250 2244//2244
f 2244//2244 2250//2250 2252//2252
f 2252//2252 2208//2208 2251//2251
f 2292//2292 2251//2251 2206//2206
f 2258//2258 2253//2253 2256//2256
f 2253//2253 2259//2259 2256//2256
f 2256//2256 2257//2257 2258//2258
f 2259//2259 2253//2253 2254//2254
f 2255//2255 2258//2258 2257//2257
f 2258//2258 2255//2255 2299//2299
f 2258//2258 2299//2299 2253//2253
f 2172//2172 2260//2260 2262//2262
f 2260//2260 2259//2259 2254//2254
f 2212//2212 2262//2262 2261//2261
f 2262//2262 2263//2263 2261//2261
f 2264//2264 2261//2261 2263//2263
f 2263//2263 2262//2262 2301//2301
f 2264//2264 2303//2303 2304//2304
f 2264//2264 2213//2213 2261//2261
f 2304//2304 2265//2265 2213//2213
f 2264//2264 2304//2304 2213//2213
f 2304//2304 2266//2266 2265//2265
f 2216//2216 2218//2218 2342//2342
f 2306//2306 2268//2268 2267//2267
f 2308//2308 2307//2307 2270//2270
f 2218//2218 2217//2217 2342//2342
f 2342//2342 2217//2217 2307//2307
f 2268//2268 2271//2271 2220//2220
f 2267//2267 2268//2268 2220//2220
f 2268//2268 2273//2273 2271//2271
f 2273//2273 2186//2186 2271//2271
f 2269//2269 2273//2273 2268//2268
f 2269//2269 2268//2268 2343//2343
f 2308//2308 2270//2270 2223//2223
f 2308//2308 2223//2223 2275//2275
f 2217//2217 2221//2221 2270//2270
f 2270//2270 2221//2221 2223//2223
f 2307//2307 2217//2217 2270//2270
f 2274//2274 2309//2309 2272//2272
f 2309//2309 2231//2231 2272//2272
f 2273//2273 2272//2272 2186//2186
f 2274//2274 2272//2272 2273//2273
f 2269//2269 2274//2274 2273//2273
f 2275//2275 2276//2276 2277//2277
f 2277//2277 2276//2276 2225//2225
f 2277//2277 2225//2225 2278//2278
f 2277//2277 2278//2278 2280//2280
f 2278//2278 2232//2232 2279//2279
f 2280//2280 2278//2278 2279//2279
f 2281//2281 2280//2280 2279//2279
f 2316//2316 2310//2310 2355//2355
f 2279//2279 2233//2233 2281//2281
f 2279//2279 2232//2232 2233//2233
f 2312//2312 2311//2311 2317//2317
f 2316//2316 2286//2286 2310//2310
f 2361//2361 2286//2286 2316//2316
f 2311//2311 2281//2281 2235//2235
f 2311//2311 2236//2236 2317//2317
f 2287//2287 2319//2319 2282//2282
f 2288//2288 2319//2319 2287//2287
f 2288//2288 2320//2320 2319//2319
f 2284//2284 2283//2283 2289//2289
f 2284//2284 2321//2321 2283//2283
f 2322//2322 2284//2284 2291//2291
f 2284//2284 2322//2322 2321//2321
f 2291//2291 2252//2252 2327//2327
f 2285//2285 2286//2286 2361//2361
f 2287//2287 2241//2241 2288//2288
f 2243//2243 2288//2288 2241//2241
f 2290//2290 2289//2289 2249//2249
f 2242//2242 2290//2290 2249//2249
f 2288//2288 2243//2243 2289//2289
f 2289//2289 2320//2320 2288//2288
f 2290//2290 2284//2284 2289//2289
f 2283//2283 2320//2320 2289//2289
f 2291//2291 2290//2290 2244//2244
f 2291//2291 2284//2284 2290//2290
f 2252//2252 2291//2291 2244//2244
f 2292//2292 2294//2294 2285//2285
f 2251//2251 2293//2293 2252//2252
f 2292//2292 2293//2293 2251//2251
f 2329//2329 2300//2300 2299//2299
f 2254//2254 2296//2296 2295//2295
f 2295//2295 2298//2298 2297//2297
f 2296//2296 2298//2298 2295//2295
f 2329//2329 2296//2296 2300//2300
f 2300//2300 2296//2296 2254//2254
f 2297//2297 2298//2298 2330//2330
f 2298//2298 2331//2331 2330//2330
f 2301//2301 2297//2297 2330//2330
f 2301//2301 2330//2330 2444//2444
f 2253//2253 2299//2299 2300//2300
f 2295//2295 2297//2297 2260//2260
f 2254//2254 2295//2295 2260//2260
f 2254//2254 2253//2253 2300//2300
f 2260//2260 2297//2297 2262//2262
f 2262//2262 2297//2297 2301//2301
f 2264//2264 2302//2302 2303//2303
f 2302//2302 2264//2264 2263//2263
f 2263//2263 2301//2301 2302//2302
f 2304//2304 2305//2305 2266//2266
f 2305//2305 2337//2337 2266//2266
f 2267//2267 2266//2266 2337//2337
f 2344//2344 2307//2307 2345//2345
f 2343//2343 2268//2268 2306//2306
f 2345//2345 2307//2307 2308//2308
f 2269//2269 2380//2380 2274//2274
f 2348//2348 2308//2308 2275//2275
f 2310//2310 2231//2231 2309//2309
f 2349//2349 2277//2277 2280//2280
f 2348//2348 2275//2275 2277//2277
f 2348//2348 2277//2277 2349//2349
f 2347//2347 2348//2348 2349//2349
f 2350//2350 2349//2349 2281//2281
f 2281//2281 2349//2349 2280//2280
f 2281//2281 2311//2311 2351//2351
f 2351//2351 2311//2311 2313//2313
f 2313//2313 2311//2311 2312//2312
f 2315//2315 2312//2312 2314//2314
f 2352//2352 2312//2312 2315//2315
f 2356//2356 2315//2315 2314//2314
f 2314//2314 2312//2312 2317//2317
f 2317//2317 2319//2319 2356//2356
f 2317//2317 2356//2356 2314//2314
f 2320//2320 2363//2363 2319//2319
f 2321//2321 2364//2364 2318//2318
f 2317//2317 2282//2282 2319//2319
f 2318//2318 2283//2283 2321//2321
f 2322//2322 2291//2291 2323//2323
f 2322//2322 2323//2323 2365//2365
f 2322//2322 2365//2365 2364//2364
f 2321//2321 2322//2322 2364//2364
f 2327//2327 2325//2325 2323//2323
f 2323//2323 2325//2325 2365//2365
f 2365//2365 2325//2325 2366//2366
f 2326//2326 2324//2324 2292//2292
f 2293//2293 2324//2324 2325//2325
f 2292//2292 2324//2324 2293//2293
f 2320//2320 2283//2283 2318//2318
f 2252//2252 2293//2293 2327//2327
f 2291//2291 2327//2327 2323//2323
f 2325//2325 2327//2327 2293//2293
f 2285//2285 2326//2326 2292//2292
f 2367//2367 2329//2329 2299//2299
f 2296//2296 2328//2328 2298//2298
f 2298//2298 2328//2328 2331//2331
f 2329//2329 2328//2328 2296//2296
f 2329//2329 2368//2368 2328//2328
f 2328//2328 2370//2370 2331//2331
f 2370//2370 2328//2328 2368//2368
f 2444//2444 2330//2330 2331//2331
f 2444//2444 2332//2332 2301//2301
f 2332//2332 2333//2333 2334//2334
f 2334//2334 2333//2333 2335//2335
f 2334//2334 2335//2335 2304//2304
f 2333//2333 2372//2372 2335//2335
f 2373//2373 2336//2336 2335//2335
f 2372//2372 2373//2373 2335//2335
f 2333//2333 2404//2404 2372//2372
f 2332//2332 2302//2302 2301//2301
f 2332//2332 2334//2334 2302//2302
f 2302//2302 2334//2334 2303//2303
f 2334//2334 2304//2304 2303//2303
f 2304//2304 2336//2336 2305//2305
f 2304//2304 2335//2335 2336//2336
f 2338//2338 2305//2305 2336//2336
f 2338//2338 2337//2337 2305//2305
f 2376//2376 2377//2377 2337//2337
f 2338//2338 2376//2376 2337//2337
f 2377//2377 2340//2340 2337//2337
f 2339//2339 2342//2342 2341//2341
f 2216//2216 2342//2342 2255//2255
f 2255//2255 2342//2342 2339//2339
f 2255//2255 2339//2339 2409//2409
f 2299//2299 2255//2255 2409//2409
f 2337//2337 2340//2340 2267//2267
f 2306//2306 2267//2267 2340//2340
f 2342//2342 2307//2307 2341//2341
f 2344//2344 2341//2341 2307//2307
f 2378//2378 2341//2341 2344//2344
f 2381//2381 2269//2269 2343//2343
f 2381//2381 2380//2380 2269//2269
f 2382//2382 2381//2381 2343//2343
f 2344//2344 2345//2345 2384//2384
f 2385//2385 2348//2348 2347//2347
f 2384//2384 2345//2345 2348//2348
f 2348//2348 2345//2345 2308//2308
f 2380//2380 2309//2309 2274//2274
f 2350//2350 2387//2387 2347//2347
f 2349//2349 2350//2350 2347//2347
f 2346//2346 2310//2310 2309//2309
f 2392//2392 2310//2310 2346//2346
f 2351//2351 2350//2350 2281//2281
f 2388//2388 2350//2350 2351//2351
f 2388//2388 2351//2351 2352//2352
f 2388//2388 2387//2387 2350//2350
f 2439//2439 2400//2400 2391//2391
f 2392//2392 2355//2355 2310//2310
f 2392//2392 2391//2391 2355//2355
f 2352//2352 2313//2313 2312//2312
f 2352//2352 2351//2351 2313//2313
f 2353//2353 2315//2315 2356//2356
f 2353//2353 2352//2352 2315//2315
f 2358//2358 2354//2354 2356//2356
f 2400//2400 2362//2362 2361//2361
f 2355//2355 2391//2391 2400//2400
f 2319//2319 2363//2363 2356//2356
f 2356//2356 2363//2363 2358//2358
f 2357//2357 2363//2363 2320//2320
f 2318//2318 2357//2357 2320//2320
f 2394//2394 2358//2358 2363//2363
f 2318//2318 2401//2401 2357//2357
f 2394//2394 2363//2363 2357//2357
f 2396//2396 2364//2364 2398//2398
f 2401//2401 2364//2364 2396//2396
f 2364//2364 2401//2401 2318//2318
f 2364//2364 2359//2359 2398//2398
f 2359//2359 2366//2366 2393//2393
f 2398//2398 2359//2359 2393//2393
f 2399//2399 2393//2393 2366//2366
f 2403//2403 2285//2285 2360//2360
f 2316//2316 2400//2400 2361//2361
f 2360//2360 2361//2361 2362//2362
f 2400//2400 2316//2316 2355//2355
f 2364//2364 2365//2365 2359//2359
f 2359//2359 2365//2365 2366//2366
f 2324//2324 2402//2402 2366//2366
f 2326//2326 2285//2285 2403//2403
f 2403//2403 2402//2402 2324//2324
f 2326//2326 2403//2403 2324//2324
f 2402//2402 2399//2399 2366//2366
f 2360//2360 2285//2285 2361//2361
f 2324//2324 2366//2366 2325//2325
f 2368//2368 2329//2329 2367//2367
f 2367//2367 2369//2369 2368//2368
f 2370//2370 2368//2368 2369//2369
f 2409//2409 2371//2371 2299//2299
f 2367//2367 2299//2299 2371//2371
f 2444//2444 2333//2333 2332//2332
f 2444//2444 2404//2404 2333//2333
f 2375//2375 2373//2373 2372//2372
f 2374//2374 2336//2336 2373//2373
f 2338//2338 2336//2336 2374//2374
f 2374//2374 2376//2376 2338//2338
f 2375//2375 2374//2374 2373//2373
f 2404//2404 2407//2407 2372//2372
f 2372//2372 2407//2407 2375//2375
f 2407//2407 2406//2406 2375//2375
f 2374//2374 2375//2375 2376//2376
f 2340//2340 2377//2377 2413//2413
f 2378//2378 2339//2339 2341//2341
f 2306//2306 2340//2340 2413//2413
f 2414//2414 2306//2306 2413//2413
f 2414//2414 2343//2343 2306//2306
f 2382//2382 2415//2415 2383//2383
f 2415//2415 2382//2382 2343//2343
f 2343//2343 2414//2414 2415//2415
f 2378//2378 2344//2344 2379//2379
f 2379//2379 2344//2344 2384//2384
f 2417//2417 2378//2378 2379//2379
f 2383//2383 2381//2381 2382//2382
f 2383//2383 2380//2380 2381//2381
f 2418//2418 2384//2384 2385//2385
f 2418//2418 2385//2385 2419//2419
f 2388//2388 2423//2423 2421//2421
f 2387//2387 2388//2388 2421//2421
f 2384//2384 2348//2348 2385//2385
f 2419//2419 2385//2385 2347//2347
f 2420//2420 2347//2347 2387//2387
f 2419//2419 2347//2347 2420//2420
f 2386//2386 2425//2425 2392//2392
f 2425//2425 2391//2391 2392//2392
f 2380//2380 2346//2346 2309//2309
f 2422//2422 2346//2346 2380//2380
f 2346//2346 2386//2386 2392//2392
f 2422//2422 2386//2386 2346//2346
f 2389//2389 2388//2388 2352//2352
f 2390//2390 2389//2389 2352//2352
f 2424//2424 2388//2388 2389//2389
f 2390//2390 2424//2424 2389//2389
f 2459//2459 2424//2424 2390//2390
f 2353//2353 2390//2390 2352//2352
f 2395//2395 2427//2427 2354//2354
f 2427//2427 2395//2395 2428//2428
f 2354//2354 2426//2426 2353//2353
f 2426//2426 2354//2354 2427//2427
f 2433//2433 2398//2398 2434//2434
f 2434//2434 2398//2398 2393//2393
f 2431//2431 2438//2438 2439//2439
f 2394//2394 2395//2395 2354//2354
f 2358//2358 2394//2394 2354//2354
f 2394//2394 2357//2357 2395//2395
f 2353//2353 2356//2356 2354//2354
f 2397//2397 2395//2395 2357//2357
f 2395//2395 2397//2397 2428//2428
f 2397//2397 2357//2357 2401//2401
f 2428//2428 2397//2397 2401//2401
f 2433//2433 2401//2401 2396//2396
f 2396//2396 2398//2398 2433//2433
f 2403//2403 2435//2435 2402//2402
f 2402//2402 2467//2467 2399//2399
f 2438//2438 2403//2403 2362//2362
f 2400//2400 2438//2438 2362//2362
f 2439//2439 2438//2438 2400//2400
f 2362//2362 2403//2403 2360//2360
f 2369//2369 2442//2442 2441//2441
f 2369//2369 2367//2367 2442//2442
f 2441//2441 2443//2443 2370//2370
f 2441//2441 2370//2370 2369//2369
f 2370//2370 2443//2443 2331//2331
f 2331//2331 2443//2443 2444//2444
f 2404//2404 2477//2477 2407//2407
f 2371//2371 2405//2405 2367//2367
f 2367//2367 2405//2405 2470//2470
f 2407//2407 2477//2477 2406//2406
f 2371//2371 2409//2409 2405//2405
f 2375//2375 2406//2406 2408//2408
f 2408//2408 2411//2411 2375//2375
f 2411//2411 2376//2376 2375//2375
f 2450//2450 2377//2377 2412//2412
f 2408//2408 2412//2412 2411//2411
f 2411//2411 2412//2412 2376//2376
f 2376//2376 2412//2412 2377//2377
f 2339//2339 2410//2410 2409//2409
f 2410//2410 2339//2339 2378//2378
f 2450//2450 2413//2413 2377//2377
f 2413//2413 2487//2487 2414//2414
f 2487//2487 2415//2415 2414//2414
f 2415//2415 2486//2486 2383//2383
f 2487//2487 2413//2413 2450//2450
f 2418//2418 2379//2379 2384//2384
f 2417//2417 2379//2379 2418//2418
f 2417//2417 2418//2418 2416//2416
f 2452//2452 2417//2417 2416//2416
f 2416//2416 2418//2418 2419//2419
f 2420//2420 2416//2416 2419//2419
f 2420//2420 2421//2421 2455//2455
f 2453//2453 2420//2420 2455//2455
f 2421//2421 2423//2423 2456//2456
f 2422//2422 2454//2454 2386//2386
f 2424//2424 2423//2423 2388//2388
f 2421//2421 2420//2420 2387//2387
f 2459//2459 2547//2547 2424//2424
f 2425//2425 2465//2465 2391//2391
f 2454//2454 2425//2425 2386//2386
f 2390//2390 2353//2353 2459//2459
f 2459//2459 2353//2353 2426//2426
f 2459//2459 2426//2426 2427//2427
f 2428//2428 2432//2432 2461//2461
f 2433//2433 2434//2434 2429//2429
f 2432//2432 2429//2429 2466//2466
f 2466//2466 2429//2429 2430//2430
f 2430//2430 2434//2434 2393//2393
f 2429//2429 2434//2434 2430//2430
f 2464//2464 2438//2438 2431//2431
f 2391//2391 2465//2465 2439//2439
f 2465//2465 2431//2431 2439//2439
f 2401//2401 2433//2433 2432//2432
f 2428//2428 2401//2401 2432//2432
f 2429//2429 2432//2432 2433//2433
f 2399//2399 2467//2467 2393//2393
f 2402//2402 2435//2435 2436//2436
f 2402//2402 2436//2436 2467//2467
f 2436//2436 2435//2435 2437//2437
f 2436//2436 2468//2468 2467//2467
f 2468//2468 2436//2436 2437//2437
f 2438//2438 2435//2435 2403//2403
f 2437//2437 2435//2435 2438//2438
f 2367//2367 2440//2440 2442//2442
f 2470//2470 2440//2440 2367//2367
f 2442//2442 2469//2469 2441//2441
f 2473//2473 2469//2469 2442//2442
f 2474//2474 2441//2441 2469//2469
f 2443//2443 2445//2445 2444//2444
f 2443//2443 2441//2441 2474//2474
f 2474//2474 2445//2445 2443//2443
f 2445//2445 2475//2475 2444//2444
f 2475//2475 2476//2476 2446//2446
f 2444//2444 2475//2475 2446//2446
f 2481//2481 2470//2470 2405//2405
f 2444//2444 2446//2446 2404//2404
f 2446//2446 2477//2477 2404//2404
f 2477//2477 2478//2478 2406//2406
f 2405//2405 2409//2409 2447//2447
f 2409//2409 2483//2483 2447//2447
f 2409//2409 2410//2410 2483//2483
f 2480//2480 2405//2405 2447//2447
f 2405//2405 2480//2480 2481//2481
f 2448//2448 2408//2408 2406//2406
f 2406//2406 2478//2478 2448//2448
f 2408//2408 2448//2448 2449//2449
f 2412//2412 2408//2408 2449//2449
f 2483//2483 2410//2410 2485//2485
f 2485//2485 2410//2410 2378//2378
f 2485//2485 2378//2378 2417//2417
f 2412//2412 2449//2449 2450//2450
f 2487//2487 2486//2486 2415//2415
f 2486//2486 2451//2451 2383//2383
f 2380//2380 2451//2451 2488//2488
f 2451//2451 2380//2380 2383//2383
f 2420//2420 2453//2453 2416//2416
f 2452//2452 2416//2416 2453//2453
f 2488//2488 2422//2422 2380//2380
f 2421//2421 2456//2456 2455//2455
f 2457//2457 2456//2456 2423//2423
f 2424//2424 2457//2457 2423//2423
f 2456//2456 2457//2457 2547//2547
f 2547//2547 2457//2457 2424//2424
f 2454//2454 2492//2492 2425//2425
f 2492//2492 2465//2465 2425//2425
f 2459//2459 2427//2427 2458//2458
f 2460//2460 2489//2489 2458//2458
f 2458//2458 2489//2489 2459//2459
f 2493//2493 2460//2460 2461//2461
f 2494//2494 2489//2489 2460//2460
f 2494//2494 2460//2460 2493//2493
f 2461//2461 2466//2466 2491//2491
f 2490//2490 2466//2466 2462//2462
f 2490//2490 2491//2491 2466//2466
f 2462//2462 2430//2430 2467//2467
f 2521//2521 2431//2431 2518//2518
f 2521//2521 2464//2464 2431//2431
f 2465//2465 2518//2518 2431//2431
f 2461//2461 2432//2432 2466//2466
f 2428//2428 2460//2460 2458//2458
f 2427//2427 2428//2428 2458//2458
f 2460//2460 2428//2428 2461//2461
f 2466//2466 2430//2430 2462//2462
f 2467//2467 2430//2430 2393//2393
f 2464//2464 2468//2468 2437//2437
f 2467//2467 2468//2468 2463//2463
f 2463//2463 2468//2468 2464//2464
f 2438//2438 2464//2464 2437//2437
f 2471//2471 2499//2499 2473//2473
f 2472//2472 2499//2499 2471//2471
f 2473//2473 2498//2498 2469//2469
f 2474//2474 2469//2469 2495//2495
f 2495//2495 2445//2445 2474//2474
f 2495//2495 2469//2469 2500//2500
f 2498//2498 2500//2500 2469//2469
f 2501//2501 2503//2503 2476//2476
f 2475//2475 2445//2445 2502//2502
f 2475//2475 2502//2502 2501//2501
f 2481//2481 2507//2507 2497//2497
f 2481//2481 2472//2472 2470//2470
f 2481//2481 2497//2497 2472//2472
f 2440//2440 2470//2470 2471//2471
f 2471//2471 2470//2470 2472//2472
f 2440//2440 2473//2473 2442//2442
f 2473//2473 2440//2440 2471//2471
f 2446//2446 2476//2476 2477//2477
f 2475//2475 2501//2501 2476//2476
f 2479//2479 2477//2477 2476//2476
f 2479//2479 2478//2478 2477//2477
f 2479//2479 2504//2504 2478//2478
f 2481//2481 2480//2480 2507//2507
f 2484//2484 2482//2482 2535//2535
f 2482//2482 2484//2484 2483//2483
f 2482//2482 2483//2483 2485//2485
f 2511//2511 2485//2485 2417//2417
f 2511//2511 2482//2482 2485//2485
f 2534//2534 2535//2535 2482//2482
f 2534//2534 2482//2482 2511//2511
f 2484//2484 2480//2480 2447//2447
f 2484//2484 2447//2447 2483//2483
f 2536//2536 2487//2487 2450//2450
f 2417//2417 2452//2452 2512//2512
f 2510//2510 2486//2486 2487//2487
f 2540//2540 2486//2486 2510//2510
f 2540//2540 2451//2451 2486//2486
f 2451//2451 2544//2544 2488//2488
f 2453//2453 2514//2514 2452//2452
f 2514//2514 2455//2455 2456//2456
f 2514//2514 2453//2453 2455//2455
f 2422//2422 2488//2488 2454//2454
f 2454//2454 2488//2488 2554//2554
f 2554//2554 2492//2492 2454//2454
f 2554//2554 2518//2518 2492//2492
f 2516//2516 2489//2489 2494//2494
f 2516//2516 2494//2494 2555//2555
f 2489//2489 2516//2516 2459//2459
f 2491//2491 2556//2556 2461//2461
f 2461//2461 2515//2515 2555//2555
f 2490//2490 2556//2556 2491//2491
f 2517//2517 2556//2556 2490//2490
f 2462//2462 2467//2467 2517//2517
f 2490//2490 2462//2462 2517//2517
f 2492//2492 2518//2518 2465//2465
f 2493//2493 2461//2461 2555//2555
f 2555//2555 2494//2494 2493//2493
f 2520//2520 2467//2467 2463//2463
f 2464//2464 2520//2520 2463//2463
f 2464//2464 2521//2521 2520//2520
f 2520//2520 2519//2519 2467//2467
f 2498//2498 2523//2523 2500//2500
f 2527//2527 2499//2499 2472//2472
f 2499//2499 2527//2527 2524//2524
f 2473//2473 2499//2499 2498//2498
f 2499//2499 2523//2523 2498//2498
f 2496//2496 2445//2445 2495//2495
f 2496//2496 2502//2502 2445//2445
f 2496//2496 2564//2564 2502//2502
f 2502//2502 2505//2505 2501//2501
f 2505//2505 2502//2502 2564//2564
f 2503//2503 2479//2479 2476//2476
f 2503//2503 2501//2501 2505//2505
f 2503//2503 2504//2504 2479//2479
f 2504//2504 2530//2530 2508//2508
f 2564//2564 2525//2525 2505//2505
f 2506//2506 2504//2504 2503//2503
f 2504//2504 2506//2506 2530//2530
f 2529//2529 2503//2503 2505//2505
f 2529//2529 2506//2506 2503//2503
f 2530//2530 2531//2531 2508//2508
f 2508//2508 2531//2531 2509//2509
f 2532//2532 2507//2507 2480//2480
f 2472//2472 2497//2497 2527//2527
f 2504//2504 2508//2508 2478//2478
f 2478//2478 2508//2508 2448//2448
f 2508//2508 2509//2509 2448//2448
f 2448//2448 2509//2509 2449//2449
f 2480//2480 2484//2484 2535//2535
f 2616//2616 2537//2537 2536//2536
f 2511//2511 2543//2543 2538//2538
f 2538//2538 2534//2534 2511//2511
f 2537//2537 2487//2487 2536//2536
f 2510//2510 2487//2487 2537//2537
f 2543//2543 2512//2512 2541//2541
f 2417//2417 2512//2512 2511//2511
f 2543//2543 2511//2511 2512//2512
f 2451//2451 2540//2540 2544//2544
f 2621//2621 2583//2583 2544//2544
f 2514//2514 2541//2541 2513//2513
f 2541//2541 2512//2512 2513//2513
f 2583//2583 2554//2554 2488//2488
f 2583//2583 2488//2488 2544//2544
f 2545//2545 2514//2514 2456//2456
f 2545//2545 2456//2456 2547//2547
f 2452//2452 2514//2514 2513//2513
f 2512//2512 2452//2452 2513//2513
f 2518//2518 2554//2554 2553//2553
f 2555//2555 2590//2590 2516//2516
f 2556//2556 2549//2549 2515//2515
f 2550//2550 2517//2517 2557//2557
f 2556//2556 2517//2517 2550//2550
f 2556//2556 2550//2550 2551//2551
f 2520//2520 2521//2521 2558//2558
f 2556//2556 2515//2515 2461//2461
f 2467//2467 2519//2519 2517//2517
f 2524//2524 2565//2565 2560//2560
f 2524//2524 2523//2523 2499//2499
f 2560//2560 2523//2523 2524//2524
f 2522//2522 2495//2495 2500//2500
f 2522//2522 2500//2500 2523//2523
f 2563//2563 2496//2496 2495//2495
f 2563//2563 2562//2562 2496//2496
f 2564//2564 2496//2496 2562//2562
f 2495//2495 2522//2522 2563//2563
f 2526//2526 2497//2497 2507//2507
f 2532//2532 2526//2526 2507//2507
f 2526//2526 2576//2576 2572//2572
f 2527//2527 2566//2566 2565//2565
f 2526//2526 2566//2566 2527//2527
f 2566//2566 2526//2526 2572//2572
f 2526//2526 2527//2527 2497//2497
f 2527//2527 2565//2565 2524//2524
f 2505//2505 2525//2525 2529//2529
f 2528//2528 2506//2506 2529//2529
f 2528//2528 2530//2530 2506//2506
f 2525//2525 2568//2568 2529//2529
f 2528//2528 2529//2529 2568//2568
f 2568//2568 2570//2570 2528//2528
f 2570//2570 2530//2530 2528//2528
f 2531//2531 2533//2533 2509//2509
f 2531//2531 2530//2530 2569//2569
f 2570//2570 2569//2569 2530//2530
f 2576//2576 2535//2535 2575//2575
f 2576//2576 2532//2532 2535//2535
f 2532//2532 2480//2480 2535//2535
f 2526//2526 2532//2532 2576//2576
f 2509//2509 2533//2533 2449//2449
f 2449//2449 2533//2533 2450//2450
f 2450//2450 2533//2533 2536//2536
f 2616//2616 2536//2536 2533//2533
f 2616//2616 2533//2533 2614//2614
f 2534//2534 2539//2539 2575//2575
f 2575//2575 2535//2535 2534//2534
f 2618//2618 2510//2510 2537//2537
f 2617//2617 2618//2618 2537//2537
f 2617//2617 2537//2537 2616//2616
f 2538//2538 2582//2582 2539//2539
f 2582//2582 2538//2538 2543//2543
f 2652//2652 2539//2539 2582//2582
f 2539//2539 2534//2534 2538//2538
f 2578//2578 2540//2540 2510//2510
f 2540//2540 2578//2578 2544//2544
f 2541//2541 2514//2514 2542//2542
f 2514//2514 2545//2545 2542//2542
f 2582//2582 2543//2543 2541//2541
f 2584//2584 2545//2545 2547//2547
f 2547//2547 2546//2546 2584//2584
f 2548//2548 2546//2546 2547//2547
f 2548//2548 2547//2547 2459//2459
f 2548//2548 2459//2459 2516//2516
f 2548//2548 2516//2516 2590//2590
f 2590//2590 2555//2555 2591//2591
f 2591//2591 2555//2555 2592//2592
f 2552//2552 2550//2550 2557//2557
f 2593//2593 2551//2551 2596//2596
f 2551//2551 2550//2550 2595//2595
f 2550//2550 2552//2552 2595//2595
f 2596//2596 2551//2551 2595//2595
f 2552//2552 2557//2557 2559//2559
f 2592//2592 2555//2555 2515//2515
f 2549//2549 2592//2592 2515//2515
f 2549//2549 2556//2556 2593//2593
f 2551//2551 2593//2593 2556//2556
f 2519//2519 2557//2557 2517//2517
f 2519//2519 2559//2559 2557//2557
f 2519//2519 2520//2520 2559//2559
f 2599//2599 2558//2558 2521//2521
f 2558//2558 2559//2559 2520//2520
f 2553//2553 2521//2521 2518//2518
f 2599//2599 2521//2521 2553//2553
f 2603//2603 2561//2561 2560//2560
f 2560//2560 2610//2610 2645//2645
f 2523//2523 2560//2560 2561//2561
f 2522//2522 2523//2523 2561//2561
f 2561//2561 2563//2563 2522//2522
f 2603//2603 2600//2600 2561//2561
f 2602//2602 2562//2562 2605//2605
f 2564//2564 2562//2562 2602//2602
f 2562//2562 2563//2563 2605//2605
f 2602//2602 2606//2606 2564//2564
f 2565//2565 2567//2567 2610//2610
f 2565//2565 2566//2566 2567//2567
f 2560//2560 2565//2565 2610//2610
f 2525//2525 2564//2564 2606//2606
f 2568//2568 2525//2525 2606//2606
f 2569//2569 2571//2571 2573//2573
f 2570//2570 2571//2571 2569//2569
f 2571//2571 2647//2647 2573//2573
f 2568//2568 2611//2611 2570//2570
f 2607//2607 2572//2572 2608//2608
f 2608//2608 2572//2572 2613//2613
f 2572//2572 2607//2607 2566//2566
f 2573//2573 2531//2531 2569//2569
f 2533//2533 2531//2531 2574//2574
f 2533//2533 2574//2574 2614//2614
f 2573//2573 2574//2574 2531//2531
f 2647//2647 2574//2574 2573//2573
f 2575//2575 2613//2613 2576//2576
f 2572//2572 2576//2576 2613//2613
f 2652//2652 2575//2575 2539//2539
f 2618//2618 2619//2619 2510//2510
f 2542//2542 2577//2577 2541//2541
f 2577//2577 2582//2582 2541//2541
f 2577//2577 2542//2542 2581//2581
f 2510//2510 2619//2619 2578//2578
f 2578//2578 2621//2621 2544//2544
f 2579//2579 2542//2542 2545//2545
f 2579//2579 2545//2545 2584//2584
f 2542//2542 2579//2579 2581//2581
f 2584//2584 2580//2580 2579//2579
f 2581//2581 2579//2579 2580//2580
f 2585//2585 2580//2580 2584//2584
f 2585//2585 2622//2622 2580//2580
f 2554//2554 2583//2583 2589//2589
f 2585//2585 2584//2584 2546//2546
f 2585//2585 2546//2546 2548//2548
f 2548//2548 2587//2587 2585//2585
f 2587//2587 2548//2548 2590//2590
f 2591//2591 2587//2587 2590//2590
f 2591//2591 2592//2592 2586//2586
f 2591//2591 2626//2626 2587//2587
f 2588//2588 2630//2630 2594//2594
f 2596//2596 2630//2630 2588//2588
f 2595//2595 2624//2624 2596//2596
f 2597//2597 2598//2598 2632//2632
f 2598//2598 2599//2599 2636//2636
f 2599//2599 2635//2635 2636//2636
f 2554//2554 2589//2589 2553//2553
f 2549//2549 2594//2594 2592//2592
f 2594//2594 2586//2586 2592//2592
f 2549//2549 2593//2593 2594//2594
f 2594//2594 2593//2593 2596//2596
f 2594//2594 2596//2596 2588//2588
f 2597//2597 2552//2552 2559//2559
f 2631//2631 2552//2552 2597//2597
f 2598//2598 2597//2597 2559//2559
f 2558//2558 2598//2598 2559//2559
f 2599//2599 2598//2598 2558//2558
f 2634//2634 2632//2632 2598//2598
f 2599//2599 2553//2553 2635//2635
f 2553//2553 2589//2589 2635//2635
f 2604//2604 2600//2600 2639//2639
f 2601//2601 2604//2604 2639//2639
f 2605//2605 2604//2604 2601//2601
f 2600//2600 2637//2637 2639//2639
f 2640//2640 2601//2601 2639//2639
f 2645//2645 2603//2603 2560//2560
f 2603//2603 2637//2637 2600//2600
f 2563//2563 2604//2604 2605//2605
f 2604//2604 2563//2563 2561//2561
f 2561//2561 2600//2600 2604//2604
f 2602//2602 2605//2605 2601//2601
f 2606//2606 2646//2646 2568//2568
f 2566//2566 2607//2607 2609//2609
f 2609//2609 2644//2644 2643//2643
f 2644//2644 2607//2607 2608//2608
f 2644//2644 2609//2609 2607//2607
f 2609//2609 2567//2567 2566//2566
f 2567//2567 2643//2643 2610//2610
f 2567//2567 2609//2609 2643//2643
f 2611//2611 2612//2612 2570//2570
f 2612//2612 2571//2571 2570//2570
f 2646//2646 2611//2611 2568//2568
f 2646//2646 2612//2612 2611//2611
f 2574//2574 2647//2647 2615//2615
f 2647//2647 2571//2571 2612//2612
f 2615//2615 2614//2614 2574//2574
f 2615//2615 2651//2651 2614//2614
f 2616//2616 2614//2614 2651//2651
f 2653//2653 2575//2575 2652//2652
f 2613//2613 2575//2575 2653//2653
f 2618//2618 2617//2617 2657//2657
f 2618//2618 2658//2658 2619//2619
f 2616//2616 2657//2657 2617//2617
f 2658//2658 2618//2618 2657//2657
f 2581//2581 2692//2692 2659//2659
f 2662//2662 2621//2621 2620//2620
f 2660//2660 2652//2652 2582//2582
f 2660//2660 2582//2582 2577//2577
f 2659//2659 2660//2660 2577//2577
f 2659//2659 2577//2577 2581//2581
f 2661//2661 2581//2581 2580//2580
f 2620//2620 2578//2578 2619//2619
f 2620//2620 2621//2621 2578//2578
f 2625//2625 2623//2623 2622//2622
f 2665//2665 2583//2583 2621//2621
f 2665//2665 2589//2589 2583//2583
f 2625//2625 2622//2622 2585//2585
f 2625//2625 2585//2585 2587//2587
f 2587//2587 2626//2626 2625//2625
f 2626//2626 2591//2591 2627//2627
f 2627//2627 2591//2591 2586//2586
f 2627//2627 2586//2586 2629//2629
f 2629//2629 2586//2586 2594//2594
f 2626//2626 2623//2623 2625//2625
f 2623//2623 2626//2626 2628//2628
f 2627//2627 2628//2628 2626//2626
f 2628//2628 2627//2627 2629//2629
f 2630//2630 2629//2629 2594//2594
f 2667//2667 2629//2629 2630//2630
f 2667//2667 2596//2596 2624//2624
f 2596//2596 2667//2667 2630//2630
f 2633//2633 2595//2595 2552//2552
f 2631//2631 2633//2633 2552//2552
f 2633//2633 2624//2624 2595//2595
f 2632//2632 2633//2633 2631//2631
f 2597//2597 2632//2632 2631//2631
f 2633//2633 2632//2632 2634//2634
f 2668//2668 2633//2633 2634//2634
f 2598//2598 2636//2636 2634//2634
f 2636//2636 2635//2635 2671//2671
f 2634//2634 2636//2636 2671//2671
f 2635//2635 2589//2589 2670//2670
f 2638//2638 2637//2637 2603//2603
f 2638//2638 2603//2603 2645//2645
f 2639//2639 2637//2637 2672//2672
f 2637//2637 2678//2678 2672//2672
f 2637//2637 2638//2638 2678//2678
f 2679//2679 2601//2601 2640//2640
f 2679//2679 2602//2602 2601//2601
f 2606//2606 2602//2602 2642//2642
f 2642//2642 2602//2602 2679//2679
f 2639//2639 2673//2673 2640//2640
f 2606//2606 2641//2641 2646//2646
f 2606//2606 2642//2642 2641//2641
f 2680//2680 2642//2642 2679//2679
f 2642//2642 2682//2682 2641//2641
f 2641//2641 2681//2681 2646//2646
f 2685//2685 2608//2608 2683//2683
f 2644//2644 2685//2685 2684//2684
f 2643//2643 2644//2644 2684//2684
f 2645//2645 2610//2610 2643//2643
f 2645//2645 2643//2643 2684//2684
f 2685//2685 2644//2644 2608//2608
f 2608//2608 2650//2650 2683//2683
f 2647//2647 2718//2718 2615//2615
f 2718//2718 2688//2688 2615//2615
f 2649//2649 2655//2655 2689//2689
f 2613//2613 2648//2648 2650//2650
f 2690//2690 2648//2648 2649//2649
f 2608//2608 2613//2613 2650//2650
f 2688//2688 2651//2651 2615//2615
f 2651//2651 2691//2691 2616//2616
f 2691//2691 2651//2651 2762//2762
f 2660//2660 2656//2656 2654//2654
f 2654//2654 2652//2652 2660//2660
f 2653//2653 2649//2649 2648//2648
f 2653//2653 2652//2652 2654//2654
f 2653//2653 2655//2655 2649//2649
f 2653//2653 2654//2654 2655//2655
f 2654//2654 2693//2693 2655//2655
f 2613//2613 2653//2653 2648//2648
f 2658//2658 2662//2662 2619//2619
f 2691//2691 2657//2657 2616//2616
f 2658//2658 2657//2657 2691//2691
f 2658//2658 2727//2727 2662//2662
f 2659//2659 2692//2692 2656//2656
f 2656//2656 2660//2660 2659//2659
f 2620//2620 2619//2619 2662//2662
f 2622//2622 2663//2663 2580//2580
f 2661//2661 2692//2692 2581//2581
f 2663//2663 2661//2661 2580//2580
f 2663//2663 2622//2622 2696//2696
f 2665//2665 2664//2664 2589//2589
f 2704//2704 2664//2664 2665//2665
f 2704//2704 2665//2665 2621//2621
f 2622//2622 2623//2623 2697//2697
f 2623//2623 2628//2628 2697//2697
f 2697//2697 2628//2628 2666//2666
f 2629//2629 2667//2667 2666//2666
f 2666//2666 2667//2667 2700//2700
f 2622//2622 2697//2697 2696//2696
f 2700//2700 2667//2667 2701//2701
f 2697//2697 2666//2666 2700//2700
f 2668//2668 2702//2702 2624//2624
f 2624//2624 2702//2702 2667//2667
f 2668//2668 2624//2624 2633//2633
f 2668//2668 2739//2739 2702//2702
f 2739//2739 2668//2668 2703//2703
f 2669//2669 2703//2703 2668//2668
f 2634//2634 2669//2669 2668//2668
f 2703//2703 2669//2669 2671//2671
f 2671//2671 2670//2670 2772//2772
f 2635//2635 2670//2670 2671//2671
f 2703//2703 2671//2671 2772//2772
f 2664//2664 2670//2670 2589//2589
f 2666//2666 2628//2628 2629//2629
f 2634//2634 2671//2671 2669//2669
f 2678//2678 2707//2707 2672//2672
f 2672//2672 2673//2673 2639//2639
f 2707//2707 2708//2708 2672//2672
f 2672//2672 2708//2708 2673//2673
f 2674//2674 2640//2640 2673//2673
f 2673//2673 2708//2708 2674//2674
f 2682//2682 2680//2680 2711//2711
f 2711//2711 2680//2680 2675//2675
f 2675//2675 2710//2710 2711//2711
f 2677//2677 2645//2645 2676//2676
f 2713//2713 2676//2676 2686//2686
f 2645//2645 2677//2677 2638//2638
f 2638//2638 2677//2677 2678//2678
f 2640//2640 2674//2674 2679//2679
f 2679//2679 2674//2674 2675//2675
f 2680//2680 2682//2682 2642//2642
f 2681//2681 2641//2641 2682//2682
f 2675//2675 2680//2680 2679//2679
f 2711//2711 2714//2714 2682//2682
f 2684//2684 2685//2685 2686//2686
f 2685//2685 2683//2683 2716//2716
f 2686//2686 2685//2685 2716//2716
f 2713//2713 2686//2686 2716//2716
f 2684//2684 2686//2686 2676//2676
f 2684//2684 2676//2676 2645//2645
f 2646//2646 2715//2715 2612//2612
f 2646//2646 2681//2681 2715//2715
f 2612//2612 2715//2715 2647//2647
f 2683//2683 2650//2650 2687//2687
f 2650//2650 2648//2648 2687//2687
f 2687//2687 2648//2648 2723//2723
f 2720//2720 2689//2689 2693//2693
f 2689//2689 2690//2690 2649//2649
f 2648//2648 2690//2690 2723//2723
f 2692//2692 2694//2694 2725//2725
f 2654//2654 2656//2656 2693//2693
f 2689//2689 2655//2655 2693//2693
f 2720//2720 2693//2693 2656//2656
f 2692//2692 2725//2725 2724//2724
f 2724//2724 2656//2656 2692//2692
f 2724//2724 2720//2720 2656//2656
f 2691//2691 2727//2727 2658//2658
f 2692//2692 2661//2661 2694//2694
f 2663//2663 2728//2728 2661//2661
f 2694//2694 2661//2661 2728//2728
f 2728//2728 2663//2663 2729//2729
f 2621//2621 2662//2662 2695//2695
f 2695//2695 2733//2733 2704//2704
f 2662//2662 2765//2765 2695//2695
f 2698//2698 2697//2697 2700//2700
f 2696//2696 2699//2699 2663//2663
f 2699//2699 2696//2696 2698//2698
f 2697//2697 2698//2698 2696//2696
f 2698//2698 2700//2700 2699//2699
f 2700//2700 2737//2737 2699//2699
f 2663//2663 2699//2699 2729//2729
f 2825//2825 2700//2700 2701//2701
f 2701//2701 2667//2667 2702//2702
f 2664//2664 2704//2704 2670//2670
f 2704//2704 2773//2773 2670//2670
f 2704//2704 2621//2621 2695//2695
f 2677//2677 2705//2705 2678//2678
f 2705//2705 2706//2706 2678//2678
f 2707//2707 2678//2678 2706//2706
f 2707//2707 2746//2746 2745//2745
f 2749//2749 2708//2708 2745//2745
f 2707//2707 2706//2706 2746//2746
f 2708//2708 2707//2707 2745//2745
f 2709//2709 2712//2712 2674//2674
f 2708//2708 2709//2709 2674//2674
f 2709//2709 2708//2708 2749//2749
f 2710//2710 2675//2675 2674//2674
f 2751//2751 2714//2714 2711//2711
f 2751//2751 2711//2711 2752//2752
f 2752//2752 2711//2711 2710//2710
f 2710//2710 2674//2674 2712//2712
f 2712//2712 2750//2750 2710//2710
f 2751//2751 2753//2753 2714//2714
f 2753//2753 2715//2715 2714//2714
f 2716//2716 2754//2754 2713//2713
f 2676//2676 2705//2705 2677//2677
f 2714//2714 2681//2681 2682//2682
f 2714//2714 2715//2715 2681//2681
f 2687//2687 2760//2760 2717//2717
f 2757//2757 2717//2717 2760//2760
f 2716//2716 2683//2683 2717//2717
f 2717//2717 2683//2683 2687//2687
f 2758//2758 2716//2716 2717//2717
f 2717//2717 2757//2757 2758//2758
f 2716//2716 2758//2758 2754//2754
f 2715//2715 2719//2719 2647//2647
f 2719//2719 2718//2718 2647//2647
f 2718//2718 2719//2719 2798//2798
f 2760//2760 2723//2723 2761//2761
f 2760//2760 2687//2687 2723//2723
f 2722//2722 2689//2689 2720//2720
f 2720//2720 2721//2721 2722//2722
f 2720//2720 2724//2724 2721//2721
f 2721//2721 2724//2724 2763//2763
f 2689//2689 2722//2722 2690//2690
f 2723//2723 2690//2690 2722//2722
f 2722//2722 2721//2721 2723//2723
f 2691//2691 2762//2762 2764//2764
f 2725//2725 2694//2694 2726//2726
f 2726//2726 2806//2806 2725//2725
f 2728//2728 2726//2726 2694//2694
f 2724//2724 2725//2725 2763//2763
f 2728//2728 2810//2810 2726//2726
f 2763//2763 2725//2725 2806//2806
f 2727//2727 2766//2766 2662//2662
f 2765//2765 2662//2662 2766//2766
f 2728//2728 2729//2729 2730//2730
f 2730//2730 2810//2810 2728//2728
f 2817//2817 2810//2810 2730//2730
f 2729//2729 2738//2738 2730//2730
f 2738//2738 2737//2737 2731//2731
f 2730//2730 2731//2731 2816//2816
f 2731//2731 2730//2730 2738//2738
f 2704//2704 2733//2733 2732//2732
f 2733//2733 2735//2735 2732//2732
f 2735//2735 2773//2773 2732//2732
f 2704//2704 2732//2732 2773//2773
f 2733//2733 2695//2695 2736//2736
f 2736//2736 2734//2734 2733//2733
f 2735//2735 2733//2733 2734//2734
f 2734//2734 2736//2736 2774//2774
f 2774//2774 2735//2735 2734//2734
f 2765//2765 2736//2736 2695//2695
f 2699//2699 2738//2738 2729//2729
f 2738//2738 2699//2699 2737//2737
f 2825//2825 2701//2701 2767//2767
f 2731//2731 2737//2737 2700//2700
f 2731//2731 2700//2700 2825//2825
f 2701//2701 2702//2702 2768//2768
f 2701//2701 2768//2768 2767//2767
f 2739//2739 2827//2827 2702//2702
f 2827//2827 2739//2739 2770//2770
f 2703//2703 2771//2771 2739//2739
f 2771//2771 2770//2770 2739//2739
f 2772//2772 2771//2771 2703//2703
f 2748//2748 2777//2777 2749//2749
f 2741//2741 2784//2784 2750//2750
f 2784//2784 2752//2752 2750//2750
f 2713//2713 2742//2742 2743//2743
f 2743//2743 2744//2744 2705//2705
f 2676//2676 2713//2713 2743//2743
f 2743//2743 2705//2705 2676//2676
f 2743//2743 2788//2788 2744//2744
f 2744//2744 2788//2788 2776//2776
f 2788//2788 2743//2743 2742//2742
f 2706//2706 2705//2705 2744//2744
f 2748//2748 2746//2746 2747//2747
f 2746//2746 2706//2706 2747//2747
f 2747//2747 2706//2706 2744//2744
f 2776//2776 2747//2747 2744//2744
f 2748//2748 2749//2749 2745//2745
f 2745//2745 2746//2746 2748//2748
f 2747//2747 2775//2775 2748//2748
f 2775//2775 2747//2747 2776//2776
f 2740//2740 2709//2709 2749//2749
f 2709//2709 2740//2740 2712//2712
f 2740//2740 2741//2741 2712//2712
f 2750//2750 2712//2712 2741//2741
f 2752//2752 2710//2710 2750//2750
f 2789//2789 2751//2751 2752//2752
f 2791//2791 2753//2753 2751//2751
f 2784//2784 2785//2785 2752//2752
f 2785//2785 2789//2789 2752//2752
f 2751//2751 2789//2789 2791//2791
f 2753//2753 2755//2755 2715//2715
f 2713//2713 2754//2754 2742//2742
f 2715//2715 2755//2755 2719//2719
f 2719//2719 2755//2755 2756//2756
f 2756//2756 2798//2798 2719//2719
f 2755//2755 2753//2753 2792//2792
f 2797//2797 2757//2757 2796//2796
f 2797//2797 2758//2758 2757//2757
f 2758//2758 2797//2797 2754//2754
f 2688//2688 2718//2718 2759//2759
f 2759//2759 2718//2718 2798//2798
f 2759//2759 2798//2798 2799//2799
f 2796//2796 2760//2760 2761//2761
f 2757//2757 2760//2760 2796//2796
f 2802//2802 2796//2796 2761//2761
f 2688//2688 2762//2762 2651//2651
f 2762//2762 2688//2688 2804//2804
f 2805//2805 2762//2762 2804//2804
f 2759//2759 2804//2804 2688//2688
f 2806//2806 2726//2726 2807//2807
f 2810//2810 2807//2807 2726//2726
f 2761//2761 2723//2723 2721//2721
f 2761//2761 2721//2721 2763//2763
f 2811//2811 2763//2763 2806//2806
f 2727//2727 2815//2815 2766//2766
f 2727//2727 2691//2691 2764//2764
f 2805//2805 2764//2764 2762//2762
f 2817//2817 2730//2730 2816//2816
f 2731//2731 2825//2825 2816//2816
f 2769//2769 2702//2702 2827//2827
f 2702//2702 2769//2769 2768//2768
f 2770//2770 2771//2771 2932//2932
f 2772//2772 2670//2670 2773//2773
f 2773//2773 2735//2735 2830//2830
f 2772//2772 2773//2773 2830//2830
f 2774//2774 2830//2830 2735//2735
f 2736//2736 2822//2822 2774//2774
f 2774//2774 2822//2822 2830//2830
f 2765//2765 2822//2822 2736//2736
f 2775//2775 2777//2777 2748//2748
f 2775//2775 2779//2779 2777//2777
f 2779//2779 2778//2778 2777//2777
f 2775//2775 2776//2776 2831//2831
f 2779//2779 2775//2775 2831//2831
f 2777//2777 2778//2778 2749//2749
f 2778//2778 2740//2740 2749//2749
f 2740//2740 2778//2778 2782//2782
f 2779//2779 2780//2780 2778//2778
f 2780//2780 2782//2782 2778//2778
f 2786//2786 2741//2741 2781//2781
f 2786//2786 2784//2784 2741//2741
f 2782//2782 2781//2781 2740//2740
f 2740//2740 2781//2781 2741//2741
f 2783//2783 2786//2786 2781//2781
f 2838//2838 2781//2781 2782//2782
f 2838//2838 2783//2783 2781//2781
f 2783//2783 2841//2841 2787//2787
f 2782//2782 2835//2835 2838//2838
f 2786//2786 2785//2785 2784//2784
f 2783//2783 2787//2787 2786//2786
f 2787//2787 2785//2785 2786//2786
f 2790//2790 2787//2787 2842//2842
f 2841//2841 2842//2842 2787//2787
f 2845//2845 2742//2742 2843//2843
f 2776//2776 2788//2788 2846//2846
f 2846//2846 2788//2788 2845//2845
f 2845//2845 2788//2788 2742//2742
f 2787//2787 2789//2789 2785//2785
f 2790//2790 2789//2789 2787//2787
f 2790//2790 2791//2791 2789//2789
f 2791//2791 2792//2792 2753//2753
f 2791//2791 2849//2849 2792//2792
f 2849//2849 2791//2791 2790//2790
f 2754//2754 2797//2797 2854//2854
f 2754//2754 2854//2854 2742//2742
f 2792//2792 2793//2793 2755//2755
f 2793//2793 2756//2756 2755//2755
f 2793//2793 2794//2794 2756//2756
f 2756//2756 2794//2794 2795//2795
f 2851//2851 2792//2792 2849//2849
f 2794//2794 2908//2908 2795//2795
f 2851//2851 2793//2793 2792//2792
f 2797//2797 2796//2796 2856//2856
f 2856//2856 2796//2796 2857//2857
f 2756//2756 2795//2795 2798//2798
f 2799//2799 2798//2798 2795//2795
f 2908//2908 2799//2799 2795//2795
f 2800//2800 2799//2799 2914//2914
f 2759//2759 2799//2799 2800//2800
f 2908//2908 2914//2914 2799//2799
f 2761//2761 2763//2763 2801//2801
f 2802//2802 2761//2761 2801//2801
f 2801//2801 2803//2803 2802//2802
f 2801//2801 2763//2763 2811//2811
f 2857//2857 2796//2796 2802//2802
f 2801//2801 2811//2811 2803//2803
f 2812//2812 2803//2803 2811//2811
f 2802//2802 2803//2803 2858//2858
f 2858//2858 2857//2857 2802//2802
f 2814//2814 2805//2805 2860//2860
f 2860//2860 2805//2805 2804//2804
f 2804//2804 2759//2759 2800//2800
f 2800//2800 2860//2860 2804//2804
f 2807//2807 2808//2808 2806//2806
f 2807//2807 2810//2810 2809//2809
f 2809//2809 2808//2808 2807//2807
f 2818//2818 2810//2810 2817//2817
f 2810//2810 2813//2813 2809//2809
f 2808//2808 2811//2811 2806//2806
f 2812//2812 2811//2811 2808//2808
f 2809//2809 2812//2812 2808//2808
f 2809//2809 2813//2813 2812//2812
f 2813//2813 2916//2916 2812//2812
f 2810//2810 2818//2818 2865//2865
f 2815//2815 2864//2864 2880//2880
f 2727//2727 2764//2764 2815//2815
f 2805//2805 2814//2814 2764//2764
f 2764//2764 2863//2863 2815//2815
f 2815//2815 2863//2863 2864//2864
f 2764//2764 2814//2814 2863//2863
f 2825//2825 2821//2821 2816//2816
f 2818//2818 2817//2817 2819//2819
f 2819//2819 2817//2817 2820//2820
f 2820//2820 2817//2817 2816//2816
f 2821//2821 2820//2820 2816//2816
f 2865//2865 2818//2818 2819//2819
f 2820//2820 2866//2866 2819//2819
f 2866//2866 2820//2820 2869//2869
f 2869//2869 2820//2820 2821//2821
f 2826//2826 2828//2828 2927//2927
f 2875//2875 2829//2829 2830//2830
f 2822//2822 2877//2877 2830//2830
f 2822//2822 2879//2879 2877//2877
f 2765//2765 2823//2823 2822//2822
f 2823//2823 2879//2879 2822//2822
f 2766//2766 2880//2880 2881//2881
f 2815//2815 2880//2880 2766//2766
f 2881//2881 2765//2765 2766//2766
f 2824//2824 2825//2825 2767//2767
f 2825//2825 2824//2824 2867//2867
f 2821//2821 2825//2825 2867//2867
f 2824//2824 2868//2868 2867//2867
f 2868//2868 2824//2824 2871//2871
f 2871//2871 2824//2824 2767//2767
f 2769//2769 2828//2828 2768//2768
f 2826//2826 2768//2768 2828//2828
f 2768//2768 2826//2826 2767//2767
f 2827//2827 2828//2828 2769//2769
f 2828//2828 2827//2827 2770//2770
f 2828//2828 2770//2770 2932//2932
f 2771//2771 2772//2772 2829//2829
f 2932//2932 2771//2771 2829//2829
f 2875//2875 2932//2932 2829//2829
f 2772//2772 2830//2830 2829//2829
f 2832//2832 2831//2831 2776//2776
f 2832//2832 2848//2848 2883//2883
f 2847//2847 2883//2883 2848//2848
f 2833//2833 2779//2779 2831//2831
f 2831//2831 2834//2834 2833//2833
f 2833//2833 2836//2836 2779//2779
f 2884//2884 2833//2833 2834//2834
f 2832//2832 2834//2834 2831//2831
f 2834//2834 2832//2832 2883//2883
f 2885//2885 2884//2884 2834//2834
f 2883//2883 2885//2885 2834//2834
f 2780//2780 2835//2835 2782//2782
f 2779//2779 2836//2836 2780//2780
f 2833//2833 2887//2887 2836//2836
f 2887//2887 2837//2837 2836//2836
f 2837//2837 2835//2835 2836//2836
f 2836//2836 2835//2835 2780//2780
f 2835//2835 2837//2837 2839//2839
f 2884//2884 2887//2887 2833//2833
f 2887//2887 2888//2888 2837//2837
f 2838//2838 2835//2835 2839//2839
f 2840//2840 2841//2841 2838//2838
f 2839//2839 2840//2840 2838//2838
f 2838//2838 2841//2841 2783//2783
f 2895//2895 2842//2842 2841//2841
f 2841//2841 2840//2840 2893//2893
f 2893//2893 2895//2895 2841//2841
f 2850//2850 2842//2842 2898//2898
f 2845//2845 2843//2843 2844//2844
f 2742//2742 2854//2854 2843//2843
f 2904//2904 2843//2843 2854//2854
f 2844//2844 2843//2843 2904//2904
f 2844//2844 2904//2904 2905//2905
f 2847//2847 2848//2848 2846//2846
f 2844//2844 2847//2847 2845//2845
f 2847//2847 2846//2846 2845//2845
f 2896//2896 2847//2847 2844//2844
f 2832//2832 2846//2846 2848//2848
f 2832//2832 2776//2776 2846//2846
f 2842//2842 2850//2850 2790//2790
f 2850//2850 2849//2849 2790//2790
f 2852//2852 2849//2849 2850//2850
f 2898//2898 2852//2852 2850//2850
f 2849//2849 2852//2852 2851//2851
f 2851//2851 2900//2900 2855//2855
f 2851//2851 2852//2852 2899//2899
f 2899//2899 2900//2900 2851//2851
f 2797//2797 2853//2853 2854//2854
f 2797//2797 2856//2856 2913//2913
f 2913//2913 2853//2853 2797//2797
f 2854//2854 2853//2853 2904//2904
f 2793//2793 2851//2851 2855//2855
f 2794//2794 2793//2793 2855//2855
f 2855//2855 2907//2907 2794//2794
f 2908//2908 2794//2794 2907//2907
f 2859//2859 2857//2857 2858//2858
f 2859//2859 2856//2856 2857//2857
f 2918//2918 2859//2859 2858//2858
f 2858//2858 2803//2803 2918//2918
f 2913//2913 2856//2856 2859//2859
f 2812//2812 2915//2915 2803//2803
f 2812//2812 2916//2916 2915//2915
f 2915//2915 2918//2918 2803//2803
f 2919//2919 2918//2918 2915//2915
f 2814//2814 2860//2860 2861//2861
f 2971//2971 2860//2860 2800//2800
f 2921//2921 2861//2861 2860//2860
f 2921//2921 2860//2860 2971//2971
f 2862//2862 2814//2814 2861//2861
f 2814//2814 2862//2862 2863//2863
f 2922//2922 2810//2810 2865//2865
f 2922//2922 2869//2869 2923//2923
f 2880//2880 2864//2864 2882//2882
f 2819//2819 2866//2866 2865//2865
f 2870//2870 2821//2821 2867//2867
f 2870//2870 2867//2867 2868//2868
f 2922//2922 2865//2865 2866//2866
f 2922//2922 2866//2866 2869//2869
f 2869//2869 2821//2821 2870//2870
f 2872//2872 2870//2870 2868//2868
f 2868//2868 2871//2871 2874//2874
f 2869//2869 2870//2870 2923//2923
f 2872//2872 2868//2868 2874//2874
f 2826//2826 2873//2873 2767//2767
f 2871//2871 2767//2767 2873//2873
f 2873//2873 2826//2826 2926//2926
f 2926//2926 2826//2826 2927//2927
f 2874//2874 2871//2871 2873//2873
f 2926//2926 2874//2874 2873//2873
f 2927//2927 2828//2828 2931//2931
f 2830//2830 2876//2876 2875//2875
f 2876//2876 2934//2934 2875//2875
f 2876//2876 2830//2830 2935//2935
f 2830//2830 2877//2877 2935//2935
f 2823//2823 2765//2765 2881//2881
f 2881//2881 2879//2879 2823//2823
f 2877//2877 2879//2879 2878//2878
f 2880//2880 2882//2882 2881//2881
f 2994//2994 2881//2881 2882//2882
f 2897//2897 2883//2883 2847//2847
f 2939//2939 2940//2940 2883//2883
f 2939//2939 2883//2883 2897//2897
f 2939//2939 2897//2897 2953//2953
f 2942//2942 2939//2939 2953//2953
f 2885//2885 2886//2886 2884//2884
f 2885//2885 2883//2883 2940//2940
f 2885//2885 2940//2940 2886//2886
f 2940//2940 2941//2941 2886//2886
f 2887//2887 2889//2889 2888//2888
f 2889//2889 2887//2887 2884//2884
f 2890//2890 2892//2892 2888//2888
f 2884//2884 2886//2886 2889//2889
f 2889//2889 2890//2890 2888//2888
f 2944//2944 2943//2943 2886//2886
f 2886//2886 2943//2943 2889//2889
f 2890//2890 2943//2943 2945//2945
f 2890//2890 2889//2889 2943//2943
f 2891//2891 2837//2837 2888//2888
f 2839//2839 2837//2837 2891//2891
f 2891//2891 2840//2840 2839//2839
f 2840//2840 2891//2891 2948//2948
f 2888//2888 2892//2892 2891//2891
f 2892//2892 2948//2948 2891//2891
f 2948//2948 2893//2893 2840//2840
f 2894//2894 2842//2842 2895//2895
f 2959//2959 2896//2896 2905//2905
f 2896//2896 2844//2844 2905//2905
f 2896//2896 2897//2897 2847//2847
f 2953//2953 2897//2897 2896//2896
f 2899//2899 2852//2852 2898//2898
f 2900//2900 2899//2899 2954//2954
f 2954//2954 2956//2956 2900//2900
f 2900//2900 2956//2956 2907//2907
f 2901//2901 2902//2902 2853//2853
f 2901//2901 2853//2853 2913//2913
f 2902//2902 2906//2906 2853//2853
f 2903//2903 2902//2902 2901//2901
f 2957//2957 2906//2906 2902//2902
f 2903//2903 2957//2957 2902//2902
f 2901//2901 2911//2911 2903//2903
f 2906//2906 2905//2905 2904//2904
f 2906//2906 2904//2904 2853//2853
f 2959//2959 2905//2905 2906//2906
f 2900//2900 2907//2907 2855//2855
f 2908//2908 2960//2960 2914//2914
f 2918//2918 2909//2909 2859//2859
f 2910//2910 2909//2909 2918//2918
f 2913//2913 2911//2911 2901//2901
f 2859//2859 2911//2911 2913//2913
f 2859//2859 2909//2909 2911//2911
f 2912//2912 2909//2909 2910//2910
f 2909//2909 2912//2912 2911//2911
f 2911//2911 2912//2912 2964//2964
f 2963//2963 2912//2912 2910//2910
f 2910//2910 2919//2919 2963//2963
f 2965//2965 2964//2964 2912//2912
f 2971//2971 2800//2800 2914//2914
f 2915//2915 2916//2916 2919//2919
f 2917//2917 2916//2916 2813//2813
f 2917//2917 2813//2813 2810//2810
f 2973//2973 2917//2917 2810//2810
f 2910//2910 2918//2918 2919//2919
f 2920//2920 2963//2963 2919//2919
f 2919//2919 2916//2916 2920//2920
f 2917//2917 2920//2920 2916//2916
f 2917//2917 2972//2972 2920//2920
f 2976//2976 2862//2862 2861//2861
f 2921//2921 2976//2976 2861//2861
f 2976//2976 3049//3049 2862//2862
f 2981//2981 2810//2810 2922//2922
f 2922//2922 2923//2923 2982//2982
f 2922//2922 2982//2982 2981//2981
f 2981//2981 2973//2973 2810//2810
f 2923//2923 2928//2928 2978//2978
f 2923//2923 2978//2978 2982//2982
f 2863//2863 2862//2862 3049//3049
f 2989//2989 2864//2864 2863//2863
f 2863//2863 3049//3049 2989//2989
f 2923//2923 2870//2870 2924//2924
f 2870//2870 2872//2872 2924//2924
f 2925//2925 2872//2872 2874//2874
f 2926//2926 2925//2925 2874//2874
f 2925//2925 2924//2924 2872//2872
f 2923//2923 2924//2924 2928//2928
f 2928//2928 2924//2924 2925//2925
f 2925//2925 2926//2926 2929//2929
f 2929//2929 2926//2926 2927//2927
f 2930//2930 2928//2928 2925//2925
f 2929//2929 2930//2930 2925//2925
f 2927//2927 2991//2991 2929//2929
f 2990//2990 2991//2991 2927//2927
f 2980//2980 2930//2930 2929//2929
f 2929//2929 2991//2991 2980//2980
f 2927//2927 2931//2931 2990//2990
f 2931//2931 2984//2984 2992//2992
f 2933//2933 2931//2931 2828//2828
f 2933//2933 2984//2984 2931//2931
f 2933//2933 2828//2828 2932//2932
f 2933//2933 2932//2932 2985//2985
f 2985//2985 2932//2932 2875//2875
f 2985//2985 2875//2875 2934//2934
f 2876//2876 2935//2935 2934//2934
f 2934//2934 2935//2935 2993//2993
f 2937//2937 2935//2935 2936//2936
f 2935//2935 2877//2877 2936//2936
f 2936//2936 2877//2877 2878//2878
f 2936//2936 2878//2878 2938//2938
f 2878//2878 2879//2879 2938//2938
f 2936//2936 2938//2938 3053//3053
f 3052//3052 2936//2936 3053//3053
f 2937//2937 2993//2993 2935//2935
f 2937//2937 2936//2936 3052//3052
f 2879//2879 2881//2881 2994//2994
f 2938//2938 2879//2879 3053//3053
f 2942//2942 2940//2940 2939//2939
f 2997//2997 2942//2942 2953//2953
f 2997//2997 2999//2999 2942//2942
f 2942//2942 2941//2941 2940//2940
f 2944//2944 2886//2886 2941//2941
f 3002//3002 2941//2941 2998//2998
f 2942//2942 2998//2998 2941//2941
f 2945//2945 2946//2946 2890//2890
f 2944//2944 2945//2945 2943//2943
f 2944//2944 3001//3001 2945//2945
f 2945//2945 3001//3001 3005//3005
f 3002//3002 2944//2944 2941//2941
f 2946//2946 2892//2892 2890//2890
f 2946//2946 2947//2947 2892//2892
f 3005//3005 2946//2946 2945//2945
f 2946//2946 3005//3005 2947//2947
f 2948//2948 2949//2949 2893//2893
f 2949//2949 2895//2895 2893//2893
f 2950//2950 2948//2948 2892//2892
f 2950//2950 2949//2949 2948//2948
f 2947//2947 2950//2950 2892//2892
f 2947//2947 3006//3006 2950//2950
f 3006//3006 3009//3009 2950//2950
f 2950//2950 3009//3009 2949//2949
f 3011//3011 2842//2842 2894//2894
f 3007//3007 2894//2894 2895//2895
f 2955//2955 2898//2898 2842//2842
f 2952//2952 2896//2896 2959//2959
f 2952//2952 2959//2959 2951//2951
f 2952//2952 2951//2951 3014//3014
f 2952//2952 2953//2953 2896//2896
f 2952//2952 3013//3013 2953//2953
f 2953//2953 3013//3013 2997//2997
f 2899//2899 2898//2898 2955//2955
f 2899//2899 2955//2955 2954//2954
f 2954//2954 2955//2955 3017//3017
f 3017//3017 2956//2956 2954//2954
f 3017//3017 3064//3064 2956//2956
f 2903//2903 2958//2958 2957//2957
f 2903//2903 2911//2911 2969//2969
f 2958//2958 2903//2903 2969//2969
f 2970//2970 2958//2958 2969//2969
f 3018//3018 2957//2957 2958//2958
f 2958//2958 2970//2970 3065//3065
f 2958//2958 3065//3065 3018//3018
f 2957//2957 2959//2959 2906//2906
f 2957//2957 2951//2951 2959//2959
f 2957//2957 3018//3018 2951//2951
f 2907//2907 2961//2961 2908//2908
f 2908//2908 2961//2961 2960//2960
f 2961//2961 2907//2907 2962//2962
f 2956//2956 2962//2962 2907//2907
f 2962//2962 2956//2956 3020//3020
f 2911//2911 2964//2964 2969//2969
f 2963//2963 2965//2965 2912//2912
f 2972//2972 2963//2963 2920//2920
f 2965//2965 2963//2963 2966//2966
f 2966//2966 2964//2964 2965//2965
f 2967//2967 2963//2963 2972//2972
f 2967//2967 2966//2966 2963//2963
f 2968//2968 2969//2969 2964//2964
f 2968//2968 2964//2964 2966//2966
f 2967//2967 2972//2972 2974//2974
f 2968//2968 2966//2966 3022//3022
f 3022//3022 2970//2970 2968//2968
f 3023//3023 2966//2966 2967//2967
f 3023//3023 2967//2967 2974//2974
f 2968//2968 2970//2970 2969//2969
f 2960//2960 2971//2971 2914//2914
f 2917//2917 2973//2973 2972//2972
f 2973//2973 2974//2974 2972//2972
f 3027//3027 2974//2974 2973//2973
f 3025//3025 3027//3027 2973//2973
f 2981//2981 3025//3025 2973//2973
f 3033//3033 3025//3025 2981//2981
f 3025//3025 3033//3033 3035//3035
f 2975//2975 2976//2976 2921//2921
f 2971//2971 2975//2975 2921//2921
f 2975//2975 2971//2971 2977//2977
f 2975//2975 2977//2977 2976//2976
f 2979//2979 2978//2978 2928//2928
f 2979//2979 2928//2928 2930//2930
f 2980//2980 2979//2979 2930//2930
f 3038//3038 2980//2980 2991//2991
f 2978//2978 2983//2983 2982//2982
f 2979//2979 2983//2983 2978//2978
f 2982//2982 3033//3033 2981//2981
f 2992//2992 2984//2984 3044//3044
f 2933//2933 2985//2985 2984//2984
f 2984//2984 2987//2987 3045//3045
f 3044//3044 2984//2984 3045//3045
f 2984//2984 2985//2985 2987//2987
f 2987//2987 2985//2985 2986//2986
f 2985//2985 2934//2934 2986//2986
f 2986//2986 2988//2988 2987//2987
f 2986//2986 2934//2934 2988//2988
f 2988//2988 2934//2934 3048//3048
f 3046//3046 2987//2987 2988//2988
f 3048//3048 2934//2934 2993//2993
f 2864//2864 3100//3100 2995//2995
f 3050//3050 2989//2989 3049//3049
f 2931//2931 2992//2992 2990//2990
f 2991//2991 2990//2990 2992//2992
f 3038//3038 2991//2991 2992//2992
f 2992//2992 3044//3044 3038//3038
f 3052//3052 2993//2993 2937//2937
f 3051//3051 2993//2993 3052//3052
f 3053//3053 2879//2879 2994//2994
f 2882//2882 2995//2995 2994//2994
f 2882//2882 2864//2864 2995//2995
f 2996//2996 2947//2947 3005//3005
f 3005//3005 3061//3061 2996//2996
f 2996//2996 3006//3006 2947//2947
f 2996//2996 3055//3055 3006//3006
f 3055//3055 3058//3058 3009//3009
f 2996//2996 3056//3056 3055//3055
f 3016//3016 2999//2999 2997//2997
f 2999//2999 3059//3059 3000//3000
f 3016//3016 3059//3059 2999//2999
f 3000//3000 3004//3004 2998//2998
f 2998//2998 3004//3004 3002//3002
f 2999//2999 2998//2998 2942//2942
f 2999//2999 3000//3000 2998//2998
f 2944//2944 3002//3002 3001//3001
f 3003//3003 3001//3001 3002//3002
f 3004//3004 3003//3003 3002//3002
f 3004//3004 3060//3060 3003//3003
f 3000//3000 3060//3060 3004//3004
f 3061//3061 3005//3005 3001//3001
f 3003//3003 3061//3061 3001//3001
f 3055//3055 3009//3009 3006//3006
f 2894//2894 3007//3007 3011//3011
f 3008//3008 2895//2895 2949//2949
f 3008//3008 2949//2949 3009//3009
f 3008//3008 3007//3007 2895//2895
f 3009//3009 3010//3010 3008//3008
f 3010//3010 3007//3007 3008//3008
f 2842//2842 3011//3011 3012//3012
f 3012//3012 2955//2955 2842//2842
f 3018//3018 3014//3014 2951//2951
f 2952//2952 3014//3014 3013//3013
f 3014//3014 3015//3015 3013//3013
f 3014//3014 3019//3019 3015//3015
f 3015//3015 3016//3016 3013//3013
f 2997//2997 3013//3013 3016//3016
f 3012//3012 3063//3063 2955//2955
f 3017//3017 2955//2955 3063//3063
f 3063//3063 3064//3064 3017//3017
f 2956//2956 3064//3064 3070//3070
f 3070//3070 3064//3064 3119//3119
f 3018//3018 3019//3019 3014//3014
f 3019//3019 3018//3018 3065//3065
f 2961//2961 2962//2962 3020//3020
f 3021//3021 2960//2960 2961//2961
f 3077//3077 2960//2960 3021//3021
f 3020//3020 2956//2956 3070//3070
f 3023//3023 3022//3022 2966//2966
f 3022//3022 3023//3023 3024//3024
f 3024//3024 3023//3023 3026//3026
f 3024//3024 3026//3026 3030//3030
f 3074//3074 3024//3024 3030//3030
f 3030//3030 3075//3075 3074//3074
f 3075//3075 3030//3030 3080//3080
f 2960//2960 3077//3077 2971//2971
f 2971//2971 3077//3077 3078//3078
f 3084//3084 2977//2977 2971//2971
f 2971//2971 3078//3078 3084//3084
f 2974//2974 3026//3026 3023//3023
f 2974//2974 3027//3027 3026//3026
f 3025//3025 3028//3028 3027//3027
f 3026//3026 3027//3027 3029//3029
f 3028//3028 3029//3029 3027//3027
f 3028//3028 3025//3025 3035//3035
f 3029//3029 3030//3030 3026//3026
f 3029//3029 3080//3080 3030//3030
f 2976//2976 3032//3032 3049//3049
f 3049//3049 3032//3032 3031//3031
f 3049//3049 3031//3031 3050//3050
f 2976//2976 2977//2977 3032//3032
f 2977//2977 3084//3084 3032//3032
f 3032//3032 3084//3084 3031//3031
f 2983//2983 3033//3033 2982//2982
f 3039//3039 2979//2979 2980//2980
f 3038//3038 3039//3039 2980//2980
f 3035//3035 3033//3033 3036//3036
f 2983//2983 3034//3034 3033//3033
f 3033//3033 3034//3034 3036//3036
f 3034//3034 2983//2983 2979//2979
f 3034//3034 2979//2979 3039//3039
f 3037//3037 3036//3036 3034//3034
f 3037//3037 3034//3034 3039//3039
f 3037//3037 3039//3039 3042//3042
f 3035//3035 3036//3036 3086//3086
f 3036//3036 3041//3041 3086//3086
f 3041//3041 3036//3036 3037//3037
f 3038//3038 3044//3044 3040//3040
f 3039//3039 3040//3040 3042//3042
f 3040//3040 3039//3039 3038//3038
f 3041//3041 3037//3037 3042//3042
f 3042//3042 3040//3040 3043//3043
f 3043//3043 3040//3040 3044//3044
f 3041//3041 3042//3042 3087//3087
f 3045//3045 3090//3090 3044//3044
f 3090//3090 3043//3043 3044//3044
f 3090//3090 3089//3089 3043//3043
f 2987//2987 3046//3046 3045//3045
f 3091//3091 3045//3045 3046//3046
f 3045//3045 3091//3091 3090//3090
f 3047//3047 3046//3046 2988//2988
f 3047//3047 2988//2988 3048//3048
f 3091//3091 3046//3046 3047//3047
f 3047//3047 3048//3048 3092//3092
f 3051//3051 3093//3093 2993//2993
f 3048//3048 2993//2993 3093//3093
f 2864//2864 2989//2989 3100//3100
f 3096//3096 3051//3051 3052//3052
f 2994//2994 2995//2995 3100//3100
f 2994//2994 3100//3100 3054//3054
f 3053//3053 2994//2994 3054//3054
f 2996//2996 3061//3061 3056//3056
f 3061//3061 3110//3110 3056//3056
f 3056//3056 3057//3057 3055//3055
f 3057//3057 3058//3058 3055//3055
f 3057//3057 3102//3102 3058//3058
f 3110//3110 3101//3101 3056//3056
f 3056//3056 3101//3101 3057//3057
f 3057//3057 3103//3103 3102//3102
f 3103//3103 3057//3057 3101//3101
f 3062//3062 3009//3009 3058//3058
f 3102//3102 3062//3062 3058//3058
f 3108//3108 3060//3060 3000//3000
f 3059//3059 3108//3108 3000//3000
f 3060//3060 3109//3109 3003//3003
f 3003//3003 3109//3109 3110//3110
f 3108//3108 3109//3109 3060//3060
f 3110//3110 3061//3061 3003//3003
f 3009//3009 3062//3062 3010//3010
f 3062//3062 3114//3114 3010//3010
f 3010//3010 3113//3113 3007//3007
f 3113//3113 3112//3112 3007//3007
f 3112//3112 3011//3011 3007//3007
f 3112//3112 3012//3012 3011//3011
f 3114//3114 3113//3113 3010//3010
f 3062//3062 3104//3104 3114//3114
f 3112//3112 3063//3063 3012//3012
f 3112//3112 3115//3115 3063//3063
f 3069//3069 3117//3117 3015//3015
f 3069//3069 3122//3122 3117//3117
f 3015//3015 3117//3117 3016//3016
f 3059//3059 3016//3016 3118//3118
f 3120//3120 3063//3063 3115//3115
f 3072//3072 3070//3070 3119//3119
f 3064//3064 3063//3063 3119//3119
f 3063//3063 3120//3120 3119//3119
f 2970//2970 3022//3022 3065//3065
f 3065//3065 3066//3066 3019//3019
f 3065//3065 3068//3068 3066//3066
f 3068//3068 3065//3065 3067//3067
f 3067//3067 3065//3065 3022//3022
f 3022//3022 3076//3076 3067//3067
f 3067//3067 3121//3121 3068//3068
f 3066//3066 3068//3068 3158//3158
f 3015//3015 3019//3019 3069//3069
f 3019//3019 3066//3066 3069//3069
f 3069//3069 3066//3066 3122//3122
f 3021//3021 2961//2961 3073//3073
f 3071//3071 3077//3077 3021//3021
f 3021//3021 3073//3073 3071//3071
f 3072//3072 3020//3020 3070//3070
f 2961//2961 3020//3020 3073//3073
f 3073//3073 3020//3020 3072//3072
f 3072//3072 3192//3192 3073//3073
f 3073//3073 3078//3078 3071//3071
f 3072//3072 3119//3119 3192//3192
f 3024//3024 3074//3074 3076//3076
f 3024//3024 3076//3076 3022//3022
f 3082//3082 3075//3075 3080//3080
f 3067//3067 3076//3076 3121//3121
f 3077//3077 3071//3071 3078//3078
f 3029//3029 3081//3081 3080//3080
f 3081//3081 3028//3028 3035//3035
f 3029//3029 3028//3028 3081//3081
f 3081//3081 3035//3035 3079//3079
f 3035//3035 3086//3086 3079//3079
f 3086//3086 3088//3088 3079//3079
f 3081//3081 3082//3082 3080//3080
f 3081//3081 3079//3079 3083//3083
f 3079//3079 3088//3088 3083//3083
f 3081//3081 3083//3083 3082//3082
f 3084//3084 3085//3085 3031//3031
f 3144//3144 3031//3031 3085//3085
f 3084//3084 3174//3174 3085//3085
f 3086//3086 3041//3041 3087//3087
f 3131//3131 3042//3042 3043//3043
f 3087//3087 3088//3088 3086//3086
f 3131//3131 3087//3087 3042//3042
f 3089//3089 3131//3131 3043//3043
f 3090//3090 3091//3091 3089//3089
f 3141//3141 3131//3131 3089//3089
f 3089//3089 3091//3091 3140//3140
f 3089//3089 3140//3140 3141//3141
f 3047//3047 3092//3092 3142//3142
f 3047//3047 3142//3142 3091//3091
f 3140//3140 3091//3091 3142//3142
f 3092//3092 3048//3048 3094//3094
f 3142//3142 3092//3092 3143//3143
f 3094//3094 3048//3048 3093//3093
f 3094//3094 3093//3093 3095//3095
f 3095//3095 3093//3093 3051//3051
f 3095//3095 3051//3051 3096//3096
f 2989//2989 3050//3050 3097//3097
f 2989//2989 3097//3097 3100//3100
f 3144//3144 3050//3050 3031//3031
f 3097//3097 3050//3050 3144//3144
f 3145//3145 3097//3097 3144//3144
f 3096//3096 3052//3052 3178//3178
f 3099//3099 3052//3052 3053//3053
f 3178//3178 3052//3052 3099//3099
f 3180//3180 3178//3178 3099//3099
f 3098//3098 3053//3053 3054//3054
f 3054//3054 3100//3100 3098//3098
f 3099//3099 3053//3053 3098//3098
f 3147//3147 3098//3098 3100//3100
f 3098//3098 3147//3147 3148//3148
f 3111//3111 3105//3105 3101//3101
f 3101//3101 3105//3105 3103//3103
f 3102//3102 3104//3104 3062//3062
f 3105//3105 3106//3106 3103//3103
f 3106//3106 3102//3102 3103//3103
f 3102//3102 3106//3106 3104//3104
f 3105//3105 3150//3150 3106//3106
f 3150//3150 3107//3107 3106//3106
f 3106//3106 3107//3107 3104//3104
f 3109//3109 3108//3108 3190//3190
f 3109//3109 3111//3111 3110//3110
f 3101//3101 3110//3110 3111//3111
f 3105//3105 3111//3111 3150//3150
f 3111//3111 3109//3109 3149//3149
f 3107//3107 3152//3152 3104//3104
f 3150//3150 3111//3111 3149//3149
f 3152//3152 3114//3114 3104//3104
f 3185//3185 3152//3152 3107//3107
f 3112//3112 3113//3113 3116//3116
f 3114//3114 3151//3151 3113//3113
f 3152//3152 3151//3151 3114//3114
f 3113//3113 3151//3151 3116//3116
f 3115//3115 3112//3112 3116//3116
f 3117//3117 3118//3118 3016//3016
f 3122//3122 3155//3155 3117//3117
f 3122//3122 3158//3158 3155//3155
f 3115//3115 3157//3157 3120//3120
f 3158//3158 3068//3068 3123//3123
f 3121//3121 3123//3123 3068//3068
f 3158//3158 3122//3122 3066//3066
f 3161//3161 3123//3123 3127//3127
f 3075//3075 3125//3125 3074//3074
f 3082//3082 3126//3126 3075//3075
f 3132//3132 3126//3126 3082//3082
f 3124//3124 3076//3076 3074//3074
f 3125//3125 3124//3124 3074//3074
f 3124//3124 3121//3121 3076//3076
f 3126//3126 3125//3125 3075//3075
f 3125//3125 3126//3126 3128//3128
f 3132//3132 3128//3128 3126//3126
f 3124//3124 3127//3127 3121//3121
f 3127//3127 3123//3123 3121//3121
f 3124//3124 3125//3125 3127//3127
f 3128//3128 3129//3129 3125//3125
f 3129//3129 3127//3127 3125//3125
f 3130//3130 3129//3129 3128//3128
f 3134//3134 3128//3128 3132//3132
f 3129//3129 3162//3162 3161//3161
f 3127//3127 3129//3129 3161//3161
f 3162//3162 3129//3129 3130//3130
f 3128//3128 3134//3134 3137//3137
f 3162//3162 3130//3130 3164//3164
f 3083//3083 3132//3132 3082//3082
f 3134//3134 3088//3088 3133//3133
f 3132//3132 3083//3083 3134//3134
f 3088//3088 3134//3134 3083//3083
f 3133//3133 3088//3088 3136//3136
f 3088//3088 3087//3087 3136//3136
f 3136//3136 3087//3087 3131//3131
f 3134//3134 3133//3133 3135//3135
f 3136//3136 3131//3131 3168//3168
f 3134//3134 3135//3135 3137//3137
f 3133//3133 3136//3136 3135//3135
f 3168//3168 3131//3131 3138//3138
f 3138//3138 3131//3131 3139//3139
f 3139//3139 3142//3142 3170//3170
f 3085//3085 3179//3179 3144//3144
f 3141//3141 3139//3139 3131//3131
f 3141//3141 3140//3140 3142//3142
f 3142//3142 3139//3139 3141//3141
f 3175//3175 3092//3092 3094//3094
f 3143//3143 3092//3092 3175//3175
f 3170//3170 3142//3142 3143//3143
f 3094//3094 3095//3095 3176//3176
f 3178//3178 3095//3095 3096//3096
f 3176//3176 3095//3095 3177//3177
f 3095//3095 3178//3178 3177//3177
f 3147//3147 3100//3100 3097//3097
f 3085//3085 3174//3174 3179//3179
f 3144//3144 3179//3179 3145//3145
f 3098//3098 3148//3148 3099//3099
f 3146//3146 3099//3099 3148//3148
f 3147//3147 3181//3181 3148//3148
f 3190//3190 3149//3149 3109//3109
f 3154//3154 3116//3116 3151//3151
f 3151//3151 3187//3187 3154//3154
f 3152//3152 3206//3206 3151//3151
f 3206//3206 3187//3187 3151//3151
f 3185//3185 3206//3206 3152//3152
f 3157//3157 3115//3115 3153//3153
f 3153//3153 3116//3116 3154//3154
f 3116//3116 3153//3153 3115//3115
f 3188//3188 3153//3153 3154//3154
f 3188//3188 3156//3156 3153//3153
f 3157//3157 3153//3153 3156//3156
f 3155//3155 3118//3118 3117//3117
f 3155//3155 3189//3189 3118//3118
f 3118//3118 3108//3108 3059//3059
f 3108//3108 3118//3118 3189//3189
f 3157//3157 3119//3119 3120//3120
f 3211//3211 3157//3157 3156//3156
f 3209//3209 3157//3157 3211//3211
f 3160//3160 3158//3158 3123//3123
f 3123//3123 3161//3161 3163//3163
f 3158//3158 3160//3160 3159//3159
f 3158//3158 3159//3159 3155//3155
f 3191//3191 3283//3283 3073//3073
f 3192//3192 3191//3191 3073//3073
f 3130//3130 3128//3128 3137//3137
f 3130//3130 3137//3137 3164//3164
f 3161//3161 3162//3162 3163//3163
f 3137//3137 3167//3167 3164//3164
f 3164//3164 3167//3167 3165//3165
f 3162//3162 3193//3193 3163//3163
f 3162//3162 3164//3164 3193//3193
f 3164//3164 3165//3165 3193//3193
f 3137//3137 3135//3135 3167//3167
f 3135//3135 3136//3136 3168//3168
f 3166//3166 3138//3138 3139//3139
f 3166//3166 3139//3139 3170//3170
f 3135//3135 3168//3168 3167//3167
f 3169//3169 3168//3168 3138//3138
f 3166//3166 3169//3169 3138//3138
f 3169//3169 3166//3166 3171//3171
f 3168//3168 3169//3169 3172//3172
f 3168//3168 3195//3195 3167//3167
f 3168//3168 3172//3172 3195//3195
f 3171//3171 3166//3166 3170//3170
f 3171//3171 3172//3172 3169//3169
f 3197//3197 3171//3171 3170//3170
f 3143//3143 3173//3173 3170//3170
f 3170//3170 3173//3173 3197//3197
f 3199//3199 3084//3084 3078//3078
f 3174//3174 3202//3202 3179//3179
f 3199//3199 3174//3174 3084//3084
f 3173//3173 3143//3143 3175//3175
f 3094//3094 3176//3176 3175//3175
f 3173//3173 3175//3175 3176//3176
f 3178//3178 3180//3180 3245//3245
f 3178//3178 3245//3245 3243//3243
f 3177//3177 3178//3178 3243//3243
f 3145//3145 3184//3184 3097//3097
f 3147//3147 3097//3097 3184//3184
f 3145//3145 3200//3200 3184//3184
f 3145//3145 3179//3179 3200//3200
f 3180//3180 3099//3099 3146//3146
f 3181//3181 3183//3183 3148//3148
f 3146//3146 3148//3148 3183//3183
f 3181//3181 3182//3182 3183//3183
f 3182//3182 3181//3181 3184//3184
f 3146//3146 3183//3183 3180//3180
f 3182//3182 3245//3245 3183//3183
f 3147//3147 3184//3184 3181//3181
f 3149//3149 3190//3190 3204//3204
f 3186//3186 3185//3185 3107//3107
f 3150//3150 3186//3186 3107//3107
f 3149//3149 3205//3205 3150//3150
f 3150//3150 3205//3205 3186//3186
f 3248//3248 3185//3185 3186//3186
f 3248//3248 3186//3186 3205//3205
f 3154//3154 3187//3187 3252//3252
f 3252//3252 3188//3188 3154//3154
f 3206//3206 3252//3252 3187//3187
f 3188//3188 3211//3211 3156//3156
f 3155//3155 3220//3220 3189//3189
f 3220//3220 3207//3207 3189//3189
f 3189//3189 3190//3190 3108//3108
f 3189//3189 3208//3208 3190//3190
f 3207//3207 3208//3208 3189//3189
f 3210//3210 3192//3192 3119//3119
f 3119//3119 3157//3157 3209//3209
f 3123//3123 3163//3163 3226//3226
f 3123//3123 3226//3226 3160//3160
f 3160//3160 3213//3213 3214//3214
f 3159//3159 3220//3220 3155//3155
f 3191//3191 3192//3192 3257//3257
f 3192//3192 3210//3210 3257//3257
f 3193//3193 3226//3226 3163//3163
f 3193//3193 3165//3165 3225//3225
f 3193//3193 3224//3224 3223//3223
f 3225//3225 3224//3224 3193//3193
f 3226//3226 3193//3193 3223//3223
f 3225//3225 3165//3165 3196//3196
f 3194//3194 3078//3078 3073//3073
f 3199//3199 3078//3078 3194//3194
f 3194//3194 3073//3073 3283//3283
f 3167//3167 3195//3195 3165//3165
f 3195//3195 3172//3172 3235//3235
f 3171//3171 3236//3236 3172//3172
f 3235//3235 3172//3172 3236//3236
f 3171//3171 3198//3198 3236//3236
f 3198//3198 3171//3171 3197//3197
f 3196//3196 3165//3165 3195//3195
f 3196//3196 3195//3195 3235//3235
f 3173//3173 3176//3176 3239//3239
f 3239//3239 3197//3197 3173//3173
f 3174//3174 3244//3244 3202//3202
f 3239//3239 3176//3176 3242//3242
f 3242//3242 3176//3176 3241//3241
f 3241//3241 3176//3176 3177//3177
f 3184//3184 3200//3200 3271//3271
f 3179//3179 3201//3201 3200//3200
f 3179//3179 3202//3202 3201//3201
f 3201//3201 3202//3202 3292//3292
f 3245//3245 3180//3180 3183//3183
f 3203//3203 3182//3182 3184//3184
f 3203//3203 3245//3245 3182//3182
f 3203//3203 3184//3184 3270//3270
f 3204//3204 3205//3205 3149//3149
f 3246//3246 3205//3205 3204//3204
f 3248//3248 3249//3249 3185//3185
f 3249//3249 3206//3206 3185//3185
f 3220//3220 3221//3221 3207//3207
f 3207//3207 3221//3221 3250//3250
f 3208//3208 3207//3207 3250//3250
f 3250//3250 3256//3256 3303//3303
f 3208//3208 3251//3251 3190//3190
f 3211//3211 3188//3188 3273//3273
f 3119//3119 3209//3209 3210//3210
f 3209//3209 3211//3211 3212//3212
f 3212//3212 3210//3210 3209//3209
f 3253//3253 3211//3211 3273//3273
f 3212//3212 3211//3211 3253//3253
f 3253//3253 3254//3254 3212//3212
f 3212//3212 3254//3254 3222//3222
f 3222//3222 3210//3210 3212//3212
f 3160//3160 3226//3226 3213//3213
f 3230//3230 3213//3213 3226//3226
f 3230//3230 3217//3217 3213//3213
f 3160//3160 3214//3214 3159//3159
f 3217//3217 3214//3214 3213//3213
f 3159//3159 3215//3215 3220//3220
f 3159//3159 3214//3214 3215//3215
f 3214//3214 3216//3216 3215//3215
f 3217//3217 3216//3216 3214//3214
f 3216//3216 3218//3218 3219//3219
f 3216//3216 3219//3219 3215//3215
f 3217//3217 3218//3218 3216//3216
f 3230//3230 3234//3234 3217//3217
f 3215//3215 3219//3219 3255//3255
f 3218//3218 3282//3282 3219//3219
f 3234//3234 3218//3218 3217//3217
f 3234//3234 3282//3282 3218//3218
f 3215//3215 3221//3221 3220//3220
f 3215//3215 3255//3255 3221//3221
f 3221//3221 3256//3256 3250//3250
f 3257//3257 3210//3210 3222//3222
f 3223//3223 3224//3224 3231//3231
f 3225//3225 3196//3196 3227//3227
f 3225//3225 3227//3227 3229//3229
f 3226//3226 3228//3228 3230//3230
f 3223//3223 3228//3228 3226//3226
f 3223//3223 3231//3231 3228//3228
f 3224//3224 3229//3229 3231//3231
f 3225//3225 3229//3229 3224//3224
f 3232//3232 3230//3230 3228//3228
f 3232//3232 3228//3228 3231//3231
f 3227//3227 3238//3238 3229//3229
f 3229//3229 3233//3233 3231//3231
f 3232//3232 3234//3234 3230//3230
f 3229//3229 3238//3238 3233//3233
f 3234//3234 3232//3232 3258//3258
f 3238//3238 3260//3260 3233//3233
f 3258//3258 3282//3282 3234//3234
f 3232//3232 3231//3231 3258//3258
f 3260//3260 3259//3259 3233//3233
f 3290//3290 3194//3194 3283//3283
f 3235//3235 3227//3227 3196//3196
f 3227//3227 3235//3235 3237//3237
f 3238//3238 3227//3227 3237//3237
f 3263//3263 3236//3236 3198//3198
f 3240//3240 3198//3198 3197//3197
f 3237//3237 3235//3235 3236//3236
f 3237//3237 3236//3236 3263//3263
f 3263//3263 3198//3198 3240//3240
f 3260//3260 3238//3238 3237//3237
f 3240//3240 3197//3197 3239//3239
f 3239//3239 3242//3242 3267//3267
f 3199//3199 3194//3194 3290//3290
f 3267//3267 3242//3242 3268//3268
f 3177//3177 3243//3243 3241//3241
f 3242//3242 3241//3241 3268//3268
f 3201//3201 3291//3291 3200//3200
f 3202//3202 3244//3244 3292//3292
f 3201//3201 3292//3292 3291//3291
f 3203//3203 3270//3270 3293//3293
f 3184//3184 3271//3271 3270//3270
f 3270//3270 3271//3271 3272//3272
f 3251//3251 3247//3247 3204//3204
f 3204//3204 3190//3190 3251//3251
f 3247//3247 3246//3246 3204//3204
f 3246//3246 3248//3248 3205//3205
f 3249//3249 3339//3339 3206//3206
f 3206//3206 3339//3339 3252//3252
f 3250//3250 3251//3251 3208//3208
f 3250//3250 3303//3303 3251//3251
f 3188//3188 3252//3252 3273//3273
f 3273//3273 3299//3299 3253//3253
f 3253//3253 3299//3299 3254//3254
f 3219//3219 3282//3282 3275//3275
f 3221//3221 3255//3255 3256//3256
f 3255//3255 3219//3219 3275//3275
f 3303//3303 3256//3256 3274//3274
f 3274//3274 3256//3256 3255//3255
f 3283//3283 3191//3191 3276//3276
f 3257//3257 3222//3222 3277//3277
f 3276//3276 3191//3191 3257//3257
f 3278//3278 3257//3257 3277//3277
f 3257//3257 3278//3278 3276//3276
f 3233//3233 3258//3258 3231//3231
f 3258//3258 3280//3280 3282//3282
f 3233//3233 3259//3259 3258//3258
f 3258//3258 3259//3259 3280//3280
f 3281//3281 3280//3280 3259//3259
f 3281//3281 3259//3259 3284//3284
f 3240//3240 3239//3239 3267//3267
f 3240//3240 3267//3267 3265//3265
f 3265//3265 3261//3261 3240//3240
f 3261//3261 3263//3263 3240//3240
f 3259//3259 3260//3260 3284//3284
f 3237//3237 3262//3262 3260//3260
f 3260//3260 3262//3262 3284//3284
f 3237//3237 3263//3263 3262//3262
f 3264//3264 3263//3263 3261//3261
f 3262//3262 3263//3263 3287//3287
f 3286//3286 3287//3287 3263//3263
f 3286//3286 3263//3263 3264//3264
f 3284//3284 3262//3262 3287//3287
f 3265//3265 3267//3267 3266//3266
f 3266//3266 3261//3261 3265//3265
f 3264//3264 3261//3261 3266//3266
f 3285//3285 3264//3264 3266//3266
f 3268//3268 3241//3241 3243//3243
f 3243//3243 3269//3269 3268//3268
f 3291//3291 3326//3326 3200//3200
f 3245//3245 3203//3203 3293//3293
f 3293//3293 3270//3270 3272//3272
f 3200//3200 3326//3326 3271//3271
f 3251//3251 3297//3297 3247//3247
f 3251//3251 3303//3303 3337//3337
f 3247//3247 3297//3297 3246//3246
f 3339//3339 3273//3273 3252//3252
f 3254//3254 3299//3299 3279//3279
f 3275//3275 3274//3274 3255//3255
f 3303//3303 3274//3274 3300//3300
f 3274//3274 3275//3275 3300//3300
f 3275//3275 3308//3308 3300//3300
f 3282//3282 3308//3308 3275//3275
f 3303//3303 3300//3300 3304//3304
f 3222//3222 3254//3254 3279//3279
f 3279//3279 3277//3277 3222//3222
f 3282//3282 3280//3280 3309//3309
f 3281//3281 3309//3309 3280//3280
f 3281//3281 3310//3310 3309//3309
f 3282//3282 3309//3309 3308//3308
f 3286//3286 3264//3264 3285//3285
f 3288//3288 3266//3266 3267//3267
f 3285//3285 3266//3266 3288//3288
f 3316//3316 3287//3287 3286//3286
f 3320//3320 3316//3316 3286//3286
f 3320//3320 3286//3286 3285//3285
f 3285//3285 3288//3288 3324//3324
f 3324//3324 3288//3288 3268//3268
f 3174//3174 3289//3289 3244//3244
f 3199//3199 3289//3289 3174//3174
f 3199//3199 3290//3290 3356//3356
f 3289//3289 3199//3199 3356//3356
f 3288//3288 3267//3267 3268//3268
f 3324//3324 3268//3268 3269//3269
f 3327//3327 3325//3325 3269//3269
f 3269//3269 3243//3243 3327//3327
f 3327//3327 3243//3243 3245//3245
f 3326//3326 3291//3291 3292//3292
f 3245//3245 3294//3294 3327//3327
f 3327//3327 3294//3294 3329//3329
f 3294//3294 3245//3245 3293//3293
f 3333//3333 3293//3293 3272//3272
f 3294//3294 3293//3293 3328//3328
f 3328//3328 3293//3293 3333//3333
f 3271//3271 3295//3295 3272//3272
f 3333//3333 3272//3272 3295//3295
f 3336//3336 3271//3271 3296//3296
f 3336//3336 3295//3295 3271//3271
f 3296//3296 3271//3271 3326//3326
f 3326//3326 3393//3393 3296//3296
f 3251//3251 3338//3338 3297//3297
f 3297//3297 3481//3481 3246//3246
f 3297//3297 3338//3338 3481//3481
f 3365//3365 3339//3339 3249//3249
f 3339//3339 3298//3298 3273//3273
f 3273//3273 3298//3298 3299//3299
f 3300//3300 3301//3301 3304//3304
f 3301//3301 3302//3302 3304//3304
f 3308//3308 3314//3314 3301//3301
f 3308//3308 3301//3301 3300//3300
f 3305//3305 3279//3279 3299//3299
f 3343//3343 3305//3305 3299//3299
f 3276//3276 3278//3278 3306//3306
f 3283//3283 3276//3276 3306//3306
f 3277//3277 3306//3306 3278//3278
f 3305//3305 3277//3277 3279//3279
f 3277//3277 3305//3305 3307//3307
f 3306//3306 3277//3277 3307//3307
f 3305//3305 3343//3343 3307//3307
f 3283//3283 3306//3306 3349//3349
f 3368//3368 3307//3307 3343//3343
f 3307//3307 3367//3367 3306//3306
f 3307//3307 3368//3368 3367//3367
f 3306//3306 3367//3367 3349//3349
f 3284//3284 3310//3310 3281//3281
f 3310//3310 3284//3284 3311//3311
f 3308//3308 3309//3309 3313//3313
f 3312//3312 3313//3313 3309//3309
f 3310//3310 3312//3312 3309//3309
f 3311//3311 3312//3312 3310//3310
f 3308//3308 3313//3313 3314//3314
f 3313//3313 3312//3312 3345//3345
f 3311//3311 3348//3348 3312//3312
f 3317//3317 3348//3348 3311//3311
f 3301//3301 3314//3314 3344//3344
f 3313//3313 3344//3344 3314//3314
f 3313//3313 3345//3345 3344//3344
f 3315//3315 3311//3311 3284//3284
f 3315//3315 3284//3284 3287//3287
f 3315//3315 3287//3287 3318//3318
f 3318//3318 3316//3316 3319//3319
f 3287//3287 3316//3316 3318//3318
f 3319//3319 3316//3316 3320//3320
f 3315//3315 3317//3317 3311//3311
f 3317//3317 3315//3315 3318//3318
f 3321//3321 3320//3320 3285//3285
f 3322//3322 3319//3319 3320//3320
f 3321//3321 3322//3322 3320//3320
f 3324//3324 3321//3321 3285//3285
f 3322//3322 3321//3321 3353//3353
f 3353//3353 3321//3321 3324//3324
f 3318//3318 3319//3319 3323//3323
f 3323//3323 3319//3319 3322//3322
f 3317//3317 3318//3318 3323//3323
f 3356//3356 3358//3358 3289//3289
f 3390//3390 3289//3289 3358//3358
f 3353//3353 3324//3324 3269//3269
f 3325//3325 3353//3353 3269//3269
f 3289//3289 3390//3390 3244//3244
f 3244//3244 3390//3390 3292//3292
f 3292//3292 3390//3390 3395//3395
f 3329//3329 3294//3294 3328//3328
f 3329//3329 3328//3328 3330//3330
f 3331//3331 3329//3329 3330//3330
f 3328//3328 3334//3334 3330//3330
f 3331//3331 3327//3327 3329//3329
f 3331//3331 3332//3332 3359//3359
f 3331//3331 3330//3330 3332//3332
f 3332//3332 3330//3330 3335//3335
f 3330//3330 3334//3334 3335//3335
f 3359//3359 3327//3327 3331//3331
f 3359//3359 3325//3325 3327//3327
f 3332//3332 3391//3391 3359//3359
f 3391//3391 3332//3332 3392//3392
f 3332//3332 3335//3335 3392//3392
f 3328//3328 3333//3333 3334//3334
f 3334//3334 3333//3333 3433//3433
f 3334//3334 3392//3392 3335//3335
f 3295//3295 3336//3336 3333//3333
f 3296//3296 3393//3393 3336//3336
f 3393//3393 3326//3326 3361//3361
f 3326//3326 3292//3292 3361//3361
f 3251//3251 3337//3337 3338//3338
f 3246//3246 3396//3396 3248//3248
f 3246//3246 3476//3476 3396//3396
f 3248//3248 3396//3396 3249//3249
f 3339//3339 3364//3364 3298//3298
f 3364//3364 3400//3400 3298//3298
f 3301//3301 3346//3346 3302//3302
f 3303//3303 3304//3304 3341//3341
f 3302//3302 3340//3340 3304//3304
f 3302//3302 3346//3346 3340//3340
f 3341//3341 3304//3304 3342//3342
f 3304//3304 3340//3340 3342//3342
f 3340//3340 3346//3346 3371//3371
f 3303//3303 3341//3341 3337//3337
f 3299//3299 3368//3368 3343//3343
f 3301//3301 3344//3344 3346//3346
f 3346//3346 3344//3344 3347//3347
f 3347//3347 3344//3344 3345//3345
f 3312//3312 3348//3348 3345//3345
f 3346//3346 3347//3347 3369//3369
f 3345//3345 3348//3348 3347//3347
f 3346//3346 3369//3369 3371//3371
f 3357//3357 3283//3283 3349//3349
f 3317//3317 3351//3351 3348//3348
f 3351//3351 3317//3317 3323//3323
f 3323//3323 3322//3322 3350//3350
f 3322//3322 3353//3353 3352//3352
f 3322//3322 3352//3352 3350//3350
f 3323//3323 3350//3350 3351//3351
f 3354//3354 3350//3350 3352//3352
f 3351//3351 3372//3372 3348//3348
f 3351//3351 3350//3350 3354//3354
f 3351//3351 3354//3354 3373//3373
f 3351//3351 3373//3373 3372//3372
f 3353//3353 3354//3354 3352//3352
f 3374//3374 3354//3354 3353//3353
f 3356//3356 3290//3290 3355//3355
f 3283//3283 3357//3357 3290//3290
f 3355//3355 3290//3290 3357//3357
f 3355//3355 3378//3378 3356//3356
f 3356//3356 3389//3389 3358//3358
f 3355//3355 3357//3357 3378//3378
f 3353//3353 3325//3325 3381//3381
f 3374//3374 3353//3353 3381//3381
f 3386//3386 3381//3381 3325//3325
f 3391//3391 3325//3325 3359//3359
f 3391//3391 3386//3386 3325//3325
f 3362//3362 3292//3292 3395//3395
f 3333//3333 3336//3336 3360//3360
f 3333//3333 3360//3360 3433//3433
f 3336//3336 3393//3393 3360//3360
f 3360//3360 3393//3393 3433//3433
f 3292//3292 3362//3362 3361//3361
f 3361//3361 3362//3362 3394//3394
f 3481//3481 3338//3338 3437//3437
f 3338//3338 3363//3363 3437//3437
f 3337//3337 3363//3363 3338//3338
f 3481//3481 3476//3476 3246//3246
f 3396//3396 3397//3397 3249//3249
f 3249//3249 3397//3397 3365//3365
f 3397//3397 3398//3398 3365//3365
f 3365//3365 3364//3364 3339//3339
f 3400//3400 3364//3364 3365//3365
f 3399//3399 3400//3400 3365//3365
f 3342//3342 3366//3366 3341//3341
f 3342//3342 3402//3402 3366//3366
f 3342//3342 3340//3340 3402//3402
f 3337//3337 3341//3341 3366//3366
f 3366//3366 3363//3363 3337//3337
f 3299//3299 3401//3401 3368//3368
f 3401//3401 3299//3299 3298//3298
f 3348//3348 3372//3372 3370//3370
f 3370//3370 3369//3369 3347//3347
f 3348//3348 3370//3370 3347//3347
f 3370//3370 3372//3372 3376//3376
f 3369//3369 3403//3403 3371//3371
f 3369//3369 3370//3370 3403//3403
f 3371//3371 3402//3402 3340//3340
f 3372//3372 3373//3373 3375//3375
f 3373//3373 3354//3354 3374//3374
f 3374//3374 3377//3377 3373//3373
f 3372//3372 3375//3375 3376//3376
f 3381//3381 3377//3377 3374//3374
f 3375//3375 3373//3373 3377//3377
f 3377//3377 3381//3381 3384//3384
f 3384//3384 3413//3413 3377//3377
f 3413//3413 3404//3404 3377//3377
f 3356//3356 3378//3378 3389//3389
f 3378//3378 3357//3357 3380//3380
f 3378//3378 3380//3380 3389//3389
f 3380//3380 3357//3357 3379//3379
f 3379//3379 3357//3357 3454//3454
f 3380//3380 3379//3379 3454//3454
f 3380//3380 3429//3429 3389//3389
f 3380//3380 3454//3454 3453//3453
f 3386//3386 3382//3382 3381//3381
f 3383//3383 3382//3382 3386//3386
f 3384//3384 3381//3381 3382//3382
f 3388//3388 3383//3383 3386//3386
f 3384//3384 3385//3385 3413//3413
f 3385//3385 3384//3384 3382//3382
f 3382//3382 3414//3414 3385//3385
f 3414//3414 3382//3382 3383//3383
f 3383//3383 3388//3388 3414//3414
f 3391//3391 3387//3387 3386//3386
f 3387//3387 3388//3388 3386//3386
f 3387//3387 3428//3428 3388//3388
f 3389//3389 3429//3429 3430//3430
f 3358//3358 3389//3389 3430//3430
f 3358//3358 3430//3430 3390//3390
f 3395//3395 3390//3390 3472//3472
f 3392//3392 3431//3431 3391//3391
f 3428//3428 3387//3387 3391//3391
f 3428//3428 3391//3391 3431//3431
f 3334//3334 3433//3433 3432//3432
f 3393//3393 3361//3361 3394//3394
f 3433//3433 3394//3394 3435//3435
f 3394//3394 3433//3433 3393//3393
f 3394//3394 3362//3362 3435//3435
f 3362//3362 3395//3395 3435//3435
f 3396//3396 3398//3398 3397//3397
f 3436//3436 3396//3396 3476//3476
f 3398//3398 3399//3399 3365//3365
f 3400//3400 3519//3519 3298//3298
f 3439//3439 3441//3441 3402//3402
f 3366//3366 3402//3402 3441//3441
f 3366//3366 3478//3478 3363//3363
f 3366//3366 3441//3441 3478//3478
f 3368//3368 3401//3401 3443//3443
f 3367//3367 3368//3368 3443//3443
f 3401//3401 3438//3438 3443//3443
f 3408//3408 3403//3403 3370//3370
f 3402//3402 3371//3371 3439//3439
f 3357//3357 3349//3349 3454//3454
f 3377//3377 3404//3404 3375//3375
f 3376//3376 3375//3375 3405//3405
f 3375//3375 3404//3404 3405//3405
f 3418//3418 3405//3405 3404//3404
f 3376//3376 3406//3406 3370//3370
f 3376//3376 3405//3405 3406//3406
f 3405//3405 3418//3418 3407//3407
f 3407//3407 3418//3418 3420//3420
f 3370//3370 3406//3406 3408//3408
f 3405//3405 3410//3410 3406//3406
f 3410//3410 3405//3405 3407//3407
f 3408//3408 3406//3406 3409//3409
f 3410//3410 3409//3409 3406//3406
f 3410//3410 3407//3407 3411//3411
f 3410//3410 3411//3411 3447//3447
f 3411//3411 3407//3407 3412//3412
f 3412//3412 3407//3407 3420//3420
f 3412//3412 3420//3420 3421//3421
f 3412//3412 3421//3421 3449//3449
f 3429//3429 3380//3380 3453//3453
f 3465//3465 3429//3429 3453//3453
f 3415//3415 3404//3404 3413//3413
f 3385//3385 3415//3415 3413//3413
f 3385//3385 3416//3416 3415//3415
f 3414//3414 3416//3416 3385//3385
f 3417//3417 3416//3416 3414//3414
f 3418//3418 3404//3404 3415//3415
f 3419//3419 3415//3415 3416//3416
f 3417//3417 3419//3419 3416//3416
f 3418//3418 3415//3415 3419//3419
f 3418//3418 3419//3419 3420//3420
f 3424//3424 3419//3419 3417//3417
f 3426//3426 3420//3420 3419//3419
f 3419//3419 3424//3424 3426//3426
f 3421//3421 3420//3420 3426//3426
f 3421//3421 3426//3426 3456//3456
f 3422//3422 3414//3414 3388//3388
f 3422//3422 3417//3417 3414//3414
f 3422//3422 3388//3388 3428//3428
f 3417//3417 3422//3422 3423//3423
f 3423//3423 3422//3422 3425//3425
f 3422//3422 3428//3428 3425//3425
f 3424//3424 3417//3417 3423//3423
f 3428//3428 3455//3455 3425//3425
f 3424//3424 3423//3423 3427//3427
f 3425//3425 3427//3427 3423//3423
f 3425//3425 3455//3455 3427//3427
f 3456//3456 3426//3426 3457//3457
f 3457//3457 3426//3426 3424//3424
f 3427//3427 3457//3457 3424//3424
f 3455//3455 3428//3428 3460//3460
f 3428//3428 3462//3462 3460//3460
f 3429//3429 3465//3465 3430//3430
f 3431//3431 3462//3462 3428//3428
f 3392//3392 3334//3334 3466//3466
f 3466//3466 3334//3334 3432//3432
f 3392//3392 3466//3466 3431//3431
f 3433//3433 3434//3434 3432//3432
f 3433//3433 3435//3435 3501//3501
f 3395//3395 3467//3467 3435//3435
f 3472//3472 3469//3469 3395//3395
f 3467//3467 3395//3395 3469//3469
f 3467//3467 3469//3469 3468//3468
f 3396//3396 3436//3436 3398//3398
f 3554//3554 3399//3399 3398//3398
f 3363//3363 3477//3477 3437//3437
f 3363//3363 3478//3478 3477//3477
f 3298//3298 3519//3519 3401//3401
f 3519//3519 3482//3482 3401//3401
f 3438//3438 3482//3482 3527//3527
f 3438//3438 3401//3401 3482//3482
f 3371//3371 3403//3403 3439//3439
f 3408//3408 3446//3446 3403//3403
f 3439//3439 3403//3403 3440//3440
f 3440//3440 3446//3446 3451//3451
f 3403//3403 3446//3446 3440//3440
f 3441//3441 3439//3439 3442//3442
f 3440//3440 3442//3442 3439//3439
f 3442//3442 3440//3440 3483//3483
f 3440//3440 3451//3451 3483//3483
f 3451//3451 3488//3488 3483//3483
f 3443//3443 3444//3444 3367//3367
f 3367//3367 3444//3444 3349//3349
f 3438//3438 3485//3485 3443//3443
f 3443//3443 3485//3485 3445//3445
f 3444//3444 3443//3443 3445//3445
f 3444//3444 3484//3484 3349//3349
f 3484//3484 3454//3454 3349//3349
f 3527//3527 3485//3485 3438//3438
f 3445//3445 3484//3484 3444//3444
f 3536//3536 3534//3534 3454//3454
f 3536//3536 3454//3454 3484//3484
f 3409//3409 3446//3446 3408//3408
f 3410//3410 3447//3447 3409//3409
f 3409//3409 3447//3447 3446//3446
f 3411//3411 3448//3448 3447//3447
f 3447//3447 3448//3448 3450//3450
f 3448//3448 3411//3411 3412//3412
f 3448//3448 3412//3412 3449//3449
f 3447//3447 3451//3451 3446//3446
f 3451//3451 3447//3447 3450//3450
f 3450//3450 3448//3448 3449//3449
f 3487//3487 3450//3450 3449//3449
f 3449//3449 3421//3421 3456//3456
f 3449//3449 3456//3456 3452//3452
f 3487//3487 3449//3449 3452//3452
f 3451//3451 3450//3450 3486//3486
f 3486//3486 3450//3450 3487//3487
f 3486//3486 3488//3488 3451//3451
f 3534//3534 3453//3453 3454//3454
f 3458//3458 3457//3457 3427//3427
f 3458//3458 3427//3427 3455//3455
f 3461//3461 3458//3458 3455//3455
f 3457//3457 3459//3459 3456//3456
f 3459//3459 3457//3457 3458//3458
f 3461//3461 3459//3459 3458//3458
f 3459//3459 3452//3452 3456//3456
f 3460//3460 3461//3461 3455//3455
f 3492//3492 3459//3459 3461//3461
f 3460//3460 3492//3492 3461//3461
f 3492//3492 3460//3460 3491//3491
f 3463//3463 3460//3460 3462//3462
f 3463//3463 3491//3491 3460//3460
f 3472//3472 3390//3390 3470//3470
f 3390//3390 3430//3430 3470//3470
f 3465//3465 3464//3464 3430//3430
f 3465//3465 3471//3471 3464//3464
f 3453//3453 3542//3542 3465//3465
f 3471//3471 3465//3465 3542//3542
f 3496//3496 3463//3463 3462//3462
f 3466//3466 3432//3432 3475//3475
f 3431//3431 3466//3466 3475//3475
f 3498//3498 3497//3497 3431//3431
f 3501//3501 3434//3434 3433//3433
f 3435//3435 3467//3467 3501//3501
f 3469//3469 3472//3472 3468//3468
f 3470//3470 3471//3471 3472//3472
f 3430//3430 3464//3464 3470//3470
f 3470//3470 3464//3464 3471//3471
f 3432//3432 3434//3434 3473//3473
f 3473//3473 3434//3434 3474//3474
f 3475//3475 3432//3432 3473//3473
f 3434//3434 3501//3501 3474//3474
f 3475//3475 3473//3473 3474//3474
f 3475//3475 3474//3474 3502//3502
f 3501//3501 3502//3502 3474//3474
f 3501//3501 3467//3467 3468//3468
f 3476//3476 3481//3481 3516//3516
f 3436//3436 3554//3554 3398//3398
f 3400//3400 3399//3399 3518//3518
f 3400//3400 3518//3518 3519//3519
f 3518//3518 3399//3399 3554//3554
f 3477//3477 3479//3479 3437//3437
f 3477//3477 3478//3478 3479//3479
f 3478//3478 3480//3480 3479//3479
f 3479//3479 3505//3505 3437//3437
f 3479//3479 3480//3480 3506//3506
f 3479//3479 3506//3506 3505//3505
f 3480//3480 3441//3441 3508//3508
f 3437//3437 3509//3509 3481//3481
f 3509//3509 3437//3437 3511//3511
f 3442//3442 3483//3483 3522//3522
f 3488//3488 3522//3522 3483//3483
f 3478//3478 3441//3441 3480//3480
f 3445//3445 3530//3530 3484//3484
f 3535//3535 3484//3484 3530//3530
f 3484//3484 3535//3535 3536//3536
f 3531//3531 3486//3486 3487//3487
f 3522//3522 3488//3488 3525//3525
f 3488//3488 3486//3486 3525//3525
f 3486//3486 3531//3531 3525//3525
f 3487//3487 3452//3452 3489//3489
f 3531//3531 3487//3487 3489//3489
f 3532//3532 3489//3489 3490//3490
f 3534//3534 3536//3536 3537//3537
f 3452//3452 3459//3459 3490//3490
f 3452//3452 3490//3490 3489//3489
f 3459//3459 3492//3492 3490//3490
f 3492//3492 3491//3491 3493//3493
f 3463//3463 3494//3494 3491//3491
f 3494//3494 3493//3493 3491//3491
f 3532//3532 3490//3490 3492//3492
f 3493//3493 3494//3494 3532//3532
f 3494//3494 3463//3463 3495//3495
f 3538//3538 3495//3495 3539//3539
f 3532//3532 3494//3494 3538//3538
f 3495//3495 3538//3538 3494//3494
f 3453//3453 3534//3534 3542//3542
f 3495//3495 3463//3463 3496//3496
f 3495//3495 3496//3496 3499//3499
f 3497//3497 3462//3462 3431//3431
f 3431//3431 3475//3475 3498//3498
f 3497//3497 3496//3496 3462//3462
f 3497//3497 3499//3499 3496//3496
f 3498//3498 3475//3475 3548//3548
f 3548//3548 3497//3497 3498//3498
f 3590//3590 3497//3497 3548//3548
f 3590//3590 3499//3499 3497//3497
f 3472//3472 3471//3471 3500//3500
f 3471//3471 3547//3547 3500//3500
f 3589//3589 3471//3471 3542//3542
f 3589//3589 3547//3547 3471//3471
f 3503//3503 3475//3475 3502//3502
f 3548//3548 3475//3475 3503//3503
f 3502//3502 3501//3501 3591//3591
f 3501//3501 3468//3468 3549//3549
f 3591//3591 3501//3501 3549//3549
f 3468//3468 3472//3472 3504//3504
f 3500//3500 3504//3504 3472//3472
f 3480//3480 3508//3508 3506//3506
f 3505//3505 3506//3506 3507//3507
f 3506//3506 3508//3508 3507//3507
f 3507//3507 3513//3513 3505//3505
f 3508//3508 3524//3524 3507//3507
f 3508//3508 3523//3523 3524//3524
f 3507//3507 3524//3524 3515//3515
f 3511//3511 3512//3512 3509//3509
f 3509//3509 3510//3510 3481//3481
f 3509//3509 3512//3512 3510//3510
f 3437//3437 3505//3505 3511//3511
f 3512//3512 3517//3517 3510//3510
f 3512//3512 3551//3551 3517//3517
f 3511//3511 3505//3505 3513//3513
f 3512//3512 3514//3514 3551//3551
f 3511//3511 3513//3513 3512//3512
f 3513//3513 3514//3514 3512//3512
f 3513//3513 3515//3515 3514//3514
f 3507//3507 3515//3515 3513//3513
f 3481//3481 3510//3510 3516//3516
f 3510//3510 3517//3517 3516//3516
f 3436//3436 3476//3476 3552//3552
f 3552//3552 3554//3554 3436//3436
f 3476//3476 3553//3553 3552//3552
f 3518//3518 3557//3557 3519//3519
f 3554//3554 3557//3557 3518//3518
f 3521//3521 3527//3527 3482//3482
f 3521//3521 3482//3482 3520//3520
f 3519//3519 3520//3520 3482//3482
f 3557//3557 3520//3520 3519//3519
f 3521//3521 3558//3558 3562//3562
f 3520//3520 3558//3558 3521//3521
f 3508//3508 3441//3441 3523//3523
f 3441//3441 3442//3442 3523//3523
f 3442//3442 3522//3522 3523//3523
f 3523//3523 3522//3522 3604//3604
f 3523//3523 3604//3604 3526//3526
f 3523//3523 3526//3526 3524//3524
f 3522//3522 3525//3525 3604//3604
f 3515//3515 3524//3524 3526//3526
f 3526//3526 3604//3604 3603//3603
f 3603//3603 3515//3515 3526//3526
f 3527//3527 3528//3528 3485//3485
f 3527//3527 3560//3560 3528//3528
f 3560//3560 3527//3527 3562//3562
f 3562//3562 3527//3527 3521//3521
f 3485//3485 3528//3528 3529//3529
f 3445//3445 3485//3485 3529//3529
f 3529//3529 3530//3530 3445//3445
f 3560//3560 3561//3561 3528//3528
f 3528//3528 3561//3561 3563//3563
f 3563//3563 3529//3529 3528//3528
f 3489//3489 3532//3532 3533//3533
f 3531//3531 3533//3533 3525//3525
f 3533//3533 3531//3531 3489//3489
f 3533//3533 3532//3532 3568//3568
f 3530//3530 3572//3572 3535//3535
f 3537//3537 3666//3666 3534//3534
f 3532//3532 3492//3492 3493//3493
f 3573//3573 3532//3532 3538//3538
f 3573//3573 3568//3568 3532//3532
f 3539//3539 3540//3540 3538//3538
f 3544//3544 3539//3539 3495//3495
f 3539//3539 3541//3541 3540//3540
f 3540//3540 3573//3573 3538//3538
f 3574//3574 3573//3573 3540//3540
f 3574//3574 3540//3540 3541//3541
f 3577//3577 3574//3574 3541//3541
f 3584//3584 3577//3577 3541//3541
f 3499//3499 3544//3544 3495//3495
f 3541//3541 3539//3539 3543//3543
f 3539//3539 3544//3544 3543//3543
f 3544//3544 3545//3545 3543//3543
f 3584//3584 3541//3541 3543//3543
f 3543//3543 3545//3545 3584//3584
f 3545//3545 3544//3544 3587//3587
f 3545//3545 3587//3587 3586//3586
f 3587//3587 3544//3544 3546//3546
f 3499//3499 3546//3546 3544//3544
f 3546//3546 3499//3499 3590//3590
f 3503//3503 3502//3502 3593//3593
f 3593//3593 3502//3502 3591//3591
f 3503//3503 3593//3593 3548//3548
f 3504//3504 3550//3550 3468//3468
f 3549//3549 3468//3468 3550//3550
f 3550//3550 3504//3504 3596//3596
f 3687//3687 3500//3500 3547//3547
f 3500//3500 3687//3687 3595//3595
f 3504//3504 3500//3500 3595//3595
f 3504//3504 3595//3595 3596//3596
f 3514//3514 3597//3597 3551//3551
f 3515//3515 3597//3597 3514//3514
f 3515//3515 3605//3605 3597//3597
f 3600//3600 3553//3553 3476//3476
f 3516//3516 3600//3600 3476//3476
f 3516//3516 3598//3598 3600//3600
f 3553//3553 3556//3556 3552//3552
f 3555//3555 3557//3557 3554//3554
f 3552//3552 3555//3555 3554//3554
f 3552//3552 3556//3556 3555//3555
f 3556//3556 3643//3643 3555//3555
f 3643//3643 3556//3556 3553//3553
f 3555//3555 3643//3643 3557//3557
f 3559//3559 3520//3520 3557//3557
f 3559//3559 3558//3558 3520//3520
f 3533//3533 3569//3569 3525//3525
f 3603//3603 3605//3605 3515//3515
f 3604//3604 3606//3606 3603//3603
f 3564//3564 3561//3561 3560//3560
f 3564//3564 3560//3560 3562//3562
f 3564//3564 3563//3563 3561//3561
f 3566//3566 3564//3564 3562//3562
f 3529//3529 3572//3572 3530//3530
f 3529//3529 3565//3565 3572//3572
f 3529//3529 3563//3563 3565//3565
f 3565//3565 3563//3563 3564//3564
f 3567//3567 3564//3564 3566//3566
f 3564//3564 3567//3567 3565//3565
f 3565//3565 3567//3567 3572//3572
f 3567//3567 3612//3612 3572//3572
f 3569//3569 3533//3533 3568//3568
f 3569//3569 3568//3568 3570//3570
f 3570//3570 3525//3525 3569//3569
f 3568//3568 3575//3575 3570//3570
f 3525//3525 3570//3570 3571//3571
f 3570//3570 3575//3575 3576//3576
f 3570//3570 3576//3576 3611//3611
f 3536//3536 3535//3535 3572//3572
f 3568//3568 3573//3573 3575//3575
f 3577//3577 3573//3573 3574//3574
f 3575//3575 3573//3573 3579//3579
f 3579//3579 3573//3573 3577//3577
f 3579//3579 3576//3576 3575//3575
f 3578//3578 3577//3577 3584//3584
f 3580//3580 3577//3577 3578//3578
f 3580//3580 3579//3579 3577//3577
f 3576//3576 3579//3579 3582//3582
f 3580//3580 3582//3582 3579//3579
f 3580//3580 3578//3578 3581//3581
f 3580//3580 3616//3616 3582//3582
f 3542//3542 3534//3534 3583//3583
f 3666//3666 3618//3618 3534//3534
f 3584//3584 3545//3545 3585//3585
f 3585//3585 3545//3545 3586//3586
f 3578//3578 3584//3584 3585//3585
f 3578//3578 3585//3585 3581//3581
f 3585//3585 3586//3586 3581//3581
f 3587//3587 3621//3621 3586//3586
f 3614//3614 3586//3586 3620//3620
f 3620//3620 3586//3586 3621//3621
f 3546//3546 3590//3590 3588//3588
f 3622//3622 3621//3621 3587//3587
f 3587//3587 3546//3546 3622//3622
f 3588//3588 3623//3623 3546//3546
f 3588//3588 3590//3590 3671//3671
f 3547//3547 3589//3589 3684//3684
f 3542//3542 3583//3583 3589//3589
f 3589//3589 3583//3583 3632//3632
f 3637//3637 3590//3590 3548//3548
f 3634//3634 3590//3590 3637//3637
f 3549//3549 3550//3550 3592//3592
f 3591//3591 3549//3549 3592//3592
f 3591//3591 3592//3592 3593//3593
f 3548//3548 3593//3593 3636//3636
f 3592//3592 3636//3636 3593//3593
f 3550//3550 3594//3594 3592//3592
f 3594//3594 3550//3550 3596//3596
f 3592//3592 3594//3594 3636//3636
f 3594//3594 3596//3596 3640//3640
f 3596//3596 3686//3686 3640//3640
f 3596//3596 3595//3595 3688//3688
f 3516//3516 3517//3517 3598//3598
f 3599//3599 3598//3598 3517//3517
f 3517//3517 3551//3551 3599//3599
f 3599//3599 3601//3601 3598//3598
f 3598//3598 3601//3601 3600//3600
f 3551//3551 3597//3597 3599//3599
f 3601//3601 3599//3599 3649//3649
f 3597//3597 3649//3649 3599//3599
f 3600//3600 3601//3601 3553//3553
f 3643//3643 3602//3602 3557//3557
f 3602//3602 3652//3652 3557//3557
f 3525//3525 3610//3610 3604//3604
f 3610//3610 3606//3606 3604//3604
f 3605//3605 3603//3603 3607//3607
f 3607//3607 3646//3646 3597//3597
f 3605//3605 3607//3607 3597//3597
f 3607//3607 3603//3603 3608//3608
f 3603//3603 3606//3606 3608//3608
f 3608//3608 3606//3606 3644//3644
f 3606//3606 3610//3610 3644//3644
f 3645//3645 3608//3608 3644//3644
f 3646//3646 3649//3649 3597//3597
f 3558//3558 3559//3559 3653//3653
f 3558//3558 3566//3566 3562//3562
f 3654//3654 3566//3566 3558//3558
f 3566//3566 3612//3612 3567//3567
f 3653//3653 3654//3654 3558//3558
f 3557//3557 3653//3653 3559//3559
f 3657//3657 3612//3612 3566//3566
f 3570//3570 3611//3611 3571//3571
f 3611//3611 3576//3576 3609//3609
f 3609//3609 3576//3576 3613//3613
f 3571//3571 3610//3610 3525//3525
f 3571//3571 3611//3611 3610//3610
f 3610//3610 3611//3611 3658//3658
f 3611//3611 3609//3609 3664//3664
f 3572//3572 3659//3659 3536//3536
f 3572//3572 3612//3612 3659//3659
f 3657//3657 3659//3659 3612//3612
f 3661//3661 3536//3536 3659//3659
f 3576//3576 3582//3582 3613//3613
f 3616//3616 3613//3613 3582//3582
f 3609//3609 3613//3613 3664//3664
f 3581//3581 3586//3586 3614//3614
f 3580//3580 3581//3581 3615//3615
f 3614//3614 3620//3620 3624//3624
f 3616//3616 3580//3580 3615//3615
f 3614//3614 3615//3615 3581//3581
f 3615//3615 3614//3614 3617//3617
f 3617//3617 3614//3614 3624//3624
f 3616//3616 3615//3615 3617//3617
f 3617//3617 3624//3624 3669//3669
f 3662//3662 3616//3616 3617//3617
f 3617//3617 3669//3669 3662//3662
f 3534//3534 3618//3618 3583//3583
f 3536//3536 3619//3619 3537//3537
f 3666//3666 3537//3537 3619//3619
f 3633//3633 3583//3583 3618//3618
f 3536//3536 3661//3661 3619//3619
f 3546//3546 3623//3623 3622//3622
f 3623//3623 3588//3588 3671//3671
f 3624//3624 3620//3620 3621//3621
f 3625//3625 3624//3624 3621//3621
f 3625//3625 3621//3621 3622//3622
f 3626//3626 3625//3625 3622//3622
f 3626//3626 3622//3622 3623//3623
f 3630//3630 3626//3626 3623//3623
f 3624//3624 3625//3625 3627//3627
f 3625//3625 3626//3626 3627//3627
f 3669//3669 3624//3624 3627//3627
f 3623//3623 3631//3631 3630//3630
f 3671//3671 3631//3631 3623//3623
f 3630//3630 3628//3628 3626//3626
f 3628//3628 3627//3627 3626//3626
f 3627//3627 3628//3628 3629//3629
f 3672//3672 3629//3629 3628//3628
f 3628//3628 3670//3670 3672//3672
f 3628//3628 3630//3630 3670//3670
f 3684//3684 3589//3589 3632//3632
f 3583//3583 3633//3633 3632//3632
f 3637//3637 3548//3548 3636//3636
f 3590//3590 3634//3634 3635//3635
f 3590//3590 3635//3635 3671//3671
f 3682//3682 3635//3635 3634//3634
f 3682//3682 3634//3634 3637//3637
f 3636//3636 3594//3594 3638//3638
f 3636//3636 3638//3638 3639//3639
f 3637//3637 3636//3636 3639//3639
f 3640//3640 3638//3638 3594//3594
f 3640//3640 3685//3685 3638//3638
f 3639//3639 3638//3638 3685//3685
f 3684//3684 3687//3687 3547//3547
f 3596//3596 3688//3688 3686//3686
f 3595//3595 3687//3687 3688//3688
f 3553//3553 3648//3648 3641//3641
f 3553//3553 3641//3641 3642//3642
f 3642//3642 3643//3643 3553//3553
f 3643//3643 3701//3701 3602//3602
f 3643//3643 3700//3700 3701//3701
f 3646//3646 3607//3607 3647//3647
f 3608//3608 3647//3647 3607//3607
f 3608//3608 3645//3645 3647//3647
f 3644//3644 3610//3610 3658//3658
f 3601//3601 3648//3648 3553//3553
f 3647//3647 3649//3649 3646//3646
f 3648//3648 3601//3601 3649//3649
f 3706//3706 3645//3645 3644//3644
f 3645//3645 3706//3706 3647//3647
f 3649//3649 3647//3647 3650//3650
f 3647//3647 3706//3706 3650//3650
f 3644//3644 3704//3704 3706//3706
f 3649//3649 3651//3651 3648//3648
f 3692//3692 3649//3649 3650//3650
f 3701//3701 3652//3652 3602//3602
f 3655//3655 3557//3557 3652//3652
f 3654//3654 3657//3657 3566//3566
f 3655//3655 3653//3653 3557//3557
f 3654//3654 3653//3653 3656//3656
f 3655//3655 3656//3656 3653//3653
f 3652//3652 3702//3702 3655//3655
f 3702//3702 3656//3656 3655//3655
f 3659//3659 3657//3657 3660//3660
f 3654//3654 3712//3712 3657//3657
f 3712//3712 3660//3660 3657//3657
f 3704//3704 3658//3658 3705//3705
f 3705//3705 3658//3658 3611//3611
f 3705//3705 3611//3611 3664//3664
f 3658//3658 3704//3704 3644//3644
f 3660//3660 3661//3661 3659//3659
f 3661//3661 3660//3660 3711//3711
f 3662//3662 3663//3663 3616//3616
f 3776//3776 3664//3664 3613//3613
f 3613//3613 3616//3616 3663//3663
f 3665//3665 3662//3662 3675//3675
f 3663//3663 3662//3662 3665//3665
f 3664//3664 3776//3776 3718//3718
f 3613//3613 3663//3663 3776//3776
f 3665//3665 3717//3717 3663//3663
f 3666//3666 3619//3619 3667//3667
f 3666//3666 3667//3667 3668//3668
f 3666//3666 3668//3668 3618//3618
f 3618//3618 3743//3743 3633//3633
f 3661//3661 3667//3667 3619//3619
f 3668//3668 3667//3667 3725//3725
f 3618//3618 3668//3668 3743//3743
f 3661//3661 3711//3711 3667//3667
f 3711//3711 3722//3722 3667//3667
f 3627//3627 3629//3629 3669//3669
f 3629//3629 3672//3672 3674//3674
f 3671//3671 3630//3630 3631//3631
f 3669//3669 3629//3629 3673//3673
f 3629//3629 3674//3674 3673//3673
f 3674//3674 3672//3672 3677//3677
f 3672//3672 3670//3670 3677//3677
f 3662//3662 3669//3669 3675//3675
f 3669//3669 3673//3673 3675//3675
f 3675//3675 3673//3673 3676//3676
f 3676//3676 3673//3673 3674//3674
f 3679//3679 3677//3677 3670//3670
f 3679//3679 3670//3670 3630//3630
f 3676//3676 3674//3674 3677//3677
f 3665//3665 3675//3675 3676//3676
f 3719//3719 3665//3665 3676//3676
f 3719//3719 3676//3676 3677//3677
f 3679//3679 3630//3630 3678//3678
f 3678//3678 3630//3630 3671//3671
f 3677//3677 3679//3679 3680//3680
f 3671//3671 3726//3726 3678//3678
f 3671//3671 3683//3683 3726//3726
f 3680//3680 3719//3719 3677//3677
f 3632//3632 3681//3681 3684//3684
f 3632//3632 3633//3633 3681//3681
f 3747//3747 3684//3684 3681//3681
f 3747//3747 3681//3681 3743//3743
f 3633//3633 3743//3743 3681//3681
f 3671//3671 3635//3635 3683//3683
f 3682//3682 3683//3683 3635//3635
f 3746//3746 3682//3682 3637//3637
f 3682//3682 3744//3744 3683//3683
f 3637//3637 3639//3639 3746//3746
f 3687//3687 3684//3684 3691//3691
f 3746//3746 3639//3639 3685//3685
f 3686//3686 3688//3688 3690//3690
f 3640//3640 3686//3686 3748//3748
f 3748//3748 3686//3686 3752//3752
f 3686//3686 3690//3690 3752//3752
f 3691//3691 3689//3689 3687//3687
f 3688//3688 3687//3687 3689//3689
f 3691//3691 3750//3750 3689//3689
f 3700//3700 3763//3763 3701//3701
f 3651//3651 3649//3649 3692//3692
f 3692//3692 3693//3693 3651//3651
f 3650//3650 3706//3706 3692//3692
f 3692//3692 3706//3706 3693//3693
f 3693//3693 3694//3694 3651//3651
f 3696//3696 3694//3694 3693//3693
f 3706//3706 3707//3707 3693//3693
f 3693//3693 3707//3707 3696//3696
f 3641//3641 3695//3695 3642//3642
f 3695//3695 3641//3641 3648//3648
f 3648//3648 3697//3697 3695//3695
f 3695//3695 3697//3697 3698//3698
f 3651//3651 3694//3694 3697//3697
f 3651//3651 3697//3697 3648//3648
f 3696//3696 3697//3697 3694//3694
f 3696//3696 3753//3753 3697//3697
f 3696//3696 3707//3707 3710//3710
f 3697//3697 3753//3753 3699//3699
f 3696//3696 3754//3754 3753//3753
f 3710//3710 3754//3754 3696//3696
f 3767//3767 3754//3754 3710//3710
f 3698//3698 3642//3642 3695//3695
f 3642//3642 3698//3698 3643//3643
f 3697//3697 3699//3699 3698//3698
f 3698//3698 3700//3700 3643//3643
f 3699//3699 3758//3758 3698//3698
f 3755//3755 3758//3758 3699//3699
f 3758//3758 3700//3700 3698//3698
f 3703//3703 3654//3654 3656//3656
f 3764//3764 3656//3656 3702//3702
f 3715//3715 3712//3712 3654//3654
f 3764//3764 3703//3703 3656//3656
f 3860//3860 3703//3703 3764//3764
f 3766//3766 3654//3654 3703//3703
f 3766//3766 3715//3715 3654//3654
f 3705//3705 3664//3664 3709//3709
f 3709//3709 3704//3704 3705//3705
f 3706//3706 3704//3704 3708//3708
f 3706//3706 3708//3708 3707//3707
f 3709//3709 3708//3708 3704//3704
f 3664//3664 3718//3718 3709//3709
f 3707//3707 3708//3708 3710//3710
f 3708//3708 3767//3767 3710//3710
f 3709//3709 3767//3767 3708//3708
f 3718//3718 3768//3768 3709//3709
f 3709//3709 3768//3768 3767//3767
f 3768//3768 3718//3718 3776//3776
f 3711//3711 3660//3660 3713//3713
f 3711//3711 3713//3713 3723//3723
f 3712//3712 3714//3714 3660//3660
f 3713//3713 3660//3660 3714//3714
f 3714//3714 3712//3712 3715//3715
f 3723//3723 3780//3780 3781//3781
f 3780//3780 3723//3723 3713//3713
f 3780//3780 3713//3713 3772//3772
f 3715//3715 3716//3716 3714//3714
f 3713//3713 3714//3714 3772//3772
f 3719//3719 3717//3717 3665//3665
f 3717//3717 3776//3776 3663//3663
f 3721//3721 3719//3719 3720//3720
f 3721//3721 3720//3720 3731//3731
f 3719//3719 3721//3721 3717//3717
f 3775//3775 3721//3721 3731//3731
f 3776//3776 3717//3717 3774//3774
f 3774//3774 3717//3717 3721//3721
f 3774//3774 3721//3721 3775//3775
f 3722//3722 3711//3711 3723//3723
f 3723//3723 3781//3781 3722//3722
f 3667//3667 3722//3722 3724//3724
f 3722//3722 3781//3781 3724//3724
f 3725//3725 3667//3667 3724//3724
f 3668//3668 3725//3725 3743//3743
f 3719//3719 3680//3680 3727//3727
f 3680//3680 3679//3679 3727//3727
f 3678//3678 3728//3728 3679//3679
f 3735//3735 3728//3728 3678//3678
f 3678//3678 3726//3726 3735//3735
f 3720//3720 3719//3719 3727//3727
f 3679//3679 3728//3728 3729//3729
f 3679//3679 3729//3729 3727//3727
f 3730//3730 3727//3727 3729//3729
f 3734//3734 3729//3729 3728//3728
f 3734//3734 3736//3736 3729//3729
f 3736//3736 3730//3730 3729//3729
f 3734//3734 3728//3728 3735//3735
f 3720//3720 3727//3727 3730//3730
f 3732//3732 3730//3730 3736//3736
f 3731//3731 3720//3720 3730//3730
f 3732//3732 3731//3731 3730//3730
f 3733//3733 3731//3731 3732//3732
f 3775//3775 3731//3731 3733//3733
f 3733//3733 3732//3732 3742//3742
f 3734//3734 3735//3735 3737//3737
f 3736//3736 3734//3734 3737//3737
f 3738//3738 3736//3736 3737//3737
f 3737//3737 3739//3739 3738//3738
f 3735//3735 3739//3739 3737//3737
f 3726//3726 3741//3741 3735//3735
f 3742//3742 3732//3732 3736//3736
f 3736//3736 3738//3738 3742//3742
f 3740//3740 3738//3738 3739//3739
f 3741//3741 3740//3740 3739//3739
f 3735//3735 3741//3741 3739//3739
f 3726//3726 3745//3745 3741//3741
f 3740//3740 3784//3784 3738//3738
f 3740//3740 3783//3783 3784//3784
f 3741//3741 3783//3783 3740//3740
f 3741//3741 3745//3745 3783//3783
f 3747//3747 3743//3743 3795//3795
f 3743//3743 3725//3725 3795//3795
f 3726//3726 3683//3683 3745//3745
f 3683//3683 3744//3744 3745//3745
f 3744//3744 3682//3682 3798//3798
f 3745//3745 3744//3744 3798//3798
f 3747//3747 3805//3805 3684//3684
f 3684//3684 3805//3805 3691//3691
f 3746//3746 3685//3685 3807//3807
f 3809//3809 3685//3685 3640//3640
f 3640//3640 3808//3808 3809//3809
f 3806//3806 3685//3685 3809//3809
f 3685//3685 3806//3806 3807//3807
f 3751//3751 3752//3752 3690//3690
f 3690//3690 3688//3688 3751//3751
f 3640//3640 3748//3748 3808//3808
f 3805//3805 3750//3750 3691//3691
f 3688//3688 3689//3689 3749//3749
f 3751//3751 3688//3688 3749//3749
f 3749//3749 3689//3689 3750//3750
f 3933//3933 3749//3749 3750//3750
f 3810//3810 3808//3808 3748//3748
f 3754//3754 3756//3756 3753//3753
f 3754//3754 3767//3767 3771//3771
f 3756//3756 3754//3754 3770//3770
f 3771//3771 3770//3770 3754//3754
f 3755//3755 3699//3699 3753//3753
f 3755//3755 3753//3753 3756//3756
f 3755//3755 3760//3760 3758//3758
f 3755//3755 3756//3756 3757//3757
f 3756//3756 3770//3770 3757//3757
f 3760//3760 3755//3755 3757//3757
f 3757//3757 3770//3770 3762//3762
f 3758//3758 3759//3759 3700//3700
f 3700//3700 3759//3759 3763//3763
f 3758//3758 3760//3760 3759//3759
f 3760//3760 3761//3761 3759//3759
f 3757//3757 3761//3761 3760//3760
f 3757//3757 3762//3762 3761//3761
f 3762//3762 3811//3811 3761//3761
f 3701//3701 3702//3702 3652//3652
f 3702//3702 3765//3765 3764//3764
f 3765//3765 3860//3860 3764//3764
f 3767//3767 3768//3768 3769//3769
f 3767//3767 3769//3769 3771//3771
f 3769//3769 3768//3768 3776//3776
f 3814//3814 3770//3770 3771//3771
f 3770//3770 3814//3814 3762//3762
f 3771//3771 3769//3769 3815//3815
f 3771//3771 3815//3815 3814//3814
f 3815//3815 3769//3769 3779//3779
f 3715//3715 3773//3773 3716//3716
f 3715//3715 3766//3766 3773//3773
f 3773//3773 3714//3714 3716//3716
f 3772//3772 3714//3714 3773//3773
f 3780//3780 3772//3772 3820//3820
f 3773//3773 3820//3820 3772//3772
f 3773//3773 3821//3821 3820//3820
f 3774//3774 3775//3775 3777//3777
f 3774//3774 3777//3777 3778//3778
f 3776//3776 3774//3774 3778//3778
f 3776//3776 3778//3778 3779//3779
f 3779//3779 3769//3769 3776//3776
f 3777//3777 3829//3829 3778//3778
f 3724//3724 3781//3781 3725//3725
f 3782//3782 3781//3781 3780//3780
f 3820//3820 3827//3827 3780//3780
f 3780//3780 3827//3827 3782//3782
f 3781//3781 3782//3782 3725//3725
f 3733//3733 3742//3742 3785//3785
f 3785//3785 3742//3742 3738//3738
f 3785//3785 3738//3738 3784//3784
f 3793//3793 3784//3784 3783//3783
f 3745//3745 3796//3796 3783//3783
f 3786//3786 3775//3775 3733//3733
f 3786//3786 3733//3733 3785//3785
f 3784//3784 3793//3793 3794//3794
f 3787//3787 3775//3775 3786//3786
f 3784//3784 3794//3794 3789//3789
f 3775//3775 3787//3787 3777//3777
f 3786//3786 3785//3785 3788//3788
f 3785//3785 3789//3789 3788//3788
f 3789//3789 3785//3785 3784//3784
f 3787//3787 3829//3829 3777//3777
f 3790//3790 3787//3787 3786//3786
f 3788//3788 3790//3790 3786//3786
f 3788//3788 3792//3792 3790//3790
f 3789//3789 3792//3792 3788//3788
f 3799//3799 3791//3791 3789//3789
f 3792//3792 3789//3789 3791//3791
f 3790//3790 3829//3829 3787//3787
f 3790//3790 3792//3792 3830//3830
f 3833//3833 3792//3792 3791//3791
f 3829//3829 3790//3790 3830//3830
f 3833//3833 3830//3830 3792//3792
f 3783//3783 3796//3796 3793//3793
f 3796//3796 3794//3794 3793//3793
f 3797//3797 3794//3794 3796//3796
f 3789//3789 3794//3794 3799//3799
f 3791//3791 3799//3799 3803//3803
f 3791//3791 3803//3803 3833//3833
f 3796//3796 3745//3745 3798//3798
f 3746//3746 3804//3804 3682//3682
f 3804//3804 3746//3746 3807//3807
f 3797//3797 3796//3796 3798//3798
f 3794//3794 3797//3797 3799//3799
f 3799//3799 3797//3797 3800//3800
f 3802//3802 3800//3800 3797//3797
f 3802//3802 3797//3797 3798//3798
f 3799//3799 3800//3800 3801//3801
f 3801//3801 3800//3800 3802//3802
f 3799//3799 3801//3801 3803//3803
f 3802//3802 3798//3798 3836//3836
f 3836//3836 3798//3798 3804//3804
f 3834//3834 3803//3803 3801//3801
f 3801//3801 3802//3802 3834//3834
f 3682//3682 3804//3804 3798//3798
f 3747//3747 3795//3795 3928//3928
f 3928//3928 3805//3805 3747//3747
f 3928//3928 3929//3929 3805//3805
f 3810//3810 3748//3748 3752//3752
f 3808//3808 3840//3840 3809//3809
f 3749//3749 3933//3933 3751//3751
f 3810//3810 3752//3752 3751//3751
f 3808//3808 3810//3810 3840//3840
f 3934//3934 3751//3751 3933//3933
f 3811//3811 3759//3759 3761//3761
f 3762//3762 3812//3812 3811//3811
f 3762//3762 3817//3817 3812//3812
f 3812//3812 3817//3817 3842//3842
f 3843//3843 3759//3759 3811//3811
f 3843//3843 3811//3811 3844//3844
f 3811//3811 3812//3812 3844//3844
f 3759//3759 3843//3843 3846//3846
f 3812//3812 3842//3842 3844//3844
f 3851//3851 3702//3702 3701//3701
f 3763//3763 3847//3847 3701//3701
f 3847//3847 3851//3851 3701//3701
f 3759//3759 3846//3846 3763//3763
f 3846//3846 3847//3847 3763//3763
f 3702//3702 3851//3851 3765//3765
f 3851//3851 3855//3855 3765//3765
f 3855//3855 3860//3860 3765//3765
f 3855//3855 3861//3861 3860//3860
f 3703//3703 3860//3860 3766//3766
f 3766//3766 3860//3860 3813//3813
f 3817//3817 3815//3815 3816//3816
f 3814//3814 3815//3815 3817//3817
f 3814//3814 3817//3817 3762//3762
f 3815//3815 3824//3824 3816//3816
f 3817//3817 3816//3816 3818//3818
f 3818//3818 3816//3816 3819//3819
f 3816//3816 3824//3824 3819//3819
f 3818//3818 3842//3842 3817//3817
f 3766//3766 3821//3821 3773//3773
f 3822//3822 3820//3820 3870//3870
f 3822//3822 3827//3827 3820//3820
f 3827//3827 3822//3822 3828//3828
f 3813//3813 3821//3821 3766//3766
f 3863//3863 3821//3821 3813//3813
f 3824//3824 3815//3815 3779//3779
f 3778//3778 3824//3824 3779//3779
f 3778//3778 3829//3829 3823//3823
f 3824//3824 3778//3778 3823//3823
f 3824//3824 3823//3823 3825//3825
f 3819//3819 3824//3824 3826//3826
f 3826//3826 3824//3824 3825//3825
f 3882//3882 3819//3819 3826//3826
f 3825//3825 3882//3882 3826//3826
f 3823//3823 3880//3880 3825//3825
f 3823//3823 3829//3829 3880//3880
f 3832//3832 3725//3725 3888//3888
f 3828//3828 3782//3782 3827//3827
f 3782//3782 3888//3888 3725//3725
f 3831//3831 3830//3830 3833//3833
f 3835//3835 3831//3831 3833//3833
f 3893//3893 3829//3829 3891//3891
f 3829//3829 3830//3830 3891//3891
f 3891//3891 3830//3830 3831//3831
f 3892//3892 3831//3831 3835//3835
f 3891//3891 3831//3831 3892//3892
f 3725//3725 3832//3832 3795//3795
f 3832//3832 3888//3888 4023//4023
f 3833//3833 3803//3803 3834//3834
f 3838//3838 3833//3833 3834//3834
f 3838//3838 3835//3835 3833//3833
f 3835//3835 3905//3905 3892//3892
f 3804//3804 3837//3837 3836//3836
f 3837//3837 3804//3804 3807//3807
f 3837//3837 3807//3807 3927//3927
f 3838//3838 3834//3834 3802//3802
f 3802//3802 3839//3839 3838//3838
f 3839//3839 3802//3802 3836//3836
f 3836//3836 3837//3837 3915//3915
f 3836//3836 3915//3915 3839//3839
f 3837//3837 3926//3926 3915//3915
f 3927//3927 3926//3926 3837//3837
f 3904//3904 3838//3838 3839//3839
f 3904//3904 3835//3835 3838//3838
f 3795//3795 3925//3925 3928//3928
f 3832//3832 3925//3925 3795//3795
f 3931//3931 3807//3807 3806//3806
f 3806//3806 3841//3841 3931//3931
f 3809//3809 3841//3841 3806//3806
f 3805//3805 4031//4031 3935//3935
f 3809//3809 3840//3840 3841//3841
f 3932//3932 3841//3841 3840//3840
f 3840//3840 3810//3810 3930//3930
f 3841//3841 3932//3932 3931//3931
f 3932//3932 3840//3840 3930//3930
f 3805//3805 3935//3935 3750//3750
f 3750//3750 3935//3935 3933//3933
f 3842//3842 3845//3845 3844//3844
f 3842//3842 3818//3818 3845//3845
f 3844//3844 3845//3845 3843//3843
f 3845//3845 3850//3850 3843//3843
f 3845//3845 3956//3956 3937//3937
f 3850//3850 3845//3845 3937//3937
f 3846//3846 3849//3849 3847//3847
f 3843//3843 3848//3848 3846//3846
f 3846//3846 3848//3848 3849//3849
f 3849//3849 3854//3854 3847//3847
f 3849//3849 3848//3848 3850//3850
f 3850//3850 3936//3936 3849//3849
f 3848//3848 3843//3843 3850//3850
f 3849//3849 3936//3936 3854//3854
f 3854//3854 3852//3852 3847//3847
f 3847//3847 3852//3852 3851//3851
f 3852//3852 3858//3858 3851//3851
f 3858//3858 3856//3856 3851//3851
f 3854//3854 3853//3853 3852//3852
f 3853//3853 3944//3944 3858//3858
f 3853//3853 3858//3858 3852//3852
f 3943//3943 3853//3853 3854//3854
f 3944//3944 3946//3946 3858//3858
f 3943//3943 3944//3944 3853//3853
f 3856//3856 3855//3855 3851//3851
f 3856//3856 3857//3857 3855//3855
f 3856//3856 3859//3859 3857//3857
f 3858//3858 3859//3859 3856//3856
f 3858//3858 3946//3946 3859//3859
f 3857//3857 3861//3861 3855//3855
f 3859//3859 3861//3861 3857//3857
f 3859//3859 3950//3950 3861//3861
f 3860//3860 3862//3862 3813//3813
f 3861//3861 3862//3862 3860//3860
f 3863//3863 3864//3864 3821//3821
f 3865//3865 3863//3863 3813//3813
f 3865//3865 3864//3864 3863//3863
f 3813//3813 3862//3862 3953//3953
f 3866//3866 3871//3871 3864//3864
f 3866//3866 3864//3864 3865//3865
f 3953//3953 3866//3866 3865//3865
f 3953//3953 3865//3865 3813//3813
f 4042//4042 3873//3873 3866//3866
f 4043//4043 3866//3866 3953//3953
f 4042//4042 3866//3866 4043//4043
f 3819//3819 3868//3868 3818//3818
f 3818//3818 3868//3868 3867//3867
f 3867//3867 3845//3845 3818//3818
f 3845//3845 3867//3867 3956//3956
f 3867//3867 3868//3868 3958//3958
f 3958//3958 3868//3868 3959//3959
f 3887//3887 3959//3959 3868//3868
f 3821//3821 3869//3869 3820//3820
f 3871//3871 3869//3869 3821//3821
f 3870//3870 3874//3874 3822//3822
f 3828//3828 3822//3822 3874//3874
f 3871//3871 3821//3821 3864//3864
f 3869//3869 3871//3871 3872//3872
f 3820//3820 3869//3869 3870//3870
f 3869//3869 3872//3872 3870//3870
f 3872//3872 3876//3876 3870//3870
f 3876//3876 3874//3874 3870//3870
f 3873//3873 3871//3871 3866//3866
f 3872//3872 3871//3871 3873//3873
f 3879//3879 3876//3876 3872//3872
f 3879//3879 3872//3872 3873//3873
f 4042//4042 3879//3879 3873//3873
f 3874//3874 3876//3876 3875//3875
f 3876//3876 3878//3878 3875//3875
f 3876//3876 3877//3877 3878//3878
f 3879//3879 3877//3877 3876//3876
f 3985//3985 3877//3877 3879//3879
f 3825//3825 3881//3881 3882//3882
f 3825//3825 3880//3880 3881//3881
f 3882//3882 3868//3868 3819//3819
f 3884//3884 3883//3883 3880//3880
f 3880//3880 3883//3883 3881//3881
f 3882//3882 3887//3887 3868//3868
f 3882//3882 3881//3881 3883//3883
f 3883//3883 3884//3884 3886//3886
f 3885//3885 3887//3887 3882//3882
f 3883//3883 3885//3885 3882//3882
f 3883//3883 3886//3886 3885//3885
f 3885//3885 3886//3886 3988//3988
f 3884//3884 3899//3899 3886//3886
f 3886//3886 3899//3899 3986//3986
f 3828//3828 3888//3888 3782//3782
f 3874//3874 3889//3889 3888//3888
f 3828//3828 3874//3874 3888//3888
f 3875//3875 3890//3890 3889//3889
f 3874//3874 3875//3875 3889//3889
f 3889//3889 3890//3890 3888//3888
f 3878//3878 3890//3890 3875//3875
f 3890//3890 4002//4002 3888//3888
f 4023//4023 3888//3888 4005//4005
f 3888//3888 4002//4002 4005//4005
f 3880//3880 3829//3829 3893//3893
f 3894//3894 3893//3893 3891//3891
f 3880//3880 3893//3893 3884//3884
f 3894//3894 3891//3891 3898//3898
f 3898//3898 3891//3891 3895//3895
f 3895//3895 3891//3891 3892//3892
f 3895//3895 3892//3892 3897//3897
f 3897//3897 3892//3892 3905//3905
f 3893//3893 3894//3894 3884//3884
f 3884//3884 3894//3894 3899//3899
f 3896//3896 3898//3898 3895//3895
f 3896//3896 3895//3895 3897//3897
f 3896//3896 3897//3897 3902//3902
f 3896//3896 3902//3902 3900//3900
f 3902//3902 3897//3897 3905//3905
f 3899//3899 3894//3894 3898//3898
f 3899//3899 3898//3898 3900//3900
f 3896//3896 3900//3900 3898//3898
f 3901//3901 3899//3899 3900//3900
f 3901//3901 3900//3900 3903//3903
f 3901//3901 3903//3903 4009//4009
f 3900//3900 3902//3902 3903//3903
f 3911//3911 4010//4010 3903//3903
f 3911//3911 3914//3914 4011//4011
f 4025//4025 3925//3925 3832//3832
f 3835//3835 3906//3906 3905//3905
f 3906//3906 3835//3835 3904//3904
f 3906//3906 3904//3904 3907//3907
f 3904//3904 3839//3839 3907//3907
f 3907//3907 3839//3839 3916//3916
f 3905//3905 3906//3906 3908//3908
f 3905//3905 3908//3908 3902//3902
f 3908//3908 3906//3906 3909//3909
f 3909//3909 3906//3906 3907//3907
f 3910//3910 3909//3909 3907//3907
f 3917//3917 3910//3910 3907//3907
f 3917//3917 3907//3907 3916//3916
f 3903//3903 3902//3902 3908//3908
f 3911//3911 3908//3908 3909//3909
f 3909//3909 3910//3910 3912//3912
f 3909//3909 3912//3912 3911//3911
f 3910//3910 3913//3913 3912//3912
f 3913//3913 3910//3910 3917//3917
f 3911//3911 3903//3903 3908//3908
f 3914//3914 3911//3911 3912//3912
f 3913//3913 3914//3914 3912//3912
f 3916//3916 3839//3839 3915//3915
f 3915//3915 3926//3926 3920//3920
f 3918//3918 3917//3917 3916//3916
f 3915//3915 3920//3920 3916//3916
f 3920//3920 3918//3918 3916//3916
f 3920//3920 3926//3926 4028//4028
f 3919//3919 3917//3917 3918//3918
f 3919//3919 3913//3913 3917//3917
f 3922//3922 3919//3919 3918//3918
f 3922//3922 3918//3918 3920//3920
f 3921//3921 3922//3922 3924//3924
f 3921//3921 3914//3914 3913//3913
f 3919//3919 3921//3921 3913//3913
f 3922//3922 3921//3921 3919//3919
f 3924//3924 3914//3914 3921//3921
f 3923//3923 3924//3924 3922//3922
f 3922//3922 3920//3920 3923//3923
f 3914//3914 3924//3924 4014//4014
f 3926//3926 3927//3927 4028//4028
f 3927//3927 3807//3807 4026//4026
f 4028//4028 3927//3927 4026//4026
f 4031//4031 3805//3805 3929//3929
f 3930//3930 4029//4029 3932//3932
f 3932//3932 4109//4109 3931//3931
f 3932//3932 4029//4029 4109//4109
f 3810//3810 3751//3751 4033//4033
f 3810//3810 4033//4033 4034//4034
f 3930//3930 3810//3810 4034//4034
f 4033//4033 3751//3751 3934//3934
f 3935//3935 4032//4032 3933//3933
f 4031//4031 4032//4032 3935//3935
f 3933//3933 4032//4032 4035//4035
f 3850//3850 3939//3939 3936//3936
f 3850//3850 3937//3937 3939//3939
f 3939//3939 3938//3938 3936//3936
f 3938//3938 3940//3940 3936//3936
f 3936//3936 3940//3940 3945//3945
f 3937//3937 3969//3969 3939//3939
f 3969//3969 3971//3971 3972//3972
f 3969//3969 3972//3972 3939//3939
f 3939//3939 3941//3941 3938//3938
f 3938//3938 3941//3941 3940//3940
f 3972//3972 3941//3941 3939//3939
f 3941//3941 3972//3972 3942//3942
f 3940//3940 3941//3941 3949//3949
f 3941//3941 3942//3942 3980//3980
f 3941//3941 3980//3980 3949//3949
f 3936//3936 3945//3945 3854//3854
f 3854//3854 3945//3945 3943//3943
f 3943//3943 3947//3947 3944//3944
f 3947//3947 3946//3946 3944//3944
f 3945//3945 3947//3947 3943//3943
f 3947//3947 3948//3948 3946//3946
f 3940//3940 3948//3948 3945//3945
f 3948//3948 3947//3947 3945//3945
f 3940//3940 3949//3949 3948//3948
f 3949//3949 3980//3980 4047//4047
f 3949//3949 4040//4040 3948//3948
f 3948//3948 3951//3951 3946//3946
f 3950//3950 3859//3859 3946//3946
f 3861//3861 3950//3950 3981//3981
f 3946//3946 3951//3951 3950//3950
f 3951//3951 3981//3981 3950//3950
f 3981//3981 3951//3951 4066//4066
f 4066//4066 3951//3951 4068//4068
f 3861//3861 3952//3952 3862//3862
f 3861//3861 3982//3982 3952//3952
f 3952//3952 3954//3954 3862//3862
f 3952//3952 3955//3955 3954//3954
f 3982//3982 3955//3955 3952//3952
f 3953//3953 4044//4044 4043//4043
f 3862//3862 3954//3954 3953//3953
f 3954//3954 4044//4044 3953//3953
f 3955//3955 4044//4044 3954//3954
f 3957//3957 3956//3956 3867//3867
f 3957//3957 3961//3961 3956//3956
f 3958//3958 3957//3957 3867//3867
f 3956//3956 3961//3961 3970//3970
f 3956//3956 3970//3970 3937//3937
f 3958//3958 3960//3960 3957//3957
f 3960//3960 3961//3961 3957//3957
f 3962//3962 3961//3961 3960//3960
f 3963//3963 3960//3960 3958//3958
f 3963//3963 3962//3962 3960//3960
f 3959//3959 3963//3963 3958//3958
f 3963//3963 3959//3959 3964//3964
f 3987//3987 3990//3990 3959//3959
f 3970//3970 3961//3961 3973//3973
f 3961//3961 3962//3962 3965//3965
f 3961//3961 3965//3965 3973//3973
f 3963//3963 3966//3966 3962//3962
f 3965//3965 3962//3962 3966//3966
f 3964//3964 3966//3966 3963//3963
f 3990//3990 3964//3964 3959//3959
f 3965//3965 3966//3966 3968//3968
f 3967//3967 3968//3968 3966//3966
f 3964//3964 3967//3967 3966//3966
f 3993//3993 3967//3967 3964//3964
f 3965//3965 3968//3968 3975//3975
f 3976//3976 3975//3975 3968//3968
f 3967//3967 3976//3976 3968//3968
f 3993//3993 3976//3976 3967//3967
f 3970//3970 3969//3969 3937//3937
f 3969//3969 3970//3970 3971//3971
f 3970//3970 3973//3973 3971//3971
f 3971//3971 3974//3974 3972//3972
f 3971//3971 3973//3973 3974//3974
f 3974//3974 3973//3973 3975//3975
f 3973//3973 3965//3965 3975//3975
f 3972//3972 3974//3974 3942//3942
f 3978//3978 3975//3975 3979//3979
f 3975//3975 3976//3976 3979//3979
f 3976//3976 3993//3993 3997//3997
f 3942//3942 3974//3974 3978//3978
f 3975//3975 3978//3978 3974//3974
f 3997//3997 3979//3979 3976//3976
f 3942//3942 3978//3978 3977//3977
f 3942//3942 3977//3977 3980//3980
f 4045//4045 3977//3977 3978//3978
f 3978//3978 3979//3979 4046//4046
f 3978//3978 4046//4046 4045//4045
f 3979//3979 3997//3997 4001//4001
f 3877//3877 3983//3983 3878//3878
f 3877//3877 3985//3985 3983//3983
f 3878//3878 3984//3984 3890//3890
f 3878//3878 3983//3983 3984//3984
f 4076//4076 4007//4007 3984//3984
f 3983//3983 4076//4076 3984//3984
f 3985//3985 4076//4076 3983//3983
f 3959//3959 3887//3887 3987//3987
f 3987//3987 3885//3885 3988//3988
f 3887//3887 3885//3885 3987//3987
f 3988//3988 3886//3886 3986//3986
f 3988//3988 3986//3986 3991//3991
f 3986//3986 3989//3989 3992//3992
f 3901//3901 3989//3989 3986//3986
f 3899//3899 3901//3901 3986//3986
f 3986//3986 3992//3992 3991//3991
f 3988//3988 3990//3990 3987//3987
f 3988//3988 3991//3991 3990//3990
f 3990//3990 3991//3991 3993//3993
f 3989//3989 3994//3994 3992//3992
f 3993//3993 3964//3964 3990//3990
f 3991//3991 3995//3995 3993//3993
f 3995//3995 3991//3991 3992//3992
f 3989//3989 4009//4009 3994//3994
f 3994//3994 4009//4009 4012//4012
f 3994//3994 3996//3996 3992//3992
f 3994//3994 4012//4012 3996//3996
f 3992//3992 3996//3996 3995//3995
f 3996//3996 4012//4012 3999//3999
f 3993//3993 3995//3995 3997//3997
f 3997//3997 3995//3995 3998//3998
f 3995//3995 3996//3996 3998//3998
f 3996//3996 3999//3999 3998//3998
f 3997//3997 3998//3998 4001//4001
f 4001//4001 3998//3998 3999//3999
f 4012//4012 4000//4000 3999//3999
f 3999//3999 4000//4000 4087//4087
f 4085//4085 4001//4001 4086//4086
f 4001//4001 3999//3999 4086//4086
f 4086//4086 3999//3999 4087//4087
f 4087//4087 4000//4000 4017//4017
f 4087//4087 4017//4017 4088//4088
f 3890//3890 3984//3984 4003//4003
f 4002//4002 4003//4003 4004//4004
f 4002//4002 3890//3890 4003//4003
f 4002//4002 4004//4004 4005//4005
f 3984//3984 4007//4007 4003//4003
f 4004//4004 4006//4006 4005//4005
f 4003//4003 4008//4008 4004//4004
f 4003//4003 4007//4007 4008//4008
f 4006//4006 4004//4004 4008//4008
f 3901//3901 4009//4009 3989//3989
f 4009//4009 3903//3903 4010//4010
f 4010//4010 3911//3911 4011//4011
f 4011//4011 3914//3914 4014//4014
f 4010//4010 4011//4011 4013//4013
f 4011//4011 4014//4014 4013//4013
f 4009//4009 4010//4010 4012//4012
f 4012//4012 4013//4013 4000//4000
f 4012//4012 4010//4010 4013//4013
f 4014//4014 4018//4018 4016//4016
f 4016//4016 4018//4018 4020//4020
f 4013//4013 4015//4015 4000//4000
f 4015//4015 4013//4013 4014//4014
f 4015//4015 4014//4014 4016//4016
f 4017//4017 4000//4000 4015//4015
f 4015//4015 4016//4016 4017//4017
f 4017//4017 4016//4016 4088//4088
f 4018//4018 3923//3923 4019//4019
f 4018//4018 4019//4019 4021//4021
f 4019//4019 4024//4024 4022//4022
f 4020//4020 4018//4018 4021//4021
f 4022//4022 4021//4021 4019//4019
f 4023//4023 4025//4025 3832//3832
f 4025//4025 4023//4023 4156//4156
f 4025//4025 4156//4156 4157//4157
f 4014//4014 3924//3924 4018//4018
f 3924//3924 3923//3923 4018//4018
f 3920//3920 4024//4024 3923//3923
f 4024//4024 3920//3920 4028//4028
f 3923//3923 4024//4024 4019//4019
f 4024//4024 4028//4028 4107//4107
f 4028//4028 4164//4164 4107//4107
f 3925//3925 4166//4166 4110//4110
f 3925//3925 4025//4025 4166//4166
f 4026//4026 3807//3807 4027//4027
f 3807//3807 3931//3931 4027//4027
f 4028//4028 4026//4026 4164//4164
f 4026//4026 4027//4027 4108//4108
f 3928//3928 3925//3925 4110//4110
f 3929//3929 3928//3928 4110//4110
f 3929//3929 4118//4118 4031//4031
f 3929//3929 4110//4110 4118//4118
f 3930//3930 4030//4030 4029//4029
f 4030//4030 3930//3930 4034//4034
f 3931//3931 4109//4109 4027//4027
f 4109//4109 4172//4172 4027//4027
f 4032//4032 4031//4031 4038//4038
f 4031//4031 4118//4118 4038//4038
f 4118//4118 4110//4110 4175//4175
f 4111//4111 4030//4030 4034//4034
f 4034//4034 4033//4033 4112//4112
f 4033//4033 3934//3934 4037//4037
f 4112//4112 4033//4033 4037//4037
f 4111//4111 4034//4034 4112//4112
f 3934//3934 4036//4036 4037//4037
f 3934//3934 3933//3933 4035//4035
f 4036//4036 3934//3934 4035//4035
f 4036//4036 4035//4035 4039//4039
f 4036//4036 4039//4039 4114//4114
f 4036//4036 4114//4114 4037//4037
f 4113//4113 4112//4112 4037//4037
f 4114//4114 4113//4113 4037//4037
f 4035//4035 4032//4032 4038//4038
f 4038//4038 4039//4039 4035//4035
f 4040//4040 3949//3949 4047//4047
f 4048//4048 4040//4040 4047//4047
f 4048//4048 4050//4050 4040//4040
f 4040//4040 4050//4050 3948//3948
f 4050//4050 4041//4041 3948//3948
f 3948//3948 4041//4041 3951//3951
f 4041//4041 4059//4059 3951//3951
f 4061//4061 4059//4059 4041//4041
f 3982//3982 4074//4074 3955//3955
f 4120//4120 4043//4043 4044//4044
f 3980//3980 3977//3977 4049//4049
f 3977//3977 4045//4045 4049//4049
f 4053//4053 4049//4049 4045//4045
f 4045//4045 4046//4046 4053//4053
f 3979//3979 4085//4085 4046//4046
f 4046//4046 4085//4085 4055//4055
f 4001//4001 4085//4085 3979//3979
f 4046//4046 4054//4054 4053//4053
f 4055//4055 4054//4054 4046//4046
f 4047//4047 3980//3980 4049//4049
f 4047//4047 4049//4049 4051//4051
f 4048//4048 4047//4047 4051//4051
f 4056//4056 4048//4048 4051//4051
f 4060//4060 4048//4048 4056//4056
f 4050//4050 4048//4048 4060//4060
f 4051//4051 4049//4049 4052//4052
f 4056//4056 4051//4051 4052//4052
f 4057//4057 4052//4052 4053//4053
f 4052//4052 4049//4049 4053//4053
f 4063//4063 4060//4060 4056//4056
f 4056//4056 4052//4052 4057//4057
f 4056//4056 4057//4057 4063//4063
f 4057//4057 4053//4053 4054//4054
f 4057//4057 4054//4054 4058//4058
f 4054//4054 4055//4055 4058//4058
f 4055//4055 4090//4090 4058//4058
f 4063//4063 4057//4057 4058//4058
f 4090//4090 4089//4089 4058//4058
f 4041//4041 4050//4050 4060//4060
f 4061//4061 4041//4041 4060//4060
f 4060//4060 4063//4063 4062//4062
f 4060//4060 4062//4062 4061//4061
f 4062//4062 4063//4063 4065//4065
f 4062//4062 4065//4065 4061//4061
f 4065//4065 4063//4063 4101//4101
f 4096//4096 4100//4100 4063//4063
f 4068//4068 3951//3951 4059//4059
f 4059//4059 4070//4070 4068//4068
f 4061//4061 4070//4070 4059//4059
f 4064//4064 4061//4061 4065//4065
f 4070//4070 4061//4061 4064//4064
f 4100//4100 4101//4101 4063//4063
f 4067//4067 3981//3981 4066//4066
f 4067//4067 4072//4072 3981//3981
f 4068//4068 4067//4067 4066//4066
f 4067//4067 4069//4069 4072//4072
f 4068//4068 4069//4069 4067//4067
f 4068//4068 4070//4070 4069//4069
f 4070//4070 4071//4071 4069//4069
f 4124//4124 4070//4070 4064//4064
f 4071//4071 4070//4070 4124//4124
f 3982//3982 3861//3861 3981//3981
f 4072//4072 3982//3982 3981//3981
f 4069//4069 4073//4073 4072//4072
f 4069//4069 4071//4071 4073//4073
f 3982//3982 4072//4072 4074//4074
f 4072//4072 4073//4073 4074//4074
f 4073//4073 4127//4127 4074//4074
f 3955//3955 4074//4074 4075//4075
f 4075//4075 4131//4131 3955//3955
f 4075//4075 4129//4129 4131//4131
f 3985//3985 3879//3879 4077//4077
f 4077//4077 3879//3879 4042//4042
f 3985//3985 4077//4077 4078//4078
f 4082//4082 4007//4007 4076//4076
f 4078//4078 4076//4076 3985//3985
f 4078//4078 4080//4080 4076//4076
f 4078//4078 4083//4083 4080//4080
f 4080//4080 4082//4082 4076//4076
f 4077//4077 4042//4042 4079//4079
f 4079//4079 4078//4078 4077//4077
f 4083//4083 4078//4078 4079//4079
f 4081//4081 4042//4042 4043//4043
f 4079//4079 4042//4042 4081//4081
f 4081//4081 4132//4132 4079//4079
f 4132//4132 4083//4083 4079//4079
f 4082//4082 4150//4150 4007//4007
f 4082//4082 4137//4137 4150//4150
f 4080//4080 4083//4083 4084//4084
f 4082//4082 4080//4080 4084//4084
f 4084//4084 4137//4137 4082//4082
f 4085//4085 4086//4086 4055//4055
f 4055//4055 4086//4086 4090//4090
f 4090//4090 4086//4086 4087//4087
f 4092//4092 4087//4087 4088//4088
f 4089//4089 4091//4091 4093//4093
f 4089//4089 4090//4090 4091//4091
f 4090//4090 4087//4087 4092//4092
f 4090//4090 4092//4092 4091//4091
f 4091//4091 4092//4092 4095//4095
f 4088//4088 4095//4095 4092//4092
f 4089//4089 4093//4093 4058//4058
f 4058//4058 4093//4093 4063//4063
f 4088//4088 4016//4016 4020//4020
f 4095//4095 4088//4088 4020//4020
f 4021//4021 4095//4095 4020//4020
f 4063//4063 4093//4093 4096//4096
f 4096//4096 4093//4093 4094//4094
f 4091//4091 4095//4095 4093//4093
f 4094//4094 4095//4095 4097//4097
f 4093//4093 4095//4095 4094//4094
f 4095//4095 4021//4021 4099//4099
f 4022//4022 4099//4099 4021//4021
f 4096//4096 4094//4094 4097//4097
f 4096//4096 4097//4097 4100//4100
f 4097//4097 4095//4095 4098//4098
f 4098//4098 4095//4095 4099//4099
f 4100//4100 4097//4097 4102//4102
f 4098//4098 4102//4102 4097//4097
f 4099//4099 4022//4022 4105//4105
f 4102//4102 4101//4101 4100//4100
f 4101//4101 4102//4102 4104//4104
f 4103//4103 4102//4102 4098//4098
f 4099//4099 4103//4103 4098//4098
f 4102//4102 4103//4103 4104//4104
f 4103//4103 4105//4105 4104//4104
f 4099//4099 4105//4105 4103//4103
f 4101//4101 4138//4138 4065//4065
f 4139//4139 4101//4101 4104//4104
f 4101//4101 4139//4139 4138//4138
f 4104//4104 4105//4105 4140//4140
f 4005//4005 4006//4006 4151//4151
f 4005//4005 4151//4151 4156//4156
f 4007//4007 4150//4150 4008//4008
f 4006//4006 4008//4008 4151//4151
f 4008//4008 4150//4150 4152//4152
f 4022//4022 4106//4106 4105//4105
f 4022//4022 4024//4024 4106//4106
f 4024//4024 4160//4160 4106//4106
f 4106//4106 4160//4160 4105//4105
f 4023//4023 4005//4005 4156//4156
f 4025//4025 4157//4157 4162//4162
f 4166//4166 4025//4025 4162//4162
f 4164//4164 4026//4026 4108//4108
f 4172//4172 4109//4109 4170//4170
f 4170//4170 4109//4109 4029//4029
f 4027//4027 4172//4172 4108//4108
f 4170//4170 4029//4029 4171//4171
f 4171//4171 4029//4029 4030//4030
f 4108//4108 4172//4172 4164//4164
f 4166//4166 4168//4168 4110//4110
f 4030//4030 4111//4111 4115//4115
f 4111//4111 4112//4112 4115//4115
f 4112//4112 4113//4113 4115//4115
f 4113//4113 4114//4114 4116//4116
f 4114//4114 4117//4117 4116//4116
f 4115//4115 4113//4113 4116//4116
f 4039//4039 4117//4117 4114//4114
f 4116//4116 4117//4117 4178//4178
f 4039//4039 4038//4038 4119//4119
f 4118//4118 4119//4119 4038//4038
f 4039//4039 4119//4119 4117//4117
f 4117//4117 4119//4119 4174//4174
f 4178//4178 4117//4117 4174//4174
f 4118//4118 4174//4174 4119//4119
f 4118//4118 4175//4175 4174//4174
f 3955//3955 4121//4121 4044//4044
f 4121//4121 4120//4120 4044//4044
f 4043//4043 4120//4120 4081//4081
f 4122//4122 4121//4121 3955//3955
f 4120//4120 4121//4121 4123//4123
f 4133//4133 4120//4120 4123//4123
f 4071//4071 4124//4124 4143//4143
f 4124//4124 4064//4064 4065//4065
f 4065//4065 4142//4142 4124//4124
f 4071//4071 4125//4125 4073//4073
f 4071//4071 4143//4143 4126//4126
f 4126//4126 4143//4143 4147//4147
f 4073//4073 4125//4125 4127//4127
f 4125//4125 4071//4071 4126//4126
f 4074//4074 4127//4127 4075//4075
f 4149//4149 4127//4127 4125//4125
f 4075//4075 4127//4127 4128//4128
f 4075//4075 4128//4128 4129//4129
f 4129//4129 4182//4182 4131//4131
f 4131//4131 4182//4182 4181//4181
f 4129//4129 4130//4130 4182//4182
f 4128//4128 4130//4130 4129//4129
f 4128//4128 4191//4191 4130//4130
f 4131//4131 4122//4122 3955//3955
f 4131//4131 4181//4181 4122//4122
f 4133//4133 4081//4081 4120//4120
f 4122//4122 4136//4136 4121//4121
f 4081//4081 4133//4133 4132//4132
f 4083//4083 4134//4134 4084//4084
f 4084//4084 4134//4134 4137//4137
f 4135//4135 4134//4134 4083//4083
f 4135//4135 4132//4132 4133//4133
f 4132//4132 4135//4135 4083//4083
f 4134//4134 4187//4187 4137//4137
f 4121//4121 4136//4136 4123//4123
f 4123//4123 4136//4136 4133//4133
f 4187//4187 4134//4134 4135//4135
f 4135//4135 4133//4133 4184//4184
f 4136//4136 4184//4184 4133//4133
f 4187//4187 4249//4249 4137//4137
f 4142//4142 4065//4065 4138//4138
f 4140//4140 4139//4139 4104//4104
f 4139//4139 4140//4140 4141//4141
f 4138//4138 4139//4139 4141//4141
f 4140//4140 4160//4160 4153//4153
f 4141//4141 4140//4140 4153//4153
f 4142//4142 4138//4138 4145//4145
f 4138//4138 4141//4141 4145//4145
f 4124//4124 4142//4142 4144//4144
f 4144//4144 4142//4142 4145//4145
f 4143//4143 4124//4124 4144//4144
f 4147//4147 4143//4143 4144//4144
f 4147//4147 4144//4144 4146//4146
f 4146//4146 4145//4145 4154//4154
f 4141//4141 4153//4153 4154//4154
f 4145//4145 4141//4141 4154//4154
f 4154//4154 4153//4153 4155//4155
f 4144//4144 4145//4145 4146//4146
f 4147//4147 4146//4146 4148//4148
f 4146//4146 4154//4154 4194//4194
f 4148//4148 4146//4146 4194//4194
f 4126//4126 4149//4149 4125//4125
f 4149//4149 4128//4128 4127//4127
f 4126//4126 4147//4147 4149//4149
f 4008//4008 4152//4152 4151//4151
f 4137//4137 4193//4193 4150//4150
f 4152//4152 4150//4150 4193//4193
f 4152//4152 4192//4192 4151//4151
f 4140//4140 4105//4105 4160//4160
f 4155//4155 4194//4194 4154//4154
f 4157//4157 4156//4156 4159//4159
f 4157//4157 4159//4159 4162//4162
f 4156//4156 4151//4151 4158//4158
f 4156//4156 4158//4158 4159//4159
f 4162//4162 4159//4159 4199//4199
f 4151//4151 4192//4192 4158//4158
f 4158//4158 4195//4195 4159//4159
f 4158//4158 4192//4192 4195//4195
f 4199//4199 4159//4159 4195//4195
f 4024//4024 4107//4107 4160//4160
f 4160//4160 4107//4107 4161//4161
f 4155//4155 4153//4153 4161//4161
f 4160//4160 4161//4161 4153//4153
f 4107//4107 4200//4200 4161//4161
f 4162//4162 4163//4163 4166//4166
f 4162//4162 4199//4199 4163//4163
f 4107//4107 4164//4164 4165//4165
f 4200//4200 4107//4107 4165//4165
f 4172//4172 4165//4165 4164//4164
f 4166//4166 4167//4167 4168//4168
f 4166//4166 4163//4163 4167//4167
f 4167//4167 4169//4169 4168//4168
f 4163//4163 4202//4202 4167//4167
f 4202//4202 4201//4201 4167//4167
f 4169//4169 4203//4203 4168//4168
f 4173//4173 4171//4171 4030//4030
f 4030//4030 4115//4115 4173//4173
f 4173//4173 4115//4115 4176//4176
f 4208//4208 4171//4171 4173//4173
f 4178//4178 4179//4179 4116//4116
f 4168//4168 4175//4175 4110//4110
f 4168//4168 4203//4203 4175//4175
f 4203//4203 4215//4215 4175//4175
f 4176//4176 4115//4115 4177//4177
f 4177//4177 4115//4115 4116//4116
f 4116//4116 4179//4179 4177//4177
f 4212//4212 4177//4177 4179//4179
f 4176//4176 4177//4177 4212//4212
f 4179//4179 4178//4178 4217//4217
f 4191//4191 4180//4180 4130//4130
f 4182//4182 4130//4130 4180//4180
f 4180//4180 4191//4191 4243//4243
f 4181//4181 4185//4185 4122//4122
f 4186//4186 4185//4185 4181//4181
f 4182//4182 4183//4183 4181//4181
f 4186//4186 4181//4181 4183//4183
f 4182//4182 4180//4180 4183//4183
f 4122//4122 4185//4185 4136//4136
f 4185//4185 4220//4220 4136//4136
f 4185//4185 4186//4186 4220//4220
f 4136//4136 4225//4225 4184//4184
f 4220//4220 4228//4228 4136//4136
f 4228//4228 4225//4225 4136//4136
f 4183//4183 4218//4218 4186//4186
f 4186//4186 4218//4218 4220//4220
f 4137//4137 4249//4249 4193//4193
f 4188//4188 4187//4187 4135//4135
f 4190//4190 4147//4147 4189//4189
f 4147//4147 4190//4190 4149//4149
f 4191//4191 4149//4149 4190//4190
f 4191//4191 4190//4190 4263//4263
f 4190//4190 4189//4189 4262//4262
f 4149//4149 4191//4191 4128//4128
f 4266//4266 4191//4191 4263//4263
f 4191//4191 4266//4266 4243//4243
f 4152//4152 4193//4193 4192//4192
f 4192//4192 4193//4193 4197//4197
f 4193//4193 4196//4196 4197//4197
f 4193//4193 4249//4249 4248//4248
f 4196//4196 4193//4193 4248//4248
f 4148//4148 4189//4189 4147//4147
f 4148//4148 4258//4258 4189//4189
f 4258//4258 4259//4259 4189//4189
f 4259//4259 4262//4262 4189//4189
f 4262//4262 4263//4263 4190//4190
f 4195//4195 4192//4192 4199//4199
f 4192//4192 4197//4197 4199//4199
f 4197//4197 4280//4280 4199//4199
f 4248//4248 4274//4274 4196//4196
f 4197//4197 4196//4196 4274//4274
f 4275//4275 4197//4197 4274//4274
f 4155//4155 4161//4161 4198//4198
f 4198//4198 4161//4161 4200//4200
f 4199//4199 4202//4202 4163//4163
f 4280//4280 4202//4202 4199//4199
f 4207//4207 4202//4202 4280//4280
f 4202//4202 4207//4207 4201//4201
f 4201//4201 4169//4169 4167//4167
f 4201//4201 4205//4205 4169//4169
f 4205//4205 4201//4201 4207//4207
f 4169//4169 4204//4204 4203//4203
f 4169//4169 4205//4205 4204//4204
f 4206//4206 4204//4204 4205//4205
f 4206//4206 4210//4210 4204//4204
f 4207//4207 4206//4206 4205//4205
f 4206//4206 4289//4289 4210//4210
f 4208//4208 4170//4170 4171//4171
f 4209//4209 4172//4172 4170//4170
f 4211//4211 4209//4209 4170//4170
f 4208//4208 4211//4211 4170//4170
f 4301//4301 4209//4209 4211//4211
f 4203//4203 4204//4204 4215//4215
f 4289//4289 4290//4290 4210//4210
f 4210//4210 4302//4302 4204//4204
f 4208//4208 4173//4173 4213//4213
f 4213//4213 4173//4173 4176//4176
f 4208//4208 4214//4214 4211//4211
f 4213//4213 4176//4176 4212//4212
f 4304//4304 4212//4212 4216//4216
f 4213//4213 4212//4212 4304//4304
f 4213//4213 4214//4214 4208//4208
f 4213//4213 4304//4304 4214//4214
f 4216//4216 4212//4212 4179//4179
f 4308//4308 4174//4174 4175//4175
f 4302//4302 4215//4215 4204//4204
f 4309//4309 4215//4215 4302//4302
f 4216//4216 4179//4179 4217//4217
f 4308//4308 4178//4178 4174//4174
f 4308//4308 4307//4307 4178//4178
f 4178//4178 4307//4307 4217//4217
f 4216//4216 4217//4217 4314//4314
f 4314//4314 4217//4217 4317//4317
f 4317//4317 4217//4217 4307//4307
f 4180//4180 4219//4219 4183//4183
f 4219//4219 4221//4221 4218//4218
f 4219//4219 4218//4218 4183//4183
f 4219//4219 4180//4180 4222//4222
f 4219//4219 4222//4222 4221//4221
f 4220//4220 4218//4218 4221//4221
f 4245//4245 4222//4222 4180//4180
f 4220//4220 4221//4221 4231//4231
f 4228//4228 4220//4220 4231//4231
f 4221//4221 4233//4233 4231//4231
f 4233//4233 4221//4221 4222//4222
f 4223//4223 4233//4233 4222//4222
f 4222//4222 4245//4245 4224//4224
f 4223//4223 4222//4222 4224//4224
f 4237//4237 4233//4233 4223//4223
f 4184//4184 4225//4225 4226//4226
f 4226//4226 4227//4227 4184//4184
f 4135//4135 4184//4184 4227//4227
f 4135//4135 4227//4227 4188//4188
f 4187//4187 4188//4188 4239//4239
f 4226//4226 4230//4230 4227//4227
f 4228//4228 4229//4229 4225//4225
f 4226//4226 4225//4225 4229//4229
f 4226//4226 4229//4229 4230//4230
f 4227//4227 4230//4230 4240//4240
f 4238//4238 4188//4188 4227//4227
f 4238//4238 4227//4227 4240//4240
f 4238//4238 4239//4239 4188//4188
f 4232//4232 4229//4229 4228//4228
f 4231//4231 4232//4232 4228//4228
f 4320//4320 4232//4232 4234//4234
f 4232//4232 4235//4235 4229//4229
f 4229//4229 4235//4235 4230//4230
f 4230//4230 4235//4235 4236//4236
f 4230//4230 4236//4236 4240//4240
f 4232//4232 4231//4231 4234//4234
f 4233//4233 4237//4237 4234//4234
f 4233//4233 4234//4234 4231//4231
f 4232//4232 4320//4320 4235//4235
f 4320//4320 4321//4321 4235//4235
f 4235//4235 4321//4321 4236//4236
f 4320//4320 4234//4234 4237//4237
f 4251//4251 4187//4187 4239//4239
f 4249//4249 4187//4187 4251//4251
f 4238//4238 4240//4240 4241//4241
f 4241//4241 4239//4239 4238//4238
f 4239//4239 4241//4241 4254//4254
f 4251//4251 4239//4239 4254//4254
f 4242//4242 4241//4241 4240//4240
f 4236//4236 4242//4242 4240//4240
f 4254//4254 4241//4241 4242//4242
f 4236//4236 4321//4321 4324//4324
f 4242//4242 4236//4236 4324//4324
f 4243//4243 4266//4266 4270//4270
f 4180//4180 4243//4243 4244//4244
f 4244//4244 4243//4243 4247//4247
f 4180//4180 4244//4244 4245//4245
f 4246//4246 4245//4245 4244//4244
f 4244//4244 4247//4247 4246//4246
f 4224//4224 4245//4245 4330//4330
f 4245//4245 4246//4246 4325//4325
f 4245//4245 4325//4325 4330//4330
f 4273//4273 4246//4246 4247//4247
f 4249//4249 4251//4251 4253//4253
f 4249//4249 4250//4250 4248//4248
f 4252//4252 4249//4249 4253//4253
f 4249//4249 4252//4252 4250//4250
f 4250//4250 4252//4252 4256//4256
f 4255//4255 4252//4252 4253//4253
f 4254//4254 4257//4257 4251//4251
f 4253//4253 4251//4251 4257//4257
f 4257//4257 4255//4255 4253//4253
f 4255//4255 4256//4256 4252//4252
f 4257//4257 4254//4254 4336//4336
f 4255//4255 4257//4257 4337//4337
f 4337//4337 4256//4256 4255//4255
f 4254//4254 4242//4242 4335//4335
f 4335//4335 4336//4336 4254//4254
f 4256//4256 4354//4354 4277//4277
f 4148//4148 4194//4194 4258//4258
f 4194//4194 4261//4261 4258//4258
f 4258//4258 4261//4261 4260//4260
f 4259//4259 4258//4258 4260//4260
f 4261//4261 4194//4194 4358//4358
f 4261//4261 4357//4357 4260//4260
f 4260//4260 4356//4356 4259//4259
f 4262//4262 4259//4259 4265//4265
f 4347//4347 4366//4366 4259//4259
f 4356//4356 4347//4347 4259//4259
f 4262//4262 4264//4264 4263//4263
f 4265//4265 4264//4264 4262//4262
f 4368//4368 4264//4264 4265//4265
f 4264//4264 4368//4368 4268//4268
f 4265//4265 4367//4367 4368//4368
f 4259//4259 4367//4367 4265//4265
f 4371//4371 4368//4368 4367//4367
f 4263//4263 4267//4267 4266//4266
f 4263//4263 4264//4264 4267//4267
f 4270//4270 4266//4266 4267//4267
f 4264//4264 4268//4268 4267//4267
f 4267//4267 4268//4268 4269//4269
f 4243//4243 4270//4270 4271//4271
f 4247//4247 4243//4243 4271//4271
f 4270//4270 4272//4272 4271//4271
f 4267//4267 4272//4272 4270//4270
f 4272//4272 4267//4267 4269//4269
f 4271//4271 4272//4272 4349//4349
f 4272//4272 4350//4350 4349//4349
f 4269//4269 4350//4350 4272//4272
f 4271//4271 4273//4273 4247//4247
f 4276//4276 4275//4275 4274//4274
f 4274//4274 4248//4248 4250//4250
f 4276//4276 4274//4274 4250//4250
f 4256//4256 4276//4276 4250//4250
f 4276//4276 4279//4279 4275//4275
f 4256//4256 4277//4277 4276//4276
f 4279//4279 4276//4276 4277//4277
f 4198//4198 4361//4361 4155//4155
f 4155//4155 4361//4361 4194//4194
f 4373//4373 4198//4198 4200//4200
f 4198//4198 4373//4373 4361//4361
f 4197//4197 4278//4278 4280//4280
f 4197//4197 4275//4275 4278//4278
f 4278//4278 4275//4275 4279//4279
f 4278//4278 4282//4282 4281//4281
f 4282//4282 4278//4278 4279//4279
f 4200//4200 4165//4165 4373//4373
f 4278//4278 4281//4281 4280//4280
f 4280//4280 4281//4281 4284//4284
f 4281//4281 4283//4283 4284//4284
f 4285//4285 4284//4284 4283//4283
f 4281//4281 4282//4282 4283//4283
f 4283//4283 4286//4286 4285//4285
f 4374//4374 4165//4165 4397//4397
f 4280//4280 4284//4284 4207//4207
f 4207//4207 4289//4289 4206//4206
f 4289//4289 4207//4207 4284//4284
f 4284//4284 4285//4285 4289//4289
f 4285//4285 4291//4291 4289//4289
f 4285//4285 4292//4292 4291//4291
f 4285//4285 4287//4287 4292//4292
f 4285//4285 4288//4288 4287//4287
f 4286//4286 4288//4288 4285//4285
f 4397//4397 4165//4165 4172//4172
f 4209//4209 4397//4397 4172//4172
f 4210//4210 4290//4290 4302//4302
f 4291//4291 4290//4290 4289//4289
f 4292//4292 4293//4293 4291//4291
f 4291//4291 4293//4293 4290//4290
f 4287//4287 4295//4295 4292//4292
f 4292//4292 4295//4295 4294//4294
f 4292//4292 4294//4294 4293//4293
f 4399//4399 4296//4296 4287//4287
f 4287//4287 4296//4296 4295//4295
f 4399//4399 4298//4298 4296//4296
f 4295//4295 4296//4296 4297//4297
f 4296//4296 4298//4298 4297//4297
f 4295//4295 4297//4297 4294//4294
f 4294//4294 4297//4297 4415//4415
f 4298//4298 4299//4299 4297//4297
f 4297//4297 4299//4299 4415//4415
f 4301//4301 4397//4397 4209//4209
f 4211//4211 4214//4214 4300//4300
f 4211//4211 4300//4300 4301//4301
f 4301//4301 4396//4396 4397//4397
f 4309//4309 4311//4311 4215//4215
f 4303//4303 4310//4310 4302//4302
f 4302//4302 4310//4310 4309//4309
f 4290//4290 4303//4303 4302//4302
f 4303//4303 4290//4290 4293//4293
f 4294//4294 4303//4303 4293//4293
f 4294//4294 4313//4313 4303//4303
f 4305//4305 4304//4304 4216//4216
f 4305//4305 4216//4216 4314//4314
f 4304//4304 4306//4306 4214//4214
f 4306//4306 4304//4304 4305//4305
f 4305//4305 4314//4314 4437//4437
f 4215//4215 4308//4308 4175//4175
f 4311//4311 4308//4308 4215//4215
f 4311//4311 4319//4319 4308//4308
f 4309//4309 4310//4310 4311//4311
f 4310//4310 4312//4312 4311//4311
f 4312//4312 4442//4442 4311//4311
f 4303//4303 4313//4313 4310//4310
f 4310//4310 4313//4313 4312//4312
f 4314//4314 4317//4317 4440//4440
f 4440//4440 4437//4437 4314//4314
f 4307//4307 4308//4308 4315//4315
f 4316//4316 4307//4307 4315//4315
f 4317//4317 4307//4307 4316//4316
f 4319//4319 4315//4315 4308//4308
f 4319//4319 4318//4318 4315//4315
f 4317//4317 4316//4316 4439//4439
f 4316//4316 4315//4315 4318//4318
f 4439//4439 4316//4316 4318//4318
f 4441//4441 4439//4439 4318//4318
f 4311//4311 4442//4442 4319//4319
f 4441//4441 4318//4318 4319//4319
f 4319//4319 4442//4442 4441//4441
f 4320//4320 4237//4237 4322//4322
f 4328//4328 4237//4237 4223//4223
f 4320//4320 4323//4323 4321//4321
f 4324//4324 4321//4321 4323//4323
f 4322//4322 4237//4237 4328//4328
f 4327//4327 4320//4320 4322//4322
f 4323//4323 4320//4320 4327//4327
f 4341//4341 4324//4324 4323//4323
f 4324//4324 4335//4335 4242//4242
f 4246//4246 4326//4326 4325//4325
f 4325//4325 4326//4326 4330//4330
f 4326//4326 4246//4246 4273//4273
f 4330//4330 4326//4326 4331//4331
f 4273//4273 4352//4352 4326//4326
f 4328//4328 4333//4333 4322//4322
f 4333//4333 4327//4327 4322//4322
f 4327//4327 4341//4341 4323//4323
f 4223//4223 4224//4224 4329//4329
f 4328//4328 4223//4223 4329//4329
f 4224//4224 4330//4330 4329//4329
f 4329//4329 4330//4330 4331//4331
f 4341//4341 4327//4327 4333//4333
f 4329//4329 4331//4331 4332//4332
f 4328//4328 4329//4329 4332//4332
f 4352//4352 4331//4331 4326//4326
f 4333//4333 4328//4328 4334//4334
f 4332//4332 4334//4334 4328//4328
f 4352//4352 4332//4332 4331//4331
f 4332//4332 4352//4352 4334//4334
f 4483//4483 4333//4333 4334//4334
f 4483//4483 4346//4346 4333//4333
f 4324//4324 4342//4342 4335//4335
f 4342//4342 4343//4343 4335//4335
f 4335//4335 4343//4343 4336//4336
f 4343//4343 4339//4339 4336//4336
f 4336//4336 4339//4339 4338//4338
f 4257//4257 4336//4336 4338//4338
f 4338//4338 4337//4337 4257//4257
f 4354//4354 4256//4256 4337//4337
f 4341//4341 4342//4342 4324//4324
f 4355//4355 4354//4354 4337//4337
f 4339//4339 4340//4340 4338//4338
f 4338//4338 4340//4340 4337//4337
f 4340//4340 4355//4355 4337//4337
f 4339//4339 4343//4343 4344//4344
f 4340//4340 4339//4339 4344//4344
f 4342//4342 4341//4341 4345//4345
f 4346//4346 4345//4345 4341//4341
f 4345//4345 4343//4343 4342//4342
f 4343//4343 4353//4353 4344//4344
f 4340//4340 4344//4344 4353//4353
f 4341//4341 4333//4333 4346//4346
f 4484//4484 4345//4345 4346//4346
f 4345//4345 4482//4482 4343//4343
f 4484//4484 4482//4482 4345//4345
f 4268//4268 4348//4348 4269//4269
f 4348//4348 4350//4350 4269//4269
f 4350//4350 4494//4494 4349//4349
f 4271//4271 4349//4349 4493//4493
f 4493//4493 4349//4349 4494//4494
f 4351//4351 4350//4350 4348//4348
f 4351//4351 4494//4494 4350//4350
f 4369//4369 4351//4351 4348//4348
f 4493//4493 4273//4273 4271//4271
f 4352//4352 4273//4273 4493//4493
f 4493//4493 4334//4334 4352//4352
f 4354//4354 4279//4279 4277//4277
f 4372//4372 4279//4279 4354//4354
f 4353//4353 4355//4355 4340//4340
f 4482//4482 4353//4353 4343//4343
f 4353//4353 4482//4482 4654//4654
f 4353//4353 4497//4497 4355//4355
f 4361//4361 4373//4373 4375//4375
f 4357//4357 4261//4261 4358//4358
f 4357//4357 4356//4356 4260//4260
f 4357//4357 4359//4359 4356//4356
f 4358//4358 4360//4360 4357//4357
f 4194//4194 4361//4361 4358//4358
f 4359//4359 4357//4357 4360//4360
f 4361//4361 4363//4363 4358//4358
f 4361//4361 4376//4376 4363//4363
f 4362//4362 4360//4360 4358//4358
f 4360//4360 4365//4365 4359//4359
f 4362//4362 4358//4358 4363//4363
f 4365//4365 4360//4360 4362//4362
f 4362//4362 4363//4363 4499//4499
f 4362//4362 4485//4485 4365//4365
f 4356//4356 4364//4364 4347//4347
f 4364//4364 4366//4366 4347//4347
f 4359//4359 4364//4364 4356//4356
f 4364//4364 4359//4359 4365//4365
f 4366//4366 4364//4364 4365//4365
f 4365//4365 4488//4488 4366//4366
f 4365//4365 4486//4486 4488//4488
f 4366//4366 4367//4367 4259//4259
f 4366//4366 4488//4488 4367//4367
f 4371//4371 4367//4367 4487//4487
f 4368//4368 4348//4348 4268//4268
f 4370//4370 4369//4369 4368//4368
f 4368//4368 4369//4369 4348//4348
f 4370//4370 4368//4368 4371//4371
f 4369//4369 4370//4370 4351//4351
f 4379//4379 4279//4279 4372//4372
f 4372//4372 4354//4354 4498//4498
f 4498//4498 4381//4381 4372//4372
f 4379//4379 4372//4372 4381//4381
f 4165//4165 4374//4374 4373//4373
f 4375//4375 4373//4373 4374//4374
f 4361//4361 4375//4375 4376//4376
f 4376//4376 4500//4500 4363//4363
f 4363//4363 4500//4500 4499//4499
f 4375//4375 4501//4501 4376//4376
f 4376//4376 4501//4501 4500//4500
f 4501//4501 4375//4375 4514//4514
f 4374//4374 4514//4514 4375//4375
f 4283//4283 4282//4282 4377//4377
f 4279//4279 4379//4379 4282//4282
f 4283//4283 4384//4384 4286//4286
f 4286//4286 4384//4384 4288//4288
f 4379//4379 4377//4377 4282//4282
f 4283//4283 4377//4377 4378//4378
f 4384//4384 4283//4283 4378//4378
f 4377//4377 4379//4379 4378//4378
f 4378//4378 4380//4380 4384//4384
f 4381//4381 4380//4380 4379//4379
f 4379//4379 4380//4380 4378//4378
f 4380//4380 4383//4383 4387//4387
f 4383//4383 4380//4380 4382//4382
f 4381//4381 4382//4382 4380//4380
f 4381//4381 4498//4498 4382//4382
f 4288//4288 4385//4385 4399//4399
f 4399//4399 4287//4287 4288//4288
f 4384//4384 4385//4385 4288//4288
f 4384//4384 4386//4386 4385//4385
f 4386//4386 4388//4388 4385//4385
f 4384//4384 4380//4380 4386//4386
f 4380//4380 4387//4387 4386//4386
f 4385//4385 4388//4388 4400//4400
f 4400//4400 4388//4388 4403//4403
f 4387//4387 4389//4389 4386//4386
f 4386//4386 4389//4389 4388//4388
f 4389//4389 4390//4390 4388//4388
f 4387//4387 4383//4383 4389//4389
f 4389//4389 4391//4391 4390//4390
f 4388//4388 4390//4390 4405//4405
f 4409//4409 4405//4405 4392//4392
f 4382//4382 4391//4391 4383//4383
f 4383//4383 4391//4391 4389//4389
f 4391//4391 4393//4393 4390//4390
f 4392//4392 4390//4390 4393//4393
f 4405//4405 4390//4390 4392//4392
f 4516//4516 4391//4391 4382//4382
f 4391//4391 4516//4516 4517//4517
f 4393//4393 4391//4391 4517//4517
f 4393//4393 4517//4517 4521//4521
f 4393//4393 4394//4394 4392//4392
f 4394//4394 4395//4395 4392//4392
f 4395//4395 4411//4411 4409//4409
f 4392//4392 4395//4395 4409//4409
f 4522//4522 4394//4394 4521//4521
f 4394//4394 4393//4393 4521//4521
f 4394//4394 4522//4522 4395//4395
f 4395//4395 4522//4522 4523//4523
f 4523//4523 4530//4530 4395//4395
f 4530//4530 4411//4411 4395//4395
f 4397//4397 4396//4396 4398//4398
f 4413//4413 4398//4398 4396//4396
f 4414//4414 4398//4398 4413//4413
f 4398//4398 4539//4539 4397//4397
f 4385//4385 4400//4400 4399//4399
f 4399//4399 4400//4400 4298//4298
f 4298//4298 4400//4400 4402//4402
f 4298//4298 4402//4402 4299//4299
f 4402//4402 4416//4416 4299//4299
f 4402//4402 4417//4417 4416//4416
f 4403//4403 4401//4401 4400//4400
f 4400//4400 4401//4401 4402//4402
f 4406//4406 4404//4404 4401//4401
f 4402//4402 4401//4401 4404//4404
f 4402//4402 4404//4404 4417//4417
f 4404//4404 4420//4420 4417//4417
f 4401//4401 4403//4403 4406//4406
f 4406//4406 4407//4407 4404//4404
f 4404//4404 4407//4407 4420//4420
f 4407//4407 4422//4422 4420//4420
f 4403//4403 4388//4388 4405//4405
f 4408//4408 4407//4407 4406//4406
f 4422//4422 4407//4407 4410//4410
f 4410//4410 4407//4407 4408//4408
f 4409//4409 4406//4406 4403//4403
f 4405//4405 4409//4409 4403//4403
f 4411//4411 4406//4406 4409//4409
f 4411//4411 4408//4408 4406//4406
f 4408//4408 4411//4411 4410//4410
f 4531//4531 4543//4543 4410//4410
f 4530//4530 4410//4410 4411//4411
f 4530//4530 4531//4531 4410//4410
f 4396//4396 4301//4301 4412//4412
f 4412//4412 4413//4413 4396//4396
f 4549//4549 4413//4413 4412//4412
f 4301//4301 4549//4549 4412//4412
f 4419//4419 4294//4294 4415//4415
f 4416//4416 4415//4415 4299//4299
f 4416//4416 4419//4419 4415//4415
f 4417//4417 4418//4418 4416//4416
f 4420//4420 4421//4421 4418//4418
f 4417//4417 4420//4420 4418//4418
f 4416//4416 4418//4418 4419//4419
f 4421//4421 4422//4422 4427//4427
f 4418//4418 4421//4421 4427//4427
f 4418//4418 4427//4427 4419//4419
f 4420//4420 4422//4422 4421//4421
f 4543//4543 4422//4422 4410//4410
f 4543//4543 4430//4430 4422//4422
f 4543//4543 4554//4554 4430//4430
f 4423//4423 4300//4300 4214//4214
f 4300//4300 4423//4423 4301//4301
f 4214//4214 4306//4306 4423//4423
f 4306//4306 4562//4562 4423//4423
f 4562//4562 4564//4564 4423//4423
f 4423//4423 4564//4564 4547//4547
f 4301//4301 4423//4423 4547//4547
f 4313//4313 4442//4442 4312//4312
f 4313//4313 4445//4445 4442//4442
f 4445//4445 4443//4443 4442//4442
f 4445//4445 4313//4313 4294//4294
f 4294//4294 4419//4419 4424//4424
f 4424//4424 4446//4446 4294//4294
f 4446//4446 4424//4424 4425//4425
f 4419//4419 4427//4427 4426//4426
f 4426//4426 4425//4425 4419//4419
f 4419//4419 4425//4425 4424//4424
f 4427//4427 4429//4429 4426//4426
f 4426//4426 4447//4447 4425//4425
f 4428//4428 4427//4427 4422//4422
f 4429//4429 4427//4427 4428//4428
f 4426//4426 4448//4448 4447//4447
f 4448//4448 4426//4426 4429//4429
f 4430//4430 4428//4428 4422//4422
f 4431//4431 4428//4428 4430//4430
f 4432//4432 4428//4428 4431//4431
f 4432//4432 4429//4429 4428//4428
f 4432//4432 4433//4433 4429//4429
f 4433//4433 4448//4448 4429//4429
f 4554//4554 4434//4434 4430//4430
f 4434//4434 4431//4431 4430//4430
f 4432//4432 4434//4434 4435//4435
f 4434//4434 4432//4432 4431//4431
f 4432//4432 4435//4435 4433//4433
f 4438//4438 4305//4305 4437//4437
f 4306//4306 4305//4305 4438//4438
f 4436//4436 4306//4306 4438//4438
f 4438//4438 4437//4437 4570//4570
f 4562//4562 4306//4306 4436//4436
f 4569//4569 4436//4436 4438//4438
f 4563//4563 4436//4436 4569//4569
f 4562//4562 4436//4436 4563//4563
f 4450//4450 4437//4437 4440//4440
f 4569//4569 4438//4438 4570//4570
f 4440//4440 4317//4317 4439//4439
f 4451//4451 4439//4439 4441//4441
f 4439//4439 4451//4451 4440//4440
f 4450//4450 4440//4440 4451//4451
f 4442//4442 4453//4453 4452//4452
f 4442//4442 4444//4444 4453//4453
f 4443//4443 4444//4444 4442//4442
f 4445//4445 4456//4456 4443//4443
f 4294//4294 4446//4446 4445//4445
f 4445//4445 4446//4446 4456//4456
f 4425//4425 4447//4447 4446//4446
f 4447//4447 4459//4459 4446//4446
f 4447//4447 4449//4449 4480//4480
f 4447//4447 4448//4448 4449//4449
f 4433//4433 4449//4449 4448//4448
f 4437//4437 4450//4450 4571//4571
f 4570//4570 4437//4437 4571//4571
f 4571//4571 4450//4450 4573//4573
f 4450//4450 4451//4451 4460//4460
f 4573//4573 4450//4450 4460//4460
f 4451//4451 4441//4441 4452//4452
f 4441//4441 4442//4442 4452//4452
f 4455//4455 4451//4451 4452//4452
f 4452//4452 4454//4454 4455//4455
f 4460//4460 4451//4451 4455//4455
f 4453//4453 4454//4454 4452//4452
f 4444//4444 4461//4461 4453//4453
f 4453//4453 4461//4461 4454//4454
f 4454//4454 4461//4461 4455//4455
f 4481//4481 4455//4455 4461//4461
f 4461//4461 4457//4457 4464//4464
f 4444//4444 4457//4457 4461//4461
f 4443//4443 4456//4456 4444//4444
f 4457//4457 4444//4444 4456//4456
f 4463//4463 4462//4462 4456//4456
f 4446//4446 4458//4458 4456//4456
f 4471//4471 4456//4456 4458//4458
f 4446//4446 4459//4459 4458//4458
f 4459//4459 4471//4471 4458//4458
f 4459//4459 4472//4472 4471//4471
f 4447//4447 4480//4480 4459//4459
f 4480//4480 4449//4449 4603//4603
f 4460//4460 4455//4455 4481//4481
f 4617//4617 4460//4460 4481//4481
f 4481//4481 4461//4461 4464//4464
f 4466//4466 4481//4481 4464//4464
f 4457//4457 4462//4462 4464//4464
f 4457//4457 4456//4456 4462//4462
f 4466//4466 4462//4462 4465//4465
f 4465//4465 4462//4462 4463//4463
f 4464//4464 4462//4462 4466//4466
f 4473//4473 4465//4465 4463//4463
f 4475//4475 4465//4465 4473//4473
f 4465//4465 4467//4467 4466//4466
f 4475//4475 4468//4468 4467//4467
f 4475//4475 4467//4467 4465//4465
f 4466//4466 4467//4467 4469//4469
f 4467//4467 4470//4470 4469//4469
f 4467//4467 4468//4468 4470//4470
f 4469//4469 4470//4470 4648//4648
f 4456//4456 4471//4471 4463//4463
f 4463//4463 4471//4471 4473//4473
f 4480//4480 4472//4472 4459//4459
f 4471//4471 4474//4474 4473//4473
f 4471//4471 4472//4472 4474//4474
f 4473//4473 4474//4474 4475//4475
f 4474//4474 4476//4476 4475//4475
f 4474//4474 4472//4472 4476//4476
f 4472//4472 4478//4478 4476//4476
f 4478//4478 4472//4472 4477//4477
f 4472//4472 4480//4480 4477//4477
f 4476//4476 4468//4468 4475//4475
f 4476//4476 4478//4478 4479//4479
f 4468//4468 4476//4476 4479//4479
f 4470//4470 4468//4468 4479//4479
f 4604//4604 4477//4477 4480//4480
f 4604//4604 4595//4595 4477//4477
f 4477//4477 4595//4595 4478//4478
f 4478//4478 4595//4595 4596//4596
f 4597//4597 4479//4479 4596//4596
f 4596//4596 4479//4479 4478//4478
f 4648//4648 4470//4470 4597//4597
f 4470//4470 4479//4479 4597//4597
f 4480//4480 4603//4603 4604//4604
f 4481//4481 4466//4466 4646//4646
f 4646//4646 4466//4466 4469//4469
f 4334//4334 4496//4496 4483//4483
f 4493//4493 4496//4496 4334//4334
f 4482//4482 4484//4484 4654//4654
f 4346//4346 4483//4483 4496//4496
f 4651//4651 4346//4346 4496//4496
f 4484//4484 4346//4346 4651//4651
f 4497//4497 4353//4353 4654//4654
f 4497//4497 4354//4354 4355//4355
f 4354//4354 4497//4497 4498//4498
f 4484//4484 4658//4658 4654//4654
f 4485//4485 4362//4362 4499//4499
f 4485//4485 4499//4499 4502//4502
f 4486//4486 4365//4365 4485//4485
f 4485//4485 4502//4502 4486//4486
f 4486//4486 4502//4502 4504//4504
f 4488//4488 4486//4486 4504//4504
f 4487//4487 4367//4367 4488//4488
f 4487//4487 4490//4490 4371//4371
f 4490//4490 4487//4487 4491//4491
f 4488//4488 4489//4489 4487//4487
f 4491//4491 4487//4487 4489//4489
f 4489//4489 4488//4488 4504//4504
f 4490//4490 4492//4492 4371//4371
f 4492//4492 4370//4370 4371//4371
f 4491//4491 4660//4660 4661//4661
f 4491//4491 4661//4661 4490//4490
f 4489//4489 4660//4660 4491//4491
f 4370//4370 4492//4492 4351//4351
f 4490//4490 4661//4661 4492//4492
f 4496//4496 4493//4493 4494//4494
f 4495//4495 4494//4494 4351//4351
f 4351//4351 4492//4492 4495//4495
f 4494//4494 4650//4650 4496//4496
f 4662//4662 4495//4495 4492//4492
f 4497//4497 4654//4654 4655//4655
f 4498//4498 4497//4497 4655//4655
f 4655//4655 4511//4511 4498//4498
f 4499//4499 4500//4500 4502//4502
f 4503//4503 4502//4502 4500//4500
f 4500//4500 4501//4501 4503//4503
f 4503//4503 4501//4501 4515//4515
f 4504//4504 4502//4502 4505//4505
f 4502//4502 4503//4503 4505//4505
f 4505//4505 4503//4503 4515//4515
f 4505//4505 4677//4677 4504//4504
f 4676//4676 4504//4504 4677//4677
f 4505//4505 4515//4515 4677//4677
f 4677//4677 4515//4515 4675//4675
f 4504//4504 4676//4676 4489//4489
f 4508//4508 4498//4498 4511//4511
f 4382//4382 4498//4498 4508//4508
f 4382//4382 4506//4506 4516//4516
f 4506//4506 4382//4382 4508//4508
f 4507//4507 4518//4518 4506//4506
f 4518//4518 4507//4507 4519//4519
f 4509//4509 4506//4506 4508//4508
f 4507//4507 4506//4506 4509//4509
f 4507//4507 4509//4509 4510//4510
f 4519//4519 4507//4507 4510//4510
f 4509//4509 4511//4511 4510//4510
f 4511//4511 4509//4509 4508//4508
f 4511//4511 4512//4512 4510//4510
f 4510//4510 4512//4512 4520//4520
f 4511//4511 4513//4513 4512//4512
f 4512//4512 4527//4527 4520//4520
f 4513//4513 4529//4529 4527//4527
f 4512//4512 4513//4513 4527//4527
f 4514//4514 4515//4515 4501//4501
f 4514//4514 4680//4680 4515//4515
f 4514//4514 4374//4374 4680//4680
f 4374//4374 4674//4674 4680//4680
f 4528//4528 4674//4674 4374//4374
f 4516//4516 4518//4518 4517//4517
f 4516//4516 4506//4506 4518//4518
f 4517//4517 4518//4518 4521//4521
f 4521//4521 4518//4518 4519//4519
f 4519//4519 4524//4524 4521//4521
f 4520//4520 4524//4524 4519//4519
f 4510//4510 4520//4520 4519//4519
f 4524//4524 4522//4522 4521//4521
f 4524//4524 4525//4525 4522//4522
f 4525//4525 4523//4523 4522//4522
f 4525//4525 4532//4532 4523//4523
f 4532//4532 4530//4530 4523//4523
f 4520//4520 4526//4526 4524//4524
f 4526//4526 4525//4525 4524//4524
f 4526//4526 4534//4534 4525//4525
f 4534//4534 4532//4532 4525//4525
f 4527//4527 4526//4526 4520//4520
f 4526//4526 4527//4527 4537//4537
f 4526//4526 4537//4537 4534//4534
f 4527//4527 4529//4529 4537//4537
f 4528//4528 4374//4374 4539//4539
f 4374//4374 4397//4397 4539//4539
f 4539//4539 4678//4678 4528//4528
f 4674//4674 4528//4528 4678//4678
f 4529//4529 4545//4545 4538//4538
f 4685//4685 4545//4545 4529//4529
f 4532//4532 4533//4533 4530//4530
f 4533//4533 4531//4531 4530//4530
f 4534//4534 4535//4535 4532//4532
f 4535//4535 4533//4533 4532//4532
f 4535//4535 4536//4536 4533//4533
f 4536//4536 4531//4531 4533//4533
f 4537//4537 4535//4535 4534//4534
f 4535//4535 4538//4538 4536//4536
f 4538//4538 4537//4537 4529//4529
f 4537//4537 4538//4538 4535//4535
f 4398//4398 4414//4414 4539//4539
f 4413//4413 4548//4548 4414//4414
f 4548//4548 4413//4413 4549//4549
f 4542//4542 4678//4678 4539//4539
f 4541//4541 4539//4539 4414//4414
f 4548//4548 4540//4540 4414//4414
f 4414//4414 4540//4540 4541//4541
f 4542//4542 4539//4539 4541//4541
f 4541//4541 4691//4691 4542//4542
f 4546//4546 4556//4556 4543//4543
f 4544//4544 4556//4556 4546//4546
f 4538//4538 4544//4544 4546//4546
f 4558//4558 4556//4556 4544//4544
f 4545//4545 4544//4544 4538//4538
f 4560//4560 4558//4558 4544//4544
f 4544//4544 4545//4545 4560//4560
f 4698//4698 4545//4545 4685//4685
f 4560//4560 4545//4545 4698//4698
f 4536//4536 4546//4546 4531//4531
f 4546//4546 4543//4543 4531//4531
f 4536//4536 4538//4538 4546//4546
f 4301//4301 4547//4547 4549//4549
f 4549//4549 4547//4547 4551//4551
f 4551//4551 4547//4547 4565//4565
f 4550//4550 4548//4548 4549//4549
f 4550//4550 4549//4549 4551//4551
f 4552//4552 4540//4540 4548//4548
f 4552//4552 4548//4548 4550//4550
f 4553//4553 4550//4550 4551//4551
f 4553//4553 4551//4551 4567//4567
f 4541//4541 4540//4540 4552//4552
f 4550//4550 4553//4553 4552//4552
f 4552//4552 4553//4553 4686//4686
f 4553//4553 4701//4701 4686//4686
f 4567//4567 4701//4701 4553//4553
f 4552//4552 4689//4689 4541//4541
f 4557//4557 4434//4434 4554//4554
f 4557//4557 4555//4555 4434//4434
f 4555//4555 4435//4435 4434//4434
f 4556//4556 4554//4554 4543//4543
f 4556//4556 4557//4557 4554//4554
f 4585//4585 4557//4557 4559//4559
f 4557//4557 4585//4585 4555//4555
f 4556//4556 4558//4558 4557//4557
f 4558//4558 4559//4559 4557//4557
f 4560//4560 4559//4559 4558//4558
f 4560//4560 4561//4561 4559//4559
f 4561//4561 4585//4585 4559//4559
f 4560//4560 4698//4698 4561//4561
f 4698//4698 4699//4699 4561//4561
f 4569//4569 4574//4574 4563//4563
f 4547//4547 4564//4564 4565//4565
f 4563//4563 4574//4574 4577//4577
f 4566//4566 4564//4564 4562//4562
f 4566//4566 4562//4562 4563//4563
f 4577//4577 4566//4566 4563//4563
f 4567//4567 4551//4551 4565//4565
f 4565//4565 4564//4564 4568//4568
f 4701//4701 4567//4567 4568//4568
f 4565//4565 4568//4568 4567//4567
f 4566//4566 4568//4568 4564//4564
f 4568//4568 4566//4566 4719//4719
f 4569//4569 4570//4570 4574//4574
f 4555//4555 4433//4433 4435//4435
f 4555//4555 4580//4580 4433//4433
f 4583//4583 4555//4555 4585//4585
f 4583//4583 4580//4580 4555//4555
f 4572//4572 4571//4571 4573//4573
f 4572//4572 4570//4570 4571//4571
f 4575//4575 4572//4572 4573//4573
f 4570//4570 4576//4576 4574//4574
f 4570//4570 4572//4572 4576//4576
f 4576//4576 4572//4572 4575//4575
f 4576//4576 4575//4575 4578//4578
f 4578//4578 4575//4575 4573//4573
f 4574//4574 4576//4576 4577//4577
f 4577//4577 4576//4576 4586//4586
f 4576//4576 4578//4578 4586//4586
f 4577//4577 4718//4718 4566//4566
f 4718//4718 4577//4577 4586//4586
f 4602//4602 4738//4738 4733//4733
f 4594//4594 4602//4602 4733//4733
f 4579//4579 4603//4603 4449//4449
f 4579//4579 4605//4605 4603//4603
f 4580//4580 4449//4449 4433//4433
f 4580//4580 4579//4579 4449//4449
f 4580//4580 4581//4581 4579//4579
f 4605//4605 4581//4581 4607//4607
f 4581//4581 4605//4605 4579//4579
f 4584//4584 4581//4581 4580//4580
f 4584//4584 4582//4582 4581//4581
f 4582//4582 4607//4607 4581//4581
f 4738//4738 4582//4582 4584//4584
f 4738//4738 4602//4602 4582//4582
f 4580//4580 4583//4583 4584//4584
f 4585//4585 4584//4584 4583//4583
f 4737//4737 4584//4584 4585//4585
f 4737//4737 4738//4738 4584//4584
f 4578//4578 4573//4573 4590//4590
f 4578//4578 4587//4587 4586//4586
f 4590//4590 4587//4587 4578//4578
f 4588//4588 4587//4587 4590//4590
f 4586//4586 4743//4743 4718//4718
f 4586//4586 4587//4587 4743//4743
f 4743//4743 4587//4587 4744//4744
f 4744//4744 4587//4587 4588//4588
f 4751//4751 4744//4744 4588//4588
f 4589//4589 4573//4573 4460//4460
f 4617//4617 4589//4589 4460//4460
f 4608//4608 4589//4589 4617//4617
f 4573//4573 4589//4589 4590//4590
f 4608//4608 4609//4609 4589//4589
f 4591//4591 4589//4589 4609//4609
f 4591//4591 4590//4590 4589//4589
f 4590//4590 4592//4592 4588//4588
f 4592//4592 4590//4590 4591//4591
f 4592//4592 4591//4591 4609//4609
f 4751//4751 4588//4588 4592//4592
f 4614//4614 4751//4751 4592//4592
f 4618//4618 4617//4617 4481//4481
f 4593//4593 4601//4601 4594//4594
f 4594//4594 4645//4645 4593//4593
f 4593//4593 4645//4645 4649//4649
f 4602//4602 4594//4594 4601//4601
f 4594//4594 4781//4781 4645//4645
f 4604//4604 4606//4606 4595//4595
f 4595//4595 4606//4606 4598//4598
f 4599//4599 4596//4596 4598//4598
f 4596//4596 4595//4595 4598//4598
f 4593//4593 4597//4597 4599//4599
f 4597//4597 4596//4596 4599//4599
f 4593//4593 4648//4648 4597//4597
f 4598//4598 4600//4600 4601//4601
f 4606//4606 4600//4600 4598//4598
f 4598//4598 4601//4601 4599//4599
f 4601//4601 4593//4593 4599//4599
f 4600//4600 4602//4602 4601//4601
f 4604//4604 4605//4605 4606//4606
f 4604//4604 4603//4603 4605//4605
f 4607//4607 4600//4600 4606//4606
f 4607//4607 4606//4606 4605//4605
f 4582//4582 4600//4600 4607//4607
f 4602//4602 4600//4600 4582//4582
f 4609//4609 4608//4608 4611//4611
f 4611//4611 4608//4608 4621//4621
f 4592//4592 4609//4609 4612//4612
f 4612//4612 4609//4609 4610//4610
f 4611//4611 4610//4610 4609//4609
f 4610//4610 4611//4611 4613//4613
f 4615//4615 4610//4610 4613//4613
f 4613//4613 4611//4611 4621//4621
f 4613//4613 4621//4621 4624//4624
f 4614//4614 4592//4592 4612//4612
f 4612//4612 4615//4615 4614//4614
f 4610//4610 4615//4615 4612//4612
f 4616//4616 4615//4615 4613//4613
f 4616//4616 4613//4613 4630//4630
f 4613//4613 4624//4624 4630//4630
f 4767//4767 4751//4751 4614//4614
f 4768//4768 4767//4767 4614//4614
f 4615//4615 4768//4768 4614//4614
f 4769//4769 4768//4768 4615//4615
f 4770//4770 4615//4615 4616//4616
f 4770//4770 4769//4769 4615//4615
f 4771//4771 4770//4770 4616//4616
f 4616//4616 4630//4630 4771//4771
f 4617//4617 4618//4618 4608//4608
f 4621//4621 4608//4608 4618//4618
f 4621//4621 4618//4618 4620//4620
f 4619//4619 4620//4620 4618//4618
f 4623//4623 4620//4620 4619//4619
f 4642//4642 4623//4623 4619//4619
f 4622//4622 4642//4642 4644//4644
f 4627//4627 4620//4620 4623//4623
f 4642//4642 4622//4622 4623//4623
f 4624//4624 4621//4621 4620//4620
f 4628//4628 4623//4623 4625//4625
f 4622//4622 4625//4625 4623//4623
f 4622//4622 4626//4626 4625//4625
f 4643//4643 4626//4626 4644//4644
f 4644//4644 4626//4626 4622//4622
f 4624//4624 4620//4620 4627//4627
f 4624//4624 4627//4627 4631//4631
f 4643//4643 4629//4629 4626//4626
f 4631//4631 4630//4630 4624//4624
f 4628//4628 4632//4632 4627//4627
f 4628//4628 4633//4633 4632//4632
f 4633//4633 4628//4628 4625//4625
f 4626//4626 4629//4629 4625//4625
f 4627//4627 4632//4632 4631//4631
f 4627//4627 4623//4623 4628//4628
f 4779//4779 4632//4632 4778//4778
f 4632//4632 4633//4633 4778//4778
f 4633//4633 4629//4629 4778//4778
f 4643//4643 4781//4781 4629//4629
f 4771//4771 4630//4630 4779//4779
f 4630//4630 4631//4631 4779//4779
f 4779//4779 4631//4631 4632//4632
f 4625//4625 4629//4629 4633//4633
f 4646//4646 4634//4634 4481//4481
f 4634//4634 4646//4646 4647//4647
f 4618//4618 4481//4481 4635//4635
f 4481//4481 4634//4634 4637//4637
f 4637//4637 4634//4634 4636//4636
f 4634//4634 4647//4647 4636//4636
f 4635//4635 4481//4481 4637//4637
f 4638//4638 4635//4635 4637//4637
f 4635//4635 4619//4619 4618//4618
f 4635//4635 4638//4638 4619//4619
f 4638//4638 4637//4637 4639//4639
f 4639//4639 4637//4637 4636//4636
f 4619//4619 4638//4638 4642//4642
f 4649//4649 4641//4641 4636//4636
f 4638//4638 4639//4639 4640//4640
f 4640//4640 4639//4639 4641//4641
f 4639//4639 4636//4636 4641//4641
f 4638//4638 4640//4640 4642//4642
f 4649//4649 4645//4645 4641//4641
f 4640//4640 4643//4643 4644//4644
f 4643//4643 4640//4640 4641//4641
f 4644//4644 4642//4642 4640//4640
f 4643//4643 4641//4641 4645//4645
f 4645//4645 4781//4781 4643//4643
f 4646//4646 4469//4469 4647//4647
f 4647//4647 4469//4469 4648//4648
f 4647//4647 4648//4648 4649//4649
f 4593//4593 4649//4649 4648//4648
f 4647//4647 4649//4649 4636//4636
f 4662//4662 4492//4492 4661//4661
f 4663//4663 4495//4495 4662//4662
f 4662//4662 4784//4784 4663//4663
f 4650//4650 4494//4494 4663//4663
f 4494//4494 4495//4495 4663//4663
f 4496//4496 4650//4650 4653//4653
f 4650//4650 4663//4663 4653//4653
f 4484//4484 4651//4651 4652//4652
f 4652//4652 4651//4651 4496//4496
f 4652//4652 4664//4664 4484//4484
f 4652//4652 4496//4496 4653//4653
f 4793//4793 4652//4652 4653//4653
f 4793//4793 4653//4653 4788//4788
f 4654//4654 4657//4657 4656//4656
f 4655//4655 4654//4654 4656//4656
f 4655//4655 4656//4656 4665//4665
f 4654//4654 4658//4658 4657//4657
f 4656//4656 4657//4657 4666//4666
f 4656//4656 4666//4666 4665//4665
f 4659//4659 4657//4657 4658//4658
f 4659//4659 4666//4666 4657//4657
f 4658//4658 4484//4484 4664//4664
f 4676//4676 4660//4660 4489//4489
f 4660//4660 4782//4782 4661//4661
f 4785//4785 4662//4662 4661//4661
f 4663//4663 4788//4788 4653//4653
f 4784//4784 4788//4788 4663//4663
f 4793//4793 4664//4664 4652//4652
f 4795//4795 4672//4672 4664//4664
f 4511//4511 4655//4655 4665//4665
f 4511//4511 4665//4665 4667//4667
f 4665//4665 4666//4666 4667//4667
f 4667//4667 4513//4513 4511//4511
f 4666//4666 4668//4668 4667//4667
f 4669//4669 4513//4513 4667//4667
f 4668//4668 4666//4666 4659//4659
f 4668//4668 4659//4659 4671//4671
f 4669//4669 4667//4667 4668//4668
f 4669//4669 4668//4668 4670//4670
f 4673//4673 4669//4669 4670//4670
f 4513//4513 4669//4669 4673//4673
f 4671//4671 4659//4659 4658//4658
f 4668//4668 4671//4671 4672//4672
f 4668//4668 4672//4672 4670//4670
f 4670//4670 4808//4808 4673//4673
f 4672//4672 4671//4671 4664//4664
f 4671//4671 4658//4658 4664//4664
f 4672//4672 4808//4808 4670//4670
f 4808//4808 4672//4672 4795//4795
f 4673//4673 4529//4529 4513//4513
f 4515//4515 4680//4680 4675//4675
f 4680//4680 4681//4681 4675//4675
f 4675//4675 4681//4681 4677//4677
f 4660//4660 4676//4676 4782//4782
f 4673//4673 4808//4808 4529//4529
f 4682//4682 4529//4529 4808//4808
f 4680//4680 4674//4674 4679//4679
f 4678//4678 4679//4679 4674//4674
f 4679//4679 4681//4681 4680//4680
f 4682//4682 4808//4808 4858//4858
f 4858//4858 4684//4684 4682//4682
f 4678//4678 4542//4542 4691//4691
f 4684//4684 4695//4695 4683//4683
f 4682//4682 4684//4684 4683//4683
f 4684//4684 4891//4891 4695//4695
f 4685//4685 4700//4700 4698//4698
f 4685//4685 4529//4529 4683//4683
f 4700//4700 4685//4685 4683//4683
f 4682//4682 4683//4683 4529//4529
f 4541//4541 4689//4689 4691//4691
f 4687//4687 4689//4689 4552//4552
f 4686//4686 4687//4687 4552//4552
f 4686//4686 4688//4688 4687//4687
f 4689//4689 4687//4687 4690//4690
f 4690//4690 4687//4687 4688//4688
f 4688//4688 4706//4706 4690//4690
f 4690//4690 4692//4692 4689//4689
f 4690//4690 4693//4693 4692//4692
f 4690//4690 4706//4706 4693//4693
f 4689//4689 4692//4692 4691//4691
f 4692//4692 4861//4861 4691//4691
f 4692//4692 4693//4693 4861//4861
f 4693//4693 4862//4862 4861//4861
f 4714//4714 4699//4699 4694//4694
f 4695//4695 4700//4700 4683//4683
f 4714//4714 4694//4694 4696//4696
f 4694//4694 4695//4695 4697//4697
f 4696//4696 4694//4694 4697//4697
f 4697//4697 4695//4695 4891//4891
f 4884//4884 4697//4697 4891//4891
f 4884//4884 4696//4696 4697//4697
f 4711//4711 4696//4696 4884//4884
f 4711//4711 4717//4717 4696//4696
f 4699//4699 4698//4698 4694//4694
f 4698//4698 4700//4700 4694//4694
f 4699//4699 4714//4714 4713//4713
f 4700//4700 4695//4695 4694//4694
f 4701//4701 4568//4568 4719//4719
f 4719//4719 4702//4702 4701//4701
f 4703//4703 4686//4686 4701//4701
f 4704//4704 4703//4703 4701//4701
f 4704//4704 4701//4701 4702//4702
f 4702//4702 4707//4707 4704//4704
f 4688//4688 4686//4686 4703//4703
f 4703//4703 4705//4705 4688//4688
f 4705//4705 4703//4703 4704//4704
f 4705//4705 4706//4706 4688//4688
f 4708//4708 4706//4706 4705//4705
f 4704//4704 4708//4708 4705//4705
f 4693//4693 4706//4706 4709//4709
f 4709//4709 4706//4706 4708//4708
f 4693//4693 4709//4709 4862//4862
f 4719//4719 4707//4707 4702//4702
f 4707//4707 4708//4708 4704//4704
f 4724//4724 4708//4708 4707//4707
f 4729//4729 4892//4892 4708//4708
f 4906//4906 4710//4710 4711//4711
f 4712//4712 4710//4710 4906//4906
f 4711//4711 4710//4710 4717//4717
f 4734//4734 4710//4710 4712//4712
f 4734//4734 4712//4712 4736//4736
f 4561//4561 4713//4713 4585//4585
f 4714//4714 4715//4715 4713//4713
f 4715//4715 4739//4739 4713//4713
f 4739//4739 4715//4715 4741//4741
f 4716//4716 4715//4715 4717//4717
f 4716//4716 4741//4741 4715//4715
f 4742//4742 4741//4741 4716//4716
f 4717//4717 4715//4715 4714//4714
f 4717//4717 4714//4714 4696//4696
f 4716//4716 4710//4710 4734//4734
f 4710//4710 4716//4716 4717//4717
f 4734//4734 4742//4742 4716//4716
f 4699//4699 4713//4713 4561//4561
f 4566//4566 4720//4720 4719//4719
f 4720//4720 4566//4566 4718//4718
f 4718//4718 4723//4723 4720//4720
f 4720//4720 4721//4721 4719//4719
f 4721//4721 4720//4720 4722//4722
f 4723//4723 4722//4722 4720//4720
f 4719//4719 4724//4724 4707//4707
f 4724//4724 4719//4719 4721//4721
f 4722//4722 4725//4725 4721//4721
f 4725//4725 4722//4722 4726//4726
f 4722//4722 4723//4723 4726//4726
f 4723//4723 4727//4727 4726//4726
f 4721//4721 4725//4725 4724//4724
f 4725//4725 4726//4726 4728//4728
f 4727//4727 4728//4728 4726//4726
f 4727//4727 4749//4749 4750//4750
f 4724//4724 4729//4729 4708//4708
f 4724//4724 4725//4725 4729//4729
f 4728//4728 4729//4729 4725//4725
f 4728//4728 4727//4727 4750//4750
f 4730//4730 4729//4729 4728//4728
f 4728//4728 4909//4909 4730//4730
f 4909//4909 4728//4728 4750//4750
f 4926//4926 4909//4909 4750//4750
f 4764//4764 4732//4732 4922//4922
f 4735//4735 4732//4732 4731//4731
f 4732//4732 4735//4735 4736//4736
f 4738//4738 4742//4742 4733//4733
f 4594//4594 4733//4733 4731//4731
f 4733//4733 4742//4742 4735//4735
f 4731//4731 4733//4733 4735//4735
f 4742//4742 4734//4734 4735//4735
f 4734//4734 4736//4736 4735//4735
f 4713//4713 4737//4737 4585//4585
f 4740//4740 4738//4738 4737//4737
f 4740//4740 4739//4739 4741//4741
f 4739//4739 4740//4740 4737//4737
f 4713//4713 4739//4739 4737//4737
f 4742//4742 4738//4738 4740//4740
f 4740//4740 4741//4741 4742//4742
f 4745//4745 4718//4718 4743//4743
f 4746//4746 4745//4745 4743//4743
f 4746//4746 4743//4743 4744//4744
f 4745//4745 4723//4723 4718//4718
f 4745//4745 4747//4747 4723//4723
f 4747//4747 4745//4745 4746//4746
f 4748//4748 4747//4747 4746//4746
f 4748//4748 4746//4746 4744//4744
f 4748//4748 4744//4744 4751//4751
f 4751//4751 4752//4752 4748//4748
f 4747//4747 4749//4749 4727//4727
f 4747//4747 4727//4727 4723//4723
f 4747//4747 4748//4748 4749//4749
f 4749//4749 4748//4748 4753//4753
f 4752//4752 4753//4753 4748//4748
f 4749//4749 4753//4753 4756//4756
f 4750//4750 4749//4749 4756//4756
f 4750//4750 4756//4756 4926//4926
f 4754//4754 4753//4753 4752//4752
f 4756//4756 4754//4754 4758//4758
f 4753//4753 4754//4754 4756//4756
f 4758//4758 4759//4759 4927//4927
f 4758//4758 4926//4926 4756//4756
f 4758//4758 4754//4754 4755//4755
f 4758//4758 4755//4755 4759//4759
f 4755//4755 4757//4757 4759//4759
f 4926//4926 4927//4927 4911//4911
f 4926//4926 4758//4758 4927//4927
f 4927//4927 4759//4759 4928//4928
f 4928//4928 4759//4759 4760//4760
f 4757//4757 4760//4760 4759//4759
f 4781//4781 4761//4761 4629//4629
f 4761//4761 4780//4780 4778//4778
f 4629//4629 4761//4761 4778//4778
f 4780//4780 4761//4761 4762//4762
f 4761//4761 4765//4765 4762//4762
f 4762//4762 4765//4765 4766//4766
f 4762//4762 4763//4763 4780//4780
f 4763//4763 4757//4757 4780//4780
f 4766//4766 4764//4764 4762//4762
f 4766//4766 4732//4732 4764//4764
f 4930//4930 4763//4763 4764//4764
f 4763//4763 4930//4930 4760//4760
f 4762//4762 4764//4764 4763//4763
f 4763//4763 4760//4760 4757//4757
f 4765//4765 4761//4761 4781//4781
f 4731//4731 4765//4765 4781//4781
f 4594//4594 4731//4731 4781//4781
f 4731//4731 4732//4732 4765//4765
f 4732//4732 4766//4766 4765//4765
f 4752//4752 4751//4751 4767//4767
f 4772//4772 4752//4752 4767//4767
f 4772//4772 4767//4767 4768//4768
f 4768//4768 4773//4773 4772//4772
f 4773//4773 4768//4768 4769//4769
f 4773//4773 4769//4769 4774//4774
f 4769//4769 4770//4770 4774//4774
f 4771//4771 4775//4775 4770//4770
f 4775//4775 4774//4774 4770//4770
f 4772//4772 4773//4773 4776//4776
f 4752//4752 4772//4772 4776//4776
f 4777//4777 4776//4776 4773//4773
f 4774//4774 4777//4777 4773//4773
f 4775//4775 4777//4777 4774//4774
f 4754//4754 4752//4752 4776//4776
f 4776//4776 4777//4777 4755//4755
f 4755//4755 4754//4754 4776//4776
f 4757//4757 4755//4755 4777//4777
f 4775//4775 4779//4779 4780//4780
f 4780//4780 4779//4779 4778//4778
f 4779//4779 4775//4775 4771//4771
f 4775//4775 4780//4780 4777//4777
f 4780//4780 4757//4757 4777//4777
f 4782//4782 4785//4785 4661//4661
f 4785//4785 4782//4782 4783//4783
f 4783//4783 4786//4786 4785//4785
f 4662//4662 4785//4785 4784//4784
f 4784//4784 4785//4785 4786//4786
f 4787//4787 4784//4784 4786//4786
f 4791//4791 4784//4784 4787//4787
f 4804//4804 4791//4791 4787//4787
f 4787//4787 4786//4786 4801//4801
f 4787//4787 4801//4801 4804//4804
f 4790//4790 4789//4789 4788//4788
f 4788//4788 4789//4789 4793//4793
f 4789//4789 4796//4796 4793//4793
f 4790//4790 4788//4788 4784//4784
f 4789//4789 4790//4790 4792//4792
f 4784//4784 4791//4791 4790//4790
f 4790//4790 4791//4791 4792//4792
f 4803//4803 4789//4789 4792//4792
f 4796//4796 4789//4789 4803//4803
f 4803//4803 4809//4809 4796//4796
f 4792//4792 4791//4791 4804//4804
f 4805//4805 4803//4803 4792//4792
f 4792//4792 4804//4804 4805//4805
f 4794//4794 4664//4664 4793//4793
f 4795//4795 4664//4664 4794//4794
f 4793//4793 4796//4796 4794//4794
f 4797//4797 4795//4795 4794//4794
f 4797//4797 4794//4794 4796//4796
f 4795//4795 4797//4797 4808//4808
f 4809//4809 4797//4797 4796//4796
f 4676//4676 4677//4677 4815//4815
f 4782//4782 4676//4676 4798//4798
f 4782//4782 4798//4798 4799//4799
f 4676//4676 4815//4815 4798//4798
f 4799//4799 4798//4798 4821//4821
f 4783//4783 4782//4782 4799//4799
f 4783//4783 4799//4799 4800//4800
f 4783//4783 4800//4800 4786//4786
f 4786//4786 4800//4800 4801//4801
f 4800//4800 4799//4799 4822//4822
f 4801//4801 4802//4802 4804//4804
f 4804//4804 4802//4802 4806//4806
f 4802//4802 4933//4933 4806//4806
f 4803//4803 4805//4805 4810//4810
f 4803//4803 4810//4810 4809//4809
f 4807//4807 4810//4810 4805//4805
f 4804//4804 4806//4806 4805//4805
f 4805//4805 4806//4806 4807//4807
f 4810//4810 4807//4807 4812//4812
f 4812//4812 4807//4807 4829//4829
f 4832//4832 4812//4812 4829//4829
f 4811//4811 4797//4797 4809//4809
f 4797//4797 4811//4811 4808//4808
f 4808//4808 4811//4811 4831//4831
f 4811//4811 4809//4809 4810//4810
f 4810//4810 4812//4812 4811//4811
f 4811//4811 4812//4812 4831//4831
f 4812//4812 4832//4832 4831//4831
f 4858//4858 4808//4808 4831//4831
f 4814//4814 4681//4681 4679//4679
f 4813//4813 4677//4677 4681//4681
f 4677//4677 4813//4813 4815//4815
f 4816//4816 4815//4815 4813//4813
f 4814//4814 4813//4813 4681//4681
f 4814//4814 4817//4817 4813//4813
f 4839//4839 4817//4817 4814//4814
f 4798//4798 4815//4815 4821//4821
f 4816//4816 4821//4821 4815//4815
f 4821//4821 4816//4816 4819//4819
f 4818//4818 4816//4816 4817//4817
f 4816//4816 4813//4813 4817//4817
f 4816//4816 4818//4818 4819//4819
f 4817//4817 4839//4839 4843//4843
f 4819//4819 4818//4818 4820//4820
f 4818//4818 4817//4817 4843//4843
f 4820//4820 4818//4818 4843//4843
f 4799//4799 4821//4821 4822//4822
f 4822//4822 4821//4821 4823//4823
f 4822//4822 4823//4823 4825//4825
f 4821//4821 4819//4819 4823//4823
f 4823//4823 4819//4819 4824//4824
f 4823//4823 4824//4824 4825//4825
f 4819//4819 4820//4820 4824//4824
f 4822//4822 4825//4825 4826//4826
f 4825//4825 4824//4824 4850//4850
f 4849//4849 4824//4824 4820//4820
f 4824//4824 4849//4849 4850//4850
f 4825//4825 4850//4850 4848//4848
f 4826//4826 4825//4825 4848//4848
f 4800//4800 4802//4802 4801//4801
f 4802//4802 4800//4800 4931//4931
f 4800//4800 4822//4822 4826//4826
f 4800//4800 4826//4826 4931//4931
f 4806//4806 4933//4933 4827//4827
f 4857//4857 4829//4829 4830//4830
f 4829//4829 4857//4857 4832//4832
f 4806//4806 4827//4827 4807//4807
f 4827//4827 4828//4828 4807//4807
f 4807//4807 4828//4828 4829//4829
f 4935//4935 4828//4828 4827//4827
f 4828//4828 4830//4830 4829//4829
f 4828//4828 4935//4935 4830//4830
f 4935//4935 4856//4856 4830//4830
f 4831//4831 4832//4832 4858//4858
f 4833//4833 4679//4679 4678//4678
f 4834//4834 4833//4833 4678//4678
f 4691//4691 4834//4834 4678//4678
f 4860//4860 4834//4834 4691//4691
f 4814//4814 4679//4679 4835//4835
f 4833//4833 4835//4835 4679//4679
f 4837//4837 4835//4835 4833//4833
f 4837//4837 4833//4833 4834//4834
f 4835//4835 4837//4837 4840//4840
f 4860//4860 4836//4836 4834//4834
f 4814//4814 4835//4835 4839//4839
f 4835//4835 4840//4840 4839//4839
f 4836//4836 4837//4837 4834//4834
f 4838//4838 4836//4836 4863//4863
f 4840//4840 4837//4837 4841//4841
f 4836//4836 4838//4838 4837//4837
f 4837//4837 4838//4838 4841//4841
f 4839//4839 4840//4840 4843//4843
f 4843//4843 4840//4840 4844//4844
f 4841//4841 4844//4844 4840//4840
f 4842//4842 4844//4844 4841//4841
f 4838//4838 4842//4842 4841//4841
f 4842//4842 4838//4838 4867//4867
f 4843//4843 4845//4845 4820//4820
f 4843//4843 4844//4844 4845//4845
f 4844//4844 4846//4846 4845//4845
f 4844//4844 4842//4842 4846//4846
f 4820//4820 4845//4845 4849//4849
f 4845//4845 4847//4847 4849//4849
f 4845//4845 4846//4846 4847//4847
f 4871//4871 4846//4846 4842//4842
f 4867//4867 4871//4871 4842//4842
f 4846//4846 4871//4871 4874//4874
f 4846//4846 4852//4852 4847//4847
f 4874//4874 4852//4852 4846//4846
f 4850//4850 4849//4849 4851//4851
f 4850//4850 4851//4851 4853//4853
f 4849//4849 4847//4847 4851//4851
f 4847//4847 4852//4852 4851//4851
f 4851//4851 4852//4852 4853//4853
f 4852//4852 4874//4874 4853//4853
f 4853//4853 4874//4874 4875//4875
f 4853//4853 4875//4875 4854//4854
f 4854//4854 4875//4875 4855//4855
f 4856//4856 4855//4855 4876//4876
f 4857//4857 4879//4879 4859//4859
f 4859//4859 4879//4879 4889//4889
f 4830//4830 4879//4879 4857//4857
f 4856//4856 4883//4883 4830//4830
f 4830//4830 4883//4883 4879//4879
f 4885//4885 4684//4684 4858//4858
f 4858//4858 4859//4859 4885//4885
f 4859//4859 4858//4858 4832//4832
f 4859//4859 4832//4832 4857//4857
f 4859//4859 4889//4889 4885//4885
f 4691//4691 4861//4861 4860//4860
f 4860//4860 4861//4861 4863//4863
f 4864//4864 4861//4861 4862//4862
f 4860//4860 4863//4863 4836//4836
f 4861//4861 4864//4864 4863//4863
f 4864//4864 4862//4862 4865//4865
f 4893//4893 4865//4865 4862//4862
f 4865//4865 4893//4893 4868//4868
f 4863//4863 4864//4864 4866//4866
f 4864//4864 4865//4865 4866//4866
f 4866//4866 4865//4865 4868//4868
f 4892//4892 4868//4868 4893//4893
f 4838//4838 4863//4863 4867//4867
f 4863//4863 4866//4866 4867//4867
f 4867//4867 4866//4866 4868//4868
f 4868//4868 4870//4870 4867//4867
f 4868//4868 4869//4869 4870//4870
f 4868//4868 4892//4892 4869//4869
f 4870//4870 4869//4869 4872//4872
f 4872//4872 4869//4869 4895//4895
f 4869//4869 4892//4892 4895//4895
f 4874//4874 4871//4871 4872//4872
f 4870//4870 4871//4871 4867//4867
f 4871//4871 4870//4870 4872//4872
f 4895//4895 4896//4896 4873//4873
f 4872//4872 4895//4895 4873//4873
f 4855//4855 4873//4873 4876//4876
f 4875//4875 4872//4872 4873//4873
f 4875//4875 4873//4873 4855//4855
f 4875//4875 4874//4874 4872//4872
f 4883//4883 4856//4856 4877//4877
f 4856//4856 4902//4902 4877//4877
f 4877//4877 4902//4902 4903//4903
f 4856//4856 4876//4876 4902//4902
f 4879//4879 4880//4880 4889//4889
f 4879//4879 4883//4883 4880//4880
f 4883//4883 4881//4881 4880//4880
f 4878//4878 4880//4880 4881//4881
f 4881//4881 4903//4903 4882//4882
f 4878//4878 4881//4881 4882//4882
f 4882//4882 4903//4903 4905//4905
f 4905//4905 4904//4904 4882//4882
f 4878//4878 4882//4882 4904//4904
f 4881//4881 4883//4883 4877//4877
f 4881//4881 4877//4877 4903//4903
f 4891//4891 4684//4684 4885//4885
f 4884//4884 4891//4891 4885//4885
f 4887//4887 4711//4711 4884//4884
f 4885//4885 4886//4886 4884//4884
f 4887//4887 4884//4884 4886//4886
f 4711//4711 4887//4887 4908//4908
f 4887//4887 4886//4886 4888//4888
f 4908//4908 4887//4887 4888//4888
f 4890//4890 4888//4888 4889//4889
f 4886//4886 4889//4889 4888//4888
f 4889//4889 4886//4886 4885//4885
f 4888//4888 4890//4890 4908//4908
f 4890//4890 4904//4904 4908//4908
f 4890//4890 4889//4889 4880//4880
f 4880//4880 4878//4878 4890//4890
f 4904//4904 4890//4890 4878//4878
f 4862//4862 4709//4709 4893//4893
f 4893//4893 4709//4709 4892//4892
f 4708//4708 4892//4892 4709//4709
f 4729//4729 4730//4730 4892//4892
f 4892//4892 4730//4730 4910//4910
f 4910//4910 4894//4894 4892//4892
f 4895//4895 4892//4892 4894//4894
f 4895//4895 4894//4894 4897//4897
f 4894//4894 4915//4915 4919//4919
f 4919//4919 4920//4920 4899//4899
f 4896//4896 4898//4898 4900//4900
f 4896//4896 4900//4900 4873//4873
f 4896//4896 4895//4895 4897//4897
f 4896//4896 4897//4897 4898//4898
f 4900//4900 4898//4898 4899//4899
f 4900//4900 4899//4899 4902//4902
f 4894//4894 4919//4919 4897//4897
f 4897//4897 4919//4919 4898//4898
f 4898//4898 4919//4919 4899//4899
f 4873//4873 4900//4900 4876//4876
f 4902//4902 4899//4899 4901//4901
f 4876//4876 4900//4900 4902//4902
f 4903//4903 4902//4902 4901//4901
f 4903//4903 4924//4924 4905//4905
f 4903//4903 4901//4901 4924//4924
f 4924//4924 4922//4922 4925//4925
f 4907//4907 4925//4925 4736//4736
f 4904//4904 4925//4925 4907//4907
f 4904//4904 4905//4905 4925//4925
f 4924//4924 4925//4925 4905//4905
f 4736//4736 4712//4712 4907//4907
f 4908//4908 4907//4907 4906//4906
f 4906//4906 4711//4711 4908//4908
f 4712//4712 4906//4906 4907//4907
f 4904//4904 4907//4907 4908//4908
f 4730//4730 4909//4909 4910//4910
f 4894//4894 4910//4910 4915//4915
f 4909//4909 4926//4926 4914//4914
f 4914//4914 4926//4926 4911//4911
f 4910//4910 4909//4909 4914//4914
f 4914//4914 4911//4911 4916//4916
f 4916//4916 4911//4911 4917//4917
f 4911//4911 4912//4912 4917//4917
f 4912//4912 4913//4913 4917//4917
f 4923//4923 4913//4913 4929//4929
f 4910//4910 4914//4914 4915//4915
f 4915//4915 4914//4914 4916//4916
f 4918//4918 4917//4917 4913//4913
f 4915//4915 4916//4916 4919//4919
f 4919//4919 4916//4916 4920//4920
f 4920//4920 4918//4918 4899//4899
f 4920//4920 4916//4916 4917//4917
f 4920//4920 4917//4917 4918//4918
f 4929//4929 4930//4930 4923//4923
f 4930//4930 4921//4921 4923//4923
f 4764//4764 4922//4922 4921//4921
f 4924//4924 4921//4921 4922//4922
f 4913//4913 4923//4923 4918//4918
f 4921//4921 4918//4918 4923//4923
f 4921//4921 4924//4924 4918//4918
f 4918//4918 4924//4924 4901//4901
f 4918//4918 4901//4901 4899//4899
f 4732//4732 4736//4736 4925//4925
f 4925//4925 4922//4922 4732//4732
f 4911//4911 4927//4927 4912//4912
f 4912//4912 4927//4927 4928//4928
f 4928//4928 4929//4929 4913//4913
f 4929//4929 4928//4928 4760//4760
f 4913//4913 4912//4912 4928//4928
f 4930//4930 4764//4764 4921//4921
f 4930//4930 4929//4929 4760//4760
f 4826//4826 4848//4848 4936//4936
f 4826//4826 4932//4932 4931//4931
f 4826//4826 4936//4936 4932//4932
f 4802//4802 4931//4931 4933//4933
f 4931//4931 4932//4932 4933//4933
f 4933//4933 4935//4935 4827//4827
f 4932//4932 4934//4934 4933//4933
f 4933//4933 4934//4934 4935//4935
f 4935//4935 4934//4934 4856//4856
f 4848//4848 4850//4850 4936//4936
f 4936//4936 4850//4850 4937//4937
f 4936//4936 4937//4937 4938//4938
f 4850//4850 4853//4853 4937//4937
f 4938//4938 4937//4937 4855//4855
f 4937//4937 4853//4853 4854//4854
f 4937//4937 4854//4854 4855//4855
f 4932//4932 4936//4936 4938//4938
f 4932//4932 4938//4938 4934//4934
f 4938//4938 4855//4855 4856//4856
f 4938//4938 4856//4856 4934//4934
